call_id,arm_id,episode_id,period,model_id,prompt_hash,decoding_hash,attempt_index,outcome,input_tokens,output_tokens,latency_ms,usd_cost,cache_hit,physical
call-000001,arm8_spec_immediate,dev/f1/s1050000/no_alert,25,step-5-preview,sha256:dbe51550f1021a31b520809ea8bbdf1636d9bdb94219345d90bcca17d26190d8,det-v1,1,accepted,1702,10457,0.002,0.0123659500,true,false
call-000002,arm8_spec_immediate,dev/f1/s1050000/no_alert,31,step-5-preview,sha256:303dd6ed2f4effb0c389a6b49c5ec4a9c32a667f074eb5e818a349839f34a4b8,det-v1,1,accepted,1930,8949,0.005,0.0106773500,true,false
call-000003,arm9_spec_heuristic_rollback,dev/f1/s1050000/no_alert,25,step-5-preview,sha256:dbe51550f1021a31b520809ea8bbdf1636d9bdb94219345d90bcca17d26190d8,det-v1,1,accepted,1702,10457,0.001,0.0123659500,true,false
call-000004,arm9_spec_heuristic_rollback,dev/f1/s1050000/no_alert,31,step-5-preview,sha256:303dd6ed2f4effb0c389a6b49c5ec4a9c32a667f074eb5e818a349839f34a4b8,det-v1,1,accepted,1930,8949,0.001,0.0106773500,true,false
call-000005,arm10_spec_eprocess,dev/f1/s1050000/no_alert,25,step-5-preview,sha256:dbe51550f1021a31b520809ea8bbdf1636d9bdb94219345d90bcca17d26190d8,det-v1,1,accepted,1702,10457,0.001,0.0123659500,true,false
call-000006,arm10_spec_eprocess,dev/f1/s1050000/no_alert,31,step-5-preview,sha256:4b864fa0b50ecc44a32ea3d75bf9c62ad9a99240fd21e92efec036fddef44dce,det-v1,1,accepted,1930,12704,0.001,0.0149956000,true,false
call-000007,arm8_spec_immediate,cal/f1/s1060000/no_alert,21,step-5-preview,sha256:d887e49e30a8f1d4798751af39571bf4ab9e016e8fb73a3e9071e0a6ae8e3a21,det-v1,1,accepted,1550,5545,0.002,0.0066867500,true,false
call-000008,arm8_spec_immediate,cal/f1/s1060000/no_alert,49,step-5-preview,sha256:2a629b7b9fa13656b7e97af08c36bcda6f52a43664b851e6fc55f19d6ecec81b,det-v1,1,accepted,2614,9901,0.001,0.0119089500,true,false
call-000009,arm9_spec_heuristic_rollback,cal/f1/s1060000/no_alert,21,step-5-preview,sha256:d887e49e30a8f1d4798751af39571bf4ab9e016e8fb73a3e9071e0a6ae8e3a21,det-v1,1,accepted,1550,5545,0.001,0.0066867500,true,false
call-000010,arm9_spec_heuristic_rollback,cal/f1/s1060000/no_alert,49,step-5-preview,sha256:2a629b7b9fa13656b7e97af08c36bcda6f52a43664b851e6fc55f19d6ecec81b,det-v1,1,accepted,2614,9901,0.001,0.0119089500,true,false
call-000011,arm10_spec_eprocess,cal/f1/s1060000/no_alert,21,step-5-preview,sha256:d887e49e30a8f1d4798751af39571bf4ab9e016e8fb73a3e9071e0a6ae8e3a21,det-v1,1,accepted,1550,5545,0.001,0.0066867500,true,false
call-000012,arm10_spec_eprocess,cal/f1/s1060000/no_alert,49,step-5-preview,sha256:9877f130c7a5424b1e952807de60587a1684fec44de4d8e6fa223134466da93a,det-v1,1,accepted,2614,10704,0.001,0.0128324000,true,false
call-000013,arm8_spec_immediate,dev/f1/s1050001/no_alert,23,step-5-preview,sha256:8c90ffd21de899abae37b4846c392cf751705917abaf76acc641b933aa6ef2b6,det-v1,1,accepted,1626,11343,0.001,0.0133696500,true,false
call-000014,arm8_spec_immediate,dev/f1/s1050001/no_alert,32,step-5-preview,sha256:3c4ea20c7ffe642f6d6bc5cdb6e561f5d318b245ec060052686e3aefbd41b484,det-v1,1,accepted,1968,12116,0.001,0.0143270000,true,false
call-000015,arm9_spec_heuristic_rollback,dev/f1/s1050001/no_alert,23,step-5-preview,sha256:8c90ffd21de899abae37b4846c392cf751705917abaf76acc641b933aa6ef2b6,det-v1,1,accepted,1626,11343,0.002,0.0133696500,true,false
call-000016,arm9_spec_heuristic_rollback,dev/f1/s1050001/no_alert,32,step-5-preview,sha256:3c4ea20c7ffe642f6d6bc5cdb6e561f5d318b245ec060052686e3aefbd41b484,det-v1,1,accepted,1968,12116,0.001,0.0143270000,true,false
call-000017,arm10_spec_eprocess,dev/f1/s1050001/no_alert,23,step-5-preview,sha256:8c90ffd21de899abae37b4846c392cf751705917abaf76acc641b933aa6ef2b6,det-v1,1,accepted,1626,11343,0.001,0.0133696500,true,false
call-000018,arm10_spec_eprocess,dev/f1/s1050001/no_alert,32,step-5-preview,sha256:d3407d9b634938c331cfa6c9c56b34fb3de49e2561e8bd117b52e530f76b36f4,det-v1,1,accepted,1968,10262,0.001,0.0121949000,true,false
call-000019,arm8_spec_immediate,cal/f1/s1060001/no_alert,36,step-5-preview,sha256:c19774740a631aa6a289336b863c844dd83df120bb058785097a6c2d50d1e837,det-v1,1,accepted,2120,7707,0.001,0.0092870500,true,false
call-000020,arm8_spec_immediate,cal/f1/s1060001/no_alert,46,step-5-preview,sha256:243cb3eea7ecfe5ccb00d3e8901beb49c3537a9072f023d69dc4c3db1419d11f,det-v1,1,accepted,2500,9071,0.001,0.0109316500,true,false
call-000021,arm9_spec_heuristic_rollback,cal/f1/s1060001/no_alert,36,step-5-preview,sha256:c19774740a631aa6a289336b863c844dd83df120bb058785097a6c2d50d1e837,det-v1,1,accepted,2120,7707,0.001,0.0092870500,true,false
call-000022,arm9_spec_heuristic_rollback,cal/f1/s1060001/no_alert,46,step-5-preview,sha256:243cb3eea7ecfe5ccb00d3e8901beb49c3537a9072f023d69dc4c3db1419d11f,det-v1,1,accepted,2500,9071,0.001,0.0109316500,true,false
call-000023,arm10_spec_eprocess,cal/f1/s1060001/no_alert,36,step-5-preview,sha256:c19774740a631aa6a289336b863c844dd83df120bb058785097a6c2d50d1e837,det-v1,1,accepted,2120,7707,0.001,0.0092870500,true,false
call-000024,arm10_spec_eprocess,cal/f1/s1060001/no_alert,46,step-5-preview,sha256:d8d337023680fb7ec2daa9ddde226f4d4a364791579c0219856c8c51bb5f58bb,det-v1,1,accepted,2500,2216,0.001,0.0030484000,true,false
call-000025,arm8_spec_immediate,dev/f1/s1050000/early_accurate,16,step-5-preview,sha256:22e042ccf5647dd9709163ba2ce0b2f122652deeef31e8852a93798d38fe8b31,det-v1,1,accepted,1398,7235,0.002,0.0085998500,true,false
call-000026,arm8_spec_immediate,dev/f1/s1050000/early_accurate,25,step-5-preview,sha256:27bc530961b4a5c68487d2a4e0670a1fe6a12ccd1ce40aecb3ba6dd2285c01f5,det-v1,1,accepted,1740,8116,0.001,0.0096814000,true,false
call-000027,arm9_spec_heuristic_rollback,dev/f1/s1050000/early_accurate,16,step-5-preview,sha256:22e042ccf5647dd9709163ba2ce0b2f122652deeef31e8852a93798d38fe8b31,det-v1,1,accepted,1398,7235,0.001,0.0085998500,true,false
call-000028,arm9_spec_heuristic_rollback,dev/f1/s1050000/early_accurate,25,step-5-preview,sha256:27bc530961b4a5c68487d2a4e0670a1fe6a12ccd1ce40aecb3ba6dd2285c01f5,det-v1,1,accepted,1740,8116,0.002,0.0096814000,true,false
call-000029,arm10_spec_eprocess,dev/f1/s1050000/early_accurate,16,step-5-preview,sha256:22e042ccf5647dd9709163ba2ce0b2f122652deeef31e8852a93798d38fe8b31,det-v1,1,accepted,1398,7235,0.001,0.0085998500,true,false
call-000030,arm10_spec_eprocess,dev/f1/s1050000/early_accurate,25,step-5-preview,sha256:5c961efe7f3b7d3bbb43ef9a978bb6d68fbbc513df839d9f7545db79f6cbd807,det-v1,1,accepted,1740,11565,0.001,0.0136477500,true,false
call-000031,arm8_spec_immediate,cal/f1/s1060000/early_accurate,17,step-5-preview,sha256:b8c3dcfa2ff67d0691da7e95b31ea8d4882de82f6b9ba1ef1213ddd518c01d03,det-v1,1,accepted,1440,2067,0.002,0.0026650500,true,false
call-000032,arm8_spec_immediate,cal/f1/s1060000/early_accurate,23,step-5-preview,sha256:22a87a8ea767135cb0721999ac9d79b625c84733b3d533e03c437a422a7b64c2,det-v1,1,accepted,1668,9299,0.001,0.0110274500,true,false
call-000033,arm9_spec_heuristic_rollback,cal/f1/s1060000/early_accurate,17,step-5-preview,sha256:b8c3dcfa2ff67d0691da7e95b31ea8d4882de82f6b9ba1ef1213ddd518c01d03,det-v1,1,accepted,1440,2067,0.001,0.0026650500,true,false
call-000034,arm9_spec_heuristic_rollback,cal/f1/s1060000/early_accurate,23,step-5-preview,sha256:22a87a8ea767135cb0721999ac9d79b625c84733b3d533e03c437a422a7b64c2,det-v1,1,accepted,1668,9299,0.001,0.0110274500,true,false
call-000035,arm10_spec_eprocess,cal/f1/s1060000/early_accurate,17,step-5-preview,sha256:b8c3dcfa2ff67d0691da7e95b31ea8d4882de82f6b9ba1ef1213ddd518c01d03,det-v1,1,accepted,1440,2067,0.001,0.0026650500,true,false
call-000036,arm10_spec_eprocess,cal/f1/s1060000/early_accurate,23,step-5-preview,sha256:3490918f07c18f42a969e717f4d8d4faba18ff5d795fb8cc3ad58a46abcd562b,det-v1,1,accepted,1668,7130,0.001,0.0085331000,true,false
call-000037,arm8_spec_immediate,dev/f1/s1050001/early_accurate,15,step-5-preview,sha256:071c255181ba93bfacd6f0f727bbc162f0c8f6434fbd04f02dbeba33032bbf59,det-v1,1,accepted,1360,4401,0.002,0.0053331500,true,false
call-000038,arm8_spec_immediate,dev/f1/s1050001/early_accurate,23,step-5-preview,sha256:83f2fc836660414ac284a2ca3118f7e294da26fc460678697c181a2ff6ad7eef,det-v1,1,accepted,1664,10899,0.001,0.0128666500,true,false
call-000039,arm9_spec_heuristic_rollback,dev/f1/s1050001/early_accurate,15,step-5-preview,sha256:071c255181ba93bfacd6f0f727bbc162f0c8f6434fbd04f02dbeba33032bbf59,det-v1,1,accepted,1360,4401,0.001,0.0053331500,true,false
call-000040,arm9_spec_heuristic_rollback,dev/f1/s1050001/early_accurate,23,step-5-preview,sha256:83f2fc836660414ac284a2ca3118f7e294da26fc460678697c181a2ff6ad7eef,det-v1,1,accepted,1664,10899,0.001,0.0128666500,true,false
call-000041,arm10_spec_eprocess,dev/f1/s1050001/early_accurate,15,step-5-preview,sha256:071c255181ba93bfacd6f0f727bbc162f0c8f6434fbd04f02dbeba33032bbf59,det-v1,1,accepted,1360,4401,0.001,0.0053331500,true,false
call-000042,arm10_spec_eprocess,dev/f1/s1050001/early_accurate,23,step-5-preview,sha256:96e9c8286738179358fdeb2aed8557d571a0d31af684cdd079efe4e569659dcc,det-v1,1,accepted,1664,12343,0.001,0.0145272500,true,false
call-000043,arm8_spec_immediate,cal/f1/s1060001/early_accurate,21,step-5-preview,sha256:cb44b92ffa30eccc2ebc4271634161e50f66652b16df467b5b7aef050a1543f1,det-v1,1,accepted,1591,3764,0.002,0.0046468000,true,false
call-000044,arm8_spec_immediate,cal/f1/s1060001/early_accurate,36,step-5-preview,sha256:7634209ac230cebacc03b58790c40a8f9e57c1bec541977806d904c6e8332ec8,det-v1,1,accepted,2161,12025,0.001,0.0142609500,true,false
call-000045,arm9_spec_heuristic_rollback,cal/f1/s1060001/early_accurate,21,step-5-preview,sha256:cb44b92ffa30eccc2ebc4271634161e50f66652b16df467b5b7aef050a1543f1,det-v1,1,accepted,1591,3764,0.001,0.0046468000,true,false
call-000046,arm9_spec_heuristic_rollback,cal/f1/s1060001/early_accurate,36,step-5-preview,sha256:7634209ac230cebacc03b58790c40a8f9e57c1bec541977806d904c6e8332ec8,det-v1,1,accepted,2161,12025,0.001,0.0142609500,true,false
call-000047,arm10_spec_eprocess,cal/f1/s1060001/early_accurate,21,step-5-preview,sha256:cb44b92ffa30eccc2ebc4271634161e50f66652b16df467b5b7aef050a1543f1,det-v1,1,accepted,1591,3764,0.001,0.0046468000,true,false
call-000048,arm10_spec_eprocess,cal/f1/s1060001/early_accurate,36,step-5-preview,sha256:13fe4d505f3fffe69f91877055a84e23b556a831e0206068dc3a79aedc35480d,det-v1,1,accepted,2161,11308,0.001,0.0134364000,true,false
call-000049,arm8_spec_immediate,dev/f1/s1050000/late_accurate,19,step-5-preview,sha256:6b3f6d8db22de5cfa1a2c676d32fc2ede0b2a2e6b6b15c94f4b69659f9855120,det-v1,1,accepted,1512,4844,0.001,0.0058730000,true,false
call-000050,arm8_spec_immediate,dev/f1/s1050000/late_accurate,25,step-5-preview,sha256:8bb0a92882f137e5f7deeb50bbb75b4ba65b195eae165d54e1087c8d86da705e,det-v1,1,accepted,1740,7190,0.001,0.0086165000,true,false
call-000051,arm9_spec_heuristic_rollback,dev/f1/s1050000/late_accurate,19,step-5-preview,sha256:6b3f6d8db22de5cfa1a2c676d32fc2ede0b2a2e6b6b15c94f4b69659f9855120,det-v1,1,accepted,1512,4844,0.001,0.0058730000,true,false
call-000052,arm9_spec_heuristic_rollback,dev/f1/s1050000/late_accurate,25,step-5-preview,sha256:8bb0a92882f137e5f7deeb50bbb75b4ba65b195eae165d54e1087c8d86da705e,det-v1,1,accepted,1740,7190,0.001,0.0086165000,true,false
call-000053,arm10_spec_eprocess,dev/f1/s1050000/late_accurate,19,step-5-preview,sha256:6b3f6d8db22de5cfa1a2c676d32fc2ede0b2a2e6b6b15c94f4b69659f9855120,det-v1,1,accepted,1512,4844,0.002,0.0058730000,true,false
call-000054,arm10_spec_eprocess,dev/f1/s1050000/late_accurate,25,step-5-preview,sha256:71349503d98ee05d734b8d74a8bc54b9c8a6e9acda749c8407ae95a4c6e6f416,det-v1,1,accepted,1740,9468,0.001,0.0112362000,true,false
call-000055,arm8_spec_immediate,cal/f1/s1060000/late_accurate,20,step-5-preview,sha256:4154dba0c5fdb2f3a974ef8f00c98a496f49fbc27c9ab9238a85ac5b55a9e2bc,det-v1,1,accepted,1554,3416,0.001,0.0042392000,true,false
call-000056,arm8_spec_immediate,cal/f1/s1060000/late_accurate,49,step-5-preview,sha256:b08d8a9b9e1fc2a6691a878cd21b3fdcc18b8e46b3a0ef08d778c8f37ea19d45,det-v1,1,accepted,2656,6130,0.001,0.0075807000,true,false
call-000057,arm9_spec_heuristic_rollback,cal/f1/s1060000/late_accurate,20,step-5-preview,sha256:4154dba0c5fdb2f3a974ef8f00c98a496f49fbc27c9ab9238a85ac5b55a9e2bc,det-v1,1,accepted,1554,3416,0.001,0.0042392000,true,false
call-000058,arm9_spec_heuristic_rollback,cal/f1/s1060000/late_accurate,49,step-5-preview,sha256:b08d8a9b9e1fc2a6691a878cd21b3fdcc18b8e46b3a0ef08d778c8f37ea19d45,det-v1,1,accepted,2656,6130,0.002,0.0075807000,true,false
call-000059,arm10_spec_eprocess,cal/f1/s1060000/late_accurate,20,step-5-preview,sha256:4154dba0c5fdb2f3a974ef8f00c98a496f49fbc27c9ab9238a85ac5b55a9e2bc,det-v1,1,accepted,1554,3416,0.001,0.0042392000,true,false
call-000060,arm10_spec_eprocess,cal/f1/s1060000/late_accurate,49,step-5-preview,sha256:4b3bbd0691aba1b454f23ccd98985ee92241f03e2dd5104bf663cf4e9fdaf638,det-v1,1,accepted,2656,9358,0.001,0.0112929000,true,false
call-000061,arm8_spec_immediate,dev/f1/s1050001/late_accurate,18,step-5-preview,sha256:a87e08f30b3bde8319a0a1915a411fd289663f443a934fcf7f295f4fbfbf99d3,det-v1,1,accepted,1474,6894,0.001,0.0082229000,true,false
call-000062,arm8_spec_immediate,dev/f1/s1050001/late_accurate,25,step-5-preview,sha256:7b82f4fcd0f512889f603687ba7695c4943ade287221a6e6740cac90dbd24125,det-v1,1,accepted,1740,5749,0.001,0.0069593500,true,false
call-000063,arm9_spec_heuristic_rollback,dev/f1/s1050001/late_accurate,18,step-5-preview,sha256:a87e08f30b3bde8319a0a1915a411fd289663f443a934fcf7f295f4fbfbf99d3,det-v1,1,accepted,1474,6894,0.001,0.0082229000,true,false
call-000064,arm9_spec_heuristic_rollback,dev/f1/s1050001/late_accurate,25,step-5-preview,sha256:7b82f4fcd0f512889f603687ba7695c4943ade287221a6e6740cac90dbd24125,det-v1,1,accepted,1740,5749,0.001,0.0069593500,true,false
call-000065,arm10_spec_eprocess,dev/f1/s1050001/late_accurate,18,step-5-preview,sha256:a87e08f30b3bde8319a0a1915a411fd289663f443a934fcf7f295f4fbfbf99d3,det-v1,1,accepted,1474,6894,0.001,0.0082229000,true,false
call-000066,arm10_spec_eprocess,dev/f1/s1050001/late_accurate,25,step-5-preview,sha256:8fb318880723651623d85603c45260b552ae0db2db48a238c2eb4586b23ba9d4,det-v1,1,accepted,1740,11665,0.001,0.0137627500,true,false
call-000067,arm8_spec_immediate,cal/f1/s1060001/late_accurate,24,step-5-preview,sha256:2871bebfda017fa4a0c2fcd9429fc69dc625f28dcd63b61df5bff77997c057c7,det-v1,1,accepted,1705,3100,0.001,0.0039060000,true,false
call-000068,arm8_spec_immediate,cal/f1/s1060001/late_accurate,36,step-5-preview,sha256:38de58aa34aaa559bd71b8ba2160a0168a10bd82513f14c6bf7c0c7b2d33cf01,det-v1,1,accepted,2161,5207,0.001,0.0064202500,true,false
call-000069,arm9_spec_heuristic_rollback,cal/f1/s1060001/late_accurate,24,step-5-preview,sha256:2871bebfda017fa4a0c2fcd9429fc69dc625f28dcd63b61df5bff77997c057c7,det-v1,1,accepted,1705,3100,0.001,0.0039060000,true,false
call-000070,arm9_spec_heuristic_rollback,cal/f1/s1060001/late_accurate,36,step-5-preview,sha256:38de58aa34aaa559bd71b8ba2160a0168a10bd82513f14c6bf7c0c7b2d33cf01,det-v1,1,accepted,2161,5207,0.001,0.0064202500,true,false
call-000071,arm10_spec_eprocess,cal/f1/s1060001/late_accurate,24,step-5-preview,sha256:2871bebfda017fa4a0c2fcd9429fc69dc625f28dcd63b61df5bff77997c057c7,det-v1,1,accepted,1705,3100,0.001,0.0039060000,true,false
call-000072,arm10_spec_eprocess,cal/f1/s1060001/late_accurate,36,step-5-preview,sha256:5eb55060035888fc0cee749ba0ab70c2d1045c1f8c8a9f9fade26ce2130df9c8,det-v1,1,accepted,2161,10660,0.001,0.0126912000,true,false
call-000073,arm8_spec_immediate,dev/f1/s1050000/unreliable,16,step-5-preview,sha256:2b8695b9b357d918253192fa19bad5da4e7e5b46ac67309f6ca786ddf583ed4d,det-v1,1,accepted,1400,1104,0.001,0.0015496000,true,false
call-000074,arm8_spec_immediate,dev/f1/s1050000/unreliable,25,step-5-preview,sha256:949ea7f3481d9f5eeeed52e14e981a508a05b6d17b92f921eafb39ca868e7ab8,det-v1,1,accepted,1742,10722,0.001,0.0126787000,true,false
call-000075,arm9_spec_heuristic_rollback,dev/f1/s1050000/unreliable,16,step-5-preview,sha256:2b8695b9b357d918253192fa19bad5da4e7e5b46ac67309f6ca786ddf583ed4d,det-v1,1,accepted,1400,1104,0.001,0.0015496000,true,false
call-000076,arm9_spec_heuristic_rollback,dev/f1/s1050000/unreliable,25,step-5-preview,sha256:949ea7f3481d9f5eeeed52e14e981a508a05b6d17b92f921eafb39ca868e7ab8,det-v1,1,accepted,1742,10722,0.001,0.0126787000,true,false
call-000077,arm10_spec_eprocess,dev/f1/s1050000/unreliable,16,step-5-preview,sha256:2b8695b9b357d918253192fa19bad5da4e7e5b46ac67309f6ca786ddf583ed4d,det-v1,1,accepted,1400,1104,0.001,0.0015496000,true,false
call-000078,arm10_spec_eprocess,dev/f1/s1050000/unreliable,25,step-5-preview,sha256:1705df710808f76668093b1c169baa3cbe923ceae419976570615ed3beacf823,det-v1,1,accepted,1742,7655,0.001,0.0091516500,true,false
call-000079,arm8_spec_immediate,dev/f1/s1050000/unreliable__twin,10,step-5-preview,sha256:72d799fe03d555405624718453adbdf3095d3ac572fc54cf91cd14978879e137,det-v1,1,accepted,1168,5684,0.001,0.0067702000,true,false
call-000080,arm9_spec_heuristic_rollback,dev/f1/s1050000/unreliable__twin,10,step-5-preview,sha256:72d799fe03d555405624718453adbdf3095d3ac572fc54cf91cd14978879e137,det-v1,1,accepted,1168,5684,0.001,0.0067702000,true,false
call-000081,arm10_spec_eprocess,dev/f1/s1050000/unreliable__twin,10,step-5-preview,sha256:72d799fe03d555405624718453adbdf3095d3ac572fc54cf91cd14978879e137,det-v1,1,accepted,1168,5684,0.001,0.0067702000,true,false
call-000082,arm8_spec_immediate,cal/f1/s1060000/unreliable,17,step-5-preview,sha256:b2c96d00481031d8748c7b053d035d1362b49d4719bcda87dabf3255a3317567,det-v1,1,accepted,1443,1130,0.001,0.0015881000,true,false
call-000083,arm8_spec_immediate,cal/f1/s1060000/unreliable,23,step-5-preview,sha256:abdd7abcb5c8c3b1aaf3d370c27f9dcb3b4feedb4f28f49e983cd350913d64e4,det-v1,1,accepted,1671,10922,0.001,0.0128945000,true,false
call-000084,arm9_spec_heuristic_rollback,cal/f1/s1060000/unreliable,17,step-5-preview,sha256:b2c96d00481031d8748c7b053d035d1362b49d4719bcda87dabf3255a3317567,det-v1,1,accepted,1443,1130,0.001,0.0015881000,true,false
call-000085,arm9_spec_heuristic_rollback,cal/f1/s1060000/unreliable,23,step-5-preview,sha256:abdd7abcb5c8c3b1aaf3d370c27f9dcb3b4feedb4f28f49e983cd350913d64e4,det-v1,1,accepted,1671,10922,0.001,0.0128945000,true,false
call-000086,arm10_spec_eprocess,cal/f1/s1060000/unreliable,17,step-5-preview,sha256:b2c96d00481031d8748c7b053d035d1362b49d4719bcda87dabf3255a3317567,det-v1,1,accepted,1443,1130,0.001,0.0015881000,true,false
call-000087,arm10_spec_eprocess,cal/f1/s1060000/unreliable,23,step-5-preview,sha256:abdd7abcb5c8c3b1aaf3d370c27f9dcb3b4feedb4f28f49e983cd350913d64e4,det-v1,1,accepted,1671,10922,0.001,0.0128945000,true,false
call-000088,arm8_spec_immediate,cal/f1/s1060000/unreliable__twin,10,step-5-preview,sha256:3e4af93f26a88e2491e003beaa29ceb86a4c8a30df11ec7b8e534a1fe328cfd7,det-v1,1,accepted,1172,11247,0.001,0.0131684500,true,false
call-000089,arm9_spec_heuristic_rollback,cal/f1/s1060000/unreliable__twin,10,step-5-preview,sha256:3e4af93f26a88e2491e003beaa29ceb86a4c8a30df11ec7b8e534a1fe328cfd7,det-v1,1,accepted,1172,11247,0.001,0.0131684500,true,false
call-000090,arm10_spec_eprocess,cal/f1/s1060000/unreliable__twin,10,step-5-preview,sha256:3e4af93f26a88e2491e003beaa29ceb86a4c8a30df11ec7b8e534a1fe328cfd7,det-v1,1,accepted,1172,11247,0.001,0.0131684500,true,false
call-000091,arm8_spec_immediate,dev/f1/s1050001/unreliable,15,step-5-preview,sha256:9daeb9ec2fb69b3e9d668539f85d1bd329f094ffa56f4c7a0234a99fc2396ab6,det-v1,1,accepted,1348,516,0.001,0.0008630000,true,false
call-000092,arm8_spec_immediate,dev/f1/s1050001/unreliable,23,step-5-preview,sha256:8ef87acbd54e4c60f891259b54eacd13b2b597a49c8560f54cbde6ef594de41d,det-v1,1,accepted,1652,8764,0.001,0.0104090000,true,false
call-000093,arm9_spec_heuristic_rollback,dev/f1/s1050001/unreliable,15,step-5-preview,sha256:9daeb9ec2fb69b3e9d668539f85d1bd329f094ffa56f4c7a0234a99fc2396ab6,det-v1,1,accepted,1348,516,0.001,0.0008630000,true,false
call-000094,arm9_spec_heuristic_rollback,dev/f1/s1050001/unreliable,23,step-5-preview,sha256:8ef87acbd54e4c60f891259b54eacd13b2b597a49c8560f54cbde6ef594de41d,det-v1,1,accepted,1652,8764,0.001,0.0104090000,true,false
call-000095,arm10_spec_eprocess,dev/f1/s1050001/unreliable,15,step-5-preview,sha256:9daeb9ec2fb69b3e9d668539f85d1bd329f094ffa56f4c7a0234a99fc2396ab6,det-v1,1,accepted,1348,516,0.001,0.0008630000,true,false
call-000096,arm10_spec_eprocess,dev/f1/s1050001/unreliable,23,step-5-preview,sha256:8ef87acbd54e4c60f891259b54eacd13b2b597a49c8560f54cbde6ef594de41d,det-v1,1,accepted,1652,8764,0.001,0.0104090000,true,false
call-000097,arm8_spec_immediate,dev/f1/s1050001/unreliable__twin,10,step-5-preview,sha256:766724ca558a6ef103a549e4d73e3a03b645a643923ed6ca1bdc1c2d183d2a1e,det-v1,1,accepted,1172,5442,0.001,0.0064927000,true,false
call-000098,arm9_spec_heuristic_rollback,dev/f1/s1050001/unreliable__twin,10,step-5-preview,sha256:766724ca558a6ef103a549e4d73e3a03b645a643923ed6ca1bdc1c2d183d2a1e,det-v1,1,accepted,1172,5442,0.001,0.0064927000,true,false
call-000099,arm10_spec_eprocess,dev/f1/s1050001/unreliable__twin,10,step-5-preview,sha256:766724ca558a6ef103a549e4d73e3a03b645a643923ed6ca1bdc1c2d183d2a1e,det-v1,1,accepted,1172,5442,0.001,0.0064927000,true,false
call-000100,arm8_spec_immediate,cal/f1/s1060001/unreliable,21,step-5-preview,sha256:8e205281eab3b12683e0ea872d017e5bc595bf94ba066278af6e22390588107e,det-v1,1,accepted,1589,4439,0.001,0.0054226500,true,false
call-000101,arm8_spec_immediate,cal/f1/s1060001/unreliable,36,step-5-preview,sha256:3a40b17a12a7e9c6732824d92badc11bcae46ce9d9f9f1494b480aa91d1f1533,det-v1,1,accepted,2159,10098,0.001,0.0120445000,true,false
call-000102,arm9_spec_heuristic_rollback,cal/f1/s1060001/unreliable,21,step-5-preview,sha256:8e205281eab3b12683e0ea872d017e5bc595bf94ba066278af6e22390588107e,det-v1,1,accepted,1589,4439,0.001,0.0054226500,true,false
call-000103,arm9_spec_heuristic_rollback,cal/f1/s1060001/unreliable,36,step-5-preview,sha256:3a40b17a12a7e9c6732824d92badc11bcae46ce9d9f9f1494b480aa91d1f1533,det-v1,1,accepted,2159,10098,0.001,0.0120445000,true,false
call-000104,arm10_spec_eprocess,cal/f1/s1060001/unreliable,21,step-5-preview,sha256:8e205281eab3b12683e0ea872d017e5bc595bf94ba066278af6e22390588107e,det-v1,1,accepted,1589,4439,0.001,0.0054226500,true,false
call-000105,arm10_spec_eprocess,cal/f1/s1060001/unreliable,36,step-5-preview,sha256:e95d2fab973fcc04285de4e48efb1067d02053d2eb86071f4d731337e86aec34,det-v1,1,accepted,2159,11654,0.001,0.0138339000,true,false
call-000106,arm8_spec_immediate,cal/f1/s1060001/unreliable__twin,10,step-5-preview,sha256:784119ce8c0f47dc923612fed33eb5de750d98eb61009332cad571ab0ba3d3e2,det-v1,1,accepted,1174,4874,0.001,0.0058399000,true,false
call-000107,arm9_spec_heuristic_rollback,cal/f1/s1060001/unreliable__twin,10,step-5-preview,sha256:784119ce8c0f47dc923612fed33eb5de750d98eb61009332cad571ab0ba3d3e2,det-v1,1,accepted,1174,4874,0.001,0.0058399000,true,false
call-000108,arm10_spec_eprocess,cal/f1/s1060001/unreliable__twin,10,step-5-preview,sha256:784119ce8c0f47dc923612fed33eb5de750d98eb61009332cad571ab0ba3d3e2,det-v1,1,accepted,1174,4874,0.001,0.0058399000,true,false
call-000109,arm8_spec_immediate,dev/f2/s2050000/no_alert,28,step-5-preview,sha256:645584f61a4c4219c58810ee34268d1e75bfcbc6da0219aa28395c07b0ff21fe,det-v1,1,accepted,1816,10194,0.002,0.0120863000,true,false
call-000110,arm8_spec_immediate,dev/f2/s2050000/no_alert,37,step-5-preview,sha256:5bf256195b954e29ea74254cfc33b6d3e1491f9e36ccae3009450406931a2af8,det-v1,1,accepted,2158,2551,0.001,0.0033652500,true,false
call-000111,arm9_spec_heuristic_rollback,dev/f2/s2050000/no_alert,28,step-5-preview,sha256:645584f61a4c4219c58810ee34268d1e75bfcbc6da0219aa28395c07b0ff21fe,det-v1,1,accepted,1816,10194,0.001,0.0120863000,true,false
call-000112,arm9_spec_heuristic_rollback,dev/f2/s2050000/no_alert,37,step-5-preview,sha256:5bf256195b954e29ea74254cfc33b6d3e1491f9e36ccae3009450406931a2af8,det-v1,1,accepted,2158,2551,0.001,0.0033652500,true,false
call-000113,arm10_spec_eprocess,dev/f2/s2050000/no_alert,28,step-5-preview,sha256:645584f61a4c4219c58810ee34268d1e75bfcbc6da0219aa28395c07b0ff21fe,det-v1,1,accepted,1816,10194,0.001,0.0120863000,true,false
call-000114,arm10_spec_eprocess,dev/f2/s2050000/no_alert,37,step-5-preview,sha256:101f708fee167145390b05d2353fd0d2aacc6a1fe86c00f980b7801c09fa29f1,det-v1,1,accepted,2158,9799,0.002,0.0117004500,true,false
call-000115,arm8_spec_immediate,dev/f2/s2050000/no_alert__twin,10,step-5-preview,sha256:de87cb8f319dbf0fac7f10a88f08efc61441f066fc496060dd16bbb2bddee80d,det-v1,1,accepted,1169,5750,0.002,0.0068463000,true,false
call-000116,arm8_spec_immediate,dev/f2/s2050000/no_alert__twin,43,step-5-preview,sha256:9e870dce1a9686241d4d24792bec7265ec32dd20e15496cecd6755187cfb8417,det-v1,1,accepted,2423,11230,0.001,0.0133991000,true,false
call-000117,arm9_spec_heuristic_rollback,dev/f2/s2050000/no_alert__twin,10,step-5-preview,sha256:de87cb8f319dbf0fac7f10a88f08efc61441f066fc496060dd16bbb2bddee80d,det-v1,1,accepted,1169,5750,0.001,0.0068463000,true,false
call-000118,arm9_spec_heuristic_rollback,dev/f2/s2050000/no_alert__twin,43,step-5-preview,sha256:d9a8ee27dbd6eaea9983d32724fc15785c8ae6d65e003ed09ec693c751ed9134,det-v1,1,accepted,2423,10899,0.001,0.0130184500,true,false
call-000119,arm10_spec_eprocess,dev/f2/s2050000/no_alert__twin,10,step-5-preview,sha256:de87cb8f319dbf0fac7f10a88f08efc61441f066fc496060dd16bbb2bddee80d,det-v1,1,accepted,1169,5750,0.001,0.0068463000,true,false
call-000120,arm10_spec_eprocess,dev/f2/s2050000/no_alert__twin,43,step-5-preview,sha256:a3840b8920b1a7ea29ef18e3c5ffd0aa691fd64cb83d36e1fe74ccdd24857754,det-v1,1,accepted,2423,10367,0.002,0.0124066500,true,false
call-000121,arm8_spec_immediate,cal/f2/s2060000/no_alert,22,step-5-preview,sha256:3f9e57eb0fd79f3c84b368b20a88428fae0a6849404ee6a1f4734cb34bdae0a0,det-v1,1,accepted,1588,2648,0.002,0.0033628000,true,false
call-000122,arm8_spec_immediate,cal/f2/s2060000/no_alert,37,step-5-preview,sha256:658741dab7f8eaf41e4ca868b7685e9beca3e834fb799672850ac19f8508976c,det-v1,1,accepted,2158,5916,0.001,0.0072350000,true,false
call-000123,arm9_spec_heuristic_rollback,cal/f2/s2060000/no_alert,22,step-5-preview,sha256:3f9e57eb0fd79f3c84b368b20a88428fae0a6849404ee6a1f4734cb34bdae0a0,det-v1,1,accepted,1588,2648,0.001,0.0033628000,true,false
call-000124,arm9_spec_heuristic_rollback,cal/f2/s2060000/no_alert,37,step-5-preview,sha256:658741dab7f8eaf41e4ca868b7685e9beca3e834fb799672850ac19f8508976c,det-v1,1,accepted,2158,5916,0.001,0.0072350000,true,false
call-000125,arm10_spec_eprocess,cal/f2/s2060000/no_alert,22,step-5-preview,sha256:3f9e57eb0fd79f3c84b368b20a88428fae0a6849404ee6a1f4734cb34bdae0a0,det-v1,1,accepted,1588,2648,0.001,0.0033628000,true,false
call-000126,arm10_spec_eprocess,cal/f2/s2060000/no_alert,37,step-5-preview,sha256:658741dab7f8eaf41e4ca868b7685e9beca3e834fb799672850ac19f8508976c,det-v1,1,accepted,2158,5916,0.001,0.0072350000,true,false
call-000127,arm8_spec_immediate,cal/f2/s2060000/no_alert__twin,10,step-5-preview,sha256:743b15ffc595178bfde531198f036b8ad8d92e00b86f7de887d5268bd67209f1,det-v1,1,accepted,1174,3925,0.001,0.0047485500,true,false
call-000128,arm9_spec_heuristic_rollback,cal/f2/s2060000/no_alert__twin,10,step-5-preview,sha256:743b15ffc595178bfde531198f036b8ad8d92e00b86f7de887d5268bd67209f1,det-v1,1,accepted,1174,3925,0.001,0.0047485500,true,false
call-000129,arm10_spec_eprocess,cal/f2/s2060000/no_alert__twin,10,step-5-preview,sha256:743b15ffc595178bfde531198f036b8ad8d92e00b86f7de887d5268bd67209f1,det-v1,1,accepted,1174,3925,0.001,0.0047485500,true,false
call-000130,arm8_spec_immediate,dev/f2/s2050001/no_alert,27,step-5-preview,sha256:b53eefdf8c01a3a480434b88e812922bce3d29b2d856041c08b5af236551661b,det-v1,1,accepted,1778,10121,0.001,0.0119947500,true,false
call-000131,arm8_spec_immediate,dev/f2/s2050001/no_alert,44,step-5-preview,sha256:2d272c800db6b30e3d0931fe5f67b64efa3b096fb6ace21085696ce54d6f0857,det-v1,1,accepted,2424,9326,0.001,0.0112097000,true,false
call-000132,arm9_spec_heuristic_rollback,dev/f2/s2050001/no_alert,27,step-5-preview,sha256:b53eefdf8c01a3a480434b88e812922bce3d29b2d856041c08b5af236551661b,det-v1,1,accepted,1778,10121,0.001,0.0119947500,true,false
call-000133,arm9_spec_heuristic_rollback,dev/f2/s2050001/no_alert,44,step-5-preview,sha256:2d272c800db6b30e3d0931fe5f67b64efa3b096fb6ace21085696ce54d6f0857,det-v1,1,accepted,2424,9326,0.001,0.0112097000,true,false
call-000134,arm10_spec_eprocess,dev/f2/s2050001/no_alert,27,step-5-preview,sha256:b53eefdf8c01a3a480434b88e812922bce3d29b2d856041c08b5af236551661b,det-v1,1,accepted,1778,10121,0.001,0.0119947500,true,false
call-000135,arm10_spec_eprocess,dev/f2/s2050001/no_alert,44,step-5-preview,sha256:f1f42fe026b736c3f3ae19def1dd0608268ca6ff3146c19ad7f7f7458511e6b5,det-v1,1,accepted,2424,1673,0.001,0.0024087500,true,false
call-000136,arm8_spec_immediate,dev/f2/s2050001/no_alert__twin,10,step-5-preview,sha256:707be0dd733d8f9ece622d8aafab365a0336e45147f5e6350a87671708326325,det-v1,1,accepted,1176,7940,0.002,0.0093662000,true,false
call-000137,arm9_spec_heuristic_rollback,dev/f2/s2050001/no_alert__twin,10,step-5-preview,sha256:707be0dd733d8f9ece622d8aafab365a0336e45147f5e6350a87671708326325,det-v1,1,accepted,1176,7940,0.001,0.0093662000,true,false
call-000138,arm10_spec_eprocess,dev/f2/s2050001/no_alert__twin,10,step-5-preview,sha256:707be0dd733d8f9ece622d8aafab365a0336e45147f5e6350a87671708326325,det-v1,1,accepted,1176,7940,0.001,0.0093662000,true,false
call-000139,arm8_spec_immediate,cal/f2/s2060001/no_alert,37,step-5-preview,sha256:1d52f25a71b278f9720c2639ad540a6c6752d6f8ee47c7e0721a0df0c511e6f7,det-v1,1,accepted,2158,7321,0.001,0.0088507500,true,false
call-000140,arm8_spec_immediate,cal/f2/s2060001/no_alert,46,step-5-preview,sha256:a8edf4e47fc672d2897a699028f7022da6ecb182ac7101a00a976c688d890802,det-v1,1,accepted,2500,10296,0.001,0.0123404000,true,false
call-000141,arm9_spec_heuristic_rollback,cal/f2/s2060001/no_alert,37,step-5-preview,sha256:1d52f25a71b278f9720c2639ad540a6c6752d6f8ee47c7e0721a0df0c511e6f7,det-v1,1,accepted,2158,7321,0.001,0.0088507500,true,false
call-000142,arm9_spec_heuristic_rollback,cal/f2/s2060001/no_alert,46,step-5-preview,sha256:a8edf4e47fc672d2897a699028f7022da6ecb182ac7101a00a976c688d890802,det-v1,1,accepted,2500,10296,0.001,0.0123404000,true,false
call-000143,arm10_spec_eprocess,cal/f2/s2060001/no_alert,37,step-5-preview,sha256:1d52f25a71b278f9720c2639ad540a6c6752d6f8ee47c7e0721a0df0c511e6f7,det-v1,1,accepted,2158,7321,0.002,0.0088507500,true,false
call-000144,arm10_spec_eprocess,cal/f2/s2060001/no_alert,46,step-5-preview,sha256:a8edf4e47fc672d2897a699028f7022da6ecb182ac7101a00a976c688d890802,det-v1,1,accepted,2500,10296,0.001,0.0123404000,true,false
call-000145,arm8_spec_immediate,cal/f2/s2060001/no_alert__twin,10,step-5-preview,sha256:00e5500f5cc49107488774c2c42d85db8dc165c33c6a8d2139bd4c73a75a9ba2,det-v1,1,accepted,1174,10415,0.002,0.0122120500,true,false
call-000146,arm9_spec_heuristic_rollback,cal/f2/s2060001/no_alert__twin,10,step-5-preview,sha256:00e5500f5cc49107488774c2c42d85db8dc165c33c6a8d2139bd4c73a75a9ba2,det-v1,1,accepted,1174,10415,0.001,0.0122120500,true,false
call-000147,arm10_spec_eprocess,cal/f2/s2060001/no_alert__twin,10,step-5-preview,sha256:00e5500f5cc49107488774c2c42d85db8dc165c33c6a8d2139bd4c73a75a9ba2,det-v1,1,accepted,1174,10415,0.001,0.0122120500,true,false
call-000148,arm8_spec_immediate,dev/f2/s2050000/early_accurate,28,step-5-preview,sha256:ec953b9a488a5b15c86d49b3f871b91892461ce15f3b58caa9ef7aa31e6531e9,det-v1,1,accepted,1816,8686,0.001,0.0103521000,true,false
call-000149,arm8_spec_immediate,dev/f2/s2050000/early_accurate,37,step-5-preview,sha256:e4f8f6e77de95e586ba1cfdda88ee9350fc6f2e2390f1bcccaafffc74898ec5f,det-v1,1,accepted,2158,9221,0.001,0.0110357500,true,false
call-000150,arm9_spec_heuristic_rollback,dev/f2/s2050000/early_accurate,28,step-5-preview,sha256:ec953b9a488a5b15c86d49b3f871b91892461ce15f3b58caa9ef7aa31e6531e9,det-v1,1,accepted,1816,8686,0.001,0.0103521000,true,false
call-000151,arm9_spec_heuristic_rollback,dev/f2/s2050000/early_accurate,37,step-5-preview,sha256:e4f8f6e77de95e586ba1cfdda88ee9350fc6f2e2390f1bcccaafffc74898ec5f,det-v1,1,accepted,2158,9221,0.001,0.0110357500,true,false
call-000152,arm10_spec_eprocess,dev/f2/s2050000/early_accurate,28,step-5-preview,sha256:ec953b9a488a5b15c86d49b3f871b91892461ce15f3b58caa9ef7aa31e6531e9,det-v1,1,accepted,1816,8686,0.001,0.0103521000,true,false
call-000153,arm10_spec_eprocess,dev/f2/s2050000/early_accurate,37,step-5-preview,sha256:e4f8f6e77de95e586ba1cfdda88ee9350fc6f2e2390f1bcccaafffc74898ec5f,det-v1,1,accepted,2158,9221,0.001,0.0110357500,true,false
call-000154,arm8_spec_immediate,dev/f2/s2050000/early_accurate__twin,10,step-5-preview,sha256:51ac0bc5600d6d8dd927db087844f289699d045cff722d1845ada91b15bd8640,det-v1,1,accepted,1169,5240,0.001,0.0062598000,true,false
call-000155,arm8_spec_immediate,dev/f2/s2050000/early_accurate__twin,43,step-5-preview,sha256:e4e2bf6afbd0317c7c3896f83f900ba77a28c2a38f4a37b1521f8b04e170fb25,det-v1,1,accepted,2423,13034,0.001,0.0154737000,true,false
call-000156,arm9_spec_heuristic_rollback,dev/f2/s2050000/early_accurate__twin,10,step-5-preview,sha256:51ac0bc5600d6d8dd927db087844f289699d045cff722d1845ada91b15bd8640,det-v1,1,accepted,1169,5240,0.001,0.0062598000,true,false
call-000157,arm9_spec_heuristic_rollback,dev/f2/s2050000/early_accurate__twin,43,step-5-preview,sha256:3f075bfa387a7fbc2b85a507c0cb96b68e6b95de7a3fffb3c7d5d92215052327,det-v1,1,accepted,2423,11754,0.001,0.0140017000,true,false
call-000158,arm10_spec_eprocess,dev/f2/s2050000/early_accurate__twin,10,step-5-preview,sha256:51ac0bc5600d6d8dd927db087844f289699d045cff722d1845ada91b15bd8640,det-v1,1,accepted,1169,5240,0.001,0.0062598000,true,false
call-000159,arm10_spec_eprocess,dev/f2/s2050000/early_accurate__twin,43,step-5-preview,sha256:b61cbfa21fd4dacbe488e481c119d74571077e1a1826e3e86bfce875a2a7d832,det-v1,1,accepted,2423,11396,0.001,0.0135900000,true,false
call-000160,arm8_spec_immediate,cal/f2/s2060000/early_accurate,22,step-5-preview,sha256:a85dbb63ed1d1fe338cceb262890138b5b8d1a330a7f65a01ae2f27749b03eb5,det-v1,1,accepted,1588,9708,0.002,0.0114818000,true,false
call-000161,arm8_spec_immediate,cal/f2/s2060000/early_accurate,37,step-5-preview,sha256:e435b8ca970b57523fa6901df399254a55db570af4539d4a4a5b9d09edf19368,det-v1,1,accepted,2158,7719,0.001,0.0093084500,true,false
call-000162,arm9_spec_heuristic_rollback,cal/f2/s2060000/early_accurate,22,step-5-preview,sha256:a85dbb63ed1d1fe338cceb262890138b5b8d1a330a7f65a01ae2f27749b03eb5,det-v1,1,accepted,1588,9708,0.001,0.0114818000,true,false
call-000163,arm9_spec_heuristic_rollback,cal/f2/s2060000/early_accurate,37,step-5-preview,sha256:e435b8ca970b57523fa6901df399254a55db570af4539d4a4a5b9d09edf19368,det-v1,1,accepted,2158,7719,0.001,0.0093084500,true,false
call-000164,arm10_spec_eprocess,cal/f2/s2060000/early_accurate,22,step-5-preview,sha256:a85dbb63ed1d1fe338cceb262890138b5b8d1a330a7f65a01ae2f27749b03eb5,det-v1,1,accepted,1588,9708,0.001,0.0114818000,true,false
call-000165,arm10_spec_eprocess,cal/f2/s2060000/early_accurate,37,step-5-preview,sha256:8fe981ffc951348cfb4e27100b19d20f9fc939ee95e2f4984440c67343629133,det-v1,1,accepted,2158,7589,0.001,0.0091589500,true,false
call-000166,arm8_spec_immediate,cal/f2/s2060000/early_accurate__twin,10,step-5-preview,sha256:57a59b6ef2f4ee9c69d9efd44993598ac91d1381f8afca2ec5951d63e1d4b84e,det-v1,1,accepted,1174,3392,0.001,0.0041356000,true,false
call-000167,arm9_spec_heuristic_rollback,cal/f2/s2060000/early_accurate__twin,10,step-5-preview,sha256:57a59b6ef2f4ee9c69d9efd44993598ac91d1381f8afca2ec5951d63e1d4b84e,det-v1,1,accepted,1174,3392,0.001,0.0041356000,true,false
call-000168,arm10_spec_eprocess,cal/f2/s2060000/early_accurate__twin,10,step-5-preview,sha256:57a59b6ef2f4ee9c69d9efd44993598ac91d1381f8afca2ec5951d63e1d4b84e,det-v1,1,accepted,1174,3392,0.001,0.0041356000,true,false
call-000169,arm8_spec_immediate,dev/f2/s2050001/early_accurate,27,step-5-preview,sha256:51b41861ff2a1072f6c3baa328bcf88c08b0b8bb22da46b5883c82cd9f146508,det-v1,1,accepted,1778,11926,0.001,0.0140705000,true,false
call-000170,arm8_spec_immediate,dev/f2/s2050001/early_accurate,44,step-5-preview,sha256:7b24b0c2f3b113466ad20311bfefe5cd83d65f524f855babed0a45f9eaddabc1,det-v1,1,accepted,2424,10537,0.001,0.0126023500,true,false
call-000171,arm9_spec_heuristic_rollback,dev/f2/s2050001/early_accurate,27,step-5-preview,sha256:51b41861ff2a1072f6c3baa328bcf88c08b0b8bb22da46b5883c82cd9f146508,det-v1,1,accepted,1778,11926,0.001,0.0140705000,true,false
call-000172,arm9_spec_heuristic_rollback,dev/f2/s2050001/early_accurate,44,step-5-preview,sha256:7b24b0c2f3b113466ad20311bfefe5cd83d65f524f855babed0a45f9eaddabc1,det-v1,1,accepted,2424,10537,0.001,0.0126023500,true,false
call-000173,arm10_spec_eprocess,dev/f2/s2050001/early_accurate,27,step-5-preview,sha256:51b41861ff2a1072f6c3baa328bcf88c08b0b8bb22da46b5883c82cd9f146508,det-v1,1,accepted,1778,11926,0.001,0.0140705000,true,false
call-000174,arm10_spec_eprocess,dev/f2/s2050001/early_accurate,44,step-5-preview,sha256:1d5d82ceb3aebff6493299e51cc0754c64881e80cd35fa8f9c891481a6ec0985,det-v1,1,accepted,2424,7635,0.002,0.0092650500,true,false
call-000175,arm8_spec_immediate,dev/f2/s2050001/early_accurate__twin,10,step-5-preview,sha256:a2e3594f5018a386b22b2ededaf37121e09ea3e5d6fbe61efe46aa50d3341b89,det-v1,1,accepted,1176,3588,0.001,0.0043614000,true,false
call-000176,arm9_spec_heuristic_rollback,dev/f2/s2050001/early_accurate__twin,10,step-5-preview,sha256:a2e3594f5018a386b22b2ededaf37121e09ea3e5d6fbe61efe46aa50d3341b89,det-v1,1,accepted,1176,3588,0.001,0.0043614000,true,false
call-000177,arm10_spec_eprocess,dev/f2/s2050001/early_accurate__twin,10,step-5-preview,sha256:a2e3594f5018a386b22b2ededaf37121e09ea3e5d6fbe61efe46aa50d3341b89,det-v1,1,accepted,1176,3588,0.001,0.0043614000,true,false
call-000178,arm8_spec_immediate,cal/f2/s2060001/early_accurate,37,step-5-preview,sha256:12a191248a1f7a2bf687028dcfba65ff58432d41b8352966d890600c05d07066,det-v1,1,accepted,2158,4644,0.002,0.0057722000,true,false
call-000179,arm8_spec_immediate,cal/f2/s2060001/early_accurate,46,step-5-preview,sha256:db3806714e2326cde41fe32fa7ff2b0967768564af825db75934dffe02e66878,det-v1,1,accepted,2500,3856,0.001,0.0049344000,true,false
call-000180,arm9_spec_heuristic_rollback,cal/f2/s2060001/early_accurate,37,step-5-preview,sha256:12a191248a1f7a2bf687028dcfba65ff58432d41b8352966d890600c05d07066,det-v1,1,accepted,2158,4644,0.001,0.0057722000,true,false
call-000181,arm9_spec_heuristic_rollback,cal/f2/s2060001/early_accurate,46,step-5-preview,sha256:db3806714e2326cde41fe32fa7ff2b0967768564af825db75934dffe02e66878,det-v1,1,accepted,2500,3856,0.001,0.0049344000,true,false
call-000182,arm10_spec_eprocess,cal/f2/s2060001/early_accurate,37,step-5-preview,sha256:12a191248a1f7a2bf687028dcfba65ff58432d41b8352966d890600c05d07066,det-v1,1,accepted,2158,4644,0.001,0.0057722000,true,false
call-000183,arm10_spec_eprocess,cal/f2/s2060001/early_accurate,46,step-5-preview,sha256:db3806714e2326cde41fe32fa7ff2b0967768564af825db75934dffe02e66878,det-v1,1,accepted,2500,3856,0.001,0.0049344000,true,false
call-000184,arm8_spec_immediate,cal/f2/s2060001/early_accurate__twin,10,step-5-preview,sha256:f020d12d15f0cbe0f41623734a44baf457901417f0404fb43264c75eb70bfa17,det-v1,1,accepted,1174,5127,0.001,0.0061308500,true,false
call-000185,arm9_spec_heuristic_rollback,cal/f2/s2060001/early_accurate__twin,10,step-5-preview,sha256:f020d12d15f0cbe0f41623734a44baf457901417f0404fb43264c75eb70bfa17,det-v1,1,accepted,1174,5127,0.001,0.0061308500,true,false
call-000186,arm10_spec_eprocess,cal/f2/s2060001/early_accurate__twin,10,step-5-preview,sha256:f020d12d15f0cbe0f41623734a44baf457901417f0404fb43264c75eb70bfa17,det-v1,1,accepted,1174,5127,0.001,0.0061308500,true,false
call-000187,arm8_spec_immediate,dev/f2/s2050000/late_accurate,28,step-5-preview,sha256:1387a102cf5b8798693b852b0857e9fd2336f7f7c1a53513a0e313f5663b238e,det-v1,1,accepted,1816,12686,0.001,0.0149521000,true,false
call-000188,arm8_spec_immediate,dev/f2/s2050000/late_accurate,37,step-5-preview,sha256:42eda2a8f361bf35d600fba15b98577e56386fe8bc3f60e285ad7022439e239d,det-v1,1,accepted,2158,12402,0.001,0.0146939000,true,false
call-000189,arm9_spec_heuristic_rollback,dev/f2/s2050000/late_accurate,28,step-5-preview,sha256:1387a102cf5b8798693b852b0857e9fd2336f7f7c1a53513a0e313f5663b238e,det-v1,1,accepted,1816,12686,0.001,0.0149521000,true,false
call-000190,arm9_spec_heuristic_rollback,dev/f2/s2050000/late_accurate,37,step-5-preview,sha256:42eda2a8f361bf35d600fba15b98577e56386fe8bc3f60e285ad7022439e239d,det-v1,1,accepted,2158,12402,0.001,0.0146939000,true,false
call-000191,arm10_spec_eprocess,dev/f2/s2050000/late_accurate,28,step-5-preview,sha256:1387a102cf5b8798693b852b0857e9fd2336f7f7c1a53513a0e313f5663b238e,det-v1,1,accepted,1816,12686,0.001,0.0149521000,true,false
call-000192,arm10_spec_eprocess,dev/f2/s2050000/late_accurate,37,step-5-preview,sha256:348087b388f9944c5e179adce91dacbcaf844b1bafa5b3e6acc12afb0ff88af5,det-v1,1,accepted,2158,12611,0.001,0.0149342500,true,false
call-000193,arm8_spec_immediate,cal/f2/s2060000/late_accurate,22,step-5-preview,sha256:22be4584ab2c298a68de5b47b885300186e42bc1f91551cb2bbf20a1aee6cd49,det-v1,1,accepted,1588,12485,0.001,0.0146753500,true,false
call-000194,arm8_spec_immediate,cal/f2/s2060000/late_accurate,37,step-5-preview,sha256:b3610e565e3f94aa3c1b43477aa66f1d1d6135f42a458cf7c456a32d2428529c,det-v1,1,accepted,2158,10001,0.001,0.0119327500,true,false
call-000195,arm9_spec_heuristic_rollback,cal/f2/s2060000/late_accurate,22,step-5-preview,sha256:22be4584ab2c298a68de5b47b885300186e42bc1f91551cb2bbf20a1aee6cd49,det-v1,1,accepted,1588,12485,0.001,0.0146753500,true,false
call-000196,arm9_spec_heuristic_rollback,cal/f2/s2060000/late_accurate,37,step-5-preview,sha256:b3610e565e3f94aa3c1b43477aa66f1d1d6135f42a458cf7c456a32d2428529c,det-v1,1,accepted,2158,10001,0.001,0.0119327500,true,false
call-000197,arm10_spec_eprocess,cal/f2/s2060000/late_accurate,22,step-5-preview,sha256:22be4584ab2c298a68de5b47b885300186e42bc1f91551cb2bbf20a1aee6cd49,det-v1,1,accepted,1588,12485,0.001,0.0146753500,true,false
call-000198,arm10_spec_eprocess,cal/f2/s2060000/late_accurate,37,step-5-preview,sha256:ea6c8f72ec0b5d54b20bb5485cd03ae40c26d01726951f55dc45a09718110d04,det-v1,1,accepted,2158,5740,0.001,0.0070326000,true,false
call-000199,arm8_spec_immediate,dev/f2/s2050001/late_accurate,27,step-5-preview,sha256:195363819722fc669e7b48f82330b47e74da9c7dd6ab2c556547b97e3521b1a6,det-v1,1,accepted,1778,10087,0.001,0.0119556500,true,false
call-000200,arm8_spec_immediate,dev/f2/s2050001/late_accurate,44,step-5-preview,sha256:de46ae54c85d688820879b3b95b1a2b355f9dd13fd59cbd86440cffac22cffdf,det-v1,1,accepted,2424,5156,0.001,0.0064142000,true,false
call-000201,arm9_spec_heuristic_rollback,dev/f2/s2050001/late_accurate,27,step-5-preview,sha256:195363819722fc669e7b48f82330b47e74da9c7dd6ab2c556547b97e3521b1a6,det-v1,1,accepted,1778,10087,0.001,0.0119556500,true,false
call-000202,arm9_spec_heuristic_rollback,dev/f2/s2050001/late_accurate,44,step-5-preview,sha256:de46ae54c85d688820879b3b95b1a2b355f9dd13fd59cbd86440cffac22cffdf,det-v1,1,accepted,2424,5156,0.001,0.0064142000,true,false
call-000203,arm10_spec_eprocess,dev/f2/s2050001/late_accurate,27,step-5-preview,sha256:195363819722fc669e7b48f82330b47e74da9c7dd6ab2c556547b97e3521b1a6,det-v1,1,accepted,1778,10087,0.002,0.0119556500,true,false
call-000204,arm10_spec_eprocess,dev/f2/s2050001/late_accurate,44,step-5-preview,sha256:814dc8bdd630977ed5dc043757613f09c6703e604b2658d6fe47a7df0ca72072,det-v1,1,accepted,2424,10080,0.001,0.0120768000,true,false
call-000205,arm8_spec_immediate,cal/f2/s2060001/late_accurate,37,step-5-preview,sha256:fbb549c6742f57f2fe72ac9a52839b22cf0d1dc9c12044a5893120e36f480e05,det-v1,1,accepted,2158,3910,0.001,0.0049281000,true,false
call-000206,arm8_spec_immediate,cal/f2/s2060001/late_accurate,46,step-5-preview,sha256:a80f6ae46c7f65fedafffcfa2115f0d707b0b92cc4e7a0e042e6922fbda33338,det-v1,1,accepted,2500,9338,0.001,0.0112387000,true,false
call-000207,arm9_spec_heuristic_rollback,cal/f2/s2060001/late_accurate,37,step-5-preview,sha256:fbb549c6742f57f2fe72ac9a52839b22cf0d1dc9c12044a5893120e36f480e05,det-v1,1,accepted,2158,3910,0.001,0.0049281000,true,false
call-000208,arm9_spec_heuristic_rollback,cal/f2/s2060001/late_accurate,46,step-5-preview,sha256:a80f6ae46c7f65fedafffcfa2115f0d707b0b92cc4e7a0e042e6922fbda33338,det-v1,1,accepted,2500,9338,0.001,0.0112387000,true,false
call-000209,arm10_spec_eprocess,cal/f2/s2060001/late_accurate,37,step-5-preview,sha256:fbb549c6742f57f2fe72ac9a52839b22cf0d1dc9c12044a5893120e36f480e05,det-v1,1,accepted,2158,3910,0.001,0.0049281000,true,false
call-000210,arm10_spec_eprocess,cal/f2/s2060001/late_accurate,46,step-5-preview,sha256:a80f6ae46c7f65fedafffcfa2115f0d707b0b92cc4e7a0e042e6922fbda33338,det-v1,1,accepted,2500,9338,0.001,0.0112387000,true,false
call-000211,arm8_spec_immediate,dev/f2/s2050000/unreliable,28,step-5-preview,sha256:a6f4c8c033d266fdc5166c0c0095ecd3fc3eccd816442f5cef8af66267c603fa,det-v1,1,accepted,1816,18778,0.001,0.0219579000,true,false
call-000212,arm8_spec_immediate,dev/f2/s2050000/unreliable,37,step-5-preview,sha256:335b10cb4da7c5d19b5a495180595e0f84cf82788ce92809989f300b75f18e0b,det-v1,1,accepted,2158,15204,0.001,0.0179162000,true,false
call-000213,arm9_spec_heuristic_rollback,dev/f2/s2050000/unreliable,28,step-5-preview,sha256:a6f4c8c033d266fdc5166c0c0095ecd3fc3eccd816442f5cef8af66267c603fa,det-v1,1,accepted,1816,18778,0.001,0.0219579000,true,false
call-000214,arm9_spec_heuristic_rollback,dev/f2/s2050000/unreliable,37,step-5-preview,sha256:335b10cb4da7c5d19b5a495180595e0f84cf82788ce92809989f300b75f18e0b,det-v1,1,accepted,2158,15204,0.001,0.0179162000,true,false
call-000215,arm10_spec_eprocess,dev/f2/s2050000/unreliable,28,step-5-preview,sha256:a6f4c8c033d266fdc5166c0c0095ecd3fc3eccd816442f5cef8af66267c603fa,det-v1,1,accepted,1816,18778,0.001,0.0219579000,true,false
call-000216,arm10_spec_eprocess,dev/f2/s2050000/unreliable,37,step-5-preview,sha256:e7f50880edab7f703b7f0184c3550dda88959bd7e46bf20f7a2ec8dc40925d4e,det-v1,1,accepted,2158,17441,0.001,0.0204887500,true,false
call-000217,arm8_spec_immediate,cal/f2/s2060000/unreliable,22,step-5-preview,sha256:4faabadf80a3cb982e4e91c03801cfa9575fd610b11c62ffbb016926b8651745,det-v1,1,accepted,1588,29011,0.002,0.0336802500,true,false
call-000218,arm8_spec_immediate,cal/f2/s2060000/unreliable,37,step-5-preview,sha256:31dc810a047c272f98cacbb81d3c3630348ba73888c1cc51887255289c2ffd31,det-v1,1,accepted,2158,4960,0.001,0.0061356000,true,false
call-000219,arm9_spec_heuristic_rollback,cal/f2/s2060000/unreliable,22,step-5-preview,sha256:4faabadf80a3cb982e4e91c03801cfa9575fd610b11c62ffbb016926b8651745,det-v1,1,accepted,1588,29011,0.001,0.0336802500,true,false
call-000220,arm9_spec_heuristic_rollback,cal/f2/s2060000/unreliable,37,step-5-preview,sha256:31dc810a047c272f98cacbb81d3c3630348ba73888c1cc51887255289c2ffd31,det-v1,1,accepted,2158,4960,0.001,0.0061356000,true,false
call-000221,arm10_spec_eprocess,cal/f2/s2060000/unreliable,22,step-5-preview,sha256:4faabadf80a3cb982e4e91c03801cfa9575fd610b11c62ffbb016926b8651745,det-v1,1,accepted,1588,29011,0.001,0.0336802500,true,false
call-000222,arm10_spec_eprocess,cal/f2/s2060000/unreliable,37,step-5-preview,sha256:ae1e0e6f0d2365843287bfb52d1c94cc16f6381c7aec99c9da6010854a8e7866,det-v1,1,accepted,2158,7853,0.001,0.0094625500,true,false
call-000223,arm8_spec_immediate,dev/f2/s2050001/unreliable,27,step-5-preview,sha256:c8bde2cb8b00e4ef7635e40072bee37fd9c200b419e1e09a1fa38e38d2e7bcb2,det-v1,1,accepted,1778,9922,0.002,0.0117659000,true,false
call-000224,arm8_spec_immediate,dev/f2/s2050001/unreliable,44,step-5-preview,sha256:614fc65c80d62d69278e632b7ff8817684e46f3be8cb9d19516766bb46f44998,det-v1,1,accepted,2424,8152,0.001,0.0098596000,true,false
call-000225,arm9_spec_heuristic_rollback,dev/f2/s2050001/unreliable,27,step-5-preview,sha256:c8bde2cb8b00e4ef7635e40072bee37fd9c200b419e1e09a1fa38e38d2e7bcb2,det-v1,1,accepted,1778,9922,0.001,0.0117659000,true,false
call-000226,arm9_spec_heuristic_rollback,dev/f2/s2050001/unreliable,44,step-5-preview,sha256:614fc65c80d62d69278e632b7ff8817684e46f3be8cb9d19516766bb46f44998,det-v1,1,accepted,2424,8152,0.001,0.0098596000,true,false
call-000227,arm10_spec_eprocess,dev/f2/s2050001/unreliable,27,step-5-preview,sha256:c8bde2cb8b00e4ef7635e40072bee37fd9c200b419e1e09a1fa38e38d2e7bcb2,det-v1,1,accepted,1778,9922,0.001,0.0117659000,true,false
call-000228,arm10_spec_eprocess,dev/f2/s2050001/unreliable,44,step-5-preview,sha256:a891eb9cee9551c535396c0eb9dd827ec9e644fd3657d8cfe151f80b7e9424de,det-v1,1,accepted,2424,23528,0.001,0.0275420000,true,false
call-000229,arm8_spec_immediate,cal/f2/s2060001/unreliable,37,step-5-preview,sha256:1ba0cd7e87ef3611234c60492d553a9742e514cffcfab4f8e1e38e3b6a866550,det-v1,1,accepted,2158,13710,0.002,0.0161981000,true,false
call-000230,arm8_spec_immediate,cal/f2/s2060001/unreliable,46,step-5-preview,sha256:08a1cbb9b47d6836210466783228cf1b8b809326778cb8bd3555a9966aefae2e,det-v1,1,,2500,9829,142200.795,0.0118033500,false,true
call-000231,arm8_spec_immediate,cal/f2/s2060001/unreliable,46,step-5-preview,sha256:08a1cbb9b47d6836210466783228cf1b8b809326778cb8bd3555a9966aefae2e,det-v1,1,accepted,2500,9829,142200.795,0.0118033500,false,false
call-000232,arm9_spec_heuristic_rollback,cal/f2/s2060001/unreliable,37,step-5-preview,sha256:1ba0cd7e87ef3611234c60492d553a9742e514cffcfab4f8e1e38e3b6a866550,det-v1,1,accepted,2158,13710,0.003,0.0161981000,true,false
call-000233,arm9_spec_heuristic_rollback,cal/f2/s2060001/unreliable,46,step-5-preview,sha256:08a1cbb9b47d6836210466783228cf1b8b809326778cb8bd3555a9966aefae2e,det-v1,1,accepted,2500,9829,0.003,0.0118033500,true,false
call-000234,arm10_spec_eprocess,cal/f2/s2060001/unreliable,37,step-5-preview,sha256:1ba0cd7e87ef3611234c60492d553a9742e514cffcfab4f8e1e38e3b6a866550,det-v1,1,accepted,2158,13710,0.003,0.0161981000,true,false
call-000235,arm10_spec_eprocess,cal/f2/s2060001/unreliable,46,step-5-preview,sha256:08a1cbb9b47d6836210466783228cf1b8b809326778cb8bd3555a9966aefae2e,det-v1,1,accepted,2500,9829,0.002,0.0118033500,true,false
call-000236,arm8_spec_immediate,cal/f3/s3060000/no_alert,15,step-5-preview,sha256:7dbd7d8d834f1ecc180be352dcec94b5ca586f1d2ea843bcb6c8553784375f13,det-v1,1,,1322,11719,152040.313,0.0137412500,false,true
call-000237,arm8_spec_immediate,cal/f3/s3060000/no_alert,15,step-5-preview,sha256:7dbd7d8d834f1ecc180be352dcec94b5ca586f1d2ea843bcb6c8553784375f13,det-v1,1,accepted,1322,11719,152040.313,0.0137412500,false,false
call-000238,arm9_spec_heuristic_rollback,cal/f3/s3060000/no_alert,15,step-5-preview,sha256:7dbd7d8d834f1ecc180be352dcec94b5ca586f1d2ea843bcb6c8553784375f13,det-v1,1,accepted,1322,11719,0.003,0.0137412500,true,false
call-000239,arm10_spec_eprocess,cal/f3/s3060000/no_alert,15,step-5-preview,sha256:7dbd7d8d834f1ecc180be352dcec94b5ca586f1d2ea843bcb6c8553784375f13,det-v1,1,accepted,1322,11719,0.002,0.0137412500,true,false
call-000240,arm8_spec_immediate,cal/f3/s3060001/no_alert,23,step-5-preview,sha256:64b3859d8ac972c276644a5a256cad5414c2efd2426cf8bdb6720faeb4a6eaee,det-v1,1,,1626,6846,97631.537,0.0081981000,false,true
call-000241,arm8_spec_immediate,cal/f3/s3060001/no_alert,23,step-5-preview,sha256:64b3859d8ac972c276644a5a256cad5414c2efd2426cf8bdb6720faeb4a6eaee,det-v1,1,accepted,1626,6846,97631.537,0.0081981000,false,false
call-000242,arm9_spec_heuristic_rollback,cal/f3/s3060001/no_alert,23,step-5-preview,sha256:64b3859d8ac972c276644a5a256cad5414c2efd2426cf8bdb6720faeb4a6eaee,det-v1,1,accepted,1626,6846,0.001,0.0081981000,true,false
call-000243,arm10_spec_eprocess,cal/f3/s3060001/no_alert,23,step-5-preview,sha256:64b3859d8ac972c276644a5a256cad5414c2efd2426cf8bdb6720faeb4a6eaee,det-v1,1,accepted,1626,6846,0.001,0.0081981000,true,false
call-000244,arm8_spec_immediate,dev/f3/s3050000/early_accurate,14,step-5-preview,sha256:24d80543942e17271198591d4b16c006725a91aa8fe84eebe68f87825f80510a,det-v1,1,,1324,1436,22771.282,0.0019162000,false,true
call-000245,arm8_spec_immediate,dev/f3/s3050000/early_accurate,14,step-5-preview,sha256:24d80543942e17271198591d4b16c006725a91aa8fe84eebe68f87825f80510a,det-v1,1,accepted,1324,1436,22771.282,0.0019162000,false,false
call-000246,arm9_spec_heuristic_rollback,dev/f3/s3050000/early_accurate,14,step-5-preview,sha256:24d80543942e17271198591d4b16c006725a91aa8fe84eebe68f87825f80510a,det-v1,1,accepted,1324,1436,0.002,0.0019162000,true,false
call-000247,arm10_spec_eprocess,dev/f3/s3050000/early_accurate,14,step-5-preview,sha256:24d80543942e17271198591d4b16c006725a91aa8fe84eebe68f87825f80510a,det-v1,1,accepted,1324,1436,0.002,0.0019162000,true,false
call-000248,arm8_spec_immediate,cal/f3/s3060000/early_accurate,13,step-5-preview,sha256:09568e883fc5c4b8c7f58720ac62f62c1e1797aa7dc5554b24af305bc0c41ec1,det-v1,1,,1285,3771,48200.721,0.0045936500,false,true
call-000249,arm8_spec_immediate,cal/f3/s3060000/early_accurate,13,step-5-preview,sha256:09568e883fc5c4b8c7f58720ac62f62c1e1797aa7dc5554b24af305bc0c41ec1,det-v1,1,accepted,1285,3771,48200.721,0.0045936500,false,false
call-000250,arm8_spec_immediate,cal/f3/s3060000/early_accurate,19,step-5-preview,sha256:d5db149e8ca8dd88c0768a98e32097ff9812553186e16ecda1d27c15f287882a,det-v1,1,,1513,11699,158775.227,0.0137564500,false,true
call-000251,arm8_spec_immediate,cal/f3/s3060000/early_accurate,19,step-5-preview,sha256:d5db149e8ca8dd88c0768a98e32097ff9812553186e16ecda1d27c15f287882a,det-v1,1,accepted,1513,11699,158775.227,0.0137564500,false,false
call-000252,arm9_spec_heuristic_rollback,cal/f3/s3060000/early_accurate,13,step-5-preview,sha256:09568e883fc5c4b8c7f58720ac62f62c1e1797aa7dc5554b24af305bc0c41ec1,det-v1,1,accepted,1285,3771,0.003,0.0045936500,true,false
call-000253,arm9_spec_heuristic_rollback,cal/f3/s3060000/early_accurate,19,step-5-preview,sha256:d5db149e8ca8dd88c0768a98e32097ff9812553186e16ecda1d27c15f287882a,det-v1,1,accepted,1513,11699,0.003,0.0137564500,true,false
call-000254,arm10_spec_eprocess,cal/f3/s3060000/early_accurate,13,step-5-preview,sha256:09568e883fc5c4b8c7f58720ac62f62c1e1797aa7dc5554b24af305bc0c41ec1,det-v1,1,accepted,1285,3771,0.003,0.0045936500,true,false
call-000255,arm10_spec_eprocess,cal/f3/s3060000/early_accurate,19,step-5-preview,sha256:c4402e4ae1b05daa3a23f79a18b65de670cf63327cb87bab54827eb26d865479,det-v1,1,,1513,9563,123131.525,0.0113000500,false,true
call-000256,arm10_spec_eprocess,cal/f3/s3060000/early_accurate,19,step-5-preview,sha256:c4402e4ae1b05daa3a23f79a18b65de670cf63327cb87bab54827eb26d865479,det-v1,1,accepted,1513,9563,123131.525,0.0113000500,false,false
call-000257,arm8_spec_immediate,dev/f3/s3050001/early_accurate,17,step-5-preview,sha256:5705a1c4f15f07f46e3285e3415486e806e662aef7ce2c58f2770939fa0c6a7a,det-v1,1,,1436,3356,46012.888,0.0041466000,false,true
call-000258,arm8_spec_immediate,dev/f3/s3050001/early_accurate,17,step-5-preview,sha256:5705a1c4f15f07f46e3285e3415486e806e662aef7ce2c58f2770939fa0c6a7a,det-v1,1,accepted,1436,3356,46012.888,0.0041466000,false,false
call-000259,arm9_spec_heuristic_rollback,dev/f3/s3050001/early_accurate,17,step-5-preview,sha256:5705a1c4f15f07f46e3285e3415486e806e662aef7ce2c58f2770939fa0c6a7a,det-v1,1,accepted,1436,3356,0.002,0.0041466000,true,false
call-000260,arm10_spec_eprocess,dev/f3/s3050001/early_accurate,17,step-5-preview,sha256:5705a1c4f15f07f46e3285e3415486e806e662aef7ce2c58f2770939fa0c6a7a,det-v1,1,accepted,1436,3356,0.002,0.0041466000,true,false
call-000261,arm8_spec_immediate,cal/f3/s3060001/early_accurate,19,step-5-preview,sha256:95343ab905ac2c8f44d5c0e575fc36547b63d199f1c0e706a985e98657ebf4cd,det-v1,1,,1508,4915,68673.792,0.0059538500,false,true
call-000262,arm8_spec_immediate,cal/f3/s3060001/early_accurate,19,step-5-preview,sha256:95343ab905ac2c8f44d5c0e575fc36547b63d199f1c0e706a985e98657ebf4cd,det-v1,1,accepted,1508,4915,68673.792,0.0059538500,false,false
call-000263,arm8_spec_immediate,cal/f3/s3060001/early_accurate,25,step-5-preview,sha256:42ce325b0c685a81f98c25c9a1ffb025f550ba03205b71384d51a7d0977cb9d2,det-v1,1,,1736,10729,140677.669,0.0126855500,false,true
call-000264,arm8_spec_immediate,cal/f3/s3060001/early_accurate,25,step-5-preview,sha256:42ce325b0c685a81f98c25c9a1ffb025f550ba03205b71384d51a7d0977cb9d2,det-v1,1,accepted,1736,10729,140677.669,0.0126855500,false,false
call-000265,arm9_spec_heuristic_rollback,cal/f3/s3060001/early_accurate,19,step-5-preview,sha256:95343ab905ac2c8f44d5c0e575fc36547b63d199f1c0e706a985e98657ebf4cd,det-v1,1,accepted,1508,4915,0.003,0.0059538500,true,false
call-000266,arm9_spec_heuristic_rollback,cal/f3/s3060001/early_accurate,25,step-5-preview,sha256:42ce325b0c685a81f98c25c9a1ffb025f550ba03205b71384d51a7d0977cb9d2,det-v1,1,accepted,1736,10729,0.003,0.0126855500,true,false
call-000267,arm10_spec_eprocess,cal/f3/s3060001/early_accurate,19,step-5-preview,sha256:95343ab905ac2c8f44d5c0e575fc36547b63d199f1c0e706a985e98657ebf4cd,det-v1,1,accepted,1508,4915,0.003,0.0059538500,true,false
call-000268,arm10_spec_eprocess,cal/f3/s3060001/early_accurate,25,step-5-preview,sha256:2b31e595e12fa10154bbfe6b1b74a6559e8d8f7096a407e154d09be5bfc29a15,det-v1,1,,1736,10654,140220.437,0.0125993000,false,true
call-000269,arm10_spec_eprocess,cal/f3/s3060001/early_accurate,25,step-5-preview,sha256:2b31e595e12fa10154bbfe6b1b74a6559e8d8f7096a407e154d09be5bfc29a15,det-v1,1,accepted,1736,10654,140220.437,0.0125993000,false,false
call-000270,arm8_spec_immediate,dev/f3/s3050000/late_accurate,17,step-5-preview,sha256:035f3801685587e39150535a24bab7be0de0a3fcd5293ce58205e03aac58502a,det-v1,1,,1438,3810,48234.471,0.0046691000,false,true
call-000271,arm8_spec_immediate,dev/f3/s3050000/late_accurate,17,step-5-preview,sha256:035f3801685587e39150535a24bab7be0de0a3fcd5293ce58205e03aac58502a,det-v1,1,accepted,1438,3810,48234.471,0.0046691000,false,false
call-000272,arm9_spec_heuristic_rollback,dev/f3/s3050000/late_accurate,17,step-5-preview,sha256:035f3801685587e39150535a24bab7be0de0a3fcd5293ce58205e03aac58502a,det-v1,1,accepted,1438,3810,0.003,0.0046691000,true,false
call-000273,arm10_spec_eprocess,dev/f3/s3050000/late_accurate,17,step-5-preview,sha256:035f3801685587e39150535a24bab7be0de0a3fcd5293ce58205e03aac58502a,det-v1,1,accepted,1438,3810,0.003,0.0046691000,true,false
call-000274,arm8_spec_immediate,cal/f3/s3060000/late_accurate,15,step-5-preview,sha256:aceeddfe2f815d8d75f28fe57e1982148fb6f74247dcdb63d282ea600e9beda0,det-v1,1,,1322,8945,123487.291,0.0105511500,false,true
call-000275,arm8_spec_immediate,cal/f3/s3060000/late_accurate,15,step-5-preview,sha256:aceeddfe2f815d8d75f28fe57e1982148fb6f74247dcdb63d282ea600e9beda0,det-v1,1,accepted,1322,8945,123487.291,0.0105511500,false,false
call-000276,arm9_spec_heuristic_rollback,cal/f3/s3060000/late_accurate,15,step-5-preview,sha256:aceeddfe2f815d8d75f28fe57e1982148fb6f74247dcdb63d282ea600e9beda0,det-v1,1,accepted,1322,8945,0.003,0.0105511500,true,false
call-000277,arm10_spec_eprocess,cal/f3/s3060000/late_accurate,15,step-5-preview,sha256:aceeddfe2f815d8d75f28fe57e1982148fb6f74247dcdb63d282ea600e9beda0,det-v1,1,accepted,1322,8945,0.003,0.0105511500,true,false
call-000278,arm8_spec_immediate,dev/f3/s3050001/late_accurate,20,step-5-preview,sha256:e9dfd07604a3c122a41c802f07463b5d67985b91ce3f3341ef96366f18ae42bb,det-v1,1,,1550,2079,29278.579,0.0027008500,false,true
call-000279,arm8_spec_immediate,dev/f3/s3050001/late_accurate,20,step-5-preview,sha256:e9dfd07604a3c122a41c802f07463b5d67985b91ce3f3341ef96366f18ae42bb,det-v1,1,accepted,1550,2079,29278.579,0.0027008500,false,false
call-000280,arm9_spec_heuristic_rollback,dev/f3/s3050001/late_accurate,20,step-5-preview,sha256:e9dfd07604a3c122a41c802f07463b5d67985b91ce3f3341ef96366f18ae42bb,det-v1,1,accepted,1550,2079,0.002,0.0027008500,true,false
call-000281,arm10_spec_eprocess,dev/f3/s3050001/late_accurate,20,step-5-preview,sha256:e9dfd07604a3c122a41c802f07463b5d67985b91ce3f3341ef96366f18ae42bb,det-v1,1,accepted,1550,2079,0.001,0.0027008500,true,false
call-000282,arm8_spec_immediate,cal/f3/s3060001/late_accurate,22,step-5-preview,sha256:34b458554294a5374740ffebf758aad87487789d70ec91930a811b5b906f4e31,det-v1,1,,1622,2513,32469.333,0.0032143500,false,true
call-000283,arm8_spec_immediate,cal/f3/s3060001/late_accurate,22,step-5-preview,sha256:34b458554294a5374740ffebf758aad87487789d70ec91930a811b5b906f4e31,det-v1,1,accepted,1622,2513,32469.333,0.0032143500,false,false
call-000284,arm9_spec_heuristic_rollback,cal/f3/s3060001/late_accurate,22,step-5-preview,sha256:34b458554294a5374740ffebf758aad87487789d70ec91930a811b5b906f4e31,det-v1,1,accepted,1622,2513,0.002,0.0032143500,true,false
call-000285,arm10_spec_eprocess,cal/f3/s3060001/late_accurate,22,step-5-preview,sha256:34b458554294a5374740ffebf758aad87487789d70ec91930a811b5b906f4e31,det-v1,1,accepted,1622,2513,0.002,0.0032143500,true,false
call-000286,arm8_spec_immediate,dev/f3/s3050000/unreliable,14,step-5-preview,sha256:1ae9b0569fd03ecd6fb3acee83bcd959a3ba964ddd0b1c5e7768d816aea34575,det-v1,1,,1319,6703,98644.689,0.0079722500,false,true
call-000287,arm8_spec_immediate,dev/f3/s3050000/unreliable,14,step-5-preview,sha256:1ae9b0569fd03ecd6fb3acee83bcd959a3ba964ddd0b1c5e7768d816aea34575,det-v1,1,accepted,1319,6703,98644.689,0.0079722500,false,false
call-000288,arm9_spec_heuristic_rollback,dev/f3/s3050000/unreliable,14,step-5-preview,sha256:1ae9b0569fd03ecd6fb3acee83bcd959a3ba964ddd0b1c5e7768d816aea34575,det-v1,1,accepted,1319,6703,0.003,0.0079722500,true,false
call-000289,arm10_spec_eprocess,dev/f3/s3050000/unreliable,14,step-5-preview,sha256:1ae9b0569fd03ecd6fb3acee83bcd959a3ba964ddd0b1c5e7768d816aea34575,det-v1,1,accepted,1319,6703,0.003,0.0079722500,true,false
call-000290,arm8_spec_immediate,cal/f3/s3060000/unreliable,13,step-5-preview,sha256:d0a921af70546054643ac32ae3805c41e54a5d10e7a2b7319246d653e8215045,det-v1,1,,1290,2759,40409.595,0.0034308500,false,true
call-000291,arm8_spec_immediate,cal/f3/s3060000/unreliable,13,step-5-preview,sha256:d0a921af70546054643ac32ae3805c41e54a5d10e7a2b7319246d653e8215045,det-v1,1,accepted,1290,2759,40409.595,0.0034308500,false,false
call-000292,arm8_spec_immediate,cal/f3/s3060000/unreliable,19,step-5-preview,sha256:a1c90c508e3c398a4934cd4b99521fbe50369b266957119bce3c14ae294929d3,det-v1,1,,1518,11479,155228.149,0.0135044500,false,true
call-000293,arm8_spec_immediate,cal/f3/s3060000/unreliable,19,step-5-preview,sha256:a1c90c508e3c398a4934cd4b99521fbe50369b266957119bce3c14ae294929d3,det-v1,1,accepted,1518,11479,155228.149,0.0135044500,false,false
call-000294,arm9_spec_heuristic_rollback,cal/f3/s3060000/unreliable,13,step-5-preview,sha256:d0a921af70546054643ac32ae3805c41e54a5d10e7a2b7319246d653e8215045,det-v1,1,accepted,1290,2759,0.003,0.0034308500,true,false
call-000295,arm9_spec_heuristic_rollback,cal/f3/s3060000/unreliable,19,step-5-preview,sha256:a1c90c508e3c398a4934cd4b99521fbe50369b266957119bce3c14ae294929d3,det-v1,1,accepted,1518,11479,0.003,0.0135044500,true,false
call-000296,arm10_spec_eprocess,cal/f3/s3060000/unreliable,13,step-5-preview,sha256:d0a921af70546054643ac32ae3805c41e54a5d10e7a2b7319246d653e8215045,det-v1,1,accepted,1290,2759,0.003,0.0034308500,true,false
call-000297,arm10_spec_eprocess,cal/f3/s3060000/unreliable,19,step-5-preview,sha256:a1c90c508e3c398a4934cd4b99521fbe50369b266957119bce3c14ae294929d3,det-v1,1,accepted,1518,11479,0.003,0.0135044500,true,false
call-000298,arm8_spec_immediate,dev/f3/s3050001/unreliable,17,step-5-preview,sha256:d320cd9c81d1b2759f17d00ced996e9d16e5ee4da3ed76253c102d820893dd05,det-v1,1,,1425,273,5901.239,0.0005989500,false,true
call-000299,arm8_spec_immediate,dev/f3/s3050001/unreliable,17,step-5-preview,sha256:d320cd9c81d1b2759f17d00ced996e9d16e5ee4da3ed76253c102d820893dd05,det-v1,1,accepted,1425,273,5901.239,0.0005989500,false,false
call-000300,arm9_spec_heuristic_rollback,dev/f3/s3050001/unreliable,17,step-5-preview,sha256:d320cd9c81d1b2759f17d00ced996e9d16e5ee4da3ed76253c102d820893dd05,det-v1,1,accepted,1425,273,0.001,0.0005989500,true,false
call-000301,arm10_spec_eprocess,dev/f3/s3050001/unreliable,17,step-5-preview,sha256:d320cd9c81d1b2759f17d00ced996e9d16e5ee4da3ed76253c102d820893dd05,det-v1,1,accepted,1425,273,0.001,0.0005989500,true,false
call-000302,arm8_spec_immediate,cal/f3/s3060001/unreliable,19,step-5-preview,sha256:c9e2fa6543e3212fc0607c7ef0ade6dd4c117b88ce17127d781f04d850089490,det-v1,1,,1519,10585,147682.921,0.0124765500,false,true
call-000303,arm8_spec_immediate,cal/f3/s3060001/unreliable,19,step-5-preview,sha256:c9e2fa6543e3212fc0607c7ef0ade6dd4c117b88ce17127d781f04d850089490,det-v1,1,accepted,1519,10585,147682.921,0.0124765500,false,false
call-000304,arm8_spec_immediate,cal/f3/s3060001/unreliable,25,step-5-preview,sha256:ca27f8f6e67b78422f58271737dcfef441501fb173abc2ee12d5c9574e7ffdcb,det-v1,1,,1747,13757,198987.658,0.0161699500,false,true
call-000305,arm8_spec_immediate,cal/f3/s3060001/unreliable,25,step-5-preview,sha256:ca27f8f6e67b78422f58271737dcfef441501fb173abc2ee12d5c9574e7ffdcb,det-v1,1,accepted,1747,13757,198987.658,0.0161699500,false,false
call-000306,arm9_spec_heuristic_rollback,cal/f3/s3060001/unreliable,19,step-5-preview,sha256:c9e2fa6543e3212fc0607c7ef0ade6dd4c117b88ce17127d781f04d850089490,det-v1,1,accepted,1519,10585,0.003,0.0124765500,true,false
call-000307,arm9_spec_heuristic_rollback,cal/f3/s3060001/unreliable,25,step-5-preview,sha256:ca27f8f6e67b78422f58271737dcfef441501fb173abc2ee12d5c9574e7ffdcb,det-v1,1,accepted,1747,13757,0.003,0.0161699500,true,false
call-000308,arm10_spec_eprocess,cal/f3/s3060001/unreliable,19,step-5-preview,sha256:c9e2fa6543e3212fc0607c7ef0ade6dd4c117b88ce17127d781f04d850089490,det-v1,1,accepted,1519,10585,0.002,0.0124765500,true,false
call-000309,arm10_spec_eprocess,cal/f3/s3060001/unreliable,25,step-5-preview,sha256:6952f79033bd24ed70c7b9d1fc16aaca2b0b6fb86e17d565624f070f5b347eee,det-v1,1,,1747,8038,116251.206,0.0095931000,false,true
call-000310,arm10_spec_eprocess,cal/f3/s3060001/unreliable,25,step-5-preview,sha256:6952f79033bd24ed70c7b9d1fc16aaca2b0b6fb86e17d565624f070f5b347eee,det-v1,1,accepted,1747,8038,116251.206,0.0095931000,false,false
call-000311,arm8_spec_immediate,dev/f4/s4050000/early_accurate,19,step-5-preview,sha256:17e57fe50f100cfe28977666ddd0065b2dbbc76e1db8c68e981ffe2eef94d215,det-v1,1,,1510,2107,32586.560,0.0027250500,false,true
call-000312,arm8_spec_immediate,dev/f4/s4050000/early_accurate,19,step-5-preview,sha256:17e57fe50f100cfe28977666ddd0065b2dbbc76e1db8c68e981ffe2eef94d215,det-v1,1,accepted,1510,2107,32586.560,0.0027250500,false,false
call-000313,arm9_spec_heuristic_rollback,dev/f4/s4050000/early_accurate,19,step-5-preview,sha256:17e57fe50f100cfe28977666ddd0065b2dbbc76e1db8c68e981ffe2eef94d215,det-v1,1,accepted,1510,2107,0.001,0.0027250500,true,false
call-000314,arm10_spec_eprocess,dev/f4/s4050000/early_accurate,19,step-5-preview,sha256:17e57fe50f100cfe28977666ddd0065b2dbbc76e1db8c68e981ffe2eef94d215,det-v1,1,accepted,1510,2107,0.001,0.0027250500,true,false
call-000315,arm8_spec_immediate,cal/f4/s4060000/early_accurate,15,step-5-preview,sha256:c05825ffe2ebd82a689359b35fa6cc34695020d668f8c0506961c36862425b3c,det-v1,1,,1357,3171,47796.143,0.0039180500,false,true
call-000316,arm8_spec_immediate,cal/f4/s4060000/early_accurate,15,step-5-preview,sha256:c05825ffe2ebd82a689359b35fa6cc34695020d668f8c0506961c36862425b3c,det-v1,1,accepted,1357,3171,47796.143,0.0039180500,false,false
call-000317,arm9_spec_heuristic_rollback,cal/f4/s4060000/early_accurate,15,step-5-preview,sha256:c05825ffe2ebd82a689359b35fa6cc34695020d668f8c0506961c36862425b3c,det-v1,1,accepted,1357,3171,0.002,0.0039180500,true,false
call-000318,arm10_spec_eprocess,cal/f4/s4060000/early_accurate,15,step-5-preview,sha256:c05825ffe2ebd82a689359b35fa6cc34695020d668f8c0506961c36862425b3c,det-v1,1,accepted,1357,3171,0.001,0.0039180500,true,false
call-000319,arm8_spec_immediate,dev/f4/s4050001/early_accurate,17,step-5-preview,sha256:81a09490b98a27e45972a818ed31fb98865b60a73790712f8783858beab171e5,det-v1,1,,1436,5238,79313.033,0.0063109000,false,true
call-000320,arm8_spec_immediate,dev/f4/s4050001/early_accurate,17,step-5-preview,sha256:81a09490b98a27e45972a818ed31fb98865b60a73790712f8783858beab171e5,det-v1,1,accepted,1436,5238,79313.033,0.0063109000,false,false
call-000321,arm9_spec_heuristic_rollback,dev/f4/s4050001/early_accurate,17,step-5-preview,sha256:81a09490b98a27e45972a818ed31fb98865b60a73790712f8783858beab171e5,det-v1,1,accepted,1436,5238,0.002,0.0063109000,true,false
call-000322,arm10_spec_eprocess,dev/f4/s4050001/early_accurate,17,step-5-preview,sha256:81a09490b98a27e45972a818ed31fb98865b60a73790712f8783858beab171e5,det-v1,1,accepted,1436,5238,0.002,0.0063109000,true,false
call-000323,arm8_spec_immediate,cal/f4/s4060001/early_accurate,15,step-5-preview,sha256:513907a212d12e43f0dbb9caf0ced38014149caa1572fb7ad7f7afb5186cdfb1,det-v1,1,,1362,3122,49070.214,0.0038627000,false,true
call-000324,arm8_spec_immediate,cal/f4/s4060001/early_accurate,15,step-5-preview,sha256:513907a212d12e43f0dbb9caf0ced38014149caa1572fb7ad7f7afb5186cdfb1,det-v1,1,accepted,1362,3122,49070.214,0.0038627000,false,false
call-000325,arm9_spec_heuristic_rollback,cal/f4/s4060001/early_accurate,15,step-5-preview,sha256:513907a212d12e43f0dbb9caf0ced38014149caa1572fb7ad7f7afb5186cdfb1,det-v1,1,accepted,1362,3122,0.002,0.0038627000,true,false
call-000326,arm10_spec_eprocess,cal/f4/s4060001/early_accurate,15,step-5-preview,sha256:513907a212d12e43f0dbb9caf0ced38014149caa1572fb7ad7f7afb5186cdfb1,det-v1,1,accepted,1362,3122,0.002,0.0038627000,true,false
call-000327,arm8_spec_immediate,dev/f4/s4050000/late_accurate,22,step-5-preview,sha256:e54def187cfdd73c136e918f7cb1e8ba95bd283888273b3f527c56d19eaa631a,det-v1,1,,1624,4694,70573.470,0.0057229000,false,true
call-000328,arm8_spec_immediate,dev/f4/s4050000/late_accurate,22,step-5-preview,sha256:e54def187cfdd73c136e918f7cb1e8ba95bd283888273b3f527c56d19eaa631a,det-v1,1,accepted,1624,4694,70573.470,0.0057229000,false,false
call-000329,arm9_spec_heuristic_rollback,dev/f4/s4050000/late_accurate,22,step-5-preview,sha256:e54def187cfdd73c136e918f7cb1e8ba95bd283888273b3f527c56d19eaa631a,det-v1,1,accepted,1624,4694,0.001,0.0057229000,true,false
call-000330,arm10_spec_eprocess,dev/f4/s4050000/late_accurate,22,step-5-preview,sha256:e54def187cfdd73c136e918f7cb1e8ba95bd283888273b3f527c56d19eaa631a,det-v1,1,accepted,1624,4694,0.001,0.0057229000,true,false
call-000331,arm8_spec_immediate,cal/f4/s4060000/late_accurate,18,step-5-preview,sha256:c2cd02d2c3a7bde101a87e204a4b3bfce21fff85e0793c8bfdb97f2769145ccf,det-v1,1,,1471,5761,87822.289,0.0069193500,false,true
call-000332,arm8_spec_immediate,cal/f4/s4060000/late_accurate,18,step-5-preview,sha256:c2cd02d2c3a7bde101a87e204a4b3bfce21fff85e0793c8bfdb97f2769145ccf,det-v1,1,accepted,1471,5761,87822.289,0.0069193500,false,false
call-000333,arm9_spec_heuristic_rollback,cal/f4/s4060000/late_accurate,18,step-5-preview,sha256:c2cd02d2c3a7bde101a87e204a4b3bfce21fff85e0793c8bfdb97f2769145ccf,det-v1,1,accepted,1471,5761,0.002,0.0069193500,true,false
call-000334,arm10_spec_eprocess,cal/f4/s4060000/late_accurate,18,step-5-preview,sha256:c2cd02d2c3a7bde101a87e204a4b3bfce21fff85e0793c8bfdb97f2769145ccf,det-v1,1,accepted,1471,5761,0.001,0.0069193500,true,false
call-000335,arm8_spec_immediate,dev/f4/s4050001/late_accurate,20,step-5-preview,sha256:95d1b9f06c1f4add9de87db1c48a444c527a1c2b2bbbf5f7beebc2a001a19fe4,det-v1,1,,1550,4798,79040.445,0.0058277000,false,true
call-000336,arm8_spec_immediate,dev/f4/s4050001/late_accurate,20,step-5-preview,sha256:95d1b9f06c1f4add9de87db1c48a444c527a1c2b2bbbf5f7beebc2a001a19fe4,det-v1,1,accepted,1550,4798,79040.445,0.0058277000,false,false
call-000337,arm9_spec_heuristic_rollback,dev/f4/s4050001/late_accurate,20,step-5-preview,sha256:95d1b9f06c1f4add9de87db1c48a444c527a1c2b2bbbf5f7beebc2a001a19fe4,det-v1,1,accepted,1550,4798,0.002,0.0058277000,true,false
call-000338,arm10_spec_eprocess,dev/f4/s4050001/late_accurate,20,step-5-preview,sha256:95d1b9f06c1f4add9de87db1c48a444c527a1c2b2bbbf5f7beebc2a001a19fe4,det-v1,1,accepted,1550,4798,0.001,0.0058277000,true,false
call-000339,arm8_spec_immediate,cal/f4/s4060001/late_accurate,18,step-5-preview,sha256:683bfd98be6aab68fac2ff7c2882126ef0b867571154496022925a3060669135,det-v1,1,,1476,4112,62611.674,0.0050240000,false,true
call-000340,arm8_spec_immediate,cal/f4/s4060001/late_accurate,18,step-5-preview,sha256:683bfd98be6aab68fac2ff7c2882126ef0b867571154496022925a3060669135,det-v1,1,accepted,1476,4112,62611.674,0.0050240000,false,false
call-000341,arm9_spec_heuristic_rollback,cal/f4/s4060001/late_accurate,18,step-5-preview,sha256:683bfd98be6aab68fac2ff7c2882126ef0b867571154496022925a3060669135,det-v1,1,accepted,1476,4112,0.001,0.0050240000,true,false
call-000342,arm10_spec_eprocess,cal/f4/s4060001/late_accurate,18,step-5-preview,sha256:683bfd98be6aab68fac2ff7c2882126ef0b867571154496022925a3060669135,det-v1,1,accepted,1476,4112,0.001,0.0050240000,true,false
call-000343,arm8_spec_immediate,dev/f4/s4050000/unreliable,19,step-5-preview,sha256:1348d33e8c980f8e04f82802a1e1f549feceb4892d268462203f7d5cc10b90e3,det-v1,1,,1514,2868,40957.266,0.0036010000,false,true
call-000344,arm8_spec_immediate,dev/f4/s4050000/unreliable,19,step-5-preview,sha256:1348d33e8c980f8e04f82802a1e1f549feceb4892d268462203f7d5cc10b90e3,det-v1,1,accepted,1514,2868,40957.266,0.0036010000,false,false
call-000345,arm9_spec_heuristic_rollback,dev/f4/s4050000/unreliable,19,step-5-preview,sha256:1348d33e8c980f8e04f82802a1e1f549feceb4892d268462203f7d5cc10b90e3,det-v1,1,accepted,1514,2868,0.001,0.0036010000,true,false
call-000346,arm10_spec_eprocess,dev/f4/s4050000/unreliable,19,step-5-preview,sha256:1348d33e8c980f8e04f82802a1e1f549feceb4892d268462203f7d5cc10b90e3,det-v1,1,accepted,1514,2868,0.001,0.0036010000,true,false
call-000347,arm8_spec_immediate,cal/f4/s4060000/unreliable,15,step-5-preview,sha256:28f1c5a66c66a4300c7e34bbbf88aec3009449428273a4720c36f62007b2725e,det-v1,1,,1363,4122,56757.251,0.0050129000,false,true
call-000348,arm8_spec_immediate,cal/f4/s4060000/unreliable,15,step-5-preview,sha256:28f1c5a66c66a4300c7e34bbbf88aec3009449428273a4720c36f62007b2725e,det-v1,1,accepted,1363,4122,56757.251,0.0050129000,false,false
call-000349,arm9_spec_heuristic_rollback,cal/f4/s4060000/unreliable,15,step-5-preview,sha256:28f1c5a66c66a4300c7e34bbbf88aec3009449428273a4720c36f62007b2725e,det-v1,1,accepted,1363,4122,0.001,0.0050129000,true,false
call-000350,arm10_spec_eprocess,cal/f4/s4060000/unreliable,15,step-5-preview,sha256:28f1c5a66c66a4300c7e34bbbf88aec3009449428273a4720c36f62007b2725e,det-v1,1,accepted,1363,4122,0.001,0.0050129000,true,false
call-000351,arm8_spec_immediate,dev/f4/s4050001/unreliable,17,step-5-preview,sha256:f4b25d74fe3a97225e0f0423b15c64c3d93058980bd8cc85d6b8bddbce284a37,det-v1,1,,1424,1172,13753.711,0.0016326000,false,true
call-000352,arm8_spec_immediate,dev/f4/s4050001/unreliable,17,step-5-preview,sha256:f4b25d74fe3a97225e0f0423b15c64c3d93058980bd8cc85d6b8bddbce284a37,det-v1,1,accepted,1424,1172,13753.711,0.0016326000,false,false
call-000353,arm9_spec_heuristic_rollback,dev/f4/s4050001/unreliable,17,step-5-preview,sha256:f4b25d74fe3a97225e0f0423b15c64c3d93058980bd8cc85d6b8bddbce284a37,det-v1,1,accepted,1424,1172,0.002,0.0016326000,true,false
call-000354,arm10_spec_eprocess,dev/f4/s4050001/unreliable,17,step-5-preview,sha256:f4b25d74fe3a97225e0f0423b15c64c3d93058980bd8cc85d6b8bddbce284a37,det-v1,1,accepted,1424,1172,0.002,0.0016326000,true,false
call-000355,arm8_spec_immediate,cal/f4/s4060001/unreliable,15,step-5-preview,sha256:34fdf30df5465e0d8c6dd773ab1aa2b9d067020d7b5f499f9ba6f538aeb4a156,det-v1,1,,1362,4242,60070.575,0.0051507000,false,true
call-000356,arm8_spec_immediate,cal/f4/s4060001/unreliable,15,step-5-preview,sha256:34fdf30df5465e0d8c6dd773ab1aa2b9d067020d7b5f499f9ba6f538aeb4a156,det-v1,1,accepted,1362,4242,60070.575,0.0051507000,false,false
call-000357,arm9_spec_heuristic_rollback,cal/f4/s4060001/unreliable,15,step-5-preview,sha256:34fdf30df5465e0d8c6dd773ab1aa2b9d067020d7b5f499f9ba6f538aeb4a156,det-v1,1,accepted,1362,4242,0.002,0.0051507000,true,false
call-000358,arm10_spec_eprocess,cal/f4/s4060001/unreliable,15,step-5-preview,sha256:34fdf30df5465e0d8c6dd773ab1aa2b9d067020d7b5f499f9ba6f538aeb4a156,det-v1,1,accepted,1362,4242,0.001,0.0051507000,true,false
call-000359,arm8_spec_immediate,dev/f5/s5050000/early_accurate,20,step-5-preview,sha256:17b96f7f156fb2893c2c434d8cdc76ce8c834639a0f8f500b0fe735510c00a82,det-v1,1,,1557,11159,151554.538,0.0131442500,false,true
call-000360,arm8_spec_immediate,dev/f5/s5050000/early_accurate,20,step-5-preview,sha256:17b96f7f156fb2893c2c434d8cdc76ce8c834639a0f8f500b0fe735510c00a82,det-v1,1,accepted,1557,11159,151554.538,0.0131442500,false,false
call-000361,arm9_spec_heuristic_rollback,dev/f5/s5050000/early_accurate,20,step-5-preview,sha256:17b96f7f156fb2893c2c434d8cdc76ce8c834639a0f8f500b0fe735510c00a82,det-v1,1,accepted,1557,11159,0.003,0.0131442500,true,false
call-000362,arm10_spec_eprocess,dev/f5/s5050000/early_accurate,20,step-5-preview,sha256:17b96f7f156fb2893c2c434d8cdc76ce8c834639a0f8f500b0fe735510c00a82,det-v1,1,accepted,1557,11159,0.002,0.0131442500,true,false
call-000363,arm8_spec_immediate,cal/f5/s5060000/early_accurate,18,step-5-preview,sha256:80a7a74d0e894f2f6f0da26031536c94c710e08d1b21ccf2781b6f2dc62a7a38,det-v1,1,,1476,8646,127058.351,0.0102381000,false,true
call-000364,arm8_spec_immediate,cal/f5/s5060000/early_accurate,18,step-5-preview,sha256:80a7a74d0e894f2f6f0da26031536c94c710e08d1b21ccf2781b6f2dc62a7a38,det-v1,1,accepted,1476,8646,127058.351,0.0102381000,false,false
call-000365,arm9_spec_heuristic_rollback,cal/f5/s5060000/early_accurate,18,step-5-preview,sha256:80a7a74d0e894f2f6f0da26031536c94c710e08d1b21ccf2781b6f2dc62a7a38,det-v1,1,accepted,1476,8646,0.003,0.0102381000,true,false
call-000366,arm10_spec_eprocess,cal/f5/s5060000/early_accurate,18,step-5-preview,sha256:80a7a74d0e894f2f6f0da26031536c94c710e08d1b21ccf2781b6f2dc62a7a38,det-v1,1,accepted,1476,8646,0.002,0.0102381000,true,false
call-000367,arm8_spec_immediate,dev/f5/s5050001/early_accurate,15,step-5-preview,sha256:c0e52f96e8b4101a6d6565c8f5f075b8e8e480548a800ed6749c4e05a88a7a27,det-v1,1,,1357,6428,89392.327,0.0076636000,false,true
call-000368,arm8_spec_immediate,dev/f5/s5050001/early_accurate,15,step-5-preview,sha256:c0e52f96e8b4101a6d6565c8f5f075b8e8e480548a800ed6749c4e05a88a7a27,det-v1,1,accepted,1357,6428,89392.327,0.0076636000,false,false
call-000369,arm9_spec_heuristic_rollback,dev/f5/s5050001/early_accurate,15,step-5-preview,sha256:c0e52f96e8b4101a6d6565c8f5f075b8e8e480548a800ed6749c4e05a88a7a27,det-v1,1,accepted,1357,6428,0.002,0.0076636000,true,false
call-000370,arm10_spec_eprocess,dev/f5/s5050001/early_accurate,15,step-5-preview,sha256:c0e52f96e8b4101a6d6565c8f5f075b8e8e480548a800ed6749c4e05a88a7a27,det-v1,1,accepted,1357,6428,0.001,0.0076636000,true,false
call-000371,arm8_spec_immediate,cal/f5/s5060001/early_accurate,21,step-5-preview,sha256:44a47d8000a7c373fde7e2cbe577d2d710b44c5854f799c2c6669f1cd8c9e60c,det-v1,1,,1592,5969,81461.079,0.0071827500,false,true
call-000372,arm8_spec_immediate,cal/f5/s5060001/early_accurate,21,step-5-preview,sha256:44a47d8000a7c373fde7e2cbe577d2d710b44c5854f799c2c6669f1cd8c9e60c,det-v1,1,accepted,1592,5969,81461.079,0.0071827500,false,false
call-000373,arm9_spec_heuristic_rollback,cal/f5/s5060001/early_accurate,21,step-5-preview,sha256:44a47d8000a7c373fde7e2cbe577d2d710b44c5854f799c2c6669f1cd8c9e60c,det-v1,1,accepted,1592,5969,0.002,0.0071827500,true,false
call-000374,arm10_spec_eprocess,cal/f5/s5060001/early_accurate,21,step-5-preview,sha256:44a47d8000a7c373fde7e2cbe577d2d710b44c5854f799c2c6669f1cd8c9e60c,det-v1,1,accepted,1592,5969,0.002,0.0071827500,true,false
call-000375,arm8_spec_immediate,dev/f5/s5050000/late_accurate,23,step-5-preview,sha256:55a8334cafbce9fb504d4bc5f59b3254f6ed65d758441dda65a44a92f2983cf0,det-v1,1,,1671,8242,118104.226,0.0098125000,false,true
call-000376,arm8_spec_immediate,dev/f5/s5050000/late_accurate,23,step-5-preview,sha256:55a8334cafbce9fb504d4bc5f59b3254f6ed65d758441dda65a44a92f2983cf0,det-v1,1,accepted,1671,8242,118104.226,0.0098125000,false,false
call-000377,arm9_spec_heuristic_rollback,dev/f5/s5050000/late_accurate,23,step-5-preview,sha256:55a8334cafbce9fb504d4bc5f59b3254f6ed65d758441dda65a44a92f2983cf0,det-v1,1,accepted,1671,8242,0.003,0.0098125000,true,false
call-000378,arm10_spec_eprocess,dev/f5/s5050000/late_accurate,23,step-5-preview,sha256:55a8334cafbce9fb504d4bc5f59b3254f6ed65d758441dda65a44a92f2983cf0,det-v1,1,accepted,1671,8242,0.003,0.0098125000,true,false
call-000379,arm8_spec_immediate,cal/f5/s5060000/late_accurate,21,step-5-preview,sha256:a33afbe4f9f0a69de0b3d6dd940bf5b4c55345f6065eeaa6df6f22e648f7499f,det-v1,1,,1590,7298,107834.032,0.0087107000,false,true
call-000380,arm8_spec_immediate,cal/f5/s5060000/late_accurate,21,step-5-preview,sha256:a33afbe4f9f0a69de0b3d6dd940bf5b4c55345f6065eeaa6df6f22e648f7499f,det-v1,1,accepted,1590,7298,107834.032,0.0087107000,false,false
call-000381,arm9_spec_heuristic_rollback,cal/f5/s5060000/late_accurate,21,step-5-preview,sha256:a33afbe4f9f0a69de0b3d6dd940bf5b4c55345f6065eeaa6df6f22e648f7499f,det-v1,1,accepted,1590,7298,0.002,0.0087107000,true,false
call-000382,arm10_spec_eprocess,cal/f5/s5060000/late_accurate,21,step-5-preview,sha256:a33afbe4f9f0a69de0b3d6dd940bf5b4c55345f6065eeaa6df6f22e648f7499f,det-v1,1,accepted,1590,7298,0.002,0.0087107000,true,false
call-000383,arm8_spec_immediate,dev/f5/s5050001/late_accurate,18,step-5-preview,sha256:1235c8873c94326df0f1983f634e485ab3b901abb520d53f43ac813207102801,det-v1,1,,1471,9505,135563.511,0.0112249500,false,true
call-000384,arm8_spec_immediate,dev/f5/s5050001/late_accurate,18,step-5-preview,sha256:1235c8873c94326df0f1983f634e485ab3b901abb520d53f43ac813207102801,det-v1,1,accepted,1471,9505,135563.511,0.0112249500,false,false
call-000385,arm9_spec_heuristic_rollback,dev/f5/s5050001/late_accurate,18,step-5-preview,sha256:1235c8873c94326df0f1983f634e485ab3b901abb520d53f43ac813207102801,det-v1,1,accepted,1471,9505,0.002,0.0112249500,true,false
call-000386,arm10_spec_eprocess,dev/f5/s5050001/late_accurate,18,step-5-preview,sha256:1235c8873c94326df0f1983f634e485ab3b901abb520d53f43ac813207102801,det-v1,1,accepted,1471,9505,0.002,0.0112249500,true,false
call-000387,arm8_spec_immediate,cal/f5/s5060001/late_accurate,24,step-5-preview,sha256:b22f7aea7b8e5d5e1d44075aa19157a52dcb2d2ea0eef048558d5ba7b080ef94,det-v1,1,,1706,7980,109388.098,0.0095182000,false,true
call-000388,arm8_spec_immediate,cal/f5/s5060001/late_accurate,24,step-5-preview,sha256:b22f7aea7b8e5d5e1d44075aa19157a52dcb2d2ea0eef048558d5ba7b080ef94,det-v1,1,accepted,1706,7980,109388.098,0.0095182000,false,false
call-000389,arm9_spec_heuristic_rollback,cal/f5/s5060001/late_accurate,24,step-5-preview,sha256:b22f7aea7b8e5d5e1d44075aa19157a52dcb2d2ea0eef048558d5ba7b080ef94,det-v1,1,accepted,1706,7980,0.002,0.0095182000,true,false
call-000390,arm10_spec_eprocess,cal/f5/s5060001/late_accurate,24,step-5-preview,sha256:b22f7aea7b8e5d5e1d44075aa19157a52dcb2d2ea0eef048558d5ba7b080ef94,det-v1,1,accepted,1706,7980,0.002,0.0095182000,true,false
call-000391,arm8_spec_immediate,dev/f5/s5050000/unreliable,20,step-5-preview,sha256:36e3ee11958a963e0db546d85da7c602ce3743c4bafa4ecadd8d2324b7785b42,det-v1,1,,1550,3177,44955.198,0.0039635500,false,true
call-000392,arm8_spec_immediate,dev/f5/s5050000/unreliable,20,step-5-preview,sha256:36e3ee11958a963e0db546d85da7c602ce3743c4bafa4ecadd8d2324b7785b42,det-v1,1,accepted,1550,3177,44955.198,0.0039635500,false,false
call-000393,arm9_spec_heuristic_rollback,dev/f5/s5050000/unreliable,20,step-5-preview,sha256:36e3ee11958a963e0db546d85da7c602ce3743c4bafa4ecadd8d2324b7785b42,det-v1,1,accepted,1550,3177,0.002,0.0039635500,true,false
call-000394,arm10_spec_eprocess,dev/f5/s5050000/unreliable,20,step-5-preview,sha256:36e3ee11958a963e0db546d85da7c602ce3743c4bafa4ecadd8d2324b7785b42,det-v1,1,accepted,1550,3177,0.001,0.0039635500,true,false
call-000395,arm8_spec_immediate,cal/f5/s5060000/unreliable,18,step-5-preview,sha256:8239960ade466c5ba8cfcb17185635a3d6ee9b4aa5a2ec42181a79077a8db781,det-v1,1,,1481,3106,39774.236,0.0038681000,false,true
call-000396,arm8_spec_immediate,cal/f5/s5060000/unreliable,18,step-5-preview,sha256:8239960ade466c5ba8cfcb17185635a3d6ee9b4aa5a2ec42181a79077a8db781,det-v1,1,accepted,1481,3106,39774.236,0.0038681000,false,false
call-000397,arm9_spec_heuristic_rollback,cal/f5/s5060000/unreliable,18,step-5-preview,sha256:8239960ade466c5ba8cfcb17185635a3d6ee9b4aa5a2ec42181a79077a8db781,det-v1,1,accepted,1481,3106,0.001,0.0038681000,true,false
call-000398,arm10_spec_eprocess,cal/f5/s5060000/unreliable,18,step-5-preview,sha256:8239960ade466c5ba8cfcb17185635a3d6ee9b4aa5a2ec42181a79077a8db781,det-v1,1,accepted,1481,3106,0.001,0.0038681000,true,false
call-000399,arm8_spec_immediate,dev/f5/s5050001/unreliable,15,step-5-preview,sha256:20c85b5436bcbea0b44b93f19977f6050eed3001eac7efc8012818bd4390da53,det-v1,1,,1347,1076,18070.741,0.0015068000,false,true
call-000400,arm8_spec_immediate,dev/f5/s5050001/unreliable,15,step-5-preview,sha256:20c85b5436bcbea0b44b93f19977f6050eed3001eac7efc8012818bd4390da53,det-v1,1,accepted,1347,1076,18070.741,0.0015068000,false,false
call-000401,arm9_spec_heuristic_rollback,dev/f5/s5050001/unreliable,15,step-5-preview,sha256:20c85b5436bcbea0b44b93f19977f6050eed3001eac7efc8012818bd4390da53,det-v1,1,accepted,1347,1076,0.002,0.0015068000,true,false
call-000402,arm10_spec_eprocess,dev/f5/s5050001/unreliable,15,step-5-preview,sha256:20c85b5436bcbea0b44b93f19977f6050eed3001eac7efc8012818bd4390da53,det-v1,1,accepted,1347,1076,0.001,0.0015068000,true,false
call-000403,arm8_spec_immediate,cal/f5/s5060001/unreliable,21,step-5-preview,sha256:6606a850d851de31b618038e6a2b5455dc390d70eb6857e94558ff2d02841819,det-v1,1,,1601,1486,19401.489,0.0020291000,false,true
call-000404,arm8_spec_immediate,cal/f5/s5060001/unreliable,21,step-5-preview,sha256:6606a850d851de31b618038e6a2b5455dc390d70eb6857e94558ff2d02841819,det-v1,1,accepted,1601,1486,19401.489,0.0020291000,false,false
call-000405,arm9_spec_heuristic_rollback,cal/f5/s5060001/unreliable,21,step-5-preview,sha256:6606a850d851de31b618038e6a2b5455dc390d70eb6857e94558ff2d02841819,det-v1,1,accepted,1601,1486,0.002,0.0020291000,true,false
call-000406,arm10_spec_eprocess,cal/f5/s5060001/unreliable,21,step-5-preview,sha256:6606a850d851de31b618038e6a2b5455dc390d70eb6857e94558ff2d02841819,det-v1,1,accepted,1601,1486,0.002,0.0020291000,true,false
call-000407,arm8_spec_immediate,dev/f6/s6050000/no_alert,22,step-5-preview,sha256:70b8abb03513e68054052003969ba463b65f7ecb0f1ab3aa0d726b2c91e51b95,det-v1,1,,1588,12710,177206.292,0.0149341000,false,true
call-000408,arm8_spec_immediate,dev/f6/s6050000/no_alert,22,step-5-preview,sha256:70b8abb03513e68054052003969ba463b65f7ecb0f1ab3aa0d726b2c91e51b95,det-v1,1,accepted,1588,12710,177206.292,0.0149341000,false,false
call-000409,arm9_spec_heuristic_rollback,dev/f6/s6050000/no_alert,22,step-5-preview,sha256:70b8abb03513e68054052003969ba463b65f7ecb0f1ab3aa0d726b2c91e51b95,det-v1,1,accepted,1588,12710,0.003,0.0149341000,true,false
call-000410,arm10_spec_eprocess,dev/f6/s6050000/no_alert,22,step-5-preview,sha256:70b8abb03513e68054052003969ba463b65f7ecb0f1ab3aa0d726b2c91e51b95,det-v1,1,accepted,1588,12710,0.003,0.0149341000,true,false
call-000411,arm8_spec_immediate,cal/f6/s6060000/no_alert,18,step-5-preview,sha256:996f444d21037613d8836f00992362582e0082f26d5d23ac35f8eb75944e5cc9,det-v1,1,,1436,8190,119176.533,0.0097057000,false,true
call-000412,arm8_spec_immediate,cal/f6/s6060000/no_alert,18,step-5-preview,sha256:996f444d21037613d8836f00992362582e0082f26d5d23ac35f8eb75944e5cc9,det-v1,1,accepted,1436,8190,119176.533,0.0097057000,false,false
call-000413,arm9_spec_heuristic_rollback,cal/f6/s6060000/no_alert,18,step-5-preview,sha256:996f444d21037613d8836f00992362582e0082f26d5d23ac35f8eb75944e5cc9,det-v1,1,accepted,1436,8190,0.003,0.0097057000,true,false
call-000414,arm10_spec_eprocess,cal/f6/s6060000/no_alert,18,step-5-preview,sha256:996f444d21037613d8836f00992362582e0082f26d5d23ac35f8eb75944e5cc9,det-v1,1,accepted,1436,8190,0.003,0.0097057000,true,false
call-000415,arm8_spec_immediate,dev/f6/s6050001/no_alert,25,step-5-preview,sha256:63ce6ec12b2c28bb92766eb6dbb51740412957f7b4f7eafbbbb18518c29350be,det-v1,1,,1702,21759,319274.123,0.0253632500,false,true
call-000416,arm8_spec_immediate,dev/f6/s6050001/no_alert,25,step-5-preview,sha256:63ce6ec12b2c28bb92766eb6dbb51740412957f7b4f7eafbbbb18518c29350be,det-v1,1,accepted,1702,21759,319274.123,0.0253632500,false,false
call-000417,arm9_spec_heuristic_rollback,dev/f6/s6050001/no_alert,25,step-5-preview,sha256:63ce6ec12b2c28bb92766eb6dbb51740412957f7b4f7eafbbbb18518c29350be,det-v1,1,accepted,1702,21759,0.003,0.0253632500,true,false
call-000418,arm10_spec_eprocess,dev/f6/s6050001/no_alert,25,step-5-preview,sha256:63ce6ec12b2c28bb92766eb6dbb51740412957f7b4f7eafbbbb18518c29350be,det-v1,1,accepted,1702,21759,0.003,0.0253632500,true,false
call-000419,arm8_spec_immediate,cal/f6/s6060001/no_alert,23,step-5-preview,sha256:8a21828159a9c7324b829cb6eb7b75198830b4c3927823b7c25e67f7714acf17,det-v1,1,,1626,12173,167065.635,0.0143241500,false,true
call-000420,arm8_spec_immediate,cal/f6/s6060001/no_alert,23,step-5-preview,sha256:8a21828159a9c7324b829cb6eb7b75198830b4c3927823b7c25e67f7714acf17,det-v1,1,accepted,1626,12173,167065.635,0.0143241500,false,false
call-000421,arm9_spec_heuristic_rollback,cal/f6/s6060001/no_alert,23,step-5-preview,sha256:8a21828159a9c7324b829cb6eb7b75198830b4c3927823b7c25e67f7714acf17,det-v1,1,accepted,1626,12173,0.003,0.0143241500,true,false
call-000422,arm10_spec_eprocess,cal/f6/s6060001/no_alert,23,step-5-preview,sha256:8a21828159a9c7324b829cb6eb7b75198830b4c3927823b7c25e67f7714acf17,det-v1,1,accepted,1626,12173,0.002,0.0143241500,true,false
call-000423,arm8_spec_immediate,dev/f6/s6050000/early_accurate,18,step-5-preview,sha256:81689807ab4a6694fd37c9260c5cb9e3620391b85451c78787b11e15195f54d3,det-v1,1,,1475,8474,118033.745,0.0100401000,false,true
call-000424,arm8_spec_immediate,dev/f6/s6050000/early_accurate,18,step-5-preview,sha256:81689807ab4a6694fd37c9260c5cb9e3620391b85451c78787b11e15195f54d3,det-v1,1,accepted,1475,8474,118033.745,0.0100401000,false,false
call-000425,arm9_spec_heuristic_rollback,dev/f6/s6050000/early_accurate,18,step-5-preview,sha256:81689807ab4a6694fd37c9260c5cb9e3620391b85451c78787b11e15195f54d3,det-v1,1,accepted,1475,8474,0.003,0.0100401000,true,false
call-000426,arm10_spec_eprocess,dev/f6/s6050000/early_accurate,18,step-5-preview,sha256:81689807ab4a6694fd37c9260c5cb9e3620391b85451c78787b11e15195f54d3,det-v1,1,accepted,1475,8474,0.003,0.0100401000,true,false
call-000427,arm8_spec_immediate,cal/f6/s6060000/early_accurate,13,step-5-preview,sha256:287284698353a7d6a61f4af8dc97fc411102fde087288808b685996309279db7,det-v1,1,,1289,12508,185765.322,0.0146420000,false,true
call-000428,arm8_spec_immediate,cal/f6/s6060000/early_accurate,13,step-5-preview,sha256:287284698353a7d6a61f4af8dc97fc411102fde087288808b685996309279db7,det-v1,1,accepted,1289,12508,185765.322,0.0146420000,false,false
call-000429,arm8_spec_immediate,cal/f6/s6060000/early_accurate,19,step-5-preview,sha256:a94f082e47c1a621b3c7de66c2bac5bc1889f3c2fe2f7a58086bfcdfb3952b66,det-v1,1,,1517,11144,151447.941,0.0131190000,false,true
call-000430,arm8_spec_immediate,cal/f6/s6060000/early_accurate,19,step-5-preview,sha256:a94f082e47c1a621b3c7de66c2bac5bc1889f3c2fe2f7a58086bfcdfb3952b66,det-v1,1,accepted,1517,11144,151447.941,0.0131190000,false,false
call-000431,arm9_spec_heuristic_rollback,cal/f6/s6060000/early_accurate,13,step-5-preview,sha256:287284698353a7d6a61f4af8dc97fc411102fde087288808b685996309279db7,det-v1,1,accepted,1289,12508,0.003,0.0146420000,true,false
call-000432,arm9_spec_heuristic_rollback,cal/f6/s6060000/early_accurate,19,step-5-preview,sha256:a94f082e47c1a621b3c7de66c2bac5bc1889f3c2fe2f7a58086bfcdfb3952b66,det-v1,1,accepted,1517,11144,0.003,0.0131190000,true,false
call-000433,arm10_spec_eprocess,cal/f6/s6060000/early_accurate,13,step-5-preview,sha256:287284698353a7d6a61f4af8dc97fc411102fde087288808b685996309279db7,det-v1,1,accepted,1289,12508,0.003,0.0146420000,true,false
call-000434,arm10_spec_eprocess,cal/f6/s6060000/early_accurate,19,step-5-preview,sha256:f0ec20c8d7e9c4d3cbae5bb828ba4a71ab7571fdd2bbc3f958ec6218a3961975,det-v1,1,,1517,12923,184291.636,0.0151648500,false,true
call-000435,arm10_spec_eprocess,cal/f6/s6060000/early_accurate,19,step-5-preview,sha256:f0ec20c8d7e9c4d3cbae5bb828ba4a71ab7571fdd2bbc3f958ec6218a3961975,det-v1,1,accepted,1517,12923,184291.636,0.0151648500,false,false
call-000436,arm8_spec_immediate,dev/f6/s6050001/early_accurate,19,step-5-preview,sha256:b7893a6bcfbf732758095e4ed5546b7d4a3595abce150edad73a273c1c8e7b32,det-v1,1,,1507,3183,44108.206,0.0039618500,false,true
call-000437,arm8_spec_immediate,dev/f6/s6050001/early_accurate,19,step-5-preview,sha256:b7893a6bcfbf732758095e4ed5546b7d4a3595abce150edad73a273c1c8e7b32,det-v1,1,accepted,1507,3183,44108.206,0.0039618500,false,false
call-000438,arm8_spec_immediate,dev/f6/s6050001/early_accurate,25,step-5-preview,sha256:658c8aa30aaf70304bf18bf6c15d2112647457060f2634f5a5f7dee2e28f0c9b,det-v1,1,,1735,3403,51198.563,0.0042604500,false,true
call-000439,arm8_spec_immediate,dev/f6/s6050001/early_accurate,25,step-5-preview,sha256:658c8aa30aaf70304bf18bf6c15d2112647457060f2634f5a5f7dee2e28f0c9b,det-v1,1,accepted,1735,3403,51198.563,0.0042604500,false,false
call-000440,arm9_spec_heuristic_rollback,dev/f6/s6050001/early_accurate,19,step-5-preview,sha256:b7893a6bcfbf732758095e4ed5546b7d4a3595abce150edad73a273c1c8e7b32,det-v1,1,accepted,1507,3183,0.002,0.0039618500,true,false
call-000441,arm9_spec_heuristic_rollback,dev/f6/s6050001/early_accurate,25,step-5-preview,sha256:658c8aa30aaf70304bf18bf6c15d2112647457060f2634f5a5f7dee2e28f0c9b,det-v1,1,accepted,1735,3403,0.002,0.0042604500,true,false
call-000442,arm10_spec_eprocess,dev/f6/s6050001/early_accurate,19,step-5-preview,sha256:b7893a6bcfbf732758095e4ed5546b7d4a3595abce150edad73a273c1c8e7b32,det-v1,1,accepted,1507,3183,0.002,0.0039618500,true,false
call-000443,arm10_spec_eprocess,dev/f6/s6050001/early_accurate,25,step-5-preview,sha256:0595aaef2f5e1c9939185e0fe3b7712f3eedc4eecaf2ee6d7c7a23c7bf9d9cf7,det-v1,1,,1735,7357,98705.132,0.0088075500,false,true
call-000444,arm10_spec_eprocess,dev/f6/s6050001/early_accurate,25,step-5-preview,sha256:0595aaef2f5e1c9939185e0fe3b7712f3eedc4eecaf2ee6d7c7a23c7bf9d9cf7,det-v1,1,accepted,1735,7357,98705.132,0.0088075500,false,false
call-000445,arm8_spec_immediate,cal/f6/s6060001/early_accurate,17,step-5-preview,sha256:9f66337df793521acf8b379c897e963d61cde332e23e8f322f9a5fc7f0abfb45,det-v1,1,,1441,6001,83759.947,0.0071893500,false,true
call-000446,arm8_spec_immediate,cal/f6/s6060001/early_accurate,17,step-5-preview,sha256:9f66337df793521acf8b379c897e963d61cde332e23e8f322f9a5fc7f0abfb45,det-v1,1,accepted,1441,6001,83759.947,0.0071893500,false,false
call-000447,arm8_spec_immediate,cal/f6/s6060001/early_accurate,23,step-5-preview,sha256:dbe3837bd476559058990ed895ce37438f85fcbd4b368392e0b68b801a78716a,det-v1,1,,1669,10548,156394.085,0.0124640000,false,true
call-000448,arm8_spec_immediate,cal/f6/s6060001/early_accurate,23,step-5-preview,sha256:dbe3837bd476559058990ed895ce37438f85fcbd4b368392e0b68b801a78716a,det-v1,1,accepted,1669,10548,156394.085,0.0124640000,false,false
call-000449,arm9_spec_heuristic_rollback,cal/f6/s6060001/early_accurate,17,step-5-preview,sha256:9f66337df793521acf8b379c897e963d61cde332e23e8f322f9a5fc7f0abfb45,det-v1,1,accepted,1441,6001,0.003,0.0071893500,true,false
call-000450,arm9_spec_heuristic_rollback,cal/f6/s6060001/early_accurate,23,step-5-preview,sha256:dbe3837bd476559058990ed895ce37438f85fcbd4b368392e0b68b801a78716a,det-v1,1,accepted,1669,10548,0.003,0.0124640000,true,false
call-000451,arm10_spec_eprocess,cal/f6/s6060001/early_accurate,17,step-5-preview,sha256:9f66337df793521acf8b379c897e963d61cde332e23e8f322f9a5fc7f0abfb45,det-v1,1,accepted,1441,6001,0.003,0.0071893500,true,false
call-000452,arm10_spec_eprocess,cal/f6/s6060001/early_accurate,23,step-5-preview,sha256:d78272ef7212601dcb6351e07f92819feba71789cdb4b958f372a1b272d0123b,det-v1,1,,1669,8627,131141.954,0.0102548500,false,true
call-000453,arm10_spec_eprocess,cal/f6/s6060001/early_accurate,23,step-5-preview,sha256:d78272ef7212601dcb6351e07f92819feba71789cdb4b958f372a1b272d0123b,det-v1,1,accepted,1669,8627,131141.954,0.0102548500,false,false
call-000454,arm8_spec_immediate,dev/f6/s6050000/late_accurate,21,step-5-preview,sha256:fdf041c154445395b3c5fd34300988f7101501e9856cfa91256a95a2cb4aa9af,det-v1,1,,1589,13504,186758.382,0.0158474000,false,true
call-000455,arm8_spec_immediate,dev/f6/s6050000/late_accurate,21,step-5-preview,sha256:fdf041c154445395b3c5fd34300988f7101501e9856cfa91256a95a2cb4aa9af,det-v1,1,accepted,1589,13504,186758.382,0.0158474000,false,false
call-000456,arm9_spec_heuristic_rollback,dev/f6/s6050000/late_accurate,21,step-5-preview,sha256:fdf041c154445395b3c5fd34300988f7101501e9856cfa91256a95a2cb4aa9af,det-v1,1,accepted,1589,13504,0.002,0.0158474000,true,false
call-000457,arm10_spec_eprocess,dev/f6/s6050000/late_accurate,21,step-5-preview,sha256:fdf041c154445395b3c5fd34300988f7101501e9856cfa91256a95a2cb4aa9af,det-v1,1,accepted,1589,13504,0.002,0.0158474000,true,false
call-000458,arm8_spec_immediate,cal/f6/s6060000/late_accurate,16,step-5-preview,sha256:d7881a82ddca3169e2a36635bd8c3cb5f56832ab315765940f976514209f2f51,det-v1,1,,1403,5369,76622.715,0.0064549500,false,true
call-000459,arm8_spec_immediate,cal/f6/s6060000/late_accurate,16,step-5-preview,sha256:d7881a82ddca3169e2a36635bd8c3cb5f56832ab315765940f976514209f2f51,det-v1,1,accepted,1403,5369,76622.715,0.0064549500,false,false
call-000460,arm9_spec_heuristic_rollback,cal/f6/s6060000/late_accurate,16,step-5-preview,sha256:d7881a82ddca3169e2a36635bd8c3cb5f56832ab315765940f976514209f2f51,det-v1,1,accepted,1403,5369,0.002,0.0064549500,true,false
call-000461,arm10_spec_eprocess,cal/f6/s6060000/late_accurate,16,step-5-preview,sha256:d7881a82ddca3169e2a36635bd8c3cb5f56832ab315765940f976514209f2f51,det-v1,1,accepted,1403,5369,0.002,0.0064549500,true,false
call-000462,arm8_spec_immediate,dev/f6/s6050001/late_accurate,22,step-5-preview,sha256:3ed4283158715f49b855e69831ecad147b2fec1733d6e6dab45388317e348995,det-v1,1,,1621,8034,109711.071,0.0095633000,false,true
call-000463,arm8_spec_immediate,dev/f6/s6050001/late_accurate,22,step-5-preview,sha256:3ed4283158715f49b855e69831ecad147b2fec1733d6e6dab45388317e348995,det-v1,1,accepted,1621,8034,109711.071,0.0095633000,false,false
call-000464,arm8_spec_immediate,dev/f6/s6050001/late_accurate,28,step-5-preview,sha256:3aef013585a305e9f3e903a1ccb525e9e4c1712491acf36cb02658d63d5b249b,det-v1,1,,1849,12869,185018.182,0.0151691500,false,true
call-000465,arm8_spec_immediate,dev/f6/s6050001/late_accurate,28,step-5-preview,sha256:3aef013585a305e9f3e903a1ccb525e9e4c1712491acf36cb02658d63d5b249b,det-v1,1,accepted,1849,12869,185018.182,0.0151691500,false,false
call-000466,arm9_spec_heuristic_rollback,dev/f6/s6050001/late_accurate,22,step-5-preview,sha256:3ed4283158715f49b855e69831ecad147b2fec1733d6e6dab45388317e348995,det-v1,1,accepted,1621,8034,0.003,0.0095633000,true,false
call-000467,arm9_spec_heuristic_rollback,dev/f6/s6050001/late_accurate,28,step-5-preview,sha256:3aef013585a305e9f3e903a1ccb525e9e4c1712491acf36cb02658d63d5b249b,det-v1,1,accepted,1849,12869,0.003,0.0151691500,true,false
call-000468,arm10_spec_eprocess,dev/f6/s6050001/late_accurate,22,step-5-preview,sha256:3ed4283158715f49b855e69831ecad147b2fec1733d6e6dab45388317e348995,det-v1,1,accepted,1621,8034,0.003,0.0095633000,true,false
call-000469,arm10_spec_eprocess,dev/f6/s6050001/late_accurate,28,step-5-preview,sha256:7ba70513d70106177753010a72196ae7c80ce0fedef40591016c32018adf49d4,det-v1,1,,1849,5745,86344.466,0.0069765500,false,true
call-000470,arm10_spec_eprocess,dev/f6/s6050001/late_accurate,28,step-5-preview,sha256:7ba70513d70106177753010a72196ae7c80ce0fedef40591016c32018adf49d4,det-v1,1,accepted,1849,5745,86344.466,0.0069765500,false,false
call-000471,arm8_spec_immediate,cal/f6/s6060001/late_accurate,20,step-5-preview,sha256:86d3215c3f4fca1019beef10524a788e3694697b06319242cb0aff2b40823ac0,det-v1,1,,1555,8185,109798.116,0.0097237500,false,true
call-000472,arm8_spec_immediate,cal/f6/s6060001/late_accurate,20,step-5-preview,sha256:86d3215c3f4fca1019beef10524a788e3694697b06319242cb0aff2b40823ac0,det-v1,1,accepted,1555,8185,109798.116,0.0097237500,false,false
call-000473,arm9_spec_heuristic_rollback,cal/f6/s6060001/late_accurate,20,step-5-preview,sha256:86d3215c3f4fca1019beef10524a788e3694697b06319242cb0aff2b40823ac0,det-v1,1,accepted,1555,8185,0.002,0.0097237500,true,false
call-000474,arm10_spec_eprocess,cal/f6/s6060001/late_accurate,20,step-5-preview,sha256:86d3215c3f4fca1019beef10524a788e3694697b06319242cb0aff2b40823ac0,det-v1,1,accepted,1555,8185,0.002,0.0097237500,true,false
call-000475,arm8_spec_immediate,dev/f6/s6050000/unreliable,18,step-5-preview,sha256:0287393a3211b065836860a1c2c495b7f5d9314ee59f753a52765ba03a50ffee,det-v1,1,,1471,3149,50542.727,0.0039155500,false,true
call-000476,arm8_spec_immediate,dev/f6/s6050000/unreliable,18,step-5-preview,sha256:0287393a3211b065836860a1c2c495b7f5d9314ee59f753a52765ba03a50ffee,det-v1,1,accepted,1471,3149,50542.727,0.0039155500,false,false
call-000477,arm9_spec_heuristic_rollback,dev/f6/s6050000/unreliable,18,step-5-preview,sha256:0287393a3211b065836860a1c2c495b7f5d9314ee59f753a52765ba03a50ffee,det-v1,1,accepted,1471,3149,0.002,0.0039155500,true,false
call-000478,arm10_spec_eprocess,dev/f6/s6050000/unreliable,18,step-5-preview,sha256:0287393a3211b065836860a1c2c495b7f5d9314ee59f753a52765ba03a50ffee,det-v1,1,accepted,1471,3149,0.001,0.0039155500,true,false
call-000479,arm8_spec_immediate,cal/f6/s6060000/unreliable,13,step-5-preview,sha256:89f58edbeb05ee5a819eeb31d43b88f6f771bec899accf0b960829e669704ded,det-v1,1,accepted,1285,1025,0.003,0.0014357500,true,false
call-000480,arm8_spec_immediate,cal/f6/s6060000/unreliable,19,step-5-preview,sha256:e58849c7d5172b9976b0810cb05bd6a1e79399a849dea89a01ef9cbf794e1faf,det-v1,1,accepted,1513,12272,0.001,0.0144154000,true,false
call-000481,arm9_spec_heuristic_rollback,cal/f6/s6060000/unreliable,13,step-5-preview,sha256:89f58edbeb05ee5a819eeb31d43b88f6f771bec899accf0b960829e669704ded,det-v1,1,accepted,1285,1025,0.001,0.0014357500,true,false
call-000482,arm9_spec_heuristic_rollback,cal/f6/s6060000/unreliable,19,step-5-preview,sha256:e58849c7d5172b9976b0810cb05bd6a1e79399a849dea89a01ef9cbf794e1faf,det-v1,1,accepted,1513,12272,0.001,0.0144154000,true,false
call-000483,arm10_spec_eprocess,cal/f6/s6060000/unreliable,13,step-5-preview,sha256:89f58edbeb05ee5a819eeb31d43b88f6f771bec899accf0b960829e669704ded,det-v1,1,accepted,1285,1025,0.002,0.0014357500,true,false
call-000484,arm10_spec_eprocess,cal/f6/s6060000/unreliable,19,step-5-preview,sha256:e58849c7d5172b9976b0810cb05bd6a1e79399a849dea89a01ef9cbf794e1faf,det-v1,1,accepted,1513,12272,0.001,0.0144154000,true,false
call-000485,arm8_spec_immediate,dev/f6/s6050001/unreliable,19,step-5-preview,sha256:872161998dbfe75e8616971e9aeab546824f569509050dee2dd1fe5ae1279a6c,det-v1,1,,1500,926,11504.131,0.0013649000,false,true
call-000486,arm8_spec_immediate,dev/f6/s6050001/unreliable,19,step-5-preview,sha256:872161998dbfe75e8616971e9aeab546824f569509050dee2dd1fe5ae1279a6c,det-v1,1,accepted,1500,926,11504.131,0.0013649000,false,false
call-000487,arm8_spec_immediate,dev/f6/s6050001/unreliable,25,step-5-preview,sha256:57795af4524bf1d8612692743103ec56c05f285db0c8dc51d42b53424fa37848,det-v1,1,,1728,18506,258509.193,0.0216275000,false,true
call-000488,arm8_spec_immediate,dev/f6/s6050001/unreliable,25,step-5-preview,sha256:57795af4524bf1d8612692743103ec56c05f285db0c8dc51d42b53424fa37848,det-v1,1,accepted,1728,18506,258509.193,0.0216275000,false,false
call-000489,arm9_spec_heuristic_rollback,dev/f6/s6050001/unreliable,19,step-5-preview,sha256:872161998dbfe75e8616971e9aeab546824f569509050dee2dd1fe5ae1279a6c,det-v1,1,accepted,1500,926,0.003,0.0013649000,true,false
call-000490,arm9_spec_heuristic_rollback,dev/f6/s6050001/unreliable,25,step-5-preview,sha256:57795af4524bf1d8612692743103ec56c05f285db0c8dc51d42b53424fa37848,det-v1,1,accepted,1728,18506,0.003,0.0216275000,true,false
call-000491,arm10_spec_eprocess,dev/f6/s6050001/unreliable,19,step-5-preview,sha256:872161998dbfe75e8616971e9aeab546824f569509050dee2dd1fe5ae1279a6c,det-v1,1,accepted,1500,926,0.003,0.0013649000,true,false
call-000492,arm10_spec_eprocess,dev/f6/s6050001/unreliable,25,step-5-preview,sha256:57795af4524bf1d8612692743103ec56c05f285db0c8dc51d42b53424fa37848,det-v1,1,accepted,1728,18506,0.002,0.0216275000,true,false
call-000493,arm8_spec_immediate,cal/f6/s6060001/unreliable,17,step-5-preview,sha256:dca8a2dc887e8066860f93310abdf150d4274e198f683c4b4806147773a1832f,det-v1,1,,1435,3318,49444.028,0.0041027000,false,true
call-000494,arm8_spec_immediate,cal/f6/s6060001/unreliable,17,step-5-preview,sha256:dca8a2dc887e8066860f93310abdf150d4274e198f683c4b4806147773a1832f,det-v1,1,accepted,1435,3318,49444.028,0.0041027000,false,false
call-000495,arm8_spec_immediate,cal/f6/s6060001/unreliable,23,step-5-preview,sha256:c563327f01feb64b548c7df5afe54f877b04d7d573e8733cd6ef9635214a53ce,det-v1,1,,1663,9277,142370.881,0.0110011500,false,true
call-000496,arm8_spec_immediate,cal/f6/s6060001/unreliable,23,step-5-preview,sha256:c563327f01feb64b548c7df5afe54f877b04d7d573e8733cd6ef9635214a53ce,det-v1,1,accepted,1663,9277,142370.881,0.0110011500,false,false
call-000497,arm9_spec_heuristic_rollback,cal/f6/s6060001/unreliable,17,step-5-preview,sha256:dca8a2dc887e8066860f93310abdf150d4274e198f683c4b4806147773a1832f,det-v1,1,accepted,1435,3318,0.003,0.0041027000,true,false
call-000498,arm9_spec_heuristic_rollback,cal/f6/s6060001/unreliable,23,step-5-preview,sha256:c563327f01feb64b548c7df5afe54f877b04d7d573e8733cd6ef9635214a53ce,det-v1,1,accepted,1663,9277,0.003,0.0110011500,true,false
call-000499,arm10_spec_eprocess,cal/f6/s6060001/unreliable,17,step-5-preview,sha256:dca8a2dc887e8066860f93310abdf150d4274e198f683c4b4806147773a1832f,det-v1,1,accepted,1435,3318,0.002,0.0041027000,true,false
call-000500,arm10_spec_eprocess,cal/f6/s6060001/unreliable,23,step-5-preview,sha256:86b1a1008d1e78257c1565903238909dc939377c601bf77b74bdcdc97c579070,det-v1,1,,1663,9589,154873.437,0.0113599500,false,true
call-000501,arm10_spec_eprocess,cal/f6/s6060001/unreliable,23,step-5-preview,sha256:86b1a1008d1e78257c1565903238909dc939377c601bf77b74bdcdc97c579070,det-v1,1,accepted,1663,9589,154873.437,0.0113599500,false,false
