call_id,arm_id,episode_id,period,model_id,prompt_hash,decoding_hash,attempt_index,outcome,input_tokens,output_tokens,latency_ms,usd_cost,cache_hit,physical
call-000001,arm8_spec_immediate,dev/f1/s1100000/no_alert,32,grok-4.20-0309-non-reasoning,sha256:b11e982e8fba61480318dd7e788aacfe6830cfa53f9734c1547f92165aeed3e2,det-v1,1,,2051,50,1207.974,0.0026887500,false,true
call-000002,arm8_spec_immediate,dev/f1/s1100000/no_alert,32,grok-4.20-0309-non-reasoning,sha256:b11e982e8fba61480318dd7e788aacfe6830cfa53f9734c1547f92165aeed3e2,det-v1,1,accepted,2051,50,1207.974,0.0026887500,false,false
call-000003,arm8_spec_immediate,dev/f1/s1100000/no_alert,48,grok-4.20-0309-non-reasoning,sha256:abb188e19ac80ba96edbc958b48baace7b7065c7395c196ff7c3b7bf39171e3a,det-v1,1,,2659,50,944.099,0.0034487500,false,true
call-000004,arm8_spec_immediate,dev/f1/s1100000/no_alert,48,grok-4.20-0309-non-reasoning,sha256:abb188e19ac80ba96edbc958b48baace7b7065c7395c196ff7c3b7bf39171e3a,det-v1,1,accepted,2659,50,944.099,0.0034487500,false,false
call-000005,arm10_spec_eprocess,dev/f1/s1100000/no_alert,32,grok-4.20-0309-non-reasoning,sha256:b11e982e8fba61480318dd7e788aacfe6830cfa53f9734c1547f92165aeed3e2,det-v1,1,accepted,2051,50,0.002,0.0026887500,true,false
call-000006,arm10_spec_eprocess,dev/f1/s1100000/no_alert,48,grok-4.20-0309-non-reasoning,sha256:abb188e19ac80ba96edbc958b48baace7b7065c7395c196ff7c3b7bf39171e3a,det-v1,1,accepted,2659,50,0.002,0.0034487500,true,false
call-000007,arm12_cth,dev/f1/s1100000/no_alert,32,grok-4.20-0309-non-reasoning,sha256:b11e982e8fba61480318dd7e788aacfe6830cfa53f9734c1547f92165aeed3e2,det-v1,1,accepted,2051,50,0.002,0.0026887500,true,false
call-000008,arm12_cth,dev/f1/s1100000/no_alert,48,grok-4.20-0309-non-reasoning,sha256:abb188e19ac80ba96edbc958b48baace7b7065c7395c196ff7c3b7bf39171e3a,det-v1,1,accepted,2659,50,0.002,0.0034487500,true,false
call-000009,arm12b_cth_llm,dev/f1/s1100000/no_alert,32,grok-4.20-0309-non-reasoning,sha256:b11e982e8fba61480318dd7e788aacfe6830cfa53f9734c1547f92165aeed3e2,det-v1,1,accepted,2051,50,0.002,0.0026887500,true,false
call-000010,arm12b_cth_llm,dev/f1/s1100000/no_alert,48,grok-4.20-0309-non-reasoning,sha256:abb188e19ac80ba96edbc958b48baace7b7065c7395c196ff7c3b7bf39171e3a,det-v1,1,accepted,2659,50,0.001,0.0034487500,true,false
call-000011,arm8_spec_immediate,dev/f1/s1100000/early_accurate,20,grok-4.20-0309-non-reasoning,sha256:89456c2eca6ea2f92cb599d46caedbb15024f5f218f770c1728229928a2d91f6,det-v1,1,,1632,87,1205.879,0.0022575000,false,true
call-000012,arm8_spec_immediate,dev/f1/s1100000/early_accurate,20,grok-4.20-0309-non-reasoning,sha256:89456c2eca6ea2f92cb599d46caedbb15024f5f218f770c1728229928a2d91f6,det-v1,1,accepted,1632,87,1205.879,0.0022575000,false,false
call-000013,arm8_spec_immediate,dev/f1/s1100000/early_accurate,32,grok-4.20-0309-non-reasoning,sha256:c1fe605e73bdb4531c274e0a1851d0e91f02228e252bfdb3c2be30dd8819b6ab,det-v1,1,,2088,79,1198.594,0.0028075000,false,true
call-000014,arm8_spec_immediate,dev/f1/s1100000/early_accurate,32,grok-4.20-0309-non-reasoning,sha256:c1fe605e73bdb4531c274e0a1851d0e91f02228e252bfdb3c2be30dd8819b6ab,det-v1,1,accepted,2088,79,1198.594,0.0028075000,false,false
call-000015,arm10_spec_eprocess,dev/f1/s1100000/early_accurate,20,grok-4.20-0309-non-reasoning,sha256:89456c2eca6ea2f92cb599d46caedbb15024f5f218f770c1728229928a2d91f6,det-v1,1,accepted,1632,87,0.002,0.0022575000,true,false
call-000016,arm10_spec_eprocess,dev/f1/s1100000/early_accurate,32,grok-4.20-0309-non-reasoning,sha256:bd91e137cd067678e4705ae5658ffe2af82cd69c66311edeb224590e042524e2,det-v1,1,,2088,87,1199.312,0.0028275000,false,true
call-000017,arm10_spec_eprocess,dev/f1/s1100000/early_accurate,32,grok-4.20-0309-non-reasoning,sha256:bd91e137cd067678e4705ae5658ffe2af82cd69c66311edeb224590e042524e2,det-v1,1,accepted,2088,87,1199.312,0.0028275000,false,false
call-000018,arm12_cth,dev/f1/s1100000/early_accurate,20,grok-4.20-0309-non-reasoning,sha256:89456c2eca6ea2f92cb599d46caedbb15024f5f218f770c1728229928a2d91f6,det-v1,1,accepted,1632,87,0.007,0.0022575000,true,false
call-000019,arm12_cth,dev/f1/s1100000/early_accurate,32,grok-4.20-0309-non-reasoning,sha256:0b890c0dee6e5daa5384877e8bfb666d6f4fa2d6cec5854d9a5d28046f832b34,det-v1,1,,2088,87,1225.436,0.0028275000,false,true
call-000020,arm12_cth,dev/f1/s1100000/early_accurate,32,grok-4.20-0309-non-reasoning,sha256:0b890c0dee6e5daa5384877e8bfb666d6f4fa2d6cec5854d9a5d28046f832b34,det-v1,1,accepted,2088,87,1225.436,0.0028275000,false,false
call-000021,arm12b_cth_llm,dev/f1/s1100000/early_accurate,20,grok-4.20-0309-non-reasoning,sha256:89456c2eca6ea2f92cb599d46caedbb15024f5f218f770c1728229928a2d91f6,det-v1,1,accepted,1632,87,0.002,0.0022575000,true,false
call-000022,arm12b_cth_llm,dev/f1/s1100000/early_accurate,32,grok-4.20-0309-non-reasoning,sha256:55414e02f68e25e6b93f9f9f56c94f1ff539afe337e8c88f8e3902d9d9b3a4e2,det-v1,1,,2088,87,1436.139,0.0028275000,false,true
call-000023,arm12b_cth_llm,dev/f1/s1100000/early_accurate,32,grok-4.20-0309-non-reasoning,sha256:55414e02f68e25e6b93f9f9f56c94f1ff539afe337e8c88f8e3902d9d9b3a4e2,det-v1,1,accepted,2088,87,1436.139,0.0028275000,false,false
call-000024,arm8_spec_immediate,dev/f1/s1100000/late_accurate,23,grok-4.20-0309-non-reasoning,sha256:6967b0cf1d48a4daaed36cd997c6dfbe54c1b82cc012544c5edad58dd21bcb5a,det-v1,1,,1746,59,1105.478,0.0023300000,false,true
call-000025,arm8_spec_immediate,dev/f1/s1100000/late_accurate,23,grok-4.20-0309-non-reasoning,sha256:6967b0cf1d48a4daaed36cd997c6dfbe54c1b82cc012544c5edad58dd21bcb5a,det-v1,1,accepted,1746,59,1105.478,0.0023300000,false,false
call-000026,arm8_spec_immediate,dev/f1/s1100000/late_accurate,32,grok-4.20-0309-non-reasoning,sha256:4294b9fef283b4b297ff335b494c1f6765ad52461ce30dc21fee6f7d2e6ef784,det-v1,1,,2088,78,1186.214,0.0028050000,false,true
call-000027,arm8_spec_immediate,dev/f1/s1100000/late_accurate,32,grok-4.20-0309-non-reasoning,sha256:4294b9fef283b4b297ff335b494c1f6765ad52461ce30dc21fee6f7d2e6ef784,det-v1,1,accepted,2088,78,1186.214,0.0028050000,false,false
call-000028,arm10_spec_eprocess,dev/f1/s1100000/late_accurate,23,grok-4.20-0309-non-reasoning,sha256:6967b0cf1d48a4daaed36cd997c6dfbe54c1b82cc012544c5edad58dd21bcb5a,det-v1,1,accepted,1746,59,0.002,0.0023300000,true,false
call-000029,arm10_spec_eprocess,dev/f1/s1100000/late_accurate,32,grok-4.20-0309-non-reasoning,sha256:8f8aba5bf9fd343fb1c6299fa1c01b4defa55a32a52f3b8af0651e55edfa72de,det-v1,1,,2088,87,1250.055,0.0028275000,false,true
call-000030,arm10_spec_eprocess,dev/f1/s1100000/late_accurate,32,grok-4.20-0309-non-reasoning,sha256:8f8aba5bf9fd343fb1c6299fa1c01b4defa55a32a52f3b8af0651e55edfa72de,det-v1,1,accepted,2088,87,1250.055,0.0028275000,false,false
call-000031,arm12_cth,dev/f1/s1100000/late_accurate,23,grok-4.20-0309-non-reasoning,sha256:6967b0cf1d48a4daaed36cd997c6dfbe54c1b82cc012544c5edad58dd21bcb5a,det-v1,1,accepted,1746,59,0.002,0.0023300000,true,false
call-000032,arm12_cth,dev/f1/s1100000/late_accurate,32,grok-4.20-0309-non-reasoning,sha256:5496a02a4302d0c96700cf807599d6ae8eda6cb022d4dcbaf94b1bf2220df964,det-v1,1,,2088,95,1199.459,0.0028475000,false,true
call-000033,arm12_cth,dev/f1/s1100000/late_accurate,32,grok-4.20-0309-non-reasoning,sha256:5496a02a4302d0c96700cf807599d6ae8eda6cb022d4dcbaf94b1bf2220df964,det-v1,1,accepted,2088,95,1199.459,0.0028475000,false,false
call-000034,arm12b_cth_llm,dev/f1/s1100000/late_accurate,23,grok-4.20-0309-non-reasoning,sha256:6967b0cf1d48a4daaed36cd997c6dfbe54c1b82cc012544c5edad58dd21bcb5a,det-v1,1,accepted,1746,59,0.002,0.0023300000,true,false
call-000035,arm12b_cth_llm,dev/f1/s1100000/late_accurate,32,grok-4.20-0309-non-reasoning,sha256:e664b75d12c49091e72cc40ed516570235423e89fffc688b79f7085c6146f296,det-v1,1,,2088,95,1261.918,0.0028475000,false,true
call-000036,arm12b_cth_llm,dev/f1/s1100000/late_accurate,32,grok-4.20-0309-non-reasoning,sha256:e664b75d12c49091e72cc40ed516570235423e89fffc688b79f7085c6146f296,det-v1,1,accepted,2088,95,1261.918,0.0028475000,false,false
call-000037,arm8_spec_immediate,dev/f1/s1100000/unreliable,20,grok-4.20-0309-non-reasoning,sha256:ccb0e753272d1c475d4eeeb009bc13088ddce45f8447c557700561a53c93dc30,det-v1,1,accepted,1618,76,0.002,0.0022125000,true,false
call-000038,arm8_spec_immediate,dev/f1/s1100000/unreliable,32,grok-4.20-0309-non-reasoning,sha256:01798296f792395253e9834f2bd3b2376b10a40894c3f37e11cff81b70f93f33,det-v1,1,accepted,2074,50,0.001,0.0027175000,true,false
call-000039,arm10_spec_eprocess,dev/f1/s1100000/unreliable,20,grok-4.20-0309-non-reasoning,sha256:ccb0e753272d1c475d4eeeb009bc13088ddce45f8447c557700561a53c93dc30,det-v1,1,accepted,1618,76,0.002,0.0022125000,true,false
call-000040,arm10_spec_eprocess,dev/f1/s1100000/unreliable,32,grok-4.20-0309-non-reasoning,sha256:01798296f792395253e9834f2bd3b2376b10a40894c3f37e11cff81b70f93f33,det-v1,1,accepted,2074,50,0.001,0.0027175000,true,false
call-000041,arm12_cth,dev/f1/s1100000/unreliable,20,grok-4.20-0309-non-reasoning,sha256:ccb0e753272d1c475d4eeeb009bc13088ddce45f8447c557700561a53c93dc30,det-v1,1,accepted,1618,76,0.003,0.0022125000,true,false
call-000042,arm12_cth,dev/f1/s1100000/unreliable,32,grok-4.20-0309-non-reasoning,sha256:7ec02ec9f681680fd613d4a4b71c83d5803f0302b88b3671d026279423146360,det-v1,1,accepted,2074,50,0.002,0.0027175000,true,false
call-000043,arm12b_cth_llm,dev/f1/s1100000/unreliable,20,grok-4.20-0309-non-reasoning,sha256:ccb0e753272d1c475d4eeeb009bc13088ddce45f8447c557700561a53c93dc30,det-v1,1,accepted,1618,76,0.002,0.0022125000,true,false
call-000044,arm12b_cth_llm,dev/f1/s1100000/unreliable,32,grok-4.20-0309-non-reasoning,sha256:01798296f792395253e9834f2bd3b2376b10a40894c3f37e11cff81b70f93f33,det-v1,1,accepted,2074,50,0.001,0.0027175000,true,false
call-000045,arm8_spec_immediate,cal/f1/s1100001/no_alert,27,grok-4.20-0309-non-reasoning,sha256:cec213f9aeba63316734cadda227add8f8ec9918a51ea969d48ef13b616b25da,det-v1,1,,1861,62,953.130,0.0024812500,false,true
call-000046,arm8_spec_immediate,cal/f1/s1100001/no_alert,27,grok-4.20-0309-non-reasoning,sha256:cec213f9aeba63316734cadda227add8f8ec9918a51ea969d48ef13b616b25da,det-v1,1,accepted,1861,62,953.130,0.0024812500,false,false
call-000047,arm8_spec_immediate,cal/f1/s1100001/no_alert,35,grok-4.20-0309-non-reasoning,sha256:ade54b315856e8813bbbc6549889d346bc4cd19e25b7cb602c2e47d77b2b67cc,det-v1,1,,2165,75,1252.910,0.0028937500,false,true
call-000048,arm8_spec_immediate,cal/f1/s1100001/no_alert,35,grok-4.20-0309-non-reasoning,sha256:ade54b315856e8813bbbc6549889d346bc4cd19e25b7cb602c2e47d77b2b67cc,det-v1,1,accepted,2165,75,1252.910,0.0028937500,false,false
call-000049,arm10_spec_eprocess,cal/f1/s1100001/no_alert,27,grok-4.20-0309-non-reasoning,sha256:cec213f9aeba63316734cadda227add8f8ec9918a51ea969d48ef13b616b25da,det-v1,1,accepted,1861,62,0.001,0.0024812500,true,false
call-000050,arm10_spec_eprocess,cal/f1/s1100001/no_alert,35,grok-4.20-0309-non-reasoning,sha256:bf111a0421f11232474c7cf78518cc4e0276bc7b17c3f740303840c390841ec8,det-v1,1,,2165,50,1020.168,0.0028312500,false,true
call-000051,arm10_spec_eprocess,cal/f1/s1100001/no_alert,35,grok-4.20-0309-non-reasoning,sha256:bf111a0421f11232474c7cf78518cc4e0276bc7b17c3f740303840c390841ec8,det-v1,1,accepted,2165,50,1020.168,0.0028312500,false,false
call-000052,arm12_cth,cal/f1/s1100001/no_alert,27,grok-4.20-0309-non-reasoning,sha256:cec213f9aeba63316734cadda227add8f8ec9918a51ea969d48ef13b616b25da,det-v1,1,accepted,1861,62,0.002,0.0024812500,true,false
call-000053,arm12_cth,cal/f1/s1100001/no_alert,35,grok-4.20-0309-non-reasoning,sha256:8112f724c8c13a7ca3b0b9929fecc51e9c30cf45014700b5ba374a08076202f8,det-v1,1,,2165,86,1116.979,0.0029212500,false,true
call-000054,arm12_cth,cal/f1/s1100001/no_alert,35,grok-4.20-0309-non-reasoning,sha256:8112f724c8c13a7ca3b0b9929fecc51e9c30cf45014700b5ba374a08076202f8,det-v1,1,accepted,2165,86,1116.979,0.0029212500,false,false
call-000055,arm12b_cth_llm,cal/f1/s1100001/no_alert,27,grok-4.20-0309-non-reasoning,sha256:cec213f9aeba63316734cadda227add8f8ec9918a51ea969d48ef13b616b25da,det-v1,1,accepted,1861,62,0.003,0.0024812500,true,false
call-000056,arm12b_cth_llm,cal/f1/s1100001/no_alert,35,grok-4.20-0309-non-reasoning,sha256:f743fbbaa0495b27d4abf4ea2cb207da1eb5b362a7fff4aefe62748e641aa5b6,det-v1,1,,2165,87,1555.956,0.0029237500,false,true
call-000057,arm12b_cth_llm,cal/f1/s1100001/no_alert,35,grok-4.20-0309-non-reasoning,sha256:f743fbbaa0495b27d4abf4ea2cb207da1eb5b362a7fff4aefe62748e641aa5b6,det-v1,1,accepted,2165,87,1555.956,0.0029237500,false,false
call-000058,arm8_spec_immediate,cal/f1/s1100001/early_accurate,17,grok-4.20-0309-non-reasoning,sha256:b4d5b86fb6574ea4ff4dcdcedd266f4bb1a325c4718f8d6d86f3b911d153ac67,det-v1,1,,1524,75,1279.676,0.0020925000,false,true
call-000059,arm8_spec_immediate,cal/f1/s1100001/early_accurate,17,grok-4.20-0309-non-reasoning,sha256:b4d5b86fb6574ea4ff4dcdcedd266f4bb1a325c4718f8d6d86f3b911d153ac67,det-v1,1,accepted,1524,75,1279.676,0.0020925000,false,false
call-000060,arm8_spec_immediate,cal/f1/s1100001/early_accurate,27,grok-4.20-0309-non-reasoning,sha256:b384fbd9542fd90f6e3b1b2ec1b09e60e7827bf5d689909cc3855bd2a5004c6b,det-v1,1,,1904,87,1280.826,0.0025975000,false,true
call-000061,arm8_spec_immediate,cal/f1/s1100001/early_accurate,27,grok-4.20-0309-non-reasoning,sha256:b384fbd9542fd90f6e3b1b2ec1b09e60e7827bf5d689909cc3855bd2a5004c6b,det-v1,1,accepted,1904,87,1280.826,0.0025975000,false,false
call-000062,arm10_spec_eprocess,cal/f1/s1100001/early_accurate,17,grok-4.20-0309-non-reasoning,sha256:b4d5b86fb6574ea4ff4dcdcedd266f4bb1a325c4718f8d6d86f3b911d153ac67,det-v1,1,accepted,1524,75,0.002,0.0020925000,true,false
call-000063,arm10_spec_eprocess,cal/f1/s1100001/early_accurate,27,grok-4.20-0309-non-reasoning,sha256:cee07f05cb718897277a0fccc50fd0bb0d9b288b317fb0e502e15b9d1cb7e869,det-v1,1,,1904,107,1434.692,0.0026475000,false,true
call-000064,arm10_spec_eprocess,cal/f1/s1100001/early_accurate,27,grok-4.20-0309-non-reasoning,sha256:cee07f05cb718897277a0fccc50fd0bb0d9b288b317fb0e502e15b9d1cb7e869,det-v1,1,accepted,1904,107,1434.692,0.0026475000,false,false
call-000065,arm12_cth,cal/f1/s1100001/early_accurate,17,grok-4.20-0309-non-reasoning,sha256:b4d5b86fb6574ea4ff4dcdcedd266f4bb1a325c4718f8d6d86f3b911d153ac67,det-v1,1,accepted,1524,75,0.002,0.0020925000,true,false
call-000066,arm12_cth,cal/f1/s1100001/early_accurate,27,grok-4.20-0309-non-reasoning,sha256:1625243de4f1b16846bb55b66684eeb613feff39eda8db51454c5b9d4a0593ce,det-v1,1,,1904,67,1011.505,0.0025475000,false,true
call-000067,arm12_cth,cal/f1/s1100001/early_accurate,27,grok-4.20-0309-non-reasoning,sha256:1625243de4f1b16846bb55b66684eeb613feff39eda8db51454c5b9d4a0593ce,det-v1,1,accepted,1904,67,1011.505,0.0025475000,false,false
call-000068,arm12b_cth_llm,cal/f1/s1100001/early_accurate,17,grok-4.20-0309-non-reasoning,sha256:b4d5b86fb6574ea4ff4dcdcedd266f4bb1a325c4718f8d6d86f3b911d153ac67,det-v1,1,accepted,1524,75,0.002,0.0020925000,true,false
call-000069,arm12b_cth_llm,cal/f1/s1100001/early_accurate,27,grok-4.20-0309-non-reasoning,sha256:e3a87c91cbafc1319fdc4916c19a71d8f1646800a041fc68b4e11d5290ecbf7b,det-v1,1,,1904,107,1417.152,0.0026475000,false,true
call-000070,arm12b_cth_llm,cal/f1/s1100001/early_accurate,27,grok-4.20-0309-non-reasoning,sha256:e3a87c91cbafc1319fdc4916c19a71d8f1646800a041fc68b4e11d5290ecbf7b,det-v1,1,accepted,1904,107,1417.152,0.0026475000,false,false
call-000071,arm8_spec_immediate,cal/f1/s1100001/late_accurate,20,grok-4.20-0309-non-reasoning,sha256:30018531436000120959221336bdcf8763f24d72a58393deaa0fbdf5d99cd77d,det-v1,1,,1638,102,1228.463,0.0023025000,false,true
call-000072,arm8_spec_immediate,cal/f1/s1100001/late_accurate,20,grok-4.20-0309-non-reasoning,sha256:30018531436000120959221336bdcf8763f24d72a58393deaa0fbdf5d99cd77d,det-v1,1,accepted,1638,102,1228.463,0.0023025000,false,false
call-000073,arm8_spec_immediate,cal/f1/s1100001/late_accurate,28,grok-4.20-0309-non-reasoning,sha256:50269837667817b77a98787b74bb3a146ae309b4ead54eff24db95afe50fc239,det-v1,1,,1942,63,1155.064,0.0025850000,false,true
call-000074,arm8_spec_immediate,cal/f1/s1100001/late_accurate,28,grok-4.20-0309-non-reasoning,sha256:50269837667817b77a98787b74bb3a146ae309b4ead54eff24db95afe50fc239,det-v1,1,accepted,1942,63,1155.064,0.0025850000,false,false
call-000075,arm10_spec_eprocess,cal/f1/s1100001/late_accurate,20,grok-4.20-0309-non-reasoning,sha256:30018531436000120959221336bdcf8763f24d72a58393deaa0fbdf5d99cd77d,det-v1,1,accepted,1638,102,0.002,0.0023025000,true,false
call-000076,arm10_spec_eprocess,cal/f1/s1100001/late_accurate,28,grok-4.20-0309-non-reasoning,sha256:563fcde4ed2ce590034704744da3c94a91a98b4771cb2a3916fab1f8ea7c3553,det-v1,1,,1942,71,1036.777,0.0026050000,false,true
call-000077,arm10_spec_eprocess,cal/f1/s1100001/late_accurate,28,grok-4.20-0309-non-reasoning,sha256:563fcde4ed2ce590034704744da3c94a91a98b4771cb2a3916fab1f8ea7c3553,det-v1,1,accepted,1942,71,1036.777,0.0026050000,false,false
call-000078,arm12_cth,cal/f1/s1100001/late_accurate,20,grok-4.20-0309-non-reasoning,sha256:30018531436000120959221336bdcf8763f24d72a58393deaa0fbdf5d99cd77d,det-v1,1,accepted,1638,102,0.002,0.0023025000,true,false
call-000079,arm12_cth,cal/f1/s1100001/late_accurate,28,grok-4.20-0309-non-reasoning,sha256:42cca67cbcd6d90280ce91d0a45f331d2ecef4ba5693d8c8616f9e12731a43a2,det-v1,1,,1942,63,1235.800,0.0025850000,false,true
call-000080,arm12_cth,cal/f1/s1100001/late_accurate,28,grok-4.20-0309-non-reasoning,sha256:42cca67cbcd6d90280ce91d0a45f331d2ecef4ba5693d8c8616f9e12731a43a2,det-v1,1,accepted,1942,63,1235.800,0.0025850000,false,false
call-000081,arm12b_cth_llm,cal/f1/s1100001/late_accurate,20,grok-4.20-0309-non-reasoning,sha256:30018531436000120959221336bdcf8763f24d72a58393deaa0fbdf5d99cd77d,det-v1,1,accepted,1638,102,0.002,0.0023025000,true,false
call-000082,arm12b_cth_llm,cal/f1/s1100001/late_accurate,28,grok-4.20-0309-non-reasoning,sha256:b39d5e0c9c6c96975824798acbd59ec287d44fd46539f21202d60c0e46d1094a,det-v1,1,,1942,71,1053.455,0.0026050000,false,true
call-000083,arm12b_cth_llm,cal/f1/s1100001/late_accurate,28,grok-4.20-0309-non-reasoning,sha256:b39d5e0c9c6c96975824798acbd59ec287d44fd46539f21202d60c0e46d1094a,det-v1,1,accepted,1942,71,1053.455,0.0026050000,false,false
call-000084,arm8_spec_immediate,cal/f1/s1100001/unreliable,17,grok-4.20-0309-non-reasoning,sha256:23a17a76f005c429173019daa968fc53b5be5e82075ecd099bf547cb7b4db33d,det-v1,1,,1520,87,1144.304,0.0021175000,false,true
call-000085,arm8_spec_immediate,cal/f1/s1100001/unreliable,17,grok-4.20-0309-non-reasoning,sha256:23a17a76f005c429173019daa968fc53b5be5e82075ecd099bf547cb7b4db33d,det-v1,1,accepted,1520,87,1144.304,0.0021175000,false,false
call-000086,arm8_spec_immediate,cal/f1/s1100001/unreliable,27,grok-4.20-0309-non-reasoning,sha256:9ea473de692f3b3f8272b44f4923a6a44779dd3be1d488bdbb803c6709f270f3,det-v1,1,,1900,63,1000.371,0.0025325000,false,true
call-000087,arm8_spec_immediate,cal/f1/s1100001/unreliable,27,grok-4.20-0309-non-reasoning,sha256:9ea473de692f3b3f8272b44f4923a6a44779dd3be1d488bdbb803c6709f270f3,det-v1,1,accepted,1900,63,1000.371,0.0025325000,false,false
call-000088,arm10_spec_eprocess,cal/f1/s1100001/unreliable,17,grok-4.20-0309-non-reasoning,sha256:23a17a76f005c429173019daa968fc53b5be5e82075ecd099bf547cb7b4db33d,det-v1,1,accepted,1520,87,0.002,0.0021175000,true,false
call-000089,arm10_spec_eprocess,cal/f1/s1100001/unreliable,27,grok-4.20-0309-non-reasoning,sha256:aa9a5b4b214f47b475f4d307d255a4f8f38cb0ab71323b48fcb68c5b09d82269,det-v1,1,,1900,67,926.152,0.0025425000,false,true
call-000090,arm10_spec_eprocess,cal/f1/s1100001/unreliable,27,grok-4.20-0309-non-reasoning,sha256:aa9a5b4b214f47b475f4d307d255a4f8f38cb0ab71323b48fcb68c5b09d82269,det-v1,1,accepted,1900,67,926.152,0.0025425000,false,false
call-000091,arm12_cth,cal/f1/s1100001/unreliable,17,grok-4.20-0309-non-reasoning,sha256:23a17a76f005c429173019daa968fc53b5be5e82075ecd099bf547cb7b4db33d,det-v1,1,accepted,1520,87,0.002,0.0021175000,true,false
call-000092,arm12_cth,cal/f1/s1100001/unreliable,27,grok-4.20-0309-non-reasoning,sha256:9a7eda97e8118c6967a95a4876ff93f1956dd67aa8d5e97649f22a27130f6a41,det-v1,1,,1900,67,1092.503,0.0025425000,false,true
call-000093,arm12_cth,cal/f1/s1100001/unreliable,27,grok-4.20-0309-non-reasoning,sha256:9a7eda97e8118c6967a95a4876ff93f1956dd67aa8d5e97649f22a27130f6a41,det-v1,1,accepted,1900,67,1092.503,0.0025425000,false,false
call-000094,arm12b_cth_llm,cal/f1/s1100001/unreliable,17,grok-4.20-0309-non-reasoning,sha256:23a17a76f005c429173019daa968fc53b5be5e82075ecd099bf547cb7b4db33d,det-v1,1,accepted,1520,87,0.002,0.0021175000,true,false
call-000095,arm12b_cth_llm,cal/f1/s1100001/unreliable,27,grok-4.20-0309-non-reasoning,sha256:0e88e1f7f677e1b60fdc1fd75cb6653237cb775900823558d11d515bdd64a50e,det-v1,1,,1900,66,936.816,0.0025400000,false,true
call-000096,arm12b_cth_llm,cal/f1/s1100001/unreliable,27,grok-4.20-0309-non-reasoning,sha256:0e88e1f7f677e1b60fdc1fd75cb6653237cb775900823558d11d515bdd64a50e,det-v1,1,accepted,1900,66,936.816,0.0025400000,false,false
call-000097,arm8_spec_immediate,cal/f1/s1100001/no_alert__twin,10,grok-4.20-0309-non-reasoning,sha256:a64170917f29df1c3840a931a3be529d54b37d11ea98f456006ce6a10f6f977c,det-v1,1,,1257,112,1354.580,0.0018512500,false,true
call-000098,arm8_spec_immediate,cal/f1/s1100001/no_alert__twin,10,grok-4.20-0309-non-reasoning,sha256:a64170917f29df1c3840a931a3be529d54b37d11ea98f456006ce6a10f6f977c,det-v1,1,accepted,1257,112,1354.580,0.0018512500,false,false
call-000099,arm10_spec_eprocess,cal/f1/s1100001/no_alert__twin,10,grok-4.20-0309-non-reasoning,sha256:a64170917f29df1c3840a931a3be529d54b37d11ea98f456006ce6a10f6f977c,det-v1,1,accepted,1257,112,0.002,0.0018512500,true,false
call-000100,arm12_cth,cal/f1/s1100001/no_alert__twin,10,grok-4.20-0309-non-reasoning,sha256:a64170917f29df1c3840a931a3be529d54b37d11ea98f456006ce6a10f6f977c,det-v1,1,accepted,1257,112,0.002,0.0018512500,true,false
call-000101,arm12b_cth_llm,cal/f1/s1100001/no_alert__twin,10,grok-4.20-0309-non-reasoning,sha256:a64170917f29df1c3840a931a3be529d54b37d11ea98f456006ce6a10f6f977c,det-v1,1,accepted,1257,112,0.002,0.0018512500,true,false
call-000102,arm8_spec_immediate,dev/f1/s1100002/no_alert,20,grok-4.20-0309-non-reasoning,sha256:e9db3c1105f1cfadc0d5fa1661518891c117f4d364f150af517de72625cf15b3,det-v1,1,,1595,70,925.238,0.0021687500,false,true
call-000103,arm8_spec_immediate,dev/f1/s1100002/no_alert,20,grok-4.20-0309-non-reasoning,sha256:e9db3c1105f1cfadc0d5fa1661518891c117f4d364f150af517de72625cf15b3,det-v1,1,accepted,1595,70,925.238,0.0021687500,false,false
call-000104,arm8_spec_immediate,dev/f1/s1100002/no_alert,34,grok-4.20-0309-non-reasoning,sha256:4cc74cbf6a0806064f1c3a24a01e3c6de1d20100a55a2e81bd887192aa045295,det-v1,1,,2127,70,916.061,0.0028337500,false,true
call-000105,arm8_spec_immediate,dev/f1/s1100002/no_alert,34,grok-4.20-0309-non-reasoning,sha256:4cc74cbf6a0806064f1c3a24a01e3c6de1d20100a55a2e81bd887192aa045295,det-v1,1,accepted,2127,70,916.061,0.0028337500,false,false
call-000106,arm10_spec_eprocess,dev/f1/s1100002/no_alert,20,grok-4.20-0309-non-reasoning,sha256:e9db3c1105f1cfadc0d5fa1661518891c117f4d364f150af517de72625cf15b3,det-v1,1,accepted,1595,70,0.002,0.0021687500,true,false
call-000107,arm10_spec_eprocess,dev/f1/s1100002/no_alert,34,grok-4.20-0309-non-reasoning,sha256:19476c29cacb8920ad274e4e4615e0b4c72ccd8712e371215c13edc359ca2667,det-v1,1,,2127,71,983.991,0.0028362500,false,true
call-000108,arm10_spec_eprocess,dev/f1/s1100002/no_alert,34,grok-4.20-0309-non-reasoning,sha256:19476c29cacb8920ad274e4e4615e0b4c72ccd8712e371215c13edc359ca2667,det-v1,1,accepted,2127,71,983.991,0.0028362500,false,false
call-000109,arm12_cth,dev/f1/s1100002/no_alert,20,grok-4.20-0309-non-reasoning,sha256:e9db3c1105f1cfadc0d5fa1661518891c117f4d364f150af517de72625cf15b3,det-v1,1,accepted,1595,70,0.002,0.0021687500,true,false
call-000110,arm12_cth,dev/f1/s1100002/no_alert,34,grok-4.20-0309-non-reasoning,sha256:5af18cc25ce9d64a4b94582037f1f7447c540d10f0aab0dcc03c3d867af67846,det-v1,1,,2127,50,868.279,0.0027837500,false,true
call-000111,arm12_cth,dev/f1/s1100002/no_alert,34,grok-4.20-0309-non-reasoning,sha256:5af18cc25ce9d64a4b94582037f1f7447c540d10f0aab0dcc03c3d867af67846,det-v1,1,accepted,2127,50,868.279,0.0027837500,false,false
call-000112,arm12b_cth_llm,dev/f1/s1100002/no_alert,20,grok-4.20-0309-non-reasoning,sha256:e9db3c1105f1cfadc0d5fa1661518891c117f4d364f150af517de72625cf15b3,det-v1,1,accepted,1595,70,0.002,0.0021687500,true,false
call-000113,arm12b_cth_llm,dev/f1/s1100002/no_alert,34,grok-4.20-0309-non-reasoning,sha256:e4205c744739fa04ce30dba1fdad4f72eb822df5d0fcfa734a5ae3360046fa02,det-v1,1,,2127,50,1057.253,0.0027837500,false,true
call-000114,arm12b_cth_llm,dev/f1/s1100002/no_alert,34,grok-4.20-0309-non-reasoning,sha256:e4205c744739fa04ce30dba1fdad4f72eb822df5d0fcfa734a5ae3360046fa02,det-v1,1,accepted,2127,50,1057.253,0.0027837500,false,false
call-000115,arm8_spec_immediate,dev/f1/s1100002/early_accurate,13,grok-4.20-0309-non-reasoning,sha256:9d821f1674f7613ecaecd27b987dd21c48119cc6a1a3dabcc08ca1672d766b65,det-v1,1,,1367,67,1084.026,0.0018762500,false,true
call-000116,arm8_spec_immediate,dev/f1/s1100002/early_accurate,13,grok-4.20-0309-non-reasoning,sha256:9d821f1674f7613ecaecd27b987dd21c48119cc6a1a3dabcc08ca1672d766b65,det-v1,1,accepted,1367,67,1084.026,0.0018762500,false,false
call-000117,arm8_spec_immediate,dev/f1/s1100002/early_accurate,20,grok-4.20-0309-non-reasoning,sha256:975d929a8e8122d10ec9998f25266dd498fcba1317f51f71716312c268b63c6e,det-v1,1,,1633,75,1074.086,0.0022287500,false,true
call-000118,arm8_spec_immediate,dev/f1/s1100002/early_accurate,20,grok-4.20-0309-non-reasoning,sha256:975d929a8e8122d10ec9998f25266dd498fcba1317f51f71716312c268b63c6e,det-v1,1,accepted,1633,75,1074.086,0.0022287500,false,false
call-000119,arm10_spec_eprocess,dev/f1/s1100002/early_accurate,13,grok-4.20-0309-non-reasoning,sha256:9d821f1674f7613ecaecd27b987dd21c48119cc6a1a3dabcc08ca1672d766b65,det-v1,1,accepted,1367,67,0.002,0.0018762500,true,false
call-000120,arm10_spec_eprocess,dev/f1/s1100002/early_accurate,20,grok-4.20-0309-non-reasoning,sha256:8221305d4cf4ddc551558650ce2c882fd27b851929e21f14bc8235945b9788af,det-v1,1,,1633,106,1256.048,0.0023062500,false,true
call-000121,arm10_spec_eprocess,dev/f1/s1100002/early_accurate,20,grok-4.20-0309-non-reasoning,sha256:8221305d4cf4ddc551558650ce2c882fd27b851929e21f14bc8235945b9788af,det-v1,1,accepted,1633,106,1256.048,0.0023062500,false,false
call-000122,arm12_cth,dev/f1/s1100002/early_accurate,13,grok-4.20-0309-non-reasoning,sha256:9d821f1674f7613ecaecd27b987dd21c48119cc6a1a3dabcc08ca1672d766b65,det-v1,1,accepted,1367,67,0.002,0.0018762500,true,false
call-000123,arm12_cth,dev/f1/s1100002/early_accurate,20,grok-4.20-0309-non-reasoning,sha256:384f8f7e7cae2efe9086de4efd6ae39733a057330d26f061cb2b027a254da921,det-v1,1,,1633,75,1192.329,0.0022287500,false,true
call-000124,arm12_cth,dev/f1/s1100002/early_accurate,20,grok-4.20-0309-non-reasoning,sha256:384f8f7e7cae2efe9086de4efd6ae39733a057330d26f061cb2b027a254da921,det-v1,1,accepted,1633,75,1192.329,0.0022287500,false,false
call-000125,arm12b_cth_llm,dev/f1/s1100002/early_accurate,13,grok-4.20-0309-non-reasoning,sha256:9d821f1674f7613ecaecd27b987dd21c48119cc6a1a3dabcc08ca1672d766b65,det-v1,1,accepted,1367,67,0.002,0.0018762500,true,false
call-000126,arm12b_cth_llm,dev/f1/s1100002/early_accurate,20,grok-4.20-0309-non-reasoning,sha256:ba4a84113efc31de1eda4fcc7630431e0e153c6086f4eaba909cb04e61a1bf17,det-v1,1,,1633,75,1155.023,0.0022287500,false,true
call-000127,arm12b_cth_llm,dev/f1/s1100002/early_accurate,20,grok-4.20-0309-non-reasoning,sha256:ba4a84113efc31de1eda4fcc7630431e0e153c6086f4eaba909cb04e61a1bf17,det-v1,1,accepted,1633,75,1155.023,0.0022287500,false,false
call-000128,arm8_spec_immediate,dev/f1/s1100002/late_accurate,16,grok-4.20-0309-non-reasoning,sha256:e763988b234056fdd420e9172cd5466f920d9163da51f3d4229faa3c38aa02d6,det-v1,1,,1481,59,988.062,0.0019987500,false,true
call-000129,arm8_spec_immediate,dev/f1/s1100002/late_accurate,16,grok-4.20-0309-non-reasoning,sha256:e763988b234056fdd420e9172cd5466f920d9163da51f3d4229faa3c38aa02d6,det-v1,1,accepted,1481,59,988.062,0.0019987500,false,false
call-000130,arm8_spec_immediate,dev/f1/s1100002/late_accurate,22,grok-4.20-0309-non-reasoning,sha256:4f7ff8623c33a1af29034705d22f63edce9c3c05cf23858c65e97e6f3ec685aa,det-v1,1,,1709,83,1173.906,0.0023437500,false,true
call-000131,arm8_spec_immediate,dev/f1/s1100002/late_accurate,22,grok-4.20-0309-non-reasoning,sha256:4f7ff8623c33a1af29034705d22f63edce9c3c05cf23858c65e97e6f3ec685aa,det-v1,1,accepted,1709,83,1173.906,0.0023437500,false,false
call-000132,arm10_spec_eprocess,dev/f1/s1100002/late_accurate,16,grok-4.20-0309-non-reasoning,sha256:e763988b234056fdd420e9172cd5466f920d9163da51f3d4229faa3c38aa02d6,det-v1,1,accepted,1481,59,0.001,0.0019987500,true,false
call-000133,arm10_spec_eprocess,dev/f1/s1100002/late_accurate,22,grok-4.20-0309-non-reasoning,sha256:8b4955cc49d3f6ce1593778c63aadbf8b1bc4991f0d15d7cd1857008ce930cf7,det-v1,1,,1709,67,1058.649,0.0023037500,false,true
call-000134,arm10_spec_eprocess,dev/f1/s1100002/late_accurate,22,grok-4.20-0309-non-reasoning,sha256:8b4955cc49d3f6ce1593778c63aadbf8b1bc4991f0d15d7cd1857008ce930cf7,det-v1,1,accepted,1709,67,1058.649,0.0023037500,false,false
call-000135,arm12_cth,dev/f1/s1100002/late_accurate,16,grok-4.20-0309-non-reasoning,sha256:e763988b234056fdd420e9172cd5466f920d9163da51f3d4229faa3c38aa02d6,det-v1,1,accepted,1481,59,0.002,0.0019987500,true,false
call-000136,arm12_cth,dev/f1/s1100002/late_accurate,22,grok-4.20-0309-non-reasoning,sha256:40006f71901b55bedea70c8b6d0f0ceb0d27abc1990d719d1953b8f25ae3f3dc,det-v1,1,,1709,67,985.839,0.0023037500,false,true
call-000137,arm12_cth,dev/f1/s1100002/late_accurate,22,grok-4.20-0309-non-reasoning,sha256:40006f71901b55bedea70c8b6d0f0ceb0d27abc1990d719d1953b8f25ae3f3dc,det-v1,1,accepted,1709,67,985.839,0.0023037500,false,false
call-000138,arm12b_cth_llm,dev/f1/s1100002/late_accurate,16,grok-4.20-0309-non-reasoning,sha256:e763988b234056fdd420e9172cd5466f920d9163da51f3d4229faa3c38aa02d6,det-v1,1,accepted,1481,59,0.003,0.0019987500,true,false
call-000139,arm12b_cth_llm,dev/f1/s1100002/late_accurate,22,grok-4.20-0309-non-reasoning,sha256:ec11f17166d4ffc09f74ee1aab6afc3f743f90310c24b1b1202ff527204ed71a,det-v1,1,,1709,67,1048.143,0.0023037500,false,true
call-000140,arm12b_cth_llm,dev/f1/s1100002/late_accurate,22,grok-4.20-0309-non-reasoning,sha256:ec11f17166d4ffc09f74ee1aab6afc3f743f90310c24b1b1202ff527204ed71a,det-v1,1,accepted,1709,67,1048.143,0.0023037500,false,false
call-000141,arm8_spec_immediate,dev/f1/s1100002/unreliable,13,grok-4.20-0309-non-reasoning,sha256:3e7650ea58edad8d91e23e5e015e7d7caeef65e80f1dead297517f202d36fca0,det-v1,1,,1370,93,1087.470,0.0019450000,false,true
call-000142,arm8_spec_immediate,dev/f1/s1100002/unreliable,13,grok-4.20-0309-non-reasoning,sha256:3e7650ea58edad8d91e23e5e015e7d7caeef65e80f1dead297517f202d36fca0,det-v1,1,accepted,1370,93,1087.470,0.0019450000,false,false
call-000143,arm8_spec_immediate,dev/f1/s1100002/unreliable,20,grok-4.20-0309-non-reasoning,sha256:e10960d49097c79c5f95c991becdac0530740605ab07abb1628aa7101e61bd8e,det-v1,1,,1636,61,930.124,0.0021975000,false,true
call-000144,arm8_spec_immediate,dev/f1/s1100002/unreliable,20,grok-4.20-0309-non-reasoning,sha256:e10960d49097c79c5f95c991becdac0530740605ab07abb1628aa7101e61bd8e,det-v1,1,accepted,1636,61,930.124,0.0021975000,false,false
call-000145,arm10_spec_eprocess,dev/f1/s1100002/unreliable,13,grok-4.20-0309-non-reasoning,sha256:3e7650ea58edad8d91e23e5e015e7d7caeef65e80f1dead297517f202d36fca0,det-v1,1,accepted,1370,93,0.002,0.0019450000,true,false
call-000146,arm10_spec_eprocess,dev/f1/s1100002/unreliable,20,grok-4.20-0309-non-reasoning,sha256:7de56b6de926ee5402f664f0416fbfc31153da08200cdfaf56c4d88aa52918b6,det-v1,1,,1636,62,924.220,0.0022000000,false,true
call-000147,arm10_spec_eprocess,dev/f1/s1100002/unreliable,20,grok-4.20-0309-non-reasoning,sha256:7de56b6de926ee5402f664f0416fbfc31153da08200cdfaf56c4d88aa52918b6,det-v1,1,accepted,1636,62,924.220,0.0022000000,false,false
call-000148,arm12_cth,dev/f1/s1100002/unreliable,13,grok-4.20-0309-non-reasoning,sha256:3e7650ea58edad8d91e23e5e015e7d7caeef65e80f1dead297517f202d36fca0,det-v1,1,accepted,1370,93,0.001,0.0019450000,true,false
call-000149,arm12_cth,dev/f1/s1100002/unreliable,20,grok-4.20-0309-non-reasoning,sha256:e4bfb9a410b94c9e6e840bb4458d45bd91d5fe70226ecc3349883fc9f99091e5,det-v1,1,,1636,74,1024.644,0.0022300000,false,true
call-000150,arm12_cth,dev/f1/s1100002/unreliable,20,grok-4.20-0309-non-reasoning,sha256:e4bfb9a410b94c9e6e840bb4458d45bd91d5fe70226ecc3349883fc9f99091e5,det-v1,1,accepted,1636,74,1024.644,0.0022300000,false,false
call-000151,arm12b_cth_llm,dev/f1/s1100002/unreliable,13,grok-4.20-0309-non-reasoning,sha256:3e7650ea58edad8d91e23e5e015e7d7caeef65e80f1dead297517f202d36fca0,det-v1,1,accepted,1370,93,0.002,0.0019450000,true,false
call-000152,arm12b_cth_llm,dev/f1/s1100002/unreliable,20,grok-4.20-0309-non-reasoning,sha256:15cee545da6d189d0241fecf1a3d613e36f4aac979011bf1cde73a3b1564cadb,det-v1,1,,1636,73,986.741,0.0022275000,false,true
call-000153,arm12b_cth_llm,dev/f1/s1100002/unreliable,20,grok-4.20-0309-non-reasoning,sha256:15cee545da6d189d0241fecf1a3d613e36f4aac979011bf1cde73a3b1564cadb,det-v1,1,accepted,1636,73,986.741,0.0022275000,false,false
call-000154,arm8_spec_immediate,dev/f1/s1100002/no_alert__twin,10,grok-4.20-0309-non-reasoning,sha256:ae4ebebb21c03c392525287f29edfaf2cc2360f361ecaa6f604e8381154ed505,det-v1,1,,1255,63,998.777,0.0017262500,false,true
call-000155,arm8_spec_immediate,dev/f1/s1100002/no_alert__twin,10,grok-4.20-0309-non-reasoning,sha256:ae4ebebb21c03c392525287f29edfaf2cc2360f361ecaa6f604e8381154ed505,det-v1,1,accepted,1255,63,998.777,0.0017262500,false,false
call-000156,arm10_spec_eprocess,dev/f1/s1100002/no_alert__twin,10,grok-4.20-0309-non-reasoning,sha256:ae4ebebb21c03c392525287f29edfaf2cc2360f361ecaa6f604e8381154ed505,det-v1,1,accepted,1255,63,0.001,0.0017262500,true,false
call-000157,arm12_cth,dev/f1/s1100002/no_alert__twin,10,grok-4.20-0309-non-reasoning,sha256:ae4ebebb21c03c392525287f29edfaf2cc2360f361ecaa6f604e8381154ed505,det-v1,1,accepted,1255,63,0.002,0.0017262500,true,false
call-000158,arm12b_cth_llm,dev/f1/s1100002/no_alert__twin,10,grok-4.20-0309-non-reasoning,sha256:ae4ebebb21c03c392525287f29edfaf2cc2360f361ecaa6f604e8381154ed505,det-v1,1,accepted,1255,63,0.002,0.0017262500,true,false
call-000159,arm8_spec_immediate,cal/f1/s1100003/no_alert,28,grok-4.20-0309-non-reasoning,sha256:63c2a9ec5362d22279b39a552b576d5c7faa49c114fa0765fb547617cf040bfc,det-v1,1,,1899,70,909.346,0.0025487500,false,true
call-000160,arm8_spec_immediate,cal/f1/s1100003/no_alert,28,grok-4.20-0309-non-reasoning,sha256:63c2a9ec5362d22279b39a552b576d5c7faa49c114fa0765fb547617cf040bfc,det-v1,1,accepted,1899,70,909.346,0.0025487500,false,false
call-000161,arm8_spec_immediate,cal/f1/s1100003/no_alert,41,grok-4.20-0309-non-reasoning,sha256:c2488f8c26a837c84de4df760d5349d308252f9034afc4731b0a468378c58bda,det-v1,1,,2393,82,1080.919,0.0031962500,false,true
call-000162,arm8_spec_immediate,cal/f1/s1100003/no_alert,41,grok-4.20-0309-non-reasoning,sha256:c2488f8c26a837c84de4df760d5349d308252f9034afc4731b0a468378c58bda,det-v1,1,accepted,2393,82,1080.919,0.0031962500,false,false
call-000163,arm10_spec_eprocess,cal/f1/s1100003/no_alert,28,grok-4.20-0309-non-reasoning,sha256:63c2a9ec5362d22279b39a552b576d5c7faa49c114fa0765fb547617cf040bfc,det-v1,1,accepted,1899,70,0.002,0.0025487500,true,false
call-000164,arm10_spec_eprocess,cal/f1/s1100003/no_alert,41,grok-4.20-0309-non-reasoning,sha256:1a48005e6b57251738fcecc0af7e116cb2e217d1f749b56deba7ed672f3f6f10,det-v1,1,,2393,78,1047.886,0.0031862500,false,true
call-000165,arm10_spec_eprocess,cal/f1/s1100003/no_alert,41,grok-4.20-0309-non-reasoning,sha256:1a48005e6b57251738fcecc0af7e116cb2e217d1f749b56deba7ed672f3f6f10,det-v1,1,accepted,2393,78,1047.886,0.0031862500,false,false
call-000166,arm12_cth,cal/f1/s1100003/no_alert,28,grok-4.20-0309-non-reasoning,sha256:63c2a9ec5362d22279b39a552b576d5c7faa49c114fa0765fb547617cf040bfc,det-v1,1,accepted,1899,70,0.001,0.0025487500,true,false
call-000167,arm12_cth,cal/f1/s1100003/no_alert,41,grok-4.20-0309-non-reasoning,sha256:ff552fc88841175f16416307d331d4641765eb8a106acb6fdb84bae57e30b057,det-v1,1,,2393,86,1087.846,0.0032062500,false,true
call-000168,arm12_cth,cal/f1/s1100003/no_alert,41,grok-4.20-0309-non-reasoning,sha256:ff552fc88841175f16416307d331d4641765eb8a106acb6fdb84bae57e30b057,det-v1,1,accepted,2393,86,1087.846,0.0032062500,false,false
call-000169,arm12b_cth_llm,cal/f1/s1100003/no_alert,28,grok-4.20-0309-non-reasoning,sha256:63c2a9ec5362d22279b39a552b576d5c7faa49c114fa0765fb547617cf040bfc,det-v1,1,accepted,1899,70,0.002,0.0025487500,true,false
call-000170,arm12b_cth_llm,cal/f1/s1100003/no_alert,41,grok-4.20-0309-non-reasoning,sha256:c19939397a74df44d09f12a346f79b7d71907d97ca3ec359277a0fd719346d51,det-v1,1,,2393,82,1116.252,0.0031962500,false,true
call-000171,arm12b_cth_llm,cal/f1/s1100003/no_alert,41,grok-4.20-0309-non-reasoning,sha256:c19939397a74df44d09f12a346f79b7d71907d97ca3ec359277a0fd719346d51,det-v1,1,accepted,2393,82,1116.252,0.0031962500,false,false
call-000172,arm8_spec_immediate,cal/f1/s1100003/early_accurate,18,grok-4.20-0309-non-reasoning,sha256:28e3012fe57f2e1d1ff8caa8a738486946b561bd78c7c43658cfeafe4ffd535d,det-v1,1,,1559,87,1097.002,0.0021662500,false,true
call-000173,arm8_spec_immediate,cal/f1/s1100003/early_accurate,18,grok-4.20-0309-non-reasoning,sha256:28e3012fe57f2e1d1ff8caa8a738486946b561bd78c7c43658cfeafe4ffd535d,det-v1,1,accepted,1559,87,1097.002,0.0021662500,false,false
call-000174,arm8_spec_immediate,cal/f1/s1100003/early_accurate,28,grok-4.20-0309-non-reasoning,sha256:39b4ab4d1e4bda3b8c028fe167e9a2622d5677e3ed7fbbe9544e4c94d1e36000,det-v1,1,,1939,71,1007.548,0.0026012500,false,true
call-000175,arm8_spec_immediate,cal/f1/s1100003/early_accurate,28,grok-4.20-0309-non-reasoning,sha256:39b4ab4d1e4bda3b8c028fe167e9a2622d5677e3ed7fbbe9544e4c94d1e36000,det-v1,1,accepted,1939,71,1007.548,0.0026012500,false,false
call-000176,arm10_spec_eprocess,cal/f1/s1100003/early_accurate,18,grok-4.20-0309-non-reasoning,sha256:28e3012fe57f2e1d1ff8caa8a738486946b561bd78c7c43658cfeafe4ffd535d,det-v1,1,accepted,1559,87,0.002,0.0021662500,true,false
call-000177,arm10_spec_eprocess,cal/f1/s1100003/early_accurate,28,grok-4.20-0309-non-reasoning,sha256:bd36fe2e950bf5a8d16e3e5d1b670fec3ada1a77c4a395e9e69deb9b6828a898,det-v1,1,,1939,75,1026.280,0.0026112500,false,true
call-000178,arm10_spec_eprocess,cal/f1/s1100003/early_accurate,28,grok-4.20-0309-non-reasoning,sha256:bd36fe2e950bf5a8d16e3e5d1b670fec3ada1a77c4a395e9e69deb9b6828a898,det-v1,1,accepted,1939,75,1026.280,0.0026112500,false,false
call-000179,arm12_cth,cal/f1/s1100003/early_accurate,18,grok-4.20-0309-non-reasoning,sha256:28e3012fe57f2e1d1ff8caa8a738486946b561bd78c7c43658cfeafe4ffd535d,det-v1,1,accepted,1559,87,0.001,0.0021662500,true,false
call-000180,arm12_cth,cal/f1/s1100003/early_accurate,28,grok-4.20-0309-non-reasoning,sha256:e398d6747c2f1c7fcb10614ad3d4118c1a576659e336c11cfd997f908ed2e4a1,det-v1,1,,1939,71,1055.750,0.0026012500,false,true
call-000181,arm12_cth,cal/f1/s1100003/early_accurate,28,grok-4.20-0309-non-reasoning,sha256:e398d6747c2f1c7fcb10614ad3d4118c1a576659e336c11cfd997f908ed2e4a1,det-v1,1,accepted,1939,71,1055.750,0.0026012500,false,false
call-000182,arm12b_cth_llm,cal/f1/s1100003/early_accurate,18,grok-4.20-0309-non-reasoning,sha256:28e3012fe57f2e1d1ff8caa8a738486946b561bd78c7c43658cfeafe4ffd535d,det-v1,1,accepted,1559,87,0.002,0.0021662500,true,false
call-000183,arm12b_cth_llm,cal/f1/s1100003/early_accurate,28,grok-4.20-0309-non-reasoning,sha256:27c24024d2029fd66c1f1553840852d9154955085d255e85760d798bd6ae806f,det-v1,1,,1939,71,1066.301,0.0026012500,false,true
call-000184,arm12b_cth_llm,cal/f1/s1100003/early_accurate,28,grok-4.20-0309-non-reasoning,sha256:27c24024d2029fd66c1f1553840852d9154955085d255e85760d798bd6ae806f,det-v1,1,accepted,1939,71,1066.301,0.0026012500,false,false
call-000185,arm8_spec_immediate,cal/f1/s1100003/late_accurate,21,grok-4.20-0309-non-reasoning,sha256:a5ecff59a6eb57038f0c549c1e621fab2aaa20e0e0b359f5179c5fb443d41df8,det-v1,1,,1673,59,925.880,0.0022387500,false,true
call-000186,arm8_spec_immediate,cal/f1/s1100003/late_accurate,21,grok-4.20-0309-non-reasoning,sha256:a5ecff59a6eb57038f0c549c1e621fab2aaa20e0e0b359f5179c5fb443d41df8,det-v1,1,accepted,1673,59,925.880,0.0022387500,false,false
call-000187,arm8_spec_immediate,cal/f1/s1100003/late_accurate,28,grok-4.20-0309-non-reasoning,sha256:30847f3a71fd45ee4a1d18467c5963c9677259e70d0c1d61a501c4a3c068f401,det-v1,1,,1939,87,1112.763,0.0026412500,false,true
call-000188,arm8_spec_immediate,cal/f1/s1100003/late_accurate,28,grok-4.20-0309-non-reasoning,sha256:30847f3a71fd45ee4a1d18467c5963c9677259e70d0c1d61a501c4a3c068f401,det-v1,1,accepted,1939,87,1112.763,0.0026412500,false,false
call-000189,arm10_spec_eprocess,cal/f1/s1100003/late_accurate,21,grok-4.20-0309-non-reasoning,sha256:a5ecff59a6eb57038f0c549c1e621fab2aaa20e0e0b359f5179c5fb443d41df8,det-v1,1,accepted,1673,59,0.002,0.0022387500,true,false
call-000190,arm10_spec_eprocess,cal/f1/s1100003/late_accurate,28,grok-4.20-0309-non-reasoning,sha256:5b53a407902d7b5aa3aabcd73f541b6a53daf7c883c1dae2a790ffb74246531b,det-v1,1,,1939,87,1069.594,0.0026412500,false,true
call-000191,arm10_spec_eprocess,cal/f1/s1100003/late_accurate,28,grok-4.20-0309-non-reasoning,sha256:5b53a407902d7b5aa3aabcd73f541b6a53daf7c883c1dae2a790ffb74246531b,det-v1,1,accepted,1939,87,1069.594,0.0026412500,false,false
call-000192,arm12_cth,cal/f1/s1100003/late_accurate,21,grok-4.20-0309-non-reasoning,sha256:a5ecff59a6eb57038f0c549c1e621fab2aaa20e0e0b359f5179c5fb443d41df8,det-v1,1,accepted,1673,59,0.002,0.0022387500,true,false
call-000193,arm12_cth,cal/f1/s1100003/late_accurate,28,grok-4.20-0309-non-reasoning,sha256:b333fc4c3a944335d738578bb5ec997cf9f522714c597690c6268ea20891ae13,det-v1,1,,1939,87,1150.442,0.0026412500,false,true
call-000194,arm12_cth,cal/f1/s1100003/late_accurate,28,grok-4.20-0309-non-reasoning,sha256:b333fc4c3a944335d738578bb5ec997cf9f522714c597690c6268ea20891ae13,det-v1,1,accepted,1939,87,1150.442,0.0026412500,false,false
call-000195,arm12b_cth_llm,cal/f1/s1100003/late_accurate,21,grok-4.20-0309-non-reasoning,sha256:a5ecff59a6eb57038f0c549c1e621fab2aaa20e0e0b359f5179c5fb443d41df8,det-v1,1,accepted,1673,59,0.002,0.0022387500,true,false
call-000196,arm12b_cth_llm,cal/f1/s1100003/late_accurate,28,grok-4.20-0309-non-reasoning,sha256:51b7877271d185849042d42c24919d37cf4d2a2e84d7c4bd3377fdce4805edd7,det-v1,1,,1939,87,1122.550,0.0026412500,false,true
call-000197,arm12b_cth_llm,cal/f1/s1100003/late_accurate,28,grok-4.20-0309-non-reasoning,sha256:51b7877271d185849042d42c24919d37cf4d2a2e84d7c4bd3377fdce4805edd7,det-v1,1,accepted,1939,87,1122.550,0.0026412500,false,false
call-000198,arm8_spec_immediate,cal/f1/s1100003/unreliable,18,grok-4.20-0309-non-reasoning,sha256:747bed0fdb5ba1127a41bb7c226687a47687de947fb6b9d42c256a4dbd252ba0,det-v1,1,,1556,76,930.381,0.0021350000,false,true
call-000199,arm8_spec_immediate,cal/f1/s1100003/unreliable,18,grok-4.20-0309-non-reasoning,sha256:747bed0fdb5ba1127a41bb7c226687a47687de947fb6b9d42c256a4dbd252ba0,det-v1,1,accepted,1556,76,930.381,0.0021350000,false,false
call-000200,arm8_spec_immediate,cal/f1/s1100003/unreliable,28,grok-4.20-0309-non-reasoning,sha256:6ea9e029cc8905f8a10f9e62329375d864534d56cb30c0b3f3928186817d5081,det-v1,1,,1936,50,864.744,0.0025450000,false,true
call-000201,arm8_spec_immediate,cal/f1/s1100003/unreliable,28,grok-4.20-0309-non-reasoning,sha256:6ea9e029cc8905f8a10f9e62329375d864534d56cb30c0b3f3928186817d5081,det-v1,1,accepted,1936,50,864.744,0.0025450000,false,false
call-000202,arm10_spec_eprocess,cal/f1/s1100003/unreliable,18,grok-4.20-0309-non-reasoning,sha256:747bed0fdb5ba1127a41bb7c226687a47687de947fb6b9d42c256a4dbd252ba0,det-v1,1,accepted,1556,76,0.002,0.0021350000,true,false
call-000203,arm10_spec_eprocess,cal/f1/s1100003/unreliable,28,grok-4.20-0309-non-reasoning,sha256:6ea9e029cc8905f8a10f9e62329375d864534d56cb30c0b3f3928186817d5081,det-v1,1,accepted,1936,50,0.001,0.0025450000,true,false
call-000204,arm12_cth,cal/f1/s1100003/unreliable,18,grok-4.20-0309-non-reasoning,sha256:747bed0fdb5ba1127a41bb7c226687a47687de947fb6b9d42c256a4dbd252ba0,det-v1,1,accepted,1556,76,0.001,0.0021350000,true,false
call-000205,arm12_cth,cal/f1/s1100003/unreliable,28,grok-4.20-0309-non-reasoning,sha256:ab24c1a81ac4cc4883b3b2886aa12f560fd42c5b3109bb2276e064ddb79acc94,det-v1,1,,1936,50,1408.588,0.0025450000,false,true
call-000206,arm12_cth,cal/f1/s1100003/unreliable,28,grok-4.20-0309-non-reasoning,sha256:ab24c1a81ac4cc4883b3b2886aa12f560fd42c5b3109bb2276e064ddb79acc94,det-v1,1,accepted,1936,50,1408.588,0.0025450000,false,false
call-000207,arm12b_cth_llm,cal/f1/s1100003/unreliable,18,grok-4.20-0309-non-reasoning,sha256:747bed0fdb5ba1127a41bb7c226687a47687de947fb6b9d42c256a4dbd252ba0,det-v1,1,accepted,1556,76,0.002,0.0021350000,true,false
call-000208,arm12b_cth_llm,cal/f1/s1100003/unreliable,28,grok-4.20-0309-non-reasoning,sha256:6ea9e029cc8905f8a10f9e62329375d864534d56cb30c0b3f3928186817d5081,det-v1,1,accepted,1936,50,0.001,0.0025450000,true,false
call-000209,arm8_spec_immediate,dev/f1/s1100004/no_alert,30,grok-4.20-0309-non-reasoning,sha256:bc3be546702677b378b5c14d3de360ba17446abe18a1c348a09bbef1ebe69903,det-v1,1,,1975,79,1017.544,0.0026662500,false,true
call-000210,arm8_spec_immediate,dev/f1/s1100004/no_alert,30,grok-4.20-0309-non-reasoning,sha256:bc3be546702677b378b5c14d3de360ba17446abe18a1c348a09bbef1ebe69903,det-v1,1,accepted,1975,79,1017.544,0.0026662500,false,false
call-000211,arm8_spec_immediate,dev/f1/s1100004/no_alert,36,grok-4.20-0309-non-reasoning,sha256:cb17e51c7aa60d4f90308eac1760297c3a9b5584e711d651aaf5fdad58d39550,det-v1,1,,2203,103,1214.223,0.0030112500,false,true
call-000212,arm8_spec_immediate,dev/f1/s1100004/no_alert,36,grok-4.20-0309-non-reasoning,sha256:cb17e51c7aa60d4f90308eac1760297c3a9b5584e711d651aaf5fdad58d39550,det-v1,1,accepted,2203,103,1214.223,0.0030112500,false,false
call-000213,arm10_spec_eprocess,dev/f1/s1100004/no_alert,30,grok-4.20-0309-non-reasoning,sha256:bc3be546702677b378b5c14d3de360ba17446abe18a1c348a09bbef1ebe69903,det-v1,1,accepted,1975,79,0.001,0.0026662500,true,false
call-000214,arm10_spec_eprocess,dev/f1/s1100004/no_alert,36,grok-4.20-0309-non-reasoning,sha256:459cc3438ce7021a5dde3ef535633c31d136f25dd032641fc35fe10c01a92468,det-v1,1,,2203,102,1117.658,0.0030087500,false,true
call-000215,arm10_spec_eprocess,dev/f1/s1100004/no_alert,36,grok-4.20-0309-non-reasoning,sha256:459cc3438ce7021a5dde3ef535633c31d136f25dd032641fc35fe10c01a92468,det-v1,1,accepted,2203,102,1117.658,0.0030087500,false,false
call-000216,arm12_cth,dev/f1/s1100004/no_alert,30,grok-4.20-0309-non-reasoning,sha256:bc3be546702677b378b5c14d3de360ba17446abe18a1c348a09bbef1ebe69903,det-v1,1,accepted,1975,79,0.002,0.0026662500,true,false
call-000217,arm12_cth,dev/f1/s1100004/no_alert,36,grok-4.20-0309-non-reasoning,sha256:65b5c4ecac834d117f13396f703aafa65a7d5481d0ca60797ad543b5f491ed5f,det-v1,1,,2203,103,1326.920,0.0030112500,false,true
call-000218,arm12_cth,dev/f1/s1100004/no_alert,36,grok-4.20-0309-non-reasoning,sha256:65b5c4ecac834d117f13396f703aafa65a7d5481d0ca60797ad543b5f491ed5f,det-v1,1,accepted,2203,103,1326.920,0.0030112500,false,false
call-000219,arm12b_cth_llm,dev/f1/s1100004/no_alert,30,grok-4.20-0309-non-reasoning,sha256:bc3be546702677b378b5c14d3de360ba17446abe18a1c348a09bbef1ebe69903,det-v1,1,accepted,1975,79,0.002,0.0026662500,true,false
call-000220,arm12b_cth_llm,dev/f1/s1100004/no_alert,36,grok-4.20-0309-non-reasoning,sha256:29eb321dc31a7d35b120efeaed184e730a58adb973395c34477ea29760772f55,det-v1,1,,2203,103,1198.891,0.0030112500,false,true
call-000221,arm12b_cth_llm,dev/f1/s1100004/no_alert,36,grok-4.20-0309-non-reasoning,sha256:29eb321dc31a7d35b120efeaed184e730a58adb973395c34477ea29760772f55,det-v1,1,accepted,2203,103,1198.891,0.0030112500,false,false
call-000222,arm8_spec_immediate,dev/f1/s1100004/early_accurate,20,grok-4.20-0309-non-reasoning,sha256:cbb4fcebcf532d719f9846ac56252ba41bffe5fd12d7092fdec73e173150f4f6,det-v1,1,,1631,86,1096.789,0.0022537500,false,true
call-000223,arm8_spec_immediate,dev/f1/s1100004/early_accurate,20,grok-4.20-0309-non-reasoning,sha256:cbb4fcebcf532d719f9846ac56252ba41bffe5fd12d7092fdec73e173150f4f6,det-v1,1,accepted,1631,86,1096.789,0.0022537500,false,false
call-000224,arm8_spec_immediate,dev/f1/s1100004/early_accurate,30,grok-4.20-0309-non-reasoning,sha256:e9bf4d81f9da46e81422ace3e70befbf8fb8154afe4d1bf6fe5638a112547d96,det-v1,1,,2011,83,1041.552,0.0027212500,false,true
call-000225,arm8_spec_immediate,dev/f1/s1100004/early_accurate,30,grok-4.20-0309-non-reasoning,sha256:e9bf4d81f9da46e81422ace3e70befbf8fb8154afe4d1bf6fe5638a112547d96,det-v1,1,accepted,2011,83,1041.552,0.0027212500,false,false
call-000226,arm10_spec_eprocess,dev/f1/s1100004/early_accurate,20,grok-4.20-0309-non-reasoning,sha256:cbb4fcebcf532d719f9846ac56252ba41bffe5fd12d7092fdec73e173150f4f6,det-v1,1,accepted,1631,86,0.002,0.0022537500,true,false
call-000227,arm10_spec_eprocess,dev/f1/s1100004/early_accurate,30,grok-4.20-0309-non-reasoning,sha256:83cf33a85d6a41e5a1b2cdf8d9cb97125ac1a01baa00c84c84d43fabada4122d,det-v1,1,,2011,83,1091.312,0.0027212500,false,true
call-000228,arm10_spec_eprocess,dev/f1/s1100004/early_accurate,30,grok-4.20-0309-non-reasoning,sha256:83cf33a85d6a41e5a1b2cdf8d9cb97125ac1a01baa00c84c84d43fabada4122d,det-v1,1,accepted,2011,83,1091.312,0.0027212500,false,false
call-000229,arm12_cth,dev/f1/s1100004/early_accurate,20,grok-4.20-0309-non-reasoning,sha256:cbb4fcebcf532d719f9846ac56252ba41bffe5fd12d7092fdec73e173150f4f6,det-v1,1,accepted,1631,86,0.002,0.0022537500,true,false
call-000230,arm12_cth,dev/f1/s1100004/early_accurate,30,grok-4.20-0309-non-reasoning,sha256:b9d61649fb3b5d0e4667ca7d99068cd166e005fd66794724dcfdcadbdc727750,det-v1,1,,2011,83,1225.019,0.0027212500,false,true
call-000231,arm12_cth,dev/f1/s1100004/early_accurate,30,grok-4.20-0309-non-reasoning,sha256:b9d61649fb3b5d0e4667ca7d99068cd166e005fd66794724dcfdcadbdc727750,det-v1,1,accepted,2011,83,1225.019,0.0027212500,false,false
call-000232,arm12b_cth_llm,dev/f1/s1100004/early_accurate,20,grok-4.20-0309-non-reasoning,sha256:cbb4fcebcf532d719f9846ac56252ba41bffe5fd12d7092fdec73e173150f4f6,det-v1,1,accepted,1631,86,0.002,0.0022537500,true,false
call-000233,arm12b_cth_llm,dev/f1/s1100004/early_accurate,30,grok-4.20-0309-non-reasoning,sha256:4513974ee0af7cba42c2779be03b3c6a5682452a6e1fc1746f46ebec23dc7c74,det-v1,1,,2011,83,1098.343,0.0027212500,false,true
call-000234,arm12b_cth_llm,dev/f1/s1100004/early_accurate,30,grok-4.20-0309-non-reasoning,sha256:4513974ee0af7cba42c2779be03b3c6a5682452a6e1fc1746f46ebec23dc7c74,det-v1,1,accepted,2011,83,1098.343,0.0027212500,false,false
call-000235,arm8_spec_immediate,dev/f1/s1100004/late_accurate,23,grok-4.20-0309-non-reasoning,sha256:2829cfae7e441e9da657c46b5cf9169b597bcb259cefd5408066174dc93bb884,det-v1,1,,1745,71,974.132,0.0023587500,false,true
call-000236,arm8_spec_immediate,dev/f1/s1100004/late_accurate,23,grok-4.20-0309-non-reasoning,sha256:2829cfae7e441e9da657c46b5cf9169b597bcb259cefd5408066174dc93bb884,det-v1,1,accepted,1745,71,974.132,0.0023587500,false,false
call-000237,arm8_spec_immediate,dev/f1/s1100004/late_accurate,30,grok-4.20-0309-non-reasoning,sha256:f4f2b9e375eb8316c2461684f97074adae1457b8b9f3e66a45d2e5fc272dfc41,det-v1,1,,2011,83,1066.185,0.0027212500,false,true
call-000238,arm8_spec_immediate,dev/f1/s1100004/late_accurate,30,grok-4.20-0309-non-reasoning,sha256:f4f2b9e375eb8316c2461684f97074adae1457b8b9f3e66a45d2e5fc272dfc41,det-v1,1,accepted,2011,83,1066.185,0.0027212500,false,false
call-000239,arm10_spec_eprocess,dev/f1/s1100004/late_accurate,23,grok-4.20-0309-non-reasoning,sha256:2829cfae7e441e9da657c46b5cf9169b597bcb259cefd5408066174dc93bb884,det-v1,1,accepted,1745,71,0.002,0.0023587500,true,false
call-000240,arm10_spec_eprocess,dev/f1/s1100004/late_accurate,30,grok-4.20-0309-non-reasoning,sha256:c77ffb371a965b92543511f07ab010d7bd76e92f294fe72280bd3b0a0c6f0a25,det-v1,1,,2011,83,1039.884,0.0027212500,false,true
call-000241,arm10_spec_eprocess,dev/f1/s1100004/late_accurate,30,grok-4.20-0309-non-reasoning,sha256:c77ffb371a965b92543511f07ab010d7bd76e92f294fe72280bd3b0a0c6f0a25,det-v1,1,accepted,2011,83,1039.884,0.0027212500,false,false
call-000242,arm12_cth,dev/f1/s1100004/late_accurate,23,grok-4.20-0309-non-reasoning,sha256:2829cfae7e441e9da657c46b5cf9169b597bcb259cefd5408066174dc93bb884,det-v1,1,accepted,1745,71,0.001,0.0023587500,true,false
call-000243,arm12_cth,dev/f1/s1100004/late_accurate,30,grok-4.20-0309-non-reasoning,sha256:a12ecd911944ad5d72057e6d412bc7eec31b71bff6f539dcb41c805bb7509ab3,det-v1,1,,2011,83,1081.210,0.0027212500,false,true
call-000244,arm12_cth,dev/f1/s1100004/late_accurate,30,grok-4.20-0309-non-reasoning,sha256:a12ecd911944ad5d72057e6d412bc7eec31b71bff6f539dcb41c805bb7509ab3,det-v1,1,accepted,2011,83,1081.210,0.0027212500,false,false
call-000245,arm12b_cth_llm,dev/f1/s1100004/late_accurate,23,grok-4.20-0309-non-reasoning,sha256:2829cfae7e441e9da657c46b5cf9169b597bcb259cefd5408066174dc93bb884,det-v1,1,accepted,1745,71,0.002,0.0023587500,true,false
call-000246,arm12b_cth_llm,dev/f1/s1100004/late_accurate,30,grok-4.20-0309-non-reasoning,sha256:effd94fb8c6a9d34f3dc9c6b10c7633ba3cc084aa8de5ca9af413d1299ab69c4,det-v1,1,,2011,83,1259.455,0.0027212500,false,true
call-000247,arm12b_cth_llm,dev/f1/s1100004/late_accurate,30,grok-4.20-0309-non-reasoning,sha256:effd94fb8c6a9d34f3dc9c6b10c7633ba3cc084aa8de5ca9af413d1299ab69c4,det-v1,1,accepted,2011,83,1259.455,0.0027212500,false,false
call-000248,arm8_spec_immediate,dev/f1/s1100004/unreliable,20,grok-4.20-0309-non-reasoning,sha256:b49205596a9b52e2f4b8e1241abc208ce7b6b462b2f2889a143053a725dcd3e4,det-v1,1,,1633,71,989.327,0.0022187500,false,true
call-000249,arm8_spec_immediate,dev/f1/s1100004/unreliable,20,grok-4.20-0309-non-reasoning,sha256:b49205596a9b52e2f4b8e1241abc208ce7b6b462b2f2889a143053a725dcd3e4,det-v1,1,accepted,1633,71,989.327,0.0022187500,false,false
call-000250,arm8_spec_immediate,dev/f1/s1100004/unreliable,30,grok-4.20-0309-non-reasoning,sha256:8a4c43a813b36394315db3ae8eee043c579055a30bd2134689ee4b5c4fd1e6d0,det-v1,1,,2013,117,1382.763,0.0028087500,false,true
call-000251,arm8_spec_immediate,dev/f1/s1100004/unreliable,30,grok-4.20-0309-non-reasoning,sha256:8a4c43a813b36394315db3ae8eee043c579055a30bd2134689ee4b5c4fd1e6d0,det-v1,1,accepted,2013,117,1382.763,0.0028087500,false,false
call-000252,arm10_spec_eprocess,dev/f1/s1100004/unreliable,20,grok-4.20-0309-non-reasoning,sha256:b49205596a9b52e2f4b8e1241abc208ce7b6b462b2f2889a143053a725dcd3e4,det-v1,1,accepted,1633,71,0.002,0.0022187500,true,false
call-000253,arm10_spec_eprocess,dev/f1/s1100004/unreliable,30,grok-4.20-0309-non-reasoning,sha256:d25c42540f547f13e5a351152d2d2e2841ca33aee8fffc51836a3bd8513c9eb5,det-v1,1,,2013,83,1001.723,0.0027237500,false,true
call-000254,arm10_spec_eprocess,dev/f1/s1100004/unreliable,30,grok-4.20-0309-non-reasoning,sha256:d25c42540f547f13e5a351152d2d2e2841ca33aee8fffc51836a3bd8513c9eb5,det-v1,1,accepted,2013,83,1001.723,0.0027237500,false,false
call-000255,arm12_cth,dev/f1/s1100004/unreliable,20,grok-4.20-0309-non-reasoning,sha256:b49205596a9b52e2f4b8e1241abc208ce7b6b462b2f2889a143053a725dcd3e4,det-v1,1,accepted,1633,71,0.002,0.0022187500,true,false
call-000256,arm12_cth,dev/f1/s1100004/unreliable,30,grok-4.20-0309-non-reasoning,sha256:8ac0f3d9c9f7938b3012beafed22fff0475e2d41b470f191506a203f2c2d7781,det-v1,1,,2013,83,1170.469,0.0027237500,false,true
call-000257,arm12_cth,dev/f1/s1100004/unreliable,30,grok-4.20-0309-non-reasoning,sha256:8ac0f3d9c9f7938b3012beafed22fff0475e2d41b470f191506a203f2c2d7781,det-v1,1,accepted,2013,83,1170.469,0.0027237500,false,false
call-000258,arm12b_cth_llm,dev/f1/s1100004/unreliable,20,grok-4.20-0309-non-reasoning,sha256:b49205596a9b52e2f4b8e1241abc208ce7b6b462b2f2889a143053a725dcd3e4,det-v1,1,accepted,1633,71,0.002,0.0022187500,true,false
call-000259,arm12b_cth_llm,dev/f1/s1100004/unreliable,30,grok-4.20-0309-non-reasoning,sha256:8179d8f25ec39837e5e05f982ab54cb480e91d2a1d2b66cf244bacf96393b6fe,det-v1,1,,2013,117,1437.192,0.0028087500,false,true
call-000260,arm12b_cth_llm,dev/f1/s1100004/unreliable,30,grok-4.20-0309-non-reasoning,sha256:8179d8f25ec39837e5e05f982ab54cb480e91d2a1d2b66cf244bacf96393b6fe,det-v1,1,accepted,2013,117,1437.192,0.0028087500,false,false
call-000261,arm8_spec_immediate,cal/f1/s1100005/no_alert,31,grok-4.20-0309-non-reasoning,sha256:1f71a11fcccde3d156fc6c2c289736641109a18146643b3b44ea6720ce3f7d09,det-v1,1,,2013,71,1357.937,0.0026937500,false,true
call-000262,arm8_spec_immediate,cal/f1/s1100005/no_alert,31,grok-4.20-0309-non-reasoning,sha256:1f71a11fcccde3d156fc6c2c289736641109a18146643b3b44ea6720ce3f7d09,det-v1,1,accepted,2013,71,1357.937,0.0026937500,false,false
call-000263,arm8_spec_immediate,cal/f1/s1100005/no_alert,41,grok-4.20-0309-non-reasoning,sha256:b8d3c5b17f195d68d442167154c18d5fe53659e72e8f0032614820036c519aaf,det-v1,1,,2393,50,962.943,0.0031162500,false,true
call-000264,arm8_spec_immediate,cal/f1/s1100005/no_alert,41,grok-4.20-0309-non-reasoning,sha256:b8d3c5b17f195d68d442167154c18d5fe53659e72e8f0032614820036c519aaf,det-v1,1,accepted,2393,50,962.943,0.0031162500,false,false
call-000265,arm10_spec_eprocess,cal/f1/s1100005/no_alert,31,grok-4.20-0309-non-reasoning,sha256:1f71a11fcccde3d156fc6c2c289736641109a18146643b3b44ea6720ce3f7d09,det-v1,1,accepted,2013,71,0.002,0.0026937500,true,false
call-000266,arm10_spec_eprocess,cal/f1/s1100005/no_alert,41,grok-4.20-0309-non-reasoning,sha256:4f4d5144369ae6a5e418e0d06741b2edb308ef4cd45606d3f39478fe04e6920d,det-v1,1,,2393,50,817.304,0.0031162500,false,true
call-000267,arm10_spec_eprocess,cal/f1/s1100005/no_alert,41,grok-4.20-0309-non-reasoning,sha256:4f4d5144369ae6a5e418e0d06741b2edb308ef4cd45606d3f39478fe04e6920d,det-v1,1,accepted,2393,50,817.304,0.0031162500,false,false
call-000268,arm12_cth,cal/f1/s1100005/no_alert,31,grok-4.20-0309-non-reasoning,sha256:1f71a11fcccde3d156fc6c2c289736641109a18146643b3b44ea6720ce3f7d09,det-v1,1,accepted,2013,71,0.002,0.0026937500,true,false
call-000269,arm12_cth,cal/f1/s1100005/no_alert,41,grok-4.20-0309-non-reasoning,sha256:66fb852f92cad677315ab071cc9c9b37cd6d5d827adcb6f8ab13407214ad6a77,det-v1,1,,2393,50,1161.872,0.0031162500,false,true
call-000270,arm12_cth,cal/f1/s1100005/no_alert,41,grok-4.20-0309-non-reasoning,sha256:66fb852f92cad677315ab071cc9c9b37cd6d5d827adcb6f8ab13407214ad6a77,det-v1,1,accepted,2393,50,1161.872,0.0031162500,false,false
call-000271,arm12b_cth_llm,cal/f1/s1100005/no_alert,31,grok-4.20-0309-non-reasoning,sha256:1f71a11fcccde3d156fc6c2c289736641109a18146643b3b44ea6720ce3f7d09,det-v1,1,accepted,2013,71,0.002,0.0026937500,true,false
call-000272,arm12b_cth_llm,cal/f1/s1100005/no_alert,41,grok-4.20-0309-non-reasoning,sha256:307581cbe2d0da31fb8d989014aca56af215136414161999afe5506bc8be647f,det-v1,1,,2393,86,1074.521,0.0032062500,false,true
call-000273,arm12b_cth_llm,cal/f1/s1100005/no_alert,41,grok-4.20-0309-non-reasoning,sha256:307581cbe2d0da31fb8d989014aca56af215136414161999afe5506bc8be647f,det-v1,1,accepted,2393,86,1074.521,0.0032062500,false,false
call-000274,arm8_spec_immediate,cal/f1/s1100005/early_accurate,20,grok-4.20-0309-non-reasoning,sha256:48f5ea0ccef0bad490d15ba4222acfc057a16cbc3899898e6e466dce5fb5ef08,det-v1,1,,1633,50,833.039,0.0021662500,false,true
call-000275,arm8_spec_immediate,cal/f1/s1100005/early_accurate,20,grok-4.20-0309-non-reasoning,sha256:48f5ea0ccef0bad490d15ba4222acfc057a16cbc3899898e6e466dce5fb5ef08,det-v1,1,accepted,1633,50,833.039,0.0021662500,false,false
call-000276,arm8_spec_immediate,cal/f1/s1100005/early_accurate,31,grok-4.20-0309-non-reasoning,sha256:dcab8767d0b4aba7d2b16491d90c5d942bfdeeeb99db515b396f4ceb9affd651,det-v1,1,,2051,75,1046.049,0.0027512500,false,true
call-000277,arm8_spec_immediate,cal/f1/s1100005/early_accurate,31,grok-4.20-0309-non-reasoning,sha256:dcab8767d0b4aba7d2b16491d90c5d942bfdeeeb99db515b396f4ceb9affd651,det-v1,1,accepted,2051,75,1046.049,0.0027512500,false,false
call-000278,arm10_spec_eprocess,cal/f1/s1100005/early_accurate,20,grok-4.20-0309-non-reasoning,sha256:48f5ea0ccef0bad490d15ba4222acfc057a16cbc3899898e6e466dce5fb5ef08,det-v1,1,accepted,1633,50,0.002,0.0021662500,true,false
call-000279,arm10_spec_eprocess,cal/f1/s1100005/early_accurate,31,grok-4.20-0309-non-reasoning,sha256:dcab8767d0b4aba7d2b16491d90c5d942bfdeeeb99db515b396f4ceb9affd651,det-v1,1,accepted,2051,75,0.001,0.0027512500,true,false
call-000280,arm12_cth,cal/f1/s1100005/early_accurate,20,grok-4.20-0309-non-reasoning,sha256:48f5ea0ccef0bad490d15ba4222acfc057a16cbc3899898e6e466dce5fb5ef08,det-v1,1,accepted,1633,50,0.002,0.0021662500,true,false
call-000281,arm12_cth,cal/f1/s1100005/early_accurate,31,grok-4.20-0309-non-reasoning,sha256:6efe04d478b0f4f6ad5f4607b1ab220cf08753d2833ad7e1deec5dd2547a38b2,det-v1,1,,2051,75,1052.688,0.0027512500,false,true
call-000282,arm12_cth,cal/f1/s1100005/early_accurate,31,grok-4.20-0309-non-reasoning,sha256:6efe04d478b0f4f6ad5f4607b1ab220cf08753d2833ad7e1deec5dd2547a38b2,det-v1,1,accepted,2051,75,1052.688,0.0027512500,false,false
call-000283,arm12b_cth_llm,cal/f1/s1100005/early_accurate,20,grok-4.20-0309-non-reasoning,sha256:48f5ea0ccef0bad490d15ba4222acfc057a16cbc3899898e6e466dce5fb5ef08,det-v1,1,accepted,1633,50,0.004,0.0021662500,true,false
call-000284,arm12b_cth_llm,cal/f1/s1100005/early_accurate,31,grok-4.20-0309-non-reasoning,sha256:dcab8767d0b4aba7d2b16491d90c5d942bfdeeeb99db515b396f4ceb9affd651,det-v1,1,accepted,2051,75,0.001,0.0027512500,true,false
call-000285,arm8_spec_immediate,cal/f1/s1100005/late_accurate,23,grok-4.20-0309-non-reasoning,sha256:b6419426e4b77cbfd8b33739bc0c1b56e6aab55a578012a167fa09e0b2d5fd8f,det-v1,1,,1747,50,775.446,0.0023087500,false,true
call-000286,arm8_spec_immediate,cal/f1/s1100005/late_accurate,23,grok-4.20-0309-non-reasoning,sha256:b6419426e4b77cbfd8b33739bc0c1b56e6aab55a578012a167fa09e0b2d5fd8f,det-v1,1,accepted,1747,50,775.446,0.0023087500,false,false
call-000287,arm8_spec_immediate,cal/f1/s1100005/late_accurate,31,grok-4.20-0309-non-reasoning,sha256:6c8fd4c2305796593d21c4402401a1bf0e8f9b92027deb42e4d0715f68c47639,det-v1,1,,2051,79,1001.864,0.0027612500,false,true
call-000288,arm8_spec_immediate,cal/f1/s1100005/late_accurate,31,grok-4.20-0309-non-reasoning,sha256:6c8fd4c2305796593d21c4402401a1bf0e8f9b92027deb42e4d0715f68c47639,det-v1,1,accepted,2051,79,1001.864,0.0027612500,false,false
call-000289,arm10_spec_eprocess,cal/f1/s1100005/late_accurate,23,grok-4.20-0309-non-reasoning,sha256:b6419426e4b77cbfd8b33739bc0c1b56e6aab55a578012a167fa09e0b2d5fd8f,det-v1,1,accepted,1747,50,0.002,0.0023087500,true,false
call-000290,arm10_spec_eprocess,cal/f1/s1100005/late_accurate,31,grok-4.20-0309-non-reasoning,sha256:6c8fd4c2305796593d21c4402401a1bf0e8f9b92027deb42e4d0715f68c47639,det-v1,1,accepted,2051,79,0.001,0.0027612500,true,false
call-000291,arm12_cth,cal/f1/s1100005/late_accurate,23,grok-4.20-0309-non-reasoning,sha256:b6419426e4b77cbfd8b33739bc0c1b56e6aab55a578012a167fa09e0b2d5fd8f,det-v1,1,accepted,1747,50,0.002,0.0023087500,true,false
call-000292,arm12_cth,cal/f1/s1100005/late_accurate,31,grok-4.20-0309-non-reasoning,sha256:a602f3d82c9a512c1dff0b21804db7fbfcf02f88fc75b898696f44d2a8ea163f,det-v1,1,,2051,79,1039.522,0.0027612500,false,true
call-000293,arm12_cth,cal/f1/s1100005/late_accurate,31,grok-4.20-0309-non-reasoning,sha256:a602f3d82c9a512c1dff0b21804db7fbfcf02f88fc75b898696f44d2a8ea163f,det-v1,1,accepted,2051,79,1039.522,0.0027612500,false,false
call-000294,arm12b_cth_llm,cal/f1/s1100005/late_accurate,23,grok-4.20-0309-non-reasoning,sha256:b6419426e4b77cbfd8b33739bc0c1b56e6aab55a578012a167fa09e0b2d5fd8f,det-v1,1,accepted,1747,50,0.002,0.0023087500,true,false
call-000295,arm12b_cth_llm,cal/f1/s1100005/late_accurate,31,grok-4.20-0309-non-reasoning,sha256:6c8fd4c2305796593d21c4402401a1bf0e8f9b92027deb42e4d0715f68c47639,det-v1,1,accepted,2051,79,0.001,0.0027612500,true,false
call-000296,arm8_spec_immediate,cal/f1/s1100005/unreliable,20,grok-4.20-0309-non-reasoning,sha256:d4fce273d1d881645f4ab3e05841d24ab0725cd485074851dc219857ec6824f6,det-v1,1,,1639,50,822.071,0.0021737500,false,true
call-000297,arm8_spec_immediate,cal/f1/s1100005/unreliable,20,grok-4.20-0309-non-reasoning,sha256:d4fce273d1d881645f4ab3e05841d24ab0725cd485074851dc219857ec6824f6,det-v1,1,accepted,1639,50,822.071,0.0021737500,false,false
call-000298,arm8_spec_immediate,cal/f1/s1100005/unreliable,31,grok-4.20-0309-non-reasoning,sha256:3326fdf171fc5e3ec3e4bed00062819a4ecfa9d8519d37970a7f5b2f6fc1698b,det-v1,1,,2057,75,1103.865,0.0027587500,false,true
call-000299,arm8_spec_immediate,cal/f1/s1100005/unreliable,31,grok-4.20-0309-non-reasoning,sha256:3326fdf171fc5e3ec3e4bed00062819a4ecfa9d8519d37970a7f5b2f6fc1698b,det-v1,1,accepted,2057,75,1103.865,0.0027587500,false,false
call-000300,arm10_spec_eprocess,cal/f1/s1100005/unreliable,20,grok-4.20-0309-non-reasoning,sha256:d4fce273d1d881645f4ab3e05841d24ab0725cd485074851dc219857ec6824f6,det-v1,1,accepted,1639,50,0.002,0.0021737500,true,false
call-000301,arm10_spec_eprocess,cal/f1/s1100005/unreliable,31,grok-4.20-0309-non-reasoning,sha256:3326fdf171fc5e3ec3e4bed00062819a4ecfa9d8519d37970a7f5b2f6fc1698b,det-v1,1,accepted,2057,75,0.002,0.0027587500,true,false
call-000302,arm12_cth,cal/f1/s1100005/unreliable,20,grok-4.20-0309-non-reasoning,sha256:d4fce273d1d881645f4ab3e05841d24ab0725cd485074851dc219857ec6824f6,det-v1,1,accepted,1639,50,0.001,0.0021737500,true,false
call-000303,arm12_cth,cal/f1/s1100005/unreliable,31,grok-4.20-0309-non-reasoning,sha256:69cdb4dd311c031436f86b80fc93fd7a926167423109f6623405b5803fc03036,det-v1,1,,2057,75,1043.278,0.0027587500,false,true
call-000304,arm12_cth,cal/f1/s1100005/unreliable,31,grok-4.20-0309-non-reasoning,sha256:69cdb4dd311c031436f86b80fc93fd7a926167423109f6623405b5803fc03036,det-v1,1,accepted,2057,75,1043.278,0.0027587500,false,false
call-000305,arm12b_cth_llm,cal/f1/s1100005/unreliable,20,grok-4.20-0309-non-reasoning,sha256:d4fce273d1d881645f4ab3e05841d24ab0725cd485074851dc219857ec6824f6,det-v1,1,accepted,1639,50,0.002,0.0021737500,true,false
call-000306,arm12b_cth_llm,cal/f1/s1100005/unreliable,31,grok-4.20-0309-non-reasoning,sha256:3326fdf171fc5e3ec3e4bed00062819a4ecfa9d8519d37970a7f5b2f6fc1698b,det-v1,1,accepted,2057,75,0.002,0.0027587500,true,false
call-000307,arm8_spec_immediate,cal/f1/s1100005/no_alert__twin,10,grok-4.20-0309-non-reasoning,sha256:10a05c052812ae503408b1761fe13f302234b6faae831de6c43f36eb97d5c42c,det-v1,1,,1257,59,948.353,0.0017187500,false,true
call-000308,arm8_spec_immediate,cal/f1/s1100005/no_alert__twin,10,grok-4.20-0309-non-reasoning,sha256:10a05c052812ae503408b1761fe13f302234b6faae831de6c43f36eb97d5c42c,det-v1,1,accepted,1257,59,948.353,0.0017187500,false,false
call-000309,arm10_spec_eprocess,cal/f1/s1100005/no_alert__twin,10,grok-4.20-0309-non-reasoning,sha256:10a05c052812ae503408b1761fe13f302234b6faae831de6c43f36eb97d5c42c,det-v1,1,accepted,1257,59,0.001,0.0017187500,true,false
call-000310,arm12_cth,cal/f1/s1100005/no_alert__twin,10,grok-4.20-0309-non-reasoning,sha256:10a05c052812ae503408b1761fe13f302234b6faae831de6c43f36eb97d5c42c,det-v1,1,accepted,1257,59,0.002,0.0017187500,true,false
call-000311,arm12b_cth_llm,cal/f1/s1100005/no_alert__twin,10,grok-4.20-0309-non-reasoning,sha256:10a05c052812ae503408b1761fe13f302234b6faae831de6c43f36eb97d5c42c,det-v1,1,accepted,1257,59,0.002,0.0017187500,true,false
call-000312,arm8_spec_immediate,dev/f1/s1100006/no_alert,39,grok-4.20-0309-non-reasoning,sha256:f5e49f77c51a592ce848c8cac816f4cc17913eab23611464603171ea1d2624f1,det-v1,1,,2317,50,800.949,0.0030212500,false,true
call-000313,arm8_spec_immediate,dev/f1/s1100006/no_alert,39,grok-4.20-0309-non-reasoning,sha256:f5e49f77c51a592ce848c8cac816f4cc17913eab23611464603171ea1d2624f1,det-v1,1,accepted,2317,50,800.949,0.0030212500,false,false
call-000314,arm8_spec_immediate,dev/f1/s1100006/no_alert,47,grok-4.20-0309-non-reasoning,sha256:095de5580fc61e3ee6ca3ffdf8411445588bcead5c6a378bce0b02262b7ab775,det-v1,1,,2621,94,1059.143,0.0035112500,false,true
call-000315,arm8_spec_immediate,dev/f1/s1100006/no_alert,47,grok-4.20-0309-non-reasoning,sha256:095de5580fc61e3ee6ca3ffdf8411445588bcead5c6a378bce0b02262b7ab775,det-v1,1,accepted,2621,94,1059.143,0.0035112500,false,false
call-000316,arm10_spec_eprocess,dev/f1/s1100006/no_alert,39,grok-4.20-0309-non-reasoning,sha256:f5e49f77c51a592ce848c8cac816f4cc17913eab23611464603171ea1d2624f1,det-v1,1,accepted,2317,50,0.002,0.0030212500,true,false
call-000317,arm10_spec_eprocess,dev/f1/s1100006/no_alert,47,grok-4.20-0309-non-reasoning,sha256:095de5580fc61e3ee6ca3ffdf8411445588bcead5c6a378bce0b02262b7ab775,det-v1,1,accepted,2621,94,0.001,0.0035112500,true,false
call-000318,arm12_cth,dev/f1/s1100006/no_alert,39,grok-4.20-0309-non-reasoning,sha256:f5e49f77c51a592ce848c8cac816f4cc17913eab23611464603171ea1d2624f1,det-v1,1,accepted,2317,50,0.002,0.0030212500,true,false
call-000319,arm12_cth,dev/f1/s1100006/no_alert,47,grok-4.20-0309-non-reasoning,sha256:980c1ebf11b166bcbfb383acaf8df58b72304a858f52e9f208072402aaff5578,det-v1,1,,2621,95,1162.769,0.0035137500,false,true
call-000320,arm12_cth,dev/f1/s1100006/no_alert,47,grok-4.20-0309-non-reasoning,sha256:980c1ebf11b166bcbfb383acaf8df58b72304a858f52e9f208072402aaff5578,det-v1,1,accepted,2621,95,1162.769,0.0035137500,false,false
call-000321,arm12b_cth_llm,dev/f1/s1100006/no_alert,39,grok-4.20-0309-non-reasoning,sha256:f5e49f77c51a592ce848c8cac816f4cc17913eab23611464603171ea1d2624f1,det-v1,1,accepted,2317,50,0.002,0.0030212500,true,false
call-000322,arm12b_cth_llm,dev/f1/s1100006/no_alert,47,grok-4.20-0309-non-reasoning,sha256:095de5580fc61e3ee6ca3ffdf8411445588bcead5c6a378bce0b02262b7ab775,det-v1,1,accepted,2621,94,0.002,0.0035112500,true,false
call-000323,arm8_spec_immediate,dev/f1/s1100006/early_accurate,20,grok-4.20-0309-non-reasoning,sha256:d5aa8351772ea57ad51931508d8add1b70429cced8cc18ea315d21517084f281,det-v1,1,,1636,86,1263.070,0.0022600000,false,true
call-000324,arm8_spec_immediate,dev/f1/s1100006/early_accurate,20,grok-4.20-0309-non-reasoning,sha256:d5aa8351772ea57ad51931508d8add1b70429cced8cc18ea315d21517084f281,det-v1,1,accepted,1636,86,1263.070,0.0022600000,false,false
call-000325,arm8_spec_immediate,dev/f1/s1100006/early_accurate,39,grok-4.20-0309-non-reasoning,sha256:a6ffc9b6251338e8c7d327487e9faab978a9127ef5b1003112093a1fa94df36f,det-v1,1,,2358,95,1128.283,0.0031850000,false,true
call-000326,arm8_spec_immediate,dev/f1/s1100006/early_accurate,39,grok-4.20-0309-non-reasoning,sha256:a6ffc9b6251338e8c7d327487e9faab978a9127ef5b1003112093a1fa94df36f,det-v1,1,accepted,2358,95,1128.283,0.0031850000,false,false
call-000327,arm10_spec_eprocess,dev/f1/s1100006/early_accurate,20,grok-4.20-0309-non-reasoning,sha256:d5aa8351772ea57ad51931508d8add1b70429cced8cc18ea315d21517084f281,det-v1,1,accepted,1636,86,0.002,0.0022600000,true,false
call-000328,arm10_spec_eprocess,dev/f1/s1100006/early_accurate,39,grok-4.20-0309-non-reasoning,sha256:e62bdea1b0fbdc8ad242b10c2fff104b067433e2255ad5f5c2f751eef3a4f039,det-v1,1,,2358,83,1110.572,0.0031550000,false,true
call-000329,arm10_spec_eprocess,dev/f1/s1100006/early_accurate,39,grok-4.20-0309-non-reasoning,sha256:e62bdea1b0fbdc8ad242b10c2fff104b067433e2255ad5f5c2f751eef3a4f039,det-v1,1,accepted,2358,83,1110.572,0.0031550000,false,false
call-000330,arm12_cth,dev/f1/s1100006/early_accurate,20,grok-4.20-0309-non-reasoning,sha256:d5aa8351772ea57ad51931508d8add1b70429cced8cc18ea315d21517084f281,det-v1,1,accepted,1636,86,0.002,0.0022600000,true,false
call-000331,arm12_cth,dev/f1/s1100006/early_accurate,39,grok-4.20-0309-non-reasoning,sha256:cc907bd8ebfce40ec9f634067fd8ac4f1d4b6822277170d23c120c14308bcc6b,det-v1,1,,2358,87,1120.119,0.0031650000,false,true
call-000332,arm12_cth,dev/f1/s1100006/early_accurate,39,grok-4.20-0309-non-reasoning,sha256:cc907bd8ebfce40ec9f634067fd8ac4f1d4b6822277170d23c120c14308bcc6b,det-v1,1,accepted,2358,87,1120.119,0.0031650000,false,false
call-000333,arm12b_cth_llm,dev/f1/s1100006/early_accurate,20,grok-4.20-0309-non-reasoning,sha256:d5aa8351772ea57ad51931508d8add1b70429cced8cc18ea315d21517084f281,det-v1,1,accepted,1636,86,0.002,0.0022600000,true,false
call-000334,arm12b_cth_llm,dev/f1/s1100006/early_accurate,39,grok-4.20-0309-non-reasoning,sha256:3f2aff62ef2ac841d4e74d7da6f595c6330c3f7083f3ed399667e8dcde6fc186,det-v1,1,,2358,87,999.002,0.0031650000,false,true
call-000335,arm12b_cth_llm,dev/f1/s1100006/early_accurate,39,grok-4.20-0309-non-reasoning,sha256:3f2aff62ef2ac841d4e74d7da6f595c6330c3f7083f3ed399667e8dcde6fc186,det-v1,1,accepted,2358,87,999.002,0.0031650000,false,false
call-000336,arm8_spec_immediate,dev/f1/s1100006/late_accurate,23,grok-4.20-0309-non-reasoning,sha256:eca0f86044763638abcfbc26f874c5f549e436a50cc91ec37c633d64f8063541,det-v1,1,,1750,71,1057.337,0.0023650000,false,true
call-000337,arm8_spec_immediate,dev/f1/s1100006/late_accurate,23,grok-4.20-0309-non-reasoning,sha256:eca0f86044763638abcfbc26f874c5f549e436a50cc91ec37c633d64f8063541,det-v1,1,accepted,1750,71,1057.337,0.0023650000,false,false
call-000338,arm8_spec_immediate,dev/f1/s1100006/late_accurate,39,grok-4.20-0309-non-reasoning,sha256:c93c95983da2214832c933a8473bd6271c8b2acea2798bc04dd39f79af6abaab,det-v1,1,,2358,83,1094.057,0.0031550000,false,true
call-000339,arm8_spec_immediate,dev/f1/s1100006/late_accurate,39,grok-4.20-0309-non-reasoning,sha256:c93c95983da2214832c933a8473bd6271c8b2acea2798bc04dd39f79af6abaab,det-v1,1,accepted,2358,83,1094.057,0.0031550000,false,false
call-000340,arm10_spec_eprocess,dev/f1/s1100006/late_accurate,23,grok-4.20-0309-non-reasoning,sha256:eca0f86044763638abcfbc26f874c5f549e436a50cc91ec37c633d64f8063541,det-v1,1,accepted,1750,71,0.002,0.0023650000,true,false
call-000341,arm10_spec_eprocess,dev/f1/s1100006/late_accurate,39,grok-4.20-0309-non-reasoning,sha256:654b3b9a362f5ea32a655dadabe0337eff954f8bed068f665a7425061ca50216,det-v1,1,,2358,75,1019.827,0.0031350000,false,true
call-000342,arm10_spec_eprocess,dev/f1/s1100006/late_accurate,39,grok-4.20-0309-non-reasoning,sha256:654b3b9a362f5ea32a655dadabe0337eff954f8bed068f665a7425061ca50216,det-v1,1,accepted,2358,75,1019.827,0.0031350000,false,false
call-000343,arm12_cth,dev/f1/s1100006/late_accurate,23,grok-4.20-0309-non-reasoning,sha256:eca0f86044763638abcfbc26f874c5f549e436a50cc91ec37c633d64f8063541,det-v1,1,accepted,1750,71,0.002,0.0023650000,true,false
call-000344,arm12_cth,dev/f1/s1100006/late_accurate,39,grok-4.20-0309-non-reasoning,sha256:7f7f260d4f49581faef9c2e71466463d4b4ad50b882d6cdb1adbaea5258c681a,det-v1,1,,2358,75,1138.673,0.0031350000,false,true
call-000345,arm12_cth,dev/f1/s1100006/late_accurate,39,grok-4.20-0309-non-reasoning,sha256:7f7f260d4f49581faef9c2e71466463d4b4ad50b882d6cdb1adbaea5258c681a,det-v1,1,accepted,2358,75,1138.673,0.0031350000,false,false
call-000346,arm12b_cth_llm,dev/f1/s1100006/late_accurate,23,grok-4.20-0309-non-reasoning,sha256:eca0f86044763638abcfbc26f874c5f549e436a50cc91ec37c633d64f8063541,det-v1,1,accepted,1750,71,0.002,0.0023650000,true,false
call-000347,arm12b_cth_llm,dev/f1/s1100006/late_accurate,39,grok-4.20-0309-non-reasoning,sha256:f3633727953a3f900793d45e7ce9c6a73710ebc6577714db4defaca4c7f5cdb8,det-v1,1,,2358,67,1023.036,0.0031150000,false,true
call-000348,arm12b_cth_llm,dev/f1/s1100006/late_accurate,39,grok-4.20-0309-non-reasoning,sha256:f3633727953a3f900793d45e7ce9c6a73710ebc6577714db4defaca4c7f5cdb8,det-v1,1,accepted,2358,67,1023.036,0.0031150000,false,false
call-000349,arm8_spec_immediate,dev/f1/s1100006/unreliable,20,grok-4.20-0309-non-reasoning,sha256:977456d8726d5b079ae75cbe8194e480491011b61aed809892747a7790f20d7f,det-v1,1,,1621,50,894.257,0.0021512500,false,true
call-000350,arm8_spec_immediate,dev/f1/s1100006/unreliable,20,grok-4.20-0309-non-reasoning,sha256:977456d8726d5b079ae75cbe8194e480491011b61aed809892747a7790f20d7f,det-v1,1,accepted,1621,50,894.257,0.0021512500,false,false
call-000351,arm8_spec_immediate,dev/f1/s1100006/unreliable,39,grok-4.20-0309-non-reasoning,sha256:4e1781aab4d14c3d7143ef884f9c3eea13869b2296c023cf3fb5f6fdacb0bd32,det-v1,1,,2343,50,863.562,0.0030537500,false,true
call-000352,arm8_spec_immediate,dev/f1/s1100006/unreliable,39,grok-4.20-0309-non-reasoning,sha256:4e1781aab4d14c3d7143ef884f9c3eea13869b2296c023cf3fb5f6fdacb0bd32,det-v1,1,accepted,2343,50,863.562,0.0030537500,false,false
call-000353,arm10_spec_eprocess,dev/f1/s1100006/unreliable,20,grok-4.20-0309-non-reasoning,sha256:977456d8726d5b079ae75cbe8194e480491011b61aed809892747a7790f20d7f,det-v1,1,accepted,1621,50,0.002,0.0021512500,true,false
call-000354,arm10_spec_eprocess,dev/f1/s1100006/unreliable,39,grok-4.20-0309-non-reasoning,sha256:4e1781aab4d14c3d7143ef884f9c3eea13869b2296c023cf3fb5f6fdacb0bd32,det-v1,1,accepted,2343,50,0.002,0.0030537500,true,false
call-000355,arm12_cth,dev/f1/s1100006/unreliable,20,grok-4.20-0309-non-reasoning,sha256:977456d8726d5b079ae75cbe8194e480491011b61aed809892747a7790f20d7f,det-v1,1,accepted,1621,50,0.002,0.0021512500,true,false
call-000356,arm12_cth,dev/f1/s1100006/unreliable,39,grok-4.20-0309-non-reasoning,sha256:d1ffe157fcf459092951f3a46f57604ba33d5e406a57d225b1e44c3f04687473,det-v1,1,,2343,50,772.647,0.0030537500,false,true
call-000357,arm12_cth,dev/f1/s1100006/unreliable,39,grok-4.20-0309-non-reasoning,sha256:d1ffe157fcf459092951f3a46f57604ba33d5e406a57d225b1e44c3f04687473,det-v1,1,accepted,2343,50,772.647,0.0030537500,false,false
call-000358,arm12b_cth_llm,dev/f1/s1100006/unreliable,20,grok-4.20-0309-non-reasoning,sha256:977456d8726d5b079ae75cbe8194e480491011b61aed809892747a7790f20d7f,det-v1,1,accepted,1621,50,0.002,0.0021512500,true,false
call-000359,arm12b_cth_llm,dev/f1/s1100006/unreliable,39,grok-4.20-0309-non-reasoning,sha256:4e1781aab4d14c3d7143ef884f9c3eea13869b2296c023cf3fb5f6fdacb0bd32,det-v1,1,accepted,2343,50,0.001,0.0030537500,true,false
call-000360,arm8_spec_immediate,dev/f1/s1100006/no_alert__twin,10,grok-4.20-0309-non-reasoning,sha256:d1ef77422b869c2d50abaaa02bf4c00b77fecb9a762a7b0151138c7af1234e5f,det-v1,1,,1253,67,909.352,0.0017337500,false,true
call-000361,arm8_spec_immediate,dev/f1/s1100006/no_alert__twin,10,grok-4.20-0309-non-reasoning,sha256:d1ef77422b869c2d50abaaa02bf4c00b77fecb9a762a7b0151138c7af1234e5f,det-v1,1,accepted,1253,67,909.352,0.0017337500,false,false
call-000362,arm10_spec_eprocess,dev/f1/s1100006/no_alert__twin,10,grok-4.20-0309-non-reasoning,sha256:d1ef77422b869c2d50abaaa02bf4c00b77fecb9a762a7b0151138c7af1234e5f,det-v1,1,accepted,1253,67,0.002,0.0017337500,true,false
call-000363,arm12_cth,dev/f1/s1100006/no_alert__twin,10,grok-4.20-0309-non-reasoning,sha256:d1ef77422b869c2d50abaaa02bf4c00b77fecb9a762a7b0151138c7af1234e5f,det-v1,1,accepted,1253,67,0.001,0.0017337500,true,false
call-000364,arm12b_cth_llm,dev/f1/s1100006/no_alert__twin,10,grok-4.20-0309-non-reasoning,sha256:d1ef77422b869c2d50abaaa02bf4c00b77fecb9a762a7b0151138c7af1234e5f,det-v1,1,accepted,1253,67,0.002,0.0017337500,true,false
call-000365,arm8_spec_immediate,cal/f1/s1100007/no_alert,23,grok-4.20-0309-non-reasoning,sha256:7c785867d0019ae7fd5e1fd36b8a85929b9e8ea1114297f4364ea1e5dd1b617c,det-v1,1,,1709,66,1009.558,0.0023012500,false,true
call-000366,arm8_spec_immediate,cal/f1/s1100007/no_alert,23,grok-4.20-0309-non-reasoning,sha256:7c785867d0019ae7fd5e1fd36b8a85929b9e8ea1114297f4364ea1e5dd1b617c,det-v1,1,accepted,1709,66,1009.558,0.0023012500,false,false
call-000367,arm8_spec_immediate,cal/f1/s1100007/no_alert,30,grok-4.20-0309-non-reasoning,sha256:5a2a0985a78bb9e2fe85310a4a62e05dcac26d4a1966e5049c95f4dd0a839355,det-v1,1,,1975,74,974.640,0.0026537500,false,true
call-000368,arm8_spec_immediate,cal/f1/s1100007/no_alert,30,grok-4.20-0309-non-reasoning,sha256:5a2a0985a78bb9e2fe85310a4a62e05dcac26d4a1966e5049c95f4dd0a839355,det-v1,1,accepted,1975,74,974.640,0.0026537500,false,false
call-000369,arm10_spec_eprocess,cal/f1/s1100007/no_alert,23,grok-4.20-0309-non-reasoning,sha256:7c785867d0019ae7fd5e1fd36b8a85929b9e8ea1114297f4364ea1e5dd1b617c,det-v1,1,accepted,1709,66,0.002,0.0023012500,true,false
call-000370,arm10_spec_eprocess,cal/f1/s1100007/no_alert,30,grok-4.20-0309-non-reasoning,sha256:bc7f403115f96b550c6a167512d94854f0c8504c285e5d62b08e6e8c05486095,det-v1,1,,1975,74,953.854,0.0026537500,false,true
call-000371,arm10_spec_eprocess,cal/f1/s1100007/no_alert,30,grok-4.20-0309-non-reasoning,sha256:bc7f403115f96b550c6a167512d94854f0c8504c285e5d62b08e6e8c05486095,det-v1,1,accepted,1975,74,953.854,0.0026537500,false,false
call-000372,arm12_cth,cal/f1/s1100007/no_alert,23,grok-4.20-0309-non-reasoning,sha256:7c785867d0019ae7fd5e1fd36b8a85929b9e8ea1114297f4364ea1e5dd1b617c,det-v1,1,accepted,1709,66,0.002,0.0023012500,true,false
call-000373,arm12_cth,cal/f1/s1100007/no_alert,30,grok-4.20-0309-non-reasoning,sha256:7fa1d4fa8797389b37f0c0b8587baf8d45061bcf7e8e0171ae2d1403909f7c6a,det-v1,1,,1975,74,942.981,0.0026537500,false,true
call-000374,arm12_cth,cal/f1/s1100007/no_alert,30,grok-4.20-0309-non-reasoning,sha256:7fa1d4fa8797389b37f0c0b8587baf8d45061bcf7e8e0171ae2d1403909f7c6a,det-v1,1,accepted,1975,74,942.981,0.0026537500,false,false
call-000375,arm12b_cth_llm,cal/f1/s1100007/no_alert,23,grok-4.20-0309-non-reasoning,sha256:7c785867d0019ae7fd5e1fd36b8a85929b9e8ea1114297f4364ea1e5dd1b617c,det-v1,1,accepted,1709,66,0.002,0.0023012500,true,false
call-000376,arm12b_cth_llm,cal/f1/s1100007/no_alert,30,grok-4.20-0309-non-reasoning,sha256:0b0fd2ee2f4dd11467b23059437475246cfc6f46bf292706931f6504d954590a,det-v1,1,,1975,74,996.124,0.0026537500,false,true
call-000377,arm12b_cth_llm,cal/f1/s1100007/no_alert,30,grok-4.20-0309-non-reasoning,sha256:0b0fd2ee2f4dd11467b23059437475246cfc6f46bf292706931f6504d954590a,det-v1,1,accepted,1975,74,996.124,0.0026537500,false,false
call-000378,arm8_spec_immediate,cal/f1/s1100007/early_accurate,13,grok-4.20-0309-non-reasoning,sha256:0fa5ebb9df4578a96d0175406bfb767df636e80f2815135395a097918d464c24,det-v1,1,,1371,71,1111.046,0.0018912500,false,true
call-000379,arm8_spec_immediate,cal/f1/s1100007/early_accurate,13,grok-4.20-0309-non-reasoning,sha256:0fa5ebb9df4578a96d0175406bfb767df636e80f2815135395a097918d464c24,det-v1,1,accepted,1371,71,1111.046,0.0018912500,false,false
call-000380,arm8_spec_immediate,cal/f1/s1100007/early_accurate,23,grok-4.20-0309-non-reasoning,sha256:5bf59a95fbc960886e5823c05b0b5a1aac23db0bf7e1069de19af4cf75d40bf6,det-v1,1,,1751,67,1034.201,0.0023562500,false,true
call-000381,arm8_spec_immediate,cal/f1/s1100007/early_accurate,23,grok-4.20-0309-non-reasoning,sha256:5bf59a95fbc960886e5823c05b0b5a1aac23db0bf7e1069de19af4cf75d40bf6,det-v1,1,accepted,1751,67,1034.201,0.0023562500,false,false
call-000382,arm10_spec_eprocess,cal/f1/s1100007/early_accurate,13,grok-4.20-0309-non-reasoning,sha256:0fa5ebb9df4578a96d0175406bfb767df636e80f2815135395a097918d464c24,det-v1,1,accepted,1371,71,0.002,0.0018912500,true,false
call-000383,arm10_spec_eprocess,cal/f1/s1100007/early_accurate,23,grok-4.20-0309-non-reasoning,sha256:f09670e3a3fa7e6219e04e2f74d7f144443360438ea31b8566b24f48143f2144,det-v1,1,,1751,70,1079.647,0.0023637500,false,true
call-000384,arm10_spec_eprocess,cal/f1/s1100007/early_accurate,23,grok-4.20-0309-non-reasoning,sha256:f09670e3a3fa7e6219e04e2f74d7f144443360438ea31b8566b24f48143f2144,det-v1,1,accepted,1751,70,1079.647,0.0023637500,false,false
call-000385,arm12_cth,cal/f1/s1100007/early_accurate,13,grok-4.20-0309-non-reasoning,sha256:0fa5ebb9df4578a96d0175406bfb767df636e80f2815135395a097918d464c24,det-v1,1,accepted,1371,71,0.002,0.0018912500,true,false
call-000386,arm12_cth,cal/f1/s1100007/early_accurate,23,grok-4.20-0309-non-reasoning,sha256:508df1dadce78a5690157652da7c52b1ff0a15b945f901258bda3006c01e7762,det-v1,1,,1751,67,996.228,0.0023562500,false,true
call-000387,arm12_cth,cal/f1/s1100007/early_accurate,23,grok-4.20-0309-non-reasoning,sha256:508df1dadce78a5690157652da7c52b1ff0a15b945f901258bda3006c01e7762,det-v1,1,accepted,1751,67,996.228,0.0023562500,false,false
call-000388,arm12b_cth_llm,cal/f1/s1100007/early_accurate,13,grok-4.20-0309-non-reasoning,sha256:0fa5ebb9df4578a96d0175406bfb767df636e80f2815135395a097918d464c24,det-v1,1,accepted,1371,71,0.002,0.0018912500,true,false
call-000389,arm12b_cth_llm,cal/f1/s1100007/early_accurate,23,grok-4.20-0309-non-reasoning,sha256:8570f9c3f347796118ee200f2b114e3eb715a4608267332d7a5d183ee7698077,det-v1,1,,1751,67,931.397,0.0023562500,false,true
call-000390,arm12b_cth_llm,cal/f1/s1100007/early_accurate,23,grok-4.20-0309-non-reasoning,sha256:8570f9c3f347796118ee200f2b114e3eb715a4608267332d7a5d183ee7698077,det-v1,1,accepted,1751,67,931.397,0.0023562500,false,false
call-000391,arm8_spec_immediate,cal/f1/s1100007/late_accurate,16,grok-4.20-0309-non-reasoning,sha256:c3ebd111993575ffc7995e37eff6552e4a21096138068aed5e977776a34f569a,det-v1,1,,1485,71,1008.042,0.0020337500,false,true
call-000392,arm8_spec_immediate,cal/f1/s1100007/late_accurate,16,grok-4.20-0309-non-reasoning,sha256:c3ebd111993575ffc7995e37eff6552e4a21096138068aed5e977776a34f569a,det-v1,1,accepted,1485,71,1008.042,0.0020337500,false,false
call-000393,arm8_spec_immediate,cal/f1/s1100007/late_accurate,24,grok-4.20-0309-non-reasoning,sha256:e6bd7e62eb0cc4097d10cc757f220e7d269f3f6274b217ea46ba68e706aab108,det-v1,1,,1789,70,982.451,0.0024112500,false,true
call-000394,arm8_spec_immediate,cal/f1/s1100007/late_accurate,24,grok-4.20-0309-non-reasoning,sha256:e6bd7e62eb0cc4097d10cc757f220e7d269f3f6274b217ea46ba68e706aab108,det-v1,1,accepted,1789,70,982.451,0.0024112500,false,false
call-000395,arm10_spec_eprocess,cal/f1/s1100007/late_accurate,16,grok-4.20-0309-non-reasoning,sha256:c3ebd111993575ffc7995e37eff6552e4a21096138068aed5e977776a34f569a,det-v1,1,accepted,1485,71,0.002,0.0020337500,true,false
call-000396,arm10_spec_eprocess,cal/f1/s1100007/late_accurate,24,grok-4.20-0309-non-reasoning,sha256:8c985f2689356e9196707b6a451bfd6e571e0145a657b22dbc2e0f9d07cf5c63,det-v1,1,,1789,70,988.274,0.0024112500,false,true
call-000397,arm10_spec_eprocess,cal/f1/s1100007/late_accurate,24,grok-4.20-0309-non-reasoning,sha256:8c985f2689356e9196707b6a451bfd6e571e0145a657b22dbc2e0f9d07cf5c63,det-v1,1,accepted,1789,70,988.274,0.0024112500,false,false
call-000398,arm12_cth,cal/f1/s1100007/late_accurate,16,grok-4.20-0309-non-reasoning,sha256:c3ebd111993575ffc7995e37eff6552e4a21096138068aed5e977776a34f569a,det-v1,1,accepted,1485,71,0.002,0.0020337500,true,false
call-000399,arm12_cth,cal/f1/s1100007/late_accurate,24,grok-4.20-0309-non-reasoning,sha256:0bfc8f328cfbb45d92821cc6b3e2b57b2d22ddedcb04919103b974ba3d3e61dd,det-v1,1,,1789,70,1095.396,0.0024112500,false,true
call-000400,arm12_cth,cal/f1/s1100007/late_accurate,24,grok-4.20-0309-non-reasoning,sha256:0bfc8f328cfbb45d92821cc6b3e2b57b2d22ddedcb04919103b974ba3d3e61dd,det-v1,1,accepted,1789,70,1095.396,0.0024112500,false,false
call-000401,arm12b_cth_llm,cal/f1/s1100007/late_accurate,16,grok-4.20-0309-non-reasoning,sha256:c3ebd111993575ffc7995e37eff6552e4a21096138068aed5e977776a34f569a,det-v1,1,accepted,1485,71,0.002,0.0020337500,true,false
call-000402,arm12b_cth_llm,cal/f1/s1100007/late_accurate,24,grok-4.20-0309-non-reasoning,sha256:b352109e13407d859c5e5952016834fd403b1fce08971c6b03e8c872925aafea,det-v1,1,,1789,70,967.828,0.0024112500,false,true
call-000403,arm12b_cth_llm,cal/f1/s1100007/late_accurate,24,grok-4.20-0309-non-reasoning,sha256:b352109e13407d859c5e5952016834fd403b1fce08971c6b03e8c872925aafea,det-v1,1,accepted,1789,70,967.828,0.0024112500,false,false
call-000404,arm8_spec_immediate,cal/f1/s1100007/unreliable,13,grok-4.20-0309-non-reasoning,sha256:7207058f72b027e1fbd9db6448c2b390f0da7dab072dbf65cf584cbe7eaeda5e,det-v1,1,,1369,59,931.960,0.0018587500,false,true
call-000405,arm8_spec_immediate,cal/f1/s1100007/unreliable,13,grok-4.20-0309-non-reasoning,sha256:7207058f72b027e1fbd9db6448c2b390f0da7dab072dbf65cf584cbe7eaeda5e,det-v1,1,accepted,1369,59,931.960,0.0018587500,false,false
call-000406,arm8_spec_immediate,cal/f1/s1100007/unreliable,23,grok-4.20-0309-non-reasoning,sha256:d86f6c33190394543cb1e50e9c66404b6aa6a1c4d8531527878b09a9f783790d,det-v1,1,,1749,67,910.013,0.0023537500,false,true
call-000407,arm8_spec_immediate,cal/f1/s1100007/unreliable,23,grok-4.20-0309-non-reasoning,sha256:d86f6c33190394543cb1e50e9c66404b6aa6a1c4d8531527878b09a9f783790d,det-v1,1,accepted,1749,67,910.013,0.0023537500,false,false
call-000408,arm10_spec_eprocess,cal/f1/s1100007/unreliable,13,grok-4.20-0309-non-reasoning,sha256:7207058f72b027e1fbd9db6448c2b390f0da7dab072dbf65cf584cbe7eaeda5e,det-v1,1,accepted,1369,59,0.002,0.0018587500,true,false
call-000409,arm10_spec_eprocess,cal/f1/s1100007/unreliable,23,grok-4.20-0309-non-reasoning,sha256:eb7b1d9bc97d6ece30e0ec4728f50905b372850a5dce8c3c2b7e95b10d2d1e62,det-v1,1,,1749,102,1166.249,0.0024412500,false,true
call-000410,arm10_spec_eprocess,cal/f1/s1100007/unreliable,23,grok-4.20-0309-non-reasoning,sha256:eb7b1d9bc97d6ece30e0ec4728f50905b372850a5dce8c3c2b7e95b10d2d1e62,det-v1,1,accepted,1749,102,1166.249,0.0024412500,false,false
call-000411,arm12_cth,cal/f1/s1100007/unreliable,13,grok-4.20-0309-non-reasoning,sha256:7207058f72b027e1fbd9db6448c2b390f0da7dab072dbf65cf584cbe7eaeda5e,det-v1,1,accepted,1369,59,0.002,0.0018587500,true,false
call-000412,arm12_cth,cal/f1/s1100007/unreliable,23,grok-4.20-0309-non-reasoning,sha256:9fb29fde9ff323c60c1eb1038eb305c83e9350b0a94bd365192cefff68617916,det-v1,1,,1749,97,1135.471,0.0024287500,false,true
call-000413,arm12_cth,cal/f1/s1100007/unreliable,23,grok-4.20-0309-non-reasoning,sha256:9fb29fde9ff323c60c1eb1038eb305c83e9350b0a94bd365192cefff68617916,det-v1,1,accepted,1749,97,1135.471,0.0024287500,false,false
call-000414,arm12b_cth_llm,cal/f1/s1100007/unreliable,13,grok-4.20-0309-non-reasoning,sha256:7207058f72b027e1fbd9db6448c2b390f0da7dab072dbf65cf584cbe7eaeda5e,det-v1,1,accepted,1369,59,0.002,0.0018587500,true,false
call-000415,arm12b_cth_llm,cal/f1/s1100007/unreliable,23,grok-4.20-0309-non-reasoning,sha256:93967a0226a9d11a865e7c90cdcb96727eefdd4b1a0d244f6749c7c02952ede1,det-v1,1,,1749,67,1001.361,0.0023537500,false,true
call-000416,arm12b_cth_llm,cal/f1/s1100007/unreliable,23,grok-4.20-0309-non-reasoning,sha256:93967a0226a9d11a865e7c90cdcb96727eefdd4b1a0d244f6749c7c02952ede1,det-v1,1,accepted,1749,67,1001.361,0.0023537500,false,false
call-000417,arm8_spec_immediate,dev/f2/s2100000/no_alert,30,grok-4.20-0309-non-reasoning,sha256:4922e79745249bc105be41f0ccb91fcfdb6f8eae418cc7dee4508b74c4c05806,det-v1,1,,1975,50,848.949,0.0025937500,false,true
call-000418,arm8_spec_immediate,dev/f2/s2100000/no_alert,30,grok-4.20-0309-non-reasoning,sha256:4922e79745249bc105be41f0ccb91fcfdb6f8eae418cc7dee4508b74c4c05806,det-v1,1,accepted,1975,50,848.949,0.0025937500,false,false
call-000419,arm8_spec_immediate,dev/f2/s2100000/no_alert,44,grok-4.20-0309-non-reasoning,sha256:52766e883b047ef15fc071a268e0bcaf7b105e151df66748899961a559f52f59,det-v1,1,,2507,50,1403.695,0.0032587500,false,true
call-000420,arm8_spec_immediate,dev/f2/s2100000/no_alert,44,grok-4.20-0309-non-reasoning,sha256:52766e883b047ef15fc071a268e0bcaf7b105e151df66748899961a559f52f59,det-v1,1,accepted,2507,50,1403.695,0.0032587500,false,false
call-000421,arm10_spec_eprocess,dev/f2/s2100000/no_alert,30,grok-4.20-0309-non-reasoning,sha256:4922e79745249bc105be41f0ccb91fcfdb6f8eae418cc7dee4508b74c4c05806,det-v1,1,accepted,1975,50,0.002,0.0025937500,true,false
call-000422,arm10_spec_eprocess,dev/f2/s2100000/no_alert,44,grok-4.20-0309-non-reasoning,sha256:52766e883b047ef15fc071a268e0bcaf7b105e151df66748899961a559f52f59,det-v1,1,accepted,2507,50,0.001,0.0032587500,true,false
call-000423,arm12_cth,dev/f2/s2100000/no_alert,30,grok-4.20-0309-non-reasoning,sha256:4922e79745249bc105be41f0ccb91fcfdb6f8eae418cc7dee4508b74c4c05806,det-v1,1,accepted,1975,50,0.001,0.0025937500,true,false
call-000424,arm12_cth,dev/f2/s2100000/no_alert,44,grok-4.20-0309-non-reasoning,sha256:587130dd3b543ccdd849bff893548d5754920ce03fd1f8dced8b1ef81db1273e,det-v1,1,,2507,50,889.246,0.0032587500,false,true
call-000425,arm12_cth,dev/f2/s2100000/no_alert,44,grok-4.20-0309-non-reasoning,sha256:587130dd3b543ccdd849bff893548d5754920ce03fd1f8dced8b1ef81db1273e,det-v1,1,accepted,2507,50,889.246,0.0032587500,false,false
call-000426,arm12b_cth_llm,dev/f2/s2100000/no_alert,30,grok-4.20-0309-non-reasoning,sha256:4922e79745249bc105be41f0ccb91fcfdb6f8eae418cc7dee4508b74c4c05806,det-v1,1,accepted,1975,50,0.002,0.0025937500,true,false
call-000427,arm12b_cth_llm,dev/f2/s2100000/no_alert,44,grok-4.20-0309-non-reasoning,sha256:52766e883b047ef15fc071a268e0bcaf7b105e151df66748899961a559f52f59,det-v1,1,accepted,2507,50,0.001,0.0032587500,true,false
call-000428,arm8_spec_immediate,dev/f2/s2100000/early_accurate,30,grok-4.20-0309-non-reasoning,sha256:034b70d48e74ae710d7605ecb34adc8a71610475e0f13bb72dbff0fbc925103d,det-v1,1,,1975,50,851.187,0.0025937500,false,true
call-000429,arm8_spec_immediate,dev/f2/s2100000/early_accurate,30,grok-4.20-0309-non-reasoning,sha256:034b70d48e74ae710d7605ecb34adc8a71610475e0f13bb72dbff0fbc925103d,det-v1,1,accepted,1975,50,851.187,0.0025937500,false,false
call-000430,arm8_spec_immediate,dev/f2/s2100000/early_accurate,44,grok-4.20-0309-non-reasoning,sha256:21c80c3431955ad6dc9c63b5c310cd2deb89192128b0d1453852aff16c027257,det-v1,1,,2507,50,870.441,0.0032587500,false,true
call-000431,arm8_spec_immediate,dev/f2/s2100000/early_accurate,44,grok-4.20-0309-non-reasoning,sha256:21c80c3431955ad6dc9c63b5c310cd2deb89192128b0d1453852aff16c027257,det-v1,1,accepted,2507,50,870.441,0.0032587500,false,false
call-000432,arm10_spec_eprocess,dev/f2/s2100000/early_accurate,30,grok-4.20-0309-non-reasoning,sha256:034b70d48e74ae710d7605ecb34adc8a71610475e0f13bb72dbff0fbc925103d,det-v1,1,accepted,1975,50,0.001,0.0025937500,true,false
call-000433,arm10_spec_eprocess,dev/f2/s2100000/early_accurate,44,grok-4.20-0309-non-reasoning,sha256:21c80c3431955ad6dc9c63b5c310cd2deb89192128b0d1453852aff16c027257,det-v1,1,accepted,2507,50,0.001,0.0032587500,true,false
call-000434,arm12_cth,dev/f2/s2100000/early_accurate,30,grok-4.20-0309-non-reasoning,sha256:034b70d48e74ae710d7605ecb34adc8a71610475e0f13bb72dbff0fbc925103d,det-v1,1,accepted,1975,50,0.001,0.0025937500,true,false
call-000435,arm12_cth,dev/f2/s2100000/early_accurate,44,grok-4.20-0309-non-reasoning,sha256:72d2a3220e5c869b7cbe6f23291ca0c1f336a901fd7973c9781d2d5c0296fb97,det-v1,1,,2507,50,918.203,0.0032587500,false,true
call-000436,arm12_cth,dev/f2/s2100000/early_accurate,44,grok-4.20-0309-non-reasoning,sha256:72d2a3220e5c869b7cbe6f23291ca0c1f336a901fd7973c9781d2d5c0296fb97,det-v1,1,accepted,2507,50,918.203,0.0032587500,false,false
call-000437,arm12b_cth_llm,dev/f2/s2100000/early_accurate,30,grok-4.20-0309-non-reasoning,sha256:034b70d48e74ae710d7605ecb34adc8a71610475e0f13bb72dbff0fbc925103d,det-v1,1,accepted,1975,50,0.002,0.0025937500,true,false
call-000438,arm12b_cth_llm,dev/f2/s2100000/early_accurate,44,grok-4.20-0309-non-reasoning,sha256:21c80c3431955ad6dc9c63b5c310cd2deb89192128b0d1453852aff16c027257,det-v1,1,accepted,2507,50,0.001,0.0032587500,true,false
call-000439,arm8_spec_immediate,dev/f2/s2100000/late_accurate,30,grok-4.20-0309-non-reasoning,sha256:169db9529b4473bc6cff07d2635308c1f9bdd34f4dd6a215fc3f50160b594d36,det-v1,1,,1975,50,860.409,0.0025937500,false,true
call-000440,arm8_spec_immediate,dev/f2/s2100000/late_accurate,30,grok-4.20-0309-non-reasoning,sha256:169db9529b4473bc6cff07d2635308c1f9bdd34f4dd6a215fc3f50160b594d36,det-v1,1,accepted,1975,50,860.409,0.0025937500,false,false
call-000441,arm8_spec_immediate,dev/f2/s2100000/late_accurate,44,grok-4.20-0309-non-reasoning,sha256:1daff92eebb029cbe6e550dc6bb6bf5a7609c4ebec89b35402d202730c4cfdbb,det-v1,1,,2507,50,759.697,0.0032587500,false,true
call-000442,arm8_spec_immediate,dev/f2/s2100000/late_accurate,44,grok-4.20-0309-non-reasoning,sha256:1daff92eebb029cbe6e550dc6bb6bf5a7609c4ebec89b35402d202730c4cfdbb,det-v1,1,accepted,2507,50,759.697,0.0032587500,false,false
call-000443,arm10_spec_eprocess,dev/f2/s2100000/late_accurate,30,grok-4.20-0309-non-reasoning,sha256:169db9529b4473bc6cff07d2635308c1f9bdd34f4dd6a215fc3f50160b594d36,det-v1,1,accepted,1975,50,0.001,0.0025937500,true,false
call-000444,arm10_spec_eprocess,dev/f2/s2100000/late_accurate,44,grok-4.20-0309-non-reasoning,sha256:1daff92eebb029cbe6e550dc6bb6bf5a7609c4ebec89b35402d202730c4cfdbb,det-v1,1,accepted,2507,50,0.001,0.0032587500,true,false
call-000445,arm12_cth,dev/f2/s2100000/late_accurate,30,grok-4.20-0309-non-reasoning,sha256:169db9529b4473bc6cff07d2635308c1f9bdd34f4dd6a215fc3f50160b594d36,det-v1,1,accepted,1975,50,0.001,0.0025937500,true,false
call-000446,arm12_cth,dev/f2/s2100000/late_accurate,44,grok-4.20-0309-non-reasoning,sha256:4f0eb3d9b623d49b7f6a16506fb2a08d23d8def5f51349bdd62ca39237d6c03c,det-v1,1,,2507,50,797.629,0.0032587500,false,true
call-000447,arm12_cth,dev/f2/s2100000/late_accurate,44,grok-4.20-0309-non-reasoning,sha256:4f0eb3d9b623d49b7f6a16506fb2a08d23d8def5f51349bdd62ca39237d6c03c,det-v1,1,accepted,2507,50,797.629,0.0032587500,false,false
call-000448,arm12b_cth_llm,dev/f2/s2100000/late_accurate,30,grok-4.20-0309-non-reasoning,sha256:169db9529b4473bc6cff07d2635308c1f9bdd34f4dd6a215fc3f50160b594d36,det-v1,1,accepted,1975,50,0.002,0.0025937500,true,false
call-000449,arm12b_cth_llm,dev/f2/s2100000/late_accurate,44,grok-4.20-0309-non-reasoning,sha256:1daff92eebb029cbe6e550dc6bb6bf5a7609c4ebec89b35402d202730c4cfdbb,det-v1,1,accepted,2507,50,0.001,0.0032587500,true,false
call-000450,arm8_spec_immediate,dev/f2/s2100000/unreliable,30,grok-4.20-0309-non-reasoning,sha256:8ee3e110e00ea02ec1918716a2b1404dacbc081f0a43d436821602909cfc518c,det-v1,1,,1975,50,845.245,0.0025937500,false,true
call-000451,arm8_spec_immediate,dev/f2/s2100000/unreliable,30,grok-4.20-0309-non-reasoning,sha256:8ee3e110e00ea02ec1918716a2b1404dacbc081f0a43d436821602909cfc518c,det-v1,1,accepted,1975,50,845.245,0.0025937500,false,false
call-000452,arm8_spec_immediate,dev/f2/s2100000/unreliable,44,grok-4.20-0309-non-reasoning,sha256:19ff68a0dbfa7baea27f024faf360993cb4dd2be0fdd8583a37bdf4ae8aa5dee,det-v1,1,,2507,50,843.710,0.0032587500,false,true
call-000453,arm8_spec_immediate,dev/f2/s2100000/unreliable,44,grok-4.20-0309-non-reasoning,sha256:19ff68a0dbfa7baea27f024faf360993cb4dd2be0fdd8583a37bdf4ae8aa5dee,det-v1,1,accepted,2507,50,843.710,0.0032587500,false,false
call-000454,arm10_spec_eprocess,dev/f2/s2100000/unreliable,30,grok-4.20-0309-non-reasoning,sha256:8ee3e110e00ea02ec1918716a2b1404dacbc081f0a43d436821602909cfc518c,det-v1,1,accepted,1975,50,0.001,0.0025937500,true,false
call-000455,arm10_spec_eprocess,dev/f2/s2100000/unreliable,44,grok-4.20-0309-non-reasoning,sha256:19ff68a0dbfa7baea27f024faf360993cb4dd2be0fdd8583a37bdf4ae8aa5dee,det-v1,1,accepted,2507,50,0.001,0.0032587500,true,false
call-000456,arm12_cth,dev/f2/s2100000/unreliable,30,grok-4.20-0309-non-reasoning,sha256:8ee3e110e00ea02ec1918716a2b1404dacbc081f0a43d436821602909cfc518c,det-v1,1,accepted,1975,50,0.001,0.0025937500,true,false
call-000457,arm12_cth,dev/f2/s2100000/unreliable,44,grok-4.20-0309-non-reasoning,sha256:5e73e7c0014a54c424fbf4351a617653a88f89164226e1e1d688fee744995d6d,det-v1,1,,2507,50,855.854,0.0032587500,false,true
call-000458,arm12_cth,dev/f2/s2100000/unreliable,44,grok-4.20-0309-non-reasoning,sha256:5e73e7c0014a54c424fbf4351a617653a88f89164226e1e1d688fee744995d6d,det-v1,1,accepted,2507,50,855.854,0.0032587500,false,false
call-000459,arm12b_cth_llm,dev/f2/s2100000/unreliable,30,grok-4.20-0309-non-reasoning,sha256:8ee3e110e00ea02ec1918716a2b1404dacbc081f0a43d436821602909cfc518c,det-v1,1,accepted,1975,50,0.002,0.0025937500,true,false
call-000460,arm12b_cth_llm,dev/f2/s2100000/unreliable,44,grok-4.20-0309-non-reasoning,sha256:19ff68a0dbfa7baea27f024faf360993cb4dd2be0fdd8583a37bdf4ae8aa5dee,det-v1,1,accepted,2507,50,0.001,0.0032587500,true,false
call-000461,arm8_spec_immediate,cal/f2/s2100001/no_alert,36,grok-4.20-0309-non-reasoning,sha256:d36121cb185d39c3509ca358ecabcc6177e3da0ad9342211f28bec91b755cff3,det-v1,1,,2203,50,899.742,0.0028787500,false,true
call-000462,arm8_spec_immediate,cal/f2/s2100001/no_alert,36,grok-4.20-0309-non-reasoning,sha256:d36121cb185d39c3509ca358ecabcc6177e3da0ad9342211f28bec91b755cff3,det-v1,1,accepted,2203,50,899.742,0.0028787500,false,false
call-000463,arm8_spec_immediate,cal/f2/s2100001/no_alert,43,grok-4.20-0309-non-reasoning,sha256:d66f4398d4220acaada2c5f964cee29334fdf9496175d40c5cc3d4f9dca7f1d5,det-v1,1,,2469,50,858.270,0.0032112500,false,true
call-000464,arm8_spec_immediate,cal/f2/s2100001/no_alert,43,grok-4.20-0309-non-reasoning,sha256:d66f4398d4220acaada2c5f964cee29334fdf9496175d40c5cc3d4f9dca7f1d5,det-v1,1,accepted,2469,50,858.270,0.0032112500,false,false
call-000465,arm10_spec_eprocess,cal/f2/s2100001/no_alert,36,grok-4.20-0309-non-reasoning,sha256:d36121cb185d39c3509ca358ecabcc6177e3da0ad9342211f28bec91b755cff3,det-v1,1,accepted,2203,50,0.002,0.0028787500,true,false
call-000466,arm10_spec_eprocess,cal/f2/s2100001/no_alert,43,grok-4.20-0309-non-reasoning,sha256:d66f4398d4220acaada2c5f964cee29334fdf9496175d40c5cc3d4f9dca7f1d5,det-v1,1,accepted,2469,50,0.002,0.0032112500,true,false
call-000467,arm12_cth,cal/f2/s2100001/no_alert,36,grok-4.20-0309-non-reasoning,sha256:d36121cb185d39c3509ca358ecabcc6177e3da0ad9342211f28bec91b755cff3,det-v1,1,accepted,2203,50,0.001,0.0028787500,true,false
call-000468,arm12_cth,cal/f2/s2100001/no_alert,43,grok-4.20-0309-non-reasoning,sha256:d66f4398d4220acaada2c5f964cee29334fdf9496175d40c5cc3d4f9dca7f1d5,det-v1,1,accepted,2469,50,0.002,0.0032112500,true,false
call-000469,arm12b_cth_llm,cal/f2/s2100001/no_alert,36,grok-4.20-0309-non-reasoning,sha256:d36121cb185d39c3509ca358ecabcc6177e3da0ad9342211f28bec91b755cff3,det-v1,1,accepted,2203,50,0.002,0.0028787500,true,false
call-000470,arm12b_cth_llm,cal/f2/s2100001/no_alert,43,grok-4.20-0309-non-reasoning,sha256:d66f4398d4220acaada2c5f964cee29334fdf9496175d40c5cc3d4f9dca7f1d5,det-v1,1,accepted,2469,50,0.001,0.0032112500,true,false
call-000471,arm8_spec_immediate,cal/f2/s2100001/early_accurate,36,grok-4.20-0309-non-reasoning,sha256:ac8d6965103ec64536f5dff13ca335652389fab729b0f0c322f7fbb5497ee770,det-v1,1,,2203,50,858.168,0.0028787500,false,true
call-000472,arm8_spec_immediate,cal/f2/s2100001/early_accurate,36,grok-4.20-0309-non-reasoning,sha256:ac8d6965103ec64536f5dff13ca335652389fab729b0f0c322f7fbb5497ee770,det-v1,1,accepted,2203,50,858.168,0.0028787500,false,false
call-000473,arm8_spec_immediate,cal/f2/s2100001/early_accurate,43,grok-4.20-0309-non-reasoning,sha256:bbd1b4fede8a4fa3c3f9eba03a23f2ad48510a2076d7a4aa15afac9dbb611840,det-v1,1,,2469,50,781.335,0.0032112500,false,true
call-000474,arm8_spec_immediate,cal/f2/s2100001/early_accurate,43,grok-4.20-0309-non-reasoning,sha256:bbd1b4fede8a4fa3c3f9eba03a23f2ad48510a2076d7a4aa15afac9dbb611840,det-v1,1,accepted,2469,50,781.335,0.0032112500,false,false
call-000475,arm10_spec_eprocess,cal/f2/s2100001/early_accurate,36,grok-4.20-0309-non-reasoning,sha256:ac8d6965103ec64536f5dff13ca335652389fab729b0f0c322f7fbb5497ee770,det-v1,1,accepted,2203,50,0.002,0.0028787500,true,false
call-000476,arm10_spec_eprocess,cal/f2/s2100001/early_accurate,43,grok-4.20-0309-non-reasoning,sha256:bbd1b4fede8a4fa3c3f9eba03a23f2ad48510a2076d7a4aa15afac9dbb611840,det-v1,1,accepted,2469,50,0.001,0.0032112500,true,false
call-000477,arm12_cth,cal/f2/s2100001/early_accurate,36,grok-4.20-0309-non-reasoning,sha256:ac8d6965103ec64536f5dff13ca335652389fab729b0f0c322f7fbb5497ee770,det-v1,1,accepted,2203,50,0.002,0.0028787500,true,false
call-000478,arm12_cth,cal/f2/s2100001/early_accurate,43,grok-4.20-0309-non-reasoning,sha256:bbd1b4fede8a4fa3c3f9eba03a23f2ad48510a2076d7a4aa15afac9dbb611840,det-v1,1,accepted,2469,50,0.002,0.0032112500,true,false
call-000479,arm12b_cth_llm,cal/f2/s2100001/early_accurate,36,grok-4.20-0309-non-reasoning,sha256:ac8d6965103ec64536f5dff13ca335652389fab729b0f0c322f7fbb5497ee770,det-v1,1,accepted,2203,50,0.002,0.0028787500,true,false
call-000480,arm12b_cth_llm,cal/f2/s2100001/early_accurate,43,grok-4.20-0309-non-reasoning,sha256:bbd1b4fede8a4fa3c3f9eba03a23f2ad48510a2076d7a4aa15afac9dbb611840,det-v1,1,accepted,2469,50,0.001,0.0032112500,true,false
call-000481,arm8_spec_immediate,cal/f2/s2100001/late_accurate,36,grok-4.20-0309-non-reasoning,sha256:54d8dcd66f9c9dc7a25a7c86edeac701e6611dbfe925eddf659c18504d5ce92a,det-v1,1,,2203,50,1010.668,0.0028787500,false,true
call-000482,arm8_spec_immediate,cal/f2/s2100001/late_accurate,36,grok-4.20-0309-non-reasoning,sha256:54d8dcd66f9c9dc7a25a7c86edeac701e6611dbfe925eddf659c18504d5ce92a,det-v1,1,accepted,2203,50,1010.668,0.0028787500,false,false
call-000483,arm8_spec_immediate,cal/f2/s2100001/late_accurate,43,grok-4.20-0309-non-reasoning,sha256:221c61a34bb8c3b8dd8c2d9b33f247c25ff5666d76c05c74fe85ce51ae8e2d91,det-v1,1,,2469,50,836.870,0.0032112500,false,true
call-000484,arm8_spec_immediate,cal/f2/s2100001/late_accurate,43,grok-4.20-0309-non-reasoning,sha256:221c61a34bb8c3b8dd8c2d9b33f247c25ff5666d76c05c74fe85ce51ae8e2d91,det-v1,1,accepted,2469,50,836.870,0.0032112500,false,false
call-000485,arm10_spec_eprocess,cal/f2/s2100001/late_accurate,36,grok-4.20-0309-non-reasoning,sha256:54d8dcd66f9c9dc7a25a7c86edeac701e6611dbfe925eddf659c18504d5ce92a,det-v1,1,accepted,2203,50,0.001,0.0028787500,true,false
call-000486,arm10_spec_eprocess,cal/f2/s2100001/late_accurate,43,grok-4.20-0309-non-reasoning,sha256:221c61a34bb8c3b8dd8c2d9b33f247c25ff5666d76c05c74fe85ce51ae8e2d91,det-v1,1,accepted,2469,50,0.001,0.0032112500,true,false
call-000487,arm12_cth,cal/f2/s2100001/late_accurate,36,grok-4.20-0309-non-reasoning,sha256:54d8dcd66f9c9dc7a25a7c86edeac701e6611dbfe925eddf659c18504d5ce92a,det-v1,1,accepted,2203,50,0.001,0.0028787500,true,false
call-000488,arm12_cth,cal/f2/s2100001/late_accurate,43,grok-4.20-0309-non-reasoning,sha256:221c61a34bb8c3b8dd8c2d9b33f247c25ff5666d76c05c74fe85ce51ae8e2d91,det-v1,1,accepted,2469,50,0.002,0.0032112500,true,false
call-000489,arm12b_cth_llm,cal/f2/s2100001/late_accurate,36,grok-4.20-0309-non-reasoning,sha256:54d8dcd66f9c9dc7a25a7c86edeac701e6611dbfe925eddf659c18504d5ce92a,det-v1,1,accepted,2203,50,0.002,0.0028787500,true,false
call-000490,arm12b_cth_llm,cal/f2/s2100001/late_accurate,43,grok-4.20-0309-non-reasoning,sha256:221c61a34bb8c3b8dd8c2d9b33f247c25ff5666d76c05c74fe85ce51ae8e2d91,det-v1,1,accepted,2469,50,0.002,0.0032112500,true,false
call-000491,arm8_spec_immediate,cal/f2/s2100001/unreliable,36,grok-4.20-0309-non-reasoning,sha256:0aa05ec867cfce3488a5b0f9ccb25591e60a1c3826581f310fdc36d10c21dca2,det-v1,1,,2203,50,782.718,0.0028787500,false,true
call-000492,arm8_spec_immediate,cal/f2/s2100001/unreliable,36,grok-4.20-0309-non-reasoning,sha256:0aa05ec867cfce3488a5b0f9ccb25591e60a1c3826581f310fdc36d10c21dca2,det-v1,1,accepted,2203,50,782.718,0.0028787500,false,false
call-000493,arm8_spec_immediate,cal/f2/s2100001/unreliable,43,grok-4.20-0309-non-reasoning,sha256:14ae32351b6ba3f2fa09186401e30ed05325488361f91d57c6eb849878b528aa,det-v1,1,,2469,50,822.254,0.0032112500,false,true
call-000494,arm8_spec_immediate,cal/f2/s2100001/unreliable,43,grok-4.20-0309-non-reasoning,sha256:14ae32351b6ba3f2fa09186401e30ed05325488361f91d57c6eb849878b528aa,det-v1,1,accepted,2469,50,822.254,0.0032112500,false,false
call-000495,arm10_spec_eprocess,cal/f2/s2100001/unreliable,36,grok-4.20-0309-non-reasoning,sha256:0aa05ec867cfce3488a5b0f9ccb25591e60a1c3826581f310fdc36d10c21dca2,det-v1,1,accepted,2203,50,0.001,0.0028787500,true,false
call-000496,arm10_spec_eprocess,cal/f2/s2100001/unreliable,43,grok-4.20-0309-non-reasoning,sha256:14ae32351b6ba3f2fa09186401e30ed05325488361f91d57c6eb849878b528aa,det-v1,1,accepted,2469,50,0.001,0.0032112500,true,false
call-000497,arm12_cth,cal/f2/s2100001/unreliable,36,grok-4.20-0309-non-reasoning,sha256:0aa05ec867cfce3488a5b0f9ccb25591e60a1c3826581f310fdc36d10c21dca2,det-v1,1,accepted,2203,50,0.002,0.0028787500,true,false
call-000498,arm12_cth,cal/f2/s2100001/unreliable,43,grok-4.20-0309-non-reasoning,sha256:14ae32351b6ba3f2fa09186401e30ed05325488361f91d57c6eb849878b528aa,det-v1,1,accepted,2469,50,0.002,0.0032112500,true,false
call-000499,arm12b_cth_llm,cal/f2/s2100001/unreliable,36,grok-4.20-0309-non-reasoning,sha256:0aa05ec867cfce3488a5b0f9ccb25591e60a1c3826581f310fdc36d10c21dca2,det-v1,1,accepted,2203,50,0.001,0.0028787500,true,false
call-000500,arm12b_cth_llm,cal/f2/s2100001/unreliable,43,grok-4.20-0309-non-reasoning,sha256:14ae32351b6ba3f2fa09186401e30ed05325488361f91d57c6eb849878b528aa,det-v1,1,accepted,2469,50,0.001,0.0032112500,true,false
call-000501,arm8_spec_immediate,cal/f2/s2100001/no_alert__twin,10,grok-4.20-0309-non-reasoning,sha256:a441792f0961a8f26131199b189c260b230c4130600c347bbef861eb486fcc37,det-v1,1,,1253,83,1098.210,0.0017737500,false,true
call-000502,arm8_spec_immediate,cal/f2/s2100001/no_alert__twin,10,grok-4.20-0309-non-reasoning,sha256:a441792f0961a8f26131199b189c260b230c4130600c347bbef861eb486fcc37,det-v1,1,accepted,1253,83,1098.210,0.0017737500,false,false
call-000503,arm10_spec_eprocess,cal/f2/s2100001/no_alert__twin,10,grok-4.20-0309-non-reasoning,sha256:a441792f0961a8f26131199b189c260b230c4130600c347bbef861eb486fcc37,det-v1,1,accepted,1253,83,0.001,0.0017737500,true,false
call-000504,arm12_cth,cal/f2/s2100001/no_alert__twin,10,grok-4.20-0309-non-reasoning,sha256:a441792f0961a8f26131199b189c260b230c4130600c347bbef861eb486fcc37,det-v1,1,accepted,1253,83,0.001,0.0017737500,true,false
call-000505,arm12b_cth_llm,cal/f2/s2100001/no_alert__twin,10,grok-4.20-0309-non-reasoning,sha256:a441792f0961a8f26131199b189c260b230c4130600c347bbef861eb486fcc37,det-v1,1,accepted,1253,83,0.002,0.0017737500,true,false
call-000506,arm8_spec_immediate,dev/f2/s2100002/no_alert,23,grok-4.20-0309-non-reasoning,sha256:0f15c729508b9ca931db0bf4357ece366c106b8db3ac0d3cda75b719dd522879,det-v1,1,,1709,76,940.581,0.0023262500,false,true
call-000507,arm8_spec_immediate,dev/f2/s2100002/no_alert,23,grok-4.20-0309-non-reasoning,sha256:0f15c729508b9ca931db0bf4357ece366c106b8db3ac0d3cda75b719dd522879,det-v1,1,accepted,1709,76,940.581,0.0023262500,false,false
call-000508,arm8_spec_immediate,dev/f2/s2100002/no_alert,41,grok-4.20-0309-non-reasoning,sha256:d4fbea238fb92a55304bb924f467faf6dabfe3ff37f09e2e515322cf12757ccc,det-v1,1,,2393,50,842.406,0.0031162500,false,true
call-000509,arm8_spec_immediate,dev/f2/s2100002/no_alert,41,grok-4.20-0309-non-reasoning,sha256:d4fbea238fb92a55304bb924f467faf6dabfe3ff37f09e2e515322cf12757ccc,det-v1,1,accepted,2393,50,842.406,0.0031162500,false,false
call-000510,arm10_spec_eprocess,dev/f2/s2100002/no_alert,23,grok-4.20-0309-non-reasoning,sha256:0f15c729508b9ca931db0bf4357ece366c106b8db3ac0d3cda75b719dd522879,det-v1,1,accepted,1709,76,0.001,0.0023262500,true,false
call-000511,arm10_spec_eprocess,dev/f2/s2100002/no_alert,41,grok-4.20-0309-non-reasoning,sha256:d4fbea238fb92a55304bb924f467faf6dabfe3ff37f09e2e515322cf12757ccc,det-v1,1,accepted,2393,50,0.001,0.0031162500,true,false
call-000512,arm12_cth,dev/f2/s2100002/no_alert,23,grok-4.20-0309-non-reasoning,sha256:0f15c729508b9ca931db0bf4357ece366c106b8db3ac0d3cda75b719dd522879,det-v1,1,accepted,1709,76,0.001,0.0023262500,true,false
call-000513,arm12_cth,dev/f2/s2100002/no_alert,41,grok-4.20-0309-non-reasoning,sha256:661cd953986e47b1733331358652f51ded7dab3842f5354e2df256929e41a367,det-v1,1,,2393,50,875.259,0.0031162500,false,true
call-000514,arm12_cth,dev/f2/s2100002/no_alert,41,grok-4.20-0309-non-reasoning,sha256:661cd953986e47b1733331358652f51ded7dab3842f5354e2df256929e41a367,det-v1,1,accepted,2393,50,875.259,0.0031162500,false,false
call-000515,arm12b_cth_llm,dev/f2/s2100002/no_alert,23,grok-4.20-0309-non-reasoning,sha256:0f15c729508b9ca931db0bf4357ece366c106b8db3ac0d3cda75b719dd522879,det-v1,1,accepted,1709,76,0.002,0.0023262500,true,false
call-000516,arm12b_cth_llm,dev/f2/s2100002/no_alert,41,grok-4.20-0309-non-reasoning,sha256:d4fbea238fb92a55304bb924f467faf6dabfe3ff37f09e2e515322cf12757ccc,det-v1,1,accepted,2393,50,0.001,0.0031162500,true,false
call-000517,arm8_spec_immediate,dev/f2/s2100002/early_accurate,23,grok-4.20-0309-non-reasoning,sha256:a5c7e0ffe810fdbf716e372b0802bfe0baf18fa6fc6b7fdbf155b00f1365c45d,det-v1,1,,1709,50,1026.153,0.0022612500,false,true
call-000518,arm8_spec_immediate,dev/f2/s2100002/early_accurate,23,grok-4.20-0309-non-reasoning,sha256:a5c7e0ffe810fdbf716e372b0802bfe0baf18fa6fc6b7fdbf155b00f1365c45d,det-v1,1,accepted,1709,50,1026.153,0.0022612500,false,false
call-000519,arm8_spec_immediate,dev/f2/s2100002/early_accurate,41,grok-4.20-0309-non-reasoning,sha256:8349e33a8eabbd49f66ec51f800738aab10a37763a505a7ad34e87f862cdb6f2,det-v1,1,,2393,50,896.477,0.0031162500,false,true
call-000520,arm8_spec_immediate,dev/f2/s2100002/early_accurate,41,grok-4.20-0309-non-reasoning,sha256:8349e33a8eabbd49f66ec51f800738aab10a37763a505a7ad34e87f862cdb6f2,det-v1,1,accepted,2393,50,896.477,0.0031162500,false,false
call-000521,arm10_spec_eprocess,dev/f2/s2100002/early_accurate,23,grok-4.20-0309-non-reasoning,sha256:a5c7e0ffe810fdbf716e372b0802bfe0baf18fa6fc6b7fdbf155b00f1365c45d,det-v1,1,accepted,1709,50,0.002,0.0022612500,true,false
call-000522,arm10_spec_eprocess,dev/f2/s2100002/early_accurate,41,grok-4.20-0309-non-reasoning,sha256:8349e33a8eabbd49f66ec51f800738aab10a37763a505a7ad34e87f862cdb6f2,det-v1,1,accepted,2393,50,0.001,0.0031162500,true,false
call-000523,arm12_cth,dev/f2/s2100002/early_accurate,23,grok-4.20-0309-non-reasoning,sha256:a5c7e0ffe810fdbf716e372b0802bfe0baf18fa6fc6b7fdbf155b00f1365c45d,det-v1,1,accepted,1709,50,0.001,0.0022612500,true,false
call-000524,arm12_cth,dev/f2/s2100002/early_accurate,41,grok-4.20-0309-non-reasoning,sha256:119e029955ce521dd119eaf32cb0349f046f05db169c29979949b4bdc3dfcbc1,det-v1,1,,2393,50,778.071,0.0031162500,false,true
call-000525,arm12_cth,dev/f2/s2100002/early_accurate,41,grok-4.20-0309-non-reasoning,sha256:119e029955ce521dd119eaf32cb0349f046f05db169c29979949b4bdc3dfcbc1,det-v1,1,accepted,2393,50,778.071,0.0031162500,false,false
call-000526,arm12b_cth_llm,dev/f2/s2100002/early_accurate,23,grok-4.20-0309-non-reasoning,sha256:a5c7e0ffe810fdbf716e372b0802bfe0baf18fa6fc6b7fdbf155b00f1365c45d,det-v1,1,accepted,1709,50,0.002,0.0022612500,true,false
call-000527,arm12b_cth_llm,dev/f2/s2100002/early_accurate,41,grok-4.20-0309-non-reasoning,sha256:8349e33a8eabbd49f66ec51f800738aab10a37763a505a7ad34e87f862cdb6f2,det-v1,1,accepted,2393,50,0.001,0.0031162500,true,false
call-000528,arm8_spec_immediate,dev/f2/s2100002/late_accurate,23,grok-4.20-0309-non-reasoning,sha256:14f12dcfee8c682557c4e99b68b73d9927cd8cc8c312d82baee75dc9de23eade,det-v1,1,,1709,50,826.298,0.0022612500,false,true
call-000529,arm8_spec_immediate,dev/f2/s2100002/late_accurate,23,grok-4.20-0309-non-reasoning,sha256:14f12dcfee8c682557c4e99b68b73d9927cd8cc8c312d82baee75dc9de23eade,det-v1,1,accepted,1709,50,826.298,0.0022612500,false,false
call-000530,arm8_spec_immediate,dev/f2/s2100002/late_accurate,41,grok-4.20-0309-non-reasoning,sha256:791846f0e616fd225217fc61dd1c5d17388d815707951f04196762f4b2df3709,det-v1,1,,2393,50,927.627,0.0031162500,false,true
call-000531,arm8_spec_immediate,dev/f2/s2100002/late_accurate,41,grok-4.20-0309-non-reasoning,sha256:791846f0e616fd225217fc61dd1c5d17388d815707951f04196762f4b2df3709,det-v1,1,accepted,2393,50,927.627,0.0031162500,false,false
call-000532,arm10_spec_eprocess,dev/f2/s2100002/late_accurate,23,grok-4.20-0309-non-reasoning,sha256:14f12dcfee8c682557c4e99b68b73d9927cd8cc8c312d82baee75dc9de23eade,det-v1,1,accepted,1709,50,0.002,0.0022612500,true,false
call-000533,arm10_spec_eprocess,dev/f2/s2100002/late_accurate,41,grok-4.20-0309-non-reasoning,sha256:791846f0e616fd225217fc61dd1c5d17388d815707951f04196762f4b2df3709,det-v1,1,accepted,2393,50,0.001,0.0031162500,true,false
call-000534,arm12_cth,dev/f2/s2100002/late_accurate,23,grok-4.20-0309-non-reasoning,sha256:14f12dcfee8c682557c4e99b68b73d9927cd8cc8c312d82baee75dc9de23eade,det-v1,1,accepted,1709,50,0.001,0.0022612500,true,false
call-000535,arm12_cth,dev/f2/s2100002/late_accurate,41,grok-4.20-0309-non-reasoning,sha256:119da827c4c7043c51f4494827c123bffc412e9185127208c50bfd281d8cd663,det-v1,1,,2393,50,972.997,0.0031162500,false,true
call-000536,arm12_cth,dev/f2/s2100002/late_accurate,41,grok-4.20-0309-non-reasoning,sha256:119da827c4c7043c51f4494827c123bffc412e9185127208c50bfd281d8cd663,det-v1,1,accepted,2393,50,972.997,0.0031162500,false,false
call-000537,arm12b_cth_llm,dev/f2/s2100002/late_accurate,23,grok-4.20-0309-non-reasoning,sha256:14f12dcfee8c682557c4e99b68b73d9927cd8cc8c312d82baee75dc9de23eade,det-v1,1,accepted,1709,50,0.002,0.0022612500,true,false
call-000538,arm12b_cth_llm,dev/f2/s2100002/late_accurate,41,grok-4.20-0309-non-reasoning,sha256:791846f0e616fd225217fc61dd1c5d17388d815707951f04196762f4b2df3709,det-v1,1,accepted,2393,50,0.001,0.0031162500,true,false
call-000539,arm8_spec_immediate,dev/f2/s2100002/unreliable,23,grok-4.20-0309-non-reasoning,sha256:f92421399e5d3e0a76337b33e14bb7b9eb498f59a0ee80430cb72829f8d4c054,det-v1,1,,1709,50,861.436,0.0022612500,false,true
call-000540,arm8_spec_immediate,dev/f2/s2100002/unreliable,23,grok-4.20-0309-non-reasoning,sha256:f92421399e5d3e0a76337b33e14bb7b9eb498f59a0ee80430cb72829f8d4c054,det-v1,1,accepted,1709,50,861.436,0.0022612500,false,false
call-000541,arm8_spec_immediate,dev/f2/s2100002/unreliable,41,grok-4.20-0309-non-reasoning,sha256:1ede661bd34f815f054da2bb1df64775fb18d4241a1a00355c80f740903f0421,det-v1,1,,2393,50,780.956,0.0031162500,false,true
call-000542,arm8_spec_immediate,dev/f2/s2100002/unreliable,41,grok-4.20-0309-non-reasoning,sha256:1ede661bd34f815f054da2bb1df64775fb18d4241a1a00355c80f740903f0421,det-v1,1,accepted,2393,50,780.956,0.0031162500,false,false
call-000543,arm10_spec_eprocess,dev/f2/s2100002/unreliable,23,grok-4.20-0309-non-reasoning,sha256:f92421399e5d3e0a76337b33e14bb7b9eb498f59a0ee80430cb72829f8d4c054,det-v1,1,accepted,1709,50,0.001,0.0022612500,true,false
call-000544,arm10_spec_eprocess,dev/f2/s2100002/unreliable,41,grok-4.20-0309-non-reasoning,sha256:1ede661bd34f815f054da2bb1df64775fb18d4241a1a00355c80f740903f0421,det-v1,1,accepted,2393,50,0.001,0.0031162500,true,false
call-000545,arm12_cth,dev/f2/s2100002/unreliable,23,grok-4.20-0309-non-reasoning,sha256:f92421399e5d3e0a76337b33e14bb7b9eb498f59a0ee80430cb72829f8d4c054,det-v1,1,accepted,1709,50,0.002,0.0022612500,true,false
call-000546,arm12_cth,dev/f2/s2100002/unreliable,41,grok-4.20-0309-non-reasoning,sha256:95284aeed771c4926671f66baee1afa568cea34bc74f10cf08ac53e154d4225c,det-v1,1,,2393,50,871.405,0.0031162500,false,true
call-000547,arm12_cth,dev/f2/s2100002/unreliable,41,grok-4.20-0309-non-reasoning,sha256:95284aeed771c4926671f66baee1afa568cea34bc74f10cf08ac53e154d4225c,det-v1,1,accepted,2393,50,871.405,0.0031162500,false,false
call-000548,arm12b_cth_llm,dev/f2/s2100002/unreliable,23,grok-4.20-0309-non-reasoning,sha256:f92421399e5d3e0a76337b33e14bb7b9eb498f59a0ee80430cb72829f8d4c054,det-v1,1,accepted,1709,50,0.002,0.0022612500,true,false
call-000549,arm12b_cth_llm,dev/f2/s2100002/unreliable,41,grok-4.20-0309-non-reasoning,sha256:1ede661bd34f815f054da2bb1df64775fb18d4241a1a00355c80f740903f0421,det-v1,1,accepted,2393,50,0.001,0.0031162500,true,false
call-000550,arm8_spec_immediate,dev/f2/s2100002/no_alert__twin,10,grok-4.20-0309-non-reasoning,sha256:65f7ffcf50ba84481c03a9b142e013ca09c9646737cb71286da68a2117371e9d,det-v1,1,,1251,71,1018.575,0.0017412500,false,true
call-000551,arm8_spec_immediate,dev/f2/s2100002/no_alert__twin,10,grok-4.20-0309-non-reasoning,sha256:65f7ffcf50ba84481c03a9b142e013ca09c9646737cb71286da68a2117371e9d,det-v1,1,accepted,1251,71,1018.575,0.0017412500,false,false
call-000552,arm10_spec_eprocess,dev/f2/s2100002/no_alert__twin,10,grok-4.20-0309-non-reasoning,sha256:65f7ffcf50ba84481c03a9b142e013ca09c9646737cb71286da68a2117371e9d,det-v1,1,accepted,1251,71,0.001,0.0017412500,true,false
call-000553,arm12_cth,dev/f2/s2100002/no_alert__twin,10,grok-4.20-0309-non-reasoning,sha256:65f7ffcf50ba84481c03a9b142e013ca09c9646737cb71286da68a2117371e9d,det-v1,1,accepted,1251,71,0.001,0.0017412500,true,false
call-000554,arm12b_cth_llm,dev/f2/s2100002/no_alert__twin,10,grok-4.20-0309-non-reasoning,sha256:65f7ffcf50ba84481c03a9b142e013ca09c9646737cb71286da68a2117371e9d,det-v1,1,accepted,1251,71,0.002,0.0017412500,true,false
call-000555,arm8_spec_immediate,cal/f2/s2100003/no_alert,32,grok-4.20-0309-non-reasoning,sha256:1f9c8755e582876f689511504f3598c02a523ce55456d3d577cf2fa7de26c903,det-v1,1,,2051,50,791.684,0.0026887500,false,true
call-000556,arm8_spec_immediate,cal/f2/s2100003/no_alert,32,grok-4.20-0309-non-reasoning,sha256:1f9c8755e582876f689511504f3598c02a523ce55456d3d577cf2fa7de26c903,det-v1,1,accepted,2051,50,791.684,0.0026887500,false,false
call-000557,arm8_spec_immediate,cal/f2/s2100003/no_alert,45,grok-4.20-0309-non-reasoning,sha256:410d7943e39626bf78b7a1e59a77ffbf052ed31433099c866afd9278cf6769cc,det-v1,1,,2545,50,839.036,0.0033062500,false,true
call-000558,arm8_spec_immediate,cal/f2/s2100003/no_alert,45,grok-4.20-0309-non-reasoning,sha256:410d7943e39626bf78b7a1e59a77ffbf052ed31433099c866afd9278cf6769cc,det-v1,1,accepted,2545,50,839.036,0.0033062500,false,false
call-000559,arm10_spec_eprocess,cal/f2/s2100003/no_alert,32,grok-4.20-0309-non-reasoning,sha256:1f9c8755e582876f689511504f3598c02a523ce55456d3d577cf2fa7de26c903,det-v1,1,accepted,2051,50,0.002,0.0026887500,true,false
call-000560,arm10_spec_eprocess,cal/f2/s2100003/no_alert,45,grok-4.20-0309-non-reasoning,sha256:410d7943e39626bf78b7a1e59a77ffbf052ed31433099c866afd9278cf6769cc,det-v1,1,accepted,2545,50,0.001,0.0033062500,true,false
call-000561,arm12_cth,cal/f2/s2100003/no_alert,32,grok-4.20-0309-non-reasoning,sha256:1f9c8755e582876f689511504f3598c02a523ce55456d3d577cf2fa7de26c903,det-v1,1,accepted,2051,50,0.001,0.0026887500,true,false
call-000562,arm12_cth,cal/f2/s2100003/no_alert,45,grok-4.20-0309-non-reasoning,sha256:d631c38e48621ea7d48b7d0376f44fe16f71ccd5cdc60f74fc6efc5e8789ae46,det-v1,1,,2545,50,814.577,0.0033062500,false,true
call-000563,arm12_cth,cal/f2/s2100003/no_alert,45,grok-4.20-0309-non-reasoning,sha256:d631c38e48621ea7d48b7d0376f44fe16f71ccd5cdc60f74fc6efc5e8789ae46,det-v1,1,accepted,2545,50,814.577,0.0033062500,false,false
call-000564,arm12b_cth_llm,cal/f2/s2100003/no_alert,32,grok-4.20-0309-non-reasoning,sha256:1f9c8755e582876f689511504f3598c02a523ce55456d3d577cf2fa7de26c903,det-v1,1,accepted,2051,50,0.002,0.0026887500,true,false
call-000565,arm12b_cth_llm,cal/f2/s2100003/no_alert,45,grok-4.20-0309-non-reasoning,sha256:410d7943e39626bf78b7a1e59a77ffbf052ed31433099c866afd9278cf6769cc,det-v1,1,accepted,2545,50,0.001,0.0033062500,true,false
call-000566,arm8_spec_immediate,cal/f2/s2100003/early_accurate,32,grok-4.20-0309-non-reasoning,sha256:153d4bdb2019ece20c909b293e37f18533ec1710a4597ae74fac52d3712b8f96,det-v1,1,,2051,50,778.930,0.0026887500,false,true
call-000567,arm8_spec_immediate,cal/f2/s2100003/early_accurate,32,grok-4.20-0309-non-reasoning,sha256:153d4bdb2019ece20c909b293e37f18533ec1710a4597ae74fac52d3712b8f96,det-v1,1,accepted,2051,50,778.930,0.0026887500,false,false
call-000568,arm8_spec_immediate,cal/f2/s2100003/early_accurate,45,grok-4.20-0309-non-reasoning,sha256:a40719ae1dada1172a249ba252208ab953f594ad679633de64e794c35fe45502,det-v1,1,,2545,50,864.512,0.0033062500,false,true
call-000569,arm8_spec_immediate,cal/f2/s2100003/early_accurate,45,grok-4.20-0309-non-reasoning,sha256:a40719ae1dada1172a249ba252208ab953f594ad679633de64e794c35fe45502,det-v1,1,accepted,2545,50,864.512,0.0033062500,false,false
call-000570,arm10_spec_eprocess,cal/f2/s2100003/early_accurate,32,grok-4.20-0309-non-reasoning,sha256:153d4bdb2019ece20c909b293e37f18533ec1710a4597ae74fac52d3712b8f96,det-v1,1,accepted,2051,50,0.002,0.0026887500,true,false
call-000571,arm10_spec_eprocess,cal/f2/s2100003/early_accurate,45,grok-4.20-0309-non-reasoning,sha256:a40719ae1dada1172a249ba252208ab953f594ad679633de64e794c35fe45502,det-v1,1,accepted,2545,50,0.002,0.0033062500,true,false
call-000572,arm12_cth,cal/f2/s2100003/early_accurate,32,grok-4.20-0309-non-reasoning,sha256:153d4bdb2019ece20c909b293e37f18533ec1710a4597ae74fac52d3712b8f96,det-v1,1,accepted,2051,50,0.002,0.0026887500,true,false
call-000573,arm12_cth,cal/f2/s2100003/early_accurate,45,grok-4.20-0309-non-reasoning,sha256:dae0d60e691b95e280a3672d07336a7715b2663278cf9c8f7c2ebb63f5302320,det-v1,1,,2545,50,785.552,0.0033062500,false,true
call-000574,arm12_cth,cal/f2/s2100003/early_accurate,45,grok-4.20-0309-non-reasoning,sha256:dae0d60e691b95e280a3672d07336a7715b2663278cf9c8f7c2ebb63f5302320,det-v1,1,accepted,2545,50,785.552,0.0033062500,false,false
call-000575,arm12b_cth_llm,cal/f2/s2100003/early_accurate,32,grok-4.20-0309-non-reasoning,sha256:153d4bdb2019ece20c909b293e37f18533ec1710a4597ae74fac52d3712b8f96,det-v1,1,accepted,2051,50,0.002,0.0026887500,true,false
call-000576,arm12b_cth_llm,cal/f2/s2100003/early_accurate,45,grok-4.20-0309-non-reasoning,sha256:a40719ae1dada1172a249ba252208ab953f594ad679633de64e794c35fe45502,det-v1,1,accepted,2545,50,0.001,0.0033062500,true,false
call-000577,arm8_spec_immediate,cal/f2/s2100003/late_accurate,32,grok-4.20-0309-non-reasoning,sha256:8bbcc73494c94a91704eb7e677ce6dad500f73a5b2ee4daf4ed33240d6dbaf62,det-v1,1,,2051,50,845.005,0.0026887500,false,true
call-000578,arm8_spec_immediate,cal/f2/s2100003/late_accurate,32,grok-4.20-0309-non-reasoning,sha256:8bbcc73494c94a91704eb7e677ce6dad500f73a5b2ee4daf4ed33240d6dbaf62,det-v1,1,accepted,2051,50,845.005,0.0026887500,false,false
call-000579,arm8_spec_immediate,cal/f2/s2100003/late_accurate,45,grok-4.20-0309-non-reasoning,sha256:acea9e32619a49becfce230f58a70c6a575423effc9facdda3b4bfbad0fa164d,det-v1,1,,2545,50,843.873,0.0033062500,false,true
call-000580,arm8_spec_immediate,cal/f2/s2100003/late_accurate,45,grok-4.20-0309-non-reasoning,sha256:acea9e32619a49becfce230f58a70c6a575423effc9facdda3b4bfbad0fa164d,det-v1,1,accepted,2545,50,843.873,0.0033062500,false,false
call-000581,arm10_spec_eprocess,cal/f2/s2100003/late_accurate,32,grok-4.20-0309-non-reasoning,sha256:8bbcc73494c94a91704eb7e677ce6dad500f73a5b2ee4daf4ed33240d6dbaf62,det-v1,1,accepted,2051,50,0.002,0.0026887500,true,false
call-000582,arm10_spec_eprocess,cal/f2/s2100003/late_accurate,45,grok-4.20-0309-non-reasoning,sha256:acea9e32619a49becfce230f58a70c6a575423effc9facdda3b4bfbad0fa164d,det-v1,1,accepted,2545,50,0.001,0.0033062500,true,false
call-000583,arm12_cth,cal/f2/s2100003/late_accurate,32,grok-4.20-0309-non-reasoning,sha256:8bbcc73494c94a91704eb7e677ce6dad500f73a5b2ee4daf4ed33240d6dbaf62,det-v1,1,accepted,2051,50,0.002,0.0026887500,true,false
call-000584,arm12_cth,cal/f2/s2100003/late_accurate,45,grok-4.20-0309-non-reasoning,sha256:e1dd9a1ab1386e53ae6c4bc3649fa9671e4a41f12a0bd0a180401122322fdaa8,det-v1,1,,2545,50,823.331,0.0033062500,false,true
call-000585,arm12_cth,cal/f2/s2100003/late_accurate,45,grok-4.20-0309-non-reasoning,sha256:e1dd9a1ab1386e53ae6c4bc3649fa9671e4a41f12a0bd0a180401122322fdaa8,det-v1,1,accepted,2545,50,823.331,0.0033062500,false,false
call-000586,arm12b_cth_llm,cal/f2/s2100003/late_accurate,32,grok-4.20-0309-non-reasoning,sha256:8bbcc73494c94a91704eb7e677ce6dad500f73a5b2ee4daf4ed33240d6dbaf62,det-v1,1,accepted,2051,50,0.001,0.0026887500,true,false
call-000587,arm12b_cth_llm,cal/f2/s2100003/late_accurate,45,grok-4.20-0309-non-reasoning,sha256:acea9e32619a49becfce230f58a70c6a575423effc9facdda3b4bfbad0fa164d,det-v1,1,accepted,2545,50,0.001,0.0033062500,true,false
call-000588,arm8_spec_immediate,cal/f2/s2100003/unreliable,32,grok-4.20-0309-non-reasoning,sha256:ca44ae111fe6ec34abf1e83422f7d9b43a31202a49870c7cbb409f3ad396f200,det-v1,1,,2051,50,881.851,0.0026887500,false,true
call-000589,arm8_spec_immediate,cal/f2/s2100003/unreliable,32,grok-4.20-0309-non-reasoning,sha256:ca44ae111fe6ec34abf1e83422f7d9b43a31202a49870c7cbb409f3ad396f200,det-v1,1,accepted,2051,50,881.851,0.0026887500,false,false
call-000590,arm8_spec_immediate,cal/f2/s2100003/unreliable,45,grok-4.20-0309-non-reasoning,sha256:92a73ef40a9374e46ffc7bf99f158f2880a52d74572a5556062ab0fe87bd4324,det-v1,1,,2545,50,801.969,0.0033062500,false,true
call-000591,arm8_spec_immediate,cal/f2/s2100003/unreliable,45,grok-4.20-0309-non-reasoning,sha256:92a73ef40a9374e46ffc7bf99f158f2880a52d74572a5556062ab0fe87bd4324,det-v1,1,accepted,2545,50,801.969,0.0033062500,false,false
call-000592,arm10_spec_eprocess,cal/f2/s2100003/unreliable,32,grok-4.20-0309-non-reasoning,sha256:ca44ae111fe6ec34abf1e83422f7d9b43a31202a49870c7cbb409f3ad396f200,det-v1,1,accepted,2051,50,0.002,0.0026887500,true,false
call-000593,arm10_spec_eprocess,cal/f2/s2100003/unreliable,45,grok-4.20-0309-non-reasoning,sha256:92a73ef40a9374e46ffc7bf99f158f2880a52d74572a5556062ab0fe87bd4324,det-v1,1,accepted,2545,50,0.001,0.0033062500,true,false
call-000594,arm12_cth,cal/f2/s2100003/unreliable,32,grok-4.20-0309-non-reasoning,sha256:ca44ae111fe6ec34abf1e83422f7d9b43a31202a49870c7cbb409f3ad396f200,det-v1,1,accepted,2051,50,0.001,0.0026887500,true,false
call-000595,arm12_cth,cal/f2/s2100003/unreliable,45,grok-4.20-0309-non-reasoning,sha256:bdcfa43bcd589bb151da6e3d8099dfef26571a92415b02e34d49beb08fa17794,det-v1,1,,2545,50,929.501,0.0033062500,false,true
call-000596,arm12_cth,cal/f2/s2100003/unreliable,45,grok-4.20-0309-non-reasoning,sha256:bdcfa43bcd589bb151da6e3d8099dfef26571a92415b02e34d49beb08fa17794,det-v1,1,accepted,2545,50,929.501,0.0033062500,false,false
call-000597,arm12b_cth_llm,cal/f2/s2100003/unreliable,32,grok-4.20-0309-non-reasoning,sha256:ca44ae111fe6ec34abf1e83422f7d9b43a31202a49870c7cbb409f3ad396f200,det-v1,1,accepted,2051,50,0.003,0.0026887500,true,false
call-000598,arm12b_cth_llm,cal/f2/s2100003/unreliable,45,grok-4.20-0309-non-reasoning,sha256:92a73ef40a9374e46ffc7bf99f158f2880a52d74572a5556062ab0fe87bd4324,det-v1,1,accepted,2545,50,0.001,0.0033062500,true,false
call-000599,arm8_spec_immediate,dev/f2/s2100004/no_alert,24,grok-4.20-0309-non-reasoning,sha256:7fc6a61c77ea0f630da6e4af62c6a34f660244b8d62c55cad2f0f8228c85d47c,det-v1,1,,1747,50,931.249,0.0023087500,false,true
call-000600,arm8_spec_immediate,dev/f2/s2100004/no_alert,24,grok-4.20-0309-non-reasoning,sha256:7fc6a61c77ea0f630da6e4af62c6a34f660244b8d62c55cad2f0f8228c85d47c,det-v1,1,accepted,1747,50,931.249,0.0023087500,false,false
call-000601,arm8_spec_immediate,dev/f2/s2100004/no_alert,34,grok-4.20-0309-non-reasoning,sha256:a7c417ede57feed6b4b29d8007da1c02f3daf6d37f9995bcd52dc1ec3f319489,det-v1,1,,2127,50,816.351,0.0027837500,false,true
call-000602,arm8_spec_immediate,dev/f2/s2100004/no_alert,34,grok-4.20-0309-non-reasoning,sha256:a7c417ede57feed6b4b29d8007da1c02f3daf6d37f9995bcd52dc1ec3f319489,det-v1,1,accepted,2127,50,816.351,0.0027837500,false,false
call-000603,arm10_spec_eprocess,dev/f2/s2100004/no_alert,24,grok-4.20-0309-non-reasoning,sha256:7fc6a61c77ea0f630da6e4af62c6a34f660244b8d62c55cad2f0f8228c85d47c,det-v1,1,accepted,1747,50,0.002,0.0023087500,true,false
call-000604,arm10_spec_eprocess,dev/f2/s2100004/no_alert,34,grok-4.20-0309-non-reasoning,sha256:a7c417ede57feed6b4b29d8007da1c02f3daf6d37f9995bcd52dc1ec3f319489,det-v1,1,accepted,2127,50,0.001,0.0027837500,true,false
call-000605,arm12_cth,dev/f2/s2100004/no_alert,24,grok-4.20-0309-non-reasoning,sha256:7fc6a61c77ea0f630da6e4af62c6a34f660244b8d62c55cad2f0f8228c85d47c,det-v1,1,accepted,1747,50,0.001,0.0023087500,true,false
call-000606,arm12_cth,dev/f2/s2100004/no_alert,34,grok-4.20-0309-non-reasoning,sha256:b945bfe7ea66aa6073b7010af63ef9f428139f68416e101fe7bc3ef82d55cbea,det-v1,1,,2127,50,776.914,0.0027837500,false,true
call-000607,arm12_cth,dev/f2/s2100004/no_alert,34,grok-4.20-0309-non-reasoning,sha256:b945bfe7ea66aa6073b7010af63ef9f428139f68416e101fe7bc3ef82d55cbea,det-v1,1,accepted,2127,50,776.914,0.0027837500,false,false
call-000608,arm12b_cth_llm,dev/f2/s2100004/no_alert,24,grok-4.20-0309-non-reasoning,sha256:7fc6a61c77ea0f630da6e4af62c6a34f660244b8d62c55cad2f0f8228c85d47c,det-v1,1,accepted,1747,50,0.002,0.0023087500,true,false
call-000609,arm12b_cth_llm,dev/f2/s2100004/no_alert,34,grok-4.20-0309-non-reasoning,sha256:a7c417ede57feed6b4b29d8007da1c02f3daf6d37f9995bcd52dc1ec3f319489,det-v1,1,accepted,2127,50,0.001,0.0027837500,true,false
call-000610,arm8_spec_immediate,dev/f2/s2100004/early_accurate,24,grok-4.20-0309-non-reasoning,sha256:a3dff8ce64ae6e919b0cc3d84f8c4b9ce1a9763013d59399447b9c7f0027a690,det-v1,1,,1747,50,805.598,0.0023087500,false,true
call-000611,arm8_spec_immediate,dev/f2/s2100004/early_accurate,24,grok-4.20-0309-non-reasoning,sha256:a3dff8ce64ae6e919b0cc3d84f8c4b9ce1a9763013d59399447b9c7f0027a690,det-v1,1,accepted,1747,50,805.598,0.0023087500,false,false
call-000612,arm8_spec_immediate,dev/f2/s2100004/early_accurate,34,grok-4.20-0309-non-reasoning,sha256:18b896fa91e24063549e39043fcb405fb9302b535a4a980cacec58c97d0771ff,det-v1,1,,2127,76,1088.538,0.0028487500,false,true
call-000613,arm8_spec_immediate,dev/f2/s2100004/early_accurate,34,grok-4.20-0309-non-reasoning,sha256:18b896fa91e24063549e39043fcb405fb9302b535a4a980cacec58c97d0771ff,det-v1,1,accepted,2127,76,1088.538,0.0028487500,false,false
call-000614,arm10_spec_eprocess,dev/f2/s2100004/early_accurate,24,grok-4.20-0309-non-reasoning,sha256:a3dff8ce64ae6e919b0cc3d84f8c4b9ce1a9763013d59399447b9c7f0027a690,det-v1,1,accepted,1747,50,0.002,0.0023087500,true,false
call-000615,arm10_spec_eprocess,dev/f2/s2100004/early_accurate,34,grok-4.20-0309-non-reasoning,sha256:18b896fa91e24063549e39043fcb405fb9302b535a4a980cacec58c97d0771ff,det-v1,1,accepted,2127,76,0.001,0.0028487500,true,false
call-000616,arm12_cth,dev/f2/s2100004/early_accurate,24,grok-4.20-0309-non-reasoning,sha256:a3dff8ce64ae6e919b0cc3d84f8c4b9ce1a9763013d59399447b9c7f0027a690,det-v1,1,accepted,1747,50,0.001,0.0023087500,true,false
call-000617,arm12_cth,dev/f2/s2100004/early_accurate,34,grok-4.20-0309-non-reasoning,sha256:aed0f9eca624953bec1dd20bcebd78518bfa526ce81515859bf20b6a7019e4af,det-v1,1,,2127,50,846.556,0.0027837500,false,true
call-000618,arm12_cth,dev/f2/s2100004/early_accurate,34,grok-4.20-0309-non-reasoning,sha256:aed0f9eca624953bec1dd20bcebd78518bfa526ce81515859bf20b6a7019e4af,det-v1,1,accepted,2127,50,846.556,0.0027837500,false,false
call-000619,arm12b_cth_llm,dev/f2/s2100004/early_accurate,24,grok-4.20-0309-non-reasoning,sha256:a3dff8ce64ae6e919b0cc3d84f8c4b9ce1a9763013d59399447b9c7f0027a690,det-v1,1,accepted,1747,50,0.001,0.0023087500,true,false
call-000620,arm12b_cth_llm,dev/f2/s2100004/early_accurate,34,grok-4.20-0309-non-reasoning,sha256:18b896fa91e24063549e39043fcb405fb9302b535a4a980cacec58c97d0771ff,det-v1,1,accepted,2127,76,0.001,0.0028487500,true,false
call-000621,arm8_spec_immediate,dev/f2/s2100004/late_accurate,24,grok-4.20-0309-non-reasoning,sha256:4a003d8680104c98c6a0970a0980f5321c2dc8b48a35b36976cf3a4643881265,det-v1,1,,1747,50,958.048,0.0023087500,false,true
call-000622,arm8_spec_immediate,dev/f2/s2100004/late_accurate,24,grok-4.20-0309-non-reasoning,sha256:4a003d8680104c98c6a0970a0980f5321c2dc8b48a35b36976cf3a4643881265,det-v1,1,accepted,1747,50,958.048,0.0023087500,false,false
call-000623,arm8_spec_immediate,dev/f2/s2100004/late_accurate,34,grok-4.20-0309-non-reasoning,sha256:3afdd4b8ec4f27bbc997a727a00c0ba98dc3eb2aecd427045216c62aaee20eec,det-v1,1,,2127,50,940.277,0.0027837500,false,true
call-000624,arm8_spec_immediate,dev/f2/s2100004/late_accurate,34,grok-4.20-0309-non-reasoning,sha256:3afdd4b8ec4f27bbc997a727a00c0ba98dc3eb2aecd427045216c62aaee20eec,det-v1,1,accepted,2127,50,940.277,0.0027837500,false,false
call-000625,arm10_spec_eprocess,dev/f2/s2100004/late_accurate,24,grok-4.20-0309-non-reasoning,sha256:4a003d8680104c98c6a0970a0980f5321c2dc8b48a35b36976cf3a4643881265,det-v1,1,accepted,1747,50,0.001,0.0023087500,true,false
call-000626,arm10_spec_eprocess,dev/f2/s2100004/late_accurate,34,grok-4.20-0309-non-reasoning,sha256:3afdd4b8ec4f27bbc997a727a00c0ba98dc3eb2aecd427045216c62aaee20eec,det-v1,1,accepted,2127,50,0.001,0.0027837500,true,false
call-000627,arm12_cth,dev/f2/s2100004/late_accurate,24,grok-4.20-0309-non-reasoning,sha256:4a003d8680104c98c6a0970a0980f5321c2dc8b48a35b36976cf3a4643881265,det-v1,1,accepted,1747,50,0.001,0.0023087500,true,false
call-000628,arm12_cth,dev/f2/s2100004/late_accurate,34,grok-4.20-0309-non-reasoning,sha256:0059cb4ccea283caa7e3e25cd764e7e414ee43776d3ed049e3097d3c69d4e0b7,det-v1,1,,2127,50,800.886,0.0027837500,false,true
call-000629,arm12_cth,dev/f2/s2100004/late_accurate,34,grok-4.20-0309-non-reasoning,sha256:0059cb4ccea283caa7e3e25cd764e7e414ee43776d3ed049e3097d3c69d4e0b7,det-v1,1,accepted,2127,50,800.886,0.0027837500,false,false
call-000630,arm12b_cth_llm,dev/f2/s2100004/late_accurate,24,grok-4.20-0309-non-reasoning,sha256:4a003d8680104c98c6a0970a0980f5321c2dc8b48a35b36976cf3a4643881265,det-v1,1,accepted,1747,50,0.002,0.0023087500,true,false
call-000631,arm12b_cth_llm,dev/f2/s2100004/late_accurate,34,grok-4.20-0309-non-reasoning,sha256:3afdd4b8ec4f27bbc997a727a00c0ba98dc3eb2aecd427045216c62aaee20eec,det-v1,1,accepted,2127,50,0.001,0.0027837500,true,false
call-000632,arm8_spec_immediate,dev/f2/s2100004/unreliable,24,grok-4.20-0309-non-reasoning,sha256:2ac93f08d780a9fd0a2cd83cad6ffd0c8fc3998066f7fb8c50376516fa841fbe,det-v1,1,,1747,50,915.519,0.0023087500,false,true
call-000633,arm8_spec_immediate,dev/f2/s2100004/unreliable,24,grok-4.20-0309-non-reasoning,sha256:2ac93f08d780a9fd0a2cd83cad6ffd0c8fc3998066f7fb8c50376516fa841fbe,det-v1,1,accepted,1747,50,915.519,0.0023087500,false,false
call-000634,arm8_spec_immediate,dev/f2/s2100004/unreliable,34,grok-4.20-0309-non-reasoning,sha256:50169928169fc3b68ad0ab1436cc094dffe87bb78b4f37294ea7ad76b4986253,det-v1,1,,2127,75,951.368,0.0028462500,false,true
call-000635,arm8_spec_immediate,dev/f2/s2100004/unreliable,34,grok-4.20-0309-non-reasoning,sha256:50169928169fc3b68ad0ab1436cc094dffe87bb78b4f37294ea7ad76b4986253,det-v1,1,accepted,2127,75,951.368,0.0028462500,false,false
call-000636,arm10_spec_eprocess,dev/f2/s2100004/unreliable,24,grok-4.20-0309-non-reasoning,sha256:2ac93f08d780a9fd0a2cd83cad6ffd0c8fc3998066f7fb8c50376516fa841fbe,det-v1,1,accepted,1747,50,0.002,0.0023087500,true,false
call-000637,arm10_spec_eprocess,dev/f2/s2100004/unreliable,34,grok-4.20-0309-non-reasoning,sha256:50169928169fc3b68ad0ab1436cc094dffe87bb78b4f37294ea7ad76b4986253,det-v1,1,accepted,2127,75,0.001,0.0028462500,true,false
call-000638,arm12_cth,dev/f2/s2100004/unreliable,24,grok-4.20-0309-non-reasoning,sha256:2ac93f08d780a9fd0a2cd83cad6ffd0c8fc3998066f7fb8c50376516fa841fbe,det-v1,1,accepted,1747,50,0.002,0.0023087500,true,false
call-000639,arm12_cth,dev/f2/s2100004/unreliable,34,grok-4.20-0309-non-reasoning,sha256:eb861c897b87137bab755ae9a5e98b3b389ad96fb48c68b96125b3eb492c9500,det-v1,1,,2127,50,865.230,0.0027837500,false,true
call-000640,arm12_cth,dev/f2/s2100004/unreliable,34,grok-4.20-0309-non-reasoning,sha256:eb861c897b87137bab755ae9a5e98b3b389ad96fb48c68b96125b3eb492c9500,det-v1,1,accepted,2127,50,865.230,0.0027837500,false,false
call-000641,arm12b_cth_llm,dev/f2/s2100004/unreliable,24,grok-4.20-0309-non-reasoning,sha256:2ac93f08d780a9fd0a2cd83cad6ffd0c8fc3998066f7fb8c50376516fa841fbe,det-v1,1,accepted,1747,50,0.002,0.0023087500,true,false
call-000642,arm12b_cth_llm,dev/f2/s2100004/unreliable,34,grok-4.20-0309-non-reasoning,sha256:50169928169fc3b68ad0ab1436cc094dffe87bb78b4f37294ea7ad76b4986253,det-v1,1,accepted,2127,75,0.001,0.0028462500,true,false
call-000643,arm8_spec_immediate,cal/f2/s2100005/no_alert,38,grok-4.20-0309-non-reasoning,sha256:4118663d86b522b316acd13cf38c6a3907542f498a63650da2f796b5c6ee88c5,det-v1,1,,2279,50,825.880,0.0029737500,false,true
call-000644,arm8_spec_immediate,cal/f2/s2100005/no_alert,38,grok-4.20-0309-non-reasoning,sha256:4118663d86b522b316acd13cf38c6a3907542f498a63650da2f796b5c6ee88c5,det-v1,1,accepted,2279,50,825.880,0.0029737500,false,false
call-000645,arm8_spec_immediate,cal/f2/s2100005/no_alert,47,grok-4.20-0309-non-reasoning,sha256:cc67e83cdeb838f6c23926860075c4d4631339b0fe9d5155c3a7001a04f90f1c,det-v1,1,,2621,50,1024.844,0.0034012500,false,true
call-000646,arm8_spec_immediate,cal/f2/s2100005/no_alert,47,grok-4.20-0309-non-reasoning,sha256:cc67e83cdeb838f6c23926860075c4d4631339b0fe9d5155c3a7001a04f90f1c,det-v1,1,accepted,2621,50,1024.844,0.0034012500,false,false
call-000647,arm10_spec_eprocess,cal/f2/s2100005/no_alert,38,grok-4.20-0309-non-reasoning,sha256:4118663d86b522b316acd13cf38c6a3907542f498a63650da2f796b5c6ee88c5,det-v1,1,accepted,2279,50,0.002,0.0029737500,true,false
call-000648,arm10_spec_eprocess,cal/f2/s2100005/no_alert,47,grok-4.20-0309-non-reasoning,sha256:cc67e83cdeb838f6c23926860075c4d4631339b0fe9d5155c3a7001a04f90f1c,det-v1,1,accepted,2621,50,0.001,0.0034012500,true,false
call-000649,arm12_cth,cal/f2/s2100005/no_alert,38,grok-4.20-0309-non-reasoning,sha256:4118663d86b522b316acd13cf38c6a3907542f498a63650da2f796b5c6ee88c5,det-v1,1,accepted,2279,50,0.002,0.0029737500,true,false
call-000650,arm12_cth,cal/f2/s2100005/no_alert,47,grok-4.20-0309-non-reasoning,sha256:494613084910674d3aea01622b8c933a4f8aefe175a85f5a8d8e5f14f80d0945,det-v1,1,,2621,50,895.944,0.0034012500,false,true
call-000651,arm12_cth,cal/f2/s2100005/no_alert,47,grok-4.20-0309-non-reasoning,sha256:494613084910674d3aea01622b8c933a4f8aefe175a85f5a8d8e5f14f80d0945,det-v1,1,accepted,2621,50,895.944,0.0034012500,false,false
call-000652,arm12b_cth_llm,cal/f2/s2100005/no_alert,38,grok-4.20-0309-non-reasoning,sha256:4118663d86b522b316acd13cf38c6a3907542f498a63650da2f796b5c6ee88c5,det-v1,1,accepted,2279,50,0.002,0.0029737500,true,false
call-000653,arm12b_cth_llm,cal/f2/s2100005/no_alert,47,grok-4.20-0309-non-reasoning,sha256:cc67e83cdeb838f6c23926860075c4d4631339b0fe9d5155c3a7001a04f90f1c,det-v1,1,accepted,2621,50,0.001,0.0034012500,true,false
call-000654,arm8_spec_immediate,cal/f2/s2100005/early_accurate,38,grok-4.20-0309-non-reasoning,sha256:558bee8a7c35d9a86bac4968ff5cbc119f7d91ed7fb549e4d73a83928f8bbaa8,det-v1,1,,2279,50,985.900,0.0029737500,false,true
call-000655,arm8_spec_immediate,cal/f2/s2100005/early_accurate,38,grok-4.20-0309-non-reasoning,sha256:558bee8a7c35d9a86bac4968ff5cbc119f7d91ed7fb549e4d73a83928f8bbaa8,det-v1,1,accepted,2279,50,985.900,0.0029737500,false,false
call-000656,arm8_spec_immediate,cal/f2/s2100005/early_accurate,47,grok-4.20-0309-non-reasoning,sha256:7b12e22bf35c7b8f85c07c793c88d97de3464aeacb2a5503facaa236fc5983ba,det-v1,1,,2621,50,924.914,0.0034012500,false,true
call-000657,arm8_spec_immediate,cal/f2/s2100005/early_accurate,47,grok-4.20-0309-non-reasoning,sha256:7b12e22bf35c7b8f85c07c793c88d97de3464aeacb2a5503facaa236fc5983ba,det-v1,1,accepted,2621,50,924.914,0.0034012500,false,false
call-000658,arm10_spec_eprocess,cal/f2/s2100005/early_accurate,38,grok-4.20-0309-non-reasoning,sha256:558bee8a7c35d9a86bac4968ff5cbc119f7d91ed7fb549e4d73a83928f8bbaa8,det-v1,1,accepted,2279,50,0.002,0.0029737500,true,false
call-000659,arm10_spec_eprocess,cal/f2/s2100005/early_accurate,47,grok-4.20-0309-non-reasoning,sha256:7b12e22bf35c7b8f85c07c793c88d97de3464aeacb2a5503facaa236fc5983ba,det-v1,1,accepted,2621,50,0.002,0.0034012500,true,false
call-000660,arm12_cth,cal/f2/s2100005/early_accurate,38,grok-4.20-0309-non-reasoning,sha256:558bee8a7c35d9a86bac4968ff5cbc119f7d91ed7fb549e4d73a83928f8bbaa8,det-v1,1,accepted,2279,50,0.001,0.0029737500,true,false
call-000661,arm12_cth,cal/f2/s2100005/early_accurate,47,grok-4.20-0309-non-reasoning,sha256:31a5b3207c7c03605305a1d245ebf1aa132a140f8575e79bb80bd301b8b25285,det-v1,1,,2621,50,908.125,0.0034012500,false,true
call-000662,arm12_cth,cal/f2/s2100005/early_accurate,47,grok-4.20-0309-non-reasoning,sha256:31a5b3207c7c03605305a1d245ebf1aa132a140f8575e79bb80bd301b8b25285,det-v1,1,accepted,2621,50,908.125,0.0034012500,false,false
call-000663,arm12b_cth_llm,cal/f2/s2100005/early_accurate,38,grok-4.20-0309-non-reasoning,sha256:558bee8a7c35d9a86bac4968ff5cbc119f7d91ed7fb549e4d73a83928f8bbaa8,det-v1,1,accepted,2279,50,0.002,0.0029737500,true,false
call-000664,arm12b_cth_llm,cal/f2/s2100005/early_accurate,47,grok-4.20-0309-non-reasoning,sha256:7b12e22bf35c7b8f85c07c793c88d97de3464aeacb2a5503facaa236fc5983ba,det-v1,1,accepted,2621,50,0.001,0.0034012500,true,false
call-000665,arm8_spec_immediate,cal/f2/s2100005/late_accurate,38,grok-4.20-0309-non-reasoning,sha256:90a9d68e9ce51595c32503e03dc1b1a52e8f3ad85dffeddf1d76b9890602a346,det-v1,1,,2279,50,865.416,0.0029737500,false,true
call-000666,arm8_spec_immediate,cal/f2/s2100005/late_accurate,38,grok-4.20-0309-non-reasoning,sha256:90a9d68e9ce51595c32503e03dc1b1a52e8f3ad85dffeddf1d76b9890602a346,det-v1,1,accepted,2279,50,865.416,0.0029737500,false,false
call-000667,arm8_spec_immediate,cal/f2/s2100005/late_accurate,47,grok-4.20-0309-non-reasoning,sha256:f99794cd83db2e6b6f4c3c5db4eccd11f8dc85591389f9763dbba3aae1560bee,det-v1,1,,2621,50,798.353,0.0034012500,false,true
call-000668,arm8_spec_immediate,cal/f2/s2100005/late_accurate,47,grok-4.20-0309-non-reasoning,sha256:f99794cd83db2e6b6f4c3c5db4eccd11f8dc85591389f9763dbba3aae1560bee,det-v1,1,accepted,2621,50,798.353,0.0034012500,false,false
call-000669,arm10_spec_eprocess,cal/f2/s2100005/late_accurate,38,grok-4.20-0309-non-reasoning,sha256:90a9d68e9ce51595c32503e03dc1b1a52e8f3ad85dffeddf1d76b9890602a346,det-v1,1,accepted,2279,50,0.002,0.0029737500,true,false
call-000670,arm10_spec_eprocess,cal/f2/s2100005/late_accurate,47,grok-4.20-0309-non-reasoning,sha256:f99794cd83db2e6b6f4c3c5db4eccd11f8dc85591389f9763dbba3aae1560bee,det-v1,1,accepted,2621,50,0.002,0.0034012500,true,false
call-000671,arm12_cth,cal/f2/s2100005/late_accurate,38,grok-4.20-0309-non-reasoning,sha256:90a9d68e9ce51595c32503e03dc1b1a52e8f3ad85dffeddf1d76b9890602a346,det-v1,1,accepted,2279,50,0.001,0.0029737500,true,false
call-000672,arm12_cth,cal/f2/s2100005/late_accurate,47,grok-4.20-0309-non-reasoning,sha256:a523a1d950a99ccb290786b94633d4f61416a0fe9def097ca5f4549484f37178,det-v1,1,,2621,50,902.974,0.0034012500,false,true
call-000673,arm12_cth,cal/f2/s2100005/late_accurate,47,grok-4.20-0309-non-reasoning,sha256:a523a1d950a99ccb290786b94633d4f61416a0fe9def097ca5f4549484f37178,det-v1,1,accepted,2621,50,902.974,0.0034012500,false,false
call-000674,arm12b_cth_llm,cal/f2/s2100005/late_accurate,38,grok-4.20-0309-non-reasoning,sha256:90a9d68e9ce51595c32503e03dc1b1a52e8f3ad85dffeddf1d76b9890602a346,det-v1,1,accepted,2279,50,0.002,0.0029737500,true,false
call-000675,arm12b_cth_llm,cal/f2/s2100005/late_accurate,47,grok-4.20-0309-non-reasoning,sha256:f99794cd83db2e6b6f4c3c5db4eccd11f8dc85591389f9763dbba3aae1560bee,det-v1,1,accepted,2621,50,0.001,0.0034012500,true,false
call-000676,arm8_spec_immediate,cal/f2/s2100005/unreliable,38,grok-4.20-0309-non-reasoning,sha256:604e0d0c0bfbbff83f4ca6fa62e14632db24e9577606def36c0d695925facbb8,det-v1,1,,2279,87,1099.069,0.0030662500,false,true
call-000677,arm8_spec_immediate,cal/f2/s2100005/unreliable,38,grok-4.20-0309-non-reasoning,sha256:604e0d0c0bfbbff83f4ca6fa62e14632db24e9577606def36c0d695925facbb8,det-v1,1,accepted,2279,87,1099.069,0.0030662500,false,false
call-000678,arm8_spec_immediate,cal/f2/s2100005/unreliable,47,grok-4.20-0309-non-reasoning,sha256:8fc25024f379d7e184891cc195f194ec9eb79a61783ff6de1a148e1115e9b403,det-v1,1,,2621,50,835.653,0.0034012500,false,true
call-000679,arm8_spec_immediate,cal/f2/s2100005/unreliable,47,grok-4.20-0309-non-reasoning,sha256:8fc25024f379d7e184891cc195f194ec9eb79a61783ff6de1a148e1115e9b403,det-v1,1,accepted,2621,50,835.653,0.0034012500,false,false
call-000680,arm10_spec_eprocess,cal/f2/s2100005/unreliable,38,grok-4.20-0309-non-reasoning,sha256:604e0d0c0bfbbff83f4ca6fa62e14632db24e9577606def36c0d695925facbb8,det-v1,1,accepted,2279,87,0.002,0.0030662500,true,false
call-000681,arm10_spec_eprocess,cal/f2/s2100005/unreliable,47,grok-4.20-0309-non-reasoning,sha256:30b5f927510741464cba4df3ef6a8996ef2316d6864595469e15ffeb4e096847,det-v1,1,,2621,50,904.432,0.0034012500,false,true
call-000682,arm10_spec_eprocess,cal/f2/s2100005/unreliable,47,grok-4.20-0309-non-reasoning,sha256:30b5f927510741464cba4df3ef6a8996ef2316d6864595469e15ffeb4e096847,det-v1,1,accepted,2621,50,904.432,0.0034012500,false,false
call-000683,arm12_cth,cal/f2/s2100005/unreliable,38,grok-4.20-0309-non-reasoning,sha256:604e0d0c0bfbbff83f4ca6fa62e14632db24e9577606def36c0d695925facbb8,det-v1,1,accepted,2279,87,0.002,0.0030662500,true,false
call-000684,arm12_cth,cal/f2/s2100005/unreliable,47,grok-4.20-0309-non-reasoning,sha256:cf0d9ba560d83402aed3f4592e51b31c3a7bf00bcbfc07784d3e909fe64ae4b6,det-v1,1,,2621,50,967.034,0.0034012500,false,true
call-000685,arm12_cth,cal/f2/s2100005/unreliable,47,grok-4.20-0309-non-reasoning,sha256:cf0d9ba560d83402aed3f4592e51b31c3a7bf00bcbfc07784d3e909fe64ae4b6,det-v1,1,accepted,2621,50,967.034,0.0034012500,false,false
call-000686,arm12b_cth_llm,cal/f2/s2100005/unreliable,38,grok-4.20-0309-non-reasoning,sha256:604e0d0c0bfbbff83f4ca6fa62e14632db24e9577606def36c0d695925facbb8,det-v1,1,accepted,2279,87,0.002,0.0030662500,true,false
call-000687,arm12b_cth_llm,cal/f2/s2100005/unreliable,47,grok-4.20-0309-non-reasoning,sha256:1febfeb1b5d5fb963067456e0787de49aa6c3dbcbca377fd68f1e261892b0fa9,det-v1,1,,2621,50,1024.118,0.0034012500,false,true
call-000688,arm12b_cth_llm,cal/f2/s2100005/unreliable,47,grok-4.20-0309-non-reasoning,sha256:1febfeb1b5d5fb963067456e0787de49aa6c3dbcbca377fd68f1e261892b0fa9,det-v1,1,accepted,2621,50,1024.118,0.0034012500,false,false
call-000689,arm8_spec_immediate,cal/f2/s2100005/no_alert__twin,10,grok-4.20-0309-non-reasoning,sha256:716b3711d3cb04cd4c84a3f442a3052f40bf138994cc307b46b9b7122974e43c,det-v1,1,,1253,86,1048.012,0.0017812500,false,true
call-000690,arm8_spec_immediate,cal/f2/s2100005/no_alert__twin,10,grok-4.20-0309-non-reasoning,sha256:716b3711d3cb04cd4c84a3f442a3052f40bf138994cc307b46b9b7122974e43c,det-v1,1,accepted,1253,86,1048.012,0.0017812500,false,false
call-000691,arm8_spec_immediate,cal/f2/s2100005/no_alert__twin,30,grok-4.20-0309-non-reasoning,sha256:336fd22e92cdb586a7b35ae634d5003b9ba9e07b88846b547b685fac03c07268,det-v1,1,,2013,75,1026.828,0.0027037500,false,true
call-000692,arm8_spec_immediate,cal/f2/s2100005/no_alert__twin,30,grok-4.20-0309-non-reasoning,sha256:336fd22e92cdb586a7b35ae634d5003b9ba9e07b88846b547b685fac03c07268,det-v1,1,accepted,2013,75,1026.828,0.0027037500,false,false
call-000693,arm10_spec_eprocess,cal/f2/s2100005/no_alert__twin,10,grok-4.20-0309-non-reasoning,sha256:716b3711d3cb04cd4c84a3f442a3052f40bf138994cc307b46b9b7122974e43c,det-v1,1,accepted,1253,86,0.001,0.0017812500,true,false
call-000694,arm10_spec_eprocess,cal/f2/s2100005/no_alert__twin,30,grok-4.20-0309-non-reasoning,sha256:962b1a83cf3983f4fbe2875b438476466a25b2768bc39ddf90e87ba7ab29240c,det-v1,1,,2013,87,1036.920,0.0027337500,false,true
call-000695,arm10_spec_eprocess,cal/f2/s2100005/no_alert__twin,30,grok-4.20-0309-non-reasoning,sha256:962b1a83cf3983f4fbe2875b438476466a25b2768bc39ddf90e87ba7ab29240c,det-v1,1,accepted,2013,87,1036.920,0.0027337500,false,false
call-000696,arm12_cth,cal/f2/s2100005/no_alert__twin,10,grok-4.20-0309-non-reasoning,sha256:716b3711d3cb04cd4c84a3f442a3052f40bf138994cc307b46b9b7122974e43c,det-v1,1,accepted,1253,86,0.002,0.0017812500,true,false
call-000697,arm12_cth,cal/f2/s2100005/no_alert__twin,30,grok-4.20-0309-non-reasoning,sha256:94d3f853ac83f4ea681d47bc58d3417a0651e18324220617cf0d33087b5004d5,det-v1,1,,2013,87,1110.083,0.0027337500,false,true
call-000698,arm12_cth,cal/f2/s2100005/no_alert__twin,30,grok-4.20-0309-non-reasoning,sha256:94d3f853ac83f4ea681d47bc58d3417a0651e18324220617cf0d33087b5004d5,det-v1,1,accepted,2013,87,1110.083,0.0027337500,false,false
call-000699,arm12b_cth_llm,cal/f2/s2100005/no_alert__twin,10,grok-4.20-0309-non-reasoning,sha256:716b3711d3cb04cd4c84a3f442a3052f40bf138994cc307b46b9b7122974e43c,det-v1,1,accepted,1253,86,0.002,0.0017812500,true,false
call-000700,arm12b_cth_llm,cal/f2/s2100005/no_alert__twin,30,grok-4.20-0309-non-reasoning,sha256:aca0556d57187ae6606208aaa0be14c7b10c30e83595c6bdca4076b697a984a0,det-v1,1,,2013,87,1062.983,0.0027337500,false,true
call-000701,arm12b_cth_llm,cal/f2/s2100005/no_alert__twin,30,grok-4.20-0309-non-reasoning,sha256:aca0556d57187ae6606208aaa0be14c7b10c30e83595c6bdca4076b697a984a0,det-v1,1,accepted,2013,87,1062.983,0.0027337500,false,false
call-000702,arm8_spec_immediate,dev/f2/s2100006/no_alert,31,grok-4.20-0309-non-reasoning,sha256:cb85b67899676f35ed4c90f798e2fca6a50f6d4d795b3e456b0783c274ac116f,det-v1,1,,2013,79,1094.034,0.0027137500,false,true
call-000703,arm8_spec_immediate,dev/f2/s2100006/no_alert,31,grok-4.20-0309-non-reasoning,sha256:cb85b67899676f35ed4c90f798e2fca6a50f6d4d795b3e456b0783c274ac116f,det-v1,1,accepted,2013,79,1094.034,0.0027137500,false,false
call-000704,arm8_spec_immediate,dev/f2/s2100006/no_alert,42,grok-4.20-0309-non-reasoning,sha256:5bd700444e66424b053a72756f9562d2445ab719049119aef38b5cd1b5cba5ff,det-v1,1,,2431,83,1066.926,0.0032462500,false,true
call-000705,arm8_spec_immediate,dev/f2/s2100006/no_alert,42,grok-4.20-0309-non-reasoning,sha256:5bd700444e66424b053a72756f9562d2445ab719049119aef38b5cd1b5cba5ff,det-v1,1,accepted,2431,83,1066.926,0.0032462500,false,false
call-000706,arm10_spec_eprocess,dev/f2/s2100006/no_alert,31,grok-4.20-0309-non-reasoning,sha256:cb85b67899676f35ed4c90f798e2fca6a50f6d4d795b3e456b0783c274ac116f,det-v1,1,accepted,2013,79,0.002,0.0027137500,true,false
call-000707,arm10_spec_eprocess,dev/f2/s2100006/no_alert,42,grok-4.20-0309-non-reasoning,sha256:180f7694e69dfbd8f8d9e7a511541e90b7f0a48c333ffc02767c2f6059046605,det-v1,1,,2431,50,865.092,0.0031637500,false,true
call-000708,arm10_spec_eprocess,dev/f2/s2100006/no_alert,42,grok-4.20-0309-non-reasoning,sha256:180f7694e69dfbd8f8d9e7a511541e90b7f0a48c333ffc02767c2f6059046605,det-v1,1,accepted,2431,50,865.092,0.0031637500,false,false
call-000709,arm12_cth,dev/f2/s2100006/no_alert,31,grok-4.20-0309-non-reasoning,sha256:cb85b67899676f35ed4c90f798e2fca6a50f6d4d795b3e456b0783c274ac116f,det-v1,1,accepted,2013,79,0.002,0.0027137500,true,false
call-000710,arm12_cth,dev/f2/s2100006/no_alert,42,grok-4.20-0309-non-reasoning,sha256:4404b7fc31ddb68451568b40cf5e4d71c5c994cbbb3f39bc8753d976448249f0,det-v1,1,,2431,87,1164.019,0.0032562500,false,true
call-000711,arm12_cth,dev/f2/s2100006/no_alert,42,grok-4.20-0309-non-reasoning,sha256:4404b7fc31ddb68451568b40cf5e4d71c5c994cbbb3f39bc8753d976448249f0,det-v1,1,accepted,2431,87,1164.019,0.0032562500,false,false
call-000712,arm12b_cth_llm,dev/f2/s2100006/no_alert,31,grok-4.20-0309-non-reasoning,sha256:cb85b67899676f35ed4c90f798e2fca6a50f6d4d795b3e456b0783c274ac116f,det-v1,1,accepted,2013,79,0.002,0.0027137500,true,false
call-000713,arm12b_cth_llm,dev/f2/s2100006/no_alert,42,grok-4.20-0309-non-reasoning,sha256:f6c0c2c950f70dd42e7e7e8aa555afd81edd426727c4da24cd8fc45840717fd1,det-v1,1,,2431,50,840.911,0.0031637500,false,true
call-000714,arm12b_cth_llm,dev/f2/s2100006/no_alert,42,grok-4.20-0309-non-reasoning,sha256:f6c0c2c950f70dd42e7e7e8aa555afd81edd426727c4da24cd8fc45840717fd1,det-v1,1,accepted,2431,50,840.911,0.0031637500,false,false
call-000715,arm8_spec_immediate,dev/f2/s2100006/early_accurate,31,grok-4.20-0309-non-reasoning,sha256:77aea5c6d1f7aa2f99c5f9626012618184e603e50592042d7b61bba1a9baa29d,det-v1,1,,2013,79,1042.128,0.0027137500,false,true
call-000716,arm8_spec_immediate,dev/f2/s2100006/early_accurate,31,grok-4.20-0309-non-reasoning,sha256:77aea5c6d1f7aa2f99c5f9626012618184e603e50592042d7b61bba1a9baa29d,det-v1,1,accepted,2013,79,1042.128,0.0027137500,false,false
call-000717,arm8_spec_immediate,dev/f2/s2100006/early_accurate,42,grok-4.20-0309-non-reasoning,sha256:389e1200a7aa8f5ee6a3ba779ae0cb3b1fce16a60cea68d038e2b85d7ac6a1dd,det-v1,1,,2431,75,1204.434,0.0032262500,false,true
call-000718,arm8_spec_immediate,dev/f2/s2100006/early_accurate,42,grok-4.20-0309-non-reasoning,sha256:389e1200a7aa8f5ee6a3ba779ae0cb3b1fce16a60cea68d038e2b85d7ac6a1dd,det-v1,1,accepted,2431,75,1204.434,0.0032262500,false,false
call-000719,arm10_spec_eprocess,dev/f2/s2100006/early_accurate,31,grok-4.20-0309-non-reasoning,sha256:77aea5c6d1f7aa2f99c5f9626012618184e603e50592042d7b61bba1a9baa29d,det-v1,1,accepted,2013,79,0.002,0.0027137500,true,false
call-000720,arm10_spec_eprocess,dev/f2/s2100006/early_accurate,42,grok-4.20-0309-non-reasoning,sha256:328abf60811badc39155b873ec29901f469aab720fab97c1751ceff69320b240,det-v1,1,,2431,50,726.323,0.0031637500,false,true
call-000721,arm10_spec_eprocess,dev/f2/s2100006/early_accurate,42,grok-4.20-0309-non-reasoning,sha256:328abf60811badc39155b873ec29901f469aab720fab97c1751ceff69320b240,det-v1,1,accepted,2431,50,726.323,0.0031637500,false,false
call-000722,arm12_cth,dev/f2/s2100006/early_accurate,31,grok-4.20-0309-non-reasoning,sha256:77aea5c6d1f7aa2f99c5f9626012618184e603e50592042d7b61bba1a9baa29d,det-v1,1,accepted,2013,79,0.002,0.0027137500,true,false
call-000723,arm12_cth,dev/f2/s2100006/early_accurate,42,grok-4.20-0309-non-reasoning,sha256:0759c0302c3cd50fce07f9f998e212669b45e140acf74effe9d336f7a80a682a,det-v1,1,,2431,50,850.237,0.0031637500,false,true
call-000724,arm12_cth,dev/f2/s2100006/early_accurate,42,grok-4.20-0309-non-reasoning,sha256:0759c0302c3cd50fce07f9f998e212669b45e140acf74effe9d336f7a80a682a,det-v1,1,accepted,2431,50,850.237,0.0031637500,false,false
call-000725,arm12b_cth_llm,dev/f2/s2100006/early_accurate,31,grok-4.20-0309-non-reasoning,sha256:77aea5c6d1f7aa2f99c5f9626012618184e603e50592042d7b61bba1a9baa29d,det-v1,1,accepted,2013,79,0.002,0.0027137500,true,false
call-000726,arm12b_cth_llm,dev/f2/s2100006/early_accurate,42,grok-4.20-0309-non-reasoning,sha256:1054b5d9a524259e931157091f2f3756083a413abd57e5c5e417cf6ab167e195,det-v1,1,,2431,50,913.938,0.0031637500,false,true
call-000727,arm12b_cth_llm,dev/f2/s2100006/early_accurate,42,grok-4.20-0309-non-reasoning,sha256:1054b5d9a524259e931157091f2f3756083a413abd57e5c5e417cf6ab167e195,det-v1,1,accepted,2431,50,913.938,0.0031637500,false,false
call-000728,arm8_spec_immediate,dev/f2/s2100006/late_accurate,31,grok-4.20-0309-non-reasoning,sha256:d4fd77f1fc28e12199cc7fa1deb27ce2b6d0949704202d7bce5ac12edb2a0c41,det-v1,1,,2013,78,1058.332,0.0027112500,false,true
call-000729,arm8_spec_immediate,dev/f2/s2100006/late_accurate,31,grok-4.20-0309-non-reasoning,sha256:d4fd77f1fc28e12199cc7fa1deb27ce2b6d0949704202d7bce5ac12edb2a0c41,det-v1,1,accepted,2013,78,1058.332,0.0027112500,false,false
call-000730,arm8_spec_immediate,dev/f2/s2100006/late_accurate,42,grok-4.20-0309-non-reasoning,sha256:66fb2b7fc5d57b8704c310668280211c517520e020a9afbbd6ba72d6df044130,det-v1,1,,2431,50,866.255,0.0031637500,false,true
call-000731,arm8_spec_immediate,dev/f2/s2100006/late_accurate,42,grok-4.20-0309-non-reasoning,sha256:66fb2b7fc5d57b8704c310668280211c517520e020a9afbbd6ba72d6df044130,det-v1,1,accepted,2431,50,866.255,0.0031637500,false,false
call-000732,arm10_spec_eprocess,dev/f2/s2100006/late_accurate,31,grok-4.20-0309-non-reasoning,sha256:d4fd77f1fc28e12199cc7fa1deb27ce2b6d0949704202d7bce5ac12edb2a0c41,det-v1,1,accepted,2013,78,0.002,0.0027112500,true,false
call-000733,arm10_spec_eprocess,dev/f2/s2100006/late_accurate,42,grok-4.20-0309-non-reasoning,sha256:6c29e5984ba4aaf484fb84aea12c661731a5f09b52f0cae55c123d0e15c47502,det-v1,1,,2431,87,1033.507,0.0032562500,false,true
call-000734,arm10_spec_eprocess,dev/f2/s2100006/late_accurate,42,grok-4.20-0309-non-reasoning,sha256:6c29e5984ba4aaf484fb84aea12c661731a5f09b52f0cae55c123d0e15c47502,det-v1,1,accepted,2431,87,1033.507,0.0032562500,false,false
call-000735,arm12_cth,dev/f2/s2100006/late_accurate,31,grok-4.20-0309-non-reasoning,sha256:d4fd77f1fc28e12199cc7fa1deb27ce2b6d0949704202d7bce5ac12edb2a0c41,det-v1,1,accepted,2013,78,0.002,0.0027112500,true,false
call-000736,arm12_cth,dev/f2/s2100006/late_accurate,42,grok-4.20-0309-non-reasoning,sha256:c0642de35395be3f3ad0c95ced13cc424d531145c52d4cd8df4363eb46129fb1,det-v1,1,,2431,91,1059.418,0.0032662500,false,true
call-000737,arm12_cth,dev/f2/s2100006/late_accurate,42,grok-4.20-0309-non-reasoning,sha256:c0642de35395be3f3ad0c95ced13cc424d531145c52d4cd8df4363eb46129fb1,det-v1,1,accepted,2431,91,1059.418,0.0032662500,false,false
call-000738,arm12b_cth_llm,dev/f2/s2100006/late_accurate,31,grok-4.20-0309-non-reasoning,sha256:d4fd77f1fc28e12199cc7fa1deb27ce2b6d0949704202d7bce5ac12edb2a0c41,det-v1,1,accepted,2013,78,0.002,0.0027112500,true,false
call-000739,arm12b_cth_llm,dev/f2/s2100006/late_accurate,42,grok-4.20-0309-non-reasoning,sha256:5b00d4e6192665cc940aa74ba3ad4f64d1449a5db14d7370bc568a8d1d93f10f,det-v1,1,,2431,50,892.245,0.0031637500,false,true
call-000740,arm12b_cth_llm,dev/f2/s2100006/late_accurate,42,grok-4.20-0309-non-reasoning,sha256:5b00d4e6192665cc940aa74ba3ad4f64d1449a5db14d7370bc568a8d1d93f10f,det-v1,1,accepted,2431,50,892.245,0.0031637500,false,false
call-000741,arm8_spec_immediate,dev/f2/s2100006/unreliable,31,grok-4.20-0309-non-reasoning,sha256:a79d6f8bf4ec93b4b5126f2e079893d6e9b15018cb2b6f040b397c3b87d0656d,det-v1,1,,2013,50,821.341,0.0026412500,false,true
call-000742,arm8_spec_immediate,dev/f2/s2100006/unreliable,31,grok-4.20-0309-non-reasoning,sha256:a79d6f8bf4ec93b4b5126f2e079893d6e9b15018cb2b6f040b397c3b87d0656d,det-v1,1,accepted,2013,50,821.341,0.0026412500,false,false
call-000743,arm8_spec_immediate,dev/f2/s2100006/unreliable,42,grok-4.20-0309-non-reasoning,sha256:a77077d2de45758a975b7b57f8753f833931a7a2b734d7215881550f1e8d0e44,det-v1,1,,2431,87,1112.216,0.0032562500,false,true
call-000744,arm8_spec_immediate,dev/f2/s2100006/unreliable,42,grok-4.20-0309-non-reasoning,sha256:a77077d2de45758a975b7b57f8753f833931a7a2b734d7215881550f1e8d0e44,det-v1,1,accepted,2431,87,1112.216,0.0032562500,false,false
call-000745,arm10_spec_eprocess,dev/f2/s2100006/unreliable,31,grok-4.20-0309-non-reasoning,sha256:a79d6f8bf4ec93b4b5126f2e079893d6e9b15018cb2b6f040b397c3b87d0656d,det-v1,1,accepted,2013,50,0.002,0.0026412500,true,false
call-000746,arm10_spec_eprocess,dev/f2/s2100006/unreliable,42,grok-4.20-0309-non-reasoning,sha256:a77077d2de45758a975b7b57f8753f833931a7a2b734d7215881550f1e8d0e44,det-v1,1,accepted,2431,87,0.001,0.0032562500,true,false
call-000747,arm12_cth,dev/f2/s2100006/unreliable,31,grok-4.20-0309-non-reasoning,sha256:a79d6f8bf4ec93b4b5126f2e079893d6e9b15018cb2b6f040b397c3b87d0656d,det-v1,1,accepted,2013,50,0.002,0.0026412500,true,false
call-000748,arm12_cth,dev/f2/s2100006/unreliable,42,grok-4.20-0309-non-reasoning,sha256:2868e910b31080fc6c0afb57b1499eeb1d91acb1a8092fc5ecba523b385089cc,det-v1,1,,2431,50,875.555,0.0031637500,false,true
call-000749,arm12_cth,dev/f2/s2100006/unreliable,42,grok-4.20-0309-non-reasoning,sha256:2868e910b31080fc6c0afb57b1499eeb1d91acb1a8092fc5ecba523b385089cc,det-v1,1,accepted,2431,50,875.555,0.0031637500,false,false
call-000750,arm12b_cth_llm,dev/f2/s2100006/unreliable,31,grok-4.20-0309-non-reasoning,sha256:a79d6f8bf4ec93b4b5126f2e079893d6e9b15018cb2b6f040b397c3b87d0656d,det-v1,1,accepted,2013,50,0.002,0.0026412500,true,false
call-000751,arm12b_cth_llm,dev/f2/s2100006/unreliable,42,grok-4.20-0309-non-reasoning,sha256:a77077d2de45758a975b7b57f8753f833931a7a2b734d7215881550f1e8d0e44,det-v1,1,accepted,2431,87,0.001,0.0032562500,true,false
call-000752,arm8_spec_immediate,dev/f2/s2100006/no_alert__twin,10,grok-4.20-0309-non-reasoning,sha256:bf19aa96465031241eedeb53fd1c1bf441877a6e33d49e1436133596eee7aa87,det-v1,1,,1253,59,831.110,0.0017137500,false,true
call-000753,arm8_spec_immediate,dev/f2/s2100006/no_alert__twin,10,grok-4.20-0309-non-reasoning,sha256:bf19aa96465031241eedeb53fd1c1bf441877a6e33d49e1436133596eee7aa87,det-v1,1,accepted,1253,59,831.110,0.0017137500,false,false
call-000754,arm10_spec_eprocess,dev/f2/s2100006/no_alert__twin,10,grok-4.20-0309-non-reasoning,sha256:bf19aa96465031241eedeb53fd1c1bf441877a6e33d49e1436133596eee7aa87,det-v1,1,accepted,1253,59,0.002,0.0017137500,true,false
call-000755,arm12_cth,dev/f2/s2100006/no_alert__twin,10,grok-4.20-0309-non-reasoning,sha256:bf19aa96465031241eedeb53fd1c1bf441877a6e33d49e1436133596eee7aa87,det-v1,1,accepted,1253,59,0.002,0.0017137500,true,false
call-000756,arm12b_cth_llm,dev/f2/s2100006/no_alert__twin,10,grok-4.20-0309-non-reasoning,sha256:bf19aa96465031241eedeb53fd1c1bf441877a6e33d49e1436133596eee7aa87,det-v1,1,accepted,1253,59,0.002,0.0017137500,true,false
call-000757,arm8_spec_immediate,cal/f2/s2100007/no_alert,24,grok-4.20-0309-non-reasoning,sha256:bce21c33d6a697407b739fc6f77ea440ab20289773eed8f77a756415c03fb677,det-v1,1,,1747,50,924.110,0.0023087500,false,true
call-000758,arm8_spec_immediate,cal/f2/s2100007/no_alert,24,grok-4.20-0309-non-reasoning,sha256:bce21c33d6a697407b739fc6f77ea440ab20289773eed8f77a756415c03fb677,det-v1,1,accepted,1747,50,924.110,0.0023087500,false,false
call-000759,arm8_spec_immediate,cal/f2/s2100007/no_alert,34,grok-4.20-0309-non-reasoning,sha256:f367141135a9b3571e5e0a2865882c665dd04559bbc56971f6f8b7199ddf9a2b,det-v1,1,,2127,50,838.439,0.0027837500,false,true
call-000760,arm8_spec_immediate,cal/f2/s2100007/no_alert,34,grok-4.20-0309-non-reasoning,sha256:f367141135a9b3571e5e0a2865882c665dd04559bbc56971f6f8b7199ddf9a2b,det-v1,1,accepted,2127,50,838.439,0.0027837500,false,false
call-000761,arm10_spec_eprocess,cal/f2/s2100007/no_alert,24,grok-4.20-0309-non-reasoning,sha256:bce21c33d6a697407b739fc6f77ea440ab20289773eed8f77a756415c03fb677,det-v1,1,accepted,1747,50,0.001,0.0023087500,true,false
call-000762,arm10_spec_eprocess,cal/f2/s2100007/no_alert,34,grok-4.20-0309-non-reasoning,sha256:f367141135a9b3571e5e0a2865882c665dd04559bbc56971f6f8b7199ddf9a2b,det-v1,1,accepted,2127,50,0.002,0.0027837500,true,false
call-000763,arm12_cth,cal/f2/s2100007/no_alert,24,grok-4.20-0309-non-reasoning,sha256:bce21c33d6a697407b739fc6f77ea440ab20289773eed8f77a756415c03fb677,det-v1,1,accepted,1747,50,0.002,0.0023087500,true,false
call-000764,arm12_cth,cal/f2/s2100007/no_alert,34,grok-4.20-0309-non-reasoning,sha256:d644382b58240c3e4a4f509f84f3b6435f81584be540faed55c2026e6052f2a0,det-v1,1,,2127,50,818.291,0.0027837500,false,true
call-000765,arm12_cth,cal/f2/s2100007/no_alert,34,grok-4.20-0309-non-reasoning,sha256:d644382b58240c3e4a4f509f84f3b6435f81584be540faed55c2026e6052f2a0,det-v1,1,accepted,2127,50,818.291,0.0027837500,false,false
call-000766,arm12b_cth_llm,cal/f2/s2100007/no_alert,24,grok-4.20-0309-non-reasoning,sha256:bce21c33d6a697407b739fc6f77ea440ab20289773eed8f77a756415c03fb677,det-v1,1,accepted,1747,50,0.002,0.0023087500,true,false
call-000767,arm12b_cth_llm,cal/f2/s2100007/no_alert,34,grok-4.20-0309-non-reasoning,sha256:f367141135a9b3571e5e0a2865882c665dd04559bbc56971f6f8b7199ddf9a2b,det-v1,1,accepted,2127,50,0.002,0.0027837500,true,false
call-000768,arm8_spec_immediate,cal/f2/s2100007/early_accurate,24,grok-4.20-0309-non-reasoning,sha256:edc5ce3e545146ddc60c6ba318e6d94989ba3794b0d67f6e3c4331972a7aa84a,det-v1,1,,1747,76,1024.751,0.0023737500,false,true
call-000769,arm8_spec_immediate,cal/f2/s2100007/early_accurate,24,grok-4.20-0309-non-reasoning,sha256:edc5ce3e545146ddc60c6ba318e6d94989ba3794b0d67f6e3c4331972a7aa84a,det-v1,1,accepted,1747,76,1024.751,0.0023737500,false,false
call-000770,arm8_spec_immediate,cal/f2/s2100007/early_accurate,34,grok-4.20-0309-non-reasoning,sha256:786de871f154be6c32a536d7956efca53ccf503d883b4c5b1d85a99beca5bb61,det-v1,1,,2127,50,860.348,0.0027837500,false,true
call-000771,arm8_spec_immediate,cal/f2/s2100007/early_accurate,34,grok-4.20-0309-non-reasoning,sha256:786de871f154be6c32a536d7956efca53ccf503d883b4c5b1d85a99beca5bb61,det-v1,1,accepted,2127,50,860.348,0.0027837500,false,false
call-000772,arm10_spec_eprocess,cal/f2/s2100007/early_accurate,24,grok-4.20-0309-non-reasoning,sha256:edc5ce3e545146ddc60c6ba318e6d94989ba3794b0d67f6e3c4331972a7aa84a,det-v1,1,accepted,1747,76,0.002,0.0023737500,true,false
call-000773,arm10_spec_eprocess,cal/f2/s2100007/early_accurate,34,grok-4.20-0309-non-reasoning,sha256:786de871f154be6c32a536d7956efca53ccf503d883b4c5b1d85a99beca5bb61,det-v1,1,accepted,2127,50,0.002,0.0027837500,true,false
call-000774,arm12_cth,cal/f2/s2100007/early_accurate,24,grok-4.20-0309-non-reasoning,sha256:edc5ce3e545146ddc60c6ba318e6d94989ba3794b0d67f6e3c4331972a7aa84a,det-v1,1,accepted,1747,76,0.003,0.0023737500,true,false
call-000775,arm12_cth,cal/f2/s2100007/early_accurate,34,grok-4.20-0309-non-reasoning,sha256:fc2f7284d82e2c9da5552df392cdabf01d1e969d57f9a85e780ad3620a7c4cbb,det-v1,1,,2127,50,918.038,0.0027837500,false,true
call-000776,arm12_cth,cal/f2/s2100007/early_accurate,34,grok-4.20-0309-non-reasoning,sha256:fc2f7284d82e2c9da5552df392cdabf01d1e969d57f9a85e780ad3620a7c4cbb,det-v1,1,accepted,2127,50,918.038,0.0027837500,false,false
call-000777,arm12b_cth_llm,cal/f2/s2100007/early_accurate,24,grok-4.20-0309-non-reasoning,sha256:edc5ce3e545146ddc60c6ba318e6d94989ba3794b0d67f6e3c4331972a7aa84a,det-v1,1,accepted,1747,76,0.002,0.0023737500,true,false
call-000778,arm12b_cth_llm,cal/f2/s2100007/early_accurate,34,grok-4.20-0309-non-reasoning,sha256:786de871f154be6c32a536d7956efca53ccf503d883b4c5b1d85a99beca5bb61,det-v1,1,accepted,2127,50,0.002,0.0027837500,true,false
call-000779,arm8_spec_immediate,cal/f2/s2100007/late_accurate,24,grok-4.20-0309-non-reasoning,sha256:c97009761e59a56c013a68ffade9d82d5af4ee11f6ff138483928f06530f9670,det-v1,1,,1747,50,870.012,0.0023087500,false,true
call-000780,arm8_spec_immediate,cal/f2/s2100007/late_accurate,24,grok-4.20-0309-non-reasoning,sha256:c97009761e59a56c013a68ffade9d82d5af4ee11f6ff138483928f06530f9670,det-v1,1,accepted,1747,50,870.012,0.0023087500,false,false
call-000781,arm8_spec_immediate,cal/f2/s2100007/late_accurate,34,grok-4.20-0309-non-reasoning,sha256:641b5a3929a4a8aac49b8f14472f89c22054522f3900e7b739b0802d3418efae,det-v1,1,,2127,50,839.470,0.0027837500,false,true
call-000782,arm8_spec_immediate,cal/f2/s2100007/late_accurate,34,grok-4.20-0309-non-reasoning,sha256:641b5a3929a4a8aac49b8f14472f89c22054522f3900e7b739b0802d3418efae,det-v1,1,accepted,2127,50,839.470,0.0027837500,false,false
call-000783,arm10_spec_eprocess,cal/f2/s2100007/late_accurate,24,grok-4.20-0309-non-reasoning,sha256:c97009761e59a56c013a68ffade9d82d5af4ee11f6ff138483928f06530f9670,det-v1,1,accepted,1747,50,0.002,0.0023087500,true,false
call-000784,arm10_spec_eprocess,cal/f2/s2100007/late_accurate,34,grok-4.20-0309-non-reasoning,sha256:641b5a3929a4a8aac49b8f14472f89c22054522f3900e7b739b0802d3418efae,det-v1,1,accepted,2127,50,0.002,0.0027837500,true,false
call-000785,arm12_cth,cal/f2/s2100007/late_accurate,24,grok-4.20-0309-non-reasoning,sha256:c97009761e59a56c013a68ffade9d82d5af4ee11f6ff138483928f06530f9670,det-v1,1,accepted,1747,50,0.001,0.0023087500,true,false
call-000786,arm12_cth,cal/f2/s2100007/late_accurate,34,grok-4.20-0309-non-reasoning,sha256:05d4c19483e68d96f08ec80bc0cd155f2283406388e8949b45245694a9c66b8c,det-v1,1,,2127,50,889.157,0.0027837500,false,true
call-000787,arm12_cth,cal/f2/s2100007/late_accurate,34,grok-4.20-0309-non-reasoning,sha256:05d4c19483e68d96f08ec80bc0cd155f2283406388e8949b45245694a9c66b8c,det-v1,1,accepted,2127,50,889.157,0.0027837500,false,false
call-000788,arm12b_cth_llm,cal/f2/s2100007/late_accurate,24,grok-4.20-0309-non-reasoning,sha256:c97009761e59a56c013a68ffade9d82d5af4ee11f6ff138483928f06530f9670,det-v1,1,accepted,1747,50,0.002,0.0023087500,true,false
call-000789,arm12b_cth_llm,cal/f2/s2100007/late_accurate,34,grok-4.20-0309-non-reasoning,sha256:641b5a3929a4a8aac49b8f14472f89c22054522f3900e7b739b0802d3418efae,det-v1,1,accepted,2127,50,0.001,0.0027837500,true,false
call-000790,arm8_spec_immediate,cal/f2/s2100007/unreliable,24,grok-4.20-0309-non-reasoning,sha256:89dbc424d60d19b7b2f0ba4e0f0741c819da3330cb43f4d6d33777158c5f4fc1,det-v1,1,,1747,50,869.900,0.0023087500,false,true
call-000791,arm8_spec_immediate,cal/f2/s2100007/unreliable,24,grok-4.20-0309-non-reasoning,sha256:89dbc424d60d19b7b2f0ba4e0f0741c819da3330cb43f4d6d33777158c5f4fc1,det-v1,1,accepted,1747,50,869.900,0.0023087500,false,false
call-000792,arm8_spec_immediate,cal/f2/s2100007/unreliable,34,grok-4.20-0309-non-reasoning,sha256:5bd8bfc01febabb6cabcf141eb098f06fbc1d981e965457a09fa48fa818e72ae,det-v1,1,,2127,50,803.682,0.0027837500,false,true
call-000793,arm8_spec_immediate,cal/f2/s2100007/unreliable,34,grok-4.20-0309-non-reasoning,sha256:5bd8bfc01febabb6cabcf141eb098f06fbc1d981e965457a09fa48fa818e72ae,det-v1,1,accepted,2127,50,803.682,0.0027837500,false,false
call-000794,arm10_spec_eprocess,cal/f2/s2100007/unreliable,24,grok-4.20-0309-non-reasoning,sha256:89dbc424d60d19b7b2f0ba4e0f0741c819da3330cb43f4d6d33777158c5f4fc1,det-v1,1,accepted,1747,50,0.002,0.0023087500,true,false
call-000795,arm10_spec_eprocess,cal/f2/s2100007/unreliable,34,grok-4.20-0309-non-reasoning,sha256:5bd8bfc01febabb6cabcf141eb098f06fbc1d981e965457a09fa48fa818e72ae,det-v1,1,accepted,2127,50,0.002,0.0027837500,true,false
call-000796,arm12_cth,cal/f2/s2100007/unreliable,24,grok-4.20-0309-non-reasoning,sha256:89dbc424d60d19b7b2f0ba4e0f0741c819da3330cb43f4d6d33777158c5f4fc1,det-v1,1,accepted,1747,50,0.002,0.0023087500,true,false
call-000797,arm12_cth,cal/f2/s2100007/unreliable,34,grok-4.20-0309-non-reasoning,sha256:d0c0c451c4ddd29d850ddfc529d92ae8ddafaf97716f917884a1a33c33b8ac5c,det-v1,1,,2127,50,897.072,0.0027837500,false,true
call-000798,arm12_cth,cal/f2/s2100007/unreliable,34,grok-4.20-0309-non-reasoning,sha256:d0c0c451c4ddd29d850ddfc529d92ae8ddafaf97716f917884a1a33c33b8ac5c,det-v1,1,accepted,2127,50,897.072,0.0027837500,false,false
call-000799,arm12b_cth_llm,cal/f2/s2100007/unreliable,24,grok-4.20-0309-non-reasoning,sha256:89dbc424d60d19b7b2f0ba4e0f0741c819da3330cb43f4d6d33777158c5f4fc1,det-v1,1,accepted,1747,50,0.002,0.0023087500,true,false
call-000800,arm12b_cth_llm,cal/f2/s2100007/unreliable,34,grok-4.20-0309-non-reasoning,sha256:5bd8bfc01febabb6cabcf141eb098f06fbc1d981e965457a09fa48fa818e72ae,det-v1,1,accepted,2127,50,0.002,0.0027837500,true,false
call-000801,arm8_spec_immediate,dev/f3/s3100000/early_accurate,19,grok-4.20-0309-non-reasoning,sha256:3e66da288a22b1f1b8b22419869f8a6089f7f2d05215581a08a16bcfd4cf10ba,det-v1,1,,1596,61,998.418,0.0021475000,false,true
call-000802,arm8_spec_immediate,dev/f3/s3100000/early_accurate,19,grok-4.20-0309-non-reasoning,sha256:3e66da288a22b1f1b8b22419869f8a6089f7f2d05215581a08a16bcfd4cf10ba,det-v1,1,accepted,1596,61,998.418,0.0021475000,false,false
call-000803,arm10_spec_eprocess,dev/f3/s3100000/early_accurate,19,grok-4.20-0309-non-reasoning,sha256:3e66da288a22b1f1b8b22419869f8a6089f7f2d05215581a08a16bcfd4cf10ba,det-v1,1,accepted,1596,61,0.001,0.0021475000,true,false
call-000804,arm12_cth,dev/f3/s3100000/early_accurate,19,grok-4.20-0309-non-reasoning,sha256:3e66da288a22b1f1b8b22419869f8a6089f7f2d05215581a08a16bcfd4cf10ba,det-v1,1,accepted,1596,61,0.002,0.0021475000,true,false
call-000805,arm12b_cth_llm,dev/f3/s3100000/early_accurate,19,grok-4.20-0309-non-reasoning,sha256:3e66da288a22b1f1b8b22419869f8a6089f7f2d05215581a08a16bcfd4cf10ba,det-v1,1,accepted,1596,61,0.003,0.0021475000,true,false
call-000806,arm8_spec_immediate,dev/f3/s3100000/late_accurate,22,grok-4.20-0309-non-reasoning,sha256:7de95203f6b93ecbf805e3ee3a00fa69047dea7817c165061a080782f9ebdfae,det-v1,1,,1710,93,1045.906,0.0023700000,false,true
call-000807,arm8_spec_immediate,dev/f3/s3100000/late_accurate,22,grok-4.20-0309-non-reasoning,sha256:7de95203f6b93ecbf805e3ee3a00fa69047dea7817c165061a080782f9ebdfae,det-v1,1,accepted,1710,93,1045.906,0.0023700000,false,false
call-000808,arm10_spec_eprocess,dev/f3/s3100000/late_accurate,22,grok-4.20-0309-non-reasoning,sha256:7de95203f6b93ecbf805e3ee3a00fa69047dea7817c165061a080782f9ebdfae,det-v1,1,accepted,1710,93,0.002,0.0023700000,true,false
call-000809,arm12_cth,dev/f3/s3100000/late_accurate,22,grok-4.20-0309-non-reasoning,sha256:7de95203f6b93ecbf805e3ee3a00fa69047dea7817c165061a080782f9ebdfae,det-v1,1,accepted,1710,93,0.002,0.0023700000,true,false
call-000810,arm12b_cth_llm,dev/f3/s3100000/late_accurate,22,grok-4.20-0309-non-reasoning,sha256:7de95203f6b93ecbf805e3ee3a00fa69047dea7817c165061a080782f9ebdfae,det-v1,1,accepted,1710,93,0.002,0.0023700000,true,false
call-000811,arm8_spec_immediate,dev/f3/s3100000/unreliable,19,grok-4.20-0309-non-reasoning,sha256:5cac50f8f53c28bd55458f6ea79ffab094ef4bfea1b3838e88872d8a6fe24e29,det-v1,1,,1587,50,1117.030,0.0021087500,false,true
call-000812,arm8_spec_immediate,dev/f3/s3100000/unreliable,19,grok-4.20-0309-non-reasoning,sha256:5cac50f8f53c28bd55458f6ea79ffab094ef4bfea1b3838e88872d8a6fe24e29,det-v1,1,accepted,1587,50,1117.030,0.0021087500,false,false
call-000813,arm10_spec_eprocess,dev/f3/s3100000/unreliable,19,grok-4.20-0309-non-reasoning,sha256:5cac50f8f53c28bd55458f6ea79ffab094ef4bfea1b3838e88872d8a6fe24e29,det-v1,1,accepted,1587,50,0.002,0.0021087500,true,false
call-000814,arm12_cth,dev/f3/s3100000/unreliable,19,grok-4.20-0309-non-reasoning,sha256:5cac50f8f53c28bd55458f6ea79ffab094ef4bfea1b3838e88872d8a6fe24e29,det-v1,1,accepted,1587,50,0.002,0.0021087500,true,false
call-000815,arm12b_cth_llm,dev/f3/s3100000/unreliable,19,grok-4.20-0309-non-reasoning,sha256:5cac50f8f53c28bd55458f6ea79ffab094ef4bfea1b3838e88872d8a6fe24e29,det-v1,1,accepted,1587,50,0.002,0.0021087500,true,false
call-000816,arm8_spec_immediate,cal/f3/s3100001/no_alert,20,grok-4.20-0309-non-reasoning,sha256:85ccf0d11be6af712ed09c765f0edd02bcdaceac68db4aaafff360f82d0d2a81,det-v1,1,,1595,62,987.600,0.0021487500,false,true
call-000817,arm8_spec_immediate,cal/f3/s3100001/no_alert,20,grok-4.20-0309-non-reasoning,sha256:85ccf0d11be6af712ed09c765f0edd02bcdaceac68db4aaafff360f82d0d2a81,det-v1,1,accepted,1595,62,987.600,0.0021487500,false,false
call-000818,arm10_spec_eprocess,cal/f3/s3100001/no_alert,20,grok-4.20-0309-non-reasoning,sha256:85ccf0d11be6af712ed09c765f0edd02bcdaceac68db4aaafff360f82d0d2a81,det-v1,1,accepted,1595,62,0.002,0.0021487500,true,false
call-000819,arm12_cth,cal/f3/s3100001/no_alert,20,grok-4.20-0309-non-reasoning,sha256:85ccf0d11be6af712ed09c765f0edd02bcdaceac68db4aaafff360f82d0d2a81,det-v1,1,accepted,1595,62,0.002,0.0021487500,true,false
call-000820,arm12b_cth_llm,cal/f3/s3100001/no_alert,20,grok-4.20-0309-non-reasoning,sha256:85ccf0d11be6af712ed09c765f0edd02bcdaceac68db4aaafff360f82d0d2a81,det-v1,1,accepted,1595,62,0.002,0.0021487500,true,false
call-000821,arm8_spec_immediate,cal/f3/s3100001/early_accurate,17,grok-4.20-0309-non-reasoning,sha256:24ef0e4eea370bbae8bea6ffe9f15815b767ccfd5774ada94eb18670179124a3,det-v1,1,,1517,50,892.032,0.0020212500,false,true
call-000822,arm8_spec_immediate,cal/f3/s3100001/early_accurate,17,grok-4.20-0309-non-reasoning,sha256:24ef0e4eea370bbae8bea6ffe9f15815b767ccfd5774ada94eb18670179124a3,det-v1,1,accepted,1517,50,892.032,0.0020212500,false,false
call-000823,arm10_spec_eprocess,cal/f3/s3100001/early_accurate,17,grok-4.20-0309-non-reasoning,sha256:24ef0e4eea370bbae8bea6ffe9f15815b767ccfd5774ada94eb18670179124a3,det-v1,1,accepted,1517,50,0.002,0.0020212500,true,false
call-000824,arm12_cth,cal/f3/s3100001/early_accurate,17,grok-4.20-0309-non-reasoning,sha256:24ef0e4eea370bbae8bea6ffe9f15815b767ccfd5774ada94eb18670179124a3,det-v1,1,accepted,1517,50,0.001,0.0020212500,true,false
call-000825,arm12b_cth_llm,cal/f3/s3100001/early_accurate,17,grok-4.20-0309-non-reasoning,sha256:24ef0e4eea370bbae8bea6ffe9f15815b767ccfd5774ada94eb18670179124a3,det-v1,1,accepted,1517,50,0.002,0.0020212500,true,false
call-000826,arm8_spec_immediate,cal/f3/s3100001/late_accurate,20,grok-4.20-0309-non-reasoning,sha256:72bab3ee5ec24179f5941c3194cef5e774680d00da19e3fa2d3448e3f3710998,det-v1,1,,1631,68,864.907,0.0022087500,false,true
call-000827,arm8_spec_immediate,cal/f3/s3100001/late_accurate,20,grok-4.20-0309-non-reasoning,sha256:72bab3ee5ec24179f5941c3194cef5e774680d00da19e3fa2d3448e3f3710998,det-v1,1,accepted,1631,68,864.907,0.0022087500,false,false
call-000828,arm10_spec_eprocess,cal/f3/s3100001/late_accurate,20,grok-4.20-0309-non-reasoning,sha256:72bab3ee5ec24179f5941c3194cef5e774680d00da19e3fa2d3448e3f3710998,det-v1,1,accepted,1631,68,0.002,0.0022087500,true,false
call-000829,arm12_cth,cal/f3/s3100001/late_accurate,20,grok-4.20-0309-non-reasoning,sha256:72bab3ee5ec24179f5941c3194cef5e774680d00da19e3fa2d3448e3f3710998,det-v1,1,accepted,1631,68,0.002,0.0022087500,true,false
call-000830,arm12b_cth_llm,cal/f3/s3100001/late_accurate,20,grok-4.20-0309-non-reasoning,sha256:72bab3ee5ec24179f5941c3194cef5e774680d00da19e3fa2d3448e3f3710998,det-v1,1,accepted,1631,68,0.002,0.0022087500,true,false
call-000831,arm8_spec_immediate,cal/f3/s3100001/unreliable,17,grok-4.20-0309-non-reasoning,sha256:382e82a6a3b5805745861a8eca4e7b84a493f4f561e8be8ffa6b447d244884c3,det-v1,1,,1512,59,941.243,0.0020375000,false,true
call-000832,arm8_spec_immediate,cal/f3/s3100001/unreliable,17,grok-4.20-0309-non-reasoning,sha256:382e82a6a3b5805745861a8eca4e7b84a493f4f561e8be8ffa6b447d244884c3,det-v1,1,accepted,1512,59,941.243,0.0020375000,false,false
call-000833,arm10_spec_eprocess,cal/f3/s3100001/unreliable,17,grok-4.20-0309-non-reasoning,sha256:382e82a6a3b5805745861a8eca4e7b84a493f4f561e8be8ffa6b447d244884c3,det-v1,1,accepted,1512,59,0.002,0.0020375000,true,false
call-000834,arm12_cth,cal/f3/s3100001/unreliable,17,grok-4.20-0309-non-reasoning,sha256:382e82a6a3b5805745861a8eca4e7b84a493f4f561e8be8ffa6b447d244884c3,det-v1,1,accepted,1512,59,0.002,0.0020375000,true,false
call-000835,arm12b_cth_llm,cal/f3/s3100001/unreliable,17,grok-4.20-0309-non-reasoning,sha256:382e82a6a3b5805745861a8eca4e7b84a493f4f561e8be8ffa6b447d244884c3,det-v1,1,accepted,1512,59,0.002,0.0020375000,true,false
call-000836,arm8_spec_immediate,cal/f3/s3100001/no_alert__twin,10,grok-4.20-0309-non-reasoning,sha256:3d6a8b6709496d1a23965828ec8568b94dcda0fccd23702ae1899dd594fd0160,det-v1,1,,1254,122,1392.790,0.0018725000,false,true
call-000837,arm8_spec_immediate,cal/f3/s3100001/no_alert__twin,10,grok-4.20-0309-non-reasoning,sha256:3d6a8b6709496d1a23965828ec8568b94dcda0fccd23702ae1899dd594fd0160,det-v1,1,accepted,1254,122,1392.790,0.0018725000,false,false
call-000838,arm10_spec_eprocess,cal/f3/s3100001/no_alert__twin,10,grok-4.20-0309-non-reasoning,sha256:3d6a8b6709496d1a23965828ec8568b94dcda0fccd23702ae1899dd594fd0160,det-v1,1,accepted,1254,122,0.002,0.0018725000,true,false
call-000839,arm12_cth,cal/f3/s3100001/no_alert__twin,10,grok-4.20-0309-non-reasoning,sha256:3d6a8b6709496d1a23965828ec8568b94dcda0fccd23702ae1899dd594fd0160,det-v1,1,accepted,1254,122,0.002,0.0018725000,true,false
call-000840,arm12b_cth_llm,cal/f3/s3100001/no_alert__twin,10,grok-4.20-0309-non-reasoning,sha256:3d6a8b6709496d1a23965828ec8568b94dcda0fccd23702ae1899dd594fd0160,det-v1,1,accepted,1254,122,0.002,0.0018725000,true,false
call-000841,arm8_spec_immediate,dev/f3/s3100002/early_accurate,13,grok-4.20-0309-non-reasoning,sha256:bc6cb7c134a63cf7ef700fea928eb17e1b4ca9a8a24a206eac627645ef31b275,det-v1,1,,1364,89,1183.726,0.0019275000,false,true
call-000842,arm8_spec_immediate,dev/f3/s3100002/early_accurate,13,grok-4.20-0309-non-reasoning,sha256:bc6cb7c134a63cf7ef700fea928eb17e1b4ca9a8a24a206eac627645ef31b275,det-v1,1,accepted,1364,89,1183.726,0.0019275000,false,false
call-000843,arm10_spec_eprocess,dev/f3/s3100002/early_accurate,13,grok-4.20-0309-non-reasoning,sha256:bc6cb7c134a63cf7ef700fea928eb17e1b4ca9a8a24a206eac627645ef31b275,det-v1,1,accepted,1364,89,0.002,0.0019275000,true,false
call-000844,arm12_cth,dev/f3/s3100002/early_accurate,13,grok-4.20-0309-non-reasoning,sha256:bc6cb7c134a63cf7ef700fea928eb17e1b4ca9a8a24a206eac627645ef31b275,det-v1,1,accepted,1364,89,0.002,0.0019275000,true,false
call-000845,arm12b_cth_llm,dev/f3/s3100002/early_accurate,13,grok-4.20-0309-non-reasoning,sha256:bc6cb7c134a63cf7ef700fea928eb17e1b4ca9a8a24a206eac627645ef31b275,det-v1,1,accepted,1364,89,0.002,0.0019275000,true,false
call-000846,arm8_spec_immediate,dev/f3/s3100002/late_accurate,16,grok-4.20-0309-non-reasoning,sha256:c8e48a8f745e9395281a99aab1a03517e092abd70c45d38694050c0e30a14dea,det-v1,1,,1478,89,1163.846,0.0020700000,false,true
call-000847,arm8_spec_immediate,dev/f3/s3100002/late_accurate,16,grok-4.20-0309-non-reasoning,sha256:c8e48a8f745e9395281a99aab1a03517e092abd70c45d38694050c0e30a14dea,det-v1,1,accepted,1478,89,1163.846,0.0020700000,false,false
call-000848,arm10_spec_eprocess,dev/f3/s3100002/late_accurate,16,grok-4.20-0309-non-reasoning,sha256:c8e48a8f745e9395281a99aab1a03517e092abd70c45d38694050c0e30a14dea,det-v1,1,accepted,1478,89,0.002,0.0020700000,true,false
call-000849,arm12_cth,dev/f3/s3100002/late_accurate,16,grok-4.20-0309-non-reasoning,sha256:c8e48a8f745e9395281a99aab1a03517e092abd70c45d38694050c0e30a14dea,det-v1,1,accepted,1478,89,0.002,0.0020700000,true,false
call-000850,arm12b_cth_llm,dev/f3/s3100002/late_accurate,16,grok-4.20-0309-non-reasoning,sha256:c8e48a8f745e9395281a99aab1a03517e092abd70c45d38694050c0e30a14dea,det-v1,1,accepted,1478,89,0.002,0.0020700000,true,false
call-000851,arm8_spec_immediate,dev/f3/s3100002/unreliable,13,grok-4.20-0309-non-reasoning,sha256:8ef02f32db548237ea0535d412ca5d05193ddf57e121180ab8959908b2606ac1,det-v1,1,,1367,87,1100.962,0.0019262500,false,true
call-000852,arm8_spec_immediate,dev/f3/s3100002/unreliable,13,grok-4.20-0309-non-reasoning,sha256:8ef02f32db548237ea0535d412ca5d05193ddf57e121180ab8959908b2606ac1,det-v1,1,accepted,1367,87,1100.962,0.0019262500,false,false
call-000853,arm10_spec_eprocess,dev/f3/s3100002/unreliable,13,grok-4.20-0309-non-reasoning,sha256:8ef02f32db548237ea0535d412ca5d05193ddf57e121180ab8959908b2606ac1,det-v1,1,accepted,1367,87,0.002,0.0019262500,true,false
call-000854,arm12_cth,dev/f3/s3100002/unreliable,13,grok-4.20-0309-non-reasoning,sha256:8ef02f32db548237ea0535d412ca5d05193ddf57e121180ab8959908b2606ac1,det-v1,1,accepted,1367,87,0.002,0.0019262500,true,false
call-000855,arm12b_cth_llm,dev/f3/s3100002/unreliable,13,grok-4.20-0309-non-reasoning,sha256:8ef02f32db548237ea0535d412ca5d05193ddf57e121180ab8959908b2606ac1,det-v1,1,accepted,1367,87,0.002,0.0019262500,true,false
call-000856,arm8_spec_immediate,dev/f3/s3100002/no_alert__twin,10,grok-4.20-0309-non-reasoning,sha256:d8726ccef340c12f847b90bcfbbdc5bcf05fa1edfb158a98f5e89519dfbfda21,det-v1,1,,1253,71,1040.835,0.0017437500,false,true
call-000857,arm8_spec_immediate,dev/f3/s3100002/no_alert__twin,10,grok-4.20-0309-non-reasoning,sha256:d8726ccef340c12f847b90bcfbbdc5bcf05fa1edfb158a98f5e89519dfbfda21,det-v1,1,accepted,1253,71,1040.835,0.0017437500,false,false
call-000858,arm10_spec_eprocess,dev/f3/s3100002/no_alert__twin,10,grok-4.20-0309-non-reasoning,sha256:d8726ccef340c12f847b90bcfbbdc5bcf05fa1edfb158a98f5e89519dfbfda21,det-v1,1,accepted,1253,71,0.002,0.0017437500,true,false
call-000859,arm12_cth,dev/f3/s3100002/no_alert__twin,10,grok-4.20-0309-non-reasoning,sha256:d8726ccef340c12f847b90bcfbbdc5bcf05fa1edfb158a98f5e89519dfbfda21,det-v1,1,accepted,1253,71,0.002,0.0017437500,true,false
call-000860,arm12b_cth_llm,dev/f3/s3100002/no_alert__twin,10,grok-4.20-0309-non-reasoning,sha256:d8726ccef340c12f847b90bcfbbdc5bcf05fa1edfb158a98f5e89519dfbfda21,det-v1,1,accepted,1253,71,0.002,0.0017437500,true,false
call-000861,arm8_spec_immediate,cal/f3/s3100003/early_accurate,15,grok-4.20-0309-non-reasoning,sha256:8db7511084df2972094267382ad70e96c9daa046f855c8f224b1de3f8b016e9f,det-v1,1,,1440,89,1062.405,0.0020225000,false,true
call-000862,arm8_spec_immediate,cal/f3/s3100003/early_accurate,15,grok-4.20-0309-non-reasoning,sha256:8db7511084df2972094267382ad70e96c9daa046f855c8f224b1de3f8b016e9f,det-v1,1,accepted,1440,89,1062.405,0.0020225000,false,false
call-000863,arm10_spec_eprocess,cal/f3/s3100003/early_accurate,15,grok-4.20-0309-non-reasoning,sha256:8db7511084df2972094267382ad70e96c9daa046f855c8f224b1de3f8b016e9f,det-v1,1,accepted,1440,89,0.002,0.0020225000,true,false
call-000864,arm12_cth,cal/f3/s3100003/early_accurate,15,grok-4.20-0309-non-reasoning,sha256:8db7511084df2972094267382ad70e96c9daa046f855c8f224b1de3f8b016e9f,det-v1,1,accepted,1440,89,0.002,0.0020225000,true,false
call-000865,arm12b_cth_llm,cal/f3/s3100003/early_accurate,15,grok-4.20-0309-non-reasoning,sha256:8db7511084df2972094267382ad70e96c9daa046f855c8f224b1de3f8b016e9f,det-v1,1,accepted,1440,89,0.002,0.0020225000,true,false
call-000866,arm8_spec_immediate,cal/f3/s3100003/late_accurate,18,grok-4.20-0309-non-reasoning,sha256:2a804355d35c7ec585913978c2656492a8314d748294317c75934ebb43f98c09,det-v1,1,,1554,60,926.642,0.0020925000,false,true
call-000867,arm8_spec_immediate,cal/f3/s3100003/late_accurate,18,grok-4.20-0309-non-reasoning,sha256:2a804355d35c7ec585913978c2656492a8314d748294317c75934ebb43f98c09,det-v1,1,accepted,1554,60,926.642,0.0020925000,false,false
call-000868,arm10_spec_eprocess,cal/f3/s3100003/late_accurate,18,grok-4.20-0309-non-reasoning,sha256:2a804355d35c7ec585913978c2656492a8314d748294317c75934ebb43f98c09,det-v1,1,accepted,1554,60,0.002,0.0020925000,true,false
call-000869,arm12_cth,cal/f3/s3100003/late_accurate,18,grok-4.20-0309-non-reasoning,sha256:2a804355d35c7ec585913978c2656492a8314d748294317c75934ebb43f98c09,det-v1,1,accepted,1554,60,0.002,0.0020925000,true,false
call-000870,arm12b_cth_llm,cal/f3/s3100003/late_accurate,18,grok-4.20-0309-non-reasoning,sha256:2a804355d35c7ec585913978c2656492a8314d748294317c75934ebb43f98c09,det-v1,1,accepted,1554,60,0.002,0.0020925000,true,false
call-000871,arm8_spec_immediate,cal/f3/s3100003/unreliable,15,grok-4.20-0309-non-reasoning,sha256:82b925de646ce288b6305b5162334fa919f4bb5171253546f65d58aaf02922ad,det-v1,1,,1446,76,976.286,0.0019975000,false,true
call-000872,arm8_spec_immediate,cal/f3/s3100003/unreliable,15,grok-4.20-0309-non-reasoning,sha256:82b925de646ce288b6305b5162334fa919f4bb5171253546f65d58aaf02922ad,det-v1,1,accepted,1446,76,976.286,0.0019975000,false,false
call-000873,arm10_spec_eprocess,cal/f3/s3100003/unreliable,15,grok-4.20-0309-non-reasoning,sha256:82b925de646ce288b6305b5162334fa919f4bb5171253546f65d58aaf02922ad,det-v1,1,accepted,1446,76,0.002,0.0019975000,true,false
call-000874,arm12_cth,cal/f3/s3100003/unreliable,15,grok-4.20-0309-non-reasoning,sha256:82b925de646ce288b6305b5162334fa919f4bb5171253546f65d58aaf02922ad,det-v1,1,accepted,1446,76,0.001,0.0019975000,true,false
call-000875,arm12b_cth_llm,cal/f3/s3100003/unreliable,15,grok-4.20-0309-non-reasoning,sha256:82b925de646ce288b6305b5162334fa919f4bb5171253546f65d58aaf02922ad,det-v1,1,accepted,1446,76,0.002,0.0019975000,true,false
call-000876,arm8_spec_immediate,dev/f3/s3100004/no_alert,25,grok-4.20-0309-non-reasoning,sha256:0421e78fae300a0f436ab0a5f0341bdb37aaf67825dca0ca51b64bf7012b637d,det-v1,1,,1785,92,1143.232,0.0024612500,false,true
call-000877,arm8_spec_immediate,dev/f3/s3100004/no_alert,25,grok-4.20-0309-non-reasoning,sha256:0421e78fae300a0f436ab0a5f0341bdb37aaf67825dca0ca51b64bf7012b637d,det-v1,1,accepted,1785,92,1143.232,0.0024612500,false,false
call-000878,arm10_spec_eprocess,dev/f3/s3100004/no_alert,25,grok-4.20-0309-non-reasoning,sha256:0421e78fae300a0f436ab0a5f0341bdb37aaf67825dca0ca51b64bf7012b637d,det-v1,1,accepted,1785,92,0.002,0.0024612500,true,false
call-000879,arm12_cth,dev/f3/s3100004/no_alert,25,grok-4.20-0309-non-reasoning,sha256:0421e78fae300a0f436ab0a5f0341bdb37aaf67825dca0ca51b64bf7012b637d,det-v1,1,accepted,1785,92,0.002,0.0024612500,true,false
call-000880,arm12b_cth_llm,dev/f3/s3100004/no_alert,25,grok-4.20-0309-non-reasoning,sha256:0421e78fae300a0f436ab0a5f0341bdb37aaf67825dca0ca51b64bf7012b637d,det-v1,1,accepted,1785,92,0.002,0.0024612500,true,false
call-000881,arm8_spec_immediate,dev/f3/s3100004/early_accurate,20,grok-4.20-0309-non-reasoning,sha256:9ba40a212bf60e6c30390ca38bba37e7478cd695a114a2ed94aadfcddeccfb6b,det-v1,1,,1633,60,907.352,0.0021912500,false,true
call-000882,arm8_spec_immediate,dev/f3/s3100004/early_accurate,20,grok-4.20-0309-non-reasoning,sha256:9ba40a212bf60e6c30390ca38bba37e7478cd695a114a2ed94aadfcddeccfb6b,det-v1,1,accepted,1633,60,907.352,0.0021912500,false,false
call-000883,arm8_spec_immediate,dev/f3/s3100004/early_accurate,26,grok-4.20-0309-non-reasoning,sha256:50a608c3d76e7f17bf10eecc4193acceb0d67ddc39d1dda6d2e6b8ba365fe9e4,det-v1,1,,1861,68,911.765,0.0024962500,false,true
call-000884,arm8_spec_immediate,dev/f3/s3100004/early_accurate,26,grok-4.20-0309-non-reasoning,sha256:50a608c3d76e7f17bf10eecc4193acceb0d67ddc39d1dda6d2e6b8ba365fe9e4,det-v1,1,accepted,1861,68,911.765,0.0024962500,false,false
call-000885,arm10_spec_eprocess,dev/f3/s3100004/early_accurate,20,grok-4.20-0309-non-reasoning,sha256:9ba40a212bf60e6c30390ca38bba37e7478cd695a114a2ed94aadfcddeccfb6b,det-v1,1,accepted,1633,60,0.002,0.0021912500,true,false
call-000886,arm10_spec_eprocess,dev/f3/s3100004/early_accurate,26,grok-4.20-0309-non-reasoning,sha256:b06c9e038c12296135cae01ab01437aa7f15c20c70523fd039fcc4bc33f8f599,det-v1,1,,1861,68,973.454,0.0024962500,false,true
call-000887,arm10_spec_eprocess,dev/f3/s3100004/early_accurate,26,grok-4.20-0309-non-reasoning,sha256:b06c9e038c12296135cae01ab01437aa7f15c20c70523fd039fcc4bc33f8f599,det-v1,1,accepted,1861,68,973.454,0.0024962500,false,false
call-000888,arm12_cth,dev/f3/s3100004/early_accurate,20,grok-4.20-0309-non-reasoning,sha256:9ba40a212bf60e6c30390ca38bba37e7478cd695a114a2ed94aadfcddeccfb6b,det-v1,1,accepted,1633,60,0.002,0.0021912500,true,false
call-000889,arm12_cth,dev/f3/s3100004/early_accurate,26,grok-4.20-0309-non-reasoning,sha256:73c69584984c5e2dc816b02b2708135564e16cc62fa90348a68d86d680d445d1,det-v1,1,,1861,68,1069.590,0.0024962500,false,true
call-000890,arm12_cth,dev/f3/s3100004/early_accurate,26,grok-4.20-0309-non-reasoning,sha256:73c69584984c5e2dc816b02b2708135564e16cc62fa90348a68d86d680d445d1,det-v1,1,accepted,1861,68,1069.590,0.0024962500,false,false
call-000891,arm12b_cth_llm,dev/f3/s3100004/early_accurate,20,grok-4.20-0309-non-reasoning,sha256:9ba40a212bf60e6c30390ca38bba37e7478cd695a114a2ed94aadfcddeccfb6b,det-v1,1,accepted,1633,60,0.003,0.0021912500,true,false
call-000892,arm12b_cth_llm,dev/f3/s3100004/early_accurate,26,grok-4.20-0309-non-reasoning,sha256:3255ebc3be1606c1302d97c66cd9ef6991f6b002a45577fe43ceaeead3f61fcb,det-v1,1,,1861,68,941.787,0.0024962500,false,true
call-000893,arm12b_cth_llm,dev/f3/s3100004/early_accurate,26,grok-4.20-0309-non-reasoning,sha256:3255ebc3be1606c1302d97c66cd9ef6991f6b002a45577fe43ceaeead3f61fcb,det-v1,1,accepted,1861,68,941.787,0.0024962500,false,false
call-000894,arm8_spec_immediate,dev/f3/s3100004/late_accurate,23,grok-4.20-0309-non-reasoning,sha256:bcc5bf13df835fc1b9405b47fe5046c65369f1a91010f8f8e21242db83153406,det-v1,1,,1747,64,1083.657,0.0023437500,false,true
call-000895,arm8_spec_immediate,dev/f3/s3100004/late_accurate,23,grok-4.20-0309-non-reasoning,sha256:bcc5bf13df835fc1b9405b47fe5046c65369f1a91010f8f8e21242db83153406,det-v1,1,accepted,1747,64,1083.657,0.0023437500,false,false
call-000896,arm8_spec_immediate,dev/f3/s3100004/late_accurate,31,grok-4.20-0309-non-reasoning,sha256:8fa4e45e9f207b166e6287bfb5e6189dd46c6c3015c3284cf56667682f192b9b,det-v1,1,,2051,68,1011.357,0.0027337500,false,true
call-000897,arm8_spec_immediate,dev/f3/s3100004/late_accurate,31,grok-4.20-0309-non-reasoning,sha256:8fa4e45e9f207b166e6287bfb5e6189dd46c6c3015c3284cf56667682f192b9b,det-v1,1,accepted,2051,68,1011.357,0.0027337500,false,false
call-000898,arm10_spec_eprocess,dev/f3/s3100004/late_accurate,23,grok-4.20-0309-non-reasoning,sha256:bcc5bf13df835fc1b9405b47fe5046c65369f1a91010f8f8e21242db83153406,det-v1,1,accepted,1747,64,0.002,0.0023437500,true,false
call-000899,arm10_spec_eprocess,dev/f3/s3100004/late_accurate,31,grok-4.20-0309-non-reasoning,sha256:fb3cb94366e5221ef3c1a2647a3e4ce314472eb1257b0f1cee2c2ea543dbccb7,det-v1,1,,2051,64,920.197,0.0027237500,false,true
call-000900,arm10_spec_eprocess,dev/f3/s3100004/late_accurate,31,grok-4.20-0309-non-reasoning,sha256:fb3cb94366e5221ef3c1a2647a3e4ce314472eb1257b0f1cee2c2ea543dbccb7,det-v1,1,accepted,2051,64,920.197,0.0027237500,false,false
call-000901,arm12_cth,dev/f3/s3100004/late_accurate,23,grok-4.20-0309-non-reasoning,sha256:bcc5bf13df835fc1b9405b47fe5046c65369f1a91010f8f8e21242db83153406,det-v1,1,accepted,1747,64,0.002,0.0023437500,true,false
call-000902,arm12_cth,dev/f3/s3100004/late_accurate,31,grok-4.20-0309-non-reasoning,sha256:3c2f8294547055f829f147b2f2076959124dbc929d5fdd88e93a6b21da228c75,det-v1,1,,2051,64,955.627,0.0027237500,false,true
call-000903,arm12_cth,dev/f3/s3100004/late_accurate,31,grok-4.20-0309-non-reasoning,sha256:3c2f8294547055f829f147b2f2076959124dbc929d5fdd88e93a6b21da228c75,det-v1,1,accepted,2051,64,955.627,0.0027237500,false,false
call-000904,arm12b_cth_llm,dev/f3/s3100004/late_accurate,23,grok-4.20-0309-non-reasoning,sha256:bcc5bf13df835fc1b9405b47fe5046c65369f1a91010f8f8e21242db83153406,det-v1,1,accepted,1747,64,0.002,0.0023437500,true,false
call-000905,arm12b_cth_llm,dev/f3/s3100004/late_accurate,31,grok-4.20-0309-non-reasoning,sha256:b7797b927335d198c901132c87ee5dc08ace0cbb4012e77a68489606949d4cb0,det-v1,1,,2051,68,1058.071,0.0027337500,false,true
call-000906,arm12b_cth_llm,dev/f3/s3100004/late_accurate,31,grok-4.20-0309-non-reasoning,sha256:b7797b927335d198c901132c87ee5dc08ace0cbb4012e77a68489606949d4cb0,det-v1,1,accepted,2051,68,1058.071,0.0027337500,false,false
call-000907,arm8_spec_immediate,dev/f3/s3100004/unreliable,20,grok-4.20-0309-non-reasoning,sha256:efc20f626c9dd0d20763751d7967db4b95efe0de2b320fb98b71faf8d98dba6f,det-v1,1,,1632,59,1033.981,0.0021875000,false,true
call-000908,arm8_spec_immediate,dev/f3/s3100004/unreliable,20,grok-4.20-0309-non-reasoning,sha256:efc20f626c9dd0d20763751d7967db4b95efe0de2b320fb98b71faf8d98dba6f,det-v1,1,accepted,1632,59,1033.981,0.0021875000,false,false
call-000909,arm8_spec_immediate,dev/f3/s3100004/unreliable,26,grok-4.20-0309-non-reasoning,sha256:c3f3c35aad65fb575be4db2518a6b8e16a13ccf927ac835b576e5bf398e02d6d,det-v1,1,,1860,66,943.301,0.0024900000,false,true
call-000910,arm8_spec_immediate,dev/f3/s3100004/unreliable,26,grok-4.20-0309-non-reasoning,sha256:c3f3c35aad65fb575be4db2518a6b8e16a13ccf927ac835b576e5bf398e02d6d,det-v1,1,accepted,1860,66,943.301,0.0024900000,false,false
call-000911,arm10_spec_eprocess,dev/f3/s3100004/unreliable,20,grok-4.20-0309-non-reasoning,sha256:efc20f626c9dd0d20763751d7967db4b95efe0de2b320fb98b71faf8d98dba6f,det-v1,1,accepted,1632,59,0.002,0.0021875000,true,false
call-000912,arm10_spec_eprocess,dev/f3/s3100004/unreliable,26,grok-4.20-0309-non-reasoning,sha256:85a4d7634947eb6e8f783c677876c6292ac5a646e57a45fa9cd65f362160cd8a,det-v1,1,,1860,66,935.940,0.0024900000,false,true
call-000913,arm10_spec_eprocess,dev/f3/s3100004/unreliable,26,grok-4.20-0309-non-reasoning,sha256:85a4d7634947eb6e8f783c677876c6292ac5a646e57a45fa9cd65f362160cd8a,det-v1,1,accepted,1860,66,935.940,0.0024900000,false,false
call-000914,arm12_cth,dev/f3/s3100004/unreliable,20,grok-4.20-0309-non-reasoning,sha256:efc20f626c9dd0d20763751d7967db4b95efe0de2b320fb98b71faf8d98dba6f,det-v1,1,accepted,1632,59,0.002,0.0021875000,true,false
call-000915,arm12_cth,dev/f3/s3100004/unreliable,26,grok-4.20-0309-non-reasoning,sha256:a9e693a6ff20746e7ac7f19c830494fc0a0f9a2d394ce20e1138213796c067ee,det-v1,1,,1860,66,871.153,0.0024900000,false,true
call-000916,arm12_cth,dev/f3/s3100004/unreliable,26,grok-4.20-0309-non-reasoning,sha256:a9e693a6ff20746e7ac7f19c830494fc0a0f9a2d394ce20e1138213796c067ee,det-v1,1,accepted,1860,66,871.153,0.0024900000,false,false
call-000917,arm12b_cth_llm,dev/f3/s3100004/unreliable,20,grok-4.20-0309-non-reasoning,sha256:efc20f626c9dd0d20763751d7967db4b95efe0de2b320fb98b71faf8d98dba6f,det-v1,1,accepted,1632,59,0.002,0.0021875000,true,false
call-000918,arm12b_cth_llm,dev/f3/s3100004/unreliable,26,grok-4.20-0309-non-reasoning,sha256:5fcd9935b37ee9d35f46479549c011f3d3349ef24af7bf6aca7b40d57ddf4db5,det-v1,1,,1860,66,986.309,0.0024900000,false,true
call-000919,arm12b_cth_llm,dev/f3/s3100004/unreliable,26,grok-4.20-0309-non-reasoning,sha256:5fcd9935b37ee9d35f46479549c011f3d3349ef24af7bf6aca7b40d57ddf4db5,det-v1,1,accepted,1860,66,986.309,0.0024900000,false,false
call-000920,arm8_spec_immediate,cal/f3/s3100005/early_accurate,13,grok-4.20-0309-non-reasoning,sha256:80f9227be4ac7c55eb0bc78716da0421e418fe6e03c96c5f5e895392335ee5a6,det-v1,1,,1359,76,1674.778,0.0018887500,false,true
call-000921,arm8_spec_immediate,cal/f3/s3100005/early_accurate,13,grok-4.20-0309-non-reasoning,sha256:80f9227be4ac7c55eb0bc78716da0421e418fe6e03c96c5f5e895392335ee5a6,det-v1,1,accepted,1359,76,1674.778,0.0018887500,false,false
call-000922,arm10_spec_eprocess,cal/f3/s3100005/early_accurate,13,grok-4.20-0309-non-reasoning,sha256:80f9227be4ac7c55eb0bc78716da0421e418fe6e03c96c5f5e895392335ee5a6,det-v1,1,accepted,1359,76,0.002,0.0018887500,true,false
call-000923,arm12_cth,cal/f3/s3100005/early_accurate,13,grok-4.20-0309-non-reasoning,sha256:80f9227be4ac7c55eb0bc78716da0421e418fe6e03c96c5f5e895392335ee5a6,det-v1,1,accepted,1359,76,0.002,0.0018887500,true,false
call-000924,arm12b_cth_llm,cal/f3/s3100005/early_accurate,13,grok-4.20-0309-non-reasoning,sha256:80f9227be4ac7c55eb0bc78716da0421e418fe6e03c96c5f5e895392335ee5a6,det-v1,1,accepted,1359,76,0.002,0.0018887500,true,false
call-000925,arm8_spec_immediate,cal/f3/s3100005/late_accurate,16,grok-4.20-0309-non-reasoning,sha256:2f1084ef595125097a3f1115f362fafdb617485ef811cc309d98ed0442824538,det-v1,1,,1473,76,1034.240,0.0020312500,false,true
call-000926,arm8_spec_immediate,cal/f3/s3100005/late_accurate,16,grok-4.20-0309-non-reasoning,sha256:2f1084ef595125097a3f1115f362fafdb617485ef811cc309d98ed0442824538,det-v1,1,accepted,1473,76,1034.240,0.0020312500,false,false
call-000927,arm10_spec_eprocess,cal/f3/s3100005/late_accurate,16,grok-4.20-0309-non-reasoning,sha256:2f1084ef595125097a3f1115f362fafdb617485ef811cc309d98ed0442824538,det-v1,1,accepted,1473,76,0.002,0.0020312500,true,false
call-000928,arm12_cth,cal/f3/s3100005/late_accurate,16,grok-4.20-0309-non-reasoning,sha256:2f1084ef595125097a3f1115f362fafdb617485ef811cc309d98ed0442824538,det-v1,1,accepted,1473,76,0.001,0.0020312500,true,false
call-000929,arm12b_cth_llm,cal/f3/s3100005/late_accurate,16,grok-4.20-0309-non-reasoning,sha256:2f1084ef595125097a3f1115f362fafdb617485ef811cc309d98ed0442824538,det-v1,1,accepted,1473,76,0.002,0.0020312500,true,false
call-000930,arm8_spec_immediate,cal/f3/s3100005/unreliable,13,grok-4.20-0309-non-reasoning,sha256:f3047baa4282fbcd7d8fbb185b3ebc1696f64214664f637c0cc80b6e13365afe,det-v1,1,,1368,62,899.074,0.0018650000,false,true
call-000931,arm8_spec_immediate,cal/f3/s3100005/unreliable,13,grok-4.20-0309-non-reasoning,sha256:f3047baa4282fbcd7d8fbb185b3ebc1696f64214664f637c0cc80b6e13365afe,det-v1,1,accepted,1368,62,899.074,0.0018650000,false,false
call-000932,arm10_spec_eprocess,cal/f3/s3100005/unreliable,13,grok-4.20-0309-non-reasoning,sha256:f3047baa4282fbcd7d8fbb185b3ebc1696f64214664f637c0cc80b6e13365afe,det-v1,1,accepted,1368,62,0.002,0.0018650000,true,false
call-000933,arm12_cth,cal/f3/s3100005/unreliable,13,grok-4.20-0309-non-reasoning,sha256:f3047baa4282fbcd7d8fbb185b3ebc1696f64214664f637c0cc80b6e13365afe,det-v1,1,accepted,1368,62,0.002,0.0018650000,true,false
call-000934,arm12b_cth_llm,cal/f3/s3100005/unreliable,13,grok-4.20-0309-non-reasoning,sha256:f3047baa4282fbcd7d8fbb185b3ebc1696f64214664f637c0cc80b6e13365afe,det-v1,1,accepted,1368,62,0.002,0.0018650000,true,false
call-000935,arm8_spec_immediate,cal/f3/s3100005/no_alert__twin,10,grok-4.20-0309-non-reasoning,sha256:bfd887b0ac80fc8a8fdee4de806a440da0a1baa7c2a1416b0aeeaeaef94fc042,det-v1,1,,1259,87,1086.275,0.0017912500,false,true
call-000936,arm8_spec_immediate,cal/f3/s3100005/no_alert__twin,10,grok-4.20-0309-non-reasoning,sha256:bfd887b0ac80fc8a8fdee4de806a440da0a1baa7c2a1416b0aeeaeaef94fc042,det-v1,1,accepted,1259,87,1086.275,0.0017912500,false,false
call-000937,arm10_spec_eprocess,cal/f3/s3100005/no_alert__twin,10,grok-4.20-0309-non-reasoning,sha256:bfd887b0ac80fc8a8fdee4de806a440da0a1baa7c2a1416b0aeeaeaef94fc042,det-v1,1,accepted,1259,87,0.002,0.0017912500,true,false
call-000938,arm12_cth,cal/f3/s3100005/no_alert__twin,10,grok-4.20-0309-non-reasoning,sha256:bfd887b0ac80fc8a8fdee4de806a440da0a1baa7c2a1416b0aeeaeaef94fc042,det-v1,1,accepted,1259,87,0.001,0.0017912500,true,false
call-000939,arm12b_cth_llm,cal/f3/s3100005/no_alert__twin,10,grok-4.20-0309-non-reasoning,sha256:bfd887b0ac80fc8a8fdee4de806a440da0a1baa7c2a1416b0aeeaeaef94fc042,det-v1,1,accepted,1259,87,0.004,0.0017912500,true,false
call-000940,arm8_spec_immediate,dev/f3/s3100006/no_alert,17,grok-4.20-0309-non-reasoning,sha256:1d0fa29c4ccc1a872116634e946d112ad68495b70dbf51f4823cd25825ca6c01,det-v1,1,,1481,58,886.421,0.0019962500,false,true
call-000941,arm8_spec_immediate,dev/f3/s3100006/no_alert,17,grok-4.20-0309-non-reasoning,sha256:1d0fa29c4ccc1a872116634e946d112ad68495b70dbf51f4823cd25825ca6c01,det-v1,1,accepted,1481,58,886.421,0.0019962500,false,false
call-000942,arm10_spec_eprocess,dev/f3/s3100006/no_alert,17,grok-4.20-0309-non-reasoning,sha256:1d0fa29c4ccc1a872116634e946d112ad68495b70dbf51f4823cd25825ca6c01,det-v1,1,accepted,1481,58,0.002,0.0019962500,true,false
call-000943,arm12_cth,dev/f3/s3100006/no_alert,17,grok-4.20-0309-non-reasoning,sha256:1d0fa29c4ccc1a872116634e946d112ad68495b70dbf51f4823cd25825ca6c01,det-v1,1,accepted,1481,58,0.002,0.0019962500,true,false
call-000944,arm12b_cth_llm,dev/f3/s3100006/no_alert,17,grok-4.20-0309-non-reasoning,sha256:1d0fa29c4ccc1a872116634e946d112ad68495b70dbf51f4823cd25825ca6c01,det-v1,1,accepted,1481,58,0.002,0.0019962500,true,false
call-000945,arm8_spec_immediate,dev/f3/s3100006/early_accurate,15,grok-4.20-0309-non-reasoning,sha256:a9e151ca599e789ea2d8d7e003170055d91f0317a5f53d5f08c5f6f042132bf3,det-v1,1,,1444,60,1036.728,0.0019550000,false,true
call-000946,arm8_spec_immediate,dev/f3/s3100006/early_accurate,15,grok-4.20-0309-non-reasoning,sha256:a9e151ca599e789ea2d8d7e003170055d91f0317a5f53d5f08c5f6f042132bf3,det-v1,1,accepted,1444,60,1036.728,0.0019550000,false,false
call-000947,arm10_spec_eprocess,dev/f3/s3100006/early_accurate,15,grok-4.20-0309-non-reasoning,sha256:a9e151ca599e789ea2d8d7e003170055d91f0317a5f53d5f08c5f6f042132bf3,det-v1,1,accepted,1444,60,0.002,0.0019550000,true,false
call-000948,arm12_cth,dev/f3/s3100006/early_accurate,15,grok-4.20-0309-non-reasoning,sha256:a9e151ca599e789ea2d8d7e003170055d91f0317a5f53d5f08c5f6f042132bf3,det-v1,1,accepted,1444,60,0.002,0.0019550000,true,false
call-000949,arm12b_cth_llm,dev/f3/s3100006/early_accurate,15,grok-4.20-0309-non-reasoning,sha256:a9e151ca599e789ea2d8d7e003170055d91f0317a5f53d5f08c5f6f042132bf3,det-v1,1,accepted,1444,60,0.002,0.0019550000,true,false
call-000950,arm8_spec_immediate,dev/f3/s3100006/late_accurate,17,grok-4.20-0309-non-reasoning,sha256:6f971ff23f0f378e346291722229c73ff31ae597b56a3cda89e6cedc2064c9bc,det-v1,1,,1481,86,1022.683,0.0020662500,false,true
call-000951,arm8_spec_immediate,dev/f3/s3100006/late_accurate,17,grok-4.20-0309-non-reasoning,sha256:6f971ff23f0f378e346291722229c73ff31ae597b56a3cda89e6cedc2064c9bc,det-v1,1,accepted,1481,86,1022.683,0.0020662500,false,false
call-000952,arm10_spec_eprocess,dev/f3/s3100006/late_accurate,17,grok-4.20-0309-non-reasoning,sha256:6f971ff23f0f378e346291722229c73ff31ae597b56a3cda89e6cedc2064c9bc,det-v1,1,accepted,1481,86,0.002,0.0020662500,true,false
call-000953,arm12_cth,dev/f3/s3100006/late_accurate,17,grok-4.20-0309-non-reasoning,sha256:6f971ff23f0f378e346291722229c73ff31ae597b56a3cda89e6cedc2064c9bc,det-v1,1,accepted,1481,86,0.002,0.0020662500,true,false
call-000954,arm12b_cth_llm,dev/f3/s3100006/late_accurate,17,grok-4.20-0309-non-reasoning,sha256:6f971ff23f0f378e346291722229c73ff31ae597b56a3cda89e6cedc2064c9bc,det-v1,1,accepted,1481,86,0.002,0.0020662500,true,false
call-000955,arm8_spec_immediate,dev/f3/s3100006/unreliable,15,grok-4.20-0309-non-reasoning,sha256:3c69a8fbd160257e93747c82415f8065e7a8ce1a73d4c2334ce3e734d04268fd,det-v1,1,,1432,50,862.583,0.0019150000,false,true
call-000956,arm8_spec_immediate,dev/f3/s3100006/unreliable,15,grok-4.20-0309-non-reasoning,sha256:3c69a8fbd160257e93747c82415f8065e7a8ce1a73d4c2334ce3e734d04268fd,det-v1,1,accepted,1432,50,862.583,0.0019150000,false,false
call-000957,arm10_spec_eprocess,dev/f3/s3100006/unreliable,15,grok-4.20-0309-non-reasoning,sha256:3c69a8fbd160257e93747c82415f8065e7a8ce1a73d4c2334ce3e734d04268fd,det-v1,1,accepted,1432,50,0.002,0.0019150000,true,false
call-000958,arm12_cth,dev/f3/s3100006/unreliable,15,grok-4.20-0309-non-reasoning,sha256:3c69a8fbd160257e93747c82415f8065e7a8ce1a73d4c2334ce3e734d04268fd,det-v1,1,accepted,1432,50,0.002,0.0019150000,true,false
call-000959,arm12b_cth_llm,dev/f3/s3100006/unreliable,15,grok-4.20-0309-non-reasoning,sha256:3c69a8fbd160257e93747c82415f8065e7a8ce1a73d4c2334ce3e734d04268fd,det-v1,1,accepted,1432,50,0.002,0.0019150000,true,false
call-000960,arm8_spec_immediate,dev/f3/s3100006/no_alert__twin,10,grok-4.20-0309-non-reasoning,sha256:93ffc5120a9914067df2b5c84d1aa0fb92445fc6fd9783814a96dbc1c556e345,det-v1,1,,1253,86,1120.571,0.0017812500,false,true
call-000961,arm8_spec_immediate,dev/f3/s3100006/no_alert__twin,10,grok-4.20-0309-non-reasoning,sha256:93ffc5120a9914067df2b5c84d1aa0fb92445fc6fd9783814a96dbc1c556e345,det-v1,1,accepted,1253,86,1120.571,0.0017812500,false,false
call-000962,arm10_spec_eprocess,dev/f3/s3100006/no_alert__twin,10,grok-4.20-0309-non-reasoning,sha256:93ffc5120a9914067df2b5c84d1aa0fb92445fc6fd9783814a96dbc1c556e345,det-v1,1,accepted,1253,86,0.002,0.0017812500,true,false
call-000963,arm12_cth,dev/f3/s3100006/no_alert__twin,10,grok-4.20-0309-non-reasoning,sha256:93ffc5120a9914067df2b5c84d1aa0fb92445fc6fd9783814a96dbc1c556e345,det-v1,1,accepted,1253,86,0.002,0.0017812500,true,false
call-000964,arm12b_cth_llm,dev/f3/s3100006/no_alert__twin,10,grok-4.20-0309-non-reasoning,sha256:93ffc5120a9914067df2b5c84d1aa0fb92445fc6fd9783814a96dbc1c556e345,det-v1,1,accepted,1253,86,0.002,0.0017812500,true,false
call-000965,arm8_spec_immediate,cal/f3/s3100007/no_alert,24,grok-4.20-0309-non-reasoning,sha256:f521f5f21692b6f0cbd8ac7f8a0cca9914985b8a4fb0e86038d359b34ef4d3e2,det-v1,1,,1747,62,2082.648,0.0023387500,false,true
call-000966,arm8_spec_immediate,cal/f3/s3100007/no_alert,24,grok-4.20-0309-non-reasoning,sha256:f521f5f21692b6f0cbd8ac7f8a0cca9914985b8a4fb0e86038d359b34ef4d3e2,det-v1,1,accepted,1747,62,2082.648,0.0023387500,false,false
call-000967,arm10_spec_eprocess,cal/f3/s3100007/no_alert,24,grok-4.20-0309-non-reasoning,sha256:f521f5f21692b6f0cbd8ac7f8a0cca9914985b8a4fb0e86038d359b34ef4d3e2,det-v1,1,accepted,1747,62,0.002,0.0023387500,true,false
call-000968,arm12_cth,cal/f3/s3100007/no_alert,24,grok-4.20-0309-non-reasoning,sha256:f521f5f21692b6f0cbd8ac7f8a0cca9914985b8a4fb0e86038d359b34ef4d3e2,det-v1,1,accepted,1747,62,0.001,0.0023387500,true,false
call-000969,arm12b_cth_llm,cal/f3/s3100007/no_alert,24,grok-4.20-0309-non-reasoning,sha256:f521f5f21692b6f0cbd8ac7f8a0cca9914985b8a4fb0e86038d359b34ef4d3e2,det-v1,1,accepted,1747,62,0.002,0.0023387500,true,false
call-000970,arm8_spec_immediate,cal/f3/s3100007/early_accurate,21,grok-4.20-0309-non-reasoning,sha256:1d0a9078da85d308c725a45910b9737ac6da5b546387e49b949dd0001171f29b,det-v1,1,,1674,60,1032.450,0.0022425000,false,true
call-000971,arm8_spec_immediate,cal/f3/s3100007/early_accurate,21,grok-4.20-0309-non-reasoning,sha256:1d0a9078da85d308c725a45910b9737ac6da5b546387e49b949dd0001171f29b,det-v1,1,accepted,1674,60,1032.450,0.0022425000,false,false
call-000972,arm8_spec_immediate,cal/f3/s3100007/early_accurate,27,grok-4.20-0309-non-reasoning,sha256:a739a55e63ea0cf226e1eb8a0d9ba4b2b4483f2fb796eab28f0e3fe2e4907090,det-v1,1,,1902,66,1069.410,0.0025425000,false,true
call-000973,arm8_spec_immediate,cal/f3/s3100007/early_accurate,27,grok-4.20-0309-non-reasoning,sha256:a739a55e63ea0cf226e1eb8a0d9ba4b2b4483f2fb796eab28f0e3fe2e4907090,det-v1,1,accepted,1902,66,1069.410,0.0025425000,false,false
call-000974,arm10_spec_eprocess,cal/f3/s3100007/early_accurate,21,grok-4.20-0309-non-reasoning,sha256:1d0a9078da85d308c725a45910b9737ac6da5b546387e49b949dd0001171f29b,det-v1,1,accepted,1674,60,0.001,0.0022425000,true,false
call-000975,arm10_spec_eprocess,cal/f3/s3100007/early_accurate,27,grok-4.20-0309-non-reasoning,sha256:98bbcb6f737aa44eae89641be6e5704406acd0f2c4b26e7762fa913a1725fa96,det-v1,1,,1902,67,1016.338,0.0025450000,false,true
call-000976,arm10_spec_eprocess,cal/f3/s3100007/early_accurate,27,grok-4.20-0309-non-reasoning,sha256:98bbcb6f737aa44eae89641be6e5704406acd0f2c4b26e7762fa913a1725fa96,det-v1,1,accepted,1902,67,1016.338,0.0025450000,false,false
call-000977,arm12_cth,cal/f3/s3100007/early_accurate,21,grok-4.20-0309-non-reasoning,sha256:1d0a9078da85d308c725a45910b9737ac6da5b546387e49b949dd0001171f29b,det-v1,1,accepted,1674,60,0.001,0.0022425000,true,false
call-000978,arm12_cth,cal/f3/s3100007/early_accurate,27,grok-4.20-0309-non-reasoning,sha256:5cf69266a4f0eb92d1d0e3748cebdeab8a6f7bcd1adb38181e572b84864ecb38,det-v1,1,,1902,66,946.549,0.0025425000,false,true
call-000979,arm12_cth,cal/f3/s3100007/early_accurate,27,grok-4.20-0309-non-reasoning,sha256:5cf69266a4f0eb92d1d0e3748cebdeab8a6f7bcd1adb38181e572b84864ecb38,det-v1,1,accepted,1902,66,946.549,0.0025425000,false,false
call-000980,arm12b_cth_llm,cal/f3/s3100007/early_accurate,21,grok-4.20-0309-non-reasoning,sha256:1d0a9078da85d308c725a45910b9737ac6da5b546387e49b949dd0001171f29b,det-v1,1,accepted,1674,60,0.002,0.0022425000,true,false
call-000981,arm12b_cth_llm,cal/f3/s3100007/early_accurate,27,grok-4.20-0309-non-reasoning,sha256:84371869ab8f7978ee205ecc9e386ffc02661855cb1d8420e3347ff8a04b517b,det-v1,1,,1902,66,1009.780,0.0025425000,false,true
call-000982,arm12b_cth_llm,cal/f3/s3100007/early_accurate,27,grok-4.20-0309-non-reasoning,sha256:84371869ab8f7978ee205ecc9e386ffc02661855cb1d8420e3347ff8a04b517b,det-v1,1,accepted,1902,66,1009.780,0.0025425000,false,false
call-000983,arm8_spec_immediate,cal/f3/s3100007/late_accurate,24,grok-4.20-0309-non-reasoning,sha256:e2823164f738fbb0532e4c2d79040704fe0581947df177fb5fb78e8dfe8b7a22,det-v1,1,,1788,67,904.357,0.0024025000,false,true
call-000984,arm8_spec_immediate,cal/f3/s3100007/late_accurate,24,grok-4.20-0309-non-reasoning,sha256:e2823164f738fbb0532e4c2d79040704fe0581947df177fb5fb78e8dfe8b7a22,det-v1,1,accepted,1788,67,904.357,0.0024025000,false,false
call-000985,arm10_spec_eprocess,cal/f3/s3100007/late_accurate,24,grok-4.20-0309-non-reasoning,sha256:e2823164f738fbb0532e4c2d79040704fe0581947df177fb5fb78e8dfe8b7a22,det-v1,1,accepted,1788,67,0.002,0.0024025000,true,false
call-000986,arm12_cth,cal/f3/s3100007/late_accurate,24,grok-4.20-0309-non-reasoning,sha256:e2823164f738fbb0532e4c2d79040704fe0581947df177fb5fb78e8dfe8b7a22,det-v1,1,accepted,1788,67,0.002,0.0024025000,true,false
call-000987,arm12b_cth_llm,cal/f3/s3100007/late_accurate,24,grok-4.20-0309-non-reasoning,sha256:e2823164f738fbb0532e4c2d79040704fe0581947df177fb5fb78e8dfe8b7a22,det-v1,1,accepted,1788,67,0.001,0.0024025000,true,false
call-000988,arm8_spec_immediate,cal/f3/s3100007/unreliable,21,grok-4.20-0309-non-reasoning,sha256:4e9c395a82056bfcaf66c437af7a38ab58b2899c88dcd287276b995e3e9df3b1,det-v1,1,,1679,71,1037.063,0.0022762500,false,true
call-000989,arm8_spec_immediate,cal/f3/s3100007/unreliable,21,grok-4.20-0309-non-reasoning,sha256:4e9c395a82056bfcaf66c437af7a38ab58b2899c88dcd287276b995e3e9df3b1,det-v1,1,accepted,1679,71,1037.063,0.0022762500,false,false
call-000990,arm8_spec_immediate,cal/f3/s3100007/unreliable,27,grok-4.20-0309-non-reasoning,sha256:e8f44a64a1a20fc04d297b8df460dd606af5e078abe6d57d4646b1773db3443a,det-v1,1,,1907,66,992.815,0.0025487500,false,true
call-000991,arm8_spec_immediate,cal/f3/s3100007/unreliable,27,grok-4.20-0309-non-reasoning,sha256:e8f44a64a1a20fc04d297b8df460dd606af5e078abe6d57d4646b1773db3443a,det-v1,1,accepted,1907,66,992.815,0.0025487500,false,false
call-000992,arm10_spec_eprocess,cal/f3/s3100007/unreliable,21,grok-4.20-0309-non-reasoning,sha256:4e9c395a82056bfcaf66c437af7a38ab58b2899c88dcd287276b995e3e9df3b1,det-v1,1,accepted,1679,71,0.002,0.0022762500,true,false
call-000993,arm10_spec_eprocess,cal/f3/s3100007/unreliable,27,grok-4.20-0309-non-reasoning,sha256:0c289f1efdc4a2e7140e266cb1891f9d4f6cc22cfafcbcf39ca3cdee8e8b38e8,det-v1,1,,1907,67,954.989,0.0025512500,false,true
call-000994,arm10_spec_eprocess,cal/f3/s3100007/unreliable,27,grok-4.20-0309-non-reasoning,sha256:0c289f1efdc4a2e7140e266cb1891f9d4f6cc22cfafcbcf39ca3cdee8e8b38e8,det-v1,1,accepted,1907,67,954.989,0.0025512500,false,false
call-000995,arm12_cth,cal/f3/s3100007/unreliable,21,grok-4.20-0309-non-reasoning,sha256:4e9c395a82056bfcaf66c437af7a38ab58b2899c88dcd287276b995e3e9df3b1,det-v1,1,accepted,1679,71,0.001,0.0022762500,true,false
call-000996,arm12_cth,cal/f3/s3100007/unreliable,27,grok-4.20-0309-non-reasoning,sha256:48ba94d6ad9a3981e7ca4a3bdc6462f63691e9a02e45919151636511c0bde532,det-v1,1,,1907,66,967.767,0.0025487500,false,true
call-000997,arm12_cth,cal/f3/s3100007/unreliable,27,grok-4.20-0309-non-reasoning,sha256:48ba94d6ad9a3981e7ca4a3bdc6462f63691e9a02e45919151636511c0bde532,det-v1,1,accepted,1907,66,967.767,0.0025487500,false,false
call-000998,arm12b_cth_llm,cal/f3/s3100007/unreliable,21,grok-4.20-0309-non-reasoning,sha256:4e9c395a82056bfcaf66c437af7a38ab58b2899c88dcd287276b995e3e9df3b1,det-v1,1,accepted,1679,71,0.002,0.0022762500,true,false
call-000999,arm12b_cth_llm,cal/f3/s3100007/unreliable,27,grok-4.20-0309-non-reasoning,sha256:27407eac089f475509382bb85f1327c9a75f4e5cef5965723ca59d9eb838c509,det-v1,1,,1907,66,923.798,0.0025487500,false,true
call-001000,arm12b_cth_llm,cal/f3/s3100007/unreliable,27,grok-4.20-0309-non-reasoning,sha256:27407eac089f475509382bb85f1327c9a75f4e5cef5965723ca59d9eb838c509,det-v1,1,accepted,1907,66,923.798,0.0025487500,false,false
call-001001,arm8_spec_immediate,dev/f4/s4100000/early_accurate,19,grok-4.20-0309-non-reasoning,sha256:95f563a126b6978b5dc7ecef3ed90146b9ef828bb803b8aa5819d7be2f5cc7e8,det-v1,1,accepted,1593,87,0.002,0.0022087500,true,false
call-001002,arm10_spec_eprocess,dev/f4/s4100000/early_accurate,19,grok-4.20-0309-non-reasoning,sha256:95f563a126b6978b5dc7ecef3ed90146b9ef828bb803b8aa5819d7be2f5cc7e8,det-v1,1,accepted,1593,87,0.001,0.0022087500,true,false
call-001003,arm12_cth,dev/f4/s4100000/early_accurate,19,grok-4.20-0309-non-reasoning,sha256:95f563a126b6978b5dc7ecef3ed90146b9ef828bb803b8aa5819d7be2f5cc7e8,det-v1,1,accepted,1593,87,0.001,0.0022087500,true,false
call-001004,arm12b_cth_llm,dev/f4/s4100000/early_accurate,19,grok-4.20-0309-non-reasoning,sha256:95f563a126b6978b5dc7ecef3ed90146b9ef828bb803b8aa5819d7be2f5cc7e8,det-v1,1,accepted,1593,87,0.002,0.0022087500,true,false
call-001005,arm8_spec_immediate,dev/f4/s4100000/late_accurate,22,grok-4.20-0309-non-reasoning,sha256:671107a85f0cba1de6e563902019bb593785a817576227b492f51005928657b4,det-v1,1,,1707,59,883.951,0.0022812500,false,true
call-001006,arm8_spec_immediate,dev/f4/s4100000/late_accurate,22,grok-4.20-0309-non-reasoning,sha256:671107a85f0cba1de6e563902019bb593785a817576227b492f51005928657b4,det-v1,1,accepted,1707,59,883.951,0.0022812500,false,false
call-001007,arm10_spec_eprocess,dev/f4/s4100000/late_accurate,22,grok-4.20-0309-non-reasoning,sha256:671107a85f0cba1de6e563902019bb593785a817576227b492f51005928657b4,det-v1,1,accepted,1707,59,0.002,0.0022812500,true,false
call-001008,arm12_cth,dev/f4/s4100000/late_accurate,22,grok-4.20-0309-non-reasoning,sha256:671107a85f0cba1de6e563902019bb593785a817576227b492f51005928657b4,det-v1,1,accepted,1707,59,0.002,0.0022812500,true,false
call-001009,arm12b_cth_llm,dev/f4/s4100000/late_accurate,22,grok-4.20-0309-non-reasoning,sha256:671107a85f0cba1de6e563902019bb593785a817576227b492f51005928657b4,det-v1,1,accepted,1707,59,0.002,0.0022812500,true,false
call-001010,arm8_spec_immediate,dev/f4/s4100000/unreliable,19,grok-4.20-0309-non-reasoning,sha256:efb6409b621042ae820614dcdce6c58ce5bf11ed30cb1a455e6f8c03601cdb76,det-v1,1,,1581,50,809.183,0.0021012500,false,true
call-001011,arm8_spec_immediate,dev/f4/s4100000/unreliable,19,grok-4.20-0309-non-reasoning,sha256:efb6409b621042ae820614dcdce6c58ce5bf11ed30cb1a455e6f8c03601cdb76,det-v1,1,accepted,1581,50,809.183,0.0021012500,false,false
call-001012,arm10_spec_eprocess,dev/f4/s4100000/unreliable,19,grok-4.20-0309-non-reasoning,sha256:efb6409b621042ae820614dcdce6c58ce5bf11ed30cb1a455e6f8c03601cdb76,det-v1,1,accepted,1581,50,0.002,0.0021012500,true,false
call-001013,arm12_cth,dev/f4/s4100000/unreliable,19,grok-4.20-0309-non-reasoning,sha256:efb6409b621042ae820614dcdce6c58ce5bf11ed30cb1a455e6f8c03601cdb76,det-v1,1,accepted,1581,50,0.001,0.0021012500,true,false
call-001014,arm12b_cth_llm,dev/f4/s4100000/unreliable,19,grok-4.20-0309-non-reasoning,sha256:efb6409b621042ae820614dcdce6c58ce5bf11ed30cb1a455e6f8c03601cdb76,det-v1,1,accepted,1581,50,0.002,0.0021012500,true,false
call-001015,arm8_spec_immediate,cal/f4/s4100001/early_accurate,19,grok-4.20-0309-non-reasoning,sha256:11f764ce4d740119d5d4fcefd9536e947620faa9e559a31af6a2361c2a882a0a,det-v1,1,,1593,50,724.348,0.0021162500,false,true
call-001016,arm8_spec_immediate,cal/f4/s4100001/early_accurate,19,grok-4.20-0309-non-reasoning,sha256:11f764ce4d740119d5d4fcefd9536e947620faa9e559a31af6a2361c2a882a0a,det-v1,1,accepted,1593,50,724.348,0.0021162500,false,false
call-001017,arm10_spec_eprocess,cal/f4/s4100001/early_accurate,19,grok-4.20-0309-non-reasoning,sha256:11f764ce4d740119d5d4fcefd9536e947620faa9e559a31af6a2361c2a882a0a,det-v1,1,accepted,1593,50,0.002,0.0021162500,true,false
call-001018,arm12_cth,cal/f4/s4100001/early_accurate,19,grok-4.20-0309-non-reasoning,sha256:11f764ce4d740119d5d4fcefd9536e947620faa9e559a31af6a2361c2a882a0a,det-v1,1,accepted,1593,50,0.001,0.0021162500,true,false
call-001019,arm12b_cth_llm,cal/f4/s4100001/early_accurate,19,grok-4.20-0309-non-reasoning,sha256:11f764ce4d740119d5d4fcefd9536e947620faa9e559a31af6a2361c2a882a0a,det-v1,1,accepted,1593,50,0.002,0.0021162500,true,false
call-001020,arm8_spec_immediate,cal/f4/s4100001/late_accurate,22,grok-4.20-0309-non-reasoning,sha256:d47b0d721d115c022e9ce0cd951a46a96ddd1a9569a404c9ced4292d905598d4,det-v1,1,,1707,59,875.247,0.0022812500,false,true
call-001021,arm8_spec_immediate,cal/f4/s4100001/late_accurate,22,grok-4.20-0309-non-reasoning,sha256:d47b0d721d115c022e9ce0cd951a46a96ddd1a9569a404c9ced4292d905598d4,det-v1,1,accepted,1707,59,875.247,0.0022812500,false,false
call-001022,arm10_spec_eprocess,cal/f4/s4100001/late_accurate,22,grok-4.20-0309-non-reasoning,sha256:d47b0d721d115c022e9ce0cd951a46a96ddd1a9569a404c9ced4292d905598d4,det-v1,1,accepted,1707,59,0.002,0.0022812500,true,false
call-001023,arm12_cth,cal/f4/s4100001/late_accurate,22,grok-4.20-0309-non-reasoning,sha256:d47b0d721d115c022e9ce0cd951a46a96ddd1a9569a404c9ced4292d905598d4,det-v1,1,accepted,1707,59,0.002,0.0022812500,true,false
call-001024,arm12b_cth_llm,cal/f4/s4100001/late_accurate,22,grok-4.20-0309-non-reasoning,sha256:d47b0d721d115c022e9ce0cd951a46a96ddd1a9569a404c9ced4292d905598d4,det-v1,1,accepted,1707,59,0.002,0.0022812500,true,false
call-001025,arm8_spec_immediate,cal/f4/s4100001/unreliable,19,grok-4.20-0309-non-reasoning,sha256:64775038bca80d95dbe58ec022642a5d893ce85dc6a797a813a6c2b532ce87eb,det-v1,1,,1594,61,1272.292,0.0021450000,false,true
call-001026,arm8_spec_immediate,cal/f4/s4100001/unreliable,19,grok-4.20-0309-non-reasoning,sha256:64775038bca80d95dbe58ec022642a5d893ce85dc6a797a813a6c2b532ce87eb,det-v1,1,accepted,1594,61,1272.292,0.0021450000,false,false
call-001027,arm10_spec_eprocess,cal/f4/s4100001/unreliable,19,grok-4.20-0309-non-reasoning,sha256:64775038bca80d95dbe58ec022642a5d893ce85dc6a797a813a6c2b532ce87eb,det-v1,1,accepted,1594,61,0.006,0.0021450000,true,false
call-001028,arm12_cth,cal/f4/s4100001/unreliable,19,grok-4.20-0309-non-reasoning,sha256:64775038bca80d95dbe58ec022642a5d893ce85dc6a797a813a6c2b532ce87eb,det-v1,1,accepted,1594,61,0.002,0.0021450000,true,false
call-001029,arm12b_cth_llm,cal/f4/s4100001/unreliable,19,grok-4.20-0309-non-reasoning,sha256:64775038bca80d95dbe58ec022642a5d893ce85dc6a797a813a6c2b532ce87eb,det-v1,1,accepted,1594,61,0.002,0.0021450000,true,false
call-001030,arm8_spec_immediate,cal/f4/s4100001/no_alert__twin,10,grok-4.20-0309-non-reasoning,sha256:cb26a96ec15d1938cae7401d725bc4c4fbe021f84bd32e984b7dd2ddccc2cd54,det-v1,1,,1251,50,892.397,0.0016887500,false,true
call-001031,arm8_spec_immediate,cal/f4/s4100001/no_alert__twin,10,grok-4.20-0309-non-reasoning,sha256:cb26a96ec15d1938cae7401d725bc4c4fbe021f84bd32e984b7dd2ddccc2cd54,det-v1,1,accepted,1251,50,892.397,0.0016887500,false,false
call-001032,arm10_spec_eprocess,cal/f4/s4100001/no_alert__twin,10,grok-4.20-0309-non-reasoning,sha256:cb26a96ec15d1938cae7401d725bc4c4fbe021f84bd32e984b7dd2ddccc2cd54,det-v1,1,accepted,1251,50,0.002,0.0016887500,true,false
call-001033,arm12_cth,cal/f4/s4100001/no_alert__twin,10,grok-4.20-0309-non-reasoning,sha256:cb26a96ec15d1938cae7401d725bc4c4fbe021f84bd32e984b7dd2ddccc2cd54,det-v1,1,accepted,1251,50,0.001,0.0016887500,true,false
call-001034,arm12b_cth_llm,cal/f4/s4100001/no_alert__twin,10,grok-4.20-0309-non-reasoning,sha256:cb26a96ec15d1938cae7401d725bc4c4fbe021f84bd32e984b7dd2ddccc2cd54,det-v1,1,accepted,1251,50,0.002,0.0016887500,true,false
call-001035,arm8_spec_immediate,dev/f4/s4100002/no_alert,13,grok-4.20-0309-non-reasoning,sha256:5683e06cf1277e8f924951e1aba7a1cb91e47837244e1c90daf5aeea9be66f94,det-v1,1,,1329,97,1150.175,0.0019037500,false,true
call-001036,arm8_spec_immediate,dev/f4/s4100002/no_alert,13,grok-4.20-0309-non-reasoning,sha256:5683e06cf1277e8f924951e1aba7a1cb91e47837244e1c90daf5aeea9be66f94,det-v1,1,accepted,1329,97,1150.175,0.0019037500,false,false
call-001037,arm10_spec_eprocess,dev/f4/s4100002/no_alert,13,grok-4.20-0309-non-reasoning,sha256:5683e06cf1277e8f924951e1aba7a1cb91e47837244e1c90daf5aeea9be66f94,det-v1,1,accepted,1329,97,0.001,0.0019037500,true,false
call-001038,arm12_cth,dev/f4/s4100002/no_alert,13,grok-4.20-0309-non-reasoning,sha256:5683e06cf1277e8f924951e1aba7a1cb91e47837244e1c90daf5aeea9be66f94,det-v1,1,accepted,1329,97,0.001,0.0019037500,true,false
call-001039,arm12b_cth_llm,dev/f4/s4100002/no_alert,13,grok-4.20-0309-non-reasoning,sha256:5683e06cf1277e8f924951e1aba7a1cb91e47837244e1c90daf5aeea9be66f94,det-v1,1,accepted,1329,97,0.002,0.0019037500,true,false
call-001040,arm8_spec_immediate,dev/f4/s4100002/early_accurate,13,grok-4.20-0309-non-reasoning,sha256:e5a103223ac92877e1b4d4a277a6bf9d7aac9e95103a66c2e7fef7666d4386ca,det-v1,1,,1329,67,919.638,0.0018287500,false,true
call-001041,arm8_spec_immediate,dev/f4/s4100002/early_accurate,13,grok-4.20-0309-non-reasoning,sha256:e5a103223ac92877e1b4d4a277a6bf9d7aac9e95103a66c2e7fef7666d4386ca,det-v1,1,accepted,1329,67,919.638,0.0018287500,false,false
call-001042,arm10_spec_eprocess,dev/f4/s4100002/early_accurate,13,grok-4.20-0309-non-reasoning,sha256:e5a103223ac92877e1b4d4a277a6bf9d7aac9e95103a66c2e7fef7666d4386ca,det-v1,1,accepted,1329,67,0.001,0.0018287500,true,false
call-001043,arm12_cth,dev/f4/s4100002/early_accurate,13,grok-4.20-0309-non-reasoning,sha256:e5a103223ac92877e1b4d4a277a6bf9d7aac9e95103a66c2e7fef7666d4386ca,det-v1,1,accepted,1329,67,0.002,0.0018287500,true,false
call-001044,arm12b_cth_llm,dev/f4/s4100002/early_accurate,13,grok-4.20-0309-non-reasoning,sha256:e5a103223ac92877e1b4d4a277a6bf9d7aac9e95103a66c2e7fef7666d4386ca,det-v1,1,accepted,1329,67,0.002,0.0018287500,true,false
call-001045,arm8_spec_immediate,dev/f4/s4100002/late_accurate,13,grok-4.20-0309-non-reasoning,sha256:b8e3001b4547a36561815a9bd9dbd84a609407a1ab42440a773089a21cf810d9,det-v1,1,,1329,67,914.109,0.0018287500,false,true
call-001046,arm8_spec_immediate,dev/f4/s4100002/late_accurate,13,grok-4.20-0309-non-reasoning,sha256:b8e3001b4547a36561815a9bd9dbd84a609407a1ab42440a773089a21cf810d9,det-v1,1,accepted,1329,67,914.109,0.0018287500,false,false
call-001047,arm10_spec_eprocess,dev/f4/s4100002/late_accurate,13,grok-4.20-0309-non-reasoning,sha256:b8e3001b4547a36561815a9bd9dbd84a609407a1ab42440a773089a21cf810d9,det-v1,1,accepted,1329,67,0.002,0.0018287500,true,false
call-001048,arm12_cth,dev/f4/s4100002/late_accurate,13,grok-4.20-0309-non-reasoning,sha256:b8e3001b4547a36561815a9bd9dbd84a609407a1ab42440a773089a21cf810d9,det-v1,1,accepted,1329,67,0.002,0.0018287500,true,false
call-001049,arm12b_cth_llm,dev/f4/s4100002/late_accurate,13,grok-4.20-0309-non-reasoning,sha256:b8e3001b4547a36561815a9bd9dbd84a609407a1ab42440a773089a21cf810d9,det-v1,1,accepted,1329,67,0.002,0.0018287500,true,false
call-001050,arm8_spec_immediate,dev/f4/s4100002/unreliable,13,grok-4.20-0309-non-reasoning,sha256:c29e6903331409d45e1b1869904d1897e575e8ad7bd8ad093e34443c3c75ecb7,det-v1,1,,1329,67,854.009,0.0018287500,false,true
call-001051,arm8_spec_immediate,dev/f4/s4100002/unreliable,13,grok-4.20-0309-non-reasoning,sha256:c29e6903331409d45e1b1869904d1897e575e8ad7bd8ad093e34443c3c75ecb7,det-v1,1,accepted,1329,67,854.009,0.0018287500,false,false
call-001052,arm10_spec_eprocess,dev/f4/s4100002/unreliable,13,grok-4.20-0309-non-reasoning,sha256:c29e6903331409d45e1b1869904d1897e575e8ad7bd8ad093e34443c3c75ecb7,det-v1,1,accepted,1329,67,0.002,0.0018287500,true,false
call-001053,arm12_cth,dev/f4/s4100002/unreliable,13,grok-4.20-0309-non-reasoning,sha256:c29e6903331409d45e1b1869904d1897e575e8ad7bd8ad093e34443c3c75ecb7,det-v1,1,accepted,1329,67,0.001,0.0018287500,true,false
call-001054,arm12b_cth_llm,dev/f4/s4100002/unreliable,13,grok-4.20-0309-non-reasoning,sha256:c29e6903331409d45e1b1869904d1897e575e8ad7bd8ad093e34443c3c75ecb7,det-v1,1,accepted,1329,67,0.003,0.0018287500,true,false
call-001055,arm8_spec_immediate,dev/f4/s4100002/no_alert__twin,10,grok-4.20-0309-non-reasoning,sha256:7ab2bef9d7f455b88a6fd3afe674edc49786adef5a42c964afe76a5458c75ea3,det-v1,1,,1253,67,1096.591,0.0017337500,false,true
call-001056,arm8_spec_immediate,dev/f4/s4100002/no_alert__twin,10,grok-4.20-0309-non-reasoning,sha256:7ab2bef9d7f455b88a6fd3afe674edc49786adef5a42c964afe76a5458c75ea3,det-v1,1,accepted,1253,67,1096.591,0.0017337500,false,false
call-001057,arm10_spec_eprocess,dev/f4/s4100002/no_alert__twin,10,grok-4.20-0309-non-reasoning,sha256:7ab2bef9d7f455b88a6fd3afe674edc49786adef5a42c964afe76a5458c75ea3,det-v1,1,accepted,1253,67,0.002,0.0017337500,true,false
call-001058,arm12_cth,dev/f4/s4100002/no_alert__twin,10,grok-4.20-0309-non-reasoning,sha256:7ab2bef9d7f455b88a6fd3afe674edc49786adef5a42c964afe76a5458c75ea3,det-v1,1,accepted,1253,67,0.002,0.0017337500,true,false
call-001059,arm12b_cth_llm,dev/f4/s4100002/no_alert__twin,10,grok-4.20-0309-non-reasoning,sha256:7ab2bef9d7f455b88a6fd3afe674edc49786adef5a42c964afe76a5458c75ea3,det-v1,1,accepted,1253,67,0.002,0.0017337500,true,false
call-001060,arm8_spec_immediate,cal/f4/s4100003/early_accurate,18,grok-4.20-0309-non-reasoning,sha256:8a710d25689366a2c5c9ed3dfc3d0152b6bc6962014ec1060027d6ef18d0a978,det-v1,1,,1558,87,1179.622,0.0021650000,false,true
call-001061,arm8_spec_immediate,cal/f4/s4100003/early_accurate,18,grok-4.20-0309-non-reasoning,sha256:8a710d25689366a2c5c9ed3dfc3d0152b6bc6962014ec1060027d6ef18d0a978,det-v1,1,accepted,1558,87,1179.622,0.0021650000,false,false
call-001062,arm10_spec_eprocess,cal/f4/s4100003/early_accurate,18,grok-4.20-0309-non-reasoning,sha256:8a710d25689366a2c5c9ed3dfc3d0152b6bc6962014ec1060027d6ef18d0a978,det-v1,1,accepted,1558,87,0.002,0.0021650000,true,false
call-001063,arm12_cth,cal/f4/s4100003/early_accurate,18,grok-4.20-0309-non-reasoning,sha256:8a710d25689366a2c5c9ed3dfc3d0152b6bc6962014ec1060027d6ef18d0a978,det-v1,1,accepted,1558,87,0.002,0.0021650000,true,false
call-001064,arm12b_cth_llm,cal/f4/s4100003/early_accurate,18,grok-4.20-0309-non-reasoning,sha256:8a710d25689366a2c5c9ed3dfc3d0152b6bc6962014ec1060027d6ef18d0a978,det-v1,1,accepted,1558,87,0.002,0.0021650000,true,false
call-001065,arm8_spec_immediate,cal/f4/s4100003/late_accurate,21,grok-4.20-0309-non-reasoning,sha256:7a7cfdf76b3c6301e4c6173390f128e0b184617654e9fe90b1b2e7ca586722f6,det-v1,1,,1672,59,967.066,0.0022375000,false,true
call-001066,arm8_spec_immediate,cal/f4/s4100003/late_accurate,21,grok-4.20-0309-non-reasoning,sha256:7a7cfdf76b3c6301e4c6173390f128e0b184617654e9fe90b1b2e7ca586722f6,det-v1,1,accepted,1672,59,967.066,0.0022375000,false,false
call-001067,arm10_spec_eprocess,cal/f4/s4100003/late_accurate,21,grok-4.20-0309-non-reasoning,sha256:7a7cfdf76b3c6301e4c6173390f128e0b184617654e9fe90b1b2e7ca586722f6,det-v1,1,accepted,1672,59,0.002,0.0022375000,true,false
call-001068,arm12_cth,cal/f4/s4100003/late_accurate,21,grok-4.20-0309-non-reasoning,sha256:7a7cfdf76b3c6301e4c6173390f128e0b184617654e9fe90b1b2e7ca586722f6,det-v1,1,accepted,1672,59,0.002,0.0022375000,true,false
call-001069,arm12b_cth_llm,cal/f4/s4100003/late_accurate,21,grok-4.20-0309-non-reasoning,sha256:7a7cfdf76b3c6301e4c6173390f128e0b184617654e9fe90b1b2e7ca586722f6,det-v1,1,accepted,1672,59,0.002,0.0022375000,true,false
call-001070,arm8_spec_immediate,cal/f4/s4100003/unreliable,18,grok-4.20-0309-non-reasoning,sha256:8f53f84f8866961dfd9d5d401dce0643ef9dea9302699eb569e45bb3f0c4dcb3,det-v1,1,,1560,50,768.566,0.0020750000,false,true
call-001071,arm8_spec_immediate,cal/f4/s4100003/unreliable,18,grok-4.20-0309-non-reasoning,sha256:8f53f84f8866961dfd9d5d401dce0643ef9dea9302699eb569e45bb3f0c4dcb3,det-v1,1,accepted,1560,50,768.566,0.0020750000,false,false
call-001072,arm10_spec_eprocess,cal/f4/s4100003/unreliable,18,grok-4.20-0309-non-reasoning,sha256:8f53f84f8866961dfd9d5d401dce0643ef9dea9302699eb569e45bb3f0c4dcb3,det-v1,1,accepted,1560,50,0.002,0.0020750000,true,false
call-001073,arm12_cth,cal/f4/s4100003/unreliable,18,grok-4.20-0309-non-reasoning,sha256:8f53f84f8866961dfd9d5d401dce0643ef9dea9302699eb569e45bb3f0c4dcb3,det-v1,1,accepted,1560,50,0.001,0.0020750000,true,false
call-001074,arm12b_cth_llm,cal/f4/s4100003/unreliable,18,grok-4.20-0309-non-reasoning,sha256:8f53f84f8866961dfd9d5d401dce0643ef9dea9302699eb569e45bb3f0c4dcb3,det-v1,1,accepted,1560,50,0.001,0.0020750000,true,false
call-001075,arm8_spec_immediate,dev/f4/s4100004/early_accurate,14,grok-4.20-0309-non-reasoning,sha256:515ef81d67ea298920c934987ba31f07d43e5ec67695978b0e131b894a7fcd08,det-v1,1,,1408,60,919.473,0.0019100000,false,true
call-001076,arm8_spec_immediate,dev/f4/s4100004/early_accurate,14,grok-4.20-0309-non-reasoning,sha256:515ef81d67ea298920c934987ba31f07d43e5ec67695978b0e131b894a7fcd08,det-v1,1,accepted,1408,60,919.473,0.0019100000,false,false
call-001077,arm10_spec_eprocess,dev/f4/s4100004/early_accurate,14,grok-4.20-0309-non-reasoning,sha256:515ef81d67ea298920c934987ba31f07d43e5ec67695978b0e131b894a7fcd08,det-v1,1,accepted,1408,60,0.001,0.0019100000,true,false
call-001078,arm12_cth,dev/f4/s4100004/early_accurate,14,grok-4.20-0309-non-reasoning,sha256:515ef81d67ea298920c934987ba31f07d43e5ec67695978b0e131b894a7fcd08,det-v1,1,accepted,1408,60,0.002,0.0019100000,true,false
call-001079,arm12b_cth_llm,dev/f4/s4100004/early_accurate,14,grok-4.20-0309-non-reasoning,sha256:515ef81d67ea298920c934987ba31f07d43e5ec67695978b0e131b894a7fcd08,det-v1,1,accepted,1408,60,0.002,0.0019100000,true,false
call-001080,arm8_spec_immediate,dev/f4/s4100004/late_accurate,17,grok-4.20-0309-non-reasoning,sha256:972c3c454d84c453e3f54e9ac1c057e17b945a98e9ad72ae23bfb033648d1b15,det-v1,1,,1522,63,866.037,0.0020600000,false,true
call-001081,arm8_spec_immediate,dev/f4/s4100004/late_accurate,17,grok-4.20-0309-non-reasoning,sha256:972c3c454d84c453e3f54e9ac1c057e17b945a98e9ad72ae23bfb033648d1b15,det-v1,1,accepted,1522,63,866.037,0.0020600000,false,false
call-001082,arm10_spec_eprocess,dev/f4/s4100004/late_accurate,17,grok-4.20-0309-non-reasoning,sha256:972c3c454d84c453e3f54e9ac1c057e17b945a98e9ad72ae23bfb033648d1b15,det-v1,1,accepted,1522,63,0.002,0.0020600000,true,false
call-001083,arm12_cth,dev/f4/s4100004/late_accurate,17,grok-4.20-0309-non-reasoning,sha256:972c3c454d84c453e3f54e9ac1c057e17b945a98e9ad72ae23bfb033648d1b15,det-v1,1,accepted,1522,63,0.002,0.0020600000,true,false
call-001084,arm12b_cth_llm,dev/f4/s4100004/late_accurate,17,grok-4.20-0309-non-reasoning,sha256:972c3c454d84c453e3f54e9ac1c057e17b945a98e9ad72ae23bfb033648d1b15,det-v1,1,accepted,1522,63,0.002,0.0020600000,true,false
call-001085,arm8_spec_immediate,dev/f4/s4100004/unreliable,14,grok-4.20-0309-non-reasoning,sha256:8b0fd04e35bb2435d10acaadd1b391f433f2e66ffefd1bb198bae5ea950b1212,det-v1,1,,1405,59,862.263,0.0019037500,false,true
call-001086,arm8_spec_immediate,dev/f4/s4100004/unreliable,14,grok-4.20-0309-non-reasoning,sha256:8b0fd04e35bb2435d10acaadd1b391f433f2e66ffefd1bb198bae5ea950b1212,det-v1,1,accepted,1405,59,862.263,0.0019037500,false,false
call-001087,arm10_spec_eprocess,dev/f4/s4100004/unreliable,14,grok-4.20-0309-non-reasoning,sha256:8b0fd04e35bb2435d10acaadd1b391f433f2e66ffefd1bb198bae5ea950b1212,det-v1,1,accepted,1405,59,0.001,0.0019037500,true,false
call-001088,arm12_cth,dev/f4/s4100004/unreliable,14,grok-4.20-0309-non-reasoning,sha256:8b0fd04e35bb2435d10acaadd1b391f433f2e66ffefd1bb198bae5ea950b1212,det-v1,1,accepted,1405,59,0.002,0.0019037500,true,false
call-001089,arm12b_cth_llm,dev/f4/s4100004/unreliable,14,grok-4.20-0309-non-reasoning,sha256:8b0fd04e35bb2435d10acaadd1b391f433f2e66ffefd1bb198bae5ea950b1212,det-v1,1,accepted,1405,59,0.002,0.0019037500,true,false
call-001090,arm8_spec_immediate,cal/f4/s4100005/early_accurate,19,grok-4.20-0309-non-reasoning,sha256:67394f1f7574f761c065a9ce964a85f36a60bcc546e8058ce1c275ed2e22dd29,det-v1,1,,1591,66,915.083,0.0021537500,false,true
call-001091,arm8_spec_immediate,cal/f4/s4100005/early_accurate,19,grok-4.20-0309-non-reasoning,sha256:67394f1f7574f761c065a9ce964a85f36a60bcc546e8058ce1c275ed2e22dd29,det-v1,1,accepted,1591,66,915.083,0.0021537500,false,false
call-001092,arm10_spec_eprocess,cal/f4/s4100005/early_accurate,19,grok-4.20-0309-non-reasoning,sha256:67394f1f7574f761c065a9ce964a85f36a60bcc546e8058ce1c275ed2e22dd29,det-v1,1,accepted,1591,66,0.002,0.0021537500,true,false
call-001093,arm12_cth,cal/f4/s4100005/early_accurate,19,grok-4.20-0309-non-reasoning,sha256:67394f1f7574f761c065a9ce964a85f36a60bcc546e8058ce1c275ed2e22dd29,det-v1,1,accepted,1591,66,0.001,0.0021537500,true,false
call-001094,arm12b_cth_llm,cal/f4/s4100005/early_accurate,19,grok-4.20-0309-non-reasoning,sha256:67394f1f7574f761c065a9ce964a85f36a60bcc546e8058ce1c275ed2e22dd29,det-v1,1,accepted,1591,66,0.002,0.0021537500,true,false
call-001095,arm8_spec_immediate,cal/f4/s4100005/late_accurate,22,grok-4.20-0309-non-reasoning,sha256:61d5cc53c5b1f54dfc4932dd018c5805b9ea8b854e183b60a4a574c4055738f2,det-v1,1,,1705,66,1126.701,0.0022962500,false,true
call-001096,arm8_spec_immediate,cal/f4/s4100005/late_accurate,22,grok-4.20-0309-non-reasoning,sha256:61d5cc53c5b1f54dfc4932dd018c5805b9ea8b854e183b60a4a574c4055738f2,det-v1,1,accepted,1705,66,1126.701,0.0022962500,false,false
call-001097,arm10_spec_eprocess,cal/f4/s4100005/late_accurate,22,grok-4.20-0309-non-reasoning,sha256:61d5cc53c5b1f54dfc4932dd018c5805b9ea8b854e183b60a4a574c4055738f2,det-v1,1,accepted,1705,66,0.002,0.0022962500,true,false
call-001098,arm12_cth,cal/f4/s4100005/late_accurate,22,grok-4.20-0309-non-reasoning,sha256:61d5cc53c5b1f54dfc4932dd018c5805b9ea8b854e183b60a4a574c4055738f2,det-v1,1,accepted,1705,66,0.002,0.0022962500,true,false
call-001099,arm12b_cth_llm,cal/f4/s4100005/late_accurate,22,grok-4.20-0309-non-reasoning,sha256:61d5cc53c5b1f54dfc4932dd018c5805b9ea8b854e183b60a4a574c4055738f2,det-v1,1,accepted,1705,66,0.002,0.0022962500,true,false
call-001100,arm8_spec_immediate,cal/f4/s4100005/unreliable,19,grok-4.20-0309-non-reasoning,sha256:eb61e41bbeedd5ab1c4b2c02c3e3ba5f8f64bde8f5687070b7b79509e335cf74,det-v1,1,,1598,76,917.100,0.0021875000,false,true
call-001101,arm8_spec_immediate,cal/f4/s4100005/unreliable,19,grok-4.20-0309-non-reasoning,sha256:eb61e41bbeedd5ab1c4b2c02c3e3ba5f8f64bde8f5687070b7b79509e335cf74,det-v1,1,accepted,1598,76,917.100,0.0021875000,false,false
call-001102,arm10_spec_eprocess,cal/f4/s4100005/unreliable,19,grok-4.20-0309-non-reasoning,sha256:eb61e41bbeedd5ab1c4b2c02c3e3ba5f8f64bde8f5687070b7b79509e335cf74,det-v1,1,accepted,1598,76,0.002,0.0021875000,true,false
call-001103,arm12_cth,cal/f4/s4100005/unreliable,19,grok-4.20-0309-non-reasoning,sha256:eb61e41bbeedd5ab1c4b2c02c3e3ba5f8f64bde8f5687070b7b79509e335cf74,det-v1,1,accepted,1598,76,0.001,0.0021875000,true,false
call-001104,arm12b_cth_llm,cal/f4/s4100005/unreliable,19,grok-4.20-0309-non-reasoning,sha256:eb61e41bbeedd5ab1c4b2c02c3e3ba5f8f64bde8f5687070b7b79509e335cf74,det-v1,1,accepted,1598,76,0.002,0.0021875000,true,false
call-001105,arm8_spec_immediate,cal/f4/s4100005/no_alert__twin,10,grok-4.20-0309-non-reasoning,sha256:20881f2438d505be1178e9707e3a23c43e87a35f93d60a6d8cef3b947486ab52,det-v1,1,,1259,86,1084.571,0.0017887500,false,true
call-001106,arm8_spec_immediate,cal/f4/s4100005/no_alert__twin,10,grok-4.20-0309-non-reasoning,sha256:20881f2438d505be1178e9707e3a23c43e87a35f93d60a6d8cef3b947486ab52,det-v1,1,accepted,1259,86,1084.571,0.0017887500,false,false
call-001107,arm10_spec_eprocess,cal/f4/s4100005/no_alert__twin,10,grok-4.20-0309-non-reasoning,sha256:20881f2438d505be1178e9707e3a23c43e87a35f93d60a6d8cef3b947486ab52,det-v1,1,accepted,1259,86,0.001,0.0017887500,true,false
call-001108,arm12_cth,cal/f4/s4100005/no_alert__twin,10,grok-4.20-0309-non-reasoning,sha256:20881f2438d505be1178e9707e3a23c43e87a35f93d60a6d8cef3b947486ab52,det-v1,1,accepted,1259,86,0.001,0.0017887500,true,false
call-001109,arm12b_cth_llm,cal/f4/s4100005/no_alert__twin,10,grok-4.20-0309-non-reasoning,sha256:20881f2438d505be1178e9707e3a23c43e87a35f93d60a6d8cef3b947486ab52,det-v1,1,accepted,1259,86,0.003,0.0017887500,true,false
call-001110,arm8_spec_immediate,dev/f4/s4100006/early_accurate,13,grok-4.20-0309-non-reasoning,sha256:e1996cdf08b46e265a6a8b694f1bf6c5c3f26330469da6187c13c66e9298da3b,det-v1,1,,1368,61,975.329,0.0018625000,false,true
call-001111,arm8_spec_immediate,dev/f4/s4100006/early_accurate,13,grok-4.20-0309-non-reasoning,sha256:e1996cdf08b46e265a6a8b694f1bf6c5c3f26330469da6187c13c66e9298da3b,det-v1,1,accepted,1368,61,975.329,0.0018625000,false,false
call-001112,arm10_spec_eprocess,dev/f4/s4100006/early_accurate,13,grok-4.20-0309-non-reasoning,sha256:e1996cdf08b46e265a6a8b694f1bf6c5c3f26330469da6187c13c66e9298da3b,det-v1,1,accepted,1368,61,0.001,0.0018625000,true,false
call-001113,arm12_cth,dev/f4/s4100006/early_accurate,13,grok-4.20-0309-non-reasoning,sha256:e1996cdf08b46e265a6a8b694f1bf6c5c3f26330469da6187c13c66e9298da3b,det-v1,1,accepted,1368,61,0.002,0.0018625000,true,false
call-001114,arm12b_cth_llm,dev/f4/s4100006/early_accurate,13,grok-4.20-0309-non-reasoning,sha256:e1996cdf08b46e265a6a8b694f1bf6c5c3f26330469da6187c13c66e9298da3b,det-v1,1,accepted,1368,61,0.002,0.0018625000,true,false
call-001115,arm8_spec_immediate,dev/f4/s4100006/late_accurate,16,grok-4.20-0309-non-reasoning,sha256:f1b4004242dd9cabb0c7b81e50ed1982ae20e7ee17cf9b48f6d34e9bef5b9d32,det-v1,1,,1482,61,942.048,0.0020050000,false,true
call-001116,arm8_spec_immediate,dev/f4/s4100006/late_accurate,16,grok-4.20-0309-non-reasoning,sha256:f1b4004242dd9cabb0c7b81e50ed1982ae20e7ee17cf9b48f6d34e9bef5b9d32,det-v1,1,accepted,1482,61,942.048,0.0020050000,false,false
call-001117,arm10_spec_eprocess,dev/f4/s4100006/late_accurate,16,grok-4.20-0309-non-reasoning,sha256:f1b4004242dd9cabb0c7b81e50ed1982ae20e7ee17cf9b48f6d34e9bef5b9d32,det-v1,1,accepted,1482,61,0.002,0.0020050000,true,false
call-001118,arm12_cth,dev/f4/s4100006/late_accurate,16,grok-4.20-0309-non-reasoning,sha256:f1b4004242dd9cabb0c7b81e50ed1982ae20e7ee17cf9b48f6d34e9bef5b9d32,det-v1,1,accepted,1482,61,0.002,0.0020050000,true,false
call-001119,arm12b_cth_llm,dev/f4/s4100006/late_accurate,16,grok-4.20-0309-non-reasoning,sha256:f1b4004242dd9cabb0c7b81e50ed1982ae20e7ee17cf9b48f6d34e9bef5b9d32,det-v1,1,accepted,1482,61,0.002,0.0020050000,true,false
call-001120,arm8_spec_immediate,dev/f4/s4100006/unreliable,13,grok-4.20-0309-non-reasoning,sha256:5a22b951a20812c9dc9e507daab65ba02c6502f54e797a468932a72dbd28479c,det-v1,1,,1355,50,737.485,0.0018187500,false,true
call-001121,arm8_spec_immediate,dev/f4/s4100006/unreliable,13,grok-4.20-0309-non-reasoning,sha256:5a22b951a20812c9dc9e507daab65ba02c6502f54e797a468932a72dbd28479c,det-v1,1,accepted,1355,50,737.485,0.0018187500,false,false
call-001122,arm10_spec_eprocess,dev/f4/s4100006/unreliable,13,grok-4.20-0309-non-reasoning,sha256:5a22b951a20812c9dc9e507daab65ba02c6502f54e797a468932a72dbd28479c,det-v1,1,accepted,1355,50,0.001,0.0018187500,true,false
call-001123,arm12_cth,dev/f4/s4100006/unreliable,13,grok-4.20-0309-non-reasoning,sha256:5a22b951a20812c9dc9e507daab65ba02c6502f54e797a468932a72dbd28479c,det-v1,1,accepted,1355,50,0.001,0.0018187500,true,false
call-001124,arm12b_cth_llm,dev/f4/s4100006/unreliable,13,grok-4.20-0309-non-reasoning,sha256:5a22b951a20812c9dc9e507daab65ba02c6502f54e797a468932a72dbd28479c,det-v1,1,accepted,1355,50,0.002,0.0018187500,true,false
call-001125,arm8_spec_immediate,dev/f4/s4100006/no_alert__twin,10,grok-4.20-0309-non-reasoning,sha256:7a8062105ff224e568ed48eb1ff6cdf7d8888ad304d00d7f5234d0cd75432ea3,det-v1,1,,1253,59,969.636,0.0017137500,false,true
call-001126,arm8_spec_immediate,dev/f4/s4100006/no_alert__twin,10,grok-4.20-0309-non-reasoning,sha256:7a8062105ff224e568ed48eb1ff6cdf7d8888ad304d00d7f5234d0cd75432ea3,det-v1,1,accepted,1253,59,969.636,0.0017137500,false,false
call-001127,arm10_spec_eprocess,dev/f4/s4100006/no_alert__twin,10,grok-4.20-0309-non-reasoning,sha256:7a8062105ff224e568ed48eb1ff6cdf7d8888ad304d00d7f5234d0cd75432ea3,det-v1,1,accepted,1253,59,0.002,0.0017137500,true,false
call-001128,arm12_cth,dev/f4/s4100006/no_alert__twin,10,grok-4.20-0309-non-reasoning,sha256:7a8062105ff224e568ed48eb1ff6cdf7d8888ad304d00d7f5234d0cd75432ea3,det-v1,1,accepted,1253,59,0.001,0.0017137500,true,false
call-001129,arm12b_cth_llm,dev/f4/s4100006/no_alert__twin,10,grok-4.20-0309-non-reasoning,sha256:7a8062105ff224e568ed48eb1ff6cdf7d8888ad304d00d7f5234d0cd75432ea3,det-v1,1,accepted,1253,59,0.002,0.0017137500,true,false
call-001130,arm8_spec_immediate,cal/f4/s4100007/early_accurate,18,grok-4.20-0309-non-reasoning,sha256:8e454371de4db74aa7380efc237a947f71e5992fae223141280ec327918caf0d,det-v1,1,,1556,76,1116.522,0.0021350000,false,true
call-001131,arm8_spec_immediate,cal/f4/s4100007/early_accurate,18,grok-4.20-0309-non-reasoning,sha256:8e454371de4db74aa7380efc237a947f71e5992fae223141280ec327918caf0d,det-v1,1,accepted,1556,76,1116.522,0.0021350000,false,false
call-001132,arm10_spec_eprocess,cal/f4/s4100007/early_accurate,18,grok-4.20-0309-non-reasoning,sha256:8e454371de4db74aa7380efc237a947f71e5992fae223141280ec327918caf0d,det-v1,1,accepted,1556,76,0.002,0.0021350000,true,false
call-001133,arm12_cth,cal/f4/s4100007/early_accurate,18,grok-4.20-0309-non-reasoning,sha256:8e454371de4db74aa7380efc237a947f71e5992fae223141280ec327918caf0d,det-v1,1,accepted,1556,76,0.001,0.0021350000,true,false
call-001134,arm12b_cth_llm,cal/f4/s4100007/early_accurate,18,grok-4.20-0309-non-reasoning,sha256:8e454371de4db74aa7380efc237a947f71e5992fae223141280ec327918caf0d,det-v1,1,accepted,1556,76,0.002,0.0021350000,true,false
call-001135,arm8_spec_immediate,cal/f4/s4100007/late_accurate,21,grok-4.20-0309-non-reasoning,sha256:a5031dc244cf85cc4b42d74c08b7cdb073da777c3215ec6fcfe701c2be9dfc80,det-v1,1,,1670,59,834.163,0.0022350000,false,true
call-001136,arm8_spec_immediate,cal/f4/s4100007/late_accurate,21,grok-4.20-0309-non-reasoning,sha256:a5031dc244cf85cc4b42d74c08b7cdb073da777c3215ec6fcfe701c2be9dfc80,det-v1,1,accepted,1670,59,834.163,0.0022350000,false,false
call-001137,arm10_spec_eprocess,cal/f4/s4100007/late_accurate,21,grok-4.20-0309-non-reasoning,sha256:a5031dc244cf85cc4b42d74c08b7cdb073da777c3215ec6fcfe701c2be9dfc80,det-v1,1,accepted,1670,59,0.002,0.0022350000,true,false
call-001138,arm12_cth,cal/f4/s4100007/late_accurate,21,grok-4.20-0309-non-reasoning,sha256:a5031dc244cf85cc4b42d74c08b7cdb073da777c3215ec6fcfe701c2be9dfc80,det-v1,1,accepted,1670,59,0.002,0.0022350000,true,false
call-001139,arm12b_cth_llm,cal/f4/s4100007/late_accurate,21,grok-4.20-0309-non-reasoning,sha256:a5031dc244cf85cc4b42d74c08b7cdb073da777c3215ec6fcfe701c2be9dfc80,det-v1,1,accepted,1670,59,0.002,0.0022350000,true,false
call-001140,arm8_spec_immediate,cal/f4/s4100007/unreliable,18,grok-4.20-0309-non-reasoning,sha256:637ca808ae054fe8766b34cc4b21663d5745e746cfbe5b1f70669a2ff8319a9e,det-v1,1,,1559,60,941.659,0.0020987500,false,true
call-001141,arm8_spec_immediate,cal/f4/s4100007/unreliable,18,grok-4.20-0309-non-reasoning,sha256:637ca808ae054fe8766b34cc4b21663d5745e746cfbe5b1f70669a2ff8319a9e,det-v1,1,accepted,1559,60,941.659,0.0020987500,false,false
call-001142,arm10_spec_eprocess,cal/f4/s4100007/unreliable,18,grok-4.20-0309-non-reasoning,sha256:637ca808ae054fe8766b34cc4b21663d5745e746cfbe5b1f70669a2ff8319a9e,det-v1,1,accepted,1559,60,0.002,0.0020987500,true,false
call-001143,arm12_cth,cal/f4/s4100007/unreliable,18,grok-4.20-0309-non-reasoning,sha256:637ca808ae054fe8766b34cc4b21663d5745e746cfbe5b1f70669a2ff8319a9e,det-v1,1,accepted,1559,60,0.001,0.0020987500,true,false
call-001144,arm12b_cth_llm,cal/f4/s4100007/unreliable,18,grok-4.20-0309-non-reasoning,sha256:637ca808ae054fe8766b34cc4b21663d5745e746cfbe5b1f70669a2ff8319a9e,det-v1,1,accepted,1559,60,0.002,0.0020987500,true,false
call-001145,arm8_spec_immediate,dev/f5/s5100000/early_accurate,21,grok-4.20-0309-non-reasoning,sha256:346b6ecbfd10ed4880c79013c764ab95f65d4b4162c3dc017747837d21254c83,det-v1,1,,1675,87,1197.132,0.0023112500,false,true
call-001146,arm8_spec_immediate,dev/f5/s5100000/early_accurate,21,grok-4.20-0309-non-reasoning,sha256:346b6ecbfd10ed4880c79013c764ab95f65d4b4162c3dc017747837d21254c83,det-v1,1,accepted,1675,87,1197.132,0.0023112500,false,false
call-001147,arm10_spec_eprocess,dev/f5/s5100000/early_accurate,21,grok-4.20-0309-non-reasoning,sha256:346b6ecbfd10ed4880c79013c764ab95f65d4b4162c3dc017747837d21254c83,det-v1,1,accepted,1675,87,0.002,0.0023112500,true,false
call-001148,arm12_cth,dev/f5/s5100000/early_accurate,21,grok-4.20-0309-non-reasoning,sha256:346b6ecbfd10ed4880c79013c764ab95f65d4b4162c3dc017747837d21254c83,det-v1,1,accepted,1675,87,0.001,0.0023112500,true,false
call-001149,arm12b_cth_llm,dev/f5/s5100000/early_accurate,21,grok-4.20-0309-non-reasoning,sha256:346b6ecbfd10ed4880c79013c764ab95f65d4b4162c3dc017747837d21254c83,det-v1,1,accepted,1675,87,0.002,0.0023112500,true,false
call-001150,arm8_spec_immediate,dev/f5/s5100000/late_accurate,24,grok-4.20-0309-non-reasoning,sha256:b85efcf691c509e310a771ab02f027c50d4aab51fe34bb1f59295669598df50a,det-v1,1,,1789,59,1276.163,0.0023837500,false,true
call-001151,arm8_spec_immediate,dev/f5/s5100000/late_accurate,24,grok-4.20-0309-non-reasoning,sha256:b85efcf691c509e310a771ab02f027c50d4aab51fe34bb1f59295669598df50a,det-v1,1,accepted,1789,59,1276.163,0.0023837500,false,false
call-001152,arm10_spec_eprocess,dev/f5/s5100000/late_accurate,24,grok-4.20-0309-non-reasoning,sha256:b85efcf691c509e310a771ab02f027c50d4aab51fe34bb1f59295669598df50a,det-v1,1,accepted,1789,59,0.002,0.0023837500,true,false
call-001153,arm12_cth,dev/f5/s5100000/late_accurate,24,grok-4.20-0309-non-reasoning,sha256:b85efcf691c509e310a771ab02f027c50d4aab51fe34bb1f59295669598df50a,det-v1,1,accepted,1789,59,0.002,0.0023837500,true,false
call-001154,arm12b_cth_llm,dev/f5/s5100000/late_accurate,24,grok-4.20-0309-non-reasoning,sha256:b85efcf691c509e310a771ab02f027c50d4aab51fe34bb1f59295669598df50a,det-v1,1,accepted,1789,59,0.002,0.0023837500,true,false
call-001155,arm8_spec_immediate,dev/f5/s5100000/unreliable,21,grok-4.20-0309-non-reasoning,sha256:5717cd485eb16227364e843157aad98bd44eee064877cf71cb0ff599e65e8ad1,det-v1,1,,1655,50,914.609,0.0021937500,false,true
call-001156,arm8_spec_immediate,dev/f5/s5100000/unreliable,21,grok-4.20-0309-non-reasoning,sha256:5717cd485eb16227364e843157aad98bd44eee064877cf71cb0ff599e65e8ad1,det-v1,1,accepted,1655,50,914.609,0.0021937500,false,false
call-001157,arm10_spec_eprocess,dev/f5/s5100000/unreliable,21,grok-4.20-0309-non-reasoning,sha256:5717cd485eb16227364e843157aad98bd44eee064877cf71cb0ff599e65e8ad1,det-v1,1,accepted,1655,50,0.002,0.0021937500,true,false
call-001158,arm12_cth,dev/f5/s5100000/unreliable,21,grok-4.20-0309-non-reasoning,sha256:5717cd485eb16227364e843157aad98bd44eee064877cf71cb0ff599e65e8ad1,det-v1,1,accepted,1655,50,0.002,0.0021937500,true,false
call-001159,arm12b_cth_llm,dev/f5/s5100000/unreliable,21,grok-4.20-0309-non-reasoning,sha256:5717cd485eb16227364e843157aad98bd44eee064877cf71cb0ff599e65e8ad1,det-v1,1,accepted,1655,50,0.002,0.0021937500,true,false
call-001160,arm8_spec_immediate,cal/f5/s5100001/early_accurate,20,grok-4.20-0309-non-reasoning,sha256:8efd447d743bb9aace4e9612c2d4bc557be943c108911d7c01ab91bffe1e2008,det-v1,1,,1631,59,886.019,0.0021862500,false,true
call-001161,arm8_spec_immediate,cal/f5/s5100001/early_accurate,20,grok-4.20-0309-non-reasoning,sha256:8efd447d743bb9aace4e9612c2d4bc557be943c108911d7c01ab91bffe1e2008,det-v1,1,accepted,1631,59,886.019,0.0021862500,false,false
call-001162,arm10_spec_eprocess,cal/f5/s5100001/early_accurate,20,grok-4.20-0309-non-reasoning,sha256:8efd447d743bb9aace4e9612c2d4bc557be943c108911d7c01ab91bffe1e2008,det-v1,1,accepted,1631,59,0.002,0.0021862500,true,false
call-001163,arm12_cth,cal/f5/s5100001/early_accurate,20,grok-4.20-0309-non-reasoning,sha256:8efd447d743bb9aace4e9612c2d4bc557be943c108911d7c01ab91bffe1e2008,det-v1,1,accepted,1631,59,0.002,0.0021862500,true,false
call-001164,arm12b_cth_llm,cal/f5/s5100001/early_accurate,20,grok-4.20-0309-non-reasoning,sha256:8efd447d743bb9aace4e9612c2d4bc557be943c108911d7c01ab91bffe1e2008,det-v1,1,accepted,1631,59,0.002,0.0021862500,true,false
call-001165,arm8_spec_immediate,cal/f5/s5100001/late_accurate,23,grok-4.20-0309-non-reasoning,sha256:e79251bd1c4a082694d37908a9bb3a7b2228f8d3a6094b38a51812a5238c3cd7,det-v1,1,,1745,60,883.048,0.0023312500,false,true
call-001166,arm8_spec_immediate,cal/f5/s5100001/late_accurate,23,grok-4.20-0309-non-reasoning,sha256:e79251bd1c4a082694d37908a9bb3a7b2228f8d3a6094b38a51812a5238c3cd7,det-v1,1,accepted,1745,60,883.048,0.0023312500,false,false
call-001167,arm10_spec_eprocess,cal/f5/s5100001/late_accurate,23,grok-4.20-0309-non-reasoning,sha256:e79251bd1c4a082694d37908a9bb3a7b2228f8d3a6094b38a51812a5238c3cd7,det-v1,1,accepted,1745,60,0.001,0.0023312500,true,false
call-001168,arm12_cth,cal/f5/s5100001/late_accurate,23,grok-4.20-0309-non-reasoning,sha256:e79251bd1c4a082694d37908a9bb3a7b2228f8d3a6094b38a51812a5238c3cd7,det-v1,1,accepted,1745,60,0.002,0.0023312500,true,false
call-001169,arm12b_cth_llm,cal/f5/s5100001/late_accurate,23,grok-4.20-0309-non-reasoning,sha256:e79251bd1c4a082694d37908a9bb3a7b2228f8d3a6094b38a51812a5238c3cd7,det-v1,1,accepted,1745,60,0.002,0.0023312500,true,false
call-001170,arm8_spec_immediate,cal/f5/s5100001/unreliable,20,grok-4.20-0309-non-reasoning,sha256:d5c5381d4347ff12fbbd721075092f7d98306b7c4dcb09571c3bb9f83b945492,det-v1,1,,1636,60,846.358,0.0021950000,false,true
call-001171,arm8_spec_immediate,cal/f5/s5100001/unreliable,20,grok-4.20-0309-non-reasoning,sha256:d5c5381d4347ff12fbbd721075092f7d98306b7c4dcb09571c3bb9f83b945492,det-v1,1,accepted,1636,60,846.358,0.0021950000,false,false
call-001172,arm10_spec_eprocess,cal/f5/s5100001/unreliable,20,grok-4.20-0309-non-reasoning,sha256:d5c5381d4347ff12fbbd721075092f7d98306b7c4dcb09571c3bb9f83b945492,det-v1,1,accepted,1636,60,0.001,0.0021950000,true,false
call-001173,arm12_cth,cal/f5/s5100001/unreliable,20,grok-4.20-0309-non-reasoning,sha256:d5c5381d4347ff12fbbd721075092f7d98306b7c4dcb09571c3bb9f83b945492,det-v1,1,accepted,1636,60,0.002,0.0021950000,true,false
call-001174,arm12b_cth_llm,cal/f5/s5100001/unreliable,20,grok-4.20-0309-non-reasoning,sha256:d5c5381d4347ff12fbbd721075092f7d98306b7c4dcb09571c3bb9f83b945492,det-v1,1,accepted,1636,60,0.002,0.0021950000,true,false
call-001175,arm8_spec_immediate,cal/f5/s5100001/no_alert__twin,10,grok-4.20-0309-non-reasoning,sha256:7bbfcdf7d2ee477a7c31c40eaa0909720a9a28cf2db366ffad0a8757b0c93002,det-v1,1,,1254,87,1010.940,0.0017850000,false,true
call-001176,arm8_spec_immediate,cal/f5/s5100001/no_alert__twin,10,grok-4.20-0309-non-reasoning,sha256:7bbfcdf7d2ee477a7c31c40eaa0909720a9a28cf2db366ffad0a8757b0c93002,det-v1,1,accepted,1254,87,1010.940,0.0017850000,false,false
call-001177,arm10_spec_eprocess,cal/f5/s5100001/no_alert__twin,10,grok-4.20-0309-non-reasoning,sha256:7bbfcdf7d2ee477a7c31c40eaa0909720a9a28cf2db366ffad0a8757b0c93002,det-v1,1,accepted,1254,87,0.002,0.0017850000,true,false
call-001178,arm12_cth,cal/f5/s5100001/no_alert__twin,10,grok-4.20-0309-non-reasoning,sha256:7bbfcdf7d2ee477a7c31c40eaa0909720a9a28cf2db366ffad0a8757b0c93002,det-v1,1,accepted,1254,87,0.002,0.0017850000,true,false
call-001179,arm12b_cth_llm,cal/f5/s5100001/no_alert__twin,10,grok-4.20-0309-non-reasoning,sha256:7bbfcdf7d2ee477a7c31c40eaa0909720a9a28cf2db366ffad0a8757b0c93002,det-v1,1,accepted,1254,87,0.002,0.0017850000,true,false
call-001180,arm8_spec_immediate,dev/f5/s5100002/early_accurate,17,grok-4.20-0309-non-reasoning,sha256:8895f654a41fcafea0f82550df434ff3911d6f47c3a83a77483c01993abf2843,det-v1,1,,1515,88,1020.765,0.0021137500,false,true
call-001181,arm8_spec_immediate,dev/f5/s5100002/early_accurate,17,grok-4.20-0309-non-reasoning,sha256:8895f654a41fcafea0f82550df434ff3911d6f47c3a83a77483c01993abf2843,det-v1,1,accepted,1515,88,1020.765,0.0021137500,false,false
call-001182,arm10_spec_eprocess,dev/f5/s5100002/early_accurate,17,grok-4.20-0309-non-reasoning,sha256:8895f654a41fcafea0f82550df434ff3911d6f47c3a83a77483c01993abf2843,det-v1,1,accepted,1515,88,0.002,0.0021137500,true,false
call-001183,arm12_cth,dev/f5/s5100002/early_accurate,17,grok-4.20-0309-non-reasoning,sha256:8895f654a41fcafea0f82550df434ff3911d6f47c3a83a77483c01993abf2843,det-v1,1,accepted,1515,88,0.001,0.0021137500,true,false
call-001184,arm12b_cth_llm,dev/f5/s5100002/early_accurate,17,grok-4.20-0309-non-reasoning,sha256:8895f654a41fcafea0f82550df434ff3911d6f47c3a83a77483c01993abf2843,det-v1,1,accepted,1515,88,0.002,0.0021137500,true,false
call-001185,arm8_spec_immediate,dev/f5/s5100002/late_accurate,20,grok-4.20-0309-non-reasoning,sha256:f7a0bf38485a6cc1d9b6597ff5ed95f261f404391227df16febee168386407bb,det-v1,1,,1629,60,843.095,0.0021862500,false,true
call-001186,arm8_spec_immediate,dev/f5/s5100002/late_accurate,20,grok-4.20-0309-non-reasoning,sha256:f7a0bf38485a6cc1d9b6597ff5ed95f261f404391227df16febee168386407bb,det-v1,1,accepted,1629,60,843.095,0.0021862500,false,false
call-001187,arm10_spec_eprocess,dev/f5/s5100002/late_accurate,20,grok-4.20-0309-non-reasoning,sha256:f7a0bf38485a6cc1d9b6597ff5ed95f261f404391227df16febee168386407bb,det-v1,1,accepted,1629,60,0.001,0.0021862500,true,false
call-001188,arm12_cth,dev/f5/s5100002/late_accurate,20,grok-4.20-0309-non-reasoning,sha256:f7a0bf38485a6cc1d9b6597ff5ed95f261f404391227df16febee168386407bb,det-v1,1,accepted,1629,60,0.002,0.0021862500,true,false
call-001189,arm12b_cth_llm,dev/f5/s5100002/late_accurate,20,grok-4.20-0309-non-reasoning,sha256:f7a0bf38485a6cc1d9b6597ff5ed95f261f404391227df16febee168386407bb,det-v1,1,accepted,1629,60,0.002,0.0021862500,true,false
call-001190,arm8_spec_immediate,dev/f5/s5100002/unreliable,17,grok-4.20-0309-non-reasoning,sha256:cf71e97e753248a5e5c174629e8c5131957cef07bd7e223c18f0a706fe8d2272,det-v1,1,,1522,58,887.261,0.0020475000,false,true
call-001191,arm8_spec_immediate,dev/f5/s5100002/unreliable,17,grok-4.20-0309-non-reasoning,sha256:cf71e97e753248a5e5c174629e8c5131957cef07bd7e223c18f0a706fe8d2272,det-v1,1,accepted,1522,58,887.261,0.0020475000,false,false
call-001192,arm10_spec_eprocess,dev/f5/s5100002/unreliable,17,grok-4.20-0309-non-reasoning,sha256:cf71e97e753248a5e5c174629e8c5131957cef07bd7e223c18f0a706fe8d2272,det-v1,1,accepted,1522,58,0.002,0.0020475000,true,false
call-001193,arm12_cth,dev/f5/s5100002/unreliable,17,grok-4.20-0309-non-reasoning,sha256:cf71e97e753248a5e5c174629e8c5131957cef07bd7e223c18f0a706fe8d2272,det-v1,1,accepted,1522,58,0.001,0.0020475000,true,false
call-001194,arm12b_cth_llm,dev/f5/s5100002/unreliable,17,grok-4.20-0309-non-reasoning,sha256:cf71e97e753248a5e5c174629e8c5131957cef07bd7e223c18f0a706fe8d2272,det-v1,1,accepted,1522,58,0.002,0.0020475000,true,false
call-001195,arm8_spec_immediate,dev/f5/s5100002/no_alert__twin,10,grok-4.20-0309-non-reasoning,sha256:a452449deff93ba7977351fe0c8766e0505a9460199abd5387becbe5ab1466d9,det-v1,1,,1253,86,1010.390,0.0017812500,false,true
call-001196,arm8_spec_immediate,dev/f5/s5100002/no_alert__twin,10,grok-4.20-0309-non-reasoning,sha256:a452449deff93ba7977351fe0c8766e0505a9460199abd5387becbe5ab1466d9,det-v1,1,accepted,1253,86,1010.390,0.0017812500,false,false
call-001197,arm10_spec_eprocess,dev/f5/s5100002/no_alert__twin,10,grok-4.20-0309-non-reasoning,sha256:a452449deff93ba7977351fe0c8766e0505a9460199abd5387becbe5ab1466d9,det-v1,1,accepted,1253,86,0.001,0.0017812500,true,false
call-001198,arm12_cth,dev/f5/s5100002/no_alert__twin,10,grok-4.20-0309-non-reasoning,sha256:a452449deff93ba7977351fe0c8766e0505a9460199abd5387becbe5ab1466d9,det-v1,1,accepted,1253,86,0.003,0.0017812500,true,false
call-001199,arm12b_cth_llm,dev/f5/s5100002/no_alert__twin,10,grok-4.20-0309-non-reasoning,sha256:a452449deff93ba7977351fe0c8766e0505a9460199abd5387becbe5ab1466d9,det-v1,1,accepted,1253,86,0.002,0.0017812500,true,false
call-001200,arm8_spec_immediate,cal/f5/s5100003/early_accurate,20,grok-4.20-0309-non-reasoning,sha256:f82c8897001d81a5f3c9f1c38fa1948a18aeda677bb6a3874188f821f9448d83,det-v1,1,,1628,60,828.530,0.0021850000,false,true
call-001201,arm8_spec_immediate,cal/f5/s5100003/early_accurate,20,grok-4.20-0309-non-reasoning,sha256:f82c8897001d81a5f3c9f1c38fa1948a18aeda677bb6a3874188f821f9448d83,det-v1,1,accepted,1628,60,828.530,0.0021850000,false,false
call-001202,arm10_spec_eprocess,cal/f5/s5100003/early_accurate,20,grok-4.20-0309-non-reasoning,sha256:f82c8897001d81a5f3c9f1c38fa1948a18aeda677bb6a3874188f821f9448d83,det-v1,1,accepted,1628,60,0.001,0.0021850000,true,false
call-001203,arm12_cth,cal/f5/s5100003/early_accurate,20,grok-4.20-0309-non-reasoning,sha256:f82c8897001d81a5f3c9f1c38fa1948a18aeda677bb6a3874188f821f9448d83,det-v1,1,accepted,1628,60,0.001,0.0021850000,true,false
call-001204,arm12b_cth_llm,cal/f5/s5100003/early_accurate,20,grok-4.20-0309-non-reasoning,sha256:f82c8897001d81a5f3c9f1c38fa1948a18aeda677bb6a3874188f821f9448d83,det-v1,1,accepted,1628,60,0.002,0.0021850000,true,false
call-001205,arm8_spec_immediate,cal/f5/s5100003/late_accurate,23,grok-4.20-0309-non-reasoning,sha256:263494df1990397c2c6eecff95129c078b3b2058d217bf18c864fc51aba879a6,det-v1,1,,1742,60,862.810,0.0023275000,false,true
call-001206,arm8_spec_immediate,cal/f5/s5100003/late_accurate,23,grok-4.20-0309-non-reasoning,sha256:263494df1990397c2c6eecff95129c078b3b2058d217bf18c864fc51aba879a6,det-v1,1,accepted,1742,60,862.810,0.0023275000,false,false
call-001207,arm10_spec_eprocess,cal/f5/s5100003/late_accurate,23,grok-4.20-0309-non-reasoning,sha256:263494df1990397c2c6eecff95129c078b3b2058d217bf18c864fc51aba879a6,det-v1,1,accepted,1742,60,0.001,0.0023275000,true,false
call-001208,arm12_cth,cal/f5/s5100003/late_accurate,23,grok-4.20-0309-non-reasoning,sha256:263494df1990397c2c6eecff95129c078b3b2058d217bf18c864fc51aba879a6,det-v1,1,accepted,1742,60,0.002,0.0023275000,true,false
call-001209,arm12b_cth_llm,cal/f5/s5100003/late_accurate,23,grok-4.20-0309-non-reasoning,sha256:263494df1990397c2c6eecff95129c078b3b2058d217bf18c864fc51aba879a6,det-v1,1,accepted,1742,60,0.002,0.0023275000,true,false
call-001210,arm8_spec_immediate,cal/f5/s5100003/unreliable,20,grok-4.20-0309-non-reasoning,sha256:96a9b540b00a3b5407ae4cbb3efa82629abe319b4aec22ca9f7de75a79c16338,det-v1,1,,1634,76,987.258,0.0022325000,false,true
call-001211,arm8_spec_immediate,cal/f5/s5100003/unreliable,20,grok-4.20-0309-non-reasoning,sha256:96a9b540b00a3b5407ae4cbb3efa82629abe319b4aec22ca9f7de75a79c16338,det-v1,1,accepted,1634,76,987.258,0.0022325000,false,false
call-001212,arm10_spec_eprocess,cal/f5/s5100003/unreliable,20,grok-4.20-0309-non-reasoning,sha256:96a9b540b00a3b5407ae4cbb3efa82629abe319b4aec22ca9f7de75a79c16338,det-v1,1,accepted,1634,76,0.001,0.0022325000,true,false
call-001213,arm12_cth,cal/f5/s5100003/unreliable,20,grok-4.20-0309-non-reasoning,sha256:96a9b540b00a3b5407ae4cbb3efa82629abe319b4aec22ca9f7de75a79c16338,det-v1,1,accepted,1634,76,0.002,0.0022325000,true,false
call-001214,arm12b_cth_llm,cal/f5/s5100003/unreliable,20,grok-4.20-0309-non-reasoning,sha256:96a9b540b00a3b5407ae4cbb3efa82629abe319b4aec22ca9f7de75a79c16338,det-v1,1,accepted,1634,76,0.002,0.0022325000,true,false
call-001215,arm8_spec_immediate,dev/f5/s5100004/early_accurate,14,grok-4.20-0309-non-reasoning,sha256:0deca2c57a93aa35e87914d4dfcb9b555a7a79047bee09d4a5e9bb6e0e94fe78,det-v1,1,,1404,88,999.519,0.0019750000,false,true
call-001216,arm8_spec_immediate,dev/f5/s5100004/early_accurate,14,grok-4.20-0309-non-reasoning,sha256:0deca2c57a93aa35e87914d4dfcb9b555a7a79047bee09d4a5e9bb6e0e94fe78,det-v1,1,accepted,1404,88,999.519,0.0019750000,false,false
call-001217,arm10_spec_eprocess,dev/f5/s5100004/early_accurate,14,grok-4.20-0309-non-reasoning,sha256:0deca2c57a93aa35e87914d4dfcb9b555a7a79047bee09d4a5e9bb6e0e94fe78,det-v1,1,accepted,1404,88,0.002,0.0019750000,true,false
call-001218,arm12_cth,dev/f5/s5100004/early_accurate,14,grok-4.20-0309-non-reasoning,sha256:0deca2c57a93aa35e87914d4dfcb9b555a7a79047bee09d4a5e9bb6e0e94fe78,det-v1,1,accepted,1404,88,0.001,0.0019750000,true,false
call-001219,arm12b_cth_llm,dev/f5/s5100004/early_accurate,14,grok-4.20-0309-non-reasoning,sha256:0deca2c57a93aa35e87914d4dfcb9b555a7a79047bee09d4a5e9bb6e0e94fe78,det-v1,1,accepted,1404,88,0.002,0.0019750000,true,false
call-001220,arm8_spec_immediate,dev/f5/s5100004/late_accurate,17,grok-4.20-0309-non-reasoning,sha256:31a83f23c8373ea18bbbc616d0a71d8ca90f43f03eb25c7cb2b9c186bbdb004b,det-v1,1,,1518,87,1103.475,0.0021150000,false,true
call-001221,arm8_spec_immediate,dev/f5/s5100004/late_accurate,17,grok-4.20-0309-non-reasoning,sha256:31a83f23c8373ea18bbbc616d0a71d8ca90f43f03eb25c7cb2b9c186bbdb004b,det-v1,1,accepted,1518,87,1103.475,0.0021150000,false,false
call-001222,arm10_spec_eprocess,dev/f5/s5100004/late_accurate,17,grok-4.20-0309-non-reasoning,sha256:31a83f23c8373ea18bbbc616d0a71d8ca90f43f03eb25c7cb2b9c186bbdb004b,det-v1,1,accepted,1518,87,0.001,0.0021150000,true,false
call-001223,arm12_cth,dev/f5/s5100004/late_accurate,17,grok-4.20-0309-non-reasoning,sha256:31a83f23c8373ea18bbbc616d0a71d8ca90f43f03eb25c7cb2b9c186bbdb004b,det-v1,1,accepted,1518,87,0.002,0.0021150000,true,false
call-001224,arm12b_cth_llm,dev/f5/s5100004/late_accurate,17,grok-4.20-0309-non-reasoning,sha256:31a83f23c8373ea18bbbc616d0a71d8ca90f43f03eb25c7cb2b9c186bbdb004b,det-v1,1,accepted,1518,87,0.002,0.0021150000,true,false
call-001225,arm8_spec_immediate,dev/f5/s5100004/unreliable,14,grok-4.20-0309-non-reasoning,sha256:9f9c29dba6689f467f48b8b672bc1cb85b130164a1a1b67886db0d6348832431,det-v1,1,,1404,87,988.853,0.0019725000,false,true
call-001226,arm8_spec_immediate,dev/f5/s5100004/unreliable,14,grok-4.20-0309-non-reasoning,sha256:9f9c29dba6689f467f48b8b672bc1cb85b130164a1a1b67886db0d6348832431,det-v1,1,accepted,1404,87,988.853,0.0019725000,false,false
call-001227,arm10_spec_eprocess,dev/f5/s5100004/unreliable,14,grok-4.20-0309-non-reasoning,sha256:9f9c29dba6689f467f48b8b672bc1cb85b130164a1a1b67886db0d6348832431,det-v1,1,accepted,1404,87,0.002,0.0019725000,true,false
call-001228,arm12_cth,dev/f5/s5100004/unreliable,14,grok-4.20-0309-non-reasoning,sha256:9f9c29dba6689f467f48b8b672bc1cb85b130164a1a1b67886db0d6348832431,det-v1,1,accepted,1404,87,0.002,0.0019725000,true,false
call-001229,arm12b_cth_llm,dev/f5/s5100004/unreliable,14,grok-4.20-0309-non-reasoning,sha256:9f9c29dba6689f467f48b8b672bc1cb85b130164a1a1b67886db0d6348832431,det-v1,1,accepted,1404,87,0.002,0.0019725000,true,false
call-001230,arm8_spec_immediate,cal/f5/s5100005/early_accurate,17,grok-4.20-0309-non-reasoning,sha256:bb6507bc2902303e06481aa4b20aff869fa0693aedf668f59f9f3c80c9b5b1bb,det-v1,1,,1520,60,973.633,0.0020500000,false,true
call-001231,arm8_spec_immediate,cal/f5/s5100005/early_accurate,17,grok-4.20-0309-non-reasoning,sha256:bb6507bc2902303e06481aa4b20aff869fa0693aedf668f59f9f3c80c9b5b1bb,det-v1,1,accepted,1520,60,973.633,0.0020500000,false,false
call-001232,arm10_spec_eprocess,cal/f5/s5100005/early_accurate,17,grok-4.20-0309-non-reasoning,sha256:bb6507bc2902303e06481aa4b20aff869fa0693aedf668f59f9f3c80c9b5b1bb,det-v1,1,accepted,1520,60,0.002,0.0020500000,true,false
call-001233,arm12_cth,cal/f5/s5100005/early_accurate,17,grok-4.20-0309-non-reasoning,sha256:bb6507bc2902303e06481aa4b20aff869fa0693aedf668f59f9f3c80c9b5b1bb,det-v1,1,accepted,1520,60,0.002,0.0020500000,true,false
call-001234,arm12b_cth_llm,cal/f5/s5100005/early_accurate,17,grok-4.20-0309-non-reasoning,sha256:bb6507bc2902303e06481aa4b20aff869fa0693aedf668f59f9f3c80c9b5b1bb,det-v1,1,accepted,1520,60,0.003,0.0020500000,true,false
call-001235,arm8_spec_immediate,cal/f5/s5100005/late_accurate,20,grok-4.20-0309-non-reasoning,sha256:3d3e92ea294a710333c2c4320150fb133ba04a1f33a305cdedd7802583b25890,det-v1,1,,1634,60,879.056,0.0021925000,false,true
call-001236,arm8_spec_immediate,cal/f5/s5100005/late_accurate,20,grok-4.20-0309-non-reasoning,sha256:3d3e92ea294a710333c2c4320150fb133ba04a1f33a305cdedd7802583b25890,det-v1,1,accepted,1634,60,879.056,0.0021925000,false,false
call-001237,arm10_spec_eprocess,cal/f5/s5100005/late_accurate,20,grok-4.20-0309-non-reasoning,sha256:3d3e92ea294a710333c2c4320150fb133ba04a1f33a305cdedd7802583b25890,det-v1,1,accepted,1634,60,0.002,0.0021925000,true,false
call-001238,arm12_cth,cal/f5/s5100005/late_accurate,20,grok-4.20-0309-non-reasoning,sha256:3d3e92ea294a710333c2c4320150fb133ba04a1f33a305cdedd7802583b25890,det-v1,1,accepted,1634,60,0.001,0.0021925000,true,false
call-001239,arm12b_cth_llm,cal/f5/s5100005/late_accurate,20,grok-4.20-0309-non-reasoning,sha256:3d3e92ea294a710333c2c4320150fb133ba04a1f33a305cdedd7802583b25890,det-v1,1,accepted,1634,60,0.002,0.0021925000,true,false
call-001240,arm8_spec_immediate,cal/f5/s5100005/unreliable,17,grok-4.20-0309-non-reasoning,sha256:89669262fa6b30bb7847415dfe5e126e52f4e03cbff73b632209ab575441f022,det-v1,1,,1526,50,880.858,0.0020325000,false,true
call-001241,arm8_spec_immediate,cal/f5/s5100005/unreliable,17,grok-4.20-0309-non-reasoning,sha256:89669262fa6b30bb7847415dfe5e126e52f4e03cbff73b632209ab575441f022,det-v1,1,accepted,1526,50,880.858,0.0020325000,false,false
call-001242,arm10_spec_eprocess,cal/f5/s5100005/unreliable,17,grok-4.20-0309-non-reasoning,sha256:89669262fa6b30bb7847415dfe5e126e52f4e03cbff73b632209ab575441f022,det-v1,1,accepted,1526,50,0.002,0.0020325000,true,false
call-001243,arm12_cth,cal/f5/s5100005/unreliable,17,grok-4.20-0309-non-reasoning,sha256:89669262fa6b30bb7847415dfe5e126e52f4e03cbff73b632209ab575441f022,det-v1,1,accepted,1526,50,0.001,0.0020325000,true,false
call-001244,arm12b_cth_llm,cal/f5/s5100005/unreliable,17,grok-4.20-0309-non-reasoning,sha256:89669262fa6b30bb7847415dfe5e126e52f4e03cbff73b632209ab575441f022,det-v1,1,accepted,1526,50,0.001,0.0020325000,true,false
call-001245,arm8_spec_immediate,cal/f5/s5100005/no_alert__twin,10,grok-4.20-0309-non-reasoning,sha256:6f40a606d09349bf2ab25a7e43f477d99edf8ff4a9a27dc45d6b2d3d3c361d3f,det-v1,1,,1257,71,1029.842,0.0017487500,false,true
call-001246,arm8_spec_immediate,cal/f5/s5100005/no_alert__twin,10,grok-4.20-0309-non-reasoning,sha256:6f40a606d09349bf2ab25a7e43f477d99edf8ff4a9a27dc45d6b2d3d3c361d3f,det-v1,1,accepted,1257,71,1029.842,0.0017487500,false,false
call-001247,arm10_spec_eprocess,cal/f5/s5100005/no_alert__twin,10,grok-4.20-0309-non-reasoning,sha256:6f40a606d09349bf2ab25a7e43f477d99edf8ff4a9a27dc45d6b2d3d3c361d3f,det-v1,1,accepted,1257,71,0.002,0.0017487500,true,false
call-001248,arm12_cth,cal/f5/s5100005/no_alert__twin,10,grok-4.20-0309-non-reasoning,sha256:6f40a606d09349bf2ab25a7e43f477d99edf8ff4a9a27dc45d6b2d3d3c361d3f,det-v1,1,accepted,1257,71,0.002,0.0017487500,true,false
call-001249,arm12b_cth_llm,cal/f5/s5100005/no_alert__twin,10,grok-4.20-0309-non-reasoning,sha256:6f40a606d09349bf2ab25a7e43f477d99edf8ff4a9a27dc45d6b2d3d3c361d3f,det-v1,1,accepted,1257,71,0.002,0.0017487500,true,false
call-001250,arm8_spec_immediate,dev/f5/s5100006/no_alert,38,grok-4.20-0309-non-reasoning,sha256:17161b44b20ff820caaee1339254cd427ecbf3e216348de6392ef3acd52a736e,det-v1,1,,2279,50,814.418,0.0029737500,false,true
call-001251,arm8_spec_immediate,dev/f5/s5100006/no_alert,38,grok-4.20-0309-non-reasoning,sha256:17161b44b20ff820caaee1339254cd427ecbf3e216348de6392ef3acd52a736e,det-v1,1,accepted,2279,50,814.418,0.0029737500,false,false
call-001252,arm10_spec_eprocess,dev/f5/s5100006/no_alert,38,grok-4.20-0309-non-reasoning,sha256:17161b44b20ff820caaee1339254cd427ecbf3e216348de6392ef3acd52a736e,det-v1,1,accepted,2279,50,0.002,0.0029737500,true,false
call-001253,arm12_cth,dev/f5/s5100006/no_alert,38,grok-4.20-0309-non-reasoning,sha256:17161b44b20ff820caaee1339254cd427ecbf3e216348de6392ef3acd52a736e,det-v1,1,accepted,2279,50,0.002,0.0029737500,true,false
call-001254,arm12b_cth_llm,dev/f5/s5100006/no_alert,38,grok-4.20-0309-non-reasoning,sha256:17161b44b20ff820caaee1339254cd427ecbf3e216348de6392ef3acd52a736e,det-v1,1,accepted,2279,50,0.001,0.0029737500,true,false
call-001255,arm8_spec_immediate,dev/f5/s5100006/early_accurate,13,grok-4.20-0309-non-reasoning,sha256:466cbc8896e8ae7db8d3988a2ee5ca9c38f4212a8f0145aed83e2ef3f69446ca,det-v1,1,,1366,88,1249.593,0.0019275000,false,true
call-001256,arm8_spec_immediate,dev/f5/s5100006/early_accurate,13,grok-4.20-0309-non-reasoning,sha256:466cbc8896e8ae7db8d3988a2ee5ca9c38f4212a8f0145aed83e2ef3f69446ca,det-v1,1,accepted,1366,88,1249.593,0.0019275000,false,false
call-001257,arm8_spec_immediate,dev/f5/s5100006/early_accurate,38,grok-4.20-0309-non-reasoning,sha256:98d07358467a5b1271a241570887859100237a5abfd1f33f7e3f0ae272ce9249,det-v1,1,,2316,88,988.223,0.0031150000,false,true
call-001258,arm8_spec_immediate,dev/f5/s5100006/early_accurate,38,grok-4.20-0309-non-reasoning,sha256:98d07358467a5b1271a241570887859100237a5abfd1f33f7e3f0ae272ce9249,det-v1,1,accepted,2316,88,988.223,0.0031150000,false,false
call-001259,arm10_spec_eprocess,dev/f5/s5100006/early_accurate,13,grok-4.20-0309-non-reasoning,sha256:466cbc8896e8ae7db8d3988a2ee5ca9c38f4212a8f0145aed83e2ef3f69446ca,det-v1,1,accepted,1366,88,0.001,0.0019275000,true,false
call-001260,arm10_spec_eprocess,dev/f5/s5100006/early_accurate,38,grok-4.20-0309-non-reasoning,sha256:7af71534995ab1377fe8ded255f97a480664ef991638c7eb48eb81278044bafa,det-v1,1,,2316,60,872.311,0.0030450000,false,true
call-001261,arm10_spec_eprocess,dev/f5/s5100006/early_accurate,38,grok-4.20-0309-non-reasoning,sha256:7af71534995ab1377fe8ded255f97a480664ef991638c7eb48eb81278044bafa,det-v1,1,accepted,2316,60,872.311,0.0030450000,false,false
call-001262,arm12_cth,dev/f5/s5100006/early_accurate,13,grok-4.20-0309-non-reasoning,sha256:466cbc8896e8ae7db8d3988a2ee5ca9c38f4212a8f0145aed83e2ef3f69446ca,det-v1,1,accepted,1366,88,0.001,0.0019275000,true,false
call-001263,arm12_cth,dev/f5/s5100006/early_accurate,38,grok-4.20-0309-non-reasoning,sha256:ccfa887a46799aebeb98cf310a794e08292f07bac12fb19201ff3b8fce67e311,det-v1,1,,2316,68,889.444,0.0030650000,false,true
call-001264,arm12_cth,dev/f5/s5100006/early_accurate,38,grok-4.20-0309-non-reasoning,sha256:ccfa887a46799aebeb98cf310a794e08292f07bac12fb19201ff3b8fce67e311,det-v1,1,accepted,2316,68,889.444,0.0030650000,false,false
call-001265,arm12b_cth_llm,dev/f5/s5100006/early_accurate,13,grok-4.20-0309-non-reasoning,sha256:466cbc8896e8ae7db8d3988a2ee5ca9c38f4212a8f0145aed83e2ef3f69446ca,det-v1,1,accepted,1366,88,0.001,0.0019275000,true,false
call-001266,arm12b_cth_llm,dev/f5/s5100006/early_accurate,38,grok-4.20-0309-non-reasoning,sha256:7af71534995ab1377fe8ded255f97a480664ef991638c7eb48eb81278044bafa,det-v1,1,accepted,2316,60,0.001,0.0030450000,true,false
call-001267,arm8_spec_immediate,dev/f5/s5100006/late_accurate,16,grok-4.20-0309-non-reasoning,sha256:cce55e406363a14ea227ec3d1bae15f32ef11b7464f04652e518be59afa52e5d,det-v1,1,,1480,87,1161.470,0.0020675000,false,true
call-001268,arm8_spec_immediate,dev/f5/s5100006/late_accurate,16,grok-4.20-0309-non-reasoning,sha256:cce55e406363a14ea227ec3d1bae15f32ef11b7464f04652e518be59afa52e5d,det-v1,1,accepted,1480,87,1161.470,0.0020675000,false,false
call-001269,arm8_spec_immediate,dev/f5/s5100006/late_accurate,38,grok-4.20-0309-non-reasoning,sha256:483719d69fefcc207f885b9d10a65204c7814b4e40f65ebb18760a4df53c6a6f,det-v1,1,,2316,80,967.936,0.0030950000,false,true
call-001270,arm8_spec_immediate,dev/f5/s5100006/late_accurate,38,grok-4.20-0309-non-reasoning,sha256:483719d69fefcc207f885b9d10a65204c7814b4e40f65ebb18760a4df53c6a6f,det-v1,1,accepted,2316,80,967.936,0.0030950000,false,false
call-001271,arm10_spec_eprocess,dev/f5/s5100006/late_accurate,16,grok-4.20-0309-non-reasoning,sha256:cce55e406363a14ea227ec3d1bae15f32ef11b7464f04652e518be59afa52e5d,det-v1,1,accepted,1480,87,0.001,0.0020675000,true,false
call-001272,arm10_spec_eprocess,dev/f5/s5100006/late_accurate,38,grok-4.20-0309-non-reasoning,sha256:88c94b02e8a0c27b18a6947fc38545c8389c94948602097372fe7ce01830e0cf,det-v1,1,,2316,68,876.112,0.0030650000,false,true
call-001273,arm10_spec_eprocess,dev/f5/s5100006/late_accurate,38,grok-4.20-0309-non-reasoning,sha256:88c94b02e8a0c27b18a6947fc38545c8389c94948602097372fe7ce01830e0cf,det-v1,1,accepted,2316,68,876.112,0.0030650000,false,false
call-001274,arm12_cth,dev/f5/s5100006/late_accurate,16,grok-4.20-0309-non-reasoning,sha256:cce55e406363a14ea227ec3d1bae15f32ef11b7464f04652e518be59afa52e5d,det-v1,1,accepted,1480,87,0.001,0.0020675000,true,false
call-001275,arm12_cth,dev/f5/s5100006/late_accurate,38,grok-4.20-0309-non-reasoning,sha256:bf16e215af47152b39cda152e5165aa93354778bee94d5670a0ea5e2165df29b,det-v1,1,,2316,68,894.174,0.0030650000,false,true
call-001276,arm12_cth,dev/f5/s5100006/late_accurate,38,grok-4.20-0309-non-reasoning,sha256:bf16e215af47152b39cda152e5165aa93354778bee94d5670a0ea5e2165df29b,det-v1,1,accepted,2316,68,894.174,0.0030650000,false,false
call-001277,arm12b_cth_llm,dev/f5/s5100006/late_accurate,16,grok-4.20-0309-non-reasoning,sha256:cce55e406363a14ea227ec3d1bae15f32ef11b7464f04652e518be59afa52e5d,det-v1,1,accepted,1480,87,0.002,0.0020675000,true,false
call-001278,arm12b_cth_llm,dev/f5/s5100006/late_accurate,38,grok-4.20-0309-non-reasoning,sha256:88c94b02e8a0c27b18a6947fc38545c8389c94948602097372fe7ce01830e0cf,det-v1,1,accepted,2316,68,0.001,0.0030650000,true,false
call-001279,arm8_spec_immediate,dev/f5/s5100006/unreliable,13,grok-4.20-0309-non-reasoning,sha256:cb9b5ffc08e4bea6c903ca0625345b7f7dab8409a542471a71a16750871997c0,det-v1,1,,1354,50,835.535,0.0018175000,false,true
call-001280,arm8_spec_immediate,dev/f5/s5100006/unreliable,13,grok-4.20-0309-non-reasoning,sha256:cb9b5ffc08e4bea6c903ca0625345b7f7dab8409a542471a71a16750871997c0,det-v1,1,accepted,1354,50,835.535,0.0018175000,false,false
call-001281,arm8_spec_immediate,dev/f5/s5100006/unreliable,38,grok-4.20-0309-non-reasoning,sha256:658dac9bf8b6dc079d0779362c044377ce1a6be0059ad7c4adebd3a43107c53a,det-v1,1,,2304,50,846.551,0.0030050000,false,true
call-001282,arm8_spec_immediate,dev/f5/s5100006/unreliable,38,grok-4.20-0309-non-reasoning,sha256:658dac9bf8b6dc079d0779362c044377ce1a6be0059ad7c4adebd3a43107c53a,det-v1,1,accepted,2304,50,846.551,0.0030050000,false,false
call-001283,arm10_spec_eprocess,dev/f5/s5100006/unreliable,13,grok-4.20-0309-non-reasoning,sha256:cb9b5ffc08e4bea6c903ca0625345b7f7dab8409a542471a71a16750871997c0,det-v1,1,accepted,1354,50,0.002,0.0018175000,true,false
call-001284,arm10_spec_eprocess,dev/f5/s5100006/unreliable,38,grok-4.20-0309-non-reasoning,sha256:658dac9bf8b6dc079d0779362c044377ce1a6be0059ad7c4adebd3a43107c53a,det-v1,1,accepted,2304,50,0.001,0.0030050000,true,false
call-001285,arm12_cth,dev/f5/s5100006/unreliable,13,grok-4.20-0309-non-reasoning,sha256:cb9b5ffc08e4bea6c903ca0625345b7f7dab8409a542471a71a16750871997c0,det-v1,1,accepted,1354,50,0.001,0.0018175000,true,false
call-001286,arm12_cth,dev/f5/s5100006/unreliable,38,grok-4.20-0309-non-reasoning,sha256:d82b8d11f157fd18c527aa268c01f407eca5f981c01d3a65b63de812997f69e5,det-v1,1,,2304,50,770.144,0.0030050000,false,true
call-001287,arm12_cth,dev/f5/s5100006/unreliable,38,grok-4.20-0309-non-reasoning,sha256:d82b8d11f157fd18c527aa268c01f407eca5f981c01d3a65b63de812997f69e5,det-v1,1,accepted,2304,50,770.144,0.0030050000,false,false
call-001288,arm12b_cth_llm,dev/f5/s5100006/unreliable,13,grok-4.20-0309-non-reasoning,sha256:cb9b5ffc08e4bea6c903ca0625345b7f7dab8409a542471a71a16750871997c0,det-v1,1,accepted,1354,50,0.002,0.0018175000,true,false
call-001289,arm12b_cth_llm,dev/f5/s5100006/unreliable,38,grok-4.20-0309-non-reasoning,sha256:658dac9bf8b6dc079d0779362c044377ce1a6be0059ad7c4adebd3a43107c53a,det-v1,1,accepted,2304,50,0.001,0.0030050000,true,false
call-001290,arm8_spec_immediate,dev/f5/s5100006/no_alert__twin,10,grok-4.20-0309-non-reasoning,sha256:eb853525b0fc7cfbaeebb5e07f57d1ed566430e3fc3ed54ae42ebd5fce7220fe,det-v1,1,,1253,86,1172.613,0.0017812500,false,true
call-001291,arm8_spec_immediate,dev/f5/s5100006/no_alert__twin,10,grok-4.20-0309-non-reasoning,sha256:eb853525b0fc7cfbaeebb5e07f57d1ed566430e3fc3ed54ae42ebd5fce7220fe,det-v1,1,accepted,1253,86,1172.613,0.0017812500,false,false
call-001292,arm8_spec_immediate,dev/f5/s5100006/no_alert__twin,38,grok-4.20-0309-non-reasoning,sha256:422c6a6973be83ed764c83ca4be3ab30e142d3dfe49227d44594b346f54c2168,det-v1,1,,2317,74,1123.779,0.0030812500,false,true
call-001293,arm8_spec_immediate,dev/f5/s5100006/no_alert__twin,38,grok-4.20-0309-non-reasoning,sha256:422c6a6973be83ed764c83ca4be3ab30e142d3dfe49227d44594b346f54c2168,det-v1,1,accepted,2317,74,1123.779,0.0030812500,false,false
call-001294,arm10_spec_eprocess,dev/f5/s5100006/no_alert__twin,10,grok-4.20-0309-non-reasoning,sha256:eb853525b0fc7cfbaeebb5e07f57d1ed566430e3fc3ed54ae42ebd5fce7220fe,det-v1,1,accepted,1253,86,0.002,0.0017812500,true,false
call-001295,arm10_spec_eprocess,dev/f5/s5100006/no_alert__twin,38,grok-4.20-0309-non-reasoning,sha256:d795e21f258403e8876456d8e67fa94a5508aeff9a91af23bf49bca8760f23cf,det-v1,1,,2317,71,1089.852,0.0030737500,false,true
call-001296,arm10_spec_eprocess,dev/f5/s5100006/no_alert__twin,38,grok-4.20-0309-non-reasoning,sha256:d795e21f258403e8876456d8e67fa94a5508aeff9a91af23bf49bca8760f23cf,det-v1,1,accepted,2317,71,1089.852,0.0030737500,false,false
call-001297,arm12_cth,dev/f5/s5100006/no_alert__twin,10,grok-4.20-0309-non-reasoning,sha256:eb853525b0fc7cfbaeebb5e07f57d1ed566430e3fc3ed54ae42ebd5fce7220fe,det-v1,1,accepted,1253,86,0.002,0.0017812500,true,false
call-001298,arm12_cth,dev/f5/s5100006/no_alert__twin,38,grok-4.20-0309-non-reasoning,sha256:65a9908a963d4c8a9a56d5fbb366f58b058f0cd22fd856a512462d694363cd03,det-v1,1,,2317,75,1009.374,0.0030837500,false,true
call-001299,arm12_cth,dev/f5/s5100006/no_alert__twin,38,grok-4.20-0309-non-reasoning,sha256:65a9908a963d4c8a9a56d5fbb366f58b058f0cd22fd856a512462d694363cd03,det-v1,1,accepted,2317,75,1009.374,0.0030837500,false,false
call-001300,arm12b_cth_llm,dev/f5/s5100006/no_alert__twin,10,grok-4.20-0309-non-reasoning,sha256:eb853525b0fc7cfbaeebb5e07f57d1ed566430e3fc3ed54ae42ebd5fce7220fe,det-v1,1,accepted,1253,86,0.002,0.0017812500,true,false
call-001301,arm12b_cth_llm,dev/f5/s5100006/no_alert__twin,38,grok-4.20-0309-non-reasoning,sha256:3f7d16d06c74e1a4e7ea0746ff0558657232f970779a0eddb8401d7d00fcf874,det-v1,1,,2317,75,1017.912,0.0030837500,false,true
call-001302,arm12b_cth_llm,dev/f5/s5100006/no_alert__twin,38,grok-4.20-0309-non-reasoning,sha256:3f7d16d06c74e1a4e7ea0746ff0558657232f970779a0eddb8401d7d00fcf874,det-v1,1,accepted,2317,75,1017.912,0.0030837500,false,false
call-001303,arm8_spec_immediate,cal/f5/s5100007/early_accurate,20,grok-4.20-0309-non-reasoning,sha256:f7c615c62ab010432c0a4e6508130758b76f84ea1836c420ec449df0e8ca3c85,det-v1,1,,1635,60,1003.837,0.0021937500,false,true
call-001304,arm8_spec_immediate,cal/f5/s5100007/early_accurate,20,grok-4.20-0309-non-reasoning,sha256:f7c615c62ab010432c0a4e6508130758b76f84ea1836c420ec449df0e8ca3c85,det-v1,1,accepted,1635,60,1003.837,0.0021937500,false,false
call-001305,arm10_spec_eprocess,cal/f5/s5100007/early_accurate,20,grok-4.20-0309-non-reasoning,sha256:f7c615c62ab010432c0a4e6508130758b76f84ea1836c420ec449df0e8ca3c85,det-v1,1,accepted,1635,60,0.002,0.0021937500,true,false
call-001306,arm12_cth,cal/f5/s5100007/early_accurate,20,grok-4.20-0309-non-reasoning,sha256:f7c615c62ab010432c0a4e6508130758b76f84ea1836c420ec449df0e8ca3c85,det-v1,1,accepted,1635,60,0.002,0.0021937500,true,false
call-001307,arm12b_cth_llm,cal/f5/s5100007/early_accurate,20,grok-4.20-0309-non-reasoning,sha256:f7c615c62ab010432c0a4e6508130758b76f84ea1836c420ec449df0e8ca3c85,det-v1,1,accepted,1635,60,0.002,0.0021937500,true,false
call-001308,arm8_spec_immediate,cal/f5/s5100007/late_accurate,23,grok-4.20-0309-non-reasoning,sha256:bec1576302c96b4d82908f93a7cde22c3a266c4422c41707ecec176981cb00af,det-v1,1,,1749,64,985.368,0.0023462500,false,true
call-001309,arm8_spec_immediate,cal/f5/s5100007/late_accurate,23,grok-4.20-0309-non-reasoning,sha256:bec1576302c96b4d82908f93a7cde22c3a266c4422c41707ecec176981cb00af,det-v1,1,accepted,1749,64,985.368,0.0023462500,false,false
call-001310,arm10_spec_eprocess,cal/f5/s5100007/late_accurate,23,grok-4.20-0309-non-reasoning,sha256:bec1576302c96b4d82908f93a7cde22c3a266c4422c41707ecec176981cb00af,det-v1,1,accepted,1749,64,0.002,0.0023462500,true,false
call-001311,arm12_cth,cal/f5/s5100007/late_accurate,23,grok-4.20-0309-non-reasoning,sha256:bec1576302c96b4d82908f93a7cde22c3a266c4422c41707ecec176981cb00af,det-v1,1,accepted,1749,64,0.002,0.0023462500,true,false
call-001312,arm12b_cth_llm,cal/f5/s5100007/late_accurate,23,grok-4.20-0309-non-reasoning,sha256:bec1576302c96b4d82908f93a7cde22c3a266c4422c41707ecec176981cb00af,det-v1,1,accepted,1749,64,0.002,0.0023462500,true,false
call-001313,arm8_spec_immediate,cal/f5/s5100007/unreliable,20,grok-4.20-0309-non-reasoning,sha256:04889f7b1eec2b07c0898065510b62f325db7203e5d4f4096d154a987980e371,det-v1,1,,1642,61,946.425,0.0022050000,false,true
call-001314,arm8_spec_immediate,cal/f5/s5100007/unreliable,20,grok-4.20-0309-non-reasoning,sha256:04889f7b1eec2b07c0898065510b62f325db7203e5d4f4096d154a987980e371,det-v1,1,accepted,1642,61,946.425,0.0022050000,false,false
call-001315,arm10_spec_eprocess,cal/f5/s5100007/unreliable,20,grok-4.20-0309-non-reasoning,sha256:04889f7b1eec2b07c0898065510b62f325db7203e5d4f4096d154a987980e371,det-v1,1,accepted,1642,61,0.001,0.0022050000,true,false
call-001316,arm12_cth,cal/f5/s5100007/unreliable,20,grok-4.20-0309-non-reasoning,sha256:04889f7b1eec2b07c0898065510b62f325db7203e5d4f4096d154a987980e371,det-v1,1,accepted,1642,61,0.003,0.0022050000,true,false
call-001317,arm12b_cth_llm,cal/f5/s5100007/unreliable,20,grok-4.20-0309-non-reasoning,sha256:04889f7b1eec2b07c0898065510b62f325db7203e5d4f4096d154a987980e371,det-v1,1,accepted,1642,61,0.002,0.0022050000,true,false
call-001318,arm8_spec_immediate,dev/f6/s6100000/no_alert,23,grok-4.20-0309-non-reasoning,sha256:9dc20283e1713305b70a74bd06223542103b2c0fffff9448734b8a911e09f7b5,det-v1,1,,1709,71,952.601,0.0023137500,false,true
call-001319,arm8_spec_immediate,dev/f6/s6100000/no_alert,23,grok-4.20-0309-non-reasoning,sha256:9dc20283e1713305b70a74bd06223542103b2c0fffff9448734b8a911e09f7b5,det-v1,1,accepted,1709,71,952.601,0.0023137500,false,false
call-001320,arm10_spec_eprocess,dev/f6/s6100000/no_alert,23,grok-4.20-0309-non-reasoning,sha256:9dc20283e1713305b70a74bd06223542103b2c0fffff9448734b8a911e09f7b5,det-v1,1,accepted,1709,71,0.002,0.0023137500,true,false
call-001321,arm12_cth,dev/f6/s6100000/no_alert,23,grok-4.20-0309-non-reasoning,sha256:9dc20283e1713305b70a74bd06223542103b2c0fffff9448734b8a911e09f7b5,det-v1,1,accepted,1709,71,0.002,0.0023137500,true,false
call-001322,arm12b_cth_llm,dev/f6/s6100000/no_alert,23,grok-4.20-0309-non-reasoning,sha256:9dc20283e1713305b70a74bd06223542103b2c0fffff9448734b8a911e09f7b5,det-v1,1,accepted,1709,71,0.002,0.0023137500,true,false
call-001323,arm8_spec_immediate,dev/f6/s6100000/early_accurate,16,grok-4.20-0309-non-reasoning,sha256:b861327b4afe361bc2ccdb4493db5b824d09f4e01d4f8fbac179f24fda9863fa,det-v1,1,,1482,55,911.861,0.0019900000,false,true
call-001324,arm8_spec_immediate,dev/f6/s6100000/early_accurate,16,grok-4.20-0309-non-reasoning,sha256:b861327b4afe361bc2ccdb4493db5b824d09f4e01d4f8fbac179f24fda9863fa,det-v1,1,accepted,1482,55,911.861,0.0019900000,false,false
call-001325,arm8_spec_immediate,dev/f6/s6100000/early_accurate,23,grok-4.20-0309-non-reasoning,sha256:bbb5ec072628034384312bcce45fc771d719e40326f5986799a3fd507179bd6c,det-v1,1,,1748,76,909.412,0.0023750000,false,true
call-001326,arm8_spec_immediate,dev/f6/s6100000/early_accurate,23,grok-4.20-0309-non-reasoning,sha256:bbb5ec072628034384312bcce45fc771d719e40326f5986799a3fd507179bd6c,det-v1,1,accepted,1748,76,909.412,0.0023750000,false,false
call-001327,arm10_spec_eprocess,dev/f6/s6100000/early_accurate,16,grok-4.20-0309-non-reasoning,sha256:b861327b4afe361bc2ccdb4493db5b824d09f4e01d4f8fbac179f24fda9863fa,det-v1,1,accepted,1482,55,0.002,0.0019900000,true,false
call-001328,arm10_spec_eprocess,dev/f6/s6100000/early_accurate,23,grok-4.20-0309-non-reasoning,sha256:a8bacf63761d322af696660ddf4c2526d6d3cda20ca0d806206c7ad9ccf38e78,det-v1,1,,1748,72,1045.122,0.0023650000,false,true
call-001329,arm10_spec_eprocess,dev/f6/s6100000/early_accurate,23,grok-4.20-0309-non-reasoning,sha256:a8bacf63761d322af696660ddf4c2526d6d3cda20ca0d806206c7ad9ccf38e78,det-v1,1,accepted,1748,72,1045.122,0.0023650000,false,false
call-001330,arm12_cth,dev/f6/s6100000/early_accurate,16,grok-4.20-0309-non-reasoning,sha256:b861327b4afe361bc2ccdb4493db5b824d09f4e01d4f8fbac179f24fda9863fa,det-v1,1,accepted,1482,55,0.002,0.0019900000,true,false
call-001331,arm12_cth,dev/f6/s6100000/early_accurate,23,grok-4.20-0309-non-reasoning,sha256:8826c9d9675eec492ba309eac06519219442197237309c015444ab36ab310522,det-v1,1,,1748,76,1047.420,0.0023750000,false,true
call-001332,arm12_cth,dev/f6/s6100000/early_accurate,23,grok-4.20-0309-non-reasoning,sha256:8826c9d9675eec492ba309eac06519219442197237309c015444ab36ab310522,det-v1,1,accepted,1748,76,1047.420,0.0023750000,false,false
call-001333,arm12b_cth_llm,dev/f6/s6100000/early_accurate,16,grok-4.20-0309-non-reasoning,sha256:b861327b4afe361bc2ccdb4493db5b824d09f4e01d4f8fbac179f24fda9863fa,det-v1,1,accepted,1482,55,0.002,0.0019900000,true,false
call-001334,arm12b_cth_llm,dev/f6/s6100000/early_accurate,23,grok-4.20-0309-non-reasoning,sha256:1472173101f4c97504e8673ee4744186d24147b34c79a0ad9912708adcba5c78,det-v1,1,,1748,76,1003.581,0.0023750000,false,true
call-001335,arm12b_cth_llm,dev/f6/s6100000/early_accurate,23,grok-4.20-0309-non-reasoning,sha256:1472173101f4c97504e8673ee4744186d24147b34c79a0ad9912708adcba5c78,det-v1,1,accepted,1748,76,1003.581,0.0023750000,false,false
call-001336,arm8_spec_immediate,dev/f6/s6100000/late_accurate,19,grok-4.20-0309-non-reasoning,sha256:e260a4e51c57a35b8a192d2e5fd40e1c6cbcf8b05906fe3fafd111522091109f,det-v1,1,,1596,60,869.409,0.0021450000,false,true
call-001337,arm8_spec_immediate,dev/f6/s6100000/late_accurate,19,grok-4.20-0309-non-reasoning,sha256:e260a4e51c57a35b8a192d2e5fd40e1c6cbcf8b05906fe3fafd111522091109f,det-v1,1,accepted,1596,60,869.409,0.0021450000,false,false
call-001338,arm10_spec_eprocess,dev/f6/s6100000/late_accurate,19,grok-4.20-0309-non-reasoning,sha256:e260a4e51c57a35b8a192d2e5fd40e1c6cbcf8b05906fe3fafd111522091109f,det-v1,1,accepted,1596,60,0.002,0.0021450000,true,false
call-001339,arm12_cth,dev/f6/s6100000/late_accurate,19,grok-4.20-0309-non-reasoning,sha256:e260a4e51c57a35b8a192d2e5fd40e1c6cbcf8b05906fe3fafd111522091109f,det-v1,1,accepted,1596,60,0.003,0.0021450000,true,false
call-001340,arm12b_cth_llm,dev/f6/s6100000/late_accurate,19,grok-4.20-0309-non-reasoning,sha256:e260a4e51c57a35b8a192d2e5fd40e1c6cbcf8b05906fe3fafd111522091109f,det-v1,1,accepted,1596,60,0.003,0.0021450000,true,false
call-001341,arm8_spec_immediate,dev/f6/s6100000/unreliable,16,grok-4.20-0309-non-reasoning,sha256:4add6cc7449d673e1a44343a55b925e3895375b59b829b4a27c78cdef7d87739,det-v1,1,,1467,50,820.479,0.0019587500,false,true
call-001342,arm8_spec_immediate,dev/f6/s6100000/unreliable,16,grok-4.20-0309-non-reasoning,sha256:4add6cc7449d673e1a44343a55b925e3895375b59b829b4a27c78cdef7d87739,det-v1,1,accepted,1467,50,820.479,0.0019587500,false,false
call-001343,arm8_spec_immediate,dev/f6/s6100000/unreliable,23,grok-4.20-0309-non-reasoning,sha256:36804eeab8b3de108f6d7bb83778580311ec7cde089196a41dcca703cd821215,det-v1,1,,1733,97,1059.849,0.0024087500,false,true
call-001344,arm8_spec_immediate,dev/f6/s6100000/unreliable,23,grok-4.20-0309-non-reasoning,sha256:36804eeab8b3de108f6d7bb83778580311ec7cde089196a41dcca703cd821215,det-v1,1,accepted,1733,97,1059.849,0.0024087500,false,false
call-001345,arm10_spec_eprocess,dev/f6/s6100000/unreliable,16,grok-4.20-0309-non-reasoning,sha256:4add6cc7449d673e1a44343a55b925e3895375b59b829b4a27c78cdef7d87739,det-v1,1,accepted,1467,50,0.001,0.0019587500,true,false
call-001346,arm10_spec_eprocess,dev/f6/s6100000/unreliable,23,grok-4.20-0309-non-reasoning,sha256:36804eeab8b3de108f6d7bb83778580311ec7cde089196a41dcca703cd821215,det-v1,1,accepted,1733,97,0.001,0.0024087500,true,false
call-001347,arm12_cth,dev/f6/s6100000/unreliable,16,grok-4.20-0309-non-reasoning,sha256:4add6cc7449d673e1a44343a55b925e3895375b59b829b4a27c78cdef7d87739,det-v1,1,accepted,1467,50,0.002,0.0019587500,true,false
call-001348,arm12_cth,dev/f6/s6100000/unreliable,23,grok-4.20-0309-non-reasoning,sha256:60cbc64bde8b3ab8118b837441a1e14e65e0742c44458ffb0cafdd5fd4aecf1a,det-v1,1,,1733,66,892.171,0.0023312500,false,true
call-001349,arm12_cth,dev/f6/s6100000/unreliable,23,grok-4.20-0309-non-reasoning,sha256:60cbc64bde8b3ab8118b837441a1e14e65e0742c44458ffb0cafdd5fd4aecf1a,det-v1,1,accepted,1733,66,892.171,0.0023312500,false,false
call-001350,arm12b_cth_llm,dev/f6/s6100000/unreliable,16,grok-4.20-0309-non-reasoning,sha256:4add6cc7449d673e1a44343a55b925e3895375b59b829b4a27c78cdef7d87739,det-v1,1,accepted,1467,50,0.003,0.0019587500,true,false
call-001351,arm12b_cth_llm,dev/f6/s6100000/unreliable,23,grok-4.20-0309-non-reasoning,sha256:36804eeab8b3de108f6d7bb83778580311ec7cde089196a41dcca703cd821215,det-v1,1,accepted,1733,97,0.001,0.0024087500,true,false
call-001352,arm8_spec_immediate,cal/f6/s6100001/early_accurate,14,grok-4.20-0309-non-reasoning,sha256:a1f9a31d7f704927189b792c360efb85407fd8f7877a135ed659da326e3e348c,det-v1,1,,1407,68,898.586,0.0019287500,false,true
call-001353,arm8_spec_immediate,cal/f6/s6100001/early_accurate,14,grok-4.20-0309-non-reasoning,sha256:a1f9a31d7f704927189b792c360efb85407fd8f7877a135ed659da326e3e348c,det-v1,1,accepted,1407,68,898.586,0.0019287500,false,false
call-001354,arm10_spec_eprocess,cal/f6/s6100001/early_accurate,14,grok-4.20-0309-non-reasoning,sha256:a1f9a31d7f704927189b792c360efb85407fd8f7877a135ed659da326e3e348c,det-v1,1,accepted,1407,68,0.002,0.0019287500,true,false
call-001355,arm12_cth,cal/f6/s6100001/early_accurate,14,grok-4.20-0309-non-reasoning,sha256:a1f9a31d7f704927189b792c360efb85407fd8f7877a135ed659da326e3e348c,det-v1,1,accepted,1407,68,0.002,0.0019287500,true,false
call-001356,arm12b_cth_llm,cal/f6/s6100001/early_accurate,14,grok-4.20-0309-non-reasoning,sha256:a1f9a31d7f704927189b792c360efb85407fd8f7877a135ed659da326e3e348c,det-v1,1,accepted,1407,68,0.002,0.0019287500,true,false
call-001357,arm8_spec_immediate,cal/f6/s6100001/late_accurate,17,grok-4.20-0309-non-reasoning,sha256:a816d86e81b0105833197f3341cca0c95b2871b5a4f1dcb3869ac927653247da,det-v1,1,,1521,88,1166.037,0.0021212500,false,true
call-001358,arm8_spec_immediate,cal/f6/s6100001/late_accurate,17,grok-4.20-0309-non-reasoning,sha256:a816d86e81b0105833197f3341cca0c95b2871b5a4f1dcb3869ac927653247da,det-v1,1,accepted,1521,88,1166.037,0.0021212500,false,false
call-001359,arm10_spec_eprocess,cal/f6/s6100001/late_accurate,17,grok-4.20-0309-non-reasoning,sha256:a816d86e81b0105833197f3341cca0c95b2871b5a4f1dcb3869ac927653247da,det-v1,1,accepted,1521,88,0.001,0.0021212500,true,false
call-001360,arm12_cth,cal/f6/s6100001/late_accurate,17,grok-4.20-0309-non-reasoning,sha256:a816d86e81b0105833197f3341cca0c95b2871b5a4f1dcb3869ac927653247da,det-v1,1,accepted,1521,88,0.002,0.0021212500,true,false
call-001361,arm12b_cth_llm,cal/f6/s6100001/late_accurate,17,grok-4.20-0309-non-reasoning,sha256:a816d86e81b0105833197f3341cca0c95b2871b5a4f1dcb3869ac927653247da,det-v1,1,accepted,1521,88,0.002,0.0021212500,true,false
call-001362,arm8_spec_immediate,cal/f6/s6100001/unreliable,14,grok-4.20-0309-non-reasoning,sha256:bd9610d61a853239239957831c4302d19131a32a7cf5409b15eee61b38e3d1b8,det-v1,1,,1404,55,812.960,0.0018925000,false,true
call-001363,arm8_spec_immediate,cal/f6/s6100001/unreliable,14,grok-4.20-0309-non-reasoning,sha256:bd9610d61a853239239957831c4302d19131a32a7cf5409b15eee61b38e3d1b8,det-v1,1,accepted,1404,55,812.960,0.0018925000,false,false
call-001364,arm10_spec_eprocess,cal/f6/s6100001/unreliable,14,grok-4.20-0309-non-reasoning,sha256:bd9610d61a853239239957831c4302d19131a32a7cf5409b15eee61b38e3d1b8,det-v1,1,accepted,1404,55,0.001,0.0018925000,true,false
call-001365,arm12_cth,cal/f6/s6100001/unreliable,14,grok-4.20-0309-non-reasoning,sha256:bd9610d61a853239239957831c4302d19131a32a7cf5409b15eee61b38e3d1b8,det-v1,1,accepted,1404,55,0.002,0.0018925000,true,false
call-001366,arm12b_cth_llm,cal/f6/s6100001/unreliable,14,grok-4.20-0309-non-reasoning,sha256:bd9610d61a853239239957831c4302d19131a32a7cf5409b15eee61b38e3d1b8,det-v1,1,accepted,1404,55,0.002,0.0018925000,true,false
call-001367,arm8_spec_immediate,cal/f6/s6100001/no_alert__twin,10,grok-4.20-0309-non-reasoning,sha256:846eb78fcfa77fe68816ad202e4299842b01caca7d459d1a5ad71151bcd9afb4,det-v1,1,,1256,76,930.908,0.0017600000,false,true
call-001368,arm8_spec_immediate,cal/f6/s6100001/no_alert__twin,10,grok-4.20-0309-non-reasoning,sha256:846eb78fcfa77fe68816ad202e4299842b01caca7d459d1a5ad71151bcd9afb4,det-v1,1,accepted,1256,76,930.908,0.0017600000,false,false
call-001369,arm10_spec_eprocess,cal/f6/s6100001/no_alert__twin,10,grok-4.20-0309-non-reasoning,sha256:846eb78fcfa77fe68816ad202e4299842b01caca7d459d1a5ad71151bcd9afb4,det-v1,1,accepted,1256,76,0.001,0.0017600000,true,false
call-001370,arm12_cth,cal/f6/s6100001/no_alert__twin,10,grok-4.20-0309-non-reasoning,sha256:846eb78fcfa77fe68816ad202e4299842b01caca7d459d1a5ad71151bcd9afb4,det-v1,1,accepted,1256,76,0.001,0.0017600000,true,false
call-001371,arm12b_cth_llm,cal/f6/s6100001/no_alert__twin,10,grok-4.20-0309-non-reasoning,sha256:846eb78fcfa77fe68816ad202e4299842b01caca7d459d1a5ad71151bcd9afb4,det-v1,1,accepted,1256,76,0.002,0.0017600000,true,false
call-001372,arm8_spec_immediate,dev/f6/s6100002/early_accurate,19,grok-4.20-0309-non-reasoning,sha256:7809fa57de00d839330ae95dc59e86f05a81789bd78d91ab02b6bad797762e72,det-v1,1,,1589,83,954.605,0.0021937500,false,true
call-001373,arm8_spec_immediate,dev/f6/s6100002/early_accurate,19,grok-4.20-0309-non-reasoning,sha256:7809fa57de00d839330ae95dc59e86f05a81789bd78d91ab02b6bad797762e72,det-v1,1,accepted,1589,83,954.605,0.0021937500,false,false
call-001374,arm10_spec_eprocess,dev/f6/s6100002/early_accurate,19,grok-4.20-0309-non-reasoning,sha256:7809fa57de00d839330ae95dc59e86f05a81789bd78d91ab02b6bad797762e72,det-v1,1,accepted,1589,83,0.001,0.0021937500,true,false
call-001375,arm12_cth,dev/f6/s6100002/early_accurate,19,grok-4.20-0309-non-reasoning,sha256:7809fa57de00d839330ae95dc59e86f05a81789bd78d91ab02b6bad797762e72,det-v1,1,accepted,1589,83,0.003,0.0021937500,true,false
call-001376,arm12b_cth_llm,dev/f6/s6100002/early_accurate,19,grok-4.20-0309-non-reasoning,sha256:7809fa57de00d839330ae95dc59e86f05a81789bd78d91ab02b6bad797762e72,det-v1,1,accepted,1589,83,0.003,0.0021937500,true,false
call-001377,arm8_spec_immediate,dev/f6/s6100002/late_accurate,22,grok-4.20-0309-non-reasoning,sha256:6fecc53ff5a3d79c2b700604b61d0861b68b61453e42d9da1d0b917c799cbaa6,det-v1,1,,1703,83,970.208,0.0023362500,false,true
call-001378,arm8_spec_immediate,dev/f6/s6100002/late_accurate,22,grok-4.20-0309-non-reasoning,sha256:6fecc53ff5a3d79c2b700604b61d0861b68b61453e42d9da1d0b917c799cbaa6,det-v1,1,accepted,1703,83,970.208,0.0023362500,false,false
call-001379,arm10_spec_eprocess,dev/f6/s6100002/late_accurate,22,grok-4.20-0309-non-reasoning,sha256:6fecc53ff5a3d79c2b700604b61d0861b68b61453e42d9da1d0b917c799cbaa6,det-v1,1,accepted,1703,83,0.002,0.0023362500,true,false
call-001380,arm12_cth,dev/f6/s6100002/late_accurate,22,grok-4.20-0309-non-reasoning,sha256:6fecc53ff5a3d79c2b700604b61d0861b68b61453e42d9da1d0b917c799cbaa6,det-v1,1,accepted,1703,83,0.002,0.0023362500,true,false
call-001381,arm12b_cth_llm,dev/f6/s6100002/late_accurate,22,grok-4.20-0309-non-reasoning,sha256:6fecc53ff5a3d79c2b700604b61d0861b68b61453e42d9da1d0b917c799cbaa6,det-v1,1,accepted,1703,83,0.002,0.0023362500,true,false
call-001382,arm8_spec_immediate,dev/f6/s6100002/unreliable,19,grok-4.20-0309-non-reasoning,sha256:74e1eff52e6ae968107820b59cd229a01c9bfd1474eba1328dfec660ab8a3cbd,det-v1,1,,1595,54,839.672,0.0021287500,false,true
call-001383,arm8_spec_immediate,dev/f6/s6100002/unreliable,19,grok-4.20-0309-non-reasoning,sha256:74e1eff52e6ae968107820b59cd229a01c9bfd1474eba1328dfec660ab8a3cbd,det-v1,1,accepted,1595,54,839.672,0.0021287500,false,false
call-001384,arm10_spec_eprocess,dev/f6/s6100002/unreliable,19,grok-4.20-0309-non-reasoning,sha256:74e1eff52e6ae968107820b59cd229a01c9bfd1474eba1328dfec660ab8a3cbd,det-v1,1,accepted,1595,54,0.002,0.0021287500,true,false
call-001385,arm12_cth,dev/f6/s6100002/unreliable,19,grok-4.20-0309-non-reasoning,sha256:74e1eff52e6ae968107820b59cd229a01c9bfd1474eba1328dfec660ab8a3cbd,det-v1,1,accepted,1595,54,0.001,0.0021287500,true,false
call-001386,arm12b_cth_llm,dev/f6/s6100002/unreliable,19,grok-4.20-0309-non-reasoning,sha256:74e1eff52e6ae968107820b59cd229a01c9bfd1474eba1328dfec660ab8a3cbd,det-v1,1,accepted,1595,54,0.002,0.0021287500,true,false
call-001387,arm8_spec_immediate,dev/f6/s6100002/no_alert__twin,10,grok-4.20-0309-non-reasoning,sha256:1190b0e1d628baa5e8f8cb114ee171243e2fb87b7e284e541189f3a688b93b33,det-v1,1,,1255,67,988.828,0.0017362500,false,true
call-001388,arm8_spec_immediate,dev/f6/s6100002/no_alert__twin,10,grok-4.20-0309-non-reasoning,sha256:1190b0e1d628baa5e8f8cb114ee171243e2fb87b7e284e541189f3a688b93b33,det-v1,1,accepted,1255,67,988.828,0.0017362500,false,false
call-001389,arm10_spec_eprocess,dev/f6/s6100002/no_alert__twin,10,grok-4.20-0309-non-reasoning,sha256:1190b0e1d628baa5e8f8cb114ee171243e2fb87b7e284e541189f3a688b93b33,det-v1,1,accepted,1255,67,0.002,0.0017362500,true,false
call-001390,arm12_cth,dev/f6/s6100002/no_alert__twin,10,grok-4.20-0309-non-reasoning,sha256:1190b0e1d628baa5e8f8cb114ee171243e2fb87b7e284e541189f3a688b93b33,det-v1,1,accepted,1255,67,0.001,0.0017362500,true,false
call-001391,arm12b_cth_llm,dev/f6/s6100002/no_alert__twin,10,grok-4.20-0309-non-reasoning,sha256:1190b0e1d628baa5e8f8cb114ee171243e2fb87b7e284e541189f3a688b93b33,det-v1,1,accepted,1255,67,0.002,0.0017362500,true,false
call-001392,arm8_spec_immediate,cal/f6/s6100003/early_accurate,13,grok-4.20-0309-non-reasoning,sha256:784182f6e801361ec8deda69ab4e66716b2ada26037457dba16c6ae3578315e2,det-v1,1,,1368,56,791.819,0.0018500000,false,true
call-001393,arm8_spec_immediate,cal/f6/s6100003/early_accurate,13,grok-4.20-0309-non-reasoning,sha256:784182f6e801361ec8deda69ab4e66716b2ada26037457dba16c6ae3578315e2,det-v1,1,accepted,1368,56,791.819,0.0018500000,false,false
call-001394,arm10_spec_eprocess,cal/f6/s6100003/early_accurate,13,grok-4.20-0309-non-reasoning,sha256:784182f6e801361ec8deda69ab4e66716b2ada26037457dba16c6ae3578315e2,det-v1,1,accepted,1368,56,0.001,0.0018500000,true,false
call-001395,arm12_cth,cal/f6/s6100003/early_accurate,13,grok-4.20-0309-non-reasoning,sha256:784182f6e801361ec8deda69ab4e66716b2ada26037457dba16c6ae3578315e2,det-v1,1,accepted,1368,56,0.003,0.0018500000,true,false
call-001396,arm12b_cth_llm,cal/f6/s6100003/early_accurate,13,grok-4.20-0309-non-reasoning,sha256:784182f6e801361ec8deda69ab4e66716b2ada26037457dba16c6ae3578315e2,det-v1,1,accepted,1368,56,0.005,0.0018500000,true,false
call-001397,arm8_spec_immediate,cal/f6/s6100003/late_accurate,16,grok-4.20-0309-non-reasoning,sha256:d792e048e1880494b7188263c670359056885402a86a0a6d4ee858471f4af7b2,det-v1,1,,1482,68,1223.143,0.0020225000,false,true
call-001398,arm8_spec_immediate,cal/f6/s6100003/late_accurate,16,grok-4.20-0309-non-reasoning,sha256:d792e048e1880494b7188263c670359056885402a86a0a6d4ee858471f4af7b2,det-v1,1,accepted,1482,68,1223.143,0.0020225000,false,false
call-001399,arm10_spec_eprocess,cal/f6/s6100003/late_accurate,16,grok-4.20-0309-non-reasoning,sha256:d792e048e1880494b7188263c670359056885402a86a0a6d4ee858471f4af7b2,det-v1,1,accepted,1482,68,0.002,0.0020225000,true,false
call-001400,arm12_cth,cal/f6/s6100003/late_accurate,16,grok-4.20-0309-non-reasoning,sha256:d792e048e1880494b7188263c670359056885402a86a0a6d4ee858471f4af7b2,det-v1,1,accepted,1482,68,0.003,0.0020225000,true,false
call-001401,arm12b_cth_llm,cal/f6/s6100003/late_accurate,16,grok-4.20-0309-non-reasoning,sha256:d792e048e1880494b7188263c670359056885402a86a0a6d4ee858471f4af7b2,det-v1,1,accepted,1482,68,0.003,0.0020225000,true,false
call-001402,arm8_spec_immediate,cal/f6/s6100003/unreliable,13,grok-4.20-0309-non-reasoning,sha256:66854be51c1d6d5360778f26240604a91ba6d5822c26b2874ee33f072c6ca01c,det-v1,1,,1363,76,1089.573,0.0018937500,false,true
call-001403,arm8_spec_immediate,cal/f6/s6100003/unreliable,13,grok-4.20-0309-non-reasoning,sha256:66854be51c1d6d5360778f26240604a91ba6d5822c26b2874ee33f072c6ca01c,det-v1,1,accepted,1363,76,1089.573,0.0018937500,false,false
call-001404,arm10_spec_eprocess,cal/f6/s6100003/unreliable,13,grok-4.20-0309-non-reasoning,sha256:66854be51c1d6d5360778f26240604a91ba6d5822c26b2874ee33f072c6ca01c,det-v1,1,accepted,1363,76,0.002,0.0018937500,true,false
call-001405,arm12_cth,cal/f6/s6100003/unreliable,13,grok-4.20-0309-non-reasoning,sha256:66854be51c1d6d5360778f26240604a91ba6d5822c26b2874ee33f072c6ca01c,det-v1,1,accepted,1363,76,0.003,0.0018937500,true,false
call-001406,arm12b_cth_llm,cal/f6/s6100003/unreliable,13,grok-4.20-0309-non-reasoning,sha256:66854be51c1d6d5360778f26240604a91ba6d5822c26b2874ee33f072c6ca01c,det-v1,1,accepted,1363,76,0.003,0.0018937500,true,false
call-001407,arm8_spec_immediate,cal/f6/s6100003/no_alert__twin,16,grok-4.20-0309-non-reasoning,sha256:351f81150caf60813e3412b47d5bf239d759c6d8f6b80d1b5c490c2ce7d6bb04,det-v1,1,,1443,76,1085.920,0.0019937500,false,true
call-001408,arm8_spec_immediate,cal/f6/s6100003/no_alert__twin,16,grok-4.20-0309-non-reasoning,sha256:351f81150caf60813e3412b47d5bf239d759c6d8f6b80d1b5c490c2ce7d6bb04,det-v1,1,accepted,1443,76,1085.920,0.0019937500,false,false
call-001409,arm10_spec_eprocess,cal/f6/s6100003/no_alert__twin,16,grok-4.20-0309-non-reasoning,sha256:351f81150caf60813e3412b47d5bf239d759c6d8f6b80d1b5c490c2ce7d6bb04,det-v1,1,accepted,1443,76,0.002,0.0019937500,true,false
call-001410,arm12_cth,cal/f6/s6100003/no_alert__twin,16,grok-4.20-0309-non-reasoning,sha256:351f81150caf60813e3412b47d5bf239d759c6d8f6b80d1b5c490c2ce7d6bb04,det-v1,1,accepted,1443,76,0.002,0.0019937500,true,false
call-001411,arm12b_cth_llm,cal/f6/s6100003/no_alert__twin,16,grok-4.20-0309-non-reasoning,sha256:351f81150caf60813e3412b47d5bf239d759c6d8f6b80d1b5c490c2ce7d6bb04,det-v1,1,accepted,1443,76,0.004,0.0019937500,true,false
call-001412,arm8_spec_immediate,dev/f6/s6100004/no_alert,12,grok-4.20-0309-non-reasoning,sha256:f23cc28157b9f9971193fe4499a53caa9d45a276d74f3946a01f6dc96167921c,det-v1,1,,1291,50,832.428,0.0017387500,false,true
call-001413,arm8_spec_immediate,dev/f6/s6100004/no_alert,12,grok-4.20-0309-non-reasoning,sha256:f23cc28157b9f9971193fe4499a53caa9d45a276d74f3946a01f6dc96167921c,det-v1,1,accepted,1291,50,832.428,0.0017387500,false,false
call-001414,arm10_spec_eprocess,dev/f6/s6100004/no_alert,12,grok-4.20-0309-non-reasoning,sha256:f23cc28157b9f9971193fe4499a53caa9d45a276d74f3946a01f6dc96167921c,det-v1,1,accepted,1291,50,0.001,0.0017387500,true,false
call-001415,arm12_cth,dev/f6/s6100004/no_alert,12,grok-4.20-0309-non-reasoning,sha256:f23cc28157b9f9971193fe4499a53caa9d45a276d74f3946a01f6dc96167921c,det-v1,1,accepted,1291,50,0.002,0.0017387500,true,false
call-001416,arm12b_cth_llm,dev/f6/s6100004/no_alert,12,grok-4.20-0309-non-reasoning,sha256:f23cc28157b9f9971193fe4499a53caa9d45a276d74f3946a01f6dc96167921c,det-v1,1,accepted,1291,50,0.004,0.0017387500,true,false
call-001417,arm8_spec_immediate,dev/f6/s6100004/early_accurate,12,grok-4.20-0309-non-reasoning,sha256:b716ab027d76db1882a4fff13543a930ea033a809c3b834f7d4e54adae3f00f8,det-v1,1,,1291,50,869.415,0.0017387500,false,true
call-001418,arm8_spec_immediate,dev/f6/s6100004/early_accurate,12,grok-4.20-0309-non-reasoning,sha256:b716ab027d76db1882a4fff13543a930ea033a809c3b834f7d4e54adae3f00f8,det-v1,1,accepted,1291,50,869.415,0.0017387500,false,false
call-001419,arm10_spec_eprocess,dev/f6/s6100004/early_accurate,12,grok-4.20-0309-non-reasoning,sha256:b716ab027d76db1882a4fff13543a930ea033a809c3b834f7d4e54adae3f00f8,det-v1,1,accepted,1291,50,0.002,0.0017387500,true,false
call-001420,arm12_cth,dev/f6/s6100004/early_accurate,12,grok-4.20-0309-non-reasoning,sha256:b716ab027d76db1882a4fff13543a930ea033a809c3b834f7d4e54adae3f00f8,det-v1,1,accepted,1291,50,0.002,0.0017387500,true,false
call-001421,arm12b_cth_llm,dev/f6/s6100004/early_accurate,12,grok-4.20-0309-non-reasoning,sha256:b716ab027d76db1882a4fff13543a930ea033a809c3b834f7d4e54adae3f00f8,det-v1,1,accepted,1291,50,0.004,0.0017387500,true,false
call-001422,arm8_spec_immediate,dev/f6/s6100004/late_accurate,12,grok-4.20-0309-non-reasoning,sha256:639fd78f543e47f3d7987d5af732aaf4d2b44599a6cbb7c3260407f23be70727,det-v1,1,,1291,50,889.758,0.0017387500,false,true
call-001423,arm8_spec_immediate,dev/f6/s6100004/late_accurate,12,grok-4.20-0309-non-reasoning,sha256:639fd78f543e47f3d7987d5af732aaf4d2b44599a6cbb7c3260407f23be70727,det-v1,1,accepted,1291,50,889.758,0.0017387500,false,false
call-001424,arm8_spec_immediate,dev/f6/s6100004/late_accurate,19,grok-4.20-0309-non-reasoning,sha256:10a6b4565b97ac9cafeb34c52a258b894b2c04b5aac7efa2384fd16b44cb65fe,det-v1,1,,1592,88,1146.283,0.0022100000,false,true
call-001425,arm8_spec_immediate,dev/f6/s6100004/late_accurate,19,grok-4.20-0309-non-reasoning,sha256:10a6b4565b97ac9cafeb34c52a258b894b2c04b5aac7efa2384fd16b44cb65fe,det-v1,1,accepted,1592,88,1146.283,0.0022100000,false,false
call-001426,arm10_spec_eprocess,dev/f6/s6100004/late_accurate,12,grok-4.20-0309-non-reasoning,sha256:639fd78f543e47f3d7987d5af732aaf4d2b44599a6cbb7c3260407f23be70727,det-v1,1,accepted,1291,50,0.002,0.0017387500,true,false
call-001427,arm10_spec_eprocess,dev/f6/s6100004/late_accurate,19,grok-4.20-0309-non-reasoning,sha256:10a6b4565b97ac9cafeb34c52a258b894b2c04b5aac7efa2384fd16b44cb65fe,det-v1,1,accepted,1592,88,0.001,0.0022100000,true,false
call-001428,arm12_cth,dev/f6/s6100004/late_accurate,12,grok-4.20-0309-non-reasoning,sha256:639fd78f543e47f3d7987d5af732aaf4d2b44599a6cbb7c3260407f23be70727,det-v1,1,accepted,1291,50,0.004,0.0017387500,true,false
call-001429,arm12_cth,dev/f6/s6100004/late_accurate,19,grok-4.20-0309-non-reasoning,sha256:cfea6c2c8eefa461c9fac60812c0b3a46dd71830f59ce51f65cd1f374dc03aca,det-v1,1,,1592,60,984.179,0.0021400000,false,true
call-001430,arm12_cth,dev/f6/s6100004/late_accurate,19,grok-4.20-0309-non-reasoning,sha256:cfea6c2c8eefa461c9fac60812c0b3a46dd71830f59ce51f65cd1f374dc03aca,det-v1,1,accepted,1592,60,984.179,0.0021400000,false,false
call-001431,arm12b_cth_llm,dev/f6/s6100004/late_accurate,12,grok-4.20-0309-non-reasoning,sha256:639fd78f543e47f3d7987d5af732aaf4d2b44599a6cbb7c3260407f23be70727,det-v1,1,accepted,1291,50,0.004,0.0017387500,true,false
call-001432,arm12b_cth_llm,dev/f6/s6100004/late_accurate,19,grok-4.20-0309-non-reasoning,sha256:10a6b4565b97ac9cafeb34c52a258b894b2c04b5aac7efa2384fd16b44cb65fe,det-v1,1,accepted,1592,88,0.002,0.0022100000,true,false
call-001433,arm8_spec_immediate,dev/f6/s6100004/unreliable,12,grok-4.20-0309-non-reasoning,sha256:686e898012de7dab313803ce1992b710b63549ddf0db1656bc05648514a683d5,det-v1,1,,1291,50,956.833,0.0017387500,false,true
call-001434,arm8_spec_immediate,dev/f6/s6100004/unreliable,12,grok-4.20-0309-non-reasoning,sha256:686e898012de7dab313803ce1992b710b63549ddf0db1656bc05648514a683d5,det-v1,1,accepted,1291,50,956.833,0.0017387500,false,false
call-001435,arm10_spec_eprocess,dev/f6/s6100004/unreliable,12,grok-4.20-0309-non-reasoning,sha256:686e898012de7dab313803ce1992b710b63549ddf0db1656bc05648514a683d5,det-v1,1,accepted,1291,50,0.002,0.0017387500,true,false
call-001436,arm12_cth,dev/f6/s6100004/unreliable,12,grok-4.20-0309-non-reasoning,sha256:686e898012de7dab313803ce1992b710b63549ddf0db1656bc05648514a683d5,det-v1,1,accepted,1291,50,0.002,0.0017387500,true,false
call-001437,arm12b_cth_llm,dev/f6/s6100004/unreliable,12,grok-4.20-0309-non-reasoning,sha256:686e898012de7dab313803ce1992b710b63549ddf0db1656bc05648514a683d5,det-v1,1,accepted,1291,50,0.003,0.0017387500,true,false
call-001438,arm8_spec_immediate,dev/f6/s6100004/no_alert__twin,12,grok-4.20-0309-non-reasoning,sha256:fd2235e8729e944ef0bec24290a7d7318495bcb4a736c04444a2d8e8185c0a62,det-v1,1,,1291,50,881.395,0.0017387500,false,true
call-001439,arm8_spec_immediate,dev/f6/s6100004/no_alert__twin,12,grok-4.20-0309-non-reasoning,sha256:fd2235e8729e944ef0bec24290a7d7318495bcb4a736c04444a2d8e8185c0a62,det-v1,1,accepted,1291,50,881.395,0.0017387500,false,false
call-001440,arm10_spec_eprocess,dev/f6/s6100004/no_alert__twin,12,grok-4.20-0309-non-reasoning,sha256:fd2235e8729e944ef0bec24290a7d7318495bcb4a736c04444a2d8e8185c0a62,det-v1,1,accepted,1291,50,0.002,0.0017387500,true,false
call-001441,arm12_cth,dev/f6/s6100004/no_alert__twin,12,grok-4.20-0309-non-reasoning,sha256:fd2235e8729e944ef0bec24290a7d7318495bcb4a736c04444a2d8e8185c0a62,det-v1,1,accepted,1291,50,0.002,0.0017387500,true,false
call-001442,arm12b_cth_llm,dev/f6/s6100004/no_alert__twin,12,grok-4.20-0309-non-reasoning,sha256:fd2235e8729e944ef0bec24290a7d7318495bcb4a736c04444a2d8e8185c0a62,det-v1,1,accepted,1291,50,0.002,0.0017387500,true,false
call-001443,arm8_spec_immediate,cal/f6/s6100005/no_alert,20,grok-4.20-0309-non-reasoning,sha256:ddfc1fd88fdbe763a743ccef6977b14360c47c04f389971a7fe0ca6bbabef74b,det-v1,1,,1595,50,842.005,0.0021187500,false,true
call-001444,arm8_spec_immediate,cal/f6/s6100005/no_alert,20,grok-4.20-0309-non-reasoning,sha256:ddfc1fd88fdbe763a743ccef6977b14360c47c04f389971a7fe0ca6bbabef74b,det-v1,1,accepted,1595,50,842.005,0.0021187500,false,false
call-001445,arm10_spec_eprocess,cal/f6/s6100005/no_alert,20,grok-4.20-0309-non-reasoning,sha256:ddfc1fd88fdbe763a743ccef6977b14360c47c04f389971a7fe0ca6bbabef74b,det-v1,1,accepted,1595,50,0.002,0.0021187500,true,false
call-001446,arm12_cth,cal/f6/s6100005/no_alert,20,grok-4.20-0309-non-reasoning,sha256:ddfc1fd88fdbe763a743ccef6977b14360c47c04f389971a7fe0ca6bbabef74b,det-v1,1,accepted,1595,50,0.002,0.0021187500,true,false
call-001447,arm12b_cth_llm,cal/f6/s6100005/no_alert,20,grok-4.20-0309-non-reasoning,sha256:ddfc1fd88fdbe763a743ccef6977b14360c47c04f389971a7fe0ca6bbabef74b,det-v1,1,accepted,1595,50,0.004,0.0021187500,true,false
call-001448,arm8_spec_immediate,cal/f6/s6100005/early_accurate,13,grok-4.20-0309-non-reasoning,sha256:f2a3ec89a1ef942c50a8bc5330ee68dc3cbf3f3fc7acf9bb378d91aa5815d6cd,det-v1,1,,1364,56,818.055,0.0018450000,false,true
call-001449,arm8_spec_immediate,cal/f6/s6100005/early_accurate,13,grok-4.20-0309-non-reasoning,sha256:f2a3ec89a1ef942c50a8bc5330ee68dc3cbf3f3fc7acf9bb378d91aa5815d6cd,det-v1,1,accepted,1364,56,818.055,0.0018450000,false,false
call-001450,arm10_spec_eprocess,cal/f6/s6100005/early_accurate,13,grok-4.20-0309-non-reasoning,sha256:f2a3ec89a1ef942c50a8bc5330ee68dc3cbf3f3fc7acf9bb378d91aa5815d6cd,det-v1,1,accepted,1364,56,0.002,0.0018450000,true,false
call-001451,arm12_cth,cal/f6/s6100005/early_accurate,13,grok-4.20-0309-non-reasoning,sha256:f2a3ec89a1ef942c50a8bc5330ee68dc3cbf3f3fc7acf9bb378d91aa5815d6cd,det-v1,1,accepted,1364,56,0.002,0.0018450000,true,false
call-001452,arm12b_cth_llm,cal/f6/s6100005/early_accurate,13,grok-4.20-0309-non-reasoning,sha256:f2a3ec89a1ef942c50a8bc5330ee68dc3cbf3f3fc7acf9bb378d91aa5815d6cd,det-v1,1,accepted,1364,56,0.003,0.0018450000,true,false
call-001453,arm8_spec_immediate,cal/f6/s6100005/late_accurate,16,grok-4.20-0309-non-reasoning,sha256:b9f315b72cd0c51edbebdc42d64371dc27772e1682e100e262332d71e7090206,det-v1,1,,1478,91,1339.599,0.0020750000,false,true
call-001454,arm8_spec_immediate,cal/f6/s6100005/late_accurate,16,grok-4.20-0309-non-reasoning,sha256:b9f315b72cd0c51edbebdc42d64371dc27772e1682e100e262332d71e7090206,det-v1,1,accepted,1478,91,1339.599,0.0020750000,false,false
call-001455,arm10_spec_eprocess,cal/f6/s6100005/late_accurate,16,grok-4.20-0309-non-reasoning,sha256:b9f315b72cd0c51edbebdc42d64371dc27772e1682e100e262332d71e7090206,det-v1,1,accepted,1478,91,0.002,0.0020750000,true,false
call-001456,arm12_cth,cal/f6/s6100005/late_accurate,16,grok-4.20-0309-non-reasoning,sha256:b9f315b72cd0c51edbebdc42d64371dc27772e1682e100e262332d71e7090206,det-v1,1,accepted,1478,91,0.003,0.0020750000,true,false
call-001457,arm12b_cth_llm,cal/f6/s6100005/late_accurate,16,grok-4.20-0309-non-reasoning,sha256:b9f315b72cd0c51edbebdc42d64371dc27772e1682e100e262332d71e7090206,det-v1,1,accepted,1478,91,0.004,0.0020750000,true,false
call-001458,arm8_spec_immediate,cal/f6/s6100005/unreliable,13,grok-4.20-0309-non-reasoning,sha256:b5a1db076a3428260c453b4623e7ade7c59804ec4e602be086756338c67c1caa,det-v1,1,,1368,68,1025.806,0.0018800000,false,true
call-001459,arm8_spec_immediate,cal/f6/s6100005/unreliable,13,grok-4.20-0309-non-reasoning,sha256:b5a1db076a3428260c453b4623e7ade7c59804ec4e602be086756338c67c1caa,det-v1,1,accepted,1368,68,1025.806,0.0018800000,false,false
call-001460,arm10_spec_eprocess,cal/f6/s6100005/unreliable,13,grok-4.20-0309-non-reasoning,sha256:b5a1db076a3428260c453b4623e7ade7c59804ec4e602be086756338c67c1caa,det-v1,1,accepted,1368,68,0.003,0.0018800000,true,false
call-001461,arm12_cth,cal/f6/s6100005/unreliable,13,grok-4.20-0309-non-reasoning,sha256:b5a1db076a3428260c453b4623e7ade7c59804ec4e602be086756338c67c1caa,det-v1,1,accepted,1368,68,0.003,0.0018800000,true,false
call-001462,arm12b_cth_llm,cal/f6/s6100005/unreliable,13,grok-4.20-0309-non-reasoning,sha256:b5a1db076a3428260c453b4623e7ade7c59804ec4e602be086756338c67c1caa,det-v1,1,accepted,1368,68,0.003,0.0018800000,true,false
call-001463,arm8_spec_immediate,cal/f6/s6100005/no_alert__twin,10,grok-4.20-0309-non-reasoning,sha256:3ff0fbc6d98118f89356ee8e12d03dbfffd261c71d1b6e7ced2347261d40a6aa,det-v1,1,,1258,67,931.667,0.0017400000,false,true
call-001464,arm8_spec_immediate,cal/f6/s6100005/no_alert__twin,10,grok-4.20-0309-non-reasoning,sha256:3ff0fbc6d98118f89356ee8e12d03dbfffd261c71d1b6e7ced2347261d40a6aa,det-v1,1,accepted,1258,67,931.667,0.0017400000,false,false
call-001465,arm10_spec_eprocess,cal/f6/s6100005/no_alert__twin,10,grok-4.20-0309-non-reasoning,sha256:3ff0fbc6d98118f89356ee8e12d03dbfffd261c71d1b6e7ced2347261d40a6aa,det-v1,1,accepted,1258,67,0.002,0.0017400000,true,false
call-001466,arm12_cth,cal/f6/s6100005/no_alert__twin,10,grok-4.20-0309-non-reasoning,sha256:3ff0fbc6d98118f89356ee8e12d03dbfffd261c71d1b6e7ced2347261d40a6aa,det-v1,1,accepted,1258,67,0.002,0.0017400000,true,false
call-001467,arm12b_cth_llm,cal/f6/s6100005/no_alert__twin,10,grok-4.20-0309-non-reasoning,sha256:3ff0fbc6d98118f89356ee8e12d03dbfffd261c71d1b6e7ced2347261d40a6aa,det-v1,1,accepted,1258,67,0.002,0.0017400000,true,false
call-001468,arm8_spec_immediate,dev/f6/s6100006/early_accurate,18,grok-4.20-0309-non-reasoning,sha256:6e29e7e42b4f1c433c1cb2e6a2380b8d872ff9b3f8df98aa4f48f154292c7008,det-v1,1,,1557,83,1091.415,0.0021537500,false,true
call-001469,arm8_spec_immediate,dev/f6/s6100006/early_accurate,18,grok-4.20-0309-non-reasoning,sha256:6e29e7e42b4f1c433c1cb2e6a2380b8d872ff9b3f8df98aa4f48f154292c7008,det-v1,1,accepted,1557,83,1091.415,0.0021537500,false,false
call-001470,arm10_spec_eprocess,dev/f6/s6100006/early_accurate,18,grok-4.20-0309-non-reasoning,sha256:6e29e7e42b4f1c433c1cb2e6a2380b8d872ff9b3f8df98aa4f48f154292c7008,det-v1,1,accepted,1557,83,0.002,0.0021537500,true,false
call-001471,arm12_cth,dev/f6/s6100006/early_accurate,18,grok-4.20-0309-non-reasoning,sha256:6e29e7e42b4f1c433c1cb2e6a2380b8d872ff9b3f8df98aa4f48f154292c7008,det-v1,1,accepted,1557,83,0.002,0.0021537500,true,false
call-001472,arm12b_cth_llm,dev/f6/s6100006/early_accurate,18,grok-4.20-0309-non-reasoning,sha256:6e29e7e42b4f1c433c1cb2e6a2380b8d872ff9b3f8df98aa4f48f154292c7008,det-v1,1,accepted,1557,83,0.002,0.0021537500,true,false
call-001473,arm8_spec_immediate,dev/f6/s6100006/late_accurate,21,grok-4.20-0309-non-reasoning,sha256:0b80b95b3c0a150890de71ee75d06181ce2f10ca0971d1e10dc1782ee6669ab1,det-v1,1,,1671,83,1022.119,0.0022962500,false,true
call-001474,arm8_spec_immediate,dev/f6/s6100006/late_accurate,21,grok-4.20-0309-non-reasoning,sha256:0b80b95b3c0a150890de71ee75d06181ce2f10ca0971d1e10dc1782ee6669ab1,det-v1,1,accepted,1671,83,1022.119,0.0022962500,false,false
call-001475,arm10_spec_eprocess,dev/f6/s6100006/late_accurate,21,grok-4.20-0309-non-reasoning,sha256:0b80b95b3c0a150890de71ee75d06181ce2f10ca0971d1e10dc1782ee6669ab1,det-v1,1,accepted,1671,83,0.002,0.0022962500,true,false
call-001476,arm12_cth,dev/f6/s6100006/late_accurate,21,grok-4.20-0309-non-reasoning,sha256:0b80b95b3c0a150890de71ee75d06181ce2f10ca0971d1e10dc1782ee6669ab1,det-v1,1,accepted,1671,83,0.003,0.0022962500,true,false
call-001477,arm12b_cth_llm,dev/f6/s6100006/late_accurate,21,grok-4.20-0309-non-reasoning,sha256:0b80b95b3c0a150890de71ee75d06181ce2f10ca0971d1e10dc1782ee6669ab1,det-v1,1,accepted,1671,83,0.003,0.0022962500,true,false
call-001478,arm8_spec_immediate,dev/f6/s6100006/unreliable,18,grok-4.20-0309-non-reasoning,sha256:45722431e554f388ed5cea26b0819df144831061ec89efc6199ac1bbb1cf3f10,det-v1,1,,1546,50,835.969,0.0020575000,false,true
call-001479,arm8_spec_immediate,dev/f6/s6100006/unreliable,18,grok-4.20-0309-non-reasoning,sha256:45722431e554f388ed5cea26b0819df144831061ec89efc6199ac1bbb1cf3f10,det-v1,1,accepted,1546,50,835.969,0.0020575000,false,false
call-001480,arm10_spec_eprocess,dev/f6/s6100006/unreliable,18,grok-4.20-0309-non-reasoning,sha256:45722431e554f388ed5cea26b0819df144831061ec89efc6199ac1bbb1cf3f10,det-v1,1,accepted,1546,50,0.002,0.0020575000,true,false
call-001481,arm12_cth,dev/f6/s6100006/unreliable,18,grok-4.20-0309-non-reasoning,sha256:45722431e554f388ed5cea26b0819df144831061ec89efc6199ac1bbb1cf3f10,det-v1,1,accepted,1546,50,0.002,0.0020575000,true,false
call-001482,arm12b_cth_llm,dev/f6/s6100006/unreliable,18,grok-4.20-0309-non-reasoning,sha256:45722431e554f388ed5cea26b0819df144831061ec89efc6199ac1bbb1cf3f10,det-v1,1,accepted,1546,50,0.002,0.0020575000,true,false
call-001483,arm8_spec_immediate,dev/f6/s6100006/no_alert__twin,10,grok-4.20-0309-non-reasoning,sha256:e713bda8b229e3b1528ae1abee5a30bcbd4662dad70d4525f43fe7459e971740,det-v1,1,,1253,67,904.957,0.0017337500,false,true
call-001484,arm8_spec_immediate,dev/f6/s6100006/no_alert__twin,10,grok-4.20-0309-non-reasoning,sha256:e713bda8b229e3b1528ae1abee5a30bcbd4662dad70d4525f43fe7459e971740,det-v1,1,accepted,1253,67,904.957,0.0017337500,false,false
call-001485,arm10_spec_eprocess,dev/f6/s6100006/no_alert__twin,10,grok-4.20-0309-non-reasoning,sha256:e713bda8b229e3b1528ae1abee5a30bcbd4662dad70d4525f43fe7459e971740,det-v1,1,accepted,1253,67,0.002,0.0017337500,true,false
call-001486,arm12_cth,dev/f6/s6100006/no_alert__twin,10,grok-4.20-0309-non-reasoning,sha256:e713bda8b229e3b1528ae1abee5a30bcbd4662dad70d4525f43fe7459e971740,det-v1,1,accepted,1253,67,0.002,0.0017337500,true,false
call-001487,arm12b_cth_llm,dev/f6/s6100006/no_alert__twin,10,grok-4.20-0309-non-reasoning,sha256:e713bda8b229e3b1528ae1abee5a30bcbd4662dad70d4525f43fe7459e971740,det-v1,1,accepted,1253,67,0.002,0.0017337500,true,false
call-001488,arm8_spec_immediate,cal/f6/s6100007/no_alert,47,grok-4.20-0309-non-reasoning,sha256:0a54fa4ea54122ed5ac3cae7e91191942fac78c0699f09df2232926fc0bca8c9,det-v1,1,,2621,50,820.784,0.0034012500,false,true
call-001489,arm8_spec_immediate,cal/f6/s6100007/no_alert,47,grok-4.20-0309-non-reasoning,sha256:0a54fa4ea54122ed5ac3cae7e91191942fac78c0699f09df2232926fc0bca8c9,det-v1,1,accepted,2621,50,820.784,0.0034012500,false,false
call-001490,arm10_spec_eprocess,cal/f6/s6100007/no_alert,47,grok-4.20-0309-non-reasoning,sha256:0a54fa4ea54122ed5ac3cae7e91191942fac78c0699f09df2232926fc0bca8c9,det-v1,1,accepted,2621,50,0.002,0.0034012500,true,false
call-001491,arm12_cth,cal/f6/s6100007/no_alert,47,grok-4.20-0309-non-reasoning,sha256:0a54fa4ea54122ed5ac3cae7e91191942fac78c0699f09df2232926fc0bca8c9,det-v1,1,accepted,2621,50,0.002,0.0034012500,true,false
call-001492,arm12b_cth_llm,cal/f6/s6100007/no_alert,47,grok-4.20-0309-non-reasoning,sha256:0a54fa4ea54122ed5ac3cae7e91191942fac78c0699f09df2232926fc0bca8c9,det-v1,1,accepted,2621,50,0.002,0.0034012500,true,false
call-001493,arm8_spec_immediate,cal/f6/s6100007/early_accurate,13,grok-4.20-0309-non-reasoning,sha256:4794289644c94c6fef2529972a46b9c67ea7246161af7572f25eeeb0fc8d37ec,det-v1,1,,1374,76,1022.703,0.0019075000,false,true
call-001494,arm8_spec_immediate,cal/f6/s6100007/early_accurate,13,grok-4.20-0309-non-reasoning,sha256:4794289644c94c6fef2529972a46b9c67ea7246161af7572f25eeeb0fc8d37ec,det-v1,1,accepted,1374,76,1022.703,0.0019075000,false,false
call-001495,arm8_spec_immediate,cal/f6/s6100007/early_accurate,47,grok-4.20-0309-non-reasoning,sha256:6ba861691598572123a387348f46981b6a2ab6c3dfb1525536157ca18dbfe37e,det-v1,1,,2666,83,1305.629,0.0035400000,false,true
call-001496,arm8_spec_immediate,cal/f6/s6100007/early_accurate,47,grok-4.20-0309-non-reasoning,sha256:6ba861691598572123a387348f46981b6a2ab6c3dfb1525536157ca18dbfe37e,det-v1,1,accepted,2666,83,1305.629,0.0035400000,false,false
call-001497,arm10_spec_eprocess,cal/f6/s6100007/early_accurate,13,grok-4.20-0309-non-reasoning,sha256:4794289644c94c6fef2529972a46b9c67ea7246161af7572f25eeeb0fc8d37ec,det-v1,1,accepted,1374,76,0.001,0.0019075000,true,false
call-001498,arm10_spec_eprocess,cal/f6/s6100007/early_accurate,47,grok-4.20-0309-non-reasoning,sha256:136a929ab42158947dda250fe4356706ffa0d484e06106ae0fc2c9db1ee859ee,det-v1,1,,2666,83,1036.421,0.0035400000,false,true
call-001499,arm10_spec_eprocess,cal/f6/s6100007/early_accurate,47,grok-4.20-0309-non-reasoning,sha256:136a929ab42158947dda250fe4356706ffa0d484e06106ae0fc2c9db1ee859ee,det-v1,1,accepted,2666,83,1036.421,0.0035400000,false,false
call-001500,arm12_cth,cal/f6/s6100007/early_accurate,13,grok-4.20-0309-non-reasoning,sha256:4794289644c94c6fef2529972a46b9c67ea7246161af7572f25eeeb0fc8d37ec,det-v1,1,accepted,1374,76,0.002,0.0019075000,true,false
call-001501,arm12_cth,cal/f6/s6100007/early_accurate,47,grok-4.20-0309-non-reasoning,sha256:8382e66c47d51c2b49e1cb3e0c1cc4580ddee9fd8949810868ab512e39c3b07a,det-v1,1,,2666,83,1007.803,0.0035400000,false,true
call-001502,arm12_cth,cal/f6/s6100007/early_accurate,47,grok-4.20-0309-non-reasoning,sha256:8382e66c47d51c2b49e1cb3e0c1cc4580ddee9fd8949810868ab512e39c3b07a,det-v1,1,accepted,2666,83,1007.803,0.0035400000,false,false
call-001503,arm12b_cth_llm,cal/f6/s6100007/early_accurate,13,grok-4.20-0309-non-reasoning,sha256:4794289644c94c6fef2529972a46b9c67ea7246161af7572f25eeeb0fc8d37ec,det-v1,1,accepted,1374,76,0.002,0.0019075000,true,false
call-001504,arm12b_cth_llm,cal/f6/s6100007/early_accurate,47,grok-4.20-0309-non-reasoning,sha256:136a929ab42158947dda250fe4356706ffa0d484e06106ae0fc2c9db1ee859ee,det-v1,1,accepted,2666,83,0.002,0.0035400000,true,false
call-001505,arm8_spec_immediate,cal/f6/s6100007/late_accurate,16,grok-4.20-0309-non-reasoning,sha256:c949e5d434de54b74c9c8d9a00c1a6914fccbe91cae62abb1abab40db434dfa9,det-v1,1,,1488,72,1005.953,0.0020400000,false,true
call-001506,arm8_spec_immediate,cal/f6/s6100007/late_accurate,16,grok-4.20-0309-non-reasoning,sha256:c949e5d434de54b74c9c8d9a00c1a6914fccbe91cae62abb1abab40db434dfa9,det-v1,1,accepted,1488,72,1005.953,0.0020400000,false,false
call-001507,arm8_spec_immediate,cal/f6/s6100007/late_accurate,47,grok-4.20-0309-non-reasoning,sha256:3c2d0bb32b2eed876a026924b9bdee7d56313451feb4d761e9e5273435cc14c6,det-v1,1,,2666,83,1041.516,0.0035400000,false,true
call-001508,arm8_spec_immediate,cal/f6/s6100007/late_accurate,47,grok-4.20-0309-non-reasoning,sha256:3c2d0bb32b2eed876a026924b9bdee7d56313451feb4d761e9e5273435cc14c6,det-v1,1,accepted,2666,83,1041.516,0.0035400000,false,false
call-001509,arm10_spec_eprocess,cal/f6/s6100007/late_accurate,16,grok-4.20-0309-non-reasoning,sha256:c949e5d434de54b74c9c8d9a00c1a6914fccbe91cae62abb1abab40db434dfa9,det-v1,1,accepted,1488,72,0.002,0.0020400000,true,false
call-001510,arm10_spec_eprocess,cal/f6/s6100007/late_accurate,47,grok-4.20-0309-non-reasoning,sha256:8d6c51c65c11d9943f6b651bd3e4a77f582e426c96cc71493cad8e2689628eaa,det-v1,1,,2666,83,1164.386,0.0035400000,false,true
call-001511,arm10_spec_eprocess,cal/f6/s6100007/late_accurate,47,grok-4.20-0309-non-reasoning,sha256:8d6c51c65c11d9943f6b651bd3e4a77f582e426c96cc71493cad8e2689628eaa,det-v1,1,accepted,2666,83,1164.386,0.0035400000,false,false
call-001512,arm12_cth,cal/f6/s6100007/late_accurate,16,grok-4.20-0309-non-reasoning,sha256:c949e5d434de54b74c9c8d9a00c1a6914fccbe91cae62abb1abab40db434dfa9,det-v1,1,accepted,1488,72,0.002,0.0020400000,true,false
call-001513,arm12_cth,cal/f6/s6100007/late_accurate,47,grok-4.20-0309-non-reasoning,sha256:7db391da42e7b60a93e22edcaf417f8b34735244a30b0e2a3735110afb3f8b48,det-v1,1,,2666,83,1081.276,0.0035400000,false,true
call-001514,arm12_cth,cal/f6/s6100007/late_accurate,47,grok-4.20-0309-non-reasoning,sha256:7db391da42e7b60a93e22edcaf417f8b34735244a30b0e2a3735110afb3f8b48,det-v1,1,accepted,2666,83,1081.276,0.0035400000,false,false
call-001515,arm12b_cth_llm,cal/f6/s6100007/late_accurate,16,grok-4.20-0309-non-reasoning,sha256:c949e5d434de54b74c9c8d9a00c1a6914fccbe91cae62abb1abab40db434dfa9,det-v1,1,accepted,1488,72,0.002,0.0020400000,true,false
call-001516,arm12b_cth_llm,cal/f6/s6100007/late_accurate,47,grok-4.20-0309-non-reasoning,sha256:8d6c51c65c11d9943f6b651bd3e4a77f582e426c96cc71493cad8e2689628eaa,det-v1,1,accepted,2666,83,0.001,0.0035400000,true,false
call-001517,arm8_spec_immediate,cal/f6/s6100007/unreliable,13,grok-4.20-0309-non-reasoning,sha256:855598dcc3ca5cf24d296021a00dc0acd182e7927126bfdddb1772c8c4937f6f,det-v1,1,,1365,83,1011.286,0.0019137500,false,true
call-001518,arm8_spec_immediate,cal/f6/s6100007/unreliable,13,grok-4.20-0309-non-reasoning,sha256:855598dcc3ca5cf24d296021a00dc0acd182e7927126bfdddb1772c8c4937f6f,det-v1,1,accepted,1365,83,1011.286,0.0019137500,false,false
call-001519,arm8_spec_immediate,cal/f6/s6100007/unreliable,47,grok-4.20-0309-non-reasoning,sha256:5e76476b80f86cb5e327aab878c309c492c685830800d59221305aea986eddee,det-v1,1,,2657,83,1071.494,0.0035287500,false,true
call-001520,arm8_spec_immediate,cal/f6/s6100007/unreliable,47,grok-4.20-0309-non-reasoning,sha256:5e76476b80f86cb5e327aab878c309c492c685830800d59221305aea986eddee,det-v1,1,accepted,2657,83,1071.494,0.0035287500,false,false
call-001521,arm10_spec_eprocess,cal/f6/s6100007/unreliable,13,grok-4.20-0309-non-reasoning,sha256:855598dcc3ca5cf24d296021a00dc0acd182e7927126bfdddb1772c8c4937f6f,det-v1,1,accepted,1365,83,0.001,0.0019137500,true,false
call-001522,arm10_spec_eprocess,cal/f6/s6100007/unreliable,47,grok-4.20-0309-non-reasoning,sha256:b8a126d59736939d1edc41c072aebdffc04a45a8c6cf5dac18f1a5e25cfc1ab5,det-v1,1,,2657,83,1088.482,0.0035287500,false,true
call-001523,arm10_spec_eprocess,cal/f6/s6100007/unreliable,47,grok-4.20-0309-non-reasoning,sha256:b8a126d59736939d1edc41c072aebdffc04a45a8c6cf5dac18f1a5e25cfc1ab5,det-v1,1,accepted,2657,83,1088.482,0.0035287500,false,false
call-001524,arm12_cth,cal/f6/s6100007/unreliable,13,grok-4.20-0309-non-reasoning,sha256:855598dcc3ca5cf24d296021a00dc0acd182e7927126bfdddb1772c8c4937f6f,det-v1,1,accepted,1365,83,0.002,0.0019137500,true,false
call-001525,arm12_cth,cal/f6/s6100007/unreliable,47,grok-4.20-0309-non-reasoning,sha256:9df618d478e58bd4488130e43cb2a5dc1cfade593b63531ab60c6474029f14ef,det-v1,1,,2657,83,1085.908,0.0035287500,false,true
call-001526,arm12_cth,cal/f6/s6100007/unreliable,47,grok-4.20-0309-non-reasoning,sha256:9df618d478e58bd4488130e43cb2a5dc1cfade593b63531ab60c6474029f14ef,det-v1,1,accepted,2657,83,1085.908,0.0035287500,false,false
call-001527,arm12b_cth_llm,cal/f6/s6100007/unreliable,13,grok-4.20-0309-non-reasoning,sha256:855598dcc3ca5cf24d296021a00dc0acd182e7927126bfdddb1772c8c4937f6f,det-v1,1,accepted,1365,83,0.002,0.0019137500,true,false
call-001528,arm12b_cth_llm,cal/f6/s6100007/unreliable,47,grok-4.20-0309-non-reasoning,sha256:b8a126d59736939d1edc41c072aebdffc04a45a8c6cf5dac18f1a5e25cfc1ab5,det-v1,1,accepted,2657,83,0.001,0.0035287500,true,false
call-001529,arm8_spec_immediate,cal/f6/s6100007/no_alert__twin,47,grok-4.20-0309-non-reasoning,sha256:36a3e40eebe6a31d9028886c35da7e0a76da09f5d8b932b0cb93e4228128cee7,det-v1,1,,2621,82,1026.722,0.0034812500,false,true
call-001530,arm8_spec_immediate,cal/f6/s6100007/no_alert__twin,47,grok-4.20-0309-non-reasoning,sha256:36a3e40eebe6a31d9028886c35da7e0a76da09f5d8b932b0cb93e4228128cee7,det-v1,1,accepted,2621,82,1026.722,0.0034812500,false,false
call-001531,arm10_spec_eprocess,cal/f6/s6100007/no_alert__twin,47,grok-4.20-0309-non-reasoning,sha256:36a3e40eebe6a31d9028886c35da7e0a76da09f5d8b932b0cb93e4228128cee7,det-v1,1,accepted,2621,82,0.002,0.0034812500,true,false
call-001532,arm12_cth,cal/f6/s6100007/no_alert__twin,47,grok-4.20-0309-non-reasoning,sha256:36a3e40eebe6a31d9028886c35da7e0a76da09f5d8b932b0cb93e4228128cee7,det-v1,1,accepted,2621,82,0.002,0.0034812500,true,false
call-001533,arm12b_cth_llm,cal/f6/s6100007/no_alert__twin,47,grok-4.20-0309-non-reasoning,sha256:36a3e40eebe6a31d9028886c35da7e0a76da09f5d8b932b0cb93e4228128cee7,det-v1,1,accepted,2621,82,0.002,0.0034812500,true,false
