call_id,arm_id,episode_id,period,model_id,prompt_hash,decoding_hash,attempt_index,outcome,input_tokens,output_tokens,latency_ms,usd_cost,cache_hit,physical
call-000001,arm8_spec_immediate,dev/f1/s1200000/no_alert,22,grok-4.20-0309-non-reasoning,sha256:7ac732970b71e5875b564058af29f4164d460129df4840e5da80a7fc4c29db4d,det-v1,1,,1671,74,986.870,0.0022737500,false,true
call-000002,arm8_spec_immediate,dev/f1/s1200000/no_alert,22,grok-4.20-0309-non-reasoning,sha256:7ac732970b71e5875b564058af29f4164d460129df4840e5da80a7fc4c29db4d,det-v1,1,accepted,1671,74,986.870,0.0022737500,false,false
call-000003,arm8_spec_immediate,dev/f1/s1200000/no_alert,45,grok-4.20-0309-non-reasoning,sha256:0a7ab836163280ae24ce0074fdd4a84b80707b03a6dc13c75f2a61351f41d68f,det-v1,1,,2545,50,798.135,0.0033062500,false,true
call-000004,arm8_spec_immediate,dev/f1/s1200000/no_alert,45,grok-4.20-0309-non-reasoning,sha256:0a7ab836163280ae24ce0074fdd4a84b80707b03a6dc13c75f2a61351f41d68f,det-v1,1,accepted,2545,50,798.135,0.0033062500,false,false
call-000005,arm10_spec_eprocess,dev/f1/s1200000/no_alert,22,grok-4.20-0309-non-reasoning,sha256:7ac732970b71e5875b564058af29f4164d460129df4840e5da80a7fc4c29db4d,det-v1,1,accepted,1671,74,0.002,0.0022737500,true,false
call-000006,arm10_spec_eprocess,dev/f1/s1200000/no_alert,45,grok-4.20-0309-non-reasoning,sha256:694ea3b09c63ce7e3c0f645a898f5017913bf147ef53c4b8a9b4f31cd180373a,det-v1,1,,2545,76,940.648,0.0033712500,false,true
call-000007,arm10_spec_eprocess,dev/f1/s1200000/no_alert,45,grok-4.20-0309-non-reasoning,sha256:694ea3b09c63ce7e3c0f645a898f5017913bf147ef53c4b8a9b4f31cd180373a,det-v1,1,accepted,2545,76,940.648,0.0033712500,false,false
call-000008,arm12_cth,dev/f1/s1200000/no_alert,22,grok-4.20-0309-non-reasoning,sha256:7ac732970b71e5875b564058af29f4164d460129df4840e5da80a7fc4c29db4d,det-v1,1,accepted,1671,74,0.003,0.0022737500,true,false
call-000009,arm12_cth,dev/f1/s1200000/no_alert,45,grok-4.20-0309-non-reasoning,sha256:5350a28b9b9813620b76a7134c2c65f2488aca6de1698a2396d10e097c3fc7eb,det-v1,1,,2545,50,923.212,0.0033062500,false,true
call-000010,arm12_cth,dev/f1/s1200000/no_alert,45,grok-4.20-0309-non-reasoning,sha256:5350a28b9b9813620b76a7134c2c65f2488aca6de1698a2396d10e097c3fc7eb,det-v1,1,accepted,2545,50,923.212,0.0033062500,false,false
call-000011,arm12b_cth_llm,dev/f1/s1200000/no_alert,22,grok-4.20-0309-non-reasoning,sha256:7ac732970b71e5875b564058af29f4164d460129df4840e5da80a7fc4c29db4d,det-v1,1,accepted,1671,74,0.003,0.0022737500,true,false
call-000012,arm12b_cth_llm,dev/f1/s1200000/no_alert,45,grok-4.20-0309-non-reasoning,sha256:a9bd7a66a38ae648c1af457f890e23f54da60c8531f960fe54c4b3187b851312,det-v1,1,,2545,126,1282.953,0.0034962500,false,true
call-000013,arm12b_cth_llm,dev/f1/s1200000/no_alert,45,grok-4.20-0309-non-reasoning,sha256:a9bd7a66a38ae648c1af457f890e23f54da60c8531f960fe54c4b3187b851312,det-v1,1,accepted,2545,126,1282.953,0.0034962500,false,false
call-000014,arm8_spec_immediate,dev/f1/s1200000/early_accurate,14,grok-4.20-0309-non-reasoning,sha256:3bdea17152d9fdda7d21508779ba93f56cc9cf93cf7cf12c59410232f8e877c8,det-v1,1,,1402,59,1031.360,0.0019000000,false,true
call-000015,arm8_spec_immediate,dev/f1/s1200000/early_accurate,14,grok-4.20-0309-non-reasoning,sha256:3bdea17152d9fdda7d21508779ba93f56cc9cf93cf7cf12c59410232f8e877c8,det-v1,1,accepted,1402,59,1031.360,0.0019000000,false,false
call-000016,arm8_spec_immediate,dev/f1/s1200000/early_accurate,22,grok-4.20-0309-non-reasoning,sha256:0544ef98d605cb894af787d0129bc37af0453ce5690a7383b07965086086b352,det-v1,1,,1706,79,1081.596,0.0023300000,false,true
call-000017,arm8_spec_immediate,dev/f1/s1200000/early_accurate,22,grok-4.20-0309-non-reasoning,sha256:0544ef98d605cb894af787d0129bc37af0453ce5690a7383b07965086086b352,det-v1,1,accepted,1706,79,1081.596,0.0023300000,false,false
call-000018,arm10_spec_eprocess,dev/f1/s1200000/early_accurate,14,grok-4.20-0309-non-reasoning,sha256:3bdea17152d9fdda7d21508779ba93f56cc9cf93cf7cf12c59410232f8e877c8,det-v1,1,accepted,1402,59,0.002,0.0019000000,true,false
call-000019,arm10_spec_eprocess,dev/f1/s1200000/early_accurate,22,grok-4.20-0309-non-reasoning,sha256:d340f970a48a8912d747ae74a8f574cb14cbebb2d039211f15cf6ab13e7147f0,det-v1,1,,1706,112,1161.071,0.0024125000,false,true
call-000020,arm10_spec_eprocess,dev/f1/s1200000/early_accurate,22,grok-4.20-0309-non-reasoning,sha256:d340f970a48a8912d747ae74a8f574cb14cbebb2d039211f15cf6ab13e7147f0,det-v1,1,accepted,1706,112,1161.071,0.0024125000,false,false
call-000021,arm12_cth,dev/f1/s1200000/early_accurate,14,grok-4.20-0309-non-reasoning,sha256:3bdea17152d9fdda7d21508779ba93f56cc9cf93cf7cf12c59410232f8e877c8,det-v1,1,accepted,1402,59,0.003,0.0019000000,true,false
call-000022,arm12_cth,dev/f1/s1200000/early_accurate,22,grok-4.20-0309-non-reasoning,sha256:a78e525f5690b574115ee1034e10dabac6661d6015a884cceba8d6eaf6d93f32,det-v1,1,,1706,79,1110.115,0.0023300000,false,true
call-000023,arm12_cth,dev/f1/s1200000/early_accurate,22,grok-4.20-0309-non-reasoning,sha256:a78e525f5690b574115ee1034e10dabac6661d6015a884cceba8d6eaf6d93f32,det-v1,1,accepted,1706,79,1110.115,0.0023300000,false,false
call-000024,arm12b_cth_llm,dev/f1/s1200000/early_accurate,14,grok-4.20-0309-non-reasoning,sha256:3bdea17152d9fdda7d21508779ba93f56cc9cf93cf7cf12c59410232f8e877c8,det-v1,1,accepted,1402,59,0.003,0.0019000000,true,false
call-000025,arm12b_cth_llm,dev/f1/s1200000/early_accurate,22,grok-4.20-0309-non-reasoning,sha256:eb823cf080fd1934abc01214a4a9a7d2c4acd0bbf6464032725753fd099d61ce,det-v1,1,,1706,79,1150.282,0.0023300000,false,true
call-000026,arm12b_cth_llm,dev/f1/s1200000/early_accurate,22,grok-4.20-0309-non-reasoning,sha256:eb823cf080fd1934abc01214a4a9a7d2c4acd0bbf6464032725753fd099d61ce,det-v1,1,accepted,1706,79,1150.282,0.0023300000,false,false
call-000027,arm8_spec_immediate,dev/f1/s1200000/late_accurate,17,grok-4.20-0309-non-reasoning,sha256:27949623613bcb9bf902c5c5f6702187e9cf2d69c0ae2fbced42d824a7bc2cae,det-v1,1,,1516,86,1114.929,0.0021100000,false,true
call-000028,arm8_spec_immediate,dev/f1/s1200000/late_accurate,17,grok-4.20-0309-non-reasoning,sha256:27949623613bcb9bf902c5c5f6702187e9cf2d69c0ae2fbced42d824a7bc2cae,det-v1,1,accepted,1516,86,1114.929,0.0021100000,false,false
call-000029,arm8_spec_immediate,dev/f1/s1200000/late_accurate,23,grok-4.20-0309-non-reasoning,sha256:ae22d608c1c5331833dc22b7f0e09f6ea6ee3d34d0c6c02f0826262d6fcfa849,det-v1,1,,1744,83,1317.548,0.0023875000,false,true
call-000030,arm8_spec_immediate,dev/f1/s1200000/late_accurate,23,grok-4.20-0309-non-reasoning,sha256:ae22d608c1c5331833dc22b7f0e09f6ea6ee3d34d0c6c02f0826262d6fcfa849,det-v1,1,accepted,1744,83,1317.548,0.0023875000,false,false
call-000031,arm10_spec_eprocess,dev/f1/s1200000/late_accurate,17,grok-4.20-0309-non-reasoning,sha256:27949623613bcb9bf902c5c5f6702187e9cf2d69c0ae2fbced42d824a7bc2cae,det-v1,1,accepted,1516,86,0.003,0.0021100000,true,false
call-000032,arm10_spec_eprocess,dev/f1/s1200000/late_accurate,23,grok-4.20-0309-non-reasoning,sha256:8b52afa9242ab453cebeb145611986737d57edb8ffc8bded924e378d48d4990e,det-v1,1,,1744,83,1003.894,0.0023875000,false,true
call-000033,arm10_spec_eprocess,dev/f1/s1200000/late_accurate,23,grok-4.20-0309-non-reasoning,sha256:8b52afa9242ab453cebeb145611986737d57edb8ffc8bded924e378d48d4990e,det-v1,1,accepted,1744,83,1003.894,0.0023875000,false,false
call-000034,arm12_cth,dev/f1/s1200000/late_accurate,17,grok-4.20-0309-non-reasoning,sha256:27949623613bcb9bf902c5c5f6702187e9cf2d69c0ae2fbced42d824a7bc2cae,det-v1,1,accepted,1516,86,0.002,0.0021100000,true,false
call-000035,arm12_cth,dev/f1/s1200000/late_accurate,23,grok-4.20-0309-non-reasoning,sha256:26e8cb738b2b6ee2529c3ce7a3d75f291d87deae9502adfbaa0b4470efdb6846,det-v1,1,,1744,83,1171.466,0.0023875000,false,true
call-000036,arm12_cth,dev/f1/s1200000/late_accurate,23,grok-4.20-0309-non-reasoning,sha256:26e8cb738b2b6ee2529c3ce7a3d75f291d87deae9502adfbaa0b4470efdb6846,det-v1,1,accepted,1744,83,1171.466,0.0023875000,false,false
call-000037,arm12b_cth_llm,dev/f1/s1200000/late_accurate,17,grok-4.20-0309-non-reasoning,sha256:27949623613bcb9bf902c5c5f6702187e9cf2d69c0ae2fbced42d824a7bc2cae,det-v1,1,accepted,1516,86,0.002,0.0021100000,true,false
call-000038,arm12b_cth_llm,dev/f1/s1200000/late_accurate,23,grok-4.20-0309-non-reasoning,sha256:445e4e98adc65550ab6fc1607039272c4ff9efeedf91ecce49afa162018ebeb6,det-v1,1,,1744,83,1241.416,0.0023875000,false,true
call-000039,arm12b_cth_llm,dev/f1/s1200000/late_accurate,23,grok-4.20-0309-non-reasoning,sha256:445e4e98adc65550ab6fc1607039272c4ff9efeedf91ecce49afa162018ebeb6,det-v1,1,accepted,1744,83,1241.416,0.0023875000,false,false
call-000040,arm8_spec_immediate,dev/f1/s1200000/unreliable,14,grok-4.20-0309-non-reasoning,sha256:f56e807112f0d4969126870705a4886f8961a99da71b7ec0a1eb637a08b48cfe,det-v1,1,accepted,1391,76,0.003,0.0019287500,true,false
call-000041,arm8_spec_immediate,dev/f1/s1200000/unreliable,22,grok-4.20-0309-non-reasoning,sha256:03b4d8bcea165266bf23612ac92a4d1c8f882e17b210e222e6f738a9330672a3,det-v1,1,accepted,1695,74,0.001,0.0023037500,true,false
call-000042,arm10_spec_eprocess,dev/f1/s1200000/unreliable,14,grok-4.20-0309-non-reasoning,sha256:f56e807112f0d4969126870705a4886f8961a99da71b7ec0a1eb637a08b48cfe,det-v1,1,accepted,1391,76,0.002,0.0019287500,true,false
call-000043,arm10_spec_eprocess,dev/f1/s1200000/unreliable,22,grok-4.20-0309-non-reasoning,sha256:03b4d8bcea165266bf23612ac92a4d1c8f882e17b210e222e6f738a9330672a3,det-v1,1,accepted,1695,74,0.002,0.0023037500,true,false
call-000044,arm12_cth,dev/f1/s1200000/unreliable,14,grok-4.20-0309-non-reasoning,sha256:f56e807112f0d4969126870705a4886f8961a99da71b7ec0a1eb637a08b48cfe,det-v1,1,accepted,1391,76,0.002,0.0019287500,true,false
call-000045,arm12_cth,dev/f1/s1200000/unreliable,22,grok-4.20-0309-non-reasoning,sha256:f88304036c5fbe3bc0f8ab3e7c9a6026b7eac7ea32a49e604644165fdd96090e,det-v1,1,accepted,1695,74,0.002,0.0023037500,true,false
call-000046,arm12b_cth_llm,dev/f1/s1200000/unreliable,14,grok-4.20-0309-non-reasoning,sha256:f56e807112f0d4969126870705a4886f8961a99da71b7ec0a1eb637a08b48cfe,det-v1,1,accepted,1391,76,0.002,0.0019287500,true,false
call-000047,arm12b_cth_llm,dev/f1/s1200000/unreliable,22,grok-4.20-0309-non-reasoning,sha256:03b4d8bcea165266bf23612ac92a4d1c8f882e17b210e222e6f738a9330672a3,det-v1,1,accepted,1695,74,0.001,0.0023037500,true,false
call-000048,arm8_spec_immediate,cal/f1/s1200001/no_alert,22,grok-4.20-0309-non-reasoning,sha256:9812835ca29dd854e49a1893c0366ed730d19d0827e33cd9c4af05fa0c897d77,det-v1,1,,1671,76,982.139,0.0022787500,false,true
call-000049,arm8_spec_immediate,cal/f1/s1200001/no_alert,22,grok-4.20-0309-non-reasoning,sha256:9812835ca29dd854e49a1893c0366ed730d19d0827e33cd9c4af05fa0c897d77,det-v1,1,accepted,1671,76,982.139,0.0022787500,false,false
call-000050,arm8_spec_immediate,cal/f1/s1200001/no_alert,36,grok-4.20-0309-non-reasoning,sha256:edc735ccebccaa4db85b6d2aa1c35a0e8c94f91fb75a83895007848c8fc43174,det-v1,1,,2203,50,879.256,0.0028787500,false,true
call-000051,arm8_spec_immediate,cal/f1/s1200001/no_alert,36,grok-4.20-0309-non-reasoning,sha256:edc735ccebccaa4db85b6d2aa1c35a0e8c94f91fb75a83895007848c8fc43174,det-v1,1,accepted,2203,50,879.256,0.0028787500,false,false
call-000052,arm10_spec_eprocess,cal/f1/s1200001/no_alert,22,grok-4.20-0309-non-reasoning,sha256:9812835ca29dd854e49a1893c0366ed730d19d0827e33cd9c4af05fa0c897d77,det-v1,1,accepted,1671,76,0.002,0.0022787500,true,false
call-000053,arm10_spec_eprocess,cal/f1/s1200001/no_alert,36,grok-4.20-0309-non-reasoning,sha256:edc735ccebccaa4db85b6d2aa1c35a0e8c94f91fb75a83895007848c8fc43174,det-v1,1,accepted,2203,50,0.002,0.0028787500,true,false
call-000054,arm12_cth,cal/f1/s1200001/no_alert,22,grok-4.20-0309-non-reasoning,sha256:9812835ca29dd854e49a1893c0366ed730d19d0827e33cd9c4af05fa0c897d77,det-v1,1,accepted,1671,76,0.002,0.0022787500,true,false
call-000055,arm12_cth,cal/f1/s1200001/no_alert,36,grok-4.20-0309-non-reasoning,sha256:f977eeb3205b926b3d668dcac57c2c58429192523a8f78d4f03aca45041e4dca,det-v1,1,,2203,50,867.884,0.0028787500,false,true
call-000056,arm12_cth,cal/f1/s1200001/no_alert,36,grok-4.20-0309-non-reasoning,sha256:f977eeb3205b926b3d668dcac57c2c58429192523a8f78d4f03aca45041e4dca,det-v1,1,accepted,2203,50,867.884,0.0028787500,false,false
call-000057,arm12b_cth_llm,cal/f1/s1200001/no_alert,22,grok-4.20-0309-non-reasoning,sha256:9812835ca29dd854e49a1893c0366ed730d19d0827e33cd9c4af05fa0c897d77,det-v1,1,accepted,1671,76,0.003,0.0022787500,true,false
call-000058,arm12b_cth_llm,cal/f1/s1200001/no_alert,36,grok-4.20-0309-non-reasoning,sha256:edc735ccebccaa4db85b6d2aa1c35a0e8c94f91fb75a83895007848c8fc43174,det-v1,1,accepted,2203,50,0.002,0.0028787500,true,false
call-000059,arm8_spec_immediate,cal/f1/s1200001/early_accurate,18,grok-4.20-0309-non-reasoning,sha256:226d4a1084e41196997e4b7e94f0450193719539e6d4b61fc314975d440c7c48,det-v1,1,,1562,86,1026.683,0.0021675000,false,true
call-000060,arm8_spec_immediate,cal/f1/s1200001/early_accurate,18,grok-4.20-0309-non-reasoning,sha256:226d4a1084e41196997e4b7e94f0450193719539e6d4b61fc314975d440c7c48,det-v1,1,accepted,1562,86,1026.683,0.0021675000,false,false
call-000061,arm8_spec_immediate,cal/f1/s1200001/early_accurate,24,grok-4.20-0309-non-reasoning,sha256:155eaa305aa3d5f6cbaa40d7c3c4eb8b4c7cd19fa2fb5c0d8d4b397089f4c25e,det-v1,1,,1790,79,974.451,0.0024350000,false,true
call-000062,arm8_spec_immediate,cal/f1/s1200001/early_accurate,24,grok-4.20-0309-non-reasoning,sha256:155eaa305aa3d5f6cbaa40d7c3c4eb8b4c7cd19fa2fb5c0d8d4b397089f4c25e,det-v1,1,accepted,1790,79,974.451,0.0024350000,false,false
call-000063,arm10_spec_eprocess,cal/f1/s1200001/early_accurate,18,grok-4.20-0309-non-reasoning,sha256:226d4a1084e41196997e4b7e94f0450193719539e6d4b61fc314975d440c7c48,det-v1,1,accepted,1562,86,0.002,0.0021675000,true,false
call-000064,arm10_spec_eprocess,cal/f1/s1200001/early_accurate,24,grok-4.20-0309-non-reasoning,sha256:cbddf6bf80a926446c22ea4f268cc24bf4325d3c09a3e200060f8b7d9f557886,det-v1,1,,1790,79,1043.073,0.0024350000,false,true
call-000065,arm10_spec_eprocess,cal/f1/s1200001/early_accurate,24,grok-4.20-0309-non-reasoning,sha256:cbddf6bf80a926446c22ea4f268cc24bf4325d3c09a3e200060f8b7d9f557886,det-v1,1,accepted,1790,79,1043.073,0.0024350000,false,false
call-000066,arm12_cth,cal/f1/s1200001/early_accurate,18,grok-4.20-0309-non-reasoning,sha256:226d4a1084e41196997e4b7e94f0450193719539e6d4b61fc314975d440c7c48,det-v1,1,accepted,1562,86,0.002,0.0021675000,true,false
call-000067,arm12_cth,cal/f1/s1200001/early_accurate,24,grok-4.20-0309-non-reasoning,sha256:1a1ed2c952c41e58dedb96bb0292f8c900041166c655dc18ed861525f272c5fe,det-v1,1,,1790,75,934.992,0.0024250000,false,true
call-000068,arm12_cth,cal/f1/s1200001/early_accurate,24,grok-4.20-0309-non-reasoning,sha256:1a1ed2c952c41e58dedb96bb0292f8c900041166c655dc18ed861525f272c5fe,det-v1,1,accepted,1790,75,934.992,0.0024250000,false,false
call-000069,arm12b_cth_llm,cal/f1/s1200001/early_accurate,18,grok-4.20-0309-non-reasoning,sha256:226d4a1084e41196997e4b7e94f0450193719539e6d4b61fc314975d440c7c48,det-v1,1,accepted,1562,86,0.003,0.0021675000,true,false
call-000070,arm12b_cth_llm,cal/f1/s1200001/early_accurate,24,grok-4.20-0309-non-reasoning,sha256:969090bf94b1e4d0ecd540bd22dc6afc624869d6a4654f11bcfc6f1a37f4ea49,det-v1,1,,1790,75,981.939,0.0024250000,false,true
call-000071,arm12b_cth_llm,cal/f1/s1200001/early_accurate,24,grok-4.20-0309-non-reasoning,sha256:969090bf94b1e4d0ecd540bd22dc6afc624869d6a4654f11bcfc6f1a37f4ea49,det-v1,1,accepted,1790,75,981.939,0.0024250000,false,false
call-000072,arm8_spec_immediate,cal/f1/s1200001/late_accurate,21,grok-4.20-0309-non-reasoning,sha256:687375c68ba80872b81bd14b5ecb713f34d9fec0e60efbc91fdb7328c597e608,det-v1,1,,1676,67,989.994,0.0022625000,false,true
call-000073,arm8_spec_immediate,cal/f1/s1200001/late_accurate,21,grok-4.20-0309-non-reasoning,sha256:687375c68ba80872b81bd14b5ecb713f34d9fec0e60efbc91fdb7328c597e608,det-v1,1,accepted,1676,67,989.994,0.0022625000,false,false
call-000074,arm8_spec_immediate,cal/f1/s1200001/late_accurate,34,grok-4.20-0309-non-reasoning,sha256:c284a16db03ecaaaaf41e65ec9d3e6318e1705a0f37143a34d3bc338b0ea0cd9,det-v1,1,,2170,103,1093.985,0.0029700000,false,true
call-000075,arm8_spec_immediate,cal/f1/s1200001/late_accurate,34,grok-4.20-0309-non-reasoning,sha256:c284a16db03ecaaaaf41e65ec9d3e6318e1705a0f37143a34d3bc338b0ea0cd9,det-v1,1,accepted,2170,103,1093.985,0.0029700000,false,false
call-000076,arm10_spec_eprocess,cal/f1/s1200001/late_accurate,21,grok-4.20-0309-non-reasoning,sha256:687375c68ba80872b81bd14b5ecb713f34d9fec0e60efbc91fdb7328c597e608,det-v1,1,accepted,1676,67,0.002,0.0022625000,true,false
call-000077,arm10_spec_eprocess,cal/f1/s1200001/late_accurate,34,grok-4.20-0309-non-reasoning,sha256:97568b14f09898dfe40d3edf70babef145226130d7ebc835407e86adf3baf28d,det-v1,1,,2170,95,1067.116,0.0029500000,false,true
call-000078,arm10_spec_eprocess,cal/f1/s1200001/late_accurate,34,grok-4.20-0309-non-reasoning,sha256:97568b14f09898dfe40d3edf70babef145226130d7ebc835407e86adf3baf28d,det-v1,1,accepted,2170,95,1067.116,0.0029500000,false,false
call-000079,arm12_cth,cal/f1/s1200001/late_accurate,21,grok-4.20-0309-non-reasoning,sha256:687375c68ba80872b81bd14b5ecb713f34d9fec0e60efbc91fdb7328c597e608,det-v1,1,accepted,1676,67,0.002,0.0022625000,true,false
call-000080,arm12_cth,cal/f1/s1200001/late_accurate,34,grok-4.20-0309-non-reasoning,sha256:bc3cdd61097f9dc25de891b0bb3e022bef5586a33fb5aad777eec201eeba07d3,det-v1,1,,2170,103,1221.236,0.0029700000,false,true
call-000081,arm12_cth,cal/f1/s1200001/late_accurate,34,grok-4.20-0309-non-reasoning,sha256:bc3cdd61097f9dc25de891b0bb3e022bef5586a33fb5aad777eec201eeba07d3,det-v1,1,accepted,2170,103,1221.236,0.0029700000,false,false
call-000082,arm12b_cth_llm,cal/f1/s1200001/late_accurate,21,grok-4.20-0309-non-reasoning,sha256:687375c68ba80872b81bd14b5ecb713f34d9fec0e60efbc91fdb7328c597e608,det-v1,1,accepted,1676,67,0.003,0.0022625000,true,false
call-000083,arm12b_cth_llm,cal/f1/s1200001/late_accurate,34,grok-4.20-0309-non-reasoning,sha256:e23424e02d27c27cb44d503a7fcf998341dce261803f9998731feb03da2ce114,det-v1,1,,2170,103,1316.133,0.0029700000,false,true
call-000084,arm12b_cth_llm,cal/f1/s1200001/late_accurate,34,grok-4.20-0309-non-reasoning,sha256:e23424e02d27c27cb44d503a7fcf998341dce261803f9998731feb03da2ce114,det-v1,1,accepted,2170,103,1316.133,0.0029700000,false,false
call-000085,arm8_spec_immediate,cal/f1/s1200001/unreliable,18,grok-4.20-0309-non-reasoning,sha256:0875d7bfa8ab85650815fd421d87b9130d8da86dcd87a1c1d98bcea617ddd0fc,det-v1,1,,1557,87,1043.535,0.0021637500,false,true
call-000086,arm8_spec_immediate,cal/f1/s1200001/unreliable,18,grok-4.20-0309-non-reasoning,sha256:0875d7bfa8ab85650815fd421d87b9130d8da86dcd87a1c1d98bcea617ddd0fc,det-v1,1,accepted,1557,87,1043.535,0.0021637500,false,false
call-000087,arm8_spec_immediate,cal/f1/s1200001/unreliable,24,grok-4.20-0309-non-reasoning,sha256:2e906dc20a6d5c173ab156f334874ee7c8abec43370a23a8b067d5d298f5e13f,det-v1,1,,1785,107,1134.797,0.0024987500,false,true
call-000088,arm8_spec_immediate,cal/f1/s1200001/unreliable,24,grok-4.20-0309-non-reasoning,sha256:2e906dc20a6d5c173ab156f334874ee7c8abec43370a23a8b067d5d298f5e13f,det-v1,1,accepted,1785,107,1134.797,0.0024987500,false,false
call-000089,arm10_spec_eprocess,cal/f1/s1200001/unreliable,18,grok-4.20-0309-non-reasoning,sha256:0875d7bfa8ab85650815fd421d87b9130d8da86dcd87a1c1d98bcea617ddd0fc,det-v1,1,accepted,1557,87,0.002,0.0021637500,true,false
call-000090,arm10_spec_eprocess,cal/f1/s1200001/unreliable,24,grok-4.20-0309-non-reasoning,sha256:b1cb24da38d1363c601db3773917d95d8be1b2312575616a6327fbcfef8a5425,det-v1,1,,1785,79,876.937,0.0024287500,false,true
call-000091,arm10_spec_eprocess,cal/f1/s1200001/unreliable,24,grok-4.20-0309-non-reasoning,sha256:b1cb24da38d1363c601db3773917d95d8be1b2312575616a6327fbcfef8a5425,det-v1,1,accepted,1785,79,876.937,0.0024287500,false,false
call-000092,arm12_cth,cal/f1/s1200001/unreliable,18,grok-4.20-0309-non-reasoning,sha256:0875d7bfa8ab85650815fd421d87b9130d8da86dcd87a1c1d98bcea617ddd0fc,det-v1,1,accepted,1557,87,0.003,0.0021637500,true,false
call-000093,arm12_cth,cal/f1/s1200001/unreliable,24,grok-4.20-0309-non-reasoning,sha256:45bdb432e2fb7b736a3299c2d0e0fa6af7e3f8f04b3ec156a10f955162327d30,det-v1,1,,1785,79,959.661,0.0024287500,false,true
call-000094,arm12_cth,cal/f1/s1200001/unreliable,24,grok-4.20-0309-non-reasoning,sha256:45bdb432e2fb7b736a3299c2d0e0fa6af7e3f8f04b3ec156a10f955162327d30,det-v1,1,accepted,1785,79,959.661,0.0024287500,false,false
call-000095,arm12b_cth_llm,cal/f1/s1200001/unreliable,18,grok-4.20-0309-non-reasoning,sha256:0875d7bfa8ab85650815fd421d87b9130d8da86dcd87a1c1d98bcea617ddd0fc,det-v1,1,accepted,1557,87,0.003,0.0021637500,true,false
call-000096,arm12b_cth_llm,cal/f1/s1200001/unreliable,24,grok-4.20-0309-non-reasoning,sha256:c4f5251371ba162702f0f4ff0c36d285e3daa425510e837af04bee0ef6275059,det-v1,1,,1785,112,1249.962,0.0025112500,false,true
call-000097,arm12b_cth_llm,cal/f1/s1200001/unreliable,24,grok-4.20-0309-non-reasoning,sha256:c4f5251371ba162702f0f4ff0c36d285e3daa425510e837af04bee0ef6275059,det-v1,1,accepted,1785,112,1249.962,0.0025112500,false,false
call-000098,arm8_spec_immediate,cal/f1/s1200001/no_alert__twin,10,grok-4.20-0309-non-reasoning,sha256:21144b7b183fab243d1e495e8e9449f0445ff2f7b242bfbd71ea8ad50d27eaa1,det-v1,1,,1258,50,770.677,0.0016975000,false,true
call-000099,arm8_spec_immediate,cal/f1/s1200001/no_alert__twin,10,grok-4.20-0309-non-reasoning,sha256:21144b7b183fab243d1e495e8e9449f0445ff2f7b242bfbd71ea8ad50d27eaa1,det-v1,1,accepted,1258,50,770.677,0.0016975000,false,false
call-000100,arm10_spec_eprocess,cal/f1/s1200001/no_alert__twin,10,grok-4.20-0309-non-reasoning,sha256:21144b7b183fab243d1e495e8e9449f0445ff2f7b242bfbd71ea8ad50d27eaa1,det-v1,1,accepted,1258,50,0.002,0.0016975000,true,false
call-000101,arm12_cth,cal/f1/s1200001/no_alert__twin,10,grok-4.20-0309-non-reasoning,sha256:21144b7b183fab243d1e495e8e9449f0445ff2f7b242bfbd71ea8ad50d27eaa1,det-v1,1,accepted,1258,50,0.002,0.0016975000,true,false
call-000102,arm12b_cth_llm,cal/f1/s1200001/no_alert__twin,10,grok-4.20-0309-non-reasoning,sha256:21144b7b183fab243d1e495e8e9449f0445ff2f7b242bfbd71ea8ad50d27eaa1,det-v1,1,accepted,1258,50,0.002,0.0016975000,true,false
call-000103,arm8_spec_immediate,dev/f1/s1200002/no_alert,31,grok-4.20-0309-non-reasoning,sha256:cce9df22d8dd50c019f05c613b6993162df8cac48a774ce4b1493f554c603b3f,det-v1,1,,2013,70,1008.844,0.0026912500,false,true
call-000104,arm8_spec_immediate,dev/f1/s1200002/no_alert,31,grok-4.20-0309-non-reasoning,sha256:cce9df22d8dd50c019f05c613b6993162df8cac48a774ce4b1493f554c603b3f,det-v1,1,accepted,2013,70,1008.844,0.0026912500,false,false
call-000105,arm10_spec_eprocess,dev/f1/s1200002/no_alert,31,grok-4.20-0309-non-reasoning,sha256:cce9df22d8dd50c019f05c613b6993162df8cac48a774ce4b1493f554c603b3f,det-v1,1,accepted,2013,70,0.003,0.0026912500,true,false
call-000106,arm12_cth,dev/f1/s1200002/no_alert,31,grok-4.20-0309-non-reasoning,sha256:cce9df22d8dd50c019f05c613b6993162df8cac48a774ce4b1493f554c603b3f,det-v1,1,accepted,2013,70,0.003,0.0026912500,true,false
call-000107,arm12b_cth_llm,dev/f1/s1200002/no_alert,31,grok-4.20-0309-non-reasoning,sha256:cce9df22d8dd50c019f05c613b6993162df8cac48a774ce4b1493f554c603b3f,det-v1,1,accepted,2013,70,0.004,0.0026912500,true,false
call-000108,arm8_spec_immediate,dev/f1/s1200002/early_accurate,14,grok-4.20-0309-non-reasoning,sha256:6ecf2cfe9fadb6a41b07ce73729b595ef1f4534c1b67d6995dbce9486af80a7a,det-v1,1,,1405,86,1116.940,0.0019712500,false,true
call-000109,arm8_spec_immediate,dev/f1/s1200002/early_accurate,14,grok-4.20-0309-non-reasoning,sha256:6ecf2cfe9fadb6a41b07ce73729b595ef1f4534c1b67d6995dbce9486af80a7a,det-v1,1,accepted,1405,86,1116.940,0.0019712500,false,false
call-000110,arm8_spec_immediate,dev/f1/s1200002/early_accurate,31,grok-4.20-0309-non-reasoning,sha256:374412e246a31009c27e3ea0a280c61987313cdada4e0be49ef4fa7a26b3d201,det-v1,1,,2051,75,940.610,0.0027512500,false,true
call-000111,arm8_spec_immediate,dev/f1/s1200002/early_accurate,31,grok-4.20-0309-non-reasoning,sha256:374412e246a31009c27e3ea0a280c61987313cdada4e0be49ef4fa7a26b3d201,det-v1,1,accepted,2051,75,940.610,0.0027512500,false,false
call-000112,arm10_spec_eprocess,dev/f1/s1200002/early_accurate,14,grok-4.20-0309-non-reasoning,sha256:6ecf2cfe9fadb6a41b07ce73729b595ef1f4534c1b67d6995dbce9486af80a7a,det-v1,1,accepted,1405,86,0.002,0.0019712500,true,false
call-000113,arm10_spec_eprocess,dev/f1/s1200002/early_accurate,31,grok-4.20-0309-non-reasoning,sha256:d6a23f42b8515b07b18a06bbbc4218c6ac1d816b18ab4549ddddf260ed64626e,det-v1,1,,2051,75,946.434,0.0027512500,false,true
call-000114,arm10_spec_eprocess,dev/f1/s1200002/early_accurate,31,grok-4.20-0309-non-reasoning,sha256:d6a23f42b8515b07b18a06bbbc4218c6ac1d816b18ab4549ddddf260ed64626e,det-v1,1,accepted,2051,75,946.434,0.0027512500,false,false
call-000115,arm12_cth,dev/f1/s1200002/early_accurate,14,grok-4.20-0309-non-reasoning,sha256:6ecf2cfe9fadb6a41b07ce73729b595ef1f4534c1b67d6995dbce9486af80a7a,det-v1,1,accepted,1405,86,0.004,0.0019712500,true,false
call-000116,arm12_cth,dev/f1/s1200002/early_accurate,31,grok-4.20-0309-non-reasoning,sha256:7fe99055abbc465b147e7849ca1c538de4d800c9f0e71c3d416a670ddbfff848,det-v1,1,,2051,75,962.921,0.0027512500,false,true
call-000117,arm12_cth,dev/f1/s1200002/early_accurate,31,grok-4.20-0309-non-reasoning,sha256:7fe99055abbc465b147e7849ca1c538de4d800c9f0e71c3d416a670ddbfff848,det-v1,1,accepted,2051,75,962.921,0.0027512500,false,false
call-000118,arm12b_cth_llm,dev/f1/s1200002/early_accurate,14,grok-4.20-0309-non-reasoning,sha256:6ecf2cfe9fadb6a41b07ce73729b595ef1f4534c1b67d6995dbce9486af80a7a,det-v1,1,accepted,1405,86,0.003,0.0019712500,true,false
call-000119,arm12b_cth_llm,dev/f1/s1200002/early_accurate,31,grok-4.20-0309-non-reasoning,sha256:afff5cd7fb4a40b29d5c8b284029d155dde18f6c4bc7db48e436001941abcc26,det-v1,1,,2051,75,1104.150,0.0027512500,false,true
call-000120,arm12b_cth_llm,dev/f1/s1200002/early_accurate,31,grok-4.20-0309-non-reasoning,sha256:afff5cd7fb4a40b29d5c8b284029d155dde18f6c4bc7db48e436001941abcc26,det-v1,1,accepted,2051,75,1104.150,0.0027512500,false,false
call-000121,arm8_spec_immediate,dev/f1/s1200002/late_accurate,17,grok-4.20-0309-non-reasoning,sha256:0ddde395d2f788c9ff08517f10137e09886cb4e5560d9842a3b04e30effe9714,det-v1,1,,1519,86,1931.281,0.0021137500,false,true
call-000122,arm8_spec_immediate,dev/f1/s1200002/late_accurate,17,grok-4.20-0309-non-reasoning,sha256:0ddde395d2f788c9ff08517f10137e09886cb4e5560d9842a3b04e30effe9714,det-v1,1,accepted,1519,86,1931.281,0.0021137500,false,false
call-000123,arm8_spec_immediate,dev/f1/s1200002/late_accurate,31,grok-4.20-0309-non-reasoning,sha256:b6eb4af21ae06ae2f84f95d66991d264f59cd6719246b32ee7616122747de10e,det-v1,1,,2051,75,965.147,0.0027512500,false,true
call-000124,arm8_spec_immediate,dev/f1/s1200002/late_accurate,31,grok-4.20-0309-non-reasoning,sha256:b6eb4af21ae06ae2f84f95d66991d264f59cd6719246b32ee7616122747de10e,det-v1,1,accepted,2051,75,965.147,0.0027512500,false,false
call-000125,arm10_spec_eprocess,dev/f1/s1200002/late_accurate,17,grok-4.20-0309-non-reasoning,sha256:0ddde395d2f788c9ff08517f10137e09886cb4e5560d9842a3b04e30effe9714,det-v1,1,accepted,1519,86,0.002,0.0021137500,true,false
call-000126,arm10_spec_eprocess,dev/f1/s1200002/late_accurate,31,grok-4.20-0309-non-reasoning,sha256:8c707665415a7382ab31e4bc2e6d0ee5347603900f7aa8ca859a7f8d39592aed,det-v1,1,,2051,75,944.224,0.0027512500,false,true
call-000127,arm10_spec_eprocess,dev/f1/s1200002/late_accurate,31,grok-4.20-0309-non-reasoning,sha256:8c707665415a7382ab31e4bc2e6d0ee5347603900f7aa8ca859a7f8d39592aed,det-v1,1,accepted,2051,75,944.224,0.0027512500,false,false
call-000128,arm12_cth,dev/f1/s1200002/late_accurate,17,grok-4.20-0309-non-reasoning,sha256:0ddde395d2f788c9ff08517f10137e09886cb4e5560d9842a3b04e30effe9714,det-v1,1,accepted,1519,86,0.002,0.0021137500,true,false
call-000129,arm12_cth,dev/f1/s1200002/late_accurate,31,grok-4.20-0309-non-reasoning,sha256:3e6e1bf32fc871420af102406ce85dad48f6efcba3890a0a88b49af0686b80fe,det-v1,1,,2051,75,943.975,0.0027512500,false,true
call-000130,arm12_cth,dev/f1/s1200002/late_accurate,31,grok-4.20-0309-non-reasoning,sha256:3e6e1bf32fc871420af102406ce85dad48f6efcba3890a0a88b49af0686b80fe,det-v1,1,accepted,2051,75,943.975,0.0027512500,false,false
call-000131,arm12b_cth_llm,dev/f1/s1200002/late_accurate,17,grok-4.20-0309-non-reasoning,sha256:0ddde395d2f788c9ff08517f10137e09886cb4e5560d9842a3b04e30effe9714,det-v1,1,accepted,1519,86,0.003,0.0021137500,true,false
call-000132,arm12b_cth_llm,dev/f1/s1200002/late_accurate,31,grok-4.20-0309-non-reasoning,sha256:3e6e1bf32fc871420af102406ce85dad48f6efcba3890a0a88b49af0686b80fe,det-v1,1,accepted,2051,75,0.002,0.0027512500,true,false
call-000133,arm8_spec_immediate,dev/f1/s1200002/unreliable,14,grok-4.20-0309-non-reasoning,sha256:8789b9c10400526b4732e29095996170f54f0b09397d78724781e7f58bc8fa11,det-v1,1,,1407,58,1112.690,0.0019037500,false,true
call-000134,arm8_spec_immediate,dev/f1/s1200002/unreliable,14,grok-4.20-0309-non-reasoning,sha256:8789b9c10400526b4732e29095996170f54f0b09397d78724781e7f58bc8fa11,det-v1,1,accepted,1407,58,1112.690,0.0019037500,false,false
call-000135,arm8_spec_immediate,dev/f1/s1200002/unreliable,31,grok-4.20-0309-non-reasoning,sha256:be6f5b38641f24c7208d9bb5cad58ff7ffb4abdb99f81f29e29e26f2b68304c8,det-v1,1,,2053,78,1116.340,0.0027612500,false,true
call-000136,arm8_spec_immediate,dev/f1/s1200002/unreliable,31,grok-4.20-0309-non-reasoning,sha256:be6f5b38641f24c7208d9bb5cad58ff7ffb4abdb99f81f29e29e26f2b68304c8,det-v1,1,accepted,2053,78,1116.340,0.0027612500,false,false
call-000137,arm10_spec_eprocess,dev/f1/s1200002/unreliable,14,grok-4.20-0309-non-reasoning,sha256:8789b9c10400526b4732e29095996170f54f0b09397d78724781e7f58bc8fa11,det-v1,1,accepted,1407,58,0.002,0.0019037500,true,false
call-000138,arm10_spec_eprocess,dev/f1/s1200002/unreliable,31,grok-4.20-0309-non-reasoning,sha256:2cd1ede2c4c787c823e29aa4940ae65b1b999bc82cf9531207ad9ed69ea9b9ec,det-v1,1,,2053,74,1004.418,0.0027512500,false,true
call-000139,arm10_spec_eprocess,dev/f1/s1200002/unreliable,31,grok-4.20-0309-non-reasoning,sha256:2cd1ede2c4c787c823e29aa4940ae65b1b999bc82cf9531207ad9ed69ea9b9ec,det-v1,1,accepted,2053,74,1004.418,0.0027512500,false,false
call-000140,arm12_cth,dev/f1/s1200002/unreliable,14,grok-4.20-0309-non-reasoning,sha256:8789b9c10400526b4732e29095996170f54f0b09397d78724781e7f58bc8fa11,det-v1,1,accepted,1407,58,0.002,0.0019037500,true,false
call-000141,arm12_cth,dev/f1/s1200002/unreliable,31,grok-4.20-0309-non-reasoning,sha256:d3cd0e734e11d1891fd67cb28d7ba57dabfbb0d7005a3a43df647e70968070ec,det-v1,1,,2053,74,1250.533,0.0027512500,false,true
call-000142,arm12_cth,dev/f1/s1200002/unreliable,31,grok-4.20-0309-non-reasoning,sha256:d3cd0e734e11d1891fd67cb28d7ba57dabfbb0d7005a3a43df647e70968070ec,det-v1,1,accepted,2053,74,1250.533,0.0027512500,false,false
call-000143,arm12b_cth_llm,dev/f1/s1200002/unreliable,14,grok-4.20-0309-non-reasoning,sha256:8789b9c10400526b4732e29095996170f54f0b09397d78724781e7f58bc8fa11,det-v1,1,accepted,1407,58,0.002,0.0019037500,true,false
call-000144,arm12b_cth_llm,dev/f1/s1200002/unreliable,31,grok-4.20-0309-non-reasoning,sha256:75624f62213700b011c1d88f92b862929ec21d1c45d7d61275874bcd280602df,det-v1,1,,2053,74,980.435,0.0027512500,false,true
call-000145,arm12b_cth_llm,dev/f1/s1200002/unreliable,31,grok-4.20-0309-non-reasoning,sha256:75624f62213700b011c1d88f92b862929ec21d1c45d7d61275874bcd280602df,det-v1,1,accepted,2053,74,980.435,0.0027512500,false,false
call-000146,arm8_spec_immediate,dev/f1/s1200002/no_alert__twin,10,grok-4.20-0309-non-reasoning,sha256:a5555d2e05c211e8040dc9576f76b74ba208df15c584d5a6bc7939a5cf767c22,det-v1,1,,1252,86,1002.092,0.0017800000,false,true
call-000147,arm8_spec_immediate,dev/f1/s1200002/no_alert__twin,10,grok-4.20-0309-non-reasoning,sha256:a5555d2e05c211e8040dc9576f76b74ba208df15c584d5a6bc7939a5cf767c22,det-v1,1,accepted,1252,86,1002.092,0.0017800000,false,false
call-000148,arm10_spec_eprocess,dev/f1/s1200002/no_alert__twin,10,grok-4.20-0309-non-reasoning,sha256:a5555d2e05c211e8040dc9576f76b74ba208df15c584d5a6bc7939a5cf767c22,det-v1,1,accepted,1252,86,0.002,0.0017800000,true,false
call-000149,arm12_cth,dev/f1/s1200002/no_alert__twin,10,grok-4.20-0309-non-reasoning,sha256:a5555d2e05c211e8040dc9576f76b74ba208df15c584d5a6bc7939a5cf767c22,det-v1,1,accepted,1252,86,0.002,0.0017800000,true,false
call-000150,arm12b_cth_llm,dev/f1/s1200002/no_alert__twin,10,grok-4.20-0309-non-reasoning,sha256:a5555d2e05c211e8040dc9576f76b74ba208df15c584d5a6bc7939a5cf767c22,det-v1,1,accepted,1252,86,0.004,0.0017800000,true,false
call-000151,arm8_spec_immediate,cal/f1/s1200003/no_alert,23,grok-4.20-0309-non-reasoning,sha256:00ea69a2a452473ec12fffb12922d8735bfcf6759fa74c4602ca5030dc4ba221,det-v1,1,,1709,74,959.504,0.0023212500,false,true
call-000152,arm8_spec_immediate,cal/f1/s1200003/no_alert,23,grok-4.20-0309-non-reasoning,sha256:00ea69a2a452473ec12fffb12922d8735bfcf6759fa74c4602ca5030dc4ba221,det-v1,1,accepted,1709,74,959.504,0.0023212500,false,false
call-000153,arm8_spec_immediate,cal/f1/s1200003/no_alert,34,grok-4.20-0309-non-reasoning,sha256:a2d57c3aa06055b74d34c938ca05999afd46e3c03076bacfc03e24c693f390e9,det-v1,1,,2127,50,866.269,0.0027837500,false,true
call-000154,arm8_spec_immediate,cal/f1/s1200003/no_alert,34,grok-4.20-0309-non-reasoning,sha256:a2d57c3aa06055b74d34c938ca05999afd46e3c03076bacfc03e24c693f390e9,det-v1,1,accepted,2127,50,866.269,0.0027837500,false,false
call-000155,arm10_spec_eprocess,cal/f1/s1200003/no_alert,23,grok-4.20-0309-non-reasoning,sha256:00ea69a2a452473ec12fffb12922d8735bfcf6759fa74c4602ca5030dc4ba221,det-v1,1,accepted,1709,74,0.002,0.0023212500,true,false
call-000156,arm10_spec_eprocess,cal/f1/s1200003/no_alert,34,grok-4.20-0309-non-reasoning,sha256:f5d4913e4f8988cc7c82c58a9b8cbd89e57f3d625729180f8587d4cce62e7c31,det-v1,1,,2127,50,881.350,0.0027837500,false,true
call-000157,arm10_spec_eprocess,cal/f1/s1200003/no_alert,34,grok-4.20-0309-non-reasoning,sha256:f5d4913e4f8988cc7c82c58a9b8cbd89e57f3d625729180f8587d4cce62e7c31,det-v1,1,accepted,2127,50,881.350,0.0027837500,false,false
call-000158,arm12_cth,cal/f1/s1200003/no_alert,23,grok-4.20-0309-non-reasoning,sha256:00ea69a2a452473ec12fffb12922d8735bfcf6759fa74c4602ca5030dc4ba221,det-v1,1,accepted,1709,74,0.002,0.0023212500,true,false
call-000159,arm12_cth,cal/f1/s1200003/no_alert,34,grok-4.20-0309-non-reasoning,sha256:0227a4ba97a4e21218b3f1679e8c1b34b509587f7b8864322a1b2b01f3b017f0,det-v1,1,,2127,50,771.670,0.0027837500,false,true
call-000160,arm12_cth,cal/f1/s1200003/no_alert,34,grok-4.20-0309-non-reasoning,sha256:0227a4ba97a4e21218b3f1679e8c1b34b509587f7b8864322a1b2b01f3b017f0,det-v1,1,accepted,2127,50,771.670,0.0027837500,false,false
call-000161,arm12b_cth_llm,cal/f1/s1200003/no_alert,23,grok-4.20-0309-non-reasoning,sha256:00ea69a2a452473ec12fffb12922d8735bfcf6759fa74c4602ca5030dc4ba221,det-v1,1,accepted,1709,74,0.002,0.0023212500,true,false
call-000162,arm12b_cth_llm,cal/f1/s1200003/no_alert,34,grok-4.20-0309-non-reasoning,sha256:92fcca4cbf6939d56e43cb4681eb2fb76e9cd3c4814f9a0e4f612d14a6f99703,det-v1,1,,2127,74,965.351,0.0028437500,false,true
call-000163,arm12b_cth_llm,cal/f1/s1200003/no_alert,34,grok-4.20-0309-non-reasoning,sha256:92fcca4cbf6939d56e43cb4681eb2fb76e9cd3c4814f9a0e4f612d14a6f99703,det-v1,1,accepted,2127,74,965.351,0.0028437500,false,false
call-000164,arm8_spec_immediate,cal/f1/s1200003/early_accurate,14,grok-4.20-0309-non-reasoning,sha256:b9f16f888bfcb7d57d7cb0a395d209bb6151c35081c60a849ffa7000497fa4b3,det-v1,1,,1408,59,988.161,0.0019075000,false,true
call-000165,arm8_spec_immediate,cal/f1/s1200003/early_accurate,14,grok-4.20-0309-non-reasoning,sha256:b9f16f888bfcb7d57d7cb0a395d209bb6151c35081c60a849ffa7000497fa4b3,det-v1,1,accepted,1408,59,988.161,0.0019075000,false,false
call-000166,arm8_spec_immediate,cal/f1/s1200003/early_accurate,23,grok-4.20-0309-non-reasoning,sha256:0eacba33769ae7a17f5aa4668384a26b5aac49ff800cc2e767a07d43ffba42f9,det-v1,1,,1750,95,1131.216,0.0024250000,false,true
call-000167,arm8_spec_immediate,cal/f1/s1200003/early_accurate,23,grok-4.20-0309-non-reasoning,sha256:0eacba33769ae7a17f5aa4668384a26b5aac49ff800cc2e767a07d43ffba42f9,det-v1,1,accepted,1750,95,1131.216,0.0024250000,false,false
call-000168,arm10_spec_eprocess,cal/f1/s1200003/early_accurate,14,grok-4.20-0309-non-reasoning,sha256:b9f16f888bfcb7d57d7cb0a395d209bb6151c35081c60a849ffa7000497fa4b3,det-v1,1,accepted,1408,59,0.005,0.0019075000,true,false
call-000169,arm10_spec_eprocess,cal/f1/s1200003/early_accurate,23,grok-4.20-0309-non-reasoning,sha256:a145fadbacdf036e95b42cb4391a893e22ec85655b5ba23e69aab584f60dee41,det-v1,1,,1750,95,1123.199,0.0024250000,false,true
call-000170,arm10_spec_eprocess,cal/f1/s1200003/early_accurate,23,grok-4.20-0309-non-reasoning,sha256:a145fadbacdf036e95b42cb4391a893e22ec85655b5ba23e69aab584f60dee41,det-v1,1,accepted,1750,95,1123.199,0.0024250000,false,false
call-000171,arm12_cth,cal/f1/s1200003/early_accurate,14,grok-4.20-0309-non-reasoning,sha256:b9f16f888bfcb7d57d7cb0a395d209bb6151c35081c60a849ffa7000497fa4b3,det-v1,1,accepted,1408,59,0.002,0.0019075000,true,false
call-000172,arm12_cth,cal/f1/s1200003/early_accurate,23,grok-4.20-0309-non-reasoning,sha256:1737c28aa3386b78cbaea753d07cf89676657ed7ea2ebc23f020ae2fd03937a7,det-v1,1,,1750,95,1069.552,0.0024250000,false,true
call-000173,arm12_cth,cal/f1/s1200003/early_accurate,23,grok-4.20-0309-non-reasoning,sha256:1737c28aa3386b78cbaea753d07cf89676657ed7ea2ebc23f020ae2fd03937a7,det-v1,1,accepted,1750,95,1069.552,0.0024250000,false,false
call-000174,arm12b_cth_llm,cal/f1/s1200003/early_accurate,14,grok-4.20-0309-non-reasoning,sha256:b9f16f888bfcb7d57d7cb0a395d209bb6151c35081c60a849ffa7000497fa4b3,det-v1,1,accepted,1408,59,0.003,0.0019075000,true,false
call-000175,arm12b_cth_llm,cal/f1/s1200003/early_accurate,23,grok-4.20-0309-non-reasoning,sha256:8734b63ed6f1613744f64a52b9891ca81daa411a1e4533205236e3e8e5a058f9,det-v1,1,,1750,111,1304.883,0.0024650000,false,true
call-000176,arm12b_cth_llm,cal/f1/s1200003/early_accurate,23,grok-4.20-0309-non-reasoning,sha256:8734b63ed6f1613744f64a52b9891ca81daa411a1e4533205236e3e8e5a058f9,det-v1,1,accepted,1750,111,1304.883,0.0024650000,false,false
call-000177,arm8_spec_immediate,cal/f1/s1200003/late_accurate,17,grok-4.20-0309-non-reasoning,sha256:038f2d75f5b35e614c1ee3491c4b88460ef242b58c73f0b038de23b04f6cc83e,det-v1,1,,1522,87,1133.154,0.0021200000,false,true
call-000178,arm8_spec_immediate,cal/f1/s1200003/late_accurate,17,grok-4.20-0309-non-reasoning,sha256:038f2d75f5b35e614c1ee3491c4b88460ef242b58c73f0b038de23b04f6cc83e,det-v1,1,accepted,1522,87,1133.154,0.0021200000,false,false
call-000179,arm8_spec_immediate,cal/f1/s1200003/late_accurate,23,grok-4.20-0309-non-reasoning,sha256:41397b390c1a5fc146501e3cd2f86bf3101a1ef7a2c49d62106699a0c3aad675,det-v1,1,,1750,122,1413.070,0.0024925000,false,true
call-000180,arm8_spec_immediate,cal/f1/s1200003/late_accurate,23,grok-4.20-0309-non-reasoning,sha256:41397b390c1a5fc146501e3cd2f86bf3101a1ef7a2c49d62106699a0c3aad675,det-v1,1,accepted,1750,122,1413.070,0.0024925000,false,false
call-000181,arm10_spec_eprocess,cal/f1/s1200003/late_accurate,17,grok-4.20-0309-non-reasoning,sha256:038f2d75f5b35e614c1ee3491c4b88460ef242b58c73f0b038de23b04f6cc83e,det-v1,1,accepted,1522,87,0.002,0.0021200000,true,false
call-000182,arm10_spec_eprocess,cal/f1/s1200003/late_accurate,23,grok-4.20-0309-non-reasoning,sha256:433068bf66e32738aa89ebfb278c35f87128c11a3056b530d496e121ca2b3cad,det-v1,1,,1750,83,1197.066,0.0023950000,false,true
call-000183,arm10_spec_eprocess,cal/f1/s1200003/late_accurate,23,grok-4.20-0309-non-reasoning,sha256:433068bf66e32738aa89ebfb278c35f87128c11a3056b530d496e121ca2b3cad,det-v1,1,accepted,1750,83,1197.066,0.0023950000,false,false
call-000184,arm12_cth,cal/f1/s1200003/late_accurate,17,grok-4.20-0309-non-reasoning,sha256:038f2d75f5b35e614c1ee3491c4b88460ef242b58c73f0b038de23b04f6cc83e,det-v1,1,accepted,1522,87,0.002,0.0021200000,true,false
call-000185,arm12_cth,cal/f1/s1200003/late_accurate,23,grok-4.20-0309-non-reasoning,sha256:b919936621aa661ff8ceb021b5fd6782a6f388a36772b00707defa73ebea88ce,det-v1,1,,1750,86,977.843,0.0024025000,false,true
call-000186,arm12_cth,cal/f1/s1200003/late_accurate,23,grok-4.20-0309-non-reasoning,sha256:b919936621aa661ff8ceb021b5fd6782a6f388a36772b00707defa73ebea88ce,det-v1,1,accepted,1750,86,977.843,0.0024025000,false,false
call-000187,arm12b_cth_llm,cal/f1/s1200003/late_accurate,17,grok-4.20-0309-non-reasoning,sha256:038f2d75f5b35e614c1ee3491c4b88460ef242b58c73f0b038de23b04f6cc83e,det-v1,1,accepted,1522,87,0.002,0.0021200000,true,false
call-000188,arm12b_cth_llm,cal/f1/s1200003/late_accurate,23,grok-4.20-0309-non-reasoning,sha256:c0dc0a5bb53b363bbf4c2a46b6620b31f0cad368174511768c0cab74efb6fd55,det-v1,1,,1750,87,1086.607,0.0024050000,false,true
call-000189,arm12b_cth_llm,cal/f1/s1200003/late_accurate,23,grok-4.20-0309-non-reasoning,sha256:c0dc0a5bb53b363bbf4c2a46b6620b31f0cad368174511768c0cab74efb6fd55,det-v1,1,accepted,1750,87,1086.607,0.0024050000,false,false
call-000190,arm8_spec_immediate,cal/f1/s1200003/unreliable,14,grok-4.20-0309-non-reasoning,sha256:1676c8f20205105cf0ccfa2533e52631ef88f3e2f238af5814db67574d5705a5,det-v1,1,,1405,50,771.274,0.0018812500,false,true
call-000191,arm8_spec_immediate,cal/f1/s1200003/unreliable,14,grok-4.20-0309-non-reasoning,sha256:1676c8f20205105cf0ccfa2533e52631ef88f3e2f238af5814db67574d5705a5,det-v1,1,accepted,1405,50,771.274,0.0018812500,false,false
call-000192,arm8_spec_immediate,cal/f1/s1200003/unreliable,23,grok-4.20-0309-non-reasoning,sha256:81fc102e09cf8a6cb7c5a05cc11cef0e9dd90656b904e8cc380ecaa84e2b9801,det-v1,1,,1747,74,1022.947,0.0023687500,false,true
call-000193,arm8_spec_immediate,cal/f1/s1200003/unreliable,23,grok-4.20-0309-non-reasoning,sha256:81fc102e09cf8a6cb7c5a05cc11cef0e9dd90656b904e8cc380ecaa84e2b9801,det-v1,1,accepted,1747,74,1022.947,0.0023687500,false,false
call-000194,arm10_spec_eprocess,cal/f1/s1200003/unreliable,14,grok-4.20-0309-non-reasoning,sha256:1676c8f20205105cf0ccfa2533e52631ef88f3e2f238af5814db67574d5705a5,det-v1,1,accepted,1405,50,0.002,0.0018812500,true,false
call-000195,arm10_spec_eprocess,cal/f1/s1200003/unreliable,23,grok-4.20-0309-non-reasoning,sha256:81fc102e09cf8a6cb7c5a05cc11cef0e9dd90656b904e8cc380ecaa84e2b9801,det-v1,1,accepted,1747,74,0.001,0.0023687500,true,false
call-000196,arm12_cth,cal/f1/s1200003/unreliable,14,grok-4.20-0309-non-reasoning,sha256:1676c8f20205105cf0ccfa2533e52631ef88f3e2f238af5814db67574d5705a5,det-v1,1,accepted,1405,50,0.002,0.0018812500,true,false
call-000197,arm12_cth,cal/f1/s1200003/unreliable,23,grok-4.20-0309-non-reasoning,sha256:2f9797501396b547477ec8c6d04bacebe2dce341978978c39b1d53ed988b8daa,det-v1,1,,1747,74,983.159,0.0023687500,false,true
call-000198,arm12_cth,cal/f1/s1200003/unreliable,23,grok-4.20-0309-non-reasoning,sha256:2f9797501396b547477ec8c6d04bacebe2dce341978978c39b1d53ed988b8daa,det-v1,1,accepted,1747,74,983.159,0.0023687500,false,false
call-000199,arm12b_cth_llm,cal/f1/s1200003/unreliable,14,grok-4.20-0309-non-reasoning,sha256:1676c8f20205105cf0ccfa2533e52631ef88f3e2f238af5814db67574d5705a5,det-v1,1,accepted,1405,50,0.002,0.0018812500,true,false
call-000200,arm12b_cth_llm,cal/f1/s1200003/unreliable,23,grok-4.20-0309-non-reasoning,sha256:81fc102e09cf8a6cb7c5a05cc11cef0e9dd90656b904e8cc380ecaa84e2b9801,det-v1,1,accepted,1747,74,0.002,0.0023687500,true,false
call-000201,arm8_spec_immediate,dev/f1/s1200004/no_alert,23,grok-4.20-0309-non-reasoning,sha256:952e8772812f9ff8985fc219602bf0c0b9b777cacd82ad06a7ec3bca16a81c41,det-v1,1,,1709,70,1670.591,0.0023112500,false,true
call-000202,arm8_spec_immediate,dev/f1/s1200004/no_alert,23,grok-4.20-0309-non-reasoning,sha256:952e8772812f9ff8985fc219602bf0c0b9b777cacd82ad06a7ec3bca16a81c41,det-v1,1,accepted,1709,70,1670.591,0.0023112500,false,false
call-000203,arm8_spec_immediate,dev/f1/s1200004/no_alert,38,grok-4.20-0309-non-reasoning,sha256:28486e76f0ff357b58a698e92b43f98a2ca2a54c05483a2a616d1c093abcaae2,det-v1,1,,2279,86,1287.580,0.0030637500,false,true
call-000204,arm8_spec_immediate,dev/f1/s1200004/no_alert,38,grok-4.20-0309-non-reasoning,sha256:28486e76f0ff357b58a698e92b43f98a2ca2a54c05483a2a616d1c093abcaae2,det-v1,1,accepted,2279,86,1287.580,0.0030637500,false,false
call-000205,arm10_spec_eprocess,dev/f1/s1200004/no_alert,23,grok-4.20-0309-non-reasoning,sha256:952e8772812f9ff8985fc219602bf0c0b9b777cacd82ad06a7ec3bca16a81c41,det-v1,1,accepted,1709,70,0.003,0.0023112500,true,false
call-000206,arm10_spec_eprocess,dev/f1/s1200004/no_alert,38,grok-4.20-0309-non-reasoning,sha256:c0b309e6bc5da4845305fa177efab3962be9493ea2545875b2f9bea614543ef1,det-v1,1,,2279,90,1209.965,0.0030737500,false,true
call-000207,arm10_spec_eprocess,dev/f1/s1200004/no_alert,38,grok-4.20-0309-non-reasoning,sha256:c0b309e6bc5da4845305fa177efab3962be9493ea2545875b2f9bea614543ef1,det-v1,1,accepted,2279,90,1209.965,0.0030737500,false,false
call-000208,arm12_cth,dev/f1/s1200004/no_alert,23,grok-4.20-0309-non-reasoning,sha256:952e8772812f9ff8985fc219602bf0c0b9b777cacd82ad06a7ec3bca16a81c41,det-v1,1,accepted,1709,70,0.002,0.0023112500,true,false
call-000209,arm12_cth,dev/f1/s1200004/no_alert,38,grok-4.20-0309-non-reasoning,sha256:6746b826f25015c7060619a6fee987572081fafa1ddc6bc076306e1636598a26,det-v1,1,,2279,86,1059.367,0.0030637500,false,true
call-000210,arm12_cth,dev/f1/s1200004/no_alert,38,grok-4.20-0309-non-reasoning,sha256:6746b826f25015c7060619a6fee987572081fafa1ddc6bc076306e1636598a26,det-v1,1,accepted,2279,86,1059.367,0.0030637500,false,false
call-000211,arm12b_cth_llm,dev/f1/s1200004/no_alert,23,grok-4.20-0309-non-reasoning,sha256:952e8772812f9ff8985fc219602bf0c0b9b777cacd82ad06a7ec3bca16a81c41,det-v1,1,accepted,1709,70,0.002,0.0023112500,true,false
call-000212,arm12b_cth_llm,dev/f1/s1200004/no_alert,38,grok-4.20-0309-non-reasoning,sha256:3c71e93ee7f791a2c65212c43f0bd6de49fd8a693c8d8b9c3f30da06e0ed3510,det-v1,1,,2279,90,1973.801,0.0030737500,false,true
call-000213,arm12b_cth_llm,dev/f1/s1200004/no_alert,38,grok-4.20-0309-non-reasoning,sha256:3c71e93ee7f791a2c65212c43f0bd6de49fd8a693c8d8b9c3f30da06e0ed3510,det-v1,1,accepted,2279,90,1973.801,0.0030737500,false,false
call-000214,arm8_spec_immediate,dev/f1/s1200004/early_accurate,13,grok-4.20-0309-non-reasoning,sha256:0db89512cfbefd963cdb3e1626b5885a92799a0868bde95f23ec21031dc1d5d5,det-v1,1,,1365,59,956.940,0.0018537500,false,true
call-000215,arm8_spec_immediate,dev/f1/s1200004/early_accurate,13,grok-4.20-0309-non-reasoning,sha256:0db89512cfbefd963cdb3e1626b5885a92799a0868bde95f23ec21031dc1d5d5,det-v1,1,accepted,1365,59,956.940,0.0018537500,false,false
call-000216,arm8_spec_immediate,dev/f1/s1200004/early_accurate,23,grok-4.20-0309-non-reasoning,sha256:38d57fcd7268dcb90006bbe5ea8b50f939c68fb665f1ea765f4b526ad0a75e35,det-v1,1,,1745,71,994.967,0.0023587500,false,true
call-000217,arm8_spec_immediate,dev/f1/s1200004/early_accurate,23,grok-4.20-0309-non-reasoning,sha256:38d57fcd7268dcb90006bbe5ea8b50f939c68fb665f1ea765f4b526ad0a75e35,det-v1,1,accepted,1745,71,994.967,0.0023587500,false,false
call-000218,arm10_spec_eprocess,dev/f1/s1200004/early_accurate,13,grok-4.20-0309-non-reasoning,sha256:0db89512cfbefd963cdb3e1626b5885a92799a0868bde95f23ec21031dc1d5d5,det-v1,1,accepted,1365,59,0.002,0.0018537500,true,false
call-000219,arm10_spec_eprocess,dev/f1/s1200004/early_accurate,23,grok-4.20-0309-non-reasoning,sha256:e68fe32cb7c62574261273ba1c68dcb7aea73e5c300ba96c76a0b30b1332212d,det-v1,1,,1745,102,1251.744,0.0024362500,false,true
call-000220,arm10_spec_eprocess,dev/f1/s1200004/early_accurate,23,grok-4.20-0309-non-reasoning,sha256:e68fe32cb7c62574261273ba1c68dcb7aea73e5c300ba96c76a0b30b1332212d,det-v1,1,accepted,1745,102,1251.744,0.0024362500,false,false
call-000221,arm12_cth,dev/f1/s1200004/early_accurate,13,grok-4.20-0309-non-reasoning,sha256:0db89512cfbefd963cdb3e1626b5885a92799a0868bde95f23ec21031dc1d5d5,det-v1,1,accepted,1365,59,0.002,0.0018537500,true,false
call-000222,arm12_cth,dev/f1/s1200004/early_accurate,23,grok-4.20-0309-non-reasoning,sha256:a6c6f5f5655afe55d345d05f1be56cb8b0755c41b4d937c4ca54b4979d0caa13,det-v1,1,,1745,71,986.559,0.0023587500,false,true
call-000223,arm12_cth,dev/f1/s1200004/early_accurate,23,grok-4.20-0309-non-reasoning,sha256:a6c6f5f5655afe55d345d05f1be56cb8b0755c41b4d937c4ca54b4979d0caa13,det-v1,1,accepted,1745,71,986.559,0.0023587500,false,false
call-000224,arm12b_cth_llm,dev/f1/s1200004/early_accurate,13,grok-4.20-0309-non-reasoning,sha256:0db89512cfbefd963cdb3e1626b5885a92799a0868bde95f23ec21031dc1d5d5,det-v1,1,accepted,1365,59,0.004,0.0018537500,true,false
call-000225,arm12b_cth_llm,dev/f1/s1200004/early_accurate,23,grok-4.20-0309-non-reasoning,sha256:fca63432dd68926a701a6bb84ed24d4dc26ad76aa024b03605c374afc63f7551,det-v1,1,,1745,71,1038.043,0.0023587500,false,true
call-000226,arm12b_cth_llm,dev/f1/s1200004/early_accurate,23,grok-4.20-0309-non-reasoning,sha256:fca63432dd68926a701a6bb84ed24d4dc26ad76aa024b03605c374afc63f7551,det-v1,1,accepted,1745,71,1038.043,0.0023587500,false,false
call-000227,arm8_spec_immediate,dev/f1/s1200004/late_accurate,16,grok-4.20-0309-non-reasoning,sha256:0d534bc7447c89bdecdd72b4b1e778d5065a7e6f5d169ea5e5abde14ab7efafb,det-v1,1,,1479,59,1095.156,0.0019962500,false,true
call-000228,arm8_spec_immediate,dev/f1/s1200004/late_accurate,16,grok-4.20-0309-non-reasoning,sha256:0d534bc7447c89bdecdd72b4b1e778d5065a7e6f5d169ea5e5abde14ab7efafb,det-v1,1,accepted,1479,59,1095.156,0.0019962500,false,false
call-000229,arm8_spec_immediate,dev/f1/s1200004/late_accurate,23,grok-4.20-0309-non-reasoning,sha256:0ecb0cb680529e856427178697679e6780f6bedc7f1783239dccb2fd64c1b684,det-v1,1,,1745,71,981.871,0.0023587500,false,true
call-000230,arm8_spec_immediate,dev/f1/s1200004/late_accurate,23,grok-4.20-0309-non-reasoning,sha256:0ecb0cb680529e856427178697679e6780f6bedc7f1783239dccb2fd64c1b684,det-v1,1,accepted,1745,71,981.871,0.0023587500,false,false
call-000231,arm10_spec_eprocess,dev/f1/s1200004/late_accurate,16,grok-4.20-0309-non-reasoning,sha256:0d534bc7447c89bdecdd72b4b1e778d5065a7e6f5d169ea5e5abde14ab7efafb,det-v1,1,accepted,1479,59,0.002,0.0019962500,true,false
call-000232,arm10_spec_eprocess,dev/f1/s1200004/late_accurate,23,grok-4.20-0309-non-reasoning,sha256:4cdae293ee7a1ffe66171b1e23eec8a5ec2565ec8fdf8ce87fe3ec54319209b9,det-v1,1,,1745,71,1462.398,0.0023587500,false,true
call-000233,arm10_spec_eprocess,dev/f1/s1200004/late_accurate,23,grok-4.20-0309-non-reasoning,sha256:4cdae293ee7a1ffe66171b1e23eec8a5ec2565ec8fdf8ce87fe3ec54319209b9,det-v1,1,accepted,1745,71,1462.398,0.0023587500,false,false
call-000234,arm12_cth,dev/f1/s1200004/late_accurate,16,grok-4.20-0309-non-reasoning,sha256:0d534bc7447c89bdecdd72b4b1e778d5065a7e6f5d169ea5e5abde14ab7efafb,det-v1,1,accepted,1479,59,0.002,0.0019962500,true,false
call-000235,arm12_cth,dev/f1/s1200004/late_accurate,23,grok-4.20-0309-non-reasoning,sha256:4f82392e88ac59493f236199c945ca7a989b7e9d3cbc84d60eeab2b4820c4de3,det-v1,1,,1745,71,1013.137,0.0023587500,false,true
call-000236,arm12_cth,dev/f1/s1200004/late_accurate,23,grok-4.20-0309-non-reasoning,sha256:4f82392e88ac59493f236199c945ca7a989b7e9d3cbc84d60eeab2b4820c4de3,det-v1,1,accepted,1745,71,1013.137,0.0023587500,false,false
call-000237,arm12b_cth_llm,dev/f1/s1200004/late_accurate,16,grok-4.20-0309-non-reasoning,sha256:0d534bc7447c89bdecdd72b4b1e778d5065a7e6f5d169ea5e5abde14ab7efafb,det-v1,1,accepted,1479,59,0.002,0.0019962500,true,false
call-000238,arm12b_cth_llm,dev/f1/s1200004/late_accurate,23,grok-4.20-0309-non-reasoning,sha256:c3fd72aee099b6334e8bbf5e8309601aec45a0cbefb09f450659dcfe8e66c01e,det-v1,1,,1745,71,1062.130,0.0023587500,false,true
call-000239,arm12b_cth_llm,dev/f1/s1200004/late_accurate,23,grok-4.20-0309-non-reasoning,sha256:c3fd72aee099b6334e8bbf5e8309601aec45a0cbefb09f450659dcfe8e66c01e,det-v1,1,accepted,1745,71,1062.130,0.0023587500,false,false
call-000240,arm8_spec_immediate,dev/f1/s1200004/unreliable,13,grok-4.20-0309-non-reasoning,sha256:078ff796c38d0af2651bc4f8cb127fd970953bea9e4d714b59ef1b511d4e027e,det-v1,1,,1369,86,1085.123,0.0019262500,false,true
call-000241,arm8_spec_immediate,dev/f1/s1200004/unreliable,13,grok-4.20-0309-non-reasoning,sha256:078ff796c38d0af2651bc4f8cb127fd970953bea9e4d714b59ef1b511d4e027e,det-v1,1,accepted,1369,86,1085.123,0.0019262500,false,false
call-000242,arm8_spec_immediate,dev/f1/s1200004/unreliable,23,grok-4.20-0309-non-reasoning,sha256:c8b22bcea7e67856717635d6bc2f0426ea6c09b624e4fc486fd7ed73b01b46c6,det-v1,1,,1749,70,1029.093,0.0023612500,false,true
call-000243,arm8_spec_immediate,dev/f1/s1200004/unreliable,23,grok-4.20-0309-non-reasoning,sha256:c8b22bcea7e67856717635d6bc2f0426ea6c09b624e4fc486fd7ed73b01b46c6,det-v1,1,accepted,1749,70,1029.093,0.0023612500,false,false
call-000244,arm10_spec_eprocess,dev/f1/s1200004/unreliable,13,grok-4.20-0309-non-reasoning,sha256:078ff796c38d0af2651bc4f8cb127fd970953bea9e4d714b59ef1b511d4e027e,det-v1,1,accepted,1369,86,0.002,0.0019262500,true,false
call-000245,arm10_spec_eprocess,dev/f1/s1200004/unreliable,23,grok-4.20-0309-non-reasoning,sha256:7666a0dfee94d571e61a303843f7402d2f1738ae3ecbaa6444e1389361aebcd7,det-v1,1,,1749,71,976.086,0.0023637500,false,true
call-000246,arm10_spec_eprocess,dev/f1/s1200004/unreliable,23,grok-4.20-0309-non-reasoning,sha256:7666a0dfee94d571e61a303843f7402d2f1738ae3ecbaa6444e1389361aebcd7,det-v1,1,accepted,1749,71,976.086,0.0023637500,false,false
call-000247,arm12_cth,dev/f1/s1200004/unreliable,13,grok-4.20-0309-non-reasoning,sha256:078ff796c38d0af2651bc4f8cb127fd970953bea9e4d714b59ef1b511d4e027e,det-v1,1,accepted,1369,86,0.002,0.0019262500,true,false
call-000248,arm12_cth,dev/f1/s1200004/unreliable,23,grok-4.20-0309-non-reasoning,sha256:40ced149a1846bdc53e4a4a488358b88f1e78fd5289091e2ae154b4063b1e385,det-v1,1,,1749,102,1230.924,0.0024412500,false,true
call-000249,arm12_cth,dev/f1/s1200004/unreliable,23,grok-4.20-0309-non-reasoning,sha256:40ced149a1846bdc53e4a4a488358b88f1e78fd5289091e2ae154b4063b1e385,det-v1,1,accepted,1749,102,1230.924,0.0024412500,false,false
call-000250,arm12b_cth_llm,dev/f1/s1200004/unreliable,13,grok-4.20-0309-non-reasoning,sha256:078ff796c38d0af2651bc4f8cb127fd970953bea9e4d714b59ef1b511d4e027e,det-v1,1,accepted,1369,86,0.003,0.0019262500,true,false
call-000251,arm12b_cth_llm,dev/f1/s1200004/unreliable,23,grok-4.20-0309-non-reasoning,sha256:8d6a2876005f9e33b39fa5f401b63233ed5b7d10f8f9e49485e565fb2f5371be,det-v1,1,,1749,102,2198.229,0.0024412500,false,true
call-000252,arm12b_cth_llm,dev/f1/s1200004/unreliable,23,grok-4.20-0309-non-reasoning,sha256:8d6a2876005f9e33b39fa5f401b63233ed5b7d10f8f9e49485e565fb2f5371be,det-v1,1,accepted,1749,102,2198.229,0.0024412500,false,false
call-000253,arm8_spec_immediate,cal/f1/s1200005/no_alert,22,grok-4.20-0309-non-reasoning,sha256:66667e94aae12b7f0308e053a83f5fb96124b0d2eced69008af3beccd793d97a,det-v1,1,,1671,50,1245.217,0.0022137500,false,true
call-000254,arm8_spec_immediate,cal/f1/s1200005/no_alert,22,grok-4.20-0309-non-reasoning,sha256:66667e94aae12b7f0308e053a83f5fb96124b0d2eced69008af3beccd793d97a,det-v1,1,accepted,1671,50,1245.217,0.0022137500,false,false
call-000255,arm8_spec_immediate,cal/f1/s1200005/no_alert,50,grok-4.20-0309-non-reasoning,sha256:570969ed3899342223391b6d62af04ce5db03659ca9efceaa252e4073d274d00,det-v1,1,,2735,67,1151.805,0.0035862500,false,true
call-000256,arm8_spec_immediate,cal/f1/s1200005/no_alert,50,grok-4.20-0309-non-reasoning,sha256:570969ed3899342223391b6d62af04ce5db03659ca9efceaa252e4073d274d00,det-v1,1,accepted,2735,67,1151.805,0.0035862500,false,false
call-000257,arm10_spec_eprocess,cal/f1/s1200005/no_alert,22,grok-4.20-0309-non-reasoning,sha256:66667e94aae12b7f0308e053a83f5fb96124b0d2eced69008af3beccd793d97a,det-v1,1,accepted,1671,50,0.002,0.0022137500,true,false
call-000258,arm10_spec_eprocess,cal/f1/s1200005/no_alert,50,grok-4.20-0309-non-reasoning,sha256:570969ed3899342223391b6d62af04ce5db03659ca9efceaa252e4073d274d00,det-v1,1,accepted,2735,67,0.002,0.0035862500,true,false
call-000259,arm12_cth,cal/f1/s1200005/no_alert,22,grok-4.20-0309-non-reasoning,sha256:66667e94aae12b7f0308e053a83f5fb96124b0d2eced69008af3beccd793d97a,det-v1,1,accepted,1671,50,0.002,0.0022137500,true,false
call-000260,arm12_cth,cal/f1/s1200005/no_alert,50,grok-4.20-0309-non-reasoning,sha256:dfc6db8877424e20dcf95508558d4c719b2340429e29089724649bda9fb704b0,det-v1,1,,2735,67,1325.143,0.0035862500,false,true
call-000261,arm12_cth,cal/f1/s1200005/no_alert,50,grok-4.20-0309-non-reasoning,sha256:dfc6db8877424e20dcf95508558d4c719b2340429e29089724649bda9fb704b0,det-v1,1,accepted,2735,67,1325.143,0.0035862500,false,false
call-000262,arm12b_cth_llm,cal/f1/s1200005/no_alert,22,grok-4.20-0309-non-reasoning,sha256:66667e94aae12b7f0308e053a83f5fb96124b0d2eced69008af3beccd793d97a,det-v1,1,accepted,1671,50,0.002,0.0022137500,true,false
call-000263,arm12b_cth_llm,cal/f1/s1200005/no_alert,50,grok-4.20-0309-non-reasoning,sha256:570969ed3899342223391b6d62af04ce5db03659ca9efceaa252e4073d274d00,det-v1,1,accepted,2735,67,0.001,0.0035862500,true,false
call-000264,arm8_spec_immediate,cal/f1/s1200005/early_accurate,13,grok-4.20-0309-non-reasoning,sha256:4b8ac3ccc284fcbea3097f0c8183f8aa5ce7705b51adb18663285ecf83d0b75f,det-v1,1,,1371,76,1190.379,0.0019037500,false,true
call-000265,arm8_spec_immediate,cal/f1/s1200005/early_accurate,13,grok-4.20-0309-non-reasoning,sha256:4b8ac3ccc284fcbea3097f0c8183f8aa5ce7705b51adb18663285ecf83d0b75f,det-v1,1,accepted,1371,76,1190.379,0.0019037500,false,false
call-000266,arm8_spec_immediate,cal/f1/s1200005/early_accurate,22,grok-4.20-0309-non-reasoning,sha256:e94ccd267f24dee342be9fff136928ef67c92a60337e885d1cc91d25b1be0415,det-v1,1,,1713,87,1198.158,0.0023587500,false,true
call-000267,arm8_spec_immediate,cal/f1/s1200005/early_accurate,22,grok-4.20-0309-non-reasoning,sha256:e94ccd267f24dee342be9fff136928ef67c92a60337e885d1cc91d25b1be0415,det-v1,1,accepted,1713,87,1198.158,0.0023587500,false,false
call-000268,arm10_spec_eprocess,cal/f1/s1200005/early_accurate,13,grok-4.20-0309-non-reasoning,sha256:4b8ac3ccc284fcbea3097f0c8183f8aa5ce7705b51adb18663285ecf83d0b75f,det-v1,1,accepted,1371,76,0.002,0.0019037500,true,false
call-000269,arm10_spec_eprocess,cal/f1/s1200005/early_accurate,22,grok-4.20-0309-non-reasoning,sha256:e94ccd267f24dee342be9fff136928ef67c92a60337e885d1cc91d25b1be0415,det-v1,1,accepted,1713,87,0.002,0.0023587500,true,false
call-000270,arm12_cth,cal/f1/s1200005/early_accurate,13,grok-4.20-0309-non-reasoning,sha256:4b8ac3ccc284fcbea3097f0c8183f8aa5ce7705b51adb18663285ecf83d0b75f,det-v1,1,accepted,1371,76,0.002,0.0019037500,true,false
call-000271,arm12_cth,cal/f1/s1200005/early_accurate,22,grok-4.20-0309-non-reasoning,sha256:c5962b71cc4e345b34d2b101c403f69ecf3ba9a2b88e1bd89afaed13fb0565fc,det-v1,1,,1713,87,1184.419,0.0023587500,false,true
call-000272,arm12_cth,cal/f1/s1200005/early_accurate,22,grok-4.20-0309-non-reasoning,sha256:c5962b71cc4e345b34d2b101c403f69ecf3ba9a2b88e1bd89afaed13fb0565fc,det-v1,1,accepted,1713,87,1184.419,0.0023587500,false,false
call-000273,arm12b_cth_llm,cal/f1/s1200005/early_accurate,13,grok-4.20-0309-non-reasoning,sha256:4b8ac3ccc284fcbea3097f0c8183f8aa5ce7705b51adb18663285ecf83d0b75f,det-v1,1,accepted,1371,76,0.003,0.0019037500,true,false
call-000274,arm12b_cth_llm,cal/f1/s1200005/early_accurate,22,grok-4.20-0309-non-reasoning,sha256:e94ccd267f24dee342be9fff136928ef67c92a60337e885d1cc91d25b1be0415,det-v1,1,accepted,1713,87,0.001,0.0023587500,true,false
call-000275,arm8_spec_immediate,cal/f1/s1200005/late_accurate,16,grok-4.20-0309-non-reasoning,sha256:8081d67197e83d873fc3255ce5662d2383499074f9678c14d0122234194ecf9d,det-v1,1,,1485,50,838.387,0.0019812500,false,true
call-000276,arm8_spec_immediate,cal/f1/s1200005/late_accurate,16,grok-4.20-0309-non-reasoning,sha256:8081d67197e83d873fc3255ce5662d2383499074f9678c14d0122234194ecf9d,det-v1,1,accepted,1485,50,838.387,0.0019812500,false,false
call-000277,arm8_spec_immediate,cal/f1/s1200005/late_accurate,50,grok-4.20-0309-non-reasoning,sha256:e20bf51b70be842c987dbe28a3b87933fbe02122a8cfee8c1efa6e6345cd1da7,det-v1,1,,2777,71,1103.368,0.0036487500,false,true
call-000278,arm8_spec_immediate,cal/f1/s1200005/late_accurate,50,grok-4.20-0309-non-reasoning,sha256:e20bf51b70be842c987dbe28a3b87933fbe02122a8cfee8c1efa6e6345cd1da7,det-v1,1,accepted,2777,71,1103.368,0.0036487500,false,false
call-000279,arm10_spec_eprocess,cal/f1/s1200005/late_accurate,16,grok-4.20-0309-non-reasoning,sha256:8081d67197e83d873fc3255ce5662d2383499074f9678c14d0122234194ecf9d,det-v1,1,accepted,1485,50,0.002,0.0019812500,true,false
call-000280,arm10_spec_eprocess,cal/f1/s1200005/late_accurate,50,grok-4.20-0309-non-reasoning,sha256:e20bf51b70be842c987dbe28a3b87933fbe02122a8cfee8c1efa6e6345cd1da7,det-v1,1,accepted,2777,71,0.002,0.0036487500,true,false
call-000281,arm12_cth,cal/f1/s1200005/late_accurate,16,grok-4.20-0309-non-reasoning,sha256:8081d67197e83d873fc3255ce5662d2383499074f9678c14d0122234194ecf9d,det-v1,1,accepted,1485,50,0.002,0.0019812500,true,false
call-000282,arm12_cth,cal/f1/s1200005/late_accurate,50,grok-4.20-0309-non-reasoning,sha256:b7dfb9981b69a47de0e597e758a9270f6493370bd9ce970818773b2aebf17272,det-v1,1,,2777,71,997.127,0.0036487500,false,true
call-000283,arm12_cth,cal/f1/s1200005/late_accurate,50,grok-4.20-0309-non-reasoning,sha256:b7dfb9981b69a47de0e597e758a9270f6493370bd9ce970818773b2aebf17272,det-v1,1,accepted,2777,71,997.127,0.0036487500,false,false
call-000284,arm12b_cth_llm,cal/f1/s1200005/late_accurate,16,grok-4.20-0309-non-reasoning,sha256:8081d67197e83d873fc3255ce5662d2383499074f9678c14d0122234194ecf9d,det-v1,1,accepted,1485,50,0.002,0.0019812500,true,false
call-000285,arm12b_cth_llm,cal/f1/s1200005/late_accurate,50,grok-4.20-0309-non-reasoning,sha256:e20bf51b70be842c987dbe28a3b87933fbe02122a8cfee8c1efa6e6345cd1da7,det-v1,1,accepted,2777,71,0.001,0.0036487500,true,false
call-000286,arm8_spec_immediate,cal/f1/s1200005/unreliable,13,grok-4.20-0309-non-reasoning,sha256:f3bf568d71bd3f89aa1ed7f37220f1b479c2df741576f77bc5ef3b5acfc55b0d,det-v1,1,,1370,76,991.166,0.0019025000,false,true
call-000287,arm8_spec_immediate,cal/f1/s1200005/unreliable,13,grok-4.20-0309-non-reasoning,sha256:f3bf568d71bd3f89aa1ed7f37220f1b479c2df741576f77bc5ef3b5acfc55b0d,det-v1,1,accepted,1370,76,991.166,0.0019025000,false,false
call-000288,arm8_spec_immediate,cal/f1/s1200005/unreliable,22,grok-4.20-0309-non-reasoning,sha256:70a6522e7419c9dc64c3830a2aedf33e7e085828d6bb696efc8b0580a473549e,det-v1,1,,1712,82,1061.339,0.0023450000,false,true
call-000289,arm8_spec_immediate,cal/f1/s1200005/unreliable,22,grok-4.20-0309-non-reasoning,sha256:70a6522e7419c9dc64c3830a2aedf33e7e085828d6bb696efc8b0580a473549e,det-v1,1,accepted,1712,82,1061.339,0.0023450000,false,false
call-000290,arm10_spec_eprocess,cal/f1/s1200005/unreliable,13,grok-4.20-0309-non-reasoning,sha256:f3bf568d71bd3f89aa1ed7f37220f1b479c2df741576f77bc5ef3b5acfc55b0d,det-v1,1,accepted,1370,76,0.002,0.0019025000,true,false
call-000291,arm10_spec_eprocess,cal/f1/s1200005/unreliable,22,grok-4.20-0309-non-reasoning,sha256:70a6522e7419c9dc64c3830a2aedf33e7e085828d6bb696efc8b0580a473549e,det-v1,1,accepted,1712,82,0.001,0.0023450000,true,false
call-000292,arm12_cth,cal/f1/s1200005/unreliable,13,grok-4.20-0309-non-reasoning,sha256:f3bf568d71bd3f89aa1ed7f37220f1b479c2df741576f77bc5ef3b5acfc55b0d,det-v1,1,accepted,1370,76,0.002,0.0019025000,true,false
call-000293,arm12_cth,cal/f1/s1200005/unreliable,22,grok-4.20-0309-non-reasoning,sha256:c68bd984b39b8f7d705ae3c8aa3d19f569158f64344a0356c40f59f06e643467,det-v1,1,,1712,83,1085.279,0.0023475000,false,true
call-000294,arm12_cth,cal/f1/s1200005/unreliable,22,grok-4.20-0309-non-reasoning,sha256:c68bd984b39b8f7d705ae3c8aa3d19f569158f64344a0356c40f59f06e643467,det-v1,1,accepted,1712,83,1085.279,0.0023475000,false,false
call-000295,arm12b_cth_llm,cal/f1/s1200005/unreliable,13,grok-4.20-0309-non-reasoning,sha256:f3bf568d71bd3f89aa1ed7f37220f1b479c2df741576f77bc5ef3b5acfc55b0d,det-v1,1,accepted,1370,76,0.002,0.0019025000,true,false
call-000296,arm12b_cth_llm,cal/f1/s1200005/unreliable,22,grok-4.20-0309-non-reasoning,sha256:70a6522e7419c9dc64c3830a2aedf33e7e085828d6bb696efc8b0580a473549e,det-v1,1,accepted,1712,82,0.002,0.0023450000,true,false
call-000297,arm8_spec_immediate,cal/f1/s1200005/no_alert__twin,10,grok-4.20-0309-non-reasoning,sha256:e33a28aea281d820ad4b0c39efbd990525bffc33992d5d2adc22eb57894fce2b,det-v1,1,,1258,86,1044.402,0.0017875000,false,true
call-000298,arm8_spec_immediate,cal/f1/s1200005/no_alert__twin,10,grok-4.20-0309-non-reasoning,sha256:e33a28aea281d820ad4b0c39efbd990525bffc33992d5d2adc22eb57894fce2b,det-v1,1,accepted,1258,86,1044.402,0.0017875000,false,false
call-000299,arm10_spec_eprocess,cal/f1/s1200005/no_alert__twin,10,grok-4.20-0309-non-reasoning,sha256:e33a28aea281d820ad4b0c39efbd990525bffc33992d5d2adc22eb57894fce2b,det-v1,1,accepted,1258,86,0.002,0.0017875000,true,false
call-000300,arm12_cth,cal/f1/s1200005/no_alert__twin,10,grok-4.20-0309-non-reasoning,sha256:e33a28aea281d820ad4b0c39efbd990525bffc33992d5d2adc22eb57894fce2b,det-v1,1,accepted,1258,86,0.002,0.0017875000,true,false
call-000301,arm12b_cth_llm,cal/f1/s1200005/no_alert__twin,10,grok-4.20-0309-non-reasoning,sha256:e33a28aea281d820ad4b0c39efbd990525bffc33992d5d2adc22eb57894fce2b,det-v1,1,accepted,1258,86,0.002,0.0017875000,true,false
call-000302,arm8_spec_immediate,dev/f1/s1200006/no_alert,21,grok-4.20-0309-non-reasoning,sha256:57256ef59a888bc708416d7245ce545d0d00324db5ad862065b3a3af2fd40c4f,det-v1,1,,1633,76,918.821,0.0022312500,false,true
call-000303,arm8_spec_immediate,dev/f1/s1200006/no_alert,21,grok-4.20-0309-non-reasoning,sha256:57256ef59a888bc708416d7245ce545d0d00324db5ad862065b3a3af2fd40c4f,det-v1,1,accepted,1633,76,918.821,0.0022312500,false,false
call-000304,arm8_spec_immediate,dev/f1/s1200006/no_alert,33,grok-4.20-0309-non-reasoning,sha256:0f1b80e2cac3729d4383cff6e86c0186b524544f93db6cf4d7769e7040490a72,det-v1,1,,2089,50,903.262,0.0027362500,false,true
call-000305,arm8_spec_immediate,dev/f1/s1200006/no_alert,33,grok-4.20-0309-non-reasoning,sha256:0f1b80e2cac3729d4383cff6e86c0186b524544f93db6cf4d7769e7040490a72,det-v1,1,accepted,2089,50,903.262,0.0027362500,false,false
call-000306,arm10_spec_eprocess,dev/f1/s1200006/no_alert,21,grok-4.20-0309-non-reasoning,sha256:57256ef59a888bc708416d7245ce545d0d00324db5ad862065b3a3af2fd40c4f,det-v1,1,accepted,1633,76,0.002,0.0022312500,true,false
call-000307,arm10_spec_eprocess,dev/f1/s1200006/no_alert,33,grok-4.20-0309-non-reasoning,sha256:0f1b80e2cac3729d4383cff6e86c0186b524544f93db6cf4d7769e7040490a72,det-v1,1,accepted,2089,50,0.001,0.0027362500,true,false
call-000308,arm12_cth,dev/f1/s1200006/no_alert,21,grok-4.20-0309-non-reasoning,sha256:57256ef59a888bc708416d7245ce545d0d00324db5ad862065b3a3af2fd40c4f,det-v1,1,accepted,1633,76,0.002,0.0022312500,true,false
call-000309,arm12_cth,dev/f1/s1200006/no_alert,33,grok-4.20-0309-non-reasoning,sha256:4738b3017df9d664dcb10484e60a58b195aaa80d98e6d5f7ffb44410daa16715,det-v1,1,,2089,79,1118.522,0.0028087500,false,true
call-000310,arm12_cth,dev/f1/s1200006/no_alert,33,grok-4.20-0309-non-reasoning,sha256:4738b3017df9d664dcb10484e60a58b195aaa80d98e6d5f7ffb44410daa16715,det-v1,1,accepted,2089,79,1118.522,0.0028087500,false,false
call-000311,arm12b_cth_llm,dev/f1/s1200006/no_alert,21,grok-4.20-0309-non-reasoning,sha256:57256ef59a888bc708416d7245ce545d0d00324db5ad862065b3a3af2fd40c4f,det-v1,1,accepted,1633,76,0.003,0.0022312500,true,false
call-000312,arm12b_cth_llm,dev/f1/s1200006/no_alert,33,grok-4.20-0309-non-reasoning,sha256:0f1b80e2cac3729d4383cff6e86c0186b524544f93db6cf4d7769e7040490a72,det-v1,1,accepted,2089,50,0.002,0.0027362500,true,false
call-000313,arm8_spec_immediate,dev/f1/s1200006/early_accurate,14,grok-4.20-0309-non-reasoning,sha256:808293ed886892519a47b3df3b8b2494d6fa5c329a8a123c8035bb8ba999d7bc,det-v1,1,,1408,75,1275.885,0.0019475000,false,true
call-000314,arm8_spec_immediate,dev/f1/s1200006/early_accurate,14,grok-4.20-0309-non-reasoning,sha256:808293ed886892519a47b3df3b8b2494d6fa5c329a8a123c8035bb8ba999d7bc,det-v1,1,accepted,1408,75,1275.885,0.0019475000,false,false
call-000315,arm8_spec_immediate,dev/f1/s1200006/early_accurate,28,grok-4.20-0309-non-reasoning,sha256:d7c720898b13bc7ad60066ceefcb745c9e8509c4ba6cbfe04484b6a3e05c6333,det-v1,1,,1940,67,1059.937,0.0025925000,false,true
call-000316,arm8_spec_immediate,dev/f1/s1200006/early_accurate,28,grok-4.20-0309-non-reasoning,sha256:d7c720898b13bc7ad60066ceefcb745c9e8509c4ba6cbfe04484b6a3e05c6333,det-v1,1,accepted,1940,67,1059.937,0.0025925000,false,false
call-000317,arm10_spec_eprocess,dev/f1/s1200006/early_accurate,14,grok-4.20-0309-non-reasoning,sha256:808293ed886892519a47b3df3b8b2494d6fa5c329a8a123c8035bb8ba999d7bc,det-v1,1,accepted,1408,75,0.002,0.0019475000,true,false
call-000318,arm10_spec_eprocess,dev/f1/s1200006/early_accurate,28,grok-4.20-0309-non-reasoning,sha256:93adf48fb3a0e6e420ec46e933da01f17846ba0ed61700d04c46840fe5e11539,det-v1,1,,1940,71,1066.332,0.0026025000,false,true
call-000319,arm10_spec_eprocess,dev/f1/s1200006/early_accurate,28,grok-4.20-0309-non-reasoning,sha256:93adf48fb3a0e6e420ec46e933da01f17846ba0ed61700d04c46840fe5e11539,det-v1,1,accepted,1940,71,1066.332,0.0026025000,false,false
call-000320,arm12_cth,dev/f1/s1200006/early_accurate,14,grok-4.20-0309-non-reasoning,sha256:808293ed886892519a47b3df3b8b2494d6fa5c329a8a123c8035bb8ba999d7bc,det-v1,1,accepted,1408,75,0.002,0.0019475000,true,false
call-000321,arm12_cth,dev/f1/s1200006/early_accurate,28,grok-4.20-0309-non-reasoning,sha256:8b88128ebcbd3a918b6f0196b8783c41f6d9cbdbf243da8fb185023a797b803c,det-v1,1,,1940,71,1007.793,0.0026025000,false,true
call-000322,arm12_cth,dev/f1/s1200006/early_accurate,28,grok-4.20-0309-non-reasoning,sha256:8b88128ebcbd3a918b6f0196b8783c41f6d9cbdbf243da8fb185023a797b803c,det-v1,1,accepted,1940,71,1007.793,0.0026025000,false,false
call-000323,arm12b_cth_llm,dev/f1/s1200006/early_accurate,14,grok-4.20-0309-non-reasoning,sha256:808293ed886892519a47b3df3b8b2494d6fa5c329a8a123c8035bb8ba999d7bc,det-v1,1,accepted,1408,75,0.002,0.0019475000,true,false
call-000324,arm12b_cth_llm,dev/f1/s1200006/early_accurate,28,grok-4.20-0309-non-reasoning,sha256:cd390304ad3647e80387cb339bd31fb603aa8bc155548dcfbdfa5b7a8c3f9da2,det-v1,1,,1940,71,1071.163,0.0026025000,false,true
call-000325,arm12b_cth_llm,dev/f1/s1200006/early_accurate,28,grok-4.20-0309-non-reasoning,sha256:cd390304ad3647e80387cb339bd31fb603aa8bc155548dcfbdfa5b7a8c3f9da2,det-v1,1,accepted,1940,71,1071.163,0.0026025000,false,false
call-000326,arm8_spec_immediate,dev/f1/s1200006/late_accurate,17,grok-4.20-0309-non-reasoning,sha256:77931edb06fe30a0f381ffe81281b71651fca7834e5a77901ad9eaa5b5383ef5,det-v1,1,,1522,97,1207.667,0.0021450000,false,true
call-000327,arm8_spec_immediate,dev/f1/s1200006/late_accurate,17,grok-4.20-0309-non-reasoning,sha256:77931edb06fe30a0f381ffe81281b71651fca7834e5a77901ad9eaa5b5383ef5,det-v1,1,accepted,1522,97,1207.667,0.0021450000,false,false
call-000328,arm8_spec_immediate,dev/f1/s1200006/late_accurate,33,grok-4.20-0309-non-reasoning,sha256:840f12ec8acd38fb351929601f15e79f59c4722a844ad64288c00f7ca995b815,det-v1,1,,2130,71,996.848,0.0028400000,false,true
call-000329,arm8_spec_immediate,dev/f1/s1200006/late_accurate,33,grok-4.20-0309-non-reasoning,sha256:840f12ec8acd38fb351929601f15e79f59c4722a844ad64288c00f7ca995b815,det-v1,1,accepted,2130,71,996.848,0.0028400000,false,false
call-000330,arm10_spec_eprocess,dev/f1/s1200006/late_accurate,17,grok-4.20-0309-non-reasoning,sha256:77931edb06fe30a0f381ffe81281b71651fca7834e5a77901ad9eaa5b5383ef5,det-v1,1,accepted,1522,97,0.002,0.0021450000,true,false
call-000331,arm10_spec_eprocess,dev/f1/s1200006/late_accurate,33,grok-4.20-0309-non-reasoning,sha256:29fa3278cfd8043d925ebf87103224b30a9b9dbd41a3b5bb535939eb87742c49,det-v1,1,,2130,75,1062.516,0.0028500000,false,true
call-000332,arm10_spec_eprocess,dev/f1/s1200006/late_accurate,33,grok-4.20-0309-non-reasoning,sha256:29fa3278cfd8043d925ebf87103224b30a9b9dbd41a3b5bb535939eb87742c49,det-v1,1,accepted,2130,75,1062.516,0.0028500000,false,false
call-000333,arm12_cth,dev/f1/s1200006/late_accurate,17,grok-4.20-0309-non-reasoning,sha256:77931edb06fe30a0f381ffe81281b71651fca7834e5a77901ad9eaa5b5383ef5,det-v1,1,accepted,1522,97,0.002,0.0021450000,true,false
call-000334,arm12_cth,dev/f1/s1200006/late_accurate,33,grok-4.20-0309-non-reasoning,sha256:ee1b97f0ff33be7274b1959524cd293258e813be85e6b485e3aa668a62ab781e,det-v1,1,,2130,83,1227.938,0.0028700000,false,true
call-000335,arm12_cth,dev/f1/s1200006/late_accurate,33,grok-4.20-0309-non-reasoning,sha256:ee1b97f0ff33be7274b1959524cd293258e813be85e6b485e3aa668a62ab781e,det-v1,1,accepted,2130,83,1227.938,0.0028700000,false,false
call-000336,arm12b_cth_llm,dev/f1/s1200006/late_accurate,17,grok-4.20-0309-non-reasoning,sha256:77931edb06fe30a0f381ffe81281b71651fca7834e5a77901ad9eaa5b5383ef5,det-v1,1,accepted,1522,97,0.003,0.0021450000,true,false
call-000337,arm12b_cth_llm,dev/f1/s1200006/late_accurate,33,grok-4.20-0309-non-reasoning,sha256:da1ca3d5dc8a174ed386361950eca24f4459af0059f70278a4ddd5c340848cc9,det-v1,1,,2130,75,1069.991,0.0028500000,false,true
call-000338,arm12b_cth_llm,dev/f1/s1200006/late_accurate,33,grok-4.20-0309-non-reasoning,sha256:da1ca3d5dc8a174ed386361950eca24f4459af0059f70278a4ddd5c340848cc9,det-v1,1,accepted,2130,75,1069.991,0.0028500000,false,false
call-000339,arm8_spec_immediate,dev/f1/s1200006/unreliable,14,grok-4.20-0309-non-reasoning,sha256:49a3b2caf20c3f6d338c8a0cc05777ad8971bb9c113fe7c83a79532a7eae596d,det-v1,1,,1393,76,1065.026,0.0019312500,false,true
call-000340,arm8_spec_immediate,dev/f1/s1200006/unreliable,14,grok-4.20-0309-non-reasoning,sha256:49a3b2caf20c3f6d338c8a0cc05777ad8971bb9c113fe7c83a79532a7eae596d,det-v1,1,accepted,1393,76,1065.026,0.0019312500,false,false
call-000341,arm8_spec_immediate,dev/f1/s1200006/unreliable,28,grok-4.20-0309-non-reasoning,sha256:37300fa6d5841ff2f689641f02c2a1adbfe316d520e0e4d03aac5b2a5d14fd55,det-v1,1,,1925,50,824.823,0.0025312500,false,true
call-000342,arm8_spec_immediate,dev/f1/s1200006/unreliable,28,grok-4.20-0309-non-reasoning,sha256:37300fa6d5841ff2f689641f02c2a1adbfe316d520e0e4d03aac5b2a5d14fd55,det-v1,1,accepted,1925,50,824.823,0.0025312500,false,false
call-000343,arm10_spec_eprocess,dev/f1/s1200006/unreliable,14,grok-4.20-0309-non-reasoning,sha256:49a3b2caf20c3f6d338c8a0cc05777ad8971bb9c113fe7c83a79532a7eae596d,det-v1,1,accepted,1393,76,0.002,0.0019312500,true,false
call-000344,arm10_spec_eprocess,dev/f1/s1200006/unreliable,28,grok-4.20-0309-non-reasoning,sha256:37300fa6d5841ff2f689641f02c2a1adbfe316d520e0e4d03aac5b2a5d14fd55,det-v1,1,accepted,1925,50,0.001,0.0025312500,true,false
call-000345,arm12_cth,dev/f1/s1200006/unreliable,14,grok-4.20-0309-non-reasoning,sha256:49a3b2caf20c3f6d338c8a0cc05777ad8971bb9c113fe7c83a79532a7eae596d,det-v1,1,accepted,1393,76,0.002,0.0019312500,true,false
call-000346,arm12_cth,dev/f1/s1200006/unreliable,28,grok-4.20-0309-non-reasoning,sha256:ed52fd34abe4d253f0a94566cbf3c59c808882629c6d77b8959e24035851de7d,det-v1,1,,1925,50,808.218,0.0025312500,false,true
call-000347,arm12_cth,dev/f1/s1200006/unreliable,28,grok-4.20-0309-non-reasoning,sha256:ed52fd34abe4d253f0a94566cbf3c59c808882629c6d77b8959e24035851de7d,det-v1,1,accepted,1925,50,808.218,0.0025312500,false,false
call-000348,arm12b_cth_llm,dev/f1/s1200006/unreliable,14,grok-4.20-0309-non-reasoning,sha256:49a3b2caf20c3f6d338c8a0cc05777ad8971bb9c113fe7c83a79532a7eae596d,det-v1,1,accepted,1393,76,0.004,0.0019312500,true,false
call-000349,arm12b_cth_llm,dev/f1/s1200006/unreliable,28,grok-4.20-0309-non-reasoning,sha256:37300fa6d5841ff2f689641f02c2a1adbfe316d520e0e4d03aac5b2a5d14fd55,det-v1,1,accepted,1925,50,0.001,0.0025312500,true,false
call-000350,arm8_spec_immediate,dev/f1/s1200006/no_alert__twin,10,grok-4.20-0309-non-reasoning,sha256:b894335bc6523cff45b8df8626cc7a4527767cebc05ddb575a4755ed58e42105,det-v1,1,,1253,86,1062.049,0.0017812500,false,true
call-000351,arm8_spec_immediate,dev/f1/s1200006/no_alert__twin,10,grok-4.20-0309-non-reasoning,sha256:b894335bc6523cff45b8df8626cc7a4527767cebc05ddb575a4755ed58e42105,det-v1,1,accepted,1253,86,1062.049,0.0017812500,false,false
call-000352,arm10_spec_eprocess,dev/f1/s1200006/no_alert__twin,10,grok-4.20-0309-non-reasoning,sha256:b894335bc6523cff45b8df8626cc7a4527767cebc05ddb575a4755ed58e42105,det-v1,1,accepted,1253,86,0.002,0.0017812500,true,false
call-000353,arm12_cth,dev/f1/s1200006/no_alert__twin,10,grok-4.20-0309-non-reasoning,sha256:b894335bc6523cff45b8df8626cc7a4527767cebc05ddb575a4755ed58e42105,det-v1,1,accepted,1253,86,0.002,0.0017812500,true,false
call-000354,arm12b_cth_llm,dev/f1/s1200006/no_alert__twin,10,grok-4.20-0309-non-reasoning,sha256:b894335bc6523cff45b8df8626cc7a4527767cebc05ddb575a4755ed58e42105,det-v1,1,accepted,1253,86,0.002,0.0017812500,true,false
call-000355,arm8_spec_immediate,cal/f1/s1200007/no_alert,19,grok-4.20-0309-non-reasoning,sha256:72be685aa9c2aee03466f8c1a729526810c311b0c52456e26b29d7e73d8d4e15,det-v1,1,,1557,94,1211.347,0.0021812500,false,true
call-000356,arm8_spec_immediate,cal/f1/s1200007/no_alert,19,grok-4.20-0309-non-reasoning,sha256:72be685aa9c2aee03466f8c1a729526810c311b0c52456e26b29d7e73d8d4e15,det-v1,1,accepted,1557,94,1211.347,0.0021812500,false,false
call-000357,arm8_spec_immediate,cal/f1/s1200007/no_alert,39,grok-4.20-0309-non-reasoning,sha256:1a483994d878b84f0fa0e514ba7b8667ff35610522050b398b5f956026ccd1e5,det-v1,1,,2317,50,978.136,0.0030212500,false,true
call-000358,arm8_spec_immediate,cal/f1/s1200007/no_alert,39,grok-4.20-0309-non-reasoning,sha256:1a483994d878b84f0fa0e514ba7b8667ff35610522050b398b5f956026ccd1e5,det-v1,1,accepted,2317,50,978.136,0.0030212500,false,false
call-000359,arm10_spec_eprocess,cal/f1/s1200007/no_alert,19,grok-4.20-0309-non-reasoning,sha256:72be685aa9c2aee03466f8c1a729526810c311b0c52456e26b29d7e73d8d4e15,det-v1,1,accepted,1557,94,0.002,0.0021812500,true,false
call-000360,arm10_spec_eprocess,cal/f1/s1200007/no_alert,39,grok-4.20-0309-non-reasoning,sha256:babaafb094aeab56a2ec61c2f1f73a4a4ce4f68d5b2e3c85d1cbf52f5a52a462,det-v1,1,,2317,50,902.645,0.0030212500,false,true
call-000361,arm10_spec_eprocess,cal/f1/s1200007/no_alert,39,grok-4.20-0309-non-reasoning,sha256:babaafb094aeab56a2ec61c2f1f73a4a4ce4f68d5b2e3c85d1cbf52f5a52a462,det-v1,1,accepted,2317,50,902.645,0.0030212500,false,false
call-000362,arm12_cth,cal/f1/s1200007/no_alert,19,grok-4.20-0309-non-reasoning,sha256:72be685aa9c2aee03466f8c1a729526810c311b0c52456e26b29d7e73d8d4e15,det-v1,1,accepted,1557,94,0.002,0.0021812500,true,false
call-000363,arm12_cth,cal/f1/s1200007/no_alert,39,grok-4.20-0309-non-reasoning,sha256:5507d24edc09203530843761397e8f4f376ab71a885b9a59aa9c48303d138c3e,det-v1,1,,2317,50,922.026,0.0030212500,false,true
call-000364,arm12_cth,cal/f1/s1200007/no_alert,39,grok-4.20-0309-non-reasoning,sha256:5507d24edc09203530843761397e8f4f376ab71a885b9a59aa9c48303d138c3e,det-v1,1,accepted,2317,50,922.026,0.0030212500,false,false
call-000365,arm12b_cth_llm,cal/f1/s1200007/no_alert,19,grok-4.20-0309-non-reasoning,sha256:72be685aa9c2aee03466f8c1a729526810c311b0c52456e26b29d7e73d8d4e15,det-v1,1,accepted,1557,94,0.002,0.0021812500,true,false
call-000366,arm12b_cth_llm,cal/f1/s1200007/no_alert,39,grok-4.20-0309-non-reasoning,sha256:d0e4d093e74067a27d878798d2672ec7090fc80595d72e4b641ff5ad04a8b9b2,det-v1,1,,2317,50,839.150,0.0030212500,false,true
call-000367,arm12b_cth_llm,cal/f1/s1200007/no_alert,39,grok-4.20-0309-non-reasoning,sha256:d0e4d093e74067a27d878798d2672ec7090fc80595d72e4b641ff5ad04a8b9b2,det-v1,1,accepted,2317,50,839.150,0.0030212500,false,false
call-000368,arm8_spec_immediate,cal/f1/s1200007/early_accurate,13,grok-4.20-0309-non-reasoning,sha256:196f5f9efc29cc1cf2d08a535685689c9585a56b49fd5f21994efb0ab3bd4e93,det-v1,1,,1371,86,1439.971,0.0019287500,false,true
call-000369,arm8_spec_immediate,cal/f1/s1200007/early_accurate,13,grok-4.20-0309-non-reasoning,sha256:196f5f9efc29cc1cf2d08a535685689c9585a56b49fd5f21994efb0ab3bd4e93,det-v1,1,accepted,1371,86,1439.971,0.0019287500,false,false
call-000370,arm8_spec_immediate,cal/f1/s1200007/early_accurate,19,grok-4.20-0309-non-reasoning,sha256:6493126ba36b71b821caa5e8d1d0b6abd2c74d54744abc3ab16883282c45aa05,det-v1,1,,1599,71,1096.701,0.0021762500,false,true
call-000371,arm8_spec_immediate,cal/f1/s1200007/early_accurate,19,grok-4.20-0309-non-reasoning,sha256:6493126ba36b71b821caa5e8d1d0b6abd2c74d54744abc3ab16883282c45aa05,det-v1,1,accepted,1599,71,1096.701,0.0021762500,false,false
call-000372,arm10_spec_eprocess,cal/f1/s1200007/early_accurate,13,grok-4.20-0309-non-reasoning,sha256:196f5f9efc29cc1cf2d08a535685689c9585a56b49fd5f21994efb0ab3bd4e93,det-v1,1,accepted,1371,86,0.002,0.0019287500,true,false
call-000373,arm10_spec_eprocess,cal/f1/s1200007/early_accurate,19,grok-4.20-0309-non-reasoning,sha256:31063e27505bb9fba90e42478f6c4700735a4e77b1e0c83adb9d0a52e95668a9,det-v1,1,,1599,71,971.237,0.0021762500,false,true
call-000374,arm10_spec_eprocess,cal/f1/s1200007/early_accurate,19,grok-4.20-0309-non-reasoning,sha256:31063e27505bb9fba90e42478f6c4700735a4e77b1e0c83adb9d0a52e95668a9,det-v1,1,accepted,1599,71,971.237,0.0021762500,false,false
call-000375,arm12_cth,cal/f1/s1200007/early_accurate,13,grok-4.20-0309-non-reasoning,sha256:196f5f9efc29cc1cf2d08a535685689c9585a56b49fd5f21994efb0ab3bd4e93,det-v1,1,accepted,1371,86,0.002,0.0019287500,true,false
call-000376,arm12_cth,cal/f1/s1200007/early_accurate,19,grok-4.20-0309-non-reasoning,sha256:1c624d1f994a531e68b20a995cbeefafb26cdeb56bf5b4a0882aa95d13eba4b6,det-v1,1,,1599,71,986.815,0.0021762500,false,true
call-000377,arm12_cth,cal/f1/s1200007/early_accurate,19,grok-4.20-0309-non-reasoning,sha256:1c624d1f994a531e68b20a995cbeefafb26cdeb56bf5b4a0882aa95d13eba4b6,det-v1,1,accepted,1599,71,986.815,0.0021762500,false,false
call-000378,arm12b_cth_llm,cal/f1/s1200007/early_accurate,13,grok-4.20-0309-non-reasoning,sha256:196f5f9efc29cc1cf2d08a535685689c9585a56b49fd5f21994efb0ab3bd4e93,det-v1,1,accepted,1371,86,0.003,0.0019287500,true,false
call-000379,arm12b_cth_llm,cal/f1/s1200007/early_accurate,19,grok-4.20-0309-non-reasoning,sha256:ca495e0d5375150d5fb32f7379026e9b7a3f8620f8167d75086b9ac9920a8bb0,det-v1,1,,1599,75,1039.432,0.0021862500,false,true
call-000380,arm12b_cth_llm,cal/f1/s1200007/early_accurate,19,grok-4.20-0309-non-reasoning,sha256:ca495e0d5375150d5fb32f7379026e9b7a3f8620f8167d75086b9ac9920a8bb0,det-v1,1,accepted,1599,75,1039.432,0.0021862500,false,false
call-000381,arm8_spec_immediate,cal/f1/s1200007/late_accurate,16,grok-4.20-0309-non-reasoning,sha256:5a089b4e1067e8c46f790ee313063281ebdbbd5902b56e63b29595554dd5c94b,det-v1,1,,1485,67,967.054,0.0020237500,false,true
call-000382,arm8_spec_immediate,cal/f1/s1200007/late_accurate,16,grok-4.20-0309-non-reasoning,sha256:5a089b4e1067e8c46f790ee313063281ebdbbd5902b56e63b29595554dd5c94b,det-v1,1,accepted,1485,67,967.054,0.0020237500,false,false
call-000383,arm8_spec_immediate,cal/f1/s1200007/late_accurate,23,grok-4.20-0309-non-reasoning,sha256:c228191d81c4cd2e458dbaaab16096e2e55630cf58edf646ecbf3dc9238d98ec,det-v1,1,,1751,75,1018.053,0.0023762500,false,true
call-000384,arm8_spec_immediate,cal/f1/s1200007/late_accurate,23,grok-4.20-0309-non-reasoning,sha256:c228191d81c4cd2e458dbaaab16096e2e55630cf58edf646ecbf3dc9238d98ec,det-v1,1,accepted,1751,75,1018.053,0.0023762500,false,false
call-000385,arm10_spec_eprocess,cal/f1/s1200007/late_accurate,16,grok-4.20-0309-non-reasoning,sha256:5a089b4e1067e8c46f790ee313063281ebdbbd5902b56e63b29595554dd5c94b,det-v1,1,accepted,1485,67,0.001,0.0020237500,true,false
call-000386,arm10_spec_eprocess,cal/f1/s1200007/late_accurate,23,grok-4.20-0309-non-reasoning,sha256:73f99fd95cdead33dbad20493942a357e0ac67f10a823af7c07d352d18aec16d,det-v1,1,,1751,75,983.087,0.0023762500,false,true
call-000387,arm10_spec_eprocess,cal/f1/s1200007/late_accurate,23,grok-4.20-0309-non-reasoning,sha256:73f99fd95cdead33dbad20493942a357e0ac67f10a823af7c07d352d18aec16d,det-v1,1,accepted,1751,75,983.087,0.0023762500,false,false
call-000388,arm12_cth,cal/f1/s1200007/late_accurate,16,grok-4.20-0309-non-reasoning,sha256:5a089b4e1067e8c46f790ee313063281ebdbbd5902b56e63b29595554dd5c94b,det-v1,1,accepted,1485,67,0.002,0.0020237500,true,false
call-000389,arm12_cth,cal/f1/s1200007/late_accurate,23,grok-4.20-0309-non-reasoning,sha256:1e59029629025c5b5af485fe9b15554516a853b83b4db44f325b5ba35fa5f703,det-v1,1,,1751,75,1096.963,0.0023762500,false,true
call-000390,arm12_cth,cal/f1/s1200007/late_accurate,23,grok-4.20-0309-non-reasoning,sha256:1e59029629025c5b5af485fe9b15554516a853b83b4db44f325b5ba35fa5f703,det-v1,1,accepted,1751,75,1096.963,0.0023762500,false,false
call-000391,arm12b_cth_llm,cal/f1/s1200007/late_accurate,16,grok-4.20-0309-non-reasoning,sha256:5a089b4e1067e8c46f790ee313063281ebdbbd5902b56e63b29595554dd5c94b,det-v1,1,accepted,1485,67,0.002,0.0020237500,true,false
call-000392,arm12b_cth_llm,cal/f1/s1200007/late_accurate,23,grok-4.20-0309-non-reasoning,sha256:f15d22214d894cf521413111e3cd414e4f28e4e44c58e2bd035a56a8a9eaf2dd,det-v1,1,,1751,107,1175.251,0.0024562500,false,true
call-000393,arm12b_cth_llm,cal/f1/s1200007/late_accurate,23,grok-4.20-0309-non-reasoning,sha256:f15d22214d894cf521413111e3cd414e4f28e4e44c58e2bd035a56a8a9eaf2dd,det-v1,1,accepted,1751,107,1175.251,0.0024562500,false,false
call-000394,arm8_spec_immediate,cal/f1/s1200007/unreliable,13,grok-4.20-0309-non-reasoning,sha256:400402c1047c714f454a589f4775e9e8f722dd1011668f85f1d8a5266146452b,det-v1,1,,1363,87,1052.832,0.0019212500,false,true
call-000395,arm8_spec_immediate,cal/f1/s1200007/unreliable,13,grok-4.20-0309-non-reasoning,sha256:400402c1047c714f454a589f4775e9e8f722dd1011668f85f1d8a5266146452b,det-v1,1,accepted,1363,87,1052.832,0.0019212500,false,false
call-000396,arm8_spec_immediate,cal/f1/s1200007/unreliable,19,grok-4.20-0309-non-reasoning,sha256:5274bc7ed9f8ecbc7e80ae328b66094622dd2b4a3a7cf9d38e63b0fcb14878f3,det-v1,1,,1591,67,954.671,0.0021562500,false,true
call-000397,arm8_spec_immediate,cal/f1/s1200007/unreliable,19,grok-4.20-0309-non-reasoning,sha256:5274bc7ed9f8ecbc7e80ae328b66094622dd2b4a3a7cf9d38e63b0fcb14878f3,det-v1,1,accepted,1591,67,954.671,0.0021562500,false,false
call-000398,arm10_spec_eprocess,cal/f1/s1200007/unreliable,13,grok-4.20-0309-non-reasoning,sha256:400402c1047c714f454a589f4775e9e8f722dd1011668f85f1d8a5266146452b,det-v1,1,accepted,1363,87,0.002,0.0019212500,true,false
call-000399,arm10_spec_eprocess,cal/f1/s1200007/unreliable,19,grok-4.20-0309-non-reasoning,sha256:57e347e4e2160738ce16f52129a4db27b07801907fe3542fa0a2f815ba50d727,det-v1,1,,1591,102,1302.306,0.0022437500,false,true
call-000400,arm10_spec_eprocess,cal/f1/s1200007/unreliable,19,grok-4.20-0309-non-reasoning,sha256:57e347e4e2160738ce16f52129a4db27b07801907fe3542fa0a2f815ba50d727,det-v1,1,accepted,1591,102,1302.306,0.0022437500,false,false
call-000401,arm12_cth,cal/f1/s1200007/unreliable,13,grok-4.20-0309-non-reasoning,sha256:400402c1047c714f454a589f4775e9e8f722dd1011668f85f1d8a5266146452b,det-v1,1,accepted,1363,87,0.002,0.0019212500,true,false
call-000402,arm12_cth,cal/f1/s1200007/unreliable,19,grok-4.20-0309-non-reasoning,sha256:33fb79f2f156f0c080fbeb67103d7333e6db660f4ae8d5d744efe27e344d6899,det-v1,1,,1591,102,1169.496,0.0022437500,false,true
call-000403,arm12_cth,cal/f1/s1200007/unreliable,19,grok-4.20-0309-non-reasoning,sha256:33fb79f2f156f0c080fbeb67103d7333e6db660f4ae8d5d744efe27e344d6899,det-v1,1,accepted,1591,102,1169.496,0.0022437500,false,false
call-000404,arm12b_cth_llm,cal/f1/s1200007/unreliable,13,grok-4.20-0309-non-reasoning,sha256:400402c1047c714f454a589f4775e9e8f722dd1011668f85f1d8a5266146452b,det-v1,1,accepted,1363,87,0.002,0.0019212500,true,false
call-000405,arm12b_cth_llm,cal/f1/s1200007/unreliable,19,grok-4.20-0309-non-reasoning,sha256:4076185a50231de1a8a7ac43a20d33ab0d6c377a0d56212e8fd088d52faa457f,det-v1,1,,1591,102,1279.402,0.0022437500,false,true
call-000406,arm12b_cth_llm,cal/f1/s1200007/unreliable,19,grok-4.20-0309-non-reasoning,sha256:4076185a50231de1a8a7ac43a20d33ab0d6c377a0d56212e8fd088d52faa457f,det-v1,1,accepted,1591,102,1279.402,0.0022437500,false,false
call-000407,arm8_spec_immediate,dev/f2/s2200000/no_alert,24,grok-4.20-0309-non-reasoning,sha256:031935fb9eed1e7c2dadd7980e9754ee43151fdf086a267a75628b81310936e5,det-v1,1,,1747,50,846.341,0.0023087500,false,true
call-000408,arm8_spec_immediate,dev/f2/s2200000/no_alert,24,grok-4.20-0309-non-reasoning,sha256:031935fb9eed1e7c2dadd7980e9754ee43151fdf086a267a75628b81310936e5,det-v1,1,accepted,1747,50,846.341,0.0023087500,false,false
call-000409,arm8_spec_immediate,dev/f2/s2200000/no_alert,33,grok-4.20-0309-non-reasoning,sha256:ae33bd53e67fdc84555f57c2c38e1c8ab7e667f86e6e2f0d2e667cbfc95f6b31,det-v1,1,,2089,50,912.826,0.0027362500,false,true
call-000410,arm8_spec_immediate,dev/f2/s2200000/no_alert,33,grok-4.20-0309-non-reasoning,sha256:ae33bd53e67fdc84555f57c2c38e1c8ab7e667f86e6e2f0d2e667cbfc95f6b31,det-v1,1,accepted,2089,50,912.826,0.0027362500,false,false
call-000411,arm10_spec_eprocess,dev/f2/s2200000/no_alert,24,grok-4.20-0309-non-reasoning,sha256:031935fb9eed1e7c2dadd7980e9754ee43151fdf086a267a75628b81310936e5,det-v1,1,accepted,1747,50,0.002,0.0023087500,true,false
call-000412,arm10_spec_eprocess,dev/f2/s2200000/no_alert,33,grok-4.20-0309-non-reasoning,sha256:ae33bd53e67fdc84555f57c2c38e1c8ab7e667f86e6e2f0d2e667cbfc95f6b31,det-v1,1,accepted,2089,50,0.001,0.0027362500,true,false
call-000413,arm12_cth,dev/f2/s2200000/no_alert,24,grok-4.20-0309-non-reasoning,sha256:031935fb9eed1e7c2dadd7980e9754ee43151fdf086a267a75628b81310936e5,det-v1,1,accepted,1747,50,0.002,0.0023087500,true,false
call-000414,arm12_cth,dev/f2/s2200000/no_alert,33,grok-4.20-0309-non-reasoning,sha256:abced6398702398530ea35c52691a7bd8389fd24ebb1a6faf5247032bd406798,det-v1,1,,2089,50,870.292,0.0027362500,false,true
call-000415,arm12_cth,dev/f2/s2200000/no_alert,33,grok-4.20-0309-non-reasoning,sha256:abced6398702398530ea35c52691a7bd8389fd24ebb1a6faf5247032bd406798,det-v1,1,accepted,2089,50,870.292,0.0027362500,false,false
call-000416,arm12b_cth_llm,dev/f2/s2200000/no_alert,24,grok-4.20-0309-non-reasoning,sha256:031935fb9eed1e7c2dadd7980e9754ee43151fdf086a267a75628b81310936e5,det-v1,1,accepted,1747,50,0.002,0.0023087500,true,false
call-000417,arm12b_cth_llm,dev/f2/s2200000/no_alert,33,grok-4.20-0309-non-reasoning,sha256:ae33bd53e67fdc84555f57c2c38e1c8ab7e667f86e6e2f0d2e667cbfc95f6b31,det-v1,1,accepted,2089,50,0.001,0.0027362500,true,false
call-000418,arm8_spec_immediate,dev/f2/s2200000/early_accurate,24,grok-4.20-0309-non-reasoning,sha256:6c489362874890673e04e776db84a8962f18651052a9665b34945f2f33fd72b6,det-v1,1,,1747,50,893.491,0.0023087500,false,true
call-000419,arm8_spec_immediate,dev/f2/s2200000/early_accurate,24,grok-4.20-0309-non-reasoning,sha256:6c489362874890673e04e776db84a8962f18651052a9665b34945f2f33fd72b6,det-v1,1,accepted,1747,50,893.491,0.0023087500,false,false
call-000420,arm8_spec_immediate,dev/f2/s2200000/early_accurate,33,grok-4.20-0309-non-reasoning,sha256:bcc4320bc3bacc52429179493af0dafe636cb1417cd995620827c59ecfd8f9de,det-v1,1,,2089,50,940.973,0.0027362500,false,true
call-000421,arm8_spec_immediate,dev/f2/s2200000/early_accurate,33,grok-4.20-0309-non-reasoning,sha256:bcc4320bc3bacc52429179493af0dafe636cb1417cd995620827c59ecfd8f9de,det-v1,1,accepted,2089,50,940.973,0.0027362500,false,false
call-000422,arm10_spec_eprocess,dev/f2/s2200000/early_accurate,24,grok-4.20-0309-non-reasoning,sha256:6c489362874890673e04e776db84a8962f18651052a9665b34945f2f33fd72b6,det-v1,1,accepted,1747,50,0.004,0.0023087500,true,false
call-000423,arm10_spec_eprocess,dev/f2/s2200000/early_accurate,33,grok-4.20-0309-non-reasoning,sha256:bcc4320bc3bacc52429179493af0dafe636cb1417cd995620827c59ecfd8f9de,det-v1,1,accepted,2089,50,0.001,0.0027362500,true,false
call-000424,arm12_cth,dev/f2/s2200000/early_accurate,24,grok-4.20-0309-non-reasoning,sha256:6c489362874890673e04e776db84a8962f18651052a9665b34945f2f33fd72b6,det-v1,1,accepted,1747,50,0.002,0.0023087500,true,false
call-000425,arm12_cth,dev/f2/s2200000/early_accurate,33,grok-4.20-0309-non-reasoning,sha256:756b6cd08ae1e4136d6d3434c2f917d722ccce2e11cd4d1e51af2794fa773ec9,det-v1,1,,2089,50,884.460,0.0027362500,false,true
call-000426,arm12_cth,dev/f2/s2200000/early_accurate,33,grok-4.20-0309-non-reasoning,sha256:756b6cd08ae1e4136d6d3434c2f917d722ccce2e11cd4d1e51af2794fa773ec9,det-v1,1,accepted,2089,50,884.460,0.0027362500,false,false
call-000427,arm12b_cth_llm,dev/f2/s2200000/early_accurate,24,grok-4.20-0309-non-reasoning,sha256:6c489362874890673e04e776db84a8962f18651052a9665b34945f2f33fd72b6,det-v1,1,accepted,1747,50,0.003,0.0023087500,true,false
call-000428,arm12b_cth_llm,dev/f2/s2200000/early_accurate,33,grok-4.20-0309-non-reasoning,sha256:bcc4320bc3bacc52429179493af0dafe636cb1417cd995620827c59ecfd8f9de,det-v1,1,accepted,2089,50,0.001,0.0027362500,true,false
call-000429,arm8_spec_immediate,dev/f2/s2200000/late_accurate,24,grok-4.20-0309-non-reasoning,sha256:aa6c502f7402e8f52031b057a3e57db4a870f1eec16d58d37d721e720fb5f209,det-v1,1,,1747,50,1570.274,0.0023087500,false,true
call-000430,arm8_spec_immediate,dev/f2/s2200000/late_accurate,24,grok-4.20-0309-non-reasoning,sha256:aa6c502f7402e8f52031b057a3e57db4a870f1eec16d58d37d721e720fb5f209,det-v1,1,accepted,1747,50,1570.274,0.0023087500,false,false
call-000431,arm8_spec_immediate,dev/f2/s2200000/late_accurate,33,grok-4.20-0309-non-reasoning,sha256:a58846173f623d29bc9b4ed16ef9c4445ba4f91089e22505d4b5d400ab665d8b,det-v1,1,,2089,76,1023.009,0.0028012500,false,true
call-000432,arm8_spec_immediate,dev/f2/s2200000/late_accurate,33,grok-4.20-0309-non-reasoning,sha256:a58846173f623d29bc9b4ed16ef9c4445ba4f91089e22505d4b5d400ab665d8b,det-v1,1,accepted,2089,76,1023.009,0.0028012500,false,false
call-000433,arm10_spec_eprocess,dev/f2/s2200000/late_accurate,24,grok-4.20-0309-non-reasoning,sha256:aa6c502f7402e8f52031b057a3e57db4a870f1eec16d58d37d721e720fb5f209,det-v1,1,accepted,1747,50,0.002,0.0023087500,true,false
call-000434,arm10_spec_eprocess,dev/f2/s2200000/late_accurate,33,grok-4.20-0309-non-reasoning,sha256:a58846173f623d29bc9b4ed16ef9c4445ba4f91089e22505d4b5d400ab665d8b,det-v1,1,accepted,2089,76,0.002,0.0028012500,true,false
call-000435,arm12_cth,dev/f2/s2200000/late_accurate,24,grok-4.20-0309-non-reasoning,sha256:aa6c502f7402e8f52031b057a3e57db4a870f1eec16d58d37d721e720fb5f209,det-v1,1,accepted,1747,50,0.002,0.0023087500,true,false
call-000436,arm12_cth,dev/f2/s2200000/late_accurate,33,grok-4.20-0309-non-reasoning,sha256:bb8b90318b73b4ad7c8798fe090f0231226a186d8a73d5b2089534f846964cbf,det-v1,1,,2089,50,1983.232,0.0027362500,false,true
call-000437,arm12_cth,dev/f2/s2200000/late_accurate,33,grok-4.20-0309-non-reasoning,sha256:bb8b90318b73b4ad7c8798fe090f0231226a186d8a73d5b2089534f846964cbf,det-v1,1,accepted,2089,50,1983.232,0.0027362500,false,false
call-000438,arm12b_cth_llm,dev/f2/s2200000/late_accurate,24,grok-4.20-0309-non-reasoning,sha256:aa6c502f7402e8f52031b057a3e57db4a870f1eec16d58d37d721e720fb5f209,det-v1,1,accepted,1747,50,0.002,0.0023087500,true,false
call-000439,arm12b_cth_llm,dev/f2/s2200000/late_accurate,33,grok-4.20-0309-non-reasoning,sha256:a58846173f623d29bc9b4ed16ef9c4445ba4f91089e22505d4b5d400ab665d8b,det-v1,1,accepted,2089,76,0.001,0.0028012500,true,false
call-000440,arm8_spec_immediate,dev/f2/s2200000/unreliable,24,grok-4.20-0309-non-reasoning,sha256:645bc9f33e89a49f6cec067b406b82834776814a1ee398848e68b4f92c4100b6,det-v1,1,,1747,74,2062.427,0.0023687500,false,true
call-000441,arm8_spec_immediate,dev/f2/s2200000/unreliable,24,grok-4.20-0309-non-reasoning,sha256:645bc9f33e89a49f6cec067b406b82834776814a1ee398848e68b4f92c4100b6,det-v1,1,accepted,1747,74,2062.427,0.0023687500,false,false
call-000442,arm8_spec_immediate,dev/f2/s2200000/unreliable,33,grok-4.20-0309-non-reasoning,sha256:c734e3002b8c1f53e80cc52cf36cd3cf4bd8adb2b09b42a541c18073759e462b,det-v1,1,,2089,50,1024.920,0.0027362500,false,true
call-000443,arm8_spec_immediate,dev/f2/s2200000/unreliable,33,grok-4.20-0309-non-reasoning,sha256:c734e3002b8c1f53e80cc52cf36cd3cf4bd8adb2b09b42a541c18073759e462b,det-v1,1,accepted,2089,50,1024.920,0.0027362500,false,false
call-000444,arm10_spec_eprocess,dev/f2/s2200000/unreliable,24,grok-4.20-0309-non-reasoning,sha256:645bc9f33e89a49f6cec067b406b82834776814a1ee398848e68b4f92c4100b6,det-v1,1,accepted,1747,74,0.002,0.0023687500,true,false
call-000445,arm10_spec_eprocess,dev/f2/s2200000/unreliable,33,grok-4.20-0309-non-reasoning,sha256:2a86e5ba42568ec8de77f94b8388d9242f16514fe7f487204f0df5219079ff20,det-v1,1,,2089,50,954.363,0.0027362500,false,true
call-000446,arm10_spec_eprocess,dev/f2/s2200000/unreliable,33,grok-4.20-0309-non-reasoning,sha256:2a86e5ba42568ec8de77f94b8388d9242f16514fe7f487204f0df5219079ff20,det-v1,1,accepted,2089,50,954.363,0.0027362500,false,false
call-000447,arm12_cth,dev/f2/s2200000/unreliable,24,grok-4.20-0309-non-reasoning,sha256:645bc9f33e89a49f6cec067b406b82834776814a1ee398848e68b4f92c4100b6,det-v1,1,accepted,1747,74,0.002,0.0023687500,true,false
call-000448,arm12_cth,dev/f2/s2200000/unreliable,33,grok-4.20-0309-non-reasoning,sha256:94b75277361fcc537ea7c3101347cf3b2d2c548a6762977d18b0799618c83845,det-v1,1,,2089,50,938.073,0.0027362500,false,true
call-000449,arm12_cth,dev/f2/s2200000/unreliable,33,grok-4.20-0309-non-reasoning,sha256:94b75277361fcc537ea7c3101347cf3b2d2c548a6762977d18b0799618c83845,det-v1,1,accepted,2089,50,938.073,0.0027362500,false,false
call-000450,arm12b_cth_llm,dev/f2/s2200000/unreliable,24,grok-4.20-0309-non-reasoning,sha256:645bc9f33e89a49f6cec067b406b82834776814a1ee398848e68b4f92c4100b6,det-v1,1,accepted,1747,74,0.002,0.0023687500,true,false
call-000451,arm12b_cth_llm,dev/f2/s2200000/unreliable,33,grok-4.20-0309-non-reasoning,sha256:0a0adf336b4a9cbf7cb75ab3dc52c818ce3e70b408d122c1bdb6d4022860c59c,det-v1,1,,2089,50,976.573,0.0027362500,false,true
call-000452,arm12b_cth_llm,dev/f2/s2200000/unreliable,33,grok-4.20-0309-non-reasoning,sha256:0a0adf336b4a9cbf7cb75ab3dc52c818ce3e70b408d122c1bdb6d4022860c59c,det-v1,1,accepted,2089,50,976.573,0.0027362500,false,false
call-000453,arm8_spec_immediate,cal/f2/s2200001/no_alert,30,grok-4.20-0309-non-reasoning,sha256:a4a65a11fa5f34be2fdf8d891d4d287ecd760e613f5530f6e90584ff7c46861e,det-v1,1,,1975,50,846.278,0.0025937500,false,true
call-000454,arm8_spec_immediate,cal/f2/s2200001/no_alert,30,grok-4.20-0309-non-reasoning,sha256:a4a65a11fa5f34be2fdf8d891d4d287ecd760e613f5530f6e90584ff7c46861e,det-v1,1,accepted,1975,50,846.278,0.0025937500,false,false
call-000455,arm10_spec_eprocess,cal/f2/s2200001/no_alert,30,grok-4.20-0309-non-reasoning,sha256:a4a65a11fa5f34be2fdf8d891d4d287ecd760e613f5530f6e90584ff7c46861e,det-v1,1,accepted,1975,50,0.002,0.0025937500,true,false
call-000456,arm12_cth,cal/f2/s2200001/no_alert,30,grok-4.20-0309-non-reasoning,sha256:a4a65a11fa5f34be2fdf8d891d4d287ecd760e613f5530f6e90584ff7c46861e,det-v1,1,accepted,1975,50,0.001,0.0025937500,true,false
call-000457,arm12b_cth_llm,cal/f2/s2200001/no_alert,30,grok-4.20-0309-non-reasoning,sha256:a4a65a11fa5f34be2fdf8d891d4d287ecd760e613f5530f6e90584ff7c46861e,det-v1,1,accepted,1975,50,0.002,0.0025937500,true,false
call-000458,arm8_spec_immediate,cal/f2/s2200001/early_accurate,30,grok-4.20-0309-non-reasoning,sha256:54c032ded11a928dea4ef7b576d81a0603c52c878b94af971b25b591a9e050a0,det-v1,1,,1975,50,1064.429,0.0025937500,false,true
call-000459,arm8_spec_immediate,cal/f2/s2200001/early_accurate,30,grok-4.20-0309-non-reasoning,sha256:54c032ded11a928dea4ef7b576d81a0603c52c878b94af971b25b591a9e050a0,det-v1,1,accepted,1975,50,1064.429,0.0025937500,false,false
call-000460,arm10_spec_eprocess,cal/f2/s2200001/early_accurate,30,grok-4.20-0309-non-reasoning,sha256:54c032ded11a928dea4ef7b576d81a0603c52c878b94af971b25b591a9e050a0,det-v1,1,accepted,1975,50,0.002,0.0025937500,true,false
call-000461,arm12_cth,cal/f2/s2200001/early_accurate,30,grok-4.20-0309-non-reasoning,sha256:54c032ded11a928dea4ef7b576d81a0603c52c878b94af971b25b591a9e050a0,det-v1,1,accepted,1975,50,0.001,0.0025937500,true,false
call-000462,arm12b_cth_llm,cal/f2/s2200001/early_accurate,30,grok-4.20-0309-non-reasoning,sha256:54c032ded11a928dea4ef7b576d81a0603c52c878b94af971b25b591a9e050a0,det-v1,1,accepted,1975,50,0.001,0.0025937500,true,false
call-000463,arm8_spec_immediate,cal/f2/s2200001/late_accurate,30,grok-4.20-0309-non-reasoning,sha256:bf036ad102dc3fbef14cf96c4a338c50b5ebf47ea85aaf27c8d9e812e61e2f43,det-v1,1,,1975,50,994.799,0.0025937500,false,true
call-000464,arm8_spec_immediate,cal/f2/s2200001/late_accurate,30,grok-4.20-0309-non-reasoning,sha256:bf036ad102dc3fbef14cf96c4a338c50b5ebf47ea85aaf27c8d9e812e61e2f43,det-v1,1,accepted,1975,50,994.799,0.0025937500,false,false
call-000465,arm10_spec_eprocess,cal/f2/s2200001/late_accurate,30,grok-4.20-0309-non-reasoning,sha256:bf036ad102dc3fbef14cf96c4a338c50b5ebf47ea85aaf27c8d9e812e61e2f43,det-v1,1,accepted,1975,50,0.001,0.0025937500,true,false
call-000466,arm12_cth,cal/f2/s2200001/late_accurate,30,grok-4.20-0309-non-reasoning,sha256:bf036ad102dc3fbef14cf96c4a338c50b5ebf47ea85aaf27c8d9e812e61e2f43,det-v1,1,accepted,1975,50,0.001,0.0025937500,true,false
call-000467,arm12b_cth_llm,cal/f2/s2200001/late_accurate,30,grok-4.20-0309-non-reasoning,sha256:bf036ad102dc3fbef14cf96c4a338c50b5ebf47ea85aaf27c8d9e812e61e2f43,det-v1,1,accepted,1975,50,0.003,0.0025937500,true,false
call-000468,arm8_spec_immediate,cal/f2/s2200001/unreliable,30,grok-4.20-0309-non-reasoning,sha256:ba07c26391cd792ba7669d0c8e85ac3b0190baef977e331a40e396629f89e811,det-v1,1,,1975,50,877.788,0.0025937500,false,true
call-000469,arm8_spec_immediate,cal/f2/s2200001/unreliable,30,grok-4.20-0309-non-reasoning,sha256:ba07c26391cd792ba7669d0c8e85ac3b0190baef977e331a40e396629f89e811,det-v1,1,accepted,1975,50,877.788,0.0025937500,false,false
call-000470,arm10_spec_eprocess,cal/f2/s2200001/unreliable,30,grok-4.20-0309-non-reasoning,sha256:ba07c26391cd792ba7669d0c8e85ac3b0190baef977e331a40e396629f89e811,det-v1,1,accepted,1975,50,0.002,0.0025937500,true,false
call-000471,arm12_cth,cal/f2/s2200001/unreliable,30,grok-4.20-0309-non-reasoning,sha256:ba07c26391cd792ba7669d0c8e85ac3b0190baef977e331a40e396629f89e811,det-v1,1,accepted,1975,50,0.002,0.0025937500,true,false
call-000472,arm12b_cth_llm,cal/f2/s2200001/unreliable,30,grok-4.20-0309-non-reasoning,sha256:ba07c26391cd792ba7669d0c8e85ac3b0190baef977e331a40e396629f89e811,det-v1,1,accepted,1975,50,0.002,0.0025937500,true,false
call-000473,arm8_spec_immediate,cal/f2/s2200001/no_alert__twin,10,grok-4.20-0309-non-reasoning,sha256:e1b18a7426e54cec730c4a4e1cf8a999e3077a848e4d25db8d0e57511c2d60e1,det-v1,1,,1256,117,1403.204,0.0018625000,false,true
call-000474,arm8_spec_immediate,cal/f2/s2200001/no_alert__twin,10,grok-4.20-0309-non-reasoning,sha256:e1b18a7426e54cec730c4a4e1cf8a999e3077a848e4d25db8d0e57511c2d60e1,det-v1,1,accepted,1256,117,1403.204,0.0018625000,false,false
call-000475,arm8_spec_immediate,cal/f2/s2200001/no_alert__twin,48,grok-4.20-0309-non-reasoning,sha256:e85a68394d0c56b3633052d1705742891994be88da2f9680e7e2892ab2ece855,det-v1,1,,2700,83,1188.063,0.0035825000,false,true
call-000476,arm8_spec_immediate,cal/f2/s2200001/no_alert__twin,48,grok-4.20-0309-non-reasoning,sha256:e85a68394d0c56b3633052d1705742891994be88da2f9680e7e2892ab2ece855,det-v1,1,accepted,2700,83,1188.063,0.0035825000,false,false
call-000477,arm10_spec_eprocess,cal/f2/s2200001/no_alert__twin,10,grok-4.20-0309-non-reasoning,sha256:e1b18a7426e54cec730c4a4e1cf8a999e3077a848e4d25db8d0e57511c2d60e1,det-v1,1,accepted,1256,117,0.002,0.0018625000,true,false
call-000478,arm10_spec_eprocess,cal/f2/s2200001/no_alert__twin,48,grok-4.20-0309-non-reasoning,sha256:c9dd876d41860be276ad046ab07266da5af1f396beada783e0977588f8d6e2c7,det-v1,1,,2700,83,1236.665,0.0035825000,false,true
call-000479,arm10_spec_eprocess,cal/f2/s2200001/no_alert__twin,48,grok-4.20-0309-non-reasoning,sha256:c9dd876d41860be276ad046ab07266da5af1f396beada783e0977588f8d6e2c7,det-v1,1,accepted,2700,83,1236.665,0.0035825000,false,false
call-000480,arm12_cth,cal/f2/s2200001/no_alert__twin,10,grok-4.20-0309-non-reasoning,sha256:e1b18a7426e54cec730c4a4e1cf8a999e3077a848e4d25db8d0e57511c2d60e1,det-v1,1,accepted,1256,117,0.002,0.0018625000,true,false
call-000481,arm12_cth,cal/f2/s2200001/no_alert__twin,48,grok-4.20-0309-non-reasoning,sha256:dfe9f47dbdec0e1822cc8f0f798920c64ccfa81dfde3926bd6cbc3ee34773eb9,det-v1,1,,2700,83,2432.375,0.0035825000,false,true
call-000482,arm12_cth,cal/f2/s2200001/no_alert__twin,48,grok-4.20-0309-non-reasoning,sha256:dfe9f47dbdec0e1822cc8f0f798920c64ccfa81dfde3926bd6cbc3ee34773eb9,det-v1,1,accepted,2700,83,2432.375,0.0035825000,false,false
call-000483,arm12b_cth_llm,cal/f2/s2200001/no_alert__twin,10,grok-4.20-0309-non-reasoning,sha256:e1b18a7426e54cec730c4a4e1cf8a999e3077a848e4d25db8d0e57511c2d60e1,det-v1,1,accepted,1256,117,0.002,0.0018625000,true,false
call-000484,arm12b_cth_llm,cal/f2/s2200001/no_alert__twin,48,grok-4.20-0309-non-reasoning,sha256:5223da71e8d3e71576560e30fa7ead1dc3a39249248bbbad00b8329be7a333f8,det-v1,1,,2700,83,1127.641,0.0035825000,false,true
call-000485,arm12b_cth_llm,cal/f2/s2200001/no_alert__twin,48,grok-4.20-0309-non-reasoning,sha256:5223da71e8d3e71576560e30fa7ead1dc3a39249248bbbad00b8329be7a333f8,det-v1,1,accepted,2700,83,1127.641,0.0035825000,false,false
call-000486,arm8_spec_immediate,dev/f2/s2200002/no_alert,25,grok-4.20-0309-non-reasoning,sha256:e4f22d6e12c936d52a4b77eee61aea035836a4fa2bd2dcccedd5ebb5d2b3180c,det-v1,1,,1785,50,1726.097,0.0023562500,false,true
call-000487,arm8_spec_immediate,dev/f2/s2200002/no_alert,25,grok-4.20-0309-non-reasoning,sha256:e4f22d6e12c936d52a4b77eee61aea035836a4fa2bd2dcccedd5ebb5d2b3180c,det-v1,1,accepted,1785,50,1726.097,0.0023562500,false,false
call-000488,arm8_spec_immediate,dev/f2/s2200002/no_alert,42,grok-4.20-0309-non-reasoning,sha256:69410418dad1c2344cfe42e5a58a0537075fd3d3586157c8eb1ec674876722cf,det-v1,1,,2431,50,1055.019,0.0031637500,false,true
call-000489,arm8_spec_immediate,dev/f2/s2200002/no_alert,42,grok-4.20-0309-non-reasoning,sha256:69410418dad1c2344cfe42e5a58a0537075fd3d3586157c8eb1ec674876722cf,det-v1,1,accepted,2431,50,1055.019,0.0031637500,false,false
call-000490,arm10_spec_eprocess,dev/f2/s2200002/no_alert,25,grok-4.20-0309-non-reasoning,sha256:e4f22d6e12c936d52a4b77eee61aea035836a4fa2bd2dcccedd5ebb5d2b3180c,det-v1,1,accepted,1785,50,0.002,0.0023562500,true,false
call-000491,arm10_spec_eprocess,dev/f2/s2200002/no_alert,42,grok-4.20-0309-non-reasoning,sha256:69410418dad1c2344cfe42e5a58a0537075fd3d3586157c8eb1ec674876722cf,det-v1,1,accepted,2431,50,0.002,0.0031637500,true,false
call-000492,arm12_cth,dev/f2/s2200002/no_alert,25,grok-4.20-0309-non-reasoning,sha256:e4f22d6e12c936d52a4b77eee61aea035836a4fa2bd2dcccedd5ebb5d2b3180c,det-v1,1,accepted,1785,50,0.002,0.0023562500,true,false
call-000493,arm12_cth,dev/f2/s2200002/no_alert,42,grok-4.20-0309-non-reasoning,sha256:1677f11ed1d69fb5d0dbce348d5933484ca382a702d1dd74d039430001741f33,det-v1,1,,2431,50,961.667,0.0031637500,false,true
call-000494,arm12_cth,dev/f2/s2200002/no_alert,42,grok-4.20-0309-non-reasoning,sha256:1677f11ed1d69fb5d0dbce348d5933484ca382a702d1dd74d039430001741f33,det-v1,1,accepted,2431,50,961.667,0.0031637500,false,false
call-000495,arm12b_cth_llm,dev/f2/s2200002/no_alert,25,grok-4.20-0309-non-reasoning,sha256:e4f22d6e12c936d52a4b77eee61aea035836a4fa2bd2dcccedd5ebb5d2b3180c,det-v1,1,accepted,1785,50,0.002,0.0023562500,true,false
call-000496,arm12b_cth_llm,dev/f2/s2200002/no_alert,42,grok-4.20-0309-non-reasoning,sha256:69410418dad1c2344cfe42e5a58a0537075fd3d3586157c8eb1ec674876722cf,det-v1,1,accepted,2431,50,0.002,0.0031637500,true,false
call-000497,arm8_spec_immediate,dev/f2/s2200002/early_accurate,25,grok-4.20-0309-non-reasoning,sha256:4a9c3f29a867fb73945071f29b311a99cbeb68f64da0ddc3877b231c0b0c42f0,det-v1,1,,1785,50,993.760,0.0023562500,false,true
call-000498,arm8_spec_immediate,dev/f2/s2200002/early_accurate,25,grok-4.20-0309-non-reasoning,sha256:4a9c3f29a867fb73945071f29b311a99cbeb68f64da0ddc3877b231c0b0c42f0,det-v1,1,accepted,1785,50,993.760,0.0023562500,false,false
call-000499,arm8_spec_immediate,dev/f2/s2200002/early_accurate,42,grok-4.20-0309-non-reasoning,sha256:754ef3b32197224493d483a8a561c2ca681e3465df85660be2fc308813bf40aa,det-v1,1,,2431,50,1031.356,0.0031637500,false,true
call-000500,arm8_spec_immediate,dev/f2/s2200002/early_accurate,42,grok-4.20-0309-non-reasoning,sha256:754ef3b32197224493d483a8a561c2ca681e3465df85660be2fc308813bf40aa,det-v1,1,accepted,2431,50,1031.356,0.0031637500,false,false
call-000501,arm10_spec_eprocess,dev/f2/s2200002/early_accurate,25,grok-4.20-0309-non-reasoning,sha256:4a9c3f29a867fb73945071f29b311a99cbeb68f64da0ddc3877b231c0b0c42f0,det-v1,1,accepted,1785,50,0.002,0.0023562500,true,false
call-000502,arm10_spec_eprocess,dev/f2/s2200002/early_accurate,42,grok-4.20-0309-non-reasoning,sha256:754ef3b32197224493d483a8a561c2ca681e3465df85660be2fc308813bf40aa,det-v1,1,accepted,2431,50,0.001,0.0031637500,true,false
call-000503,arm12_cth,dev/f2/s2200002/early_accurate,25,grok-4.20-0309-non-reasoning,sha256:4a9c3f29a867fb73945071f29b311a99cbeb68f64da0ddc3877b231c0b0c42f0,det-v1,1,accepted,1785,50,0.002,0.0023562500,true,false
call-000504,arm12_cth,dev/f2/s2200002/early_accurate,42,grok-4.20-0309-non-reasoning,sha256:458ca2ee92dcdd0b7f487627ef5c4e02fb1b18447e63125adafeefe45bcff9e9,det-v1,1,,2431,50,845.696,0.0031637500,false,true
call-000505,arm12_cth,dev/f2/s2200002/early_accurate,42,grok-4.20-0309-non-reasoning,sha256:458ca2ee92dcdd0b7f487627ef5c4e02fb1b18447e63125adafeefe45bcff9e9,det-v1,1,accepted,2431,50,845.696,0.0031637500,false,false
call-000506,arm12b_cth_llm,dev/f2/s2200002/early_accurate,25,grok-4.20-0309-non-reasoning,sha256:4a9c3f29a867fb73945071f29b311a99cbeb68f64da0ddc3877b231c0b0c42f0,det-v1,1,accepted,1785,50,0.002,0.0023562500,true,false
call-000507,arm12b_cth_llm,dev/f2/s2200002/early_accurate,42,grok-4.20-0309-non-reasoning,sha256:754ef3b32197224493d483a8a561c2ca681e3465df85660be2fc308813bf40aa,det-v1,1,accepted,2431,50,0.002,0.0031637500,true,false
call-000508,arm8_spec_immediate,dev/f2/s2200002/late_accurate,25,grok-4.20-0309-non-reasoning,sha256:2579ae583e3138f76ad2782c01c59a33bb020dd1f06ac22e058953a87ae34cdc,det-v1,1,,1785,50,924.655,0.0023562500,false,true
call-000509,arm8_spec_immediate,dev/f2/s2200002/late_accurate,25,grok-4.20-0309-non-reasoning,sha256:2579ae583e3138f76ad2782c01c59a33bb020dd1f06ac22e058953a87ae34cdc,det-v1,1,accepted,1785,50,924.655,0.0023562500,false,false
call-000510,arm8_spec_immediate,dev/f2/s2200002/late_accurate,42,grok-4.20-0309-non-reasoning,sha256:024945d87044f3e8de90948c0be6478e87c42147c34e3c12e59c365184e73243,det-v1,1,,2431,76,1070.985,0.0032287500,false,true
call-000511,arm8_spec_immediate,dev/f2/s2200002/late_accurate,42,grok-4.20-0309-non-reasoning,sha256:024945d87044f3e8de90948c0be6478e87c42147c34e3c12e59c365184e73243,det-v1,1,accepted,2431,76,1070.985,0.0032287500,false,false
call-000512,arm10_spec_eprocess,dev/f2/s2200002/late_accurate,25,grok-4.20-0309-non-reasoning,sha256:2579ae583e3138f76ad2782c01c59a33bb020dd1f06ac22e058953a87ae34cdc,det-v1,1,accepted,1785,50,0.002,0.0023562500,true,false
call-000513,arm10_spec_eprocess,dev/f2/s2200002/late_accurate,42,grok-4.20-0309-non-reasoning,sha256:024945d87044f3e8de90948c0be6478e87c42147c34e3c12e59c365184e73243,det-v1,1,accepted,2431,76,0.001,0.0032287500,true,false
call-000514,arm12_cth,dev/f2/s2200002/late_accurate,25,grok-4.20-0309-non-reasoning,sha256:2579ae583e3138f76ad2782c01c59a33bb020dd1f06ac22e058953a87ae34cdc,det-v1,1,accepted,1785,50,0.002,0.0023562500,true,false
call-000515,arm12_cth,dev/f2/s2200002/late_accurate,42,grok-4.20-0309-non-reasoning,sha256:605ece576821d4e996b75a97a2deb173b9685ce63776409dc26e1d9305b521dd,det-v1,1,,2431,50,949.911,0.0031637500,false,true
call-000516,arm12_cth,dev/f2/s2200002/late_accurate,42,grok-4.20-0309-non-reasoning,sha256:605ece576821d4e996b75a97a2deb173b9685ce63776409dc26e1d9305b521dd,det-v1,1,accepted,2431,50,949.911,0.0031637500,false,false
call-000517,arm12b_cth_llm,dev/f2/s2200002/late_accurate,25,grok-4.20-0309-non-reasoning,sha256:2579ae583e3138f76ad2782c01c59a33bb020dd1f06ac22e058953a87ae34cdc,det-v1,1,accepted,1785,50,0.002,0.0023562500,true,false
call-000518,arm12b_cth_llm,dev/f2/s2200002/late_accurate,42,grok-4.20-0309-non-reasoning,sha256:024945d87044f3e8de90948c0be6478e87c42147c34e3c12e59c365184e73243,det-v1,1,accepted,2431,76,0.002,0.0032287500,true,false
call-000519,arm8_spec_immediate,dev/f2/s2200002/unreliable,25,grok-4.20-0309-non-reasoning,sha256:e4c4db1fc30bc00213af64379f4f5631d0cbe9006a7592ca354adfdbc5c7a644,det-v1,1,,1785,50,1064.755,0.0023562500,false,true
call-000520,arm8_spec_immediate,dev/f2/s2200002/unreliable,25,grok-4.20-0309-non-reasoning,sha256:e4c4db1fc30bc00213af64379f4f5631d0cbe9006a7592ca354adfdbc5c7a644,det-v1,1,accepted,1785,50,1064.755,0.0023562500,false,false
call-000521,arm8_spec_immediate,dev/f2/s2200002/unreliable,42,grok-4.20-0309-non-reasoning,sha256:932845359b9151ae041b1b6a51301d6a2c70e9a9d8aa5c67d728c5d9ba3a0790,det-v1,1,,2431,50,853.648,0.0031637500,false,true
call-000522,arm8_spec_immediate,dev/f2/s2200002/unreliable,42,grok-4.20-0309-non-reasoning,sha256:932845359b9151ae041b1b6a51301d6a2c70e9a9d8aa5c67d728c5d9ba3a0790,det-v1,1,accepted,2431,50,853.648,0.0031637500,false,false
call-000523,arm10_spec_eprocess,dev/f2/s2200002/unreliable,25,grok-4.20-0309-non-reasoning,sha256:e4c4db1fc30bc00213af64379f4f5631d0cbe9006a7592ca354adfdbc5c7a644,det-v1,1,accepted,1785,50,0.002,0.0023562500,true,false
call-000524,arm10_spec_eprocess,dev/f2/s2200002/unreliable,42,grok-4.20-0309-non-reasoning,sha256:932845359b9151ae041b1b6a51301d6a2c70e9a9d8aa5c67d728c5d9ba3a0790,det-v1,1,accepted,2431,50,0.001,0.0031637500,true,false
call-000525,arm12_cth,dev/f2/s2200002/unreliable,25,grok-4.20-0309-non-reasoning,sha256:e4c4db1fc30bc00213af64379f4f5631d0cbe9006a7592ca354adfdbc5c7a644,det-v1,1,accepted,1785,50,0.002,0.0023562500,true,false
call-000526,arm12_cth,dev/f2/s2200002/unreliable,42,grok-4.20-0309-non-reasoning,sha256:5e717971d7b9a9cc9d02ff0799ba12800d59b0c3a2daf51f57eac1d042b7e2e5,det-v1,1,,2431,50,1616.385,0.0031637500,false,true
call-000527,arm12_cth,dev/f2/s2200002/unreliable,42,grok-4.20-0309-non-reasoning,sha256:5e717971d7b9a9cc9d02ff0799ba12800d59b0c3a2daf51f57eac1d042b7e2e5,det-v1,1,accepted,2431,50,1616.385,0.0031637500,false,false
call-000528,arm12b_cth_llm,dev/f2/s2200002/unreliable,25,grok-4.20-0309-non-reasoning,sha256:e4c4db1fc30bc00213af64379f4f5631d0cbe9006a7592ca354adfdbc5c7a644,det-v1,1,accepted,1785,50,0.002,0.0023562500,true,false
call-000529,arm12b_cth_llm,dev/f2/s2200002/unreliable,42,grok-4.20-0309-non-reasoning,sha256:932845359b9151ae041b1b6a51301d6a2c70e9a9d8aa5c67d728c5d9ba3a0790,det-v1,1,accepted,2431,50,0.002,0.0031637500,true,false
call-000530,arm8_spec_immediate,dev/f2/s2200002/no_alert__twin,10,grok-4.20-0309-non-reasoning,sha256:873bbb253f8f281c80214bd4c9811e960aa1206b3834819ddba09c7c6c154d83,det-v1,1,,1253,96,1396.252,0.0018062500,false,true
call-000531,arm8_spec_immediate,dev/f2/s2200002/no_alert__twin,10,grok-4.20-0309-non-reasoning,sha256:873bbb253f8f281c80214bd4c9811e960aa1206b3834819ddba09c7c6c154d83,det-v1,1,accepted,1253,96,1396.252,0.0018062500,false,false
call-000532,arm10_spec_eprocess,dev/f2/s2200002/no_alert__twin,10,grok-4.20-0309-non-reasoning,sha256:873bbb253f8f281c80214bd4c9811e960aa1206b3834819ddba09c7c6c154d83,det-v1,1,accepted,1253,96,0.002,0.0018062500,true,false
call-000533,arm12_cth,dev/f2/s2200002/no_alert__twin,10,grok-4.20-0309-non-reasoning,sha256:873bbb253f8f281c80214bd4c9811e960aa1206b3834819ddba09c7c6c154d83,det-v1,1,accepted,1253,96,0.001,0.0018062500,true,false
call-000534,arm12b_cth_llm,dev/f2/s2200002/no_alert__twin,10,grok-4.20-0309-non-reasoning,sha256:873bbb253f8f281c80214bd4c9811e960aa1206b3834819ddba09c7c6c154d83,det-v1,1,accepted,1253,96,0.002,0.0018062500,true,false
call-000535,arm8_spec_immediate,cal/f2/s2200003/no_alert,26,grok-4.20-0309-non-reasoning,sha256:7ec93a94f2140c707115e9db83d7428fb0b8eb795c17da061a9cb80ef73d7766,det-v1,1,,1823,50,792.904,0.0024037500,false,true
call-000536,arm8_spec_immediate,cal/f2/s2200003/no_alert,26,grok-4.20-0309-non-reasoning,sha256:7ec93a94f2140c707115e9db83d7428fb0b8eb795c17da061a9cb80ef73d7766,det-v1,1,accepted,1823,50,792.904,0.0024037500,false,false
call-000537,arm8_spec_immediate,cal/f2/s2200003/no_alert,38,grok-4.20-0309-non-reasoning,sha256:c5193451898544fe49cb3721c7e39470d17ec5795abd4b5c8501c627a8180aea,det-v1,1,,2279,63,949.765,0.0030062500,false,true
call-000538,arm8_spec_immediate,cal/f2/s2200003/no_alert,38,grok-4.20-0309-non-reasoning,sha256:c5193451898544fe49cb3721c7e39470d17ec5795abd4b5c8501c627a8180aea,det-v1,1,accepted,2279,63,949.765,0.0030062500,false,false
call-000539,arm10_spec_eprocess,cal/f2/s2200003/no_alert,26,grok-4.20-0309-non-reasoning,sha256:7ec93a94f2140c707115e9db83d7428fb0b8eb795c17da061a9cb80ef73d7766,det-v1,1,accepted,1823,50,0.002,0.0024037500,true,false
call-000540,arm10_spec_eprocess,cal/f2/s2200003/no_alert,38,grok-4.20-0309-non-reasoning,sha256:c5193451898544fe49cb3721c7e39470d17ec5795abd4b5c8501c627a8180aea,det-v1,1,accepted,2279,63,0.001,0.0030062500,true,false
call-000541,arm12_cth,cal/f2/s2200003/no_alert,26,grok-4.20-0309-non-reasoning,sha256:7ec93a94f2140c707115e9db83d7428fb0b8eb795c17da061a9cb80ef73d7766,det-v1,1,accepted,1823,50,0.002,0.0024037500,true,false
call-000542,arm12_cth,cal/f2/s2200003/no_alert,38,grok-4.20-0309-non-reasoning,sha256:943c4b7cb48b1a230f98601fb24b10f00fe164a6911b4a6a76459c32433d8e3b,det-v1,1,,2279,50,874.465,0.0029737500,false,true
call-000543,arm12_cth,cal/f2/s2200003/no_alert,38,grok-4.20-0309-non-reasoning,sha256:943c4b7cb48b1a230f98601fb24b10f00fe164a6911b4a6a76459c32433d8e3b,det-v1,1,accepted,2279,50,874.465,0.0029737500,false,false
call-000544,arm12b_cth_llm,cal/f2/s2200003/no_alert,26,grok-4.20-0309-non-reasoning,sha256:7ec93a94f2140c707115e9db83d7428fb0b8eb795c17da061a9cb80ef73d7766,det-v1,1,accepted,1823,50,0.002,0.0024037500,true,false
call-000545,arm12b_cth_llm,cal/f2/s2200003/no_alert,38,grok-4.20-0309-non-reasoning,sha256:c5193451898544fe49cb3721c7e39470d17ec5795abd4b5c8501c627a8180aea,det-v1,1,accepted,2279,63,0.001,0.0030062500,true,false
call-000546,arm8_spec_immediate,cal/f2/s2200003/early_accurate,26,grok-4.20-0309-non-reasoning,sha256:7099e207d79e731d331e408d48c8398bd7abca5ed6daa302cdc19f6b153f12fa,det-v1,1,,1823,50,802.489,0.0024037500,false,true
call-000547,arm8_spec_immediate,cal/f2/s2200003/early_accurate,26,grok-4.20-0309-non-reasoning,sha256:7099e207d79e731d331e408d48c8398bd7abca5ed6daa302cdc19f6b153f12fa,det-v1,1,accepted,1823,50,802.489,0.0024037500,false,false
call-000548,arm8_spec_immediate,cal/f2/s2200003/early_accurate,38,grok-4.20-0309-non-reasoning,sha256:6507fcb37202984e050227e6af8279d932fae2d3a9619923ff91854ce9986d39,det-v1,1,,2279,63,897.025,0.0030062500,false,true
call-000549,arm8_spec_immediate,cal/f2/s2200003/early_accurate,38,grok-4.20-0309-non-reasoning,sha256:6507fcb37202984e050227e6af8279d932fae2d3a9619923ff91854ce9986d39,det-v1,1,accepted,2279,63,897.025,0.0030062500,false,false
call-000550,arm10_spec_eprocess,cal/f2/s2200003/early_accurate,26,grok-4.20-0309-non-reasoning,sha256:7099e207d79e731d331e408d48c8398bd7abca5ed6daa302cdc19f6b153f12fa,det-v1,1,accepted,1823,50,0.002,0.0024037500,true,false
call-000551,arm10_spec_eprocess,cal/f2/s2200003/early_accurate,38,grok-4.20-0309-non-reasoning,sha256:6507fcb37202984e050227e6af8279d932fae2d3a9619923ff91854ce9986d39,det-v1,1,accepted,2279,63,0.002,0.0030062500,true,false
call-000552,arm12_cth,cal/f2/s2200003/early_accurate,26,grok-4.20-0309-non-reasoning,sha256:7099e207d79e731d331e408d48c8398bd7abca5ed6daa302cdc19f6b153f12fa,det-v1,1,accepted,1823,50,0.002,0.0024037500,true,false
call-000553,arm12_cth,cal/f2/s2200003/early_accurate,38,grok-4.20-0309-non-reasoning,sha256:8e4e025b966a831bd322f492d6ea3374aaa018fe04985605396c966653f595d3,det-v1,1,,2279,62,1024.395,0.0030037500,false,true
call-000554,arm12_cth,cal/f2/s2200003/early_accurate,38,grok-4.20-0309-non-reasoning,sha256:8e4e025b966a831bd322f492d6ea3374aaa018fe04985605396c966653f595d3,det-v1,1,accepted,2279,62,1024.395,0.0030037500,false,false
call-000555,arm12b_cth_llm,cal/f2/s2200003/early_accurate,26,grok-4.20-0309-non-reasoning,sha256:7099e207d79e731d331e408d48c8398bd7abca5ed6daa302cdc19f6b153f12fa,det-v1,1,accepted,1823,50,0.004,0.0024037500,true,false
call-000556,arm12b_cth_llm,cal/f2/s2200003/early_accurate,38,grok-4.20-0309-non-reasoning,sha256:6507fcb37202984e050227e6af8279d932fae2d3a9619923ff91854ce9986d39,det-v1,1,accepted,2279,63,0.001,0.0030062500,true,false
call-000557,arm8_spec_immediate,cal/f2/s2200003/late_accurate,26,grok-4.20-0309-non-reasoning,sha256:0ef582e5ba320e5206a80e705c533f8b6b1e894d22f4b92f99e736689deaa25a,det-v1,1,,1823,50,800.330,0.0024037500,false,true
call-000558,arm8_spec_immediate,cal/f2/s2200003/late_accurate,26,grok-4.20-0309-non-reasoning,sha256:0ef582e5ba320e5206a80e705c533f8b6b1e894d22f4b92f99e736689deaa25a,det-v1,1,accepted,1823,50,800.330,0.0024037500,false,false
call-000559,arm8_spec_immediate,cal/f2/s2200003/late_accurate,38,grok-4.20-0309-non-reasoning,sha256:d94e2d63cb3bfb98773cde4acc9b2df7d9cca19af459a795afbc095c8fbdba49,det-v1,1,,2279,50,928.427,0.0029737500,false,true
call-000560,arm8_spec_immediate,cal/f2/s2200003/late_accurate,38,grok-4.20-0309-non-reasoning,sha256:d94e2d63cb3bfb98773cde4acc9b2df7d9cca19af459a795afbc095c8fbdba49,det-v1,1,accepted,2279,50,928.427,0.0029737500,false,false
call-000561,arm10_spec_eprocess,cal/f2/s2200003/late_accurate,26,grok-4.20-0309-non-reasoning,sha256:0ef582e5ba320e5206a80e705c533f8b6b1e894d22f4b92f99e736689deaa25a,det-v1,1,accepted,1823,50,0.002,0.0024037500,true,false
call-000562,arm10_spec_eprocess,cal/f2/s2200003/late_accurate,38,grok-4.20-0309-non-reasoning,sha256:d94e2d63cb3bfb98773cde4acc9b2df7d9cca19af459a795afbc095c8fbdba49,det-v1,1,accepted,2279,50,0.002,0.0029737500,true,false
call-000563,arm12_cth,cal/f2/s2200003/late_accurate,26,grok-4.20-0309-non-reasoning,sha256:0ef582e5ba320e5206a80e705c533f8b6b1e894d22f4b92f99e736689deaa25a,det-v1,1,accepted,1823,50,0.002,0.0024037500,true,false
call-000564,arm12_cth,cal/f2/s2200003/late_accurate,38,grok-4.20-0309-non-reasoning,sha256:063701fd5dcc25f5c2a9dc618c7a0fa7ee61efcfee36724fc93d4a9846a60675,det-v1,1,,2279,50,790.487,0.0029737500,false,true
call-000565,arm12_cth,cal/f2/s2200003/late_accurate,38,grok-4.20-0309-non-reasoning,sha256:063701fd5dcc25f5c2a9dc618c7a0fa7ee61efcfee36724fc93d4a9846a60675,det-v1,1,accepted,2279,50,790.487,0.0029737500,false,false
call-000566,arm12b_cth_llm,cal/f2/s2200003/late_accurate,26,grok-4.20-0309-non-reasoning,sha256:0ef582e5ba320e5206a80e705c533f8b6b1e894d22f4b92f99e736689deaa25a,det-v1,1,accepted,1823,50,0.002,0.0024037500,true,false
call-000567,arm12b_cth_llm,cal/f2/s2200003/late_accurate,38,grok-4.20-0309-non-reasoning,sha256:d94e2d63cb3bfb98773cde4acc9b2df7d9cca19af459a795afbc095c8fbdba49,det-v1,1,accepted,2279,50,0.001,0.0029737500,true,false
call-000568,arm8_spec_immediate,cal/f2/s2200003/unreliable,26,grok-4.20-0309-non-reasoning,sha256:4eae86a92f8c13e0283f69cf24582c2658194f43117f2f9db158481633e9eb16,det-v1,1,,1823,50,797.949,0.0024037500,false,true
call-000569,arm8_spec_immediate,cal/f2/s2200003/unreliable,26,grok-4.20-0309-non-reasoning,sha256:4eae86a92f8c13e0283f69cf24582c2658194f43117f2f9db158481633e9eb16,det-v1,1,accepted,1823,50,797.949,0.0024037500,false,false
call-000570,arm8_spec_immediate,cal/f2/s2200003/unreliable,38,grok-4.20-0309-non-reasoning,sha256:04951a60eb2edbcccb64bdfc83d00c49c9c897530a87395c101f7f046b91f4b6,det-v1,1,,2279,63,955.807,0.0030062500,false,true
call-000571,arm8_spec_immediate,cal/f2/s2200003/unreliable,38,grok-4.20-0309-non-reasoning,sha256:04951a60eb2edbcccb64bdfc83d00c49c9c897530a87395c101f7f046b91f4b6,det-v1,1,accepted,2279,63,955.807,0.0030062500,false,false
call-000572,arm10_spec_eprocess,cal/f2/s2200003/unreliable,26,grok-4.20-0309-non-reasoning,sha256:4eae86a92f8c13e0283f69cf24582c2658194f43117f2f9db158481633e9eb16,det-v1,1,accepted,1823,50,0.002,0.0024037500,true,false
call-000573,arm10_spec_eprocess,cal/f2/s2200003/unreliable,38,grok-4.20-0309-non-reasoning,sha256:04951a60eb2edbcccb64bdfc83d00c49c9c897530a87395c101f7f046b91f4b6,det-v1,1,accepted,2279,63,0.002,0.0030062500,true,false
call-000574,arm12_cth,cal/f2/s2200003/unreliable,26,grok-4.20-0309-non-reasoning,sha256:4eae86a92f8c13e0283f69cf24582c2658194f43117f2f9db158481633e9eb16,det-v1,1,accepted,1823,50,0.002,0.0024037500,true,false
call-000575,arm12_cth,cal/f2/s2200003/unreliable,38,grok-4.20-0309-non-reasoning,sha256:d85bc27b7e7fe93e5d9fba15bde056f1da1900a27d5c2acae3689c4df7613843,det-v1,1,,2279,50,826.087,0.0029737500,false,true
call-000576,arm12_cth,cal/f2/s2200003/unreliable,38,grok-4.20-0309-non-reasoning,sha256:d85bc27b7e7fe93e5d9fba15bde056f1da1900a27d5c2acae3689c4df7613843,det-v1,1,accepted,2279,50,826.087,0.0029737500,false,false
call-000577,arm12b_cth_llm,cal/f2/s2200003/unreliable,26,grok-4.20-0309-non-reasoning,sha256:4eae86a92f8c13e0283f69cf24582c2658194f43117f2f9db158481633e9eb16,det-v1,1,accepted,1823,50,0.002,0.0024037500,true,false
call-000578,arm12b_cth_llm,cal/f2/s2200003/unreliable,38,grok-4.20-0309-non-reasoning,sha256:04951a60eb2edbcccb64bdfc83d00c49c9c897530a87395c101f7f046b91f4b6,det-v1,1,accepted,2279,63,0.001,0.0030062500,true,false
call-000579,arm8_spec_immediate,dev/f2/s2200004/no_alert,31,grok-4.20-0309-non-reasoning,sha256:62804fc88d77f961902defd02d9a4cc53eab41daa9eee5157be6707de4eaa3a0,det-v1,1,,2013,50,1075.944,0.0026412500,false,true
call-000580,arm8_spec_immediate,dev/f2/s2200004/no_alert,31,grok-4.20-0309-non-reasoning,sha256:62804fc88d77f961902defd02d9a4cc53eab41daa9eee5157be6707de4eaa3a0,det-v1,1,accepted,2013,50,1075.944,0.0026412500,false,false
call-000581,arm8_spec_immediate,dev/f2/s2200004/no_alert,38,grok-4.20-0309-non-reasoning,sha256:3d7f083903c51702b87ea07fa73a336891c4f2ca2af24269bda8a76754373c79,det-v1,1,,2279,50,875.409,0.0029737500,false,true
call-000582,arm8_spec_immediate,dev/f2/s2200004/no_alert,38,grok-4.20-0309-non-reasoning,sha256:3d7f083903c51702b87ea07fa73a336891c4f2ca2af24269bda8a76754373c79,det-v1,1,accepted,2279,50,875.409,0.0029737500,false,false
call-000583,arm10_spec_eprocess,dev/f2/s2200004/no_alert,31,grok-4.20-0309-non-reasoning,sha256:62804fc88d77f961902defd02d9a4cc53eab41daa9eee5157be6707de4eaa3a0,det-v1,1,accepted,2013,50,0.002,0.0026412500,true,false
call-000584,arm10_spec_eprocess,dev/f2/s2200004/no_alert,38,grok-4.20-0309-non-reasoning,sha256:3d7f083903c51702b87ea07fa73a336891c4f2ca2af24269bda8a76754373c79,det-v1,1,accepted,2279,50,0.002,0.0029737500,true,false
call-000585,arm12_cth,dev/f2/s2200004/no_alert,31,grok-4.20-0309-non-reasoning,sha256:62804fc88d77f961902defd02d9a4cc53eab41daa9eee5157be6707de4eaa3a0,det-v1,1,accepted,2013,50,0.002,0.0026412500,true,false
call-000586,arm12_cth,dev/f2/s2200004/no_alert,38,grok-4.20-0309-non-reasoning,sha256:a07079afaa306bdea8eafb41ac4b871e931c6756adc6e829bae768dc95ab41f1,det-v1,1,,2279,50,879.014,0.0029737500,false,true
call-000587,arm12_cth,dev/f2/s2200004/no_alert,38,grok-4.20-0309-non-reasoning,sha256:a07079afaa306bdea8eafb41ac4b871e931c6756adc6e829bae768dc95ab41f1,det-v1,1,accepted,2279,50,879.014,0.0029737500,false,false
call-000588,arm12b_cth_llm,dev/f2/s2200004/no_alert,31,grok-4.20-0309-non-reasoning,sha256:62804fc88d77f961902defd02d9a4cc53eab41daa9eee5157be6707de4eaa3a0,det-v1,1,accepted,2013,50,0.002,0.0026412500,true,false
call-000589,arm12b_cth_llm,dev/f2/s2200004/no_alert,38,grok-4.20-0309-non-reasoning,sha256:3d7f083903c51702b87ea07fa73a336891c4f2ca2af24269bda8a76754373c79,det-v1,1,accepted,2279,50,0.001,0.0029737500,true,false
call-000590,arm8_spec_immediate,dev/f2/s2200004/early_accurate,31,grok-4.20-0309-non-reasoning,sha256:0e8f06f9f2a0d43473abba3c996dcbceac143a34cfab0ac3d0288d9af3a2d7e5,det-v1,1,,2013,50,849.360,0.0026412500,false,true
call-000591,arm8_spec_immediate,dev/f2/s2200004/early_accurate,31,grok-4.20-0309-non-reasoning,sha256:0e8f06f9f2a0d43473abba3c996dcbceac143a34cfab0ac3d0288d9af3a2d7e5,det-v1,1,accepted,2013,50,849.360,0.0026412500,false,false
call-000592,arm8_spec_immediate,dev/f2/s2200004/early_accurate,38,grok-4.20-0309-non-reasoning,sha256:0aa3d8a16b05c4a8d670ef19519ddcf2e6d4fc03700836a7fb0343ebe86bc250,det-v1,1,,2279,50,820.335,0.0029737500,false,true
call-000593,arm8_spec_immediate,dev/f2/s2200004/early_accurate,38,grok-4.20-0309-non-reasoning,sha256:0aa3d8a16b05c4a8d670ef19519ddcf2e6d4fc03700836a7fb0343ebe86bc250,det-v1,1,accepted,2279,50,820.335,0.0029737500,false,false
call-000594,arm10_spec_eprocess,dev/f2/s2200004/early_accurate,31,grok-4.20-0309-non-reasoning,sha256:0e8f06f9f2a0d43473abba3c996dcbceac143a34cfab0ac3d0288d9af3a2d7e5,det-v1,1,accepted,2013,50,0.002,0.0026412500,true,false
call-000595,arm10_spec_eprocess,dev/f2/s2200004/early_accurate,38,grok-4.20-0309-non-reasoning,sha256:0aa3d8a16b05c4a8d670ef19519ddcf2e6d4fc03700836a7fb0343ebe86bc250,det-v1,1,accepted,2279,50,0.002,0.0029737500,true,false
call-000596,arm12_cth,dev/f2/s2200004/early_accurate,31,grok-4.20-0309-non-reasoning,sha256:0e8f06f9f2a0d43473abba3c996dcbceac143a34cfab0ac3d0288d9af3a2d7e5,det-v1,1,accepted,2013,50,0.002,0.0026412500,true,false
call-000597,arm12_cth,dev/f2/s2200004/early_accurate,38,grok-4.20-0309-non-reasoning,sha256:b5b65e3bfbf6779c6b815f7a8847a73290574a34fed6e77385a207476798ddfa,det-v1,1,,2279,87,1327.722,0.0030662500,false,true
call-000598,arm12_cth,dev/f2/s2200004/early_accurate,38,grok-4.20-0309-non-reasoning,sha256:b5b65e3bfbf6779c6b815f7a8847a73290574a34fed6e77385a207476798ddfa,det-v1,1,accepted,2279,87,1327.722,0.0030662500,false,false
call-000599,arm12b_cth_llm,dev/f2/s2200004/early_accurate,31,grok-4.20-0309-non-reasoning,sha256:0e8f06f9f2a0d43473abba3c996dcbceac143a34cfab0ac3d0288d9af3a2d7e5,det-v1,1,accepted,2013,50,0.003,0.0026412500,true,false
call-000600,arm12b_cth_llm,dev/f2/s2200004/early_accurate,38,grok-4.20-0309-non-reasoning,sha256:0aa3d8a16b05c4a8d670ef19519ddcf2e6d4fc03700836a7fb0343ebe86bc250,det-v1,1,accepted,2279,50,0.002,0.0029737500,true,false
call-000601,arm8_spec_immediate,dev/f2/s2200004/late_accurate,31,grok-4.20-0309-non-reasoning,sha256:2132d3760ad0d0854474d984e19bc7bf7b210c82e7889b23d0a30377f9fcc340,det-v1,1,,2013,50,842.581,0.0026412500,false,true
call-000602,arm8_spec_immediate,dev/f2/s2200004/late_accurate,31,grok-4.20-0309-non-reasoning,sha256:2132d3760ad0d0854474d984e19bc7bf7b210c82e7889b23d0a30377f9fcc340,det-v1,1,accepted,2013,50,842.581,0.0026412500,false,false
call-000603,arm8_spec_immediate,dev/f2/s2200004/late_accurate,38,grok-4.20-0309-non-reasoning,sha256:b6b75331da90e66a63bf8ab3a34f8cfdb88175aa6b0a700806a59320eb1802c8,det-v1,1,,2279,50,952.612,0.0029737500,false,true
call-000604,arm8_spec_immediate,dev/f2/s2200004/late_accurate,38,grok-4.20-0309-non-reasoning,sha256:b6b75331da90e66a63bf8ab3a34f8cfdb88175aa6b0a700806a59320eb1802c8,det-v1,1,accepted,2279,50,952.612,0.0029737500,false,false
call-000605,arm10_spec_eprocess,dev/f2/s2200004/late_accurate,31,grok-4.20-0309-non-reasoning,sha256:2132d3760ad0d0854474d984e19bc7bf7b210c82e7889b23d0a30377f9fcc340,det-v1,1,accepted,2013,50,0.002,0.0026412500,true,false
call-000606,arm10_spec_eprocess,dev/f2/s2200004/late_accurate,38,grok-4.20-0309-non-reasoning,sha256:b6b75331da90e66a63bf8ab3a34f8cfdb88175aa6b0a700806a59320eb1802c8,det-v1,1,accepted,2279,50,0.001,0.0029737500,true,false
call-000607,arm12_cth,dev/f2/s2200004/late_accurate,31,grok-4.20-0309-non-reasoning,sha256:2132d3760ad0d0854474d984e19bc7bf7b210c82e7889b23d0a30377f9fcc340,det-v1,1,accepted,2013,50,0.002,0.0026412500,true,false
call-000608,arm12_cth,dev/f2/s2200004/late_accurate,38,grok-4.20-0309-non-reasoning,sha256:dfcb31a7d7a99eaa34bc389f95a41236e2ed7e83358d238edbca4d9a0d85daa1,det-v1,1,,2279,50,837.263,0.0029737500,false,true
call-000609,arm12_cth,dev/f2/s2200004/late_accurate,38,grok-4.20-0309-non-reasoning,sha256:dfcb31a7d7a99eaa34bc389f95a41236e2ed7e83358d238edbca4d9a0d85daa1,det-v1,1,accepted,2279,50,837.263,0.0029737500,false,false
call-000610,arm12b_cth_llm,dev/f2/s2200004/late_accurate,31,grok-4.20-0309-non-reasoning,sha256:2132d3760ad0d0854474d984e19bc7bf7b210c82e7889b23d0a30377f9fcc340,det-v1,1,accepted,2013,50,0.004,0.0026412500,true,false
call-000611,arm12b_cth_llm,dev/f2/s2200004/late_accurate,38,grok-4.20-0309-non-reasoning,sha256:b6b75331da90e66a63bf8ab3a34f8cfdb88175aa6b0a700806a59320eb1802c8,det-v1,1,accepted,2279,50,0.001,0.0029737500,true,false
call-000612,arm8_spec_immediate,dev/f2/s2200004/unreliable,31,grok-4.20-0309-non-reasoning,sha256:a7ad949630242add57b06c58565d0b65126cc8abf7e15d77fc9f5a8bf47253cf,det-v1,1,,2013,50,805.018,0.0026412500,false,true
call-000613,arm8_spec_immediate,dev/f2/s2200004/unreliable,31,grok-4.20-0309-non-reasoning,sha256:a7ad949630242add57b06c58565d0b65126cc8abf7e15d77fc9f5a8bf47253cf,det-v1,1,accepted,2013,50,805.018,0.0026412500,false,false
call-000614,arm8_spec_immediate,dev/f2/s2200004/unreliable,38,grok-4.20-0309-non-reasoning,sha256:3af2b3e32739d3af03193eba5a9af76af974525a4f9c0b57a5ed87a003890708,det-v1,1,,2279,50,990.957,0.0029737500,false,true
call-000615,arm8_spec_immediate,dev/f2/s2200004/unreliable,38,grok-4.20-0309-non-reasoning,sha256:3af2b3e32739d3af03193eba5a9af76af974525a4f9c0b57a5ed87a003890708,det-v1,1,accepted,2279,50,990.957,0.0029737500,false,false
call-000616,arm10_spec_eprocess,dev/f2/s2200004/unreliable,31,grok-4.20-0309-non-reasoning,sha256:a7ad949630242add57b06c58565d0b65126cc8abf7e15d77fc9f5a8bf47253cf,det-v1,1,accepted,2013,50,0.002,0.0026412500,true,false
call-000617,arm10_spec_eprocess,dev/f2/s2200004/unreliable,38,grok-4.20-0309-non-reasoning,sha256:3af2b3e32739d3af03193eba5a9af76af974525a4f9c0b57a5ed87a003890708,det-v1,1,accepted,2279,50,0.001,0.0029737500,true,false
call-000618,arm12_cth,dev/f2/s2200004/unreliable,31,grok-4.20-0309-non-reasoning,sha256:a7ad949630242add57b06c58565d0b65126cc8abf7e15d77fc9f5a8bf47253cf,det-v1,1,accepted,2013,50,0.002,0.0026412500,true,false
call-000619,arm12_cth,dev/f2/s2200004/unreliable,38,grok-4.20-0309-non-reasoning,sha256:d60c3c22c2802d134744abaa8adab146230eefac55c369aa1585c9149b30838a,det-v1,1,,2279,50,814.898,0.0029737500,false,true
call-000620,arm12_cth,dev/f2/s2200004/unreliable,38,grok-4.20-0309-non-reasoning,sha256:d60c3c22c2802d134744abaa8adab146230eefac55c369aa1585c9149b30838a,det-v1,1,accepted,2279,50,814.898,0.0029737500,false,false
call-000621,arm12b_cth_llm,dev/f2/s2200004/unreliable,31,grok-4.20-0309-non-reasoning,sha256:a7ad949630242add57b06c58565d0b65126cc8abf7e15d77fc9f5a8bf47253cf,det-v1,1,accepted,2013,50,0.002,0.0026412500,true,false
call-000622,arm12b_cth_llm,dev/f2/s2200004/unreliable,38,grok-4.20-0309-non-reasoning,sha256:3af2b3e32739d3af03193eba5a9af76af974525a4f9c0b57a5ed87a003890708,det-v1,1,accepted,2279,50,0.001,0.0029737500,true,false
call-000623,arm8_spec_immediate,cal/f2/s2200005/no_alert__twin,10,grok-4.20-0309-non-reasoning,sha256:aed04436cc5042428cf88c2c97e052db07e6c49ad219435c46efb99f4c621756,det-v1,1,,1254,59,1192.492,0.0017150000,false,true
call-000624,arm8_spec_immediate,cal/f2/s2200005/no_alert__twin,10,grok-4.20-0309-non-reasoning,sha256:aed04436cc5042428cf88c2c97e052db07e6c49ad219435c46efb99f4c621756,det-v1,1,accepted,1254,59,1192.492,0.0017150000,false,false
call-000625,arm10_spec_eprocess,cal/f2/s2200005/no_alert__twin,10,grok-4.20-0309-non-reasoning,sha256:aed04436cc5042428cf88c2c97e052db07e6c49ad219435c46efb99f4c621756,det-v1,1,accepted,1254,59,0.002,0.0017150000,true,false
call-000626,arm12_cth,cal/f2/s2200005/no_alert__twin,10,grok-4.20-0309-non-reasoning,sha256:aed04436cc5042428cf88c2c97e052db07e6c49ad219435c46efb99f4c621756,det-v1,1,accepted,1254,59,0.002,0.0017150000,true,false
call-000627,arm12b_cth_llm,cal/f2/s2200005/no_alert__twin,10,grok-4.20-0309-non-reasoning,sha256:aed04436cc5042428cf88c2c97e052db07e6c49ad219435c46efb99f4c621756,det-v1,1,accepted,1254,59,0.002,0.0017150000,true,false
call-000628,arm8_spec_immediate,dev/f2/s2200006/no_alert,25,grok-4.20-0309-non-reasoning,sha256:c9ba4c629e7a153ebed0b2cc98a3b9941c333feaca10a219fea75879b1ef0749,det-v1,1,,1785,79,1150.150,0.0024287500,false,true
call-000629,arm8_spec_immediate,dev/f2/s2200006/no_alert,25,grok-4.20-0309-non-reasoning,sha256:c9ba4c629e7a153ebed0b2cc98a3b9941c333feaca10a219fea75879b1ef0749,det-v1,1,accepted,1785,79,1150.150,0.0024287500,false,false
call-000630,arm8_spec_immediate,dev/f2/s2200006/no_alert,32,grok-4.20-0309-non-reasoning,sha256:d9e75a1668bdddeecf4adc3dc0c5a47886b871c93bab1f4975bb2d15b1143de7,det-v1,1,,2051,50,1979.462,0.0026887500,false,true
call-000631,arm8_spec_immediate,dev/f2/s2200006/no_alert,32,grok-4.20-0309-non-reasoning,sha256:d9e75a1668bdddeecf4adc3dc0c5a47886b871c93bab1f4975bb2d15b1143de7,det-v1,1,accepted,2051,50,1979.462,0.0026887500,false,false
call-000632,arm10_spec_eprocess,dev/f2/s2200006/no_alert,25,grok-4.20-0309-non-reasoning,sha256:c9ba4c629e7a153ebed0b2cc98a3b9941c333feaca10a219fea75879b1ef0749,det-v1,1,accepted,1785,79,0.002,0.0024287500,true,false
call-000633,arm10_spec_eprocess,dev/f2/s2200006/no_alert,32,grok-4.20-0309-non-reasoning,sha256:a36dc7f1f49561f3fea23c2e80e7a14649ea47f76be9c3c98a29f9c607257081,det-v1,1,,2051,87,1468.367,0.0027812500,false,true
call-000634,arm10_spec_eprocess,dev/f2/s2200006/no_alert,32,grok-4.20-0309-non-reasoning,sha256:a36dc7f1f49561f3fea23c2e80e7a14649ea47f76be9c3c98a29f9c607257081,det-v1,1,accepted,2051,87,1468.367,0.0027812500,false,false
call-000635,arm12_cth,dev/f2/s2200006/no_alert,25,grok-4.20-0309-non-reasoning,sha256:c9ba4c629e7a153ebed0b2cc98a3b9941c333feaca10a219fea75879b1ef0749,det-v1,1,accepted,1785,79,0.003,0.0024287500,true,false
call-000636,arm12_cth,dev/f2/s2200006/no_alert,32,grok-4.20-0309-non-reasoning,sha256:fec09877e598c73b640253fea2b7be51a678d6588d5cc3143ce8f649d5df433e,det-v1,1,,2051,91,1148.942,0.0027912500,false,true
call-000637,arm12_cth,dev/f2/s2200006/no_alert,32,grok-4.20-0309-non-reasoning,sha256:fec09877e598c73b640253fea2b7be51a678d6588d5cc3143ce8f649d5df433e,det-v1,1,accepted,2051,91,1148.942,0.0027912500,false,false
call-000638,arm12b_cth_llm,dev/f2/s2200006/no_alert,25,grok-4.20-0309-non-reasoning,sha256:c9ba4c629e7a153ebed0b2cc98a3b9941c333feaca10a219fea75879b1ef0749,det-v1,1,accepted,1785,79,0.002,0.0024287500,true,false
call-000639,arm12b_cth_llm,dev/f2/s2200006/no_alert,32,grok-4.20-0309-non-reasoning,sha256:dbbf335ee0d1be0146a37270a19a59010ae386b6eca573e8feb7fe2fbc1309d4,det-v1,1,,2051,99,1194.593,0.0028112500,false,true
call-000640,arm12b_cth_llm,dev/f2/s2200006/no_alert,32,grok-4.20-0309-non-reasoning,sha256:dbbf335ee0d1be0146a37270a19a59010ae386b6eca573e8feb7fe2fbc1309d4,det-v1,1,accepted,2051,99,1194.593,0.0028112500,false,false
call-000641,arm8_spec_immediate,dev/f2/s2200006/early_accurate,25,grok-4.20-0309-non-reasoning,sha256:93a31e6816bcd52e8e3a531e922f0ed64cdfad4c52b9e6fed25a430d163f00c1,det-v1,1,,1785,50,778.701,0.0023562500,false,true
call-000642,arm8_spec_immediate,dev/f2/s2200006/early_accurate,25,grok-4.20-0309-non-reasoning,sha256:93a31e6816bcd52e8e3a531e922f0ed64cdfad4c52b9e6fed25a430d163f00c1,det-v1,1,accepted,1785,50,778.701,0.0023562500,false,false
call-000643,arm8_spec_immediate,dev/f2/s2200006/early_accurate,32,grok-4.20-0309-non-reasoning,sha256:e4952d4c00a6d4284bc67f38a536f223d8a27b4249587cb0bb6c799330863960,det-v1,1,,2051,95,1294.492,0.0028012500,false,true
call-000644,arm8_spec_immediate,dev/f2/s2200006/early_accurate,32,grok-4.20-0309-non-reasoning,sha256:e4952d4c00a6d4284bc67f38a536f223d8a27b4249587cb0bb6c799330863960,det-v1,1,accepted,2051,95,1294.492,0.0028012500,false,false
call-000645,arm10_spec_eprocess,dev/f2/s2200006/early_accurate,25,grok-4.20-0309-non-reasoning,sha256:93a31e6816bcd52e8e3a531e922f0ed64cdfad4c52b9e6fed25a430d163f00c1,det-v1,1,accepted,1785,50,0.002,0.0023562500,true,false
call-000646,arm10_spec_eprocess,dev/f2/s2200006/early_accurate,32,grok-4.20-0309-non-reasoning,sha256:e4952d4c00a6d4284bc67f38a536f223d8a27b4249587cb0bb6c799330863960,det-v1,1,accepted,2051,95,0.001,0.0028012500,true,false
call-000647,arm12_cth,dev/f2/s2200006/early_accurate,25,grok-4.20-0309-non-reasoning,sha256:93a31e6816bcd52e8e3a531e922f0ed64cdfad4c52b9e6fed25a430d163f00c1,det-v1,1,accepted,1785,50,0.002,0.0023562500,true,false
call-000648,arm12_cth,dev/f2/s2200006/early_accurate,32,grok-4.20-0309-non-reasoning,sha256:4f72dbdf8a5485c8f9a5f56d8f8a7cb82cafc86179efeaf3f42efabfbac04367,det-v1,1,,2051,95,1295.825,0.0028012500,false,true
call-000649,arm12_cth,dev/f2/s2200006/early_accurate,32,grok-4.20-0309-non-reasoning,sha256:4f72dbdf8a5485c8f9a5f56d8f8a7cb82cafc86179efeaf3f42efabfbac04367,det-v1,1,accepted,2051,95,1295.825,0.0028012500,false,false
call-000650,arm12b_cth_llm,dev/f2/s2200006/early_accurate,25,grok-4.20-0309-non-reasoning,sha256:93a31e6816bcd52e8e3a531e922f0ed64cdfad4c52b9e6fed25a430d163f00c1,det-v1,1,accepted,1785,50,0.002,0.0023562500,true,false
call-000651,arm12b_cth_llm,dev/f2/s2200006/early_accurate,32,grok-4.20-0309-non-reasoning,sha256:e4952d4c00a6d4284bc67f38a536f223d8a27b4249587cb0bb6c799330863960,det-v1,1,accepted,2051,95,0.002,0.0028012500,true,false
call-000652,arm8_spec_immediate,dev/f2/s2200006/late_accurate,25,grok-4.20-0309-non-reasoning,sha256:f00acbb0f707f225b3f8056dba0eb743cace16c9dea833e55d68ee5a1d6f944c,det-v1,1,,1785,79,1270.905,0.0024287500,false,true
call-000653,arm8_spec_immediate,dev/f2/s2200006/late_accurate,25,grok-4.20-0309-non-reasoning,sha256:f00acbb0f707f225b3f8056dba0eb743cace16c9dea833e55d68ee5a1d6f944c,det-v1,1,accepted,1785,79,1270.905,0.0024287500,false,false
call-000654,arm8_spec_immediate,dev/f2/s2200006/late_accurate,32,grok-4.20-0309-non-reasoning,sha256:22d878adef886b917f2b4b935451b3fbe09a23009e64b948d690dc2eca89dbc8,det-v1,1,,2051,50,830.178,0.0026887500,false,true
call-000655,arm8_spec_immediate,dev/f2/s2200006/late_accurate,32,grok-4.20-0309-non-reasoning,sha256:22d878adef886b917f2b4b935451b3fbe09a23009e64b948d690dc2eca89dbc8,det-v1,1,accepted,2051,50,830.178,0.0026887500,false,false
call-000656,arm10_spec_eprocess,dev/f2/s2200006/late_accurate,25,grok-4.20-0309-non-reasoning,sha256:f00acbb0f707f225b3f8056dba0eb743cace16c9dea833e55d68ee5a1d6f944c,det-v1,1,accepted,1785,79,0.002,0.0024287500,true,false
call-000657,arm10_spec_eprocess,dev/f2/s2200006/late_accurate,32,grok-4.20-0309-non-reasoning,sha256:db9db3104c4722e66e940e43d42e3981733b8144fcc88d2528138680a7368879,det-v1,1,,2051,87,1077.814,0.0027812500,false,true
call-000658,arm10_spec_eprocess,dev/f2/s2200006/late_accurate,32,grok-4.20-0309-non-reasoning,sha256:db9db3104c4722e66e940e43d42e3981733b8144fcc88d2528138680a7368879,det-v1,1,accepted,2051,87,1077.814,0.0027812500,false,false
call-000659,arm12_cth,dev/f2/s2200006/late_accurate,25,grok-4.20-0309-non-reasoning,sha256:f00acbb0f707f225b3f8056dba0eb743cace16c9dea833e55d68ee5a1d6f944c,det-v1,1,accepted,1785,79,0.002,0.0024287500,true,false
call-000660,arm12_cth,dev/f2/s2200006/late_accurate,32,grok-4.20-0309-non-reasoning,sha256:76bb7b7a696b35eac18407ecde6fd4b7b92f155ec1bba4104572a600abc49756,det-v1,1,,2051,91,1270.499,0.0027912500,false,true
call-000661,arm12_cth,dev/f2/s2200006/late_accurate,32,grok-4.20-0309-non-reasoning,sha256:76bb7b7a696b35eac18407ecde6fd4b7b92f155ec1bba4104572a600abc49756,det-v1,1,accepted,2051,91,1270.499,0.0027912500,false,false
call-000662,arm12b_cth_llm,dev/f2/s2200006/late_accurate,25,grok-4.20-0309-non-reasoning,sha256:f00acbb0f707f225b3f8056dba0eb743cace16c9dea833e55d68ee5a1d6f944c,det-v1,1,accepted,1785,79,0.002,0.0024287500,true,false
call-000663,arm12b_cth_llm,dev/f2/s2200006/late_accurate,32,grok-4.20-0309-non-reasoning,sha256:56a867647748722c3ec51d81d4d16c58543f929ecaf447473041792fa001fbbb,det-v1,1,,2051,50,909.347,0.0026887500,false,true
call-000664,arm12b_cth_llm,dev/f2/s2200006/late_accurate,32,grok-4.20-0309-non-reasoning,sha256:56a867647748722c3ec51d81d4d16c58543f929ecaf447473041792fa001fbbb,det-v1,1,accepted,2051,50,909.347,0.0026887500,false,false
call-000665,arm8_spec_immediate,dev/f2/s2200006/unreliable,25,grok-4.20-0309-non-reasoning,sha256:48f663005c96196ae94a46d0b10636dabecce255d5a00ce3c00e08cb400e4c1a,det-v1,1,,1785,79,1004.282,0.0024287500,false,true
call-000666,arm8_spec_immediate,dev/f2/s2200006/unreliable,25,grok-4.20-0309-non-reasoning,sha256:48f663005c96196ae94a46d0b10636dabecce255d5a00ce3c00e08cb400e4c1a,det-v1,1,accepted,1785,79,1004.282,0.0024287500,false,false
call-000667,arm8_spec_immediate,dev/f2/s2200006/unreliable,32,grok-4.20-0309-non-reasoning,sha256:3e5df08b97ee494fb078c5f69f8a587fcc866513552454350fb93854c3a5e224,det-v1,1,,2051,50,1329.436,0.0026887500,false,true
call-000668,arm8_spec_immediate,dev/f2/s2200006/unreliable,32,grok-4.20-0309-non-reasoning,sha256:3e5df08b97ee494fb078c5f69f8a587fcc866513552454350fb93854c3a5e224,det-v1,1,accepted,2051,50,1329.436,0.0026887500,false,false
call-000669,arm10_spec_eprocess,dev/f2/s2200006/unreliable,25,grok-4.20-0309-non-reasoning,sha256:48f663005c96196ae94a46d0b10636dabecce255d5a00ce3c00e08cb400e4c1a,det-v1,1,accepted,1785,79,0.002,0.0024287500,true,false
call-000670,arm10_spec_eprocess,dev/f2/s2200006/unreliable,32,grok-4.20-0309-non-reasoning,sha256:b8caa63780c21e9ec1b991a09f3bf02e1cd9d156c086cd697598f354492c13c4,det-v1,1,,2051,50,814.565,0.0026887500,false,true
call-000671,arm10_spec_eprocess,dev/f2/s2200006/unreliable,32,grok-4.20-0309-non-reasoning,sha256:b8caa63780c21e9ec1b991a09f3bf02e1cd9d156c086cd697598f354492c13c4,det-v1,1,accepted,2051,50,814.565,0.0026887500,false,false
call-000672,arm12_cth,dev/f2/s2200006/unreliable,25,grok-4.20-0309-non-reasoning,sha256:48f663005c96196ae94a46d0b10636dabecce255d5a00ce3c00e08cb400e4c1a,det-v1,1,accepted,1785,79,0.002,0.0024287500,true,false
call-000673,arm12_cth,dev/f2/s2200006/unreliable,32,grok-4.20-0309-non-reasoning,sha256:c2f0a47201569fd6bad18c5b59225a72871058189e24fc69aeab6a88663c3a62,det-v1,1,,2051,91,1270.733,0.0027912500,false,true
call-000674,arm12_cth,dev/f2/s2200006/unreliable,32,grok-4.20-0309-non-reasoning,sha256:c2f0a47201569fd6bad18c5b59225a72871058189e24fc69aeab6a88663c3a62,det-v1,1,accepted,2051,91,1270.733,0.0027912500,false,false
call-000675,arm12b_cth_llm,dev/f2/s2200006/unreliable,25,grok-4.20-0309-non-reasoning,sha256:48f663005c96196ae94a46d0b10636dabecce255d5a00ce3c00e08cb400e4c1a,det-v1,1,accepted,1785,79,0.002,0.0024287500,true,false
call-000676,arm12b_cth_llm,dev/f2/s2200006/unreliable,32,grok-4.20-0309-non-reasoning,sha256:6e508571cfc1eea4d997c84307f076d21e8654d710889cebaa78df7daa251492,det-v1,1,,2051,50,879.642,0.0026887500,false,true
call-000677,arm12b_cth_llm,dev/f2/s2200006/unreliable,32,grok-4.20-0309-non-reasoning,sha256:6e508571cfc1eea4d997c84307f076d21e8654d710889cebaa78df7daa251492,det-v1,1,accepted,2051,50,879.642,0.0026887500,false,false
call-000678,arm8_spec_immediate,dev/f2/s2200006/no_alert__twin,10,grok-4.20-0309-non-reasoning,sha256:1ba59e4fe6533a7c5e455a34d46e12556b724d341cc42d8f6d31440f87afac2c,det-v1,1,,1253,86,1115.796,0.0017812500,false,true
call-000679,arm8_spec_immediate,dev/f2/s2200006/no_alert__twin,10,grok-4.20-0309-non-reasoning,sha256:1ba59e4fe6533a7c5e455a34d46e12556b724d341cc42d8f6d31440f87afac2c,det-v1,1,accepted,1253,86,1115.796,0.0017812500,false,false
call-000680,arm10_spec_eprocess,dev/f2/s2200006/no_alert__twin,10,grok-4.20-0309-non-reasoning,sha256:1ba59e4fe6533a7c5e455a34d46e12556b724d341cc42d8f6d31440f87afac2c,det-v1,1,accepted,1253,86,0.002,0.0017812500,true,false
call-000681,arm12_cth,dev/f2/s2200006/no_alert__twin,10,grok-4.20-0309-non-reasoning,sha256:1ba59e4fe6533a7c5e455a34d46e12556b724d341cc42d8f6d31440f87afac2c,det-v1,1,accepted,1253,86,0.002,0.0017812500,true,false
call-000682,arm12b_cth_llm,dev/f2/s2200006/no_alert__twin,10,grok-4.20-0309-non-reasoning,sha256:1ba59e4fe6533a7c5e455a34d46e12556b724d341cc42d8f6d31440f87afac2c,det-v1,1,accepted,1253,86,0.002,0.0017812500,true,false
call-000683,arm8_spec_immediate,cal/f2/s2200007/no_alert,29,grok-4.20-0309-non-reasoning,sha256:eeb0fea37851d3c251fd7a7374b49c8c8721289f6218760d0cc3609a123d9f7c,det-v1,1,,1937,103,1133.707,0.0026787500,false,true
call-000684,arm8_spec_immediate,cal/f2/s2200007/no_alert,29,grok-4.20-0309-non-reasoning,sha256:eeb0fea37851d3c251fd7a7374b49c8c8721289f6218760d0cc3609a123d9f7c,det-v1,1,accepted,1937,103,1133.707,0.0026787500,false,false
call-000685,arm8_spec_immediate,cal/f2/s2200007/no_alert,37,grok-4.20-0309-non-reasoning,sha256:640c97421507baa10e47459fcde92624c77ca699ec5988a8c9667dcf74bcc398,det-v1,1,,2241,76,3530.159,0.0029912500,false,true
call-000686,arm8_spec_immediate,cal/f2/s2200007/no_alert,37,grok-4.20-0309-non-reasoning,sha256:640c97421507baa10e47459fcde92624c77ca699ec5988a8c9667dcf74bcc398,det-v1,1,accepted,2241,76,3530.159,0.0029912500,false,false
call-000687,arm10_spec_eprocess,cal/f2/s2200007/no_alert,29,grok-4.20-0309-non-reasoning,sha256:eeb0fea37851d3c251fd7a7374b49c8c8721289f6218760d0cc3609a123d9f7c,det-v1,1,accepted,1937,103,0.002,0.0026787500,true,false
call-000688,arm10_spec_eprocess,cal/f2/s2200007/no_alert,37,grok-4.20-0309-non-reasoning,sha256:7302bd592816412c2b48fd5dde655f96255e8e6fd03d8d75935a899d96ddc354,det-v1,1,,2241,50,825.241,0.0029262500,false,true
call-000689,arm10_spec_eprocess,cal/f2/s2200007/no_alert,37,grok-4.20-0309-non-reasoning,sha256:7302bd592816412c2b48fd5dde655f96255e8e6fd03d8d75935a899d96ddc354,det-v1,1,accepted,2241,50,825.241,0.0029262500,false,false
call-000690,arm12_cth,cal/f2/s2200007/no_alert,29,grok-4.20-0309-non-reasoning,sha256:eeb0fea37851d3c251fd7a7374b49c8c8721289f6218760d0cc3609a123d9f7c,det-v1,1,accepted,1937,103,0.002,0.0026787500,true,false
call-000691,arm12_cth,cal/f2/s2200007/no_alert,37,grok-4.20-0309-non-reasoning,sha256:8527957e91af8643b9b8ebe2b2d8b4832db362f4d440b97d8ef53e76886b1c4b,det-v1,1,,2241,50,907.902,0.0029262500,false,true
call-000692,arm12_cth,cal/f2/s2200007/no_alert,37,grok-4.20-0309-non-reasoning,sha256:8527957e91af8643b9b8ebe2b2d8b4832db362f4d440b97d8ef53e76886b1c4b,det-v1,1,accepted,2241,50,907.902,0.0029262500,false,false
call-000693,arm12b_cth_llm,cal/f2/s2200007/no_alert,29,grok-4.20-0309-non-reasoning,sha256:eeb0fea37851d3c251fd7a7374b49c8c8721289f6218760d0cc3609a123d9f7c,det-v1,1,accepted,1937,103,0.002,0.0026787500,true,false
call-000694,arm12b_cth_llm,cal/f2/s2200007/no_alert,37,grok-4.20-0309-non-reasoning,sha256:60b6e0c4667b8a8805665f504a8449b078a0befcb4687ed9200e3e254b167371,det-v1,1,,2241,50,826.877,0.0029262500,false,true
call-000695,arm12b_cth_llm,cal/f2/s2200007/no_alert,37,grok-4.20-0309-non-reasoning,sha256:60b6e0c4667b8a8805665f504a8449b078a0befcb4687ed9200e3e254b167371,det-v1,1,accepted,2241,50,826.877,0.0029262500,false,false
call-000696,arm8_spec_immediate,cal/f2/s2200007/early_accurate,29,grok-4.20-0309-non-reasoning,sha256:6f6ee0352701e10ad99c93dbcc4eb73fbd3bfe5b7d95347feeed4f95312cbd5b,det-v1,1,,1937,50,1166.572,0.0025462500,false,true
call-000697,arm8_spec_immediate,cal/f2/s2200007/early_accurate,29,grok-4.20-0309-non-reasoning,sha256:6f6ee0352701e10ad99c93dbcc4eb73fbd3bfe5b7d95347feeed4f95312cbd5b,det-v1,1,accepted,1937,50,1166.572,0.0025462500,false,false
call-000698,arm8_spec_immediate,cal/f2/s2200007/early_accurate,37,grok-4.20-0309-non-reasoning,sha256:66a928be4dfc9a30f12285874e20b137176e6db3758cf3b1f2ae72dc390ced62,det-v1,1,,2241,50,814.569,0.0029262500,false,true
call-000699,arm8_spec_immediate,cal/f2/s2200007/early_accurate,37,grok-4.20-0309-non-reasoning,sha256:66a928be4dfc9a30f12285874e20b137176e6db3758cf3b1f2ae72dc390ced62,det-v1,1,accepted,2241,50,814.569,0.0029262500,false,false
call-000700,arm10_spec_eprocess,cal/f2/s2200007/early_accurate,29,grok-4.20-0309-non-reasoning,sha256:6f6ee0352701e10ad99c93dbcc4eb73fbd3bfe5b7d95347feeed4f95312cbd5b,det-v1,1,accepted,1937,50,0.002,0.0025462500,true,false
call-000701,arm10_spec_eprocess,cal/f2/s2200007/early_accurate,37,grok-4.20-0309-non-reasoning,sha256:66a928be4dfc9a30f12285874e20b137176e6db3758cf3b1f2ae72dc390ced62,det-v1,1,accepted,2241,50,0.002,0.0029262500,true,false
call-000702,arm12_cth,cal/f2/s2200007/early_accurate,29,grok-4.20-0309-non-reasoning,sha256:6f6ee0352701e10ad99c93dbcc4eb73fbd3bfe5b7d95347feeed4f95312cbd5b,det-v1,1,accepted,1937,50,0.002,0.0025462500,true,false
call-000703,arm12_cth,cal/f2/s2200007/early_accurate,37,grok-4.20-0309-non-reasoning,sha256:c27d3d0e8f1d8473056424daf13152f7071c0efa4cbc72b8df52b00b945f4765,det-v1,1,,2241,127,1377.447,0.0031187500,false,true
call-000704,arm12_cth,cal/f2/s2200007/early_accurate,37,grok-4.20-0309-non-reasoning,sha256:c27d3d0e8f1d8473056424daf13152f7071c0efa4cbc72b8df52b00b945f4765,det-v1,1,accepted,2241,127,1377.447,0.0031187500,false,false
call-000705,arm12b_cth_llm,cal/f2/s2200007/early_accurate,29,grok-4.20-0309-non-reasoning,sha256:6f6ee0352701e10ad99c93dbcc4eb73fbd3bfe5b7d95347feeed4f95312cbd5b,det-v1,1,accepted,1937,50,0.002,0.0025462500,true,false
call-000706,arm12b_cth_llm,cal/f2/s2200007/early_accurate,37,grok-4.20-0309-non-reasoning,sha256:66a928be4dfc9a30f12285874e20b137176e6db3758cf3b1f2ae72dc390ced62,det-v1,1,accepted,2241,50,0.002,0.0029262500,true,false
call-000707,arm8_spec_immediate,cal/f2/s2200007/late_accurate,29,grok-4.20-0309-non-reasoning,sha256:684fcea5c70297aff72e4777d30df90d870b0002102ce64cf1ff69367638a964,det-v1,1,,1937,50,872.509,0.0025462500,false,true
call-000708,arm8_spec_immediate,cal/f2/s2200007/late_accurate,29,grok-4.20-0309-non-reasoning,sha256:684fcea5c70297aff72e4777d30df90d870b0002102ce64cf1ff69367638a964,det-v1,1,accepted,1937,50,872.509,0.0025462500,false,false
call-000709,arm8_spec_immediate,cal/f2/s2200007/late_accurate,37,grok-4.20-0309-non-reasoning,sha256:cbda6cbde1abad5501ec60dd380f82c2adb28882cd3a7228a9acb91e7b29805f,det-v1,1,,2241,50,937.815,0.0029262500,false,true
call-000710,arm8_spec_immediate,cal/f2/s2200007/late_accurate,37,grok-4.20-0309-non-reasoning,sha256:cbda6cbde1abad5501ec60dd380f82c2adb28882cd3a7228a9acb91e7b29805f,det-v1,1,accepted,2241,50,937.815,0.0029262500,false,false
call-000711,arm10_spec_eprocess,cal/f2/s2200007/late_accurate,29,grok-4.20-0309-non-reasoning,sha256:684fcea5c70297aff72e4777d30df90d870b0002102ce64cf1ff69367638a964,det-v1,1,accepted,1937,50,0.002,0.0025462500,true,false
call-000712,arm10_spec_eprocess,cal/f2/s2200007/late_accurate,37,grok-4.20-0309-non-reasoning,sha256:cbda6cbde1abad5501ec60dd380f82c2adb28882cd3a7228a9acb91e7b29805f,det-v1,1,accepted,2241,50,0.001,0.0029262500,true,false
call-000713,arm12_cth,cal/f2/s2200007/late_accurate,29,grok-4.20-0309-non-reasoning,sha256:684fcea5c70297aff72e4777d30df90d870b0002102ce64cf1ff69367638a964,det-v1,1,accepted,1937,50,0.002,0.0025462500,true,false
call-000714,arm12_cth,cal/f2/s2200007/late_accurate,37,grok-4.20-0309-non-reasoning,sha256:be043934a846adf90329a4fc4d58d7507e014814d1c02eef8af320489ba44bf3,det-v1,1,,2241,50,873.019,0.0029262500,false,true
call-000715,arm12_cth,cal/f2/s2200007/late_accurate,37,grok-4.20-0309-non-reasoning,sha256:be043934a846adf90329a4fc4d58d7507e014814d1c02eef8af320489ba44bf3,det-v1,1,accepted,2241,50,873.019,0.0029262500,false,false
call-000716,arm12b_cth_llm,cal/f2/s2200007/late_accurate,29,grok-4.20-0309-non-reasoning,sha256:684fcea5c70297aff72e4777d30df90d870b0002102ce64cf1ff69367638a964,det-v1,1,accepted,1937,50,0.002,0.0025462500,true,false
call-000717,arm12b_cth_llm,cal/f2/s2200007/late_accurate,37,grok-4.20-0309-non-reasoning,sha256:cbda6cbde1abad5501ec60dd380f82c2adb28882cd3a7228a9acb91e7b29805f,det-v1,1,accepted,2241,50,0.001,0.0029262500,true,false
call-000718,arm8_spec_immediate,cal/f2/s2200007/unreliable,29,grok-4.20-0309-non-reasoning,sha256:cdc4572d1c58d224d845a6ebf775f96387133c74adf46b2d6e97f8a0e5c0eee3,det-v1,1,,1937,103,1287.340,0.0026787500,false,true
call-000719,arm8_spec_immediate,cal/f2/s2200007/unreliable,29,grok-4.20-0309-non-reasoning,sha256:cdc4572d1c58d224d845a6ebf775f96387133c74adf46b2d6e97f8a0e5c0eee3,det-v1,1,accepted,1937,103,1287.340,0.0026787500,false,false
call-000720,arm8_spec_immediate,cal/f2/s2200007/unreliable,37,grok-4.20-0309-non-reasoning,sha256:d32e97bbc1038272a881e19bb8bcbd0484a69ba121f697619cfd5e053033edef,det-v1,1,,2241,50,930.208,0.0029262500,false,true
call-000721,arm8_spec_immediate,cal/f2/s2200007/unreliable,37,grok-4.20-0309-non-reasoning,sha256:d32e97bbc1038272a881e19bb8bcbd0484a69ba121f697619cfd5e053033edef,det-v1,1,accepted,2241,50,930.208,0.0029262500,false,false
call-000722,arm10_spec_eprocess,cal/f2/s2200007/unreliable,29,grok-4.20-0309-non-reasoning,sha256:cdc4572d1c58d224d845a6ebf775f96387133c74adf46b2d6e97f8a0e5c0eee3,det-v1,1,accepted,1937,103,0.002,0.0026787500,true,false
call-000723,arm10_spec_eprocess,cal/f2/s2200007/unreliable,37,grok-4.20-0309-non-reasoning,sha256:1493f3eda82fa04bac34239b4ec3f1084e5c5b0f3c43529f86ecd8c6c581be2c,det-v1,1,,2241,127,1194.065,0.0031187500,false,true
call-000724,arm10_spec_eprocess,cal/f2/s2200007/unreliable,37,grok-4.20-0309-non-reasoning,sha256:1493f3eda82fa04bac34239b4ec3f1084e5c5b0f3c43529f86ecd8c6c581be2c,det-v1,1,accepted,2241,127,1194.065,0.0031187500,false,false
call-000725,arm12_cth,cal/f2/s2200007/unreliable,29,grok-4.20-0309-non-reasoning,sha256:cdc4572d1c58d224d845a6ebf775f96387133c74adf46b2d6e97f8a0e5c0eee3,det-v1,1,accepted,1937,103,0.002,0.0026787500,true,false
call-000726,arm12_cth,cal/f2/s2200007/unreliable,37,grok-4.20-0309-non-reasoning,sha256:415f0429b3aa2d2064b39fbf84872a1e66bbdcba8a1d36e458fdc6eabf3bb780,det-v1,1,,2241,50,1371.470,0.0029262500,false,true
call-000727,arm12_cth,cal/f2/s2200007/unreliable,37,grok-4.20-0309-non-reasoning,sha256:415f0429b3aa2d2064b39fbf84872a1e66bbdcba8a1d36e458fdc6eabf3bb780,det-v1,1,accepted,2241,50,1371.470,0.0029262500,false,false
call-000728,arm12b_cth_llm,cal/f2/s2200007/unreliable,29,grok-4.20-0309-non-reasoning,sha256:cdc4572d1c58d224d845a6ebf775f96387133c74adf46b2d6e97f8a0e5c0eee3,det-v1,1,accepted,1937,103,0.002,0.0026787500,true,false
call-000729,arm12b_cth_llm,cal/f2/s2200007/unreliable,37,grok-4.20-0309-non-reasoning,sha256:af7f8cae7e66dff0d3d9b4a5678bdfeb97715f184f09d86d34b4125a1d5b7703,det-v1,1,,2241,50,799.406,0.0029262500,false,true
call-000730,arm12b_cth_llm,cal/f2/s2200007/unreliable,37,grok-4.20-0309-non-reasoning,sha256:af7f8cae7e66dff0d3d9b4a5678bdfeb97715f184f09d86d34b4125a1d5b7703,det-v1,1,accepted,2241,50,799.406,0.0029262500,false,false
call-000731,arm8_spec_immediate,dev/f3/s3200000/early_accurate,13,grok-4.20-0309-non-reasoning,sha256:c0c4311dbc99b2b3bf4ffc41864e00cae0351690afeb62ceae444248b7150ffc,det-v1,1,,1369,88,1118.587,0.0019312500,false,true
call-000732,arm8_spec_immediate,dev/f3/s3200000/early_accurate,13,grok-4.20-0309-non-reasoning,sha256:c0c4311dbc99b2b3bf4ffc41864e00cae0351690afeb62ceae444248b7150ffc,det-v1,1,accepted,1369,88,1118.587,0.0019312500,false,false
call-000733,arm10_spec_eprocess,dev/f3/s3200000/early_accurate,13,grok-4.20-0309-non-reasoning,sha256:c0c4311dbc99b2b3bf4ffc41864e00cae0351690afeb62ceae444248b7150ffc,det-v1,1,accepted,1369,88,0.002,0.0019312500,true,false
call-000734,arm12_cth,dev/f3/s3200000/early_accurate,13,grok-4.20-0309-non-reasoning,sha256:c0c4311dbc99b2b3bf4ffc41864e00cae0351690afeb62ceae444248b7150ffc,det-v1,1,accepted,1369,88,0.002,0.0019312500,true,false
call-000735,arm12b_cth_llm,dev/f3/s3200000/early_accurate,13,grok-4.20-0309-non-reasoning,sha256:c0c4311dbc99b2b3bf4ffc41864e00cae0351690afeb62ceae444248b7150ffc,det-v1,1,accepted,1369,88,0.002,0.0019312500,true,false
call-000736,arm8_spec_immediate,dev/f3/s3200000/late_accurate,16,grok-4.20-0309-non-reasoning,sha256:7cd50bd0760c7b6dcec25e060c956ed665fdd7fa5f171fa4afe61d5358c935c3,det-v1,1,,1483,94,1060.926,0.0020887500,false,true
call-000737,arm8_spec_immediate,dev/f3/s3200000/late_accurate,16,grok-4.20-0309-non-reasoning,sha256:7cd50bd0760c7b6dcec25e060c956ed665fdd7fa5f171fa4afe61d5358c935c3,det-v1,1,accepted,1483,94,1060.926,0.0020887500,false,false
call-000738,arm10_spec_eprocess,dev/f3/s3200000/late_accurate,16,grok-4.20-0309-non-reasoning,sha256:7cd50bd0760c7b6dcec25e060c956ed665fdd7fa5f171fa4afe61d5358c935c3,det-v1,1,accepted,1483,94,0.002,0.0020887500,true,false
call-000739,arm12_cth,dev/f3/s3200000/late_accurate,16,grok-4.20-0309-non-reasoning,sha256:7cd50bd0760c7b6dcec25e060c956ed665fdd7fa5f171fa4afe61d5358c935c3,det-v1,1,accepted,1483,94,0.002,0.0020887500,true,false
call-000740,arm12b_cth_llm,dev/f3/s3200000/late_accurate,16,grok-4.20-0309-non-reasoning,sha256:7cd50bd0760c7b6dcec25e060c956ed665fdd7fa5f171fa4afe61d5358c935c3,det-v1,1,accepted,1483,94,0.002,0.0020887500,true,false
call-000741,arm8_spec_immediate,dev/f3/s3200000/unreliable,13,grok-4.20-0309-non-reasoning,sha256:65701c9a9e3acdc1b4a54da1d07befc8efed67a5c056e9fe55204acdfa76a311,det-v1,1,,1356,76,998.882,0.0018850000,false,true
call-000742,arm8_spec_immediate,dev/f3/s3200000/unreliable,13,grok-4.20-0309-non-reasoning,sha256:65701c9a9e3acdc1b4a54da1d07befc8efed67a5c056e9fe55204acdfa76a311,det-v1,1,accepted,1356,76,998.882,0.0018850000,false,false
call-000743,arm10_spec_eprocess,dev/f3/s3200000/unreliable,13,grok-4.20-0309-non-reasoning,sha256:65701c9a9e3acdc1b4a54da1d07befc8efed67a5c056e9fe55204acdfa76a311,det-v1,1,accepted,1356,76,0.002,0.0018850000,true,false
call-000744,arm12_cth,dev/f3/s3200000/unreliable,13,grok-4.20-0309-non-reasoning,sha256:65701c9a9e3acdc1b4a54da1d07befc8efed67a5c056e9fe55204acdfa76a311,det-v1,1,accepted,1356,76,0.002,0.0018850000,true,false
call-000745,arm12b_cth_llm,dev/f3/s3200000/unreliable,13,grok-4.20-0309-non-reasoning,sha256:65701c9a9e3acdc1b4a54da1d07befc8efed67a5c056e9fe55204acdfa76a311,det-v1,1,accepted,1356,76,0.002,0.0018850000,true,false
call-000746,arm8_spec_immediate,cal/f3/s3200001/early_accurate,15,grok-4.20-0309-non-reasoning,sha256:ffccf734f00e6eb2ff0cb437b6bf4d72ecb979e3157eb5ff7efcda2437635795,det-v1,1,,1444,76,901.936,0.0019950000,false,true
call-000747,arm8_spec_immediate,cal/f3/s3200001/early_accurate,15,grok-4.20-0309-non-reasoning,sha256:ffccf734f00e6eb2ff0cb437b6bf4d72ecb979e3157eb5ff7efcda2437635795,det-v1,1,accepted,1444,76,901.936,0.0019950000,false,false
call-000748,arm10_spec_eprocess,cal/f3/s3200001/early_accurate,15,grok-4.20-0309-non-reasoning,sha256:ffccf734f00e6eb2ff0cb437b6bf4d72ecb979e3157eb5ff7efcda2437635795,det-v1,1,accepted,1444,76,0.002,0.0019950000,true,false
call-000749,arm12_cth,cal/f3/s3200001/early_accurate,15,grok-4.20-0309-non-reasoning,sha256:ffccf734f00e6eb2ff0cb437b6bf4d72ecb979e3157eb5ff7efcda2437635795,det-v1,1,accepted,1444,76,0.002,0.0019950000,true,false
call-000750,arm12b_cth_llm,cal/f3/s3200001/early_accurate,15,grok-4.20-0309-non-reasoning,sha256:ffccf734f00e6eb2ff0cb437b6bf4d72ecb979e3157eb5ff7efcda2437635795,det-v1,1,accepted,1444,76,0.002,0.0019950000,true,false
call-000751,arm8_spec_immediate,cal/f3/s3200001/late_accurate,18,grok-4.20-0309-non-reasoning,sha256:9c965924826fd99f67ebab5063b98755b52d7db1804cf14cfa3eae2a5318e50d,det-v1,1,,1558,68,1039.460,0.0021175000,false,true
call-000752,arm8_spec_immediate,cal/f3/s3200001/late_accurate,18,grok-4.20-0309-non-reasoning,sha256:9c965924826fd99f67ebab5063b98755b52d7db1804cf14cfa3eae2a5318e50d,det-v1,1,accepted,1558,68,1039.460,0.0021175000,false,false
call-000753,arm10_spec_eprocess,cal/f3/s3200001/late_accurate,18,grok-4.20-0309-non-reasoning,sha256:9c965924826fd99f67ebab5063b98755b52d7db1804cf14cfa3eae2a5318e50d,det-v1,1,accepted,1558,68,0.002,0.0021175000,true,false
call-000754,arm12_cth,cal/f3/s3200001/late_accurate,18,grok-4.20-0309-non-reasoning,sha256:9c965924826fd99f67ebab5063b98755b52d7db1804cf14cfa3eae2a5318e50d,det-v1,1,accepted,1558,68,0.001,0.0021175000,true,false
call-000755,arm12b_cth_llm,cal/f3/s3200001/late_accurate,18,grok-4.20-0309-non-reasoning,sha256:9c965924826fd99f67ebab5063b98755b52d7db1804cf14cfa3eae2a5318e50d,det-v1,1,accepted,1558,68,0.002,0.0021175000,true,false
call-000756,arm8_spec_immediate,cal/f3/s3200001/unreliable,15,grok-4.20-0309-non-reasoning,sha256:356245deac0c4aed4db334ff7275279e5f086a9a783798e81407d0338be9a5e9,det-v1,1,,1440,76,899.757,0.0019900000,false,true
call-000757,arm8_spec_immediate,cal/f3/s3200001/unreliable,15,grok-4.20-0309-non-reasoning,sha256:356245deac0c4aed4db334ff7275279e5f086a9a783798e81407d0338be9a5e9,det-v1,1,accepted,1440,76,899.757,0.0019900000,false,false
call-000758,arm10_spec_eprocess,cal/f3/s3200001/unreliable,15,grok-4.20-0309-non-reasoning,sha256:356245deac0c4aed4db334ff7275279e5f086a9a783798e81407d0338be9a5e9,det-v1,1,accepted,1440,76,0.002,0.0019900000,true,false
call-000759,arm12_cth,cal/f3/s3200001/unreliable,15,grok-4.20-0309-non-reasoning,sha256:356245deac0c4aed4db334ff7275279e5f086a9a783798e81407d0338be9a5e9,det-v1,1,accepted,1440,76,0.002,0.0019900000,true,false
call-000760,arm12b_cth_llm,cal/f3/s3200001/unreliable,15,grok-4.20-0309-non-reasoning,sha256:356245deac0c4aed4db334ff7275279e5f086a9a783798e81407d0338be9a5e9,det-v1,1,accepted,1440,76,0.002,0.0019900000,true,false
call-000761,arm8_spec_immediate,cal/f3/s3200001/no_alert__twin,10,grok-4.20-0309-non-reasoning,sha256:fd70c063397fb86ce5dd2a941779da798a42e8dbdf74cbda262b913217951dd3,det-v1,1,,1256,76,966.765,0.0017600000,false,true
call-000762,arm8_spec_immediate,cal/f3/s3200001/no_alert__twin,10,grok-4.20-0309-non-reasoning,sha256:fd70c063397fb86ce5dd2a941779da798a42e8dbdf74cbda262b913217951dd3,det-v1,1,accepted,1256,76,966.765,0.0017600000,false,false
call-000763,arm10_spec_eprocess,cal/f3/s3200001/no_alert__twin,10,grok-4.20-0309-non-reasoning,sha256:fd70c063397fb86ce5dd2a941779da798a42e8dbdf74cbda262b913217951dd3,det-v1,1,accepted,1256,76,0.002,0.0017600000,true,false
call-000764,arm12_cth,cal/f3/s3200001/no_alert__twin,10,grok-4.20-0309-non-reasoning,sha256:fd70c063397fb86ce5dd2a941779da798a42e8dbdf74cbda262b913217951dd3,det-v1,1,accepted,1256,76,0.001,0.0017600000,true,false
call-000765,arm12b_cth_llm,cal/f3/s3200001/no_alert__twin,10,grok-4.20-0309-non-reasoning,sha256:fd70c063397fb86ce5dd2a941779da798a42e8dbdf74cbda262b913217951dd3,det-v1,1,accepted,1256,76,0.002,0.0017600000,true,false
call-000766,arm8_spec_immediate,dev/f3/s3200002/early_accurate,20,grok-4.20-0309-non-reasoning,sha256:99bad92774da3a61816d81be85bb94e76054c1d7b2937834c55d7f1a335eb686,det-v1,1,,1631,61,1395.007,0.0021912500,false,true
call-000767,arm8_spec_immediate,dev/f3/s3200002/early_accurate,20,grok-4.20-0309-non-reasoning,sha256:99bad92774da3a61816d81be85bb94e76054c1d7b2937834c55d7f1a335eb686,det-v1,1,accepted,1631,61,1395.007,0.0021912500,false,false
call-000768,arm10_spec_eprocess,dev/f3/s3200002/early_accurate,20,grok-4.20-0309-non-reasoning,sha256:99bad92774da3a61816d81be85bb94e76054c1d7b2937834c55d7f1a335eb686,det-v1,1,accepted,1631,61,0.002,0.0021912500,true,false
call-000769,arm12_cth,dev/f3/s3200002/early_accurate,20,grok-4.20-0309-non-reasoning,sha256:99bad92774da3a61816d81be85bb94e76054c1d7b2937834c55d7f1a335eb686,det-v1,1,accepted,1631,61,0.002,0.0021912500,true,false
call-000770,arm12b_cth_llm,dev/f3/s3200002/early_accurate,20,grok-4.20-0309-non-reasoning,sha256:99bad92774da3a61816d81be85bb94e76054c1d7b2937834c55d7f1a335eb686,det-v1,1,accepted,1631,61,0.002,0.0021912500,true,false
call-000771,arm8_spec_immediate,dev/f3/s3200002/late_accurate,23,grok-4.20-0309-non-reasoning,sha256:e2062d25c9049ab7ab47a7e430214385798715eba05414226a5f272eb7040a24,det-v1,1,,1745,60,1796.483,0.0023312500,false,true
call-000772,arm8_spec_immediate,dev/f3/s3200002/late_accurate,23,grok-4.20-0309-non-reasoning,sha256:e2062d25c9049ab7ab47a7e430214385798715eba05414226a5f272eb7040a24,det-v1,1,accepted,1745,60,1796.483,0.0023312500,false,false
call-000773,arm10_spec_eprocess,dev/f3/s3200002/late_accurate,23,grok-4.20-0309-non-reasoning,sha256:e2062d25c9049ab7ab47a7e430214385798715eba05414226a5f272eb7040a24,det-v1,1,accepted,1745,60,0.002,0.0023312500,true,false
call-000774,arm12_cth,dev/f3/s3200002/late_accurate,23,grok-4.20-0309-non-reasoning,sha256:e2062d25c9049ab7ab47a7e430214385798715eba05414226a5f272eb7040a24,det-v1,1,accepted,1745,60,0.001,0.0023312500,true,false
call-000775,arm12b_cth_llm,dev/f3/s3200002/late_accurate,23,grok-4.20-0309-non-reasoning,sha256:e2062d25c9049ab7ab47a7e430214385798715eba05414226a5f272eb7040a24,det-v1,1,accepted,1745,60,0.002,0.0023312500,true,false
call-000776,arm8_spec_immediate,dev/f3/s3200002/unreliable,20,grok-4.20-0309-non-reasoning,sha256:0d0fdad123119fda90daa068093cefa0c8ea650ea7154793035f678aa089cb4a,det-v1,1,,1636,58,1031.281,0.0021900000,false,true
call-000777,arm8_spec_immediate,dev/f3/s3200002/unreliable,20,grok-4.20-0309-non-reasoning,sha256:0d0fdad123119fda90daa068093cefa0c8ea650ea7154793035f678aa089cb4a,det-v1,1,accepted,1636,58,1031.281,0.0021900000,false,false
call-000778,arm10_spec_eprocess,dev/f3/s3200002/unreliable,20,grok-4.20-0309-non-reasoning,sha256:0d0fdad123119fda90daa068093cefa0c8ea650ea7154793035f678aa089cb4a,det-v1,1,accepted,1636,58,0.002,0.0021900000,true,false
call-000779,arm12_cth,dev/f3/s3200002/unreliable,20,grok-4.20-0309-non-reasoning,sha256:0d0fdad123119fda90daa068093cefa0c8ea650ea7154793035f678aa089cb4a,det-v1,1,accepted,1636,58,0.002,0.0021900000,true,false
call-000780,arm12b_cth_llm,dev/f3/s3200002/unreliable,20,grok-4.20-0309-non-reasoning,sha256:0d0fdad123119fda90daa068093cefa0c8ea650ea7154793035f678aa089cb4a,det-v1,1,accepted,1636,58,0.002,0.0021900000,true,false
call-000781,arm8_spec_immediate,dev/f3/s3200002/no_alert__twin,10,grok-4.20-0309-non-reasoning,sha256:7d69be77638f7c27572ed0b1affe2ccfae37ded7132e3d8f8343ec0dc8bc35ce,det-v1,1,,1256,71,986.534,0.0017475000,false,true
call-000782,arm8_spec_immediate,dev/f3/s3200002/no_alert__twin,10,grok-4.20-0309-non-reasoning,sha256:7d69be77638f7c27572ed0b1affe2ccfae37ded7132e3d8f8343ec0dc8bc35ce,det-v1,1,accepted,1256,71,986.534,0.0017475000,false,false
call-000783,arm10_spec_eprocess,dev/f3/s3200002/no_alert__twin,10,grok-4.20-0309-non-reasoning,sha256:7d69be77638f7c27572ed0b1affe2ccfae37ded7132e3d8f8343ec0dc8bc35ce,det-v1,1,accepted,1256,71,0.002,0.0017475000,true,false
call-000784,arm12_cth,dev/f3/s3200002/no_alert__twin,10,grok-4.20-0309-non-reasoning,sha256:7d69be77638f7c27572ed0b1affe2ccfae37ded7132e3d8f8343ec0dc8bc35ce,det-v1,1,accepted,1256,71,0.002,0.0017475000,true,false
call-000785,arm12b_cth_llm,dev/f3/s3200002/no_alert__twin,10,grok-4.20-0309-non-reasoning,sha256:7d69be77638f7c27572ed0b1affe2ccfae37ded7132e3d8f8343ec0dc8bc35ce,det-v1,1,accepted,1256,71,0.002,0.0017475000,true,false
call-000786,arm8_spec_immediate,cal/f3/s3200003/no_alert,22,grok-4.20-0309-non-reasoning,sha256:b0f2056cfe825879b508290e1f695a249c0609fd3288716d92ea87833fd7fb7c,det-v1,1,,1671,62,860.277,0.0022437500,false,true
call-000787,arm8_spec_immediate,cal/f3/s3200003/no_alert,22,grok-4.20-0309-non-reasoning,sha256:b0f2056cfe825879b508290e1f695a249c0609fd3288716d92ea87833fd7fb7c,det-v1,1,accepted,1671,62,860.277,0.0022437500,false,false
call-000788,arm10_spec_eprocess,cal/f3/s3200003/no_alert,22,grok-4.20-0309-non-reasoning,sha256:b0f2056cfe825879b508290e1f695a249c0609fd3288716d92ea87833fd7fb7c,det-v1,1,accepted,1671,62,0.002,0.0022437500,true,false
call-000789,arm12_cth,cal/f3/s3200003/no_alert,22,grok-4.20-0309-non-reasoning,sha256:b0f2056cfe825879b508290e1f695a249c0609fd3288716d92ea87833fd7fb7c,det-v1,1,accepted,1671,62,0.002,0.0022437500,true,false
call-000790,arm12b_cth_llm,cal/f3/s3200003/no_alert,22,grok-4.20-0309-non-reasoning,sha256:b0f2056cfe825879b508290e1f695a249c0609fd3288716d92ea87833fd7fb7c,det-v1,1,accepted,1671,62,0.002,0.0022437500,true,false
call-000791,arm8_spec_immediate,cal/f3/s3200003/early_accurate,18,grok-4.20-0309-non-reasoning,sha256:eb7aa36c63b431e791c974811d0340cc2c1ce82a5f1203c3a30d9b7846205b60,det-v1,1,,1552,67,1013.723,0.0021075000,false,true
call-000792,arm8_spec_immediate,cal/f3/s3200003/early_accurate,18,grok-4.20-0309-non-reasoning,sha256:eb7aa36c63b431e791c974811d0340cc2c1ce82a5f1203c3a30d9b7846205b60,det-v1,1,accepted,1552,67,1013.723,0.0021075000,false,false
call-000793,arm8_spec_immediate,cal/f3/s3200003/early_accurate,24,grok-4.20-0309-non-reasoning,sha256:17c2b0a56e0470b1b61993fd8ed7cbfd5f89710ad34e69e6372eb0c986c22d42,det-v1,1,,1780,66,1033.837,0.0023900000,false,true
call-000794,arm8_spec_immediate,cal/f3/s3200003/early_accurate,24,grok-4.20-0309-non-reasoning,sha256:17c2b0a56e0470b1b61993fd8ed7cbfd5f89710ad34e69e6372eb0c986c22d42,det-v1,1,accepted,1780,66,1033.837,0.0023900000,false,false
call-000795,arm10_spec_eprocess,cal/f3/s3200003/early_accurate,18,grok-4.20-0309-non-reasoning,sha256:eb7aa36c63b431e791c974811d0340cc2c1ce82a5f1203c3a30d9b7846205b60,det-v1,1,accepted,1552,67,0.002,0.0021075000,true,false
call-000796,arm10_spec_eprocess,cal/f3/s3200003/early_accurate,24,grok-4.20-0309-non-reasoning,sha256:5c386192145646d125246af5bb903890fbe89ccb3140c0c881f4fac10f53f718,det-v1,1,,1780,66,908.702,0.0023900000,false,true
call-000797,arm10_spec_eprocess,cal/f3/s3200003/early_accurate,24,grok-4.20-0309-non-reasoning,sha256:5c386192145646d125246af5bb903890fbe89ccb3140c0c881f4fac10f53f718,det-v1,1,accepted,1780,66,908.702,0.0023900000,false,false
call-000798,arm12_cth,cal/f3/s3200003/early_accurate,18,grok-4.20-0309-non-reasoning,sha256:eb7aa36c63b431e791c974811d0340cc2c1ce82a5f1203c3a30d9b7846205b60,det-v1,1,accepted,1552,67,0.001,0.0021075000,true,false
call-000799,arm12_cth,cal/f3/s3200003/early_accurate,24,grok-4.20-0309-non-reasoning,sha256:6aeaa4c57a28c9014019a4fd734a9f9846864e1a37846f769ba0c423bf0d4e26,det-v1,1,,1780,66,955.436,0.0023900000,false,true
call-000800,arm12_cth,cal/f3/s3200003/early_accurate,24,grok-4.20-0309-non-reasoning,sha256:6aeaa4c57a28c9014019a4fd734a9f9846864e1a37846f769ba0c423bf0d4e26,det-v1,1,accepted,1780,66,955.436,0.0023900000,false,false
call-000801,arm12b_cth_llm,cal/f3/s3200003/early_accurate,18,grok-4.20-0309-non-reasoning,sha256:eb7aa36c63b431e791c974811d0340cc2c1ce82a5f1203c3a30d9b7846205b60,det-v1,1,accepted,1552,67,0.002,0.0021075000,true,false
call-000802,arm12b_cth_llm,cal/f3/s3200003/early_accurate,24,grok-4.20-0309-non-reasoning,sha256:2ee23cc77cc8d27d659c9e80b46dd79bfec40575bc8dfe165573da4cc66e4d71,det-v1,1,,1780,66,934.294,0.0023900000,false,true
call-000803,arm12b_cth_llm,cal/f3/s3200003/early_accurate,24,grok-4.20-0309-non-reasoning,sha256:2ee23cc77cc8d27d659c9e80b46dd79bfec40575bc8dfe165573da4cc66e4d71,det-v1,1,accepted,1780,66,934.294,0.0023900000,false,false
call-000804,arm8_spec_immediate,cal/f3/s3200003/late_accurate,21,grok-4.20-0309-non-reasoning,sha256:f5368597e45b55668baa606a8077a9b5505af5daa47d91f83b642db6a4d47c1b,det-v1,1,,1666,62,960.436,0.0022375000,false,true
call-000805,arm8_spec_immediate,cal/f3/s3200003/late_accurate,21,grok-4.20-0309-non-reasoning,sha256:f5368597e45b55668baa606a8077a9b5505af5daa47d91f83b642db6a4d47c1b,det-v1,1,accepted,1666,62,960.436,0.0022375000,false,false
call-000806,arm10_spec_eprocess,cal/f3/s3200003/late_accurate,21,grok-4.20-0309-non-reasoning,sha256:f5368597e45b55668baa606a8077a9b5505af5daa47d91f83b642db6a4d47c1b,det-v1,1,accepted,1666,62,0.002,0.0022375000,true,false
call-000807,arm12_cth,cal/f3/s3200003/late_accurate,21,grok-4.20-0309-non-reasoning,sha256:f5368597e45b55668baa606a8077a9b5505af5daa47d91f83b642db6a4d47c1b,det-v1,1,accepted,1666,62,0.001,0.0022375000,true,false
call-000808,arm12b_cth_llm,cal/f3/s3200003/late_accurate,21,grok-4.20-0309-non-reasoning,sha256:f5368597e45b55668baa606a8077a9b5505af5daa47d91f83b642db6a4d47c1b,det-v1,1,accepted,1666,62,0.002,0.0022375000,true,false
call-000809,arm8_spec_immediate,cal/f3/s3200003/unreliable,18,grok-4.20-0309-non-reasoning,sha256:e14618d484b23812a75cba2907a016a08a876ac841d02829d338d0c88c059054,det-v1,1,,1562,50,864.344,0.0020775000,false,true
call-000810,arm8_spec_immediate,cal/f3/s3200003/unreliable,18,grok-4.20-0309-non-reasoning,sha256:e14618d484b23812a75cba2907a016a08a876ac841d02829d338d0c88c059054,det-v1,1,accepted,1562,50,864.344,0.0020775000,false,false
call-000811,arm8_spec_immediate,cal/f3/s3200003/unreliable,24,grok-4.20-0309-non-reasoning,sha256:34ac58376625ed5b9be628b1b4476358feadf020c5f1ba1dd90ae29a0bd43922,det-v1,1,,1790,66,984.818,0.0024025000,false,true
call-000812,arm8_spec_immediate,cal/f3/s3200003/unreliable,24,grok-4.20-0309-non-reasoning,sha256:34ac58376625ed5b9be628b1b4476358feadf020c5f1ba1dd90ae29a0bd43922,det-v1,1,accepted,1790,66,984.818,0.0024025000,false,false
call-000813,arm10_spec_eprocess,cal/f3/s3200003/unreliable,18,grok-4.20-0309-non-reasoning,sha256:e14618d484b23812a75cba2907a016a08a876ac841d02829d338d0c88c059054,det-v1,1,accepted,1562,50,0.002,0.0020775000,true,false
call-000814,arm10_spec_eprocess,cal/f3/s3200003/unreliable,24,grok-4.20-0309-non-reasoning,sha256:34ac58376625ed5b9be628b1b4476358feadf020c5f1ba1dd90ae29a0bd43922,det-v1,1,accepted,1790,66,0.002,0.0024025000,true,false
call-000815,arm12_cth,cal/f3/s3200003/unreliable,18,grok-4.20-0309-non-reasoning,sha256:e14618d484b23812a75cba2907a016a08a876ac841d02829d338d0c88c059054,det-v1,1,accepted,1562,50,0.002,0.0020775000,true,false
call-000816,arm12_cth,cal/f3/s3200003/unreliable,24,grok-4.20-0309-non-reasoning,sha256:5d05c79419582fdc1190c06f736aaa349dc08d60a7b1a99c3509d17c2316d906,det-v1,1,,1790,66,1016.301,0.0024025000,false,true
call-000817,arm12_cth,cal/f3/s3200003/unreliable,24,grok-4.20-0309-non-reasoning,sha256:5d05c79419582fdc1190c06f736aaa349dc08d60a7b1a99c3509d17c2316d906,det-v1,1,accepted,1790,66,1016.301,0.0024025000,false,false
call-000818,arm12b_cth_llm,cal/f3/s3200003/unreliable,18,grok-4.20-0309-non-reasoning,sha256:e14618d484b23812a75cba2907a016a08a876ac841d02829d338d0c88c059054,det-v1,1,accepted,1562,50,0.002,0.0020775000,true,false
call-000819,arm12b_cth_llm,cal/f3/s3200003/unreliable,24,grok-4.20-0309-non-reasoning,sha256:34ac58376625ed5b9be628b1b4476358feadf020c5f1ba1dd90ae29a0bd43922,det-v1,1,accepted,1790,66,0.001,0.0024025000,true,false
call-000820,arm8_spec_immediate,dev/f3/s3200004/early_accurate,17,grok-4.20-0309-non-reasoning,sha256:94d3e4f4339ffef6d449554a90e2ba0b5e80ccad534601b2c0ed4a027d6061e3,det-v1,1,,1515,61,1041.747,0.0020462500,false,true
call-000821,arm8_spec_immediate,dev/f3/s3200004/early_accurate,17,grok-4.20-0309-non-reasoning,sha256:94d3e4f4339ffef6d449554a90e2ba0b5e80ccad534601b2c0ed4a027d6061e3,det-v1,1,accepted,1515,61,1041.747,0.0020462500,false,false
call-000822,arm10_spec_eprocess,dev/f3/s3200004/early_accurate,17,grok-4.20-0309-non-reasoning,sha256:94d3e4f4339ffef6d449554a90e2ba0b5e80ccad534601b2c0ed4a027d6061e3,det-v1,1,accepted,1515,61,0.002,0.0020462500,true,false
call-000823,arm12_cth,dev/f3/s3200004/early_accurate,17,grok-4.20-0309-non-reasoning,sha256:94d3e4f4339ffef6d449554a90e2ba0b5e80ccad534601b2c0ed4a027d6061e3,det-v1,1,accepted,1515,61,0.001,0.0020462500,true,false
call-000824,arm12b_cth_llm,dev/f3/s3200004/early_accurate,17,grok-4.20-0309-non-reasoning,sha256:94d3e4f4339ffef6d449554a90e2ba0b5e80ccad534601b2c0ed4a027d6061e3,det-v1,1,accepted,1515,61,0.002,0.0020462500,true,false
call-000825,arm8_spec_immediate,dev/f3/s3200004/late_accurate,20,grok-4.20-0309-non-reasoning,sha256:36b6cffa899aa336c9b0f92dc5de0a062936ffc32aab6386930c666408bb53d5,det-v1,1,,1629,60,983.761,0.0021862500,false,true
call-000826,arm8_spec_immediate,dev/f3/s3200004/late_accurate,20,grok-4.20-0309-non-reasoning,sha256:36b6cffa899aa336c9b0f92dc5de0a062936ffc32aab6386930c666408bb53d5,det-v1,1,accepted,1629,60,983.761,0.0021862500,false,false
call-000827,arm10_spec_eprocess,dev/f3/s3200004/late_accurate,20,grok-4.20-0309-non-reasoning,sha256:36b6cffa899aa336c9b0f92dc5de0a062936ffc32aab6386930c666408bb53d5,det-v1,1,accepted,1629,60,0.002,0.0021862500,true,false
call-000828,arm12_cth,dev/f3/s3200004/late_accurate,20,grok-4.20-0309-non-reasoning,sha256:36b6cffa899aa336c9b0f92dc5de0a062936ffc32aab6386930c666408bb53d5,det-v1,1,accepted,1629,60,0.002,0.0021862500,true,false
call-000829,arm12b_cth_llm,dev/f3/s3200004/late_accurate,20,grok-4.20-0309-non-reasoning,sha256:36b6cffa899aa336c9b0f92dc5de0a062936ffc32aab6386930c666408bb53d5,det-v1,1,accepted,1629,60,0.004,0.0021862500,true,false
call-000830,arm8_spec_immediate,dev/f3/s3200004/unreliable,17,grok-4.20-0309-non-reasoning,sha256:572ce273c828c702313b3315047b5b8b32d46e3b9b5313f008f22694a088b597,det-v1,1,,1517,60,905.628,0.0020462500,false,true
call-000831,arm8_spec_immediate,dev/f3/s3200004/unreliable,17,grok-4.20-0309-non-reasoning,sha256:572ce273c828c702313b3315047b5b8b32d46e3b9b5313f008f22694a088b597,det-v1,1,accepted,1517,60,905.628,0.0020462500,false,false
call-000832,arm10_spec_eprocess,dev/f3/s3200004/unreliable,17,grok-4.20-0309-non-reasoning,sha256:572ce273c828c702313b3315047b5b8b32d46e3b9b5313f008f22694a088b597,det-v1,1,accepted,1517,60,0.002,0.0020462500,true,false
call-000833,arm12_cth,dev/f3/s3200004/unreliable,17,grok-4.20-0309-non-reasoning,sha256:572ce273c828c702313b3315047b5b8b32d46e3b9b5313f008f22694a088b597,det-v1,1,accepted,1517,60,0.002,0.0020462500,true,false
call-000834,arm12b_cth_llm,dev/f3/s3200004/unreliable,17,grok-4.20-0309-non-reasoning,sha256:572ce273c828c702313b3315047b5b8b32d46e3b9b5313f008f22694a088b597,det-v1,1,accepted,1517,60,0.002,0.0020462500,true,false
call-000835,arm8_spec_immediate,cal/f3/s3200005/no_alert,22,grok-4.20-0309-non-reasoning,sha256:0757939bc6dadc8ef6a45a87ad7548d60c0f431692336290a5939dc5049c650d,det-v1,1,,1671,66,919.942,0.0022537500,false,true
call-000836,arm8_spec_immediate,cal/f3/s3200005/no_alert,22,grok-4.20-0309-non-reasoning,sha256:0757939bc6dadc8ef6a45a87ad7548d60c0f431692336290a5939dc5049c650d,det-v1,1,accepted,1671,66,919.942,0.0022537500,false,false
call-000837,arm10_spec_eprocess,cal/f3/s3200005/no_alert,22,grok-4.20-0309-non-reasoning,sha256:0757939bc6dadc8ef6a45a87ad7548d60c0f431692336290a5939dc5049c650d,det-v1,1,accepted,1671,66,0.002,0.0022537500,true,false
call-000838,arm12_cth,cal/f3/s3200005/no_alert,22,grok-4.20-0309-non-reasoning,sha256:0757939bc6dadc8ef6a45a87ad7548d60c0f431692336290a5939dc5049c650d,det-v1,1,accepted,1671,66,0.002,0.0022537500,true,false
call-000839,arm12b_cth_llm,cal/f3/s3200005/no_alert,22,grok-4.20-0309-non-reasoning,sha256:0757939bc6dadc8ef6a45a87ad7548d60c0f431692336290a5939dc5049c650d,det-v1,1,accepted,1671,66,0.002,0.0022537500,true,false
call-000840,arm8_spec_immediate,cal/f3/s3200005/early_accurate,18,grok-4.20-0309-non-reasoning,sha256:11afb7f66c73cb2048cbe3d27fc327fbfc88b89968a3c1f6cde1cb307771dec9,det-v1,1,,1549,50,834.634,0.0020612500,false,true
call-000841,arm8_spec_immediate,cal/f3/s3200005/early_accurate,18,grok-4.20-0309-non-reasoning,sha256:11afb7f66c73cb2048cbe3d27fc327fbfc88b89968a3c1f6cde1cb307771dec9,det-v1,1,accepted,1549,50,834.634,0.0020612500,false,false
call-000842,arm8_spec_immediate,cal/f3/s3200005/early_accurate,24,grok-4.20-0309-non-reasoning,sha256:56a2a1fb7a6679d53c7956fa60b5b4c83fdff4a74208fa556083d344e63fca10,det-v1,1,,1777,76,987.249,0.0024112500,false,true
call-000843,arm8_spec_immediate,cal/f3/s3200005/early_accurate,24,grok-4.20-0309-non-reasoning,sha256:56a2a1fb7a6679d53c7956fa60b5b4c83fdff4a74208fa556083d344e63fca10,det-v1,1,accepted,1777,76,987.249,0.0024112500,false,false
call-000844,arm10_spec_eprocess,cal/f3/s3200005/early_accurate,18,grok-4.20-0309-non-reasoning,sha256:11afb7f66c73cb2048cbe3d27fc327fbfc88b89968a3c1f6cde1cb307771dec9,det-v1,1,accepted,1549,50,0.002,0.0020612500,true,false
call-000845,arm10_spec_eprocess,cal/f3/s3200005/early_accurate,24,grok-4.20-0309-non-reasoning,sha256:56a2a1fb7a6679d53c7956fa60b5b4c83fdff4a74208fa556083d344e63fca10,det-v1,1,accepted,1777,76,0.001,0.0024112500,true,false
call-000846,arm12_cth,cal/f3/s3200005/early_accurate,18,grok-4.20-0309-non-reasoning,sha256:11afb7f66c73cb2048cbe3d27fc327fbfc88b89968a3c1f6cde1cb307771dec9,det-v1,1,accepted,1549,50,0.002,0.0020612500,true,false
call-000847,arm12_cth,cal/f3/s3200005/early_accurate,24,grok-4.20-0309-non-reasoning,sha256:bee9d4de9ff3211b34d3db3c05eb7c62641f6ee94e1dec9eb6e805e69434206d,det-v1,1,,1777,50,772.679,0.0023462500,false,true
call-000848,arm12_cth,cal/f3/s3200005/early_accurate,24,grok-4.20-0309-non-reasoning,sha256:bee9d4de9ff3211b34d3db3c05eb7c62641f6ee94e1dec9eb6e805e69434206d,det-v1,1,accepted,1777,50,772.679,0.0023462500,false,false
call-000849,arm12b_cth_llm,cal/f3/s3200005/early_accurate,18,grok-4.20-0309-non-reasoning,sha256:11afb7f66c73cb2048cbe3d27fc327fbfc88b89968a3c1f6cde1cb307771dec9,det-v1,1,accepted,1549,50,0.002,0.0020612500,true,false
call-000850,arm12b_cth_llm,cal/f3/s3200005/early_accurate,24,grok-4.20-0309-non-reasoning,sha256:56a2a1fb7a6679d53c7956fa60b5b4c83fdff4a74208fa556083d344e63fca10,det-v1,1,accepted,1777,76,0.002,0.0024112500,true,false
call-000851,arm8_spec_immediate,cal/f3/s3200005/late_accurate,21,grok-4.20-0309-non-reasoning,sha256:b1163615cce83e75d5580d1a1a12aea8da8fcb224fa7a36c3eec28ad4324b09a,det-v1,1,,1663,50,931.879,0.0022037500,false,true
call-000852,arm8_spec_immediate,cal/f3/s3200005/late_accurate,21,grok-4.20-0309-non-reasoning,sha256:b1163615cce83e75d5580d1a1a12aea8da8fcb224fa7a36c3eec28ad4324b09a,det-v1,1,accepted,1663,50,931.879,0.0022037500,false,false
call-000853,arm10_spec_eprocess,cal/f3/s3200005/late_accurate,21,grok-4.20-0309-non-reasoning,sha256:b1163615cce83e75d5580d1a1a12aea8da8fcb224fa7a36c3eec28ad4324b09a,det-v1,1,accepted,1663,50,0.002,0.0022037500,true,false
call-000854,arm12_cth,cal/f3/s3200005/late_accurate,21,grok-4.20-0309-non-reasoning,sha256:b1163615cce83e75d5580d1a1a12aea8da8fcb224fa7a36c3eec28ad4324b09a,det-v1,1,accepted,1663,50,0.002,0.0022037500,true,false
call-000855,arm12b_cth_llm,cal/f3/s3200005/late_accurate,21,grok-4.20-0309-non-reasoning,sha256:b1163615cce83e75d5580d1a1a12aea8da8fcb224fa7a36c3eec28ad4324b09a,det-v1,1,accepted,1663,50,0.002,0.0022037500,true,false
call-000856,arm8_spec_immediate,cal/f3/s3200005/unreliable,18,grok-4.20-0309-non-reasoning,sha256:097f77b27c8575b2e83b9493d2b563a22bb8e6b44a4dedee6d1fc4f329327159,det-v1,1,,1557,58,972.227,0.0020912500,false,true
call-000857,arm8_spec_immediate,cal/f3/s3200005/unreliable,18,grok-4.20-0309-non-reasoning,sha256:097f77b27c8575b2e83b9493d2b563a22bb8e6b44a4dedee6d1fc4f329327159,det-v1,1,accepted,1557,58,972.227,0.0020912500,false,false
call-000858,arm8_spec_immediate,cal/f3/s3200005/unreliable,24,grok-4.20-0309-non-reasoning,sha256:8b16f915912c048a8496cee1c84627b935c57f4e05c27496e0d2b8a56bd6ab5d,det-v1,1,,1785,78,950.034,0.0024262500,false,true
call-000859,arm8_spec_immediate,cal/f3/s3200005/unreliable,24,grok-4.20-0309-non-reasoning,sha256:8b16f915912c048a8496cee1c84627b935c57f4e05c27496e0d2b8a56bd6ab5d,det-v1,1,accepted,1785,78,950.034,0.0024262500,false,false
call-000860,arm10_spec_eprocess,cal/f3/s3200005/unreliable,18,grok-4.20-0309-non-reasoning,sha256:097f77b27c8575b2e83b9493d2b563a22bb8e6b44a4dedee6d1fc4f329327159,det-v1,1,accepted,1557,58,0.002,0.0020912500,true,false
call-000861,arm10_spec_eprocess,cal/f3/s3200005/unreliable,24,grok-4.20-0309-non-reasoning,sha256:3e7c71ae84b8d47e7bd3bc7f0f8918d59105cfbe83bfab871861fe82a889e785,det-v1,1,,1785,74,1313.483,0.0024162500,false,true
call-000862,arm10_spec_eprocess,cal/f3/s3200005/unreliable,24,grok-4.20-0309-non-reasoning,sha256:3e7c71ae84b8d47e7bd3bc7f0f8918d59105cfbe83bfab871861fe82a889e785,det-v1,1,accepted,1785,74,1313.483,0.0024162500,false,false
call-000863,arm12_cth,cal/f3/s3200005/unreliable,18,grok-4.20-0309-non-reasoning,sha256:097f77b27c8575b2e83b9493d2b563a22bb8e6b44a4dedee6d1fc4f329327159,det-v1,1,accepted,1557,58,0.002,0.0020912500,true,false
call-000864,arm12_cth,cal/f3/s3200005/unreliable,24,grok-4.20-0309-non-reasoning,sha256:10bc1c9e8c9487c113e7a1fc240b55963376d294cd0f3af331d87b4c7add6678,det-v1,1,,1785,74,955.048,0.0024162500,false,true
call-000865,arm12_cth,cal/f3/s3200005/unreliable,24,grok-4.20-0309-non-reasoning,sha256:10bc1c9e8c9487c113e7a1fc240b55963376d294cd0f3af331d87b4c7add6678,det-v1,1,accepted,1785,74,955.048,0.0024162500,false,false
call-000866,arm12b_cth_llm,cal/f3/s3200005/unreliable,18,grok-4.20-0309-non-reasoning,sha256:097f77b27c8575b2e83b9493d2b563a22bb8e6b44a4dedee6d1fc4f329327159,det-v1,1,accepted,1557,58,0.002,0.0020912500,true,false
call-000867,arm12b_cth_llm,cal/f3/s3200005/unreliable,24,grok-4.20-0309-non-reasoning,sha256:a18e33a9ad288a3f456a156a14ae16f2594432c0a92abb9906648bb83a8bd8fd,det-v1,1,,1785,74,877.763,0.0024162500,false,true
call-000868,arm12b_cth_llm,cal/f3/s3200005/unreliable,24,grok-4.20-0309-non-reasoning,sha256:a18e33a9ad288a3f456a156a14ae16f2594432c0a92abb9906648bb83a8bd8fd,det-v1,1,accepted,1785,74,877.763,0.0024162500,false,false
call-000869,arm8_spec_immediate,cal/f3/s3200005/no_alert__twin,10,grok-4.20-0309-non-reasoning,sha256:d8245026faa7ae4b35c9f154d3ae30ccf931982714f657c3ba4d7f753db11b31,det-v1,1,,1257,59,898.301,0.0017187500,false,true
call-000870,arm8_spec_immediate,cal/f3/s3200005/no_alert__twin,10,grok-4.20-0309-non-reasoning,sha256:d8245026faa7ae4b35c9f154d3ae30ccf931982714f657c3ba4d7f753db11b31,det-v1,1,accepted,1257,59,898.301,0.0017187500,false,false
call-000871,arm10_spec_eprocess,cal/f3/s3200005/no_alert__twin,10,grok-4.20-0309-non-reasoning,sha256:d8245026faa7ae4b35c9f154d3ae30ccf931982714f657c3ba4d7f753db11b31,det-v1,1,accepted,1257,59,0.002,0.0017187500,true,false
call-000872,arm12_cth,cal/f3/s3200005/no_alert__twin,10,grok-4.20-0309-non-reasoning,sha256:d8245026faa7ae4b35c9f154d3ae30ccf931982714f657c3ba4d7f753db11b31,det-v1,1,accepted,1257,59,0.002,0.0017187500,true,false
call-000873,arm12b_cth_llm,cal/f3/s3200005/no_alert__twin,10,grok-4.20-0309-non-reasoning,sha256:d8245026faa7ae4b35c9f154d3ae30ccf931982714f657c3ba4d7f753db11b31,det-v1,1,accepted,1257,59,0.002,0.0017187500,true,false
call-000874,arm8_spec_immediate,dev/f3/s3200006/early_accurate,19,grok-4.20-0309-non-reasoning,sha256:0ec056523014c65b1479081e77d9705df91c2426c7cca3ca07f03851c4db5f46,det-v1,1,,1595,89,1016.734,0.0022162500,false,true
call-000875,arm8_spec_immediate,dev/f3/s3200006/early_accurate,19,grok-4.20-0309-non-reasoning,sha256:0ec056523014c65b1479081e77d9705df91c2426c7cca3ca07f03851c4db5f46,det-v1,1,accepted,1595,89,1016.734,0.0022162500,false,false
call-000876,arm10_spec_eprocess,dev/f3/s3200006/early_accurate,19,grok-4.20-0309-non-reasoning,sha256:0ec056523014c65b1479081e77d9705df91c2426c7cca3ca07f03851c4db5f46,det-v1,1,accepted,1595,89,0.002,0.0022162500,true,false
call-000877,arm12_cth,dev/f3/s3200006/early_accurate,19,grok-4.20-0309-non-reasoning,sha256:0ec056523014c65b1479081e77d9705df91c2426c7cca3ca07f03851c4db5f46,det-v1,1,accepted,1595,89,0.002,0.0022162500,true,false
call-000878,arm12b_cth_llm,dev/f3/s3200006/early_accurate,19,grok-4.20-0309-non-reasoning,sha256:0ec056523014c65b1479081e77d9705df91c2426c7cca3ca07f03851c4db5f46,det-v1,1,accepted,1595,89,0.002,0.0022162500,true,false
call-000879,arm8_spec_immediate,dev/f3/s3200006/late_accurate,22,grok-4.20-0309-non-reasoning,sha256:832aeba89343cf407bb0db231de4a3a34710a610ee799a323170571cf9993f2a,det-v1,1,,1709,60,886.647,0.0022862500,false,true
call-000880,arm8_spec_immediate,dev/f3/s3200006/late_accurate,22,grok-4.20-0309-non-reasoning,sha256:832aeba89343cf407bb0db231de4a3a34710a610ee799a323170571cf9993f2a,det-v1,1,accepted,1709,60,886.647,0.0022862500,false,false
call-000881,arm10_spec_eprocess,dev/f3/s3200006/late_accurate,22,grok-4.20-0309-non-reasoning,sha256:832aeba89343cf407bb0db231de4a3a34710a610ee799a323170571cf9993f2a,det-v1,1,accepted,1709,60,0.002,0.0022862500,true,false
call-000882,arm12_cth,dev/f3/s3200006/late_accurate,22,grok-4.20-0309-non-reasoning,sha256:832aeba89343cf407bb0db231de4a3a34710a610ee799a323170571cf9993f2a,det-v1,1,accepted,1709,60,0.002,0.0022862500,true,false
call-000883,arm12b_cth_llm,dev/f3/s3200006/late_accurate,22,grok-4.20-0309-non-reasoning,sha256:832aeba89343cf407bb0db231de4a3a34710a610ee799a323170571cf9993f2a,det-v1,1,accepted,1709,60,0.003,0.0022862500,true,false
call-000884,arm8_spec_immediate,dev/f3/s3200006/unreliable,19,grok-4.20-0309-non-reasoning,sha256:a947475c2354be217e4332cb4f0282bc6976ec8341344930a76886c0db46659c,det-v1,1,,1583,76,1146.239,0.0021687500,false,true
call-000885,arm8_spec_immediate,dev/f3/s3200006/unreliable,19,grok-4.20-0309-non-reasoning,sha256:a947475c2354be217e4332cb4f0282bc6976ec8341344930a76886c0db46659c,det-v1,1,accepted,1583,76,1146.239,0.0021687500,false,false
call-000886,arm10_spec_eprocess,dev/f3/s3200006/unreliable,19,grok-4.20-0309-non-reasoning,sha256:a947475c2354be217e4332cb4f0282bc6976ec8341344930a76886c0db46659c,det-v1,1,accepted,1583,76,0.002,0.0021687500,true,false
call-000887,arm12_cth,dev/f3/s3200006/unreliable,19,grok-4.20-0309-non-reasoning,sha256:a947475c2354be217e4332cb4f0282bc6976ec8341344930a76886c0db46659c,det-v1,1,accepted,1583,76,0.002,0.0021687500,true,false
call-000888,arm12b_cth_llm,dev/f3/s3200006/unreliable,19,grok-4.20-0309-non-reasoning,sha256:a947475c2354be217e4332cb4f0282bc6976ec8341344930a76886c0db46659c,det-v1,1,accepted,1583,76,0.002,0.0021687500,true,false
call-000889,arm8_spec_immediate,dev/f3/s3200006/no_alert__twin,10,grok-4.20-0309-non-reasoning,sha256:64526ed1614de17efd2287c0700fa2188d183075d4e172c38d27be63f8201a75,det-v1,1,,1253,67,1895.454,0.0017337500,false,true
call-000890,arm8_spec_immediate,dev/f3/s3200006/no_alert__twin,10,grok-4.20-0309-non-reasoning,sha256:64526ed1614de17efd2287c0700fa2188d183075d4e172c38d27be63f8201a75,det-v1,1,accepted,1253,67,1895.454,0.0017337500,false,false
call-000891,arm10_spec_eprocess,dev/f3/s3200006/no_alert__twin,10,grok-4.20-0309-non-reasoning,sha256:64526ed1614de17efd2287c0700fa2188d183075d4e172c38d27be63f8201a75,det-v1,1,accepted,1253,67,0.002,0.0017337500,true,false
call-000892,arm12_cth,dev/f3/s3200006/no_alert__twin,10,grok-4.20-0309-non-reasoning,sha256:64526ed1614de17efd2287c0700fa2188d183075d4e172c38d27be63f8201a75,det-v1,1,accepted,1253,67,0.001,0.0017337500,true,false
call-000893,arm12b_cth_llm,dev/f3/s3200006/no_alert__twin,10,grok-4.20-0309-non-reasoning,sha256:64526ed1614de17efd2287c0700fa2188d183075d4e172c38d27be63f8201a75,det-v1,1,accepted,1253,67,0.002,0.0017337500,true,false
call-000894,arm8_spec_immediate,cal/f3/s3200007/no_alert,22,grok-4.20-0309-non-reasoning,sha256:efd67eb429380c0c957cc339f81a38ad5684e3500701b6148cb59ec2c707ed7f,det-v1,1,,1671,58,921.337,0.0022337500,false,true
call-000895,arm8_spec_immediate,cal/f3/s3200007/no_alert,22,grok-4.20-0309-non-reasoning,sha256:efd67eb429380c0c957cc339f81a38ad5684e3500701b6148cb59ec2c707ed7f,det-v1,1,accepted,1671,58,921.337,0.0022337500,false,false
call-000896,arm10_spec_eprocess,cal/f3/s3200007/no_alert,22,grok-4.20-0309-non-reasoning,sha256:efd67eb429380c0c957cc339f81a38ad5684e3500701b6148cb59ec2c707ed7f,det-v1,1,accepted,1671,58,0.002,0.0022337500,true,false
call-000897,arm12_cth,cal/f3/s3200007/no_alert,22,grok-4.20-0309-non-reasoning,sha256:efd67eb429380c0c957cc339f81a38ad5684e3500701b6148cb59ec2c707ed7f,det-v1,1,accepted,1671,58,0.002,0.0022337500,true,false
call-000898,arm12b_cth_llm,cal/f3/s3200007/no_alert,22,grok-4.20-0309-non-reasoning,sha256:efd67eb429380c0c957cc339f81a38ad5684e3500701b6148cb59ec2c707ed7f,det-v1,1,accepted,1671,58,0.002,0.0022337500,true,false
call-000899,arm8_spec_immediate,cal/f3/s3200007/early_accurate,20,grok-4.20-0309-non-reasoning,sha256:862d266d5b967172ba23729329171e9005307d83330093eca918ed13c3e29b55,det-v1,1,,1634,84,1042.080,0.0022525000,false,true
call-000900,arm8_spec_immediate,cal/f3/s3200007/early_accurate,20,grok-4.20-0309-non-reasoning,sha256:862d266d5b967172ba23729329171e9005307d83330093eca918ed13c3e29b55,det-v1,1,accepted,1634,84,1042.080,0.0022525000,false,false
call-000901,arm8_spec_immediate,cal/f3/s3200007/early_accurate,26,grok-4.20-0309-non-reasoning,sha256:934d7db14e8fd3918020002cda8c2cae74568bb0451be4f996bfcac058b4ac13,det-v1,1,,1862,97,1194.891,0.0025700000,false,true
call-000902,arm8_spec_immediate,cal/f3/s3200007/early_accurate,26,grok-4.20-0309-non-reasoning,sha256:934d7db14e8fd3918020002cda8c2cae74568bb0451be4f996bfcac058b4ac13,det-v1,1,accepted,1862,97,1194.891,0.0025700000,false,false
call-000903,arm10_spec_eprocess,cal/f3/s3200007/early_accurate,20,grok-4.20-0309-non-reasoning,sha256:862d266d5b967172ba23729329171e9005307d83330093eca918ed13c3e29b55,det-v1,1,accepted,1634,84,0.002,0.0022525000,true,false
call-000904,arm10_spec_eprocess,cal/f3/s3200007/early_accurate,26,grok-4.20-0309-non-reasoning,sha256:8a100aa834e6c3817e197416b734bcd185c93b5e4ad0a1d417d88764da2288bf,det-v1,1,,1862,66,980.002,0.0024925000,false,true
call-000905,arm10_spec_eprocess,cal/f3/s3200007/early_accurate,26,grok-4.20-0309-non-reasoning,sha256:8a100aa834e6c3817e197416b734bcd185c93b5e4ad0a1d417d88764da2288bf,det-v1,1,accepted,1862,66,980.002,0.0024925000,false,false
call-000906,arm12_cth,cal/f3/s3200007/early_accurate,20,grok-4.20-0309-non-reasoning,sha256:862d266d5b967172ba23729329171e9005307d83330093eca918ed13c3e29b55,det-v1,1,accepted,1634,84,0.002,0.0022525000,true,false
call-000907,arm12_cth,cal/f3/s3200007/early_accurate,26,grok-4.20-0309-non-reasoning,sha256:965ac5b608957515287b2ff89462b7bac493b756c96147499abaf21221d310f1,det-v1,1,,1862,68,913.196,0.0024975000,false,true
call-000908,arm12_cth,cal/f3/s3200007/early_accurate,26,grok-4.20-0309-non-reasoning,sha256:965ac5b608957515287b2ff89462b7bac493b756c96147499abaf21221d310f1,det-v1,1,accepted,1862,68,913.196,0.0024975000,false,false
call-000909,arm12b_cth_llm,cal/f3/s3200007/early_accurate,20,grok-4.20-0309-non-reasoning,sha256:862d266d5b967172ba23729329171e9005307d83330093eca918ed13c3e29b55,det-v1,1,accepted,1634,84,0.003,0.0022525000,true,false
call-000910,arm12b_cth_llm,cal/f3/s3200007/early_accurate,26,grok-4.20-0309-non-reasoning,sha256:4a5d5a6a938198cc4781817cc357a45d17071de3465598d4ed629a1d0196e2de,det-v1,1,,1862,68,959.127,0.0024975000,false,true
call-000911,arm12b_cth_llm,cal/f3/s3200007/early_accurate,26,grok-4.20-0309-non-reasoning,sha256:4a5d5a6a938198cc4781817cc357a45d17071de3465598d4ed629a1d0196e2de,det-v1,1,accepted,1862,68,959.127,0.0024975000,false,false
call-000912,arm8_spec_immediate,cal/f3/s3200007/late_accurate,22,grok-4.20-0309-non-reasoning,sha256:7f4be7c14cec50369e78c2f39050e45b86c25a79f2680aff2ceac5f6791af70b,det-v1,1,,1671,58,866.612,0.0022337500,false,true
call-000913,arm8_spec_immediate,cal/f3/s3200007/late_accurate,22,grok-4.20-0309-non-reasoning,sha256:7f4be7c14cec50369e78c2f39050e45b86c25a79f2680aff2ceac5f6791af70b,det-v1,1,accepted,1671,58,866.612,0.0022337500,false,false
call-000914,arm10_spec_eprocess,cal/f3/s3200007/late_accurate,22,grok-4.20-0309-non-reasoning,sha256:7f4be7c14cec50369e78c2f39050e45b86c25a79f2680aff2ceac5f6791af70b,det-v1,1,accepted,1671,58,0.001,0.0022337500,true,false
call-000915,arm12_cth,cal/f3/s3200007/late_accurate,22,grok-4.20-0309-non-reasoning,sha256:7f4be7c14cec50369e78c2f39050e45b86c25a79f2680aff2ceac5f6791af70b,det-v1,1,accepted,1671,58,0.002,0.0022337500,true,false
call-000916,arm12b_cth_llm,cal/f3/s3200007/late_accurate,22,grok-4.20-0309-non-reasoning,sha256:7f4be7c14cec50369e78c2f39050e45b86c25a79f2680aff2ceac5f6791af70b,det-v1,1,accepted,1671,58,0.002,0.0022337500,true,false
call-000917,arm8_spec_immediate,cal/f3/s3200007/unreliable,20,grok-4.20-0309-non-reasoning,sha256:ee1320a886f6a4a894db0bae440711345f20f382427abf4d90de55d0c909cf3a,det-v1,1,,1639,59,823.375,0.0021962500,false,true
call-000918,arm8_spec_immediate,cal/f3/s3200007/unreliable,20,grok-4.20-0309-non-reasoning,sha256:ee1320a886f6a4a894db0bae440711345f20f382427abf4d90de55d0c909cf3a,det-v1,1,accepted,1639,59,823.375,0.0021962500,false,false
call-000919,arm8_spec_immediate,cal/f3/s3200007/unreliable,26,grok-4.20-0309-non-reasoning,sha256:fbcfb599f10f82d7bb7f71545d115ee57d096c320cff3a129410060a05ce966a,det-v1,1,,1867,96,1172.131,0.0025737500,false,true
call-000920,arm8_spec_immediate,cal/f3/s3200007/unreliable,26,grok-4.20-0309-non-reasoning,sha256:fbcfb599f10f82d7bb7f71545d115ee57d096c320cff3a129410060a05ce966a,det-v1,1,accepted,1867,96,1172.131,0.0025737500,false,false
call-000921,arm10_spec_eprocess,cal/f3/s3200007/unreliable,20,grok-4.20-0309-non-reasoning,sha256:ee1320a886f6a4a894db0bae440711345f20f382427abf4d90de55d0c909cf3a,det-v1,1,accepted,1639,59,0.002,0.0021962500,true,false
call-000922,arm10_spec_eprocess,cal/f3/s3200007/unreliable,26,grok-4.20-0309-non-reasoning,sha256:c8f4bddc1a26e2859da5dc829be9eb7a112e6a3bb2f0ef3a8e8820d1fbf6f502,det-v1,1,,1867,97,1156.771,0.0025762500,false,true
call-000923,arm10_spec_eprocess,cal/f3/s3200007/unreliable,26,grok-4.20-0309-non-reasoning,sha256:c8f4bddc1a26e2859da5dc829be9eb7a112e6a3bb2f0ef3a8e8820d1fbf6f502,det-v1,1,accepted,1867,97,1156.771,0.0025762500,false,false
call-000924,arm12_cth,cal/f3/s3200007/unreliable,20,grok-4.20-0309-non-reasoning,sha256:ee1320a886f6a4a894db0bae440711345f20f382427abf4d90de55d0c909cf3a,det-v1,1,accepted,1639,59,0.002,0.0021962500,true,false
call-000925,arm12_cth,cal/f3/s3200007/unreliable,26,grok-4.20-0309-non-reasoning,sha256:b0fe55d723f30ce802809d237e2351d52af06a6cf52b904a60c610d7741f624c,det-v1,1,,1867,66,880.267,0.0024987500,false,true
call-000926,arm12_cth,cal/f3/s3200007/unreliable,26,grok-4.20-0309-non-reasoning,sha256:b0fe55d723f30ce802809d237e2351d52af06a6cf52b904a60c610d7741f624c,det-v1,1,accepted,1867,66,880.267,0.0024987500,false,false
call-000927,arm12b_cth_llm,cal/f3/s3200007/unreliable,20,grok-4.20-0309-non-reasoning,sha256:ee1320a886f6a4a894db0bae440711345f20f382427abf4d90de55d0c909cf3a,det-v1,1,accepted,1639,59,0.003,0.0021962500,true,false
call-000928,arm12b_cth_llm,cal/f3/s3200007/unreliable,26,grok-4.20-0309-non-reasoning,sha256:039081c8bd738f8d8c391bb30a1d3404e4417e21f18c2eda4bb0cee1782a944c,det-v1,1,,1867,66,851.712,0.0024987500,false,true
call-000929,arm12b_cth_llm,cal/f3/s3200007/unreliable,26,grok-4.20-0309-non-reasoning,sha256:039081c8bd738f8d8c391bb30a1d3404e4417e21f18c2eda4bb0cee1782a944c,det-v1,1,accepted,1867,66,851.712,0.0024987500,false,false
call-000930,arm8_spec_immediate,dev/f4/s4200000/early_accurate,16,grok-4.20-0309-non-reasoning,sha256:66fa44c7e4fc98a4969feeffeecaca47e118917ae542a33c35c2b75e7cf9cd3e,det-v1,1,accepted,1477,59,0.003,0.0019937500,true,false
call-000931,arm10_spec_eprocess,dev/f4/s4200000/early_accurate,16,grok-4.20-0309-non-reasoning,sha256:66fa44c7e4fc98a4969feeffeecaca47e118917ae542a33c35c2b75e7cf9cd3e,det-v1,1,accepted,1477,59,0.001,0.0019937500,true,false
call-000932,arm12_cth,dev/f4/s4200000/early_accurate,16,grok-4.20-0309-non-reasoning,sha256:66fa44c7e4fc98a4969feeffeecaca47e118917ae542a33c35c2b75e7cf9cd3e,det-v1,1,accepted,1477,59,0.002,0.0019937500,true,false
call-000933,arm12b_cth_llm,dev/f4/s4200000/early_accurate,16,grok-4.20-0309-non-reasoning,sha256:66fa44c7e4fc98a4969feeffeecaca47e118917ae542a33c35c2b75e7cf9cd3e,det-v1,1,accepted,1477,59,0.002,0.0019937500,true,false
call-000934,arm8_spec_immediate,dev/f4/s4200000/late_accurate,19,grok-4.20-0309-non-reasoning,sha256:fdf735878af22d0b5c1156ff8d838f22db66641536e2bfc2cd1694aea3236d1b,det-v1,1,,1591,87,1992.110,0.0022062500,false,true
call-000935,arm8_spec_immediate,dev/f4/s4200000/late_accurate,19,grok-4.20-0309-non-reasoning,sha256:fdf735878af22d0b5c1156ff8d838f22db66641536e2bfc2cd1694aea3236d1b,det-v1,1,accepted,1591,87,1992.110,0.0022062500,false,false
call-000936,arm10_spec_eprocess,dev/f4/s4200000/late_accurate,19,grok-4.20-0309-non-reasoning,sha256:fdf735878af22d0b5c1156ff8d838f22db66641536e2bfc2cd1694aea3236d1b,det-v1,1,accepted,1591,87,0.002,0.0022062500,true,false
call-000937,arm12_cth,dev/f4/s4200000/late_accurate,19,grok-4.20-0309-non-reasoning,sha256:fdf735878af22d0b5c1156ff8d838f22db66641536e2bfc2cd1694aea3236d1b,det-v1,1,accepted,1591,87,0.002,0.0022062500,true,false
call-000938,arm12b_cth_llm,dev/f4/s4200000/late_accurate,19,grok-4.20-0309-non-reasoning,sha256:fdf735878af22d0b5c1156ff8d838f22db66641536e2bfc2cd1694aea3236d1b,det-v1,1,accepted,1591,87,0.002,0.0022062500,true,false
call-000939,arm8_spec_immediate,dev/f4/s4200000/unreliable,16,grok-4.20-0309-non-reasoning,sha256:103ec3d75b680bb7b8c525d1b68b13378901a339917e1432fccddbd17fda514b,det-v1,1,,1467,50,790.861,0.0019587500,false,true
call-000940,arm8_spec_immediate,dev/f4/s4200000/unreliable,16,grok-4.20-0309-non-reasoning,sha256:103ec3d75b680bb7b8c525d1b68b13378901a339917e1432fccddbd17fda514b,det-v1,1,accepted,1467,50,790.861,0.0019587500,false,false
call-000941,arm10_spec_eprocess,dev/f4/s4200000/unreliable,16,grok-4.20-0309-non-reasoning,sha256:103ec3d75b680bb7b8c525d1b68b13378901a339917e1432fccddbd17fda514b,det-v1,1,accepted,1467,50,0.002,0.0019587500,true,false
call-000942,arm12_cth,dev/f4/s4200000/unreliable,16,grok-4.20-0309-non-reasoning,sha256:103ec3d75b680bb7b8c525d1b68b13378901a339917e1432fccddbd17fda514b,det-v1,1,accepted,1467,50,0.002,0.0019587500,true,false
call-000943,arm12b_cth_llm,dev/f4/s4200000/unreliable,16,grok-4.20-0309-non-reasoning,sha256:103ec3d75b680bb7b8c525d1b68b13378901a339917e1432fccddbd17fda514b,det-v1,1,accepted,1467,50,0.002,0.0019587500,true,false
call-000944,arm8_spec_immediate,cal/f4/s4200001/early_accurate,20,grok-4.20-0309-non-reasoning,sha256:97f85077e6285b67d01602088081f1a1e0208b880894688d5489bfee2baece46,det-v1,1,,1629,60,975.530,0.0021862500,false,true
call-000945,arm8_spec_immediate,cal/f4/s4200001/early_accurate,20,grok-4.20-0309-non-reasoning,sha256:97f85077e6285b67d01602088081f1a1e0208b880894688d5489bfee2baece46,det-v1,1,accepted,1629,60,975.530,0.0021862500,false,false
call-000946,arm10_spec_eprocess,cal/f4/s4200001/early_accurate,20,grok-4.20-0309-non-reasoning,sha256:97f85077e6285b67d01602088081f1a1e0208b880894688d5489bfee2baece46,det-v1,1,accepted,1629,60,0.002,0.0021862500,true,false
call-000947,arm12_cth,cal/f4/s4200001/early_accurate,20,grok-4.20-0309-non-reasoning,sha256:97f85077e6285b67d01602088081f1a1e0208b880894688d5489bfee2baece46,det-v1,1,accepted,1629,60,0.002,0.0021862500,true,false
call-000948,arm12b_cth_llm,cal/f4/s4200001/early_accurate,20,grok-4.20-0309-non-reasoning,sha256:97f85077e6285b67d01602088081f1a1e0208b880894688d5489bfee2baece46,det-v1,1,accepted,1629,60,0.003,0.0021862500,true,false
call-000949,arm8_spec_immediate,cal/f4/s4200001/late_accurate,23,grok-4.20-0309-non-reasoning,sha256:91749cbdab9e3ccfdbc409414ea74593fd58e69e1e02ab374dede6ea3d1560e3,det-v1,1,,1743,60,934.955,0.0023287500,false,true
call-000950,arm8_spec_immediate,cal/f4/s4200001/late_accurate,23,grok-4.20-0309-non-reasoning,sha256:91749cbdab9e3ccfdbc409414ea74593fd58e69e1e02ab374dede6ea3d1560e3,det-v1,1,accepted,1743,60,934.955,0.0023287500,false,false
call-000951,arm10_spec_eprocess,cal/f4/s4200001/late_accurate,23,grok-4.20-0309-non-reasoning,sha256:91749cbdab9e3ccfdbc409414ea74593fd58e69e1e02ab374dede6ea3d1560e3,det-v1,1,accepted,1743,60,0.002,0.0023287500,true,false
call-000952,arm12_cth,cal/f4/s4200001/late_accurate,23,grok-4.20-0309-non-reasoning,sha256:91749cbdab9e3ccfdbc409414ea74593fd58e69e1e02ab374dede6ea3d1560e3,det-v1,1,accepted,1743,60,0.002,0.0023287500,true,false
call-000953,arm12b_cth_llm,cal/f4/s4200001/late_accurate,23,grok-4.20-0309-non-reasoning,sha256:91749cbdab9e3ccfdbc409414ea74593fd58e69e1e02ab374dede6ea3d1560e3,det-v1,1,accepted,1743,60,0.004,0.0023287500,true,false
call-000954,arm8_spec_immediate,cal/f4/s4200001/unreliable,20,grok-4.20-0309-non-reasoning,sha256:e02744f8cddd9b578e95fbdaefb1fa9e5e6d22b9e8819f679a7e8a784dbfaf6b,det-v1,1,,1628,61,888.625,0.0021875000,false,true
call-000955,arm8_spec_immediate,cal/f4/s4200001/unreliable,20,grok-4.20-0309-non-reasoning,sha256:e02744f8cddd9b578e95fbdaefb1fa9e5e6d22b9e8819f679a7e8a784dbfaf6b,det-v1,1,accepted,1628,61,888.625,0.0021875000,false,false
call-000956,arm10_spec_eprocess,cal/f4/s4200001/unreliable,20,grok-4.20-0309-non-reasoning,sha256:e02744f8cddd9b578e95fbdaefb1fa9e5e6d22b9e8819f679a7e8a784dbfaf6b,det-v1,1,accepted,1628,61,0.002,0.0021875000,true,false
call-000957,arm12_cth,cal/f4/s4200001/unreliable,20,grok-4.20-0309-non-reasoning,sha256:e02744f8cddd9b578e95fbdaefb1fa9e5e6d22b9e8819f679a7e8a784dbfaf6b,det-v1,1,accepted,1628,61,0.002,0.0021875000,true,false
call-000958,arm12b_cth_llm,cal/f4/s4200001/unreliable,20,grok-4.20-0309-non-reasoning,sha256:e02744f8cddd9b578e95fbdaefb1fa9e5e6d22b9e8819f679a7e8a784dbfaf6b,det-v1,1,accepted,1628,61,0.002,0.0021875000,true,false
call-000959,arm8_spec_immediate,cal/f4/s4200001/no_alert__twin,10,grok-4.20-0309-non-reasoning,sha256:8d7c27013b6864d2a7f51496f01423393428f2e3b0e2c7e1f41b1f85e5e4fa05,det-v1,1,,1255,76,1069.300,0.0017587500,false,true
call-000960,arm8_spec_immediate,cal/f4/s4200001/no_alert__twin,10,grok-4.20-0309-non-reasoning,sha256:8d7c27013b6864d2a7f51496f01423393428f2e3b0e2c7e1f41b1f85e5e4fa05,det-v1,1,accepted,1255,76,1069.300,0.0017587500,false,false
call-000961,arm10_spec_eprocess,cal/f4/s4200001/no_alert__twin,10,grok-4.20-0309-non-reasoning,sha256:8d7c27013b6864d2a7f51496f01423393428f2e3b0e2c7e1f41b1f85e5e4fa05,det-v1,1,accepted,1255,76,0.001,0.0017587500,true,false
call-000962,arm12_cth,cal/f4/s4200001/no_alert__twin,10,grok-4.20-0309-non-reasoning,sha256:8d7c27013b6864d2a7f51496f01423393428f2e3b0e2c7e1f41b1f85e5e4fa05,det-v1,1,accepted,1255,76,0.002,0.0017587500,true,false
call-000963,arm12b_cth_llm,cal/f4/s4200001/no_alert__twin,10,grok-4.20-0309-non-reasoning,sha256:8d7c27013b6864d2a7f51496f01423393428f2e3b0e2c7e1f41b1f85e5e4fa05,det-v1,1,accepted,1255,76,0.002,0.0017587500,true,false
call-000964,arm8_spec_immediate,dev/f4/s4200002/early_accurate,19,grok-4.20-0309-non-reasoning,sha256:a76ad92b109fb6ad59dcdfccba5dbcf295af1d1862b3f0294dcbdc1cc923ce9a,det-v1,1,,1596,86,1112.907,0.0022100000,false,true
call-000965,arm8_spec_immediate,dev/f4/s4200002/early_accurate,19,grok-4.20-0309-non-reasoning,sha256:a76ad92b109fb6ad59dcdfccba5dbcf295af1d1862b3f0294dcbdc1cc923ce9a,det-v1,1,accepted,1596,86,1112.907,0.0022100000,false,false
call-000966,arm10_spec_eprocess,dev/f4/s4200002/early_accurate,19,grok-4.20-0309-non-reasoning,sha256:a76ad92b109fb6ad59dcdfccba5dbcf295af1d1862b3f0294dcbdc1cc923ce9a,det-v1,1,accepted,1596,86,0.002,0.0022100000,true,false
call-000967,arm12_cth,dev/f4/s4200002/early_accurate,19,grok-4.20-0309-non-reasoning,sha256:a76ad92b109fb6ad59dcdfccba5dbcf295af1d1862b3f0294dcbdc1cc923ce9a,det-v1,1,accepted,1596,86,0.002,0.0022100000,true,false
call-000968,arm12b_cth_llm,dev/f4/s4200002/early_accurate,19,grok-4.20-0309-non-reasoning,sha256:a76ad92b109fb6ad59dcdfccba5dbcf295af1d1862b3f0294dcbdc1cc923ce9a,det-v1,1,accepted,1596,86,0.002,0.0022100000,true,false
call-000969,arm8_spec_immediate,dev/f4/s4200002/late_accurate,22,grok-4.20-0309-non-reasoning,sha256:a2097504167addc9b120bd1372969940c57dc9eb275d6d0a90467494459d52fa,det-v1,1,,1710,60,899.871,0.0022875000,false,true
call-000970,arm8_spec_immediate,dev/f4/s4200002/late_accurate,22,grok-4.20-0309-non-reasoning,sha256:a2097504167addc9b120bd1372969940c57dc9eb275d6d0a90467494459d52fa,det-v1,1,accepted,1710,60,899.871,0.0022875000,false,false
call-000971,arm10_spec_eprocess,dev/f4/s4200002/late_accurate,22,grok-4.20-0309-non-reasoning,sha256:a2097504167addc9b120bd1372969940c57dc9eb275d6d0a90467494459d52fa,det-v1,1,accepted,1710,60,0.002,0.0022875000,true,false
call-000972,arm12_cth,dev/f4/s4200002/late_accurate,22,grok-4.20-0309-non-reasoning,sha256:a2097504167addc9b120bd1372969940c57dc9eb275d6d0a90467494459d52fa,det-v1,1,accepted,1710,60,0.002,0.0022875000,true,false
call-000973,arm12b_cth_llm,dev/f4/s4200002/late_accurate,22,grok-4.20-0309-non-reasoning,sha256:a2097504167addc9b120bd1372969940c57dc9eb275d6d0a90467494459d52fa,det-v1,1,accepted,1710,60,0.002,0.0022875000,true,false
call-000974,arm8_spec_immediate,dev/f4/s4200002/unreliable,19,grok-4.20-0309-non-reasoning,sha256:6cc288d915e82ef9314d8832ca98d4ccffbd668228c18d037db8cef089cc64f4,det-v1,1,,1597,59,906.522,0.0021437500,false,true
call-000975,arm8_spec_immediate,dev/f4/s4200002/unreliable,19,grok-4.20-0309-non-reasoning,sha256:6cc288d915e82ef9314d8832ca98d4ccffbd668228c18d037db8cef089cc64f4,det-v1,1,accepted,1597,59,906.522,0.0021437500,false,false
call-000976,arm10_spec_eprocess,dev/f4/s4200002/unreliable,19,grok-4.20-0309-non-reasoning,sha256:6cc288d915e82ef9314d8832ca98d4ccffbd668228c18d037db8cef089cc64f4,det-v1,1,accepted,1597,59,0.002,0.0021437500,true,false
call-000977,arm12_cth,dev/f4/s4200002/unreliable,19,grok-4.20-0309-non-reasoning,sha256:6cc288d915e82ef9314d8832ca98d4ccffbd668228c18d037db8cef089cc64f4,det-v1,1,accepted,1597,59,0.001,0.0021437500,true,false
call-000978,arm12b_cth_llm,dev/f4/s4200002/unreliable,19,grok-4.20-0309-non-reasoning,sha256:6cc288d915e82ef9314d8832ca98d4ccffbd668228c18d037db8cef089cc64f4,det-v1,1,accepted,1597,59,0.002,0.0021437500,true,false
call-000979,arm8_spec_immediate,dev/f4/s4200002/no_alert__twin,10,grok-4.20-0309-non-reasoning,sha256:b930921ab2146126ee155d6be03caddfdc6989811e2739bb53caea7de01fccc9,det-v1,1,,1253,67,945.107,0.0017337500,false,true
call-000980,arm8_spec_immediate,dev/f4/s4200002/no_alert__twin,10,grok-4.20-0309-non-reasoning,sha256:b930921ab2146126ee155d6be03caddfdc6989811e2739bb53caea7de01fccc9,det-v1,1,accepted,1253,67,945.107,0.0017337500,false,false
call-000981,arm10_spec_eprocess,dev/f4/s4200002/no_alert__twin,10,grok-4.20-0309-non-reasoning,sha256:b930921ab2146126ee155d6be03caddfdc6989811e2739bb53caea7de01fccc9,det-v1,1,accepted,1253,67,0.002,0.0017337500,true,false
call-000982,arm12_cth,dev/f4/s4200002/no_alert__twin,10,grok-4.20-0309-non-reasoning,sha256:b930921ab2146126ee155d6be03caddfdc6989811e2739bb53caea7de01fccc9,det-v1,1,accepted,1253,67,0.002,0.0017337500,true,false
call-000983,arm12b_cth_llm,dev/f4/s4200002/no_alert__twin,10,grok-4.20-0309-non-reasoning,sha256:b930921ab2146126ee155d6be03caddfdc6989811e2739bb53caea7de01fccc9,det-v1,1,accepted,1253,67,0.003,0.0017337500,true,false
call-000984,arm8_spec_immediate,cal/f4/s4200003/no_alert,34,grok-4.20-0309-non-reasoning,sha256:042c3bbbb95cd69b2922728c91b16507a29c6f568fbbb945a2d0f5d65c429822,det-v1,1,,2127,66,818.101,0.0028237500,false,true
call-000985,arm8_spec_immediate,cal/f4/s4200003/no_alert,34,grok-4.20-0309-non-reasoning,sha256:042c3bbbb95cd69b2922728c91b16507a29c6f568fbbb945a2d0f5d65c429822,det-v1,1,accepted,2127,66,818.101,0.0028237500,false,false
call-000986,arm10_spec_eprocess,cal/f4/s4200003/no_alert,34,grok-4.20-0309-non-reasoning,sha256:042c3bbbb95cd69b2922728c91b16507a29c6f568fbbb945a2d0f5d65c429822,det-v1,1,accepted,2127,66,0.002,0.0028237500,true,false
call-000987,arm12_cth,cal/f4/s4200003/no_alert,34,grok-4.20-0309-non-reasoning,sha256:042c3bbbb95cd69b2922728c91b16507a29c6f568fbbb945a2d0f5d65c429822,det-v1,1,accepted,2127,66,0.002,0.0028237500,true,false
call-000988,arm12b_cth_llm,cal/f4/s4200003/no_alert,34,grok-4.20-0309-non-reasoning,sha256:042c3bbbb95cd69b2922728c91b16507a29c6f568fbbb945a2d0f5d65c429822,det-v1,1,accepted,2127,66,0.002,0.0028237500,true,false
call-000989,arm8_spec_immediate,cal/f4/s4200003/early_accurate,13,grok-4.20-0309-non-reasoning,sha256:b23df45060290efc8c210eefaac3b8f92cedcabad39b22ed4db56329a265c072,det-v1,1,,1369,60,1826.809,0.0018612500,false,true
call-000990,arm8_spec_immediate,cal/f4/s4200003/early_accurate,13,grok-4.20-0309-non-reasoning,sha256:b23df45060290efc8c210eefaac3b8f92cedcabad39b22ed4db56329a265c072,det-v1,1,accepted,1369,60,1826.809,0.0018612500,false,false
call-000991,arm8_spec_immediate,cal/f4/s4200003/early_accurate,34,grok-4.20-0309-non-reasoning,sha256:31e0c60a3fb28b7c513b1cf6a2fffe1591332cbfeae8fb86e3ff63aea95a9224,det-v1,1,,2167,59,901.443,0.0028562500,false,true
call-000992,arm8_spec_immediate,cal/f4/s4200003/early_accurate,34,grok-4.20-0309-non-reasoning,sha256:31e0c60a3fb28b7c513b1cf6a2fffe1591332cbfeae8fb86e3ff63aea95a9224,det-v1,1,accepted,2167,59,901.443,0.0028562500,false,false
call-000993,arm10_spec_eprocess,cal/f4/s4200003/early_accurate,13,grok-4.20-0309-non-reasoning,sha256:b23df45060290efc8c210eefaac3b8f92cedcabad39b22ed4db56329a265c072,det-v1,1,accepted,1369,60,0.002,0.0018612500,true,false
call-000994,arm10_spec_eprocess,cal/f4/s4200003/early_accurate,34,grok-4.20-0309-non-reasoning,sha256:6de7f5128cee9c5582870fd03f1e3f78412902662fcb377823528765971f11c4,det-v1,1,,2167,60,876.053,0.0028587500,false,true
call-000995,arm10_spec_eprocess,cal/f4/s4200003/early_accurate,34,grok-4.20-0309-non-reasoning,sha256:6de7f5128cee9c5582870fd03f1e3f78412902662fcb377823528765971f11c4,det-v1,1,accepted,2167,60,876.053,0.0028587500,false,false
call-000996,arm12_cth,cal/f4/s4200003/early_accurate,13,grok-4.20-0309-non-reasoning,sha256:b23df45060290efc8c210eefaac3b8f92cedcabad39b22ed4db56329a265c072,det-v1,1,accepted,1369,60,0.002,0.0018612500,true,false
call-000997,arm12_cth,cal/f4/s4200003/early_accurate,34,grok-4.20-0309-non-reasoning,sha256:0c0177d3864d1287e3feafa90b0481f8d0720c55627d99683741a5d14e8c53f0,det-v1,1,,2167,60,844.261,0.0028587500,false,true
call-000998,arm12_cth,cal/f4/s4200003/early_accurate,34,grok-4.20-0309-non-reasoning,sha256:0c0177d3864d1287e3feafa90b0481f8d0720c55627d99683741a5d14e8c53f0,det-v1,1,accepted,2167,60,844.261,0.0028587500,false,false
call-000999,arm12b_cth_llm,cal/f4/s4200003/early_accurate,13,grok-4.20-0309-non-reasoning,sha256:b23df45060290efc8c210eefaac3b8f92cedcabad39b22ed4db56329a265c072,det-v1,1,accepted,1369,60,0.002,0.0018612500,true,false
call-001000,arm12b_cth_llm,cal/f4/s4200003/early_accurate,34,grok-4.20-0309-non-reasoning,sha256:c85ee7525ac210621d683f778daac3fe3d70fa29993709fd514a034bf7a55fba,det-v1,1,,2167,59,920.576,0.0028562500,false,true
call-001001,arm12b_cth_llm,cal/f4/s4200003/early_accurate,34,grok-4.20-0309-non-reasoning,sha256:c85ee7525ac210621d683f778daac3fe3d70fa29993709fd514a034bf7a55fba,det-v1,1,accepted,2167,59,920.576,0.0028562500,false,false
call-001002,arm8_spec_immediate,cal/f4/s4200003/late_accurate,16,grok-4.20-0309-non-reasoning,sha256:a1be95ebfcb7478a90336122caf2655349d254a6dda0a3821ab1c6e485f7ff1a,det-v1,1,,1483,88,1051.162,0.0020737500,false,true
call-001003,arm8_spec_immediate,cal/f4/s4200003/late_accurate,16,grok-4.20-0309-non-reasoning,sha256:a1be95ebfcb7478a90336122caf2655349d254a6dda0a3821ab1c6e485f7ff1a,det-v1,1,accepted,1483,88,1051.162,0.0020737500,false,false
call-001004,arm8_spec_immediate,cal/f4/s4200003/late_accurate,34,grok-4.20-0309-non-reasoning,sha256:4dc1b99a199df7c93f17996347984a613dafc649e5aa8d0162f10d4418f19f65,det-v1,1,,2167,63,1005.494,0.0028662500,false,true
call-001005,arm8_spec_immediate,cal/f4/s4200003/late_accurate,34,grok-4.20-0309-non-reasoning,sha256:4dc1b99a199df7c93f17996347984a613dafc649e5aa8d0162f10d4418f19f65,det-v1,1,accepted,2167,63,1005.494,0.0028662500,false,false
call-001006,arm10_spec_eprocess,cal/f4/s4200003/late_accurate,16,grok-4.20-0309-non-reasoning,sha256:a1be95ebfcb7478a90336122caf2655349d254a6dda0a3821ab1c6e485f7ff1a,det-v1,1,accepted,1483,88,0.002,0.0020737500,true,false
call-001007,arm10_spec_eprocess,cal/f4/s4200003/late_accurate,34,grok-4.20-0309-non-reasoning,sha256:ddd6a637a09534b321e23b54b3b85eae7851060680797d99b815135ee84532d2,det-v1,1,,2167,83,1135.482,0.0029162500,false,true
call-001008,arm10_spec_eprocess,cal/f4/s4200003/late_accurate,34,grok-4.20-0309-non-reasoning,sha256:ddd6a637a09534b321e23b54b3b85eae7851060680797d99b815135ee84532d2,det-v1,1,accepted,2167,83,1135.482,0.0029162500,false,false
call-001009,arm12_cth,cal/f4/s4200003/late_accurate,16,grok-4.20-0309-non-reasoning,sha256:a1be95ebfcb7478a90336122caf2655349d254a6dda0a3821ab1c6e485f7ff1a,det-v1,1,accepted,1483,88,0.003,0.0020737500,true,false
call-001010,arm12_cth,cal/f4/s4200003/late_accurate,34,grok-4.20-0309-non-reasoning,sha256:643e0017352561e4abbb22677f0847e930f3b1f39f234be1ceddc5a651f0e778,det-v1,1,,2167,66,1228.049,0.0028737500,false,true
call-001011,arm12_cth,cal/f4/s4200003/late_accurate,34,grok-4.20-0309-non-reasoning,sha256:643e0017352561e4abbb22677f0847e930f3b1f39f234be1ceddc5a651f0e778,det-v1,1,accepted,2167,66,1228.049,0.0028737500,false,false
call-001012,arm12b_cth_llm,cal/f4/s4200003/late_accurate,16,grok-4.20-0309-non-reasoning,sha256:a1be95ebfcb7478a90336122caf2655349d254a6dda0a3821ab1c6e485f7ff1a,det-v1,1,accepted,1483,88,0.002,0.0020737500,true,false
call-001013,arm12b_cth_llm,cal/f4/s4200003/late_accurate,34,grok-4.20-0309-non-reasoning,sha256:3a1f5462f3a9ff71f2fd89a8f93507d69f9d0a6d08d1ee12cd59d96bc482e568,det-v1,1,,2167,74,1438.278,0.0028937500,false,true
call-001014,arm12b_cth_llm,cal/f4/s4200003/late_accurate,34,grok-4.20-0309-non-reasoning,sha256:3a1f5462f3a9ff71f2fd89a8f93507d69f9d0a6d08d1ee12cd59d96bc482e568,det-v1,1,accepted,2167,74,1438.278,0.0028937500,false,false
call-001015,arm8_spec_immediate,cal/f4/s4200003/unreliable,13,grok-4.20-0309-non-reasoning,sha256:204ba67c56efbe6fab20eca147aa3a494d5946795c4941ed3ddeac26dab5fa56,det-v1,1,,1371,76,1338.739,0.0019037500,false,true
call-001016,arm8_spec_immediate,cal/f4/s4200003/unreliable,13,grok-4.20-0309-non-reasoning,sha256:204ba67c56efbe6fab20eca147aa3a494d5946795c4941ed3ddeac26dab5fa56,det-v1,1,accepted,1371,76,1338.739,0.0019037500,false,false
call-001017,arm8_spec_immediate,cal/f4/s4200003/unreliable,34,grok-4.20-0309-non-reasoning,sha256:324d0312afc54fa885e6beda16024e4d14d07036bc67afa729a83719eca7dfb2,det-v1,1,,2169,66,1012.379,0.0028762500,false,true
call-001018,arm8_spec_immediate,cal/f4/s4200003/unreliable,34,grok-4.20-0309-non-reasoning,sha256:324d0312afc54fa885e6beda16024e4d14d07036bc67afa729a83719eca7dfb2,det-v1,1,accepted,2169,66,1012.379,0.0028762500,false,false
call-001019,arm10_spec_eprocess,cal/f4/s4200003/unreliable,13,grok-4.20-0309-non-reasoning,sha256:204ba67c56efbe6fab20eca147aa3a494d5946795c4941ed3ddeac26dab5fa56,det-v1,1,accepted,1371,76,0.002,0.0019037500,true,false
call-001020,arm10_spec_eprocess,cal/f4/s4200003/unreliable,34,grok-4.20-0309-non-reasoning,sha256:324d0312afc54fa885e6beda16024e4d14d07036bc67afa729a83719eca7dfb2,det-v1,1,accepted,2169,66,0.001,0.0028762500,true,false
call-001021,arm12_cth,cal/f4/s4200003/unreliable,13,grok-4.20-0309-non-reasoning,sha256:204ba67c56efbe6fab20eca147aa3a494d5946795c4941ed3ddeac26dab5fa56,det-v1,1,accepted,1371,76,0.001,0.0019037500,true,false
call-001022,arm12_cth,cal/f4/s4200003/unreliable,34,grok-4.20-0309-non-reasoning,sha256:939dba42c29231a1f86815002ffe2dbe2f6b6145825275a3bf3f04b7e58b3533,det-v1,1,,2169,66,940.673,0.0028762500,false,true
call-001023,arm12_cth,cal/f4/s4200003/unreliable,34,grok-4.20-0309-non-reasoning,sha256:939dba42c29231a1f86815002ffe2dbe2f6b6145825275a3bf3f04b7e58b3533,det-v1,1,accepted,2169,66,940.673,0.0028762500,false,false
call-001024,arm12b_cth_llm,cal/f4/s4200003/unreliable,13,grok-4.20-0309-non-reasoning,sha256:204ba67c56efbe6fab20eca147aa3a494d5946795c4941ed3ddeac26dab5fa56,det-v1,1,accepted,1371,76,0.002,0.0019037500,true,false
call-001025,arm12b_cth_llm,cal/f4/s4200003/unreliable,34,grok-4.20-0309-non-reasoning,sha256:324d0312afc54fa885e6beda16024e4d14d07036bc67afa729a83719eca7dfb2,det-v1,1,accepted,2169,66,0.001,0.0028762500,true,false
call-001026,arm8_spec_immediate,cal/f4/s4200003/no_alert__twin,34,grok-4.20-0309-non-reasoning,sha256:d03f9eddecc0265c7adcfca11daae9e23113dbb383ae947048bcce4268f55cdf,det-v1,1,,2127,66,990.850,0.0028237500,false,true
call-001027,arm8_spec_immediate,cal/f4/s4200003/no_alert__twin,34,grok-4.20-0309-non-reasoning,sha256:d03f9eddecc0265c7adcfca11daae9e23113dbb383ae947048bcce4268f55cdf,det-v1,1,accepted,2127,66,990.850,0.0028237500,false,false
call-001028,arm10_spec_eprocess,cal/f4/s4200003/no_alert__twin,34,grok-4.20-0309-non-reasoning,sha256:d03f9eddecc0265c7adcfca11daae9e23113dbb383ae947048bcce4268f55cdf,det-v1,1,accepted,2127,66,0.002,0.0028237500,true,false
call-001029,arm12_cth,cal/f4/s4200003/no_alert__twin,34,grok-4.20-0309-non-reasoning,sha256:d03f9eddecc0265c7adcfca11daae9e23113dbb383ae947048bcce4268f55cdf,det-v1,1,accepted,2127,66,0.002,0.0028237500,true,false
call-001030,arm12b_cth_llm,cal/f4/s4200003/no_alert__twin,34,grok-4.20-0309-non-reasoning,sha256:d03f9eddecc0265c7adcfca11daae9e23113dbb383ae947048bcce4268f55cdf,det-v1,1,accepted,2127,66,0.002,0.0028237500,true,false
call-001031,arm8_spec_immediate,dev/f4/s4200004/early_accurate,15,grok-4.20-0309-non-reasoning,sha256:54a5f16c474da97e433859a56d64bccfb9c2774012340da8dff5683ad7c836bd,det-v1,1,,1445,87,1096.870,0.0020237500,false,true
call-001032,arm8_spec_immediate,dev/f4/s4200004/early_accurate,15,grok-4.20-0309-non-reasoning,sha256:54a5f16c474da97e433859a56d64bccfb9c2774012340da8dff5683ad7c836bd,det-v1,1,accepted,1445,87,1096.870,0.0020237500,false,false
call-001033,arm10_spec_eprocess,dev/f4/s4200004/early_accurate,15,grok-4.20-0309-non-reasoning,sha256:54a5f16c474da97e433859a56d64bccfb9c2774012340da8dff5683ad7c836bd,det-v1,1,accepted,1445,87,0.002,0.0020237500,true,false
call-001034,arm12_cth,dev/f4/s4200004/early_accurate,15,grok-4.20-0309-non-reasoning,sha256:54a5f16c474da97e433859a56d64bccfb9c2774012340da8dff5683ad7c836bd,det-v1,1,accepted,1445,87,0.002,0.0020237500,true,false
call-001035,arm12b_cth_llm,dev/f4/s4200004/early_accurate,15,grok-4.20-0309-non-reasoning,sha256:54a5f16c474da97e433859a56d64bccfb9c2774012340da8dff5683ad7c836bd,det-v1,1,accepted,1445,87,0.002,0.0020237500,true,false
call-001036,arm8_spec_immediate,dev/f4/s4200004/late_accurate,18,grok-4.20-0309-non-reasoning,sha256:5ca10209b827cd9581e7a2533a6a927aa314d9c35f994d6e28dcab9e49360393,det-v1,1,,1559,87,1114.095,0.0021662500,false,true
call-001037,arm8_spec_immediate,dev/f4/s4200004/late_accurate,18,grok-4.20-0309-non-reasoning,sha256:5ca10209b827cd9581e7a2533a6a927aa314d9c35f994d6e28dcab9e49360393,det-v1,1,accepted,1559,87,1114.095,0.0021662500,false,false
call-001038,arm10_spec_eprocess,dev/f4/s4200004/late_accurate,18,grok-4.20-0309-non-reasoning,sha256:5ca10209b827cd9581e7a2533a6a927aa314d9c35f994d6e28dcab9e49360393,det-v1,1,accepted,1559,87,0.002,0.0021662500,true,false
call-001039,arm12_cth,dev/f4/s4200004/late_accurate,18,grok-4.20-0309-non-reasoning,sha256:5ca10209b827cd9581e7a2533a6a927aa314d9c35f994d6e28dcab9e49360393,det-v1,1,accepted,1559,87,0.002,0.0021662500,true,false
call-001040,arm12b_cth_llm,dev/f4/s4200004/late_accurate,18,grok-4.20-0309-non-reasoning,sha256:5ca10209b827cd9581e7a2533a6a927aa314d9c35f994d6e28dcab9e49360393,det-v1,1,accepted,1559,87,0.002,0.0021662500,true,false
call-001041,arm8_spec_immediate,dev/f4/s4200004/unreliable,15,grok-4.20-0309-non-reasoning,sha256:5aa77e4a12730bba3ea2034f654d9ef072d7ecfedd4a3d73c8379df05ae141a6,det-v1,1,,1439,88,1082.616,0.0020187500,false,true
call-001042,arm8_spec_immediate,dev/f4/s4200004/unreliable,15,grok-4.20-0309-non-reasoning,sha256:5aa77e4a12730bba3ea2034f654d9ef072d7ecfedd4a3d73c8379df05ae141a6,det-v1,1,accepted,1439,88,1082.616,0.0020187500,false,false
call-001043,arm10_spec_eprocess,dev/f4/s4200004/unreliable,15,grok-4.20-0309-non-reasoning,sha256:5aa77e4a12730bba3ea2034f654d9ef072d7ecfedd4a3d73c8379df05ae141a6,det-v1,1,accepted,1439,88,0.002,0.0020187500,true,false
call-001044,arm12_cth,dev/f4/s4200004/unreliable,15,grok-4.20-0309-non-reasoning,sha256:5aa77e4a12730bba3ea2034f654d9ef072d7ecfedd4a3d73c8379df05ae141a6,det-v1,1,accepted,1439,88,0.003,0.0020187500,true,false
call-001045,arm12b_cth_llm,dev/f4/s4200004/unreliable,15,grok-4.20-0309-non-reasoning,sha256:5aa77e4a12730bba3ea2034f654d9ef072d7ecfedd4a3d73c8379df05ae141a6,det-v1,1,accepted,1439,88,0.003,0.0020187500,true,false
call-001046,arm8_spec_immediate,cal/f4/s4200005/early_accurate,18,grok-4.20-0309-non-reasoning,sha256:cfc7082a8159d59b5f82347b20702f344e5522657955515483d5cf252729c083,det-v1,1,,1557,62,972.286,0.0021012500,false,true
call-001047,arm8_spec_immediate,cal/f4/s4200005/early_accurate,18,grok-4.20-0309-non-reasoning,sha256:cfc7082a8159d59b5f82347b20702f344e5522657955515483d5cf252729c083,det-v1,1,accepted,1557,62,972.286,0.0021012500,false,false
call-001048,arm10_spec_eprocess,cal/f4/s4200005/early_accurate,18,grok-4.20-0309-non-reasoning,sha256:cfc7082a8159d59b5f82347b20702f344e5522657955515483d5cf252729c083,det-v1,1,accepted,1557,62,0.002,0.0021012500,true,false
call-001049,arm12_cth,cal/f4/s4200005/early_accurate,18,grok-4.20-0309-non-reasoning,sha256:cfc7082a8159d59b5f82347b20702f344e5522657955515483d5cf252729c083,det-v1,1,accepted,1557,62,0.003,0.0021012500,true,false
call-001050,arm12b_cth_llm,cal/f4/s4200005/early_accurate,18,grok-4.20-0309-non-reasoning,sha256:cfc7082a8159d59b5f82347b20702f344e5522657955515483d5cf252729c083,det-v1,1,accepted,1557,62,0.004,0.0021012500,true,false
call-001051,arm8_spec_immediate,cal/f4/s4200005/late_accurate,21,grok-4.20-0309-non-reasoning,sha256:f2dfc9b018103705df5041380445aa0ad6d74a87eca86273ee60a27ecca6e267,det-v1,1,,1671,66,980.273,0.0022537500,false,true
call-001052,arm8_spec_immediate,cal/f4/s4200005/late_accurate,21,grok-4.20-0309-non-reasoning,sha256:f2dfc9b018103705df5041380445aa0ad6d74a87eca86273ee60a27ecca6e267,det-v1,1,accepted,1671,66,980.273,0.0022537500,false,false
call-001053,arm10_spec_eprocess,cal/f4/s4200005/late_accurate,21,grok-4.20-0309-non-reasoning,sha256:f2dfc9b018103705df5041380445aa0ad6d74a87eca86273ee60a27ecca6e267,det-v1,1,accepted,1671,66,0.002,0.0022537500,true,false
call-001054,arm12_cth,cal/f4/s4200005/late_accurate,21,grok-4.20-0309-non-reasoning,sha256:f2dfc9b018103705df5041380445aa0ad6d74a87eca86273ee60a27ecca6e267,det-v1,1,accepted,1671,66,0.002,0.0022537500,true,false
call-001055,arm12b_cth_llm,cal/f4/s4200005/late_accurate,21,grok-4.20-0309-non-reasoning,sha256:f2dfc9b018103705df5041380445aa0ad6d74a87eca86273ee60a27ecca6e267,det-v1,1,accepted,1671,66,0.002,0.0022537500,true,false
call-001056,arm8_spec_immediate,cal/f4/s4200005/unreliable,18,grok-4.20-0309-non-reasoning,sha256:7941e0d319157d26a28eb1bfe3db4a7181fde1efcd59ab51df5d3df165ffcdd6,det-v1,1,,1560,76,1711.179,0.0021400000,false,true
call-001057,arm8_spec_immediate,cal/f4/s4200005/unreliable,18,grok-4.20-0309-non-reasoning,sha256:7941e0d319157d26a28eb1bfe3db4a7181fde1efcd59ab51df5d3df165ffcdd6,det-v1,1,accepted,1560,76,1711.179,0.0021400000,false,false
call-001058,arm10_spec_eprocess,cal/f4/s4200005/unreliable,18,grok-4.20-0309-non-reasoning,sha256:7941e0d319157d26a28eb1bfe3db4a7181fde1efcd59ab51df5d3df165ffcdd6,det-v1,1,accepted,1560,76,0.002,0.0021400000,true,false
call-001059,arm12_cth,cal/f4/s4200005/unreliable,18,grok-4.20-0309-non-reasoning,sha256:7941e0d319157d26a28eb1bfe3db4a7181fde1efcd59ab51df5d3df165ffcdd6,det-v1,1,accepted,1560,76,0.002,0.0021400000,true,false
call-001060,arm12b_cth_llm,cal/f4/s4200005/unreliable,18,grok-4.20-0309-non-reasoning,sha256:7941e0d319157d26a28eb1bfe3db4a7181fde1efcd59ab51df5d3df165ffcdd6,det-v1,1,accepted,1560,76,0.002,0.0021400000,true,false
call-001061,arm8_spec_immediate,cal/f4/s4200005/no_alert__twin,10,grok-4.20-0309-non-reasoning,sha256:095a20d5cded72f1041e18e94a2bd942d6b9d298afc958ba36baebdee2cae8ce,det-v1,1,,1258,79,1031.009,0.0017700000,false,true
call-001062,arm8_spec_immediate,cal/f4/s4200005/no_alert__twin,10,grok-4.20-0309-non-reasoning,sha256:095a20d5cded72f1041e18e94a2bd942d6b9d298afc958ba36baebdee2cae8ce,det-v1,1,accepted,1258,79,1031.009,0.0017700000,false,false
call-001063,arm10_spec_eprocess,cal/f4/s4200005/no_alert__twin,10,grok-4.20-0309-non-reasoning,sha256:095a20d5cded72f1041e18e94a2bd942d6b9d298afc958ba36baebdee2cae8ce,det-v1,1,accepted,1258,79,0.002,0.0017700000,true,false
call-001064,arm12_cth,cal/f4/s4200005/no_alert__twin,10,grok-4.20-0309-non-reasoning,sha256:095a20d5cded72f1041e18e94a2bd942d6b9d298afc958ba36baebdee2cae8ce,det-v1,1,accepted,1258,79,0.002,0.0017700000,true,false
call-001065,arm12b_cth_llm,cal/f4/s4200005/no_alert__twin,10,grok-4.20-0309-non-reasoning,sha256:095a20d5cded72f1041e18e94a2bd942d6b9d298afc958ba36baebdee2cae8ce,det-v1,1,accepted,1258,79,0.002,0.0017700000,true,false
call-001066,arm8_spec_immediate,dev/f4/s4200006/early_accurate,14,grok-4.20-0309-non-reasoning,sha256:11bbadfb4f4b683c355da123fd0c28b693f0f2a2812fd86185e96c96a97849a0,det-v1,1,,1404,87,1248.471,0.0019725000,false,true
call-001067,arm8_spec_immediate,dev/f4/s4200006/early_accurate,14,grok-4.20-0309-non-reasoning,sha256:11bbadfb4f4b683c355da123fd0c28b693f0f2a2812fd86185e96c96a97849a0,det-v1,1,accepted,1404,87,1248.471,0.0019725000,false,false
call-001068,arm10_spec_eprocess,dev/f4/s4200006/early_accurate,14,grok-4.20-0309-non-reasoning,sha256:11bbadfb4f4b683c355da123fd0c28b693f0f2a2812fd86185e96c96a97849a0,det-v1,1,accepted,1404,87,0.003,0.0019725000,true,false
call-001069,arm12_cth,dev/f4/s4200006/early_accurate,14,grok-4.20-0309-non-reasoning,sha256:11bbadfb4f4b683c355da123fd0c28b693f0f2a2812fd86185e96c96a97849a0,det-v1,1,accepted,1404,87,0.002,0.0019725000,true,false
call-001070,arm12b_cth_llm,dev/f4/s4200006/early_accurate,14,grok-4.20-0309-non-reasoning,sha256:11bbadfb4f4b683c355da123fd0c28b693f0f2a2812fd86185e96c96a97849a0,det-v1,1,accepted,1404,87,0.003,0.0019725000,true,false
call-001071,arm8_spec_immediate,dev/f4/s4200006/late_accurate,17,grok-4.20-0309-non-reasoning,sha256:b3396a716a4c11d329953a5fccf2ec7cfd9bc5b940dc785a2e8ce6dc8e9b0b29,det-v1,1,,1518,87,1087.773,0.0021150000,false,true
call-001072,arm8_spec_immediate,dev/f4/s4200006/late_accurate,17,grok-4.20-0309-non-reasoning,sha256:b3396a716a4c11d329953a5fccf2ec7cfd9bc5b940dc785a2e8ce6dc8e9b0b29,det-v1,1,accepted,1518,87,1087.773,0.0021150000,false,false
call-001073,arm10_spec_eprocess,dev/f4/s4200006/late_accurate,17,grok-4.20-0309-non-reasoning,sha256:b3396a716a4c11d329953a5fccf2ec7cfd9bc5b940dc785a2e8ce6dc8e9b0b29,det-v1,1,accepted,1518,87,0.002,0.0021150000,true,false
call-001074,arm12_cth,dev/f4/s4200006/late_accurate,17,grok-4.20-0309-non-reasoning,sha256:b3396a716a4c11d329953a5fccf2ec7cfd9bc5b940dc785a2e8ce6dc8e9b0b29,det-v1,1,accepted,1518,87,0.002,0.0021150000,true,false
call-001075,arm12b_cth_llm,dev/f4/s4200006/late_accurate,17,grok-4.20-0309-non-reasoning,sha256:b3396a716a4c11d329953a5fccf2ec7cfd9bc5b940dc785a2e8ce6dc8e9b0b29,det-v1,1,accepted,1518,87,0.002,0.0021150000,true,false
call-001076,arm8_spec_immediate,dev/f4/s4200006/unreliable,14,grok-4.20-0309-non-reasoning,sha256:d6bcd5d1e4a96a96434255b1a70ba2b44b69738c899110f061c5283e910ba76b,det-v1,1,,1393,50,728.015,0.0018662500,false,true
call-001077,arm8_spec_immediate,dev/f4/s4200006/unreliable,14,grok-4.20-0309-non-reasoning,sha256:d6bcd5d1e4a96a96434255b1a70ba2b44b69738c899110f061c5283e910ba76b,det-v1,1,accepted,1393,50,728.015,0.0018662500,false,false
call-001078,arm10_spec_eprocess,dev/f4/s4200006/unreliable,14,grok-4.20-0309-non-reasoning,sha256:d6bcd5d1e4a96a96434255b1a70ba2b44b69738c899110f061c5283e910ba76b,det-v1,1,accepted,1393,50,0.002,0.0018662500,true,false
call-001079,arm12_cth,dev/f4/s4200006/unreliable,14,grok-4.20-0309-non-reasoning,sha256:d6bcd5d1e4a96a96434255b1a70ba2b44b69738c899110f061c5283e910ba76b,det-v1,1,accepted,1393,50,0.002,0.0018662500,true,false
call-001080,arm12b_cth_llm,dev/f4/s4200006/unreliable,14,grok-4.20-0309-non-reasoning,sha256:d6bcd5d1e4a96a96434255b1a70ba2b44b69738c899110f061c5283e910ba76b,det-v1,1,accepted,1393,50,0.002,0.0018662500,true,false
call-001081,arm8_spec_immediate,dev/f4/s4200006/no_alert__twin,10,grok-4.20-0309-non-reasoning,sha256:5d5ffec4c9a1e0da398a4dd28788f9291dba0b4c45710ecd9525da19bf9f30bb,det-v1,1,,1253,67,1029.281,0.0017337500,false,true
call-001082,arm8_spec_immediate,dev/f4/s4200006/no_alert__twin,10,grok-4.20-0309-non-reasoning,sha256:5d5ffec4c9a1e0da398a4dd28788f9291dba0b4c45710ecd9525da19bf9f30bb,det-v1,1,accepted,1253,67,1029.281,0.0017337500,false,false
call-001083,arm10_spec_eprocess,dev/f4/s4200006/no_alert__twin,10,grok-4.20-0309-non-reasoning,sha256:5d5ffec4c9a1e0da398a4dd28788f9291dba0b4c45710ecd9525da19bf9f30bb,det-v1,1,accepted,1253,67,0.002,0.0017337500,true,false
call-001084,arm12_cth,dev/f4/s4200006/no_alert__twin,10,grok-4.20-0309-non-reasoning,sha256:5d5ffec4c9a1e0da398a4dd28788f9291dba0b4c45710ecd9525da19bf9f30bb,det-v1,1,accepted,1253,67,0.002,0.0017337500,true,false
call-001085,arm12b_cth_llm,dev/f4/s4200006/no_alert__twin,10,grok-4.20-0309-non-reasoning,sha256:5d5ffec4c9a1e0da398a4dd28788f9291dba0b4c45710ecd9525da19bf9f30bb,det-v1,1,accepted,1253,67,0.002,0.0017337500,true,false
call-001086,arm8_spec_immediate,cal/f4/s4200007/early_accurate,19,grok-4.20-0309-non-reasoning,sha256:f1d9db6a8b724c51d2118092cb795a97721fd4dd959e5bd6c02b843b1bea1f48,det-v1,1,,1593,59,835.637,0.0021387500,false,true
call-001087,arm8_spec_immediate,cal/f4/s4200007/early_accurate,19,grok-4.20-0309-non-reasoning,sha256:f1d9db6a8b724c51d2118092cb795a97721fd4dd959e5bd6c02b843b1bea1f48,det-v1,1,accepted,1593,59,835.637,0.0021387500,false,false
call-001088,arm10_spec_eprocess,cal/f4/s4200007/early_accurate,19,grok-4.20-0309-non-reasoning,sha256:f1d9db6a8b724c51d2118092cb795a97721fd4dd959e5bd6c02b843b1bea1f48,det-v1,1,accepted,1593,59,0.002,0.0021387500,true,false
call-001089,arm12_cth,cal/f4/s4200007/early_accurate,19,grok-4.20-0309-non-reasoning,sha256:f1d9db6a8b724c51d2118092cb795a97721fd4dd959e5bd6c02b843b1bea1f48,det-v1,1,accepted,1593,59,0.002,0.0021387500,true,false
call-001090,arm12b_cth_llm,cal/f4/s4200007/early_accurate,19,grok-4.20-0309-non-reasoning,sha256:f1d9db6a8b724c51d2118092cb795a97721fd4dd959e5bd6c02b843b1bea1f48,det-v1,1,accepted,1593,59,0.002,0.0021387500,true,false
call-001091,arm8_spec_immediate,cal/f4/s4200007/late_accurate,22,grok-4.20-0309-non-reasoning,sha256:9d91680e369fdece4b8006df14aefd11d94bdd4602785c0ce6b1f13d636da2fd,det-v1,1,,1707,50,887.943,0.0022587500,false,true
call-001092,arm8_spec_immediate,cal/f4/s4200007/late_accurate,22,grok-4.20-0309-non-reasoning,sha256:9d91680e369fdece4b8006df14aefd11d94bdd4602785c0ce6b1f13d636da2fd,det-v1,1,accepted,1707,50,887.943,0.0022587500,false,false
call-001093,arm10_spec_eprocess,cal/f4/s4200007/late_accurate,22,grok-4.20-0309-non-reasoning,sha256:9d91680e369fdece4b8006df14aefd11d94bdd4602785c0ce6b1f13d636da2fd,det-v1,1,accepted,1707,50,0.002,0.0022587500,true,false
call-001094,arm12_cth,cal/f4/s4200007/late_accurate,22,grok-4.20-0309-non-reasoning,sha256:9d91680e369fdece4b8006df14aefd11d94bdd4602785c0ce6b1f13d636da2fd,det-v1,1,accepted,1707,50,0.002,0.0022587500,true,false
call-001095,arm12b_cth_llm,cal/f4/s4200007/late_accurate,22,grok-4.20-0309-non-reasoning,sha256:9d91680e369fdece4b8006df14aefd11d94bdd4602785c0ce6b1f13d636da2fd,det-v1,1,accepted,1707,50,0.002,0.0022587500,true,false
call-001096,arm8_spec_immediate,cal/f4/s4200007/unreliable,19,grok-4.20-0309-non-reasoning,sha256:92d6923624276d4f4865d312cca46f5db84a4bb7d0d0936d5a24b64597e88085,det-v1,1,,1597,60,1042.906,0.0021462500,false,true
call-001097,arm8_spec_immediate,cal/f4/s4200007/unreliable,19,grok-4.20-0309-non-reasoning,sha256:92d6923624276d4f4865d312cca46f5db84a4bb7d0d0936d5a24b64597e88085,det-v1,1,accepted,1597,60,1042.906,0.0021462500,false,false
call-001098,arm10_spec_eprocess,cal/f4/s4200007/unreliable,19,grok-4.20-0309-non-reasoning,sha256:92d6923624276d4f4865d312cca46f5db84a4bb7d0d0936d5a24b64597e88085,det-v1,1,accepted,1597,60,0.002,0.0021462500,true,false
call-001099,arm12_cth,cal/f4/s4200007/unreliable,19,grok-4.20-0309-non-reasoning,sha256:92d6923624276d4f4865d312cca46f5db84a4bb7d0d0936d5a24b64597e88085,det-v1,1,accepted,1597,60,0.002,0.0021462500,true,false
call-001100,arm12b_cth_llm,cal/f4/s4200007/unreliable,19,grok-4.20-0309-non-reasoning,sha256:92d6923624276d4f4865d312cca46f5db84a4bb7d0d0936d5a24b64597e88085,det-v1,1,accepted,1597,60,0.003,0.0021462500,true,false
call-001101,arm8_spec_immediate,dev/f5/s5200000/no_alert,12,grok-4.20-0309-non-reasoning,sha256:aaabadab0859d1f2302e7f6d0227c2d256e145d9641545455263a4fadd368d8f,det-v1,1,,1291,50,772.685,0.0017387500,false,true
call-001102,arm8_spec_immediate,dev/f5/s5200000/no_alert,12,grok-4.20-0309-non-reasoning,sha256:aaabadab0859d1f2302e7f6d0227c2d256e145d9641545455263a4fadd368d8f,det-v1,1,accepted,1291,50,772.685,0.0017387500,false,false
call-001103,arm10_spec_eprocess,dev/f5/s5200000/no_alert,12,grok-4.20-0309-non-reasoning,sha256:aaabadab0859d1f2302e7f6d0227c2d256e145d9641545455263a4fadd368d8f,det-v1,1,accepted,1291,50,0.002,0.0017387500,true,false
call-001104,arm12_cth,dev/f5/s5200000/no_alert,12,grok-4.20-0309-non-reasoning,sha256:aaabadab0859d1f2302e7f6d0227c2d256e145d9641545455263a4fadd368d8f,det-v1,1,accepted,1291,50,0.002,0.0017387500,true,false
call-001105,arm12b_cth_llm,dev/f5/s5200000/no_alert,12,grok-4.20-0309-non-reasoning,sha256:aaabadab0859d1f2302e7f6d0227c2d256e145d9641545455263a4fadd368d8f,det-v1,1,accepted,1291,50,0.002,0.0017387500,true,false
call-001106,arm8_spec_immediate,dev/f5/s5200000/early_accurate,12,grok-4.20-0309-non-reasoning,sha256:d03fa15be41e18bb4045c47da982a6e1bdb93a80ced59d1cffa84002323db425,det-v1,1,,1291,50,805.904,0.0017387500,false,true
call-001107,arm8_spec_immediate,dev/f5/s5200000/early_accurate,12,grok-4.20-0309-non-reasoning,sha256:d03fa15be41e18bb4045c47da982a6e1bdb93a80ced59d1cffa84002323db425,det-v1,1,accepted,1291,50,805.904,0.0017387500,false,false
call-001108,arm8_spec_immediate,dev/f5/s5200000/early_accurate,21,grok-4.20-0309-non-reasoning,sha256:8233a579b7339c2e30e6196ea5b0f8b507009fa78548a7f9c4fac04261f7c750,det-v1,1,,1672,60,893.545,0.0022400000,false,true
call-001109,arm8_spec_immediate,dev/f5/s5200000/early_accurate,21,grok-4.20-0309-non-reasoning,sha256:8233a579b7339c2e30e6196ea5b0f8b507009fa78548a7f9c4fac04261f7c750,det-v1,1,accepted,1672,60,893.545,0.0022400000,false,false
call-001110,arm10_spec_eprocess,dev/f5/s5200000/early_accurate,12,grok-4.20-0309-non-reasoning,sha256:d03fa15be41e18bb4045c47da982a6e1bdb93a80ced59d1cffa84002323db425,det-v1,1,accepted,1291,50,0.002,0.0017387500,true,false
call-001111,arm10_spec_eprocess,dev/f5/s5200000/early_accurate,21,grok-4.20-0309-non-reasoning,sha256:8233a579b7339c2e30e6196ea5b0f8b507009fa78548a7f9c4fac04261f7c750,det-v1,1,accepted,1672,60,0.002,0.0022400000,true,false
call-001112,arm12_cth,dev/f5/s5200000/early_accurate,12,grok-4.20-0309-non-reasoning,sha256:d03fa15be41e18bb4045c47da982a6e1bdb93a80ced59d1cffa84002323db425,det-v1,1,accepted,1291,50,0.001,0.0017387500,true,false
call-001113,arm12_cth,dev/f5/s5200000/early_accurate,21,grok-4.20-0309-non-reasoning,sha256:8233a579b7339c2e30e6196ea5b0f8b507009fa78548a7f9c4fac04261f7c750,det-v1,1,accepted,1672,60,0.002,0.0022400000,true,false
call-001114,arm12b_cth_llm,dev/f5/s5200000/early_accurate,12,grok-4.20-0309-non-reasoning,sha256:d03fa15be41e18bb4045c47da982a6e1bdb93a80ced59d1cffa84002323db425,det-v1,1,accepted,1291,50,0.003,0.0017387500,true,false
call-001115,arm12b_cth_llm,dev/f5/s5200000/early_accurate,21,grok-4.20-0309-non-reasoning,sha256:8233a579b7339c2e30e6196ea5b0f8b507009fa78548a7f9c4fac04261f7c750,det-v1,1,accepted,1672,60,0.001,0.0022400000,true,false
call-001116,arm8_spec_immediate,dev/f5/s5200000/late_accurate,12,grok-4.20-0309-non-reasoning,sha256:bfa2874f8f9552880130171b8e1399af262c2316026072347ec6f6ba7f3af480,det-v1,1,,1291,50,1013.939,0.0017387500,false,true
call-001117,arm8_spec_immediate,dev/f5/s5200000/late_accurate,12,grok-4.20-0309-non-reasoning,sha256:bfa2874f8f9552880130171b8e1399af262c2316026072347ec6f6ba7f3af480,det-v1,1,accepted,1291,50,1013.939,0.0017387500,false,false
call-001118,arm8_spec_immediate,dev/f5/s5200000/late_accurate,24,grok-4.20-0309-non-reasoning,sha256:fffcdbc434c3a0dd941d89e97f1338be830f37e19b43308805b6c0eb5afdb83e,det-v1,1,,1786,87,1064.798,0.0024500000,false,true
call-001119,arm8_spec_immediate,dev/f5/s5200000/late_accurate,24,grok-4.20-0309-non-reasoning,sha256:fffcdbc434c3a0dd941d89e97f1338be830f37e19b43308805b6c0eb5afdb83e,det-v1,1,accepted,1786,87,1064.798,0.0024500000,false,false
call-001120,arm10_spec_eprocess,dev/f5/s5200000/late_accurate,12,grok-4.20-0309-non-reasoning,sha256:bfa2874f8f9552880130171b8e1399af262c2316026072347ec6f6ba7f3af480,det-v1,1,accepted,1291,50,0.002,0.0017387500,true,false
call-001121,arm10_spec_eprocess,dev/f5/s5200000/late_accurate,24,grok-4.20-0309-non-reasoning,sha256:fffcdbc434c3a0dd941d89e97f1338be830f37e19b43308805b6c0eb5afdb83e,det-v1,1,accepted,1786,87,0.002,0.0024500000,true,false
call-001122,arm12_cth,dev/f5/s5200000/late_accurate,12,grok-4.20-0309-non-reasoning,sha256:bfa2874f8f9552880130171b8e1399af262c2316026072347ec6f6ba7f3af480,det-v1,1,accepted,1291,50,0.002,0.0017387500,true,false
call-001123,arm12_cth,dev/f5/s5200000/late_accurate,24,grok-4.20-0309-non-reasoning,sha256:47bb26fca8054f795e5e4c0416985ac6e5bb6bab8ce3c27fa4fa951802c0c37c,det-v1,1,,1786,58,880.595,0.0023775000,false,true
call-001124,arm12_cth,dev/f5/s5200000/late_accurate,24,grok-4.20-0309-non-reasoning,sha256:47bb26fca8054f795e5e4c0416985ac6e5bb6bab8ce3c27fa4fa951802c0c37c,det-v1,1,accepted,1786,58,880.595,0.0023775000,false,false
call-001125,arm12b_cth_llm,dev/f5/s5200000/late_accurate,12,grok-4.20-0309-non-reasoning,sha256:bfa2874f8f9552880130171b8e1399af262c2316026072347ec6f6ba7f3af480,det-v1,1,accepted,1291,50,0.002,0.0017387500,true,false
call-001126,arm12b_cth_llm,dev/f5/s5200000/late_accurate,24,grok-4.20-0309-non-reasoning,sha256:fffcdbc434c3a0dd941d89e97f1338be830f37e19b43308805b6c0eb5afdb83e,det-v1,1,accepted,1786,87,0.002,0.0024500000,true,false
call-001127,arm8_spec_immediate,dev/f5/s5200000/unreliable,12,grok-4.20-0309-non-reasoning,sha256:5505475e56981b013c4cd155fd4bd019a5a9471205eb56abb3758bab22dad02a,det-v1,1,,1291,50,829.183,0.0017387500,false,true
call-001128,arm8_spec_immediate,dev/f5/s5200000/unreliable,12,grok-4.20-0309-non-reasoning,sha256:5505475e56981b013c4cd155fd4bd019a5a9471205eb56abb3758bab22dad02a,det-v1,1,accepted,1291,50,829.183,0.0017387500,false,false
call-001129,arm8_spec_immediate,dev/f5/s5200000/unreliable,21,grok-4.20-0309-non-reasoning,sha256:3b6e108fa603c05d30ddedd311ae464d2de01c977ebdb91edecd7eb2b5a13b51,det-v1,1,,1654,50,872.508,0.0021925000,false,true
call-001130,arm8_spec_immediate,dev/f5/s5200000/unreliable,21,grok-4.20-0309-non-reasoning,sha256:3b6e108fa603c05d30ddedd311ae464d2de01c977ebdb91edecd7eb2b5a13b51,det-v1,1,accepted,1654,50,872.508,0.0021925000,false,false
call-001131,arm10_spec_eprocess,dev/f5/s5200000/unreliable,12,grok-4.20-0309-non-reasoning,sha256:5505475e56981b013c4cd155fd4bd019a5a9471205eb56abb3758bab22dad02a,det-v1,1,accepted,1291,50,0.002,0.0017387500,true,false
call-001132,arm10_spec_eprocess,dev/f5/s5200000/unreliable,21,grok-4.20-0309-non-reasoning,sha256:3b6e108fa603c05d30ddedd311ae464d2de01c977ebdb91edecd7eb2b5a13b51,det-v1,1,accepted,1654,50,0.002,0.0021925000,true,false
call-001133,arm12_cth,dev/f5/s5200000/unreliable,12,grok-4.20-0309-non-reasoning,sha256:5505475e56981b013c4cd155fd4bd019a5a9471205eb56abb3758bab22dad02a,det-v1,1,accepted,1291,50,0.002,0.0017387500,true,false
call-001134,arm12_cth,dev/f5/s5200000/unreliable,21,grok-4.20-0309-non-reasoning,sha256:3b6e108fa603c05d30ddedd311ae464d2de01c977ebdb91edecd7eb2b5a13b51,det-v1,1,accepted,1654,50,0.002,0.0021925000,true,false
call-001135,arm12b_cth_llm,dev/f5/s5200000/unreliable,12,grok-4.20-0309-non-reasoning,sha256:5505475e56981b013c4cd155fd4bd019a5a9471205eb56abb3758bab22dad02a,det-v1,1,accepted,1291,50,0.002,0.0017387500,true,false
call-001136,arm12b_cth_llm,dev/f5/s5200000/unreliable,21,grok-4.20-0309-non-reasoning,sha256:3b6e108fa603c05d30ddedd311ae464d2de01c977ebdb91edecd7eb2b5a13b51,det-v1,1,accepted,1654,50,0.001,0.0021925000,true,false
call-001137,arm8_spec_immediate,dev/f5/s5200000/no_alert__twin,12,grok-4.20-0309-non-reasoning,sha256:06960bdc17469ed3f5b2b2d8a3c8496cdc4642ecf5c57fc358e19a972e35f7f8,det-v1,1,,1291,50,938.623,0.0017387500,false,true
call-001138,arm8_spec_immediate,dev/f5/s5200000/no_alert__twin,12,grok-4.20-0309-non-reasoning,sha256:06960bdc17469ed3f5b2b2d8a3c8496cdc4642ecf5c57fc358e19a972e35f7f8,det-v1,1,accepted,1291,50,938.623,0.0017387500,false,false
call-001139,arm10_spec_eprocess,dev/f5/s5200000/no_alert__twin,12,grok-4.20-0309-non-reasoning,sha256:06960bdc17469ed3f5b2b2d8a3c8496cdc4642ecf5c57fc358e19a972e35f7f8,det-v1,1,accepted,1291,50,0.002,0.0017387500,true,false
call-001140,arm12_cth,dev/f5/s5200000/no_alert__twin,12,grok-4.20-0309-non-reasoning,sha256:06960bdc17469ed3f5b2b2d8a3c8496cdc4642ecf5c57fc358e19a972e35f7f8,det-v1,1,accepted,1291,50,0.002,0.0017387500,true,false
call-001141,arm12b_cth_llm,dev/f5/s5200000/no_alert__twin,12,grok-4.20-0309-non-reasoning,sha256:06960bdc17469ed3f5b2b2d8a3c8496cdc4642ecf5c57fc358e19a972e35f7f8,det-v1,1,accepted,1291,50,0.002,0.0017387500,true,false
call-001142,arm8_spec_immediate,cal/f5/s5200001/early_accurate,14,grok-4.20-0309-non-reasoning,sha256:a3fbe683066adb06c2f472fc17e5b2649f87b909e15623d9ed1329f97a067fd7,det-v1,1,,1406,58,877.555,0.0019025000,false,true
call-001143,arm8_spec_immediate,cal/f5/s5200001/early_accurate,14,grok-4.20-0309-non-reasoning,sha256:a3fbe683066adb06c2f472fc17e5b2649f87b909e15623d9ed1329f97a067fd7,det-v1,1,accepted,1406,58,877.555,0.0019025000,false,false
call-001144,arm10_spec_eprocess,cal/f5/s5200001/early_accurate,14,grok-4.20-0309-non-reasoning,sha256:a3fbe683066adb06c2f472fc17e5b2649f87b909e15623d9ed1329f97a067fd7,det-v1,1,accepted,1406,58,0.002,0.0019025000,true,false
call-001145,arm12_cth,cal/f5/s5200001/early_accurate,14,grok-4.20-0309-non-reasoning,sha256:a3fbe683066adb06c2f472fc17e5b2649f87b909e15623d9ed1329f97a067fd7,det-v1,1,accepted,1406,58,0.002,0.0019025000,true,false
call-001146,arm12b_cth_llm,cal/f5/s5200001/early_accurate,14,grok-4.20-0309-non-reasoning,sha256:a3fbe683066adb06c2f472fc17e5b2649f87b909e15623d9ed1329f97a067fd7,det-v1,1,accepted,1406,58,0.002,0.0019025000,true,false
call-001147,arm8_spec_immediate,cal/f5/s5200001/late_accurate,17,grok-4.20-0309-non-reasoning,sha256:60378376fd1b7dc3b85e1d52d2527543637584002475205d41ead67d0f11f68a,det-v1,1,,1520,58,895.167,0.0020450000,false,true
call-001148,arm8_spec_immediate,cal/f5/s5200001/late_accurate,17,grok-4.20-0309-non-reasoning,sha256:60378376fd1b7dc3b85e1d52d2527543637584002475205d41ead67d0f11f68a,det-v1,1,accepted,1520,58,895.167,0.0020450000,false,false
call-001149,arm10_spec_eprocess,cal/f5/s5200001/late_accurate,17,grok-4.20-0309-non-reasoning,sha256:60378376fd1b7dc3b85e1d52d2527543637584002475205d41ead67d0f11f68a,det-v1,1,accepted,1520,58,0.002,0.0020450000,true,false
call-001150,arm12_cth,cal/f5/s5200001/late_accurate,17,grok-4.20-0309-non-reasoning,sha256:60378376fd1b7dc3b85e1d52d2527543637584002475205d41ead67d0f11f68a,det-v1,1,accepted,1520,58,0.002,0.0020450000,true,false
call-001151,arm12b_cth_llm,cal/f5/s5200001/late_accurate,17,grok-4.20-0309-non-reasoning,sha256:60378376fd1b7dc3b85e1d52d2527543637584002475205d41ead67d0f11f68a,det-v1,1,accepted,1520,58,0.004,0.0020450000,true,false
call-001152,arm8_spec_immediate,cal/f5/s5200001/unreliable,14,grok-4.20-0309-non-reasoning,sha256:ca545a48e949a752f1e10793bb5796472cc33e192ad7562c84872031ea1e8bed,det-v1,1,,1406,87,1104.691,0.0019750000,false,true
call-001153,arm8_spec_immediate,cal/f5/s5200001/unreliable,14,grok-4.20-0309-non-reasoning,sha256:ca545a48e949a752f1e10793bb5796472cc33e192ad7562c84872031ea1e8bed,det-v1,1,accepted,1406,87,1104.691,0.0019750000,false,false
call-001154,arm10_spec_eprocess,cal/f5/s5200001/unreliable,14,grok-4.20-0309-non-reasoning,sha256:ca545a48e949a752f1e10793bb5796472cc33e192ad7562c84872031ea1e8bed,det-v1,1,accepted,1406,87,0.002,0.0019750000,true,false
call-001155,arm12_cth,cal/f5/s5200001/unreliable,14,grok-4.20-0309-non-reasoning,sha256:ca545a48e949a752f1e10793bb5796472cc33e192ad7562c84872031ea1e8bed,det-v1,1,accepted,1406,87,0.002,0.0019750000,true,false
call-001156,arm12b_cth_llm,cal/f5/s5200001/unreliable,14,grok-4.20-0309-non-reasoning,sha256:ca545a48e949a752f1e10793bb5796472cc33e192ad7562c84872031ea1e8bed,det-v1,1,accepted,1406,87,0.002,0.0019750000,true,false
call-001157,arm8_spec_immediate,cal/f5/s5200001/no_alert__twin,10,grok-4.20-0309-non-reasoning,sha256:c1e735930f0f469a79ca9f4fc652628cf5ace287b4d113eb0429200cfd669f5b,det-v1,1,,1254,111,1394.807,0.0018450000,false,true
call-001158,arm8_spec_immediate,cal/f5/s5200001/no_alert__twin,10,grok-4.20-0309-non-reasoning,sha256:c1e735930f0f469a79ca9f4fc652628cf5ace287b4d113eb0429200cfd669f5b,det-v1,1,accepted,1254,111,1394.807,0.0018450000,false,false
call-001159,arm10_spec_eprocess,cal/f5/s5200001/no_alert__twin,10,grok-4.20-0309-non-reasoning,sha256:c1e735930f0f469a79ca9f4fc652628cf5ace287b4d113eb0429200cfd669f5b,det-v1,1,accepted,1254,111,0.002,0.0018450000,true,false
call-001160,arm12_cth,cal/f5/s5200001/no_alert__twin,10,grok-4.20-0309-non-reasoning,sha256:c1e735930f0f469a79ca9f4fc652628cf5ace287b4d113eb0429200cfd669f5b,det-v1,1,accepted,1254,111,0.002,0.0018450000,true,false
call-001161,arm12b_cth_llm,cal/f5/s5200001/no_alert__twin,10,grok-4.20-0309-non-reasoning,sha256:c1e735930f0f469a79ca9f4fc652628cf5ace287b4d113eb0429200cfd669f5b,det-v1,1,accepted,1254,111,0.002,0.0018450000,true,false
call-001162,arm8_spec_immediate,dev/f5/s5200002/early_accurate,13,grok-4.20-0309-non-reasoning,sha256:a98bd175526124eff066ca46ff5d5356f149a3534d4a261874e6a3c2e73d2a6e,det-v1,1,,1366,87,1080.350,0.0019250000,false,true
call-001163,arm8_spec_immediate,dev/f5/s5200002/early_accurate,13,grok-4.20-0309-non-reasoning,sha256:a98bd175526124eff066ca46ff5d5356f149a3534d4a261874e6a3c2e73d2a6e,det-v1,1,accepted,1366,87,1080.350,0.0019250000,false,false
call-001164,arm10_spec_eprocess,dev/f5/s5200002/early_accurate,13,grok-4.20-0309-non-reasoning,sha256:a98bd175526124eff066ca46ff5d5356f149a3534d4a261874e6a3c2e73d2a6e,det-v1,1,accepted,1366,87,0.002,0.0019250000,true,false
call-001165,arm12_cth,dev/f5/s5200002/early_accurate,13,grok-4.20-0309-non-reasoning,sha256:a98bd175526124eff066ca46ff5d5356f149a3534d4a261874e6a3c2e73d2a6e,det-v1,1,accepted,1366,87,0.002,0.0019250000,true,false
call-001166,arm12b_cth_llm,dev/f5/s5200002/early_accurate,13,grok-4.20-0309-non-reasoning,sha256:a98bd175526124eff066ca46ff5d5356f149a3534d4a261874e6a3c2e73d2a6e,det-v1,1,accepted,1366,87,0.002,0.0019250000,true,false
call-001167,arm8_spec_immediate,dev/f5/s5200002/late_accurate,16,grok-4.20-0309-non-reasoning,sha256:d105146a49171e77c6143f374acb979e9e2b68350b3c901e902fdd61ff5b0302,det-v1,1,,1480,60,1039.712,0.0020000000,false,true
call-001168,arm8_spec_immediate,dev/f5/s5200002/late_accurate,16,grok-4.20-0309-non-reasoning,sha256:d105146a49171e77c6143f374acb979e9e2b68350b3c901e902fdd61ff5b0302,det-v1,1,accepted,1480,60,1039.712,0.0020000000,false,false
call-001169,arm10_spec_eprocess,dev/f5/s5200002/late_accurate,16,grok-4.20-0309-non-reasoning,sha256:d105146a49171e77c6143f374acb979e9e2b68350b3c901e902fdd61ff5b0302,det-v1,1,accepted,1480,60,0.002,0.0020000000,true,false
call-001170,arm12_cth,dev/f5/s5200002/late_accurate,16,grok-4.20-0309-non-reasoning,sha256:d105146a49171e77c6143f374acb979e9e2b68350b3c901e902fdd61ff5b0302,det-v1,1,accepted,1480,60,0.002,0.0020000000,true,false
call-001171,arm12b_cth_llm,dev/f5/s5200002/late_accurate,16,grok-4.20-0309-non-reasoning,sha256:d105146a49171e77c6143f374acb979e9e2b68350b3c901e902fdd61ff5b0302,det-v1,1,accepted,1480,60,0.002,0.0020000000,true,false
call-001172,arm8_spec_immediate,dev/f5/s5200002/unreliable,13,grok-4.20-0309-non-reasoning,sha256:6439b309e6f2965b203589d6a1d37350e5d5779f1b05fba26bd0b4c303d31b37,det-v1,1,,1367,85,1076.081,0.0019212500,false,true
call-001173,arm8_spec_immediate,dev/f5/s5200002/unreliable,13,grok-4.20-0309-non-reasoning,sha256:6439b309e6f2965b203589d6a1d37350e5d5779f1b05fba26bd0b4c303d31b37,det-v1,1,accepted,1367,85,1076.081,0.0019212500,false,false
call-001174,arm10_spec_eprocess,dev/f5/s5200002/unreliable,13,grok-4.20-0309-non-reasoning,sha256:6439b309e6f2965b203589d6a1d37350e5d5779f1b05fba26bd0b4c303d31b37,det-v1,1,accepted,1367,85,0.002,0.0019212500,true,false
call-001175,arm12_cth,dev/f5/s5200002/unreliable,13,grok-4.20-0309-non-reasoning,sha256:6439b309e6f2965b203589d6a1d37350e5d5779f1b05fba26bd0b4c303d31b37,det-v1,1,accepted,1367,85,0.002,0.0019212500,true,false
call-001176,arm12b_cth_llm,dev/f5/s5200002/unreliable,13,grok-4.20-0309-non-reasoning,sha256:6439b309e6f2965b203589d6a1d37350e5d5779f1b05fba26bd0b4c303d31b37,det-v1,1,accepted,1367,85,0.002,0.0019212500,true,false
call-001177,arm8_spec_immediate,dev/f5/s5200002/no_alert__twin,10,grok-4.20-0309-non-reasoning,sha256:9a26195c03dd5ccdfddb18d253fea27f1a86df8731d32dcd099ce4263680478d,det-v1,1,,1252,86,1266.830,0.0017800000,false,true
call-001178,arm8_spec_immediate,dev/f5/s5200002/no_alert__twin,10,grok-4.20-0309-non-reasoning,sha256:9a26195c03dd5ccdfddb18d253fea27f1a86df8731d32dcd099ce4263680478d,det-v1,1,accepted,1252,86,1266.830,0.0017800000,false,false
call-001179,arm10_spec_eprocess,dev/f5/s5200002/no_alert__twin,10,grok-4.20-0309-non-reasoning,sha256:9a26195c03dd5ccdfddb18d253fea27f1a86df8731d32dcd099ce4263680478d,det-v1,1,accepted,1252,86,0.002,0.0017800000,true,false
call-001180,arm12_cth,dev/f5/s5200002/no_alert__twin,10,grok-4.20-0309-non-reasoning,sha256:9a26195c03dd5ccdfddb18d253fea27f1a86df8731d32dcd099ce4263680478d,det-v1,1,accepted,1252,86,0.002,0.0017800000,true,false
call-001181,arm12b_cth_llm,dev/f5/s5200002/no_alert__twin,10,grok-4.20-0309-non-reasoning,sha256:9a26195c03dd5ccdfddb18d253fea27f1a86df8731d32dcd099ce4263680478d,det-v1,1,accepted,1252,86,0.002,0.0017800000,true,false
call-001182,arm8_spec_immediate,cal/f5/s5200003/early_accurate,16,grok-4.20-0309-non-reasoning,sha256:34b39b9bdd091a257e01e3c2672e4b0f4680bda108525b106b4b94842ecb4260,det-v1,1,,1481,60,876.759,0.0020012500,false,true
call-001183,arm8_spec_immediate,cal/f5/s5200003/early_accurate,16,grok-4.20-0309-non-reasoning,sha256:34b39b9bdd091a257e01e3c2672e4b0f4680bda108525b106b4b94842ecb4260,det-v1,1,accepted,1481,60,876.759,0.0020012500,false,false
call-001184,arm10_spec_eprocess,cal/f5/s5200003/early_accurate,16,grok-4.20-0309-non-reasoning,sha256:34b39b9bdd091a257e01e3c2672e4b0f4680bda108525b106b4b94842ecb4260,det-v1,1,accepted,1481,60,0.002,0.0020012500,true,false
call-001185,arm12_cth,cal/f5/s5200003/early_accurate,16,grok-4.20-0309-non-reasoning,sha256:34b39b9bdd091a257e01e3c2672e4b0f4680bda108525b106b4b94842ecb4260,det-v1,1,accepted,1481,60,0.002,0.0020012500,true,false
call-001186,arm12b_cth_llm,cal/f5/s5200003/early_accurate,16,grok-4.20-0309-non-reasoning,sha256:34b39b9bdd091a257e01e3c2672e4b0f4680bda108525b106b4b94842ecb4260,det-v1,1,accepted,1481,60,0.002,0.0020012500,true,false
call-001187,arm8_spec_immediate,cal/f5/s5200003/late_accurate,19,grok-4.20-0309-non-reasoning,sha256:2f4880b1a334faa18dc16eec657b578440b2b1d616391f09b97b29c33731e89d,det-v1,1,,1595,60,801.265,0.0021437500,false,true
call-001188,arm8_spec_immediate,cal/f5/s5200003/late_accurate,19,grok-4.20-0309-non-reasoning,sha256:2f4880b1a334faa18dc16eec657b578440b2b1d616391f09b97b29c33731e89d,det-v1,1,accepted,1595,60,801.265,0.0021437500,false,false
call-001189,arm10_spec_eprocess,cal/f5/s5200003/late_accurate,19,grok-4.20-0309-non-reasoning,sha256:2f4880b1a334faa18dc16eec657b578440b2b1d616391f09b97b29c33731e89d,det-v1,1,accepted,1595,60,0.002,0.0021437500,true,false
call-001190,arm12_cth,cal/f5/s5200003/late_accurate,19,grok-4.20-0309-non-reasoning,sha256:2f4880b1a334faa18dc16eec657b578440b2b1d616391f09b97b29c33731e89d,det-v1,1,accepted,1595,60,0.002,0.0021437500,true,false
call-001191,arm12b_cth_llm,cal/f5/s5200003/late_accurate,19,grok-4.20-0309-non-reasoning,sha256:2f4880b1a334faa18dc16eec657b578440b2b1d616391f09b97b29c33731e89d,det-v1,1,accepted,1595,60,0.002,0.0021437500,true,false
call-001192,arm8_spec_immediate,cal/f5/s5200003/unreliable,16,grok-4.20-0309-non-reasoning,sha256:b7c20502f3a0449b5636aa3a58f4574230d6492fe23ece15abd7a2a34165839d,det-v1,1,,1478,50,853.999,0.0019725000,false,true
call-001193,arm8_spec_immediate,cal/f5/s5200003/unreliable,16,grok-4.20-0309-non-reasoning,sha256:b7c20502f3a0449b5636aa3a58f4574230d6492fe23ece15abd7a2a34165839d,det-v1,1,accepted,1478,50,853.999,0.0019725000,false,false
call-001194,arm10_spec_eprocess,cal/f5/s5200003/unreliable,16,grok-4.20-0309-non-reasoning,sha256:b7c20502f3a0449b5636aa3a58f4574230d6492fe23ece15abd7a2a34165839d,det-v1,1,accepted,1478,50,0.002,0.0019725000,true,false
call-001195,arm12_cth,cal/f5/s5200003/unreliable,16,grok-4.20-0309-non-reasoning,sha256:b7c20502f3a0449b5636aa3a58f4574230d6492fe23ece15abd7a2a34165839d,det-v1,1,accepted,1478,50,0.002,0.0019725000,true,false
call-001196,arm12b_cth_llm,cal/f5/s5200003/unreliable,16,grok-4.20-0309-non-reasoning,sha256:b7c20502f3a0449b5636aa3a58f4574230d6492fe23ece15abd7a2a34165839d,det-v1,1,accepted,1478,50,0.002,0.0019725000,true,false
call-001197,arm8_spec_immediate,dev/f5/s5200004/early_accurate,21,grok-4.20-0309-non-reasoning,sha256:87aded2cc8b11e044680a8ed8da8fac64a3647132602d0ece303987b513f3dbf,det-v1,1,,1670,60,849.710,0.0022375000,false,true
call-001198,arm8_spec_immediate,dev/f5/s5200004/early_accurate,21,grok-4.20-0309-non-reasoning,sha256:87aded2cc8b11e044680a8ed8da8fac64a3647132602d0ece303987b513f3dbf,det-v1,1,accepted,1670,60,849.710,0.0022375000,false,false
call-001199,arm10_spec_eprocess,dev/f5/s5200004/early_accurate,21,grok-4.20-0309-non-reasoning,sha256:87aded2cc8b11e044680a8ed8da8fac64a3647132602d0ece303987b513f3dbf,det-v1,1,accepted,1670,60,0.002,0.0022375000,true,false
call-001200,arm12_cth,dev/f5/s5200004/early_accurate,21,grok-4.20-0309-non-reasoning,sha256:87aded2cc8b11e044680a8ed8da8fac64a3647132602d0ece303987b513f3dbf,det-v1,1,accepted,1670,60,0.002,0.0022375000,true,false
call-001201,arm12b_cth_llm,dev/f5/s5200004/early_accurate,21,grok-4.20-0309-non-reasoning,sha256:87aded2cc8b11e044680a8ed8da8fac64a3647132602d0ece303987b513f3dbf,det-v1,1,accepted,1670,60,0.002,0.0022375000,true,false
call-001202,arm8_spec_immediate,dev/f5/s5200004/late_accurate,24,grok-4.20-0309-non-reasoning,sha256:e218c4fcc55986e64a60ddf078ff819e1a52c034eee200ce238da8c92cda4d49,det-v1,1,,1784,60,1607.174,0.0023800000,false,true
call-001203,arm8_spec_immediate,dev/f5/s5200004/late_accurate,24,grok-4.20-0309-non-reasoning,sha256:e218c4fcc55986e64a60ddf078ff819e1a52c034eee200ce238da8c92cda4d49,det-v1,1,accepted,1784,60,1607.174,0.0023800000,false,false
call-001204,arm10_spec_eprocess,dev/f5/s5200004/late_accurate,24,grok-4.20-0309-non-reasoning,sha256:e218c4fcc55986e64a60ddf078ff819e1a52c034eee200ce238da8c92cda4d49,det-v1,1,accepted,1784,60,0.002,0.0023800000,true,false
call-001205,arm12_cth,dev/f5/s5200004/late_accurate,24,grok-4.20-0309-non-reasoning,sha256:e218c4fcc55986e64a60ddf078ff819e1a52c034eee200ce238da8c92cda4d49,det-v1,1,accepted,1784,60,0.002,0.0023800000,true,false
call-001206,arm12b_cth_llm,dev/f5/s5200004/late_accurate,24,grok-4.20-0309-non-reasoning,sha256:e218c4fcc55986e64a60ddf078ff819e1a52c034eee200ce238da8c92cda4d49,det-v1,1,accepted,1784,60,0.002,0.0023800000,true,false
call-001207,arm8_spec_immediate,dev/f5/s5200004/unreliable,21,grok-4.20-0309-non-reasoning,sha256:6a3a72c997d47ffb0c93719168a65cf36b99e303de7b3737bb913500ffeb0f44,det-v1,1,,1668,59,1014.776,0.0022325000,false,true
call-001208,arm8_spec_immediate,dev/f5/s5200004/unreliable,21,grok-4.20-0309-non-reasoning,sha256:6a3a72c997d47ffb0c93719168a65cf36b99e303de7b3737bb913500ffeb0f44,det-v1,1,accepted,1668,59,1014.776,0.0022325000,false,false
call-001209,arm10_spec_eprocess,dev/f5/s5200004/unreliable,21,grok-4.20-0309-non-reasoning,sha256:6a3a72c997d47ffb0c93719168a65cf36b99e303de7b3737bb913500ffeb0f44,det-v1,1,accepted,1668,59,0.002,0.0022325000,true,false
call-001210,arm12_cth,dev/f5/s5200004/unreliable,21,grok-4.20-0309-non-reasoning,sha256:6a3a72c997d47ffb0c93719168a65cf36b99e303de7b3737bb913500ffeb0f44,det-v1,1,accepted,1668,59,0.002,0.0022325000,true,false
call-001211,arm12b_cth_llm,dev/f5/s5200004/unreliable,21,grok-4.20-0309-non-reasoning,sha256:6a3a72c997d47ffb0c93719168a65cf36b99e303de7b3737bb913500ffeb0f44,det-v1,1,accepted,1668,59,0.004,0.0022325000,true,false
call-001212,arm8_spec_immediate,cal/f5/s5200005/early_accurate,18,grok-4.20-0309-non-reasoning,sha256:79f5bd663d7c1540ca4874b5c72ba0046403739042718aad3f41a2e48402f166,det-v1,1,,1556,60,1046.997,0.0020950000,false,true
call-001213,arm8_spec_immediate,cal/f5/s5200005/early_accurate,18,grok-4.20-0309-non-reasoning,sha256:79f5bd663d7c1540ca4874b5c72ba0046403739042718aad3f41a2e48402f166,det-v1,1,accepted,1556,60,1046.997,0.0020950000,false,false
call-001214,arm10_spec_eprocess,cal/f5/s5200005/early_accurate,18,grok-4.20-0309-non-reasoning,sha256:79f5bd663d7c1540ca4874b5c72ba0046403739042718aad3f41a2e48402f166,det-v1,1,accepted,1556,60,0.002,0.0020950000,true,false
call-001215,arm12_cth,cal/f5/s5200005/early_accurate,18,grok-4.20-0309-non-reasoning,sha256:79f5bd663d7c1540ca4874b5c72ba0046403739042718aad3f41a2e48402f166,det-v1,1,accepted,1556,60,0.002,0.0020950000,true,false
call-001216,arm12b_cth_llm,cal/f5/s5200005/early_accurate,18,grok-4.20-0309-non-reasoning,sha256:79f5bd663d7c1540ca4874b5c72ba0046403739042718aad3f41a2e48402f166,det-v1,1,accepted,1556,60,0.002,0.0020950000,true,false
call-001217,arm8_spec_immediate,cal/f5/s5200005/late_accurate,21,grok-4.20-0309-non-reasoning,sha256:9816db32484868de57f2a09975dec69294e68b7bb9a0ba002446df67297e332b,det-v1,1,,1670,64,934.037,0.0022475000,false,true
call-001218,arm8_spec_immediate,cal/f5/s5200005/late_accurate,21,grok-4.20-0309-non-reasoning,sha256:9816db32484868de57f2a09975dec69294e68b7bb9a0ba002446df67297e332b,det-v1,1,accepted,1670,64,934.037,0.0022475000,false,false
call-001219,arm10_spec_eprocess,cal/f5/s5200005/late_accurate,21,grok-4.20-0309-non-reasoning,sha256:9816db32484868de57f2a09975dec69294e68b7bb9a0ba002446df67297e332b,det-v1,1,accepted,1670,64,0.002,0.0022475000,true,false
call-001220,arm12_cth,cal/f5/s5200005/late_accurate,21,grok-4.20-0309-non-reasoning,sha256:9816db32484868de57f2a09975dec69294e68b7bb9a0ba002446df67297e332b,det-v1,1,accepted,1670,64,0.002,0.0022475000,true,false
call-001221,arm12b_cth_llm,cal/f5/s5200005/late_accurate,21,grok-4.20-0309-non-reasoning,sha256:9816db32484868de57f2a09975dec69294e68b7bb9a0ba002446df67297e332b,det-v1,1,accepted,1670,64,0.002,0.0022475000,true,false
call-001222,arm8_spec_immediate,cal/f5/s5200005/unreliable,18,grok-4.20-0309-non-reasoning,sha256:d394def7a831a9f42f8beb1fa479403c64e746f4cb9f603c016f245daa5f0887,det-v1,1,,1563,50,790.894,0.0020787500,false,true
call-001223,arm8_spec_immediate,cal/f5/s5200005/unreliable,18,grok-4.20-0309-non-reasoning,sha256:d394def7a831a9f42f8beb1fa479403c64e746f4cb9f603c016f245daa5f0887,det-v1,1,accepted,1563,50,790.894,0.0020787500,false,false
call-001224,arm10_spec_eprocess,cal/f5/s5200005/unreliable,18,grok-4.20-0309-non-reasoning,sha256:d394def7a831a9f42f8beb1fa479403c64e746f4cb9f603c016f245daa5f0887,det-v1,1,accepted,1563,50,0.002,0.0020787500,true,false
call-001225,arm12_cth,cal/f5/s5200005/unreliable,18,grok-4.20-0309-non-reasoning,sha256:d394def7a831a9f42f8beb1fa479403c64e746f4cb9f603c016f245daa5f0887,det-v1,1,accepted,1563,50,0.002,0.0020787500,true,false
call-001226,arm12b_cth_llm,cal/f5/s5200005/unreliable,18,grok-4.20-0309-non-reasoning,sha256:d394def7a831a9f42f8beb1fa479403c64e746f4cb9f603c016f245daa5f0887,det-v1,1,accepted,1563,50,0.002,0.0020787500,true,false
call-001227,arm8_spec_immediate,cal/f5/s5200005/no_alert__twin,10,grok-4.20-0309-non-reasoning,sha256:1e297aed726679d7e28881888f9cc2a90bf09aed5c55d13a8adfa8bfdb9c2712,det-v1,1,,1256,86,1235.735,0.0017850000,false,true
call-001228,arm8_spec_immediate,cal/f5/s5200005/no_alert__twin,10,grok-4.20-0309-non-reasoning,sha256:1e297aed726679d7e28881888f9cc2a90bf09aed5c55d13a8adfa8bfdb9c2712,det-v1,1,accepted,1256,86,1235.735,0.0017850000,false,false
call-001229,arm10_spec_eprocess,cal/f5/s5200005/no_alert__twin,10,grok-4.20-0309-non-reasoning,sha256:1e297aed726679d7e28881888f9cc2a90bf09aed5c55d13a8adfa8bfdb9c2712,det-v1,1,accepted,1256,86,0.002,0.0017850000,true,false
call-001230,arm12_cth,cal/f5/s5200005/no_alert__twin,10,grok-4.20-0309-non-reasoning,sha256:1e297aed726679d7e28881888f9cc2a90bf09aed5c55d13a8adfa8bfdb9c2712,det-v1,1,accepted,1256,86,0.002,0.0017850000,true,false
call-001231,arm12b_cth_llm,cal/f5/s5200005/no_alert__twin,10,grok-4.20-0309-non-reasoning,sha256:1e297aed726679d7e28881888f9cc2a90bf09aed5c55d13a8adfa8bfdb9c2712,det-v1,1,accepted,1256,86,0.002,0.0017850000,true,false
call-001232,arm8_spec_immediate,dev/f5/s5200006/early_accurate,18,grok-4.20-0309-non-reasoning,sha256:08dfa5338b5a3c920fe693b2156834eaf117a382b3e9b54eca6eba5c0b677d80,det-v1,1,,1556,87,1005.158,0.0021625000,false,true
call-001233,arm8_spec_immediate,dev/f5/s5200006/early_accurate,18,grok-4.20-0309-non-reasoning,sha256:08dfa5338b5a3c920fe693b2156834eaf117a382b3e9b54eca6eba5c0b677d80,det-v1,1,accepted,1556,87,1005.158,0.0021625000,false,false
call-001234,arm10_spec_eprocess,dev/f5/s5200006/early_accurate,18,grok-4.20-0309-non-reasoning,sha256:08dfa5338b5a3c920fe693b2156834eaf117a382b3e9b54eca6eba5c0b677d80,det-v1,1,accepted,1556,87,0.002,0.0021625000,true,false
call-001235,arm12_cth,dev/f5/s5200006/early_accurate,18,grok-4.20-0309-non-reasoning,sha256:08dfa5338b5a3c920fe693b2156834eaf117a382b3e9b54eca6eba5c0b677d80,det-v1,1,accepted,1556,87,0.002,0.0021625000,true,false
call-001236,arm12b_cth_llm,dev/f5/s5200006/early_accurate,18,grok-4.20-0309-non-reasoning,sha256:08dfa5338b5a3c920fe693b2156834eaf117a382b3e9b54eca6eba5c0b677d80,det-v1,1,accepted,1556,87,0.002,0.0021625000,true,false
call-001237,arm8_spec_immediate,dev/f5/s5200006/late_accurate,21,grok-4.20-0309-non-reasoning,sha256:ae915de199f42aa7467f38828c8e6bf8dc57a4dccaac371bcb12739084a9b258,det-v1,1,,1670,87,1085.040,0.0023050000,false,true
call-001238,arm8_spec_immediate,dev/f5/s5200006/late_accurate,21,grok-4.20-0309-non-reasoning,sha256:ae915de199f42aa7467f38828c8e6bf8dc57a4dccaac371bcb12739084a9b258,det-v1,1,accepted,1670,87,1085.040,0.0023050000,false,false
call-001239,arm10_spec_eprocess,dev/f5/s5200006/late_accurate,21,grok-4.20-0309-non-reasoning,sha256:ae915de199f42aa7467f38828c8e6bf8dc57a4dccaac371bcb12739084a9b258,det-v1,1,accepted,1670,87,0.002,0.0023050000,true,false
call-001240,arm12_cth,dev/f5/s5200006/late_accurate,21,grok-4.20-0309-non-reasoning,sha256:ae915de199f42aa7467f38828c8e6bf8dc57a4dccaac371bcb12739084a9b258,det-v1,1,accepted,1670,87,0.002,0.0023050000,true,false
call-001241,arm12b_cth_llm,dev/f5/s5200006/late_accurate,21,grok-4.20-0309-non-reasoning,sha256:ae915de199f42aa7467f38828c8e6bf8dc57a4dccaac371bcb12739084a9b258,det-v1,1,accepted,1670,87,0.002,0.0023050000,true,false
call-001242,arm8_spec_immediate,dev/f5/s5200006/unreliable,18,grok-4.20-0309-non-reasoning,sha256:eb6471a7601b0bdf806152e21dca9d6072bf70bd9308b5ce2d5778af384497d8,det-v1,1,,1544,50,1455.964,0.0020550000,false,true
call-001243,arm8_spec_immediate,dev/f5/s5200006/unreliable,18,grok-4.20-0309-non-reasoning,sha256:eb6471a7601b0bdf806152e21dca9d6072bf70bd9308b5ce2d5778af384497d8,det-v1,1,accepted,1544,50,1455.964,0.0020550000,false,false
call-001244,arm10_spec_eprocess,dev/f5/s5200006/unreliable,18,grok-4.20-0309-non-reasoning,sha256:eb6471a7601b0bdf806152e21dca9d6072bf70bd9308b5ce2d5778af384497d8,det-v1,1,accepted,1544,50,0.002,0.0020550000,true,false
call-001245,arm12_cth,dev/f5/s5200006/unreliable,18,grok-4.20-0309-non-reasoning,sha256:eb6471a7601b0bdf806152e21dca9d6072bf70bd9308b5ce2d5778af384497d8,det-v1,1,accepted,1544,50,0.002,0.0020550000,true,false
call-001246,arm12b_cth_llm,dev/f5/s5200006/unreliable,18,grok-4.20-0309-non-reasoning,sha256:eb6471a7601b0bdf806152e21dca9d6072bf70bd9308b5ce2d5778af384497d8,det-v1,1,accepted,1544,50,0.002,0.0020550000,true,false
call-001247,arm8_spec_immediate,dev/f5/s5200006/no_alert__twin,10,grok-4.20-0309-non-reasoning,sha256:3123e8626a70181fa7275450deb35068b01be51f78cf207fd23902e48c738c1f,det-v1,1,,1253,86,1373.663,0.0017812500,false,true
call-001248,arm8_spec_immediate,dev/f5/s5200006/no_alert__twin,10,grok-4.20-0309-non-reasoning,sha256:3123e8626a70181fa7275450deb35068b01be51f78cf207fd23902e48c738c1f,det-v1,1,accepted,1253,86,1373.663,0.0017812500,false,false
call-001249,arm10_spec_eprocess,dev/f5/s5200006/no_alert__twin,10,grok-4.20-0309-non-reasoning,sha256:3123e8626a70181fa7275450deb35068b01be51f78cf207fd23902e48c738c1f,det-v1,1,accepted,1253,86,0.002,0.0017812500,true,false
call-001250,arm12_cth,dev/f5/s5200006/no_alert__twin,10,grok-4.20-0309-non-reasoning,sha256:3123e8626a70181fa7275450deb35068b01be51f78cf207fd23902e48c738c1f,det-v1,1,accepted,1253,86,0.002,0.0017812500,true,false
call-001251,arm12b_cth_llm,dev/f5/s5200006/no_alert__twin,10,grok-4.20-0309-non-reasoning,sha256:3123e8626a70181fa7275450deb35068b01be51f78cf207fd23902e48c738c1f,det-v1,1,accepted,1253,86,0.002,0.0017812500,true,false
call-001252,arm8_spec_immediate,cal/f5/s5200007/early_accurate,16,grok-4.20-0309-non-reasoning,sha256:9ce6180dcea18263a8fdb7394995a090638d9ae938419edfce6dae2251aa9d63,det-v1,1,,1487,60,822.438,0.0020087500,false,true
call-001253,arm8_spec_immediate,cal/f5/s5200007/early_accurate,16,grok-4.20-0309-non-reasoning,sha256:9ce6180dcea18263a8fdb7394995a090638d9ae938419edfce6dae2251aa9d63,det-v1,1,accepted,1487,60,822.438,0.0020087500,false,false
call-001254,arm10_spec_eprocess,cal/f5/s5200007/early_accurate,16,grok-4.20-0309-non-reasoning,sha256:9ce6180dcea18263a8fdb7394995a090638d9ae938419edfce6dae2251aa9d63,det-v1,1,accepted,1487,60,0.002,0.0020087500,true,false
call-001255,arm12_cth,cal/f5/s5200007/early_accurate,16,grok-4.20-0309-non-reasoning,sha256:9ce6180dcea18263a8fdb7394995a090638d9ae938419edfce6dae2251aa9d63,det-v1,1,accepted,1487,60,0.002,0.0020087500,true,false
call-001256,arm12b_cth_llm,cal/f5/s5200007/early_accurate,16,grok-4.20-0309-non-reasoning,sha256:9ce6180dcea18263a8fdb7394995a090638d9ae938419edfce6dae2251aa9d63,det-v1,1,accepted,1487,60,0.002,0.0020087500,true,false
call-001257,arm8_spec_immediate,cal/f5/s5200007/late_accurate,19,grok-4.20-0309-non-reasoning,sha256:dba67250a2978458e3f2462f45d55b666d51d55d022373c610257b71a73b1b05,det-v1,1,,1601,60,1237.732,0.0021512500,false,true
call-001258,arm8_spec_immediate,cal/f5/s5200007/late_accurate,19,grok-4.20-0309-non-reasoning,sha256:dba67250a2978458e3f2462f45d55b666d51d55d022373c610257b71a73b1b05,det-v1,1,accepted,1601,60,1237.732,0.0021512500,false,false
call-001259,arm10_spec_eprocess,cal/f5/s5200007/late_accurate,19,grok-4.20-0309-non-reasoning,sha256:dba67250a2978458e3f2462f45d55b666d51d55d022373c610257b71a73b1b05,det-v1,1,accepted,1601,60,0.002,0.0021512500,true,false
call-001260,arm12_cth,cal/f5/s5200007/late_accurate,19,grok-4.20-0309-non-reasoning,sha256:dba67250a2978458e3f2462f45d55b666d51d55d022373c610257b71a73b1b05,det-v1,1,accepted,1601,60,0.002,0.0021512500,true,false
call-001261,arm12b_cth_llm,cal/f5/s5200007/late_accurate,19,grok-4.20-0309-non-reasoning,sha256:dba67250a2978458e3f2462f45d55b666d51d55d022373c610257b71a73b1b05,det-v1,1,accepted,1601,60,0.002,0.0021512500,true,false
call-001262,arm8_spec_immediate,cal/f5/s5200007/unreliable,16,grok-4.20-0309-non-reasoning,sha256:1bcc6538d28e52481f4d3fd9c32a791dac36b72175ca699e65287a080fb72a5b,det-v1,1,,1491,69,986.432,0.0020362500,false,true
call-001263,arm8_spec_immediate,cal/f5/s5200007/unreliable,16,grok-4.20-0309-non-reasoning,sha256:1bcc6538d28e52481f4d3fd9c32a791dac36b72175ca699e65287a080fb72a5b,det-v1,1,accepted,1491,69,986.432,0.0020362500,false,false
call-001264,arm10_spec_eprocess,cal/f5/s5200007/unreliable,16,grok-4.20-0309-non-reasoning,sha256:1bcc6538d28e52481f4d3fd9c32a791dac36b72175ca699e65287a080fb72a5b,det-v1,1,accepted,1491,69,0.002,0.0020362500,true,false
call-001265,arm12_cth,cal/f5/s5200007/unreliable,16,grok-4.20-0309-non-reasoning,sha256:1bcc6538d28e52481f4d3fd9c32a791dac36b72175ca699e65287a080fb72a5b,det-v1,1,accepted,1491,69,0.003,0.0020362500,true,false
call-001266,arm12b_cth_llm,cal/f5/s5200007/unreliable,16,grok-4.20-0309-non-reasoning,sha256:1bcc6538d28e52481f4d3fd9c32a791dac36b72175ca699e65287a080fb72a5b,det-v1,1,accepted,1491,69,0.002,0.0020362500,true,false
call-001267,arm8_spec_immediate,dev/f6/s6200000/no_alert,20,grok-4.20-0309-non-reasoning,sha256:cb0b79c8244dea8087701822372f4ad08fd8fb8d74f94e375472e4b0eca14ca6,det-v1,1,,1595,50,816.246,0.0021187500,false,true
call-001268,arm8_spec_immediate,dev/f6/s6200000/no_alert,20,grok-4.20-0309-non-reasoning,sha256:cb0b79c8244dea8087701822372f4ad08fd8fb8d74f94e375472e4b0eca14ca6,det-v1,1,accepted,1595,50,816.246,0.0021187500,false,false
call-001269,arm10_spec_eprocess,dev/f6/s6200000/no_alert,20,grok-4.20-0309-non-reasoning,sha256:cb0b79c8244dea8087701822372f4ad08fd8fb8d74f94e375472e4b0eca14ca6,det-v1,1,accepted,1595,50,0.002,0.0021187500,true,false
call-001270,arm12_cth,dev/f6/s6200000/no_alert,20,grok-4.20-0309-non-reasoning,sha256:cb0b79c8244dea8087701822372f4ad08fd8fb8d74f94e375472e4b0eca14ca6,det-v1,1,accepted,1595,50,0.002,0.0021187500,true,false
call-001271,arm12b_cth_llm,dev/f6/s6200000/no_alert,20,grok-4.20-0309-non-reasoning,sha256:cb0b79c8244dea8087701822372f4ad08fd8fb8d74f94e375472e4b0eca14ca6,det-v1,1,accepted,1595,50,0.002,0.0021187500,true,false
call-001272,arm8_spec_immediate,dev/f6/s6200000/early_accurate,13,grok-4.20-0309-non-reasoning,sha256:9dc4c6a8e3b0e13dd0bc4a667ce38a151da27fff1d95b91f982fb9f4071957c1,det-v1,1,,1368,83,960.052,0.0019175000,false,true
call-001273,arm8_spec_immediate,dev/f6/s6200000/early_accurate,13,grok-4.20-0309-non-reasoning,sha256:9dc4c6a8e3b0e13dd0bc4a667ce38a151da27fff1d95b91f982fb9f4071957c1,det-v1,1,accepted,1368,83,960.052,0.0019175000,false,false
call-001274,arm8_spec_immediate,dev/f6/s6200000/early_accurate,22,grok-4.20-0309-non-reasoning,sha256:1042ab54933b786a4714b57e469a59ef60ae390ec9ef577ecc087b7c600d9ac9,det-v1,1,,1710,76,1061.359,0.0023275000,false,true
call-001275,arm8_spec_immediate,dev/f6/s6200000/early_accurate,22,grok-4.20-0309-non-reasoning,sha256:1042ab54933b786a4714b57e469a59ef60ae390ec9ef577ecc087b7c600d9ac9,det-v1,1,accepted,1710,76,1061.359,0.0023275000,false,false
call-001276,arm10_spec_eprocess,dev/f6/s6200000/early_accurate,13,grok-4.20-0309-non-reasoning,sha256:9dc4c6a8e3b0e13dd0bc4a667ce38a151da27fff1d95b91f982fb9f4071957c1,det-v1,1,accepted,1368,83,0.002,0.0019175000,true,false
call-001277,arm10_spec_eprocess,dev/f6/s6200000/early_accurate,22,grok-4.20-0309-non-reasoning,sha256:da533b176beda3f68f1ac9971d12e46785b39c2e07f6dd2170e9955d53d5a944,det-v1,1,,1710,83,981.179,0.0023450000,false,true
call-001278,arm10_spec_eprocess,dev/f6/s6200000/early_accurate,22,grok-4.20-0309-non-reasoning,sha256:da533b176beda3f68f1ac9971d12e46785b39c2e07f6dd2170e9955d53d5a944,det-v1,1,accepted,1710,83,981.179,0.0023450000,false,false
call-001279,arm12_cth,dev/f6/s6200000/early_accurate,13,grok-4.20-0309-non-reasoning,sha256:9dc4c6a8e3b0e13dd0bc4a667ce38a151da27fff1d95b91f982fb9f4071957c1,det-v1,1,accepted,1368,83,0.003,0.0019175000,true,false
call-001280,arm12_cth,dev/f6/s6200000/early_accurate,22,grok-4.20-0309-non-reasoning,sha256:4671d891f260cf089dfee326627ff15dd0074b29599d7e92ce751c48bd746239,det-v1,1,,1710,75,982.118,0.0023250000,false,true
call-001281,arm12_cth,dev/f6/s6200000/early_accurate,22,grok-4.20-0309-non-reasoning,sha256:4671d891f260cf089dfee326627ff15dd0074b29599d7e92ce751c48bd746239,det-v1,1,accepted,1710,75,982.118,0.0023250000,false,false
call-001282,arm12b_cth_llm,dev/f6/s6200000/early_accurate,13,grok-4.20-0309-non-reasoning,sha256:9dc4c6a8e3b0e13dd0bc4a667ce38a151da27fff1d95b91f982fb9f4071957c1,det-v1,1,accepted,1368,83,0.002,0.0019175000,true,false
call-001283,arm12b_cth_llm,dev/f6/s6200000/early_accurate,22,grok-4.20-0309-non-reasoning,sha256:da533b176beda3f68f1ac9971d12e46785b39c2e07f6dd2170e9955d53d5a944,det-v1,1,accepted,1710,83,0.001,0.0023450000,true,false
call-001284,arm8_spec_immediate,dev/f6/s6200000/late_accurate,16,grok-4.20-0309-non-reasoning,sha256:9ee3daa7476cf5e83654ba4e8e9c29fab54fe8b8bdd63e04e4c1275b5b9d42b6,det-v1,1,,1482,83,995.310,0.0020600000,false,true
call-001285,arm8_spec_immediate,dev/f6/s6200000/late_accurate,16,grok-4.20-0309-non-reasoning,sha256:9ee3daa7476cf5e83654ba4e8e9c29fab54fe8b8bdd63e04e4c1275b5b9d42b6,det-v1,1,accepted,1482,83,995.310,0.0020600000,false,false
call-001286,arm10_spec_eprocess,dev/f6/s6200000/late_accurate,16,grok-4.20-0309-non-reasoning,sha256:9ee3daa7476cf5e83654ba4e8e9c29fab54fe8b8bdd63e04e4c1275b5b9d42b6,det-v1,1,accepted,1482,83,0.002,0.0020600000,true,false
call-001287,arm12_cth,dev/f6/s6200000/late_accurate,16,grok-4.20-0309-non-reasoning,sha256:9ee3daa7476cf5e83654ba4e8e9c29fab54fe8b8bdd63e04e4c1275b5b9d42b6,det-v1,1,accepted,1482,83,0.003,0.0020600000,true,false
call-001288,arm12b_cth_llm,dev/f6/s6200000/late_accurate,16,grok-4.20-0309-non-reasoning,sha256:9ee3daa7476cf5e83654ba4e8e9c29fab54fe8b8bdd63e04e4c1275b5b9d42b6,det-v1,1,accepted,1482,83,0.003,0.0020600000,true,false
call-001289,arm8_spec_immediate,dev/f6/s6200000/unreliable,13,grok-4.20-0309-non-reasoning,sha256:2a36feb8fbaf032cbb119f079ab3f7ea23267f98eb4bab6e2246777ecdd51775,det-v1,1,,1356,76,884.133,0.0018850000,false,true
call-001290,arm8_spec_immediate,dev/f6/s6200000/unreliable,13,grok-4.20-0309-non-reasoning,sha256:2a36feb8fbaf032cbb119f079ab3f7ea23267f98eb4bab6e2246777ecdd51775,det-v1,1,accepted,1356,76,884.133,0.0018850000,false,false
call-001291,arm8_spec_immediate,dev/f6/s6200000/unreliable,22,grok-4.20-0309-non-reasoning,sha256:50557e7d99a3bcc9054d7a7c75b4581f68d606e093fc23e629ed0c5d346b1695,det-v1,1,,1698,76,1323.070,0.0023125000,false,true
call-001292,arm8_spec_immediate,dev/f6/s6200000/unreliable,22,grok-4.20-0309-non-reasoning,sha256:50557e7d99a3bcc9054d7a7c75b4581f68d606e093fc23e629ed0c5d346b1695,det-v1,1,accepted,1698,76,1323.070,0.0023125000,false,false
call-001293,arm10_spec_eprocess,dev/f6/s6200000/unreliable,13,grok-4.20-0309-non-reasoning,sha256:2a36feb8fbaf032cbb119f079ab3f7ea23267f98eb4bab6e2246777ecdd51775,det-v1,1,accepted,1356,76,0.002,0.0018850000,true,false
call-001294,arm10_spec_eprocess,dev/f6/s6200000/unreliable,22,grok-4.20-0309-non-reasoning,sha256:50557e7d99a3bcc9054d7a7c75b4581f68d606e093fc23e629ed0c5d346b1695,det-v1,1,accepted,1698,76,0.002,0.0023125000,true,false
call-001295,arm12_cth,dev/f6/s6200000/unreliable,13,grok-4.20-0309-non-reasoning,sha256:2a36feb8fbaf032cbb119f079ab3f7ea23267f98eb4bab6e2246777ecdd51775,det-v1,1,accepted,1356,76,0.002,0.0018850000,true,false
call-001296,arm12_cth,dev/f6/s6200000/unreliable,22,grok-4.20-0309-non-reasoning,sha256:f044110d9ebaba46c61ca6fcbc5af1398bdba81f4241f97526ce84adf9b783d5,det-v1,1,,1698,50,854.106,0.0022475000,false,true
call-001297,arm12_cth,dev/f6/s6200000/unreliable,22,grok-4.20-0309-non-reasoning,sha256:f044110d9ebaba46c61ca6fcbc5af1398bdba81f4241f97526ce84adf9b783d5,det-v1,1,accepted,1698,50,854.106,0.0022475000,false,false
call-001298,arm12b_cth_llm,dev/f6/s6200000/unreliable,13,grok-4.20-0309-non-reasoning,sha256:2a36feb8fbaf032cbb119f079ab3f7ea23267f98eb4bab6e2246777ecdd51775,det-v1,1,accepted,1356,76,0.003,0.0018850000,true,false
call-001299,arm12b_cth_llm,dev/f6/s6200000/unreliable,22,grok-4.20-0309-non-reasoning,sha256:50557e7d99a3bcc9054d7a7c75b4581f68d606e093fc23e629ed0c5d346b1695,det-v1,1,accepted,1698,76,0.002,0.0023125000,true,false
call-001300,arm8_spec_immediate,cal/f6/s6200001/early_accurate,21,grok-4.20-0309-non-reasoning,sha256:1055d10c59ea203f07e2bde6259ed0f4f51e75196b9a477870212f5f20257fd9,det-v1,1,,1674,80,982.552,0.0022925000,false,true
call-001301,arm8_spec_immediate,cal/f6/s6200001/early_accurate,21,grok-4.20-0309-non-reasoning,sha256:1055d10c59ea203f07e2bde6259ed0f4f51e75196b9a477870212f5f20257fd9,det-v1,1,accepted,1674,80,982.552,0.0022925000,false,false
call-001302,arm10_spec_eprocess,cal/f6/s6200001/early_accurate,21,grok-4.20-0309-non-reasoning,sha256:1055d10c59ea203f07e2bde6259ed0f4f51e75196b9a477870212f5f20257fd9,det-v1,1,accepted,1674,80,0.002,0.0022925000,true,false
call-001303,arm12_cth,cal/f6/s6200001/early_accurate,21,grok-4.20-0309-non-reasoning,sha256:1055d10c59ea203f07e2bde6259ed0f4f51e75196b9a477870212f5f20257fd9,det-v1,1,accepted,1674,80,0.003,0.0022925000,true,false
call-001304,arm12b_cth_llm,cal/f6/s6200001/early_accurate,21,grok-4.20-0309-non-reasoning,sha256:1055d10c59ea203f07e2bde6259ed0f4f51e75196b9a477870212f5f20257fd9,det-v1,1,accepted,1674,80,0.003,0.0022925000,true,false
call-001305,arm8_spec_immediate,cal/f6/s6200001/late_accurate,24,grok-4.20-0309-non-reasoning,sha256:f431d3d38551698d283dffbed5193b9532def1c24e49c8f72b51b996206b8369,det-v1,1,,1788,60,863.586,0.0023850000,false,true
call-001306,arm8_spec_immediate,cal/f6/s6200001/late_accurate,24,grok-4.20-0309-non-reasoning,sha256:f431d3d38551698d283dffbed5193b9532def1c24e49c8f72b51b996206b8369,det-v1,1,accepted,1788,60,863.586,0.0023850000,false,false
call-001307,arm10_spec_eprocess,cal/f6/s6200001/late_accurate,24,grok-4.20-0309-non-reasoning,sha256:f431d3d38551698d283dffbed5193b9532def1c24e49c8f72b51b996206b8369,det-v1,1,accepted,1788,60,0.002,0.0023850000,true,false
call-001308,arm12_cth,cal/f6/s6200001/late_accurate,24,grok-4.20-0309-non-reasoning,sha256:f431d3d38551698d283dffbed5193b9532def1c24e49c8f72b51b996206b8369,det-v1,1,accepted,1788,60,0.003,0.0023850000,true,false
call-001309,arm12b_cth_llm,cal/f6/s6200001/late_accurate,24,grok-4.20-0309-non-reasoning,sha256:f431d3d38551698d283dffbed5193b9532def1c24e49c8f72b51b996206b8369,det-v1,1,accepted,1788,60,0.003,0.0023850000,true,false
call-001310,arm8_spec_immediate,cal/f6/s6200001/unreliable,21,grok-4.20-0309-non-reasoning,sha256:ec2ea1ea333b8709fd371f5f9aced24062b682902aaf51a70679ab404a02a98f,det-v1,1,,1668,55,966.310,0.0022225000,false,true
call-001311,arm8_spec_immediate,cal/f6/s6200001/unreliable,21,grok-4.20-0309-non-reasoning,sha256:ec2ea1ea333b8709fd371f5f9aced24062b682902aaf51a70679ab404a02a98f,det-v1,1,accepted,1668,55,966.310,0.0022225000,false,false
call-001312,arm10_spec_eprocess,cal/f6/s6200001/unreliable,21,grok-4.20-0309-non-reasoning,sha256:ec2ea1ea333b8709fd371f5f9aced24062b682902aaf51a70679ab404a02a98f,det-v1,1,accepted,1668,55,0.002,0.0022225000,true,false
call-001313,arm12_cth,cal/f6/s6200001/unreliable,21,grok-4.20-0309-non-reasoning,sha256:ec2ea1ea333b8709fd371f5f9aced24062b682902aaf51a70679ab404a02a98f,det-v1,1,accepted,1668,55,0.003,0.0022225000,true,false
call-001314,arm12b_cth_llm,cal/f6/s6200001/unreliable,21,grok-4.20-0309-non-reasoning,sha256:ec2ea1ea333b8709fd371f5f9aced24062b682902aaf51a70679ab404a02a98f,det-v1,1,accepted,1668,55,0.003,0.0022225000,true,false
call-001315,arm8_spec_immediate,cal/f6/s6200001/no_alert__twin,10,grok-4.20-0309-non-reasoning,sha256:574bd7612b2a3e443e11f4fd22854b3bc2bdfecbf701812568fadc0667b91f5f,det-v1,1,,1255,97,1061.052,0.0018112500,false,true
call-001316,arm8_spec_immediate,cal/f6/s6200001/no_alert__twin,10,grok-4.20-0309-non-reasoning,sha256:574bd7612b2a3e443e11f4fd22854b3bc2bdfecbf701812568fadc0667b91f5f,det-v1,1,accepted,1255,97,1061.052,0.0018112500,false,false
call-001317,arm10_spec_eprocess,cal/f6/s6200001/no_alert__twin,10,grok-4.20-0309-non-reasoning,sha256:574bd7612b2a3e443e11f4fd22854b3bc2bdfecbf701812568fadc0667b91f5f,det-v1,1,accepted,1255,97,0.002,0.0018112500,true,false
call-001318,arm12_cth,cal/f6/s6200001/no_alert__twin,10,grok-4.20-0309-non-reasoning,sha256:574bd7612b2a3e443e11f4fd22854b3bc2bdfecbf701812568fadc0667b91f5f,det-v1,1,accepted,1255,97,0.002,0.0018112500,true,false
call-001319,arm12b_cth_llm,cal/f6/s6200001/no_alert__twin,10,grok-4.20-0309-non-reasoning,sha256:574bd7612b2a3e443e11f4fd22854b3bc2bdfecbf701812568fadc0667b91f5f,det-v1,1,accepted,1255,97,0.002,0.0018112500,true,false
call-001320,arm8_spec_immediate,dev/f6/s6200002/no_alert,27,grok-4.20-0309-non-reasoning,sha256:8accf03dc9a8c4447a4dadaba314b3df6c63b58b23ac2d5cae43687098bc72ab,det-v1,1,,1861,76,1078.613,0.0025162500,false,true
call-001321,arm8_spec_immediate,dev/f6/s6200002/no_alert,27,grok-4.20-0309-non-reasoning,sha256:8accf03dc9a8c4447a4dadaba314b3df6c63b58b23ac2d5cae43687098bc72ab,det-v1,1,accepted,1861,76,1078.613,0.0025162500,false,false
call-001322,arm10_spec_eprocess,dev/f6/s6200002/no_alert,27,grok-4.20-0309-non-reasoning,sha256:8accf03dc9a8c4447a4dadaba314b3df6c63b58b23ac2d5cae43687098bc72ab,det-v1,1,accepted,1861,76,0.002,0.0025162500,true,false
call-001323,arm12_cth,dev/f6/s6200002/no_alert,27,grok-4.20-0309-non-reasoning,sha256:8accf03dc9a8c4447a4dadaba314b3df6c63b58b23ac2d5cae43687098bc72ab,det-v1,1,accepted,1861,76,0.002,0.0025162500,true,false
call-001324,arm12b_cth_llm,dev/f6/s6200002/no_alert,27,grok-4.20-0309-non-reasoning,sha256:8accf03dc9a8c4447a4dadaba314b3df6c63b58b23ac2d5cae43687098bc72ab,det-v1,1,accepted,1861,76,0.002,0.0025162500,true,false
call-001325,arm8_spec_immediate,dev/f6/s6200002/early_accurate,20,grok-4.20-0309-non-reasoning,sha256:c92880aca2085b633830047283a44d0f83f3c1d12e0b1cee81e756252b02e975,det-v1,1,,1628,82,1030.444,0.0022400000,false,true
call-001326,arm8_spec_immediate,dev/f6/s6200002/early_accurate,20,grok-4.20-0309-non-reasoning,sha256:c92880aca2085b633830047283a44d0f83f3c1d12e0b1cee81e756252b02e975,det-v1,1,accepted,1628,82,1030.444,0.0022400000,false,false
call-001327,arm8_spec_immediate,dev/f6/s6200002/early_accurate,27,grok-4.20-0309-non-reasoning,sha256:86354abafda8588846f7b77bf36af085de9418c699b5d357c4001f7dd2ed2d6c,det-v1,1,,1894,108,1150.036,0.0026375000,false,true
call-001328,arm8_spec_immediate,dev/f6/s6200002/early_accurate,27,grok-4.20-0309-non-reasoning,sha256:86354abafda8588846f7b77bf36af085de9418c699b5d357c4001f7dd2ed2d6c,det-v1,1,accepted,1894,108,1150.036,0.0026375000,false,false
call-001329,arm10_spec_eprocess,dev/f6/s6200002/early_accurate,20,grok-4.20-0309-non-reasoning,sha256:c92880aca2085b633830047283a44d0f83f3c1d12e0b1cee81e756252b02e975,det-v1,1,accepted,1628,82,0.002,0.0022400000,true,false
call-001330,arm10_spec_eprocess,dev/f6/s6200002/early_accurate,27,grok-4.20-0309-non-reasoning,sha256:95cc1b06311836993ca2dbafeeeeffb1e9e6184efb5a40c5286aab032f69b507,det-v1,1,,1894,74,1018.960,0.0025525000,false,true
call-001331,arm10_spec_eprocess,dev/f6/s6200002/early_accurate,27,grok-4.20-0309-non-reasoning,sha256:95cc1b06311836993ca2dbafeeeeffb1e9e6184efb5a40c5286aab032f69b507,det-v1,1,accepted,1894,74,1018.960,0.0025525000,false,false
call-001332,arm12_cth,dev/f6/s6200002/early_accurate,20,grok-4.20-0309-non-reasoning,sha256:c92880aca2085b633830047283a44d0f83f3c1d12e0b1cee81e756252b02e975,det-v1,1,accepted,1628,82,0.003,0.0022400000,true,false
call-001333,arm12_cth,dev/f6/s6200002/early_accurate,27,grok-4.20-0309-non-reasoning,sha256:f94fcfc259af5848bb410394ee7de1e7faf8151a89e9071236ea80116c34326a,det-v1,1,,1894,108,1217.456,0.0026375000,false,true
call-001334,arm12_cth,dev/f6/s6200002/early_accurate,27,grok-4.20-0309-non-reasoning,sha256:f94fcfc259af5848bb410394ee7de1e7faf8151a89e9071236ea80116c34326a,det-v1,1,accepted,1894,108,1217.456,0.0026375000,false,false
call-001335,arm12b_cth_llm,dev/f6/s6200002/early_accurate,20,grok-4.20-0309-non-reasoning,sha256:c92880aca2085b633830047283a44d0f83f3c1d12e0b1cee81e756252b02e975,det-v1,1,accepted,1628,82,0.004,0.0022400000,true,false
call-001336,arm12b_cth_llm,dev/f6/s6200002/early_accurate,27,grok-4.20-0309-non-reasoning,sha256:95cc1b06311836993ca2dbafeeeeffb1e9e6184efb5a40c5286aab032f69b507,det-v1,1,accepted,1894,74,0.002,0.0025525000,true,false
call-001337,arm8_spec_immediate,dev/f6/s6200002/late_accurate,23,grok-4.20-0309-non-reasoning,sha256:5081f5febdbe61cebf077c7c4e2f6a5cf138c0771b1c489022880dd09366d993,det-v1,1,,1742,59,873.067,0.0023250000,false,true
call-001338,arm8_spec_immediate,dev/f6/s6200002/late_accurate,23,grok-4.20-0309-non-reasoning,sha256:5081f5febdbe61cebf077c7c4e2f6a5cf138c0771b1c489022880dd09366d993,det-v1,1,accepted,1742,59,873.067,0.0023250000,false,false
call-001339,arm10_spec_eprocess,dev/f6/s6200002/late_accurate,23,grok-4.20-0309-non-reasoning,sha256:5081f5febdbe61cebf077c7c4e2f6a5cf138c0771b1c489022880dd09366d993,det-v1,1,accepted,1742,59,0.002,0.0023250000,true,false
call-001340,arm12_cth,dev/f6/s6200002/late_accurate,23,grok-4.20-0309-non-reasoning,sha256:5081f5febdbe61cebf077c7c4e2f6a5cf138c0771b1c489022880dd09366d993,det-v1,1,accepted,1742,59,0.003,0.0023250000,true,false
call-001341,arm12b_cth_llm,dev/f6/s6200002/late_accurate,23,grok-4.20-0309-non-reasoning,sha256:5081f5febdbe61cebf077c7c4e2f6a5cf138c0771b1c489022880dd09366d993,det-v1,1,accepted,1742,59,0.004,0.0023250000,true,false
call-001342,arm8_spec_immediate,dev/f6/s6200002/unreliable,20,grok-4.20-0309-non-reasoning,sha256:eb70f9fb30b4f643a474f5501b89b6c51924536f8fa045011fafce1ce38785b2,det-v1,1,,1632,54,828.400,0.0021750000,false,true
call-001343,arm8_spec_immediate,dev/f6/s6200002/unreliable,20,grok-4.20-0309-non-reasoning,sha256:eb70f9fb30b4f643a474f5501b89b6c51924536f8fa045011fafce1ce38785b2,det-v1,1,accepted,1632,54,828.400,0.0021750000,false,false
call-001344,arm8_spec_immediate,dev/f6/s6200002/unreliable,27,grok-4.20-0309-non-reasoning,sha256:6241eb37af265987de82cbf56641aa02beefacbd5e2b7e01235043f4dfa738a4,det-v1,1,,1898,74,975.806,0.0025575000,false,true
call-001345,arm8_spec_immediate,dev/f6/s6200002/unreliable,27,grok-4.20-0309-non-reasoning,sha256:6241eb37af265987de82cbf56641aa02beefacbd5e2b7e01235043f4dfa738a4,det-v1,1,accepted,1898,74,975.806,0.0025575000,false,false
call-001346,arm10_spec_eprocess,dev/f6/s6200002/unreliable,20,grok-4.20-0309-non-reasoning,sha256:eb70f9fb30b4f643a474f5501b89b6c51924536f8fa045011fafce1ce38785b2,det-v1,1,accepted,1632,54,0.002,0.0021750000,true,false
call-001347,arm10_spec_eprocess,dev/f6/s6200002/unreliable,27,grok-4.20-0309-non-reasoning,sha256:bcd16f299dbd7cbd0518126da05495be5bf8065c17069cea5df04bbfe16c0bed,det-v1,1,,1898,75,1106.946,0.0025600000,false,true
call-001348,arm10_spec_eprocess,dev/f6/s6200002/unreliable,27,grok-4.20-0309-non-reasoning,sha256:bcd16f299dbd7cbd0518126da05495be5bf8065c17069cea5df04bbfe16c0bed,det-v1,1,accepted,1898,75,1106.946,0.0025600000,false,false
call-001349,arm12_cth,dev/f6/s6200002/unreliable,20,grok-4.20-0309-non-reasoning,sha256:eb70f9fb30b4f643a474f5501b89b6c51924536f8fa045011fafce1ce38785b2,det-v1,1,accepted,1632,54,0.004,0.0021750000,true,false
call-001350,arm12_cth,dev/f6/s6200002/unreliable,27,grok-4.20-0309-non-reasoning,sha256:8619f8cb4588f8d3581488aa2e3e60b68507ed2cc907fdbea41f109a1dc66a8c,det-v1,1,,1898,74,1256.748,0.0025575000,false,true
call-001351,arm12_cth,dev/f6/s6200002/unreliable,27,grok-4.20-0309-non-reasoning,sha256:8619f8cb4588f8d3581488aa2e3e60b68507ed2cc907fdbea41f109a1dc66a8c,det-v1,1,accepted,1898,74,1256.748,0.0025575000,false,false
call-001352,arm12b_cth_llm,dev/f6/s6200002/unreliable,20,grok-4.20-0309-non-reasoning,sha256:eb70f9fb30b4f643a474f5501b89b6c51924536f8fa045011fafce1ce38785b2,det-v1,1,accepted,1632,54,0.004,0.0021750000,true,false
call-001353,arm12b_cth_llm,dev/f6/s6200002/unreliable,27,grok-4.20-0309-non-reasoning,sha256:bcd16f299dbd7cbd0518126da05495be5bf8065c17069cea5df04bbfe16c0bed,det-v1,1,accepted,1898,75,0.002,0.0025600000,true,false
call-001354,arm8_spec_immediate,dev/f6/s6200002/no_alert__twin,10,grok-4.20-0309-non-reasoning,sha256:c4818305341295f96418240a0655da0b0af48841bc131b3b7645c55624ae6f6d,det-v1,1,,1254,97,1140.146,0.0018100000,false,true
call-001355,arm8_spec_immediate,dev/f6/s6200002/no_alert__twin,10,grok-4.20-0309-non-reasoning,sha256:c4818305341295f96418240a0655da0b0af48841bc131b3b7645c55624ae6f6d,det-v1,1,accepted,1254,97,1140.146,0.0018100000,false,false
call-001356,arm10_spec_eprocess,dev/f6/s6200002/no_alert__twin,10,grok-4.20-0309-non-reasoning,sha256:c4818305341295f96418240a0655da0b0af48841bc131b3b7645c55624ae6f6d,det-v1,1,accepted,1254,97,0.002,0.0018100000,true,false
call-001357,arm12_cth,dev/f6/s6200002/no_alert__twin,10,grok-4.20-0309-non-reasoning,sha256:c4818305341295f96418240a0655da0b0af48841bc131b3b7645c55624ae6f6d,det-v1,1,accepted,1254,97,0.002,0.0018100000,true,false
call-001358,arm12b_cth_llm,dev/f6/s6200002/no_alert__twin,10,grok-4.20-0309-non-reasoning,sha256:c4818305341295f96418240a0655da0b0af48841bc131b3b7645c55624ae6f6d,det-v1,1,accepted,1254,97,0.004,0.0018100000,true,false
call-001359,arm8_spec_immediate,cal/f6/s6200003/early_accurate,17,grok-4.20-0309-non-reasoning,sha256:f0e4885c90aa6d081cdaabe486a86b10b3d6109c7e455acaf25db4777d01c301,det-v1,1,,1522,82,1090.154,0.0021075000,false,true
call-001360,arm8_spec_immediate,cal/f6/s6200003/early_accurate,17,grok-4.20-0309-non-reasoning,sha256:f0e4885c90aa6d081cdaabe486a86b10b3d6109c7e455acaf25db4777d01c301,det-v1,1,accepted,1522,82,1090.154,0.0021075000,false,false
call-001361,arm10_spec_eprocess,cal/f6/s6200003/early_accurate,17,grok-4.20-0309-non-reasoning,sha256:f0e4885c90aa6d081cdaabe486a86b10b3d6109c7e455acaf25db4777d01c301,det-v1,1,accepted,1522,82,0.002,0.0021075000,true,false
call-001362,arm12_cth,cal/f6/s6200003/early_accurate,17,grok-4.20-0309-non-reasoning,sha256:f0e4885c90aa6d081cdaabe486a86b10b3d6109c7e455acaf25db4777d01c301,det-v1,1,accepted,1522,82,0.002,0.0021075000,true,false
call-001363,arm12b_cth_llm,cal/f6/s6200003/early_accurate,17,grok-4.20-0309-non-reasoning,sha256:f0e4885c90aa6d081cdaabe486a86b10b3d6109c7e455acaf25db4777d01c301,det-v1,1,accepted,1522,82,0.003,0.0021075000,true,false
call-001364,arm8_spec_immediate,cal/f6/s6200003/late_accurate,20,grok-4.20-0309-non-reasoning,sha256:2a828766d976ad2c8b9e043d12ddc3cdecd919bc1ba6a028a80eb601bd83aa84,det-v1,1,,1636,64,1922.935,0.0022050000,false,true
call-001365,arm8_spec_immediate,cal/f6/s6200003/late_accurate,20,grok-4.20-0309-non-reasoning,sha256:2a828766d976ad2c8b9e043d12ddc3cdecd919bc1ba6a028a80eb601bd83aa84,det-v1,1,accepted,1636,64,1922.935,0.0022050000,false,false
call-001366,arm10_spec_eprocess,cal/f6/s6200003/late_accurate,20,grok-4.20-0309-non-reasoning,sha256:2a828766d976ad2c8b9e043d12ddc3cdecd919bc1ba6a028a80eb601bd83aa84,det-v1,1,accepted,1636,64,0.002,0.0022050000,true,false
call-001367,arm12_cth,cal/f6/s6200003/late_accurate,20,grok-4.20-0309-non-reasoning,sha256:2a828766d976ad2c8b9e043d12ddc3cdecd919bc1ba6a028a80eb601bd83aa84,det-v1,1,accepted,1636,64,0.003,0.0022050000,true,false
call-001368,arm12b_cth_llm,cal/f6/s6200003/late_accurate,20,grok-4.20-0309-non-reasoning,sha256:2a828766d976ad2c8b9e043d12ddc3cdecd919bc1ba6a028a80eb601bd83aa84,det-v1,1,accepted,1636,64,0.003,0.0022050000,true,false
call-001369,arm8_spec_immediate,cal/f6/s6200003/unreliable,17,grok-4.20-0309-non-reasoning,sha256:c5a73445ebb8ab7d07070125daa124ddf3594418d2a0d25851254816b396063a,det-v1,1,,1515,76,1048.174,0.0020837500,false,true
call-001370,arm8_spec_immediate,cal/f6/s6200003/unreliable,17,grok-4.20-0309-non-reasoning,sha256:c5a73445ebb8ab7d07070125daa124ddf3594418d2a0d25851254816b396063a,det-v1,1,accepted,1515,76,1048.174,0.0020837500,false,false
call-001371,arm10_spec_eprocess,cal/f6/s6200003/unreliable,17,grok-4.20-0309-non-reasoning,sha256:c5a73445ebb8ab7d07070125daa124ddf3594418d2a0d25851254816b396063a,det-v1,1,accepted,1515,76,0.002,0.0020837500,true,false
call-001372,arm12_cth,cal/f6/s6200003/unreliable,17,grok-4.20-0309-non-reasoning,sha256:c5a73445ebb8ab7d07070125daa124ddf3594418d2a0d25851254816b396063a,det-v1,1,accepted,1515,76,0.001,0.0020837500,true,false
call-001373,arm12b_cth_llm,cal/f6/s6200003/unreliable,17,grok-4.20-0309-non-reasoning,sha256:c5a73445ebb8ab7d07070125daa124ddf3594418d2a0d25851254816b396063a,det-v1,1,accepted,1515,76,0.003,0.0020837500,true,false
call-001374,arm8_spec_immediate,dev/f6/s6200004/no_alert,25,grok-4.20-0309-non-reasoning,sha256:f1d56bc02bc3db08ea682e22e5afd373bb350c08a571f7b56b3ff348aa2ac6ab,det-v1,1,,1785,66,1147.344,0.0023962500,false,true
call-001375,arm8_spec_immediate,dev/f6/s6200004/no_alert,25,grok-4.20-0309-non-reasoning,sha256:f1d56bc02bc3db08ea682e22e5afd373bb350c08a571f7b56b3ff348aa2ac6ab,det-v1,1,accepted,1785,66,1147.344,0.0023962500,false,false
call-001376,arm10_spec_eprocess,dev/f6/s6200004/no_alert,25,grok-4.20-0309-non-reasoning,sha256:f1d56bc02bc3db08ea682e22e5afd373bb350c08a571f7b56b3ff348aa2ac6ab,det-v1,1,accepted,1785,66,0.002,0.0023962500,true,false
call-001377,arm12_cth,dev/f6/s6200004/no_alert,25,grok-4.20-0309-non-reasoning,sha256:f1d56bc02bc3db08ea682e22e5afd373bb350c08a571f7b56b3ff348aa2ac6ab,det-v1,1,accepted,1785,66,0.001,0.0023962500,true,false
call-001378,arm12b_cth_llm,dev/f6/s6200004/no_alert,25,grok-4.20-0309-non-reasoning,sha256:f1d56bc02bc3db08ea682e22e5afd373bb350c08a571f7b56b3ff348aa2ac6ab,det-v1,1,accepted,1785,66,0.003,0.0023962500,true,false
call-001379,arm8_spec_immediate,dev/f6/s6200004/early_accurate,20,grok-4.20-0309-non-reasoning,sha256:f792b5dc69fc9ad91b6db858d8a7d6857f5049973520fce1c496cfe21368d69f,det-v1,1,,1632,83,1166.206,0.0022475000,false,true
call-001380,arm8_spec_immediate,dev/f6/s6200004/early_accurate,20,grok-4.20-0309-non-reasoning,sha256:f792b5dc69fc9ad91b6db858d8a7d6857f5049973520fce1c496cfe21368d69f,det-v1,1,accepted,1632,83,1166.206,0.0022475000,false,false
call-001381,arm8_spec_immediate,dev/f6/s6200004/early_accurate,26,grok-4.20-0309-non-reasoning,sha256:6c82bb2a5b7cac0fcfca02c77dd0134ee2bcd31ff2621509680dc52ddd9bde3a,det-v1,1,,1860,70,913.162,0.0025000000,false,true
call-001382,arm8_spec_immediate,dev/f6/s6200004/early_accurate,26,grok-4.20-0309-non-reasoning,sha256:6c82bb2a5b7cac0fcfca02c77dd0134ee2bcd31ff2621509680dc52ddd9bde3a,det-v1,1,accepted,1860,70,913.162,0.0025000000,false,false
call-001383,arm10_spec_eprocess,dev/f6/s6200004/early_accurate,20,grok-4.20-0309-non-reasoning,sha256:f792b5dc69fc9ad91b6db858d8a7d6857f5049973520fce1c496cfe21368d69f,det-v1,1,accepted,1632,83,0.002,0.0022475000,true,false
call-001384,arm10_spec_eprocess,dev/f6/s6200004/early_accurate,26,grok-4.20-0309-non-reasoning,sha256:88c80094742265187d67053bf3cef7aac3385526ed221c656a638f2b3a39c29f,det-v1,1,,1860,70,888.035,0.0025000000,false,true
call-001385,arm10_spec_eprocess,dev/f6/s6200004/early_accurate,26,grok-4.20-0309-non-reasoning,sha256:88c80094742265187d67053bf3cef7aac3385526ed221c656a638f2b3a39c29f,det-v1,1,accepted,1860,70,888.035,0.0025000000,false,false
call-001386,arm12_cth,dev/f6/s6200004/early_accurate,20,grok-4.20-0309-non-reasoning,sha256:f792b5dc69fc9ad91b6db858d8a7d6857f5049973520fce1c496cfe21368d69f,det-v1,1,accepted,1632,83,0.003,0.0022475000,true,false
call-001387,arm12_cth,dev/f6/s6200004/early_accurate,26,grok-4.20-0309-non-reasoning,sha256:96e5a16731e1d9e79fb07be6976eb1abd755aab8f1ac64560a1575c96f00567d,det-v1,1,,1860,70,891.275,0.0025000000,false,true
call-001388,arm12_cth,dev/f6/s6200004/early_accurate,26,grok-4.20-0309-non-reasoning,sha256:96e5a16731e1d9e79fb07be6976eb1abd755aab8f1ac64560a1575c96f00567d,det-v1,1,accepted,1860,70,891.275,0.0025000000,false,false
call-001389,arm12b_cth_llm,dev/f6/s6200004/early_accurate,20,grok-4.20-0309-non-reasoning,sha256:f792b5dc69fc9ad91b6db858d8a7d6857f5049973520fce1c496cfe21368d69f,det-v1,1,accepted,1632,83,0.003,0.0022475000,true,false
call-001390,arm12b_cth_llm,dev/f6/s6200004/early_accurate,26,grok-4.20-0309-non-reasoning,sha256:fe42cb021f5218d41b10a82bb5eef49f013b1607a0eb8c930067e92103c1593b,det-v1,1,,1860,71,991.171,0.0025025000,false,true
call-001391,arm12b_cth_llm,dev/f6/s6200004/early_accurate,26,grok-4.20-0309-non-reasoning,sha256:fe42cb021f5218d41b10a82bb5eef49f013b1607a0eb8c930067e92103c1593b,det-v1,1,accepted,1860,71,991.171,0.0025025000,false,false
call-001392,arm8_spec_immediate,dev/f6/s6200004/late_accurate,23,grok-4.20-0309-non-reasoning,sha256:3fc6cd940ee7ab7143ea59aa1167b3c3cd0047c884da20d2c4ede532b4a8d74d,det-v1,1,,1746,88,1012.191,0.0024025000,false,true
call-001393,arm8_spec_immediate,dev/f6/s6200004/late_accurate,23,grok-4.20-0309-non-reasoning,sha256:3fc6cd940ee7ab7143ea59aa1167b3c3cd0047c884da20d2c4ede532b4a8d74d,det-v1,1,accepted,1746,88,1012.191,0.0024025000,false,false
call-001394,arm10_spec_eprocess,dev/f6/s6200004/late_accurate,23,grok-4.20-0309-non-reasoning,sha256:3fc6cd940ee7ab7143ea59aa1167b3c3cd0047c884da20d2c4ede532b4a8d74d,det-v1,1,accepted,1746,88,0.002,0.0024025000,true,false
call-001395,arm12_cth,dev/f6/s6200004/late_accurate,23,grok-4.20-0309-non-reasoning,sha256:3fc6cd940ee7ab7143ea59aa1167b3c3cd0047c884da20d2c4ede532b4a8d74d,det-v1,1,accepted,1746,88,0.004,0.0024025000,true,false
call-001396,arm12b_cth_llm,dev/f6/s6200004/late_accurate,23,grok-4.20-0309-non-reasoning,sha256:3fc6cd940ee7ab7143ea59aa1167b3c3cd0047c884da20d2c4ede532b4a8d74d,det-v1,1,accepted,1746,88,0.004,0.0024025000,true,false
call-001397,arm8_spec_immediate,dev/f6/s6200004/unreliable,20,grok-4.20-0309-non-reasoning,sha256:af58632f6609468b5fff15504df70927b993af458207cb1efe08987466ee1b41,det-v1,1,,1631,55,844.618,0.0021762500,false,true
call-001398,arm8_spec_immediate,dev/f6/s6200004/unreliable,20,grok-4.20-0309-non-reasoning,sha256:af58632f6609468b5fff15504df70927b993af458207cb1efe08987466ee1b41,det-v1,1,accepted,1631,55,844.618,0.0021762500,false,false
call-001399,arm8_spec_immediate,dev/f6/s6200004/unreliable,26,grok-4.20-0309-non-reasoning,sha256:797875bb34c24ab8ff6a8d742a27c29986afdb4f6d80e1af3d2f5f1e0c6d8a80,det-v1,1,,1859,71,1003.819,0.0025012500,false,true
call-001400,arm8_spec_immediate,dev/f6/s6200004/unreliable,26,grok-4.20-0309-non-reasoning,sha256:797875bb34c24ab8ff6a8d742a27c29986afdb4f6d80e1af3d2f5f1e0c6d8a80,det-v1,1,accepted,1859,71,1003.819,0.0025012500,false,false
call-001401,arm10_spec_eprocess,dev/f6/s6200004/unreliable,20,grok-4.20-0309-non-reasoning,sha256:af58632f6609468b5fff15504df70927b993af458207cb1efe08987466ee1b41,det-v1,1,accepted,1631,55,0.002,0.0021762500,true,false
call-001402,arm10_spec_eprocess,dev/f6/s6200004/unreliable,26,grok-4.20-0309-non-reasoning,sha256:0afd31a28c8cb42e4fd9dc7e3e995bbc7ec3a6a4db5d880d7bc0319cce344ef5,det-v1,1,,1859,103,1543.773,0.0025812500,false,true
call-001403,arm10_spec_eprocess,dev/f6/s6200004/unreliable,26,grok-4.20-0309-non-reasoning,sha256:0afd31a28c8cb42e4fd9dc7e3e995bbc7ec3a6a4db5d880d7bc0319cce344ef5,det-v1,1,accepted,1859,103,1543.773,0.0025812500,false,false
call-001404,arm12_cth,dev/f6/s6200004/unreliable,20,grok-4.20-0309-non-reasoning,sha256:af58632f6609468b5fff15504df70927b993af458207cb1efe08987466ee1b41,det-v1,1,accepted,1631,55,0.003,0.0021762500,true,false
call-001405,arm12_cth,dev/f6/s6200004/unreliable,26,grok-4.20-0309-non-reasoning,sha256:de16ff0ab48bd2abd24fdaf012d41fbb8578f2809c7f37f5805eeebcf191f2c6,det-v1,1,,1859,70,1280.293,0.0024987500,false,true
call-001406,arm12_cth,dev/f6/s6200004/unreliable,26,grok-4.20-0309-non-reasoning,sha256:de16ff0ab48bd2abd24fdaf012d41fbb8578f2809c7f37f5805eeebcf191f2c6,det-v1,1,accepted,1859,70,1280.293,0.0024987500,false,false
call-001407,arm12b_cth_llm,dev/f6/s6200004/unreliable,20,grok-4.20-0309-non-reasoning,sha256:af58632f6609468b5fff15504df70927b993af458207cb1efe08987466ee1b41,det-v1,1,accepted,1631,55,0.004,0.0021762500,true,false
call-001408,arm12b_cth_llm,dev/f6/s6200004/unreliable,26,grok-4.20-0309-non-reasoning,sha256:1197554e0f32ff5651aa84eb20f0983b2f16d525fbd7f639aea4c9407bf2a90a,det-v1,1,,1859,70,941.572,0.0024987500,false,true
call-001409,arm12b_cth_llm,dev/f6/s6200004/unreliable,26,grok-4.20-0309-non-reasoning,sha256:1197554e0f32ff5651aa84eb20f0983b2f16d525fbd7f639aea4c9407bf2a90a,det-v1,1,accepted,1859,70,941.572,0.0024987500,false,false
call-001410,arm8_spec_immediate,cal/f6/s6200005/no_alert,25,grok-4.20-0309-non-reasoning,sha256:365a47b7ddafee0cf7ef806cea9c7f5ca92f91234f2d7565943a74f073d42a55,det-v1,1,,1785,66,912.504,0.0023962500,false,true
call-001411,arm8_spec_immediate,cal/f6/s6200005/no_alert,25,grok-4.20-0309-non-reasoning,sha256:365a47b7ddafee0cf7ef806cea9c7f5ca92f91234f2d7565943a74f073d42a55,det-v1,1,accepted,1785,66,912.504,0.0023962500,false,false
call-001412,arm10_spec_eprocess,cal/f6/s6200005/no_alert,25,grok-4.20-0309-non-reasoning,sha256:365a47b7ddafee0cf7ef806cea9c7f5ca92f91234f2d7565943a74f073d42a55,det-v1,1,accepted,1785,66,0.002,0.0023962500,true,false
call-001413,arm12_cth,cal/f6/s6200005/no_alert,25,grok-4.20-0309-non-reasoning,sha256:365a47b7ddafee0cf7ef806cea9c7f5ca92f91234f2d7565943a74f073d42a55,det-v1,1,accepted,1785,66,0.002,0.0023962500,true,false
call-001414,arm12b_cth_llm,cal/f6/s6200005/no_alert,25,grok-4.20-0309-non-reasoning,sha256:365a47b7ddafee0cf7ef806cea9c7f5ca92f91234f2d7565943a74f073d42a55,det-v1,1,accepted,1785,66,0.003,0.0023962500,true,false
call-001415,arm8_spec_immediate,cal/f6/s6200005/early_accurate,20,grok-4.20-0309-non-reasoning,sha256:426322958b7e23470a01417b248363405f6e4881f34405185190a0a86b04135b,det-v1,1,,1631,56,916.619,0.0021787500,false,true
call-001416,arm8_spec_immediate,cal/f6/s6200005/early_accurate,20,grok-4.20-0309-non-reasoning,sha256:426322958b7e23470a01417b248363405f6e4881f34405185190a0a86b04135b,det-v1,1,accepted,1631,56,916.619,0.0021787500,false,false
call-001417,arm8_spec_immediate,cal/f6/s6200005/early_accurate,26,grok-4.20-0309-non-reasoning,sha256:8a9a618385daddcc3e1f10eeef098e85e708d19a2f147855d2cbda15e72007bc,det-v1,1,,1859,71,974.773,0.0025012500,false,true
call-001418,arm8_spec_immediate,cal/f6/s6200005/early_accurate,26,grok-4.20-0309-non-reasoning,sha256:8a9a618385daddcc3e1f10eeef098e85e708d19a2f147855d2cbda15e72007bc,det-v1,1,accepted,1859,71,974.773,0.0025012500,false,false
call-001419,arm10_spec_eprocess,cal/f6/s6200005/early_accurate,20,grok-4.20-0309-non-reasoning,sha256:426322958b7e23470a01417b248363405f6e4881f34405185190a0a86b04135b,det-v1,1,accepted,1631,56,0.003,0.0021787500,true,false
call-001420,arm10_spec_eprocess,cal/f6/s6200005/early_accurate,26,grok-4.20-0309-non-reasoning,sha256:2547bc0d678c90ae2e11edbd4b515692b9075c017d68fe838bbeecbe6cdbdb0a,det-v1,1,,1859,71,867.402,0.0025012500,false,true
call-001421,arm10_spec_eprocess,cal/f6/s6200005/early_accurate,26,grok-4.20-0309-non-reasoning,sha256:2547bc0d678c90ae2e11edbd4b515692b9075c017d68fe838bbeecbe6cdbdb0a,det-v1,1,accepted,1859,71,867.402,0.0025012500,false,false
call-001422,arm12_cth,cal/f6/s6200005/early_accurate,20,grok-4.20-0309-non-reasoning,sha256:426322958b7e23470a01417b248363405f6e4881f34405185190a0a86b04135b,det-v1,1,accepted,1631,56,0.003,0.0021787500,true,false
call-001423,arm12_cth,cal/f6/s6200005/early_accurate,26,grok-4.20-0309-non-reasoning,sha256:2f1eddf3e37c919ec5b945d53b73eaefb0f1721ca83481f76561fe45a1f94828,det-v1,1,,1859,71,977.558,0.0025012500,false,true
call-001424,arm12_cth,cal/f6/s6200005/early_accurate,26,grok-4.20-0309-non-reasoning,sha256:2f1eddf3e37c919ec5b945d53b73eaefb0f1721ca83481f76561fe45a1f94828,det-v1,1,accepted,1859,71,977.558,0.0025012500,false,false
call-001425,arm12b_cth_llm,cal/f6/s6200005/early_accurate,20,grok-4.20-0309-non-reasoning,sha256:426322958b7e23470a01417b248363405f6e4881f34405185190a0a86b04135b,det-v1,1,accepted,1631,56,0.004,0.0021787500,true,false
call-001426,arm12b_cth_llm,cal/f6/s6200005/early_accurate,26,grok-4.20-0309-non-reasoning,sha256:2547bc0d678c90ae2e11edbd4b515692b9075c017d68fe838bbeecbe6cdbdb0a,det-v1,1,accepted,1859,71,0.001,0.0025012500,true,false
call-001427,arm8_spec_immediate,cal/f6/s6200005/late_accurate,23,grok-4.20-0309-non-reasoning,sha256:2f2741565919634289f3a9a070f61747a8717849e06ccec6dc71549e1c363d54,det-v1,1,,1745,88,1247.652,0.0024012500,false,true
call-001428,arm8_spec_immediate,cal/f6/s6200005/late_accurate,23,grok-4.20-0309-non-reasoning,sha256:2f2741565919634289f3a9a070f61747a8717849e06ccec6dc71549e1c363d54,det-v1,1,accepted,1745,88,1247.652,0.0024012500,false,false
call-001429,arm10_spec_eprocess,cal/f6/s6200005/late_accurate,23,grok-4.20-0309-non-reasoning,sha256:2f2741565919634289f3a9a070f61747a8717849e06ccec6dc71549e1c363d54,det-v1,1,accepted,1745,88,0.002,0.0024012500,true,false
call-001430,arm12_cth,cal/f6/s6200005/late_accurate,23,grok-4.20-0309-non-reasoning,sha256:2f2741565919634289f3a9a070f61747a8717849e06ccec6dc71549e1c363d54,det-v1,1,accepted,1745,88,0.003,0.0024012500,true,false
call-001431,arm12b_cth_llm,cal/f6/s6200005/late_accurate,23,grok-4.20-0309-non-reasoning,sha256:2f2741565919634289f3a9a070f61747a8717849e06ccec6dc71549e1c363d54,det-v1,1,accepted,1745,88,0.004,0.0024012500,true,false
call-001432,arm8_spec_immediate,cal/f6/s6200005/unreliable,20,grok-4.20-0309-non-reasoning,sha256:9745b95d86bada31e9e131bddd802e4368eb61c639284143d5c0644b8b8a69a1,det-v1,1,,1634,72,946.814,0.0022225000,false,true
call-001433,arm8_spec_immediate,cal/f6/s6200005/unreliable,20,grok-4.20-0309-non-reasoning,sha256:9745b95d86bada31e9e131bddd802e4368eb61c639284143d5c0644b8b8a69a1,det-v1,1,accepted,1634,72,946.814,0.0022225000,false,false
call-001434,arm8_spec_immediate,cal/f6/s6200005/unreliable,26,grok-4.20-0309-non-reasoning,sha256:e2ab73da5f287a7ab924418da609c951d5baaf608afad00514055216d6cce2d5,det-v1,1,,1862,70,957.709,0.0025025000,false,true
call-001435,arm8_spec_immediate,cal/f6/s6200005/unreliable,26,grok-4.20-0309-non-reasoning,sha256:e2ab73da5f287a7ab924418da609c951d5baaf608afad00514055216d6cce2d5,det-v1,1,accepted,1862,70,957.709,0.0025025000,false,false
call-001436,arm10_spec_eprocess,cal/f6/s6200005/unreliable,20,grok-4.20-0309-non-reasoning,sha256:9745b95d86bada31e9e131bddd802e4368eb61c639284143d5c0644b8b8a69a1,det-v1,1,accepted,1634,72,0.002,0.0022225000,true,false
call-001437,arm10_spec_eprocess,cal/f6/s6200005/unreliable,26,grok-4.20-0309-non-reasoning,sha256:a576444a2589a7b7252516a82fe7d81e9f95b2fdb970e84dca9aeea1d4787b75,det-v1,1,,1862,70,1177.524,0.0025025000,false,true
call-001438,arm10_spec_eprocess,cal/f6/s6200005/unreliable,26,grok-4.20-0309-non-reasoning,sha256:a576444a2589a7b7252516a82fe7d81e9f95b2fdb970e84dca9aeea1d4787b75,det-v1,1,accepted,1862,70,1177.524,0.0025025000,false,false
call-001439,arm12_cth,cal/f6/s6200005/unreliable,20,grok-4.20-0309-non-reasoning,sha256:9745b95d86bada31e9e131bddd802e4368eb61c639284143d5c0644b8b8a69a1,det-v1,1,accepted,1634,72,0.003,0.0022225000,true,false
call-001440,arm12_cth,cal/f6/s6200005/unreliable,26,grok-4.20-0309-non-reasoning,sha256:d22800fd6ded55af76180a5c83b60e731ce571a8eed781231ca26c5fd26ca78e,det-v1,1,,1862,70,1268.140,0.0025025000,false,true
call-001441,arm12_cth,cal/f6/s6200005/unreliable,26,grok-4.20-0309-non-reasoning,sha256:d22800fd6ded55af76180a5c83b60e731ce571a8eed781231ca26c5fd26ca78e,det-v1,1,accepted,1862,70,1268.140,0.0025025000,false,false
call-001442,arm12b_cth_llm,cal/f6/s6200005/unreliable,20,grok-4.20-0309-non-reasoning,sha256:9745b95d86bada31e9e131bddd802e4368eb61c639284143d5c0644b8b8a69a1,det-v1,1,accepted,1634,72,0.003,0.0022225000,true,false
call-001443,arm12b_cth_llm,cal/f6/s6200005/unreliable,26,grok-4.20-0309-non-reasoning,sha256:13e985a2997111f964cd5bff98083c4b399dccaf57bd1ffd30315ef7e8660e74,det-v1,1,,1862,70,956.256,0.0025025000,false,true
call-001444,arm12b_cth_llm,cal/f6/s6200005/unreliable,26,grok-4.20-0309-non-reasoning,sha256:13e985a2997111f964cd5bff98083c4b399dccaf57bd1ffd30315ef7e8660e74,det-v1,1,accepted,1862,70,956.256,0.0025025000,false,false
call-001445,arm8_spec_immediate,cal/f6/s6200005/no_alert__twin,10,grok-4.20-0309-non-reasoning,sha256:09e7cc5e2ee013a1d2fc0d002fa9c4ce3fe6508c6364228d5c1a7a7b9a626d93,det-v1,1,,1257,86,1203.031,0.0017862500,false,true
call-001446,arm8_spec_immediate,cal/f6/s6200005/no_alert__twin,10,grok-4.20-0309-non-reasoning,sha256:09e7cc5e2ee013a1d2fc0d002fa9c4ce3fe6508c6364228d5c1a7a7b9a626d93,det-v1,1,accepted,1257,86,1203.031,0.0017862500,false,false
call-001447,arm10_spec_eprocess,cal/f6/s6200005/no_alert__twin,10,grok-4.20-0309-non-reasoning,sha256:09e7cc5e2ee013a1d2fc0d002fa9c4ce3fe6508c6364228d5c1a7a7b9a626d93,det-v1,1,accepted,1257,86,0.002,0.0017862500,true,false
call-001448,arm12_cth,cal/f6/s6200005/no_alert__twin,10,grok-4.20-0309-non-reasoning,sha256:09e7cc5e2ee013a1d2fc0d002fa9c4ce3fe6508c6364228d5c1a7a7b9a626d93,det-v1,1,accepted,1257,86,0.002,0.0017862500,true,false
call-001449,arm12b_cth_llm,cal/f6/s6200005/no_alert__twin,10,grok-4.20-0309-non-reasoning,sha256:09e7cc5e2ee013a1d2fc0d002fa9c4ce3fe6508c6364228d5c1a7a7b9a626d93,det-v1,1,accepted,1257,86,0.002,0.0017862500,true,false
call-001450,arm8_spec_immediate,dev/f6/s6200006/no_alert,29,grok-4.20-0309-non-reasoning,sha256:58ff82f460aa0a2bfd8271a630b49c22a8efb9d82279d174cb21f45062e34ed3,det-v1,1,,1937,94,1036.576,0.0026562500,false,true
call-001451,arm8_spec_immediate,dev/f6/s6200006/no_alert,29,grok-4.20-0309-non-reasoning,sha256:58ff82f460aa0a2bfd8271a630b49c22a8efb9d82279d174cb21f45062e34ed3,det-v1,1,accepted,1937,94,1036.576,0.0026562500,false,false
call-001452,arm10_spec_eprocess,dev/f6/s6200006/no_alert,29,grok-4.20-0309-non-reasoning,sha256:58ff82f460aa0a2bfd8271a630b49c22a8efb9d82279d174cb21f45062e34ed3,det-v1,1,accepted,1937,94,0.002,0.0026562500,true,false
call-001453,arm12_cth,dev/f6/s6200006/no_alert,29,grok-4.20-0309-non-reasoning,sha256:58ff82f460aa0a2bfd8271a630b49c22a8efb9d82279d174cb21f45062e34ed3,det-v1,1,accepted,1937,94,0.002,0.0026562500,true,false
call-001454,arm12b_cth_llm,dev/f6/s6200006/no_alert,29,grok-4.20-0309-non-reasoning,sha256:58ff82f460aa0a2bfd8271a630b49c22a8efb9d82279d174cb21f45062e34ed3,det-v1,1,accepted,1937,94,0.003,0.0026562500,true,false
call-001455,arm8_spec_immediate,dev/f6/s6200006/early_accurate,17,grok-4.20-0309-non-reasoning,sha256:32f244bb0897d2454d6dc00fc458a6b8fc32649c76db581657b6d2e961d45598,det-v1,1,,1517,83,964.906,0.0021037500,false,true
call-001456,arm8_spec_immediate,dev/f6/s6200006/early_accurate,17,grok-4.20-0309-non-reasoning,sha256:32f244bb0897d2454d6dc00fc458a6b8fc32649c76db581657b6d2e961d45598,det-v1,1,accepted,1517,83,964.906,0.0021037500,false,false
call-001457,arm8_spec_immediate,dev/f6/s6200006/early_accurate,29,grok-4.20-0309-non-reasoning,sha256:0b95961621101476d55386c082031e10073f3cd205008d5470c974dae060f8f6,det-v1,1,,1973,71,1046.391,0.0026437500,false,true
call-001458,arm8_spec_immediate,dev/f6/s6200006/early_accurate,29,grok-4.20-0309-non-reasoning,sha256:0b95961621101476d55386c082031e10073f3cd205008d5470c974dae060f8f6,det-v1,1,accepted,1973,71,1046.391,0.0026437500,false,false
call-001459,arm10_spec_eprocess,dev/f6/s6200006/early_accurate,17,grok-4.20-0309-non-reasoning,sha256:32f244bb0897d2454d6dc00fc458a6b8fc32649c76db581657b6d2e961d45598,det-v1,1,accepted,1517,83,0.002,0.0021037500,true,false
call-001460,arm10_spec_eprocess,dev/f6/s6200006/early_accurate,29,grok-4.20-0309-non-reasoning,sha256:56f6359edc6bee42e38834c24dca86a98f0668b87f76b946feb1f020a9c8fe73,det-v1,1,,1973,75,938.719,0.0026537500,false,true
call-001461,arm10_spec_eprocess,dev/f6/s6200006/early_accurate,29,grok-4.20-0309-non-reasoning,sha256:56f6359edc6bee42e38834c24dca86a98f0668b87f76b946feb1f020a9c8fe73,det-v1,1,accepted,1973,75,938.719,0.0026537500,false,false
call-001462,arm12_cth,dev/f6/s6200006/early_accurate,17,grok-4.20-0309-non-reasoning,sha256:32f244bb0897d2454d6dc00fc458a6b8fc32649c76db581657b6d2e961d45598,det-v1,1,accepted,1517,83,0.002,0.0021037500,true,false
call-001463,arm12_cth,dev/f6/s6200006/early_accurate,29,grok-4.20-0309-non-reasoning,sha256:dc94ed342fdfd0cd61293ecb6462a5e7161c88dd28ee2b37b774d13231d351f8,det-v1,1,,1973,75,956.792,0.0026537500,false,true
call-001464,arm12_cth,dev/f6/s6200006/early_accurate,29,grok-4.20-0309-non-reasoning,sha256:dc94ed342fdfd0cd61293ecb6462a5e7161c88dd28ee2b37b774d13231d351f8,det-v1,1,accepted,1973,75,956.792,0.0026537500,false,false
call-001465,arm12b_cth_llm,dev/f6/s6200006/early_accurate,17,grok-4.20-0309-non-reasoning,sha256:32f244bb0897d2454d6dc00fc458a6b8fc32649c76db581657b6d2e961d45598,det-v1,1,accepted,1517,83,0.003,0.0021037500,true,false
call-001466,arm12b_cth_llm,dev/f6/s6200006/early_accurate,29,grok-4.20-0309-non-reasoning,sha256:56f6359edc6bee42e38834c24dca86a98f0668b87f76b946feb1f020a9c8fe73,det-v1,1,accepted,1973,75,0.002,0.0026537500,true,false
call-001467,arm8_spec_immediate,dev/f6/s6200006/late_accurate,20,grok-4.20-0309-non-reasoning,sha256:83da39f199208579e7bc57378a2a2a4c36cf0b5878c02a7b5b1fa4a9be70b72e,det-v1,1,,1631,60,884.072,0.0021887500,false,true
call-001468,arm8_spec_immediate,dev/f6/s6200006/late_accurate,20,grok-4.20-0309-non-reasoning,sha256:83da39f199208579e7bc57378a2a2a4c36cf0b5878c02a7b5b1fa4a9be70b72e,det-v1,1,accepted,1631,60,884.072,0.0021887500,false,false
call-001469,arm8_spec_immediate,dev/f6/s6200006/late_accurate,33,grok-4.20-0309-non-reasoning,sha256:01aa28383f559b48401824e7990846be3443e2f8e628a321021f7cd2f32e10d7,det-v1,1,,2125,72,1003.131,0.0028362500,false,true
call-001470,arm8_spec_immediate,dev/f6/s6200006/late_accurate,33,grok-4.20-0309-non-reasoning,sha256:01aa28383f559b48401824e7990846be3443e2f8e628a321021f7cd2f32e10d7,det-v1,1,accepted,2125,72,1003.131,0.0028362500,false,false
call-001471,arm10_spec_eprocess,dev/f6/s6200006/late_accurate,20,grok-4.20-0309-non-reasoning,sha256:83da39f199208579e7bc57378a2a2a4c36cf0b5878c02a7b5b1fa4a9be70b72e,det-v1,1,accepted,1631,60,0.002,0.0021887500,true,false
call-001472,arm10_spec_eprocess,dev/f6/s6200006/late_accurate,33,grok-4.20-0309-non-reasoning,sha256:6628602e001a663ee24c010af7274cfbb251c1a1104ed69a656e71986c09167b,det-v1,1,,2125,71,1113.406,0.0028337500,false,true
call-001473,arm10_spec_eprocess,dev/f6/s6200006/late_accurate,33,grok-4.20-0309-non-reasoning,sha256:6628602e001a663ee24c010af7274cfbb251c1a1104ed69a656e71986c09167b,det-v1,1,accepted,2125,71,1113.406,0.0028337500,false,false
call-001474,arm12_cth,dev/f6/s6200006/late_accurate,20,grok-4.20-0309-non-reasoning,sha256:83da39f199208579e7bc57378a2a2a4c36cf0b5878c02a7b5b1fa4a9be70b72e,det-v1,1,accepted,1631,60,0.002,0.0021887500,true,false
call-001475,arm12_cth,dev/f6/s6200006/late_accurate,33,grok-4.20-0309-non-reasoning,sha256:b4a5ca9266ef1ec1a88ea9a102a89275eeca02887db6d1651c546c2ac5fd5a56,det-v1,1,,2125,70,1098.987,0.0028312500,false,true
call-001476,arm12_cth,dev/f6/s6200006/late_accurate,33,grok-4.20-0309-non-reasoning,sha256:b4a5ca9266ef1ec1a88ea9a102a89275eeca02887db6d1651c546c2ac5fd5a56,det-v1,1,accepted,2125,70,1098.987,0.0028312500,false,false
call-001477,arm12b_cth_llm,dev/f6/s6200006/late_accurate,20,grok-4.20-0309-non-reasoning,sha256:83da39f199208579e7bc57378a2a2a4c36cf0b5878c02a7b5b1fa4a9be70b72e,det-v1,1,accepted,1631,60,0.002,0.0021887500,true,false
call-001478,arm12b_cth_llm,dev/f6/s6200006/late_accurate,33,grok-4.20-0309-non-reasoning,sha256:6628602e001a663ee24c010af7274cfbb251c1a1104ed69a656e71986c09167b,det-v1,1,accepted,2125,71,0.001,0.0028337500,true,false
call-001479,arm8_spec_immediate,dev/f6/s6200006/unreliable,17,grok-4.20-0309-non-reasoning,sha256:89cb8ae2e277f85272c01556ab171ed2db0a5aeb64703240fe674ff2762c728c,det-v1,1,,1508,50,1529.376,0.0020100000,false,true
call-001480,arm8_spec_immediate,dev/f6/s6200006/unreliable,17,grok-4.20-0309-non-reasoning,sha256:89cb8ae2e277f85272c01556ab171ed2db0a5aeb64703240fe674ff2762c728c,det-v1,1,accepted,1508,50,1529.376,0.0020100000,false,false
call-001481,arm8_spec_immediate,dev/f6/s6200006/unreliable,29,grok-4.20-0309-non-reasoning,sha256:e552c83479b5813b13f28fc8c96c4b694574c89b51f05ed53ee8ebecfa2efb7f,det-v1,1,,1964,94,1101.610,0.0026900000,false,true
call-001482,arm8_spec_immediate,dev/f6/s6200006/unreliable,29,grok-4.20-0309-non-reasoning,sha256:e552c83479b5813b13f28fc8c96c4b694574c89b51f05ed53ee8ebecfa2efb7f,det-v1,1,accepted,1964,94,1101.610,0.0026900000,false,false
call-001483,arm10_spec_eprocess,dev/f6/s6200006/unreliable,17,grok-4.20-0309-non-reasoning,sha256:89cb8ae2e277f85272c01556ab171ed2db0a5aeb64703240fe674ff2762c728c,det-v1,1,accepted,1508,50,0.002,0.0020100000,true,false
call-001484,arm10_spec_eprocess,dev/f6/s6200006/unreliable,29,grok-4.20-0309-non-reasoning,sha256:e552c83479b5813b13f28fc8c96c4b694574c89b51f05ed53ee8ebecfa2efb7f,det-v1,1,accepted,1964,94,0.001,0.0026900000,true,false
call-001485,arm12_cth,dev/f6/s6200006/unreliable,17,grok-4.20-0309-non-reasoning,sha256:89cb8ae2e277f85272c01556ab171ed2db0a5aeb64703240fe674ff2762c728c,det-v1,1,accepted,1508,50,0.002,0.0020100000,true,false
call-001486,arm12_cth,dev/f6/s6200006/unreliable,29,grok-4.20-0309-non-reasoning,sha256:71911977d35a93a39dc0a1378caf562116e58b0eb2da62676421d79e7cfa70e4,det-v1,1,,1964,63,908.223,0.0026125000,false,true
call-001487,arm12_cth,dev/f6/s6200006/unreliable,29,grok-4.20-0309-non-reasoning,sha256:71911977d35a93a39dc0a1378caf562116e58b0eb2da62676421d79e7cfa70e4,det-v1,1,accepted,1964,63,908.223,0.0026125000,false,false
call-001488,arm12b_cth_llm,dev/f6/s6200006/unreliable,17,grok-4.20-0309-non-reasoning,sha256:89cb8ae2e277f85272c01556ab171ed2db0a5aeb64703240fe674ff2762c728c,det-v1,1,accepted,1508,50,0.002,0.0020100000,true,false
call-001489,arm12b_cth_llm,dev/f6/s6200006/unreliable,29,grok-4.20-0309-non-reasoning,sha256:e552c83479b5813b13f28fc8c96c4b694574c89b51f05ed53ee8ebecfa2efb7f,det-v1,1,accepted,1964,94,0.001,0.0026900000,true,false
call-001490,arm8_spec_immediate,dev/f6/s6200006/no_alert__twin,10,grok-4.20-0309-non-reasoning,sha256:0625a657192fa857594583af0119aff14a5ca2f245540ba0af128504663a6cf4,det-v1,1,,1253,86,1118.402,0.0017812500,false,true
call-001491,arm8_spec_immediate,dev/f6/s6200006/no_alert__twin,10,grok-4.20-0309-non-reasoning,sha256:0625a657192fa857594583af0119aff14a5ca2f245540ba0af128504663a6cf4,det-v1,1,accepted,1253,86,1118.402,0.0017812500,false,false
call-001492,arm10_spec_eprocess,dev/f6/s6200006/no_alert__twin,10,grok-4.20-0309-non-reasoning,sha256:0625a657192fa857594583af0119aff14a5ca2f245540ba0af128504663a6cf4,det-v1,1,accepted,1253,86,0.002,0.0017812500,true,false
call-001493,arm12_cth,dev/f6/s6200006/no_alert__twin,10,grok-4.20-0309-non-reasoning,sha256:0625a657192fa857594583af0119aff14a5ca2f245540ba0af128504663a6cf4,det-v1,1,accepted,1253,86,0.002,0.0017812500,true,false
call-001494,arm12b_cth_llm,dev/f6/s6200006/no_alert__twin,10,grok-4.20-0309-non-reasoning,sha256:0625a657192fa857594583af0119aff14a5ca2f245540ba0af128504663a6cf4,det-v1,1,accepted,1253,86,0.003,0.0017812500,true,false
call-001495,arm8_spec_immediate,cal/f6/s6200007/no_alert,18,grok-4.20-0309-non-reasoning,sha256:af743bd7c6eb6cf59616bd388d48eded212ed51c7161913cc3c52cde419f5586,det-v1,1,,1519,76,980.738,0.0020887500,false,true
call-001496,arm8_spec_immediate,cal/f6/s6200007/no_alert,18,grok-4.20-0309-non-reasoning,sha256:af743bd7c6eb6cf59616bd388d48eded212ed51c7161913cc3c52cde419f5586,det-v1,1,accepted,1519,76,980.738,0.0020887500,false,false
call-001497,arm10_spec_eprocess,cal/f6/s6200007/no_alert,18,grok-4.20-0309-non-reasoning,sha256:af743bd7c6eb6cf59616bd388d48eded212ed51c7161913cc3c52cde419f5586,det-v1,1,accepted,1519,76,0.002,0.0020887500,true,false
call-001498,arm12_cth,cal/f6/s6200007/no_alert,18,grok-4.20-0309-non-reasoning,sha256:af743bd7c6eb6cf59616bd388d48eded212ed51c7161913cc3c52cde419f5586,det-v1,1,accepted,1519,76,0.002,0.0020887500,true,false
call-001499,arm12b_cth_llm,cal/f6/s6200007/no_alert,18,grok-4.20-0309-non-reasoning,sha256:af743bd7c6eb6cf59616bd388d48eded212ed51c7161913cc3c52cde419f5586,det-v1,1,accepted,1519,76,0.002,0.0020887500,true,false
call-001500,arm8_spec_immediate,cal/f6/s6200007/early_accurate,13,grok-4.20-0309-non-reasoning,sha256:6820f1145ced449b730d930a6eca9cbed6a85b28d2516ffe68521db364a1cd74,det-v1,1,,1372,72,943.099,0.0018950000,false,true
call-001501,arm8_spec_immediate,cal/f6/s6200007/early_accurate,13,grok-4.20-0309-non-reasoning,sha256:6820f1145ced449b730d930a6eca9cbed6a85b28d2516ffe68521db364a1cd74,det-v1,1,accepted,1372,72,943.099,0.0018950000,false,false
call-001502,arm8_spec_immediate,cal/f6/s6200007/early_accurate,19,grok-4.20-0309-non-reasoning,sha256:f7861a287fc505ec95b48b0ab5aa5f62eb4a5b10da5375d613b8efbfc4cc765e,det-v1,1,,1600,113,1239.700,0.0022825000,false,true
call-001503,arm8_spec_immediate,cal/f6/s6200007/early_accurate,19,grok-4.20-0309-non-reasoning,sha256:f7861a287fc505ec95b48b0ab5aa5f62eb4a5b10da5375d613b8efbfc4cc765e,det-v1,1,accepted,1600,113,1239.700,0.0022825000,false,false
call-001504,arm10_spec_eprocess,cal/f6/s6200007/early_accurate,13,grok-4.20-0309-non-reasoning,sha256:6820f1145ced449b730d930a6eca9cbed6a85b28d2516ffe68521db364a1cd74,det-v1,1,accepted,1372,72,0.002,0.0018950000,true,false
call-001505,arm10_spec_eprocess,cal/f6/s6200007/early_accurate,19,grok-4.20-0309-non-reasoning,sha256:8f0e2b36f398cb67413806834339200e925e07740d7d271abd6d0f0b6e60a72f,det-v1,1,,1600,79,1031.786,0.0021975000,false,true
call-001506,arm10_spec_eprocess,cal/f6/s6200007/early_accurate,19,grok-4.20-0309-non-reasoning,sha256:8f0e2b36f398cb67413806834339200e925e07740d7d271abd6d0f0b6e60a72f,det-v1,1,accepted,1600,79,1031.786,0.0021975000,false,false
call-001507,arm12_cth,cal/f6/s6200007/early_accurate,13,grok-4.20-0309-non-reasoning,sha256:6820f1145ced449b730d930a6eca9cbed6a85b28d2516ffe68521db364a1cd74,det-v1,1,accepted,1372,72,0.003,0.0018950000,true,false
call-001508,arm12_cth,cal/f6/s6200007/early_accurate,19,grok-4.20-0309-non-reasoning,sha256:6e74ead2b084bfdda8e49276a31a3b57e66d50e59444b88327ffc43841699865,det-v1,1,,1600,79,1328.847,0.0021975000,false,true
call-001509,arm12_cth,cal/f6/s6200007/early_accurate,19,grok-4.20-0309-non-reasoning,sha256:6e74ead2b084bfdda8e49276a31a3b57e66d50e59444b88327ffc43841699865,det-v1,1,accepted,1600,79,1328.847,0.0021975000,false,false
call-001510,arm12b_cth_llm,cal/f6/s6200007/early_accurate,13,grok-4.20-0309-non-reasoning,sha256:6820f1145ced449b730d930a6eca9cbed6a85b28d2516ffe68521db364a1cd74,det-v1,1,accepted,1372,72,0.002,0.0018950000,true,false
call-001511,arm12b_cth_llm,cal/f6/s6200007/early_accurate,19,grok-4.20-0309-non-reasoning,sha256:274be186d3e8f0efa9570004d505857b6bb53d29295d42eda457ba22efe8af93,det-v1,1,,1600,75,1009.465,0.0021875000,false,true
call-001512,arm12b_cth_llm,cal/f6/s6200007/early_accurate,19,grok-4.20-0309-non-reasoning,sha256:274be186d3e8f0efa9570004d505857b6bb53d29295d42eda457ba22efe8af93,det-v1,1,accepted,1600,75,1009.465,0.0021875000,false,false
call-001513,arm8_spec_immediate,cal/f6/s6200007/late_accurate,16,grok-4.20-0309-non-reasoning,sha256:c32e388c942d2aa9369b5fa6af56b1bea65c492aea6c2a9dae662334f59620d1,det-v1,1,,1486,76,935.264,0.0020475000,false,true
call-001514,arm8_spec_immediate,cal/f6/s6200007/late_accurate,16,grok-4.20-0309-non-reasoning,sha256:c32e388c942d2aa9369b5fa6af56b1bea65c492aea6c2a9dae662334f59620d1,det-v1,1,accepted,1486,76,935.264,0.0020475000,false,false
call-001515,arm10_spec_eprocess,cal/f6/s6200007/late_accurate,16,grok-4.20-0309-non-reasoning,sha256:c32e388c942d2aa9369b5fa6af56b1bea65c492aea6c2a9dae662334f59620d1,det-v1,1,accepted,1486,76,0.002,0.0020475000,true,false
call-001516,arm12_cth,cal/f6/s6200007/late_accurate,16,grok-4.20-0309-non-reasoning,sha256:c32e388c942d2aa9369b5fa6af56b1bea65c492aea6c2a9dae662334f59620d1,det-v1,1,accepted,1486,76,0.003,0.0020475000,true,false
call-001517,arm12b_cth_llm,cal/f6/s6200007/late_accurate,16,grok-4.20-0309-non-reasoning,sha256:c32e388c942d2aa9369b5fa6af56b1bea65c492aea6c2a9dae662334f59620d1,det-v1,1,accepted,1486,76,0.003,0.0020475000,true,false
call-001518,arm8_spec_immediate,cal/f6/s6200007/unreliable,13,grok-4.20-0309-non-reasoning,sha256:65d67efa750e5a5bf0f57cf2a4488ec7a2f8132e118f98a65b97034d57d6d697,det-v1,1,,1370,83,1103.419,0.0019200000,false,true
call-001519,arm8_spec_immediate,cal/f6/s6200007/unreliable,13,grok-4.20-0309-non-reasoning,sha256:65d67efa750e5a5bf0f57cf2a4488ec7a2f8132e118f98a65b97034d57d6d697,det-v1,1,accepted,1370,83,1103.419,0.0019200000,false,false
call-001520,arm8_spec_immediate,cal/f6/s6200007/unreliable,19,grok-4.20-0309-non-reasoning,sha256:1dc18f704d49d8f8a6a3401323284bc7dad0d345af5bdd198d2d7e3f52f7b754,det-v1,1,,1598,103,1168.573,0.0022550000,false,true
call-001521,arm8_spec_immediate,cal/f6/s6200007/unreliable,19,grok-4.20-0309-non-reasoning,sha256:1dc18f704d49d8f8a6a3401323284bc7dad0d345af5bdd198d2d7e3f52f7b754,det-v1,1,accepted,1598,103,1168.573,0.0022550000,false,false
call-001522,arm10_spec_eprocess,cal/f6/s6200007/unreliable,13,grok-4.20-0309-non-reasoning,sha256:65d67efa750e5a5bf0f57cf2a4488ec7a2f8132e118f98a65b97034d57d6d697,det-v1,1,accepted,1370,83,0.002,0.0019200000,true,false
call-001523,arm10_spec_eprocess,cal/f6/s6200007/unreliable,19,grok-4.20-0309-non-reasoning,sha256:8aa9f70a3bae75c704209b73d29bdaa6af078c446f71ba564630d123507abbb4,det-v1,1,,1598,98,1476.151,0.0022425000,false,true
call-001524,arm10_spec_eprocess,cal/f6/s6200007/unreliable,19,grok-4.20-0309-non-reasoning,sha256:8aa9f70a3bae75c704209b73d29bdaa6af078c446f71ba564630d123507abbb4,det-v1,1,accepted,1598,98,1476.151,0.0022425000,false,false
call-001525,arm12_cth,cal/f6/s6200007/unreliable,13,grok-4.20-0309-non-reasoning,sha256:65d67efa750e5a5bf0f57cf2a4488ec7a2f8132e118f98a65b97034d57d6d697,det-v1,1,accepted,1370,83,0.003,0.0019200000,true,false
call-001526,arm12_cth,cal/f6/s6200007/unreliable,19,grok-4.20-0309-non-reasoning,sha256:0fb7c8c9563c03908611e3bd3ff1d42ea22b9d44b2859225cb5d6d6ff0866945,det-v1,1,,1598,98,1303.130,0.0022425000,false,true
call-001527,arm12_cth,cal/f6/s6200007/unreliable,19,grok-4.20-0309-non-reasoning,sha256:0fb7c8c9563c03908611e3bd3ff1d42ea22b9d44b2859225cb5d6d6ff0866945,det-v1,1,accepted,1598,98,1303.130,0.0022425000,false,false
call-001528,arm12b_cth_llm,cal/f6/s6200007/unreliable,13,grok-4.20-0309-non-reasoning,sha256:65d67efa750e5a5bf0f57cf2a4488ec7a2f8132e118f98a65b97034d57d6d697,det-v1,1,accepted,1370,83,0.003,0.0019200000,true,false
call-001529,arm12b_cth_llm,cal/f6/s6200007/unreliable,19,grok-4.20-0309-non-reasoning,sha256:b18827047ed2360c158b47d3df9f1fce0149c6c66d6e71741de69c265dabd832,det-v1,1,,1598,71,961.706,0.0021750000,false,true
call-001530,arm12b_cth_llm,cal/f6/s6200007/unreliable,19,grok-4.20-0309-non-reasoning,sha256:b18827047ed2360c158b47d3df9f1fce0149c6c66d6e71741de69c265dabd832,det-v1,1,accepted,1598,71,961.706,0.0021750000,false,false
