call_id,arm_id,episode_id,period,model_id,prompt_hash,decoding_hash,attempt_index,outcome,input_tokens,output_tokens,latency_ms,usd_cost,cache_hit,physical
call-000001,arm8_spec_immediate,dev/f1/s1050000/no_alert,25,meta-llama/llama-3.3-70b-instruct,sha256:6464d353efcc424f81fe11d600f25bbd353fe16bd6d0d3935f159ef1aad5f432,det-v1,1,,1588,69,2254.075,0.0001808800,false,true
call-000002,arm8_spec_immediate,dev/f1/s1050000/no_alert,25,meta-llama/llama-3.3-70b-instruct,sha256:6464d353efcc424f81fe11d600f25bbd353fe16bd6d0d3935f159ef1aad5f432,det-v1,1,accepted,1588,69,2254.075,0.0001808800,false,false
call-000003,arm8_spec_immediate,dev/f1/s1050000/no_alert,31,meta-llama/llama-3.3-70b-instruct,sha256:26542da6329d7ba3a8ed3123b5e6ae14f444e3b7906c2a45347448547577e764,det-v1,1,,1809,69,2275.376,0.0002029800,false,true
call-000004,arm8_spec_immediate,dev/f1/s1050000/no_alert,31,meta-llama/llama-3.3-70b-instruct,sha256:26542da6329d7ba3a8ed3123b5e6ae14f444e3b7906c2a45347448547577e764,det-v1,1,accepted,1809,69,2275.376,0.0002029800,false,false
call-000005,arm9_spec_heuristic_rollback,dev/f1/s1050000/no_alert,25,meta-llama/llama-3.3-70b-instruct,sha256:6464d353efcc424f81fe11d600f25bbd353fe16bd6d0d3935f159ef1aad5f432,det-v1,1,accepted,1588,69,0.004,0.0001808800,true,false
call-000006,arm9_spec_heuristic_rollback,dev/f1/s1050000/no_alert,31,meta-llama/llama-3.3-70b-instruct,sha256:26542da6329d7ba3a8ed3123b5e6ae14f444e3b7906c2a45347448547577e764,det-v1,1,accepted,1809,69,0.003,0.0002029800,true,false
call-000007,arm10_spec_eprocess,dev/f1/s1050000/no_alert,25,meta-llama/llama-3.3-70b-instruct,sha256:6464d353efcc424f81fe11d600f25bbd353fe16bd6d0d3935f159ef1aad5f432,det-v1,1,accepted,1588,69,0.003,0.0001808800,true,false
call-000008,arm10_spec_eprocess,dev/f1/s1050000/no_alert,31,meta-llama/llama-3.3-70b-instruct,sha256:26542da6329d7ba3a8ed3123b5e6ae14f444e3b7906c2a45347448547577e764,det-v1,1,accepted,1809,69,0.003,0.0002029800,true,false
call-000009,arm8_spec_immediate,cal/f1/s1060000/no_alert,21,meta-llama/llama-3.3-70b-instruct,sha256:0ef68c948f965c0612e5e11df6f45ceb8c69e9f25baae397b6d4dd8306e0a75b,det-v1,1,,1439,137,3709.422,0.0001877400,false,true
call-000010,arm8_spec_immediate,cal/f1/s1060000/no_alert,21,meta-llama/llama-3.3-70b-instruct,sha256:0ef68c948f965c0612e5e11df6f45ceb8c69e9f25baae397b6d4dd8306e0a75b,det-v1,1,fallback,1439,137,3709.422,0.0001877400,false,false
call-000011,arm8_spec_immediate,cal/f1/s1060000/no_alert,21,meta-llama/llama-3.3-70b-instruct,sha256:dd27bcf4e83de05517eb83f6f1ff7f63335bb86aee221c2a7b522cd989c6f8bd,det-v1,2,,1534,69,2833.183,0.0001754800,false,true
call-000012,arm8_spec_immediate,cal/f1/s1060000/no_alert,21,meta-llama/llama-3.3-70b-instruct,sha256:dd27bcf4e83de05517eb83f6f1ff7f63335bb86aee221c2a7b522cd989c6f8bd,det-v1,2,accepted_after_repair,1534,69,2833.183,0.0001754800,false,false
call-000013,arm8_spec_immediate,cal/f1/s1060000/no_alert,49,meta-llama/llama-3.3-70b-instruct,sha256:94bb9ce513597150c9fdb4deec3ff3487011a45acf7623f1d676e5c83b8ae3d9,det-v1,1,,2500,69,3467.623,0.0002720800,false,true
call-000014,arm8_spec_immediate,cal/f1/s1060000/no_alert,49,meta-llama/llama-3.3-70b-instruct,sha256:94bb9ce513597150c9fdb4deec3ff3487011a45acf7623f1d676e5c83b8ae3d9,det-v1,1,accepted,2500,69,3467.623,0.0002720800,false,false
call-000015,arm9_spec_heuristic_rollback,cal/f1/s1060000/no_alert,21,meta-llama/llama-3.3-70b-instruct,sha256:0ef68c948f965c0612e5e11df6f45ceb8c69e9f25baae397b6d4dd8306e0a75b,det-v1,1,fallback,1439,137,0.003,0.0001877400,true,false
call-000016,arm9_spec_heuristic_rollback,cal/f1/s1060000/no_alert,21,meta-llama/llama-3.3-70b-instruct,sha256:dd27bcf4e83de05517eb83f6f1ff7f63335bb86aee221c2a7b522cd989c6f8bd,det-v1,2,accepted_after_repair,1534,69,0.003,0.0001754800,true,false
call-000017,arm9_spec_heuristic_rollback,cal/f1/s1060000/no_alert,49,meta-llama/llama-3.3-70b-instruct,sha256:94bb9ce513597150c9fdb4deec3ff3487011a45acf7623f1d676e5c83b8ae3d9,det-v1,1,accepted,2500,69,0.003,0.0002720800,true,false
call-000018,arm10_spec_eprocess,cal/f1/s1060000/no_alert,21,meta-llama/llama-3.3-70b-instruct,sha256:0ef68c948f965c0612e5e11df6f45ceb8c69e9f25baae397b6d4dd8306e0a75b,det-v1,1,fallback,1439,137,0.003,0.0001877400,true,false
call-000019,arm10_spec_eprocess,cal/f1/s1060000/no_alert,21,meta-llama/llama-3.3-70b-instruct,sha256:dd27bcf4e83de05517eb83f6f1ff7f63335bb86aee221c2a7b522cd989c6f8bd,det-v1,2,accepted_after_repair,1534,69,0.003,0.0001754800,true,false
call-000020,arm10_spec_eprocess,cal/f1/s1060000/no_alert,49,meta-llama/llama-3.3-70b-instruct,sha256:94bb9ce513597150c9fdb4deec3ff3487011a45acf7623f1d676e5c83b8ae3d9,det-v1,1,accepted,2500,69,0.003,0.0002720800,true,false
call-000021,arm8_spec_immediate,dev/f1/s1050001/no_alert,23,meta-llama/llama-3.3-70b-instruct,sha256:45c7222334a0ca0ceac8b1d671221289530fc2680dbd2059a3d4db61300aea32,det-v1,1,,1538,69,2690.352,0.0001758800,false,true
call-000022,arm8_spec_immediate,dev/f1/s1050001/no_alert,23,meta-llama/llama-3.3-70b-instruct,sha256:45c7222334a0ca0ceac8b1d671221289530fc2680dbd2059a3d4db61300aea32,det-v1,1,accepted,1538,69,2690.352,0.0001758800,false,false
call-000023,arm8_spec_immediate,dev/f1/s1050001/no_alert,32,meta-llama/llama-3.3-70b-instruct,sha256:050d0d5be66011ccd75416b7a4c6fecc8acb821f26a335c42e591a446e1855b8,det-v1,1,,1871,69,2606.341,0.0002091800,false,true
call-000024,arm8_spec_immediate,dev/f1/s1050001/no_alert,32,meta-llama/llama-3.3-70b-instruct,sha256:050d0d5be66011ccd75416b7a4c6fecc8acb821f26a335c42e591a446e1855b8,det-v1,1,accepted,1871,69,2606.341,0.0002091800,false,false
call-000025,arm9_spec_heuristic_rollback,dev/f1/s1050001/no_alert,23,meta-llama/llama-3.3-70b-instruct,sha256:45c7222334a0ca0ceac8b1d671221289530fc2680dbd2059a3d4db61300aea32,det-v1,1,accepted,1538,69,0.002,0.0001758800,true,false
call-000026,arm9_spec_heuristic_rollback,dev/f1/s1050001/no_alert,32,meta-llama/llama-3.3-70b-instruct,sha256:050d0d5be66011ccd75416b7a4c6fecc8acb821f26a335c42e591a446e1855b8,det-v1,1,accepted,1871,69,0.002,0.0002091800,true,false
call-000027,arm10_spec_eprocess,dev/f1/s1050001/no_alert,23,meta-llama/llama-3.3-70b-instruct,sha256:45c7222334a0ca0ceac8b1d671221289530fc2680dbd2059a3d4db61300aea32,det-v1,1,accepted,1538,69,0.002,0.0001758800,true,false
call-000028,arm10_spec_eprocess,dev/f1/s1050001/no_alert,32,meta-llama/llama-3.3-70b-instruct,sha256:050d0d5be66011ccd75416b7a4c6fecc8acb821f26a335c42e591a446e1855b8,det-v1,1,accepted,1871,69,0.002,0.0002091800,true,false
call-000029,arm8_spec_immediate,cal/f1/s1060001/no_alert,36,meta-llama/llama-3.3-70b-instruct,sha256:ea2c3a80c3ebcd2d66d1555f096dd0c25f9c9a798aec61fa268600e298846e46,det-v1,1,,2019,69,3314.127,0.0002239800,false,true
call-000030,arm8_spec_immediate,cal/f1/s1060001/no_alert,36,meta-llama/llama-3.3-70b-instruct,sha256:ea2c3a80c3ebcd2d66d1555f096dd0c25f9c9a798aec61fa268600e298846e46,det-v1,1,accepted,2019,69,3314.127,0.0002239800,false,false
call-000031,arm8_spec_immediate,cal/f1/s1060001/no_alert,46,meta-llama/llama-3.3-70b-instruct,sha256:0e1e801fee2144bb7c69ea059e3af110810b85014091d729754caca61afb4ddf,det-v1,1,,2389,69,2667.718,0.0002609800,false,true
call-000032,arm8_spec_immediate,cal/f1/s1060001/no_alert,46,meta-llama/llama-3.3-70b-instruct,sha256:0e1e801fee2144bb7c69ea059e3af110810b85014091d729754caca61afb4ddf,det-v1,1,accepted,2389,69,2667.718,0.0002609800,false,false
call-000033,arm9_spec_heuristic_rollback,cal/f1/s1060001/no_alert,36,meta-llama/llama-3.3-70b-instruct,sha256:ea2c3a80c3ebcd2d66d1555f096dd0c25f9c9a798aec61fa268600e298846e46,det-v1,1,accepted,2019,69,0.002,0.0002239800,true,false
call-000034,arm9_spec_heuristic_rollback,cal/f1/s1060001/no_alert,46,meta-llama/llama-3.3-70b-instruct,sha256:0e1e801fee2144bb7c69ea059e3af110810b85014091d729754caca61afb4ddf,det-v1,1,accepted,2389,69,0.001,0.0002609800,true,false
call-000035,arm10_spec_eprocess,cal/f1/s1060001/no_alert,36,meta-llama/llama-3.3-70b-instruct,sha256:ea2c3a80c3ebcd2d66d1555f096dd0c25f9c9a798aec61fa268600e298846e46,det-v1,1,accepted,2019,69,0.001,0.0002239800,true,false
call-000036,arm10_spec_eprocess,cal/f1/s1060001/no_alert,46,meta-llama/llama-3.3-70b-instruct,sha256:0e1e801fee2144bb7c69ea059e3af110810b85014091d729754caca61afb4ddf,det-v1,1,accepted,2389,69,0.002,0.0002609800,true,false
call-000037,arm8_spec_immediate,dev/f1/s1050000/early_accurate,16,meta-llama/llama-3.3-70b-instruct,sha256:39d2a8d9d3c11ac0024fcfb401c5e903e556542e0b71e2fe220ed8c85bcadf58,det-v1,1,accepted,1291,65,0.003,0.0001499000,true,false
call-000038,arm8_spec_immediate,dev/f1/s1050000/early_accurate,25,meta-llama/llama-3.3-70b-instruct,sha256:0e07d549c3ff7bbd108fc88c4c7f8d32a64c336c11f8891135b631715a68e37d,det-v1,1,accepted,1625,99,0.002,0.0001941800,true,false
call-000039,arm9_spec_heuristic_rollback,dev/f1/s1050000/early_accurate,16,meta-llama/llama-3.3-70b-instruct,sha256:39d2a8d9d3c11ac0024fcfb401c5e903e556542e0b71e2fe220ed8c85bcadf58,det-v1,1,accepted,1291,65,0.002,0.0001499000,true,false
call-000040,arm9_spec_heuristic_rollback,dev/f1/s1050000/early_accurate,25,meta-llama/llama-3.3-70b-instruct,sha256:0e07d549c3ff7bbd108fc88c4c7f8d32a64c336c11f8891135b631715a68e37d,det-v1,1,accepted,1625,99,0.001,0.0001941800,true,false
call-000041,arm10_spec_eprocess,dev/f1/s1050000/early_accurate,16,meta-llama/llama-3.3-70b-instruct,sha256:39d2a8d9d3c11ac0024fcfb401c5e903e556542e0b71e2fe220ed8c85bcadf58,det-v1,1,accepted,1291,65,0.002,0.0001499000,true,false
call-000042,arm10_spec_eprocess,dev/f1/s1050000/early_accurate,25,meta-llama/llama-3.3-70b-instruct,sha256:83cf1fab0058db4f7b09297aa2ad547b3b7d179b11e7da644ec77867ced031fe,det-v1,1,accepted,1625,99,0.002,0.0001941800,true,false
call-000043,arm8_spec_immediate,cal/f1/s1060000/early_accurate,17,meta-llama/llama-3.3-70b-instruct,sha256:29983cda9e9ba28c8151abe48ee47b4806dcf477c2f9b2a14ac341fb15123453,det-v1,1,,1358,69,2444.598,0.0001578800,false,true
call-000044,arm8_spec_immediate,cal/f1/s1060000/early_accurate,17,meta-llama/llama-3.3-70b-instruct,sha256:29983cda9e9ba28c8151abe48ee47b4806dcf477c2f9b2a14ac341fb15123453,det-v1,1,accepted,1358,69,2444.598,0.0001578800,false,false
call-000045,arm8_spec_immediate,cal/f1/s1060000/early_accurate,23,meta-llama/llama-3.3-70b-instruct,sha256:4f6733b60baa5d0730e3c5096daa08b0600db3dfe41e0fa32b7a958ff8e575f6,det-v1,1,,1580,69,3027.603,0.0001800800,false,true
call-000046,arm8_spec_immediate,cal/f1/s1060000/early_accurate,23,meta-llama/llama-3.3-70b-instruct,sha256:4f6733b60baa5d0730e3c5096daa08b0600db3dfe41e0fa32b7a958ff8e575f6,det-v1,1,accepted,1580,69,3027.603,0.0001800800,false,false
call-000047,arm9_spec_heuristic_rollback,cal/f1/s1060000/early_accurate,17,meta-llama/llama-3.3-70b-instruct,sha256:29983cda9e9ba28c8151abe48ee47b4806dcf477c2f9b2a14ac341fb15123453,det-v1,1,accepted,1358,69,0.002,0.0001578800,true,false
call-000048,arm9_spec_heuristic_rollback,cal/f1/s1060000/early_accurate,23,meta-llama/llama-3.3-70b-instruct,sha256:4f6733b60baa5d0730e3c5096daa08b0600db3dfe41e0fa32b7a958ff8e575f6,det-v1,1,accepted,1580,69,0.001,0.0001800800,true,false
call-000049,arm10_spec_eprocess,cal/f1/s1060000/early_accurate,17,meta-llama/llama-3.3-70b-instruct,sha256:29983cda9e9ba28c8151abe48ee47b4806dcf477c2f9b2a14ac341fb15123453,det-v1,1,accepted,1358,69,0.001,0.0001578800,true,false
call-000050,arm10_spec_eprocess,cal/f1/s1060000/early_accurate,23,meta-llama/llama-3.3-70b-instruct,sha256:4f6733b60baa5d0730e3c5096daa08b0600db3dfe41e0fa32b7a958ff8e575f6,det-v1,1,accepted,1580,69,0.001,0.0001800800,true,false
call-000051,arm8_spec_immediate,dev/f1/s1050001/early_accurate,15,meta-llama/llama-3.3-70b-instruct,sha256:6069b139fd6624172caac049fa83029d0ee9393f1a5f438329542e0e39e58a81,det-v1,1,,1280,95,3020.769,0.0001584000,false,true
call-000052,arm8_spec_immediate,dev/f1/s1050001/early_accurate,15,meta-llama/llama-3.3-70b-instruct,sha256:6069b139fd6624172caac049fa83029d0ee9393f1a5f438329542e0e39e58a81,det-v1,1,accepted,1280,95,3020.769,0.0001584000,false,false
call-000053,arm8_spec_immediate,dev/f1/s1050001/early_accurate,23,meta-llama/llama-3.3-70b-instruct,sha256:ade89ab4d03a705ef3a1a12f6cede344a69ff4e8378a6e37f9cd21b9c20a4f64,det-v1,1,,1576,94,5600.328,0.0001876800,false,true
call-000054,arm8_spec_immediate,dev/f1/s1050001/early_accurate,23,meta-llama/llama-3.3-70b-instruct,sha256:ade89ab4d03a705ef3a1a12f6cede344a69ff4e8378a6e37f9cd21b9c20a4f64,det-v1,1,accepted,1576,94,5600.328,0.0001876800,false,false
call-000055,arm9_spec_heuristic_rollback,dev/f1/s1050001/early_accurate,15,meta-llama/llama-3.3-70b-instruct,sha256:6069b139fd6624172caac049fa83029d0ee9393f1a5f438329542e0e39e58a81,det-v1,1,accepted,1280,95,0.003,0.0001584000,true,false
call-000056,arm9_spec_heuristic_rollback,dev/f1/s1050001/early_accurate,23,meta-llama/llama-3.3-70b-instruct,sha256:ade89ab4d03a705ef3a1a12f6cede344a69ff4e8378a6e37f9cd21b9c20a4f64,det-v1,1,accepted,1576,94,0.003,0.0001876800,true,false
call-000057,arm10_spec_eprocess,dev/f1/s1050001/early_accurate,15,meta-llama/llama-3.3-70b-instruct,sha256:6069b139fd6624172caac049fa83029d0ee9393f1a5f438329542e0e39e58a81,det-v1,1,accepted,1280,95,0.003,0.0001584000,true,false
call-000058,arm10_spec_eprocess,dev/f1/s1050001/early_accurate,23,meta-llama/llama-3.3-70b-instruct,sha256:5f815d33d6d1196346b5261f6c2485fbf958a9e34e2ad1ca6d2704436078363f,det-v1,1,,1576,119,3974.431,0.0001956800,false,true
call-000059,arm10_spec_eprocess,dev/f1/s1050001/early_accurate,23,meta-llama/llama-3.3-70b-instruct,sha256:5f815d33d6d1196346b5261f6c2485fbf958a9e34e2ad1ca6d2704436078363f,det-v1,1,accepted,1576,119,3974.431,0.0001956800,false,false
call-000060,arm8_spec_immediate,cal/f1/s1060001/early_accurate,21,meta-llama/llama-3.3-70b-instruct,sha256:2b0c3b2cc58d83712837bdd693899ffa0fad7c80aa8527ea5e7410e03f7e8e3b,det-v1,1,,1505,69,29741.062,0.0001725800,false,true
call-000061,arm8_spec_immediate,cal/f1/s1060001/early_accurate,21,meta-llama/llama-3.3-70b-instruct,sha256:2b0c3b2cc58d83712837bdd693899ffa0fad7c80aa8527ea5e7410e03f7e8e3b,det-v1,1,accepted,1505,69,29741.062,0.0001725800,false,false
call-000062,arm8_spec_immediate,cal/f1/s1060001/early_accurate,36,meta-llama/llama-3.3-70b-instruct,sha256:0db99568fa1b3889679dedd317461e8e2c69a4c45082c640b93fc11af235450e,det-v1,1,,2060,89,4663.934,0.0002344800,false,true
call-000063,arm8_spec_immediate,cal/f1/s1060001/early_accurate,36,meta-llama/llama-3.3-70b-instruct,sha256:0db99568fa1b3889679dedd317461e8e2c69a4c45082c640b93fc11af235450e,det-v1,1,accepted,2060,89,4663.934,0.0002344800,false,false
call-000064,arm9_spec_heuristic_rollback,cal/f1/s1060001/early_accurate,21,meta-llama/llama-3.3-70b-instruct,sha256:2b0c3b2cc58d83712837bdd693899ffa0fad7c80aa8527ea5e7410e03f7e8e3b,det-v1,1,accepted,1505,69,0.003,0.0001725800,true,false
call-000065,arm9_spec_heuristic_rollback,cal/f1/s1060001/early_accurate,36,meta-llama/llama-3.3-70b-instruct,sha256:0db99568fa1b3889679dedd317461e8e2c69a4c45082c640b93fc11af235450e,det-v1,1,accepted,2060,89,0.003,0.0002344800,true,false
call-000066,arm10_spec_eprocess,cal/f1/s1060001/early_accurate,21,meta-llama/llama-3.3-70b-instruct,sha256:2b0c3b2cc58d83712837bdd693899ffa0fad7c80aa8527ea5e7410e03f7e8e3b,det-v1,1,accepted,1505,69,0.003,0.0001725800,true,false
call-000067,arm10_spec_eprocess,cal/f1/s1060001/early_accurate,36,meta-llama/llama-3.3-70b-instruct,sha256:0db99568fa1b3889679dedd317461e8e2c69a4c45082c640b93fc11af235450e,det-v1,1,accepted,2060,89,0.003,0.0002344800,true,false
call-000068,arm8_spec_immediate,dev/f1/s1050000/late_accurate,19,meta-llama/llama-3.3-70b-instruct,sha256:9cbdf86c1e8672d9a2f52bc48a0324ea91b33f248ce5cb26b721bc7ef440e6c7,det-v1,1,,1427,99,3630.395,0.0001743800,false,true
call-000069,arm8_spec_immediate,dev/f1/s1050000/late_accurate,19,meta-llama/llama-3.3-70b-instruct,sha256:9cbdf86c1e8672d9a2f52bc48a0324ea91b33f248ce5cb26b721bc7ef440e6c7,det-v1,1,accepted,1427,99,3630.395,0.0001743800,false,false
call-000070,arm8_spec_immediate,dev/f1/s1050000/late_accurate,25,meta-llama/llama-3.3-70b-instruct,sha256:af6d2f9bacd36d7b5cf5c75bd0e24c8e8594905f2875bc7385fb4510f2828263,det-v1,1,,1649,109,4234.303,0.0001997800,false,true
call-000071,arm8_spec_immediate,dev/f1/s1050000/late_accurate,25,meta-llama/llama-3.3-70b-instruct,sha256:af6d2f9bacd36d7b5cf5c75bd0e24c8e8594905f2875bc7385fb4510f2828263,det-v1,1,accepted,1649,109,4234.303,0.0001997800,false,false
call-000072,arm9_spec_heuristic_rollback,dev/f1/s1050000/late_accurate,19,meta-llama/llama-3.3-70b-instruct,sha256:9cbdf86c1e8672d9a2f52bc48a0324ea91b33f248ce5cb26b721bc7ef440e6c7,det-v1,1,accepted,1427,99,0.003,0.0001743800,true,false
call-000073,arm9_spec_heuristic_rollback,dev/f1/s1050000/late_accurate,25,meta-llama/llama-3.3-70b-instruct,sha256:af6d2f9bacd36d7b5cf5c75bd0e24c8e8594905f2875bc7385fb4510f2828263,det-v1,1,accepted,1649,109,0.003,0.0001997800,true,false
call-000074,arm10_spec_eprocess,dev/f1/s1050000/late_accurate,19,meta-llama/llama-3.3-70b-instruct,sha256:9cbdf86c1e8672d9a2f52bc48a0324ea91b33f248ce5cb26b721bc7ef440e6c7,det-v1,1,accepted,1427,99,0.003,0.0001743800,true,false
call-000075,arm10_spec_eprocess,dev/f1/s1050000/late_accurate,25,meta-llama/llama-3.3-70b-instruct,sha256:b884ff09670e79c94cb2ee8362139655805ea0ab9af7b8525869dbf88a06335b,det-v1,1,,1649,109,4835.320,0.0001997800,false,true
call-000076,arm10_spec_eprocess,dev/f1/s1050000/late_accurate,25,meta-llama/llama-3.3-70b-instruct,sha256:b884ff09670e79c94cb2ee8362139655805ea0ab9af7b8525869dbf88a06335b,det-v1,1,accepted,1649,109,4835.320,0.0001997800,false,false
call-000077,arm8_spec_immediate,cal/f1/s1060000/late_accurate,20,meta-llama/llama-3.3-70b-instruct,sha256:bf3abdbd45d22e2980653c0315b3bcad8c44863d659e1b44a4a7b19f7354ec82,det-v1,1,,1469,69,2828.256,0.0001689800,false,true
call-000078,arm8_spec_immediate,cal/f1/s1060000/late_accurate,20,meta-llama/llama-3.3-70b-instruct,sha256:bf3abdbd45d22e2980653c0315b3bcad8c44863d659e1b44a4a7b19f7354ec82,det-v1,1,accepted,1469,69,2828.256,0.0001689800,false,false
call-000079,arm8_spec_immediate,cal/f1/s1060000/late_accurate,49,meta-llama/llama-3.3-70b-instruct,sha256:262e969ec8c3320910b04dc92f1e1b2f63e625899ca5772c52310c4e002eb321,det-v1,1,,2542,69,2935.494,0.0002762800,false,true
call-000080,arm8_spec_immediate,cal/f1/s1060000/late_accurate,49,meta-llama/llama-3.3-70b-instruct,sha256:262e969ec8c3320910b04dc92f1e1b2f63e625899ca5772c52310c4e002eb321,det-v1,1,accepted,2542,69,2935.494,0.0002762800,false,false
call-000081,arm9_spec_heuristic_rollback,cal/f1/s1060000/late_accurate,20,meta-llama/llama-3.3-70b-instruct,sha256:bf3abdbd45d22e2980653c0315b3bcad8c44863d659e1b44a4a7b19f7354ec82,det-v1,1,accepted,1469,69,0.003,0.0001689800,true,false
call-000082,arm9_spec_heuristic_rollback,cal/f1/s1060000/late_accurate,49,meta-llama/llama-3.3-70b-instruct,sha256:262e969ec8c3320910b04dc92f1e1b2f63e625899ca5772c52310c4e002eb321,det-v1,1,accepted,2542,69,0.003,0.0002762800,true,false
call-000083,arm10_spec_eprocess,cal/f1/s1060000/late_accurate,20,meta-llama/llama-3.3-70b-instruct,sha256:bf3abdbd45d22e2980653c0315b3bcad8c44863d659e1b44a4a7b19f7354ec82,det-v1,1,accepted,1469,69,0.003,0.0001689800,true,false
call-000084,arm10_spec_eprocess,cal/f1/s1060000/late_accurate,49,meta-llama/llama-3.3-70b-instruct,sha256:262e969ec8c3320910b04dc92f1e1b2f63e625899ca5772c52310c4e002eb321,det-v1,1,accepted,2542,69,0.003,0.0002762800,true,false
call-000085,arm8_spec_immediate,dev/f1/s1050001/late_accurate,18,meta-llama/llama-3.3-70b-instruct,sha256:b1c9e702219fda0da0b9d733212775d5f6359a1cc427b9e905baeda14cb5c50a,det-v1,1,,1391,90,5002.961,0.0001679000,false,true
call-000086,arm8_spec_immediate,dev/f1/s1050001/late_accurate,18,meta-llama/llama-3.3-70b-instruct,sha256:b1c9e702219fda0da0b9d733212775d5f6359a1cc427b9e905baeda14cb5c50a,det-v1,1,accepted,1391,90,5002.961,0.0001679000,false,false
call-000087,arm8_spec_immediate,dev/f1/s1050001/late_accurate,25,meta-llama/llama-3.3-70b-instruct,sha256:b1970ab4e03a4e08f747718fd92b8a2f285850c3d0b4db2a3a7ce238666128c9,det-v1,1,,1650,105,4635.165,0.0001986000,false,true
call-000088,arm8_spec_immediate,dev/f1/s1050001/late_accurate,25,meta-llama/llama-3.3-70b-instruct,sha256:b1970ab4e03a4e08f747718fd92b8a2f285850c3d0b4db2a3a7ce238666128c9,det-v1,1,accepted,1650,105,4635.165,0.0001986000,false,false
call-000089,arm9_spec_heuristic_rollback,dev/f1/s1050001/late_accurate,18,meta-llama/llama-3.3-70b-instruct,sha256:b1c9e702219fda0da0b9d733212775d5f6359a1cc427b9e905baeda14cb5c50a,det-v1,1,accepted,1391,90,0.003,0.0001679000,true,false
call-000090,arm9_spec_heuristic_rollback,dev/f1/s1050001/late_accurate,25,meta-llama/llama-3.3-70b-instruct,sha256:b1970ab4e03a4e08f747718fd92b8a2f285850c3d0b4db2a3a7ce238666128c9,det-v1,1,accepted,1650,105,0.003,0.0001986000,true,false
call-000091,arm10_spec_eprocess,dev/f1/s1050001/late_accurate,18,meta-llama/llama-3.3-70b-instruct,sha256:b1c9e702219fda0da0b9d733212775d5f6359a1cc427b9e905baeda14cb5c50a,det-v1,1,accepted,1391,90,0.003,0.0001679000,true,false
call-000092,arm10_spec_eprocess,dev/f1/s1050001/late_accurate,25,meta-llama/llama-3.3-70b-instruct,sha256:5e60ed88b66ea1fba4ad26ea0f2c62c705798a828d7e784589b31abc497de374,det-v1,1,,1650,115,6259.460,0.0002018000,false,true
call-000093,arm10_spec_eprocess,dev/f1/s1050001/late_accurate,25,meta-llama/llama-3.3-70b-instruct,sha256:5e60ed88b66ea1fba4ad26ea0f2c62c705798a828d7e784589b31abc497de374,det-v1,1,accepted,1650,115,6259.460,0.0002018000,false,false
call-000094,arm8_spec_immediate,cal/f1/s1060001/late_accurate,24,meta-llama/llama-3.3-70b-instruct,sha256:2aa908fe4a9359e9ce4c5283270f679dbfd364b049c81e26537c6473beeaba0e,det-v1,1,,1616,69,5844.385,0.0001836800,false,true
call-000095,arm8_spec_immediate,cal/f1/s1060001/late_accurate,24,meta-llama/llama-3.3-70b-instruct,sha256:2aa908fe4a9359e9ce4c5283270f679dbfd364b049c81e26537c6473beeaba0e,det-v1,1,accepted,1616,69,5844.385,0.0001836800,false,false
call-000096,arm8_spec_immediate,cal/f1/s1060001/late_accurate,36,meta-llama/llama-3.3-70b-instruct,sha256:a9324d8a6bc7695831197473f314fb1ee51f896ac6be779380187edd43d486fe,det-v1,1,,2060,84,3138.236,0.0002328800,false,true
call-000097,arm8_spec_immediate,cal/f1/s1060001/late_accurate,36,meta-llama/llama-3.3-70b-instruct,sha256:a9324d8a6bc7695831197473f314fb1ee51f896ac6be779380187edd43d486fe,det-v1,1,accepted,2060,84,3138.236,0.0002328800,false,false
call-000098,arm9_spec_heuristic_rollback,cal/f1/s1060001/late_accurate,24,meta-llama/llama-3.3-70b-instruct,sha256:2aa908fe4a9359e9ce4c5283270f679dbfd364b049c81e26537c6473beeaba0e,det-v1,1,accepted,1616,69,0.004,0.0001836800,true,false
call-000099,arm9_spec_heuristic_rollback,cal/f1/s1060001/late_accurate,36,meta-llama/llama-3.3-70b-instruct,sha256:a9324d8a6bc7695831197473f314fb1ee51f896ac6be779380187edd43d486fe,det-v1,1,accepted,2060,84,0.003,0.0002328800,true,false
call-000100,arm10_spec_eprocess,cal/f1/s1060001/late_accurate,24,meta-llama/llama-3.3-70b-instruct,sha256:2aa908fe4a9359e9ce4c5283270f679dbfd364b049c81e26537c6473beeaba0e,det-v1,1,accepted,1616,69,0.005,0.0001836800,true,false
call-000101,arm10_spec_eprocess,cal/f1/s1060001/late_accurate,36,meta-llama/llama-3.3-70b-instruct,sha256:a9324d8a6bc7695831197473f314fb1ee51f896ac6be779380187edd43d486fe,det-v1,1,accepted,2060,84,0.003,0.0002328800,true,false
call-000102,arm8_spec_immediate,dev/f1/s1050000/unreliable,16,meta-llama/llama-3.3-70b-instruct,sha256:4c713bcadd9f6f73cc556502ba824242e47b42d48114c8df12c81a37874f13b2,det-v1,1,,1319,65,2876.009,0.0001527000,false,true
call-000103,arm8_spec_immediate,dev/f1/s1050000/unreliable,16,meta-llama/llama-3.3-70b-instruct,sha256:4c713bcadd9f6f73cc556502ba824242e47b42d48114c8df12c81a37874f13b2,det-v1,1,accepted,1319,65,2876.009,0.0001527000,false,false
call-000104,arm8_spec_immediate,dev/f1/s1050000/unreliable,25,meta-llama/llama-3.3-70b-instruct,sha256:b7f2e36e6a6c212d4a93b4a076611ab723224d9ecec82030cd1e89d473fcb789,det-v1,1,,1652,109,4485.146,0.0002000800,false,true
call-000105,arm8_spec_immediate,dev/f1/s1050000/unreliable,25,meta-llama/llama-3.3-70b-instruct,sha256:b7f2e36e6a6c212d4a93b4a076611ab723224d9ecec82030cd1e89d473fcb789,det-v1,1,accepted,1652,109,4485.146,0.0002000800,false,false
call-000106,arm9_spec_heuristic_rollback,dev/f1/s1050000/unreliable,16,meta-llama/llama-3.3-70b-instruct,sha256:4c713bcadd9f6f73cc556502ba824242e47b42d48114c8df12c81a37874f13b2,det-v1,1,accepted,1319,65,0.003,0.0001527000,true,false
call-000107,arm9_spec_heuristic_rollback,dev/f1/s1050000/unreliable,25,meta-llama/llama-3.3-70b-instruct,sha256:b7f2e36e6a6c212d4a93b4a076611ab723224d9ecec82030cd1e89d473fcb789,det-v1,1,accepted,1652,109,0.003,0.0002000800,true,false
call-000108,arm10_spec_eprocess,dev/f1/s1050000/unreliable,16,meta-llama/llama-3.3-70b-instruct,sha256:4c713bcadd9f6f73cc556502ba824242e47b42d48114c8df12c81a37874f13b2,det-v1,1,accepted,1319,65,0.003,0.0001527000,true,false
call-000109,arm10_spec_eprocess,dev/f1/s1050000/unreliable,25,meta-llama/llama-3.3-70b-instruct,sha256:7c5f87e9dea22e5d47808a9760465eb087a331d6de6f3088606742b34691c64c,det-v1,1,,1652,104,4189.750,0.0001984800,false,true
call-000110,arm10_spec_eprocess,dev/f1/s1050000/unreliable,25,meta-llama/llama-3.3-70b-instruct,sha256:7c5f87e9dea22e5d47808a9760465eb087a331d6de6f3088606742b34691c64c,det-v1,1,accepted,1652,104,4189.750,0.0001984800,false,false
call-000111,arm8_spec_immediate,dev/f1/s1050000/unreliable__twin,10,meta-llama/llama-3.3-70b-instruct,sha256:fa318ce8af3c01f623e689ad734aea44cd3fff3ed0fbfa9c4e10f3a49ad97340,det-v1,1,accepted,1069,122,0.002,0.0001459400,true,false
call-000112,arm9_spec_heuristic_rollback,dev/f1/s1050000/unreliable__twin,10,meta-llama/llama-3.3-70b-instruct,sha256:fa318ce8af3c01f623e689ad734aea44cd3fff3ed0fbfa9c4e10f3a49ad97340,det-v1,1,accepted,1069,122,0.001,0.0001459400,true,false
call-000113,arm10_spec_eprocess,dev/f1/s1050000/unreliable__twin,10,meta-llama/llama-3.3-70b-instruct,sha256:fa318ce8af3c01f623e689ad734aea44cd3fff3ed0fbfa9c4e10f3a49ad97340,det-v1,1,accepted,1069,122,0.001,0.0001459400,true,false
call-000114,arm8_spec_immediate,cal/f1/s1060000/unreliable,17,meta-llama/llama-3.3-70b-instruct,sha256:cc4a5a33cc167967a1c8f4374f8f80314273cbc58ba4528101df0b12dcc2c93a,det-v1,1,,1361,69,3236.655,0.0001581800,false,true
call-000115,arm8_spec_immediate,cal/f1/s1060000/unreliable,17,meta-llama/llama-3.3-70b-instruct,sha256:cc4a5a33cc167967a1c8f4374f8f80314273cbc58ba4528101df0b12dcc2c93a,det-v1,1,accepted,1361,69,3236.655,0.0001581800,false,false
call-000116,arm8_spec_immediate,cal/f1/s1060000/unreliable,23,meta-llama/llama-3.3-70b-instruct,sha256:9de557db7f706a903921730acb69770029bea7242a9a0a64485a6f2769f548b4,det-v1,1,,1583,69,3603.655,0.0001803800,false,true
call-000117,arm8_spec_immediate,cal/f1/s1060000/unreliable,23,meta-llama/llama-3.3-70b-instruct,sha256:9de557db7f706a903921730acb69770029bea7242a9a0a64485a6f2769f548b4,det-v1,1,accepted,1583,69,3603.655,0.0001803800,false,false
call-000118,arm9_spec_heuristic_rollback,cal/f1/s1060000/unreliable,17,meta-llama/llama-3.3-70b-instruct,sha256:cc4a5a33cc167967a1c8f4374f8f80314273cbc58ba4528101df0b12dcc2c93a,det-v1,1,accepted,1361,69,0.003,0.0001581800,true,false
call-000119,arm9_spec_heuristic_rollback,cal/f1/s1060000/unreliable,23,meta-llama/llama-3.3-70b-instruct,sha256:9de557db7f706a903921730acb69770029bea7242a9a0a64485a6f2769f548b4,det-v1,1,accepted,1583,69,0.003,0.0001803800,true,false
call-000120,arm10_spec_eprocess,cal/f1/s1060000/unreliable,17,meta-llama/llama-3.3-70b-instruct,sha256:cc4a5a33cc167967a1c8f4374f8f80314273cbc58ba4528101df0b12dcc2c93a,det-v1,1,accepted,1361,69,0.003,0.0001581800,true,false
call-000121,arm10_spec_eprocess,cal/f1/s1060000/unreliable,23,meta-llama/llama-3.3-70b-instruct,sha256:9de557db7f706a903921730acb69770029bea7242a9a0a64485a6f2769f548b4,det-v1,1,accepted,1583,69,0.003,0.0001803800,true,false
call-000122,arm8_spec_immediate,cal/f1/s1060000/unreliable__twin,10,meta-llama/llama-3.3-70b-instruct,sha256:db7dd2e1c1ef1871266f52c85732ba5000b6f8ca139bc4c751c7eaf755438c1e,det-v1,1,,1096,69,2648.827,0.0001316800,false,true
call-000123,arm8_spec_immediate,cal/f1/s1060000/unreliable__twin,10,meta-llama/llama-3.3-70b-instruct,sha256:db7dd2e1c1ef1871266f52c85732ba5000b6f8ca139bc4c751c7eaf755438c1e,det-v1,1,accepted,1096,69,2648.827,0.0001316800,false,false
call-000124,arm9_spec_heuristic_rollback,cal/f1/s1060000/unreliable__twin,10,meta-llama/llama-3.3-70b-instruct,sha256:db7dd2e1c1ef1871266f52c85732ba5000b6f8ca139bc4c751c7eaf755438c1e,det-v1,1,accepted,1096,69,0.002,0.0001316800,true,false
call-000125,arm10_spec_eprocess,cal/f1/s1060000/unreliable__twin,10,meta-llama/llama-3.3-70b-instruct,sha256:db7dd2e1c1ef1871266f52c85732ba5000b6f8ca139bc4c751c7eaf755438c1e,det-v1,1,accepted,1096,69,0.002,0.0001316800,true,false
call-000126,arm8_spec_immediate,dev/f1/s1050001/unreliable,15,meta-llama/llama-3.3-70b-instruct,sha256:fca49759c63c128dea215ca7bd159065692fddb420e0594bc47ccdea5a8ba55c,det-v1,1,,1268,69,3590.184,0.0001488800,false,true
call-000127,arm8_spec_immediate,dev/f1/s1050001/unreliable,15,meta-llama/llama-3.3-70b-instruct,sha256:fca49759c63c128dea215ca7bd159065692fddb420e0594bc47ccdea5a8ba55c,det-v1,1,accepted,1268,69,3590.184,0.0001488800,false,false
call-000128,arm8_spec_immediate,dev/f1/s1050001/unreliable,23,meta-llama/llama-3.3-70b-instruct,sha256:5ec72c34709eaf30aa0dcbcad5935f04a89be23fb2defb4f09acd324b5596297,det-v1,1,,1564,69,2913.589,0.0001784800,false,true
call-000129,arm8_spec_immediate,dev/f1/s1050001/unreliable,23,meta-llama/llama-3.3-70b-instruct,sha256:5ec72c34709eaf30aa0dcbcad5935f04a89be23fb2defb4f09acd324b5596297,det-v1,1,accepted,1564,69,2913.589,0.0001784800,false,false
call-000130,arm9_spec_heuristic_rollback,dev/f1/s1050001/unreliable,15,meta-llama/llama-3.3-70b-instruct,sha256:fca49759c63c128dea215ca7bd159065692fddb420e0594bc47ccdea5a8ba55c,det-v1,1,accepted,1268,69,0.003,0.0001488800,true,false
call-000131,arm9_spec_heuristic_rollback,dev/f1/s1050001/unreliable,23,meta-llama/llama-3.3-70b-instruct,sha256:5ec72c34709eaf30aa0dcbcad5935f04a89be23fb2defb4f09acd324b5596297,det-v1,1,accepted,1564,69,0.003,0.0001784800,true,false
call-000132,arm10_spec_eprocess,dev/f1/s1050001/unreliable,15,meta-llama/llama-3.3-70b-instruct,sha256:fca49759c63c128dea215ca7bd159065692fddb420e0594bc47ccdea5a8ba55c,det-v1,1,accepted,1268,69,0.003,0.0001488800,true,false
call-000133,arm10_spec_eprocess,dev/f1/s1050001/unreliable,23,meta-llama/llama-3.3-70b-instruct,sha256:5ec72c34709eaf30aa0dcbcad5935f04a89be23fb2defb4f09acd324b5596297,det-v1,1,accepted,1564,69,0.003,0.0001784800,true,false
call-000134,arm8_spec_immediate,dev/f1/s1050001/unreliable__twin,10,meta-llama/llama-3.3-70b-instruct,sha256:4f0e5bf4dfa0ee74c7fa9699a89e3758bd6277de62ebd6c3d864597886a86207,det-v1,1,,1097,69,2909.018,0.0001317800,false,true
call-000135,arm8_spec_immediate,dev/f1/s1050001/unreliable__twin,10,meta-llama/llama-3.3-70b-instruct,sha256:4f0e5bf4dfa0ee74c7fa9699a89e3758bd6277de62ebd6c3d864597886a86207,det-v1,1,accepted,1097,69,2909.018,0.0001317800,false,false
call-000136,arm9_spec_heuristic_rollback,dev/f1/s1050001/unreliable__twin,10,meta-llama/llama-3.3-70b-instruct,sha256:4f0e5bf4dfa0ee74c7fa9699a89e3758bd6277de62ebd6c3d864597886a86207,det-v1,1,accepted,1097,69,0.002,0.0001317800,true,false
call-000137,arm10_spec_eprocess,dev/f1/s1050001/unreliable__twin,10,meta-llama/llama-3.3-70b-instruct,sha256:4f0e5bf4dfa0ee74c7fa9699a89e3758bd6277de62ebd6c3d864597886a86207,det-v1,1,accepted,1097,69,0.002,0.0001317800,true,false
call-000138,arm8_spec_immediate,cal/f1/s1060001/unreliable,21,meta-llama/llama-3.3-70b-instruct,sha256:b8e0b295ad70546beb1a1ffce1463a24ad2621cc51884d6c159c74b3a4edf9ed,det-v1,1,,1503,94,3994.784,0.0001803800,false,true
call-000139,arm8_spec_immediate,cal/f1/s1060001/unreliable,21,meta-llama/llama-3.3-70b-instruct,sha256:b8e0b295ad70546beb1a1ffce1463a24ad2621cc51884d6c159c74b3a4edf9ed,det-v1,1,accepted,1503,94,3994.784,0.0001803800,false,false
call-000140,arm8_spec_immediate,cal/f1/s1060001/unreliable,36,meta-llama/llama-3.3-70b-instruct,sha256:5d597edd73785278eda1dd7e1ea553bd14adfce5d39fcd9ed7b376d3a41b1412,det-v1,1,,2058,159,7980.376,0.0002566800,false,true
call-000141,arm8_spec_immediate,cal/f1/s1060001/unreliable,36,meta-llama/llama-3.3-70b-instruct,sha256:5d597edd73785278eda1dd7e1ea553bd14adfce5d39fcd9ed7b376d3a41b1412,det-v1,1,accepted,2058,159,7980.376,0.0002566800,false,false
call-000142,arm9_spec_heuristic_rollback,cal/f1/s1060001/unreliable,21,meta-llama/llama-3.3-70b-instruct,sha256:b8e0b295ad70546beb1a1ffce1463a24ad2621cc51884d6c159c74b3a4edf9ed,det-v1,1,accepted,1503,94,0.002,0.0001803800,true,false
call-000143,arm9_spec_heuristic_rollback,cal/f1/s1060001/unreliable,36,meta-llama/llama-3.3-70b-instruct,sha256:5d597edd73785278eda1dd7e1ea553bd14adfce5d39fcd9ed7b376d3a41b1412,det-v1,1,accepted,2058,159,0.002,0.0002566800,true,false
call-000144,arm10_spec_eprocess,cal/f1/s1060001/unreliable,21,meta-llama/llama-3.3-70b-instruct,sha256:b8e0b295ad70546beb1a1ffce1463a24ad2621cc51884d6c159c74b3a4edf9ed,det-v1,1,accepted,1503,94,0.001,0.0001803800,true,false
call-000145,arm10_spec_eprocess,cal/f1/s1060001/unreliable,36,meta-llama/llama-3.3-70b-instruct,sha256:6a9e92812858ca016f77525f00a1d53f8a09b94e8628ae95f4a453d1645b055e,det-v1,1,,2058,159,7683.065,0.0002566800,false,true
call-000146,arm10_spec_eprocess,cal/f1/s1060001/unreliable,36,meta-llama/llama-3.3-70b-instruct,sha256:6a9e92812858ca016f77525f00a1d53f8a09b94e8628ae95f4a453d1645b055e,det-v1,1,accepted,2058,159,7683.065,0.0002566800,false,false
call-000147,arm8_spec_immediate,cal/f1/s1060001/unreliable__twin,10,meta-llama/llama-3.3-70b-instruct,sha256:9259776e977df8db8f11aee8de9d31fb96153ab377132c2986cf236c195da42c,det-v1,1,,1099,69,2780.598,0.0001319800,false,true
call-000148,arm8_spec_immediate,cal/f1/s1060001/unreliable__twin,10,meta-llama/llama-3.3-70b-instruct,sha256:9259776e977df8db8f11aee8de9d31fb96153ab377132c2986cf236c195da42c,det-v1,1,accepted,1099,69,2780.598,0.0001319800,false,false
call-000149,arm9_spec_heuristic_rollback,cal/f1/s1060001/unreliable__twin,10,meta-llama/llama-3.3-70b-instruct,sha256:9259776e977df8db8f11aee8de9d31fb96153ab377132c2986cf236c195da42c,det-v1,1,accepted,1099,69,0.006,0.0001319800,true,false
call-000150,arm10_spec_eprocess,cal/f1/s1060001/unreliable__twin,10,meta-llama/llama-3.3-70b-instruct,sha256:9259776e977df8db8f11aee8de9d31fb96153ab377132c2986cf236c195da42c,det-v1,1,accepted,1099,69,0.004,0.0001319800,true,false
call-000151,arm8_spec_immediate,dev/f2/s2050000/no_alert,28,meta-llama/llama-3.3-70b-instruct,sha256:ffb67e054c90c0667678fd2525fcfd911f0c9de1a478ba5e63ddab8775b57610,det-v1,1,,1723,69,3071.423,0.0001943800,false,true
call-000152,arm8_spec_immediate,dev/f2/s2050000/no_alert,28,meta-llama/llama-3.3-70b-instruct,sha256:ffb67e054c90c0667678fd2525fcfd911f0c9de1a478ba5e63ddab8775b57610,det-v1,1,accepted,1723,69,3071.423,0.0001943800,false,false
call-000153,arm8_spec_immediate,dev/f2/s2050000/no_alert,37,meta-llama/llama-3.3-70b-instruct,sha256:ef2ad5ef22beb6690639de3350f40e87471624ecc8a389a242dfdaf3f111f9e2,det-v1,1,,2056,69,2910.361,0.0002276800,false,true
call-000154,arm8_spec_immediate,dev/f2/s2050000/no_alert,37,meta-llama/llama-3.3-70b-instruct,sha256:ef2ad5ef22beb6690639de3350f40e87471624ecc8a389a242dfdaf3f111f9e2,det-v1,1,accepted,2056,69,2910.361,0.0002276800,false,false
call-000155,arm9_spec_heuristic_rollback,dev/f2/s2050000/no_alert,28,meta-llama/llama-3.3-70b-instruct,sha256:ffb67e054c90c0667678fd2525fcfd911f0c9de1a478ba5e63ddab8775b57610,det-v1,1,accepted,1723,69,0.003,0.0001943800,true,false
call-000156,arm9_spec_heuristic_rollback,dev/f2/s2050000/no_alert,37,meta-llama/llama-3.3-70b-instruct,sha256:ef2ad5ef22beb6690639de3350f40e87471624ecc8a389a242dfdaf3f111f9e2,det-v1,1,accepted,2056,69,0.004,0.0002276800,true,false
call-000157,arm10_spec_eprocess,dev/f2/s2050000/no_alert,28,meta-llama/llama-3.3-70b-instruct,sha256:ffb67e054c90c0667678fd2525fcfd911f0c9de1a478ba5e63ddab8775b57610,det-v1,1,accepted,1723,69,0.003,0.0001943800,true,false
call-000158,arm10_spec_eprocess,dev/f2/s2050000/no_alert,37,meta-llama/llama-3.3-70b-instruct,sha256:ef2ad5ef22beb6690639de3350f40e87471624ecc8a389a242dfdaf3f111f9e2,det-v1,1,accepted,2056,69,0.003,0.0002276800,true,false
call-000159,arm8_spec_immediate,dev/f2/s2050000/no_alert__twin,10,meta-llama/llama-3.3-70b-instruct,sha256:1c765f829da59cd97b1fef4276ca6c8e1bfdd601b5297199488d17822c166757,det-v1,1,,1093,97,4309.672,0.0001403400,false,true
call-000160,arm8_spec_immediate,dev/f2/s2050000/no_alert__twin,10,meta-llama/llama-3.3-70b-instruct,sha256:1c765f829da59cd97b1fef4276ca6c8e1bfdd601b5297199488d17822c166757,det-v1,1,accepted,1093,97,4309.672,0.0001403400,false,false
call-000161,arm8_spec_immediate,dev/f2/s2050000/no_alert__twin,43,meta-llama/llama-3.3-70b-instruct,sha256:3a99b05d8c7eaab893dd1907f7fe3c2a716d37847c8cacebe452f417cc5a1a5d,det-v1,1,,2314,69,3609.250,0.0002534800,false,true
call-000162,arm8_spec_immediate,dev/f2/s2050000/no_alert__twin,43,meta-llama/llama-3.3-70b-instruct,sha256:3a99b05d8c7eaab893dd1907f7fe3c2a716d37847c8cacebe452f417cc5a1a5d,det-v1,1,accepted,2314,69,3609.250,0.0002534800,false,false
call-000163,arm9_spec_heuristic_rollback,dev/f2/s2050000/no_alert__twin,10,meta-llama/llama-3.3-70b-instruct,sha256:1c765f829da59cd97b1fef4276ca6c8e1bfdd601b5297199488d17822c166757,det-v1,1,accepted,1093,97,0.003,0.0001403400,true,false
call-000164,arm9_spec_heuristic_rollback,dev/f2/s2050000/no_alert__twin,43,meta-llama/llama-3.3-70b-instruct,sha256:717fdd0e2a7d052f57b26b41af7c26d0450aee425b855a6bfb283a4b68c31f61,det-v1,1,,2314,90,4577.905,0.0002602000,false,true
call-000165,arm9_spec_heuristic_rollback,dev/f2/s2050000/no_alert__twin,43,meta-llama/llama-3.3-70b-instruct,sha256:717fdd0e2a7d052f57b26b41af7c26d0450aee425b855a6bfb283a4b68c31f61,det-v1,1,accepted,2314,90,4577.905,0.0002602000,false,false
call-000166,arm10_spec_eprocess,dev/f2/s2050000/no_alert__twin,10,meta-llama/llama-3.3-70b-instruct,sha256:1c765f829da59cd97b1fef4276ca6c8e1bfdd601b5297199488d17822c166757,det-v1,1,accepted,1093,97,0.003,0.0001403400,true,false
call-000167,arm10_spec_eprocess,dev/f2/s2050000/no_alert__twin,43,meta-llama/llama-3.3-70b-instruct,sha256:973b6d71f4d607f13014960c59aa3bea37c38217be6eae93eb033015ceb9fd40,det-v1,1,,2314,69,3138.372,0.0002534800,false,true
call-000168,arm10_spec_eprocess,dev/f2/s2050000/no_alert__twin,43,meta-llama/llama-3.3-70b-instruct,sha256:973b6d71f4d607f13014960c59aa3bea37c38217be6eae93eb033015ceb9fd40,det-v1,1,accepted,2314,69,3138.372,0.0002534800,false,false
call-000169,arm8_spec_immediate,cal/f2/s2060000/no_alert,22,meta-llama/llama-3.3-70b-instruct,sha256:99afb93bced370568c47833b3678ef808f4a6469f00edc583de91361c0a1a940,det-v1,1,,1501,69,3317.376,0.0001721800,false,true
call-000170,arm8_spec_immediate,cal/f2/s2060000/no_alert,22,meta-llama/llama-3.3-70b-instruct,sha256:99afb93bced370568c47833b3678ef808f4a6469f00edc583de91361c0a1a940,det-v1,1,accepted,1501,69,3317.376,0.0001721800,false,false
call-000171,arm8_spec_immediate,cal/f2/s2060000/no_alert,37,meta-llama/llama-3.3-70b-instruct,sha256:ade1b2940f8e8772caa2b412f6f9a8a9fe17be1f12384c2965c2326e38d05c02,det-v1,1,,2056,69,3316.305,0.0002276800,false,true
call-000172,arm8_spec_immediate,cal/f2/s2060000/no_alert,37,meta-llama/llama-3.3-70b-instruct,sha256:ade1b2940f8e8772caa2b412f6f9a8a9fe17be1f12384c2965c2326e38d05c02,det-v1,1,accepted,2056,69,3316.305,0.0002276800,false,false
call-000173,arm9_spec_heuristic_rollback,cal/f2/s2060000/no_alert,22,meta-llama/llama-3.3-70b-instruct,sha256:99afb93bced370568c47833b3678ef808f4a6469f00edc583de91361c0a1a940,det-v1,1,accepted,1501,69,0.003,0.0001721800,true,false
call-000174,arm9_spec_heuristic_rollback,cal/f2/s2060000/no_alert,37,meta-llama/llama-3.3-70b-instruct,sha256:ade1b2940f8e8772caa2b412f6f9a8a9fe17be1f12384c2965c2326e38d05c02,det-v1,1,accepted,2056,69,0.003,0.0002276800,true,false
call-000175,arm10_spec_eprocess,cal/f2/s2060000/no_alert,22,meta-llama/llama-3.3-70b-instruct,sha256:99afb93bced370568c47833b3678ef808f4a6469f00edc583de91361c0a1a940,det-v1,1,accepted,1501,69,0.003,0.0001721800,true,false
call-000176,arm10_spec_eprocess,cal/f2/s2060000/no_alert,37,meta-llama/llama-3.3-70b-instruct,sha256:ade1b2940f8e8772caa2b412f6f9a8a9fe17be1f12384c2965c2326e38d05c02,det-v1,1,accepted,2056,69,0.003,0.0002276800,true,false
call-000177,arm8_spec_immediate,cal/f2/s2060000/no_alert__twin,10,meta-llama/llama-3.3-70b-instruct,sha256:7e2477b8372b64cdf34b2bdc6c8cd101dc86ad9eb9c24b900313f087efdf0a94,det-v1,1,,1098,69,2699.998,0.0001318800,false,true
call-000178,arm8_spec_immediate,cal/f2/s2060000/no_alert__twin,10,meta-llama/llama-3.3-70b-instruct,sha256:7e2477b8372b64cdf34b2bdc6c8cd101dc86ad9eb9c24b900313f087efdf0a94,det-v1,1,accepted,1098,69,2699.998,0.0001318800,false,false
call-000179,arm9_spec_heuristic_rollback,cal/f2/s2060000/no_alert__twin,10,meta-llama/llama-3.3-70b-instruct,sha256:7e2477b8372b64cdf34b2bdc6c8cd101dc86ad9eb9c24b900313f087efdf0a94,det-v1,1,accepted,1098,69,0.002,0.0001318800,true,false
call-000180,arm10_spec_eprocess,cal/f2/s2060000/no_alert__twin,10,meta-llama/llama-3.3-70b-instruct,sha256:7e2477b8372b64cdf34b2bdc6c8cd101dc86ad9eb9c24b900313f087efdf0a94,det-v1,1,accepted,1098,69,0.002,0.0001318800,true,false
call-000181,arm8_spec_immediate,dev/f2/s2050001/no_alert,27,meta-llama/llama-3.3-70b-instruct,sha256:49f5f39f2b464fd74319b8c8dc677b79dd3030e2ee9bb2d2c782e7d577fab28b,det-v1,1,,1686,69,3283.146,0.0001906800,false,true
call-000182,arm8_spec_immediate,dev/f2/s2050001/no_alert,27,meta-llama/llama-3.3-70b-instruct,sha256:49f5f39f2b464fd74319b8c8dc677b79dd3030e2ee9bb2d2c782e7d577fab28b,det-v1,1,accepted,1686,69,3283.146,0.0001906800,false,false
call-000183,arm8_spec_immediate,dev/f2/s2050001/no_alert,44,meta-llama/llama-3.3-70b-instruct,sha256:590674f4fd8899b7c64fb8de57e4c718562996500046f44757ad01facca5189d,det-v1,1,,2315,69,3576.198,0.0002535800,false,true
call-000184,arm8_spec_immediate,dev/f2/s2050001/no_alert,44,meta-llama/llama-3.3-70b-instruct,sha256:590674f4fd8899b7c64fb8de57e4c718562996500046f44757ad01facca5189d,det-v1,1,accepted,2315,69,3576.198,0.0002535800,false,false
call-000185,arm9_spec_heuristic_rollback,dev/f2/s2050001/no_alert,27,meta-llama/llama-3.3-70b-instruct,sha256:49f5f39f2b464fd74319b8c8dc677b79dd3030e2ee9bb2d2c782e7d577fab28b,det-v1,1,accepted,1686,69,0.003,0.0001906800,true,false
call-000186,arm9_spec_heuristic_rollback,dev/f2/s2050001/no_alert,44,meta-llama/llama-3.3-70b-instruct,sha256:590674f4fd8899b7c64fb8de57e4c718562996500046f44757ad01facca5189d,det-v1,1,accepted,2315,69,0.003,0.0002535800,true,false
call-000187,arm10_spec_eprocess,dev/f2/s2050001/no_alert,27,meta-llama/llama-3.3-70b-instruct,sha256:49f5f39f2b464fd74319b8c8dc677b79dd3030e2ee9bb2d2c782e7d577fab28b,det-v1,1,accepted,1686,69,0.003,0.0001906800,true,false
call-000188,arm10_spec_eprocess,dev/f2/s2050001/no_alert,44,meta-llama/llama-3.3-70b-instruct,sha256:590674f4fd8899b7c64fb8de57e4c718562996500046f44757ad01facca5189d,det-v1,1,accepted,2315,69,0.003,0.0002535800,true,false
call-000189,arm8_spec_immediate,dev/f2/s2050001/no_alert__twin,10,meta-llama/llama-3.3-70b-instruct,sha256:2e92207ffe3a7fb15f47fb43644f1b32a1298103ab58a2abad548fcbabbb8a12,det-v1,1,,1100,69,2979.234,0.0001320800,false,true
call-000190,arm8_spec_immediate,dev/f2/s2050001/no_alert__twin,10,meta-llama/llama-3.3-70b-instruct,sha256:2e92207ffe3a7fb15f47fb43644f1b32a1298103ab58a2abad548fcbabbb8a12,det-v1,1,accepted,1100,69,2979.234,0.0001320800,false,false
call-000191,arm9_spec_heuristic_rollback,dev/f2/s2050001/no_alert__twin,10,meta-llama/llama-3.3-70b-instruct,sha256:2e92207ffe3a7fb15f47fb43644f1b32a1298103ab58a2abad548fcbabbb8a12,det-v1,1,accepted,1100,69,0.002,0.0001320800,true,false
call-000192,arm10_spec_eprocess,dev/f2/s2050001/no_alert__twin,10,meta-llama/llama-3.3-70b-instruct,sha256:2e92207ffe3a7fb15f47fb43644f1b32a1298103ab58a2abad548fcbabbb8a12,det-v1,1,accepted,1100,69,0.002,0.0001320800,true,false
call-000193,arm8_spec_immediate,cal/f2/s2060001/no_alert,37,meta-llama/llama-3.3-70b-instruct,sha256:2933206025e7d07f5e64e88c69b108d1334d070f6ebeac58a6b82b98289d8dcc,det-v1,1,,2056,69,3690.782,0.0002276800,false,true
call-000194,arm8_spec_immediate,cal/f2/s2060001/no_alert,37,meta-llama/llama-3.3-70b-instruct,sha256:2933206025e7d07f5e64e88c69b108d1334d070f6ebeac58a6b82b98289d8dcc,det-v1,1,accepted,2056,69,3690.782,0.0002276800,false,false
call-000195,arm8_spec_immediate,cal/f2/s2060001/no_alert,46,meta-llama/llama-3.3-70b-instruct,sha256:6a2c87b735caedbd2fed0070a1da21cbbdc4c920b39e5fbb35f8fc70c26674c6,det-v1,1,,2389,69,3745.202,0.0002609800,false,true
call-000196,arm8_spec_immediate,cal/f2/s2060001/no_alert,46,meta-llama/llama-3.3-70b-instruct,sha256:6a2c87b735caedbd2fed0070a1da21cbbdc4c920b39e5fbb35f8fc70c26674c6,det-v1,1,accepted,2389,69,3745.202,0.0002609800,false,false
call-000197,arm9_spec_heuristic_rollback,cal/f2/s2060001/no_alert,37,meta-llama/llama-3.3-70b-instruct,sha256:2933206025e7d07f5e64e88c69b108d1334d070f6ebeac58a6b82b98289d8dcc,det-v1,1,accepted,2056,69,0.003,0.0002276800,true,false
call-000198,arm9_spec_heuristic_rollback,cal/f2/s2060001/no_alert,46,meta-llama/llama-3.3-70b-instruct,sha256:6a2c87b735caedbd2fed0070a1da21cbbdc4c920b39e5fbb35f8fc70c26674c6,det-v1,1,accepted,2389,69,0.003,0.0002609800,true,false
call-000199,arm10_spec_eprocess,cal/f2/s2060001/no_alert,37,meta-llama/llama-3.3-70b-instruct,sha256:2933206025e7d07f5e64e88c69b108d1334d070f6ebeac58a6b82b98289d8dcc,det-v1,1,accepted,2056,69,0.003,0.0002276800,true,false
call-000200,arm10_spec_eprocess,cal/f2/s2060001/no_alert,46,meta-llama/llama-3.3-70b-instruct,sha256:6a2c87b735caedbd2fed0070a1da21cbbdc4c920b39e5fbb35f8fc70c26674c6,det-v1,1,accepted,2389,69,0.003,0.0002609800,true,false
call-000201,arm8_spec_immediate,cal/f2/s2060001/no_alert__twin,10,meta-llama/llama-3.3-70b-instruct,sha256:22ad2bbaa3beb7807b772c3a52ed674fc156bc949d3ce8842fff6746a50b382b,det-v1,1,,1099,69,3652.633,0.0001319800,false,true
call-000202,arm8_spec_immediate,cal/f2/s2060001/no_alert__twin,10,meta-llama/llama-3.3-70b-instruct,sha256:22ad2bbaa3beb7807b772c3a52ed674fc156bc949d3ce8842fff6746a50b382b,det-v1,1,accepted,1099,69,3652.633,0.0001319800,false,false
call-000203,arm9_spec_heuristic_rollback,cal/f2/s2060001/no_alert__twin,10,meta-llama/llama-3.3-70b-instruct,sha256:22ad2bbaa3beb7807b772c3a52ed674fc156bc949d3ce8842fff6746a50b382b,det-v1,1,accepted,1099,69,0.001,0.0001319800,true,false
call-000204,arm10_spec_eprocess,cal/f2/s2060001/no_alert__twin,10,meta-llama/llama-3.3-70b-instruct,sha256:22ad2bbaa3beb7807b772c3a52ed674fc156bc949d3ce8842fff6746a50b382b,det-v1,1,accepted,1099,69,0.001,0.0001319800,true,false
call-000205,arm8_spec_immediate,dev/f2/s2050000/early_accurate,28,meta-llama/llama-3.3-70b-instruct,sha256:a9f515a312b101437188af668da9ea750750c620623b1a6a38baa34d34874621,det-v1,1,,1723,69,3327.184,0.0001943800,false,true
call-000206,arm8_spec_immediate,dev/f2/s2050000/early_accurate,28,meta-llama/llama-3.3-70b-instruct,sha256:a9f515a312b101437188af668da9ea750750c620623b1a6a38baa34d34874621,det-v1,1,accepted,1723,69,3327.184,0.0001943800,false,false
call-000207,arm8_spec_immediate,dev/f2/s2050000/early_accurate,37,meta-llama/llama-3.3-70b-instruct,sha256:04f263d76802b4c55195ceb3f079993a884fcc071bc5731eee1732aac9a58313,det-v1,1,,2031,54,2956.553,0.0002203800,false,true
call-000208,arm8_spec_immediate,dev/f2/s2050000/early_accurate,37,meta-llama/llama-3.3-70b-instruct,sha256:04f263d76802b4c55195ceb3f079993a884fcc071bc5731eee1732aac9a58313,det-v1,1,fallback,2031,54,2956.553,0.0002203800,false,false
call-000209,arm8_spec_immediate,dev/f2/s2050000/early_accurate,37,meta-llama/llama-3.3-70b-instruct,sha256:ddbe5152410c36144f1efc035ed16023b2a80bec5d6dc069b1f10276b3224268,det-v1,2,,2126,69,3368.708,0.0002346800,false,true
call-000210,arm8_spec_immediate,dev/f2/s2050000/early_accurate,37,meta-llama/llama-3.3-70b-instruct,sha256:ddbe5152410c36144f1efc035ed16023b2a80bec5d6dc069b1f10276b3224268,det-v1,2,accepted_after_repair,2126,69,3368.708,0.0002346800,false,false
call-000211,arm9_spec_heuristic_rollback,dev/f2/s2050000/early_accurate,28,meta-llama/llama-3.3-70b-instruct,sha256:a9f515a312b101437188af668da9ea750750c620623b1a6a38baa34d34874621,det-v1,1,accepted,1723,69,0.003,0.0001943800,true,false
call-000212,arm9_spec_heuristic_rollback,dev/f2/s2050000/early_accurate,37,meta-llama/llama-3.3-70b-instruct,sha256:04f263d76802b4c55195ceb3f079993a884fcc071bc5731eee1732aac9a58313,det-v1,1,fallback,2031,54,0.003,0.0002203800,true,false
call-000213,arm9_spec_heuristic_rollback,dev/f2/s2050000/early_accurate,37,meta-llama/llama-3.3-70b-instruct,sha256:ddbe5152410c36144f1efc035ed16023b2a80bec5d6dc069b1f10276b3224268,det-v1,2,accepted_after_repair,2126,69,0.003,0.0002346800,true,false
call-000214,arm10_spec_eprocess,dev/f2/s2050000/early_accurate,28,meta-llama/llama-3.3-70b-instruct,sha256:a9f515a312b101437188af668da9ea750750c620623b1a6a38baa34d34874621,det-v1,1,accepted,1723,69,0.003,0.0001943800,true,false
call-000215,arm10_spec_eprocess,dev/f2/s2050000/early_accurate,37,meta-llama/llama-3.3-70b-instruct,sha256:04f263d76802b4c55195ceb3f079993a884fcc071bc5731eee1732aac9a58313,det-v1,1,fallback,2031,54,0.003,0.0002203800,true,false
call-000216,arm10_spec_eprocess,dev/f2/s2050000/early_accurate,37,meta-llama/llama-3.3-70b-instruct,sha256:ddbe5152410c36144f1efc035ed16023b2a80bec5d6dc069b1f10276b3224268,det-v1,2,accepted_after_repair,2126,69,0.003,0.0002346800,true,false
call-000217,arm8_spec_immediate,dev/f2/s2050000/early_accurate__twin,10,meta-llama/llama-3.3-70b-instruct,sha256:aa4b0f14bbf57540b5bd1d289d1c784a98eef963deb37795db22ba444e718e80,det-v1,1,,1093,120,5558.743,0.0001477000,false,true
call-000218,arm8_spec_immediate,dev/f2/s2050000/early_accurate__twin,10,meta-llama/llama-3.3-70b-instruct,sha256:aa4b0f14bbf57540b5bd1d289d1c784a98eef963deb37795db22ba444e718e80,det-v1,1,accepted,1093,120,5558.743,0.0001477000,false,false
call-000219,arm8_spec_immediate,dev/f2/s2050000/early_accurate__twin,43,meta-llama/llama-3.3-70b-instruct,sha256:85942f5e8cb2065cfb1de2f9d7d0d6d1b1c21a055cd6d3a9da8212a2b6431012,det-v1,1,,2314,245,10900.167,0.0003098000,false,true
call-000220,arm8_spec_immediate,dev/f2/s2050000/early_accurate__twin,43,meta-llama/llama-3.3-70b-instruct,sha256:85942f5e8cb2065cfb1de2f9d7d0d6d1b1c21a055cd6d3a9da8212a2b6431012,det-v1,1,accepted,2314,245,10900.167,0.0003098000,false,false
call-000221,arm9_spec_heuristic_rollback,dev/f2/s2050000/early_accurate__twin,10,meta-llama/llama-3.3-70b-instruct,sha256:aa4b0f14bbf57540b5bd1d289d1c784a98eef963deb37795db22ba444e718e80,det-v1,1,accepted,1093,120,0.003,0.0001477000,true,false
call-000222,arm9_spec_heuristic_rollback,dev/f2/s2050000/early_accurate__twin,43,meta-llama/llama-3.3-70b-instruct,sha256:032359d5c671aaf5b69c75e8ae9d9cee79d3a03dcbb894108ac90242878383e2,det-v1,1,,2289,177,8355.268,0.0002855400,false,true
call-000223,arm9_spec_heuristic_rollback,dev/f2/s2050000/early_accurate__twin,43,meta-llama/llama-3.3-70b-instruct,sha256:032359d5c671aaf5b69c75e8ae9d9cee79d3a03dcbb894108ac90242878383e2,det-v1,1,fallback,2289,177,8355.268,0.0002855400,false,false
call-000224,arm9_spec_heuristic_rollback,dev/f2/s2050000/early_accurate__twin,43,meta-llama/llama-3.3-70b-instruct,sha256:39be5d1aa261c0e9f5ceb2775cbfaea6692d49bd2774abd8c06a1c14aaccbea2,det-v1,2,,2359,225,13538.228,0.0003079000,false,true
call-000225,arm9_spec_heuristic_rollback,dev/f2/s2050000/early_accurate__twin,43,meta-llama/llama-3.3-70b-instruct,sha256:39be5d1aa261c0e9f5ceb2775cbfaea6692d49bd2774abd8c06a1c14aaccbea2,det-v1,2,accepted_after_repair,2359,225,13538.228,0.0003079000,false,false
call-000226,arm10_spec_eprocess,dev/f2/s2050000/early_accurate__twin,10,meta-llama/llama-3.3-70b-instruct,sha256:aa4b0f14bbf57540b5bd1d289d1c784a98eef963deb37795db22ba444e718e80,det-v1,1,accepted,1093,120,0.001,0.0001477000,true,false
call-000227,arm10_spec_eprocess,dev/f2/s2050000/early_accurate__twin,43,meta-llama/llama-3.3-70b-instruct,sha256:3cd9b4d360df52af9f05200ad6b93f736d53c9247bd498de5fda5ede34dc87a2,det-v1,1,,2289,233,9808.004,0.0003034600,false,true
call-000228,arm10_spec_eprocess,dev/f2/s2050000/early_accurate__twin,43,meta-llama/llama-3.3-70b-instruct,sha256:3cd9b4d360df52af9f05200ad6b93f736d53c9247bd498de5fda5ede34dc87a2,det-v1,1,fallback,2289,233,9808.004,0.0003034600,false,false
call-000229,arm10_spec_eprocess,dev/f2/s2050000/early_accurate__twin,43,meta-llama/llama-3.3-70b-instruct,sha256:2c444e6758d9577e808c10505d2622d1a77ce6a50b397f2e8e15d788dd848746,det-v1,2,,2360,69,1458.245,0.0002580800,false,true
call-000230,arm10_spec_eprocess,dev/f2/s2050000/early_accurate__twin,43,meta-llama/llama-3.3-70b-instruct,sha256:2c444e6758d9577e808c10505d2622d1a77ce6a50b397f2e8e15d788dd848746,det-v1,2,accepted_after_repair,2360,69,1458.245,0.0002580800,false,false
call-000231,arm8_spec_immediate,cal/f2/s2060000/early_accurate,22,meta-llama/llama-3.3-70b-instruct,sha256:d3abc5f0cd48275ef627b61553fcbf881c4085a76eaf52fbc9bb8857c36b115e,det-v1,1,,1476,958,40970.764,0.0004541600,false,true
call-000232,arm8_spec_immediate,cal/f2/s2060000/early_accurate,22,meta-llama/llama-3.3-70b-instruct,sha256:d3abc5f0cd48275ef627b61553fcbf881c4085a76eaf52fbc9bb8857c36b115e,det-v1,1,fallback,1476,958,40970.764,0.0004541600,false,false
call-000233,arm8_spec_immediate,cal/f2/s2060000/early_accurate,22,meta-llama/llama-3.3-70b-instruct,sha256:39fea2387df99e5c0204547eb5cde4df8cf09569e0847712712f5ebd25c59c82,det-v1,2,,1571,69,4094.578,0.0001791800,false,true
call-000234,arm8_spec_immediate,cal/f2/s2060000/early_accurate,22,meta-llama/llama-3.3-70b-instruct,sha256:39fea2387df99e5c0204547eb5cde4df8cf09569e0847712712f5ebd25c59c82,det-v1,2,accepted_after_repair,1571,69,4094.578,0.0001791800,false,false
call-000235,arm8_spec_immediate,cal/f2/s2060000/early_accurate,37,meta-llama/llama-3.3-70b-instruct,sha256:197d22b5662709a3eb525e732fd6ce282673315a499b01b9f8420e12c05f8ddd,det-v1,1,,2056,69,4435.539,0.0002276800,false,true
call-000236,arm8_spec_immediate,cal/f2/s2060000/early_accurate,37,meta-llama/llama-3.3-70b-instruct,sha256:197d22b5662709a3eb525e732fd6ce282673315a499b01b9f8420e12c05f8ddd,det-v1,1,accepted,2056,69,4435.539,0.0002276800,false,false
call-000237,arm9_spec_heuristic_rollback,cal/f2/s2060000/early_accurate,22,meta-llama/llama-3.3-70b-instruct,sha256:d3abc5f0cd48275ef627b61553fcbf881c4085a76eaf52fbc9bb8857c36b115e,det-v1,1,fallback,1476,958,0.001,0.0004541600,true,false
call-000238,arm9_spec_heuristic_rollback,cal/f2/s2060000/early_accurate,22,meta-llama/llama-3.3-70b-instruct,sha256:39fea2387df99e5c0204547eb5cde4df8cf09569e0847712712f5ebd25c59c82,det-v1,2,accepted_after_repair,1571,69,0.001,0.0001791800,true,false
call-000239,arm9_spec_heuristic_rollback,cal/f2/s2060000/early_accurate,37,meta-llama/llama-3.3-70b-instruct,sha256:197d22b5662709a3eb525e732fd6ce282673315a499b01b9f8420e12c05f8ddd,det-v1,1,accepted,2056,69,0.001,0.0002276800,true,false
call-000240,arm10_spec_eprocess,cal/f2/s2060000/early_accurate,22,meta-llama/llama-3.3-70b-instruct,sha256:d3abc5f0cd48275ef627b61553fcbf881c4085a76eaf52fbc9bb8857c36b115e,det-v1,1,fallback,1476,958,0.002,0.0004541600,true,false
call-000241,arm10_spec_eprocess,cal/f2/s2060000/early_accurate,22,meta-llama/llama-3.3-70b-instruct,sha256:39fea2387df99e5c0204547eb5cde4df8cf09569e0847712712f5ebd25c59c82,det-v1,2,accepted_after_repair,1571,69,0.001,0.0001791800,true,false
call-000242,arm10_spec_eprocess,cal/f2/s2060000/early_accurate,37,meta-llama/llama-3.3-70b-instruct,sha256:197d22b5662709a3eb525e732fd6ce282673315a499b01b9f8420e12c05f8ddd,det-v1,1,accepted,2056,69,0.002,0.0002276800,true,false
call-000243,arm8_spec_immediate,cal/f2/s2060000/early_accurate__twin,10,meta-llama/llama-3.3-70b-instruct,sha256:08876530697e95862fbe2b2a09463ea5c7f63fa834245e7330d62d69bad5e165,det-v1,1,,1098,69,3278.878,0.0001318800,false,true
call-000244,arm8_spec_immediate,cal/f2/s2060000/early_accurate__twin,10,meta-llama/llama-3.3-70b-instruct,sha256:08876530697e95862fbe2b2a09463ea5c7f63fa834245e7330d62d69bad5e165,det-v1,1,accepted,1098,69,3278.878,0.0001318800,false,false
call-000245,arm9_spec_heuristic_rollback,cal/f2/s2060000/early_accurate__twin,10,meta-llama/llama-3.3-70b-instruct,sha256:08876530697e95862fbe2b2a09463ea5c7f63fa834245e7330d62d69bad5e165,det-v1,1,accepted,1098,69,0.003,0.0001318800,true,false
call-000246,arm10_spec_eprocess,cal/f2/s2060000/early_accurate__twin,10,meta-llama/llama-3.3-70b-instruct,sha256:08876530697e95862fbe2b2a09463ea5c7f63fa834245e7330d62d69bad5e165,det-v1,1,accepted,1098,69,0.004,0.0001318800,true,false
call-000247,arm8_spec_immediate,dev/f2/s2050001/early_accurate,27,meta-llama/llama-3.3-70b-instruct,sha256:c44055a991e13baf39715c37dda238f1a176e9bbd9cfcc5a3db3e3fe1bef1747,det-v1,1,,1662,69,2014.733,0.0001882800,false,true
call-000248,arm8_spec_immediate,dev/f2/s2050001/early_accurate,27,meta-llama/llama-3.3-70b-instruct,sha256:c44055a991e13baf39715c37dda238f1a176e9bbd9cfcc5a3db3e3fe1bef1747,det-v1,1,accepted,1662,69,2014.733,0.0001882800,false,false
call-000249,arm8_spec_immediate,dev/f2/s2050001/early_accurate,44,meta-llama/llama-3.3-70b-instruct,sha256:cba8015394e9c48eb5e8999dbfad5b887bee8e9ef69ecb763869987585848599,det-v1,1,,2290,233,8540.700,0.0003035600,false,true
call-000250,arm8_spec_immediate,dev/f2/s2050001/early_accurate,44,meta-llama/llama-3.3-70b-instruct,sha256:cba8015394e9c48eb5e8999dbfad5b887bee8e9ef69ecb763869987585848599,det-v1,1,fallback,2290,233,8540.700,0.0003035600,false,false
call-000251,arm8_spec_immediate,dev/f2/s2050001/early_accurate,44,meta-llama/llama-3.3-70b-instruct,sha256:0e5c4cf63708bd0093845ee02252b11318683247a2ebbebab07a4b86a852ff5a,det-v1,2,,2360,229,7878.532,0.0003092800,false,true
call-000252,arm8_spec_immediate,dev/f2/s2050001/early_accurate,44,meta-llama/llama-3.3-70b-instruct,sha256:0e5c4cf63708bd0093845ee02252b11318683247a2ebbebab07a4b86a852ff5a,det-v1,2,fallback,2360,229,7878.532,0.0003092800,false,false
call-000253,arm9_spec_heuristic_rollback,dev/f2/s2050001/early_accurate,27,meta-llama/llama-3.3-70b-instruct,sha256:c44055a991e13baf39715c37dda238f1a176e9bbd9cfcc5a3db3e3fe1bef1747,det-v1,1,accepted,1662,69,0.003,0.0001882800,true,false
call-000254,arm9_spec_heuristic_rollback,dev/f2/s2050001/early_accurate,44,meta-llama/llama-3.3-70b-instruct,sha256:cba8015394e9c48eb5e8999dbfad5b887bee8e9ef69ecb763869987585848599,det-v1,1,fallback,2290,233,0.003,0.0003035600,true,false
call-000255,arm9_spec_heuristic_rollback,dev/f2/s2050001/early_accurate,44,meta-llama/llama-3.3-70b-instruct,sha256:0e5c4cf63708bd0093845ee02252b11318683247a2ebbebab07a4b86a852ff5a,det-v1,2,fallback,2360,229,0.002,0.0003092800,true,false
call-000256,arm10_spec_eprocess,dev/f2/s2050001/early_accurate,27,meta-llama/llama-3.3-70b-instruct,sha256:c44055a991e13baf39715c37dda238f1a176e9bbd9cfcc5a3db3e3fe1bef1747,det-v1,1,accepted,1662,69,0.003,0.0001882800,true,false
call-000257,arm10_spec_eprocess,dev/f2/s2050001/early_accurate,44,meta-llama/llama-3.3-70b-instruct,sha256:cba8015394e9c48eb5e8999dbfad5b887bee8e9ef69ecb763869987585848599,det-v1,1,fallback,2290,233,0.003,0.0003035600,true,false
call-000258,arm10_spec_eprocess,dev/f2/s2050001/early_accurate,44,meta-llama/llama-3.3-70b-instruct,sha256:0e5c4cf63708bd0093845ee02252b11318683247a2ebbebab07a4b86a852ff5a,det-v1,2,fallback,2360,229,0.003,0.0003092800,true,false
call-000259,arm8_spec_immediate,dev/f2/s2050001/early_accurate__twin,10,meta-llama/llama-3.3-70b-instruct,sha256:4eb73e4936927989fd015e54ea5d33e56e00beaa290cf16c51f9141555123d50,det-v1,1,,1075,54,1937.638,0.0001247800,false,true
call-000260,arm8_spec_immediate,dev/f2/s2050001/early_accurate__twin,10,meta-llama/llama-3.3-70b-instruct,sha256:4eb73e4936927989fd015e54ea5d33e56e00beaa290cf16c51f9141555123d50,det-v1,1,accepted,1075,54,1937.638,0.0001247800,false,false
call-000261,arm9_spec_heuristic_rollback,dev/f2/s2050001/early_accurate__twin,10,meta-llama/llama-3.3-70b-instruct,sha256:4eb73e4936927989fd015e54ea5d33e56e00beaa290cf16c51f9141555123d50,det-v1,1,accepted,1075,54,0.002,0.0001247800,true,false
call-000262,arm10_spec_eprocess,dev/f2/s2050001/early_accurate__twin,10,meta-llama/llama-3.3-70b-instruct,sha256:4eb73e4936927989fd015e54ea5d33e56e00beaa290cf16c51f9141555123d50,det-v1,1,accepted,1075,54,0.002,0.0001247800,true,false
call-000263,arm8_spec_immediate,cal/f2/s2060001/early_accurate,37,meta-llama/llama-3.3-70b-instruct,sha256:0b703d3aa9086d97d1af4c8e8a5824045964a8856b6e871bf214a2986c150605,det-v1,1,,2031,54,1688.979,0.0002203800,false,true
call-000264,arm8_spec_immediate,cal/f2/s2060001/early_accurate,37,meta-llama/llama-3.3-70b-instruct,sha256:0b703d3aa9086d97d1af4c8e8a5824045964a8856b6e871bf214a2986c150605,det-v1,1,fallback,2031,54,1688.979,0.0002203800,false,false
call-000265,arm8_spec_immediate,cal/f2/s2060001/early_accurate,37,meta-llama/llama-3.3-70b-instruct,sha256:7ab91450602d83338ffac26cd3ae5388cdfdf7ef8bb91278333d63631b49dc70,det-v1,2,,2101,54,2837.283,0.0002273800,false,true
call-000266,arm8_spec_immediate,cal/f2/s2060001/early_accurate,37,meta-llama/llama-3.3-70b-instruct,sha256:7ab91450602d83338ffac26cd3ae5388cdfdf7ef8bb91278333d63631b49dc70,det-v1,2,accepted_after_repair,2101,54,2837.283,0.0002273800,false,false
call-000267,arm8_spec_immediate,cal/f2/s2060001/early_accurate,46,meta-llama/llama-3.3-70b-instruct,sha256:fc141ebac89a32f19630c0790378954a2a03a06613b2d5e743cf710225da206a,det-v1,1,,2364,1966,90131.790,0.0008655200,false,true
call-000268,arm8_spec_immediate,cal/f2/s2060001/early_accurate,46,meta-llama/llama-3.3-70b-instruct,sha256:fc141ebac89a32f19630c0790378954a2a03a06613b2d5e743cf710225da206a,det-v1,1,fallback,2364,1966,90131.790,0.0008655200,false,false
call-000269,arm8_spec_immediate,cal/f2/s2060001/early_accurate,46,meta-llama/llama-3.3-70b-instruct,sha256:bcee07574ba0ddd6e4d947de12b6870b7beedbf8c3816461a3ab992b2ff06808,det-v1,2,,2435,69,3542.852,0.0002655800,false,true
call-000270,arm8_spec_immediate,cal/f2/s2060001/early_accurate,46,meta-llama/llama-3.3-70b-instruct,sha256:bcee07574ba0ddd6e4d947de12b6870b7beedbf8c3816461a3ab992b2ff06808,det-v1,2,accepted_after_repair,2435,69,3542.852,0.0002655800,false,false
call-000271,arm9_spec_heuristic_rollback,cal/f2/s2060001/early_accurate,37,meta-llama/llama-3.3-70b-instruct,sha256:0b703d3aa9086d97d1af4c8e8a5824045964a8856b6e871bf214a2986c150605,det-v1,1,fallback,2031,54,0.003,0.0002203800,true,false
call-000272,arm9_spec_heuristic_rollback,cal/f2/s2060001/early_accurate,37,meta-llama/llama-3.3-70b-instruct,sha256:7ab91450602d83338ffac26cd3ae5388cdfdf7ef8bb91278333d63631b49dc70,det-v1,2,accepted_after_repair,2101,54,0.003,0.0002273800,true,false
call-000273,arm9_spec_heuristic_rollback,cal/f2/s2060001/early_accurate,46,meta-llama/llama-3.3-70b-instruct,sha256:fc141ebac89a32f19630c0790378954a2a03a06613b2d5e743cf710225da206a,det-v1,1,fallback,2364,1966,0.003,0.0008655200,true,false
call-000274,arm9_spec_heuristic_rollback,cal/f2/s2060001/early_accurate,46,meta-llama/llama-3.3-70b-instruct,sha256:bcee07574ba0ddd6e4d947de12b6870b7beedbf8c3816461a3ab992b2ff06808,det-v1,2,accepted_after_repair,2435,69,0.003,0.0002655800,true,false
call-000275,arm10_spec_eprocess,cal/f2/s2060001/early_accurate,37,meta-llama/llama-3.3-70b-instruct,sha256:0b703d3aa9086d97d1af4c8e8a5824045964a8856b6e871bf214a2986c150605,det-v1,1,fallback,2031,54,0.003,0.0002203800,true,false
call-000276,arm10_spec_eprocess,cal/f2/s2060001/early_accurate,37,meta-llama/llama-3.3-70b-instruct,sha256:7ab91450602d83338ffac26cd3ae5388cdfdf7ef8bb91278333d63631b49dc70,det-v1,2,accepted_after_repair,2101,54,0.003,0.0002273800,true,false
call-000277,arm10_spec_eprocess,cal/f2/s2060001/early_accurate,46,meta-llama/llama-3.3-70b-instruct,sha256:fc141ebac89a32f19630c0790378954a2a03a06613b2d5e743cf710225da206a,det-v1,1,fallback,2364,1966,0.003,0.0008655200,true,false
call-000278,arm10_spec_eprocess,cal/f2/s2060001/early_accurate,46,meta-llama/llama-3.3-70b-instruct,sha256:bcee07574ba0ddd6e4d947de12b6870b7beedbf8c3816461a3ab992b2ff06808,det-v1,2,accepted_after_repair,2435,69,0.002,0.0002655800,true,false
call-000279,arm8_spec_immediate,cal/f2/s2060001/early_accurate__twin,10,meta-llama/llama-3.3-70b-instruct,sha256:4435d255335b16bf696a5f52fbb26a9defa50bc99259251ff5b92be67c7ba99e,det-v1,1,,1074,68,3976.567,0.0001291600,false,true
call-000280,arm8_spec_immediate,cal/f2/s2060001/early_accurate__twin,10,meta-llama/llama-3.3-70b-instruct,sha256:4435d255335b16bf696a5f52fbb26a9defa50bc99259251ff5b92be67c7ba99e,det-v1,1,accepted,1074,68,3976.567,0.0001291600,false,false
call-000281,arm9_spec_heuristic_rollback,cal/f2/s2060001/early_accurate__twin,10,meta-llama/llama-3.3-70b-instruct,sha256:4435d255335b16bf696a5f52fbb26a9defa50bc99259251ff5b92be67c7ba99e,det-v1,1,accepted,1074,68,0.003,0.0001291600,true,false
call-000282,arm10_spec_eprocess,cal/f2/s2060001/early_accurate__twin,10,meta-llama/llama-3.3-70b-instruct,sha256:4435d255335b16bf696a5f52fbb26a9defa50bc99259251ff5b92be67c7ba99e,det-v1,1,accepted,1074,68,0.003,0.0001291600,true,false
call-000283,arm8_spec_immediate,dev/f2/s2050000/late_accurate,28,meta-llama/llama-3.3-70b-instruct,sha256:4f4a4d322e59d4f6d77e1eee0b817bae1dc6e1787b7fe42f17503f1dd08b0e4b,det-v1,1,,1698,1210,79291.910,0.0005570000,false,true
call-000284,arm8_spec_immediate,dev/f2/s2050000/late_accurate,28,meta-llama/llama-3.3-70b-instruct,sha256:4f4a4d322e59d4f6d77e1eee0b817bae1dc6e1787b7fe42f17503f1dd08b0e4b,det-v1,1,fallback,1698,1210,79291.910,0.0005570000,false,false
call-000285,arm8_spec_immediate,dev/f2/s2050000/late_accurate,28,meta-llama/llama-3.3-70b-instruct,sha256:e40f56469fc17a86f6b7b4124db2851a2d20b304ea99e21cd29fe435c6a3ab26,det-v1,2,,1768,54,2653.579,0.0001940800,false,true
call-000286,arm8_spec_immediate,dev/f2/s2050000/late_accurate,28,meta-llama/llama-3.3-70b-instruct,sha256:e40f56469fc17a86f6b7b4124db2851a2d20b304ea99e21cd29fe435c6a3ab26,det-v1,2,accepted_after_repair,1768,54,2653.579,0.0001940800,false,false
call-000287,arm8_spec_immediate,dev/f2/s2050000/late_accurate,37,meta-llama/llama-3.3-70b-instruct,sha256:0eeed0d10a9d3d7f1e73cfbfde53414c955b7dc1116a8568dd1454429d5a58ee,det-v1,1,,2031,68,4582.263,0.0002248600,false,true
call-000288,arm8_spec_immediate,dev/f2/s2050000/late_accurate,37,meta-llama/llama-3.3-70b-instruct,sha256:0eeed0d10a9d3d7f1e73cfbfde53414c955b7dc1116a8568dd1454429d5a58ee,det-v1,1,accepted,2031,68,4582.263,0.0002248600,false,false
call-000289,arm9_spec_heuristic_rollback,dev/f2/s2050000/late_accurate,28,meta-llama/llama-3.3-70b-instruct,sha256:4f4a4d322e59d4f6d77e1eee0b817bae1dc6e1787b7fe42f17503f1dd08b0e4b,det-v1,1,fallback,1698,1210,0.002,0.0005570000,true,false
call-000290,arm9_spec_heuristic_rollback,dev/f2/s2050000/late_accurate,28,meta-llama/llama-3.3-70b-instruct,sha256:e40f56469fc17a86f6b7b4124db2851a2d20b304ea99e21cd29fe435c6a3ab26,det-v1,2,accepted_after_repair,1768,54,0.002,0.0001940800,true,false
call-000291,arm9_spec_heuristic_rollback,dev/f2/s2050000/late_accurate,37,meta-llama/llama-3.3-70b-instruct,sha256:0eeed0d10a9d3d7f1e73cfbfde53414c955b7dc1116a8568dd1454429d5a58ee,det-v1,1,accepted,2031,68,0.002,0.0002248600,true,false
call-000292,arm10_spec_eprocess,dev/f2/s2050000/late_accurate,28,meta-llama/llama-3.3-70b-instruct,sha256:4f4a4d322e59d4f6d77e1eee0b817bae1dc6e1787b7fe42f17503f1dd08b0e4b,det-v1,1,fallback,1698,1210,0.001,0.0005570000,true,false
call-000293,arm10_spec_eprocess,dev/f2/s2050000/late_accurate,28,meta-llama/llama-3.3-70b-instruct,sha256:e40f56469fc17a86f6b7b4124db2851a2d20b304ea99e21cd29fe435c6a3ab26,det-v1,2,accepted_after_repair,1768,54,0.001,0.0001940800,true,false
call-000294,arm10_spec_eprocess,dev/f2/s2050000/late_accurate,37,meta-llama/llama-3.3-70b-instruct,sha256:0eeed0d10a9d3d7f1e73cfbfde53414c955b7dc1116a8568dd1454429d5a58ee,det-v1,1,accepted,2031,68,0.001,0.0002248600,true,false
call-000295,arm8_spec_immediate,cal/f2/s2060000/late_accurate,22,meta-llama/llama-3.3-70b-instruct,sha256:d46523bf798bc253f71edc4bec16ba82e9ac882bcd3e0c3a21896ea0110a1daf,det-v1,1,,1476,54,2801.892,0.0001648800,false,true
call-000296,arm8_spec_immediate,cal/f2/s2060000/late_accurate,22,meta-llama/llama-3.3-70b-instruct,sha256:d46523bf798bc253f71edc4bec16ba82e9ac882bcd3e0c3a21896ea0110a1daf,det-v1,1,accepted,1476,54,2801.892,0.0001648800,false,false
call-000297,arm8_spec_immediate,cal/f2/s2060000/late_accurate,37,meta-llama/llama-3.3-70b-instruct,sha256:97d1f7186b90433fccbcfe674b6444577edd8439d5c5affcf43bc24fc6a17675,det-v1,1,,2031,68,692.735,0.0002248600,false,true
call-000298,arm8_spec_immediate,cal/f2/s2060000/late_accurate,37,meta-llama/llama-3.3-70b-instruct,sha256:97d1f7186b90433fccbcfe674b6444577edd8439d5c5affcf43bc24fc6a17675,det-v1,1,accepted,2031,68,692.735,0.0002248600,false,false
call-000299,arm9_spec_heuristic_rollback,cal/f2/s2060000/late_accurate,22,meta-llama/llama-3.3-70b-instruct,sha256:d46523bf798bc253f71edc4bec16ba82e9ac882bcd3e0c3a21896ea0110a1daf,det-v1,1,accepted,1476,54,0.003,0.0001648800,true,false
call-000300,arm9_spec_heuristic_rollback,cal/f2/s2060000/late_accurate,37,meta-llama/llama-3.3-70b-instruct,sha256:97d1f7186b90433fccbcfe674b6444577edd8439d5c5affcf43bc24fc6a17675,det-v1,1,accepted,2031,68,0.003,0.0002248600,true,false
call-000301,arm10_spec_eprocess,cal/f2/s2060000/late_accurate,22,meta-llama/llama-3.3-70b-instruct,sha256:d46523bf798bc253f71edc4bec16ba82e9ac882bcd3e0c3a21896ea0110a1daf,det-v1,1,accepted,1476,54,0.003,0.0001648800,true,false
call-000302,arm10_spec_eprocess,cal/f2/s2060000/late_accurate,37,meta-llama/llama-3.3-70b-instruct,sha256:97d1f7186b90433fccbcfe674b6444577edd8439d5c5affcf43bc24fc6a17675,det-v1,1,accepted,2031,68,0.003,0.0002248600,true,false
call-000303,arm8_spec_immediate,dev/f2/s2050001/late_accurate,27,meta-llama/llama-3.3-70b-instruct,sha256:63ef60d9576bc2d613909c4f7bb94bbff44a126c5995b7d4c99cb6ae2ebe3475,det-v1,1,,1662,69,1597.899,0.0001882800,false,true
call-000304,arm8_spec_immediate,dev/f2/s2050001/late_accurate,27,meta-llama/llama-3.3-70b-instruct,sha256:63ef60d9576bc2d613909c4f7bb94bbff44a126c5995b7d4c99cb6ae2ebe3475,det-v1,1,accepted,1662,69,1597.899,0.0001882800,false,false
call-000305,arm8_spec_immediate,dev/f2/s2050001/late_accurate,44,meta-llama/llama-3.3-70b-instruct,sha256:90f838d6f3ef879c681ff3981428c3cdcf43a04051319a1a992f343abec88c25,det-v1,1,,2290,229,9255.420,0.0003022800,false,true
call-000306,arm8_spec_immediate,dev/f2/s2050001/late_accurate,44,meta-llama/llama-3.3-70b-instruct,sha256:90f838d6f3ef879c681ff3981428c3cdcf43a04051319a1a992f343abec88c25,det-v1,1,fallback,2290,229,9255.420,0.0003022800,false,false
call-000307,arm8_spec_immediate,dev/f2/s2050001/late_accurate,44,meta-llama/llama-3.3-70b-instruct,sha256:b8acb931bd2bd1420c2861b95739f8d87bf8fe1ba2d7798a854914243df5b644,det-v1,2,,2385,69,2231.349,0.0002605800,false,true
call-000308,arm8_spec_immediate,dev/f2/s2050001/late_accurate,44,meta-llama/llama-3.3-70b-instruct,sha256:b8acb931bd2bd1420c2861b95739f8d87bf8fe1ba2d7798a854914243df5b644,det-v1,2,accepted_after_repair,2385,69,2231.349,0.0002605800,false,false
call-000309,arm9_spec_heuristic_rollback,dev/f2/s2050001/late_accurate,27,meta-llama/llama-3.3-70b-instruct,sha256:63ef60d9576bc2d613909c4f7bb94bbff44a126c5995b7d4c99cb6ae2ebe3475,det-v1,1,accepted,1662,69,0.003,0.0001882800,true,false
call-000310,arm9_spec_heuristic_rollback,dev/f2/s2050001/late_accurate,44,meta-llama/llama-3.3-70b-instruct,sha256:90f838d6f3ef879c681ff3981428c3cdcf43a04051319a1a992f343abec88c25,det-v1,1,fallback,2290,229,0.003,0.0003022800,true,false
call-000311,arm9_spec_heuristic_rollback,dev/f2/s2050001/late_accurate,44,meta-llama/llama-3.3-70b-instruct,sha256:b8acb931bd2bd1420c2861b95739f8d87bf8fe1ba2d7798a854914243df5b644,det-v1,2,accepted_after_repair,2385,69,0.003,0.0002605800,true,false
call-000312,arm10_spec_eprocess,dev/f2/s2050001/late_accurate,27,meta-llama/llama-3.3-70b-instruct,sha256:63ef60d9576bc2d613909c4f7bb94bbff44a126c5995b7d4c99cb6ae2ebe3475,det-v1,1,accepted,1662,69,0.004,0.0001882800,true,false
call-000313,arm10_spec_eprocess,dev/f2/s2050001/late_accurate,44,meta-llama/llama-3.3-70b-instruct,sha256:90f838d6f3ef879c681ff3981428c3cdcf43a04051319a1a992f343abec88c25,det-v1,1,fallback,2290,229,0.003,0.0003022800,true,false
call-000314,arm10_spec_eprocess,dev/f2/s2050001/late_accurate,44,meta-llama/llama-3.3-70b-instruct,sha256:b8acb931bd2bd1420c2861b95739f8d87bf8fe1ba2d7798a854914243df5b644,det-v1,2,accepted_after_repair,2385,69,0.002,0.0002605800,true,false
call-000315,arm8_spec_immediate,cal/f2/s2060001/late_accurate,37,meta-llama/llama-3.3-70b-instruct,sha256:9734df9a5bc977967aeb751f752835b4190b30d990173efea71515db79367e5f,det-v1,1,,2031,68,3608.666,0.0002248600,false,true
call-000316,arm8_spec_immediate,cal/f2/s2060001/late_accurate,37,meta-llama/llama-3.3-70b-instruct,sha256:9734df9a5bc977967aeb751f752835b4190b30d990173efea71515db79367e5f,det-v1,1,accepted,2031,68,3608.666,0.0002248600,false,false
call-000317,arm8_spec_immediate,cal/f2/s2060001/late_accurate,46,meta-llama/llama-3.3-70b-instruct,sha256:0086973d171c0e1910a11413450607adf742c3f2bcf4c0979630925c9359c95e,det-v1,1,,2364,237,13625.869,0.0003122400,false,true
call-000318,arm8_spec_immediate,cal/f2/s2060001/late_accurate,46,meta-llama/llama-3.3-70b-instruct,sha256:0086973d171c0e1910a11413450607adf742c3f2bcf4c0979630925c9359c95e,det-v1,1,accepted,2364,237,13625.869,0.0003122400,false,false
call-000319,arm9_spec_heuristic_rollback,cal/f2/s2060001/late_accurate,37,meta-llama/llama-3.3-70b-instruct,sha256:9734df9a5bc977967aeb751f752835b4190b30d990173efea71515db79367e5f,det-v1,1,accepted,2031,68,0.003,0.0002248600,true,false
call-000320,arm9_spec_heuristic_rollback,cal/f2/s2060001/late_accurate,46,meta-llama/llama-3.3-70b-instruct,sha256:0086973d171c0e1910a11413450607adf742c3f2bcf4c0979630925c9359c95e,det-v1,1,accepted,2364,237,0.003,0.0003122400,true,false
call-000321,arm10_spec_eprocess,cal/f2/s2060001/late_accurate,37,meta-llama/llama-3.3-70b-instruct,sha256:9734df9a5bc977967aeb751f752835b4190b30d990173efea71515db79367e5f,det-v1,1,accepted,2031,68,0.003,0.0002248600,true,false
call-000322,arm10_spec_eprocess,cal/f2/s2060001/late_accurate,46,meta-llama/llama-3.3-70b-instruct,sha256:0086973d171c0e1910a11413450607adf742c3f2bcf4c0979630925c9359c95e,det-v1,1,accepted,2364,237,0.003,0.0003122400,true,false
call-000323,arm8_spec_immediate,dev/f2/s2050000/unreliable,28,meta-llama/llama-3.3-70b-instruct,sha256:b1450e29adf721ef67a5ec2e505db75b129f8d1661621821b16b20828920f3b4,det-v1,1,,1698,1210,53713.693,0.0005570000,false,true
call-000324,arm8_spec_immediate,dev/f2/s2050000/unreliable,28,meta-llama/llama-3.3-70b-instruct,sha256:b1450e29adf721ef67a5ec2e505db75b129f8d1661621821b16b20828920f3b4,det-v1,1,fallback,1698,1210,53713.693,0.0005570000,false,false
call-000325,arm8_spec_immediate,dev/f2/s2050000/unreliable,28,meta-llama/llama-3.3-70b-instruct,sha256:0d18d6a24ea1655a61b133e9c01a82184259831cd805f90004ee182d4694da85,det-v1,2,,1769,69,1907.775,0.0001989800,false,true
call-000326,arm8_spec_immediate,dev/f2/s2050000/unreliable,28,meta-llama/llama-3.3-70b-instruct,sha256:0d18d6a24ea1655a61b133e9c01a82184259831cd805f90004ee182d4694da85,det-v1,2,accepted_after_repair,1769,69,1907.775,0.0001989800,false,false
call-000327,arm8_spec_immediate,dev/f2/s2050000/unreliable,37,meta-llama/llama-3.3-70b-instruct,sha256:2b9b757665f5bb6d76c8bf7be49e71795de4ef367d527dcfba606eb386e48a7a,det-v1,1,,2031,54,4173.129,0.0002203800,false,true
call-000328,arm8_spec_immediate,dev/f2/s2050000/unreliable,37,meta-llama/llama-3.3-70b-instruct,sha256:2b9b757665f5bb6d76c8bf7be49e71795de4ef367d527dcfba606eb386e48a7a,det-v1,1,accepted,2031,54,4173.129,0.0002203800,false,false
call-000329,arm9_spec_heuristic_rollback,dev/f2/s2050000/unreliable,28,meta-llama/llama-3.3-70b-instruct,sha256:b1450e29adf721ef67a5ec2e505db75b129f8d1661621821b16b20828920f3b4,det-v1,1,fallback,1698,1210,0.003,0.0005570000,true,false
call-000330,arm9_spec_heuristic_rollback,dev/f2/s2050000/unreliable,28,meta-llama/llama-3.3-70b-instruct,sha256:0d18d6a24ea1655a61b133e9c01a82184259831cd805f90004ee182d4694da85,det-v1,2,accepted_after_repair,1769,69,0.003,0.0001989800,true,false
call-000331,arm9_spec_heuristic_rollback,dev/f2/s2050000/unreliable,37,meta-llama/llama-3.3-70b-instruct,sha256:2b9b757665f5bb6d76c8bf7be49e71795de4ef367d527dcfba606eb386e48a7a,det-v1,1,accepted,2031,54,0.003,0.0002203800,true,false
call-000332,arm10_spec_eprocess,dev/f2/s2050000/unreliable,28,meta-llama/llama-3.3-70b-instruct,sha256:b1450e29adf721ef67a5ec2e505db75b129f8d1661621821b16b20828920f3b4,det-v1,1,fallback,1698,1210,0.003,0.0005570000,true,false
call-000333,arm10_spec_eprocess,dev/f2/s2050000/unreliable,28,meta-llama/llama-3.3-70b-instruct,sha256:0d18d6a24ea1655a61b133e9c01a82184259831cd805f90004ee182d4694da85,det-v1,2,accepted_after_repair,1769,69,0.003,0.0001989800,true,false
call-000334,arm10_spec_eprocess,dev/f2/s2050000/unreliable,37,meta-llama/llama-3.3-70b-instruct,sha256:2b9b757665f5bb6d76c8bf7be49e71795de4ef367d527dcfba606eb386e48a7a,det-v1,1,accepted,2031,54,0.003,0.0002203800,true,false
call-000335,arm8_spec_immediate,cal/f2/s2060000/unreliable,22,meta-llama/llama-3.3-70b-instruct,sha256:2092409ff668744379873fe075c7f6602c376d16c18506ec393d52b406dc4fef,det-v1,1,,1501,69,1604.958,0.0001721800,false,true
call-000336,arm8_spec_immediate,cal/f2/s2060000/unreliable,22,meta-llama/llama-3.3-70b-instruct,sha256:2092409ff668744379873fe075c7f6602c376d16c18506ec393d52b406dc4fef,det-v1,1,accepted,1501,69,1604.958,0.0001721800,false,false
call-000337,arm8_spec_immediate,cal/f2/s2060000/unreliable,37,meta-llama/llama-3.3-70b-instruct,sha256:27ee10ab4fcbf353c9f737d5b0b5b3db47b27f6d127fd643d2c18928f125194e,det-v1,1,,2031,68,4864.005,0.0002248600,false,true
call-000338,arm8_spec_immediate,cal/f2/s2060000/unreliable,37,meta-llama/llama-3.3-70b-instruct,sha256:27ee10ab4fcbf353c9f737d5b0b5b3db47b27f6d127fd643d2c18928f125194e,det-v1,1,accepted,2031,68,4864.005,0.0002248600,false,false
call-000339,arm9_spec_heuristic_rollback,cal/f2/s2060000/unreliable,22,meta-llama/llama-3.3-70b-instruct,sha256:2092409ff668744379873fe075c7f6602c376d16c18506ec393d52b406dc4fef,det-v1,1,accepted,1501,69,0.003,0.0001721800,true,false
call-000340,arm9_spec_heuristic_rollback,cal/f2/s2060000/unreliable,37,meta-llama/llama-3.3-70b-instruct,sha256:27ee10ab4fcbf353c9f737d5b0b5b3db47b27f6d127fd643d2c18928f125194e,det-v1,1,accepted,2031,68,0.003,0.0002248600,true,false
call-000341,arm10_spec_eprocess,cal/f2/s2060000/unreliable,22,meta-llama/llama-3.3-70b-instruct,sha256:2092409ff668744379873fe075c7f6602c376d16c18506ec393d52b406dc4fef,det-v1,1,accepted,1501,69,0.003,0.0001721800,true,false
call-000342,arm10_spec_eprocess,cal/f2/s2060000/unreliable,37,meta-llama/llama-3.3-70b-instruct,sha256:27ee10ab4fcbf353c9f737d5b0b5b3db47b27f6d127fd643d2c18928f125194e,det-v1,1,accepted,2031,68,0.003,0.0002248600,true,false
call-000343,arm8_spec_immediate,dev/f2/s2050001/unreliable,27,meta-llama/llama-3.3-70b-instruct,sha256:21729ca159539a93f2eb9e60a1d26f0470dee61cc88382cc54cad51d30473d2f,det-v1,1,,1661,68,3434.549,0.0001878600,false,true
call-000344,arm8_spec_immediate,dev/f2/s2050001/unreliable,27,meta-llama/llama-3.3-70b-instruct,sha256:21729ca159539a93f2eb9e60a1d26f0470dee61cc88382cc54cad51d30473d2f,det-v1,1,accepted,1661,68,3434.549,0.0001878600,false,false
call-000345,arm8_spec_immediate,dev/f2/s2050001/unreliable,44,meta-llama/llama-3.3-70b-instruct,sha256:07eed3ad3c68ec4fe91543d86d4a3a21008c507a69c4170d146e5039df60b20d,det-v1,1,,2290,54,3573.433,0.0002462800,false,true
call-000346,arm8_spec_immediate,dev/f2/s2050001/unreliable,44,meta-llama/llama-3.3-70b-instruct,sha256:07eed3ad3c68ec4fe91543d86d4a3a21008c507a69c4170d146e5039df60b20d,det-v1,1,accepted,2290,54,3573.433,0.0002462800,false,false
call-000347,arm9_spec_heuristic_rollback,dev/f2/s2050001/unreliable,27,meta-llama/llama-3.3-70b-instruct,sha256:21729ca159539a93f2eb9e60a1d26f0470dee61cc88382cc54cad51d30473d2f,det-v1,1,accepted,1661,68,0.003,0.0001878600,true,false
call-000348,arm9_spec_heuristic_rollback,dev/f2/s2050001/unreliable,44,meta-llama/llama-3.3-70b-instruct,sha256:07eed3ad3c68ec4fe91543d86d4a3a21008c507a69c4170d146e5039df60b20d,det-v1,1,accepted,2290,54,0.003,0.0002462800,true,false
call-000349,arm10_spec_eprocess,dev/f2/s2050001/unreliable,27,meta-llama/llama-3.3-70b-instruct,sha256:21729ca159539a93f2eb9e60a1d26f0470dee61cc88382cc54cad51d30473d2f,det-v1,1,accepted,1661,68,0.003,0.0001878600,true,false
call-000350,arm10_spec_eprocess,dev/f2/s2050001/unreliable,44,meta-llama/llama-3.3-70b-instruct,sha256:07eed3ad3c68ec4fe91543d86d4a3a21008c507a69c4170d146e5039df60b20d,det-v1,1,accepted,2290,54,0.003,0.0002462800,true,false
call-000351,arm8_spec_immediate,cal/f2/s2060001/unreliable,37,meta-llama/llama-3.3-70b-instruct,sha256:89de914cd1e314516285f36780a8e03d7802e93eae90c40812bd13e848374eb1,det-v1,1,,2031,54,2646.762,0.0002203800,false,true
call-000352,arm8_spec_immediate,cal/f2/s2060001/unreliable,37,meta-llama/llama-3.3-70b-instruct,sha256:89de914cd1e314516285f36780a8e03d7802e93eae90c40812bd13e848374eb1,det-v1,1,accepted,2031,54,2646.762,0.0002203800,false,false
call-000353,arm8_spec_immediate,cal/f2/s2060001/unreliable,46,meta-llama/llama-3.3-70b-instruct,sha256:1e69b4c839b8a13f1eaba4a13a9df91d566cc6e3e40fc183c2604fd75f7239f7,det-v1,1,,2389,69,1740.518,0.0002609800,false,true
call-000354,arm8_spec_immediate,cal/f2/s2060001/unreliable,46,meta-llama/llama-3.3-70b-instruct,sha256:1e69b4c839b8a13f1eaba4a13a9df91d566cc6e3e40fc183c2604fd75f7239f7,det-v1,1,accepted,2389,69,1740.518,0.0002609800,false,false
call-000355,arm9_spec_heuristic_rollback,cal/f2/s2060001/unreliable,37,meta-llama/llama-3.3-70b-instruct,sha256:89de914cd1e314516285f36780a8e03d7802e93eae90c40812bd13e848374eb1,det-v1,1,accepted,2031,54,0.003,0.0002203800,true,false
call-000356,arm9_spec_heuristic_rollback,cal/f2/s2060001/unreliable,46,meta-llama/llama-3.3-70b-instruct,sha256:1e69b4c839b8a13f1eaba4a13a9df91d566cc6e3e40fc183c2604fd75f7239f7,det-v1,1,accepted,2389,69,0.003,0.0002609800,true,false
call-000357,arm10_spec_eprocess,cal/f2/s2060001/unreliable,37,meta-llama/llama-3.3-70b-instruct,sha256:89de914cd1e314516285f36780a8e03d7802e93eae90c40812bd13e848374eb1,det-v1,1,accepted,2031,54,0.003,0.0002203800,true,false
call-000358,arm10_spec_eprocess,cal/f2/s2060001/unreliable,46,meta-llama/llama-3.3-70b-instruct,sha256:1e69b4c839b8a13f1eaba4a13a9df91d566cc6e3e40fc183c2604fd75f7239f7,det-v1,1,accepted,2389,69,0.002,0.0002609800,true,false
call-000359,arm8_spec_immediate,cal/f3/s3060000/no_alert,15,meta-llama/llama-3.3-70b-instruct,sha256:b136befa699920dfaa430e2feecf8c46bd016ef59bd1bec6c0d59252d9f76af1,det-v1,1,,1217,113,6857.233,0.0001578600,false,true
call-000360,arm8_spec_immediate,cal/f3/s3060000/no_alert,15,meta-llama/llama-3.3-70b-instruct,sha256:b136befa699920dfaa430e2feecf8c46bd016ef59bd1bec6c0d59252d9f76af1,det-v1,1,fallback,1217,113,6857.233,0.0001578600,false,false
call-000361,arm8_spec_immediate,cal/f3/s3060000/no_alert,15,meta-llama/llama-3.3-70b-instruct,sha256:8004e9459f2103ec5747a06ccadc39e9709739da28487d4567e7d9591d5ba9d7,det-v1,2,,1288,69,1498.006,0.0001508800,false,true
call-000362,arm8_spec_immediate,cal/f3/s3060000/no_alert,15,meta-llama/llama-3.3-70b-instruct,sha256:8004e9459f2103ec5747a06ccadc39e9709739da28487d4567e7d9591d5ba9d7,det-v1,2,accepted_after_repair,1288,69,1498.006,0.0001508800,false,false
call-000363,arm9_spec_heuristic_rollback,cal/f3/s3060000/no_alert,15,meta-llama/llama-3.3-70b-instruct,sha256:b136befa699920dfaa430e2feecf8c46bd016ef59bd1bec6c0d59252d9f76af1,det-v1,1,fallback,1217,113,0.003,0.0001578600,true,false
call-000364,arm9_spec_heuristic_rollback,cal/f3/s3060000/no_alert,15,meta-llama/llama-3.3-70b-instruct,sha256:8004e9459f2103ec5747a06ccadc39e9709739da28487d4567e7d9591d5ba9d7,det-v1,2,accepted_after_repair,1288,69,0.003,0.0001508800,true,false
call-000365,arm10_spec_eprocess,cal/f3/s3060000/no_alert,15,meta-llama/llama-3.3-70b-instruct,sha256:b136befa699920dfaa430e2feecf8c46bd016ef59bd1bec6c0d59252d9f76af1,det-v1,1,fallback,1217,113,0.003,0.0001578600,true,false
call-000366,arm10_spec_eprocess,cal/f3/s3060000/no_alert,15,meta-llama/llama-3.3-70b-instruct,sha256:8004e9459f2103ec5747a06ccadc39e9709739da28487d4567e7d9591d5ba9d7,det-v1,2,accepted_after_repair,1288,69,0.002,0.0001508800,true,false
call-000367,arm8_spec_immediate,cal/f3/s3060001/no_alert,23,meta-llama/llama-3.3-70b-instruct,sha256:becebdab317df2947a5f00147b2156464803eea0cd2552a4d46e5cd9cb07ff07,det-v1,1,,1514,69,1441.531,0.0001734800,false,true
call-000368,arm8_spec_immediate,cal/f3/s3060001/no_alert,23,meta-llama/llama-3.3-70b-instruct,sha256:becebdab317df2947a5f00147b2156464803eea0cd2552a4d46e5cd9cb07ff07,det-v1,1,accepted,1514,69,1441.531,0.0001734800,false,false
call-000369,arm9_spec_heuristic_rollback,cal/f3/s3060001/no_alert,23,meta-llama/llama-3.3-70b-instruct,sha256:becebdab317df2947a5f00147b2156464803eea0cd2552a4d46e5cd9cb07ff07,det-v1,1,accepted,1514,69,0.002,0.0001734800,true,false
call-000370,arm10_spec_eprocess,cal/f3/s3060001/no_alert,23,meta-llama/llama-3.3-70b-instruct,sha256:becebdab317df2947a5f00147b2156464803eea0cd2552a4d46e5cd9cb07ff07,det-v1,1,accepted,1514,69,0.002,0.0001734800,true,false
call-000371,arm8_spec_immediate,dev/f3/s3050000/early_accurate,14,meta-llama/llama-3.3-70b-instruct,sha256:d908f677081441d2fafeef5858ebcf6d6b1a986b89eb1eb74f2d242bf512449a,det-v1,1,,1221,86,15433.364,0.0001496200,false,true
call-000372,arm8_spec_immediate,dev/f3/s3050000/early_accurate,14,meta-llama/llama-3.3-70b-instruct,sha256:d908f677081441d2fafeef5858ebcf6d6b1a986b89eb1eb74f2d242bf512449a,det-v1,1,accepted,1221,86,15433.364,0.0001496200,false,false
call-000373,arm9_spec_heuristic_rollback,dev/f3/s3050000/early_accurate,14,meta-llama/llama-3.3-70b-instruct,sha256:d908f677081441d2fafeef5858ebcf6d6b1a986b89eb1eb74f2d242bf512449a,det-v1,1,accepted,1221,86,0.004,0.0001496200,true,false
call-000374,arm10_spec_eprocess,dev/f3/s3050000/early_accurate,14,meta-llama/llama-3.3-70b-instruct,sha256:d908f677081441d2fafeef5858ebcf6d6b1a986b89eb1eb74f2d242bf512449a,det-v1,1,accepted,1221,86,0.003,0.0001496200,true,false
call-000375,arm8_spec_immediate,cal/f3/s3060000/early_accurate,13,meta-llama/llama-3.3-70b-instruct,sha256:46fd500a3bff4648aae3880c38f09235553a33a9998781fd62b102e52cd5f4a9,det-v1,1,,1183,69,1385.915,0.0001403800,false,true
call-000376,arm8_spec_immediate,cal/f3/s3060000/early_accurate,13,meta-llama/llama-3.3-70b-instruct,sha256:46fd500a3bff4648aae3880c38f09235553a33a9998781fd62b102e52cd5f4a9,det-v1,1,accepted,1183,69,1385.915,0.0001403800,false,false
call-000377,arm8_spec_immediate,cal/f3/s3060000/early_accurate,19,meta-llama/llama-3.3-70b-instruct,sha256:74c621de6dfbd23778fb7724d000a0209214aae8b110ce1a8d89d69b25d8ce2a,det-v1,1,,1405,69,1151.807,0.0001625800,false,true
call-000378,arm8_spec_immediate,cal/f3/s3060000/early_accurate,19,meta-llama/llama-3.3-70b-instruct,sha256:74c621de6dfbd23778fb7724d000a0209214aae8b110ce1a8d89d69b25d8ce2a,det-v1,1,accepted,1405,69,1151.807,0.0001625800,false,false
call-000379,arm9_spec_heuristic_rollback,cal/f3/s3060000/early_accurate,13,meta-llama/llama-3.3-70b-instruct,sha256:46fd500a3bff4648aae3880c38f09235553a33a9998781fd62b102e52cd5f4a9,det-v1,1,accepted,1183,69,0.003,0.0001403800,true,false
call-000380,arm9_spec_heuristic_rollback,cal/f3/s3060000/early_accurate,19,meta-llama/llama-3.3-70b-instruct,sha256:74c621de6dfbd23778fb7724d000a0209214aae8b110ce1a8d89d69b25d8ce2a,det-v1,1,accepted,1405,69,0.003,0.0001625800,true,false
call-000381,arm10_spec_eprocess,cal/f3/s3060000/early_accurate,13,meta-llama/llama-3.3-70b-instruct,sha256:46fd500a3bff4648aae3880c38f09235553a33a9998781fd62b102e52cd5f4a9,det-v1,1,accepted,1183,69,0.003,0.0001403800,true,false
call-000382,arm10_spec_eprocess,cal/f3/s3060000/early_accurate,19,meta-llama/llama-3.3-70b-instruct,sha256:74c621de6dfbd23778fb7724d000a0209214aae8b110ce1a8d89d69b25d8ce2a,det-v1,1,accepted,1405,69,0.003,0.0001625800,true,false
call-000383,arm8_spec_immediate,dev/f3/s3050001/early_accurate,17,meta-llama/llama-3.3-70b-instruct,sha256:e5878c832eda8744fb9dc6980cd86005b8949893222e5761f00a9db7af782e57,det-v1,1,,1330,91,2456.253,0.0001621200,false,true
call-000384,arm8_spec_immediate,dev/f3/s3050001/early_accurate,17,meta-llama/llama-3.3-70b-instruct,sha256:e5878c832eda8744fb9dc6980cd86005b8949893222e5761f00a9db7af782e57,det-v1,1,accepted,1330,91,2456.253,0.0001621200,false,false
call-000385,arm9_spec_heuristic_rollback,dev/f3/s3050001/early_accurate,17,meta-llama/llama-3.3-70b-instruct,sha256:e5878c832eda8744fb9dc6980cd86005b8949893222e5761f00a9db7af782e57,det-v1,1,accepted,1330,91,0.002,0.0001621200,true,false
call-000386,arm10_spec_eprocess,dev/f3/s3050001/early_accurate,17,meta-llama/llama-3.3-70b-instruct,sha256:e5878c832eda8744fb9dc6980cd86005b8949893222e5761f00a9db7af782e57,det-v1,1,accepted,1330,91,0.002,0.0001621200,true,false
call-000387,arm8_spec_immediate,cal/f3/s3060001/early_accurate,19,meta-llama/llama-3.3-70b-instruct,sha256:80df3ac03a75ace3a305d0f68b590a6031679e453794cd24a8d3e688752f92ee,det-v1,1,,1424,101,9112.979,0.0001747200,false,true
call-000388,arm8_spec_immediate,cal/f3/s3060001/early_accurate,19,meta-llama/llama-3.3-70b-instruct,sha256:80df3ac03a75ace3a305d0f68b590a6031679e453794cd24a8d3e688752f92ee,det-v1,1,fallback,1424,101,9112.979,0.0001747200,false,false
call-000389,arm8_spec_immediate,cal/f3/s3060001/early_accurate,19,meta-llama/llama-3.3-70b-instruct,sha256:b943a4394f8bd7c1ccef8a01e98b97682f29c2cb0d382b63fbc07884f684b695,det-v1,2,,1494,69,1272.361,0.0001714800,false,true
call-000390,arm8_spec_immediate,cal/f3/s3060001/early_accurate,19,meta-llama/llama-3.3-70b-instruct,sha256:b943a4394f8bd7c1ccef8a01e98b97682f29c2cb0d382b63fbc07884f684b695,det-v1,2,accepted_after_repair,1494,69,1272.361,0.0001714800,false,false
call-000391,arm8_spec_immediate,cal/f3/s3060001/early_accurate,25,meta-llama/llama-3.3-70b-instruct,sha256:6524235a1ddf222d7d293eb47f647d659dfd83bd969d44762fe0aaa90f269042,det-v1,1,,1621,54,3129.158,0.0001793800,false,true
call-000392,arm8_spec_immediate,cal/f3/s3060001/early_accurate,25,meta-llama/llama-3.3-70b-instruct,sha256:6524235a1ddf222d7d293eb47f647d659dfd83bd969d44762fe0aaa90f269042,det-v1,1,accepted,1621,54,3129.158,0.0001793800,false,false
call-000393,arm9_spec_heuristic_rollback,cal/f3/s3060001/early_accurate,19,meta-llama/llama-3.3-70b-instruct,sha256:80df3ac03a75ace3a305d0f68b590a6031679e453794cd24a8d3e688752f92ee,det-v1,1,fallback,1424,101,0.003,0.0001747200,true,false
call-000394,arm9_spec_heuristic_rollback,cal/f3/s3060001/early_accurate,19,meta-llama/llama-3.3-70b-instruct,sha256:b943a4394f8bd7c1ccef8a01e98b97682f29c2cb0d382b63fbc07884f684b695,det-v1,2,accepted_after_repair,1494,69,0.003,0.0001714800,true,false
call-000395,arm9_spec_heuristic_rollback,cal/f3/s3060001/early_accurate,25,meta-llama/llama-3.3-70b-instruct,sha256:6524235a1ddf222d7d293eb47f647d659dfd83bd969d44762fe0aaa90f269042,det-v1,1,accepted,1621,54,0.003,0.0001793800,true,false
call-000396,arm10_spec_eprocess,cal/f3/s3060001/early_accurate,19,meta-llama/llama-3.3-70b-instruct,sha256:80df3ac03a75ace3a305d0f68b590a6031679e453794cd24a8d3e688752f92ee,det-v1,1,fallback,1424,101,0.003,0.0001747200,true,false
call-000397,arm10_spec_eprocess,cal/f3/s3060001/early_accurate,19,meta-llama/llama-3.3-70b-instruct,sha256:b943a4394f8bd7c1ccef8a01e98b97682f29c2cb0d382b63fbc07884f684b695,det-v1,2,accepted_after_repair,1494,69,0.002,0.0001714800,true,false
call-000398,arm10_spec_eprocess,cal/f3/s3060001/early_accurate,25,meta-llama/llama-3.3-70b-instruct,sha256:6524235a1ddf222d7d293eb47f647d659dfd83bd969d44762fe0aaa90f269042,det-v1,1,accepted,1621,54,0.003,0.0001793800,true,false
call-000399,arm8_spec_immediate,dev/f3/s3050000/late_accurate,17,meta-llama/llama-3.3-70b-instruct,sha256:95962e00632db4d28d3a97e159ef5683fcee75d78f6bb7b12c39a72129e28d4f,det-v1,1,,1332,86,2335.496,0.0001607200,false,true
call-000400,arm8_spec_immediate,dev/f3/s3050000/late_accurate,17,meta-llama/llama-3.3-70b-instruct,sha256:95962e00632db4d28d3a97e159ef5683fcee75d78f6bb7b12c39a72129e28d4f,det-v1,1,accepted,1332,86,2335.496,0.0001607200,false,false
call-000401,arm9_spec_heuristic_rollback,dev/f3/s3050000/late_accurate,17,meta-llama/llama-3.3-70b-instruct,sha256:95962e00632db4d28d3a97e159ef5683fcee75d78f6bb7b12c39a72129e28d4f,det-v1,1,accepted,1332,86,0.002,0.0001607200,true,false
call-000402,arm10_spec_eprocess,dev/f3/s3050000/late_accurate,17,meta-llama/llama-3.3-70b-instruct,sha256:95962e00632db4d28d3a97e159ef5683fcee75d78f6bb7b12c39a72129e28d4f,det-v1,1,accepted,1332,86,0.001,0.0001607200,true,false
call-000403,arm8_spec_immediate,cal/f3/s3060000/late_accurate,15,meta-llama/llama-3.3-70b-instruct,sha256:68d79b279cb24315c00e70a4963a275cfa1c2a9e29280215ed2c658c140662dc,det-v1,1,,1218,69,1475.422,0.0001438800,false,true
call-000404,arm8_spec_immediate,cal/f3/s3060000/late_accurate,15,meta-llama/llama-3.3-70b-instruct,sha256:68d79b279cb24315c00e70a4963a275cfa1c2a9e29280215ed2c658c140662dc,det-v1,1,accepted,1218,69,1475.422,0.0001438800,false,false
call-000405,arm9_spec_heuristic_rollback,cal/f3/s3060000/late_accurate,15,meta-llama/llama-3.3-70b-instruct,sha256:68d79b279cb24315c00e70a4963a275cfa1c2a9e29280215ed2c658c140662dc,det-v1,1,accepted,1218,69,0.002,0.0001438800,true,false
call-000406,arm10_spec_eprocess,cal/f3/s3060000/late_accurate,15,meta-llama/llama-3.3-70b-instruct,sha256:68d79b279cb24315c00e70a4963a275cfa1c2a9e29280215ed2c658c140662dc,det-v1,1,accepted,1218,69,0.002,0.0001438800,true,false
call-000407,arm8_spec_immediate,dev/f3/s3050001/late_accurate,20,meta-llama/llama-3.3-70b-instruct,sha256:6b2ac18ae4fbd96835317cdae35fe7026d1c0d165154e032427cbaaf7b1ddc21,det-v1,1,,1441,91,3307.897,0.0001732200,false,true
call-000408,arm8_spec_immediate,dev/f3/s3050001/late_accurate,20,meta-llama/llama-3.3-70b-instruct,sha256:6b2ac18ae4fbd96835317cdae35fe7026d1c0d165154e032427cbaaf7b1ddc21,det-v1,1,accepted,1441,91,3307.897,0.0001732200,false,false
call-000409,arm9_spec_heuristic_rollback,dev/f3/s3050001/late_accurate,20,meta-llama/llama-3.3-70b-instruct,sha256:6b2ac18ae4fbd96835317cdae35fe7026d1c0d165154e032427cbaaf7b1ddc21,det-v1,1,accepted,1441,91,0.003,0.0001732200,true,false
call-000410,arm10_spec_eprocess,dev/f3/s3050001/late_accurate,20,meta-llama/llama-3.3-70b-instruct,sha256:6b2ac18ae4fbd96835317cdae35fe7026d1c0d165154e032427cbaaf7b1ddc21,det-v1,1,accepted,1441,91,0.003,0.0001732200,true,false
call-000411,arm8_spec_immediate,cal/f3/s3060001/late_accurate,22,meta-llama/llama-3.3-70b-instruct,sha256:63cbb1169fa0eada2e373c57340dd7fae8f057b16d610116fde6477d0ac1c3cd,det-v1,1,,1511,91,2335.481,0.0001802200,false,true
call-000412,arm8_spec_immediate,cal/f3/s3060001/late_accurate,22,meta-llama/llama-3.3-70b-instruct,sha256:63cbb1169fa0eada2e373c57340dd7fae8f057b16d610116fde6477d0ac1c3cd,det-v1,1,accepted,1511,91,2335.481,0.0001802200,false,false
call-000413,arm9_spec_heuristic_rollback,cal/f3/s3060001/late_accurate,22,meta-llama/llama-3.3-70b-instruct,sha256:63cbb1169fa0eada2e373c57340dd7fae8f057b16d610116fde6477d0ac1c3cd,det-v1,1,accepted,1511,91,0.002,0.0001802200,true,false
call-000414,arm10_spec_eprocess,cal/f3/s3060001/late_accurate,22,meta-llama/llama-3.3-70b-instruct,sha256:63cbb1169fa0eada2e373c57340dd7fae8f057b16d610116fde6477d0ac1c3cd,det-v1,1,accepted,1511,91,0.004,0.0001802200,true,false
call-000415,arm8_spec_immediate,dev/f3/s3050000/unreliable,14,meta-llama/llama-3.3-70b-instruct,sha256:483fe892b585500e7c183e28c190574d38c023d132323a997b491fadfff8e21f,det-v1,1,,1217,86,1641.891,0.0001492200,false,true
call-000416,arm8_spec_immediate,dev/f3/s3050000/unreliable,14,meta-llama/llama-3.3-70b-instruct,sha256:483fe892b585500e7c183e28c190574d38c023d132323a997b491fadfff8e21f,det-v1,1,accepted,1217,86,1641.891,0.0001492200,false,false
call-000417,arm9_spec_heuristic_rollback,dev/f3/s3050000/unreliable,14,meta-llama/llama-3.3-70b-instruct,sha256:483fe892b585500e7c183e28c190574d38c023d132323a997b491fadfff8e21f,det-v1,1,accepted,1217,86,0.003,0.0001492200,true,false
call-000418,arm10_spec_eprocess,dev/f3/s3050000/unreliable,14,meta-llama/llama-3.3-70b-instruct,sha256:483fe892b585500e7c183e28c190574d38c023d132323a997b491fadfff8e21f,det-v1,1,accepted,1217,86,0.002,0.0001492200,true,false
call-000419,arm8_spec_immediate,cal/f3/s3060000/unreliable,13,meta-llama/llama-3.3-70b-instruct,sha256:f7b99e5375889db262623fafec3aae753fe23b96095c0f5aff2b3cc6c5b06652,det-v1,1,,1188,69,1195.241,0.0001408800,false,true
call-000420,arm8_spec_immediate,cal/f3/s3060000/unreliable,13,meta-llama/llama-3.3-70b-instruct,sha256:f7b99e5375889db262623fafec3aae753fe23b96095c0f5aff2b3cc6c5b06652,det-v1,1,accepted,1188,69,1195.241,0.0001408800,false,false
call-000421,arm8_spec_immediate,cal/f3/s3060000/unreliable,19,meta-llama/llama-3.3-70b-instruct,sha256:3f0e3b96922e2c50e6d7460301711deb9104e463cff39b886405cba443f9e0cd,det-v1,1,,1410,69,4227.039,0.0001630800,false,true
call-000422,arm8_spec_immediate,cal/f3/s3060000/unreliable,19,meta-llama/llama-3.3-70b-instruct,sha256:3f0e3b96922e2c50e6d7460301711deb9104e463cff39b886405cba443f9e0cd,det-v1,1,accepted,1410,69,4227.039,0.0001630800,false,false
call-000423,arm9_spec_heuristic_rollback,cal/f3/s3060000/unreliable,13,meta-llama/llama-3.3-70b-instruct,sha256:f7b99e5375889db262623fafec3aae753fe23b96095c0f5aff2b3cc6c5b06652,det-v1,1,accepted,1188,69,0.003,0.0001408800,true,false
call-000424,arm9_spec_heuristic_rollback,cal/f3/s3060000/unreliable,19,meta-llama/llama-3.3-70b-instruct,sha256:3f0e3b96922e2c50e6d7460301711deb9104e463cff39b886405cba443f9e0cd,det-v1,1,accepted,1410,69,0.002,0.0001630800,true,false
call-000425,arm10_spec_eprocess,cal/f3/s3060000/unreliable,13,meta-llama/llama-3.3-70b-instruct,sha256:f7b99e5375889db262623fafec3aae753fe23b96095c0f5aff2b3cc6c5b06652,det-v1,1,accepted,1188,69,0.002,0.0001408800,true,false
call-000426,arm10_spec_eprocess,cal/f3/s3060000/unreliable,19,meta-llama/llama-3.3-70b-instruct,sha256:3f0e3b96922e2c50e6d7460301711deb9104e463cff39b886405cba443f9e0cd,det-v1,1,accepted,1410,69,0.002,0.0001630800,true,false
call-000427,arm8_spec_immediate,dev/f3/s3050001/unreliable,17,meta-llama/llama-3.3-70b-instruct,sha256:6cb5d371d04092d2eb9477b90759e8b0872d88609cfebf6825b43e4c55e72d82,det-v1,1,,1319,69,1212.895,0.0001539800,false,true
call-000428,arm8_spec_immediate,dev/f3/s3050001/unreliable,17,meta-llama/llama-3.3-70b-instruct,sha256:6cb5d371d04092d2eb9477b90759e8b0872d88609cfebf6825b43e4c55e72d82,det-v1,1,accepted,1319,69,1212.895,0.0001539800,false,false
call-000429,arm9_spec_heuristic_rollback,dev/f3/s3050001/unreliable,17,meta-llama/llama-3.3-70b-instruct,sha256:6cb5d371d04092d2eb9477b90759e8b0872d88609cfebf6825b43e4c55e72d82,det-v1,1,accepted,1319,69,0.003,0.0001539800,true,false
call-000430,arm10_spec_eprocess,dev/f3/s3050001/unreliable,17,meta-llama/llama-3.3-70b-instruct,sha256:6cb5d371d04092d2eb9477b90759e8b0872d88609cfebf6825b43e4c55e72d82,det-v1,1,accepted,1319,69,0.003,0.0001539800,true,false
call-000431,arm8_spec_immediate,cal/f3/s3060001/unreliable,19,meta-llama/llama-3.3-70b-instruct,sha256:346afcff1bd5968c3f91a06fbf4b5564736e90bcd7dd5d6f61a09e03e5c1f3b2,det-v1,1,,1411,99,2611.285,0.0001727800,false,true
call-000432,arm8_spec_immediate,cal/f3/s3060001/unreliable,19,meta-llama/llama-3.3-70b-instruct,sha256:346afcff1bd5968c3f91a06fbf4b5564736e90bcd7dd5d6f61a09e03e5c1f3b2,det-v1,1,accepted,1411,99,2611.285,0.0001727800,false,false
call-000433,arm8_spec_immediate,cal/f3/s3060001/unreliable,25,meta-llama/llama-3.3-70b-instruct,sha256:a456d6421f6a35b2cbe8b30e57cc6a8dc798878f7985819992faf2deff644309,det-v1,1,,1633,99,1705.767,0.0001949800,false,true
call-000434,arm8_spec_immediate,cal/f3/s3060001/unreliable,25,meta-llama/llama-3.3-70b-instruct,sha256:a456d6421f6a35b2cbe8b30e57cc6a8dc798878f7985819992faf2deff644309,det-v1,1,accepted,1633,99,1705.767,0.0001949800,false,false
call-000435,arm9_spec_heuristic_rollback,cal/f3/s3060001/unreliable,19,meta-llama/llama-3.3-70b-instruct,sha256:346afcff1bd5968c3f91a06fbf4b5564736e90bcd7dd5d6f61a09e03e5c1f3b2,det-v1,1,accepted,1411,99,0.005,0.0001727800,true,false
call-000436,arm9_spec_heuristic_rollback,cal/f3/s3060001/unreliable,25,meta-llama/llama-3.3-70b-instruct,sha256:a456d6421f6a35b2cbe8b30e57cc6a8dc798878f7985819992faf2deff644309,det-v1,1,accepted,1633,99,0.003,0.0001949800,true,false
call-000437,arm10_spec_eprocess,cal/f3/s3060001/unreliable,19,meta-llama/llama-3.3-70b-instruct,sha256:346afcff1bd5968c3f91a06fbf4b5564736e90bcd7dd5d6f61a09e03e5c1f3b2,det-v1,1,accepted,1411,99,0.002,0.0001727800,true,false
call-000438,arm10_spec_eprocess,cal/f3/s3060001/unreliable,25,meta-llama/llama-3.3-70b-instruct,sha256:46a36bc07ec424d8a2abb597b94e6df061dbf35b46d3217c8183e39b8e4ef2fd,det-v1,1,,1633,94,2144.327,0.0001933800,false,true
call-000439,arm10_spec_eprocess,cal/f3/s3060001/unreliable,25,meta-llama/llama-3.3-70b-instruct,sha256:46a36bc07ec424d8a2abb597b94e6df061dbf35b46d3217c8183e39b8e4ef2fd,det-v1,1,accepted,1633,94,2144.327,0.0001933800,false,false
call-000440,arm8_spec_immediate,dev/f4/s4050000/early_accurate,19,meta-llama/llama-3.3-70b-instruct,sha256:0139a71e940323a8b5692f50f0454cd9192e03d75d34b3f467fd5ad8e9e8de7e,det-v1,1,,1402,81,1998.836,0.0001661200,false,true
call-000441,arm8_spec_immediate,dev/f4/s4050000/early_accurate,19,meta-llama/llama-3.3-70b-instruct,sha256:0139a71e940323a8b5692f50f0454cd9192e03d75d34b3f467fd5ad8e9e8de7e,det-v1,1,accepted,1402,81,1998.836,0.0001661200,false,false
call-000442,arm9_spec_heuristic_rollback,dev/f4/s4050000/early_accurate,19,meta-llama/llama-3.3-70b-instruct,sha256:0139a71e940323a8b5692f50f0454cd9192e03d75d34b3f467fd5ad8e9e8de7e,det-v1,1,accepted,1402,81,0.003,0.0001661200,true,false
call-000443,arm10_spec_eprocess,dev/f4/s4050000/early_accurate,19,meta-llama/llama-3.3-70b-instruct,sha256:0139a71e940323a8b5692f50f0454cd9192e03d75d34b3f467fd5ad8e9e8de7e,det-v1,1,accepted,1402,81,0.002,0.0001661200,true,false
call-000444,arm8_spec_immediate,cal/f4/s4060000/early_accurate,15,meta-llama/llama-3.3-70b-instruct,sha256:f904467657c7a975df4aede5098df0589072b6fa9cc53d665d5c1eae6a9f4244,det-v1,1,,1252,69,1018.293,0.0001472800,false,true
call-000445,arm8_spec_immediate,cal/f4/s4060000/early_accurate,15,meta-llama/llama-3.3-70b-instruct,sha256:f904467657c7a975df4aede5098df0589072b6fa9cc53d665d5c1eae6a9f4244,det-v1,1,accepted,1252,69,1018.293,0.0001472800,false,false
call-000446,arm9_spec_heuristic_rollback,cal/f4/s4060000/early_accurate,15,meta-llama/llama-3.3-70b-instruct,sha256:f904467657c7a975df4aede5098df0589072b6fa9cc53d665d5c1eae6a9f4244,det-v1,1,accepted,1252,69,0.003,0.0001472800,true,false
call-000447,arm10_spec_eprocess,cal/f4/s4060000/early_accurate,15,meta-llama/llama-3.3-70b-instruct,sha256:f904467657c7a975df4aede5098df0589072b6fa9cc53d665d5c1eae6a9f4244,det-v1,1,accepted,1252,69,0.002,0.0001472800,true,false
call-000448,arm8_spec_immediate,dev/f4/s4050001/early_accurate,17,meta-llama/llama-3.3-70b-instruct,sha256:47e37582871f88401800aee3a10d156067253262a5b2f7546b230aa1f7e2d7c0,det-v1,1,,1330,83,6415.390,0.0001595600,false,true
call-000449,arm8_spec_immediate,dev/f4/s4050001/early_accurate,17,meta-llama/llama-3.3-70b-instruct,sha256:47e37582871f88401800aee3a10d156067253262a5b2f7546b230aa1f7e2d7c0,det-v1,1,fallback,1330,83,6415.390,0.0001595600,false,false
call-000450,arm8_spec_immediate,dev/f4/s4050001/early_accurate,17,meta-llama/llama-3.3-70b-instruct,sha256:e79a2bc29dc2cff71516adc4dd4b687d3fa058486c0fb51d56f5f347599839c3,det-v1,2,,1400,83,1773.443,0.0001665600,false,true
call-000451,arm8_spec_immediate,dev/f4/s4050001/early_accurate,17,meta-llama/llama-3.3-70b-instruct,sha256:e79a2bc29dc2cff71516adc4dd4b687d3fa058486c0fb51d56f5f347599839c3,det-v1,2,fallback,1400,83,1773.443,0.0001665600,false,false
call-000452,arm9_spec_heuristic_rollback,dev/f4/s4050001/early_accurate,17,meta-llama/llama-3.3-70b-instruct,sha256:47e37582871f88401800aee3a10d156067253262a5b2f7546b230aa1f7e2d7c0,det-v1,1,fallback,1330,83,0.003,0.0001595600,true,false
call-000453,arm9_spec_heuristic_rollback,dev/f4/s4050001/early_accurate,17,meta-llama/llama-3.3-70b-instruct,sha256:e79a2bc29dc2cff71516adc4dd4b687d3fa058486c0fb51d56f5f347599839c3,det-v1,2,fallback,1400,83,0.002,0.0001665600,true,false
call-000454,arm10_spec_eprocess,dev/f4/s4050001/early_accurate,17,meta-llama/llama-3.3-70b-instruct,sha256:47e37582871f88401800aee3a10d156067253262a5b2f7546b230aa1f7e2d7c0,det-v1,1,fallback,1330,83,0.002,0.0001595600,true,false
call-000455,arm10_spec_eprocess,dev/f4/s4050001/early_accurate,17,meta-llama/llama-3.3-70b-instruct,sha256:e79a2bc29dc2cff71516adc4dd4b687d3fa058486c0fb51d56f5f347599839c3,det-v1,2,fallback,1400,83,0.002,0.0001665600,true,false
call-000456,arm8_spec_immediate,cal/f4/s4060001/early_accurate,15,meta-llama/llama-3.3-70b-instruct,sha256:30869c04a8423bf552f48db5e398975dc36c41c8b7394c11ef6c1ae24bfa37aa,det-v1,1,,1258,69,857.790,0.0001478800,false,true
call-000457,arm8_spec_immediate,cal/f4/s4060001/early_accurate,15,meta-llama/llama-3.3-70b-instruct,sha256:30869c04a8423bf552f48db5e398975dc36c41c8b7394c11ef6c1ae24bfa37aa,det-v1,1,accepted,1258,69,857.790,0.0001478800,false,false
call-000458,arm9_spec_heuristic_rollback,cal/f4/s4060001/early_accurate,15,meta-llama/llama-3.3-70b-instruct,sha256:30869c04a8423bf552f48db5e398975dc36c41c8b7394c11ef6c1ae24bfa37aa,det-v1,1,accepted,1258,69,0.002,0.0001478800,true,false
call-000459,arm10_spec_eprocess,cal/f4/s4060001/early_accurate,15,meta-llama/llama-3.3-70b-instruct,sha256:30869c04a8423bf552f48db5e398975dc36c41c8b7394c11ef6c1ae24bfa37aa,det-v1,1,accepted,1258,69,0.002,0.0001478800,true,false
call-000460,arm8_spec_immediate,dev/f4/s4050000/late_accurate,22,meta-llama/llama-3.3-70b-instruct,sha256:e3cfb27296e8bf396d6f09ad36e695be0a1bc7a86d61d6b59af2a8d2838f8a44,det-v1,1,,1513,81,1734.230,0.0001772200,false,true
call-000461,arm8_spec_immediate,dev/f4/s4050000/late_accurate,22,meta-llama/llama-3.3-70b-instruct,sha256:e3cfb27296e8bf396d6f09ad36e695be0a1bc7a86d61d6b59af2a8d2838f8a44,det-v1,1,accepted,1513,81,1734.230,0.0001772200,false,false
call-000462,arm9_spec_heuristic_rollback,dev/f4/s4050000/late_accurate,22,meta-llama/llama-3.3-70b-instruct,sha256:e3cfb27296e8bf396d6f09ad36e695be0a1bc7a86d61d6b59af2a8d2838f8a44,det-v1,1,accepted,1513,81,0.002,0.0001772200,true,false
call-000463,arm10_spec_eprocess,dev/f4/s4050000/late_accurate,22,meta-llama/llama-3.3-70b-instruct,sha256:e3cfb27296e8bf396d6f09ad36e695be0a1bc7a86d61d6b59af2a8d2838f8a44,det-v1,1,accepted,1513,81,0.003,0.0001772200,true,false
call-000464,arm8_spec_immediate,cal/f4/s4060000/late_accurate,18,meta-llama/llama-3.3-70b-instruct,sha256:9a8b8c9fcb379bc009681cac51d8690fff662eb1455f23ee9a2f3046a341b40e,det-v1,1,,1363,69,1171.029,0.0001583800,false,true
call-000465,arm8_spec_immediate,cal/f4/s4060000/late_accurate,18,meta-llama/llama-3.3-70b-instruct,sha256:9a8b8c9fcb379bc009681cac51d8690fff662eb1455f23ee9a2f3046a341b40e,det-v1,1,accepted,1363,69,1171.029,0.0001583800,false,false
call-000466,arm9_spec_heuristic_rollback,cal/f4/s4060000/late_accurate,18,meta-llama/llama-3.3-70b-instruct,sha256:9a8b8c9fcb379bc009681cac51d8690fff662eb1455f23ee9a2f3046a341b40e,det-v1,1,accepted,1363,69,0.004,0.0001583800,true,false
call-000467,arm10_spec_eprocess,cal/f4/s4060000/late_accurate,18,meta-llama/llama-3.3-70b-instruct,sha256:9a8b8c9fcb379bc009681cac51d8690fff662eb1455f23ee9a2f3046a341b40e,det-v1,1,accepted,1363,69,0.002,0.0001583800,true,false
call-000468,arm8_spec_immediate,dev/f4/s4050001/late_accurate,20,meta-llama/llama-3.3-70b-instruct,sha256:b1ed80522363f2d8c4ca1ca25c78ce6721cd34f54fc792d1c74508ec38c46b41,det-v1,1,,1441,84,1990.732,0.0001709800,false,true
call-000469,arm8_spec_immediate,dev/f4/s4050001/late_accurate,20,meta-llama/llama-3.3-70b-instruct,sha256:b1ed80522363f2d8c4ca1ca25c78ce6721cd34f54fc792d1c74508ec38c46b41,det-v1,1,fallback,1441,84,1990.732,0.0001709800,false,false
call-000470,arm8_spec_immediate,dev/f4/s4050001/late_accurate,20,meta-llama/llama-3.3-70b-instruct,sha256:950c35d3a4b6ef2d0bdc5141eca6880d0c7081e726384d2e0fd7c0d74c9f82c3,det-v1,2,,1511,83,7559.127,0.0001776600,false,true
call-000471,arm8_spec_immediate,dev/f4/s4050001/late_accurate,20,meta-llama/llama-3.3-70b-instruct,sha256:950c35d3a4b6ef2d0bdc5141eca6880d0c7081e726384d2e0fd7c0d74c9f82c3,det-v1,2,fallback,1511,83,7559.127,0.0001776600,false,false
call-000472,arm9_spec_heuristic_rollback,dev/f4/s4050001/late_accurate,20,meta-llama/llama-3.3-70b-instruct,sha256:b1ed80522363f2d8c4ca1ca25c78ce6721cd34f54fc792d1c74508ec38c46b41,det-v1,1,fallback,1441,84,0.003,0.0001709800,true,false
call-000473,arm9_spec_heuristic_rollback,dev/f4/s4050001/late_accurate,20,meta-llama/llama-3.3-70b-instruct,sha256:950c35d3a4b6ef2d0bdc5141eca6880d0c7081e726384d2e0fd7c0d74c9f82c3,det-v1,2,fallback,1511,83,0.002,0.0001776600,true,false
call-000474,arm10_spec_eprocess,dev/f4/s4050001/late_accurate,20,meta-llama/llama-3.3-70b-instruct,sha256:b1ed80522363f2d8c4ca1ca25c78ce6721cd34f54fc792d1c74508ec38c46b41,det-v1,1,fallback,1441,84,0.002,0.0001709800,true,false
call-000475,arm10_spec_eprocess,dev/f4/s4050001/late_accurate,20,meta-llama/llama-3.3-70b-instruct,sha256:950c35d3a4b6ef2d0bdc5141eca6880d0c7081e726384d2e0fd7c0d74c9f82c3,det-v1,2,fallback,1511,83,0.002,0.0001776600,true,false
call-000476,arm8_spec_immediate,cal/f4/s4060001/late_accurate,18,meta-llama/llama-3.3-70b-instruct,sha256:ab657d1e07fe10c58ab9aa174cb4a581188e932e67d582b9b6fd92b21bf04769,det-v1,1,,1369,69,1479.354,0.0001589800,false,true
call-000477,arm8_spec_immediate,cal/f4/s4060001/late_accurate,18,meta-llama/llama-3.3-70b-instruct,sha256:ab657d1e07fe10c58ab9aa174cb4a581188e932e67d582b9b6fd92b21bf04769,det-v1,1,accepted,1369,69,1479.354,0.0001589800,false,false
call-000478,arm9_spec_heuristic_rollback,cal/f4/s4060001/late_accurate,18,meta-llama/llama-3.3-70b-instruct,sha256:ab657d1e07fe10c58ab9aa174cb4a581188e932e67d582b9b6fd92b21bf04769,det-v1,1,accepted,1369,69,0.003,0.0001589800,true,false
call-000479,arm10_spec_eprocess,cal/f4/s4060001/late_accurate,18,meta-llama/llama-3.3-70b-instruct,sha256:ab657d1e07fe10c58ab9aa174cb4a581188e932e67d582b9b6fd92b21bf04769,det-v1,1,accepted,1369,69,0.002,0.0001589800,true,false
call-000480,arm8_spec_immediate,dev/f4/s4050000/unreliable,19,meta-llama/llama-3.3-70b-instruct,sha256:d901b3229ad2e5e4f07bb771f10163cc75436140dc3cb8e2b364d465f35c32d7,det-v1,1,,1407,81,2402.687,0.0001666200,false,true
call-000481,arm8_spec_immediate,dev/f4/s4050000/unreliable,19,meta-llama/llama-3.3-70b-instruct,sha256:d901b3229ad2e5e4f07bb771f10163cc75436140dc3cb8e2b364d465f35c32d7,det-v1,1,accepted,1407,81,2402.687,0.0001666200,false,false
call-000482,arm9_spec_heuristic_rollback,dev/f4/s4050000/unreliable,19,meta-llama/llama-3.3-70b-instruct,sha256:d901b3229ad2e5e4f07bb771f10163cc75436140dc3cb8e2b364d465f35c32d7,det-v1,1,accepted,1407,81,0.003,0.0001666200,true,false
call-000483,arm10_spec_eprocess,dev/f4/s4050000/unreliable,19,meta-llama/llama-3.3-70b-instruct,sha256:d901b3229ad2e5e4f07bb771f10163cc75436140dc3cb8e2b364d465f35c32d7,det-v1,1,accepted,1407,81,0.003,0.0001666200,true,false
call-000484,arm8_spec_immediate,cal/f4/s4060000/unreliable,15,meta-llama/llama-3.3-70b-instruct,sha256:1fc7970387566f27883ed14106e313d09259c975678009fdf255634c2ad541d0,det-v1,1,,1259,69,1336.600,0.0001479800,false,true
call-000485,arm8_spec_immediate,cal/f4/s4060000/unreliable,15,meta-llama/llama-3.3-70b-instruct,sha256:1fc7970387566f27883ed14106e313d09259c975678009fdf255634c2ad541d0,det-v1,1,accepted,1259,69,1336.600,0.0001479800,false,false
call-000486,arm9_spec_heuristic_rollback,cal/f4/s4060000/unreliable,15,meta-llama/llama-3.3-70b-instruct,sha256:1fc7970387566f27883ed14106e313d09259c975678009fdf255634c2ad541d0,det-v1,1,accepted,1259,69,0.002,0.0001479800,true,false
call-000487,arm10_spec_eprocess,cal/f4/s4060000/unreliable,15,meta-llama/llama-3.3-70b-instruct,sha256:1fc7970387566f27883ed14106e313d09259c975678009fdf255634c2ad541d0,det-v1,1,accepted,1259,69,0.002,0.0001479800,true,false
call-000488,arm8_spec_immediate,dev/f4/s4050001/unreliable,17,meta-llama/llama-3.3-70b-instruct,sha256:8b393a4452a7d7ec3bc9b8f114768543e31883fbc9ba67ecf747e1619c8aa2f1,det-v1,1,,1318,69,1432.340,0.0001538800,false,true
call-000489,arm8_spec_immediate,dev/f4/s4050001/unreliable,17,meta-llama/llama-3.3-70b-instruct,sha256:8b393a4452a7d7ec3bc9b8f114768543e31883fbc9ba67ecf747e1619c8aa2f1,det-v1,1,accepted,1318,69,1432.340,0.0001538800,false,false
call-000490,arm9_spec_heuristic_rollback,dev/f4/s4050001/unreliable,17,meta-llama/llama-3.3-70b-instruct,sha256:8b393a4452a7d7ec3bc9b8f114768543e31883fbc9ba67ecf747e1619c8aa2f1,det-v1,1,accepted,1318,69,0.003,0.0001538800,true,false
call-000491,arm10_spec_eprocess,dev/f4/s4050001/unreliable,17,meta-llama/llama-3.3-70b-instruct,sha256:8b393a4452a7d7ec3bc9b8f114768543e31883fbc9ba67ecf747e1619c8aa2f1,det-v1,1,accepted,1318,69,0.003,0.0001538800,true,false
call-000492,arm8_spec_immediate,cal/f4/s4060001/unreliable,15,meta-llama/llama-3.3-70b-instruct,sha256:ed1edf1aede00c4a098e80d45adf858ff4d3ddbe66aded7ec511ea0b5c75189e,det-v1,1,,1258,69,1565.458,0.0001478800,false,true
call-000493,arm8_spec_immediate,cal/f4/s4060001/unreliable,15,meta-llama/llama-3.3-70b-instruct,sha256:ed1edf1aede00c4a098e80d45adf858ff4d3ddbe66aded7ec511ea0b5c75189e,det-v1,1,accepted,1258,69,1565.458,0.0001478800,false,false
call-000494,arm9_spec_heuristic_rollback,cal/f4/s4060001/unreliable,15,meta-llama/llama-3.3-70b-instruct,sha256:ed1edf1aede00c4a098e80d45adf858ff4d3ddbe66aded7ec511ea0b5c75189e,det-v1,1,accepted,1258,69,0.003,0.0001478800,true,false
call-000495,arm10_spec_eprocess,cal/f4/s4060001/unreliable,15,meta-llama/llama-3.3-70b-instruct,sha256:ed1edf1aede00c4a098e80d45adf858ff4d3ddbe66aded7ec511ea0b5c75189e,det-v1,1,accepted,1258,69,0.002,0.0001478800,true,false
call-000496,arm8_spec_immediate,dev/f5/s5050000/early_accurate,20,meta-llama/llama-3.3-70b-instruct,sha256:098edf169bec4b6982d00d19b7488f1832adc7fee8fdb67f930f6508d8267a8c,det-v1,1,,1448,81,2319.573,0.0001707200,false,true
call-000497,arm8_spec_immediate,dev/f5/s5050000/early_accurate,20,meta-llama/llama-3.3-70b-instruct,sha256:098edf169bec4b6982d00d19b7488f1832adc7fee8fdb67f930f6508d8267a8c,det-v1,1,accepted,1448,81,2319.573,0.0001707200,false,false
call-000498,arm9_spec_heuristic_rollback,dev/f5/s5050000/early_accurate,20,meta-llama/llama-3.3-70b-instruct,sha256:098edf169bec4b6982d00d19b7488f1832adc7fee8fdb67f930f6508d8267a8c,det-v1,1,accepted,1448,81,0.005,0.0001707200,true,false
call-000499,arm10_spec_eprocess,dev/f5/s5050000/early_accurate,20,meta-llama/llama-3.3-70b-instruct,sha256:098edf169bec4b6982d00d19b7488f1832adc7fee8fdb67f930f6508d8267a8c,det-v1,1,accepted,1448,81,0.002,0.0001707200,true,false
call-000500,arm8_spec_immediate,cal/f5/s5060000/early_accurate,18,meta-llama/llama-3.3-70b-instruct,sha256:0894d44a0b255c9d52aeff970ebc3d9a095e95a72d0688120288a7e82e805a4f,det-v1,1,,1369,91,1700.379,0.0001660200,false,true
call-000501,arm8_spec_immediate,cal/f5/s5060000/early_accurate,18,meta-llama/llama-3.3-70b-instruct,sha256:0894d44a0b255c9d52aeff970ebc3d9a095e95a72d0688120288a7e82e805a4f,det-v1,1,accepted,1369,91,1700.379,0.0001660200,false,false
call-000502,arm9_spec_heuristic_rollback,cal/f5/s5060000/early_accurate,18,meta-llama/llama-3.3-70b-instruct,sha256:0894d44a0b255c9d52aeff970ebc3d9a095e95a72d0688120288a7e82e805a4f,det-v1,1,accepted,1369,91,0.002,0.0001660200,true,false
call-000503,arm10_spec_eprocess,cal/f5/s5060000/early_accurate,18,meta-llama/llama-3.3-70b-instruct,sha256:0894d44a0b255c9d52aeff970ebc3d9a095e95a72d0688120288a7e82e805a4f,det-v1,1,accepted,1369,91,0.002,0.0001660200,true,false
call-000504,arm8_spec_immediate,dev/f5/s5050001/early_accurate,15,meta-llama/llama-3.3-70b-instruct,sha256:26b11ea4d78f5e618554e4066d7337e56c195f0d6d4cbed611aaa8e339de2f38,det-v1,1,,1253,82,1473.185,0.0001515400,false,true
call-000505,arm8_spec_immediate,dev/f5/s5050001/early_accurate,15,meta-llama/llama-3.3-70b-instruct,sha256:26b11ea4d78f5e618554e4066d7337e56c195f0d6d4cbed611aaa8e339de2f38,det-v1,1,accepted,1253,82,1473.185,0.0001515400,false,false
call-000506,arm9_spec_heuristic_rollback,dev/f5/s5050001/early_accurate,15,meta-llama/llama-3.3-70b-instruct,sha256:26b11ea4d78f5e618554e4066d7337e56c195f0d6d4cbed611aaa8e339de2f38,det-v1,1,accepted,1253,82,0.003,0.0001515400,true,false
call-000507,arm10_spec_eprocess,dev/f5/s5050001/early_accurate,15,meta-llama/llama-3.3-70b-instruct,sha256:26b11ea4d78f5e618554e4066d7337e56c195f0d6d4cbed611aaa8e339de2f38,det-v1,1,accepted,1253,82,0.003,0.0001515400,true,false
call-000508,arm8_spec_immediate,cal/f5/s5060001/early_accurate,21,meta-llama/llama-3.3-70b-instruct,sha256:d3690400ff290e0ab391a619366bd384d16008994681492000035dabc529000b,det-v1,1,,1481,92,2181.561,0.0001775400,false,true
call-000509,arm8_spec_immediate,cal/f5/s5060001/early_accurate,21,meta-llama/llama-3.3-70b-instruct,sha256:d3690400ff290e0ab391a619366bd384d16008994681492000035dabc529000b,det-v1,1,accepted,1481,92,2181.561,0.0001775400,false,false
call-000510,arm9_spec_heuristic_rollback,cal/f5/s5060001/early_accurate,21,meta-llama/llama-3.3-70b-instruct,sha256:d3690400ff290e0ab391a619366bd384d16008994681492000035dabc529000b,det-v1,1,accepted,1481,92,0.003,0.0001775400,true,false
call-000511,arm10_spec_eprocess,cal/f5/s5060001/early_accurate,21,meta-llama/llama-3.3-70b-instruct,sha256:d3690400ff290e0ab391a619366bd384d16008994681492000035dabc529000b,det-v1,1,accepted,1481,92,0.002,0.0001775400,true,false
call-000512,arm8_spec_immediate,dev/f5/s5050000/late_accurate,23,meta-llama/llama-3.3-70b-instruct,sha256:04f569e772e530c0111efd039509e6521bf2cb7d3a0fa612cafc3c51d9d1fe26,det-v1,1,,1559,90,1654.575,0.0001847000,false,true
call-000513,arm8_spec_immediate,dev/f5/s5050000/late_accurate,23,meta-llama/llama-3.3-70b-instruct,sha256:04f569e772e530c0111efd039509e6521bf2cb7d3a0fa612cafc3c51d9d1fe26,det-v1,1,accepted,1559,90,1654.575,0.0001847000,false,false
call-000514,arm9_spec_heuristic_rollback,dev/f5/s5050000/late_accurate,23,meta-llama/llama-3.3-70b-instruct,sha256:04f569e772e530c0111efd039509e6521bf2cb7d3a0fa612cafc3c51d9d1fe26,det-v1,1,accepted,1559,90,0.003,0.0001847000,true,false
call-000515,arm10_spec_eprocess,dev/f5/s5050000/late_accurate,23,meta-llama/llama-3.3-70b-instruct,sha256:04f569e772e530c0111efd039509e6521bf2cb7d3a0fa612cafc3c51d9d1fe26,det-v1,1,accepted,1559,90,0.003,0.0001847000,true,false
call-000516,arm8_spec_immediate,cal/f5/s5060000/late_accurate,21,meta-llama/llama-3.3-70b-instruct,sha256:69f9d48e0c84cc7619e0bf59c1a9ffd117d09b65c8036e6c1d0671f58d4108ca,det-v1,1,,1480,80,1872.658,0.0001736000,false,true
call-000517,arm8_spec_immediate,cal/f5/s5060000/late_accurate,21,meta-llama/llama-3.3-70b-instruct,sha256:69f9d48e0c84cc7619e0bf59c1a9ffd117d09b65c8036e6c1d0671f58d4108ca,det-v1,1,accepted,1480,80,1872.658,0.0001736000,false,false
call-000518,arm9_spec_heuristic_rollback,cal/f5/s5060000/late_accurate,21,meta-llama/llama-3.3-70b-instruct,sha256:69f9d48e0c84cc7619e0bf59c1a9ffd117d09b65c8036e6c1d0671f58d4108ca,det-v1,1,accepted,1480,80,0.003,0.0001736000,true,false
call-000519,arm10_spec_eprocess,cal/f5/s5060000/late_accurate,21,meta-llama/llama-3.3-70b-instruct,sha256:69f9d48e0c84cc7619e0bf59c1a9ffd117d09b65c8036e6c1d0671f58d4108ca,det-v1,1,accepted,1480,80,0.003,0.0001736000,true,false
call-000520,arm8_spec_immediate,dev/f5/s5050001/late_accurate,18,meta-llama/llama-3.3-70b-instruct,sha256:c807e4ac72081fe9965b63ec4984bd60f9c6bddbaf22633f65be5b62a29b27ca,det-v1,1,,1364,87,2724.462,0.0001642400,false,true
call-000521,arm8_spec_immediate,dev/f5/s5050001/late_accurate,18,meta-llama/llama-3.3-70b-instruct,sha256:c807e4ac72081fe9965b63ec4984bd60f9c6bddbaf22633f65be5b62a29b27ca,det-v1,1,accepted,1364,87,2724.462,0.0001642400,false,false
call-000522,arm9_spec_heuristic_rollback,dev/f5/s5050001/late_accurate,18,meta-llama/llama-3.3-70b-instruct,sha256:c807e4ac72081fe9965b63ec4984bd60f9c6bddbaf22633f65be5b62a29b27ca,det-v1,1,accepted,1364,87,0.003,0.0001642400,true,false
call-000523,arm10_spec_eprocess,dev/f5/s5050001/late_accurate,18,meta-llama/llama-3.3-70b-instruct,sha256:c807e4ac72081fe9965b63ec4984bd60f9c6bddbaf22633f65be5b62a29b27ca,det-v1,1,accepted,1364,87,0.003,0.0001642400,true,false
call-000524,arm8_spec_immediate,cal/f5/s5060001/late_accurate,24,meta-llama/llama-3.3-70b-instruct,sha256:356f57cadde1c281b76eef3e54274a027bdbd5a0411883c09429e19c77ff09e3,det-v1,1,,1592,97,1888.498,0.0001902400,false,true
call-000525,arm8_spec_immediate,cal/f5/s5060001/late_accurate,24,meta-llama/llama-3.3-70b-instruct,sha256:356f57cadde1c281b76eef3e54274a027bdbd5a0411883c09429e19c77ff09e3,det-v1,1,accepted,1592,97,1888.498,0.0001902400,false,false
call-000526,arm9_spec_heuristic_rollback,cal/f5/s5060001/late_accurate,24,meta-llama/llama-3.3-70b-instruct,sha256:356f57cadde1c281b76eef3e54274a027bdbd5a0411883c09429e19c77ff09e3,det-v1,1,accepted,1592,97,0.004,0.0001902400,true,false
call-000527,arm10_spec_eprocess,cal/f5/s5060001/late_accurate,24,meta-llama/llama-3.3-70b-instruct,sha256:356f57cadde1c281b76eef3e54274a027bdbd5a0411883c09429e19c77ff09e3,det-v1,1,accepted,1592,97,0.002,0.0001902400,true,false
call-000528,arm8_spec_immediate,dev/f5/s5050000/unreliable,20,meta-llama/llama-3.3-70b-instruct,sha256:13cc508fab53a1c38bad6725d11d9254024c8164fd024d2e2ab1328c1dca142f,det-v1,1,,1440,90,1643.368,0.0001728000,false,true
call-000529,arm8_spec_immediate,dev/f5/s5050000/unreliable,20,meta-llama/llama-3.3-70b-instruct,sha256:13cc508fab53a1c38bad6725d11d9254024c8164fd024d2e2ab1328c1dca142f,det-v1,1,accepted,1440,90,1643.368,0.0001728000,false,false
call-000530,arm9_spec_heuristic_rollback,dev/f5/s5050000/unreliable,20,meta-llama/llama-3.3-70b-instruct,sha256:13cc508fab53a1c38bad6725d11d9254024c8164fd024d2e2ab1328c1dca142f,det-v1,1,accepted,1440,90,0.003,0.0001728000,true,false
call-000531,arm10_spec_eprocess,dev/f5/s5050000/unreliable,20,meta-llama/llama-3.3-70b-instruct,sha256:13cc508fab53a1c38bad6725d11d9254024c8164fd024d2e2ab1328c1dca142f,det-v1,1,accepted,1440,90,0.002,0.0001728000,true,false
call-000532,arm8_spec_immediate,cal/f5/s5060000/unreliable,18,meta-llama/llama-3.3-70b-instruct,sha256:c75c1471a73ea9c1c2fc236f4acdcf6dc1334a4b66d95da175a1baa203715ed8,det-v1,1,,1374,69,1202.536,0.0001594800,false,true
call-000533,arm8_spec_immediate,cal/f5/s5060000/unreliable,18,meta-llama/llama-3.3-70b-instruct,sha256:c75c1471a73ea9c1c2fc236f4acdcf6dc1334a4b66d95da175a1baa203715ed8,det-v1,1,accepted,1374,69,1202.536,0.0001594800,false,false
call-000534,arm9_spec_heuristic_rollback,cal/f5/s5060000/unreliable,18,meta-llama/llama-3.3-70b-instruct,sha256:c75c1471a73ea9c1c2fc236f4acdcf6dc1334a4b66d95da175a1baa203715ed8,det-v1,1,accepted,1374,69,0.003,0.0001594800,true,false
call-000535,arm10_spec_eprocess,cal/f5/s5060000/unreliable,18,meta-llama/llama-3.3-70b-instruct,sha256:c75c1471a73ea9c1c2fc236f4acdcf6dc1334a4b66d95da175a1baa203715ed8,det-v1,1,accepted,1374,69,0.004,0.0001594800,true,false
call-000536,arm8_spec_immediate,dev/f5/s5050001/unreliable,15,meta-llama/llama-3.3-70b-instruct,sha256:8b9e8dac5c1d2cca62966ab7310ba493e0d1db40a83b0c91dee56e72dafaada1,det-v1,1,,1243,69,1305.618,0.0001463800,false,true
call-000537,arm8_spec_immediate,dev/f5/s5050001/unreliable,15,meta-llama/llama-3.3-70b-instruct,sha256:8b9e8dac5c1d2cca62966ab7310ba493e0d1db40a83b0c91dee56e72dafaada1,det-v1,1,accepted,1243,69,1305.618,0.0001463800,false,false
call-000538,arm9_spec_heuristic_rollback,dev/f5/s5050001/unreliable,15,meta-llama/llama-3.3-70b-instruct,sha256:8b9e8dac5c1d2cca62966ab7310ba493e0d1db40a83b0c91dee56e72dafaada1,det-v1,1,accepted,1243,69,0.002,0.0001463800,true,false
call-000539,arm10_spec_eprocess,dev/f5/s5050001/unreliable,15,meta-llama/llama-3.3-70b-instruct,sha256:8b9e8dac5c1d2cca62966ab7310ba493e0d1db40a83b0c91dee56e72dafaada1,det-v1,1,accepted,1243,69,0.002,0.0001463800,true,false
call-000540,arm8_spec_immediate,cal/f5/s5060001/unreliable,21,meta-llama/llama-3.3-70b-instruct,sha256:d69adaf73fe227ed134a736a7b86163e14f88c4e68dec0906079ce5efc4f65fe,det-v1,1,,1489,69,2554.592,0.0001709800,false,true
call-000541,arm8_spec_immediate,cal/f5/s5060001/unreliable,21,meta-llama/llama-3.3-70b-instruct,sha256:d69adaf73fe227ed134a736a7b86163e14f88c4e68dec0906079ce5efc4f65fe,det-v1,1,accepted,1489,69,2554.592,0.0001709800,false,false
call-000542,arm9_spec_heuristic_rollback,cal/f5/s5060001/unreliable,21,meta-llama/llama-3.3-70b-instruct,sha256:d69adaf73fe227ed134a736a7b86163e14f88c4e68dec0906079ce5efc4f65fe,det-v1,1,accepted,1489,69,0.003,0.0001709800,true,false
call-000543,arm10_spec_eprocess,cal/f5/s5060001/unreliable,21,meta-llama/llama-3.3-70b-instruct,sha256:d69adaf73fe227ed134a736a7b86163e14f88c4e68dec0906079ce5efc4f65fe,det-v1,1,accepted,1489,69,0.003,0.0001709800,true,false
call-000544,arm8_spec_immediate,dev/f6/s6050000/no_alert,22,meta-llama/llama-3.3-70b-instruct,sha256:ab676c96ab104ca5989483259efda301621f0b6179a65bcde34428cdeecc8e2e,det-v1,1,,1477,69,1250.737,0.0001697800,false,true
call-000545,arm8_spec_immediate,dev/f6/s6050000/no_alert,22,meta-llama/llama-3.3-70b-instruct,sha256:ab676c96ab104ca5989483259efda301621f0b6179a65bcde34428cdeecc8e2e,det-v1,1,accepted,1477,69,1250.737,0.0001697800,false,false
call-000546,arm9_spec_heuristic_rollback,dev/f6/s6050000/no_alert,22,meta-llama/llama-3.3-70b-instruct,sha256:ab676c96ab104ca5989483259efda301621f0b6179a65bcde34428cdeecc8e2e,det-v1,1,accepted,1477,69,0.003,0.0001697800,true,false
call-000547,arm10_spec_eprocess,dev/f6/s6050000/no_alert,22,meta-llama/llama-3.3-70b-instruct,sha256:ab676c96ab104ca5989483259efda301621f0b6179a65bcde34428cdeecc8e2e,det-v1,1,accepted,1477,69,0.002,0.0001697800,true,false
call-000548,arm8_spec_immediate,cal/f6/s6060000/no_alert,18,meta-llama/llama-3.3-70b-instruct,sha256:c66856114af13b32dba7d7c3bfcc5cb65eed3815866537d2aa3db6a8ad7899aa,det-v1,1,,1329,69,1244.105,0.0001549800,false,true
call-000549,arm8_spec_immediate,cal/f6/s6060000/no_alert,18,meta-llama/llama-3.3-70b-instruct,sha256:c66856114af13b32dba7d7c3bfcc5cb65eed3815866537d2aa3db6a8ad7899aa,det-v1,1,accepted,1329,69,1244.105,0.0001549800,false,false
call-000550,arm9_spec_heuristic_rollback,cal/f6/s6060000/no_alert,18,meta-llama/llama-3.3-70b-instruct,sha256:c66856114af13b32dba7d7c3bfcc5cb65eed3815866537d2aa3db6a8ad7899aa,det-v1,1,accepted,1329,69,0.003,0.0001549800,true,false
call-000551,arm10_spec_eprocess,cal/f6/s6060000/no_alert,18,meta-llama/llama-3.3-70b-instruct,sha256:c66856114af13b32dba7d7c3bfcc5cb65eed3815866537d2aa3db6a8ad7899aa,det-v1,1,accepted,1329,69,0.002,0.0001549800,true,false
call-000552,arm8_spec_immediate,dev/f6/s6050001/no_alert,25,meta-llama/llama-3.3-70b-instruct,sha256:1a5691f86d06d7776335431b77f7a6d44ca1e108ede8a0a54a24370b9fb92537,det-v1,1,,1588,69,1708.644,0.0001808800,false,true
call-000553,arm8_spec_immediate,dev/f6/s6050001/no_alert,25,meta-llama/llama-3.3-70b-instruct,sha256:1a5691f86d06d7776335431b77f7a6d44ca1e108ede8a0a54a24370b9fb92537,det-v1,1,accepted,1588,69,1708.644,0.0001808800,false,false
call-000554,arm9_spec_heuristic_rollback,dev/f6/s6050001/no_alert,25,meta-llama/llama-3.3-70b-instruct,sha256:1a5691f86d06d7776335431b77f7a6d44ca1e108ede8a0a54a24370b9fb92537,det-v1,1,accepted,1588,69,0.003,0.0001808800,true,false
call-000555,arm10_spec_eprocess,dev/f6/s6050001/no_alert,25,meta-llama/llama-3.3-70b-instruct,sha256:1a5691f86d06d7776335431b77f7a6d44ca1e108ede8a0a54a24370b9fb92537,det-v1,1,accepted,1588,69,0.004,0.0001808800,true,false
call-000556,arm8_spec_immediate,cal/f6/s6060001/no_alert,23,meta-llama/llama-3.3-70b-instruct,sha256:9eb2398ce61df3f4ecb3428da661434348d63110a92674b7faa4e68de8eab78c,det-v1,1,,1514,69,1422.448,0.0001734800,false,true
call-000557,arm8_spec_immediate,cal/f6/s6060001/no_alert,23,meta-llama/llama-3.3-70b-instruct,sha256:9eb2398ce61df3f4ecb3428da661434348d63110a92674b7faa4e68de8eab78c,det-v1,1,accepted,1514,69,1422.448,0.0001734800,false,false
call-000558,arm9_spec_heuristic_rollback,cal/f6/s6060001/no_alert,23,meta-llama/llama-3.3-70b-instruct,sha256:9eb2398ce61df3f4ecb3428da661434348d63110a92674b7faa4e68de8eab78c,det-v1,1,accepted,1514,69,0.004,0.0001734800,true,false
call-000559,arm10_spec_eprocess,cal/f6/s6060001/no_alert,23,meta-llama/llama-3.3-70b-instruct,sha256:9eb2398ce61df3f4ecb3428da661434348d63110a92674b7faa4e68de8eab78c,det-v1,1,accepted,1514,69,0.003,0.0001734800,true,false
call-000560,arm8_spec_immediate,dev/f6/s6050000/early_accurate,18,meta-llama/llama-3.3-70b-instruct,sha256:dae058675ccefb73a2e2c00bdf757f6cee46935214fcd365c692755e6f25ebe9,det-v1,1,,1368,96,1988.750,0.0001675200,false,true
call-000561,arm8_spec_immediate,dev/f6/s6050000/early_accurate,18,meta-llama/llama-3.3-70b-instruct,sha256:dae058675ccefb73a2e2c00bdf757f6cee46935214fcd365c692755e6f25ebe9,det-v1,1,accepted,1368,96,1988.750,0.0001675200,false,false
call-000562,arm9_spec_heuristic_rollback,dev/f6/s6050000/early_accurate,18,meta-llama/llama-3.3-70b-instruct,sha256:dae058675ccefb73a2e2c00bdf757f6cee46935214fcd365c692755e6f25ebe9,det-v1,1,accepted,1368,96,0.003,0.0001675200,true,false
call-000563,arm10_spec_eprocess,dev/f6/s6050000/early_accurate,18,meta-llama/llama-3.3-70b-instruct,sha256:dae058675ccefb73a2e2c00bdf757f6cee46935214fcd365c692755e6f25ebe9,det-v1,1,accepted,1368,96,0.003,0.0001675200,true,false
call-000564,arm8_spec_immediate,cal/f6/s6060000/early_accurate,13,meta-llama/llama-3.3-70b-instruct,sha256:d8c61eb1432cc3033597de7bc4701900b3069c5a3959972b3772922621815536,det-v1,1,,1186,69,1431.586,0.0001406800,false,true
call-000565,arm8_spec_immediate,cal/f6/s6060000/early_accurate,13,meta-llama/llama-3.3-70b-instruct,sha256:d8c61eb1432cc3033597de7bc4701900b3069c5a3959972b3772922621815536,det-v1,1,accepted,1186,69,1431.586,0.0001406800,false,false
call-000566,arm8_spec_immediate,cal/f6/s6060000/early_accurate,19,meta-llama/llama-3.3-70b-instruct,sha256:06c102901eae918c0427105f407fe61bb093a97c32f0cff29f4180294cb7726f,det-v1,1,,1408,94,2642.763,0.0001708800,false,true
call-000567,arm8_spec_immediate,cal/f6/s6060000/early_accurate,19,meta-llama/llama-3.3-70b-instruct,sha256:06c102901eae918c0427105f407fe61bb093a97c32f0cff29f4180294cb7726f,det-v1,1,accepted,1408,94,2642.763,0.0001708800,false,false
call-000568,arm9_spec_heuristic_rollback,cal/f6/s6060000/early_accurate,13,meta-llama/llama-3.3-70b-instruct,sha256:d8c61eb1432cc3033597de7bc4701900b3069c5a3959972b3772922621815536,det-v1,1,accepted,1186,69,0.004,0.0001406800,true,false
call-000569,arm9_spec_heuristic_rollback,cal/f6/s6060000/early_accurate,19,meta-llama/llama-3.3-70b-instruct,sha256:06c102901eae918c0427105f407fe61bb093a97c32f0cff29f4180294cb7726f,det-v1,1,accepted,1408,94,0.002,0.0001708800,true,false
call-000570,arm10_spec_eprocess,cal/f6/s6060000/early_accurate,13,meta-llama/llama-3.3-70b-instruct,sha256:d8c61eb1432cc3033597de7bc4701900b3069c5a3959972b3772922621815536,det-v1,1,accepted,1186,69,0.003,0.0001406800,true,false
call-000571,arm10_spec_eprocess,cal/f6/s6060000/early_accurate,19,meta-llama/llama-3.3-70b-instruct,sha256:06c102901eae918c0427105f407fe61bb093a97c32f0cff29f4180294cb7726f,det-v1,1,accepted,1408,94,0.002,0.0001708800,true,false
call-000572,arm8_spec_immediate,dev/f6/s6050001/early_accurate,19,meta-llama/llama-3.3-70b-instruct,sha256:666d8d4146926e1740ee093fad5425778ca83f0f6c0def3c5ce34ebf5d79d64d,det-v1,1,,1399,86,1822.009,0.0001674200,false,true
call-000573,arm8_spec_immediate,dev/f6/s6050001/early_accurate,19,meta-llama/llama-3.3-70b-instruct,sha256:666d8d4146926e1740ee093fad5425778ca83f0f6c0def3c5ce34ebf5d79d64d,det-v1,1,accepted,1399,86,1822.009,0.0001674200,false,false
call-000574,arm8_spec_immediate,dev/f6/s6050001/early_accurate,25,meta-llama/llama-3.3-70b-instruct,sha256:409e5608df0adeb55e993b47b011af96fab03d96fb256480c93834430d65aa09,det-v1,1,,1621,94,1653.501,0.0001921800,false,true
call-000575,arm8_spec_immediate,dev/f6/s6050001/early_accurate,25,meta-llama/llama-3.3-70b-instruct,sha256:409e5608df0adeb55e993b47b011af96fab03d96fb256480c93834430d65aa09,det-v1,1,accepted,1621,94,1653.501,0.0001921800,false,false
call-000576,arm9_spec_heuristic_rollback,dev/f6/s6050001/early_accurate,19,meta-llama/llama-3.3-70b-instruct,sha256:666d8d4146926e1740ee093fad5425778ca83f0f6c0def3c5ce34ebf5d79d64d,det-v1,1,accepted,1399,86,0.003,0.0001674200,true,false
call-000577,arm9_spec_heuristic_rollback,dev/f6/s6050001/early_accurate,25,meta-llama/llama-3.3-70b-instruct,sha256:409e5608df0adeb55e993b47b011af96fab03d96fb256480c93834430d65aa09,det-v1,1,accepted,1621,94,0.002,0.0001921800,true,false
call-000578,arm10_spec_eprocess,dev/f6/s6050001/early_accurate,19,meta-llama/llama-3.3-70b-instruct,sha256:666d8d4146926e1740ee093fad5425778ca83f0f6c0def3c5ce34ebf5d79d64d,det-v1,1,accepted,1399,86,0.002,0.0001674200,true,false
call-000579,arm10_spec_eprocess,dev/f6/s6050001/early_accurate,25,meta-llama/llama-3.3-70b-instruct,sha256:a98c62a70243321a2034195fbd810711610fbf7068442d350070245e4f023ee5,det-v1,1,,1621,94,1709.041,0.0001921800,false,true
call-000580,arm10_spec_eprocess,dev/f6/s6050001/early_accurate,25,meta-llama/llama-3.3-70b-instruct,sha256:a98c62a70243321a2034195fbd810711610fbf7068442d350070245e4f023ee5,det-v1,1,accepted,1621,94,1709.041,0.0001921800,false,false
call-000581,arm8_spec_immediate,cal/f6/s6060001/early_accurate,17,meta-llama/llama-3.3-70b-instruct,sha256:0ddfaf7a3c33fcd9b9f56fbc41620026547aa4c94a5adaa5f09818b9f9ae609e,det-v1,1,,1333,86,1625.028,0.0001608200,false,true
call-000582,arm8_spec_immediate,cal/f6/s6060001/early_accurate,17,meta-llama/llama-3.3-70b-instruct,sha256:0ddfaf7a3c33fcd9b9f56fbc41620026547aa4c94a5adaa5f09818b9f9ae609e,det-v1,1,accepted,1333,86,1625.028,0.0001608200,false,false
call-000583,arm8_spec_immediate,cal/f6/s6060001/early_accurate,23,meta-llama/llama-3.3-70b-instruct,sha256:6572e1efc29e7d668883ae928cb15cd6326c7142be0a332789c3b7938d11671a,det-v1,1,,1555,109,2338.608,0.0001903800,false,true
call-000584,arm8_spec_immediate,cal/f6/s6060001/early_accurate,23,meta-llama/llama-3.3-70b-instruct,sha256:6572e1efc29e7d668883ae928cb15cd6326c7142be0a332789c3b7938d11671a,det-v1,1,accepted,1555,109,2338.608,0.0001903800,false,false
call-000585,arm9_spec_heuristic_rollback,cal/f6/s6060001/early_accurate,17,meta-llama/llama-3.3-70b-instruct,sha256:0ddfaf7a3c33fcd9b9f56fbc41620026547aa4c94a5adaa5f09818b9f9ae609e,det-v1,1,accepted,1333,86,0.003,0.0001608200,true,false
call-000586,arm9_spec_heuristic_rollback,cal/f6/s6060001/early_accurate,23,meta-llama/llama-3.3-70b-instruct,sha256:6572e1efc29e7d668883ae928cb15cd6326c7142be0a332789c3b7938d11671a,det-v1,1,accepted,1555,109,0.002,0.0001903800,true,false
call-000587,arm10_spec_eprocess,cal/f6/s6060001/early_accurate,17,meta-llama/llama-3.3-70b-instruct,sha256:0ddfaf7a3c33fcd9b9f56fbc41620026547aa4c94a5adaa5f09818b9f9ae609e,det-v1,1,accepted,1333,86,0.002,0.0001608200,true,false
call-000588,arm10_spec_eprocess,cal/f6/s6060001/early_accurate,23,meta-llama/llama-3.3-70b-instruct,sha256:700dde974b061713cb7700938b311518793392f847a33ed042bae9603a2b96df,det-v1,1,,1555,109,2000.103,0.0001903800,false,true
call-000589,arm10_spec_eprocess,cal/f6/s6060001/early_accurate,23,meta-llama/llama-3.3-70b-instruct,sha256:700dde974b061713cb7700938b311518793392f847a33ed042bae9603a2b96df,det-v1,1,accepted,1555,109,2000.103,0.0001903800,false,false
call-000590,arm8_spec_immediate,dev/f6/s6050000/late_accurate,21,meta-llama/llama-3.3-70b-instruct,sha256:427fec8d21e951d1d911fc917a3d3770dc1afb57896e5eeab66c364695bf734e,det-v1,1,,1479,114,1993.491,0.0001843800,false,true
call-000591,arm8_spec_immediate,dev/f6/s6050000/late_accurate,21,meta-llama/llama-3.3-70b-instruct,sha256:427fec8d21e951d1d911fc917a3d3770dc1afb57896e5eeab66c364695bf734e,det-v1,1,accepted,1479,114,1993.491,0.0001843800,false,false
call-000592,arm9_spec_heuristic_rollback,dev/f6/s6050000/late_accurate,21,meta-llama/llama-3.3-70b-instruct,sha256:427fec8d21e951d1d911fc917a3d3770dc1afb57896e5eeab66c364695bf734e,det-v1,1,accepted,1479,114,0.003,0.0001843800,true,false
call-000593,arm10_spec_eprocess,dev/f6/s6050000/late_accurate,21,meta-llama/llama-3.3-70b-instruct,sha256:427fec8d21e951d1d911fc917a3d3770dc1afb57896e5eeab66c364695bf734e,det-v1,1,accepted,1479,114,0.002,0.0001843800,true,false
call-000594,arm8_spec_immediate,cal/f6/s6060000/late_accurate,16,meta-llama/llama-3.3-70b-instruct,sha256:3ba531661659f34c05bf6a3a718933583911dfbf81896fcee0973a0145d9d31c,det-v1,1,,1297,69,1249.951,0.0001517800,false,true
call-000595,arm8_spec_immediate,cal/f6/s6060000/late_accurate,16,meta-llama/llama-3.3-70b-instruct,sha256:3ba531661659f34c05bf6a3a718933583911dfbf81896fcee0973a0145d9d31c,det-v1,1,accepted,1297,69,1249.951,0.0001517800,false,false
call-000596,arm9_spec_heuristic_rollback,cal/f6/s6060000/late_accurate,16,meta-llama/llama-3.3-70b-instruct,sha256:3ba531661659f34c05bf6a3a718933583911dfbf81896fcee0973a0145d9d31c,det-v1,1,accepted,1297,69,0.002,0.0001517800,true,false
call-000597,arm10_spec_eprocess,cal/f6/s6060000/late_accurate,16,meta-llama/llama-3.3-70b-instruct,sha256:3ba531661659f34c05bf6a3a718933583911dfbf81896fcee0973a0145d9d31c,det-v1,1,accepted,1297,69,0.002,0.0001517800,true,false
call-000598,arm8_spec_immediate,dev/f6/s6050001/late_accurate,22,meta-llama/llama-3.3-70b-instruct,sha256:5a775bf072d240bfdc87488da8c35570f9766ce63ccff377c33d37887e583abb,det-v1,1,,1510,81,1225.592,0.0001769200,false,true
call-000599,arm8_spec_immediate,dev/f6/s6050001/late_accurate,22,meta-llama/llama-3.3-70b-instruct,sha256:5a775bf072d240bfdc87488da8c35570f9766ce63ccff377c33d37887e583abb,det-v1,1,accepted,1510,81,1225.592,0.0001769200,false,false
call-000600,arm8_spec_immediate,dev/f6/s6050001/late_accurate,28,meta-llama/llama-3.3-70b-instruct,sha256:111c80beb5c2684b1f05559a04078a6c981355e6fae4e39e8865081de979a03c,det-v1,1,,1732,99,1515.229,0.0002048800,false,true
call-000601,arm8_spec_immediate,dev/f6/s6050001/late_accurate,28,meta-llama/llama-3.3-70b-instruct,sha256:111c80beb5c2684b1f05559a04078a6c981355e6fae4e39e8865081de979a03c,det-v1,1,accepted,1732,99,1515.229,0.0002048800,false,false
call-000602,arm9_spec_heuristic_rollback,dev/f6/s6050001/late_accurate,22,meta-llama/llama-3.3-70b-instruct,sha256:5a775bf072d240bfdc87488da8c35570f9766ce63ccff377c33d37887e583abb,det-v1,1,accepted,1510,81,0.004,0.0001769200,true,false
call-000603,arm9_spec_heuristic_rollback,dev/f6/s6050001/late_accurate,28,meta-llama/llama-3.3-70b-instruct,sha256:111c80beb5c2684b1f05559a04078a6c981355e6fae4e39e8865081de979a03c,det-v1,1,accepted,1732,99,0.003,0.0002048800,true,false
call-000604,arm10_spec_eprocess,dev/f6/s6050001/late_accurate,22,meta-llama/llama-3.3-70b-instruct,sha256:5a775bf072d240bfdc87488da8c35570f9766ce63ccff377c33d37887e583abb,det-v1,1,accepted,1510,81,0.003,0.0001769200,true,false
call-000605,arm10_spec_eprocess,dev/f6/s6050001/late_accurate,28,meta-llama/llama-3.3-70b-instruct,sha256:d22198104cd1b3dbb54dec4e25d29f1291c2425591b9375743c4683967f8c159,det-v1,1,,1732,100,2116.315,0.0002052000,false,true
call-000606,arm10_spec_eprocess,dev/f6/s6050001/late_accurate,28,meta-llama/llama-3.3-70b-instruct,sha256:d22198104cd1b3dbb54dec4e25d29f1291c2425591b9375743c4683967f8c159,det-v1,1,accepted,1732,100,2116.315,0.0002052000,false,false
call-000607,arm8_spec_immediate,cal/f6/s6060001/late_accurate,20,meta-llama/llama-3.3-70b-instruct,sha256:32dc9284682e2fbb85c223de35d3eee97dfa6e7d28f58245cfa812ebd30cdd16,det-v1,1,,1444,86,1380.517,0.0001719200,false,true
call-000608,arm8_spec_immediate,cal/f6/s6060001/late_accurate,20,meta-llama/llama-3.3-70b-instruct,sha256:32dc9284682e2fbb85c223de35d3eee97dfa6e7d28f58245cfa812ebd30cdd16,det-v1,1,accepted,1444,86,1380.517,0.0001719200,false,false
call-000609,arm9_spec_heuristic_rollback,cal/f6/s6060001/late_accurate,20,meta-llama/llama-3.3-70b-instruct,sha256:32dc9284682e2fbb85c223de35d3eee97dfa6e7d28f58245cfa812ebd30cdd16,det-v1,1,accepted,1444,86,0.003,0.0001719200,true,false
call-000610,arm10_spec_eprocess,cal/f6/s6060001/late_accurate,20,meta-llama/llama-3.3-70b-instruct,sha256:32dc9284682e2fbb85c223de35d3eee97dfa6e7d28f58245cfa812ebd30cdd16,det-v1,1,accepted,1444,86,0.002,0.0001719200,true,false
call-000611,arm8_spec_immediate,dev/f6/s6050000/unreliable,18,meta-llama/llama-3.3-70b-instruct,sha256:8196ed7ebb7bae5097b3dc37ad66a3aad001ad595a0333e89787af32b61108f0,det-v1,1,,1364,99,1583.009,0.0001680800,false,true
call-000612,arm8_spec_immediate,dev/f6/s6050000/unreliable,18,meta-llama/llama-3.3-70b-instruct,sha256:8196ed7ebb7bae5097b3dc37ad66a3aad001ad595a0333e89787af32b61108f0,det-v1,1,accepted,1364,99,1583.009,0.0001680800,false,false
call-000613,arm9_spec_heuristic_rollback,dev/f6/s6050000/unreliable,18,meta-llama/llama-3.3-70b-instruct,sha256:8196ed7ebb7bae5097b3dc37ad66a3aad001ad595a0333e89787af32b61108f0,det-v1,1,accepted,1364,99,0.004,0.0001680800,true,false
call-000614,arm10_spec_eprocess,dev/f6/s6050000/unreliable,18,meta-llama/llama-3.3-70b-instruct,sha256:8196ed7ebb7bae5097b3dc37ad66a3aad001ad595a0333e89787af32b61108f0,det-v1,1,accepted,1364,99,0.003,0.0001680800,true,false
call-000615,arm8_spec_immediate,cal/f6/s6060000/unreliable,13,meta-llama/llama-3.3-70b-instruct,sha256:302c5e98dc1063e8616cdc99ff805ab88b0a4dcc70a874f93a0ed71e40e44c57,det-v1,1,accepted,1182,54,0.005,0.0001354800,true,false
call-000616,arm8_spec_immediate,cal/f6/s6060000/unreliable,19,meta-llama/llama-3.3-70b-instruct,sha256:0bbeeeb78370dfd9c698e754ba76108f8cd22e463427f1ba21235387b092e453,det-v1,1,accepted,1404,54,0.002,0.0001576800,true,false
call-000617,arm9_spec_heuristic_rollback,cal/f6/s6060000/unreliable,13,meta-llama/llama-3.3-70b-instruct,sha256:302c5e98dc1063e8616cdc99ff805ab88b0a4dcc70a874f93a0ed71e40e44c57,det-v1,1,accepted,1182,54,0.002,0.0001354800,true,false
call-000618,arm9_spec_heuristic_rollback,cal/f6/s6060000/unreliable,19,meta-llama/llama-3.3-70b-instruct,sha256:0bbeeeb78370dfd9c698e754ba76108f8cd22e463427f1ba21235387b092e453,det-v1,1,accepted,1404,54,0.002,0.0001576800,true,false
call-000619,arm10_spec_eprocess,cal/f6/s6060000/unreliable,13,meta-llama/llama-3.3-70b-instruct,sha256:302c5e98dc1063e8616cdc99ff805ab88b0a4dcc70a874f93a0ed71e40e44c57,det-v1,1,accepted,1182,54,0.002,0.0001354800,true,false
call-000620,arm10_spec_eprocess,cal/f6/s6060000/unreliable,19,meta-llama/llama-3.3-70b-instruct,sha256:0bbeeeb78370dfd9c698e754ba76108f8cd22e463427f1ba21235387b092e453,det-v1,1,accepted,1404,54,0.002,0.0001576800,true,false
call-000621,arm8_spec_immediate,dev/f6/s6050001/unreliable,19,meta-llama/llama-3.3-70b-instruct,sha256:1f1efb21798313da08581536deb4b4352a64d703369cd6b07ea813c3a080bc6d,det-v1,1,,1392,69,6514.873,0.0001612800,false,true
call-000622,arm8_spec_immediate,dev/f6/s6050001/unreliable,19,meta-llama/llama-3.3-70b-instruct,sha256:1f1efb21798313da08581536deb4b4352a64d703369cd6b07ea813c3a080bc6d,det-v1,1,accepted,1392,69,6514.873,0.0001612800,false,false
call-000623,arm8_spec_immediate,dev/f6/s6050001/unreliable,25,meta-llama/llama-3.3-70b-instruct,sha256:ae778f2f6ece9e04ff5b3f8bf1ba0ddce57ac2a4e60241788c1c5bdc0f330d86,det-v1,1,,1614,89,1268.206,0.0001898800,false,true
call-000624,arm8_spec_immediate,dev/f6/s6050001/unreliable,25,meta-llama/llama-3.3-70b-instruct,sha256:ae778f2f6ece9e04ff5b3f8bf1ba0ddce57ac2a4e60241788c1c5bdc0f330d86,det-v1,1,accepted,1614,89,1268.206,0.0001898800,false,false
call-000625,arm9_spec_heuristic_rollback,dev/f6/s6050001/unreliable,19,meta-llama/llama-3.3-70b-instruct,sha256:1f1efb21798313da08581536deb4b4352a64d703369cd6b07ea813c3a080bc6d,det-v1,1,accepted,1392,69,0.002,0.0001612800,true,false
call-000626,arm9_spec_heuristic_rollback,dev/f6/s6050001/unreliable,25,meta-llama/llama-3.3-70b-instruct,sha256:ae778f2f6ece9e04ff5b3f8bf1ba0ddce57ac2a4e60241788c1c5bdc0f330d86,det-v1,1,accepted,1614,89,0.002,0.0001898800,true,false
call-000627,arm10_spec_eprocess,dev/f6/s6050001/unreliable,19,meta-llama/llama-3.3-70b-instruct,sha256:1f1efb21798313da08581536deb4b4352a64d703369cd6b07ea813c3a080bc6d,det-v1,1,accepted,1392,69,0.002,0.0001612800,true,false
call-000628,arm10_spec_eprocess,dev/f6/s6050001/unreliable,25,meta-llama/llama-3.3-70b-instruct,sha256:ae778f2f6ece9e04ff5b3f8bf1ba0ddce57ac2a4e60241788c1c5bdc0f330d86,det-v1,1,accepted,1614,89,0.002,0.0001898800,true,false
call-000629,arm8_spec_immediate,cal/f6/s6060001/unreliable,17,meta-llama/llama-3.3-70b-instruct,sha256:d82d604c8e7115e8f8496da51334efb6872ce2003422658926db9cf161304585,det-v1,1,,1329,86,1540.098,0.0001604200,false,true
call-000630,arm8_spec_immediate,cal/f6/s6060001/unreliable,17,meta-llama/llama-3.3-70b-instruct,sha256:d82d604c8e7115e8f8496da51334efb6872ce2003422658926db9cf161304585,det-v1,1,accepted,1329,86,1540.098,0.0001604200,false,false
call-000631,arm8_spec_immediate,cal/f6/s6060001/unreliable,23,meta-llama/llama-3.3-70b-instruct,sha256:70f21d8f4e1521725ef930d0ff34486c0ad049570e3cfe5a43ad26a88fb42b53,det-v1,1,,1551,109,1718.918,0.0001899800,false,true
call-000632,arm8_spec_immediate,cal/f6/s6060001/unreliable,23,meta-llama/llama-3.3-70b-instruct,sha256:70f21d8f4e1521725ef930d0ff34486c0ad049570e3cfe5a43ad26a88fb42b53,det-v1,1,accepted,1551,109,1718.918,0.0001899800,false,false
call-000633,arm9_spec_heuristic_rollback,cal/f6/s6060001/unreliable,17,meta-llama/llama-3.3-70b-instruct,sha256:d82d604c8e7115e8f8496da51334efb6872ce2003422658926db9cf161304585,det-v1,1,accepted,1329,86,0.003,0.0001604200,true,false
call-000634,arm9_spec_heuristic_rollback,cal/f6/s6060001/unreliable,23,meta-llama/llama-3.3-70b-instruct,sha256:70f21d8f4e1521725ef930d0ff34486c0ad049570e3cfe5a43ad26a88fb42b53,det-v1,1,accepted,1551,109,0.002,0.0001899800,true,false
call-000635,arm10_spec_eprocess,cal/f6/s6060001/unreliable,17,meta-llama/llama-3.3-70b-instruct,sha256:d82d604c8e7115e8f8496da51334efb6872ce2003422658926db9cf161304585,det-v1,1,accepted,1329,86,0.002,0.0001604200,true,false
call-000636,arm10_spec_eprocess,cal/f6/s6060001/unreliable,23,meta-llama/llama-3.3-70b-instruct,sha256:050f303417c94a9446663519b78f7048b2d7c22cb20d89b7f1da37274aa5470b,det-v1,1,,1551,94,1389.201,0.0001851800,false,true
call-000637,arm10_spec_eprocess,cal/f6/s6060001/unreliable,23,meta-llama/llama-3.3-70b-instruct,sha256:050f303417c94a9446663519b78f7048b2d7c22cb20d89b7f1da37274aa5470b,det-v1,1,accepted,1551,94,1389.201,0.0001851800,false,false
