call_id,arm_id,episode_id,period,model_id,prompt_hash,decoding_hash,attempt_index,outcome,input_tokens,output_tokens,latency_ms,usd_cost,cache_hit,physical
call-000001,arm8_spec_immediate,dev/f1/s1050000/no_alert,25,deepseek/deepseek-chat,sha256:185abd1a4938683a7a27c6f8c1b46560c378bab2aabbaffefe073a1ace05a2af,det-v1,1,,1694,63,11830.201,0.0005001850,false,true
call-000002,arm8_spec_immediate,dev/f1/s1050000/no_alert,25,deepseek/deepseek-chat,sha256:185abd1a4938683a7a27c6f8c1b46560c378bab2aabbaffefe073a1ace05a2af,det-v1,1,accepted,1694,63,11830.201,0.0005001850,false,false
call-000003,arm8_spec_immediate,dev/f1/s1050000/no_alert,31,deepseek/deepseek-chat,sha256:5162fc0c1211194952ee61552d3fbcf4e672b509497b332071600b4da6090874,det-v1,1,,1922,63,12220.455,0.0005587810,false,true
call-000004,arm8_spec_immediate,dev/f1/s1050000/no_alert,31,deepseek/deepseek-chat,sha256:5162fc0c1211194952ee61552d3fbcf4e672b509497b332071600b4da6090874,det-v1,1,accepted,1922,63,12220.455,0.0005587810,false,false
call-000005,arm9_spec_heuristic_rollback,dev/f1/s1050000/no_alert,25,deepseek/deepseek-chat,sha256:185abd1a4938683a7a27c6f8c1b46560c378bab2aabbaffefe073a1ace05a2af,det-v1,1,accepted,1694,63,0.003,0.0005001850,true,false
call-000006,arm9_spec_heuristic_rollback,dev/f1/s1050000/no_alert,31,deepseek/deepseek-chat,sha256:5162fc0c1211194952ee61552d3fbcf4e672b509497b332071600b4da6090874,det-v1,1,accepted,1922,63,0.002,0.0005587810,true,false
call-000007,arm10_spec_eprocess,dev/f1/s1050000/no_alert,25,deepseek/deepseek-chat,sha256:185abd1a4938683a7a27c6f8c1b46560c378bab2aabbaffefe073a1ace05a2af,det-v1,1,accepted,1694,63,0.003,0.0005001850,true,false
call-000008,arm10_spec_eprocess,dev/f1/s1050000/no_alert,31,deepseek/deepseek-chat,sha256:5162fc0c1211194952ee61552d3fbcf4e672b509497b332071600b4da6090874,det-v1,1,accepted,1922,63,0.003,0.0005587810,true,false
call-000009,arm8_spec_immediate,cal/f1/s1060000/no_alert,21,deepseek/deepseek-chat,sha256:73fd733fc16cd0c1f80efc859013f1f8f155f24e2d403fbacadf8314bad3c6f3,det-v1,1,,1542,63,5279.480,0.0004611210,false,true
call-000010,arm8_spec_immediate,cal/f1/s1060000/no_alert,21,deepseek/deepseek-chat,sha256:73fd733fc16cd0c1f80efc859013f1f8f155f24e2d403fbacadf8314bad3c6f3,det-v1,1,accepted,1542,63,5279.480,0.0004611210,false,false
call-000011,arm8_spec_immediate,cal/f1/s1060000/no_alert,49,deepseek/deepseek-chat,sha256:6df42a29c4a2bf3c7657a5bbd4435677fd37cd715bfec6a43dfbeb0a1359133b,det-v1,1,,2607,87,3487.185,0.0007595220,false,true
call-000012,arm8_spec_immediate,cal/f1/s1060000/no_alert,49,deepseek/deepseek-chat,sha256:6df42a29c4a2bf3c7657a5bbd4435677fd37cd715bfec6a43dfbeb0a1359133b,det-v1,1,accepted,2607,87,3487.185,0.0007595220,false,false
call-000013,arm9_spec_heuristic_rollback,cal/f1/s1060000/no_alert,21,deepseek/deepseek-chat,sha256:73fd733fc16cd0c1f80efc859013f1f8f155f24e2d403fbacadf8314bad3c6f3,det-v1,1,accepted,1542,63,0.003,0.0004611210,true,false
call-000014,arm9_spec_heuristic_rollback,cal/f1/s1060000/no_alert,49,deepseek/deepseek-chat,sha256:6df42a29c4a2bf3c7657a5bbd4435677fd37cd715bfec6a43dfbeb0a1359133b,det-v1,1,accepted,2607,87,0.003,0.0007595220,true,false
call-000015,arm10_spec_eprocess,cal/f1/s1060000/no_alert,21,deepseek/deepseek-chat,sha256:73fd733fc16cd0c1f80efc859013f1f8f155f24e2d403fbacadf8314bad3c6f3,det-v1,1,accepted,1542,63,0.003,0.0004611210,true,false
call-000016,arm10_spec_eprocess,cal/f1/s1060000/no_alert,49,deepseek/deepseek-chat,sha256:6df42a29c4a2bf3c7657a5bbd4435677fd37cd715bfec6a43dfbeb0a1359133b,det-v1,1,accepted,2607,87,0.004,0.0007595220,true,false
call-000017,arm8_spec_immediate,dev/f1/s1050001/no_alert,23,deepseek/deepseek-chat,sha256:e1e77526a7137bbd0d97419737ffc1241c77a1f36793f03119c176b59b355ce2,det-v1,1,,1619,87,2587.608,0.0005056060,false,true
call-000018,arm8_spec_immediate,dev/f1/s1050001/no_alert,23,deepseek/deepseek-chat,sha256:e1e77526a7137bbd0d97419737ffc1241c77a1f36793f03119c176b59b355ce2,det-v1,1,accepted,1619,87,2587.608,0.0005056060,false,false
call-000019,arm8_spec_immediate,dev/f1/s1050001/no_alert,32,deepseek/deepseek-chat,sha256:ed969142f06226b39cd6fcd77c393d7f4fa316232d633dadde7914fd59941edf,det-v1,1,,1961,87,3380.468,0.0005935000,false,true
call-000020,arm8_spec_immediate,dev/f1/s1050001/no_alert,32,deepseek/deepseek-chat,sha256:ed969142f06226b39cd6fcd77c393d7f4fa316232d633dadde7914fd59941edf,det-v1,1,accepted,1961,87,3380.468,0.0005935000,false,false
call-000021,arm9_spec_heuristic_rollback,dev/f1/s1050001/no_alert,23,deepseek/deepseek-chat,sha256:e1e77526a7137bbd0d97419737ffc1241c77a1f36793f03119c176b59b355ce2,det-v1,1,accepted,1619,87,0.003,0.0005056060,true,false
call-000022,arm9_spec_heuristic_rollback,dev/f1/s1050001/no_alert,32,deepseek/deepseek-chat,sha256:ed969142f06226b39cd6fcd77c393d7f4fa316232d633dadde7914fd59941edf,det-v1,1,accepted,1961,87,0.002,0.0005935000,true,false
call-000023,arm10_spec_eprocess,dev/f1/s1050001/no_alert,23,deepseek/deepseek-chat,sha256:e1e77526a7137bbd0d97419737ffc1241c77a1f36793f03119c176b59b355ce2,det-v1,1,accepted,1619,87,0.002,0.0005056060,true,false
call-000024,arm10_spec_eprocess,dev/f1/s1050001/no_alert,32,deepseek/deepseek-chat,sha256:ed969142f06226b39cd6fcd77c393d7f4fa316232d633dadde7914fd59941edf,det-v1,1,accepted,1961,87,0.002,0.0005935000,true,false
call-000025,arm8_spec_immediate,cal/f1/s1060001/no_alert,36,deepseek/deepseek-chat,sha256:d955063100f54448b3e1f273c9c37cabc4846bed2cc321abedf0d77ec915cf23,det-v1,1,,2113,88,2863.290,0.0006335930,false,true
call-000026,arm8_spec_immediate,cal/f1/s1060001/no_alert,36,deepseek/deepseek-chat,sha256:d955063100f54448b3e1f273c9c37cabc4846bed2cc321abedf0d77ec915cf23,det-v1,1,accepted,2113,88,2863.290,0.0006335930,false,false
call-000027,arm8_spec_immediate,cal/f1/s1060001/no_alert,46,deepseek/deepseek-chat,sha256:ca9e21bfce63d6849c265c6182af25d6c01fdeefb01896914dc39126386a236b,det-v1,1,,2492,59,6531.555,0.0007011550,false,true
call-000028,arm8_spec_immediate,cal/f1/s1060001/no_alert,46,deepseek/deepseek-chat,sha256:ca9e21bfce63d6849c265c6182af25d6c01fdeefb01896914dc39126386a236b,det-v1,1,accepted,2492,59,6531.555,0.0007011550,false,false
call-000029,arm9_spec_heuristic_rollback,cal/f1/s1060001/no_alert,36,deepseek/deepseek-chat,sha256:d955063100f54448b3e1f273c9c37cabc4846bed2cc321abedf0d77ec915cf23,det-v1,1,accepted,2113,88,0.004,0.0006335930,true,false
call-000030,arm9_spec_heuristic_rollback,cal/f1/s1060001/no_alert,46,deepseek/deepseek-chat,sha256:ca9e21bfce63d6849c265c6182af25d6c01fdeefb01896914dc39126386a236b,det-v1,1,accepted,2492,59,0.003,0.0007011550,true,false
call-000031,arm10_spec_eprocess,cal/f1/s1060001/no_alert,36,deepseek/deepseek-chat,sha256:d955063100f54448b3e1f273c9c37cabc4846bed2cc321abedf0d77ec915cf23,det-v1,1,accepted,2113,88,0.003,0.0006335930,true,false
call-000032,arm10_spec_eprocess,cal/f1/s1060001/no_alert,46,deepseek/deepseek-chat,sha256:ca9e21bfce63d6849c265c6182af25d6c01fdeefb01896914dc39126386a236b,det-v1,1,accepted,2492,59,0.003,0.0007011550,true,false
call-000033,arm8_spec_immediate,dev/f1/s1050000/early_accurate,16,deepseek/deepseek-chat,sha256:f08259f1396b109d93a4c8b6f54e128944a8cf1d2fef8268aa5a8729f1d9c343,det-v1,1,accepted,1390,80,0.002,0.0004395500,true,false
call-000034,arm8_spec_immediate,dev/f1/s1050000/early_accurate,25,deepseek/deepseek-chat,sha256:f4870f9747006318aefe70b3a0a20f78ff9f4e4f0bb38ce09192a3c16cbe2073,det-v1,1,accepted,1733,152,0.001,0.0006017890,true,false
call-000035,arm9_spec_heuristic_rollback,dev/f1/s1050000/early_accurate,16,deepseek/deepseek-chat,sha256:f08259f1396b109d93a4c8b6f54e128944a8cf1d2fef8268aa5a8729f1d9c343,det-v1,1,accepted,1390,80,0.002,0.0004395500,true,false
call-000036,arm9_spec_heuristic_rollback,dev/f1/s1050000/early_accurate,25,deepseek/deepseek-chat,sha256:f4870f9747006318aefe70b3a0a20f78ff9f4e4f0bb38ce09192a3c16cbe2073,det-v1,1,accepted,1733,152,0.001,0.0006017890,true,false
call-000037,arm10_spec_eprocess,dev/f1/s1050000/early_accurate,16,deepseek/deepseek-chat,sha256:f08259f1396b109d93a4c8b6f54e128944a8cf1d2fef8268aa5a8729f1d9c343,det-v1,1,accepted,1390,80,0.001,0.0004395500,true,false
call-000038,arm10_spec_eprocess,dev/f1/s1050000/early_accurate,25,deepseek/deepseek-chat,sha256:cc6bc81cb5ae34ed6c30320b29dd6c6c2cbadd1bbd85470c034e0697f73a8f67,det-v1,1,accepted,1733,152,0.002,0.0006017890,true,false
call-000039,arm8_spec_immediate,cal/f1/s1060000/early_accurate,17,deepseek/deepseek-chat,sha256:05911d0a28097527ee125f32ea729b1b062599edc1b1be3fd7f51b5f249b6c72,det-v1,1,,1432,80,8689.982,0.0004503440,false,true
call-000040,arm8_spec_immediate,cal/f1/s1060000/early_accurate,17,deepseek/deepseek-chat,sha256:05911d0a28097527ee125f32ea729b1b062599edc1b1be3fd7f51b5f249b6c72,det-v1,1,accepted,1432,80,8689.982,0.0004503440,false,false
call-000041,arm8_spec_immediate,cal/f1/s1060000/early_accurate,23,deepseek/deepseek-chat,sha256:65d89f666f9aab4c5017dd8a52fcc23111d9430a0192d19ed38281a86c6f5154,det-v1,1,,1660,63,6256.612,0.0004914470,false,true
call-000042,arm8_spec_immediate,cal/f1/s1060000/early_accurate,23,deepseek/deepseek-chat,sha256:65d89f666f9aab4c5017dd8a52fcc23111d9430a0192d19ed38281a86c6f5154,det-v1,1,accepted,1660,63,6256.612,0.0004914470,false,false
call-000043,arm9_spec_heuristic_rollback,cal/f1/s1060000/early_accurate,17,deepseek/deepseek-chat,sha256:05911d0a28097527ee125f32ea729b1b062599edc1b1be3fd7f51b5f249b6c72,det-v1,1,accepted,1432,80,0.004,0.0004503440,true,false
call-000044,arm9_spec_heuristic_rollback,cal/f1/s1060000/early_accurate,23,deepseek/deepseek-chat,sha256:65d89f666f9aab4c5017dd8a52fcc23111d9430a0192d19ed38281a86c6f5154,det-v1,1,accepted,1660,63,0.003,0.0004914470,true,false
call-000045,arm10_spec_eprocess,cal/f1/s1060000/early_accurate,17,deepseek/deepseek-chat,sha256:05911d0a28097527ee125f32ea729b1b062599edc1b1be3fd7f51b5f249b6c72,det-v1,1,accepted,1432,80,0.003,0.0004503440,true,false
call-000046,arm10_spec_eprocess,cal/f1/s1060000/early_accurate,23,deepseek/deepseek-chat,sha256:d1d7e294433f3055fcb1790f51708882a7c03be692b668c328d6154206541cd1,det-v1,1,,1660,123,9988.285,0.0005531870,false,true
call-000047,arm10_spec_eprocess,cal/f1/s1060000/early_accurate,23,deepseek/deepseek-chat,sha256:d1d7e294433f3055fcb1790f51708882a7c03be692b668c328d6154206541cd1,det-v1,1,accepted,1660,123,9988.285,0.0005531870,false,false
call-000048,arm8_spec_immediate,dev/f1/s1050001/early_accurate,15,deepseek/deepseek-chat,sha256:ec609258c111fac09873d2dfa2c574ee89159b5d055b5b31adadc14fbac5e8b2,det-v1,1,,1353,117,4015.348,0.0004681140,false,true
call-000049,arm8_spec_immediate,dev/f1/s1050001/early_accurate,15,deepseek/deepseek-chat,sha256:ec609258c111fac09873d2dfa2c574ee89159b5d055b5b31adadc14fbac5e8b2,det-v1,1,accepted,1353,117,4015.348,0.0004681140,false,false
call-000050,arm8_spec_immediate,dev/f1/s1050001/early_accurate,23,deepseek/deepseek-chat,sha256:5f233acf4a393a6aa2c1a55ec0bb30a65dd85656916f8656c5e2fcacbc9e837b,det-v1,1,,1657,152,4277.578,0.0005822570,false,true
call-000051,arm8_spec_immediate,dev/f1/s1050001/early_accurate,23,deepseek/deepseek-chat,sha256:5f233acf4a393a6aa2c1a55ec0bb30a65dd85656916f8656c5e2fcacbc9e837b,det-v1,1,accepted,1657,152,4277.578,0.0005822570,false,false
call-000052,arm9_spec_heuristic_rollback,dev/f1/s1050001/early_accurate,15,deepseek/deepseek-chat,sha256:ec609258c111fac09873d2dfa2c574ee89159b5d055b5b31adadc14fbac5e8b2,det-v1,1,accepted,1353,117,0.004,0.0004681140,true,false
call-000053,arm9_spec_heuristic_rollback,dev/f1/s1050001/early_accurate,23,deepseek/deepseek-chat,sha256:5f233acf4a393a6aa2c1a55ec0bb30a65dd85656916f8656c5e2fcacbc9e837b,det-v1,1,accepted,1657,152,0.003,0.0005822570,true,false
call-000054,arm10_spec_eprocess,dev/f1/s1050001/early_accurate,15,deepseek/deepseek-chat,sha256:ec609258c111fac09873d2dfa2c574ee89159b5d055b5b31adadc14fbac5e8b2,det-v1,1,accepted,1353,117,0.003,0.0004681140,true,false
call-000055,arm10_spec_eprocess,dev/f1/s1050001/early_accurate,23,deepseek/deepseek-chat,sha256:5c3d95969c76675fc78f9843f8ba284d57a068497524b4e486c0aedc41c660e7,det-v1,1,,1657,147,3786.360,0.0005771120,false,true
call-000056,arm10_spec_eprocess,dev/f1/s1050001/early_accurate,23,deepseek/deepseek-chat,sha256:5c3d95969c76675fc78f9843f8ba284d57a068497524b4e486c0aedc41c660e7,det-v1,1,accepted,1657,147,3786.360,0.0005771120,false,false
call-000057,arm8_spec_immediate,cal/f1/s1060001/early_accurate,21,deepseek/deepseek-chat,sha256:8f4668db402ffe52b8698ee04e9ae0392aea83bde6b0c792d4f648f3949d9c3e,det-v1,1,,1584,87,4261.462,0.0004966110,false,true
call-000058,arm8_spec_immediate,cal/f1/s1060001/early_accurate,21,deepseek/deepseek-chat,sha256:8f4668db402ffe52b8698ee04e9ae0392aea83bde6b0c792d4f648f3949d9c3e,det-v1,1,accepted,1584,87,4261.462,0.0004966110,false,false
call-000059,arm8_spec_immediate,cal/f1/s1060001/early_accurate,36,deepseek/deepseek-chat,sha256:b152f0392bb3cdde3569b3c9e88df2d4633455f66291242527425bfc4cf0db62,det-v1,1,,2154,107,3299.763,0.0006636810,false,true
call-000060,arm8_spec_immediate,cal/f1/s1060001/early_accurate,36,deepseek/deepseek-chat,sha256:b152f0392bb3cdde3569b3c9e88df2d4633455f66291242527425bfc4cf0db62,det-v1,1,accepted,2154,107,3299.763,0.0006636810,false,false
call-000061,arm9_spec_heuristic_rollback,cal/f1/s1060001/early_accurate,21,deepseek/deepseek-chat,sha256:8f4668db402ffe52b8698ee04e9ae0392aea83bde6b0c792d4f648f3949d9c3e,det-v1,1,accepted,1584,87,0.004,0.0004966110,true,false
call-000062,arm9_spec_heuristic_rollback,cal/f1/s1060001/early_accurate,36,deepseek/deepseek-chat,sha256:b152f0392bb3cdde3569b3c9e88df2d4633455f66291242527425bfc4cf0db62,det-v1,1,accepted,2154,107,0.003,0.0006636810,true,false
call-000063,arm10_spec_eprocess,cal/f1/s1060001/early_accurate,21,deepseek/deepseek-chat,sha256:8f4668db402ffe52b8698ee04e9ae0392aea83bde6b0c792d4f648f3949d9c3e,det-v1,1,accepted,1584,87,0.004,0.0004966110,true,false
call-000064,arm10_spec_eprocess,cal/f1/s1060001/early_accurate,36,deepseek/deepseek-chat,sha256:b152f0392bb3cdde3569b3c9e88df2d4633455f66291242527425bfc4cf0db62,det-v1,1,accepted,2154,107,0.003,0.0006636810,true,false
call-000065,arm8_spec_immediate,dev/f1/s1050000/late_accurate,19,deepseek/deepseek-chat,sha256:db32023fe68e66793e8ca1811889fb8cdc64be703a37d65ad62d67e33885f855,det-v1,1,,1505,107,3096.003,0.0004968880,false,true
call-000066,arm8_spec_immediate,dev/f1/s1050000/late_accurate,19,deepseek/deepseek-chat,sha256:db32023fe68e66793e8ca1811889fb8cdc64be703a37d65ad62d67e33885f855,det-v1,1,accepted,1505,107,3096.003,0.0004968880,false,false
call-000067,arm8_spec_immediate,dev/f1/s1050000/late_accurate,25,deepseek/deepseek-chat,sha256:d5e3d0c5cdf0c9bc2e2aab62ce1d83255b2bc82951b1614e50281d481a418a7b,det-v1,1,,1733,132,4111.001,0.0005812090,false,true
call-000068,arm8_spec_immediate,dev/f1/s1050000/late_accurate,25,deepseek/deepseek-chat,sha256:d5e3d0c5cdf0c9bc2e2aab62ce1d83255b2bc82951b1614e50281d481a418a7b,det-v1,1,accepted,1733,132,4111.001,0.0005812090,false,false
call-000069,arm9_spec_heuristic_rollback,dev/f1/s1050000/late_accurate,19,deepseek/deepseek-chat,sha256:db32023fe68e66793e8ca1811889fb8cdc64be703a37d65ad62d67e33885f855,det-v1,1,accepted,1505,107,0.004,0.0004968880,true,false
call-000070,arm9_spec_heuristic_rollback,dev/f1/s1050000/late_accurate,25,deepseek/deepseek-chat,sha256:d5e3d0c5cdf0c9bc2e2aab62ce1d83255b2bc82951b1614e50281d481a418a7b,det-v1,1,accepted,1733,132,0.003,0.0005812090,true,false
call-000071,arm10_spec_eprocess,dev/f1/s1050000/late_accurate,19,deepseek/deepseek-chat,sha256:db32023fe68e66793e8ca1811889fb8cdc64be703a37d65ad62d67e33885f855,det-v1,1,accepted,1505,107,0.003,0.0004968880,true,false
call-000072,arm10_spec_eprocess,dev/f1/s1050000/late_accurate,25,deepseek/deepseek-chat,sha256:c9674efd8933760bf7b66967c3d45728085dd13b6352b0bb06df31b61385c79f,det-v1,1,,1733,132,3519.733,0.0005812090,false,true
call-000073,arm10_spec_eprocess,dev/f1/s1050000/late_accurate,25,deepseek/deepseek-chat,sha256:c9674efd8933760bf7b66967c3d45728085dd13b6352b0bb06df31b61385c79f,det-v1,1,accepted,1733,132,3519.733,0.0005812090,false,false
call-000074,arm8_spec_immediate,cal/f1/s1060000/late_accurate,20,deepseek/deepseek-chat,sha256:2e722f8addd6dff3208630709d214b0b54aec623a2525940c727a04b3c32c490,det-v1,1,,1547,112,3227.230,0.0005128270,false,true
call-000075,arm8_spec_immediate,cal/f1/s1060000/late_accurate,20,deepseek/deepseek-chat,sha256:2e722f8addd6dff3208630709d214b0b54aec623a2525940c727a04b3c32c490,det-v1,1,accepted,1547,112,3227.230,0.0005128270,false,false
call-000076,arm8_spec_immediate,cal/f1/s1060000/late_accurate,49,deepseek/deepseek-chat,sha256:717d042d0e4a91a1f11598cc451d602ef0fe773e98897bfb2b1be5c2f950a569,det-v1,1,,2648,63,4676.913,0.0007453630,false,true
call-000077,arm8_spec_immediate,cal/f1/s1060000/late_accurate,49,deepseek/deepseek-chat,sha256:717d042d0e4a91a1f11598cc451d602ef0fe773e98897bfb2b1be5c2f950a569,det-v1,1,accepted,2648,63,4676.913,0.0007453630,false,false
call-000078,arm9_spec_heuristic_rollback,cal/f1/s1060000/late_accurate,20,deepseek/deepseek-chat,sha256:2e722f8addd6dff3208630709d214b0b54aec623a2525940c727a04b3c32c490,det-v1,1,accepted,1547,112,0.004,0.0005128270,true,false
call-000079,arm9_spec_heuristic_rollback,cal/f1/s1060000/late_accurate,49,deepseek/deepseek-chat,sha256:717d042d0e4a91a1f11598cc451d602ef0fe773e98897bfb2b1be5c2f950a569,det-v1,1,accepted,2648,63,0.004,0.0007453630,true,false
call-000080,arm10_spec_eprocess,cal/f1/s1060000/late_accurate,20,deepseek/deepseek-chat,sha256:2e722f8addd6dff3208630709d214b0b54aec623a2525940c727a04b3c32c490,det-v1,1,accepted,1547,112,0.004,0.0005128270,true,false
call-000081,arm10_spec_eprocess,cal/f1/s1060000/late_accurate,49,deepseek/deepseek-chat,sha256:d0c9d127f3a70b5c855311877c036ef986ff449b3204d5af5b91d1c48601f608,det-v1,1,,2648,63,5243.922,0.0007453630,false,true
call-000082,arm10_spec_eprocess,cal/f1/s1060000/late_accurate,49,deepseek/deepseek-chat,sha256:d0c9d127f3a70b5c855311877c036ef986ff449b3204d5af5b91d1c48601f608,det-v1,1,accepted,2648,63,5243.922,0.0007453630,false,false
call-000083,arm8_spec_immediate,dev/f1/s1050001/late_accurate,18,deepseek/deepseek-chat,sha256:4c0425055517dc171c62832bdfec0767d4893d185300cfc983177acdb9100e33,det-v1,1,,1466,80,6556.170,0.0004590820,false,true
call-000084,arm8_spec_immediate,dev/f1/s1050001/late_accurate,18,deepseek/deepseek-chat,sha256:4c0425055517dc171c62832bdfec0767d4893d185300cfc983177acdb9100e33,det-v1,1,accepted,1466,80,6556.170,0.0004590820,false,false
call-000085,arm8_spec_immediate,dev/f1/s1050001/late_accurate,25,deepseek/deepseek-chat,sha256:5fe3c1f3ad078e78cac876808a9ed070863518dae846d5261b3810f3d3533060,det-v1,1,,1732,63,7139.074,0.0005099510,false,true
call-000086,arm8_spec_immediate,dev/f1/s1050001/late_accurate,25,deepseek/deepseek-chat,sha256:5fe3c1f3ad078e78cac876808a9ed070863518dae846d5261b3810f3d3533060,det-v1,1,accepted,1732,63,7139.074,0.0005099510,false,false
call-000087,arm9_spec_heuristic_rollback,dev/f1/s1050001/late_accurate,18,deepseek/deepseek-chat,sha256:4c0425055517dc171c62832bdfec0767d4893d185300cfc983177acdb9100e33,det-v1,1,accepted,1466,80,0.004,0.0004590820,true,false
call-000088,arm9_spec_heuristic_rollback,dev/f1/s1050001/late_accurate,25,deepseek/deepseek-chat,sha256:5fe3c1f3ad078e78cac876808a9ed070863518dae846d5261b3810f3d3533060,det-v1,1,accepted,1732,63,0.003,0.0005099510,true,false
call-000089,arm10_spec_eprocess,dev/f1/s1050001/late_accurate,18,deepseek/deepseek-chat,sha256:4c0425055517dc171c62832bdfec0767d4893d185300cfc983177acdb9100e33,det-v1,1,accepted,1466,80,0.003,0.0004590820,true,false
call-000090,arm10_spec_eprocess,dev/f1/s1050001/late_accurate,25,deepseek/deepseek-chat,sha256:3f32f772a20548bf0262d207e1f5cd24bddfcf3206833a9a004eed9609825b5e,det-v1,1,,1733,142,3608.992,0.0005914990,false,true
call-000091,arm10_spec_eprocess,dev/f1/s1050001/late_accurate,25,deepseek/deepseek-chat,sha256:3f32f772a20548bf0262d207e1f5cd24bddfcf3206833a9a004eed9609825b5e,det-v1,1,accepted,1733,142,3608.992,0.0005914990,false,false
call-000092,arm8_spec_immediate,cal/f1/s1060001/late_accurate,24,deepseek/deepseek-chat,sha256:dedf7f84d1110a8efd8165e990d887aad655055a142f86fd37a69fe264a9408b,det-v1,1,,1698,87,3357.240,0.0005259090,false,true
call-000093,arm8_spec_immediate,cal/f1/s1060001/late_accurate,24,deepseek/deepseek-chat,sha256:dedf7f84d1110a8efd8165e990d887aad655055a142f86fd37a69fe264a9408b,det-v1,1,accepted,1698,87,3357.240,0.0005259090,false,false
call-000094,arm8_spec_immediate,cal/f1/s1060001/late_accurate,36,deepseek/deepseek-chat,sha256:62eb2da9b67e4ab71b6f17a69aea2c00d2fe82d313fa472f04de1e56394ecee5,det-v1,1,,2154,107,3008.264,0.0006636810,false,true
call-000095,arm8_spec_immediate,cal/f1/s1060001/late_accurate,36,deepseek/deepseek-chat,sha256:62eb2da9b67e4ab71b6f17a69aea2c00d2fe82d313fa472f04de1e56394ecee5,det-v1,1,accepted,2154,107,3008.264,0.0006636810,false,false
call-000096,arm9_spec_heuristic_rollback,cal/f1/s1060001/late_accurate,24,deepseek/deepseek-chat,sha256:dedf7f84d1110a8efd8165e990d887aad655055a142f86fd37a69fe264a9408b,det-v1,1,accepted,1698,87,0.002,0.0005259090,true,false
call-000097,arm9_spec_heuristic_rollback,cal/f1/s1060001/late_accurate,36,deepseek/deepseek-chat,sha256:62eb2da9b67e4ab71b6f17a69aea2c00d2fe82d313fa472f04de1e56394ecee5,det-v1,1,accepted,2154,107,0.002,0.0006636810,true,false
call-000098,arm10_spec_eprocess,cal/f1/s1060001/late_accurate,24,deepseek/deepseek-chat,sha256:dedf7f84d1110a8efd8165e990d887aad655055a142f86fd37a69fe264a9408b,det-v1,1,accepted,1698,87,0.002,0.0005259090,true,false
call-000099,arm10_spec_eprocess,cal/f1/s1060001/late_accurate,36,deepseek/deepseek-chat,sha256:62eb2da9b67e4ab71b6f17a69aea2c00d2fe82d313fa472f04de1e56394ecee5,det-v1,1,accepted,2154,107,0.002,0.0006636810,true,false
call-000100,arm8_spec_immediate,dev/f1/s1050000/unreliable,16,deepseek/deepseek-chat,sha256:285b1f9e9eb5e3bf6c9a7e398fad206585a7aa3bb6deb465071511a3047f96fb,det-v1,1,,1393,102,2883.770,0.0004629590,false,true
call-000101,arm8_spec_immediate,dev/f1/s1050000/unreliable,16,deepseek/deepseek-chat,sha256:285b1f9e9eb5e3bf6c9a7e398fad206585a7aa3bb6deb465071511a3047f96fb,det-v1,1,accepted,1393,102,2883.770,0.0004629590,false,false
call-000102,arm8_spec_immediate,dev/f1/s1050000/unreliable,25,deepseek/deepseek-chat,sha256:96372707050d72c36ad6bc4cd2aa8a0f750f7f6d7845d90fceaf59c069c00fd9,det-v1,1,,1735,152,3683.347,0.0006023030,false,true
call-000103,arm8_spec_immediate,dev/f1/s1050000/unreliable,25,deepseek/deepseek-chat,sha256:96372707050d72c36ad6bc4cd2aa8a0f750f7f6d7845d90fceaf59c069c00fd9,det-v1,1,accepted,1735,152,3683.347,0.0006023030,false,false
call-000104,arm9_spec_heuristic_rollback,dev/f1/s1050000/unreliable,16,deepseek/deepseek-chat,sha256:285b1f9e9eb5e3bf6c9a7e398fad206585a7aa3bb6deb465071511a3047f96fb,det-v1,1,accepted,1393,102,0.004,0.0004629590,true,false
call-000105,arm9_spec_heuristic_rollback,dev/f1/s1050000/unreliable,25,deepseek/deepseek-chat,sha256:96372707050d72c36ad6bc4cd2aa8a0f750f7f6d7845d90fceaf59c069c00fd9,det-v1,1,accepted,1735,152,0.003,0.0006023030,true,false
call-000106,arm10_spec_eprocess,dev/f1/s1050000/unreliable,16,deepseek/deepseek-chat,sha256:285b1f9e9eb5e3bf6c9a7e398fad206585a7aa3bb6deb465071511a3047f96fb,det-v1,1,accepted,1393,102,0.003,0.0004629590,true,false
call-000107,arm10_spec_eprocess,dev/f1/s1050000/unreliable,25,deepseek/deepseek-chat,sha256:ac40e23461ac3016568e9285fc0d698ad6d35188ec91c422cf66d6a134c01067,det-v1,1,,1735,152,4087.334,0.0006023030,false,true
call-000108,arm10_spec_eprocess,dev/f1/s1050000/unreliable,25,deepseek/deepseek-chat,sha256:ac40e23461ac3016568e9285fc0d698ad6d35188ec91c422cf66d6a134c01067,det-v1,1,accepted,1735,152,4087.334,0.0006023030,false,false
call-000109,arm8_spec_immediate,dev/f1/s1050000/unreliable__twin,10,deepseek/deepseek-chat,sha256:18a2d6c124e1f897eac6f999517975736b0dc8a28c681c2c8f8b1bb728182412,det-v1,1,accepted,1161,117,0.002,0.0004187700,true,false
call-000110,arm9_spec_heuristic_rollback,dev/f1/s1050000/unreliable__twin,10,deepseek/deepseek-chat,sha256:18a2d6c124e1f897eac6f999517975736b0dc8a28c681c2c8f8b1bb728182412,det-v1,1,accepted,1161,117,0.002,0.0004187700,true,false
call-000111,arm10_spec_eprocess,dev/f1/s1050000/unreliable__twin,10,deepseek/deepseek-chat,sha256:18a2d6c124e1f897eac6f999517975736b0dc8a28c681c2c8f8b1bb728182412,det-v1,1,accepted,1161,117,0.002,0.0004187700,true,false
call-000112,arm8_spec_immediate,cal/f1/s1060000/unreliable,17,deepseek/deepseek-chat,sha256:92aa2d15d36e90e1f71f234eef32a27a5a8995b668ff708f31435abf5cff72d7,det-v1,1,,1436,87,2753.573,0.0004585750,false,true
call-000113,arm8_spec_immediate,cal/f1/s1060000/unreliable,17,deepseek/deepseek-chat,sha256:92aa2d15d36e90e1f71f234eef32a27a5a8995b668ff708f31435abf5cff72d7,det-v1,1,accepted,1436,87,2753.573,0.0004585750,false,false
call-000114,arm8_spec_immediate,cal/f1/s1060000/unreliable,23,deepseek/deepseek-chat,sha256:a0f2eb850628fa1990b20777c2b2c97ce5df4732cb29253fbca53ea6e9a87d52,det-v1,1,,1664,115,3404.799,0.0005459830,false,true
call-000115,arm8_spec_immediate,cal/f1/s1060000/unreliable,23,deepseek/deepseek-chat,sha256:a0f2eb850628fa1990b20777c2b2c97ce5df4732cb29253fbca53ea6e9a87d52,det-v1,1,accepted,1664,115,3404.799,0.0005459830,false,false
call-000116,arm9_spec_heuristic_rollback,cal/f1/s1060000/unreliable,17,deepseek/deepseek-chat,sha256:92aa2d15d36e90e1f71f234eef32a27a5a8995b668ff708f31435abf5cff72d7,det-v1,1,accepted,1436,87,0.004,0.0004585750,true,false
call-000117,arm9_spec_heuristic_rollback,cal/f1/s1060000/unreliable,23,deepseek/deepseek-chat,sha256:a0f2eb850628fa1990b20777c2b2c97ce5df4732cb29253fbca53ea6e9a87d52,det-v1,1,accepted,1664,115,0.003,0.0005459830,true,false
call-000118,arm10_spec_eprocess,cal/f1/s1060000/unreliable,17,deepseek/deepseek-chat,sha256:92aa2d15d36e90e1f71f234eef32a27a5a8995b668ff708f31435abf5cff72d7,det-v1,1,accepted,1436,87,0.004,0.0004585750,true,false
call-000119,arm10_spec_eprocess,cal/f1/s1060000/unreliable,23,deepseek/deepseek-chat,sha256:a0f2eb850628fa1990b20777c2b2c97ce5df4732cb29253fbca53ea6e9a87d52,det-v1,1,accepted,1664,115,0.003,0.0005459830,true,false
call-000120,arm8_spec_immediate,cal/f1/s1060000/unreliable__twin,10,deepseek/deepseek-chat,sha256:356e0910613be5fdffebfe43cffbfb265e676070fef7054c1e2833c844b7666e,det-v1,1,,1165,87,3569.962,0.0003889280,false,true
call-000121,arm8_spec_immediate,cal/f1/s1060000/unreliable__twin,10,deepseek/deepseek-chat,sha256:356e0910613be5fdffebfe43cffbfb265e676070fef7054c1e2833c844b7666e,det-v1,1,accepted,1165,87,3569.962,0.0003889280,false,false
call-000122,arm9_spec_heuristic_rollback,cal/f1/s1060000/unreliable__twin,10,deepseek/deepseek-chat,sha256:356e0910613be5fdffebfe43cffbfb265e676070fef7054c1e2833c844b7666e,det-v1,1,accepted,1165,87,0.002,0.0003889280,true,false
call-000123,arm10_spec_eprocess,cal/f1/s1060000/unreliable__twin,10,deepseek/deepseek-chat,sha256:356e0910613be5fdffebfe43cffbfb265e676070fef7054c1e2833c844b7666e,det-v1,1,accepted,1165,87,0.002,0.0003889280,true,false
call-000124,arm8_spec_immediate,dev/f1/s1050001/unreliable,15,deepseek/deepseek-chat,sha256:0777fac49408797fa2139d52ace7bffe926d6770ea4e3ab4262034969b23315d,det-v1,1,,1340,87,7258.618,0.0004339030,false,true
call-000125,arm8_spec_immediate,dev/f1/s1050001/unreliable,15,deepseek/deepseek-chat,sha256:0777fac49408797fa2139d52ace7bffe926d6770ea4e3ab4262034969b23315d,det-v1,1,accepted,1340,87,7258.618,0.0004339030,false,false
call-000126,arm8_spec_immediate,dev/f1/s1050001/unreliable,23,deepseek/deepseek-chat,sha256:40947f9a23364d6d87ba9559bec2b3de9956b12d90cc91b8dfdeca4c86c2a597,det-v1,1,,1644,63,4582.320,0.0004873350,false,true
call-000127,arm8_spec_immediate,dev/f1/s1050001/unreliable,23,deepseek/deepseek-chat,sha256:40947f9a23364d6d87ba9559bec2b3de9956b12d90cc91b8dfdeca4c86c2a597,det-v1,1,accepted,1644,63,4582.320,0.0004873350,false,false
call-000128,arm9_spec_heuristic_rollback,dev/f1/s1050001/unreliable,15,deepseek/deepseek-chat,sha256:0777fac49408797fa2139d52ace7bffe926d6770ea4e3ab4262034969b23315d,det-v1,1,accepted,1340,87,0.004,0.0004339030,true,false
call-000129,arm9_spec_heuristic_rollback,dev/f1/s1050001/unreliable,23,deepseek/deepseek-chat,sha256:40947f9a23364d6d87ba9559bec2b3de9956b12d90cc91b8dfdeca4c86c2a597,det-v1,1,accepted,1644,63,0.003,0.0004873350,true,false
call-000130,arm10_spec_eprocess,dev/f1/s1050001/unreliable,15,deepseek/deepseek-chat,sha256:0777fac49408797fa2139d52ace7bffe926d6770ea4e3ab4262034969b23315d,det-v1,1,accepted,1340,87,0.003,0.0004339030,true,false
call-000131,arm10_spec_eprocess,dev/f1/s1050001/unreliable,23,deepseek/deepseek-chat,sha256:40947f9a23364d6d87ba9559bec2b3de9956b12d90cc91b8dfdeca4c86c2a597,det-v1,1,accepted,1644,63,0.002,0.0004873350,true,false
call-000132,arm8_spec_immediate,dev/f1/s1050001/unreliable__twin,10,deepseek/deepseek-chat,sha256:81f3ecdb055944a7d88fcc0fd346f3dda4df9557b7fd38948aa747b804224b25,det-v1,1,,1164,63,7677.210,0.0003639750,false,true
call-000133,arm8_spec_immediate,dev/f1/s1050001/unreliable__twin,10,deepseek/deepseek-chat,sha256:81f3ecdb055944a7d88fcc0fd346f3dda4df9557b7fd38948aa747b804224b25,det-v1,1,accepted,1164,63,7677.210,0.0003639750,false,false
call-000134,arm9_spec_heuristic_rollback,dev/f1/s1050001/unreliable__twin,10,deepseek/deepseek-chat,sha256:81f3ecdb055944a7d88fcc0fd346f3dda4df9557b7fd38948aa747b804224b25,det-v1,1,accepted,1164,63,0.003,0.0003639750,true,false
call-000135,arm10_spec_eprocess,dev/f1/s1050001/unreliable__twin,10,deepseek/deepseek-chat,sha256:81f3ecdb055944a7d88fcc0fd346f3dda4df9557b7fd38948aa747b804224b25,det-v1,1,accepted,1164,63,0.003,0.0003639750,true,false
call-000136,arm8_spec_immediate,cal/f1/s1060001/unreliable,21,deepseek/deepseek-chat,sha256:e17874335c0bdfc5cf4b044162e29a8f1ec24b8ee620aea82bdd128ee4a6ed4b,det-v1,1,,1581,76,5240.742,0.0004845210,false,true
call-000137,arm8_spec_immediate,cal/f1/s1060001/unreliable,21,deepseek/deepseek-chat,sha256:e17874335c0bdfc5cf4b044162e29a8f1ec24b8ee620aea82bdd128ee4a6ed4b,det-v1,1,accepted,1581,76,5240.742,0.0004845210,false,false
call-000138,arm8_spec_immediate,cal/f1/s1060001/unreliable,36,deepseek/deepseek-chat,sha256:e48d52b7a0a7868417b5307518329a9f6dd8885c6035fb52898b53a319af9618,det-v1,1,,2151,107,7844.186,0.0006629100,false,true
call-000139,arm8_spec_immediate,cal/f1/s1060001/unreliable,36,deepseek/deepseek-chat,sha256:e48d52b7a0a7868417b5307518329a9f6dd8885c6035fb52898b53a319af9618,det-v1,1,accepted,2151,107,7844.186,0.0006629100,false,false
call-000140,arm9_spec_heuristic_rollback,cal/f1/s1060001/unreliable,21,deepseek/deepseek-chat,sha256:e17874335c0bdfc5cf4b044162e29a8f1ec24b8ee620aea82bdd128ee4a6ed4b,det-v1,1,accepted,1581,76,0.004,0.0004845210,true,false
call-000141,arm9_spec_heuristic_rollback,cal/f1/s1060001/unreliable,36,deepseek/deepseek-chat,sha256:e48d52b7a0a7868417b5307518329a9f6dd8885c6035fb52898b53a319af9618,det-v1,1,accepted,2151,107,0.003,0.0006629100,true,false
call-000142,arm10_spec_eprocess,cal/f1/s1060001/unreliable,21,deepseek/deepseek-chat,sha256:e17874335c0bdfc5cf4b044162e29a8f1ec24b8ee620aea82bdd128ee4a6ed4b,det-v1,1,accepted,1581,76,0.003,0.0004845210,true,false
call-000143,arm10_spec_eprocess,cal/f1/s1060001/unreliable,36,deepseek/deepseek-chat,sha256:da0abaa62a9f887d8f9bc11ca90c45544dcc73ffcd920f1ffc59a02f0cf3eaf3,det-v1,1,,2152,107,3105.712,0.0006631670,false,true
call-000144,arm10_spec_eprocess,cal/f1/s1060001/unreliable,36,deepseek/deepseek-chat,sha256:da0abaa62a9f887d8f9bc11ca90c45544dcc73ffcd920f1ffc59a02f0cf3eaf3,det-v1,1,accepted,2152,107,3105.712,0.0006631670,false,false
call-000145,arm8_spec_immediate,cal/f1/s1060001/unreliable__twin,10,deepseek/deepseek-chat,sha256:ce300ad522a49d287085f6141f138718571611812cfe8e726f68d22c1274ae94,det-v1,1,,1167,87,2460.767,0.0003894420,false,true
call-000146,arm8_spec_immediate,cal/f1/s1060001/unreliable__twin,10,deepseek/deepseek-chat,sha256:ce300ad522a49d287085f6141f138718571611812cfe8e726f68d22c1274ae94,det-v1,1,accepted,1167,87,2460.767,0.0003894420,false,false
call-000147,arm9_spec_heuristic_rollback,cal/f1/s1060001/unreliable__twin,10,deepseek/deepseek-chat,sha256:ce300ad522a49d287085f6141f138718571611812cfe8e726f68d22c1274ae94,det-v1,1,accepted,1167,87,0.004,0.0003894420,true,false
call-000148,arm10_spec_eprocess,cal/f1/s1060001/unreliable__twin,10,deepseek/deepseek-chat,sha256:ce300ad522a49d287085f6141f138718571611812cfe8e726f68d22c1274ae94,det-v1,1,accepted,1167,87,0.003,0.0003894420,true,false
call-000149,arm8_spec_immediate,dev/f2/s2050000/no_alert,28,deepseek/deepseek-chat,sha256:28a6394c6dbe8b5897438d54c6c20a80e9ec9a9d554bd13814cd9496098047cf,det-v1,1,,1809,87,3767.810,0.0005544360,false,true
call-000150,arm8_spec_immediate,dev/f2/s2050000/no_alert,28,deepseek/deepseek-chat,sha256:28a6394c6dbe8b5897438d54c6c20a80e9ec9a9d554bd13814cd9496098047cf,det-v1,1,accepted,1809,87,3767.810,0.0005544360,false,false
call-000151,arm8_spec_immediate,dev/f2/s2050000/no_alert,37,deepseek/deepseek-chat,sha256:5c22f18cbb98e0db155c553b90471c832e2e570f5289718514ebc4e2e04817c8,det-v1,1,,2151,88,5024.680,0.0006433590,false,true
call-000152,arm8_spec_immediate,dev/f2/s2050000/no_alert,37,deepseek/deepseek-chat,sha256:5c22f18cbb98e0db155c553b90471c832e2e570f5289718514ebc4e2e04817c8,det-v1,1,accepted,2151,88,5024.680,0.0006433590,false,false
call-000153,arm9_spec_heuristic_rollback,dev/f2/s2050000/no_alert,28,deepseek/deepseek-chat,sha256:28a6394c6dbe8b5897438d54c6c20a80e9ec9a9d554bd13814cd9496098047cf,det-v1,1,accepted,1809,87,0.004,0.0005544360,true,false
call-000154,arm9_spec_heuristic_rollback,dev/f2/s2050000/no_alert,37,deepseek/deepseek-chat,sha256:5c22f18cbb98e0db155c553b90471c832e2e570f5289718514ebc4e2e04817c8,det-v1,1,accepted,2151,88,0.003,0.0006433590,true,false
call-000155,arm10_spec_eprocess,dev/f2/s2050000/no_alert,28,deepseek/deepseek-chat,sha256:28a6394c6dbe8b5897438d54c6c20a80e9ec9a9d554bd13814cd9496098047cf,det-v1,1,accepted,1809,87,0.003,0.0005544360,true,false
call-000156,arm10_spec_eprocess,dev/f2/s2050000/no_alert,37,deepseek/deepseek-chat,sha256:5c22f18cbb98e0db155c553b90471c832e2e570f5289718514ebc4e2e04817c8,det-v1,1,accepted,2151,88,0.003,0.0006433590,true,false
call-000157,arm8_spec_immediate,dev/f2/s2050000/no_alert__twin,10,deepseek/deepseek-chat,sha256:2b5e5a99b03be3c84c3cd0698e2aefcfab72ff062668c16ce2efd93623d736eb,det-v1,1,,1162,122,3867.019,0.0004241720,false,true
call-000158,arm8_spec_immediate,dev/f2/s2050000/no_alert__twin,10,deepseek/deepseek-chat,sha256:2b5e5a99b03be3c84c3cd0698e2aefcfab72ff062668c16ce2efd93623d736eb,det-v1,1,accepted,1162,122,3867.019,0.0004241720,false,false
call-000159,arm8_spec_immediate,dev/f2/s2050000/no_alert__twin,43,deepseek/deepseek-chat,sha256:8c5c9a8168e90754b1080ec98d8b308119315f0c203c39ec1dee6686cfca27dc,det-v1,1,,2416,88,2729.238,0.0007114640,false,true
call-000160,arm8_spec_immediate,dev/f2/s2050000/no_alert__twin,43,deepseek/deepseek-chat,sha256:8c5c9a8168e90754b1080ec98d8b308119315f0c203c39ec1dee6686cfca27dc,det-v1,1,accepted,2416,88,2729.238,0.0007114640,false,false
call-000161,arm9_spec_heuristic_rollback,dev/f2/s2050000/no_alert__twin,10,deepseek/deepseek-chat,sha256:2b5e5a99b03be3c84c3cd0698e2aefcfab72ff062668c16ce2efd93623d736eb,det-v1,1,accepted,1162,122,0.003,0.0004241720,true,false
call-000162,arm9_spec_heuristic_rollback,dev/f2/s2050000/no_alert__twin,43,deepseek/deepseek-chat,sha256:3673a096544f883794e53cabf9d8f1e4258be4fd780b62f64afe7413c677905a,det-v1,1,,2416,87,5568.931,0.0007104350,false,true
call-000163,arm9_spec_heuristic_rollback,dev/f2/s2050000/no_alert__twin,43,deepseek/deepseek-chat,sha256:3673a096544f883794e53cabf9d8f1e4258be4fd780b62f64afe7413c677905a,det-v1,1,accepted,2416,87,5568.931,0.0007104350,false,false
call-000164,arm10_spec_eprocess,dev/f2/s2050000/no_alert__twin,10,deepseek/deepseek-chat,sha256:2b5e5a99b03be3c84c3cd0698e2aefcfab72ff062668c16ce2efd93623d736eb,det-v1,1,accepted,1162,122,0.002,0.0004241720,true,false
call-000165,arm10_spec_eprocess,dev/f2/s2050000/no_alert__twin,43,deepseek/deepseek-chat,sha256:fa54aa19a1a31b3a1c320b3281dcf3d2bcb083d970b2eccb1ad0f3b8c390fc45,det-v1,1,,2415,63,6536.471,0.0006854820,false,true
call-000166,arm10_spec_eprocess,dev/f2/s2050000/no_alert__twin,43,deepseek/deepseek-chat,sha256:fa54aa19a1a31b3a1c320b3281dcf3d2bcb083d970b2eccb1ad0f3b8c390fc45,det-v1,1,accepted,2415,63,6536.471,0.0006854820,false,false
call-000167,arm8_spec_immediate,cal/f2/s2060000/no_alert,22,deepseek/deepseek-chat,sha256:a0a2502144154492baea623c0ef45944487078db7b9977d8a5afbbbbc0d34265,det-v1,1,,1580,59,5683.690,0.0004667710,false,true
call-000168,arm8_spec_immediate,cal/f2/s2060000/no_alert,22,deepseek/deepseek-chat,sha256:a0a2502144154492baea623c0ef45944487078db7b9977d8a5afbbbbc0d34265,det-v1,1,accepted,1580,59,5683.690,0.0004667710,false,false
call-000169,arm8_spec_immediate,cal/f2/s2060000/no_alert,37,deepseek/deepseek-chat,sha256:974828fd70b2aff7bf46bd379e5962b340536fdb3da04d5e5cbdacd01de7e0cf,det-v1,1,,2150,63,4306.561,0.0006173770,false,true
call-000170,arm8_spec_immediate,cal/f2/s2060000/no_alert,37,deepseek/deepseek-chat,sha256:974828fd70b2aff7bf46bd379e5962b340536fdb3da04d5e5cbdacd01de7e0cf,det-v1,1,accepted,2150,63,4306.561,0.0006173770,false,false
call-000171,arm9_spec_heuristic_rollback,cal/f2/s2060000/no_alert,22,deepseek/deepseek-chat,sha256:a0a2502144154492baea623c0ef45944487078db7b9977d8a5afbbbbc0d34265,det-v1,1,accepted,1580,59,0.004,0.0004667710,true,false
call-000172,arm9_spec_heuristic_rollback,cal/f2/s2060000/no_alert,37,deepseek/deepseek-chat,sha256:974828fd70b2aff7bf46bd379e5962b340536fdb3da04d5e5cbdacd01de7e0cf,det-v1,1,accepted,2150,63,0.004,0.0006173770,true,false
call-000173,arm10_spec_eprocess,cal/f2/s2060000/no_alert,22,deepseek/deepseek-chat,sha256:a0a2502144154492baea623c0ef45944487078db7b9977d8a5afbbbbc0d34265,det-v1,1,accepted,1580,59,0.003,0.0004667710,true,false
call-000174,arm10_spec_eprocess,cal/f2/s2060000/no_alert,37,deepseek/deepseek-chat,sha256:974828fd70b2aff7bf46bd379e5962b340536fdb3da04d5e5cbdacd01de7e0cf,det-v1,1,accepted,2150,63,0.003,0.0006173770,true,false
call-000175,arm8_spec_immediate,cal/f2/s2060000/no_alert__twin,10,deepseek/deepseek-chat,sha256:68218a577846a5aa79b279c98c2bec96dd7bfe2b17fc2331f5c134c232d4261b,det-v1,1,,1166,63,5426.932,0.0003644890,false,true
call-000176,arm8_spec_immediate,cal/f2/s2060000/no_alert__twin,10,deepseek/deepseek-chat,sha256:68218a577846a5aa79b279c98c2bec96dd7bfe2b17fc2331f5c134c232d4261b,det-v1,1,accepted,1166,63,5426.932,0.0003644890,false,false
call-000177,arm9_spec_heuristic_rollback,cal/f2/s2060000/no_alert__twin,10,deepseek/deepseek-chat,sha256:68218a577846a5aa79b279c98c2bec96dd7bfe2b17fc2331f5c134c232d4261b,det-v1,1,accepted,1166,63,0.002,0.0003644890,true,false
call-000178,arm10_spec_eprocess,cal/f2/s2060000/no_alert__twin,10,deepseek/deepseek-chat,sha256:68218a577846a5aa79b279c98c2bec96dd7bfe2b17fc2331f5c134c232d4261b,det-v1,1,accepted,1166,63,0.002,0.0003644890,true,false
call-000179,arm8_spec_immediate,dev/f2/s2050001/no_alert,27,deepseek/deepseek-chat,sha256:56708abed17b31f6b42331b7f5cdeafd254608e78fb9c1036f23450a372ad6bd,det-v1,1,,1770,63,5125.367,0.0005197170,false,true
call-000180,arm8_spec_immediate,dev/f2/s2050001/no_alert,27,deepseek/deepseek-chat,sha256:56708abed17b31f6b42331b7f5cdeafd254608e78fb9c1036f23450a372ad6bd,det-v1,1,accepted,1770,63,5125.367,0.0005197170,false,false
call-000181,arm8_spec_immediate,dev/f2/s2050001/no_alert,44,deepseek/deepseek-chat,sha256:7586607d6c6d665be895bf8f32b291b01286aee9477254df49b6f68c252711cb,det-v1,1,,2417,87,3304.263,0.0007106920,false,true
call-000182,arm8_spec_immediate,dev/f2/s2050001/no_alert,44,deepseek/deepseek-chat,sha256:7586607d6c6d665be895bf8f32b291b01286aee9477254df49b6f68c252711cb,det-v1,1,accepted,2417,87,3304.263,0.0007106920,false,false
call-000183,arm9_spec_heuristic_rollback,dev/f2/s2050001/no_alert,27,deepseek/deepseek-chat,sha256:56708abed17b31f6b42331b7f5cdeafd254608e78fb9c1036f23450a372ad6bd,det-v1,1,accepted,1770,63,0.004,0.0005197170,true,false
call-000184,arm9_spec_heuristic_rollback,dev/f2/s2050001/no_alert,44,deepseek/deepseek-chat,sha256:7586607d6c6d665be895bf8f32b291b01286aee9477254df49b6f68c252711cb,det-v1,1,accepted,2417,87,0.003,0.0007106920,true,false
call-000185,arm10_spec_eprocess,dev/f2/s2050001/no_alert,27,deepseek/deepseek-chat,sha256:56708abed17b31f6b42331b7f5cdeafd254608e78fb9c1036f23450a372ad6bd,det-v1,1,accepted,1770,63,0.004,0.0005197170,true,false
call-000186,arm10_spec_eprocess,dev/f2/s2050001/no_alert,44,deepseek/deepseek-chat,sha256:7586607d6c6d665be895bf8f32b291b01286aee9477254df49b6f68c252711cb,det-v1,1,accepted,2417,87,0.003,0.0007106920,true,false
call-000187,arm8_spec_immediate,dev/f2/s2050001/no_alert__twin,10,deepseek/deepseek-chat,sha256:58bdd81cd23f620da90643d7aa63c06a8b1ac9c430a47240f8ffe2b318572a72,det-v1,1,,1169,87,2940.478,0.0003899560,false,true
call-000188,arm8_spec_immediate,dev/f2/s2050001/no_alert__twin,10,deepseek/deepseek-chat,sha256:58bdd81cd23f620da90643d7aa63c06a8b1ac9c430a47240f8ffe2b318572a72,det-v1,1,accepted,1169,87,2940.478,0.0003899560,false,false
call-000189,arm9_spec_heuristic_rollback,dev/f2/s2050001/no_alert__twin,10,deepseek/deepseek-chat,sha256:58bdd81cd23f620da90643d7aa63c06a8b1ac9c430a47240f8ffe2b318572a72,det-v1,1,accepted,1169,87,0.006,0.0003899560,true,false
call-000190,arm10_spec_eprocess,dev/f2/s2050001/no_alert__twin,10,deepseek/deepseek-chat,sha256:58bdd81cd23f620da90643d7aa63c06a8b1ac9c430a47240f8ffe2b318572a72,det-v1,1,accepted,1169,87,0.002,0.0003899560,true,false
call-000191,arm8_spec_immediate,cal/f2/s2060001/no_alert,37,deepseek/deepseek-chat,sha256:3e41e1b3223ba1b4c4328f800a83d52116a1af8e3e9ddae52b5bd109e140095d,det-v1,1,,2151,87,3015.211,0.0006423300,false,true
call-000192,arm8_spec_immediate,cal/f2/s2060001/no_alert,37,deepseek/deepseek-chat,sha256:3e41e1b3223ba1b4c4328f800a83d52116a1af8e3e9ddae52b5bd109e140095d,det-v1,1,accepted,2151,87,3015.211,0.0006423300,false,false
call-000193,arm8_spec_immediate,cal/f2/s2060001/no_alert,46,deepseek/deepseek-chat,sha256:c4e384bc75a071f7f24d2327704e547fde3f1efcc41ef75b327b7b7d7ec3c3c3,det-v1,1,,2493,87,3516.245,0.0007302240,false,true
call-000194,arm8_spec_immediate,cal/f2/s2060001/no_alert,46,deepseek/deepseek-chat,sha256:c4e384bc75a071f7f24d2327704e547fde3f1efcc41ef75b327b7b7d7ec3c3c3,det-v1,1,accepted,2493,87,3516.245,0.0007302240,false,false
call-000195,arm9_spec_heuristic_rollback,cal/f2/s2060001/no_alert,37,deepseek/deepseek-chat,sha256:3e41e1b3223ba1b4c4328f800a83d52116a1af8e3e9ddae52b5bd109e140095d,det-v1,1,accepted,2151,87,0.004,0.0006423300,true,false
call-000196,arm9_spec_heuristic_rollback,cal/f2/s2060001/no_alert,46,deepseek/deepseek-chat,sha256:c4e384bc75a071f7f24d2327704e547fde3f1efcc41ef75b327b7b7d7ec3c3c3,det-v1,1,accepted,2493,87,0.003,0.0007302240,true,false
call-000197,arm10_spec_eprocess,cal/f2/s2060001/no_alert,37,deepseek/deepseek-chat,sha256:3e41e1b3223ba1b4c4328f800a83d52116a1af8e3e9ddae52b5bd109e140095d,det-v1,1,accepted,2151,87,0.004,0.0006423300,true,false
call-000198,arm10_spec_eprocess,cal/f2/s2060001/no_alert,46,deepseek/deepseek-chat,sha256:c4e384bc75a071f7f24d2327704e547fde3f1efcc41ef75b327b7b7d7ec3c3c3,det-v1,1,accepted,2493,87,0.003,0.0007302240,true,false
call-000199,arm8_spec_immediate,cal/f2/s2060001/no_alert__twin,10,deepseek/deepseek-chat,sha256:04910d50ebf63562063bc16b198a099a05217fc28f45427c8272ae526e0774a1,det-v1,1,,1167,87,3833.248,0.0003894420,false,true
call-000200,arm8_spec_immediate,cal/f2/s2060001/no_alert__twin,10,deepseek/deepseek-chat,sha256:04910d50ebf63562063bc16b198a099a05217fc28f45427c8272ae526e0774a1,det-v1,1,accepted,1167,87,3833.248,0.0003894420,false,false
call-000201,arm9_spec_heuristic_rollback,cal/f2/s2060001/no_alert__twin,10,deepseek/deepseek-chat,sha256:04910d50ebf63562063bc16b198a099a05217fc28f45427c8272ae526e0774a1,det-v1,1,accepted,1167,87,0.001,0.0003894420,true,false
call-000202,arm10_spec_eprocess,cal/f2/s2060001/no_alert__twin,10,deepseek/deepseek-chat,sha256:04910d50ebf63562063bc16b198a099a05217fc28f45427c8272ae526e0774a1,det-v1,1,accepted,1167,87,0.001,0.0003894420,true,false
call-000203,arm8_spec_immediate,dev/f2/s2050000/early_accurate,28,deepseek/deepseek-chat,sha256:530fe3cd7aa340573ce03722782eddbe5901904ec2fee4831cf9db9529867b5e,det-v1,1,,1809,87,3303.166,0.0005544360,false,true
call-000204,arm8_spec_immediate,dev/f2/s2050000/early_accurate,28,deepseek/deepseek-chat,sha256:530fe3cd7aa340573ce03722782eddbe5901904ec2fee4831cf9db9529867b5e,det-v1,1,accepted,1809,87,3303.166,0.0005544360,false,false
call-000205,arm8_spec_immediate,dev/f2/s2050000/early_accurate,37,deepseek/deepseek-chat,sha256:75221cfd8feb3d7115a48a33c232ef1667639f88bc16c70e7114b367d8c13951,det-v1,1,,2151,88,2992.412,0.0006433590,false,true
call-000206,arm8_spec_immediate,dev/f2/s2050000/early_accurate,37,deepseek/deepseek-chat,sha256:75221cfd8feb3d7115a48a33c232ef1667639f88bc16c70e7114b367d8c13951,det-v1,1,accepted,2151,88,2992.412,0.0006433590,false,false
call-000207,arm9_spec_heuristic_rollback,dev/f2/s2050000/early_accurate,28,deepseek/deepseek-chat,sha256:530fe3cd7aa340573ce03722782eddbe5901904ec2fee4831cf9db9529867b5e,det-v1,1,accepted,1809,87,0.004,0.0005544360,true,false
call-000208,arm9_spec_heuristic_rollback,dev/f2/s2050000/early_accurate,37,deepseek/deepseek-chat,sha256:75221cfd8feb3d7115a48a33c232ef1667639f88bc16c70e7114b367d8c13951,det-v1,1,accepted,2151,88,0.003,0.0006433590,true,false
call-000209,arm10_spec_eprocess,dev/f2/s2050000/early_accurate,28,deepseek/deepseek-chat,sha256:530fe3cd7aa340573ce03722782eddbe5901904ec2fee4831cf9db9529867b5e,det-v1,1,accepted,1809,87,0.003,0.0005544360,true,false
call-000210,arm10_spec_eprocess,dev/f2/s2050000/early_accurate,37,deepseek/deepseek-chat,sha256:75221cfd8feb3d7115a48a33c232ef1667639f88bc16c70e7114b367d8c13951,det-v1,1,accepted,2151,88,0.003,0.0006433590,true,false
call-000211,arm8_spec_immediate,dev/f2/s2050000/early_accurate__twin,10,deepseek/deepseek-chat,sha256:757c05476431dae628a48db5f3d80e5c542965f9cd4bc14efb791e2e192a5881,det-v1,1,,1162,122,3577.864,0.0004241720,false,true
call-000212,arm8_spec_immediate,dev/f2/s2050000/early_accurate__twin,10,deepseek/deepseek-chat,sha256:757c05476431dae628a48db5f3d80e5c542965f9cd4bc14efb791e2e192a5881,det-v1,1,accepted,1162,122,3577.864,0.0004241720,false,false
call-000213,arm8_spec_immediate,dev/f2/s2050000/early_accurate__twin,43,deepseek/deepseek-chat,sha256:f66d298a7788d0ca186ddc0290780e87bedcce2cd5472050c45d36eefe823e50,det-v1,1,,2415,63,6667.386,0.0006854820,false,true
call-000214,arm8_spec_immediate,dev/f2/s2050000/early_accurate__twin,43,deepseek/deepseek-chat,sha256:f66d298a7788d0ca186ddc0290780e87bedcce2cd5472050c45d36eefe823e50,det-v1,1,accepted,2415,63,6667.386,0.0006854820,false,false
call-000215,arm9_spec_heuristic_rollback,dev/f2/s2050000/early_accurate__twin,10,deepseek/deepseek-chat,sha256:757c05476431dae628a48db5f3d80e5c542965f9cd4bc14efb791e2e192a5881,det-v1,1,accepted,1162,122,0.004,0.0004241720,true,false
call-000216,arm9_spec_heuristic_rollback,dev/f2/s2050000/early_accurate__twin,43,deepseek/deepseek-chat,sha256:10f45c3f3c3fccfd3bd5c4cddb964a425ea36c2b4ea10f82eb8e295cf2e8b28a,det-v1,1,,2415,63,5888.798,0.0006854820,false,true
call-000217,arm9_spec_heuristic_rollback,dev/f2/s2050000/early_accurate__twin,43,deepseek/deepseek-chat,sha256:10f45c3f3c3fccfd3bd5c4cddb964a425ea36c2b4ea10f82eb8e295cf2e8b28a,det-v1,1,accepted,2415,63,5888.798,0.0006854820,false,false
call-000218,arm10_spec_eprocess,dev/f2/s2050000/early_accurate__twin,10,deepseek/deepseek-chat,sha256:757c05476431dae628a48db5f3d80e5c542965f9cd4bc14efb791e2e192a5881,det-v1,1,accepted,1162,122,0.004,0.0004241720,true,false
call-000219,arm10_spec_eprocess,dev/f2/s2050000/early_accurate__twin,43,deepseek/deepseek-chat,sha256:a7ca26d4df5f277714fe35b8ddb9fca6cb7f3141e899bf98df8ad91b2913e3ef,det-v1,1,,2415,63,4633.488,0.0006854820,false,true
call-000220,arm10_spec_eprocess,dev/f2/s2050000/early_accurate__twin,43,deepseek/deepseek-chat,sha256:a7ca26d4df5f277714fe35b8ddb9fca6cb7f3141e899bf98df8ad91b2913e3ef,det-v1,1,accepted,2415,63,4633.488,0.0006854820,false,false
call-000221,arm8_spec_immediate,cal/f2/s2060000/early_accurate,22,deepseek/deepseek-chat,sha256:9950d9e45a2cfe049c8be2c8bbe71064348f934a7519f9a7530da7c00d4950b6,det-v1,1,,1580,59,11543.840,0.0004667710,false,true
call-000222,arm8_spec_immediate,cal/f2/s2060000/early_accurate,22,deepseek/deepseek-chat,sha256:9950d9e45a2cfe049c8be2c8bbe71064348f934a7519f9a7530da7c00d4950b6,det-v1,1,accepted,1580,59,11543.840,0.0004667710,false,false
call-000223,arm8_spec_immediate,cal/f2/s2060000/early_accurate,37,deepseek/deepseek-chat,sha256:a7f11710fd53b36e77c5d89e992333560306cfc5064da801831f9ccc00b9f33d,det-v1,1,,2151,88,8829.137,0.0006433590,false,true
call-000224,arm8_spec_immediate,cal/f2/s2060000/early_accurate,37,deepseek/deepseek-chat,sha256:a7f11710fd53b36e77c5d89e992333560306cfc5064da801831f9ccc00b9f33d,det-v1,1,accepted,2151,88,8829.137,0.0006433590,false,false
call-000225,arm9_spec_heuristic_rollback,cal/f2/s2060000/early_accurate,22,deepseek/deepseek-chat,sha256:9950d9e45a2cfe049c8be2c8bbe71064348f934a7519f9a7530da7c00d4950b6,det-v1,1,accepted,1580,59,0.004,0.0004667710,true,false
call-000226,arm9_spec_heuristic_rollback,cal/f2/s2060000/early_accurate,37,deepseek/deepseek-chat,sha256:a7f11710fd53b36e77c5d89e992333560306cfc5064da801831f9ccc00b9f33d,det-v1,1,accepted,2151,88,0.003,0.0006433590,true,false
call-000227,arm10_spec_eprocess,cal/f2/s2060000/early_accurate,22,deepseek/deepseek-chat,sha256:9950d9e45a2cfe049c8be2c8bbe71064348f934a7519f9a7530da7c00d4950b6,det-v1,1,accepted,1580,59,0.004,0.0004667710,true,false
call-000228,arm10_spec_eprocess,cal/f2/s2060000/early_accurate,37,deepseek/deepseek-chat,sha256:a7f11710fd53b36e77c5d89e992333560306cfc5064da801831f9ccc00b9f33d,det-v1,1,accepted,2151,88,0.003,0.0006433590,true,false
call-000229,arm8_spec_immediate,cal/f2/s2060000/early_accurate__twin,10,deepseek/deepseek-chat,sha256:a72838cbdc784b52cce9c54eef0cc481272f4e150567cb4a9cc4c871366d0649,det-v1,1,,1167,87,2822.853,0.0003894420,false,true
call-000230,arm8_spec_immediate,cal/f2/s2060000/early_accurate__twin,10,deepseek/deepseek-chat,sha256:a72838cbdc784b52cce9c54eef0cc481272f4e150567cb4a9cc4c871366d0649,det-v1,1,accepted,1167,87,2822.853,0.0003894420,false,false
call-000231,arm9_spec_heuristic_rollback,cal/f2/s2060000/early_accurate__twin,10,deepseek/deepseek-chat,sha256:a72838cbdc784b52cce9c54eef0cc481272f4e150567cb4a9cc4c871366d0649,det-v1,1,accepted,1167,87,0.002,0.0003894420,true,false
call-000232,arm10_spec_eprocess,cal/f2/s2060000/early_accurate__twin,10,deepseek/deepseek-chat,sha256:a72838cbdc784b52cce9c54eef0cc481272f4e150567cb4a9cc4c871366d0649,det-v1,1,accepted,1167,87,0.002,0.0003894420,true,false
call-000233,arm8_spec_immediate,dev/f2/s2050001/early_accurate,27,deepseek/deepseek-chat,sha256:a9bc9c87980284aef24dc7b45f37bb1165c0fac4172622ad33253dfd7a12d60d,det-v1,1,,1771,87,2859.520,0.0005446700,false,true
call-000234,arm8_spec_immediate,dev/f2/s2050001/early_accurate,27,deepseek/deepseek-chat,sha256:a9bc9c87980284aef24dc7b45f37bb1165c0fac4172622ad33253dfd7a12d60d,det-v1,1,accepted,1771,87,2859.520,0.0005446700,false,false
call-000235,arm8_spec_immediate,dev/f2/s2050001/early_accurate,44,deepseek/deepseek-chat,sha256:0cd74f71400f8d23b27386786a11a30248b5e513016994301eefc80e23f9a15c,det-v1,1,,2417,88,3010.508,0.0007117210,false,true
call-000236,arm8_spec_immediate,dev/f2/s2050001/early_accurate,44,deepseek/deepseek-chat,sha256:0cd74f71400f8d23b27386786a11a30248b5e513016994301eefc80e23f9a15c,det-v1,1,accepted,2417,88,3010.508,0.0007117210,false,false
call-000237,arm9_spec_heuristic_rollback,dev/f2/s2050001/early_accurate,27,deepseek/deepseek-chat,sha256:a9bc9c87980284aef24dc7b45f37bb1165c0fac4172622ad33253dfd7a12d60d,det-v1,1,accepted,1771,87,0.004,0.0005446700,true,false
call-000238,arm9_spec_heuristic_rollback,dev/f2/s2050001/early_accurate,44,deepseek/deepseek-chat,sha256:0cd74f71400f8d23b27386786a11a30248b5e513016994301eefc80e23f9a15c,det-v1,1,accepted,2417,88,0.003,0.0007117210,true,false
call-000239,arm10_spec_eprocess,dev/f2/s2050001/early_accurate,27,deepseek/deepseek-chat,sha256:a9bc9c87980284aef24dc7b45f37bb1165c0fac4172622ad33253dfd7a12d60d,det-v1,1,accepted,1771,87,0.003,0.0005446700,true,false
call-000240,arm10_spec_eprocess,dev/f2/s2050001/early_accurate,44,deepseek/deepseek-chat,sha256:0cd74f71400f8d23b27386786a11a30248b5e513016994301eefc80e23f9a15c,det-v1,1,accepted,2417,88,0.003,0.0007117210,true,false
call-000241,arm8_spec_immediate,dev/f2/s2050001/early_accurate__twin,10,deepseek/deepseek-chat,sha256:65eec6724e2da7c1e72428817092986dd991721314a2728166cc0c637fe867ee,det-v1,1,,1169,87,3080.642,0.0003899560,false,true
call-000242,arm8_spec_immediate,dev/f2/s2050001/early_accurate__twin,10,deepseek/deepseek-chat,sha256:65eec6724e2da7c1e72428817092986dd991721314a2728166cc0c637fe867ee,det-v1,1,accepted,1169,87,3080.642,0.0003899560,false,false
call-000243,arm9_spec_heuristic_rollback,dev/f2/s2050001/early_accurate__twin,10,deepseek/deepseek-chat,sha256:65eec6724e2da7c1e72428817092986dd991721314a2728166cc0c637fe867ee,det-v1,1,accepted,1169,87,0.003,0.0003899560,true,false
call-000244,arm10_spec_eprocess,dev/f2/s2050001/early_accurate__twin,10,deepseek/deepseek-chat,sha256:65eec6724e2da7c1e72428817092986dd991721314a2728166cc0c637fe867ee,det-v1,1,accepted,1169,87,0.002,0.0003899560,true,false
call-000245,arm8_spec_immediate,cal/f2/s2060001/early_accurate,37,deepseek/deepseek-chat,sha256:6a24432debebb12d400b265de393136619f2ff2bd9170474416c4ac250a086ff,det-v1,1,,2151,87,3992.485,0.0006423300,false,true
call-000246,arm8_spec_immediate,cal/f2/s2060001/early_accurate,37,deepseek/deepseek-chat,sha256:6a24432debebb12d400b265de393136619f2ff2bd9170474416c4ac250a086ff,det-v1,1,accepted,2151,87,3992.485,0.0006423300,false,false
call-000247,arm8_spec_immediate,cal/f2/s2060001/early_accurate,46,deepseek/deepseek-chat,sha256:9a34873ce4250343e2c879cbf267ec4c18dc37be5c486b2d3ad18a054233f7ff,det-v1,1,,2493,87,2957.937,0.0007302240,false,true
call-000248,arm8_spec_immediate,cal/f2/s2060001/early_accurate,46,deepseek/deepseek-chat,sha256:9a34873ce4250343e2c879cbf267ec4c18dc37be5c486b2d3ad18a054233f7ff,det-v1,1,accepted,2493,87,2957.937,0.0007302240,false,false
call-000249,arm9_spec_heuristic_rollback,cal/f2/s2060001/early_accurate,37,deepseek/deepseek-chat,sha256:6a24432debebb12d400b265de393136619f2ff2bd9170474416c4ac250a086ff,det-v1,1,accepted,2151,87,0.006,0.0006423300,true,false
call-000250,arm9_spec_heuristic_rollback,cal/f2/s2060001/early_accurate,46,deepseek/deepseek-chat,sha256:9a34873ce4250343e2c879cbf267ec4c18dc37be5c486b2d3ad18a054233f7ff,det-v1,1,accepted,2493,87,0.004,0.0007302240,true,false
call-000251,arm10_spec_eprocess,cal/f2/s2060001/early_accurate,37,deepseek/deepseek-chat,sha256:6a24432debebb12d400b265de393136619f2ff2bd9170474416c4ac250a086ff,det-v1,1,accepted,2151,87,0.004,0.0006423300,true,false
call-000252,arm10_spec_eprocess,cal/f2/s2060001/early_accurate,46,deepseek/deepseek-chat,sha256:9a34873ce4250343e2c879cbf267ec4c18dc37be5c486b2d3ad18a054233f7ff,det-v1,1,accepted,2493,87,0.003,0.0007302240,true,false
call-000253,arm8_spec_immediate,cal/f2/s2060001/early_accurate__twin,10,deepseek/deepseek-chat,sha256:dc0fef0c2cc04cad506ce1ceafaf957978f7d4645485a9fa63ee45a951527868,det-v1,1,,1167,87,2928.417,0.0003894420,false,true
call-000254,arm8_spec_immediate,cal/f2/s2060001/early_accurate__twin,10,deepseek/deepseek-chat,sha256:dc0fef0c2cc04cad506ce1ceafaf957978f7d4645485a9fa63ee45a951527868,det-v1,1,accepted,1167,87,2928.417,0.0003894420,false,false
call-000255,arm9_spec_heuristic_rollback,cal/f2/s2060001/early_accurate__twin,10,deepseek/deepseek-chat,sha256:dc0fef0c2cc04cad506ce1ceafaf957978f7d4645485a9fa63ee45a951527868,det-v1,1,accepted,1167,87,0.002,0.0003894420,true,false
call-000256,arm10_spec_eprocess,cal/f2/s2060001/early_accurate__twin,10,deepseek/deepseek-chat,sha256:dc0fef0c2cc04cad506ce1ceafaf957978f7d4645485a9fa63ee45a951527868,det-v1,1,accepted,1167,87,0.002,0.0003894420,true,false
call-000257,arm8_spec_immediate,dev/f2/s2050000/late_accurate,28,deepseek/deepseek-chat,sha256:79901d2a79cc78e8a7edf74f07c85da0cd430195479193c6b8134df5bae68c16,det-v1,1,,1809,87,2970.264,0.0005544360,false,true
call-000258,arm8_spec_immediate,dev/f2/s2050000/late_accurate,28,deepseek/deepseek-chat,sha256:79901d2a79cc78e8a7edf74f07c85da0cd430195479193c6b8134df5bae68c16,det-v1,1,accepted,1809,87,2970.264,0.0005544360,false,false
call-000259,arm8_spec_immediate,dev/f2/s2050000/late_accurate,37,deepseek/deepseek-chat,sha256:af212c4997fc0d8ce5f977884b37d96129fb2657522204ee397da84940fa36eb,det-v1,1,,2151,87,3307.254,0.0006423300,false,true
call-000260,arm8_spec_immediate,dev/f2/s2050000/late_accurate,37,deepseek/deepseek-chat,sha256:af212c4997fc0d8ce5f977884b37d96129fb2657522204ee397da84940fa36eb,det-v1,1,accepted,2151,87,3307.254,0.0006423300,false,false
call-000261,arm9_spec_heuristic_rollback,dev/f2/s2050000/late_accurate,28,deepseek/deepseek-chat,sha256:79901d2a79cc78e8a7edf74f07c85da0cd430195479193c6b8134df5bae68c16,det-v1,1,accepted,1809,87,0.003,0.0005544360,true,false
call-000262,arm9_spec_heuristic_rollback,dev/f2/s2050000/late_accurate,37,deepseek/deepseek-chat,sha256:af212c4997fc0d8ce5f977884b37d96129fb2657522204ee397da84940fa36eb,det-v1,1,accepted,2151,87,0.002,0.0006423300,true,false
call-000263,arm10_spec_eprocess,dev/f2/s2050000/late_accurate,28,deepseek/deepseek-chat,sha256:79901d2a79cc78e8a7edf74f07c85da0cd430195479193c6b8134df5bae68c16,det-v1,1,accepted,1809,87,0.002,0.0005544360,true,false
call-000264,arm10_spec_eprocess,dev/f2/s2050000/late_accurate,37,deepseek/deepseek-chat,sha256:af212c4997fc0d8ce5f977884b37d96129fb2657522204ee397da84940fa36eb,det-v1,1,accepted,2151,87,0.002,0.0006423300,true,false
call-000265,arm8_spec_immediate,cal/f2/s2060000/late_accurate,22,deepseek/deepseek-chat,sha256:f4b78d94db738769476db8fecc78e012ffc93a88c56c5678e023f3a2596c68f0,det-v1,1,,1581,87,2641.324,0.0004958400,false,true
call-000266,arm8_spec_immediate,cal/f2/s2060000/late_accurate,22,deepseek/deepseek-chat,sha256:f4b78d94db738769476db8fecc78e012ffc93a88c56c5678e023f3a2596c68f0,det-v1,1,accepted,1581,87,2641.324,0.0004958400,false,false
call-000267,arm8_spec_immediate,cal/f2/s2060000/late_accurate,37,deepseek/deepseek-chat,sha256:5cdd8b8be9f70ef1d1d62c105f1d8c06a1daaf8f8c4d859008ee4ee33108999b,det-v1,1,,2150,63,8247.761,0.0006173770,false,true
call-000268,arm8_spec_immediate,cal/f2/s2060000/late_accurate,37,deepseek/deepseek-chat,sha256:5cdd8b8be9f70ef1d1d62c105f1d8c06a1daaf8f8c4d859008ee4ee33108999b,det-v1,1,accepted,2150,63,8247.761,0.0006173770,false,false
call-000269,arm9_spec_heuristic_rollback,cal/f2/s2060000/late_accurate,22,deepseek/deepseek-chat,sha256:f4b78d94db738769476db8fecc78e012ffc93a88c56c5678e023f3a2596c68f0,det-v1,1,accepted,1581,87,0.004,0.0004958400,true,false
call-000270,arm9_spec_heuristic_rollback,cal/f2/s2060000/late_accurate,37,deepseek/deepseek-chat,sha256:5cdd8b8be9f70ef1d1d62c105f1d8c06a1daaf8f8c4d859008ee4ee33108999b,det-v1,1,accepted,2150,63,0.003,0.0006173770,true,false
call-000271,arm10_spec_eprocess,cal/f2/s2060000/late_accurate,22,deepseek/deepseek-chat,sha256:f4b78d94db738769476db8fecc78e012ffc93a88c56c5678e023f3a2596c68f0,det-v1,1,accepted,1581,87,0.004,0.0004958400,true,false
call-000272,arm10_spec_eprocess,cal/f2/s2060000/late_accurate,37,deepseek/deepseek-chat,sha256:5cdd8b8be9f70ef1d1d62c105f1d8c06a1daaf8f8c4d859008ee4ee33108999b,det-v1,1,accepted,2150,63,0.003,0.0006173770,true,false
call-000273,arm8_spec_immediate,dev/f2/s2050001/late_accurate,27,deepseek/deepseek-chat,sha256:b803eeebf39f5c4307c1f894e0b16b1ea7629e9ae756e88cad16475b2a43745f,det-v1,1,,1770,63,9255.102,0.0005197170,false,true
call-000274,arm8_spec_immediate,dev/f2/s2050001/late_accurate,27,deepseek/deepseek-chat,sha256:b803eeebf39f5c4307c1f894e0b16b1ea7629e9ae756e88cad16475b2a43745f,det-v1,1,accepted,1770,63,9255.102,0.0005197170,false,false
call-000275,arm8_spec_immediate,dev/f2/s2050001/late_accurate,44,deepseek/deepseek-chat,sha256:690335cbb46f590c10e798ca047f1261a4fc5213f9f2d51b139cb09f709996fc,det-v1,1,,2417,87,8699.338,0.0007106920,false,true
call-000276,arm8_spec_immediate,dev/f2/s2050001/late_accurate,44,deepseek/deepseek-chat,sha256:690335cbb46f590c10e798ca047f1261a4fc5213f9f2d51b139cb09f709996fc,det-v1,1,accepted,2417,87,8699.338,0.0007106920,false,false
call-000277,arm9_spec_heuristic_rollback,dev/f2/s2050001/late_accurate,27,deepseek/deepseek-chat,sha256:b803eeebf39f5c4307c1f894e0b16b1ea7629e9ae756e88cad16475b2a43745f,det-v1,1,accepted,1770,63,0.005,0.0005197170,true,false
call-000278,arm9_spec_heuristic_rollback,dev/f2/s2050001/late_accurate,44,deepseek/deepseek-chat,sha256:690335cbb46f590c10e798ca047f1261a4fc5213f9f2d51b139cb09f709996fc,det-v1,1,accepted,2417,87,0.003,0.0007106920,true,false
call-000279,arm10_spec_eprocess,dev/f2/s2050001/late_accurate,27,deepseek/deepseek-chat,sha256:b803eeebf39f5c4307c1f894e0b16b1ea7629e9ae756e88cad16475b2a43745f,det-v1,1,accepted,1770,63,0.004,0.0005197170,true,false
call-000280,arm10_spec_eprocess,dev/f2/s2050001/late_accurate,44,deepseek/deepseek-chat,sha256:690335cbb46f590c10e798ca047f1261a4fc5213f9f2d51b139cb09f709996fc,det-v1,1,accepted,2417,87,0.003,0.0007106920,true,false
call-000281,arm8_spec_immediate,cal/f2/s2060001/late_accurate,37,deepseek/deepseek-chat,sha256:028798726e3981d9140145fb4387d81f909c10a0f0b4efe986679b4a7e7b9c70,det-v1,1,,2151,87,3081.321,0.0006423300,false,true
call-000282,arm8_spec_immediate,cal/f2/s2060001/late_accurate,37,deepseek/deepseek-chat,sha256:028798726e3981d9140145fb4387d81f909c10a0f0b4efe986679b4a7e7b9c70,det-v1,1,accepted,2151,87,3081.321,0.0006423300,false,false
call-000283,arm8_spec_immediate,cal/f2/s2060001/late_accurate,46,deepseek/deepseek-chat,sha256:b6d520febd884071ba3624699ec443980ec758f10262eec4ae122898107dfc4c,det-v1,1,,2493,87,2259.677,0.0007302240,false,true
call-000284,arm8_spec_immediate,cal/f2/s2060001/late_accurate,46,deepseek/deepseek-chat,sha256:b6d520febd884071ba3624699ec443980ec758f10262eec4ae122898107dfc4c,det-v1,1,accepted,2493,87,2259.677,0.0007302240,false,false
call-000285,arm9_spec_heuristic_rollback,cal/f2/s2060001/late_accurate,37,deepseek/deepseek-chat,sha256:028798726e3981d9140145fb4387d81f909c10a0f0b4efe986679b4a7e7b9c70,det-v1,1,accepted,2151,87,0.002,0.0006423300,true,false
call-000286,arm9_spec_heuristic_rollback,cal/f2/s2060001/late_accurate,46,deepseek/deepseek-chat,sha256:b6d520febd884071ba3624699ec443980ec758f10262eec4ae122898107dfc4c,det-v1,1,accepted,2493,87,0.002,0.0007302240,true,false
call-000287,arm10_spec_eprocess,cal/f2/s2060001/late_accurate,37,deepseek/deepseek-chat,sha256:028798726e3981d9140145fb4387d81f909c10a0f0b4efe986679b4a7e7b9c70,det-v1,1,accepted,2151,87,0.002,0.0006423300,true,false
call-000288,arm10_spec_eprocess,cal/f2/s2060001/late_accurate,46,deepseek/deepseek-chat,sha256:b6d520febd884071ba3624699ec443980ec758f10262eec4ae122898107dfc4c,det-v1,1,accepted,2493,87,0.001,0.0007302240,true,false
call-000289,arm8_spec_immediate,dev/f2/s2050000/unreliable,28,deepseek/deepseek-chat,sha256:d33fe86e4cb69bf25a80c0b2ae28b0c3877954f18ee5bdec867f0474e6d58c0a,det-v1,1,,1809,87,3490.553,0.0005544360,false,true
call-000290,arm8_spec_immediate,dev/f2/s2050000/unreliable,28,deepseek/deepseek-chat,sha256:d33fe86e4cb69bf25a80c0b2ae28b0c3877954f18ee5bdec867f0474e6d58c0a,det-v1,1,accepted,1809,87,3490.553,0.0005544360,false,false
call-000291,arm8_spec_immediate,dev/f2/s2050000/unreliable,37,deepseek/deepseek-chat,sha256:46cbaf91621397f136e873b275ee2eb9ddd7aea28da01942d73f7aabe50f7ee6,det-v1,1,,2151,88,3168.499,0.0006433590,false,true
call-000292,arm8_spec_immediate,dev/f2/s2050000/unreliable,37,deepseek/deepseek-chat,sha256:46cbaf91621397f136e873b275ee2eb9ddd7aea28da01942d73f7aabe50f7ee6,det-v1,1,accepted,2151,88,3168.499,0.0006433590,false,false
call-000293,arm9_spec_heuristic_rollback,dev/f2/s2050000/unreliable,28,deepseek/deepseek-chat,sha256:d33fe86e4cb69bf25a80c0b2ae28b0c3877954f18ee5bdec867f0474e6d58c0a,det-v1,1,accepted,1809,87,0.004,0.0005544360,true,false
call-000294,arm9_spec_heuristic_rollback,dev/f2/s2050000/unreliable,37,deepseek/deepseek-chat,sha256:46cbaf91621397f136e873b275ee2eb9ddd7aea28da01942d73f7aabe50f7ee6,det-v1,1,accepted,2151,88,0.003,0.0006433590,true,false
call-000295,arm10_spec_eprocess,dev/f2/s2050000/unreliable,28,deepseek/deepseek-chat,sha256:d33fe86e4cb69bf25a80c0b2ae28b0c3877954f18ee5bdec867f0474e6d58c0a,det-v1,1,accepted,1809,87,0.003,0.0005544360,true,false
call-000296,arm10_spec_eprocess,dev/f2/s2050000/unreliable,37,deepseek/deepseek-chat,sha256:46cbaf91621397f136e873b275ee2eb9ddd7aea28da01942d73f7aabe50f7ee6,det-v1,1,accepted,2151,88,0.003,0.0006433590,true,false
call-000297,arm8_spec_immediate,cal/f2/s2060000/unreliable,22,deepseek/deepseek-chat,sha256:908cc0885dc6b382e51323614c89b946b9a4e1c7cebe12443db40d758177c575,det-v1,1,,1581,88,4681.867,0.0004968690,false,true
call-000298,arm8_spec_immediate,cal/f2/s2060000/unreliable,22,deepseek/deepseek-chat,sha256:908cc0885dc6b382e51323614c89b946b9a4e1c7cebe12443db40d758177c575,det-v1,1,accepted,1581,88,4681.867,0.0004968690,false,false
call-000299,arm8_spec_immediate,cal/f2/s2060000/unreliable,37,deepseek/deepseek-chat,sha256:7a6e5196706d0edb836aedbbfd35f38f5404b4b11e78ab234a9c52b328286c65,det-v1,1,,2151,87,3160.372,0.0006423300,false,true
call-000300,arm8_spec_immediate,cal/f2/s2060000/unreliable,37,deepseek/deepseek-chat,sha256:7a6e5196706d0edb836aedbbfd35f38f5404b4b11e78ab234a9c52b328286c65,det-v1,1,accepted,2151,87,3160.372,0.0006423300,false,false
call-000301,arm9_spec_heuristic_rollback,cal/f2/s2060000/unreliable,22,deepseek/deepseek-chat,sha256:908cc0885dc6b382e51323614c89b946b9a4e1c7cebe12443db40d758177c575,det-v1,1,accepted,1581,88,0.004,0.0004968690,true,false
call-000302,arm9_spec_heuristic_rollback,cal/f2/s2060000/unreliable,37,deepseek/deepseek-chat,sha256:7a6e5196706d0edb836aedbbfd35f38f5404b4b11e78ab234a9c52b328286c65,det-v1,1,accepted,2151,87,0.003,0.0006423300,true,false
call-000303,arm10_spec_eprocess,cal/f2/s2060000/unreliable,22,deepseek/deepseek-chat,sha256:908cc0885dc6b382e51323614c89b946b9a4e1c7cebe12443db40d758177c575,det-v1,1,accepted,1581,88,0.003,0.0004968690,true,false
call-000304,arm10_spec_eprocess,cal/f2/s2060000/unreliable,37,deepseek/deepseek-chat,sha256:7a6e5196706d0edb836aedbbfd35f38f5404b4b11e78ab234a9c52b328286c65,det-v1,1,accepted,2151,87,0.003,0.0006423300,true,false
call-000305,arm8_spec_immediate,dev/f2/s2050001/unreliable,27,deepseek/deepseek-chat,sha256:8f3914138cba72773d5fe4a76fe6ff317df247b9180b078ae8d66fd1bbd8c842,det-v1,1,,1771,87,3035.993,0.0005446700,false,true
call-000306,arm8_spec_immediate,dev/f2/s2050001/unreliable,27,deepseek/deepseek-chat,sha256:8f3914138cba72773d5fe4a76fe6ff317df247b9180b078ae8d66fd1bbd8c842,det-v1,1,accepted,1771,87,3035.993,0.0005446700,false,false
call-000307,arm8_spec_immediate,dev/f2/s2050001/unreliable,44,deepseek/deepseek-chat,sha256:92c800d2b13bf09a8c1fd5afd453463c28e2a41a488443b395ee9411a77c3360,det-v1,1,,2417,87,2816.606,0.0007106920,false,true
call-000308,arm8_spec_immediate,dev/f2/s2050001/unreliable,44,deepseek/deepseek-chat,sha256:92c800d2b13bf09a8c1fd5afd453463c28e2a41a488443b395ee9411a77c3360,det-v1,1,accepted,2417,87,2816.606,0.0007106920,false,false
call-000309,arm9_spec_heuristic_rollback,dev/f2/s2050001/unreliable,27,deepseek/deepseek-chat,sha256:8f3914138cba72773d5fe4a76fe6ff317df247b9180b078ae8d66fd1bbd8c842,det-v1,1,accepted,1771,87,0.004,0.0005446700,true,false
call-000310,arm9_spec_heuristic_rollback,dev/f2/s2050001/unreliable,44,deepseek/deepseek-chat,sha256:92c800d2b13bf09a8c1fd5afd453463c28e2a41a488443b395ee9411a77c3360,det-v1,1,accepted,2417,87,0.003,0.0007106920,true,false
call-000311,arm10_spec_eprocess,dev/f2/s2050001/unreliable,27,deepseek/deepseek-chat,sha256:8f3914138cba72773d5fe4a76fe6ff317df247b9180b078ae8d66fd1bbd8c842,det-v1,1,accepted,1771,87,0.003,0.0005446700,true,false
call-000312,arm10_spec_eprocess,dev/f2/s2050001/unreliable,44,deepseek/deepseek-chat,sha256:92c800d2b13bf09a8c1fd5afd453463c28e2a41a488443b395ee9411a77c3360,det-v1,1,accepted,2417,87,0.003,0.0007106920,true,false
call-000313,arm8_spec_immediate,cal/f2/s2060001/unreliable,37,deepseek/deepseek-chat,sha256:d96353d66447f508ec9c6b15dd9383cd0f6e8cd9356f0bb543a46d50dd479b79,det-v1,1,,2151,87,3356.746,0.0006423300,false,true
call-000314,arm8_spec_immediate,cal/f2/s2060001/unreliable,37,deepseek/deepseek-chat,sha256:d96353d66447f508ec9c6b15dd9383cd0f6e8cd9356f0bb543a46d50dd479b79,det-v1,1,accepted,2151,87,3356.746,0.0006423300,false,false
call-000315,arm8_spec_immediate,cal/f2/s2060001/unreliable,46,deepseek/deepseek-chat,sha256:ec15fb3fa38446440fd6a5126195b4ac1284e388fa7e58bbd61e674c49317119,det-v1,1,,2493,87,2659.866,0.0007302240,false,true
call-000316,arm8_spec_immediate,cal/f2/s2060001/unreliable,46,deepseek/deepseek-chat,sha256:ec15fb3fa38446440fd6a5126195b4ac1284e388fa7e58bbd61e674c49317119,det-v1,1,accepted,2493,87,2659.866,0.0007302240,false,false
call-000317,arm9_spec_heuristic_rollback,cal/f2/s2060001/unreliable,37,deepseek/deepseek-chat,sha256:d96353d66447f508ec9c6b15dd9383cd0f6e8cd9356f0bb543a46d50dd479b79,det-v1,1,accepted,2151,87,0.004,0.0006423300,true,false
call-000318,arm9_spec_heuristic_rollback,cal/f2/s2060001/unreliable,46,deepseek/deepseek-chat,sha256:ec15fb3fa38446440fd6a5126195b4ac1284e388fa7e58bbd61e674c49317119,det-v1,1,accepted,2493,87,0.003,0.0007302240,true,false
call-000319,arm10_spec_eprocess,cal/f2/s2060001/unreliable,37,deepseek/deepseek-chat,sha256:d96353d66447f508ec9c6b15dd9383cd0f6e8cd9356f0bb543a46d50dd479b79,det-v1,1,accepted,2151,87,0.004,0.0006423300,true,false
call-000320,arm10_spec_eprocess,cal/f2/s2060001/unreliable,46,deepseek/deepseek-chat,sha256:ec15fb3fa38446440fd6a5126195b4ac1284e388fa7e58bbd61e674c49317119,det-v1,1,accepted,2493,87,0.003,0.0007302240,true,false
call-000321,arm8_spec_immediate,cal/f3/s3060000/no_alert,15,deepseek/deepseek-chat,sha256:23b108ef2c9bc8bf7061f31782366fef25fcedc281eaf66aa092a653ab81b9dd,det-v1,1,,1315,87,3200.405,0.0004274780,false,true
call-000322,arm8_spec_immediate,cal/f3/s3060000/no_alert,15,deepseek/deepseek-chat,sha256:23b108ef2c9bc8bf7061f31782366fef25fcedc281eaf66aa092a653ab81b9dd,det-v1,1,accepted,1315,87,3200.405,0.0004274780,false,false
call-000323,arm9_spec_heuristic_rollback,cal/f3/s3060000/no_alert,15,deepseek/deepseek-chat,sha256:23b108ef2c9bc8bf7061f31782366fef25fcedc281eaf66aa092a653ab81b9dd,det-v1,1,accepted,1315,87,0.002,0.0004274780,true,false
call-000324,arm10_spec_eprocess,cal/f3/s3060000/no_alert,15,deepseek/deepseek-chat,sha256:23b108ef2c9bc8bf7061f31782366fef25fcedc281eaf66aa092a653ab81b9dd,det-v1,1,accepted,1315,87,0.001,0.0004274780,true,false
call-000325,arm8_spec_immediate,cal/f3/s3060001/no_alert,23,deepseek/deepseek-chat,sha256:8a1fc1074684ca3758a88e238e635a5563758fd646af06162eeed1d3cb385055,det-v1,1,,1618,63,7921.037,0.0004806530,false,true
call-000326,arm8_spec_immediate,cal/f3/s3060001/no_alert,23,deepseek/deepseek-chat,sha256:8a1fc1074684ca3758a88e238e635a5563758fd646af06162eeed1d3cb385055,det-v1,1,accepted,1618,63,7921.037,0.0004806530,false,false
call-000327,arm9_spec_heuristic_rollback,cal/f3/s3060001/no_alert,23,deepseek/deepseek-chat,sha256:8a1fc1074684ca3758a88e238e635a5563758fd646af06162eeed1d3cb385055,det-v1,1,accepted,1618,63,0.003,0.0004806530,true,false
call-000328,arm10_spec_eprocess,cal/f3/s3060001/no_alert,23,deepseek/deepseek-chat,sha256:8a1fc1074684ca3758a88e238e635a5563758fd646af06162eeed1d3cb385055,det-v1,1,accepted,1618,63,0.003,0.0004806530,true,false
call-000329,arm8_spec_immediate,dev/f3/s3050000/early_accurate,14,deepseek/deepseek-chat,sha256:9b230a46e73ea7b0774e3df4aa49c0c6c76b81203cc8cd36a632768c69c73d08,det-v1,1,,1316,100,10221.116,0.0004411120,false,true
call-000330,arm8_spec_immediate,dev/f3/s3050000/early_accurate,14,deepseek/deepseek-chat,sha256:9b230a46e73ea7b0774e3df4aa49c0c6c76b81203cc8cd36a632768c69c73d08,det-v1,1,accepted,1316,100,10221.116,0.0004411120,false,false
call-000331,arm9_spec_heuristic_rollback,dev/f3/s3050000/early_accurate,14,deepseek/deepseek-chat,sha256:9b230a46e73ea7b0774e3df4aa49c0c6c76b81203cc8cd36a632768c69c73d08,det-v1,1,accepted,1316,100,0.003,0.0004411120,true,false
call-000332,arm10_spec_eprocess,dev/f3/s3050000/early_accurate,14,deepseek/deepseek-chat,sha256:9b230a46e73ea7b0774e3df4aa49c0c6c76b81203cc8cd36a632768c69c73d08,det-v1,1,accepted,1316,100,0.003,0.0004411120,true,false
call-000333,arm8_spec_immediate,cal/f3/s3060000/early_accurate,13,deepseek/deepseek-chat,sha256:b8085dfb47560e34b853385794b1c70c479f8800c322c6302945516094e0cef4,det-v1,1,,1277,73,6032.529,0.0004033060,false,true
call-000334,arm8_spec_immediate,cal/f3/s3060000/early_accurate,13,deepseek/deepseek-chat,sha256:b8085dfb47560e34b853385794b1c70c479f8800c322c6302945516094e0cef4,det-v1,1,accepted,1277,73,6032.529,0.0004033060,false,false
call-000335,arm8_spec_immediate,cal/f3/s3060000/early_accurate,19,deepseek/deepseek-chat,sha256:5f3703114b8e3cc56304ce025c2dfd112c16ce5555c71f619e00e8118c61e68a,det-v1,1,,1506,87,4004.933,0.0004765650,false,true
call-000336,arm8_spec_immediate,cal/f3/s3060000/early_accurate,19,deepseek/deepseek-chat,sha256:5f3703114b8e3cc56304ce025c2dfd112c16ce5555c71f619e00e8118c61e68a,det-v1,1,accepted,1506,87,4004.933,0.0004765650,false,false
call-000337,arm9_spec_heuristic_rollback,cal/f3/s3060000/early_accurate,13,deepseek/deepseek-chat,sha256:b8085dfb47560e34b853385794b1c70c479f8800c322c6302945516094e0cef4,det-v1,1,accepted,1277,73,0.004,0.0004033060,true,false
call-000338,arm9_spec_heuristic_rollback,cal/f3/s3060000/early_accurate,19,deepseek/deepseek-chat,sha256:5f3703114b8e3cc56304ce025c2dfd112c16ce5555c71f619e00e8118c61e68a,det-v1,1,accepted,1506,87,0.003,0.0004765650,true,false
call-000339,arm10_spec_eprocess,cal/f3/s3060000/early_accurate,13,deepseek/deepseek-chat,sha256:b8085dfb47560e34b853385794b1c70c479f8800c322c6302945516094e0cef4,det-v1,1,accepted,1277,73,0.003,0.0004033060,true,false
call-000340,arm10_spec_eprocess,cal/f3/s3060000/early_accurate,19,deepseek/deepseek-chat,sha256:7b4493fb58885fc02bec000d60c86d74cfeaa9ccfc422a57f6e825625ac4732f,det-v1,1,,1506,87,3396.480,0.0004765650,false,true
call-000341,arm10_spec_eprocess,cal/f3/s3060000/early_accurate,19,deepseek/deepseek-chat,sha256:7b4493fb58885fc02bec000d60c86d74cfeaa9ccfc422a57f6e825625ac4732f,det-v1,1,accepted,1506,87,3396.480,0.0004765650,false,false
call-000342,arm8_spec_immediate,dev/f3/s3050001/early_accurate,17,deepseek/deepseek-chat,sha256:42135fdfd41f60162c31e5c9058b11d5b0d8f9254d7596131387ad8ec054bb64,det-v1,1,,1428,78,4006.697,0.0004472580,false,true
call-000343,arm8_spec_immediate,dev/f3/s3050001/early_accurate,17,deepseek/deepseek-chat,sha256:42135fdfd41f60162c31e5c9058b11d5b0d8f9254d7596131387ad8ec054bb64,det-v1,1,accepted,1428,78,4006.697,0.0004472580,false,false
call-000344,arm9_spec_heuristic_rollback,dev/f3/s3050001/early_accurate,17,deepseek/deepseek-chat,sha256:42135fdfd41f60162c31e5c9058b11d5b0d8f9254d7596131387ad8ec054bb64,det-v1,1,accepted,1428,78,0.003,0.0004472580,true,false
call-000345,arm10_spec_eprocess,dev/f3/s3050001/early_accurate,17,deepseek/deepseek-chat,sha256:42135fdfd41f60162c31e5c9058b11d5b0d8f9254d7596131387ad8ec054bb64,det-v1,1,accepted,1428,78,0.003,0.0004472580,true,false
call-000346,arm8_spec_immediate,cal/f3/s3060001/early_accurate,19,deepseek/deepseek-chat,sha256:3e8beb0cc3e2cc71d643e5c92e13407a829dc8f91aba4ce775e72a747a909759,det-v1,1,,1501,104,3676.920,0.0004927730,false,true
call-000347,arm8_spec_immediate,cal/f3/s3060001/early_accurate,19,deepseek/deepseek-chat,sha256:3e8beb0cc3e2cc71d643e5c92e13407a829dc8f91aba4ce775e72a747a909759,det-v1,1,accepted,1501,104,3676.920,0.0004927730,false,false
call-000348,arm8_spec_immediate,cal/f3/s3060001/early_accurate,25,deepseek/deepseek-chat,sha256:0f8b04f04dfa6f458bb174c12de8aabb15b644e99cadb4195b3d0992bdd4301f,det-v1,1,,1729,109,3334.886,0.0005565140,false,true
call-000349,arm8_spec_immediate,cal/f3/s3060001/early_accurate,25,deepseek/deepseek-chat,sha256:0f8b04f04dfa6f458bb174c12de8aabb15b644e99cadb4195b3d0992bdd4301f,det-v1,1,accepted,1729,109,3334.886,0.0005565140,false,false
call-000350,arm9_spec_heuristic_rollback,cal/f3/s3060001/early_accurate,19,deepseek/deepseek-chat,sha256:3e8beb0cc3e2cc71d643e5c92e13407a829dc8f91aba4ce775e72a747a909759,det-v1,1,accepted,1501,104,0.004,0.0004927730,true,false
call-000351,arm9_spec_heuristic_rollback,cal/f3/s3060001/early_accurate,25,deepseek/deepseek-chat,sha256:0f8b04f04dfa6f458bb174c12de8aabb15b644e99cadb4195b3d0992bdd4301f,det-v1,1,accepted,1729,109,0.003,0.0005565140,true,false
call-000352,arm10_spec_eprocess,cal/f3/s3060001/early_accurate,19,deepseek/deepseek-chat,sha256:3e8beb0cc3e2cc71d643e5c92e13407a829dc8f91aba4ce775e72a747a909759,det-v1,1,accepted,1501,104,0.003,0.0004927730,true,false
call-000353,arm10_spec_eprocess,cal/f3/s3060001/early_accurate,25,deepseek/deepseek-chat,sha256:73edba6a091b8135e961f460bad1735ba32c6fb6a8e2f319afaff9ba3c7c40a1,det-v1,1,,1729,109,3716.972,0.0005565140,false,true
call-000354,arm10_spec_eprocess,cal/f3/s3060001/early_accurate,25,deepseek/deepseek-chat,sha256:73edba6a091b8135e961f460bad1735ba32c6fb6a8e2f319afaff9ba3c7c40a1,det-v1,1,accepted,1729,109,3716.972,0.0005565140,false,false
call-000355,arm8_spec_immediate,dev/f3/s3050000/late_accurate,17,deepseek/deepseek-chat,sha256:58003122638ba7662216dea4875e4121b3bc99895da00efc994651ee13d620ce,det-v1,1,,1431,109,2787.929,0.0004799280,false,true
call-000356,arm8_spec_immediate,dev/f3/s3050000/late_accurate,17,deepseek/deepseek-chat,sha256:58003122638ba7662216dea4875e4121b3bc99895da00efc994651ee13d620ce,det-v1,1,accepted,1431,109,2787.929,0.0004799280,false,false
call-000357,arm9_spec_heuristic_rollback,dev/f3/s3050000/late_accurate,17,deepseek/deepseek-chat,sha256:58003122638ba7662216dea4875e4121b3bc99895da00efc994651ee13d620ce,det-v1,1,accepted,1431,109,0.002,0.0004799280,true,false
call-000358,arm10_spec_eprocess,dev/f3/s3050000/late_accurate,17,deepseek/deepseek-chat,sha256:58003122638ba7662216dea4875e4121b3bc99895da00efc994651ee13d620ce,det-v1,1,accepted,1431,109,0.002,0.0004799280,true,false
call-000359,arm8_spec_immediate,cal/f3/s3060000/late_accurate,15,deepseek/deepseek-chat,sha256:1232022f2c6e4fc94d7d92d5fcabbba7aaa43a9d0cd27d75005eed48a0287aa7,det-v1,1,,1315,87,3160.500,0.0004274780,false,true
call-000360,arm8_spec_immediate,cal/f3/s3060000/late_accurate,15,deepseek/deepseek-chat,sha256:1232022f2c6e4fc94d7d92d5fcabbba7aaa43a9d0cd27d75005eed48a0287aa7,det-v1,1,accepted,1315,87,3160.500,0.0004274780,false,false
call-000361,arm9_spec_heuristic_rollback,cal/f3/s3060000/late_accurate,15,deepseek/deepseek-chat,sha256:1232022f2c6e4fc94d7d92d5fcabbba7aaa43a9d0cd27d75005eed48a0287aa7,det-v1,1,accepted,1315,87,0.002,0.0004274780,true,false
call-000362,arm10_spec_eprocess,cal/f3/s3060000/late_accurate,15,deepseek/deepseek-chat,sha256:1232022f2c6e4fc94d7d92d5fcabbba7aaa43a9d0cd27d75005eed48a0287aa7,det-v1,1,accepted,1315,87,0.002,0.0004274780,true,false
call-000363,arm8_spec_immediate,dev/f3/s3050001/late_accurate,20,deepseek/deepseek-chat,sha256:c5a4e25eb123ad92dcd278c3d8194bda1bc98593fcdca81e6b102be23f04a086,det-v1,1,,1543,104,2827.868,0.0005035670,false,true
call-000364,arm8_spec_immediate,dev/f3/s3050001/late_accurate,20,deepseek/deepseek-chat,sha256:c5a4e25eb123ad92dcd278c3d8194bda1bc98593fcdca81e6b102be23f04a086,det-v1,1,accepted,1543,104,2827.868,0.0005035670,false,false
call-000365,arm9_spec_heuristic_rollback,dev/f3/s3050001/late_accurate,20,deepseek/deepseek-chat,sha256:c5a4e25eb123ad92dcd278c3d8194bda1bc98593fcdca81e6b102be23f04a086,det-v1,1,accepted,1543,104,0.002,0.0005035670,true,false
call-000366,arm10_spec_eprocess,dev/f3/s3050001/late_accurate,20,deepseek/deepseek-chat,sha256:c5a4e25eb123ad92dcd278c3d8194bda1bc98593fcdca81e6b102be23f04a086,det-v1,1,accepted,1543,104,0.002,0.0005035670,true,false
call-000367,arm8_spec_immediate,cal/f3/s3060001/late_accurate,22,deepseek/deepseek-chat,sha256:2344afb1769b57a09b3dbdd8d269be870f4572e9548b94e3260b0ad3cf682cd8,det-v1,1,,1614,82,15485.445,0.0004991760,false,true
call-000368,arm8_spec_immediate,cal/f3/s3060001/late_accurate,22,deepseek/deepseek-chat,sha256:2344afb1769b57a09b3dbdd8d269be870f4572e9548b94e3260b0ad3cf682cd8,det-v1,1,accepted,1614,82,15485.445,0.0004991760,false,false
call-000369,arm9_spec_heuristic_rollback,cal/f3/s3060001/late_accurate,22,deepseek/deepseek-chat,sha256:2344afb1769b57a09b3dbdd8d269be870f4572e9548b94e3260b0ad3cf682cd8,det-v1,1,accepted,1614,82,0.004,0.0004991760,true,false
call-000370,arm10_spec_eprocess,cal/f3/s3060001/late_accurate,22,deepseek/deepseek-chat,sha256:2344afb1769b57a09b3dbdd8d269be870f4572e9548b94e3260b0ad3cf682cd8,det-v1,1,accepted,1614,82,0.003,0.0004991760,true,false
call-000371,arm8_spec_immediate,dev/f3/s3050000/unreliable,14,deepseek/deepseek-chat,sha256:9416804dceae923e5ddf38aa073074ede59c43424bc20fe426a6160f80384366,det-v1,1,,1311,77,17014.583,0.0004161600,false,true
call-000372,arm8_spec_immediate,dev/f3/s3050000/unreliable,14,deepseek/deepseek-chat,sha256:9416804dceae923e5ddf38aa073074ede59c43424bc20fe426a6160f80384366,det-v1,1,accepted,1311,77,17014.583,0.0004161600,false,false
call-000373,arm9_spec_heuristic_rollback,dev/f3/s3050000/unreliable,14,deepseek/deepseek-chat,sha256:9416804dceae923e5ddf38aa073074ede59c43424bc20fe426a6160f80384366,det-v1,1,accepted,1311,77,0.003,0.0004161600,true,false
call-000374,arm10_spec_eprocess,dev/f3/s3050000/unreliable,14,deepseek/deepseek-chat,sha256:9416804dceae923e5ddf38aa073074ede59c43424bc20fe426a6160f80384366,det-v1,1,accepted,1311,77,0.003,0.0004161600,true,false
call-000375,arm8_spec_immediate,cal/f3/s3060000/unreliable,13,deepseek/deepseek-chat,sha256:7c3690c035095885aa80ce9a4d4ab29780a4e7d5955e02985b9020a23bd8fdcd,det-v1,1,,1283,129,3614.219,0.0004624720,false,true
call-000376,arm8_spec_immediate,cal/f3/s3060000/unreliable,13,deepseek/deepseek-chat,sha256:7c3690c035095885aa80ce9a4d4ab29780a4e7d5955e02985b9020a23bd8fdcd,det-v1,1,accepted,1283,129,3614.219,0.0004624720,false,false
call-000377,arm8_spec_immediate,cal/f3/s3060000/unreliable,19,deepseek/deepseek-chat,sha256:c864c779c6b231c869da25f802c02226cc72c979ec5d3667d54b0ae7d30d1a18,det-v1,1,,1511,135,2976.496,0.0005272420,false,true
call-000378,arm8_spec_immediate,cal/f3/s3060000/unreliable,19,deepseek/deepseek-chat,sha256:c864c779c6b231c869da25f802c02226cc72c979ec5d3667d54b0ae7d30d1a18,det-v1,1,accepted,1511,135,2976.496,0.0005272420,false,false
call-000379,arm9_spec_heuristic_rollback,cal/f3/s3060000/unreliable,13,deepseek/deepseek-chat,sha256:7c3690c035095885aa80ce9a4d4ab29780a4e7d5955e02985b9020a23bd8fdcd,det-v1,1,accepted,1283,129,0.004,0.0004624720,true,false
call-000380,arm9_spec_heuristic_rollback,cal/f3/s3060000/unreliable,19,deepseek/deepseek-chat,sha256:c864c779c6b231c869da25f802c02226cc72c979ec5d3667d54b0ae7d30d1a18,det-v1,1,accepted,1511,135,0.003,0.0005272420,true,false
call-000381,arm10_spec_eprocess,cal/f3/s3060000/unreliable,13,deepseek/deepseek-chat,sha256:7c3690c035095885aa80ce9a4d4ab29780a4e7d5955e02985b9020a23bd8fdcd,det-v1,1,accepted,1283,129,0.003,0.0004624720,true,false
call-000382,arm10_spec_eprocess,cal/f3/s3060000/unreliable,19,deepseek/deepseek-chat,sha256:51866e14038dc31002939b0377a54f3f9897170e23b4987c03dbf51696b4df3a,det-v1,1,,1511,110,2727.155,0.0005015170,false,true
call-000383,arm10_spec_eprocess,cal/f3/s3060000/unreliable,19,deepseek/deepseek-chat,sha256:51866e14038dc31002939b0377a54f3f9897170e23b4987c03dbf51696b4df3a,det-v1,1,accepted,1511,110,2727.155,0.0005015170,false,false
call-000384,arm8_spec_immediate,dev/f3/s3050001/unreliable,17,deepseek/deepseek-chat,sha256:d5a440a05622b80a7f255cb2a840ae8ebb7233506e38022951661027658a84f0,det-v1,1,,1418,87,2621.645,0.0004539490,false,true
call-000385,arm8_spec_immediate,dev/f3/s3050001/unreliable,17,deepseek/deepseek-chat,sha256:d5a440a05622b80a7f255cb2a840ae8ebb7233506e38022951661027658a84f0,det-v1,1,accepted,1418,87,2621.645,0.0004539490,false,false
call-000386,arm9_spec_heuristic_rollback,dev/f3/s3050001/unreliable,17,deepseek/deepseek-chat,sha256:d5a440a05622b80a7f255cb2a840ae8ebb7233506e38022951661027658a84f0,det-v1,1,accepted,1418,87,0.003,0.0004539490,true,false
call-000387,arm10_spec_eprocess,dev/f3/s3050001/unreliable,17,deepseek/deepseek-chat,sha256:d5a440a05622b80a7f255cb2a840ae8ebb7233506e38022951661027658a84f0,det-v1,1,accepted,1418,87,0.003,0.0004539490,true,false
call-000388,arm8_spec_immediate,cal/f3/s3060001/unreliable,19,deepseek/deepseek-chat,sha256:97810cd643d069214554f46a1578d4454e4f546266b5225ba14f09b8418989b9,det-v1,1,,1512,102,3469.652,0.0004935420,false,true
call-000389,arm8_spec_immediate,cal/f3/s3060001/unreliable,19,deepseek/deepseek-chat,sha256:97810cd643d069214554f46a1578d4454e4f546266b5225ba14f09b8418989b9,det-v1,1,accepted,1512,102,3469.652,0.0004935420,false,false
call-000390,arm8_spec_immediate,cal/f3/s3060001/unreliable,25,deepseek/deepseek-chat,sha256:ed9006101c0b6c040445f68aa87d15c147d95b68bfb462d08dfffdf9f43bc9da,det-v1,1,,1740,118,2872.678,0.0005686020,false,true
call-000391,arm8_spec_immediate,cal/f3/s3060001/unreliable,25,deepseek/deepseek-chat,sha256:ed9006101c0b6c040445f68aa87d15c147d95b68bfb462d08dfffdf9f43bc9da,det-v1,1,fallback,1740,118,2872.678,0.0005686020,false,false
call-000392,arm8_spec_immediate,cal/f3/s3060001/unreliable,25,deepseek/deepseek-chat,sha256:14c5cb5c9806d5bb8d74cc3584a3b225e041a69a3fba53a88c1a27b23d748227,det-v1,2,,1812,107,4719.625,0.0005757870,false,true
call-000393,arm8_spec_immediate,cal/f3/s3060001/unreliable,25,deepseek/deepseek-chat,sha256:14c5cb5c9806d5bb8d74cc3584a3b225e041a69a3fba53a88c1a27b23d748227,det-v1,2,fallback,1812,107,4719.625,0.0005757870,false,false
call-000394,arm9_spec_heuristic_rollback,cal/f3/s3060001/unreliable,19,deepseek/deepseek-chat,sha256:97810cd643d069214554f46a1578d4454e4f546266b5225ba14f09b8418989b9,det-v1,1,accepted,1512,102,0.004,0.0004935420,true,false
call-000395,arm9_spec_heuristic_rollback,cal/f3/s3060001/unreliable,25,deepseek/deepseek-chat,sha256:ed9006101c0b6c040445f68aa87d15c147d95b68bfb462d08dfffdf9f43bc9da,det-v1,1,fallback,1740,118,0.003,0.0005686020,true,false
call-000396,arm9_spec_heuristic_rollback,cal/f3/s3060001/unreliable,25,deepseek/deepseek-chat,sha256:14c5cb5c9806d5bb8d74cc3584a3b225e041a69a3fba53a88c1a27b23d748227,det-v1,2,fallback,1812,107,0.003,0.0005757870,true,false
call-000397,arm10_spec_eprocess,cal/f3/s3060001/unreliable,19,deepseek/deepseek-chat,sha256:97810cd643d069214554f46a1578d4454e4f546266b5225ba14f09b8418989b9,det-v1,1,accepted,1512,102,0.003,0.0004935420,true,false
call-000398,arm10_spec_eprocess,cal/f3/s3060001/unreliable,25,deepseek/deepseek-chat,sha256:46d4357d530b3ba502ed44c73974af37872dbb96d9902f14cd818b55ee022246,det-v1,1,,1740,107,3470.377,0.0005572830,false,true
call-000399,arm10_spec_eprocess,cal/f3/s3060001/unreliable,25,deepseek/deepseek-chat,sha256:46d4357d530b3ba502ed44c73974af37872dbb96d9902f14cd818b55ee022246,det-v1,1,fallback,1740,107,3470.377,0.0005572830,false,false
call-000400,arm10_spec_eprocess,cal/f3/s3060001/unreliable,25,deepseek/deepseek-chat,sha256:b499505c66d5eed79dc0cd31c311d5b5e8fff3326089b1a5a7aeffc2f863d5a7,det-v1,2,,1812,112,2862.755,0.0005809320,false,true
call-000401,arm10_spec_eprocess,cal/f3/s3060001/unreliable,25,deepseek/deepseek-chat,sha256:b499505c66d5eed79dc0cd31c311d5b5e8fff3326089b1a5a7aeffc2f863d5a7,det-v1,2,accepted_after_repair,1812,112,2862.755,0.0005809320,false,false
call-000402,arm8_spec_immediate,dev/f4/s4050000/early_accurate,19,deepseek/deepseek-chat,sha256:6b9dee152df3a35a8220754729ea7d9cb60ccbefd73f6ae6a256cabcef9d4395,det-v1,1,,1502,78,13301.514,0.0004662760,false,true
call-000403,arm8_spec_immediate,dev/f4/s4050000/early_accurate,19,deepseek/deepseek-chat,sha256:6b9dee152df3a35a8220754729ea7d9cb60ccbefd73f6ae6a256cabcef9d4395,det-v1,1,accepted,1502,78,13301.514,0.0004662760,false,false
call-000404,arm9_spec_heuristic_rollback,dev/f4/s4050000/early_accurate,19,deepseek/deepseek-chat,sha256:6b9dee152df3a35a8220754729ea7d9cb60ccbefd73f6ae6a256cabcef9d4395,det-v1,1,accepted,1502,78,0.004,0.0004662760,true,false
call-000405,arm10_spec_eprocess,dev/f4/s4050000/early_accurate,19,deepseek/deepseek-chat,sha256:6b9dee152df3a35a8220754729ea7d9cb60ccbefd73f6ae6a256cabcef9d4395,det-v1,1,accepted,1502,78,0.003,0.0004662760,true,false
call-000406,arm8_spec_immediate,cal/f4/s4060000/early_accurate,15,deepseek/deepseek-chat,sha256:7f549b2b282ec7cfbcb985cbd690791ea8f8ba2fb694446893927e5426ca0bed,det-v1,1,,1350,106,19720.461,0.0004560240,false,true
call-000407,arm8_spec_immediate,cal/f4/s4060000/early_accurate,15,deepseek/deepseek-chat,sha256:7f549b2b282ec7cfbcb985cbd690791ea8f8ba2fb694446893927e5426ca0bed,det-v1,1,accepted,1350,106,19720.461,0.0004560240,false,false
call-000408,arm9_spec_heuristic_rollback,cal/f4/s4060000/early_accurate,15,deepseek/deepseek-chat,sha256:7f549b2b282ec7cfbcb985cbd690791ea8f8ba2fb694446893927e5426ca0bed,det-v1,1,accepted,1350,106,0.002,0.0004560240,true,false
call-000409,arm10_spec_eprocess,cal/f4/s4060000/early_accurate,15,deepseek/deepseek-chat,sha256:7f549b2b282ec7cfbcb985cbd690791ea8f8ba2fb694446893927e5426ca0bed,det-v1,1,accepted,1350,106,0.001,0.0004560240,true,false
call-000410,arm8_spec_immediate,dev/f4/s4050001/early_accurate,17,deepseek/deepseek-chat,sha256:c6ea7e3b4f92a08e8bbea6766c71c9f5fefa5b1269ab2aa26cb6e8e365956bd9,det-v1,1,,1429,105,2871.176,0.0004752980,false,true
call-000411,arm8_spec_immediate,dev/f4/s4050001/early_accurate,17,deepseek/deepseek-chat,sha256:c6ea7e3b4f92a08e8bbea6766c71c9f5fefa5b1269ab2aa26cb6e8e365956bd9,det-v1,1,accepted,1429,105,2871.176,0.0004752980,false,false
call-000412,arm9_spec_heuristic_rollback,dev/f4/s4050001/early_accurate,17,deepseek/deepseek-chat,sha256:c6ea7e3b4f92a08e8bbea6766c71c9f5fefa5b1269ab2aa26cb6e8e365956bd9,det-v1,1,accepted,1429,105,0.002,0.0004752980,true,false
call-000413,arm10_spec_eprocess,dev/f4/s4050001/early_accurate,17,deepseek/deepseek-chat,sha256:c6ea7e3b4f92a08e8bbea6766c71c9f5fefa5b1269ab2aa26cb6e8e365956bd9,det-v1,1,accepted,1429,105,0.001,0.0004752980,true,false
call-000414,arm8_spec_immediate,cal/f4/s4060001/early_accurate,15,deepseek/deepseek-chat,sha256:0e0ff3d8b82a4f08c0e9448d04c43e328419ba86e8eebdf546a6026b1985f36f,det-v1,1,,1355,105,3210.590,0.0004562800,false,true
call-000415,arm8_spec_immediate,cal/f4/s4060001/early_accurate,15,deepseek/deepseek-chat,sha256:0e0ff3d8b82a4f08c0e9448d04c43e328419ba86e8eebdf546a6026b1985f36f,det-v1,1,accepted,1355,105,3210.590,0.0004562800,false,false
call-000416,arm9_spec_heuristic_rollback,cal/f4/s4060001/early_accurate,15,deepseek/deepseek-chat,sha256:0e0ff3d8b82a4f08c0e9448d04c43e328419ba86e8eebdf546a6026b1985f36f,det-v1,1,accepted,1355,105,0.002,0.0004562800,true,false
call-000417,arm10_spec_eprocess,cal/f4/s4060001/early_accurate,15,deepseek/deepseek-chat,sha256:0e0ff3d8b82a4f08c0e9448d04c43e328419ba86e8eebdf546a6026b1985f36f,det-v1,1,accepted,1355,105,0.002,0.0004562800,true,false
call-000418,arm8_spec_immediate,dev/f4/s4050000/late_accurate,22,deepseek/deepseek-chat,sha256:08e0d010b37c2a482eb75d7cf26adc35c18553aca43406d049a4dfb891b1f8a2,det-v1,1,,1617,105,3147.726,0.0005236140,false,true
call-000419,arm8_spec_immediate,dev/f4/s4050000/late_accurate,22,deepseek/deepseek-chat,sha256:08e0d010b37c2a482eb75d7cf26adc35c18553aca43406d049a4dfb891b1f8a2,det-v1,1,accepted,1617,105,3147.726,0.0005236140,false,false
call-000420,arm9_spec_heuristic_rollback,dev/f4/s4050000/late_accurate,22,deepseek/deepseek-chat,sha256:08e0d010b37c2a482eb75d7cf26adc35c18553aca43406d049a4dfb891b1f8a2,det-v1,1,accepted,1617,105,0.002,0.0005236140,true,false
call-000421,arm10_spec_eprocess,dev/f4/s4050000/late_accurate,22,deepseek/deepseek-chat,sha256:08e0d010b37c2a482eb75d7cf26adc35c18553aca43406d049a4dfb891b1f8a2,det-v1,1,accepted,1617,105,0.001,0.0005236140,true,false
call-000422,arm8_spec_immediate,cal/f4/s4060000/late_accurate,18,deepseek/deepseek-chat,sha256:98a0bbf5d3a9dd9f8c5539ae83a41be97bf4ab0d318e7525a3e7c55addebb208,det-v1,1,,1464,105,9504.080,0.0004842930,false,true
call-000423,arm8_spec_immediate,cal/f4/s4060000/late_accurate,18,deepseek/deepseek-chat,sha256:98a0bbf5d3a9dd9f8c5539ae83a41be97bf4ab0d318e7525a3e7c55addebb208,det-v1,1,accepted,1464,105,9504.080,0.0004842930,false,false
call-000424,arm9_spec_heuristic_rollback,cal/f4/s4060000/late_accurate,18,deepseek/deepseek-chat,sha256:98a0bbf5d3a9dd9f8c5539ae83a41be97bf4ab0d318e7525a3e7c55addebb208,det-v1,1,accepted,1464,105,0.003,0.0004842930,true,false
call-000425,arm10_spec_eprocess,cal/f4/s4060000/late_accurate,18,deepseek/deepseek-chat,sha256:98a0bbf5d3a9dd9f8c5539ae83a41be97bf4ab0d318e7525a3e7c55addebb208,det-v1,1,accepted,1464,105,0.003,0.0004842930,true,false
call-000426,arm8_spec_immediate,dev/f4/s4050001/late_accurate,20,deepseek/deepseek-chat,sha256:54dcf2e4fa5213477a4e9ae5464c841df428bde3a70564f3601bb000451e64fc,det-v1,1,,1543,105,2835.353,0.0005045960,false,true
call-000427,arm8_spec_immediate,dev/f4/s4050001/late_accurate,20,deepseek/deepseek-chat,sha256:54dcf2e4fa5213477a4e9ae5464c841df428bde3a70564f3601bb000451e64fc,det-v1,1,accepted,1543,105,2835.353,0.0005045960,false,false
call-000428,arm9_spec_heuristic_rollback,dev/f4/s4050001/late_accurate,20,deepseek/deepseek-chat,sha256:54dcf2e4fa5213477a4e9ae5464c841df428bde3a70564f3601bb000451e64fc,det-v1,1,accepted,1543,105,0.002,0.0005045960,true,false
call-000429,arm10_spec_eprocess,dev/f4/s4050001/late_accurate,20,deepseek/deepseek-chat,sha256:54dcf2e4fa5213477a4e9ae5464c841df428bde3a70564f3601bb000451e64fc,det-v1,1,accepted,1543,105,0.002,0.0005045960,true,false
call-000430,arm8_spec_immediate,cal/f4/s4060001/late_accurate,18,deepseek/deepseek-chat,sha256:def72cb5ccc837f4654eae33872326e4678fe768b96eaddead673e67399cb1e8,det-v1,1,,1469,105,3071.087,0.0004855780,false,true
call-000431,arm8_spec_immediate,cal/f4/s4060001/late_accurate,18,deepseek/deepseek-chat,sha256:def72cb5ccc837f4654eae33872326e4678fe768b96eaddead673e67399cb1e8,det-v1,1,accepted,1469,105,3071.087,0.0004855780,false,false
call-000432,arm9_spec_heuristic_rollback,cal/f4/s4060001/late_accurate,18,deepseek/deepseek-chat,sha256:def72cb5ccc837f4654eae33872326e4678fe768b96eaddead673e67399cb1e8,det-v1,1,accepted,1469,105,0.002,0.0004855780,true,false
call-000433,arm10_spec_eprocess,cal/f4/s4060001/late_accurate,18,deepseek/deepseek-chat,sha256:def72cb5ccc837f4654eae33872326e4678fe768b96eaddead673e67399cb1e8,det-v1,1,accepted,1469,105,0.001,0.0004855780,true,false
call-000434,arm8_spec_immediate,dev/f4/s4050000/unreliable,19,deepseek/deepseek-chat,sha256:c11a63c4b02436bb5eaf740c3b9ed9b4925852b785ec17fe3a2dec629f9e0335,det-v1,1,,1507,103,2878.914,0.0004932860,false,true
call-000435,arm8_spec_immediate,dev/f4/s4050000/unreliable,19,deepseek/deepseek-chat,sha256:c11a63c4b02436bb5eaf740c3b9ed9b4925852b785ec17fe3a2dec629f9e0335,det-v1,1,accepted,1507,103,2878.914,0.0004932860,false,false
call-000436,arm9_spec_heuristic_rollback,dev/f4/s4050000/unreliable,19,deepseek/deepseek-chat,sha256:c11a63c4b02436bb5eaf740c3b9ed9b4925852b785ec17fe3a2dec629f9e0335,det-v1,1,accepted,1507,103,0.002,0.0004932860,true,false
call-000437,arm10_spec_eprocess,dev/f4/s4050000/unreliable,19,deepseek/deepseek-chat,sha256:c11a63c4b02436bb5eaf740c3b9ed9b4925852b785ec17fe3a2dec629f9e0335,det-v1,1,accepted,1507,103,0.002,0.0004932860,true,false
call-000438,arm8_spec_immediate,cal/f4/s4060000/unreliable,15,deepseek/deepseek-chat,sha256:c04eb222ff23abee653982c73a094b628a4f280c3095f2a0d3ef21172aa4c9af,det-v1,1,,1356,87,3041.297,0.0004380150,false,true
call-000439,arm8_spec_immediate,cal/f4/s4060000/unreliable,15,deepseek/deepseek-chat,sha256:c04eb222ff23abee653982c73a094b628a4f280c3095f2a0d3ef21172aa4c9af,det-v1,1,accepted,1356,87,3041.297,0.0004380150,false,false
call-000440,arm9_spec_heuristic_rollback,cal/f4/s4060000/unreliable,15,deepseek/deepseek-chat,sha256:c04eb222ff23abee653982c73a094b628a4f280c3095f2a0d3ef21172aa4c9af,det-v1,1,accepted,1356,87,0.002,0.0004380150,true,false
call-000441,arm10_spec_eprocess,cal/f4/s4060000/unreliable,15,deepseek/deepseek-chat,sha256:c04eb222ff23abee653982c73a094b628a4f280c3095f2a0d3ef21172aa4c9af,det-v1,1,accepted,1356,87,0.001,0.0004380150,true,false
call-000442,arm8_spec_immediate,dev/f4/s4050001/unreliable,17,deepseek/deepseek-chat,sha256:3d506766de6ba28b7341834dc519077327f912386225f92aa4ff9ecdadb37def,det-v1,1,,1417,87,2804.781,0.0004536920,false,true
call-000443,arm8_spec_immediate,dev/f4/s4050001/unreliable,17,deepseek/deepseek-chat,sha256:3d506766de6ba28b7341834dc519077327f912386225f92aa4ff9ecdadb37def,det-v1,1,accepted,1417,87,2804.781,0.0004536920,false,false
call-000444,arm9_spec_heuristic_rollback,dev/f4/s4050001/unreliable,17,deepseek/deepseek-chat,sha256:3d506766de6ba28b7341834dc519077327f912386225f92aa4ff9ecdadb37def,det-v1,1,accepted,1417,87,0.002,0.0004536920,true,false
call-000445,arm10_spec_eprocess,dev/f4/s4050001/unreliable,17,deepseek/deepseek-chat,sha256:3d506766de6ba28b7341834dc519077327f912386225f92aa4ff9ecdadb37def,det-v1,1,accepted,1417,87,0.002,0.0004536920,true,false
call-000446,arm8_spec_immediate,cal/f4/s4060001/unreliable,15,deepseek/deepseek-chat,sha256:509031a7908f8d8f7f9fde73e130eae32fe4bbb70084b8fbaf43a484413ac932,det-v1,1,,1354,104,37191.845,0.0004549940,false,true
call-000447,arm8_spec_immediate,cal/f4/s4060001/unreliable,15,deepseek/deepseek-chat,sha256:509031a7908f8d8f7f9fde73e130eae32fe4bbb70084b8fbaf43a484413ac932,det-v1,1,accepted,1354,104,37191.845,0.0004549940,false,false
call-000448,arm9_spec_heuristic_rollback,cal/f4/s4060001/unreliable,15,deepseek/deepseek-chat,sha256:509031a7908f8d8f7f9fde73e130eae32fe4bbb70084b8fbaf43a484413ac932,det-v1,1,accepted,1354,104,0.002,0.0004549940,true,false
call-000449,arm10_spec_eprocess,cal/f4/s4060001/unreliable,15,deepseek/deepseek-chat,sha256:509031a7908f8d8f7f9fde73e130eae32fe4bbb70084b8fbaf43a484413ac932,det-v1,1,accepted,1354,104,0.002,0.0004549940,true,false
call-000450,arm8_spec_immediate,dev/f5/s5050000/early_accurate,20,deepseek/deepseek-chat,sha256:25c294ed1e24004671bb83cabfe5cc5da1506047dbf2ce8f5a95f2765c19f322,det-v1,1,,1550,100,2866.806,0.0005012500,false,true
call-000451,arm8_spec_immediate,dev/f5/s5050000/early_accurate,20,deepseek/deepseek-chat,sha256:25c294ed1e24004671bb83cabfe5cc5da1506047dbf2ce8f5a95f2765c19f322,det-v1,1,accepted,1550,100,2866.806,0.0005012500,false,false
call-000452,arm9_spec_heuristic_rollback,dev/f5/s5050000/early_accurate,20,deepseek/deepseek-chat,sha256:25c294ed1e24004671bb83cabfe5cc5da1506047dbf2ce8f5a95f2765c19f322,det-v1,1,accepted,1550,100,0.002,0.0005012500,true,false
call-000453,arm10_spec_eprocess,dev/f5/s5050000/early_accurate,20,deepseek/deepseek-chat,sha256:25c294ed1e24004671bb83cabfe5cc5da1506047dbf2ce8f5a95f2765c19f322,det-v1,1,accepted,1550,100,0.002,0.0005012500,true,false
call-000454,arm8_spec_immediate,cal/f5/s5060000/early_accurate,18,deepseek/deepseek-chat,sha256:23976dfd7a5425ad74a765f9bf574820624a3bb826a6e0d4d236c9fcdc14fac2,det-v1,1,,1469,100,3434.534,0.0004804330,false,true
call-000455,arm8_spec_immediate,cal/f5/s5060000/early_accurate,18,deepseek/deepseek-chat,sha256:23976dfd7a5425ad74a765f9bf574820624a3bb826a6e0d4d236c9fcdc14fac2,det-v1,1,accepted,1469,100,3434.534,0.0004804330,false,false
call-000456,arm9_spec_heuristic_rollback,cal/f5/s5060000/early_accurate,18,deepseek/deepseek-chat,sha256:23976dfd7a5425ad74a765f9bf574820624a3bb826a6e0d4d236c9fcdc14fac2,det-v1,1,accepted,1469,100,0.002,0.0004804330,true,false
call-000457,arm10_spec_eprocess,cal/f5/s5060000/early_accurate,18,deepseek/deepseek-chat,sha256:23976dfd7a5425ad74a765f9bf574820624a3bb826a6e0d4d236c9fcdc14fac2,det-v1,1,accepted,1469,100,0.002,0.0004804330,true,false
call-000458,arm8_spec_immediate,dev/f5/s5050001/early_accurate,15,deepseek/deepseek-chat,sha256:7f90b7b4d8d7e65486ec4a9eff40e98f7484ce39187d934b7bdb44b3362e7dc7,det-v1,1,,1350,103,3568.335,0.0004529370,false,true
call-000459,arm8_spec_immediate,dev/f5/s5050001/early_accurate,15,deepseek/deepseek-chat,sha256:7f90b7b4d8d7e65486ec4a9eff40e98f7484ce39187d934b7bdb44b3362e7dc7,det-v1,1,accepted,1350,103,3568.335,0.0004529370,false,false
call-000460,arm9_spec_heuristic_rollback,dev/f5/s5050001/early_accurate,15,deepseek/deepseek-chat,sha256:7f90b7b4d8d7e65486ec4a9eff40e98f7484ce39187d934b7bdb44b3362e7dc7,det-v1,1,accepted,1350,103,0.003,0.0004529370,true,false
call-000461,arm10_spec_eprocess,dev/f5/s5050001/early_accurate,15,deepseek/deepseek-chat,sha256:7f90b7b4d8d7e65486ec4a9eff40e98f7484ce39187d934b7bdb44b3362e7dc7,det-v1,1,accepted,1350,103,0.003,0.0004529370,true,false
call-000462,arm8_spec_immediate,cal/f5/s5060001/early_accurate,21,deepseek/deepseek-chat,sha256:2d5934d51734ad67367bbc0feceedb3caff7a68b0b4fa0e92654e098eb488414,det-v1,1,,1585,103,3151.802,0.0005133320,false,true
call-000463,arm8_spec_immediate,cal/f5/s5060001/early_accurate,21,deepseek/deepseek-chat,sha256:2d5934d51734ad67367bbc0feceedb3caff7a68b0b4fa0e92654e098eb488414,det-v1,1,accepted,1585,103,3151.802,0.0005133320,false,false
call-000464,arm9_spec_heuristic_rollback,cal/f5/s5060001/early_accurate,21,deepseek/deepseek-chat,sha256:2d5934d51734ad67367bbc0feceedb3caff7a68b0b4fa0e92654e098eb488414,det-v1,1,accepted,1585,103,0.002,0.0005133320,true,false
call-000465,arm10_spec_eprocess,cal/f5/s5060001/early_accurate,21,deepseek/deepseek-chat,sha256:2d5934d51734ad67367bbc0feceedb3caff7a68b0b4fa0e92654e098eb488414,det-v1,1,accepted,1585,103,0.001,0.0005133320,true,false
call-000466,arm8_spec_immediate,dev/f5/s5050000/late_accurate,23,deepseek/deepseek-chat,sha256:54b8459b20d50deedc3d4c135d504af520f0ccf9744065be683e39d56019a41e,det-v1,1,,1664,103,3245.985,0.0005336350,false,true
call-000467,arm8_spec_immediate,dev/f5/s5050000/late_accurate,23,deepseek/deepseek-chat,sha256:54b8459b20d50deedc3d4c135d504af520f0ccf9744065be683e39d56019a41e,det-v1,1,accepted,1664,103,3245.985,0.0005336350,false,false
call-000468,arm9_spec_heuristic_rollback,dev/f5/s5050000/late_accurate,23,deepseek/deepseek-chat,sha256:54b8459b20d50deedc3d4c135d504af520f0ccf9744065be683e39d56019a41e,det-v1,1,accepted,1664,103,0.002,0.0005336350,true,false
call-000469,arm10_spec_eprocess,dev/f5/s5050000/late_accurate,23,deepseek/deepseek-chat,sha256:54b8459b20d50deedc3d4c135d504af520f0ccf9744065be683e39d56019a41e,det-v1,1,accepted,1664,103,0.002,0.0005336350,true,false
call-000470,arm8_spec_immediate,cal/f5/s5060000/late_accurate,21,deepseek/deepseek-chat,sha256:82168100f985af07814844bef4ecdc371ea8fa1d7dfec7b1cca1889f5b296cd9,det-v1,1,,1583,104,2609.576,0.0005138470,false,true
call-000471,arm8_spec_immediate,cal/f5/s5060000/late_accurate,21,deepseek/deepseek-chat,sha256:82168100f985af07814844bef4ecdc371ea8fa1d7dfec7b1cca1889f5b296cd9,det-v1,1,accepted,1583,104,2609.576,0.0005138470,false,false
call-000472,arm9_spec_heuristic_rollback,cal/f5/s5060000/late_accurate,21,deepseek/deepseek-chat,sha256:82168100f985af07814844bef4ecdc371ea8fa1d7dfec7b1cca1889f5b296cd9,det-v1,1,accepted,1583,104,0.002,0.0005138470,true,false
call-000473,arm10_spec_eprocess,cal/f5/s5060000/late_accurate,21,deepseek/deepseek-chat,sha256:82168100f985af07814844bef4ecdc371ea8fa1d7dfec7b1cca1889f5b296cd9,det-v1,1,accepted,1583,104,0.002,0.0005138470,true,false
call-000474,arm8_spec_immediate,dev/f5/s5050001/late_accurate,18,deepseek/deepseek-chat,sha256:d4e7859aac2a92061e5b3772615da119a204d5246f0d4ef3311d3be6ae3798af,det-v1,1,,1464,104,3406.124,0.0004832640,false,true
call-000475,arm8_spec_immediate,dev/f5/s5050001/late_accurate,18,deepseek/deepseek-chat,sha256:d4e7859aac2a92061e5b3772615da119a204d5246f0d4ef3311d3be6ae3798af,det-v1,1,accepted,1464,104,3406.124,0.0004832640,false,false
call-000476,arm9_spec_heuristic_rollback,dev/f5/s5050001/late_accurate,18,deepseek/deepseek-chat,sha256:d4e7859aac2a92061e5b3772615da119a204d5246f0d4ef3311d3be6ae3798af,det-v1,1,accepted,1464,104,0.002,0.0004832640,true,false
call-000477,arm10_spec_eprocess,dev/f5/s5050001/late_accurate,18,deepseek/deepseek-chat,sha256:d4e7859aac2a92061e5b3772615da119a204d5246f0d4ef3311d3be6ae3798af,det-v1,1,accepted,1464,104,0.001,0.0004832640,true,false
call-000478,arm8_spec_immediate,cal/f5/s5060001/late_accurate,24,deepseek/deepseek-chat,sha256:6177555edcd6a291236fc2e59389ebf55881c02b87a1af73a841b619d15f73f6,det-v1,1,,1699,104,18955.191,0.0005436590,false,true
call-000479,arm8_spec_immediate,cal/f5/s5060001/late_accurate,24,deepseek/deepseek-chat,sha256:6177555edcd6a291236fc2e59389ebf55881c02b87a1af73a841b619d15f73f6,det-v1,1,accepted,1699,104,18955.191,0.0005436590,false,false
call-000480,arm9_spec_heuristic_rollback,cal/f5/s5060001/late_accurate,24,deepseek/deepseek-chat,sha256:6177555edcd6a291236fc2e59389ebf55881c02b87a1af73a841b619d15f73f6,det-v1,1,accepted,1699,104,0.004,0.0005436590,true,false
call-000481,arm10_spec_eprocess,cal/f5/s5060001/late_accurate,24,deepseek/deepseek-chat,sha256:6177555edcd6a291236fc2e59389ebf55881c02b87a1af73a841b619d15f73f6,det-v1,1,accepted,1699,104,0.003,0.0005436590,true,false
call-000482,arm8_spec_immediate,dev/f5/s5050000/unreliable,20,deepseek/deepseek-chat,sha256:79943eb059296198e592234d6a4f31b80b39aa48755dcc480ea5d453bb9a13fd,det-v1,1,,1543,100,2822.496,0.0004994510,false,true
call-000483,arm8_spec_immediate,dev/f5/s5050000/unreliable,20,deepseek/deepseek-chat,sha256:79943eb059296198e592234d6a4f31b80b39aa48755dcc480ea5d453bb9a13fd,det-v1,1,accepted,1543,100,2822.496,0.0004994510,false,false
call-000484,arm9_spec_heuristic_rollback,dev/f5/s5050000/unreliable,20,deepseek/deepseek-chat,sha256:79943eb059296198e592234d6a4f31b80b39aa48755dcc480ea5d453bb9a13fd,det-v1,1,accepted,1543,100,0.002,0.0004994510,true,false
call-000485,arm10_spec_eprocess,dev/f5/s5050000/unreliable,20,deepseek/deepseek-chat,sha256:79943eb059296198e592234d6a4f31b80b39aa48755dcc480ea5d453bb9a13fd,det-v1,1,accepted,1543,100,0.001,0.0004994510,true,false
call-000486,arm8_spec_immediate,cal/f5/s5060000/unreliable,18,deepseek/deepseek-chat,sha256:d966ba4427b25cfd61254b8aad1c1387226853fe2d73867a8c774fdd62ea4042,det-v1,1,,1473,63,16207.315,0.0004433880,false,true
call-000487,arm8_spec_immediate,cal/f5/s5060000/unreliable,18,deepseek/deepseek-chat,sha256:d966ba4427b25cfd61254b8aad1c1387226853fe2d73867a8c774fdd62ea4042,det-v1,1,accepted,1473,63,16207.315,0.0004433880,false,false
call-000488,arm9_spec_heuristic_rollback,cal/f5/s5060000/unreliable,18,deepseek/deepseek-chat,sha256:d966ba4427b25cfd61254b8aad1c1387226853fe2d73867a8c774fdd62ea4042,det-v1,1,accepted,1473,63,0.004,0.0004433880,true,false
call-000489,arm10_spec_eprocess,cal/f5/s5060000/unreliable,18,deepseek/deepseek-chat,sha256:d966ba4427b25cfd61254b8aad1c1387226853fe2d73867a8c774fdd62ea4042,det-v1,1,accepted,1473,63,0.003,0.0004433880,true,false
call-000490,arm8_spec_immediate,dev/f5/s5050001/unreliable,15,deepseek/deepseek-chat,sha256:bdcfe17b42163a52e530e074611fd39d96ac921efd192c2bfaee3619808f6575,det-v1,1,,1340,87,3030.794,0.0004339030,false,true
call-000491,arm8_spec_immediate,dev/f5/s5050001/unreliable,15,deepseek/deepseek-chat,sha256:bdcfe17b42163a52e530e074611fd39d96ac921efd192c2bfaee3619808f6575,det-v1,1,accepted,1340,87,3030.794,0.0004339030,false,false
call-000492,arm9_spec_heuristic_rollback,dev/f5/s5050001/unreliable,15,deepseek/deepseek-chat,sha256:bdcfe17b42163a52e530e074611fd39d96ac921efd192c2bfaee3619808f6575,det-v1,1,accepted,1340,87,0.002,0.0004339030,true,false
call-000493,arm10_spec_eprocess,dev/f5/s5050001/unreliable,15,deepseek/deepseek-chat,sha256:bdcfe17b42163a52e530e074611fd39d96ac921efd192c2bfaee3619808f6575,det-v1,1,accepted,1340,87,0.002,0.0004339030,true,false
call-000494,arm8_spec_immediate,cal/f5/s5060001/unreliable,21,deepseek/deepseek-chat,sha256:93db056dda657cc965c48fbd75630d8497dcb2209d3777905efbb33ef74a04de,det-v1,1,,1594,104,3076.712,0.0005166740,false,true
call-000495,arm8_spec_immediate,cal/f5/s5060001/unreliable,21,deepseek/deepseek-chat,sha256:93db056dda657cc965c48fbd75630d8497dcb2209d3777905efbb33ef74a04de,det-v1,1,accepted,1594,104,3076.712,0.0005166740,false,false
call-000496,arm9_spec_heuristic_rollback,cal/f5/s5060001/unreliable,21,deepseek/deepseek-chat,sha256:93db056dda657cc965c48fbd75630d8497dcb2209d3777905efbb33ef74a04de,det-v1,1,accepted,1594,104,0.002,0.0005166740,true,false
call-000497,arm10_spec_eprocess,cal/f5/s5060001/unreliable,21,deepseek/deepseek-chat,sha256:93db056dda657cc965c48fbd75630d8497dcb2209d3777905efbb33ef74a04de,det-v1,1,accepted,1594,104,0.002,0.0005166740,true,false
call-000498,arm8_spec_immediate,dev/f6/s6050000/no_alert,22,deepseek/deepseek-chat,sha256:4bd6e1ba1d4020602fed697522319f66a1923ddc3ece81877e117530900a1633,det-v1,1,,1581,87,2985.496,0.0004958400,false,true
call-000499,arm8_spec_immediate,dev/f6/s6050000/no_alert,22,deepseek/deepseek-chat,sha256:4bd6e1ba1d4020602fed697522319f66a1923ddc3ece81877e117530900a1633,det-v1,1,accepted,1581,87,2985.496,0.0004958400,false,false
call-000500,arm9_spec_heuristic_rollback,dev/f6/s6050000/no_alert,22,deepseek/deepseek-chat,sha256:4bd6e1ba1d4020602fed697522319f66a1923ddc3ece81877e117530900a1633,det-v1,1,accepted,1581,87,0.002,0.0004958400,true,false
call-000501,arm10_spec_eprocess,dev/f6/s6050000/no_alert,22,deepseek/deepseek-chat,sha256:4bd6e1ba1d4020602fed697522319f66a1923ddc3ece81877e117530900a1633,det-v1,1,accepted,1581,87,0.002,0.0004958400,true,false
call-000502,arm8_spec_immediate,cal/f6/s6060000/no_alert,18,deepseek/deepseek-chat,sha256:2d9792f5f8c8a3693410ecc021478ece53250e9fe8238742365986e674af1a49,det-v1,1,,1428,63,17535.115,0.0004318230,false,true
call-000503,arm8_spec_immediate,cal/f6/s6060000/no_alert,18,deepseek/deepseek-chat,sha256:2d9792f5f8c8a3693410ecc021478ece53250e9fe8238742365986e674af1a49,det-v1,1,accepted,1428,63,17535.115,0.0004318230,false,false
call-000504,arm9_spec_heuristic_rollback,cal/f6/s6060000/no_alert,18,deepseek/deepseek-chat,sha256:2d9792f5f8c8a3693410ecc021478ece53250e9fe8238742365986e674af1a49,det-v1,1,accepted,1428,63,0.003,0.0004318230,true,false
call-000505,arm10_spec_eprocess,cal/f6/s6060000/no_alert,18,deepseek/deepseek-chat,sha256:2d9792f5f8c8a3693410ecc021478ece53250e9fe8238742365986e674af1a49,det-v1,1,accepted,1428,63,0.003,0.0004318230,true,false
call-000506,arm8_spec_immediate,dev/f6/s6050001/no_alert,25,deepseek/deepseek-chat,sha256:6fd1ee17f169eb2ebe3e1f868f04051c0f6de9b6c0282d7bce201651a22c45bc,det-v1,1,,1695,87,19188.143,0.0005251380,false,true
call-000507,arm8_spec_immediate,dev/f6/s6050001/no_alert,25,deepseek/deepseek-chat,sha256:6fd1ee17f169eb2ebe3e1f868f04051c0f6de9b6c0282d7bce201651a22c45bc,det-v1,1,accepted,1695,87,19188.143,0.0005251380,false,false
call-000508,arm9_spec_heuristic_rollback,dev/f6/s6050001/no_alert,25,deepseek/deepseek-chat,sha256:6fd1ee17f169eb2ebe3e1f868f04051c0f6de9b6c0282d7bce201651a22c45bc,det-v1,1,accepted,1695,87,0.003,0.0005251380,true,false
call-000509,arm10_spec_eprocess,dev/f6/s6050001/no_alert,25,deepseek/deepseek-chat,sha256:6fd1ee17f169eb2ebe3e1f868f04051c0f6de9b6c0282d7bce201651a22c45bc,det-v1,1,accepted,1695,87,0.003,0.0005251380,true,false
call-000510,arm8_spec_immediate,cal/f6/s6060001/no_alert,23,deepseek/deepseek-chat,sha256:f35a0fad719410fc2405ec50ce2c7b9e08aa30904af6ca38eb5509fdae1bfae5,det-v1,1,,1619,87,5480.688,0.0005056060,false,true
call-000511,arm8_spec_immediate,cal/f6/s6060001/no_alert,23,deepseek/deepseek-chat,sha256:f35a0fad719410fc2405ec50ce2c7b9e08aa30904af6ca38eb5509fdae1bfae5,det-v1,1,accepted,1619,87,5480.688,0.0005056060,false,false
call-000512,arm9_spec_heuristic_rollback,cal/f6/s6060001/no_alert,23,deepseek/deepseek-chat,sha256:f35a0fad719410fc2405ec50ce2c7b9e08aa30904af6ca38eb5509fdae1bfae5,det-v1,1,accepted,1619,87,0.003,0.0005056060,true,false
call-000513,arm10_spec_eprocess,cal/f6/s6060001/no_alert,23,deepseek/deepseek-chat,sha256:f35a0fad719410fc2405ec50ce2c7b9e08aa30904af6ca38eb5509fdae1bfae5,det-v1,1,accepted,1619,87,0.003,0.0005056060,true,false
call-000514,arm8_spec_immediate,dev/f6/s6050000/early_accurate,18,deepseek/deepseek-chat,sha256:841379f8cc564d354562735fb2b872877cb6612c9e3b98c8136e9aae40a175cb,det-v1,1,,1468,93,2977.156,0.0004729730,false,true
call-000515,arm8_spec_immediate,dev/f6/s6050000/early_accurate,18,deepseek/deepseek-chat,sha256:841379f8cc564d354562735fb2b872877cb6612c9e3b98c8136e9aae40a175cb,det-v1,1,accepted,1468,93,2977.156,0.0004729730,false,false
call-000516,arm9_spec_heuristic_rollback,dev/f6/s6050000/early_accurate,18,deepseek/deepseek-chat,sha256:841379f8cc564d354562735fb2b872877cb6612c9e3b98c8136e9aae40a175cb,det-v1,1,accepted,1468,93,0.004,0.0004729730,true,false
call-000517,arm10_spec_eprocess,dev/f6/s6050000/early_accurate,18,deepseek/deepseek-chat,sha256:841379f8cc564d354562735fb2b872877cb6612c9e3b98c8136e9aae40a175cb,det-v1,1,accepted,1468,93,0.002,0.0004729730,true,false
call-000518,arm8_spec_immediate,cal/f6/s6060000/early_accurate,13,deepseek/deepseek-chat,sha256:99f303c3480f331c0f0712bc645ec02924521754963337d3af24dd05ad79547d,det-v1,1,,1282,103,3053.236,0.0004354610,false,true
call-000519,arm8_spec_immediate,cal/f6/s6060000/early_accurate,13,deepseek/deepseek-chat,sha256:99f303c3480f331c0f0712bc645ec02924521754963337d3af24dd05ad79547d,det-v1,1,accepted,1282,103,3053.236,0.0004354610,false,false
call-000520,arm8_spec_immediate,cal/f6/s6060000/early_accurate,19,deepseek/deepseek-chat,sha256:6b978e180141258fdaa22c05a04310f129279dc9d77c6d8c94161f307f553680,det-v1,1,,1510,130,4145.659,0.0005218400,false,true
call-000521,arm8_spec_immediate,cal/f6/s6060000/early_accurate,19,deepseek/deepseek-chat,sha256:6b978e180141258fdaa22c05a04310f129279dc9d77c6d8c94161f307f553680,det-v1,1,accepted,1510,130,4145.659,0.0005218400,false,false
call-000522,arm9_spec_heuristic_rollback,cal/f6/s6060000/early_accurate,13,deepseek/deepseek-chat,sha256:99f303c3480f331c0f0712bc645ec02924521754963337d3af24dd05ad79547d,det-v1,1,accepted,1282,103,0.004,0.0004354610,true,false
call-000523,arm9_spec_heuristic_rollback,cal/f6/s6060000/early_accurate,19,deepseek/deepseek-chat,sha256:6b978e180141258fdaa22c05a04310f129279dc9d77c6d8c94161f307f553680,det-v1,1,accepted,1510,130,0.002,0.0005218400,true,false
call-000524,arm10_spec_eprocess,cal/f6/s6060000/early_accurate,13,deepseek/deepseek-chat,sha256:99f303c3480f331c0f0712bc645ec02924521754963337d3af24dd05ad79547d,det-v1,1,accepted,1282,103,0.002,0.0004354610,true,false
call-000525,arm10_spec_eprocess,cal/f6/s6060000/early_accurate,19,deepseek/deepseek-chat,sha256:68464c27958253059d5d6bab4cfac637802c020d1f3a4d134b397aa98d621bd4,det-v1,1,,1510,128,3380.850,0.0005197820,false,true
call-000526,arm10_spec_eprocess,cal/f6/s6060000/early_accurate,19,deepseek/deepseek-chat,sha256:68464c27958253059d5d6bab4cfac637802c020d1f3a4d134b397aa98d621bd4,det-v1,1,accepted,1510,128,3380.850,0.0005197820,false,false
call-000527,arm8_spec_immediate,dev/f6/s6050001/early_accurate,19,deepseek/deepseek-chat,sha256:27035acf9698404582d0fee2b2bdd586506142b95302b1b5517da52cd6aa4571,det-v1,1,,1500,100,3166.701,0.0004884000,false,true
call-000528,arm8_spec_immediate,dev/f6/s6050001/early_accurate,19,deepseek/deepseek-chat,sha256:27035acf9698404582d0fee2b2bdd586506142b95302b1b5517da52cd6aa4571,det-v1,1,accepted,1500,100,3166.701,0.0004884000,false,false
call-000529,arm8_spec_immediate,dev/f6/s6050001/early_accurate,25,deepseek/deepseek-chat,sha256:efadaf39768734ca9a8b6c0e8cb9362926a29bbb3e12eb69a0cac32a68368258,det-v1,1,,1728,128,3651.170,0.0005758080,false,true
call-000530,arm8_spec_immediate,dev/f6/s6050001/early_accurate,25,deepseek/deepseek-chat,sha256:efadaf39768734ca9a8b6c0e8cb9362926a29bbb3e12eb69a0cac32a68368258,det-v1,1,accepted,1728,128,3651.170,0.0005758080,false,false
call-000531,arm9_spec_heuristic_rollback,dev/f6/s6050001/early_accurate,19,deepseek/deepseek-chat,sha256:27035acf9698404582d0fee2b2bdd586506142b95302b1b5517da52cd6aa4571,det-v1,1,accepted,1500,100,0.003,0.0004884000,true,false
call-000532,arm9_spec_heuristic_rollback,dev/f6/s6050001/early_accurate,25,deepseek/deepseek-chat,sha256:efadaf39768734ca9a8b6c0e8cb9362926a29bbb3e12eb69a0cac32a68368258,det-v1,1,accepted,1728,128,0.002,0.0005758080,true,false
call-000533,arm10_spec_eprocess,dev/f6/s6050001/early_accurate,19,deepseek/deepseek-chat,sha256:27035acf9698404582d0fee2b2bdd586506142b95302b1b5517da52cd6aa4571,det-v1,1,accepted,1500,100,0.002,0.0004884000,true,false
call-000534,arm10_spec_eprocess,dev/f6/s6050001/early_accurate,25,deepseek/deepseek-chat,sha256:25d9cb235f34c2b14792b57ebf82d7c51ab8a52c5905426ead8b2eaf85920e30,det-v1,1,,1728,128,3707.759,0.0005758080,false,true
call-000535,arm10_spec_eprocess,dev/f6/s6050001/early_accurate,25,deepseek/deepseek-chat,sha256:25d9cb235f34c2b14792b57ebf82d7c51ab8a52c5905426ead8b2eaf85920e30,det-v1,1,accepted,1728,128,3707.759,0.0005758080,false,false
call-000536,arm8_spec_immediate,cal/f6/s6060001/early_accurate,17,deepseek/deepseek-chat,sha256:614c80245d5b2267fc17920e7f2adf41ec72fe731da9ea621724033765a1b3ff,det-v1,1,,1433,72,8356.100,0.0004423690,false,true
call-000537,arm8_spec_immediate,cal/f6/s6060001/early_accurate,17,deepseek/deepseek-chat,sha256:614c80245d5b2267fc17920e7f2adf41ec72fe731da9ea621724033765a1b3ff,det-v1,1,accepted,1433,72,8356.100,0.0004423690,false,false
call-000538,arm8_spec_immediate,cal/f6/s6060001/early_accurate,23,deepseek/deepseek-chat,sha256:2e9f8335ecadf08ef54fc751fc25f11030cd98c9b6c31019e738d92f76454652,det-v1,1,,1661,96,10014.862,0.0005256610,false,true
call-000539,arm8_spec_immediate,cal/f6/s6060001/early_accurate,23,deepseek/deepseek-chat,sha256:2e9f8335ecadf08ef54fc751fc25f11030cd98c9b6c31019e738d92f76454652,det-v1,1,accepted,1661,96,10014.862,0.0005256610,false,false
call-000540,arm9_spec_heuristic_rollback,cal/f6/s6060001/early_accurate,17,deepseek/deepseek-chat,sha256:614c80245d5b2267fc17920e7f2adf41ec72fe731da9ea621724033765a1b3ff,det-v1,1,accepted,1433,72,0.003,0.0004423690,true,false
call-000541,arm9_spec_heuristic_rollback,cal/f6/s6060001/early_accurate,23,deepseek/deepseek-chat,sha256:2e9f8335ecadf08ef54fc751fc25f11030cd98c9b6c31019e738d92f76454652,det-v1,1,accepted,1661,96,0.002,0.0005256610,true,false
call-000542,arm10_spec_eprocess,cal/f6/s6060001/early_accurate,17,deepseek/deepseek-chat,sha256:614c80245d5b2267fc17920e7f2adf41ec72fe731da9ea621724033765a1b3ff,det-v1,1,accepted,1433,72,0.002,0.0004423690,true,false
call-000543,arm10_spec_eprocess,cal/f6/s6060001/early_accurate,23,deepseek/deepseek-chat,sha256:96af61d6a0c7caf435df13e6c5f3d0f73305abce574f1e91562b276c572f447e,det-v1,1,,1662,128,3218.572,0.0005588460,false,true
call-000544,arm10_spec_eprocess,cal/f6/s6060001/early_accurate,23,deepseek/deepseek-chat,sha256:96af61d6a0c7caf435df13e6c5f3d0f73305abce574f1e91562b276c572f447e,det-v1,1,accepted,1662,128,3218.572,0.0005588460,false,false
call-000545,arm8_spec_immediate,dev/f6/s6050000/late_accurate,21,deepseek/deepseek-chat,sha256:08e4208a7c7655ab829f26fe109b39d67151c7b10017ba8849d923902c33b46d,det-v1,1,,1582,93,2968.458,0.0005022710,false,true
call-000546,arm8_spec_immediate,dev/f6/s6050000/late_accurate,21,deepseek/deepseek-chat,sha256:08e4208a7c7655ab829f26fe109b39d67151c7b10017ba8849d923902c33b46d,det-v1,1,accepted,1582,93,2968.458,0.0005022710,false,false
call-000547,arm9_spec_heuristic_rollback,dev/f6/s6050000/late_accurate,21,deepseek/deepseek-chat,sha256:08e4208a7c7655ab829f26fe109b39d67151c7b10017ba8849d923902c33b46d,det-v1,1,accepted,1582,93,0.003,0.0005022710,true,false
call-000548,arm10_spec_eprocess,dev/f6/s6050000/late_accurate,21,deepseek/deepseek-chat,sha256:08e4208a7c7655ab829f26fe109b39d67151c7b10017ba8849d923902c33b46d,det-v1,1,accepted,1582,93,0.002,0.0005022710,true,false
call-000549,arm8_spec_immediate,cal/f6/s6060000/late_accurate,16,deepseek/deepseek-chat,sha256:575d4f553014fa23e2f756d447dfb2cf61e43d91ae9cc36aabd5718ea58eb5a0,det-v1,1,,1396,98,2330.000,0.0004596140,false,true
call-000550,arm8_spec_immediate,cal/f6/s6060000/late_accurate,16,deepseek/deepseek-chat,sha256:575d4f553014fa23e2f756d447dfb2cf61e43d91ae9cc36aabd5718ea58eb5a0,det-v1,1,accepted,1396,98,2330.000,0.0004596140,false,false
call-000551,arm9_spec_heuristic_rollback,cal/f6/s6060000/late_accurate,16,deepseek/deepseek-chat,sha256:575d4f553014fa23e2f756d447dfb2cf61e43d91ae9cc36aabd5718ea58eb5a0,det-v1,1,accepted,1396,98,0.003,0.0004596140,true,false
call-000552,arm10_spec_eprocess,cal/f6/s6060000/late_accurate,16,deepseek/deepseek-chat,sha256:575d4f553014fa23e2f756d447dfb2cf61e43d91ae9cc36aabd5718ea58eb5a0,det-v1,1,accepted,1396,98,0.002,0.0004596140,true,false
call-000553,arm8_spec_immediate,dev/f6/s6050001/late_accurate,22,deepseek/deepseek-chat,sha256:d7995faf21077d49bed689756eacf680751a6794b556790df5686bb2ca1d1ed1,det-v1,1,,1614,93,2849.303,0.0005104950,false,true
call-000554,arm8_spec_immediate,dev/f6/s6050001/late_accurate,22,deepseek/deepseek-chat,sha256:d7995faf21077d49bed689756eacf680751a6794b556790df5686bb2ca1d1ed1,det-v1,1,accepted,1614,93,2849.303,0.0005104950,false,false
call-000555,arm8_spec_immediate,dev/f6/s6050001/late_accurate,28,deepseek/deepseek-chat,sha256:48866779eb7d8b3b7593cc8c2131b29c9161af56b4c0819da9f83bb19766c851,det-v1,1,,1842,128,3646.333,0.0006051060,false,true
call-000556,arm8_spec_immediate,dev/f6/s6050001/late_accurate,28,deepseek/deepseek-chat,sha256:48866779eb7d8b3b7593cc8c2131b29c9161af56b4c0819da9f83bb19766c851,det-v1,1,accepted,1842,128,3646.333,0.0006051060,false,false
call-000557,arm9_spec_heuristic_rollback,dev/f6/s6050001/late_accurate,22,deepseek/deepseek-chat,sha256:d7995faf21077d49bed689756eacf680751a6794b556790df5686bb2ca1d1ed1,det-v1,1,accepted,1614,93,0.003,0.0005104950,true,false
call-000558,arm9_spec_heuristic_rollback,dev/f6/s6050001/late_accurate,28,deepseek/deepseek-chat,sha256:48866779eb7d8b3b7593cc8c2131b29c9161af56b4c0819da9f83bb19766c851,det-v1,1,accepted,1842,128,0.002,0.0006051060,true,false
call-000559,arm10_spec_eprocess,dev/f6/s6050001/late_accurate,22,deepseek/deepseek-chat,sha256:d7995faf21077d49bed689756eacf680751a6794b556790df5686bb2ca1d1ed1,det-v1,1,accepted,1614,93,0.003,0.0005104950,true,false
call-000560,arm10_spec_eprocess,dev/f6/s6050001/late_accurate,28,deepseek/deepseek-chat,sha256:141b25a7e2a0db3fe4f503680148f5f6e5101af6371e76afcb283e1dc56fdd34,det-v1,1,,1842,128,3111.237,0.0006051060,false,true
call-000561,arm10_spec_eprocess,dev/f6/s6050001/late_accurate,28,deepseek/deepseek-chat,sha256:141b25a7e2a0db3fe4f503680148f5f6e5101af6371e76afcb283e1dc56fdd34,det-v1,1,accepted,1842,128,3111.237,0.0006051060,false,false
call-000562,arm8_spec_immediate,cal/f6/s6060001/late_accurate,20,deepseek/deepseek-chat,sha256:ad64b69faff5948f0454069344c6d4ab9fb75386a70d2792a3e2a3579948a717,det-v1,1,,1548,103,2911.844,0.0005038230,false,true
call-000563,arm8_spec_immediate,cal/f6/s6060001/late_accurate,20,deepseek/deepseek-chat,sha256:ad64b69faff5948f0454069344c6d4ab9fb75386a70d2792a3e2a3579948a717,det-v1,1,accepted,1548,103,2911.844,0.0005038230,false,false
call-000564,arm9_spec_heuristic_rollback,cal/f6/s6060001/late_accurate,20,deepseek/deepseek-chat,sha256:ad64b69faff5948f0454069344c6d4ab9fb75386a70d2792a3e2a3579948a717,det-v1,1,accepted,1548,103,0.003,0.0005038230,true,false
call-000565,arm10_spec_eprocess,cal/f6/s6060001/late_accurate,20,deepseek/deepseek-chat,sha256:ad64b69faff5948f0454069344c6d4ab9fb75386a70d2792a3e2a3579948a717,det-v1,1,accepted,1548,103,0.003,0.0005038230,true,false
call-000566,arm8_spec_immediate,dev/f6/s6050000/unreliable,18,deepseek/deepseek-chat,sha256:464b55f7123b978cff97b4170e1cae5cc4b5e15d651ef25a2161a40a1248e11f,det-v1,1,,1464,100,2986.264,0.0004791480,false,true
call-000567,arm8_spec_immediate,dev/f6/s6050000/unreliable,18,deepseek/deepseek-chat,sha256:464b55f7123b978cff97b4170e1cae5cc4b5e15d651ef25a2161a40a1248e11f,det-v1,1,accepted,1464,100,2986.264,0.0004791480,false,false
call-000568,arm9_spec_heuristic_rollback,dev/f6/s6050000/unreliable,18,deepseek/deepseek-chat,sha256:464b55f7123b978cff97b4170e1cae5cc4b5e15d651ef25a2161a40a1248e11f,det-v1,1,accepted,1464,100,0.004,0.0004791480,true,false
call-000569,arm10_spec_eprocess,dev/f6/s6050000/unreliable,18,deepseek/deepseek-chat,sha256:464b55f7123b978cff97b4170e1cae5cc4b5e15d651ef25a2161a40a1248e11f,det-v1,1,accepted,1464,100,0.002,0.0004791480,true,false
call-000570,arm8_spec_immediate,cal/f6/s6060000/unreliable,13,deepseek/deepseek-chat,sha256:1f41767c20c5969ab09913fd303446542c522010c8af95f1f12960be5a77e1ef,det-v1,1,accepted,1278,95,0.004,0.0004262010,true,false
call-000571,arm8_spec_immediate,cal/f6/s6060000/unreliable,19,deepseek/deepseek-chat,sha256:74817cf0a9fcc8f6746a1a77f93676e79395f2e0eb07434941971f84770b129b,det-v1,1,accepted,1506,113,0.002,0.0005033190,true,false
call-000572,arm9_spec_heuristic_rollback,cal/f6/s6060000/unreliable,13,deepseek/deepseek-chat,sha256:1f41767c20c5969ab09913fd303446542c522010c8af95f1f12960be5a77e1ef,det-v1,1,accepted,1278,95,0.002,0.0004262010,true,false
call-000573,arm9_spec_heuristic_rollback,cal/f6/s6060000/unreliable,19,deepseek/deepseek-chat,sha256:74817cf0a9fcc8f6746a1a77f93676e79395f2e0eb07434941971f84770b129b,det-v1,1,accepted,1506,113,0.002,0.0005033190,true,false
call-000574,arm10_spec_eprocess,cal/f6/s6060000/unreliable,13,deepseek/deepseek-chat,sha256:1f41767c20c5969ab09913fd303446542c522010c8af95f1f12960be5a77e1ef,det-v1,1,accepted,1278,95,0.002,0.0004262010,true,false
call-000575,arm10_spec_eprocess,cal/f6/s6060000/unreliable,19,deepseek/deepseek-chat,sha256:546775501f61a0d35ab7575ca21ff172a49b9233e3d5911b225fa5960760dc9c,det-v1,1,accepted,1506,115,0.004,0.0005053770,true,false
call-000576,arm8_spec_immediate,dev/f6/s6050001/unreliable,19,deepseek/deepseek-chat,sha256:52274ecbb8071fc7acec3fcef9c261552840e9bd8d5038a905a690fd10dc5b29,det-v1,1,,1492,63,4461.325,0.0004482710,false,true
call-000577,arm8_spec_immediate,dev/f6/s6050001/unreliable,19,deepseek/deepseek-chat,sha256:52274ecbb8071fc7acec3fcef9c261552840e9bd8d5038a905a690fd10dc5b29,det-v1,1,accepted,1492,63,4461.325,0.0004482710,false,false
call-000578,arm8_spec_immediate,dev/f6/s6050001/unreliable,25,deepseek/deepseek-chat,sha256:b8f709dc35c0b2dac136669f61c2b5a29beed763ee796919e78530ea1fb56c75,det-v1,1,,1720,63,5352.338,0.0005068670,false,true
call-000579,arm8_spec_immediate,dev/f6/s6050001/unreliable,25,deepseek/deepseek-chat,sha256:b8f709dc35c0b2dac136669f61c2b5a29beed763ee796919e78530ea1fb56c75,det-v1,1,accepted,1720,63,5352.338,0.0005068670,false,false
call-000580,arm9_spec_heuristic_rollback,dev/f6/s6050001/unreliable,19,deepseek/deepseek-chat,sha256:52274ecbb8071fc7acec3fcef9c261552840e9bd8d5038a905a690fd10dc5b29,det-v1,1,accepted,1492,63,0.003,0.0004482710,true,false
call-000581,arm9_spec_heuristic_rollback,dev/f6/s6050001/unreliable,25,deepseek/deepseek-chat,sha256:b8f709dc35c0b2dac136669f61c2b5a29beed763ee796919e78530ea1fb56c75,det-v1,1,accepted,1720,63,0.002,0.0005068670,true,false
call-000582,arm10_spec_eprocess,dev/f6/s6050001/unreliable,19,deepseek/deepseek-chat,sha256:52274ecbb8071fc7acec3fcef9c261552840e9bd8d5038a905a690fd10dc5b29,det-v1,1,accepted,1492,63,0.003,0.0004482710,true,false
call-000583,arm10_spec_eprocess,dev/f6/s6050001/unreliable,25,deepseek/deepseek-chat,sha256:b8f709dc35c0b2dac136669f61c2b5a29beed763ee796919e78530ea1fb56c75,det-v1,1,accepted,1720,63,0.002,0.0005068670,true,false
call-000584,arm8_spec_immediate,cal/f6/s6060001/unreliable,17,deepseek/deepseek-chat,sha256:fdc4e4d1ed9112f9944cb6c6b1376eb4026f884d65ba118ae5795a333be0dc8f,det-v1,1,,1427,72,4882.244,0.0004408270,false,true
call-000585,arm8_spec_immediate,cal/f6/s6060001/unreliable,17,deepseek/deepseek-chat,sha256:fdc4e4d1ed9112f9944cb6c6b1376eb4026f884d65ba118ae5795a333be0dc8f,det-v1,1,accepted,1427,72,4882.244,0.0004408270,false,false
call-000586,arm8_spec_immediate,cal/f6/s6060001/unreliable,23,deepseek/deepseek-chat,sha256:164d15944b3e59d402889ea008077032c8868b06699a984387b4fdc2f07e10d5,det-v1,1,,1655,96,7321.978,0.0005241190,false,true
call-000587,arm8_spec_immediate,cal/f6/s6060001/unreliable,23,deepseek/deepseek-chat,sha256:164d15944b3e59d402889ea008077032c8868b06699a984387b4fdc2f07e10d5,det-v1,1,accepted,1655,96,7321.978,0.0005241190,false,false
call-000588,arm9_spec_heuristic_rollback,cal/f6/s6060001/unreliable,17,deepseek/deepseek-chat,sha256:fdc4e4d1ed9112f9944cb6c6b1376eb4026f884d65ba118ae5795a333be0dc8f,det-v1,1,accepted,1427,72,0.005,0.0004408270,true,false
call-000589,arm9_spec_heuristic_rollback,cal/f6/s6060001/unreliable,23,deepseek/deepseek-chat,sha256:164d15944b3e59d402889ea008077032c8868b06699a984387b4fdc2f07e10d5,det-v1,1,accepted,1655,96,0.002,0.0005241190,true,false
call-000590,arm10_spec_eprocess,cal/f6/s6060001/unreliable,17,deepseek/deepseek-chat,sha256:fdc4e4d1ed9112f9944cb6c6b1376eb4026f884d65ba118ae5795a333be0dc8f,det-v1,1,accepted,1427,72,0.002,0.0004408270,true,false
call-000591,arm10_spec_eprocess,cal/f6/s6060001/unreliable,23,deepseek/deepseek-chat,sha256:5c6d445d9583a50bd09b88f9126f776340028466d42c2760465e8cc8d595aeab,det-v1,1,,1656,129,4676.907,0.0005583330,false,true
call-000592,arm10_spec_eprocess,cal/f6/s6060001/unreliable,23,deepseek/deepseek-chat,sha256:5c6d445d9583a50bd09b88f9126f776340028466d42c2760465e8cc8d595aeab,det-v1,1,accepted,1656,129,4676.907,0.0005583330,false,false
