call_id,arm_id,episode_id,period,model_id,prompt_hash,decoding_hash,attempt_index,outcome,input_tokens,output_tokens,latency_ms,usd_cost,cache_hit,physical
call-000001,arm8_spec_immediate,dev/f1/s1050000/no_alert,25,qwen/qwen-2.5-7b-instruct,sha256:5c8a312920b6f4256cfead1164fe0edd8ddcb9935f8094bf9fb23ae67968f40f,det-v1,1,,1761,79,834.638,0.0001919000,false,true
call-000002,arm8_spec_immediate,dev/f1/s1050000/no_alert,25,qwen/qwen-2.5-7b-instruct,sha256:5c8a312920b6f4256cfead1164fe0edd8ddcb9935f8094bf9fb23ae67968f40f,det-v1,1,accepted,1761,79,834.638,0.0001919000,false,false
call-000003,arm8_spec_immediate,dev/f1/s1050000/no_alert,31,qwen/qwen-2.5-7b-instruct,sha256:336a881753ab14f16425af056c9f1c89036aeda3445d6a3029aeea57588649b7,det-v1,1,,2037,79,670.889,0.0002195000,false,true
call-000004,arm8_spec_immediate,dev/f1/s1050000/no_alert,31,qwen/qwen-2.5-7b-instruct,sha256:336a881753ab14f16425af056c9f1c89036aeda3445d6a3029aeea57588649b7,det-v1,1,accepted,2037,79,670.889,0.0002195000,false,false
call-000005,arm9_spec_heuristic_rollback,dev/f1/s1050000/no_alert,25,qwen/qwen-2.5-7b-instruct,sha256:5c8a312920b6f4256cfead1164fe0edd8ddcb9935f8094bf9fb23ae67968f40f,det-v1,1,accepted,1761,79,0.004,0.0001919000,true,false
call-000006,arm9_spec_heuristic_rollback,dev/f1/s1050000/no_alert,31,qwen/qwen-2.5-7b-instruct,sha256:336a881753ab14f16425af056c9f1c89036aeda3445d6a3029aeea57588649b7,det-v1,1,accepted,2037,79,0.004,0.0002195000,true,false
call-000007,arm10_spec_eprocess,dev/f1/s1050000/no_alert,25,qwen/qwen-2.5-7b-instruct,sha256:5c8a312920b6f4256cfead1164fe0edd8ddcb9935f8094bf9fb23ae67968f40f,det-v1,1,accepted,1761,79,0.004,0.0001919000,true,false
call-000008,arm10_spec_eprocess,dev/f1/s1050000/no_alert,31,qwen/qwen-2.5-7b-instruct,sha256:336a881753ab14f16425af056c9f1c89036aeda3445d6a3029aeea57588649b7,det-v1,1,accepted,2037,79,0.003,0.0002195000,true,false
call-000009,arm8_spec_immediate,cal/f1/s1060000/no_alert,21,qwen/qwen-2.5-7b-instruct,sha256:35ea0a32807fc11b2c5171b77ee51236481d6cc743576a38cdeaab076b1fe690,det-v1,1,,1590,79,762.087,0.0001748000,false,true
call-000010,arm8_spec_immediate,cal/f1/s1060000/no_alert,21,qwen/qwen-2.5-7b-instruct,sha256:35ea0a32807fc11b2c5171b77ee51236481d6cc743576a38cdeaab076b1fe690,det-v1,1,accepted,1590,79,762.087,0.0001748000,false,false
call-000011,arm8_spec_immediate,cal/f1/s1060000/no_alert,49,qwen/qwen-2.5-7b-instruct,sha256:f7a4061f1550227c6041f21607000c8ad953219f47616ff9e710c81c25465739,det-v1,1,,2850,80,880.538,0.0003010000,false,true
call-000012,arm8_spec_immediate,cal/f1/s1060000/no_alert,49,qwen/qwen-2.5-7b-instruct,sha256:f7a4061f1550227c6041f21607000c8ad953219f47616ff9e710c81c25465739,det-v1,1,accepted,2850,80,880.538,0.0003010000,false,false
call-000013,arm9_spec_heuristic_rollback,cal/f1/s1060000/no_alert,21,qwen/qwen-2.5-7b-instruct,sha256:35ea0a32807fc11b2c5171b77ee51236481d6cc743576a38cdeaab076b1fe690,det-v1,1,accepted,1590,79,0.003,0.0001748000,true,false
call-000014,arm9_spec_heuristic_rollback,cal/f1/s1060000/no_alert,49,qwen/qwen-2.5-7b-instruct,sha256:f7a4061f1550227c6041f21607000c8ad953219f47616ff9e710c81c25465739,det-v1,1,accepted,2850,80,0.003,0.0003010000,true,false
call-000015,arm10_spec_eprocess,cal/f1/s1060000/no_alert,21,qwen/qwen-2.5-7b-instruct,sha256:35ea0a32807fc11b2c5171b77ee51236481d6cc743576a38cdeaab076b1fe690,det-v1,1,accepted,1590,79,0.003,0.0001748000,true,false
call-000016,arm10_spec_eprocess,cal/f1/s1060000/no_alert,49,qwen/qwen-2.5-7b-instruct,sha256:f7a4061f1550227c6041f21607000c8ad953219f47616ff9e710c81c25465739,det-v1,1,accepted,2850,80,0.004,0.0003010000,true,false
call-000017,arm8_spec_immediate,dev/f1/s1050001/no_alert,23,qwen/qwen-2.5-7b-instruct,sha256:574ef220f7f72d3e40a3f26fff8499f11f2bb81a7e5829d4adbb2b72a553d352,det-v1,1,,1680,79,823.297,0.0001838000,false,true
call-000018,arm8_spec_immediate,dev/f1/s1050001/no_alert,23,qwen/qwen-2.5-7b-instruct,sha256:574ef220f7f72d3e40a3f26fff8499f11f2bb81a7e5829d4adbb2b72a553d352,det-v1,1,accepted,1680,79,823.297,0.0001838000,false,false
call-000019,arm8_spec_immediate,dev/f1/s1050001/no_alert,32,qwen/qwen-2.5-7b-instruct,sha256:197cec2d411ae322cf2c58ffbc785fffe81e3c4a5455a473d02284cef6011716,det-v1,1,,2081,79,758.508,0.0002239000,false,true
call-000020,arm8_spec_immediate,dev/f1/s1050001/no_alert,32,qwen/qwen-2.5-7b-instruct,sha256:197cec2d411ae322cf2c58ffbc785fffe81e3c4a5455a473d02284cef6011716,det-v1,1,accepted,2081,79,758.508,0.0002239000,false,false
call-000021,arm9_spec_heuristic_rollback,dev/f1/s1050001/no_alert,23,qwen/qwen-2.5-7b-instruct,sha256:574ef220f7f72d3e40a3f26fff8499f11f2bb81a7e5829d4adbb2b72a553d352,det-v1,1,accepted,1680,79,0.003,0.0001838000,true,false
call-000022,arm9_spec_heuristic_rollback,dev/f1/s1050001/no_alert,32,qwen/qwen-2.5-7b-instruct,sha256:197cec2d411ae322cf2c58ffbc785fffe81e3c4a5455a473d02284cef6011716,det-v1,1,accepted,2081,79,0.003,0.0002239000,true,false
call-000023,arm10_spec_eprocess,dev/f1/s1050001/no_alert,23,qwen/qwen-2.5-7b-instruct,sha256:574ef220f7f72d3e40a3f26fff8499f11f2bb81a7e5829d4adbb2b72a553d352,det-v1,1,accepted,1680,79,0.003,0.0001838000,true,false
call-000024,arm10_spec_eprocess,dev/f1/s1050001/no_alert,32,qwen/qwen-2.5-7b-instruct,sha256:197cec2d411ae322cf2c58ffbc785fffe81e3c4a5455a473d02284cef6011716,det-v1,1,accepted,2081,79,0.003,0.0002239000,true,false
call-000025,arm8_spec_immediate,cal/f1/s1060001/no_alert,36,qwen/qwen-2.5-7b-instruct,sha256:caa5444cba77223c0cf72109d239a135709b86f667b3a2ff7c4229a861aa282a,det-v1,1,,2257,79,838.875,0.0002415000,false,true
call-000026,arm8_spec_immediate,cal/f1/s1060001/no_alert,36,qwen/qwen-2.5-7b-instruct,sha256:caa5444cba77223c0cf72109d239a135709b86f667b3a2ff7c4229a861aa282a,det-v1,1,accepted,2257,79,838.875,0.0002415000,false,false
call-000027,arm8_spec_immediate,cal/f1/s1060001/no_alert,46,qwen/qwen-2.5-7b-instruct,sha256:be293a0425f54a42a81524a355d676d4b27a83243a08615ce303e1a42bb65178,det-v1,1,,2710,80,822.235,0.0002870000,false,true
call-000028,arm8_spec_immediate,cal/f1/s1060001/no_alert,46,qwen/qwen-2.5-7b-instruct,sha256:be293a0425f54a42a81524a355d676d4b27a83243a08615ce303e1a42bb65178,det-v1,1,accepted,2710,80,822.235,0.0002870000,false,false
call-000029,arm9_spec_heuristic_rollback,cal/f1/s1060001/no_alert,36,qwen/qwen-2.5-7b-instruct,sha256:caa5444cba77223c0cf72109d239a135709b86f667b3a2ff7c4229a861aa282a,det-v1,1,accepted,2257,79,0.004,0.0002415000,true,false
call-000030,arm9_spec_heuristic_rollback,cal/f1/s1060001/no_alert,46,qwen/qwen-2.5-7b-instruct,sha256:be293a0425f54a42a81524a355d676d4b27a83243a08615ce303e1a42bb65178,det-v1,1,accepted,2710,80,0.004,0.0002870000,true,false
call-000031,arm10_spec_eprocess,cal/f1/s1060001/no_alert,36,qwen/qwen-2.5-7b-instruct,sha256:caa5444cba77223c0cf72109d239a135709b86f667b3a2ff7c4229a861aa282a,det-v1,1,accepted,2257,79,0.003,0.0002415000,true,false
call-000032,arm10_spec_eprocess,cal/f1/s1060001/no_alert,46,qwen/qwen-2.5-7b-instruct,sha256:be293a0425f54a42a81524a355d676d4b27a83243a08615ce303e1a42bb65178,det-v1,1,accepted,2710,80,0.004,0.0002870000,true,false
call-000033,arm8_spec_immediate,dev/f1/s1050000/early_accurate,16,qwen/qwen-2.5-7b-instruct,sha256:74fbf9beb41c93f646e06542e5b5cc58a057ee8eb3c87b15a234c2fd22b8cfad,det-v1,1,fallback,1400,98,0.001,0.0001596000,true,false
call-000034,arm8_spec_immediate,dev/f1/s1050000/early_accurate,16,qwen/qwen-2.5-7b-instruct,sha256:c2d4cc5fca8c499c1473fabf6690a0db7c60e9343de2f197baff6af09c9d9081,det-v1,2,fallback,1470,90,0.001,0.0001650000,true,false
call-000035,arm8_spec_immediate,dev/f1/s1050000/early_accurate,25,qwen/qwen-2.5-7b-instruct,sha256:f9884e9f82c6039ceade81d2bc828e55518ee5bd6810e37ac402e73d799697ba,det-v1,1,accepted,1800,80,0.002,0.0001960000,true,false
call-000036,arm9_spec_heuristic_rollback,dev/f1/s1050000/early_accurate,16,qwen/qwen-2.5-7b-instruct,sha256:74fbf9beb41c93f646e06542e5b5cc58a057ee8eb3c87b15a234c2fd22b8cfad,det-v1,1,fallback,1400,98,0.001,0.0001596000,true,false
call-000037,arm9_spec_heuristic_rollback,dev/f1/s1050000/early_accurate,16,qwen/qwen-2.5-7b-instruct,sha256:c2d4cc5fca8c499c1473fabf6690a0db7c60e9343de2f197baff6af09c9d9081,det-v1,2,fallback,1470,90,0.001,0.0001650000,true,false
call-000038,arm9_spec_heuristic_rollback,dev/f1/s1050000/early_accurate,25,qwen/qwen-2.5-7b-instruct,sha256:f9884e9f82c6039ceade81d2bc828e55518ee5bd6810e37ac402e73d799697ba,det-v1,1,accepted,1800,80,0.001,0.0001960000,true,false
call-000039,arm10_spec_eprocess,dev/f1/s1050000/early_accurate,16,qwen/qwen-2.5-7b-instruct,sha256:74fbf9beb41c93f646e06542e5b5cc58a057ee8eb3c87b15a234c2fd22b8cfad,det-v1,1,fallback,1400,98,0.001,0.0001596000,true,false
call-000040,arm10_spec_eprocess,dev/f1/s1050000/early_accurate,16,qwen/qwen-2.5-7b-instruct,sha256:c2d4cc5fca8c499c1473fabf6690a0db7c60e9343de2f197baff6af09c9d9081,det-v1,2,fallback,1470,90,0.001,0.0001650000,true,false
call-000041,arm10_spec_eprocess,dev/f1/s1050000/early_accurate,25,qwen/qwen-2.5-7b-instruct,sha256:f9884e9f82c6039ceade81d2bc828e55518ee5bd6810e37ac402e73d799697ba,det-v1,1,accepted,1800,80,0.001,0.0001960000,true,false
call-000042,arm8_spec_immediate,cal/f1/s1060000/early_accurate,17,qwen/qwen-2.5-7b-instruct,sha256:33a32bcc5016ea903095ac2ff4245095d7a98af9a5514feb657bb40932bd9c17,det-v1,1,,1455,85,724.855,0.0001625000,false,true
call-000043,arm8_spec_immediate,cal/f1/s1060000/early_accurate,17,qwen/qwen-2.5-7b-instruct,sha256:33a32bcc5016ea903095ac2ff4245095d7a98af9a5514feb657bb40932bd9c17,det-v1,1,accepted,1455,85,724.855,0.0001625000,false,false
call-000044,arm8_spec_immediate,cal/f1/s1060000/early_accurate,23,qwen/qwen-2.5-7b-instruct,sha256:fb2296e36b722bb57b7ff3adc1104edf98ebf2566315c7cd3171a009534b699d,det-v1,1,,1723,103,896.813,0.0001929000,false,true
call-000045,arm8_spec_immediate,cal/f1/s1060000/early_accurate,23,qwen/qwen-2.5-7b-instruct,sha256:fb2296e36b722bb57b7ff3adc1104edf98ebf2566315c7cd3171a009534b699d,det-v1,1,fallback,1723,103,896.813,0.0001929000,false,false
call-000046,arm8_spec_immediate,cal/f1/s1060000/early_accurate,23,qwen/qwen-2.5-7b-instruct,sha256:1163a31e3e74eddcd1fcd6ae42644545c86328f74c77beba18f0c90e2e43f183,det-v1,2,,1793,85,714.438,0.0001963000,false,true
call-000047,arm8_spec_immediate,cal/f1/s1060000/early_accurate,23,qwen/qwen-2.5-7b-instruct,sha256:1163a31e3e74eddcd1fcd6ae42644545c86328f74c77beba18f0c90e2e43f183,det-v1,2,accepted_after_repair,1793,85,714.438,0.0001963000,false,false
call-000048,arm9_spec_heuristic_rollback,cal/f1/s1060000/early_accurate,17,qwen/qwen-2.5-7b-instruct,sha256:33a32bcc5016ea903095ac2ff4245095d7a98af9a5514feb657bb40932bd9c17,det-v1,1,accepted,1455,85,0.003,0.0001625000,true,false
call-000049,arm9_spec_heuristic_rollback,cal/f1/s1060000/early_accurate,23,qwen/qwen-2.5-7b-instruct,sha256:fb2296e36b722bb57b7ff3adc1104edf98ebf2566315c7cd3171a009534b699d,det-v1,1,fallback,1723,103,0.003,0.0001929000,true,false
call-000050,arm9_spec_heuristic_rollback,cal/f1/s1060000/early_accurate,23,qwen/qwen-2.5-7b-instruct,sha256:1163a31e3e74eddcd1fcd6ae42644545c86328f74c77beba18f0c90e2e43f183,det-v1,2,accepted_after_repair,1793,85,0.003,0.0001963000,true,false
call-000051,arm10_spec_eprocess,cal/f1/s1060000/early_accurate,17,qwen/qwen-2.5-7b-instruct,sha256:33a32bcc5016ea903095ac2ff4245095d7a98af9a5514feb657bb40932bd9c17,det-v1,1,accepted,1455,85,0.003,0.0001625000,true,false
call-000052,arm10_spec_eprocess,cal/f1/s1060000/early_accurate,23,qwen/qwen-2.5-7b-instruct,sha256:fb2296e36b722bb57b7ff3adc1104edf98ebf2566315c7cd3171a009534b699d,det-v1,1,fallback,1723,103,0.003,0.0001929000,true,false
call-000053,arm10_spec_eprocess,cal/f1/s1060000/early_accurate,23,qwen/qwen-2.5-7b-instruct,sha256:1163a31e3e74eddcd1fcd6ae42644545c86328f74c77beba18f0c90e2e43f183,det-v1,2,accepted_after_repair,1793,85,0.002,0.0001963000,true,false
call-000054,arm8_spec_immediate,dev/f1/s1050001/early_accurate,15,qwen/qwen-2.5-7b-instruct,sha256:ed15caf74b215803fbf05b85f717582a79b1b3700cf627beacf0f60c49945da7,det-v1,1,,1359,91,841.563,0.0001541000,false,true
call-000055,arm8_spec_immediate,dev/f1/s1050001/early_accurate,15,qwen/qwen-2.5-7b-instruct,sha256:ed15caf74b215803fbf05b85f717582a79b1b3700cf627beacf0f60c49945da7,det-v1,1,fallback,1359,91,841.563,0.0001541000,false,false
call-000056,arm8_spec_immediate,dev/f1/s1050001/early_accurate,15,qwen/qwen-2.5-7b-instruct,sha256:8f6f77c487cf35f21da8f701d5a3be0069f2b4ea23de07ef8208315ae37219ff,det-v1,2,,1429,91,662.972,0.0001611000,false,true
call-000057,arm8_spec_immediate,dev/f1/s1050001/early_accurate,15,qwen/qwen-2.5-7b-instruct,sha256:8f6f77c487cf35f21da8f701d5a3be0069f2b4ea23de07ef8208315ae37219ff,det-v1,2,fallback,1429,91,662.972,0.0001611000,false,false
call-000058,arm8_spec_immediate,dev/f1/s1050001/early_accurate,23,qwen/qwen-2.5-7b-instruct,sha256:db4344d0bd57c9f4caa1776db2a666c32851d819582bd1128da94804f7392915,det-v1,1,,1720,151,1156.361,0.0002022000,false,true
call-000059,arm8_spec_immediate,dev/f1/s1050001/early_accurate,23,qwen/qwen-2.5-7b-instruct,sha256:db4344d0bd57c9f4caa1776db2a666c32851d819582bd1128da94804f7392915,det-v1,1,fallback,1720,151,1156.361,0.0002022000,false,false
call-000060,arm8_spec_immediate,dev/f1/s1050001/early_accurate,23,qwen/qwen-2.5-7b-instruct,sha256:becd91d6169cbb3c908c95e2980d9884f91fb0f39e3a497d6213e7c49c0971c6,det-v1,2,,1790,96,786.337,0.0001982000,false,true
call-000061,arm8_spec_immediate,dev/f1/s1050001/early_accurate,23,qwen/qwen-2.5-7b-instruct,sha256:becd91d6169cbb3c908c95e2980d9884f91fb0f39e3a497d6213e7c49c0971c6,det-v1,2,fallback,1790,96,786.337,0.0001982000,false,false
call-000062,arm9_spec_heuristic_rollback,dev/f1/s1050001/early_accurate,15,qwen/qwen-2.5-7b-instruct,sha256:ed15caf74b215803fbf05b85f717582a79b1b3700cf627beacf0f60c49945da7,det-v1,1,fallback,1359,91,0.003,0.0001541000,true,false
call-000063,arm9_spec_heuristic_rollback,dev/f1/s1050001/early_accurate,15,qwen/qwen-2.5-7b-instruct,sha256:8f6f77c487cf35f21da8f701d5a3be0069f2b4ea23de07ef8208315ae37219ff,det-v1,2,fallback,1429,91,0.003,0.0001611000,true,false
call-000064,arm9_spec_heuristic_rollback,dev/f1/s1050001/early_accurate,23,qwen/qwen-2.5-7b-instruct,sha256:db4344d0bd57c9f4caa1776db2a666c32851d819582bd1128da94804f7392915,det-v1,1,fallback,1720,151,0.003,0.0002022000,true,false
call-000065,arm9_spec_heuristic_rollback,dev/f1/s1050001/early_accurate,23,qwen/qwen-2.5-7b-instruct,sha256:becd91d6169cbb3c908c95e2980d9884f91fb0f39e3a497d6213e7c49c0971c6,det-v1,2,fallback,1790,96,0.003,0.0001982000,true,false
call-000066,arm10_spec_eprocess,dev/f1/s1050001/early_accurate,15,qwen/qwen-2.5-7b-instruct,sha256:ed15caf74b215803fbf05b85f717582a79b1b3700cf627beacf0f60c49945da7,det-v1,1,fallback,1359,91,0.003,0.0001541000,true,false
call-000067,arm10_spec_eprocess,dev/f1/s1050001/early_accurate,15,qwen/qwen-2.5-7b-instruct,sha256:8f6f77c487cf35f21da8f701d5a3be0069f2b4ea23de07ef8208315ae37219ff,det-v1,2,fallback,1429,91,0.003,0.0001611000,true,false
call-000068,arm10_spec_eprocess,dev/f1/s1050001/early_accurate,23,qwen/qwen-2.5-7b-instruct,sha256:db4344d0bd57c9f4caa1776db2a666c32851d819582bd1128da94804f7392915,det-v1,1,fallback,1720,151,0.003,0.0002022000,true,false
call-000069,arm10_spec_eprocess,dev/f1/s1050001/early_accurate,23,qwen/qwen-2.5-7b-instruct,sha256:becd91d6169cbb3c908c95e2980d9884f91fb0f39e3a497d6213e7c49c0971c6,det-v1,2,fallback,1790,96,0.003,0.0001982000,true,false
call-000070,arm8_spec_immediate,cal/f1/s1060001/early_accurate,21,qwen/qwen-2.5-7b-instruct,sha256:b40447bb00cb527bde1a3ac68c63348ccac789d5bdf950de42320ac68e4a0e1b,det-v1,1,,1630,84,818.894,0.0001798000,false,true
call-000071,arm8_spec_immediate,cal/f1/s1060001/early_accurate,21,qwen/qwen-2.5-7b-instruct,sha256:b40447bb00cb527bde1a3ac68c63348ccac789d5bdf950de42320ac68e4a0e1b,det-v1,1,accepted,1630,84,818.894,0.0001798000,false,false
call-000072,arm8_spec_immediate,cal/f1/s1060001/early_accurate,36,qwen/qwen-2.5-7b-instruct,sha256:e79183965c1f58c6f2d0832653d40e99a507a5a8a6a844cabaea5838c6e6f6c3,det-v1,1,,2300,79,935.995,0.0002458000,false,true
call-000073,arm8_spec_immediate,cal/f1/s1060001/early_accurate,36,qwen/qwen-2.5-7b-instruct,sha256:e79183965c1f58c6f2d0832653d40e99a507a5a8a6a844cabaea5838c6e6f6c3,det-v1,1,accepted,2300,79,935.995,0.0002458000,false,false
call-000074,arm9_spec_heuristic_rollback,cal/f1/s1060001/early_accurate,21,qwen/qwen-2.5-7b-instruct,sha256:b40447bb00cb527bde1a3ac68c63348ccac789d5bdf950de42320ac68e4a0e1b,det-v1,1,accepted,1630,84,0.003,0.0001798000,true,false
call-000075,arm9_spec_heuristic_rollback,cal/f1/s1060001/early_accurate,36,qwen/qwen-2.5-7b-instruct,sha256:e79183965c1f58c6f2d0832653d40e99a507a5a8a6a844cabaea5838c6e6f6c3,det-v1,1,accepted,2300,79,0.003,0.0002458000,true,false
call-000076,arm10_spec_eprocess,cal/f1/s1060001/early_accurate,21,qwen/qwen-2.5-7b-instruct,sha256:b40447bb00cb527bde1a3ac68c63348ccac789d5bdf950de42320ac68e4a0e1b,det-v1,1,accepted,1630,84,0.002,0.0001798000,true,false
call-000077,arm10_spec_eprocess,cal/f1/s1060001/early_accurate,36,qwen/qwen-2.5-7b-instruct,sha256:e79183965c1f58c6f2d0832653d40e99a507a5a8a6a844cabaea5838c6e6f6c3,det-v1,1,accepted,2300,79,0.002,0.0002458000,true,false
call-000078,arm8_spec_immediate,dev/f1/s1050000/late_accurate,19,qwen/qwen-2.5-7b-instruct,sha256:57b461393e9f310344c2ab1b049a896468b19c1ab9324046d4dddf01058dbcd2,det-v1,1,,1533,97,878.177,0.0001727000,false,true
call-000079,arm8_spec_immediate,dev/f1/s1050000/late_accurate,19,qwen/qwen-2.5-7b-instruct,sha256:57b461393e9f310344c2ab1b049a896468b19c1ab9324046d4dddf01058dbcd2,det-v1,1,fallback,1533,97,878.177,0.0001727000,false,false
call-000080,arm8_spec_immediate,dev/f1/s1050000/late_accurate,19,qwen/qwen-2.5-7b-instruct,sha256:6099f20836d6f65532c76de87cd0347541c67e92b97aca6be3d228f769260824,det-v1,2,,1603,91,823.206,0.0001785000,false,true
call-000081,arm8_spec_immediate,dev/f1/s1050000/late_accurate,19,qwen/qwen-2.5-7b-instruct,sha256:6099f20836d6f65532c76de87cd0347541c67e92b97aca6be3d228f769260824,det-v1,2,fallback,1603,91,823.206,0.0001785000,false,false
call-000082,arm8_spec_immediate,dev/f1/s1050000/late_accurate,25,qwen/qwen-2.5-7b-instruct,sha256:fe257c0ccfb927efbdbfcc79d93ddb3b36f959561b0f67bb5e20d967ed4026c0,det-v1,1,,1800,127,1050.726,0.0002054000,false,true
call-000083,arm8_spec_immediate,dev/f1/s1050000/late_accurate,25,qwen/qwen-2.5-7b-instruct,sha256:fe257c0ccfb927efbdbfcc79d93ddb3b36f959561b0f67bb5e20d967ed4026c0,det-v1,1,fallback,1800,127,1050.726,0.0002054000,false,false
call-000084,arm8_spec_immediate,dev/f1/s1050000/late_accurate,25,qwen/qwen-2.5-7b-instruct,sha256:2b131d71a01ee08b57d1115eaf35bfe3a836cdb1cd6c8d2bf8e7ec9bb3d8470b,det-v1,2,,1870,121,988.111,0.0002112000,false,true
call-000085,arm8_spec_immediate,dev/f1/s1050000/late_accurate,25,qwen/qwen-2.5-7b-instruct,sha256:2b131d71a01ee08b57d1115eaf35bfe3a836cdb1cd6c8d2bf8e7ec9bb3d8470b,det-v1,2,fallback,1870,121,988.111,0.0002112000,false,false
call-000086,arm9_spec_heuristic_rollback,dev/f1/s1050000/late_accurate,19,qwen/qwen-2.5-7b-instruct,sha256:57b461393e9f310344c2ab1b049a896468b19c1ab9324046d4dddf01058dbcd2,det-v1,1,fallback,1533,97,0.002,0.0001727000,true,false
call-000087,arm9_spec_heuristic_rollback,dev/f1/s1050000/late_accurate,19,qwen/qwen-2.5-7b-instruct,sha256:6099f20836d6f65532c76de87cd0347541c67e92b97aca6be3d228f769260824,det-v1,2,fallback,1603,91,0.001,0.0001785000,true,false
call-000088,arm9_spec_heuristic_rollback,dev/f1/s1050000/late_accurate,25,qwen/qwen-2.5-7b-instruct,sha256:fe257c0ccfb927efbdbfcc79d93ddb3b36f959561b0f67bb5e20d967ed4026c0,det-v1,1,fallback,1800,127,0.002,0.0002054000,true,false
call-000089,arm9_spec_heuristic_rollback,dev/f1/s1050000/late_accurate,25,qwen/qwen-2.5-7b-instruct,sha256:2b131d71a01ee08b57d1115eaf35bfe3a836cdb1cd6c8d2bf8e7ec9bb3d8470b,det-v1,2,fallback,1870,121,0.001,0.0002112000,true,false
call-000090,arm10_spec_eprocess,dev/f1/s1050000/late_accurate,19,qwen/qwen-2.5-7b-instruct,sha256:57b461393e9f310344c2ab1b049a896468b19c1ab9324046d4dddf01058dbcd2,det-v1,1,fallback,1533,97,0.002,0.0001727000,true,false
call-000091,arm10_spec_eprocess,dev/f1/s1050000/late_accurate,19,qwen/qwen-2.5-7b-instruct,sha256:6099f20836d6f65532c76de87cd0347541c67e92b97aca6be3d228f769260824,det-v1,2,fallback,1603,91,0.001,0.0001785000,true,false
call-000092,arm10_spec_eprocess,dev/f1/s1050000/late_accurate,25,qwen/qwen-2.5-7b-instruct,sha256:fe257c0ccfb927efbdbfcc79d93ddb3b36f959561b0f67bb5e20d967ed4026c0,det-v1,1,fallback,1800,127,0.002,0.0002054000,true,false
call-000093,arm10_spec_eprocess,dev/f1/s1050000/late_accurate,25,qwen/qwen-2.5-7b-instruct,sha256:2b131d71a01ee08b57d1115eaf35bfe3a836cdb1cd6c8d2bf8e7ec9bb3d8470b,det-v1,2,fallback,1870,121,0.001,0.0002112000,true,false
call-000094,arm8_spec_immediate,cal/f1/s1060000/late_accurate,20,qwen/qwen-2.5-7b-instruct,sha256:c80a71701c191fec5bb3c1de57e5544f2664df704d552d8f09582b518aa37c1d,det-v1,1,,1589,103,1126.544,0.0001795000,false,true
call-000095,arm8_spec_immediate,cal/f1/s1060000/late_accurate,20,qwen/qwen-2.5-7b-instruct,sha256:c80a71701c191fec5bb3c1de57e5544f2664df704d552d8f09582b518aa37c1d,det-v1,1,fallback,1589,103,1126.544,0.0001795000,false,false
call-000096,arm8_spec_immediate,cal/f1/s1060000/late_accurate,20,qwen/qwen-2.5-7b-instruct,sha256:2ad27963ecb05ea1808f03a079b9d991dc24ffabc95c59fa99d7ecd215cd1d8d,det-v1,2,,1659,85,681.727,0.0001829000,false,true
call-000097,arm8_spec_immediate,cal/f1/s1060000/late_accurate,20,qwen/qwen-2.5-7b-instruct,sha256:2ad27963ecb05ea1808f03a079b9d991dc24ffabc95c59fa99d7ecd215cd1d8d,det-v1,2,accepted_after_repair,1659,85,681.727,0.0001829000,false,false
call-000098,arm8_spec_immediate,cal/f1/s1060000/late_accurate,49,qwen/qwen-2.5-7b-instruct,sha256:3139298c221aac9e7dd740ce0e09537ac08625a90597772c5668e4db65b7a176,det-v1,1,,2894,79,723.760,0.0003052000,false,true
call-000099,arm8_spec_immediate,cal/f1/s1060000/late_accurate,49,qwen/qwen-2.5-7b-instruct,sha256:3139298c221aac9e7dd740ce0e09537ac08625a90597772c5668e4db65b7a176,det-v1,1,accepted,2894,79,723.760,0.0003052000,false,false
call-000100,arm9_spec_heuristic_rollback,cal/f1/s1060000/late_accurate,20,qwen/qwen-2.5-7b-instruct,sha256:c80a71701c191fec5bb3c1de57e5544f2664df704d552d8f09582b518aa37c1d,det-v1,1,fallback,1589,103,0.002,0.0001795000,true,false
call-000101,arm9_spec_heuristic_rollback,cal/f1/s1060000/late_accurate,20,qwen/qwen-2.5-7b-instruct,sha256:2ad27963ecb05ea1808f03a079b9d991dc24ffabc95c59fa99d7ecd215cd1d8d,det-v1,2,accepted_after_repair,1659,85,0.001,0.0001829000,true,false
call-000102,arm9_spec_heuristic_rollback,cal/f1/s1060000/late_accurate,49,qwen/qwen-2.5-7b-instruct,sha256:3139298c221aac9e7dd740ce0e09537ac08625a90597772c5668e4db65b7a176,det-v1,1,accepted,2894,79,0.002,0.0003052000,true,false
call-000103,arm10_spec_eprocess,cal/f1/s1060000/late_accurate,20,qwen/qwen-2.5-7b-instruct,sha256:c80a71701c191fec5bb3c1de57e5544f2664df704d552d8f09582b518aa37c1d,det-v1,1,fallback,1589,103,0.002,0.0001795000,true,false
call-000104,arm10_spec_eprocess,cal/f1/s1060000/late_accurate,20,qwen/qwen-2.5-7b-instruct,sha256:2ad27963ecb05ea1808f03a079b9d991dc24ffabc95c59fa99d7ecd215cd1d8d,det-v1,2,accepted_after_repair,1659,85,0.001,0.0001829000,true,false
call-000105,arm10_spec_eprocess,cal/f1/s1060000/late_accurate,49,qwen/qwen-2.5-7b-instruct,sha256:3139298c221aac9e7dd740ce0e09537ac08625a90597772c5668e4db65b7a176,det-v1,1,accepted,2894,79,0.002,0.0003052000,true,false
call-000106,arm8_spec_immediate,dev/f1/s1050001/late_accurate,18,qwen/qwen-2.5-7b-instruct,sha256:fe71cc01523e67c97828885c0fc9bfa5df844d79aeadb45e3946a4b44509da16,det-v1,1,,1492,91,1024.059,0.0001674000,false,true
call-000107,arm8_spec_immediate,dev/f1/s1050001/late_accurate,18,qwen/qwen-2.5-7b-instruct,sha256:fe71cc01523e67c97828885c0fc9bfa5df844d79aeadb45e3946a4b44509da16,det-v1,1,fallback,1492,91,1024.059,0.0001674000,false,false
call-000108,arm8_spec_immediate,dev/f1/s1050001/late_accurate,18,qwen/qwen-2.5-7b-instruct,sha256:57b3292d071b454656ee6191d602598e78a5a6c96ba48ee3bdbeae5e116596ae,det-v1,2,,1562,85,774.609,0.0001732000,false,true
call-000109,arm8_spec_immediate,dev/f1/s1050001/late_accurate,18,qwen/qwen-2.5-7b-instruct,sha256:57b3292d071b454656ee6191d602598e78a5a6c96ba48ee3bdbeae5e116596ae,det-v1,2,accepted_after_repair,1562,85,774.609,0.0001732000,false,false
call-000110,arm8_spec_immediate,dev/f1/s1050001/late_accurate,25,qwen/qwen-2.5-7b-instruct,sha256:2951779ab4d9d062eccd0a4a4f3176f0ce5beb49e03ffa9e0ea70bf0e6c7f940,det-v1,1,,1810,141,1340.763,0.0002092000,false,true
call-000111,arm8_spec_immediate,dev/f1/s1050001/late_accurate,25,qwen/qwen-2.5-7b-instruct,sha256:2951779ab4d9d062eccd0a4a4f3176f0ce5beb49e03ffa9e0ea70bf0e6c7f940,det-v1,1,fallback,1810,141,1340.763,0.0002092000,false,false
call-000112,arm8_spec_immediate,dev/f1/s1050001/late_accurate,25,qwen/qwen-2.5-7b-instruct,sha256:320940e0e961b7ca89a4376058c6aa7d80bc91699c9d195a7ed05c5bb52621ff,det-v1,2,,1880,141,1238.892,0.0002162000,false,true
call-000113,arm8_spec_immediate,dev/f1/s1050001/late_accurate,25,qwen/qwen-2.5-7b-instruct,sha256:320940e0e961b7ca89a4376058c6aa7d80bc91699c9d195a7ed05c5bb52621ff,det-v1,2,fallback,1880,141,1238.892,0.0002162000,false,false
call-000114,arm9_spec_heuristic_rollback,dev/f1/s1050001/late_accurate,18,qwen/qwen-2.5-7b-instruct,sha256:fe71cc01523e67c97828885c0fc9bfa5df844d79aeadb45e3946a4b44509da16,det-v1,1,fallback,1492,91,0.002,0.0001674000,true,false
call-000115,arm9_spec_heuristic_rollback,dev/f1/s1050001/late_accurate,18,qwen/qwen-2.5-7b-instruct,sha256:57b3292d071b454656ee6191d602598e78a5a6c96ba48ee3bdbeae5e116596ae,det-v1,2,accepted_after_repair,1562,85,0.002,0.0001732000,true,false
call-000116,arm9_spec_heuristic_rollback,dev/f1/s1050001/late_accurate,25,qwen/qwen-2.5-7b-instruct,sha256:2951779ab4d9d062eccd0a4a4f3176f0ce5beb49e03ffa9e0ea70bf0e6c7f940,det-v1,1,fallback,1810,141,0.002,0.0002092000,true,false
call-000117,arm9_spec_heuristic_rollback,dev/f1/s1050001/late_accurate,25,qwen/qwen-2.5-7b-instruct,sha256:320940e0e961b7ca89a4376058c6aa7d80bc91699c9d195a7ed05c5bb52621ff,det-v1,2,fallback,1880,141,0.001,0.0002162000,true,false
call-000118,arm10_spec_eprocess,dev/f1/s1050001/late_accurate,18,qwen/qwen-2.5-7b-instruct,sha256:fe71cc01523e67c97828885c0fc9bfa5df844d79aeadb45e3946a4b44509da16,det-v1,1,fallback,1492,91,0.002,0.0001674000,true,false
call-000119,arm10_spec_eprocess,dev/f1/s1050001/late_accurate,18,qwen/qwen-2.5-7b-instruct,sha256:57b3292d071b454656ee6191d602598e78a5a6c96ba48ee3bdbeae5e116596ae,det-v1,2,accepted_after_repair,1562,85,0.002,0.0001732000,true,false
call-000120,arm10_spec_eprocess,dev/f1/s1050001/late_accurate,25,qwen/qwen-2.5-7b-instruct,sha256:2951779ab4d9d062eccd0a4a4f3176f0ce5beb49e03ffa9e0ea70bf0e6c7f940,det-v1,1,fallback,1810,141,0.002,0.0002092000,true,false
call-000121,arm10_spec_eprocess,dev/f1/s1050001/late_accurate,25,qwen/qwen-2.5-7b-instruct,sha256:320940e0e961b7ca89a4376058c6aa7d80bc91699c9d195a7ed05c5bb52621ff,det-v1,2,fallback,1880,141,0.001,0.0002162000,true,false
call-000122,arm8_spec_immediate,cal/f1/s1060001/late_accurate,24,qwen/qwen-2.5-7b-instruct,sha256:5292c30bccde78f79c77722c5c94af6125b557664a0782db91b3202d86cf9fb4,det-v1,1,,1763,85,806.412,0.0001933000,false,true
call-000123,arm8_spec_immediate,cal/f1/s1060001/late_accurate,24,qwen/qwen-2.5-7b-instruct,sha256:5292c30bccde78f79c77722c5c94af6125b557664a0782db91b3202d86cf9fb4,det-v1,1,accepted,1763,85,806.412,0.0001933000,false,false
call-000124,arm8_spec_immediate,cal/f1/s1060001/late_accurate,36,qwen/qwen-2.5-7b-instruct,sha256:a7e7fa1dec68a6ebf61b6cb2d2c12bbac02319885aa6176587898c94b83d6f07,det-v1,1,,2300,91,920.535,0.0002482000,false,true
call-000125,arm8_spec_immediate,cal/f1/s1060001/late_accurate,36,qwen/qwen-2.5-7b-instruct,sha256:a7e7fa1dec68a6ebf61b6cb2d2c12bbac02319885aa6176587898c94b83d6f07,det-v1,1,fallback,2300,91,920.535,0.0002482000,false,false
call-000126,arm8_spec_immediate,cal/f1/s1060001/late_accurate,36,qwen/qwen-2.5-7b-instruct,sha256:a8d3c06e2283f709d5d16c6d8e1a83210a4748cba17b8c734ea1aae15ab64e03,det-v1,2,,2370,79,805.116,0.0002528000,false,true
call-000127,arm8_spec_immediate,cal/f1/s1060001/late_accurate,36,qwen/qwen-2.5-7b-instruct,sha256:a8d3c06e2283f709d5d16c6d8e1a83210a4748cba17b8c734ea1aae15ab64e03,det-v1,2,accepted_after_repair,2370,79,805.116,0.0002528000,false,false
call-000128,arm9_spec_heuristic_rollback,cal/f1/s1060001/late_accurate,24,qwen/qwen-2.5-7b-instruct,sha256:5292c30bccde78f79c77722c5c94af6125b557664a0782db91b3202d86cf9fb4,det-v1,1,accepted,1763,85,0.004,0.0001933000,true,false
call-000129,arm9_spec_heuristic_rollback,cal/f1/s1060001/late_accurate,36,qwen/qwen-2.5-7b-instruct,sha256:a7e7fa1dec68a6ebf61b6cb2d2c12bbac02319885aa6176587898c94b83d6f07,det-v1,1,fallback,2300,91,0.004,0.0002482000,true,false
call-000130,arm9_spec_heuristic_rollback,cal/f1/s1060001/late_accurate,36,qwen/qwen-2.5-7b-instruct,sha256:a8d3c06e2283f709d5d16c6d8e1a83210a4748cba17b8c734ea1aae15ab64e03,det-v1,2,accepted_after_repair,2370,79,0.003,0.0002528000,true,false
call-000131,arm10_spec_eprocess,cal/f1/s1060001/late_accurate,24,qwen/qwen-2.5-7b-instruct,sha256:5292c30bccde78f79c77722c5c94af6125b557664a0782db91b3202d86cf9fb4,det-v1,1,accepted,1763,85,0.005,0.0001933000,true,false
call-000132,arm10_spec_eprocess,cal/f1/s1060001/late_accurate,36,qwen/qwen-2.5-7b-instruct,sha256:a7e7fa1dec68a6ebf61b6cb2d2c12bbac02319885aa6176587898c94b83d6f07,det-v1,1,fallback,2300,91,0.003,0.0002482000,true,false
call-000133,arm10_spec_eprocess,cal/f1/s1060001/late_accurate,36,qwen/qwen-2.5-7b-instruct,sha256:a8d3c06e2283f709d5d16c6d8e1a83210a4748cba17b8c734ea1aae15ab64e03,det-v1,2,accepted_after_repair,2370,79,0.003,0.0002528000,true,false
call-000134,arm8_spec_immediate,dev/f1/s1050000/unreliable,16,qwen/qwen-2.5-7b-instruct,sha256:c5dd861c3ea89e3d6205ea3ebe2b7887cfaab41de6637e276213b06bd964f9b8,det-v1,1,,1403,91,692.001,0.0001585000,false,true
call-000135,arm8_spec_immediate,dev/f1/s1050000/unreliable,16,qwen/qwen-2.5-7b-instruct,sha256:c5dd861c3ea89e3d6205ea3ebe2b7887cfaab41de6637e276213b06bd964f9b8,det-v1,1,fallback,1403,91,692.001,0.0001585000,false,false
call-000136,arm8_spec_immediate,dev/f1/s1050000/unreliable,16,qwen/qwen-2.5-7b-instruct,sha256:8259e3efddad4dad29f477f278d02d95171582d12c27b4c987ac353df9d4fc32,det-v1,2,,1473,91,791.475,0.0001655000,false,true
call-000137,arm8_spec_immediate,dev/f1/s1050000/unreliable,16,qwen/qwen-2.5-7b-instruct,sha256:8259e3efddad4dad29f477f278d02d95171582d12c27b4c987ac353df9d4fc32,det-v1,2,fallback,1473,91,791.475,0.0001655000,false,false
call-000138,arm8_spec_immediate,dev/f1/s1050000/unreliable,25,qwen/qwen-2.5-7b-instruct,sha256:7b1e19edd485e477e7765072df1bb154151c5160665672b86d53420ec80ae754,det-v1,1,,1803,100,1004.960,0.0002003000,false,true
call-000139,arm8_spec_immediate,dev/f1/s1050000/unreliable,25,qwen/qwen-2.5-7b-instruct,sha256:7b1e19edd485e477e7765072df1bb154151c5160665672b86d53420ec80ae754,det-v1,1,fallback,1803,100,1004.960,0.0002003000,false,false
call-000140,arm8_spec_immediate,dev/f1/s1050000/unreliable,25,qwen/qwen-2.5-7b-instruct,sha256:e74f4df5ffdc8b1b24e1e88c03764deaf16b7a04327093122600c807fc50d196,det-v1,2,,1873,85,822.143,0.0002043000,false,true
call-000141,arm8_spec_immediate,dev/f1/s1050000/unreliable,25,qwen/qwen-2.5-7b-instruct,sha256:e74f4df5ffdc8b1b24e1e88c03764deaf16b7a04327093122600c807fc50d196,det-v1,2,accepted_after_repair,1873,85,822.143,0.0002043000,false,false
call-000142,arm9_spec_heuristic_rollback,dev/f1/s1050000/unreliable,16,qwen/qwen-2.5-7b-instruct,sha256:c5dd861c3ea89e3d6205ea3ebe2b7887cfaab41de6637e276213b06bd964f9b8,det-v1,1,fallback,1403,91,0.003,0.0001585000,true,false
call-000143,arm9_spec_heuristic_rollback,dev/f1/s1050000/unreliable,16,qwen/qwen-2.5-7b-instruct,sha256:8259e3efddad4dad29f477f278d02d95171582d12c27b4c987ac353df9d4fc32,det-v1,2,fallback,1473,91,0.003,0.0001655000,true,false
call-000144,arm9_spec_heuristic_rollback,dev/f1/s1050000/unreliable,25,qwen/qwen-2.5-7b-instruct,sha256:7b1e19edd485e477e7765072df1bb154151c5160665672b86d53420ec80ae754,det-v1,1,fallback,1803,100,0.003,0.0002003000,true,false
call-000145,arm9_spec_heuristic_rollback,dev/f1/s1050000/unreliable,25,qwen/qwen-2.5-7b-instruct,sha256:e74f4df5ffdc8b1b24e1e88c03764deaf16b7a04327093122600c807fc50d196,det-v1,2,accepted_after_repair,1873,85,0.003,0.0002043000,true,false
call-000146,arm10_spec_eprocess,dev/f1/s1050000/unreliable,16,qwen/qwen-2.5-7b-instruct,sha256:c5dd861c3ea89e3d6205ea3ebe2b7887cfaab41de6637e276213b06bd964f9b8,det-v1,1,fallback,1403,91,0.003,0.0001585000,true,false
call-000147,arm10_spec_eprocess,dev/f1/s1050000/unreliable,16,qwen/qwen-2.5-7b-instruct,sha256:8259e3efddad4dad29f477f278d02d95171582d12c27b4c987ac353df9d4fc32,det-v1,2,fallback,1473,91,0.003,0.0001655000,true,false
call-000148,arm10_spec_eprocess,dev/f1/s1050000/unreliable,25,qwen/qwen-2.5-7b-instruct,sha256:7b1e19edd485e477e7765072df1bb154151c5160665672b86d53420ec80ae754,det-v1,1,fallback,1803,100,0.003,0.0002003000,true,false
call-000149,arm10_spec_eprocess,dev/f1/s1050000/unreliable,25,qwen/qwen-2.5-7b-instruct,sha256:e74f4df5ffdc8b1b24e1e88c03764deaf16b7a04327093122600c807fc50d196,det-v1,2,accepted_after_repair,1873,85,0.003,0.0002043000,true,false
call-000150,arm8_spec_immediate,dev/f1/s1050000/unreliable__twin,10,qwen/qwen-2.5-7b-instruct,sha256:df1bbbdffe650439461c0768aa5ae32ab329cec2ad0256130d4095f4f9f61a50,det-v1,1,accepted,1137,84,0.002,0.0001305000,true,false
call-000151,arm9_spec_heuristic_rollback,dev/f1/s1050000/unreliable__twin,10,qwen/qwen-2.5-7b-instruct,sha256:df1bbbdffe650439461c0768aa5ae32ab329cec2ad0256130d4095f4f9f61a50,det-v1,1,accepted,1137,84,0.001,0.0001305000,true,false
call-000152,arm10_spec_eprocess,dev/f1/s1050000/unreliable__twin,10,qwen/qwen-2.5-7b-instruct,sha256:df1bbbdffe650439461c0768aa5ae32ab329cec2ad0256130d4095f4f9f61a50,det-v1,1,accepted,1137,84,0.001,0.0001305000,true,false
call-000153,arm8_spec_immediate,cal/f1/s1060000/unreliable,17,qwen/qwen-2.5-7b-instruct,sha256:da70fe1b3ad4f82d2843bbcf9ffc2956f177150acd444581714b186a50af4fb4,det-v1,1,,1458,85,688.577,0.0001628000,false,true
call-000154,arm8_spec_immediate,cal/f1/s1060000/unreliable,17,qwen/qwen-2.5-7b-instruct,sha256:da70fe1b3ad4f82d2843bbcf9ffc2956f177150acd444581714b186a50af4fb4,det-v1,1,accepted,1458,85,688.577,0.0001628000,false,false
call-000155,arm8_spec_immediate,cal/f1/s1060000/unreliable,23,qwen/qwen-2.5-7b-instruct,sha256:434e0fb75633635c129a35766f09bda13dfaca2a5733cd6e7b6ff7afdaa419c8,det-v1,1,,1726,84,667.663,0.0001894000,false,true
call-000156,arm8_spec_immediate,cal/f1/s1060000/unreliable,23,qwen/qwen-2.5-7b-instruct,sha256:434e0fb75633635c129a35766f09bda13dfaca2a5733cd6e7b6ff7afdaa419c8,det-v1,1,accepted,1726,84,667.663,0.0001894000,false,false
call-000157,arm9_spec_heuristic_rollback,cal/f1/s1060000/unreliable,17,qwen/qwen-2.5-7b-instruct,sha256:da70fe1b3ad4f82d2843bbcf9ffc2956f177150acd444581714b186a50af4fb4,det-v1,1,accepted,1458,85,0.003,0.0001628000,true,false
call-000158,arm9_spec_heuristic_rollback,cal/f1/s1060000/unreliable,23,qwen/qwen-2.5-7b-instruct,sha256:434e0fb75633635c129a35766f09bda13dfaca2a5733cd6e7b6ff7afdaa419c8,det-v1,1,accepted,1726,84,0.003,0.0001894000,true,false
call-000159,arm10_spec_eprocess,cal/f1/s1060000/unreliable,17,qwen/qwen-2.5-7b-instruct,sha256:da70fe1b3ad4f82d2843bbcf9ffc2956f177150acd444581714b186a50af4fb4,det-v1,1,accepted,1458,85,0.002,0.0001628000,true,false
call-000160,arm10_spec_eprocess,cal/f1/s1060000/unreliable,23,qwen/qwen-2.5-7b-instruct,sha256:434e0fb75633635c129a35766f09bda13dfaca2a5733cd6e7b6ff7afdaa419c8,det-v1,1,accepted,1726,84,0.002,0.0001894000,true,false
call-000161,arm8_spec_immediate,cal/f1/s1060000/unreliable__twin,10,qwen/qwen-2.5-7b-instruct,sha256:9b5367b32565f3680f00a7605fd09c68d8295a2ba63e49ea4d1249ae517b0681,det-v1,1,,1141,84,750.492,0.0001309000,false,true
call-000162,arm8_spec_immediate,cal/f1/s1060000/unreliable__twin,10,qwen/qwen-2.5-7b-instruct,sha256:9b5367b32565f3680f00a7605fd09c68d8295a2ba63e49ea4d1249ae517b0681,det-v1,1,accepted,1141,84,750.492,0.0001309000,false,false
call-000163,arm9_spec_heuristic_rollback,cal/f1/s1060000/unreliable__twin,10,qwen/qwen-2.5-7b-instruct,sha256:9b5367b32565f3680f00a7605fd09c68d8295a2ba63e49ea4d1249ae517b0681,det-v1,1,accepted,1141,84,0.002,0.0001309000,true,false
call-000164,arm10_spec_eprocess,cal/f1/s1060000/unreliable__twin,10,qwen/qwen-2.5-7b-instruct,sha256:9b5367b32565f3680f00a7605fd09c68d8295a2ba63e49ea4d1249ae517b0681,det-v1,1,accepted,1141,84,0.002,0.0001309000,true,false
call-000165,arm8_spec_immediate,dev/f1/s1050001/unreliable,15,qwen/qwen-2.5-7b-instruct,sha256:d5a36f8ac24c98c9db7b248a6e9c3a60908887da2aa65e988e5d665e10e1caec,det-v1,1,,1347,165,1231.902,0.0001677000,false,true
call-000166,arm8_spec_immediate,dev/f1/s1050001/unreliable,15,qwen/qwen-2.5-7b-instruct,sha256:d5a36f8ac24c98c9db7b248a6e9c3a60908887da2aa65e988e5d665e10e1caec,det-v1,1,accepted,1347,165,1231.902,0.0001677000,false,false
call-000167,arm8_spec_immediate,dev/f1/s1050001/unreliable,23,qwen/qwen-2.5-7b-instruct,sha256:a6019ceaeb0b37d071355589873a3c1650efdee3ca1818b12fb5c286888737fb,det-v1,1,,1708,80,743.999,0.0001868000,false,true
call-000168,arm8_spec_immediate,dev/f1/s1050001/unreliable,23,qwen/qwen-2.5-7b-instruct,sha256:a6019ceaeb0b37d071355589873a3c1650efdee3ca1818b12fb5c286888737fb,det-v1,1,accepted,1708,80,743.999,0.0001868000,false,false
call-000169,arm9_spec_heuristic_rollback,dev/f1/s1050001/unreliable,15,qwen/qwen-2.5-7b-instruct,sha256:d5a36f8ac24c98c9db7b248a6e9c3a60908887da2aa65e988e5d665e10e1caec,det-v1,1,accepted,1347,165,0.003,0.0001677000,true,false
call-000170,arm9_spec_heuristic_rollback,dev/f1/s1050001/unreliable,23,qwen/qwen-2.5-7b-instruct,sha256:a6019ceaeb0b37d071355589873a3c1650efdee3ca1818b12fb5c286888737fb,det-v1,1,accepted,1708,80,0.003,0.0001868000,true,false
call-000171,arm10_spec_eprocess,dev/f1/s1050001/unreliable,15,qwen/qwen-2.5-7b-instruct,sha256:d5a36f8ac24c98c9db7b248a6e9c3a60908887da2aa65e988e5d665e10e1caec,det-v1,1,accepted,1347,165,0.003,0.0001677000,true,false
call-000172,arm10_spec_eprocess,dev/f1/s1050001/unreliable,23,qwen/qwen-2.5-7b-instruct,sha256:a6019ceaeb0b37d071355589873a3c1650efdee3ca1818b12fb5c286888737fb,det-v1,1,accepted,1708,80,0.003,0.0001868000,true,false
call-000173,arm8_spec_immediate,dev/f1/s1050001/unreliable__twin,10,qwen/qwen-2.5-7b-instruct,sha256:594033306f6e18f183ca61e8d8eb121eafc87039ccb886b2d253c7a234a2b455,det-v1,1,,1140,84,794.021,0.0001308000,false,true
call-000174,arm8_spec_immediate,dev/f1/s1050001/unreliable__twin,10,qwen/qwen-2.5-7b-instruct,sha256:594033306f6e18f183ca61e8d8eb121eafc87039ccb886b2d253c7a234a2b455,det-v1,1,accepted,1140,84,794.021,0.0001308000,false,false
call-000175,arm9_spec_heuristic_rollback,dev/f1/s1050001/unreliable__twin,10,qwen/qwen-2.5-7b-instruct,sha256:594033306f6e18f183ca61e8d8eb121eafc87039ccb886b2d253c7a234a2b455,det-v1,1,accepted,1140,84,0.002,0.0001308000,true,false
call-000176,arm10_spec_eprocess,dev/f1/s1050001/unreliable__twin,10,qwen/qwen-2.5-7b-instruct,sha256:594033306f6e18f183ca61e8d8eb121eafc87039ccb886b2d253c7a234a2b455,det-v1,1,accepted,1140,84,0.002,0.0001308000,true,false
call-000177,arm8_spec_immediate,cal/f1/s1060001/unreliable,21,qwen/qwen-2.5-7b-instruct,sha256:7f627f5c8f15b1652e4d5f7929f13066c848759c03c434449f6fa4884307744d,det-v1,1,,1628,90,790.879,0.0001808000,false,true
call-000178,arm8_spec_immediate,cal/f1/s1060001/unreliable,21,qwen/qwen-2.5-7b-instruct,sha256:7f627f5c8f15b1652e4d5f7929f13066c848759c03c434449f6fa4884307744d,det-v1,1,fallback,1628,90,790.879,0.0001808000,false,false
call-000179,arm8_spec_immediate,cal/f1/s1060001/unreliable,21,qwen/qwen-2.5-7b-instruct,sha256:330816af19b07a082231e11ae716a32fb8f58eeb236e2837787421a4b8b13d24,det-v1,2,,1698,90,895.663,0.0001878000,false,true
call-000180,arm8_spec_immediate,cal/f1/s1060001/unreliable,21,qwen/qwen-2.5-7b-instruct,sha256:330816af19b07a082231e11ae716a32fb8f58eeb236e2837787421a4b8b13d24,det-v1,2,fallback,1698,90,895.663,0.0001878000,false,false
call-000181,arm8_spec_immediate,cal/f1/s1060001/unreliable,36,qwen/qwen-2.5-7b-instruct,sha256:387857ec1e0552bd67e78b6dab91382fd83b040306f67d95077b8f19c3f0377d,det-v1,1,,2298,97,912.974,0.0002492000,false,true
call-000182,arm8_spec_immediate,cal/f1/s1060001/unreliable,36,qwen/qwen-2.5-7b-instruct,sha256:387857ec1e0552bd67e78b6dab91382fd83b040306f67d95077b8f19c3f0377d,det-v1,1,fallback,2298,97,912.974,0.0002492000,false,false
call-000183,arm8_spec_immediate,cal/f1/s1060001/unreliable,36,qwen/qwen-2.5-7b-instruct,sha256:930e197e6e651fcfde8a0749a239f5c0bc666a813573016ad351971acc2a4db0,det-v1,2,,2368,97,810.784,0.0002562000,false,true
call-000184,arm8_spec_immediate,cal/f1/s1060001/unreliable,36,qwen/qwen-2.5-7b-instruct,sha256:930e197e6e651fcfde8a0749a239f5c0bc666a813573016ad351971acc2a4db0,det-v1,2,fallback,2368,97,810.784,0.0002562000,false,false
call-000185,arm9_spec_heuristic_rollback,cal/f1/s1060001/unreliable,21,qwen/qwen-2.5-7b-instruct,sha256:7f627f5c8f15b1652e4d5f7929f13066c848759c03c434449f6fa4884307744d,det-v1,1,fallback,1628,90,0.003,0.0001808000,true,false
call-000186,arm9_spec_heuristic_rollback,cal/f1/s1060001/unreliable,21,qwen/qwen-2.5-7b-instruct,sha256:330816af19b07a082231e11ae716a32fb8f58eeb236e2837787421a4b8b13d24,det-v1,2,fallback,1698,90,0.003,0.0001878000,true,false
call-000187,arm9_spec_heuristic_rollback,cal/f1/s1060001/unreliable,36,qwen/qwen-2.5-7b-instruct,sha256:387857ec1e0552bd67e78b6dab91382fd83b040306f67d95077b8f19c3f0377d,det-v1,1,fallback,2298,97,0.003,0.0002492000,true,false
call-000188,arm9_spec_heuristic_rollback,cal/f1/s1060001/unreliable,36,qwen/qwen-2.5-7b-instruct,sha256:930e197e6e651fcfde8a0749a239f5c0bc666a813573016ad351971acc2a4db0,det-v1,2,fallback,2368,97,0.002,0.0002562000,true,false
call-000189,arm10_spec_eprocess,cal/f1/s1060001/unreliable,21,qwen/qwen-2.5-7b-instruct,sha256:7f627f5c8f15b1652e4d5f7929f13066c848759c03c434449f6fa4884307744d,det-v1,1,fallback,1628,90,0.003,0.0001808000,true,false
call-000190,arm10_spec_eprocess,cal/f1/s1060001/unreliable,21,qwen/qwen-2.5-7b-instruct,sha256:330816af19b07a082231e11ae716a32fb8f58eeb236e2837787421a4b8b13d24,det-v1,2,fallback,1698,90,0.003,0.0001878000,true,false
call-000191,arm10_spec_eprocess,cal/f1/s1060001/unreliable,36,qwen/qwen-2.5-7b-instruct,sha256:387857ec1e0552bd67e78b6dab91382fd83b040306f67d95077b8f19c3f0377d,det-v1,1,fallback,2298,97,0.003,0.0002492000,true,false
call-000192,arm10_spec_eprocess,cal/f1/s1060001/unreliable,36,qwen/qwen-2.5-7b-instruct,sha256:930e197e6e651fcfde8a0749a239f5c0bc666a813573016ad351971acc2a4db0,det-v1,2,fallback,2368,97,0.002,0.0002562000,true,false
call-000193,arm8_spec_immediate,cal/f1/s1060001/unreliable__twin,10,qwen/qwen-2.5-7b-instruct,sha256:d0b95634998fdafa2295b876985969972b38892ce58f567d8f48039c68c24597,det-v1,1,,1142,84,685.945,0.0001310000,false,true
call-000194,arm8_spec_immediate,cal/f1/s1060001/unreliable__twin,10,qwen/qwen-2.5-7b-instruct,sha256:d0b95634998fdafa2295b876985969972b38892ce58f567d8f48039c68c24597,det-v1,1,accepted,1142,84,685.945,0.0001310000,false,false
call-000195,arm9_spec_heuristic_rollback,cal/f1/s1060001/unreliable__twin,10,qwen/qwen-2.5-7b-instruct,sha256:d0b95634998fdafa2295b876985969972b38892ce58f567d8f48039c68c24597,det-v1,1,accepted,1142,84,0.003,0.0001310000,true,false
call-000196,arm10_spec_eprocess,cal/f1/s1060001/unreliable__twin,10,qwen/qwen-2.5-7b-instruct,sha256:d0b95634998fdafa2295b876985969972b38892ce58f567d8f48039c68c24597,det-v1,1,accepted,1142,84,0.002,0.0001310000,true,false
call-000197,arm8_spec_immediate,dev/f2/s2050000/no_alert,28,qwen/qwen-2.5-7b-instruct,sha256:04efe836a39ca8c07f4cf31a86d84fe4c0089afc8c60ff80f18ef4b272a2efff,det-v1,1,,1890,79,844.237,0.0002048000,false,true
call-000198,arm8_spec_immediate,dev/f2/s2050000/no_alert,28,qwen/qwen-2.5-7b-instruct,sha256:04efe836a39ca8c07f4cf31a86d84fe4c0089afc8c60ff80f18ef4b272a2efff,det-v1,1,accepted,1890,79,844.237,0.0002048000,false,false
call-000199,arm8_spec_immediate,dev/f2/s2050000/no_alert,37,qwen/qwen-2.5-7b-instruct,sha256:49e9fab2e9354f9d4fdb87acc5dbff6d3bbdb3322985d90cbb5da443d57bd746,det-v1,1,,2277,80,693.335,0.0002437000,false,true
call-000200,arm8_spec_immediate,dev/f2/s2050000/no_alert,37,qwen/qwen-2.5-7b-instruct,sha256:49e9fab2e9354f9d4fdb87acc5dbff6d3bbdb3322985d90cbb5da443d57bd746,det-v1,1,accepted,2277,80,693.335,0.0002437000,false,false
call-000201,arm9_spec_heuristic_rollback,dev/f2/s2050000/no_alert,28,qwen/qwen-2.5-7b-instruct,sha256:04efe836a39ca8c07f4cf31a86d84fe4c0089afc8c60ff80f18ef4b272a2efff,det-v1,1,accepted,1890,79,0.003,0.0002048000,true,false
call-000202,arm9_spec_heuristic_rollback,dev/f2/s2050000/no_alert,37,qwen/qwen-2.5-7b-instruct,sha256:49e9fab2e9354f9d4fdb87acc5dbff6d3bbdb3322985d90cbb5da443d57bd746,det-v1,1,accepted,2277,80,0.003,0.0002437000,true,false
call-000203,arm10_spec_eprocess,dev/f2/s2050000/no_alert,28,qwen/qwen-2.5-7b-instruct,sha256:04efe836a39ca8c07f4cf31a86d84fe4c0089afc8c60ff80f18ef4b272a2efff,det-v1,1,accepted,1890,79,0.003,0.0002048000,true,false
call-000204,arm10_spec_eprocess,dev/f2/s2050000/no_alert,37,qwen/qwen-2.5-7b-instruct,sha256:49e9fab2e9354f9d4fdb87acc5dbff6d3bbdb3322985d90cbb5da443d57bd746,det-v1,1,accepted,2277,80,0.003,0.0002437000,true,false
call-000205,arm8_spec_immediate,dev/f2/s2050000/no_alert__twin,10,qwen/qwen-2.5-7b-instruct,sha256:9ae68d5cf63e0d277f786db76418a0cc9f9e8f7d1cb707ed113333d72b03f6ac,det-v1,1,,1137,91,804.039,0.0001319000,false,true
call-000206,arm8_spec_immediate,dev/f2/s2050000/no_alert__twin,10,qwen/qwen-2.5-7b-instruct,sha256:9ae68d5cf63e0d277f786db76418a0cc9f9e8f7d1cb707ed113333d72b03f6ac,det-v1,1,fallback,1137,91,804.039,0.0001319000,false,false
call-000207,arm8_spec_immediate,dev/f2/s2050000/no_alert__twin,10,qwen/qwen-2.5-7b-instruct,sha256:f3650de83abba6d27e1a287cb08a3e80a68d970e1c547c252814f8b399b7c309,det-v1,2,,1207,91,887.682,0.0001389000,false,true
call-000208,arm8_spec_immediate,dev/f2/s2050000/no_alert__twin,10,qwen/qwen-2.5-7b-instruct,sha256:f3650de83abba6d27e1a287cb08a3e80a68d970e1c547c252814f8b399b7c309,det-v1,2,fallback,1207,91,887.682,0.0001389000,false,false
call-000209,arm8_spec_immediate,dev/f2/s2050000/no_alert__twin,43,qwen/qwen-2.5-7b-instruct,sha256:d8d528c87681cf096d6f3ae5785734e8abac9aff6e3cad68d71efdfa65464dd7,det-v1,1,,2591,84,959.743,0.0002759000,false,true
call-000210,arm8_spec_immediate,dev/f2/s2050000/no_alert__twin,43,qwen/qwen-2.5-7b-instruct,sha256:d8d528c87681cf096d6f3ae5785734e8abac9aff6e3cad68d71efdfa65464dd7,det-v1,1,accepted,2591,84,959.743,0.0002759000,false,false
call-000211,arm9_spec_heuristic_rollback,dev/f2/s2050000/no_alert__twin,10,qwen/qwen-2.5-7b-instruct,sha256:9ae68d5cf63e0d277f786db76418a0cc9f9e8f7d1cb707ed113333d72b03f6ac,det-v1,1,fallback,1137,91,0.003,0.0001319000,true,false
call-000212,arm9_spec_heuristic_rollback,dev/f2/s2050000/no_alert__twin,10,qwen/qwen-2.5-7b-instruct,sha256:f3650de83abba6d27e1a287cb08a3e80a68d970e1c547c252814f8b399b7c309,det-v1,2,fallback,1207,91,0.003,0.0001389000,true,false
call-000213,arm9_spec_heuristic_rollback,dev/f2/s2050000/no_alert__twin,43,qwen/qwen-2.5-7b-instruct,sha256:d8d528c87681cf096d6f3ae5785734e8abac9aff6e3cad68d71efdfa65464dd7,det-v1,1,accepted,2591,84,0.003,0.0002759000,true,false
call-000214,arm10_spec_eprocess,dev/f2/s2050000/no_alert__twin,10,qwen/qwen-2.5-7b-instruct,sha256:9ae68d5cf63e0d277f786db76418a0cc9f9e8f7d1cb707ed113333d72b03f6ac,det-v1,1,fallback,1137,91,0.003,0.0001319000,true,false
call-000215,arm10_spec_eprocess,dev/f2/s2050000/no_alert__twin,10,qwen/qwen-2.5-7b-instruct,sha256:f3650de83abba6d27e1a287cb08a3e80a68d970e1c547c252814f8b399b7c309,det-v1,2,fallback,1207,91,0.003,0.0001389000,true,false
call-000216,arm10_spec_eprocess,dev/f2/s2050000/no_alert__twin,43,qwen/qwen-2.5-7b-instruct,sha256:d8d528c87681cf096d6f3ae5785734e8abac9aff6e3cad68d71efdfa65464dd7,det-v1,1,accepted,2591,84,0.003,0.0002759000,true,false
call-000217,arm8_spec_immediate,cal/f2/s2060000/no_alert,22,qwen/qwen-2.5-7b-instruct,sha256:7dbf9d0ae98a809207c275c7f9d371bf5d1d223f92d1e15d7fa2ad20bdd92364,det-v1,1,,1627,201,1660.966,0.0002029000,false,true
call-000218,arm8_spec_immediate,cal/f2/s2060000/no_alert,22,qwen/qwen-2.5-7b-instruct,sha256:7dbf9d0ae98a809207c275c7f9d371bf5d1d223f92d1e15d7fa2ad20bdd92364,det-v1,1,accepted,1627,201,1660.966,0.0002029000,false,false
call-000219,arm8_spec_immediate,cal/f2/s2060000/no_alert,37,qwen/qwen-2.5-7b-instruct,sha256:3dae78e4498495e0b76d68107b9793fd8af9ade8ee8d1afbe33397a1692bbe0b,det-v1,1,,2274,79,858.628,0.0002432000,false,true
call-000220,arm8_spec_immediate,cal/f2/s2060000/no_alert,37,qwen/qwen-2.5-7b-instruct,sha256:3dae78e4498495e0b76d68107b9793fd8af9ade8ee8d1afbe33397a1692bbe0b,det-v1,1,accepted,2274,79,858.628,0.0002432000,false,false
call-000221,arm9_spec_heuristic_rollback,cal/f2/s2060000/no_alert,22,qwen/qwen-2.5-7b-instruct,sha256:7dbf9d0ae98a809207c275c7f9d371bf5d1d223f92d1e15d7fa2ad20bdd92364,det-v1,1,accepted,1627,201,0.004,0.0002029000,true,false
call-000222,arm9_spec_heuristic_rollback,cal/f2/s2060000/no_alert,37,qwen/qwen-2.5-7b-instruct,sha256:3dae78e4498495e0b76d68107b9793fd8af9ade8ee8d1afbe33397a1692bbe0b,det-v1,1,accepted,2274,79,0.004,0.0002432000,true,false
call-000223,arm10_spec_eprocess,cal/f2/s2060000/no_alert,22,qwen/qwen-2.5-7b-instruct,sha256:7dbf9d0ae98a809207c275c7f9d371bf5d1d223f92d1e15d7fa2ad20bdd92364,det-v1,1,accepted,1627,201,0.004,0.0002029000,true,false
call-000224,arm10_spec_eprocess,cal/f2/s2060000/no_alert,37,qwen/qwen-2.5-7b-instruct,sha256:3dae78e4498495e0b76d68107b9793fd8af9ade8ee8d1afbe33397a1692bbe0b,det-v1,1,accepted,2274,79,0.003,0.0002432000,true,false
call-000225,arm8_spec_immediate,cal/f2/s2060000/no_alert__twin,10,qwen/qwen-2.5-7b-instruct,sha256:4ec681e0a38e7624ad93137933bc132dfae2981b8d85269478e1142b87ab7a4d,det-v1,1,,1142,84,655.017,0.0001310000,false,true
call-000226,arm8_spec_immediate,cal/f2/s2060000/no_alert__twin,10,qwen/qwen-2.5-7b-instruct,sha256:4ec681e0a38e7624ad93137933bc132dfae2981b8d85269478e1142b87ab7a4d,det-v1,1,accepted,1142,84,655.017,0.0001310000,false,false
call-000227,arm9_spec_heuristic_rollback,cal/f2/s2060000/no_alert__twin,10,qwen/qwen-2.5-7b-instruct,sha256:4ec681e0a38e7624ad93137933bc132dfae2981b8d85269478e1142b87ab7a4d,det-v1,1,accepted,1142,84,0.003,0.0001310000,true,false
call-000228,arm10_spec_eprocess,cal/f2/s2060000/no_alert__twin,10,qwen/qwen-2.5-7b-instruct,sha256:4ec681e0a38e7624ad93137933bc132dfae2981b8d85269478e1142b87ab7a4d,det-v1,1,accepted,1142,84,0.002,0.0001310000,true,false
call-000229,arm8_spec_immediate,dev/f2/s2050001/no_alert,27,qwen/qwen-2.5-7b-instruct,sha256:115a25a724bc29a795e2e4c4eff65d418469b8be46d9dbbc1f879218df4c95a1,det-v1,1,,1849,79,750.663,0.0002007000,false,true
call-000230,arm8_spec_immediate,dev/f2/s2050001/no_alert,27,qwen/qwen-2.5-7b-instruct,sha256:115a25a724bc29a795e2e4c4eff65d418469b8be46d9dbbc1f879218df4c95a1,det-v1,1,accepted,1849,79,750.663,0.0002007000,false,false
call-000231,arm8_spec_immediate,dev/f2/s2050001/no_alert,44,qwen/qwen-2.5-7b-instruct,sha256:79931d0b1273cb1b969b6fd2e6718df7a67e1189d5adc71a7cad8a55c09d8cde,det-v1,1,,2591,80,641.975,0.0002751000,false,true
call-000232,arm8_spec_immediate,dev/f2/s2050001/no_alert,44,qwen/qwen-2.5-7b-instruct,sha256:79931d0b1273cb1b969b6fd2e6718df7a67e1189d5adc71a7cad8a55c09d8cde,det-v1,1,accepted,2591,80,641.975,0.0002751000,false,false
call-000233,arm9_spec_heuristic_rollback,dev/f2/s2050001/no_alert,27,qwen/qwen-2.5-7b-instruct,sha256:115a25a724bc29a795e2e4c4eff65d418469b8be46d9dbbc1f879218df4c95a1,det-v1,1,accepted,1849,79,0.003,0.0002007000,true,false
call-000234,arm9_spec_heuristic_rollback,dev/f2/s2050001/no_alert,44,qwen/qwen-2.5-7b-instruct,sha256:79931d0b1273cb1b969b6fd2e6718df7a67e1189d5adc71a7cad8a55c09d8cde,det-v1,1,accepted,2591,80,0.003,0.0002751000,true,false
call-000235,arm10_spec_eprocess,dev/f2/s2050001/no_alert,27,qwen/qwen-2.5-7b-instruct,sha256:115a25a724bc29a795e2e4c4eff65d418469b8be46d9dbbc1f879218df4c95a1,det-v1,1,accepted,1849,79,0.003,0.0002007000,true,false
call-000236,arm10_spec_eprocess,dev/f2/s2050001/no_alert,44,qwen/qwen-2.5-7b-instruct,sha256:79931d0b1273cb1b969b6fd2e6718df7a67e1189d5adc71a7cad8a55c09d8cde,det-v1,1,accepted,2591,80,0.003,0.0002751000,true,false
call-000237,arm8_spec_immediate,dev/f2/s2050001/no_alert__twin,10,qwen/qwen-2.5-7b-instruct,sha256:b1293ac8d4a7a2ae389a8cf3560aeac3d91c039da315b2f718fc80b2aef3c5ed,det-v1,1,,1141,85,699.217,0.0001311000,false,true
call-000238,arm8_spec_immediate,dev/f2/s2050001/no_alert__twin,10,qwen/qwen-2.5-7b-instruct,sha256:b1293ac8d4a7a2ae389a8cf3560aeac3d91c039da315b2f718fc80b2aef3c5ed,det-v1,1,accepted,1141,85,699.217,0.0001311000,false,false
call-000239,arm9_spec_heuristic_rollback,dev/f2/s2050001/no_alert__twin,10,qwen/qwen-2.5-7b-instruct,sha256:b1293ac8d4a7a2ae389a8cf3560aeac3d91c039da315b2f718fc80b2aef3c5ed,det-v1,1,accepted,1141,85,0.003,0.0001311000,true,false
call-000240,arm10_spec_eprocess,dev/f2/s2050001/no_alert__twin,10,qwen/qwen-2.5-7b-instruct,sha256:b1293ac8d4a7a2ae389a8cf3560aeac3d91c039da315b2f718fc80b2aef3c5ed,det-v1,1,accepted,1141,85,0.003,0.0001311000,true,false
call-000241,arm8_spec_immediate,cal/f2/s2060001/no_alert,37,qwen/qwen-2.5-7b-instruct,sha256:64d6b208e7aeb00200c9bca8bc4f5ff10e54285d05d30f1fcb125f1159e76e6b,det-v1,1,,2298,133,1233.367,0.0002564000,false,true
call-000242,arm8_spec_immediate,cal/f2/s2060001/no_alert,37,qwen/qwen-2.5-7b-instruct,sha256:64d6b208e7aeb00200c9bca8bc4f5ff10e54285d05d30f1fcb125f1159e76e6b,det-v1,1,fallback,2298,133,1233.367,0.0002564000,false,false
call-000243,arm8_spec_immediate,cal/f2/s2060001/no_alert,37,qwen/qwen-2.5-7b-instruct,sha256:4ca43f310ffb2a30662bc923cc806d126b0d54caf001d3f74dd4c4d39cf51ee0,det-v1,2,,2368,298,2691.251,0.0002964000,false,true
call-000244,arm8_spec_immediate,cal/f2/s2060001/no_alert,37,qwen/qwen-2.5-7b-instruct,sha256:4ca43f310ffb2a30662bc923cc806d126b0d54caf001d3f74dd4c4d39cf51ee0,det-v1,2,fallback,2368,298,2691.251,0.0002964000,false,false
call-000245,arm8_spec_immediate,cal/f2/s2060001/no_alert,46,qwen/qwen-2.5-7b-instruct,sha256:d7806c8284341d026643dc4724a8961c1d3b85f79d8998f2742b739b91d93cfd,det-v1,1,,2685,80,807.542,0.0002845000,false,true
call-000246,arm8_spec_immediate,cal/f2/s2060001/no_alert,46,qwen/qwen-2.5-7b-instruct,sha256:d7806c8284341d026643dc4724a8961c1d3b85f79d8998f2742b739b91d93cfd,det-v1,1,accepted,2685,80,807.542,0.0002845000,false,false
call-000247,arm9_spec_heuristic_rollback,cal/f2/s2060001/no_alert,37,qwen/qwen-2.5-7b-instruct,sha256:64d6b208e7aeb00200c9bca8bc4f5ff10e54285d05d30f1fcb125f1159e76e6b,det-v1,1,fallback,2298,133,0.003,0.0002564000,true,false
call-000248,arm9_spec_heuristic_rollback,cal/f2/s2060001/no_alert,37,qwen/qwen-2.5-7b-instruct,sha256:4ca43f310ffb2a30662bc923cc806d126b0d54caf001d3f74dd4c4d39cf51ee0,det-v1,2,fallback,2368,298,0.003,0.0002964000,true,false
call-000249,arm9_spec_heuristic_rollback,cal/f2/s2060001/no_alert,46,qwen/qwen-2.5-7b-instruct,sha256:d7806c8284341d026643dc4724a8961c1d3b85f79d8998f2742b739b91d93cfd,det-v1,1,accepted,2685,80,0.003,0.0002845000,true,false
call-000250,arm10_spec_eprocess,cal/f2/s2060001/no_alert,37,qwen/qwen-2.5-7b-instruct,sha256:64d6b208e7aeb00200c9bca8bc4f5ff10e54285d05d30f1fcb125f1159e76e6b,det-v1,1,fallback,2298,133,0.003,0.0002564000,true,false
call-000251,arm10_spec_eprocess,cal/f2/s2060001/no_alert,37,qwen/qwen-2.5-7b-instruct,sha256:4ca43f310ffb2a30662bc923cc806d126b0d54caf001d3f74dd4c4d39cf51ee0,det-v1,2,fallback,2368,298,0.003,0.0002964000,true,false
call-000252,arm10_spec_eprocess,cal/f2/s2060001/no_alert,46,qwen/qwen-2.5-7b-instruct,sha256:d7806c8284341d026643dc4724a8961c1d3b85f79d8998f2742b739b91d93cfd,det-v1,1,accepted,2685,80,0.003,0.0002845000,true,false
call-000253,arm8_spec_immediate,cal/f2/s2060001/no_alert__twin,10,qwen/qwen-2.5-7b-instruct,sha256:62e1520bd6d734ee44ad5626329336106469690ce8d00fd8879ec5b5048480df,det-v1,1,,1146,84,823.377,0.0001314000,false,true
call-000254,arm8_spec_immediate,cal/f2/s2060001/no_alert__twin,10,qwen/qwen-2.5-7b-instruct,sha256:62e1520bd6d734ee44ad5626329336106469690ce8d00fd8879ec5b5048480df,det-v1,1,accepted,1146,84,823.377,0.0001314000,false,false
call-000255,arm9_spec_heuristic_rollback,cal/f2/s2060001/no_alert__twin,10,qwen/qwen-2.5-7b-instruct,sha256:62e1520bd6d734ee44ad5626329336106469690ce8d00fd8879ec5b5048480df,det-v1,1,accepted,1146,84,0.002,0.0001314000,true,false
call-000256,arm10_spec_eprocess,cal/f2/s2060001/no_alert__twin,10,qwen/qwen-2.5-7b-instruct,sha256:62e1520bd6d734ee44ad5626329336106469690ce8d00fd8879ec5b5048480df,det-v1,1,accepted,1146,84,0.002,0.0001314000,true,false
call-000257,arm8_spec_immediate,dev/f2/s2050000/early_accurate,28,qwen/qwen-2.5-7b-instruct,sha256:5b0fbf8bf041243a68dbe002ec5b4160cbea832d73dcacc8e95fd7f0b354382e,det-v1,1,,1890,79,720.786,0.0002048000,false,true
call-000258,arm8_spec_immediate,dev/f2/s2050000/early_accurate,28,qwen/qwen-2.5-7b-instruct,sha256:5b0fbf8bf041243a68dbe002ec5b4160cbea832d73dcacc8e95fd7f0b354382e,det-v1,1,accepted,1890,79,720.786,0.0002048000,false,false
call-000259,arm8_spec_immediate,dev/f2/s2050000/early_accurate,37,qwen/qwen-2.5-7b-instruct,sha256:7e767b935e434bbe5b6bbc10a0bdad28cfd0679d1415869c9da8b884ee11addd,det-v1,1,,2277,79,678.555,0.0002435000,false,true
call-000260,arm8_spec_immediate,dev/f2/s2050000/early_accurate,37,qwen/qwen-2.5-7b-instruct,sha256:7e767b935e434bbe5b6bbc10a0bdad28cfd0679d1415869c9da8b884ee11addd,det-v1,1,accepted,2277,79,678.555,0.0002435000,false,false
call-000261,arm9_spec_heuristic_rollback,dev/f2/s2050000/early_accurate,28,qwen/qwen-2.5-7b-instruct,sha256:5b0fbf8bf041243a68dbe002ec5b4160cbea832d73dcacc8e95fd7f0b354382e,det-v1,1,accepted,1890,79,0.003,0.0002048000,true,false
call-000262,arm9_spec_heuristic_rollback,dev/f2/s2050000/early_accurate,37,qwen/qwen-2.5-7b-instruct,sha256:7e767b935e434bbe5b6bbc10a0bdad28cfd0679d1415869c9da8b884ee11addd,det-v1,1,accepted,2277,79,0.003,0.0002435000,true,false
call-000263,arm10_spec_eprocess,dev/f2/s2050000/early_accurate,28,qwen/qwen-2.5-7b-instruct,sha256:5b0fbf8bf041243a68dbe002ec5b4160cbea832d73dcacc8e95fd7f0b354382e,det-v1,1,accepted,1890,79,0.003,0.0002048000,true,false
call-000264,arm10_spec_eprocess,dev/f2/s2050000/early_accurate,37,qwen/qwen-2.5-7b-instruct,sha256:7e767b935e434bbe5b6bbc10a0bdad28cfd0679d1415869c9da8b884ee11addd,det-v1,1,accepted,2277,79,0.003,0.0002435000,true,false
call-000265,arm8_spec_immediate,dev/f2/s2050000/early_accurate__twin,10,qwen/qwen-2.5-7b-instruct,sha256:4f598d4a0c1ca0fbb7ed903783a0f4203da4ccbf74c7916c1a9903567d08d2de,det-v1,1,,1137,91,847.041,0.0001319000,false,true
call-000266,arm8_spec_immediate,dev/f2/s2050000/early_accurate__twin,10,qwen/qwen-2.5-7b-instruct,sha256:4f598d4a0c1ca0fbb7ed903783a0f4203da4ccbf74c7916c1a9903567d08d2de,det-v1,1,fallback,1137,91,847.041,0.0001319000,false,false
call-000267,arm8_spec_immediate,dev/f2/s2050000/early_accurate__twin,10,qwen/qwen-2.5-7b-instruct,sha256:de1129c2a15494d8b2fda39afe11be3c7d9ebb61025921a190bf5b33fc4715ab,det-v1,2,,1207,91,932.871,0.0001389000,false,true
call-000268,arm8_spec_immediate,dev/f2/s2050000/early_accurate__twin,10,qwen/qwen-2.5-7b-instruct,sha256:de1129c2a15494d8b2fda39afe11be3c7d9ebb61025921a190bf5b33fc4715ab,det-v1,2,fallback,1207,91,932.871,0.0001389000,false,false
call-000269,arm8_spec_immediate,dev/f2/s2050000/early_accurate__twin,43,qwen/qwen-2.5-7b-instruct,sha256:8f577369a3ffeac43a17bf533981e41f17cdff697e87e2832b9e95e6a5cc9ac7,det-v1,1,,2591,85,760.492,0.0002761000,false,true
call-000270,arm8_spec_immediate,dev/f2/s2050000/early_accurate__twin,43,qwen/qwen-2.5-7b-instruct,sha256:8f577369a3ffeac43a17bf533981e41f17cdff697e87e2832b9e95e6a5cc9ac7,det-v1,1,accepted,2591,85,760.492,0.0002761000,false,false
call-000271,arm9_spec_heuristic_rollback,dev/f2/s2050000/early_accurate__twin,10,qwen/qwen-2.5-7b-instruct,sha256:4f598d4a0c1ca0fbb7ed903783a0f4203da4ccbf74c7916c1a9903567d08d2de,det-v1,1,fallback,1137,91,0.003,0.0001319000,true,false
call-000272,arm9_spec_heuristic_rollback,dev/f2/s2050000/early_accurate__twin,10,qwen/qwen-2.5-7b-instruct,sha256:de1129c2a15494d8b2fda39afe11be3c7d9ebb61025921a190bf5b33fc4715ab,det-v1,2,fallback,1207,91,0.003,0.0001389000,true,false
call-000273,arm9_spec_heuristic_rollback,dev/f2/s2050000/early_accurate__twin,43,qwen/qwen-2.5-7b-instruct,sha256:8f577369a3ffeac43a17bf533981e41f17cdff697e87e2832b9e95e6a5cc9ac7,det-v1,1,accepted,2591,85,0.003,0.0002761000,true,false
call-000274,arm10_spec_eprocess,dev/f2/s2050000/early_accurate__twin,10,qwen/qwen-2.5-7b-instruct,sha256:4f598d4a0c1ca0fbb7ed903783a0f4203da4ccbf74c7916c1a9903567d08d2de,det-v1,1,fallback,1137,91,0.004,0.0001319000,true,false
call-000275,arm10_spec_eprocess,dev/f2/s2050000/early_accurate__twin,10,qwen/qwen-2.5-7b-instruct,sha256:de1129c2a15494d8b2fda39afe11be3c7d9ebb61025921a190bf5b33fc4715ab,det-v1,2,fallback,1207,91,0.003,0.0001389000,true,false
call-000276,arm10_spec_eprocess,dev/f2/s2050000/early_accurate__twin,43,qwen/qwen-2.5-7b-instruct,sha256:8f577369a3ffeac43a17bf533981e41f17cdff697e87e2832b9e95e6a5cc9ac7,det-v1,1,accepted,2591,85,0.003,0.0002761000,true,false
call-000277,arm8_spec_immediate,cal/f2/s2060000/early_accurate,22,qwen/qwen-2.5-7b-instruct,sha256:bc280caf2d1ad0df2c75bb8c59c29754a4259028da60a24fd12c65c3ea986a56,det-v1,1,,1627,201,2380.161,0.0002029000,false,true
call-000278,arm8_spec_immediate,cal/f2/s2060000/early_accurate,22,qwen/qwen-2.5-7b-instruct,sha256:bc280caf2d1ad0df2c75bb8c59c29754a4259028da60a24fd12c65c3ea986a56,det-v1,1,accepted,1627,201,2380.161,0.0002029000,false,false
call-000279,arm8_spec_immediate,cal/f2/s2060000/early_accurate,37,qwen/qwen-2.5-7b-instruct,sha256:d6b67e5474758628e67a752ca939f7ab946a5095197683236d9686c56485a701,det-v1,1,,2274,79,926.926,0.0002432000,false,true
call-000280,arm8_spec_immediate,cal/f2/s2060000/early_accurate,37,qwen/qwen-2.5-7b-instruct,sha256:d6b67e5474758628e67a752ca939f7ab946a5095197683236d9686c56485a701,det-v1,1,accepted,2274,79,926.926,0.0002432000,false,false
call-000281,arm9_spec_heuristic_rollback,cal/f2/s2060000/early_accurate,22,qwen/qwen-2.5-7b-instruct,sha256:bc280caf2d1ad0df2c75bb8c59c29754a4259028da60a24fd12c65c3ea986a56,det-v1,1,accepted,1627,201,0.003,0.0002029000,true,false
call-000282,arm9_spec_heuristic_rollback,cal/f2/s2060000/early_accurate,37,qwen/qwen-2.5-7b-instruct,sha256:d6b67e5474758628e67a752ca939f7ab946a5095197683236d9686c56485a701,det-v1,1,accepted,2274,79,0.003,0.0002432000,true,false
call-000283,arm10_spec_eprocess,cal/f2/s2060000/early_accurate,22,qwen/qwen-2.5-7b-instruct,sha256:bc280caf2d1ad0df2c75bb8c59c29754a4259028da60a24fd12c65c3ea986a56,det-v1,1,accepted,1627,201,0.003,0.0002029000,true,false
call-000284,arm10_spec_eprocess,cal/f2/s2060000/early_accurate,37,qwen/qwen-2.5-7b-instruct,sha256:d6b67e5474758628e67a752ca939f7ab946a5095197683236d9686c56485a701,det-v1,1,accepted,2274,79,0.003,0.0002432000,true,false
call-000285,arm8_spec_immediate,cal/f2/s2060000/early_accurate__twin,10,qwen/qwen-2.5-7b-instruct,sha256:cd9afa5d10e591e9c4ef94e1459027bda058576f948f3c287767d041aece51e6,det-v1,1,,1142,84,709.798,0.0001310000,false,true
call-000286,arm8_spec_immediate,cal/f2/s2060000/early_accurate__twin,10,qwen/qwen-2.5-7b-instruct,sha256:cd9afa5d10e591e9c4ef94e1459027bda058576f948f3c287767d041aece51e6,det-v1,1,accepted,1142,84,709.798,0.0001310000,false,false
call-000287,arm9_spec_heuristic_rollback,cal/f2/s2060000/early_accurate__twin,10,qwen/qwen-2.5-7b-instruct,sha256:cd9afa5d10e591e9c4ef94e1459027bda058576f948f3c287767d041aece51e6,det-v1,1,accepted,1142,84,0.002,0.0001310000,true,false
call-000288,arm10_spec_eprocess,cal/f2/s2060000/early_accurate__twin,10,qwen/qwen-2.5-7b-instruct,sha256:cd9afa5d10e591e9c4ef94e1459027bda058576f948f3c287767d041aece51e6,det-v1,1,accepted,1142,84,0.001,0.0001310000,true,false
call-000289,arm8_spec_immediate,dev/f2/s2050001/early_accurate,27,qwen/qwen-2.5-7b-instruct,sha256:fcc04d229f99aa4144051fea944fb95df7e67c4cc033dead4a4c1499d7788af4,det-v1,1,,1849,80,647.948,0.0002009000,false,true
call-000290,arm8_spec_immediate,dev/f2/s2050001/early_accurate,27,qwen/qwen-2.5-7b-instruct,sha256:fcc04d229f99aa4144051fea944fb95df7e67c4cc033dead4a4c1499d7788af4,det-v1,1,accepted,1849,80,647.948,0.0002009000,false,false
call-000291,arm8_spec_immediate,dev/f2/s2050001/early_accurate,44,qwen/qwen-2.5-7b-instruct,sha256:a5e9dd949c10805047440c4c25f1bc0d100c987a415403f0c1faf76909cf9c37,det-v1,1,,2591,79,789.223,0.0002749000,false,true
call-000292,arm8_spec_immediate,dev/f2/s2050001/early_accurate,44,qwen/qwen-2.5-7b-instruct,sha256:a5e9dd949c10805047440c4c25f1bc0d100c987a415403f0c1faf76909cf9c37,det-v1,1,accepted,2591,79,789.223,0.0002749000,false,false
call-000293,arm9_spec_heuristic_rollback,dev/f2/s2050001/early_accurate,27,qwen/qwen-2.5-7b-instruct,sha256:fcc04d229f99aa4144051fea944fb95df7e67c4cc033dead4a4c1499d7788af4,det-v1,1,accepted,1849,80,0.002,0.0002009000,true,false
call-000294,arm9_spec_heuristic_rollback,dev/f2/s2050001/early_accurate,44,qwen/qwen-2.5-7b-instruct,sha256:a5e9dd949c10805047440c4c25f1bc0d100c987a415403f0c1faf76909cf9c37,det-v1,1,accepted,2591,79,0.002,0.0002749000,true,false
call-000295,arm10_spec_eprocess,dev/f2/s2050001/early_accurate,27,qwen/qwen-2.5-7b-instruct,sha256:fcc04d229f99aa4144051fea944fb95df7e67c4cc033dead4a4c1499d7788af4,det-v1,1,accepted,1849,80,0.001,0.0002009000,true,false
call-000296,arm10_spec_eprocess,dev/f2/s2050001/early_accurate,44,qwen/qwen-2.5-7b-instruct,sha256:a5e9dd949c10805047440c4c25f1bc0d100c987a415403f0c1faf76909cf9c37,det-v1,1,accepted,2591,79,0.002,0.0002749000,true,false
call-000297,arm8_spec_immediate,dev/f2/s2050001/early_accurate__twin,10,qwen/qwen-2.5-7b-instruct,sha256:fb4edf87fedf3afa3aeb7cfd67fb6d4adfbeb1fc9080557e44035552af3c777e,det-v1,1,,1141,84,916.854,0.0001309000,false,true
call-000298,arm8_spec_immediate,dev/f2/s2050001/early_accurate__twin,10,qwen/qwen-2.5-7b-instruct,sha256:fb4edf87fedf3afa3aeb7cfd67fb6d4adfbeb1fc9080557e44035552af3c777e,det-v1,1,accepted,1141,84,916.854,0.0001309000,false,false
call-000299,arm9_spec_heuristic_rollback,dev/f2/s2050001/early_accurate__twin,10,qwen/qwen-2.5-7b-instruct,sha256:fb4edf87fedf3afa3aeb7cfd67fb6d4adfbeb1fc9080557e44035552af3c777e,det-v1,1,accepted,1141,84,0.002,0.0001309000,true,false
call-000300,arm10_spec_eprocess,dev/f2/s2050001/early_accurate__twin,10,qwen/qwen-2.5-7b-instruct,sha256:fb4edf87fedf3afa3aeb7cfd67fb6d4adfbeb1fc9080557e44035552af3c777e,det-v1,1,accepted,1141,84,0.002,0.0001309000,true,false
call-000301,arm8_spec_immediate,cal/f2/s2060001/early_accurate,37,qwen/qwen-2.5-7b-instruct,sha256:5fb98efc19a16b2eae40d083d537ff0c079048521ad84f03478e6923c274423d,det-v1,1,,2298,133,1269.417,0.0002564000,false,true
call-000302,arm8_spec_immediate,cal/f2/s2060001/early_accurate,37,qwen/qwen-2.5-7b-instruct,sha256:5fb98efc19a16b2eae40d083d537ff0c079048521ad84f03478e6923c274423d,det-v1,1,fallback,2298,133,1269.417,0.0002564000,false,false
call-000303,arm8_spec_immediate,cal/f2/s2060001/early_accurate,37,qwen/qwen-2.5-7b-instruct,sha256:60c6ee68727fe49a8498b7c2ae41041678c14d20f458c10311f996ca8f4595cd,det-v1,2,,2368,298,2187.266,0.0002964000,false,true
call-000304,arm8_spec_immediate,cal/f2/s2060001/early_accurate,37,qwen/qwen-2.5-7b-instruct,sha256:60c6ee68727fe49a8498b7c2ae41041678c14d20f458c10311f996ca8f4595cd,det-v1,2,fallback,2368,298,2187.266,0.0002964000,false,false
call-000305,arm8_spec_immediate,cal/f2/s2060001/early_accurate,46,qwen/qwen-2.5-7b-instruct,sha256:ddb039025a5a93ca4acbb1479fdf7292ad87279a6081f41afa76a8d388e43cea,det-v1,1,,2685,80,688.403,0.0002845000,false,true
call-000306,arm8_spec_immediate,cal/f2/s2060001/early_accurate,46,qwen/qwen-2.5-7b-instruct,sha256:ddb039025a5a93ca4acbb1479fdf7292ad87279a6081f41afa76a8d388e43cea,det-v1,1,accepted,2685,80,688.403,0.0002845000,false,false
call-000307,arm9_spec_heuristic_rollback,cal/f2/s2060001/early_accurate,37,qwen/qwen-2.5-7b-instruct,sha256:5fb98efc19a16b2eae40d083d537ff0c079048521ad84f03478e6923c274423d,det-v1,1,fallback,2298,133,0.004,0.0002564000,true,false
call-000308,arm9_spec_heuristic_rollback,cal/f2/s2060001/early_accurate,37,qwen/qwen-2.5-7b-instruct,sha256:60c6ee68727fe49a8498b7c2ae41041678c14d20f458c10311f996ca8f4595cd,det-v1,2,fallback,2368,298,0.003,0.0002964000,true,false
call-000309,arm9_spec_heuristic_rollback,cal/f2/s2060001/early_accurate,46,qwen/qwen-2.5-7b-instruct,sha256:ddb039025a5a93ca4acbb1479fdf7292ad87279a6081f41afa76a8d388e43cea,det-v1,1,accepted,2685,80,0.004,0.0002845000,true,false
call-000310,arm10_spec_eprocess,cal/f2/s2060001/early_accurate,37,qwen/qwen-2.5-7b-instruct,sha256:5fb98efc19a16b2eae40d083d537ff0c079048521ad84f03478e6923c274423d,det-v1,1,fallback,2298,133,0.004,0.0002564000,true,false
call-000311,arm10_spec_eprocess,cal/f2/s2060001/early_accurate,37,qwen/qwen-2.5-7b-instruct,sha256:60c6ee68727fe49a8498b7c2ae41041678c14d20f458c10311f996ca8f4595cd,det-v1,2,fallback,2368,298,0.003,0.0002964000,true,false
call-000312,arm10_spec_eprocess,cal/f2/s2060001/early_accurate,46,qwen/qwen-2.5-7b-instruct,sha256:ddb039025a5a93ca4acbb1479fdf7292ad87279a6081f41afa76a8d388e43cea,det-v1,1,accepted,2685,80,0.003,0.0002845000,true,false
call-000313,arm8_spec_immediate,cal/f2/s2060001/early_accurate__twin,10,qwen/qwen-2.5-7b-instruct,sha256:e741ca563dd5f9b9ad64e1c7b5a6b1d33c47a42d0e8454d19f549c7453451fa3,det-v1,1,,1146,84,953.811,0.0001314000,false,true
call-000314,arm8_spec_immediate,cal/f2/s2060001/early_accurate__twin,10,qwen/qwen-2.5-7b-instruct,sha256:e741ca563dd5f9b9ad64e1c7b5a6b1d33c47a42d0e8454d19f549c7453451fa3,det-v1,1,accepted,1146,84,953.811,0.0001314000,false,false
call-000315,arm9_spec_heuristic_rollback,cal/f2/s2060001/early_accurate__twin,10,qwen/qwen-2.5-7b-instruct,sha256:e741ca563dd5f9b9ad64e1c7b5a6b1d33c47a42d0e8454d19f549c7453451fa3,det-v1,1,accepted,1146,84,0.003,0.0001314000,true,false
call-000316,arm10_spec_eprocess,cal/f2/s2060001/early_accurate__twin,10,qwen/qwen-2.5-7b-instruct,sha256:e741ca563dd5f9b9ad64e1c7b5a6b1d33c47a42d0e8454d19f549c7453451fa3,det-v1,1,accepted,1146,84,0.003,0.0001314000,true,false
call-000317,arm8_spec_immediate,dev/f2/s2050000/late_accurate,28,qwen/qwen-2.5-7b-instruct,sha256:ac9463cffa7296206ea818056bc5d721ee2e9dba3f0fde0c47aada80c392b974,det-v1,1,,1890,79,686.667,0.0002048000,false,true
call-000318,arm8_spec_immediate,dev/f2/s2050000/late_accurate,28,qwen/qwen-2.5-7b-instruct,sha256:ac9463cffa7296206ea818056bc5d721ee2e9dba3f0fde0c47aada80c392b974,det-v1,1,accepted,1890,79,686.667,0.0002048000,false,false
call-000319,arm8_spec_immediate,dev/f2/s2050000/late_accurate,37,qwen/qwen-2.5-7b-instruct,sha256:e34e61e42c8c3d8ec9e579f9a42ef5eae16a1b24febd2d1bf8d9ff7dbcdc4bc8,det-v1,1,,2277,80,771.610,0.0002437000,false,true
call-000320,arm8_spec_immediate,dev/f2/s2050000/late_accurate,37,qwen/qwen-2.5-7b-instruct,sha256:e34e61e42c8c3d8ec9e579f9a42ef5eae16a1b24febd2d1bf8d9ff7dbcdc4bc8,det-v1,1,accepted,2277,80,771.610,0.0002437000,false,false
call-000321,arm9_spec_heuristic_rollback,dev/f2/s2050000/late_accurate,28,qwen/qwen-2.5-7b-instruct,sha256:ac9463cffa7296206ea818056bc5d721ee2e9dba3f0fde0c47aada80c392b974,det-v1,1,accepted,1890,79,0.003,0.0002048000,true,false
call-000322,arm9_spec_heuristic_rollback,dev/f2/s2050000/late_accurate,37,qwen/qwen-2.5-7b-instruct,sha256:e34e61e42c8c3d8ec9e579f9a42ef5eae16a1b24febd2d1bf8d9ff7dbcdc4bc8,det-v1,1,accepted,2277,80,0.003,0.0002437000,true,false
call-000323,arm10_spec_eprocess,dev/f2/s2050000/late_accurate,28,qwen/qwen-2.5-7b-instruct,sha256:ac9463cffa7296206ea818056bc5d721ee2e9dba3f0fde0c47aada80c392b974,det-v1,1,accepted,1890,79,0.003,0.0002048000,true,false
call-000324,arm10_spec_eprocess,dev/f2/s2050000/late_accurate,37,qwen/qwen-2.5-7b-instruct,sha256:e34e61e42c8c3d8ec9e579f9a42ef5eae16a1b24febd2d1bf8d9ff7dbcdc4bc8,det-v1,1,accepted,2277,80,0.003,0.0002437000,true,false
call-000325,arm8_spec_immediate,cal/f2/s2060000/late_accurate,22,qwen/qwen-2.5-7b-instruct,sha256:2c342a887337bf18258b5052b486c261c300babeb119ca9e65689e353a4f6eee,det-v1,1,,1627,201,1639.882,0.0002029000,false,true
call-000326,arm8_spec_immediate,cal/f2/s2060000/late_accurate,22,qwen/qwen-2.5-7b-instruct,sha256:2c342a887337bf18258b5052b486c261c300babeb119ca9e65689e353a4f6eee,det-v1,1,accepted,1627,201,1639.882,0.0002029000,false,false
call-000327,arm8_spec_immediate,cal/f2/s2060000/late_accurate,37,qwen/qwen-2.5-7b-instruct,sha256:5ea5a6ad903fc6e617e80682a85470ba42d5545843146cbc0ea92b39798ffc27,det-v1,1,,2274,79,836.578,0.0002432000,false,true
call-000328,arm8_spec_immediate,cal/f2/s2060000/late_accurate,37,qwen/qwen-2.5-7b-instruct,sha256:5ea5a6ad903fc6e617e80682a85470ba42d5545843146cbc0ea92b39798ffc27,det-v1,1,accepted,2274,79,836.578,0.0002432000,false,false
call-000329,arm9_spec_heuristic_rollback,cal/f2/s2060000/late_accurate,22,qwen/qwen-2.5-7b-instruct,sha256:2c342a887337bf18258b5052b486c261c300babeb119ca9e65689e353a4f6eee,det-v1,1,accepted,1627,201,0.003,0.0002029000,true,false
call-000330,arm9_spec_heuristic_rollback,cal/f2/s2060000/late_accurate,37,qwen/qwen-2.5-7b-instruct,sha256:5ea5a6ad903fc6e617e80682a85470ba42d5545843146cbc0ea92b39798ffc27,det-v1,1,accepted,2274,79,0.003,0.0002432000,true,false
call-000331,arm10_spec_eprocess,cal/f2/s2060000/late_accurate,22,qwen/qwen-2.5-7b-instruct,sha256:2c342a887337bf18258b5052b486c261c300babeb119ca9e65689e353a4f6eee,det-v1,1,accepted,1627,201,0.003,0.0002029000,true,false
call-000332,arm10_spec_eprocess,cal/f2/s2060000/late_accurate,37,qwen/qwen-2.5-7b-instruct,sha256:5ea5a6ad903fc6e617e80682a85470ba42d5545843146cbc0ea92b39798ffc27,det-v1,1,accepted,2274,79,0.003,0.0002432000,true,false
call-000333,arm8_spec_immediate,dev/f2/s2050001/late_accurate,27,qwen/qwen-2.5-7b-instruct,sha256:218f3c9407a5f74079f86c31e282b72544e25eaf42344c2e3ca2547686719af4,det-v1,1,,1849,79,596.435,0.0002007000,false,true
call-000334,arm8_spec_immediate,dev/f2/s2050001/late_accurate,27,qwen/qwen-2.5-7b-instruct,sha256:218f3c9407a5f74079f86c31e282b72544e25eaf42344c2e3ca2547686719af4,det-v1,1,accepted,1849,79,596.435,0.0002007000,false,false
call-000335,arm8_spec_immediate,dev/f2/s2050001/late_accurate,44,qwen/qwen-2.5-7b-instruct,sha256:bc23bf564aa6a413ba3217075c58d9d20a04b7711516ef374585760d8797122c,det-v1,1,,2591,79,586.196,0.0002749000,false,true
call-000336,arm8_spec_immediate,dev/f2/s2050001/late_accurate,44,qwen/qwen-2.5-7b-instruct,sha256:bc23bf564aa6a413ba3217075c58d9d20a04b7711516ef374585760d8797122c,det-v1,1,accepted,2591,79,586.196,0.0002749000,false,false
call-000337,arm9_spec_heuristic_rollback,dev/f2/s2050001/late_accurate,27,qwen/qwen-2.5-7b-instruct,sha256:218f3c9407a5f74079f86c31e282b72544e25eaf42344c2e3ca2547686719af4,det-v1,1,accepted,1849,79,0.003,0.0002007000,true,false
call-000338,arm9_spec_heuristic_rollback,dev/f2/s2050001/late_accurate,44,qwen/qwen-2.5-7b-instruct,sha256:bc23bf564aa6a413ba3217075c58d9d20a04b7711516ef374585760d8797122c,det-v1,1,accepted,2591,79,0.003,0.0002749000,true,false
call-000339,arm10_spec_eprocess,dev/f2/s2050001/late_accurate,27,qwen/qwen-2.5-7b-instruct,sha256:218f3c9407a5f74079f86c31e282b72544e25eaf42344c2e3ca2547686719af4,det-v1,1,accepted,1849,79,0.003,0.0002007000,true,false
call-000340,arm10_spec_eprocess,dev/f2/s2050001/late_accurate,44,qwen/qwen-2.5-7b-instruct,sha256:bc23bf564aa6a413ba3217075c58d9d20a04b7711516ef374585760d8797122c,det-v1,1,accepted,2591,79,0.003,0.0002749000,true,false
call-000341,arm8_spec_immediate,cal/f2/s2060001/late_accurate,37,qwen/qwen-2.5-7b-instruct,sha256:b7b97a89c2d4ecb5023254fc6714e8ae1483f217faa018c0949878402c98b1ff,det-v1,1,,2298,133,1043.189,0.0002564000,false,true
call-000342,arm8_spec_immediate,cal/f2/s2060001/late_accurate,37,qwen/qwen-2.5-7b-instruct,sha256:b7b97a89c2d4ecb5023254fc6714e8ae1483f217faa018c0949878402c98b1ff,det-v1,1,fallback,2298,133,1043.189,0.0002564000,false,false
call-000343,arm8_spec_immediate,cal/f2/s2060001/late_accurate,37,qwen/qwen-2.5-7b-instruct,sha256:b7c4e780d97d947f1480a6bec30e613ff8043f98cbe8afd9869a7a6c88df0947,det-v1,2,,2368,298,2335.197,0.0002964000,false,true
call-000344,arm8_spec_immediate,cal/f2/s2060001/late_accurate,37,qwen/qwen-2.5-7b-instruct,sha256:b7c4e780d97d947f1480a6bec30e613ff8043f98cbe8afd9869a7a6c88df0947,det-v1,2,fallback,2368,298,2335.197,0.0002964000,false,false
call-000345,arm8_spec_immediate,cal/f2/s2060001/late_accurate,46,qwen/qwen-2.5-7b-instruct,sha256:a142b15fd55e5676a9ae5610bfb8b1c35a1217d85945855f6c63365a2ae5e569,det-v1,1,,2685,80,725.114,0.0002845000,false,true
call-000346,arm8_spec_immediate,cal/f2/s2060001/late_accurate,46,qwen/qwen-2.5-7b-instruct,sha256:a142b15fd55e5676a9ae5610bfb8b1c35a1217d85945855f6c63365a2ae5e569,det-v1,1,accepted,2685,80,725.114,0.0002845000,false,false
call-000347,arm9_spec_heuristic_rollback,cal/f2/s2060001/late_accurate,37,qwen/qwen-2.5-7b-instruct,sha256:b7b97a89c2d4ecb5023254fc6714e8ae1483f217faa018c0949878402c98b1ff,det-v1,1,fallback,2298,133,0.002,0.0002564000,true,false
call-000348,arm9_spec_heuristic_rollback,cal/f2/s2060001/late_accurate,37,qwen/qwen-2.5-7b-instruct,sha256:b7c4e780d97d947f1480a6bec30e613ff8043f98cbe8afd9869a7a6c88df0947,det-v1,2,fallback,2368,298,0.001,0.0002964000,true,false
call-000349,arm9_spec_heuristic_rollback,cal/f2/s2060001/late_accurate,46,qwen/qwen-2.5-7b-instruct,sha256:a142b15fd55e5676a9ae5610bfb8b1c35a1217d85945855f6c63365a2ae5e569,det-v1,1,accepted,2685,80,0.002,0.0002845000,true,false
call-000350,arm10_spec_eprocess,cal/f2/s2060001/late_accurate,37,qwen/qwen-2.5-7b-instruct,sha256:b7b97a89c2d4ecb5023254fc6714e8ae1483f217faa018c0949878402c98b1ff,det-v1,1,fallback,2298,133,0.002,0.0002564000,true,false
call-000351,arm10_spec_eprocess,cal/f2/s2060001/late_accurate,37,qwen/qwen-2.5-7b-instruct,sha256:b7c4e780d97d947f1480a6bec30e613ff8043f98cbe8afd9869a7a6c88df0947,det-v1,2,fallback,2368,298,0.001,0.0002964000,true,false
call-000352,arm10_spec_eprocess,cal/f2/s2060001/late_accurate,46,qwen/qwen-2.5-7b-instruct,sha256:a142b15fd55e5676a9ae5610bfb8b1c35a1217d85945855f6c63365a2ae5e569,det-v1,1,accepted,2685,80,0.002,0.0002845000,true,false
call-000353,arm8_spec_immediate,dev/f2/s2050000/unreliable,28,qwen/qwen-2.5-7b-instruct,sha256:2a161f7b954ce87d351ad754b314cdcd90008183567eed9e5f65652e004dc236,det-v1,1,,1890,79,746.396,0.0002048000,false,true
call-000354,arm8_spec_immediate,dev/f2/s2050000/unreliable,28,qwen/qwen-2.5-7b-instruct,sha256:2a161f7b954ce87d351ad754b314cdcd90008183567eed9e5f65652e004dc236,det-v1,1,accepted,1890,79,746.396,0.0002048000,false,false
call-000355,arm8_spec_immediate,dev/f2/s2050000/unreliable,37,qwen/qwen-2.5-7b-instruct,sha256:d02dc1bfdaa10182c21d9d49bafb36e18f93085271d4857681c9cc0c7cfd1723,det-v1,1,,2277,79,760.785,0.0002435000,false,true
call-000356,arm8_spec_immediate,dev/f2/s2050000/unreliable,37,qwen/qwen-2.5-7b-instruct,sha256:d02dc1bfdaa10182c21d9d49bafb36e18f93085271d4857681c9cc0c7cfd1723,det-v1,1,accepted,2277,79,760.785,0.0002435000,false,false
call-000357,arm9_spec_heuristic_rollback,dev/f2/s2050000/unreliable,28,qwen/qwen-2.5-7b-instruct,sha256:2a161f7b954ce87d351ad754b314cdcd90008183567eed9e5f65652e004dc236,det-v1,1,accepted,1890,79,0.004,0.0002048000,true,false
call-000358,arm9_spec_heuristic_rollback,dev/f2/s2050000/unreliable,37,qwen/qwen-2.5-7b-instruct,sha256:d02dc1bfdaa10182c21d9d49bafb36e18f93085271d4857681c9cc0c7cfd1723,det-v1,1,accepted,2277,79,0.003,0.0002435000,true,false
call-000359,arm10_spec_eprocess,dev/f2/s2050000/unreliable,28,qwen/qwen-2.5-7b-instruct,sha256:2a161f7b954ce87d351ad754b314cdcd90008183567eed9e5f65652e004dc236,det-v1,1,accepted,1890,79,0.003,0.0002048000,true,false
call-000360,arm10_spec_eprocess,dev/f2/s2050000/unreliable,37,qwen/qwen-2.5-7b-instruct,sha256:d02dc1bfdaa10182c21d9d49bafb36e18f93085271d4857681c9cc0c7cfd1723,det-v1,1,accepted,2277,79,0.003,0.0002435000,true,false
call-000361,arm8_spec_immediate,cal/f2/s2060000/unreliable,22,qwen/qwen-2.5-7b-instruct,sha256:789ce549c7fc33e993c63eab075abaff81c826f09013fa3ed8951aaa6947f031,det-v1,1,,1627,201,1887.862,0.0002029000,false,true
call-000362,arm8_spec_immediate,cal/f2/s2060000/unreliable,22,qwen/qwen-2.5-7b-instruct,sha256:789ce549c7fc33e993c63eab075abaff81c826f09013fa3ed8951aaa6947f031,det-v1,1,accepted,1627,201,1887.862,0.0002029000,false,false
call-000363,arm8_spec_immediate,cal/f2/s2060000/unreliable,37,qwen/qwen-2.5-7b-instruct,sha256:35f5a1ebc8f9144cc125fa60cc616824d6d587dea3c444974ea873c20fe934bd,det-v1,1,,2274,79,747.946,0.0002432000,false,true
call-000364,arm8_spec_immediate,cal/f2/s2060000/unreliable,37,qwen/qwen-2.5-7b-instruct,sha256:35f5a1ebc8f9144cc125fa60cc616824d6d587dea3c444974ea873c20fe934bd,det-v1,1,accepted,2274,79,747.946,0.0002432000,false,false
call-000365,arm9_spec_heuristic_rollback,cal/f2/s2060000/unreliable,22,qwen/qwen-2.5-7b-instruct,sha256:789ce549c7fc33e993c63eab075abaff81c826f09013fa3ed8951aaa6947f031,det-v1,1,accepted,1627,201,0.003,0.0002029000,true,false
call-000366,arm9_spec_heuristic_rollback,cal/f2/s2060000/unreliable,37,qwen/qwen-2.5-7b-instruct,sha256:35f5a1ebc8f9144cc125fa60cc616824d6d587dea3c444974ea873c20fe934bd,det-v1,1,accepted,2274,79,0.003,0.0002432000,true,false
call-000367,arm10_spec_eprocess,cal/f2/s2060000/unreliable,22,qwen/qwen-2.5-7b-instruct,sha256:789ce549c7fc33e993c63eab075abaff81c826f09013fa3ed8951aaa6947f031,det-v1,1,accepted,1627,201,0.003,0.0002029000,true,false
call-000368,arm10_spec_eprocess,cal/f2/s2060000/unreliable,37,qwen/qwen-2.5-7b-instruct,sha256:35f5a1ebc8f9144cc125fa60cc616824d6d587dea3c444974ea873c20fe934bd,det-v1,1,accepted,2274,79,0.003,0.0002432000,true,false
call-000369,arm8_spec_immediate,dev/f2/s2050001/unreliable,27,qwen/qwen-2.5-7b-instruct,sha256:6de0daee1880dbc7520b47ad35deb2be570868448d8ce79641a1baedf2ae0fe4,det-v1,1,,1849,79,893.951,0.0002007000,false,true
call-000370,arm8_spec_immediate,dev/f2/s2050001/unreliable,27,qwen/qwen-2.5-7b-instruct,sha256:6de0daee1880dbc7520b47ad35deb2be570868448d8ce79641a1baedf2ae0fe4,det-v1,1,accepted,1849,79,893.951,0.0002007000,false,false
call-000371,arm8_spec_immediate,dev/f2/s2050001/unreliable,44,qwen/qwen-2.5-7b-instruct,sha256:90e5f63f47bd99a1be6f2c5443badd34eab598d22d648987d9af8bc81a7eca83,det-v1,1,,2591,80,960.525,0.0002751000,false,true
call-000372,arm8_spec_immediate,dev/f2/s2050001/unreliable,44,qwen/qwen-2.5-7b-instruct,sha256:90e5f63f47bd99a1be6f2c5443badd34eab598d22d648987d9af8bc81a7eca83,det-v1,1,accepted,2591,80,960.525,0.0002751000,false,false
call-000373,arm9_spec_heuristic_rollback,dev/f2/s2050001/unreliable,27,qwen/qwen-2.5-7b-instruct,sha256:6de0daee1880dbc7520b47ad35deb2be570868448d8ce79641a1baedf2ae0fe4,det-v1,1,accepted,1849,79,0.003,0.0002007000,true,false
call-000374,arm9_spec_heuristic_rollback,dev/f2/s2050001/unreliable,44,qwen/qwen-2.5-7b-instruct,sha256:90e5f63f47bd99a1be6f2c5443badd34eab598d22d648987d9af8bc81a7eca83,det-v1,1,accepted,2591,80,0.003,0.0002751000,true,false
call-000375,arm10_spec_eprocess,dev/f2/s2050001/unreliable,27,qwen/qwen-2.5-7b-instruct,sha256:6de0daee1880dbc7520b47ad35deb2be570868448d8ce79641a1baedf2ae0fe4,det-v1,1,accepted,1849,79,0.003,0.0002007000,true,false
call-000376,arm10_spec_eprocess,dev/f2/s2050001/unreliable,44,qwen/qwen-2.5-7b-instruct,sha256:90e5f63f47bd99a1be6f2c5443badd34eab598d22d648987d9af8bc81a7eca83,det-v1,1,accepted,2591,80,0.003,0.0002751000,true,false
call-000377,arm8_spec_immediate,cal/f2/s2060001/unreliable,37,qwen/qwen-2.5-7b-instruct,sha256:385972187d62b2e853c8d3ac649fdd0b7fae75063a030958dde894e7b94335e1,det-v1,1,,2298,133,1080.287,0.0002564000,false,true
call-000378,arm8_spec_immediate,cal/f2/s2060001/unreliable,37,qwen/qwen-2.5-7b-instruct,sha256:385972187d62b2e853c8d3ac649fdd0b7fae75063a030958dde894e7b94335e1,det-v1,1,fallback,2298,133,1080.287,0.0002564000,false,false
call-000379,arm8_spec_immediate,cal/f2/s2060001/unreliable,37,qwen/qwen-2.5-7b-instruct,sha256:31975706a2cce23c2579403cc3de6ac4748cfece8bee90d867289be749549a67,det-v1,2,,2368,298,2192.147,0.0002964000,false,true
call-000380,arm8_spec_immediate,cal/f2/s2060001/unreliable,37,qwen/qwen-2.5-7b-instruct,sha256:31975706a2cce23c2579403cc3de6ac4748cfece8bee90d867289be749549a67,det-v1,2,fallback,2368,298,2192.147,0.0002964000,false,false
call-000381,arm8_spec_immediate,cal/f2/s2060001/unreliable,46,qwen/qwen-2.5-7b-instruct,sha256:2345f6edf93106921c4c1991812549131685531aa2eba2bf1aa359de2b400705,det-v1,1,,2685,80,637.639,0.0002845000,false,true
call-000382,arm8_spec_immediate,cal/f2/s2060001/unreliable,46,qwen/qwen-2.5-7b-instruct,sha256:2345f6edf93106921c4c1991812549131685531aa2eba2bf1aa359de2b400705,det-v1,1,accepted,2685,80,637.639,0.0002845000,false,false
call-000383,arm9_spec_heuristic_rollback,cal/f2/s2060001/unreliable,37,qwen/qwen-2.5-7b-instruct,sha256:385972187d62b2e853c8d3ac649fdd0b7fae75063a030958dde894e7b94335e1,det-v1,1,fallback,2298,133,0.003,0.0002564000,true,false
call-000384,arm9_spec_heuristic_rollback,cal/f2/s2060001/unreliable,37,qwen/qwen-2.5-7b-instruct,sha256:31975706a2cce23c2579403cc3de6ac4748cfece8bee90d867289be749549a67,det-v1,2,fallback,2368,298,0.003,0.0002964000,true,false
call-000385,arm9_spec_heuristic_rollback,cal/f2/s2060001/unreliable,46,qwen/qwen-2.5-7b-instruct,sha256:2345f6edf93106921c4c1991812549131685531aa2eba2bf1aa359de2b400705,det-v1,1,accepted,2685,80,0.003,0.0002845000,true,false
call-000386,arm10_spec_eprocess,cal/f2/s2060001/unreliable,37,qwen/qwen-2.5-7b-instruct,sha256:385972187d62b2e853c8d3ac649fdd0b7fae75063a030958dde894e7b94335e1,det-v1,1,fallback,2298,133,0.003,0.0002564000,true,false
call-000387,arm10_spec_eprocess,cal/f2/s2060001/unreliable,37,qwen/qwen-2.5-7b-instruct,sha256:31975706a2cce23c2579403cc3de6ac4748cfece8bee90d867289be749549a67,det-v1,2,fallback,2368,298,0.003,0.0002964000,true,false
call-000388,arm10_spec_eprocess,cal/f2/s2060001/unreliable,46,qwen/qwen-2.5-7b-instruct,sha256:2345f6edf93106921c4c1991812549131685531aa2eba2bf1aa359de2b400705,det-v1,1,accepted,2685,80,0.003,0.0002845000,true,false
call-000389,arm8_spec_immediate,cal/f3/s3060000/no_alert,15,qwen/qwen-2.5-7b-instruct,sha256:f60890eb45ae58c4a2bfd18b7ff73b2cb3b868cf7871dc966ddb60e871238205,det-v1,1,,1318,79,731.210,0.0001476000,false,true
call-000390,arm8_spec_immediate,cal/f3/s3060000/no_alert,15,qwen/qwen-2.5-7b-instruct,sha256:f60890eb45ae58c4a2bfd18b7ff73b2cb3b868cf7871dc966ddb60e871238205,det-v1,1,accepted,1318,79,731.210,0.0001476000,false,false
call-000391,arm9_spec_heuristic_rollback,cal/f3/s3060000/no_alert,15,qwen/qwen-2.5-7b-instruct,sha256:f60890eb45ae58c4a2bfd18b7ff73b2cb3b868cf7871dc966ddb60e871238205,det-v1,1,accepted,1318,79,0.002,0.0001476000,true,false
call-000392,arm10_spec_eprocess,cal/f3/s3060000/no_alert,15,qwen/qwen-2.5-7b-instruct,sha256:f60890eb45ae58c4a2bfd18b7ff73b2cb3b868cf7871dc966ddb60e871238205,det-v1,1,accepted,1318,79,0.002,0.0001476000,true,false
call-000393,arm8_spec_immediate,cal/f3/s3060001/no_alert,23,qwen/qwen-2.5-7b-instruct,sha256:5dccad8b9d14529e870ef74040f3dbadc13a0e08975cdcf2a0c180dde38ac7bd,det-v1,1,,1680,79,822.065,0.0001838000,false,true
call-000394,arm8_spec_immediate,cal/f3/s3060001/no_alert,23,qwen/qwen-2.5-7b-instruct,sha256:5dccad8b9d14529e870ef74040f3dbadc13a0e08975cdcf2a0c180dde38ac7bd,det-v1,1,accepted,1680,79,822.065,0.0001838000,false,false
call-000395,arm9_spec_heuristic_rollback,cal/f3/s3060001/no_alert,23,qwen/qwen-2.5-7b-instruct,sha256:5dccad8b9d14529e870ef74040f3dbadc13a0e08975cdcf2a0c180dde38ac7bd,det-v1,1,accepted,1680,79,0.002,0.0001838000,true,false
call-000396,arm10_spec_eprocess,cal/f3/s3060001/no_alert,23,qwen/qwen-2.5-7b-instruct,sha256:5dccad8b9d14529e870ef74040f3dbadc13a0e08975cdcf2a0c180dde38ac7bd,det-v1,1,accepted,1680,79,0.002,0.0001838000,true,false
call-000397,arm8_spec_immediate,dev/f3/s3050000/early_accurate,14,qwen/qwen-2.5-7b-instruct,sha256:e9e7906481183207334ea0b2e1c6d82751d3801ac076200f0fb48fd96ac95015,det-v1,1,,1323,91,777.771,0.0001505000,false,true
call-000398,arm8_spec_immediate,dev/f3/s3050000/early_accurate,14,qwen/qwen-2.5-7b-instruct,sha256:e9e7906481183207334ea0b2e1c6d82751d3801ac076200f0fb48fd96ac95015,det-v1,1,fallback,1323,91,777.771,0.0001505000,false,false
call-000399,arm8_spec_immediate,dev/f3/s3050000/early_accurate,14,qwen/qwen-2.5-7b-instruct,sha256:f6f5f8c147ab2c4bf05d82e386ff920d717c78c3e6a39b097a48505cf378b4fe,det-v1,2,,1393,85,786.271,0.0001563000,false,true
call-000400,arm8_spec_immediate,dev/f3/s3050000/early_accurate,14,qwen/qwen-2.5-7b-instruct,sha256:f6f5f8c147ab2c4bf05d82e386ff920d717c78c3e6a39b097a48505cf378b4fe,det-v1,2,accepted_after_repair,1393,85,786.271,0.0001563000,false,false
call-000401,arm9_spec_heuristic_rollback,dev/f3/s3050000/early_accurate,14,qwen/qwen-2.5-7b-instruct,sha256:e9e7906481183207334ea0b2e1c6d82751d3801ac076200f0fb48fd96ac95015,det-v1,1,fallback,1323,91,0.003,0.0001505000,true,false
call-000402,arm9_spec_heuristic_rollback,dev/f3/s3050000/early_accurate,14,qwen/qwen-2.5-7b-instruct,sha256:f6f5f8c147ab2c4bf05d82e386ff920d717c78c3e6a39b097a48505cf378b4fe,det-v1,2,accepted_after_repair,1393,85,0.003,0.0001563000,true,false
call-000403,arm10_spec_eprocess,dev/f3/s3050000/early_accurate,14,qwen/qwen-2.5-7b-instruct,sha256:e9e7906481183207334ea0b2e1c6d82751d3801ac076200f0fb48fd96ac95015,det-v1,1,fallback,1323,91,0.003,0.0001505000,true,false
call-000404,arm10_spec_eprocess,dev/f3/s3050000/early_accurate,14,qwen/qwen-2.5-7b-instruct,sha256:f6f5f8c147ab2c4bf05d82e386ff920d717c78c3e6a39b097a48505cf378b4fe,det-v1,2,accepted_after_repair,1393,85,0.003,0.0001563000,true,false
call-000405,arm8_spec_immediate,cal/f3/s3060000/early_accurate,13,qwen/qwen-2.5-7b-instruct,sha256:9a2b527b1f9bd71538195cdc4d7b20a8e348f8d3deb778f610ff5710f1c6bf4d,det-v1,1,,1269,85,824.842,0.0001439000,false,true
call-000406,arm8_spec_immediate,cal/f3/s3060000/early_accurate,13,qwen/qwen-2.5-7b-instruct,sha256:9a2b527b1f9bd71538195cdc4d7b20a8e348f8d3deb778f610ff5710f1c6bf4d,det-v1,1,accepted,1269,85,824.842,0.0001439000,false,false
call-000407,arm8_spec_immediate,cal/f3/s3060000/early_accurate,19,qwen/qwen-2.5-7b-instruct,sha256:d30154a37bec60f8825250804148940b47847624cd47c2049f4dc6498bbb7185,det-v1,1,,1542,116,1103.851,0.0001774000,false,true
call-000408,arm8_spec_immediate,cal/f3/s3060000/early_accurate,19,qwen/qwen-2.5-7b-instruct,sha256:d30154a37bec60f8825250804148940b47847624cd47c2049f4dc6498bbb7185,det-v1,1,fallback,1542,116,1103.851,0.0001774000,false,false
call-000409,arm8_spec_immediate,cal/f3/s3060000/early_accurate,19,qwen/qwen-2.5-7b-instruct,sha256:9b20552088da767419176ce01a88d8ce57e8d3f8a7215690f59d751848e5f511,det-v1,2,,1612,84,757.683,0.0001780000,false,true
call-000410,arm8_spec_immediate,cal/f3/s3060000/early_accurate,19,qwen/qwen-2.5-7b-instruct,sha256:9b20552088da767419176ce01a88d8ce57e8d3f8a7215690f59d751848e5f511,det-v1,2,accepted_after_repair,1612,84,757.683,0.0001780000,false,false
call-000411,arm9_spec_heuristic_rollback,cal/f3/s3060000/early_accurate,13,qwen/qwen-2.5-7b-instruct,sha256:9a2b527b1f9bd71538195cdc4d7b20a8e348f8d3deb778f610ff5710f1c6bf4d,det-v1,1,accepted,1269,85,0.003,0.0001439000,true,false
call-000412,arm9_spec_heuristic_rollback,cal/f3/s3060000/early_accurate,19,qwen/qwen-2.5-7b-instruct,sha256:d30154a37bec60f8825250804148940b47847624cd47c2049f4dc6498bbb7185,det-v1,1,fallback,1542,116,0.003,0.0001774000,true,false
call-000413,arm9_spec_heuristic_rollback,cal/f3/s3060000/early_accurate,19,qwen/qwen-2.5-7b-instruct,sha256:9b20552088da767419176ce01a88d8ce57e8d3f8a7215690f59d751848e5f511,det-v1,2,accepted_after_repair,1612,84,0.003,0.0001780000,true,false
call-000414,arm10_spec_eprocess,cal/f3/s3060000/early_accurate,13,qwen/qwen-2.5-7b-instruct,sha256:9a2b527b1f9bd71538195cdc4d7b20a8e348f8d3deb778f610ff5710f1c6bf4d,det-v1,1,accepted,1269,85,0.003,0.0001439000,true,false
call-000415,arm10_spec_eprocess,cal/f3/s3060000/early_accurate,19,qwen/qwen-2.5-7b-instruct,sha256:d30154a37bec60f8825250804148940b47847624cd47c2049f4dc6498bbb7185,det-v1,1,fallback,1542,116,0.003,0.0001774000,true,false
call-000416,arm10_spec_eprocess,cal/f3/s3060000/early_accurate,19,qwen/qwen-2.5-7b-instruct,sha256:9b20552088da767419176ce01a88d8ce57e8d3f8a7215690f59d751848e5f511,det-v1,2,accepted_after_repair,1612,84,0.002,0.0001780000,true,false
call-000417,arm8_spec_immediate,dev/f3/s3050001/early_accurate,17,qwen/qwen-2.5-7b-instruct,sha256:f6475a775a07307f845c57d15c2c3a7c97fdaed2ec63c8f3acb03538e02a8183,det-v1,1,,1447,93,930.518,0.0001633000,false,true
call-000418,arm8_spec_immediate,dev/f3/s3050001/early_accurate,17,qwen/qwen-2.5-7b-instruct,sha256:f6475a775a07307f845c57d15c2c3a7c97fdaed2ec63c8f3acb03538e02a8183,det-v1,1,fallback,1447,93,930.518,0.0001633000,false,false
call-000419,arm8_spec_immediate,dev/f3/s3050001/early_accurate,17,qwen/qwen-2.5-7b-instruct,sha256:9442e45f8382ce2964978fba4bdae24ceb4e2c8a4f8af8b4a69979a3f66a27dd,det-v1,2,,1517,92,712.426,0.0001701000,false,true
call-000420,arm8_spec_immediate,dev/f3/s3050001/early_accurate,17,qwen/qwen-2.5-7b-instruct,sha256:9442e45f8382ce2964978fba4bdae24ceb4e2c8a4f8af8b4a69979a3f66a27dd,det-v1,2,fallback,1517,92,712.426,0.0001701000,false,false
call-000421,arm9_spec_heuristic_rollback,dev/f3/s3050001/early_accurate,17,qwen/qwen-2.5-7b-instruct,sha256:f6475a775a07307f845c57d15c2c3a7c97fdaed2ec63c8f3acb03538e02a8183,det-v1,1,fallback,1447,93,0.004,0.0001633000,true,false
call-000422,arm9_spec_heuristic_rollback,dev/f3/s3050001/early_accurate,17,qwen/qwen-2.5-7b-instruct,sha256:9442e45f8382ce2964978fba4bdae24ceb4e2c8a4f8af8b4a69979a3f66a27dd,det-v1,2,fallback,1517,92,0.003,0.0001701000,true,false
call-000423,arm10_spec_eprocess,dev/f3/s3050001/early_accurate,17,qwen/qwen-2.5-7b-instruct,sha256:f6475a775a07307f845c57d15c2c3a7c97fdaed2ec63c8f3acb03538e02a8183,det-v1,1,fallback,1447,93,0.003,0.0001633000,true,false
call-000424,arm10_spec_eprocess,dev/f3/s3050001/early_accurate,17,qwen/qwen-2.5-7b-instruct,sha256:9442e45f8382ce2964978fba4bdae24ceb4e2c8a4f8af8b4a69979a3f66a27dd,det-v1,2,fallback,1517,92,0.003,0.0001701000,true,false
call-000425,arm8_spec_immediate,cal/f3/s3060001/early_accurate,19,qwen/qwen-2.5-7b-instruct,sha256:7018a059d6eb9cda0032680e1a7870a96f47ad4c2df24a62c7a37907aa163ac4,det-v1,1,,1535,84,714.772,0.0001703000,false,true
call-000426,arm8_spec_immediate,cal/f3/s3060001/early_accurate,19,qwen/qwen-2.5-7b-instruct,sha256:7018a059d6eb9cda0032680e1a7870a96f47ad4c2df24a62c7a37907aa163ac4,det-v1,1,accepted,1535,84,714.772,0.0001703000,false,false
call-000427,arm8_spec_immediate,cal/f3/s3060001/early_accurate,25,qwen/qwen-2.5-7b-instruct,sha256:b75b075a9e71e0cfd32ea4cac2b77267705c0c4ee789b88d0b771f36acee08c5,det-v1,1,,1806,80,818.042,0.0001966000,false,true
call-000428,arm8_spec_immediate,cal/f3/s3060001/early_accurate,25,qwen/qwen-2.5-7b-instruct,sha256:b75b075a9e71e0cfd32ea4cac2b77267705c0c4ee789b88d0b771f36acee08c5,det-v1,1,accepted,1806,80,818.042,0.0001966000,false,false
call-000429,arm9_spec_heuristic_rollback,cal/f3/s3060001/early_accurate,19,qwen/qwen-2.5-7b-instruct,sha256:7018a059d6eb9cda0032680e1a7870a96f47ad4c2df24a62c7a37907aa163ac4,det-v1,1,accepted,1535,84,0.003,0.0001703000,true,false
call-000430,arm9_spec_heuristic_rollback,cal/f3/s3060001/early_accurate,25,qwen/qwen-2.5-7b-instruct,sha256:b75b075a9e71e0cfd32ea4cac2b77267705c0c4ee789b88d0b771f36acee08c5,det-v1,1,accepted,1806,80,0.003,0.0001966000,true,false
call-000431,arm10_spec_eprocess,cal/f3/s3060001/early_accurate,19,qwen/qwen-2.5-7b-instruct,sha256:7018a059d6eb9cda0032680e1a7870a96f47ad4c2df24a62c7a37907aa163ac4,det-v1,1,accepted,1535,84,0.003,0.0001703000,true,false
call-000432,arm10_spec_eprocess,cal/f3/s3060001/early_accurate,25,qwen/qwen-2.5-7b-instruct,sha256:b75b075a9e71e0cfd32ea4cac2b77267705c0c4ee789b88d0b771f36acee08c5,det-v1,1,accepted,1806,80,0.003,0.0001966000,true,false
call-000433,arm8_spec_immediate,dev/f3/s3050000/late_accurate,17,qwen/qwen-2.5-7b-instruct,sha256:2122614f18c4995837ca5b13887989ed07b0b660f3da93aa83e5f8b3c38a058c,det-v1,1,,1457,85,702.112,0.0001627000,false,true
call-000434,arm8_spec_immediate,dev/f3/s3050000/late_accurate,17,qwen/qwen-2.5-7b-instruct,sha256:2122614f18c4995837ca5b13887989ed07b0b660f3da93aa83e5f8b3c38a058c,det-v1,1,accepted,1457,85,702.112,0.0001627000,false,false
call-000435,arm9_spec_heuristic_rollback,dev/f3/s3050000/late_accurate,17,qwen/qwen-2.5-7b-instruct,sha256:2122614f18c4995837ca5b13887989ed07b0b660f3da93aa83e5f8b3c38a058c,det-v1,1,accepted,1457,85,0.003,0.0001627000,true,false
call-000436,arm10_spec_eprocess,dev/f3/s3050000/late_accurate,17,qwen/qwen-2.5-7b-instruct,sha256:2122614f18c4995837ca5b13887989ed07b0b660f3da93aa83e5f8b3c38a058c,det-v1,1,accepted,1457,85,0.003,0.0001627000,true,false
call-000437,arm8_spec_immediate,cal/f3/s3060000/late_accurate,15,qwen/qwen-2.5-7b-instruct,sha256:54f3902afcfadf3ab00c7e5b58c989b3d750b76a49e7c0ea4e17a628ca0d4dff,det-v1,1,,1318,79,738.341,0.0001476000,false,true
call-000438,arm8_spec_immediate,cal/f3/s3060000/late_accurate,15,qwen/qwen-2.5-7b-instruct,sha256:54f3902afcfadf3ab00c7e5b58c989b3d750b76a49e7c0ea4e17a628ca0d4dff,det-v1,1,accepted,1318,79,738.341,0.0001476000,false,false
call-000439,arm9_spec_heuristic_rollback,cal/f3/s3060000/late_accurate,15,qwen/qwen-2.5-7b-instruct,sha256:54f3902afcfadf3ab00c7e5b58c989b3d750b76a49e7c0ea4e17a628ca0d4dff,det-v1,1,accepted,1318,79,0.002,0.0001476000,true,false
call-000440,arm10_spec_eprocess,cal/f3/s3060000/late_accurate,15,qwen/qwen-2.5-7b-instruct,sha256:54f3902afcfadf3ab00c7e5b58c989b3d750b76a49e7c0ea4e17a628ca0d4dff,det-v1,1,accepted,1318,79,0.002,0.0001476000,true,false
call-000441,arm8_spec_immediate,dev/f3/s3050001/late_accurate,20,qwen/qwen-2.5-7b-instruct,sha256:f4e3bfdc37c8940da4786e6011b0004599f84fbb8e1cee6189f7838271c492e4,det-v1,1,,1581,92,934.713,0.0001765000,false,true
call-000442,arm8_spec_immediate,dev/f3/s3050001/late_accurate,20,qwen/qwen-2.5-7b-instruct,sha256:f4e3bfdc37c8940da4786e6011b0004599f84fbb8e1cee6189f7838271c492e4,det-v1,1,fallback,1581,92,934.713,0.0001765000,false,false
call-000443,arm8_spec_immediate,dev/f3/s3050001/late_accurate,20,qwen/qwen-2.5-7b-instruct,sha256:f825fa1b8183d7dd50762d1e4a477f077c4df3777d1b0dacc845d678592117ec,det-v1,2,,1651,85,853.640,0.0001821000,false,true
call-000444,arm8_spec_immediate,dev/f3/s3050001/late_accurate,20,qwen/qwen-2.5-7b-instruct,sha256:f825fa1b8183d7dd50762d1e4a477f077c4df3777d1b0dacc845d678592117ec,det-v1,2,accepted_after_repair,1651,85,853.640,0.0001821000,false,false
call-000445,arm9_spec_heuristic_rollback,dev/f3/s3050001/late_accurate,20,qwen/qwen-2.5-7b-instruct,sha256:f4e3bfdc37c8940da4786e6011b0004599f84fbb8e1cee6189f7838271c492e4,det-v1,1,fallback,1581,92,0.003,0.0001765000,true,false
call-000446,arm9_spec_heuristic_rollback,dev/f3/s3050001/late_accurate,20,qwen/qwen-2.5-7b-instruct,sha256:f825fa1b8183d7dd50762d1e4a477f077c4df3777d1b0dacc845d678592117ec,det-v1,2,accepted_after_repair,1651,85,0.003,0.0001821000,true,false
call-000447,arm10_spec_eprocess,dev/f3/s3050001/late_accurate,20,qwen/qwen-2.5-7b-instruct,sha256:f4e3bfdc37c8940da4786e6011b0004599f84fbb8e1cee6189f7838271c492e4,det-v1,1,fallback,1581,92,0.003,0.0001765000,true,false
call-000448,arm10_spec_eprocess,dev/f3/s3050001/late_accurate,20,qwen/qwen-2.5-7b-instruct,sha256:f825fa1b8183d7dd50762d1e4a477f077c4df3777d1b0dacc845d678592117ec,det-v1,2,accepted_after_repair,1651,85,0.003,0.0001821000,true,false
call-000449,arm8_spec_immediate,cal/f3/s3060001/late_accurate,22,qwen/qwen-2.5-7b-instruct,sha256:e4d70ca0720caeb7c1b471a864c37e7e5f1af022d352d7bf93a325ea3b264a39,det-v1,1,,1670,84,827.374,0.0001838000,false,true
call-000450,arm8_spec_immediate,cal/f3/s3060001/late_accurate,22,qwen/qwen-2.5-7b-instruct,sha256:e4d70ca0720caeb7c1b471a864c37e7e5f1af022d352d7bf93a325ea3b264a39,det-v1,1,accepted,1670,84,827.374,0.0001838000,false,false
call-000451,arm9_spec_heuristic_rollback,cal/f3/s3060001/late_accurate,22,qwen/qwen-2.5-7b-instruct,sha256:e4d70ca0720caeb7c1b471a864c37e7e5f1af022d352d7bf93a325ea3b264a39,det-v1,1,accepted,1670,84,0.002,0.0001838000,true,false
call-000452,arm10_spec_eprocess,cal/f3/s3060001/late_accurate,22,qwen/qwen-2.5-7b-instruct,sha256:e4d70ca0720caeb7c1b471a864c37e7e5f1af022d352d7bf93a325ea3b264a39,det-v1,1,accepted,1670,84,0.002,0.0001838000,true,false
call-000453,arm8_spec_immediate,dev/f3/s3050000/unreliable,14,qwen/qwen-2.5-7b-instruct,sha256:5aa05e03d3cb815047135b20f84079c863c4551d2e50f158802459affe1fb354,det-v1,1,,1319,84,802.625,0.0001487000,false,true
call-000454,arm8_spec_immediate,dev/f3/s3050000/unreliable,14,qwen/qwen-2.5-7b-instruct,sha256:5aa05e03d3cb815047135b20f84079c863c4551d2e50f158802459affe1fb354,det-v1,1,accepted,1319,84,802.625,0.0001487000,false,false
call-000455,arm9_spec_heuristic_rollback,dev/f3/s3050000/unreliable,14,qwen/qwen-2.5-7b-instruct,sha256:5aa05e03d3cb815047135b20f84079c863c4551d2e50f158802459affe1fb354,det-v1,1,accepted,1319,84,0.002,0.0001487000,true,false
call-000456,arm10_spec_eprocess,dev/f3/s3050000/unreliable,14,qwen/qwen-2.5-7b-instruct,sha256:5aa05e03d3cb815047135b20f84079c863c4551d2e50f158802459affe1fb354,det-v1,1,accepted,1319,84,0.002,0.0001487000,true,false
call-000457,arm8_spec_immediate,cal/f3/s3060000/unreliable,13,qwen/qwen-2.5-7b-instruct,sha256:478bee8b95ff26d96488ed51d0f550a39e1ee8c5363b1e372caa22b72d9ec0b5,det-v1,1,,1274,84,898.763,0.0001442000,false,true
call-000458,arm8_spec_immediate,cal/f3/s3060000/unreliable,13,qwen/qwen-2.5-7b-instruct,sha256:478bee8b95ff26d96488ed51d0f550a39e1ee8c5363b1e372caa22b72d9ec0b5,det-v1,1,accepted,1274,84,898.763,0.0001442000,false,false
call-000459,arm8_spec_immediate,cal/f3/s3060000/unreliable,19,qwen/qwen-2.5-7b-instruct,sha256:47a3f6a9d961b0d0c1651d380ce5f953df78e0f25ac9c4bae7bd07dab1e14f5a,det-v1,1,,1547,100,1076.190,0.0001747000,false,true
call-000460,arm8_spec_immediate,cal/f3/s3060000/unreliable,19,qwen/qwen-2.5-7b-instruct,sha256:47a3f6a9d961b0d0c1651d380ce5f953df78e0f25ac9c4bae7bd07dab1e14f5a,det-v1,1,fallback,1547,100,1076.190,0.0001747000,false,false
call-000461,arm8_spec_immediate,cal/f3/s3060000/unreliable,19,qwen/qwen-2.5-7b-instruct,sha256:18753869648f1e250293c9f475cf131375cd605416a20b1a4877a19963e492e5,det-v1,2,,1617,84,747.995,0.0001785000,false,true
call-000462,arm8_spec_immediate,cal/f3/s3060000/unreliable,19,qwen/qwen-2.5-7b-instruct,sha256:18753869648f1e250293c9f475cf131375cd605416a20b1a4877a19963e492e5,det-v1,2,accepted_after_repair,1617,84,747.995,0.0001785000,false,false
call-000463,arm9_spec_heuristic_rollback,cal/f3/s3060000/unreliable,13,qwen/qwen-2.5-7b-instruct,sha256:478bee8b95ff26d96488ed51d0f550a39e1ee8c5363b1e372caa22b72d9ec0b5,det-v1,1,accepted,1274,84,0.003,0.0001442000,true,false
call-000464,arm9_spec_heuristic_rollback,cal/f3/s3060000/unreliable,19,qwen/qwen-2.5-7b-instruct,sha256:47a3f6a9d961b0d0c1651d380ce5f953df78e0f25ac9c4bae7bd07dab1e14f5a,det-v1,1,fallback,1547,100,0.003,0.0001747000,true,false
call-000465,arm9_spec_heuristic_rollback,cal/f3/s3060000/unreliable,19,qwen/qwen-2.5-7b-instruct,sha256:18753869648f1e250293c9f475cf131375cd605416a20b1a4877a19963e492e5,det-v1,2,accepted_after_repair,1617,84,0.003,0.0001785000,true,false
call-000466,arm10_spec_eprocess,cal/f3/s3060000/unreliable,13,qwen/qwen-2.5-7b-instruct,sha256:478bee8b95ff26d96488ed51d0f550a39e1ee8c5363b1e372caa22b72d9ec0b5,det-v1,1,accepted,1274,84,0.003,0.0001442000,true,false
call-000467,arm10_spec_eprocess,cal/f3/s3060000/unreliable,19,qwen/qwen-2.5-7b-instruct,sha256:47a3f6a9d961b0d0c1651d380ce5f953df78e0f25ac9c4bae7bd07dab1e14f5a,det-v1,1,fallback,1547,100,0.003,0.0001747000,true,false
call-000468,arm10_spec_eprocess,cal/f3/s3060000/unreliable,19,qwen/qwen-2.5-7b-instruct,sha256:18753869648f1e250293c9f475cf131375cd605416a20b1a4877a19963e492e5,det-v1,2,accepted_after_repair,1617,84,0.003,0.0001785000,true,false
call-000469,arm8_spec_immediate,dev/f3/s3050001/unreliable,17,qwen/qwen-2.5-7b-instruct,sha256:cbfa2e4e644221bb6272f7e396d8705f2231d4d066aa355520144f383eceb547,det-v1,1,,1436,79,756.238,0.0001594000,false,true
call-000470,arm8_spec_immediate,dev/f3/s3050001/unreliable,17,qwen/qwen-2.5-7b-instruct,sha256:cbfa2e4e644221bb6272f7e396d8705f2231d4d066aa355520144f383eceb547,det-v1,1,accepted,1436,79,756.238,0.0001594000,false,false
call-000471,arm9_spec_heuristic_rollback,dev/f3/s3050001/unreliable,17,qwen/qwen-2.5-7b-instruct,sha256:cbfa2e4e644221bb6272f7e396d8705f2231d4d066aa355520144f383eceb547,det-v1,1,accepted,1436,79,0.004,0.0001594000,true,false
call-000472,arm10_spec_eprocess,dev/f3/s3050001/unreliable,17,qwen/qwen-2.5-7b-instruct,sha256:cbfa2e4e644221bb6272f7e396d8705f2231d4d066aa355520144f383eceb547,det-v1,1,accepted,1436,79,0.004,0.0001594000,true,false
call-000473,arm8_spec_immediate,cal/f3/s3060001/unreliable,19,qwen/qwen-2.5-7b-instruct,sha256:812af4456c9e45ba06eefc3e6e890c06a9b1467777f4ec2ff8065437077ef9a8,det-v1,1,,1546,85,915.546,0.0001716000,false,true
call-000474,arm8_spec_immediate,cal/f3/s3060001/unreliable,19,qwen/qwen-2.5-7b-instruct,sha256:812af4456c9e45ba06eefc3e6e890c06a9b1467777f4ec2ff8065437077ef9a8,det-v1,1,accepted,1546,85,915.546,0.0001716000,false,false
call-000475,arm8_spec_immediate,cal/f3/s3060001/unreliable,25,qwen/qwen-2.5-7b-instruct,sha256:07a3417fb989d0b040700730b8822114269ed73fe6c7c1d506d5a98c545037a0,det-v1,1,,1817,116,979.655,0.0002049000,false,true
call-000476,arm8_spec_immediate,cal/f3/s3060001/unreliable,25,qwen/qwen-2.5-7b-instruct,sha256:07a3417fb989d0b040700730b8822114269ed73fe6c7c1d506d5a98c545037a0,det-v1,1,fallback,1817,116,979.655,0.0002049000,false,false
call-000477,arm8_spec_immediate,cal/f3/s3060001/unreliable,25,qwen/qwen-2.5-7b-instruct,sha256:951e4cd51703589d11bf6dacb2bc5ec64c8901929ebe734ec341c41ca67595ce,det-v1,2,,1887,84,887.047,0.0002055000,false,true
call-000478,arm8_spec_immediate,cal/f3/s3060001/unreliable,25,qwen/qwen-2.5-7b-instruct,sha256:951e4cd51703589d11bf6dacb2bc5ec64c8901929ebe734ec341c41ca67595ce,det-v1,2,accepted_after_repair,1887,84,887.047,0.0002055000,false,false
call-000479,arm9_spec_heuristic_rollback,cal/f3/s3060001/unreliable,19,qwen/qwen-2.5-7b-instruct,sha256:812af4456c9e45ba06eefc3e6e890c06a9b1467777f4ec2ff8065437077ef9a8,det-v1,1,accepted,1546,85,0.004,0.0001716000,true,false
call-000480,arm9_spec_heuristic_rollback,cal/f3/s3060001/unreliable,25,qwen/qwen-2.5-7b-instruct,sha256:07a3417fb989d0b040700730b8822114269ed73fe6c7c1d506d5a98c545037a0,det-v1,1,fallback,1817,116,0.003,0.0002049000,true,false
call-000481,arm9_spec_heuristic_rollback,cal/f3/s3060001/unreliable,25,qwen/qwen-2.5-7b-instruct,sha256:951e4cd51703589d11bf6dacb2bc5ec64c8901929ebe734ec341c41ca67595ce,det-v1,2,accepted_after_repair,1887,84,0.003,0.0002055000,true,false
call-000482,arm10_spec_eprocess,cal/f3/s3060001/unreliable,19,qwen/qwen-2.5-7b-instruct,sha256:812af4456c9e45ba06eefc3e6e890c06a9b1467777f4ec2ff8065437077ef9a8,det-v1,1,accepted,1546,85,0.003,0.0001716000,true,false
call-000483,arm10_spec_eprocess,cal/f3/s3060001/unreliable,25,qwen/qwen-2.5-7b-instruct,sha256:07a3417fb989d0b040700730b8822114269ed73fe6c7c1d506d5a98c545037a0,det-v1,1,fallback,1817,116,0.003,0.0002049000,true,false
call-000484,arm10_spec_eprocess,cal/f3/s3060001/unreliable,25,qwen/qwen-2.5-7b-instruct,sha256:951e4cd51703589d11bf6dacb2bc5ec64c8901929ebe734ec341c41ca67595ce,det-v1,2,accepted_after_repair,1887,84,0.002,0.0002055000,true,false
call-000485,arm8_spec_immediate,dev/f4/s4050000/early_accurate,19,qwen/qwen-2.5-7b-instruct,sha256:238184746c2b6407bdbb2d402992dd9d6fcf74e7b387480aa0cf12de2bf80d75,det-v1,1,,1540,84,915.074,0.0001708000,false,true
call-000486,arm8_spec_immediate,dev/f4/s4050000/early_accurate,19,qwen/qwen-2.5-7b-instruct,sha256:238184746c2b6407bdbb2d402992dd9d6fcf74e7b387480aa0cf12de2bf80d75,det-v1,1,accepted,1540,84,915.074,0.0001708000,false,false
call-000487,arm9_spec_heuristic_rollback,dev/f4/s4050000/early_accurate,19,qwen/qwen-2.5-7b-instruct,sha256:238184746c2b6407bdbb2d402992dd9d6fcf74e7b387480aa0cf12de2bf80d75,det-v1,1,accepted,1540,84,0.002,0.0001708000,true,false
call-000488,arm10_spec_eprocess,dev/f4/s4050000/early_accurate,19,qwen/qwen-2.5-7b-instruct,sha256:238184746c2b6407bdbb2d402992dd9d6fcf74e7b387480aa0cf12de2bf80d75,det-v1,1,accepted,1540,84,0.002,0.0001708000,true,false
call-000489,arm8_spec_immediate,cal/f4/s4060000/early_accurate,15,qwen/qwen-2.5-7b-instruct,sha256:639f373117adaa786583debaa0833888bfb1d9ef1314d890f230eec1629d6a32,det-v1,1,,1362,84,815.552,0.0001530000,false,true
call-000490,arm8_spec_immediate,cal/f4/s4060000/early_accurate,15,qwen/qwen-2.5-7b-instruct,sha256:639f373117adaa786583debaa0833888bfb1d9ef1314d890f230eec1629d6a32,det-v1,1,accepted,1362,84,815.552,0.0001530000,false,false
call-000491,arm9_spec_heuristic_rollback,cal/f4/s4060000/early_accurate,15,qwen/qwen-2.5-7b-instruct,sha256:639f373117adaa786583debaa0833888bfb1d9ef1314d890f230eec1629d6a32,det-v1,1,accepted,1362,84,0.002,0.0001530000,true,false
call-000492,arm10_spec_eprocess,cal/f4/s4060000/early_accurate,15,qwen/qwen-2.5-7b-instruct,sha256:639f373117adaa786583debaa0833888bfb1d9ef1314d890f230eec1629d6a32,det-v1,1,accepted,1362,84,0.001,0.0001530000,true,false
call-000493,arm8_spec_immediate,dev/f4/s4050001/early_accurate,17,qwen/qwen-2.5-7b-instruct,sha256:4ee287631403b2f9e937d3a6fb77799bf7f0bde3141f01e4846a8dac82d1a728,det-v1,1,,1454,94,892.273,0.0001642000,false,true
call-000494,arm8_spec_immediate,dev/f4/s4050001/early_accurate,17,qwen/qwen-2.5-7b-instruct,sha256:4ee287631403b2f9e937d3a6fb77799bf7f0bde3141f01e4846a8dac82d1a728,det-v1,1,fallback,1454,94,892.273,0.0001642000,false,false
call-000495,arm8_spec_immediate,dev/f4/s4050001/early_accurate,17,qwen/qwen-2.5-7b-instruct,sha256:0df7e4ab1208d16167849359a46e85f3955d8f2d3c0795ab9c3b71101d9ff371,det-v1,2,,1524,94,856.950,0.0001712000,false,true
call-000496,arm8_spec_immediate,dev/f4/s4050001/early_accurate,17,qwen/qwen-2.5-7b-instruct,sha256:0df7e4ab1208d16167849359a46e85f3955d8f2d3c0795ab9c3b71101d9ff371,det-v1,2,fallback,1524,94,856.950,0.0001712000,false,false
call-000497,arm9_spec_heuristic_rollback,dev/f4/s4050001/early_accurate,17,qwen/qwen-2.5-7b-instruct,sha256:4ee287631403b2f9e937d3a6fb77799bf7f0bde3141f01e4846a8dac82d1a728,det-v1,1,fallback,1454,94,0.002,0.0001642000,true,false
call-000498,arm9_spec_heuristic_rollback,dev/f4/s4050001/early_accurate,17,qwen/qwen-2.5-7b-instruct,sha256:0df7e4ab1208d16167849359a46e85f3955d8f2d3c0795ab9c3b71101d9ff371,det-v1,2,fallback,1524,94,0.001,0.0001712000,true,false
call-000499,arm10_spec_eprocess,dev/f4/s4050001/early_accurate,17,qwen/qwen-2.5-7b-instruct,sha256:4ee287631403b2f9e937d3a6fb77799bf7f0bde3141f01e4846a8dac82d1a728,det-v1,1,fallback,1454,94,0.001,0.0001642000,true,false
call-000500,arm10_spec_eprocess,dev/f4/s4050001/early_accurate,17,qwen/qwen-2.5-7b-instruct,sha256:0df7e4ab1208d16167849359a46e85f3955d8f2d3c0795ab9c3b71101d9ff371,det-v1,2,fallback,1524,94,0.001,0.0001712000,true,false
call-000501,arm8_spec_immediate,cal/f4/s4060001/early_accurate,15,qwen/qwen-2.5-7b-instruct,sha256:f4f845e00662aac6fd5f40790559076ee7e2aee97aa339bea03668e18ab997b5,det-v1,1,,1370,84,900.329,0.0001538000,false,true
call-000502,arm8_spec_immediate,cal/f4/s4060001/early_accurate,15,qwen/qwen-2.5-7b-instruct,sha256:f4f845e00662aac6fd5f40790559076ee7e2aee97aa339bea03668e18ab997b5,det-v1,1,accepted,1370,84,900.329,0.0001538000,false,false
call-000503,arm9_spec_heuristic_rollback,cal/f4/s4060001/early_accurate,15,qwen/qwen-2.5-7b-instruct,sha256:f4f845e00662aac6fd5f40790559076ee7e2aee97aa339bea03668e18ab997b5,det-v1,1,accepted,1370,84,0.002,0.0001538000,true,false
call-000504,arm10_spec_eprocess,cal/f4/s4060001/early_accurate,15,qwen/qwen-2.5-7b-instruct,sha256:f4f845e00662aac6fd5f40790559076ee7e2aee97aa339bea03668e18ab997b5,det-v1,1,accepted,1370,84,0.002,0.0001538000,true,false
call-000505,arm8_spec_immediate,dev/f4/s4050000/late_accurate,22,qwen/qwen-2.5-7b-instruct,sha256:13efc4d9777b00e11fc186f5e5fcb01b5b7524672d397a77c7c8b562d1abef9b,det-v1,1,,1670,93,716.731,0.0001856000,false,true
call-000506,arm8_spec_immediate,dev/f4/s4050000/late_accurate,22,qwen/qwen-2.5-7b-instruct,sha256:13efc4d9777b00e11fc186f5e5fcb01b5b7524672d397a77c7c8b562d1abef9b,det-v1,1,fallback,1670,93,716.731,0.0001856000,false,false
call-000507,arm8_spec_immediate,dev/f4/s4050000/late_accurate,22,qwen/qwen-2.5-7b-instruct,sha256:8881667538c29a2ce3263f6b8cf853cf3ae2c1e4c9cfe7d1ac9411394b7a7e8b,det-v1,2,,1740,85,683.111,0.0001910000,false,true
call-000508,arm8_spec_immediate,dev/f4/s4050000/late_accurate,22,qwen/qwen-2.5-7b-instruct,sha256:8881667538c29a2ce3263f6b8cf853cf3ae2c1e4c9cfe7d1ac9411394b7a7e8b,det-v1,2,accepted_after_repair,1740,85,683.111,0.0001910000,false,false
call-000509,arm9_spec_heuristic_rollback,dev/f4/s4050000/late_accurate,22,qwen/qwen-2.5-7b-instruct,sha256:13efc4d9777b00e11fc186f5e5fcb01b5b7524672d397a77c7c8b562d1abef9b,det-v1,1,fallback,1670,93,0.004,0.0001856000,true,false
call-000510,arm9_spec_heuristic_rollback,dev/f4/s4050000/late_accurate,22,qwen/qwen-2.5-7b-instruct,sha256:8881667538c29a2ce3263f6b8cf853cf3ae2c1e4c9cfe7d1ac9411394b7a7e8b,det-v1,2,accepted_after_repair,1740,85,0.003,0.0001910000,true,false
call-000511,arm10_spec_eprocess,dev/f4/s4050000/late_accurate,22,qwen/qwen-2.5-7b-instruct,sha256:13efc4d9777b00e11fc186f5e5fcb01b5b7524672d397a77c7c8b562d1abef9b,det-v1,1,fallback,1670,93,0.003,0.0001856000,true,false
call-000512,arm10_spec_eprocess,dev/f4/s4050000/late_accurate,22,qwen/qwen-2.5-7b-instruct,sha256:8881667538c29a2ce3263f6b8cf853cf3ae2c1e4c9cfe7d1ac9411394b7a7e8b,det-v1,2,accepted_after_repair,1740,85,0.003,0.0001910000,true,false
call-000513,arm8_spec_immediate,cal/f4/s4060000/late_accurate,18,qwen/qwen-2.5-7b-instruct,sha256:9ab0709b50d53773861751e1c53ad5cefe073baf6208bc11733db3d3d9015f37,det-v1,1,,1492,84,653.118,0.0001660000,false,true
call-000514,arm8_spec_immediate,cal/f4/s4060000/late_accurate,18,qwen/qwen-2.5-7b-instruct,sha256:9ab0709b50d53773861751e1c53ad5cefe073baf6208bc11733db3d3d9015f37,det-v1,1,accepted,1492,84,653.118,0.0001660000,false,false
call-000515,arm9_spec_heuristic_rollback,cal/f4/s4060000/late_accurate,18,qwen/qwen-2.5-7b-instruct,sha256:9ab0709b50d53773861751e1c53ad5cefe073baf6208bc11733db3d3d9015f37,det-v1,1,accepted,1492,84,0.003,0.0001660000,true,false
call-000516,arm10_spec_eprocess,cal/f4/s4060000/late_accurate,18,qwen/qwen-2.5-7b-instruct,sha256:9ab0709b50d53773861751e1c53ad5cefe073baf6208bc11733db3d3d9015f37,det-v1,1,accepted,1492,84,0.003,0.0001660000,true,false
call-000517,arm8_spec_immediate,dev/f4/s4050001/late_accurate,20,qwen/qwen-2.5-7b-instruct,sha256:937f7f6f1b5f024058c298719f89146d3911dfd614a90dd704d935fcdf157f1c,det-v1,1,,1586,94,677.285,0.0001774000,false,true
call-000518,arm8_spec_immediate,dev/f4/s4050001/late_accurate,20,qwen/qwen-2.5-7b-instruct,sha256:937f7f6f1b5f024058c298719f89146d3911dfd614a90dd704d935fcdf157f1c,det-v1,1,fallback,1586,94,677.285,0.0001774000,false,false
call-000519,arm8_spec_immediate,dev/f4/s4050001/late_accurate,20,qwen/qwen-2.5-7b-instruct,sha256:86c516975490979783ffd3d28a3a71aa408b100c92c6d223ba03799a4dd88461,det-v1,2,,1656,94,925.987,0.0001844000,false,true
call-000520,arm8_spec_immediate,dev/f4/s4050001/late_accurate,20,qwen/qwen-2.5-7b-instruct,sha256:86c516975490979783ffd3d28a3a71aa408b100c92c6d223ba03799a4dd88461,det-v1,2,fallback,1656,94,925.987,0.0001844000,false,false
call-000521,arm9_spec_heuristic_rollback,dev/f4/s4050001/late_accurate,20,qwen/qwen-2.5-7b-instruct,sha256:937f7f6f1b5f024058c298719f89146d3911dfd614a90dd704d935fcdf157f1c,det-v1,1,fallback,1586,94,0.004,0.0001774000,true,false
call-000522,arm9_spec_heuristic_rollback,dev/f4/s4050001/late_accurate,20,qwen/qwen-2.5-7b-instruct,sha256:86c516975490979783ffd3d28a3a71aa408b100c92c6d223ba03799a4dd88461,det-v1,2,fallback,1656,94,0.003,0.0001844000,true,false
call-000523,arm10_spec_eprocess,dev/f4/s4050001/late_accurate,20,qwen/qwen-2.5-7b-instruct,sha256:937f7f6f1b5f024058c298719f89146d3911dfd614a90dd704d935fcdf157f1c,det-v1,1,fallback,1586,94,0.003,0.0001774000,true,false
call-000524,arm10_spec_eprocess,dev/f4/s4050001/late_accurate,20,qwen/qwen-2.5-7b-instruct,sha256:86c516975490979783ffd3d28a3a71aa408b100c92c6d223ba03799a4dd88461,det-v1,2,fallback,1656,94,0.003,0.0001844000,true,false
call-000525,arm8_spec_immediate,cal/f4/s4060001/late_accurate,18,qwen/qwen-2.5-7b-instruct,sha256:9db1a8342a62aa0d48ed61f71024c4c47e494525bad71ad26d87075b5d2b004d,det-v1,1,,1504,84,851.999,0.0001672000,false,true
call-000526,arm8_spec_immediate,cal/f4/s4060001/late_accurate,18,qwen/qwen-2.5-7b-instruct,sha256:9db1a8342a62aa0d48ed61f71024c4c47e494525bad71ad26d87075b5d2b004d,det-v1,1,accepted,1504,84,851.999,0.0001672000,false,false
call-000527,arm9_spec_heuristic_rollback,cal/f4/s4060001/late_accurate,18,qwen/qwen-2.5-7b-instruct,sha256:9db1a8342a62aa0d48ed61f71024c4c47e494525bad71ad26d87075b5d2b004d,det-v1,1,accepted,1504,84,0.002,0.0001672000,true,false
call-000528,arm10_spec_eprocess,cal/f4/s4060001/late_accurate,18,qwen/qwen-2.5-7b-instruct,sha256:9db1a8342a62aa0d48ed61f71024c4c47e494525bad71ad26d87075b5d2b004d,det-v1,1,accepted,1504,84,0.002,0.0001672000,true,false
call-000529,arm8_spec_immediate,dev/f4/s4050000/unreliable,19,qwen/qwen-2.5-7b-instruct,sha256:5602bdbe755e11d98e8102ffbcc791b83e13675056b83e3f959103a5397a86d0,det-v1,1,,1545,93,942.226,0.0001731000,false,true
call-000530,arm8_spec_immediate,dev/f4/s4050000/unreliable,19,qwen/qwen-2.5-7b-instruct,sha256:5602bdbe755e11d98e8102ffbcc791b83e13675056b83e3f959103a5397a86d0,det-v1,1,fallback,1545,93,942.226,0.0001731000,false,false
call-000531,arm8_spec_immediate,dev/f4/s4050000/unreliable,19,qwen/qwen-2.5-7b-instruct,sha256:fd064d46d2ad11f23619307b3e10fb06913f7db536e5da79ccfb59964c837b58,det-v1,2,,1615,85,724.868,0.0001785000,false,true
call-000532,arm8_spec_immediate,dev/f4/s4050000/unreliable,19,qwen/qwen-2.5-7b-instruct,sha256:fd064d46d2ad11f23619307b3e10fb06913f7db536e5da79ccfb59964c837b58,det-v1,2,accepted_after_repair,1615,85,724.868,0.0001785000,false,false
call-000533,arm9_spec_heuristic_rollback,dev/f4/s4050000/unreliable,19,qwen/qwen-2.5-7b-instruct,sha256:5602bdbe755e11d98e8102ffbcc791b83e13675056b83e3f959103a5397a86d0,det-v1,1,fallback,1545,93,0.004,0.0001731000,true,false
call-000534,arm9_spec_heuristic_rollback,dev/f4/s4050000/unreliable,19,qwen/qwen-2.5-7b-instruct,sha256:fd064d46d2ad11f23619307b3e10fb06913f7db536e5da79ccfb59964c837b58,det-v1,2,accepted_after_repair,1615,85,0.003,0.0001785000,true,false
call-000535,arm10_spec_eprocess,dev/f4/s4050000/unreliable,19,qwen/qwen-2.5-7b-instruct,sha256:5602bdbe755e11d98e8102ffbcc791b83e13675056b83e3f959103a5397a86d0,det-v1,1,fallback,1545,93,0.003,0.0001731000,true,false
call-000536,arm10_spec_eprocess,dev/f4/s4050000/unreliable,19,qwen/qwen-2.5-7b-instruct,sha256:fd064d46d2ad11f23619307b3e10fb06913f7db536e5da79ccfb59964c837b58,det-v1,2,accepted_after_repair,1615,85,0.003,0.0001785000,true,false
call-000537,arm8_spec_immediate,cal/f4/s4060000/unreliable,15,qwen/qwen-2.5-7b-instruct,sha256:e2ffba279504ac5b3d0d16b1c8f74419dad73454d4a4ce847c31b6de08a420e9,det-v1,1,,1369,84,788.758,0.0001537000,false,true
call-000538,arm8_spec_immediate,cal/f4/s4060000/unreliable,15,qwen/qwen-2.5-7b-instruct,sha256:e2ffba279504ac5b3d0d16b1c8f74419dad73454d4a4ce847c31b6de08a420e9,det-v1,1,accepted,1369,84,788.758,0.0001537000,false,false
call-000539,arm9_spec_heuristic_rollback,cal/f4/s4060000/unreliable,15,qwen/qwen-2.5-7b-instruct,sha256:e2ffba279504ac5b3d0d16b1c8f74419dad73454d4a4ce847c31b6de08a420e9,det-v1,1,accepted,1369,84,0.002,0.0001537000,true,false
call-000540,arm10_spec_eprocess,cal/f4/s4060000/unreliable,15,qwen/qwen-2.5-7b-instruct,sha256:e2ffba279504ac5b3d0d16b1c8f74419dad73454d4a4ce847c31b6de08a420e9,det-v1,1,accepted,1369,84,0.002,0.0001537000,true,false
call-000541,arm8_spec_immediate,dev/f4/s4050001/unreliable,17,qwen/qwen-2.5-7b-instruct,sha256:80eaeb3c1b95f0bd2420d535c01f413b00499b7a02e805b82237c9f2b673c3e5,det-v1,1,,1442,80,791.994,0.0001602000,false,true
call-000542,arm8_spec_immediate,dev/f4/s4050001/unreliable,17,qwen/qwen-2.5-7b-instruct,sha256:80eaeb3c1b95f0bd2420d535c01f413b00499b7a02e805b82237c9f2b673c3e5,det-v1,1,accepted,1442,80,791.994,0.0001602000,false,false
call-000543,arm9_spec_heuristic_rollback,dev/f4/s4050001/unreliable,17,qwen/qwen-2.5-7b-instruct,sha256:80eaeb3c1b95f0bd2420d535c01f413b00499b7a02e805b82237c9f2b673c3e5,det-v1,1,accepted,1442,80,0.003,0.0001602000,true,false
call-000544,arm10_spec_eprocess,dev/f4/s4050001/unreliable,17,qwen/qwen-2.5-7b-instruct,sha256:80eaeb3c1b95f0bd2420d535c01f413b00499b7a02e805b82237c9f2b673c3e5,det-v1,1,accepted,1442,80,0.003,0.0001602000,true,false
call-000545,arm8_spec_immediate,cal/f4/s4060001/unreliable,15,qwen/qwen-2.5-7b-instruct,sha256:490b3d32778a751b9c08274b7404cc3608cb60fe8b04b95459ab53a63eb1ce14,det-v1,1,,1370,84,702.117,0.0001538000,false,true
call-000546,arm8_spec_immediate,cal/f4/s4060001/unreliable,15,qwen/qwen-2.5-7b-instruct,sha256:490b3d32778a751b9c08274b7404cc3608cb60fe8b04b95459ab53a63eb1ce14,det-v1,1,accepted,1370,84,702.117,0.0001538000,false,false
call-000547,arm9_spec_heuristic_rollback,cal/f4/s4060001/unreliable,15,qwen/qwen-2.5-7b-instruct,sha256:490b3d32778a751b9c08274b7404cc3608cb60fe8b04b95459ab53a63eb1ce14,det-v1,1,accepted,1370,84,0.003,0.0001538000,true,false
call-000548,arm10_spec_eprocess,cal/f4/s4060001/unreliable,15,qwen/qwen-2.5-7b-instruct,sha256:490b3d32778a751b9c08274b7404cc3608cb60fe8b04b95459ab53a63eb1ce14,det-v1,1,accepted,1370,84,0.003,0.0001538000,true,false
call-000549,arm8_spec_immediate,dev/f5/s5050000/early_accurate,20,qwen/qwen-2.5-7b-instruct,sha256:0fe2347294494cc29c39e1462cc200d509a60e6d8e13eb7337115b6ca648cc83,det-v1,1,,1583,93,906.672,0.0001769000,false,true
call-000550,arm8_spec_immediate,dev/f5/s5050000/early_accurate,20,qwen/qwen-2.5-7b-instruct,sha256:0fe2347294494cc29c39e1462cc200d509a60e6d8e13eb7337115b6ca648cc83,det-v1,1,accepted,1583,93,906.672,0.0001769000,false,false
call-000551,arm9_spec_heuristic_rollback,dev/f5/s5050000/early_accurate,20,qwen/qwen-2.5-7b-instruct,sha256:0fe2347294494cc29c39e1462cc200d509a60e6d8e13eb7337115b6ca648cc83,det-v1,1,accepted,1583,93,0.002,0.0001769000,true,false
call-000552,arm10_spec_eprocess,dev/f5/s5050000/early_accurate,20,qwen/qwen-2.5-7b-instruct,sha256:0fe2347294494cc29c39e1462cc200d509a60e6d8e13eb7337115b6ca648cc83,det-v1,1,accepted,1583,93,0.002,0.0001769000,true,false
call-000553,arm8_spec_immediate,cal/f5/s5060000/early_accurate,18,qwen/qwen-2.5-7b-instruct,sha256:234e181c4c37b3222c0a298ab210556c019ad762c96633c1aed6fd5334141f10,det-v1,1,,1497,84,679.601,0.0001665000,false,true
call-000554,arm8_spec_immediate,cal/f5/s5060000/early_accurate,18,qwen/qwen-2.5-7b-instruct,sha256:234e181c4c37b3222c0a298ab210556c019ad762c96633c1aed6fd5334141f10,det-v1,1,accepted,1497,84,679.601,0.0001665000,false,false
call-000555,arm9_spec_heuristic_rollback,cal/f5/s5060000/early_accurate,18,qwen/qwen-2.5-7b-instruct,sha256:234e181c4c37b3222c0a298ab210556c019ad762c96633c1aed6fd5334141f10,det-v1,1,accepted,1497,84,0.002,0.0001665000,true,false
call-000556,arm10_spec_eprocess,cal/f5/s5060000/early_accurate,18,qwen/qwen-2.5-7b-instruct,sha256:234e181c4c37b3222c0a298ab210556c019ad762c96633c1aed6fd5334141f10,det-v1,1,accepted,1497,84,0.002,0.0001665000,true,false
call-000557,arm8_spec_immediate,dev/f5/s5050001/early_accurate,15,qwen/qwen-2.5-7b-instruct,sha256:ea98e367b1de6a87ac2a159ac03103e7f5b1b8a358eee10e06b0dbb463835f6c,det-v1,1,,1357,93,788.800,0.0001543000,false,true
call-000558,arm8_spec_immediate,dev/f5/s5050001/early_accurate,15,qwen/qwen-2.5-7b-instruct,sha256:ea98e367b1de6a87ac2a159ac03103e7f5b1b8a358eee10e06b0dbb463835f6c,det-v1,1,fallback,1357,93,788.800,0.0001543000,false,false
call-000559,arm8_spec_immediate,dev/f5/s5050001/early_accurate,15,qwen/qwen-2.5-7b-instruct,sha256:20326ccfa1ab55858919c9b17ec2e97c67c4c179688e264d1cd2583e8dc523f4,det-v1,2,,1427,93,789.398,0.0001613000,false,true
call-000560,arm8_spec_immediate,dev/f5/s5050001/early_accurate,15,qwen/qwen-2.5-7b-instruct,sha256:20326ccfa1ab55858919c9b17ec2e97c67c4c179688e264d1cd2583e8dc523f4,det-v1,2,fallback,1427,93,789.398,0.0001613000,false,false
call-000561,arm9_spec_heuristic_rollback,dev/f5/s5050001/early_accurate,15,qwen/qwen-2.5-7b-instruct,sha256:ea98e367b1de6a87ac2a159ac03103e7f5b1b8a358eee10e06b0dbb463835f6c,det-v1,1,fallback,1357,93,0.004,0.0001543000,true,false
call-000562,arm9_spec_heuristic_rollback,dev/f5/s5050001/early_accurate,15,qwen/qwen-2.5-7b-instruct,sha256:20326ccfa1ab55858919c9b17ec2e97c67c4c179688e264d1cd2583e8dc523f4,det-v1,2,fallback,1427,93,0.003,0.0001613000,true,false
call-000563,arm10_spec_eprocess,dev/f5/s5050001/early_accurate,15,qwen/qwen-2.5-7b-instruct,sha256:ea98e367b1de6a87ac2a159ac03103e7f5b1b8a358eee10e06b0dbb463835f6c,det-v1,1,fallback,1357,93,0.003,0.0001543000,true,false
call-000564,arm10_spec_eprocess,dev/f5/s5050001/early_accurate,15,qwen/qwen-2.5-7b-instruct,sha256:20326ccfa1ab55858919c9b17ec2e97c67c4c179688e264d1cd2583e8dc523f4,det-v1,2,fallback,1427,93,0.003,0.0001613000,true,false
call-000565,arm8_spec_immediate,cal/f5/s5060001/early_accurate,21,qwen/qwen-2.5-7b-instruct,sha256:917fa20c379887ed2fa5ae206b33f390d20198002061f9b29530377ee7b72eb7,det-v1,1,,1634,93,969.192,0.0001820000,false,true
call-000566,arm8_spec_immediate,cal/f5/s5060001/early_accurate,21,qwen/qwen-2.5-7b-instruct,sha256:917fa20c379887ed2fa5ae206b33f390d20198002061f9b29530377ee7b72eb7,det-v1,1,accepted,1634,93,969.192,0.0001820000,false,false
call-000567,arm9_spec_heuristic_rollback,cal/f5/s5060001/early_accurate,21,qwen/qwen-2.5-7b-instruct,sha256:917fa20c379887ed2fa5ae206b33f390d20198002061f9b29530377ee7b72eb7,det-v1,1,accepted,1634,93,0.002,0.0001820000,true,false
call-000568,arm10_spec_eprocess,cal/f5/s5060001/early_accurate,21,qwen/qwen-2.5-7b-instruct,sha256:917fa20c379887ed2fa5ae206b33f390d20198002061f9b29530377ee7b72eb7,det-v1,1,accepted,1634,93,0.002,0.0001820000,true,false
call-000569,arm8_spec_immediate,dev/f5/s5050000/late_accurate,23,qwen/qwen-2.5-7b-instruct,sha256:d1c6284cba99f2cf8abe5d4092ebfd63d58ed8fa8cdb28390ae6b53830847b63,det-v1,1,,1714,99,922.563,0.0001912000,false,true
call-000570,arm8_spec_immediate,dev/f5/s5050000/late_accurate,23,qwen/qwen-2.5-7b-instruct,sha256:d1c6284cba99f2cf8abe5d4092ebfd63d58ed8fa8cdb28390ae6b53830847b63,det-v1,1,fallback,1714,99,922.563,0.0001912000,false,false
call-000571,arm8_spec_immediate,dev/f5/s5050000/late_accurate,23,qwen/qwen-2.5-7b-instruct,sha256:9b5fb0c7fda75642f9b6b5c483c36949c3c411a9534aaa672888eb17d18525e9,det-v1,2,,1784,97,1093.805,0.0001978000,false,true
call-000572,arm8_spec_immediate,dev/f5/s5050000/late_accurate,23,qwen/qwen-2.5-7b-instruct,sha256:9b5fb0c7fda75642f9b6b5c483c36949c3c411a9534aaa672888eb17d18525e9,det-v1,2,fallback,1784,97,1093.805,0.0001978000,false,false
call-000573,arm9_spec_heuristic_rollback,dev/f5/s5050000/late_accurate,23,qwen/qwen-2.5-7b-instruct,sha256:d1c6284cba99f2cf8abe5d4092ebfd63d58ed8fa8cdb28390ae6b53830847b63,det-v1,1,fallback,1714,99,0.002,0.0001912000,true,false
call-000574,arm9_spec_heuristic_rollback,dev/f5/s5050000/late_accurate,23,qwen/qwen-2.5-7b-instruct,sha256:9b5fb0c7fda75642f9b6b5c483c36949c3c411a9534aaa672888eb17d18525e9,det-v1,2,fallback,1784,97,0.001,0.0001978000,true,false
call-000575,arm10_spec_eprocess,dev/f5/s5050000/late_accurate,23,qwen/qwen-2.5-7b-instruct,sha256:d1c6284cba99f2cf8abe5d4092ebfd63d58ed8fa8cdb28390ae6b53830847b63,det-v1,1,fallback,1714,99,0.002,0.0001912000,true,false
call-000576,arm10_spec_eprocess,dev/f5/s5050000/late_accurate,23,qwen/qwen-2.5-7b-instruct,sha256:9b5fb0c7fda75642f9b6b5c483c36949c3c411a9534aaa672888eb17d18525e9,det-v1,2,fallback,1784,97,0.001,0.0001978000,true,false
call-000577,arm8_spec_immediate,cal/f5/s5060000/late_accurate,21,qwen/qwen-2.5-7b-instruct,sha256:e30d4dbf75ab306785cbff4f53847237fddab82e656ecac227e54d6dd8494e8a,det-v1,1,,1628,84,1035.564,0.0001796000,false,true
call-000578,arm8_spec_immediate,cal/f5/s5060000/late_accurate,21,qwen/qwen-2.5-7b-instruct,sha256:e30d4dbf75ab306785cbff4f53847237fddab82e656ecac227e54d6dd8494e8a,det-v1,1,accepted,1628,84,1035.564,0.0001796000,false,false
call-000579,arm9_spec_heuristic_rollback,cal/f5/s5060000/late_accurate,21,qwen/qwen-2.5-7b-instruct,sha256:e30d4dbf75ab306785cbff4f53847237fddab82e656ecac227e54d6dd8494e8a,det-v1,1,accepted,1628,84,0.002,0.0001796000,true,false
call-000580,arm10_spec_eprocess,cal/f5/s5060000/late_accurate,21,qwen/qwen-2.5-7b-instruct,sha256:e30d4dbf75ab306785cbff4f53847237fddab82e656ecac227e54d6dd8494e8a,det-v1,1,accepted,1628,84,0.002,0.0001796000,true,false
call-000581,arm8_spec_immediate,dev/f5/s5050001/late_accurate,18,qwen/qwen-2.5-7b-instruct,sha256:cb51859fe63029cc1b7a81b75a7e38405acd9848eda9f4583aa5c84ca51b51a0,det-v1,1,,1486,93,762.823,0.0001672000,false,true
call-000582,arm8_spec_immediate,dev/f5/s5050001/late_accurate,18,qwen/qwen-2.5-7b-instruct,sha256:cb51859fe63029cc1b7a81b75a7e38405acd9848eda9f4583aa5c84ca51b51a0,det-v1,1,fallback,1486,93,762.823,0.0001672000,false,false
call-000583,arm8_spec_immediate,dev/f5/s5050001/late_accurate,18,qwen/qwen-2.5-7b-instruct,sha256:69156f4752b9b94f5bd48b2782176303f06531e79a36791debed8c7d5a6db747,det-v1,2,,1556,93,841.338,0.0001742000,false,true
call-000584,arm8_spec_immediate,dev/f5/s5050001/late_accurate,18,qwen/qwen-2.5-7b-instruct,sha256:69156f4752b9b94f5bd48b2782176303f06531e79a36791debed8c7d5a6db747,det-v1,2,fallback,1556,93,841.338,0.0001742000,false,false
call-000585,arm9_spec_heuristic_rollback,dev/f5/s5050001/late_accurate,18,qwen/qwen-2.5-7b-instruct,sha256:cb51859fe63029cc1b7a81b75a7e38405acd9848eda9f4583aa5c84ca51b51a0,det-v1,1,fallback,1486,93,0.003,0.0001672000,true,false
call-000586,arm9_spec_heuristic_rollback,dev/f5/s5050001/late_accurate,18,qwen/qwen-2.5-7b-instruct,sha256:69156f4752b9b94f5bd48b2782176303f06531e79a36791debed8c7d5a6db747,det-v1,2,fallback,1556,93,0.003,0.0001742000,true,false
call-000587,arm10_spec_eprocess,dev/f5/s5050001/late_accurate,18,qwen/qwen-2.5-7b-instruct,sha256:cb51859fe63029cc1b7a81b75a7e38405acd9848eda9f4583aa5c84ca51b51a0,det-v1,1,fallback,1486,93,0.003,0.0001672000,true,false
call-000588,arm10_spec_eprocess,dev/f5/s5050001/late_accurate,18,qwen/qwen-2.5-7b-instruct,sha256:69156f4752b9b94f5bd48b2782176303f06531e79a36791debed8c7d5a6db747,det-v1,2,fallback,1556,93,0.002,0.0001742000,true,false
call-000589,arm8_spec_immediate,cal/f5/s5060001/late_accurate,24,qwen/qwen-2.5-7b-instruct,sha256:b91ab981f83fc7113b8d395e0f2090be94101e6d501a45a12ebd24d1ba0ea86a,det-v1,1,,1766,94,751.945,0.0001954000,false,true
call-000590,arm8_spec_immediate,cal/f5/s5060001/late_accurate,24,qwen/qwen-2.5-7b-instruct,sha256:b91ab981f83fc7113b8d395e0f2090be94101e6d501a45a12ebd24d1ba0ea86a,det-v1,1,fallback,1766,94,751.945,0.0001954000,false,false
call-000591,arm8_spec_immediate,cal/f5/s5060001/late_accurate,24,qwen/qwen-2.5-7b-instruct,sha256:ce5343721c5c8a1a6cdd4c2bb474006ab25f163ed3c1403c543500eb7d8c11ba,det-v1,2,,1836,92,780.174,0.0002020000,false,true
call-000592,arm8_spec_immediate,cal/f5/s5060001/late_accurate,24,qwen/qwen-2.5-7b-instruct,sha256:ce5343721c5c8a1a6cdd4c2bb474006ab25f163ed3c1403c543500eb7d8c11ba,det-v1,2,fallback,1836,92,780.174,0.0002020000,false,false
call-000593,arm9_spec_heuristic_rollback,cal/f5/s5060001/late_accurate,24,qwen/qwen-2.5-7b-instruct,sha256:b91ab981f83fc7113b8d395e0f2090be94101e6d501a45a12ebd24d1ba0ea86a,det-v1,1,fallback,1766,94,0.004,0.0001954000,true,false
call-000594,arm9_spec_heuristic_rollback,cal/f5/s5060001/late_accurate,24,qwen/qwen-2.5-7b-instruct,sha256:ce5343721c5c8a1a6cdd4c2bb474006ab25f163ed3c1403c543500eb7d8c11ba,det-v1,2,fallback,1836,92,0.003,0.0002020000,true,false
call-000595,arm10_spec_eprocess,cal/f5/s5060001/late_accurate,24,qwen/qwen-2.5-7b-instruct,sha256:b91ab981f83fc7113b8d395e0f2090be94101e6d501a45a12ebd24d1ba0ea86a,det-v1,1,fallback,1766,94,0.003,0.0001954000,true,false
call-000596,arm10_spec_eprocess,cal/f5/s5060001/late_accurate,24,qwen/qwen-2.5-7b-instruct,sha256:ce5343721c5c8a1a6cdd4c2bb474006ab25f163ed3c1403c543500eb7d8c11ba,det-v1,2,fallback,1836,92,0.002,0.0002020000,true,false
call-000597,arm8_spec_immediate,dev/f5/s5050000/unreliable,20,qwen/qwen-2.5-7b-instruct,sha256:265e5a514fc9aeb4e8d537227f269a7e2ec5452d493560d36856538f1d4dd0b4,det-v1,1,,1575,92,917.287,0.0001759000,false,true
call-000598,arm8_spec_immediate,dev/f5/s5050000/unreliable,20,qwen/qwen-2.5-7b-instruct,sha256:265e5a514fc9aeb4e8d537227f269a7e2ec5452d493560d36856538f1d4dd0b4,det-v1,1,fallback,1575,92,917.287,0.0001759000,false,false
call-000599,arm8_spec_immediate,dev/f5/s5050000/unreliable,20,qwen/qwen-2.5-7b-instruct,sha256:3d05d980ee6fff207766cb3d232e215801ea98326edf2d0c17c1f4abd0a82f96,det-v1,2,,1645,91,703.153,0.0001827000,false,true
call-000600,arm8_spec_immediate,dev/f5/s5050000/unreliable,20,qwen/qwen-2.5-7b-instruct,sha256:3d05d980ee6fff207766cb3d232e215801ea98326edf2d0c17c1f4abd0a82f96,det-v1,2,fallback,1645,91,703.153,0.0001827000,false,false
call-000601,arm9_spec_heuristic_rollback,dev/f5/s5050000/unreliable,20,qwen/qwen-2.5-7b-instruct,sha256:265e5a514fc9aeb4e8d537227f269a7e2ec5452d493560d36856538f1d4dd0b4,det-v1,1,fallback,1575,92,0.003,0.0001759000,true,false
call-000602,arm9_spec_heuristic_rollback,dev/f5/s5050000/unreliable,20,qwen/qwen-2.5-7b-instruct,sha256:3d05d980ee6fff207766cb3d232e215801ea98326edf2d0c17c1f4abd0a82f96,det-v1,2,fallback,1645,91,0.003,0.0001827000,true,false
call-000603,arm10_spec_eprocess,dev/f5/s5050000/unreliable,20,qwen/qwen-2.5-7b-instruct,sha256:265e5a514fc9aeb4e8d537227f269a7e2ec5452d493560d36856538f1d4dd0b4,det-v1,1,fallback,1575,92,0.003,0.0001759000,true,false
call-000604,arm10_spec_eprocess,dev/f5/s5050000/unreliable,20,qwen/qwen-2.5-7b-instruct,sha256:3d05d980ee6fff207766cb3d232e215801ea98326edf2d0c17c1f4abd0a82f96,det-v1,2,fallback,1645,91,0.002,0.0001827000,true,false
call-000605,arm8_spec_immediate,cal/f5/s5060000/unreliable,18,qwen/qwen-2.5-7b-instruct,sha256:8f01e38436bc3b393357ad68234f364964a0e85c14427bbf93b688b7c83629a0,det-v1,1,,1502,85,591.591,0.0001672000,false,true
call-000606,arm8_spec_immediate,cal/f5/s5060000/unreliable,18,qwen/qwen-2.5-7b-instruct,sha256:8f01e38436bc3b393357ad68234f364964a0e85c14427bbf93b688b7c83629a0,det-v1,1,accepted,1502,85,591.591,0.0001672000,false,false
call-000607,arm9_spec_heuristic_rollback,cal/f5/s5060000/unreliable,18,qwen/qwen-2.5-7b-instruct,sha256:8f01e38436bc3b393357ad68234f364964a0e85c14427bbf93b688b7c83629a0,det-v1,1,accepted,1502,85,0.003,0.0001672000,true,false
call-000608,arm10_spec_eprocess,cal/f5/s5060000/unreliable,18,qwen/qwen-2.5-7b-instruct,sha256:8f01e38436bc3b393357ad68234f364964a0e85c14427bbf93b688b7c83629a0,det-v1,1,accepted,1502,85,0.003,0.0001672000,true,false
call-000609,arm8_spec_immediate,dev/f5/s5050001/unreliable,15,qwen/qwen-2.5-7b-instruct,sha256:611fdbda9718d389e9fae3dc5bcb8574197ef8b9d321c5ba09ed1a0221a1c992,det-v1,1,,1347,160,1262.023,0.0001667000,false,true
call-000610,arm8_spec_immediate,dev/f5/s5050001/unreliable,15,qwen/qwen-2.5-7b-instruct,sha256:611fdbda9718d389e9fae3dc5bcb8574197ef8b9d321c5ba09ed1a0221a1c992,det-v1,1,accepted,1347,160,1262.023,0.0001667000,false,false
call-000611,arm9_spec_heuristic_rollback,dev/f5/s5050001/unreliable,15,qwen/qwen-2.5-7b-instruct,sha256:611fdbda9718d389e9fae3dc5bcb8574197ef8b9d321c5ba09ed1a0221a1c992,det-v1,1,accepted,1347,160,0.002,0.0001667000,true,false
call-000612,arm10_spec_eprocess,dev/f5/s5050001/unreliable,15,qwen/qwen-2.5-7b-instruct,sha256:611fdbda9718d389e9fae3dc5bcb8574197ef8b9d321c5ba09ed1a0221a1c992,det-v1,1,accepted,1347,160,0.002,0.0001667000,true,false
call-000613,arm8_spec_immediate,cal/f5/s5060001/unreliable,21,qwen/qwen-2.5-7b-instruct,sha256:44de03b131a71d261c423fee749758bc34bfcf6254bfa02adb72ab649d2765a0,det-v1,1,,1642,93,878.630,0.0001828000,false,true
call-000614,arm8_spec_immediate,cal/f5/s5060001/unreliable,21,qwen/qwen-2.5-7b-instruct,sha256:44de03b131a71d261c423fee749758bc34bfcf6254bfa02adb72ab649d2765a0,det-v1,1,fallback,1642,93,878.630,0.0001828000,false,false
call-000615,arm8_spec_immediate,cal/f5/s5060001/unreliable,21,qwen/qwen-2.5-7b-instruct,sha256:b0feaebf6d457d91aeb5b8ca25ece7adcc485ab82967ab4e7f3405cf07695c16,det-v1,2,,1712,84,714.216,0.0001880000,false,true
call-000616,arm8_spec_immediate,cal/f5/s5060001/unreliable,21,qwen/qwen-2.5-7b-instruct,sha256:b0feaebf6d457d91aeb5b8ca25ece7adcc485ab82967ab4e7f3405cf07695c16,det-v1,2,accepted_after_repair,1712,84,714.216,0.0001880000,false,false
call-000617,arm9_spec_heuristic_rollback,cal/f5/s5060001/unreliable,21,qwen/qwen-2.5-7b-instruct,sha256:44de03b131a71d261c423fee749758bc34bfcf6254bfa02adb72ab649d2765a0,det-v1,1,fallback,1642,93,0.003,0.0001828000,true,false
call-000618,arm9_spec_heuristic_rollback,cal/f5/s5060001/unreliable,21,qwen/qwen-2.5-7b-instruct,sha256:b0feaebf6d457d91aeb5b8ca25ece7adcc485ab82967ab4e7f3405cf07695c16,det-v1,2,accepted_after_repair,1712,84,0.003,0.0001880000,true,false
call-000619,arm10_spec_eprocess,cal/f5/s5060001/unreliable,21,qwen/qwen-2.5-7b-instruct,sha256:44de03b131a71d261c423fee749758bc34bfcf6254bfa02adb72ab649d2765a0,det-v1,1,fallback,1642,93,0.003,0.0001828000,true,false
call-000620,arm10_spec_eprocess,cal/f5/s5060001/unreliable,21,qwen/qwen-2.5-7b-instruct,sha256:b0feaebf6d457d91aeb5b8ca25ece7adcc485ab82967ab4e7f3405cf07695c16,det-v1,2,accepted_after_repair,1712,84,0.002,0.0001880000,true,false
call-000621,arm8_spec_immediate,dev/f6/s6050000/no_alert,22,qwen/qwen-2.5-7b-instruct,sha256:8548518282021ca54f4746a18467df3ca01d5d90911e0c796f5fbe5338e439f0,det-v1,1,,1640,79,1071.608,0.0001798000,false,true
call-000622,arm8_spec_immediate,dev/f6/s6050000/no_alert,22,qwen/qwen-2.5-7b-instruct,sha256:8548518282021ca54f4746a18467df3ca01d5d90911e0c796f5fbe5338e439f0,det-v1,1,accepted,1640,79,1071.608,0.0001798000,false,false
call-000623,arm9_spec_heuristic_rollback,dev/f6/s6050000/no_alert,22,qwen/qwen-2.5-7b-instruct,sha256:8548518282021ca54f4746a18467df3ca01d5d90911e0c796f5fbe5338e439f0,det-v1,1,accepted,1640,79,0.002,0.0001798000,true,false
call-000624,arm10_spec_eprocess,dev/f6/s6050000/no_alert,22,qwen/qwen-2.5-7b-instruct,sha256:8548518282021ca54f4746a18467df3ca01d5d90911e0c796f5fbe5338e439f0,det-v1,1,accepted,1640,79,0.002,0.0001798000,true,false
call-000625,arm8_spec_immediate,cal/f6/s6060000/no_alert,18,qwen/qwen-2.5-7b-instruct,sha256:24f428a3af34c568dceba35f5acdc5d3103083ee22cb1dd619cca9be83305eb2,det-v1,1,,1447,80,723.985,0.0001607000,false,true
call-000626,arm8_spec_immediate,cal/f6/s6060000/no_alert,18,qwen/qwen-2.5-7b-instruct,sha256:24f428a3af34c568dceba35f5acdc5d3103083ee22cb1dd619cca9be83305eb2,det-v1,1,accepted,1447,80,723.985,0.0001607000,false,false
call-000627,arm9_spec_heuristic_rollback,cal/f6/s6060000/no_alert,18,qwen/qwen-2.5-7b-instruct,sha256:24f428a3af34c568dceba35f5acdc5d3103083ee22cb1dd619cca9be83305eb2,det-v1,1,accepted,1447,80,0.003,0.0001607000,true,false
call-000628,arm10_spec_eprocess,cal/f6/s6060000/no_alert,18,qwen/qwen-2.5-7b-instruct,sha256:24f428a3af34c568dceba35f5acdc5d3103083ee22cb1dd619cca9be83305eb2,det-v1,1,accepted,1447,80,0.003,0.0001607000,true,false
call-000629,arm8_spec_immediate,dev/f6/s6050001/no_alert,25,qwen/qwen-2.5-7b-instruct,sha256:fd8aa3a8a7aa47cc340cacd6c469f12899a65b14125740eb9807b6bee51eb6ff,det-v1,1,,1746,79,653.421,0.0001904000,false,true
call-000630,arm8_spec_immediate,dev/f6/s6050001/no_alert,25,qwen/qwen-2.5-7b-instruct,sha256:fd8aa3a8a7aa47cc340cacd6c469f12899a65b14125740eb9807b6bee51eb6ff,det-v1,1,accepted,1746,79,653.421,0.0001904000,false,false
call-000631,arm9_spec_heuristic_rollback,dev/f6/s6050001/no_alert,25,qwen/qwen-2.5-7b-instruct,sha256:fd8aa3a8a7aa47cc340cacd6c469f12899a65b14125740eb9807b6bee51eb6ff,det-v1,1,accepted,1746,79,0.002,0.0001904000,true,false
call-000632,arm10_spec_eprocess,dev/f6/s6050001/no_alert,25,qwen/qwen-2.5-7b-instruct,sha256:fd8aa3a8a7aa47cc340cacd6c469f12899a65b14125740eb9807b6bee51eb6ff,det-v1,1,accepted,1746,79,0.002,0.0001904000,true,false
call-000633,arm8_spec_immediate,cal/f6/s6060001/no_alert,23,qwen/qwen-2.5-7b-instruct,sha256:dae0e11c113586f5ae724ff4fd64d5a5a4f1263cdf1da019a3f5a2e269ebb810,det-v1,1,,1662,79,709.165,0.0001820000,false,true
call-000634,arm8_spec_immediate,cal/f6/s6060001/no_alert,23,qwen/qwen-2.5-7b-instruct,sha256:dae0e11c113586f5ae724ff4fd64d5a5a4f1263cdf1da019a3f5a2e269ebb810,det-v1,1,accepted,1662,79,709.165,0.0001820000,false,false
call-000635,arm9_spec_heuristic_rollback,cal/f6/s6060001/no_alert,23,qwen/qwen-2.5-7b-instruct,sha256:dae0e11c113586f5ae724ff4fd64d5a5a4f1263cdf1da019a3f5a2e269ebb810,det-v1,1,accepted,1662,79,0.002,0.0001820000,true,false
call-000636,arm10_spec_eprocess,cal/f6/s6060001/no_alert,23,qwen/qwen-2.5-7b-instruct,sha256:dae0e11c113586f5ae724ff4fd64d5a5a4f1263cdf1da019a3f5a2e269ebb810,det-v1,1,accepted,1662,79,0.002,0.0001820000,true,false
call-000637,arm8_spec_immediate,dev/f6/s6050000/early_accurate,18,qwen/qwen-2.5-7b-instruct,sha256:4e32bd2e3fe63a643697d6e68ca4ebbe957192dcf76609a61a32a8f507f1eb58,det-v1,1,,1503,84,649.449,0.0001671000,false,true
call-000638,arm8_spec_immediate,dev/f6/s6050000/early_accurate,18,qwen/qwen-2.5-7b-instruct,sha256:4e32bd2e3fe63a643697d6e68ca4ebbe957192dcf76609a61a32a8f507f1eb58,det-v1,1,fallback,1503,84,649.449,0.0001671000,false,false
call-000639,arm8_spec_immediate,dev/f6/s6050000/early_accurate,18,qwen/qwen-2.5-7b-instruct,sha256:fa9796f31dedb6fdb4ef7a5a759d03268eef44bd2f694fe268c2fe10952ae33d,det-v1,2,,1573,85,847.621,0.0001743000,false,true
call-000640,arm8_spec_immediate,dev/f6/s6050000/early_accurate,18,qwen/qwen-2.5-7b-instruct,sha256:fa9796f31dedb6fdb4ef7a5a759d03268eef44bd2f694fe268c2fe10952ae33d,det-v1,2,accepted_after_repair,1573,85,847.621,0.0001743000,false,false
call-000641,arm9_spec_heuristic_rollback,dev/f6/s6050000/early_accurate,18,qwen/qwen-2.5-7b-instruct,sha256:4e32bd2e3fe63a643697d6e68ca4ebbe957192dcf76609a61a32a8f507f1eb58,det-v1,1,fallback,1503,84,0.003,0.0001671000,true,false
call-000642,arm9_spec_heuristic_rollback,dev/f6/s6050000/early_accurate,18,qwen/qwen-2.5-7b-instruct,sha256:fa9796f31dedb6fdb4ef7a5a759d03268eef44bd2f694fe268c2fe10952ae33d,det-v1,2,accepted_after_repair,1573,85,0.003,0.0001743000,true,false
call-000643,arm10_spec_eprocess,dev/f6/s6050000/early_accurate,18,qwen/qwen-2.5-7b-instruct,sha256:4e32bd2e3fe63a643697d6e68ca4ebbe957192dcf76609a61a32a8f507f1eb58,det-v1,1,fallback,1503,84,0.003,0.0001671000,true,false
call-000644,arm10_spec_eprocess,dev/f6/s6050000/early_accurate,18,qwen/qwen-2.5-7b-instruct,sha256:fa9796f31dedb6fdb4ef7a5a759d03268eef44bd2f694fe268c2fe10952ae33d,det-v1,2,accepted_after_repair,1573,85,0.003,0.0001743000,true,false
call-000645,arm8_spec_immediate,cal/f6/s6060000/early_accurate,13,qwen/qwen-2.5-7b-instruct,sha256:882b1a7d1602e59ff890fa2eb2dda8c5445c0977d4c0e2a550f5b21dc0d5630b,det-v1,1,,1273,84,691.136,0.0001441000,false,true
call-000646,arm8_spec_immediate,cal/f6/s6060000/early_accurate,13,qwen/qwen-2.5-7b-instruct,sha256:882b1a7d1602e59ff890fa2eb2dda8c5445c0977d4c0e2a550f5b21dc0d5630b,det-v1,1,accepted,1273,84,691.136,0.0001441000,false,false
call-000647,arm8_spec_immediate,cal/f6/s6060000/early_accurate,19,qwen/qwen-2.5-7b-instruct,sha256:934cd3b5d8a53b4cd8e8211a42bb9ccc777810a6f17b7b0b3493873d6c623f8e,det-v1,1,,1535,97,678.204,0.0001729000,false,true
call-000648,arm8_spec_immediate,cal/f6/s6060000/early_accurate,19,qwen/qwen-2.5-7b-instruct,sha256:934cd3b5d8a53b4cd8e8211a42bb9ccc777810a6f17b7b0b3493873d6c623f8e,det-v1,1,fallback,1535,97,678.204,0.0001729000,false,false
call-000649,arm8_spec_immediate,cal/f6/s6060000/early_accurate,19,qwen/qwen-2.5-7b-instruct,sha256:6dea535b85886a5911dd00f19af2f18e85f2321afdf66b9a1f3cdb646913ba3f,det-v1,2,,1605,85,597.362,0.0001775000,false,true
call-000650,arm8_spec_immediate,cal/f6/s6060000/early_accurate,19,qwen/qwen-2.5-7b-instruct,sha256:6dea535b85886a5911dd00f19af2f18e85f2321afdf66b9a1f3cdb646913ba3f,det-v1,2,accepted_after_repair,1605,85,597.362,0.0001775000,false,false
call-000651,arm9_spec_heuristic_rollback,cal/f6/s6060000/early_accurate,13,qwen/qwen-2.5-7b-instruct,sha256:882b1a7d1602e59ff890fa2eb2dda8c5445c0977d4c0e2a550f5b21dc0d5630b,det-v1,1,accepted,1273,84,0.002,0.0001441000,true,false
call-000652,arm9_spec_heuristic_rollback,cal/f6/s6060000/early_accurate,19,qwen/qwen-2.5-7b-instruct,sha256:934cd3b5d8a53b4cd8e8211a42bb9ccc777810a6f17b7b0b3493873d6c623f8e,det-v1,1,fallback,1535,97,0.002,0.0001729000,true,false
call-000653,arm9_spec_heuristic_rollback,cal/f6/s6060000/early_accurate,19,qwen/qwen-2.5-7b-instruct,sha256:6dea535b85886a5911dd00f19af2f18e85f2321afdf66b9a1f3cdb646913ba3f,det-v1,2,accepted_after_repair,1605,85,0.001,0.0001775000,true,false
call-000654,arm10_spec_eprocess,cal/f6/s6060000/early_accurate,13,qwen/qwen-2.5-7b-instruct,sha256:882b1a7d1602e59ff890fa2eb2dda8c5445c0977d4c0e2a550f5b21dc0d5630b,det-v1,1,accepted,1273,84,0.002,0.0001441000,true,false
call-000655,arm10_spec_eprocess,cal/f6/s6060000/early_accurate,19,qwen/qwen-2.5-7b-instruct,sha256:934cd3b5d8a53b4cd8e8211a42bb9ccc777810a6f17b7b0b3493873d6c623f8e,det-v1,1,fallback,1535,97,0.001,0.0001729000,true,false
call-000656,arm10_spec_eprocess,cal/f6/s6060000/early_accurate,19,qwen/qwen-2.5-7b-instruct,sha256:6dea535b85886a5911dd00f19af2f18e85f2321afdf66b9a1f3cdb646913ba3f,det-v1,2,accepted_after_repair,1605,85,0.001,0.0001775000,true,false
call-000657,arm8_spec_immediate,dev/f6/s6050001/early_accurate,19,qwen/qwen-2.5-7b-instruct,sha256:f996815567a5e5e5f0a06dc879153ca595f60560b5c1b60082f1a0141b2d1637,det-v1,1,,1526,91,642.184,0.0001708000,false,true
call-000658,arm8_spec_immediate,dev/f6/s6050001/early_accurate,19,qwen/qwen-2.5-7b-instruct,sha256:f996815567a5e5e5f0a06dc879153ca595f60560b5c1b60082f1a0141b2d1637,det-v1,1,fallback,1526,91,642.184,0.0001708000,false,false
call-000659,arm8_spec_immediate,dev/f6/s6050001/early_accurate,19,qwen/qwen-2.5-7b-instruct,sha256:1d94d8016a8818cce16985840cc4e871236a332c1cb11f09b4984bd88bc04c65,det-v1,2,,1596,91,738.446,0.0001778000,false,true
call-000660,arm8_spec_immediate,dev/f6/s6050001/early_accurate,19,qwen/qwen-2.5-7b-instruct,sha256:1d94d8016a8818cce16985840cc4e871236a332c1cb11f09b4984bd88bc04c65,det-v1,2,fallback,1596,91,738.446,0.0001778000,false,false
call-000661,arm8_spec_immediate,dev/f6/s6050001/early_accurate,25,qwen/qwen-2.5-7b-instruct,sha256:1fc17ae2aac6bc69a40ba0c0315379db72b61a44c1b1b34204b963521b18aeae,det-v1,1,,1781,110,977.735,0.0002001000,false,true
call-000662,arm8_spec_immediate,dev/f6/s6050001/early_accurate,25,qwen/qwen-2.5-7b-instruct,sha256:1fc17ae2aac6bc69a40ba0c0315379db72b61a44c1b1b34204b963521b18aeae,det-v1,1,fallback,1781,110,977.735,0.0002001000,false,false
call-000663,arm8_spec_immediate,dev/f6/s6050001/early_accurate,25,qwen/qwen-2.5-7b-instruct,sha256:58e67d3720b01ac40b11d81d83419d13f8e3f152438ff034ca76f9765b3f5e1f,det-v1,2,,1851,110,846.309,0.0002071000,false,true
call-000664,arm8_spec_immediate,dev/f6/s6050001/early_accurate,25,qwen/qwen-2.5-7b-instruct,sha256:58e67d3720b01ac40b11d81d83419d13f8e3f152438ff034ca76f9765b3f5e1f,det-v1,2,fallback,1851,110,846.309,0.0002071000,false,false
call-000665,arm9_spec_heuristic_rollback,dev/f6/s6050001/early_accurate,19,qwen/qwen-2.5-7b-instruct,sha256:f996815567a5e5e5f0a06dc879153ca595f60560b5c1b60082f1a0141b2d1637,det-v1,1,fallback,1526,91,0.003,0.0001708000,true,false
call-000666,arm9_spec_heuristic_rollback,dev/f6/s6050001/early_accurate,19,qwen/qwen-2.5-7b-instruct,sha256:1d94d8016a8818cce16985840cc4e871236a332c1cb11f09b4984bd88bc04c65,det-v1,2,fallback,1596,91,0.003,0.0001778000,true,false
call-000667,arm9_spec_heuristic_rollback,dev/f6/s6050001/early_accurate,25,qwen/qwen-2.5-7b-instruct,sha256:1fc17ae2aac6bc69a40ba0c0315379db72b61a44c1b1b34204b963521b18aeae,det-v1,1,fallback,1781,110,0.003,0.0002001000,true,false
call-000668,arm9_spec_heuristic_rollback,dev/f6/s6050001/early_accurate,25,qwen/qwen-2.5-7b-instruct,sha256:58e67d3720b01ac40b11d81d83419d13f8e3f152438ff034ca76f9765b3f5e1f,det-v1,2,fallback,1851,110,0.003,0.0002071000,true,false
call-000669,arm10_spec_eprocess,dev/f6/s6050001/early_accurate,19,qwen/qwen-2.5-7b-instruct,sha256:f996815567a5e5e5f0a06dc879153ca595f60560b5c1b60082f1a0141b2d1637,det-v1,1,fallback,1526,91,0.003,0.0001708000,true,false
call-000670,arm10_spec_eprocess,dev/f6/s6050001/early_accurate,19,qwen/qwen-2.5-7b-instruct,sha256:1d94d8016a8818cce16985840cc4e871236a332c1cb11f09b4984bd88bc04c65,det-v1,2,fallback,1596,91,0.002,0.0001778000,true,false
call-000671,arm10_spec_eprocess,dev/f6/s6050001/early_accurate,25,qwen/qwen-2.5-7b-instruct,sha256:1fc17ae2aac6bc69a40ba0c0315379db72b61a44c1b1b34204b963521b18aeae,det-v1,1,fallback,1781,110,0.003,0.0002001000,true,false
call-000672,arm10_spec_eprocess,dev/f6/s6050001/early_accurate,25,qwen/qwen-2.5-7b-instruct,sha256:58e67d3720b01ac40b11d81d83419d13f8e3f152438ff034ca76f9765b3f5e1f,det-v1,2,fallback,1851,110,0.002,0.0002071000,true,false
call-000673,arm8_spec_immediate,cal/f6/s6060001/early_accurate,17,qwen/qwen-2.5-7b-instruct,sha256:80d1a322cfa5d0a9b4cfcb53e21977decc695d87e3d087e508038ca81ab5b2ae,det-v1,1,,1447,85,693.095,0.0001617000,false,true
call-000674,arm8_spec_immediate,cal/f6/s6060001/early_accurate,17,qwen/qwen-2.5-7b-instruct,sha256:80d1a322cfa5d0a9b4cfcb53e21977decc695d87e3d087e508038ca81ab5b2ae,det-v1,1,accepted,1447,85,693.095,0.0001617000,false,false
call-000675,arm8_spec_immediate,cal/f6/s6060001/early_accurate,23,qwen/qwen-2.5-7b-instruct,sha256:921ddafcd4cead19244a72063a7eb94a85eff30d26a2c0dbc1bd81e95d30b1f7,det-v1,1,,1705,85,923.514,0.0001875000,false,true
call-000676,arm8_spec_immediate,cal/f6/s6060001/early_accurate,23,qwen/qwen-2.5-7b-instruct,sha256:921ddafcd4cead19244a72063a7eb94a85eff30d26a2c0dbc1bd81e95d30b1f7,det-v1,1,accepted,1705,85,923.514,0.0001875000,false,false
call-000677,arm9_spec_heuristic_rollback,cal/f6/s6060001/early_accurate,17,qwen/qwen-2.5-7b-instruct,sha256:80d1a322cfa5d0a9b4cfcb53e21977decc695d87e3d087e508038ca81ab5b2ae,det-v1,1,accepted,1447,85,0.003,0.0001617000,true,false
call-000678,arm9_spec_heuristic_rollback,cal/f6/s6060001/early_accurate,23,qwen/qwen-2.5-7b-instruct,sha256:921ddafcd4cead19244a72063a7eb94a85eff30d26a2c0dbc1bd81e95d30b1f7,det-v1,1,accepted,1705,85,0.003,0.0001875000,true,false
call-000679,arm10_spec_eprocess,cal/f6/s6060001/early_accurate,17,qwen/qwen-2.5-7b-instruct,sha256:80d1a322cfa5d0a9b4cfcb53e21977decc695d87e3d087e508038ca81ab5b2ae,det-v1,1,accepted,1447,85,0.003,0.0001617000,true,false
call-000680,arm10_spec_eprocess,cal/f6/s6060001/early_accurate,23,qwen/qwen-2.5-7b-instruct,sha256:921ddafcd4cead19244a72063a7eb94a85eff30d26a2c0dbc1bd81e95d30b1f7,det-v1,1,accepted,1705,85,0.003,0.0001875000,true,false
call-000681,arm8_spec_immediate,dev/f6/s6050000/late_accurate,21,qwen/qwen-2.5-7b-instruct,sha256:dbe6e90d19509361d51188b52d38494ac3ea4de7dc1974f7bb249d2ba8b57d84,det-v1,1,,1639,94,844.841,0.0001827000,false,true
call-000682,arm8_spec_immediate,dev/f6/s6050000/late_accurate,21,qwen/qwen-2.5-7b-instruct,sha256:dbe6e90d19509361d51188b52d38494ac3ea4de7dc1974f7bb249d2ba8b57d84,det-v1,1,fallback,1639,94,844.841,0.0001827000,false,false
call-000683,arm8_spec_immediate,dev/f6/s6050000/late_accurate,21,qwen/qwen-2.5-7b-instruct,sha256:9d6ff31525d5d6c46a47a7db324ea4111039a6bd925530c5d7959642f7ad1db2,det-v1,2,,1709,93,825.651,0.0001895000,false,true
call-000684,arm8_spec_immediate,dev/f6/s6050000/late_accurate,21,qwen/qwen-2.5-7b-instruct,sha256:9d6ff31525d5d6c46a47a7db324ea4111039a6bd925530c5d7959642f7ad1db2,det-v1,2,fallback,1709,93,825.651,0.0001895000,false,false
call-000685,arm9_spec_heuristic_rollback,dev/f6/s6050000/late_accurate,21,qwen/qwen-2.5-7b-instruct,sha256:dbe6e90d19509361d51188b52d38494ac3ea4de7dc1974f7bb249d2ba8b57d84,det-v1,1,fallback,1639,94,0.003,0.0001827000,true,false
call-000686,arm9_spec_heuristic_rollback,dev/f6/s6050000/late_accurate,21,qwen/qwen-2.5-7b-instruct,sha256:9d6ff31525d5d6c46a47a7db324ea4111039a6bd925530c5d7959642f7ad1db2,det-v1,2,fallback,1709,93,0.003,0.0001895000,true,false
call-000687,arm10_spec_eprocess,dev/f6/s6050000/late_accurate,21,qwen/qwen-2.5-7b-instruct,sha256:dbe6e90d19509361d51188b52d38494ac3ea4de7dc1974f7bb249d2ba8b57d84,det-v1,1,fallback,1639,94,0.003,0.0001827000,true,false
call-000688,arm10_spec_eprocess,dev/f6/s6050000/late_accurate,21,qwen/qwen-2.5-7b-instruct,sha256:9d6ff31525d5d6c46a47a7db324ea4111039a6bd925530c5d7959642f7ad1db2,det-v1,2,fallback,1709,93,0.003,0.0001895000,true,false
call-000689,arm8_spec_immediate,cal/f6/s6060000/late_accurate,16,qwen/qwen-2.5-7b-instruct,sha256:d2e9358f50fe7260c91f6979828d50ce5967698058438611d8216936906f26a9,det-v1,1,,1406,84,646.087,0.0001574000,false,true
call-000690,arm8_spec_immediate,cal/f6/s6060000/late_accurate,16,qwen/qwen-2.5-7b-instruct,sha256:d2e9358f50fe7260c91f6979828d50ce5967698058438611d8216936906f26a9,det-v1,1,accepted,1406,84,646.087,0.0001574000,false,false
call-000691,arm9_spec_heuristic_rollback,cal/f6/s6060000/late_accurate,16,qwen/qwen-2.5-7b-instruct,sha256:d2e9358f50fe7260c91f6979828d50ce5967698058438611d8216936906f26a9,det-v1,1,accepted,1406,84,0.002,0.0001574000,true,false
call-000692,arm10_spec_eprocess,cal/f6/s6060000/late_accurate,16,qwen/qwen-2.5-7b-instruct,sha256:d2e9358f50fe7260c91f6979828d50ce5967698058438611d8216936906f26a9,det-v1,1,accepted,1406,84,0.002,0.0001574000,true,false
call-000693,arm8_spec_immediate,dev/f6/s6050001/late_accurate,22,qwen/qwen-2.5-7b-instruct,sha256:0094fb2ea9728bebe6518bd00c8afb58a7af0531a1c6fa7ce2ad593f6c2c716b,det-v1,1,,1653,91,1186.512,0.0001835000,false,true
call-000694,arm8_spec_immediate,dev/f6/s6050001/late_accurate,22,qwen/qwen-2.5-7b-instruct,sha256:0094fb2ea9728bebe6518bd00c8afb58a7af0531a1c6fa7ce2ad593f6c2c716b,det-v1,1,fallback,1653,91,1186.512,0.0001835000,false,false
call-000695,arm8_spec_immediate,dev/f6/s6050001/late_accurate,22,qwen/qwen-2.5-7b-instruct,sha256:140c7fd9d3c018884a7ac8b9382153bd98d6639ddb8ebaceb75b399c8b799861,det-v1,2,,1723,91,793.063,0.0001905000,false,true
call-000696,arm8_spec_immediate,dev/f6/s6050001/late_accurate,22,qwen/qwen-2.5-7b-instruct,sha256:140c7fd9d3c018884a7ac8b9382153bd98d6639ddb8ebaceb75b399c8b799861,det-v1,2,fallback,1723,91,793.063,0.0001905000,false,false
call-000697,arm8_spec_immediate,dev/f6/s6050001/late_accurate,28,qwen/qwen-2.5-7b-instruct,sha256:5739cfa767c209eea811392449c374398d559f76e57b53f1a913f2774bb6d194,det-v1,1,,1916,129,1024.663,0.0002174000,false,true
call-000698,arm8_spec_immediate,dev/f6/s6050001/late_accurate,28,qwen/qwen-2.5-7b-instruct,sha256:5739cfa767c209eea811392449c374398d559f76e57b53f1a913f2774bb6d194,det-v1,1,fallback,1916,129,1024.663,0.0002174000,false,false
call-000699,arm8_spec_immediate,dev/f6/s6050001/late_accurate,28,qwen/qwen-2.5-7b-instruct,sha256:250bf7dd31882e2f671b521a03d4061a68cd9df53d726235394221c55f33d07d,det-v1,2,,1986,127,862.270,0.0002240000,false,true
call-000700,arm8_spec_immediate,dev/f6/s6050001/late_accurate,28,qwen/qwen-2.5-7b-instruct,sha256:250bf7dd31882e2f671b521a03d4061a68cd9df53d726235394221c55f33d07d,det-v1,2,fallback,1986,127,862.270,0.0002240000,false,false
call-000701,arm9_spec_heuristic_rollback,dev/f6/s6050001/late_accurate,22,qwen/qwen-2.5-7b-instruct,sha256:0094fb2ea9728bebe6518bd00c8afb58a7af0531a1c6fa7ce2ad593f6c2c716b,det-v1,1,fallback,1653,91,0.002,0.0001835000,true,false
call-000702,arm9_spec_heuristic_rollback,dev/f6/s6050001/late_accurate,22,qwen/qwen-2.5-7b-instruct,sha256:140c7fd9d3c018884a7ac8b9382153bd98d6639ddb8ebaceb75b399c8b799861,det-v1,2,fallback,1723,91,0.001,0.0001905000,true,false
call-000703,arm9_spec_heuristic_rollback,dev/f6/s6050001/late_accurate,28,qwen/qwen-2.5-7b-instruct,sha256:5739cfa767c209eea811392449c374398d559f76e57b53f1a913f2774bb6d194,det-v1,1,fallback,1916,129,0.001,0.0002174000,true,false
call-000704,arm9_spec_heuristic_rollback,dev/f6/s6050001/late_accurate,28,qwen/qwen-2.5-7b-instruct,sha256:250bf7dd31882e2f671b521a03d4061a68cd9df53d726235394221c55f33d07d,det-v1,2,fallback,1986,127,0.001,0.0002240000,true,false
call-000705,arm10_spec_eprocess,dev/f6/s6050001/late_accurate,22,qwen/qwen-2.5-7b-instruct,sha256:0094fb2ea9728bebe6518bd00c8afb58a7af0531a1c6fa7ce2ad593f6c2c716b,det-v1,1,fallback,1653,91,0.002,0.0001835000,true,false
call-000706,arm10_spec_eprocess,dev/f6/s6050001/late_accurate,22,qwen/qwen-2.5-7b-instruct,sha256:140c7fd9d3c018884a7ac8b9382153bd98d6639ddb8ebaceb75b399c8b799861,det-v1,2,fallback,1723,91,0.001,0.0001905000,true,false
call-000707,arm10_spec_eprocess,dev/f6/s6050001/late_accurate,28,qwen/qwen-2.5-7b-instruct,sha256:5739cfa767c209eea811392449c374398d559f76e57b53f1a913f2774bb6d194,det-v1,1,fallback,1916,129,0.001,0.0002174000,true,false
call-000708,arm10_spec_eprocess,dev/f6/s6050001/late_accurate,28,qwen/qwen-2.5-7b-instruct,sha256:250bf7dd31882e2f671b521a03d4061a68cd9df53d726235394221c55f33d07d,det-v1,2,fallback,1986,127,0.001,0.0002240000,true,false
call-000709,arm8_spec_immediate,cal/f6/s6060001/late_accurate,20,qwen/qwen-2.5-7b-instruct,sha256:0b50ab258550894c476f051b945797b346b621f252d2adaf6ec3cdcd79f1a91e,det-v1,1,,1578,91,642.396,0.0001760000,false,true
call-000710,arm8_spec_immediate,cal/f6/s6060001/late_accurate,20,qwen/qwen-2.5-7b-instruct,sha256:0b50ab258550894c476f051b945797b346b621f252d2adaf6ec3cdcd79f1a91e,det-v1,1,fallback,1578,91,642.396,0.0001760000,false,false
call-000711,arm8_spec_immediate,cal/f6/s6060001/late_accurate,20,qwen/qwen-2.5-7b-instruct,sha256:adeaa20d547137595a654347a60f677becf544ee1bbfc8495622c4db2666ef3c,det-v1,2,,1648,91,839.926,0.0001830000,false,true
call-000712,arm8_spec_immediate,cal/f6/s6060001/late_accurate,20,qwen/qwen-2.5-7b-instruct,sha256:adeaa20d547137595a654347a60f677becf544ee1bbfc8495622c4db2666ef3c,det-v1,2,fallback,1648,91,839.926,0.0001830000,false,false
call-000713,arm9_spec_heuristic_rollback,cal/f6/s6060001/late_accurate,20,qwen/qwen-2.5-7b-instruct,sha256:0b50ab258550894c476f051b945797b346b621f252d2adaf6ec3cdcd79f1a91e,det-v1,1,fallback,1578,91,0.002,0.0001760000,true,false
call-000714,arm9_spec_heuristic_rollback,cal/f6/s6060001/late_accurate,20,qwen/qwen-2.5-7b-instruct,sha256:adeaa20d547137595a654347a60f677becf544ee1bbfc8495622c4db2666ef3c,det-v1,2,fallback,1648,91,0.001,0.0001830000,true,false
call-000715,arm10_spec_eprocess,cal/f6/s6060001/late_accurate,20,qwen/qwen-2.5-7b-instruct,sha256:0b50ab258550894c476f051b945797b346b621f252d2adaf6ec3cdcd79f1a91e,det-v1,1,fallback,1578,91,0.002,0.0001760000,true,false
call-000716,arm10_spec_eprocess,cal/f6/s6060001/late_accurate,20,qwen/qwen-2.5-7b-instruct,sha256:adeaa20d547137595a654347a60f677becf544ee1bbfc8495622c4db2666ef3c,det-v1,2,fallback,1648,91,0.002,0.0001830000,true,false
call-000717,arm8_spec_immediate,dev/f6/s6050000/unreliable,18,qwen/qwen-2.5-7b-instruct,sha256:849fe3be5f71bb5ec1c920480531bc21fd86109abfd7c73a00f2f11269251009,det-v1,1,,1499,92,867.355,0.0001683000,false,true
call-000718,arm8_spec_immediate,dev/f6/s6050000/unreliable,18,qwen/qwen-2.5-7b-instruct,sha256:849fe3be5f71bb5ec1c920480531bc21fd86109abfd7c73a00f2f11269251009,det-v1,1,fallback,1499,92,867.355,0.0001683000,false,false
call-000719,arm8_spec_immediate,dev/f6/s6050000/unreliable,18,qwen/qwen-2.5-7b-instruct,sha256:c0c23b437d7f20678778ce28c84b86a36ed1751a265c3ab92f1b86ee767e99f9,det-v1,2,,1569,84,691.025,0.0001737000,false,true
call-000720,arm8_spec_immediate,dev/f6/s6050000/unreliable,18,qwen/qwen-2.5-7b-instruct,sha256:c0c23b437d7f20678778ce28c84b86a36ed1751a265c3ab92f1b86ee767e99f9,det-v1,2,accepted_after_repair,1569,84,691.025,0.0001737000,false,false
call-000721,arm9_spec_heuristic_rollback,dev/f6/s6050000/unreliable,18,qwen/qwen-2.5-7b-instruct,sha256:849fe3be5f71bb5ec1c920480531bc21fd86109abfd7c73a00f2f11269251009,det-v1,1,fallback,1499,92,0.002,0.0001683000,true,false
call-000722,arm9_spec_heuristic_rollback,dev/f6/s6050000/unreliable,18,qwen/qwen-2.5-7b-instruct,sha256:c0c23b437d7f20678778ce28c84b86a36ed1751a265c3ab92f1b86ee767e99f9,det-v1,2,accepted_after_repair,1569,84,0.001,0.0001737000,true,false
call-000723,arm10_spec_eprocess,dev/f6/s6050000/unreliable,18,qwen/qwen-2.5-7b-instruct,sha256:849fe3be5f71bb5ec1c920480531bc21fd86109abfd7c73a00f2f11269251009,det-v1,1,fallback,1499,92,0.001,0.0001683000,true,false
call-000724,arm10_spec_eprocess,dev/f6/s6050000/unreliable,18,qwen/qwen-2.5-7b-instruct,sha256:c0c23b437d7f20678778ce28c84b86a36ed1751a265c3ab92f1b86ee767e99f9,det-v1,2,accepted_after_repair,1569,84,0.001,0.0001737000,true,false
call-000725,arm8_spec_immediate,cal/f6/s6060000/unreliable,13,qwen/qwen-2.5-7b-instruct,sha256:8cdf952172f0b05fff5f7f7205fdd32949f119122238a4592caae085654a0910,det-v1,1,accepted,1270,84,0.001,0.0001438000,true,false
call-000726,arm8_spec_immediate,cal/f6/s6060000/unreliable,19,qwen/qwen-2.5-7b-instruct,sha256:7cb4b20f98007b75ee62b0991383a30c0503a5e426dc4dc73cd0dfca3b7c58e8,det-v1,1,accepted,1532,84,0.001,0.0001700000,true,false
call-000727,arm9_spec_heuristic_rollback,cal/f6/s6060000/unreliable,13,qwen/qwen-2.5-7b-instruct,sha256:8cdf952172f0b05fff5f7f7205fdd32949f119122238a4592caae085654a0910,det-v1,1,accepted,1270,84,0.001,0.0001438000,true,false
call-000728,arm9_spec_heuristic_rollback,cal/f6/s6060000/unreliable,19,qwen/qwen-2.5-7b-instruct,sha256:7cb4b20f98007b75ee62b0991383a30c0503a5e426dc4dc73cd0dfca3b7c58e8,det-v1,1,accepted,1532,84,0.001,0.0001700000,true,false
call-000729,arm10_spec_eprocess,cal/f6/s6060000/unreliable,13,qwen/qwen-2.5-7b-instruct,sha256:8cdf952172f0b05fff5f7f7205fdd32949f119122238a4592caae085654a0910,det-v1,1,accepted,1270,84,0.001,0.0001438000,true,false
call-000730,arm10_spec_eprocess,cal/f6/s6060000/unreliable,19,qwen/qwen-2.5-7b-instruct,sha256:7cb4b20f98007b75ee62b0991383a30c0503a5e426dc4dc73cd0dfca3b7c58e8,det-v1,1,accepted,1532,84,0.001,0.0001700000,true,false
call-000731,arm8_spec_immediate,dev/f6/s6050001/unreliable,19,qwen/qwen-2.5-7b-instruct,sha256:9c63d99f37452ed3dee448336bfd9cb3788888c00a69a379e81eacfe3bf67f59,det-v1,1,,1519,80,658.272,0.0001679000,false,true
call-000732,arm8_spec_immediate,dev/f6/s6050001/unreliable,19,qwen/qwen-2.5-7b-instruct,sha256:9c63d99f37452ed3dee448336bfd9cb3788888c00a69a379e81eacfe3bf67f59,det-v1,1,accepted,1519,80,658.272,0.0001679000,false,false
call-000733,arm8_spec_immediate,dev/f6/s6050001/unreliable,25,qwen/qwen-2.5-7b-instruct,sha256:422ac572877219d214d5756b9c6fc4eb5df11de049b2d280e3dc9d227a61e2db,det-v1,1,,1774,79,849.910,0.0001932000,false,true
call-000734,arm8_spec_immediate,dev/f6/s6050001/unreliable,25,qwen/qwen-2.5-7b-instruct,sha256:422ac572877219d214d5756b9c6fc4eb5df11de049b2d280e3dc9d227a61e2db,det-v1,1,accepted,1774,79,849.910,0.0001932000,false,false
call-000735,arm9_spec_heuristic_rollback,dev/f6/s6050001/unreliable,19,qwen/qwen-2.5-7b-instruct,sha256:9c63d99f37452ed3dee448336bfd9cb3788888c00a69a379e81eacfe3bf67f59,det-v1,1,accepted,1519,80,0.002,0.0001679000,true,false
call-000736,arm9_spec_heuristic_rollback,dev/f6/s6050001/unreliable,25,qwen/qwen-2.5-7b-instruct,sha256:422ac572877219d214d5756b9c6fc4eb5df11de049b2d280e3dc9d227a61e2db,det-v1,1,accepted,1774,79,0.001,0.0001932000,true,false
call-000737,arm10_spec_eprocess,dev/f6/s6050001/unreliable,19,qwen/qwen-2.5-7b-instruct,sha256:9c63d99f37452ed3dee448336bfd9cb3788888c00a69a379e81eacfe3bf67f59,det-v1,1,accepted,1519,80,0.001,0.0001679000,true,false
call-000738,arm10_spec_eprocess,dev/f6/s6050001/unreliable,25,qwen/qwen-2.5-7b-instruct,sha256:422ac572877219d214d5756b9c6fc4eb5df11de049b2d280e3dc9d227a61e2db,det-v1,1,accepted,1774,79,0.001,0.0001932000,true,false
call-000739,arm8_spec_immediate,cal/f6/s6060001/unreliable,17,qwen/qwen-2.5-7b-instruct,sha256:c93c6c124039d1cec5603a14ed9e92c9c90268678f56eeaa3ce9bcfe4fd8d8d8,det-v1,1,,1443,103,1053.900,0.0001649000,false,true
call-000740,arm8_spec_immediate,cal/f6/s6060001/unreliable,17,qwen/qwen-2.5-7b-instruct,sha256:c93c6c124039d1cec5603a14ed9e92c9c90268678f56eeaa3ce9bcfe4fd8d8d8,det-v1,1,fallback,1443,103,1053.900,0.0001649000,false,false
call-000741,arm8_spec_immediate,cal/f6/s6060001/unreliable,17,qwen/qwen-2.5-7b-instruct,sha256:c3a9532341d5eedcb9b135819e038a3361b3cfdf9a6eb6a1ed507373bd7a2562,det-v1,2,,1513,85,746.584,0.0001683000,false,true
call-000742,arm8_spec_immediate,cal/f6/s6060001/unreliable,17,qwen/qwen-2.5-7b-instruct,sha256:c3a9532341d5eedcb9b135819e038a3361b3cfdf9a6eb6a1ed507373bd7a2562,det-v1,2,accepted_after_repair,1513,85,746.584,0.0001683000,false,false
call-000743,arm8_spec_immediate,cal/f6/s6060001/unreliable,23,qwen/qwen-2.5-7b-instruct,sha256:ebd5375f4268b3cb70cb52e8f5922edd4c120afddff099070300e448fe48da3a,det-v1,1,,1701,85,666.863,0.0001871000,false,true
call-000744,arm8_spec_immediate,cal/f6/s6060001/unreliable,23,qwen/qwen-2.5-7b-instruct,sha256:ebd5375f4268b3cb70cb52e8f5922edd4c120afddff099070300e448fe48da3a,det-v1,1,accepted,1701,85,666.863,0.0001871000,false,false
call-000745,arm9_spec_heuristic_rollback,cal/f6/s6060001/unreliable,17,qwen/qwen-2.5-7b-instruct,sha256:c93c6c124039d1cec5603a14ed9e92c9c90268678f56eeaa3ce9bcfe4fd8d8d8,det-v1,1,fallback,1443,103,0.002,0.0001649000,true,false
call-000746,arm9_spec_heuristic_rollback,cal/f6/s6060001/unreliable,17,qwen/qwen-2.5-7b-instruct,sha256:c3a9532341d5eedcb9b135819e038a3361b3cfdf9a6eb6a1ed507373bd7a2562,det-v1,2,accepted_after_repair,1513,85,0.001,0.0001683000,true,false
call-000747,arm9_spec_heuristic_rollback,cal/f6/s6060001/unreliable,23,qwen/qwen-2.5-7b-instruct,sha256:ebd5375f4268b3cb70cb52e8f5922edd4c120afddff099070300e448fe48da3a,det-v1,1,accepted,1701,85,0.001,0.0001871000,true,false
call-000748,arm10_spec_eprocess,cal/f6/s6060001/unreliable,17,qwen/qwen-2.5-7b-instruct,sha256:c93c6c124039d1cec5603a14ed9e92c9c90268678f56eeaa3ce9bcfe4fd8d8d8,det-v1,1,fallback,1443,103,0.001,0.0001649000,true,false
call-000749,arm10_spec_eprocess,cal/f6/s6060001/unreliable,17,qwen/qwen-2.5-7b-instruct,sha256:c3a9532341d5eedcb9b135819e038a3361b3cfdf9a6eb6a1ed507373bd7a2562,det-v1,2,accepted_after_repair,1513,85,0.001,0.0001683000,true,false
call-000750,arm10_spec_eprocess,cal/f6/s6060001/unreliable,23,qwen/qwen-2.5-7b-instruct,sha256:ebd5375f4268b3cb70cb52e8f5922edd4c120afddff099070300e448fe48da3a,det-v1,1,accepted,1701,85,0.001,0.0001871000,true,false
