call_id,arm_id,episode_id,period,model_id,prompt_hash,decoding_hash,attempt_index,outcome,input_tokens,output_tokens,latency_ms,usd_cost,cache_hit,physical
call-000001,arm8_spec_immediate,dev/f1/s1050000/no_alert,25,step-3.5-flash-2603,sha256:cf9919ad3fb4c8a3b1800c4d0eeddf8ff98eccdd2c653284161f4f96bc58cd3e,det-v1,1,,1703,12310,55281.960,0.0038633000,false,true
call-000002,arm8_spec_immediate,dev/f1/s1050000/no_alert,25,step-3.5-flash-2603,sha256:cf9919ad3fb4c8a3b1800c4d0eeddf8ff98eccdd2c653284161f4f96bc58cd3e,det-v1,1,accepted,1703,12310,55281.960,0.0038633000,false,false
call-000003,arm8_spec_immediate,dev/f1/s1050000/no_alert,31,step-3.5-flash-2603,sha256:191d637d623e3d7a74537b52ad7dc1f38a935818f4c9c94e23250e779ca6ee48,det-v1,1,,1931,2859,14349.135,0.0010508000,false,true
call-000004,arm8_spec_immediate,dev/f1/s1050000/no_alert,31,step-3.5-flash-2603,sha256:191d637d623e3d7a74537b52ad7dc1f38a935818f4c9c94e23250e779ca6ee48,det-v1,1,accepted,1931,2859,14349.135,0.0010508000,false,false
call-000005,arm9_spec_heuristic_rollback,dev/f1/s1050000/no_alert,25,step-3.5-flash-2603,sha256:cf9919ad3fb4c8a3b1800c4d0eeddf8ff98eccdd2c653284161f4f96bc58cd3e,det-v1,1,accepted,1703,12310,0.004,0.0038633000,true,false
call-000006,arm9_spec_heuristic_rollback,dev/f1/s1050000/no_alert,31,step-3.5-flash-2603,sha256:191d637d623e3d7a74537b52ad7dc1f38a935818f4c9c94e23250e779ca6ee48,det-v1,1,accepted,1931,2859,0.003,0.0010508000,true,false
call-000007,arm10_spec_eprocess,dev/f1/s1050000/no_alert,25,step-3.5-flash-2603,sha256:cf9919ad3fb4c8a3b1800c4d0eeddf8ff98eccdd2c653284161f4f96bc58cd3e,det-v1,1,accepted,1703,12310,0.003,0.0038633000,true,false
call-000008,arm10_spec_eprocess,dev/f1/s1050000/no_alert,31,step-3.5-flash-2603,sha256:191d637d623e3d7a74537b52ad7dc1f38a935818f4c9c94e23250e779ca6ee48,det-v1,1,accepted,1931,2859,0.003,0.0010508000,true,false
call-000009,arm8_spec_immediate,cal/f1/s1060000/no_alert,21,step-3.5-flash-2603,sha256:9583ee0a27f2355450fdc54b1009df04c4c517f28627c64a49b7fb3375765e09,det-v1,1,,1551,7279,33714.738,0.0023388000,false,true
call-000010,arm8_spec_immediate,cal/f1/s1060000/no_alert,21,step-3.5-flash-2603,sha256:9583ee0a27f2355450fdc54b1009df04c4c517f28627c64a49b7fb3375765e09,det-v1,1,accepted,1551,7279,33714.738,0.0023388000,false,false
call-000011,arm8_spec_immediate,cal/f1/s1060000/no_alert,49,step-3.5-flash-2603,sha256:1696c70532bcf62725bcbb369d11599c228d1f7ea70ea7160903157c39751abd,det-v1,1,,2615,4021,19132.912,0.0014678000,false,true
call-000012,arm8_spec_immediate,cal/f1/s1060000/no_alert,49,step-3.5-flash-2603,sha256:1696c70532bcf62725bcbb369d11599c228d1f7ea70ea7160903157c39751abd,det-v1,1,accepted,2615,4021,19132.912,0.0014678000,false,false
call-000013,arm9_spec_heuristic_rollback,cal/f1/s1060000/no_alert,21,step-3.5-flash-2603,sha256:9583ee0a27f2355450fdc54b1009df04c4c517f28627c64a49b7fb3375765e09,det-v1,1,accepted,1551,7279,0.003,0.0023388000,true,false
call-000014,arm9_spec_heuristic_rollback,cal/f1/s1060000/no_alert,49,step-3.5-flash-2603,sha256:1696c70532bcf62725bcbb369d11599c228d1f7ea70ea7160903157c39751abd,det-v1,1,accepted,2615,4021,0.003,0.0014678000,true,false
call-000015,arm10_spec_eprocess,cal/f1/s1060000/no_alert,21,step-3.5-flash-2603,sha256:9583ee0a27f2355450fdc54b1009df04c4c517f28627c64a49b7fb3375765e09,det-v1,1,accepted,1551,7279,0.003,0.0023388000,true,false
call-000016,arm10_spec_eprocess,cal/f1/s1060000/no_alert,49,step-3.5-flash-2603,sha256:b2deabcde0ad0db8ae1ffc98e12178c906c5d6294b8790f2750ab05633a11875,det-v1,1,,2615,1915,10791.309,0.0008360000,false,true
call-000017,arm10_spec_eprocess,cal/f1/s1060000/no_alert,49,step-3.5-flash-2603,sha256:b2deabcde0ad0db8ae1ffc98e12178c906c5d6294b8790f2750ab05633a11875,det-v1,1,accepted,2615,1915,10791.309,0.0008360000,false,false
call-000018,arm8_spec_immediate,dev/f1/s1050001/no_alert,23,step-3.5-flash-2603,sha256:fdbfbfdeed64f45127a16c42a866b5faa177a28e1cd07a6d7c2d80449bb22f67,det-v1,1,,1627,10425,48380.632,0.0032902000,false,true
call-000019,arm8_spec_immediate,dev/f1/s1050001/no_alert,23,step-3.5-flash-2603,sha256:fdbfbfdeed64f45127a16c42a866b5faa177a28e1cd07a6d7c2d80449bb22f67,det-v1,1,accepted,1627,10425,48380.632,0.0032902000,false,false
call-000020,arm8_spec_immediate,dev/f1/s1050001/no_alert,32,step-3.5-flash-2603,sha256:f275670bb17cf4b6213b8ee1a44ae0ae187097deadbcb2e544a29f74ec447eb7,det-v1,1,,1969,3093,16228.676,0.0011248000,false,true
call-000021,arm8_spec_immediate,dev/f1/s1050001/no_alert,32,step-3.5-flash-2603,sha256:f275670bb17cf4b6213b8ee1a44ae0ae187097deadbcb2e544a29f74ec447eb7,det-v1,1,accepted,1969,3093,16228.676,0.0011248000,false,false
call-000022,arm9_spec_heuristic_rollback,dev/f1/s1050001/no_alert,23,step-3.5-flash-2603,sha256:fdbfbfdeed64f45127a16c42a866b5faa177a28e1cd07a6d7c2d80449bb22f67,det-v1,1,accepted,1627,10425,0.003,0.0032902000,true,false
call-000023,arm9_spec_heuristic_rollback,dev/f1/s1050001/no_alert,32,step-3.5-flash-2603,sha256:f275670bb17cf4b6213b8ee1a44ae0ae187097deadbcb2e544a29f74ec447eb7,det-v1,1,accepted,1969,3093,0.003,0.0011248000,true,false
call-000024,arm10_spec_eprocess,dev/f1/s1050001/no_alert,23,step-3.5-flash-2603,sha256:fdbfbfdeed64f45127a16c42a866b5faa177a28e1cd07a6d7c2d80449bb22f67,det-v1,1,accepted,1627,10425,0.003,0.0032902000,true,false
call-000025,arm10_spec_eprocess,dev/f1/s1050001/no_alert,32,step-3.5-flash-2603,sha256:5c2e01ba1797dee9f2b287c9d762d25af40dfbede526708846b7e57f71ffa353,det-v1,1,,1969,1246,7688.458,0.0005707000,false,true
call-000026,arm10_spec_eprocess,dev/f1/s1050001/no_alert,32,step-3.5-flash-2603,sha256:5c2e01ba1797dee9f2b287c9d762d25af40dfbede526708846b7e57f71ffa353,det-v1,1,accepted,1969,1246,7688.458,0.0005707000,false,false
call-000027,arm8_spec_immediate,cal/f1/s1060001/no_alert,36,step-3.5-flash-2603,sha256:016111c567e1c542492ea37a5110c6c72b56b8863fbf6f0bf67ea5b749ded72b,det-v1,1,,2121,8902,41690.126,0.0028827000,false,true
call-000028,arm8_spec_immediate,cal/f1/s1060001/no_alert,36,step-3.5-flash-2603,sha256:016111c567e1c542492ea37a5110c6c72b56b8863fbf6f0bf67ea5b749ded72b,det-v1,1,accepted,2121,8902,41690.126,0.0028827000,false,false
call-000029,arm8_spec_immediate,cal/f1/s1060001/no_alert,46,step-3.5-flash-2603,sha256:7638993350bcadd5e1f065e0a1a7090ce8bb2176a77a0b3c787352c518aa11bf,det-v1,1,,2501,8319,33907.321,0.0027458000,false,true
call-000030,arm8_spec_immediate,cal/f1/s1060001/no_alert,46,step-3.5-flash-2603,sha256:7638993350bcadd5e1f065e0a1a7090ce8bb2176a77a0b3c787352c518aa11bf,det-v1,1,accepted,2501,8319,33907.321,0.0027458000,false,false
call-000031,arm9_spec_heuristic_rollback,cal/f1/s1060001/no_alert,36,step-3.5-flash-2603,sha256:016111c567e1c542492ea37a5110c6c72b56b8863fbf6f0bf67ea5b749ded72b,det-v1,1,accepted,2121,8902,0.004,0.0028827000,true,false
call-000032,arm9_spec_heuristic_rollback,cal/f1/s1060001/no_alert,46,step-3.5-flash-2603,sha256:7638993350bcadd5e1f065e0a1a7090ce8bb2176a77a0b3c787352c518aa11bf,det-v1,1,accepted,2501,8319,0.004,0.0027458000,true,false
call-000033,arm10_spec_eprocess,cal/f1/s1060001/no_alert,36,step-3.5-flash-2603,sha256:016111c567e1c542492ea37a5110c6c72b56b8863fbf6f0bf67ea5b749ded72b,det-v1,1,accepted,2121,8902,0.003,0.0028827000,true,false
call-000034,arm10_spec_eprocess,cal/f1/s1060001/no_alert,46,step-3.5-flash-2603,sha256:849116b5c496f242ff45775abdce15829d5daa2a52d9f3c98dfc85628cfad779,det-v1,1,,2501,3337,16213.700,0.0012512000,false,true
call-000035,arm10_spec_eprocess,cal/f1/s1060001/no_alert,46,step-3.5-flash-2603,sha256:849116b5c496f242ff45775abdce15829d5daa2a52d9f3c98dfc85628cfad779,det-v1,1,accepted,2501,3337,16213.700,0.0012512000,false,false
call-000036,arm8_spec_immediate,dev/f1/s1050000/early_accurate,16,step-3.5-flash-2603,sha256:a6e2851c8d9ebae61ca9f4b5554400dad69e51521ec512c3a949aa1f5b1e3368,det-v1,1,accepted,1399,5186,0.002,0.0016957000,true,false
call-000037,arm8_spec_immediate,dev/f1/s1050000/early_accurate,25,step-3.5-flash-2603,sha256:ff08c9eabae0febf88b064a5526723b291b506562c1db1f64fd3fad28df0402e,det-v1,1,accepted,1741,8330,0.001,0.0026731000,true,false
call-000038,arm9_spec_heuristic_rollback,dev/f1/s1050000/early_accurate,16,step-3.5-flash-2603,sha256:a6e2851c8d9ebae61ca9f4b5554400dad69e51521ec512c3a949aa1f5b1e3368,det-v1,1,accepted,1399,5186,0.001,0.0016957000,true,false
call-000039,arm9_spec_heuristic_rollback,dev/f1/s1050000/early_accurate,25,step-3.5-flash-2603,sha256:ff08c9eabae0febf88b064a5526723b291b506562c1db1f64fd3fad28df0402e,det-v1,1,accepted,1741,8330,0.001,0.0026731000,true,false
call-000040,arm10_spec_eprocess,dev/f1/s1050000/early_accurate,16,step-3.5-flash-2603,sha256:a6e2851c8d9ebae61ca9f4b5554400dad69e51521ec512c3a949aa1f5b1e3368,det-v1,1,accepted,1399,5186,0.001,0.0016957000,true,false
call-000041,arm10_spec_eprocess,dev/f1/s1050000/early_accurate,25,step-3.5-flash-2603,sha256:a2b4cb3a2d7ac554348bf8c12e888746858b439ad575def7be347e46d302dc38,det-v1,1,accepted,1741,8193,0.001,0.0026320000,true,false
call-000042,arm8_spec_immediate,cal/f1/s1060000/early_accurate,17,step-3.5-flash-2603,sha256:33505a5c5836b78a7516f349f3492ac1ce32251566ce2ad6a901dfe11270beeb,det-v1,1,,1441,2621,15028.987,0.0009304000,false,true
call-000043,arm8_spec_immediate,cal/f1/s1060000/early_accurate,17,step-3.5-flash-2603,sha256:33505a5c5836b78a7516f349f3492ac1ce32251566ce2ad6a901dfe11270beeb,det-v1,1,accepted,1441,2621,15028.987,0.0009304000,false,false
call-000044,arm8_spec_immediate,cal/f1/s1060000/early_accurate,23,step-3.5-flash-2603,sha256:218dae351496d4305cf0410ba1647039870acc80e66549176bf5dcbbdc9ef823,det-v1,1,,1669,4875,24833.326,0.0016294000,false,true
call-000045,arm8_spec_immediate,cal/f1/s1060000/early_accurate,23,step-3.5-flash-2603,sha256:218dae351496d4305cf0410ba1647039870acc80e66549176bf5dcbbdc9ef823,det-v1,1,accepted,1669,4875,24833.326,0.0016294000,false,false
call-000046,arm9_spec_heuristic_rollback,cal/f1/s1060000/early_accurate,17,step-3.5-flash-2603,sha256:33505a5c5836b78a7516f349f3492ac1ce32251566ce2ad6a901dfe11270beeb,det-v1,1,accepted,1441,2621,0.004,0.0009304000,true,false
call-000047,arm9_spec_heuristic_rollback,cal/f1/s1060000/early_accurate,23,step-3.5-flash-2603,sha256:218dae351496d4305cf0410ba1647039870acc80e66549176bf5dcbbdc9ef823,det-v1,1,accepted,1669,4875,0.004,0.0016294000,true,false
call-000048,arm10_spec_eprocess,cal/f1/s1060000/early_accurate,17,step-3.5-flash-2603,sha256:33505a5c5836b78a7516f349f3492ac1ce32251566ce2ad6a901dfe11270beeb,det-v1,1,accepted,1441,2621,0.003,0.0009304000,true,false
call-000049,arm10_spec_eprocess,cal/f1/s1060000/early_accurate,23,step-3.5-flash-2603,sha256:716c3b5d8815621f4743aa14300f5e9340224b8b7c1b6f1db3fa650acf3fd994,det-v1,1,,1669,8497,43721.981,0.0027160000,false,true
call-000050,arm10_spec_eprocess,cal/f1/s1060000/early_accurate,23,step-3.5-flash-2603,sha256:716c3b5d8815621f4743aa14300f5e9340224b8b7c1b6f1db3fa650acf3fd994,det-v1,1,accepted,1669,8497,43721.981,0.0027160000,false,false
call-000051,arm8_spec_immediate,dev/f1/s1050001/early_accurate,15,step-3.5-flash-2603,sha256:d7af7202506198b17dacb7d1faa5e3fdda0542639ee64c39b4445a5710a43fbb,det-v1,1,,1361,5004,25515.459,0.0016373000,false,true
call-000052,arm8_spec_immediate,dev/f1/s1050001/early_accurate,15,step-3.5-flash-2603,sha256:d7af7202506198b17dacb7d1faa5e3fdda0542639ee64c39b4445a5710a43fbb,det-v1,1,accepted,1361,5004,25515.459,0.0016373000,false,false
call-000053,arm8_spec_immediate,dev/f1/s1050001/early_accurate,23,step-3.5-flash-2603,sha256:25cb719ea4f164fd8e91d7d5caf02e7328cd7375446e55a805ae0dfe9dd613c1,det-v1,1,,1665,6045,28311.007,0.0019800000,false,true
call-000054,arm8_spec_immediate,dev/f1/s1050001/early_accurate,23,step-3.5-flash-2603,sha256:25cb719ea4f164fd8e91d7d5caf02e7328cd7375446e55a805ae0dfe9dd613c1,det-v1,1,accepted,1665,6045,28311.007,0.0019800000,false,false
call-000055,arm9_spec_heuristic_rollback,dev/f1/s1050001/early_accurate,15,step-3.5-flash-2603,sha256:d7af7202506198b17dacb7d1faa5e3fdda0542639ee64c39b4445a5710a43fbb,det-v1,1,accepted,1361,5004,0.003,0.0016373000,true,false
call-000056,arm9_spec_heuristic_rollback,dev/f1/s1050001/early_accurate,23,step-3.5-flash-2603,sha256:25cb719ea4f164fd8e91d7d5caf02e7328cd7375446e55a805ae0dfe9dd613c1,det-v1,1,accepted,1665,6045,0.003,0.0019800000,true,false
call-000057,arm10_spec_eprocess,dev/f1/s1050001/early_accurate,15,step-3.5-flash-2603,sha256:d7af7202506198b17dacb7d1faa5e3fdda0542639ee64c39b4445a5710a43fbb,det-v1,1,accepted,1361,5004,0.003,0.0016373000,true,false
call-000058,arm10_spec_eprocess,dev/f1/s1050001/early_accurate,23,step-3.5-flash-2603,sha256:cd2b1fdfd2eae230cb8474baf9fba2e3c6a9abe94ae537b113fe1f63f6f7803a,det-v1,1,,1665,7537,35491.443,0.0024276000,false,true
call-000059,arm10_spec_eprocess,dev/f1/s1050001/early_accurate,23,step-3.5-flash-2603,sha256:cd2b1fdfd2eae230cb8474baf9fba2e3c6a9abe94ae537b113fe1f63f6f7803a,det-v1,1,accepted,1665,7537,35491.443,0.0024276000,false,false
call-000060,arm8_spec_immediate,cal/f1/s1060001/early_accurate,21,step-3.5-flash-2603,sha256:a24a543d744dbfbbe4261bb46e383157f38c84011d1a2b4b25d05e28c2c94e66,det-v1,1,,1592,2271,12256.810,0.0008405000,false,true
call-000061,arm8_spec_immediate,cal/f1/s1060001/early_accurate,21,step-3.5-flash-2603,sha256:a24a543d744dbfbbe4261bb46e383157f38c84011d1a2b4b25d05e28c2c94e66,det-v1,1,accepted,1592,2271,12256.810,0.0008405000,false,false
call-000062,arm8_spec_immediate,cal/f1/s1060001/early_accurate,36,step-3.5-flash-2603,sha256:5c4f91837e3f94a3abb2043d62e492fdf09ac3b30f3390e69e14775aba01db85,det-v1,1,,2162,2769,13945.671,0.0010469000,false,true
call-000063,arm8_spec_immediate,cal/f1/s1060001/early_accurate,36,step-3.5-flash-2603,sha256:5c4f91837e3f94a3abb2043d62e492fdf09ac3b30f3390e69e14775aba01db85,det-v1,1,accepted,2162,2769,13945.671,0.0010469000,false,false
call-000064,arm9_spec_heuristic_rollback,cal/f1/s1060001/early_accurate,21,step-3.5-flash-2603,sha256:a24a543d744dbfbbe4261bb46e383157f38c84011d1a2b4b25d05e28c2c94e66,det-v1,1,accepted,1592,2271,0.003,0.0008405000,true,false
call-000065,arm9_spec_heuristic_rollback,cal/f1/s1060001/early_accurate,36,step-3.5-flash-2603,sha256:5c4f91837e3f94a3abb2043d62e492fdf09ac3b30f3390e69e14775aba01db85,det-v1,1,accepted,2162,2769,0.003,0.0010469000,true,false
call-000066,arm10_spec_eprocess,cal/f1/s1060001/early_accurate,21,step-3.5-flash-2603,sha256:a24a543d744dbfbbe4261bb46e383157f38c84011d1a2b4b25d05e28c2c94e66,det-v1,1,accepted,1592,2271,0.003,0.0008405000,true,false
call-000067,arm10_spec_eprocess,cal/f1/s1060001/early_accurate,36,step-3.5-flash-2603,sha256:5c4f91837e3f94a3abb2043d62e492fdf09ac3b30f3390e69e14775aba01db85,det-v1,1,accepted,2162,2769,0.003,0.0010469000,true,false
call-000068,arm8_spec_immediate,dev/f1/s1050000/late_accurate,19,step-3.5-flash-2603,sha256:3d18e3a18b98fadd37856880fb5d51169fb1e0ce425fdb1e12365eca50767092,det-v1,1,,1513,5208,23309.756,0.0017137000,false,true
call-000069,arm8_spec_immediate,dev/f1/s1050000/late_accurate,19,step-3.5-flash-2603,sha256:3d18e3a18b98fadd37856880fb5d51169fb1e0ce425fdb1e12365eca50767092,det-v1,1,accepted,1513,5208,23309.756,0.0017137000,false,false
call-000070,arm8_spec_immediate,dev/f1/s1050000/late_accurate,25,step-3.5-flash-2603,sha256:69003e3c42a7e60f81d09d263a1940f1c0c283f25cfd888ccf8f0e8a9e501a72,det-v1,1,,1741,4358,20536.711,0.0014815000,false,true
call-000071,arm8_spec_immediate,dev/f1/s1050000/late_accurate,25,step-3.5-flash-2603,sha256:69003e3c42a7e60f81d09d263a1940f1c0c283f25cfd888ccf8f0e8a9e501a72,det-v1,1,accepted,1741,4358,20536.711,0.0014815000,false,false
call-000072,arm9_spec_heuristic_rollback,dev/f1/s1050000/late_accurate,19,step-3.5-flash-2603,sha256:3d18e3a18b98fadd37856880fb5d51169fb1e0ce425fdb1e12365eca50767092,det-v1,1,accepted,1513,5208,0.003,0.0017137000,true,false
call-000073,arm9_spec_heuristic_rollback,dev/f1/s1050000/late_accurate,25,step-3.5-flash-2603,sha256:69003e3c42a7e60f81d09d263a1940f1c0c283f25cfd888ccf8f0e8a9e501a72,det-v1,1,accepted,1741,4358,0.003,0.0014815000,true,false
call-000074,arm10_spec_eprocess,dev/f1/s1050000/late_accurate,19,step-3.5-flash-2603,sha256:3d18e3a18b98fadd37856880fb5d51169fb1e0ce425fdb1e12365eca50767092,det-v1,1,accepted,1513,5208,0.003,0.0017137000,true,false
call-000075,arm10_spec_eprocess,dev/f1/s1050000/late_accurate,25,step-3.5-flash-2603,sha256:b0d9fe73bfc20b68a24e23b36f48ffa350d850fc6113f31149dcbcddd29e4738,det-v1,1,,1741,5046,23740.324,0.0016879000,false,true
call-000076,arm10_spec_eprocess,dev/f1/s1050000/late_accurate,25,step-3.5-flash-2603,sha256:b0d9fe73bfc20b68a24e23b36f48ffa350d850fc6113f31149dcbcddd29e4738,det-v1,1,accepted,1741,5046,23740.324,0.0016879000,false,false
call-000077,arm8_spec_immediate,cal/f1/s1060000/late_accurate,20,step-3.5-flash-2603,sha256:e187384b19af493a7320714b2500223189ca598e15f9d495c7df463a94f9efdd,det-v1,1,,1555,3310,16457.112,0.0011485000,false,true
call-000078,arm8_spec_immediate,cal/f1/s1060000/late_accurate,20,step-3.5-flash-2603,sha256:e187384b19af493a7320714b2500223189ca598e15f9d495c7df463a94f9efdd,det-v1,1,accepted,1555,3310,16457.112,0.0011485000,false,false
call-000079,arm8_spec_immediate,cal/f1/s1060000/late_accurate,49,step-3.5-flash-2603,sha256:fa819269cb1dbf4b668a2de30d5f70d79eaf717c0204ca4852d49ad37ec915aa,det-v1,1,,2657,3908,19383.435,0.0014381000,false,true
call-000080,arm8_spec_immediate,cal/f1/s1060000/late_accurate,49,step-3.5-flash-2603,sha256:fa819269cb1dbf4b668a2de30d5f70d79eaf717c0204ca4852d49ad37ec915aa,det-v1,1,accepted,2657,3908,19383.435,0.0014381000,false,false
call-000081,arm9_spec_heuristic_rollback,cal/f1/s1060000/late_accurate,20,step-3.5-flash-2603,sha256:e187384b19af493a7320714b2500223189ca598e15f9d495c7df463a94f9efdd,det-v1,1,accepted,1555,3310,0.004,0.0011485000,true,false
call-000082,arm9_spec_heuristic_rollback,cal/f1/s1060000/late_accurate,49,step-3.5-flash-2603,sha256:fa819269cb1dbf4b668a2de30d5f70d79eaf717c0204ca4852d49ad37ec915aa,det-v1,1,accepted,2657,3908,0.004,0.0014381000,true,false
call-000083,arm10_spec_eprocess,cal/f1/s1060000/late_accurate,20,step-3.5-flash-2603,sha256:e187384b19af493a7320714b2500223189ca598e15f9d495c7df463a94f9efdd,det-v1,1,accepted,1555,3310,0.004,0.0011485000,true,false
call-000084,arm10_spec_eprocess,cal/f1/s1060000/late_accurate,49,step-3.5-flash-2603,sha256:c0d9933d84841dd66fe65ab21265092e2bdc73ce2e331e868e19ab2f01b20b93,det-v1,1,,2657,12460,60117.295,0.0040037000,false,true
call-000085,arm10_spec_eprocess,cal/f1/s1060000/late_accurate,49,step-3.5-flash-2603,sha256:c0d9933d84841dd66fe65ab21265092e2bdc73ce2e331e868e19ab2f01b20b93,det-v1,1,accepted,2657,12460,60117.295,0.0040037000,false,false
call-000086,arm8_spec_immediate,dev/f1/s1050001/late_accurate,18,step-3.5-flash-2603,sha256:549b7d1a3cd665836814dd283ddd4a524f2253b87c69f9d42a37752975180874,det-v1,1,,1475,4250,20909.484,0.0014225000,false,true
call-000087,arm8_spec_immediate,dev/f1/s1050001/late_accurate,18,step-3.5-flash-2603,sha256:549b7d1a3cd665836814dd283ddd4a524f2253b87c69f9d42a37752975180874,det-v1,1,accepted,1475,4250,20909.484,0.0014225000,false,false
call-000088,arm8_spec_immediate,dev/f1/s1050001/late_accurate,25,step-3.5-flash-2603,sha256:1085dc387f69d7ca7dab5d865598fd2f6c69aea5e044a68ec169d013bc305686,det-v1,1,,1741,2397,11915.089,0.0008932000,false,true
call-000089,arm8_spec_immediate,dev/f1/s1050001/late_accurate,25,step-3.5-flash-2603,sha256:1085dc387f69d7ca7dab5d865598fd2f6c69aea5e044a68ec169d013bc305686,det-v1,1,accepted,1741,2397,11915.089,0.0008932000,false,false
call-000090,arm9_spec_heuristic_rollback,dev/f1/s1050001/late_accurate,18,step-3.5-flash-2603,sha256:549b7d1a3cd665836814dd283ddd4a524f2253b87c69f9d42a37752975180874,det-v1,1,accepted,1475,4250,0.004,0.0014225000,true,false
call-000091,arm9_spec_heuristic_rollback,dev/f1/s1050001/late_accurate,25,step-3.5-flash-2603,sha256:1085dc387f69d7ca7dab5d865598fd2f6c69aea5e044a68ec169d013bc305686,det-v1,1,accepted,1741,2397,0.003,0.0008932000,true,false
call-000092,arm10_spec_eprocess,dev/f1/s1050001/late_accurate,18,step-3.5-flash-2603,sha256:549b7d1a3cd665836814dd283ddd4a524f2253b87c69f9d42a37752975180874,det-v1,1,accepted,1475,4250,0.003,0.0014225000,true,false
call-000093,arm10_spec_eprocess,dev/f1/s1050001/late_accurate,25,step-3.5-flash-2603,sha256:232452ea29c3e32e999e7b9c3e2ffed4859577de440ef6c70d2ace8820964ba5,det-v1,1,,1741,6704,28794.754,0.0021853000,false,true
call-000094,arm10_spec_eprocess,dev/f1/s1050001/late_accurate,25,step-3.5-flash-2603,sha256:232452ea29c3e32e999e7b9c3e2ffed4859577de440ef6c70d2ace8820964ba5,det-v1,1,accepted,1741,6704,28794.754,0.0021853000,false,false
call-000095,arm8_spec_immediate,cal/f1/s1060001/late_accurate,24,step-3.5-flash-2603,sha256:1021e9a26620689f17a1173a9e065a230d74aaf86c79f76d3496b852bfa755ff,det-v1,1,,1706,9325,41462.241,0.0029681000,false,true
call-000096,arm8_spec_immediate,cal/f1/s1060001/late_accurate,24,step-3.5-flash-2603,sha256:1021e9a26620689f17a1173a9e065a230d74aaf86c79f76d3496b852bfa755ff,det-v1,1,accepted,1706,9325,41462.241,0.0029681000,false,false
call-000097,arm8_spec_immediate,cal/f1/s1060001/late_accurate,36,step-3.5-flash-2603,sha256:d9a70f01535de4a2b481b6f798c6d17b784e1629513f6bbaf52c326f34acee34,det-v1,1,,2162,2751,16072.351,0.0010415000,false,true
call-000098,arm8_spec_immediate,cal/f1/s1060001/late_accurate,36,step-3.5-flash-2603,sha256:d9a70f01535de4a2b481b6f798c6d17b784e1629513f6bbaf52c326f34acee34,det-v1,1,accepted,2162,2751,16072.351,0.0010415000,false,false
call-000099,arm9_spec_heuristic_rollback,cal/f1/s1060001/late_accurate,24,step-3.5-flash-2603,sha256:1021e9a26620689f17a1173a9e065a230d74aaf86c79f76d3496b852bfa755ff,det-v1,1,accepted,1706,9325,0.003,0.0029681000,true,false
call-000100,arm9_spec_heuristic_rollback,cal/f1/s1060001/late_accurate,36,step-3.5-flash-2603,sha256:d9a70f01535de4a2b481b6f798c6d17b784e1629513f6bbaf52c326f34acee34,det-v1,1,accepted,2162,2751,0.003,0.0010415000,true,false
call-000101,arm10_spec_eprocess,cal/f1/s1060001/late_accurate,24,step-3.5-flash-2603,sha256:1021e9a26620689f17a1173a9e065a230d74aaf86c79f76d3496b852bfa755ff,det-v1,1,accepted,1706,9325,0.003,0.0029681000,true,false
call-000102,arm10_spec_eprocess,cal/f1/s1060001/late_accurate,36,step-3.5-flash-2603,sha256:afbfffb33343167ad977b59d65df5e938119f8e691158c8522159be1a8fa571b,det-v1,1,,2162,4189,21539.709,0.0014729000,false,true
call-000103,arm10_spec_eprocess,cal/f1/s1060001/late_accurate,36,step-3.5-flash-2603,sha256:afbfffb33343167ad977b59d65df5e938119f8e691158c8522159be1a8fa571b,det-v1,1,accepted,2162,4189,21539.709,0.0014729000,false,false
call-000104,arm8_spec_immediate,dev/f1/s1050000/unreliable,16,step-3.5-flash-2603,sha256:f11a05746f29ac7047e63c062a1e6823fd0175be62d5ea661b84de13c1745d3d,det-v1,1,,1401,3426,18979.551,0.0011679000,false,true
call-000105,arm8_spec_immediate,dev/f1/s1050000/unreliable,16,step-3.5-flash-2603,sha256:f11a05746f29ac7047e63c062a1e6823fd0175be62d5ea661b84de13c1745d3d,det-v1,1,accepted,1401,3426,18979.551,0.0011679000,false,false
call-000106,arm8_spec_immediate,dev/f1/s1050000/unreliable,25,step-3.5-flash-2603,sha256:c56b34a0db75c4c0b07c006d6699d116a05f1f4f41f1b4d44e4fd2d10a6f62b0,det-v1,1,,1743,3109,15455.118,0.0011070000,false,true
call-000107,arm8_spec_immediate,dev/f1/s1050000/unreliable,25,step-3.5-flash-2603,sha256:c56b34a0db75c4c0b07c006d6699d116a05f1f4f41f1b4d44e4fd2d10a6f62b0,det-v1,1,accepted,1743,3109,15455.118,0.0011070000,false,false
call-000108,arm9_spec_heuristic_rollback,dev/f1/s1050000/unreliable,16,step-3.5-flash-2603,sha256:f11a05746f29ac7047e63c062a1e6823fd0175be62d5ea661b84de13c1745d3d,det-v1,1,accepted,1401,3426,0.004,0.0011679000,true,false
call-000109,arm9_spec_heuristic_rollback,dev/f1/s1050000/unreliable,25,step-3.5-flash-2603,sha256:c56b34a0db75c4c0b07c006d6699d116a05f1f4f41f1b4d44e4fd2d10a6f62b0,det-v1,1,accepted,1743,3109,0.003,0.0011070000,true,false
call-000110,arm10_spec_eprocess,dev/f1/s1050000/unreliable,16,step-3.5-flash-2603,sha256:f11a05746f29ac7047e63c062a1e6823fd0175be62d5ea661b84de13c1745d3d,det-v1,1,accepted,1401,3426,0.003,0.0011679000,true,false
call-000111,arm10_spec_eprocess,dev/f1/s1050000/unreliable,25,step-3.5-flash-2603,sha256:a88186dad535548066e89c8e2ccea244be49a6ef38a4107860521766537e5d3b,det-v1,1,,1743,3880,19929.295,0.0013383000,false,true
call-000112,arm10_spec_eprocess,dev/f1/s1050000/unreliable,25,step-3.5-flash-2603,sha256:a88186dad535548066e89c8e2ccea244be49a6ef38a4107860521766537e5d3b,det-v1,1,accepted,1743,3880,19929.295,0.0013383000,false,false
call-000113,arm8_spec_immediate,dev/f1/s1050000/unreliable__twin,10,step-3.5-flash-2603,sha256:b26afa4fe4fe404badae3c6bda11757f91150d5280edf2dbb1b342a4521ff933,det-v1,1,accepted,1169,4429,0.002,0.0014456000,true,false
call-000114,arm9_spec_heuristic_rollback,dev/f1/s1050000/unreliable__twin,10,step-3.5-flash-2603,sha256:b26afa4fe4fe404badae3c6bda11757f91150d5280edf2dbb1b342a4521ff933,det-v1,1,accepted,1169,4429,0.002,0.0014456000,true,false
call-000115,arm10_spec_eprocess,dev/f1/s1050000/unreliable__twin,10,step-3.5-flash-2603,sha256:b26afa4fe4fe404badae3c6bda11757f91150d5280edf2dbb1b342a4521ff933,det-v1,1,accepted,1169,4429,0.002,0.0014456000,true,false
call-000116,arm8_spec_immediate,cal/f1/s1060000/unreliable,17,step-3.5-flash-2603,sha256:2b0f1fc4c8728970161caea001af0d611e555ef2364b195963357eceeee3a07d,det-v1,1,,1444,879,6201.219,0.0004081000,false,true
call-000117,arm8_spec_immediate,cal/f1/s1060000/unreliable,17,step-3.5-flash-2603,sha256:2b0f1fc4c8728970161caea001af0d611e555ef2364b195963357eceeee3a07d,det-v1,1,accepted,1444,879,6201.219,0.0004081000,false,false
call-000118,arm8_spec_immediate,cal/f1/s1060000/unreliable,23,step-3.5-flash-2603,sha256:f8e1f2a7c073185680a57d7ecaaa4af65b7bdf56819b02831512ead2fe494287,det-v1,1,,1672,5322,26187.318,0.0017638000,false,true
call-000119,arm8_spec_immediate,cal/f1/s1060000/unreliable,23,step-3.5-flash-2603,sha256:f8e1f2a7c073185680a57d7ecaaa4af65b7bdf56819b02831512ead2fe494287,det-v1,1,accepted,1672,5322,26187.318,0.0017638000,false,false
call-000120,arm9_spec_heuristic_rollback,cal/f1/s1060000/unreliable,17,step-3.5-flash-2603,sha256:2b0f1fc4c8728970161caea001af0d611e555ef2364b195963357eceeee3a07d,det-v1,1,accepted,1444,879,0.003,0.0004081000,true,false
call-000121,arm9_spec_heuristic_rollback,cal/f1/s1060000/unreliable,23,step-3.5-flash-2603,sha256:f8e1f2a7c073185680a57d7ecaaa4af65b7bdf56819b02831512ead2fe494287,det-v1,1,accepted,1672,5322,0.003,0.0017638000,true,false
call-000122,arm10_spec_eprocess,cal/f1/s1060000/unreliable,17,step-3.5-flash-2603,sha256:2b0f1fc4c8728970161caea001af0d611e555ef2364b195963357eceeee3a07d,det-v1,1,accepted,1444,879,0.003,0.0004081000,true,false
call-000123,arm10_spec_eprocess,cal/f1/s1060000/unreliable,23,step-3.5-flash-2603,sha256:f8e1f2a7c073185680a57d7ecaaa4af65b7bdf56819b02831512ead2fe494287,det-v1,1,accepted,1672,5322,0.003,0.0017638000,true,false
call-000124,arm8_spec_immediate,cal/f1/s1060000/unreliable__twin,10,step-3.5-flash-2603,sha256:61b86757a50c6ff59e23ec196b794f560e8fdb24624b86993849712f0125bf04,det-v1,1,,1173,6245,29396.844,0.0019908000,false,true
call-000125,arm8_spec_immediate,cal/f1/s1060000/unreliable__twin,10,step-3.5-flash-2603,sha256:61b86757a50c6ff59e23ec196b794f560e8fdb24624b86993849712f0125bf04,det-v1,1,accepted,1173,6245,29396.844,0.0019908000,false,false
call-000126,arm9_spec_heuristic_rollback,cal/f1/s1060000/unreliable__twin,10,step-3.5-flash-2603,sha256:61b86757a50c6ff59e23ec196b794f560e8fdb24624b86993849712f0125bf04,det-v1,1,accepted,1173,6245,0.003,0.0019908000,true,false
call-000127,arm10_spec_eprocess,cal/f1/s1060000/unreliable__twin,10,step-3.5-flash-2603,sha256:61b86757a50c6ff59e23ec196b794f560e8fdb24624b86993849712f0125bf04,det-v1,1,accepted,1173,6245,0.003,0.0019908000,true,false
call-000128,arm8_spec_immediate,dev/f1/s1050001/unreliable,15,step-3.5-flash-2603,sha256:e647a718f8ee4ff4307396ce42e29026beb59d0d858f6fe98f77efe7915f3f99,det-v1,1,,1349,1408,8464.084,0.0005573000,false,true
call-000129,arm8_spec_immediate,dev/f1/s1050001/unreliable,15,step-3.5-flash-2603,sha256:e647a718f8ee4ff4307396ce42e29026beb59d0d858f6fe98f77efe7915f3f99,det-v1,1,accepted,1349,1408,8464.084,0.0005573000,false,false
call-000130,arm8_spec_immediate,dev/f1/s1050001/unreliable,23,step-3.5-flash-2603,sha256:c30d4716669a0dc23ccf4d12e7151013985610f28be175fd97e1d2275a53781f,det-v1,1,,1653,13459,69817.748,0.0042030000,false,true
call-000131,arm8_spec_immediate,dev/f1/s1050001/unreliable,23,step-3.5-flash-2603,sha256:c30d4716669a0dc23ccf4d12e7151013985610f28be175fd97e1d2275a53781f,det-v1,1,accepted,1653,13459,69817.748,0.0042030000,false,false
call-000132,arm9_spec_heuristic_rollback,dev/f1/s1050001/unreliable,15,step-3.5-flash-2603,sha256:e647a718f8ee4ff4307396ce42e29026beb59d0d858f6fe98f77efe7915f3f99,det-v1,1,accepted,1349,1408,0.004,0.0005573000,true,false
call-000133,arm9_spec_heuristic_rollback,dev/f1/s1050001/unreliable,23,step-3.5-flash-2603,sha256:c30d4716669a0dc23ccf4d12e7151013985610f28be175fd97e1d2275a53781f,det-v1,1,accepted,1653,13459,0.003,0.0042030000,true,false
call-000134,arm10_spec_eprocess,dev/f1/s1050001/unreliable,15,step-3.5-flash-2603,sha256:e647a718f8ee4ff4307396ce42e29026beb59d0d858f6fe98f77efe7915f3f99,det-v1,1,accepted,1349,1408,0.003,0.0005573000,true,false
call-000135,arm10_spec_eprocess,dev/f1/s1050001/unreliable,23,step-3.5-flash-2603,sha256:c30d4716669a0dc23ccf4d12e7151013985610f28be175fd97e1d2275a53781f,det-v1,1,accepted,1653,13459,0.003,0.0042030000,true,false
call-000136,arm8_spec_immediate,dev/f1/s1050001/unreliable__twin,10,step-3.5-flash-2603,sha256:a4d713ea6ce9cf0fc975199dbcc4bcd05dc4bcf5c4558827647a79f780140a78,det-v1,1,,1173,5230,30528.047,0.0016863000,false,true
call-000137,arm8_spec_immediate,dev/f1/s1050001/unreliable__twin,10,step-3.5-flash-2603,sha256:a4d713ea6ce9cf0fc975199dbcc4bcd05dc4bcf5c4558827647a79f780140a78,det-v1,1,accepted,1173,5230,30528.047,0.0016863000,false,false
call-000138,arm9_spec_heuristic_rollback,dev/f1/s1050001/unreliable__twin,10,step-3.5-flash-2603,sha256:a4d713ea6ce9cf0fc975199dbcc4bcd05dc4bcf5c4558827647a79f780140a78,det-v1,1,accepted,1173,5230,0.003,0.0016863000,true,false
call-000139,arm10_spec_eprocess,dev/f1/s1050001/unreliable__twin,10,step-3.5-flash-2603,sha256:a4d713ea6ce9cf0fc975199dbcc4bcd05dc4bcf5c4558827647a79f780140a78,det-v1,1,accepted,1173,5230,0.003,0.0016863000,true,false
call-000140,arm8_spec_immediate,cal/f1/s1060001/unreliable,21,step-3.5-flash-2603,sha256:c4620879d66d2f0ba52da267c6abd69418bf5ec4d8e3ec8604048f9163e3a6c8,det-v1,1,,1590,3248,20314.374,0.0011334000,false,true
call-000141,arm8_spec_immediate,cal/f1/s1060001/unreliable,21,step-3.5-flash-2603,sha256:c4620879d66d2f0ba52da267c6abd69418bf5ec4d8e3ec8604048f9163e3a6c8,det-v1,1,accepted,1590,3248,20314.374,0.0011334000,false,false
call-000142,arm8_spec_immediate,cal/f1/s1060001/unreliable,36,step-3.5-flash-2603,sha256:c274f13fa1b1c214384b406b0d1410a8436f14a3b1512015227f6c6632aa54a6,det-v1,1,,2160,5067,25273.291,0.0017361000,false,true
call-000143,arm8_spec_immediate,cal/f1/s1060001/unreliable,36,step-3.5-flash-2603,sha256:c274f13fa1b1c214384b406b0d1410a8436f14a3b1512015227f6c6632aa54a6,det-v1,1,accepted,2160,5067,25273.291,0.0017361000,false,false
call-000144,arm9_spec_heuristic_rollback,cal/f1/s1060001/unreliable,21,step-3.5-flash-2603,sha256:c4620879d66d2f0ba52da267c6abd69418bf5ec4d8e3ec8604048f9163e3a6c8,det-v1,1,accepted,1590,3248,0.003,0.0011334000,true,false
call-000145,arm9_spec_heuristic_rollback,cal/f1/s1060001/unreliable,36,step-3.5-flash-2603,sha256:c274f13fa1b1c214384b406b0d1410a8436f14a3b1512015227f6c6632aa54a6,det-v1,1,accepted,2160,5067,0.003,0.0017361000,true,false
call-000146,arm10_spec_eprocess,cal/f1/s1060001/unreliable,21,step-3.5-flash-2603,sha256:c4620879d66d2f0ba52da267c6abd69418bf5ec4d8e3ec8604048f9163e3a6c8,det-v1,1,accepted,1590,3248,0.003,0.0011334000,true,false
call-000147,arm10_spec_eprocess,cal/f1/s1060001/unreliable,36,step-3.5-flash-2603,sha256:4c25d8c3e2964ddb456ee815b978272a43e303b4c6f69b95938de7a06e87a52b,det-v1,1,,2160,3439,16512.756,0.0012477000,false,true
call-000148,arm10_spec_eprocess,cal/f1/s1060001/unreliable,36,step-3.5-flash-2603,sha256:4c25d8c3e2964ddb456ee815b978272a43e303b4c6f69b95938de7a06e87a52b,det-v1,1,accepted,2160,3439,16512.756,0.0012477000,false,false
call-000149,arm8_spec_immediate,cal/f1/s1060001/unreliable__twin,10,step-3.5-flash-2603,sha256:312eb88f9bae29ad31ecc113233bd839bd2b2ea939189e44fc0a5fc107f1982a,det-v1,1,,1175,7134,32691.422,0.0022577000,false,true
call-000150,arm8_spec_immediate,cal/f1/s1060001/unreliable__twin,10,step-3.5-flash-2603,sha256:312eb88f9bae29ad31ecc113233bd839bd2b2ea939189e44fc0a5fc107f1982a,det-v1,1,accepted,1175,7134,32691.422,0.0022577000,false,false
call-000151,arm9_spec_heuristic_rollback,cal/f1/s1060001/unreliable__twin,10,step-3.5-flash-2603,sha256:312eb88f9bae29ad31ecc113233bd839bd2b2ea939189e44fc0a5fc107f1982a,det-v1,1,accepted,1175,7134,0.004,0.0022577000,true,false
call-000152,arm10_spec_eprocess,cal/f1/s1060001/unreliable__twin,10,step-3.5-flash-2603,sha256:312eb88f9bae29ad31ecc113233bd839bd2b2ea939189e44fc0a5fc107f1982a,det-v1,1,accepted,1175,7134,0.003,0.0022577000,true,false
call-000153,arm8_spec_immediate,dev/f2/s2050000/no_alert,28,step-3.5-flash-2603,sha256:ace4e2d2fbc8212daff77aa0e0cb8af5c65747cc59c5cbfdb280903b4626345b,det-v1,1,,1817,2233,11074.471,0.0008516000,false,true
call-000154,arm8_spec_immediate,dev/f2/s2050000/no_alert,28,step-3.5-flash-2603,sha256:ace4e2d2fbc8212daff77aa0e0cb8af5c65747cc59c5cbfdb280903b4626345b,det-v1,1,accepted,1817,2233,11074.471,0.0008516000,false,false
call-000155,arm8_spec_immediate,dev/f2/s2050000/no_alert,37,step-3.5-flash-2603,sha256:6731b31d203e4c0013ae7498766c55874eb523fd8bb60d5a0f55284581e7f7b5,det-v1,1,,2159,1155,6225.485,0.0005624000,false,true
call-000156,arm8_spec_immediate,dev/f2/s2050000/no_alert,37,step-3.5-flash-2603,sha256:6731b31d203e4c0013ae7498766c55874eb523fd8bb60d5a0f55284581e7f7b5,det-v1,1,accepted,2159,1155,6225.485,0.0005624000,false,false
call-000157,arm9_spec_heuristic_rollback,dev/f2/s2050000/no_alert,28,step-3.5-flash-2603,sha256:ace4e2d2fbc8212daff77aa0e0cb8af5c65747cc59c5cbfdb280903b4626345b,det-v1,1,accepted,1817,2233,0.002,0.0008516000,true,false
call-000158,arm9_spec_heuristic_rollback,dev/f2/s2050000/no_alert,37,step-3.5-flash-2603,sha256:6731b31d203e4c0013ae7498766c55874eb523fd8bb60d5a0f55284581e7f7b5,det-v1,1,accepted,2159,1155,0.001,0.0005624000,true,false
call-000159,arm10_spec_eprocess,dev/f2/s2050000/no_alert,28,step-3.5-flash-2603,sha256:ace4e2d2fbc8212daff77aa0e0cb8af5c65747cc59c5cbfdb280903b4626345b,det-v1,1,accepted,1817,2233,0.001,0.0008516000,true,false
call-000160,arm10_spec_eprocess,dev/f2/s2050000/no_alert,37,step-3.5-flash-2603,sha256:6731b31d203e4c0013ae7498766c55874eb523fd8bb60d5a0f55284581e7f7b5,det-v1,1,accepted,2159,1155,0.001,0.0005624000,true,false
call-000161,arm8_spec_immediate,dev/f2/s2050000/no_alert__twin,10,step-3.5-flash-2603,sha256:be040eedc9b5e9c82d07083c96824f106599554529812e209dc2f32dc3217e56,det-v1,1,,1170,9831,49438.995,0.0030663000,false,true
call-000162,arm8_spec_immediate,dev/f2/s2050000/no_alert__twin,10,step-3.5-flash-2603,sha256:be040eedc9b5e9c82d07083c96824f106599554529812e209dc2f32dc3217e56,det-v1,1,accepted,1170,9831,49438.995,0.0030663000,false,false
call-000163,arm8_spec_immediate,dev/f2/s2050000/no_alert__twin,43,step-3.5-flash-2603,sha256:ac1c5b2e13aeebf8a95abeb8c0add53d0275ce13f71d515cecd02a0da4f53723,det-v1,1,,2424,7729,35339.338,0.0025611000,false,true
call-000164,arm8_spec_immediate,dev/f2/s2050000/no_alert__twin,43,step-3.5-flash-2603,sha256:ac1c5b2e13aeebf8a95abeb8c0add53d0275ce13f71d515cecd02a0da4f53723,det-v1,1,accepted,2424,7729,35339.338,0.0025611000,false,false
call-000165,arm9_spec_heuristic_rollback,dev/f2/s2050000/no_alert__twin,10,step-3.5-flash-2603,sha256:be040eedc9b5e9c82d07083c96824f106599554529812e209dc2f32dc3217e56,det-v1,1,accepted,1170,9831,0.003,0.0030663000,true,false
call-000166,arm9_spec_heuristic_rollback,dev/f2/s2050000/no_alert__twin,43,step-3.5-flash-2603,sha256:c37b2f7917c879b7b4c12ad5d77db273273f01a841df2c5544c59d379e17d35f,det-v1,1,,2424,8193,37537.589,0.0027003000,false,true
call-000167,arm9_spec_heuristic_rollback,dev/f2/s2050000/no_alert__twin,43,step-3.5-flash-2603,sha256:c37b2f7917c879b7b4c12ad5d77db273273f01a841df2c5544c59d379e17d35f,det-v1,1,accepted,2424,8193,37537.589,0.0027003000,false,false
call-000168,arm10_spec_eprocess,dev/f2/s2050000/no_alert__twin,10,step-3.5-flash-2603,sha256:be040eedc9b5e9c82d07083c96824f106599554529812e209dc2f32dc3217e56,det-v1,1,accepted,1170,9831,0.003,0.0030663000,true,false
call-000169,arm10_spec_eprocess,dev/f2/s2050000/no_alert__twin,43,step-3.5-flash-2603,sha256:ebb78f73c8c5602958ae9388ef06cdbb56eeb1d9b60f03b9127a738517727ce8,det-v1,1,,2424,4524,20503.429,0.0015996000,false,true
call-000170,arm10_spec_eprocess,dev/f2/s2050000/no_alert__twin,43,step-3.5-flash-2603,sha256:ebb78f73c8c5602958ae9388ef06cdbb56eeb1d9b60f03b9127a738517727ce8,det-v1,1,accepted,2424,4524,20503.429,0.0015996000,false,false
call-000171,arm8_spec_immediate,cal/f2/s2060000/no_alert,22,step-3.5-flash-2603,sha256:22d62d78eca685b300718cfc216fceeb4073f19400df8d71422465fbefce1131,det-v1,1,,1589,11066,47759.965,0.0034787000,false,true
call-000172,arm8_spec_immediate,cal/f2/s2060000/no_alert,22,step-3.5-flash-2603,sha256:22d62d78eca685b300718cfc216fceeb4073f19400df8d71422465fbefce1131,det-v1,1,accepted,1589,11066,47759.965,0.0034787000,false,false
call-000173,arm8_spec_immediate,cal/f2/s2060000/no_alert,37,step-3.5-flash-2603,sha256:38b874dd6959eecd9275718d0d8d33fb1a50682d6967572fc75eae05071ee528,det-v1,1,,2159,1323,7486.978,0.0006128000,false,true
call-000174,arm8_spec_immediate,cal/f2/s2060000/no_alert,37,step-3.5-flash-2603,sha256:38b874dd6959eecd9275718d0d8d33fb1a50682d6967572fc75eae05071ee528,det-v1,1,accepted,2159,1323,7486.978,0.0006128000,false,false
call-000175,arm9_spec_heuristic_rollback,cal/f2/s2060000/no_alert,22,step-3.5-flash-2603,sha256:22d62d78eca685b300718cfc216fceeb4073f19400df8d71422465fbefce1131,det-v1,1,accepted,1589,11066,0.004,0.0034787000,true,false
call-000176,arm9_spec_heuristic_rollback,cal/f2/s2060000/no_alert,37,step-3.5-flash-2603,sha256:38b874dd6959eecd9275718d0d8d33fb1a50682d6967572fc75eae05071ee528,det-v1,1,accepted,2159,1323,0.003,0.0006128000,true,false
call-000177,arm10_spec_eprocess,cal/f2/s2060000/no_alert,22,step-3.5-flash-2603,sha256:22d62d78eca685b300718cfc216fceeb4073f19400df8d71422465fbefce1131,det-v1,1,accepted,1589,11066,0.003,0.0034787000,true,false
call-000178,arm10_spec_eprocess,cal/f2/s2060000/no_alert,37,step-3.5-flash-2603,sha256:26026dece655a8cdaa8e9d21d627506e245ece700118bba20b3ce9fa3606dc50,det-v1,1,,2159,4827,23914.056,0.0016640000,false,true
call-000179,arm10_spec_eprocess,cal/f2/s2060000/no_alert,37,step-3.5-flash-2603,sha256:26026dece655a8cdaa8e9d21d627506e245ece700118bba20b3ce9fa3606dc50,det-v1,1,accepted,2159,4827,23914.056,0.0016640000,false,false
call-000180,arm8_spec_immediate,cal/f2/s2060000/no_alert__twin,10,step-3.5-flash-2603,sha256:aa0bec5b9211e81943aefd2ca0f691b25eb68db74f610a212045b81641b45e77,det-v1,1,,1175,4002,22137.656,0.0013181000,false,true
call-000181,arm8_spec_immediate,cal/f2/s2060000/no_alert__twin,10,step-3.5-flash-2603,sha256:aa0bec5b9211e81943aefd2ca0f691b25eb68db74f610a212045b81641b45e77,det-v1,1,accepted,1175,4002,22137.656,0.0013181000,false,false
call-000182,arm9_spec_heuristic_rollback,cal/f2/s2060000/no_alert__twin,10,step-3.5-flash-2603,sha256:aa0bec5b9211e81943aefd2ca0f691b25eb68db74f610a212045b81641b45e77,det-v1,1,accepted,1175,4002,0.003,0.0013181000,true,false
call-000183,arm10_spec_eprocess,cal/f2/s2060000/no_alert__twin,10,step-3.5-flash-2603,sha256:aa0bec5b9211e81943aefd2ca0f691b25eb68db74f610a212045b81641b45e77,det-v1,1,accepted,1175,4002,0.003,0.0013181000,true,false
call-000184,arm8_spec_immediate,dev/f2/s2050001/no_alert,27,step-3.5-flash-2603,sha256:303b817ae0c13f866e4510c2419b870cbbc3166843044d54a48fb2cb1d76e087,det-v1,1,,1779,8292,37189.049,0.0026655000,false,true
call-000185,arm8_spec_immediate,dev/f2/s2050001/no_alert,27,step-3.5-flash-2603,sha256:303b817ae0c13f866e4510c2419b870cbbc3166843044d54a48fb2cb1d76e087,det-v1,1,accepted,1779,8292,37189.049,0.0026655000,false,false
call-000186,arm8_spec_immediate,dev/f2/s2050001/no_alert,44,step-3.5-flash-2603,sha256:4294cdf6f6047d6fc32276b8e830ab4d2e97bf6a6a5612142e9e40b4a9675f04,det-v1,1,,2425,6074,28398.654,0.0020647000,false,true
call-000187,arm8_spec_immediate,dev/f2/s2050001/no_alert,44,step-3.5-flash-2603,sha256:4294cdf6f6047d6fc32276b8e830ab4d2e97bf6a6a5612142e9e40b4a9675f04,det-v1,1,accepted,2425,6074,28398.654,0.0020647000,false,false
call-000188,arm9_spec_heuristic_rollback,dev/f2/s2050001/no_alert,27,step-3.5-flash-2603,sha256:303b817ae0c13f866e4510c2419b870cbbc3166843044d54a48fb2cb1d76e087,det-v1,1,accepted,1779,8292,0.004,0.0026655000,true,false
call-000189,arm9_spec_heuristic_rollback,dev/f2/s2050001/no_alert,44,step-3.5-flash-2603,sha256:4294cdf6f6047d6fc32276b8e830ab4d2e97bf6a6a5612142e9e40b4a9675f04,det-v1,1,accepted,2425,6074,0.004,0.0020647000,true,false
call-000190,arm10_spec_eprocess,dev/f2/s2050001/no_alert,27,step-3.5-flash-2603,sha256:303b817ae0c13f866e4510c2419b870cbbc3166843044d54a48fb2cb1d76e087,det-v1,1,accepted,1779,8292,0.003,0.0026655000,true,false
call-000191,arm10_spec_eprocess,dev/f2/s2050001/no_alert,44,step-3.5-flash-2603,sha256:3aad3b8b3caaf5837e4abe6c2744abbddb749ded7cc2899eb4052b9c724706cb,det-v1,1,,2425,4172,21428.518,0.0014941000,false,true
call-000192,arm10_spec_eprocess,dev/f2/s2050001/no_alert,44,step-3.5-flash-2603,sha256:3aad3b8b3caaf5837e4abe6c2744abbddb749ded7cc2899eb4052b9c724706cb,det-v1,1,accepted,2425,4172,21428.518,0.0014941000,false,false
call-000193,arm8_spec_immediate,dev/f2/s2050001/no_alert__twin,10,step-3.5-flash-2603,sha256:13db320650a2248e0421d2871846dda2dfbb6aa393df34ccbe8429f3059a677f,det-v1,1,,1177,5279,25882.895,0.0017014000,false,true
call-000194,arm8_spec_immediate,dev/f2/s2050001/no_alert__twin,10,step-3.5-flash-2603,sha256:13db320650a2248e0421d2871846dda2dfbb6aa393df34ccbe8429f3059a677f,det-v1,1,accepted,1177,5279,25882.895,0.0017014000,false,false
call-000195,arm9_spec_heuristic_rollback,dev/f2/s2050001/no_alert__twin,10,step-3.5-flash-2603,sha256:13db320650a2248e0421d2871846dda2dfbb6aa393df34ccbe8429f3059a677f,det-v1,1,accepted,1177,5279,0.003,0.0017014000,true,false
call-000196,arm10_spec_eprocess,dev/f2/s2050001/no_alert__twin,10,step-3.5-flash-2603,sha256:13db320650a2248e0421d2871846dda2dfbb6aa393df34ccbe8429f3059a677f,det-v1,1,accepted,1177,5279,0.002,0.0017014000,true,false
call-000197,arm8_spec_immediate,cal/f2/s2060001/no_alert,37,step-3.5-flash-2603,sha256:24413815918b8a9c2d0313234f89244a586f0438fd7d3fd911fe7f84988d8de4,det-v1,1,,2159,1912,9193.373,0.0007895000,false,true
call-000198,arm8_spec_immediate,cal/f2/s2060001/no_alert,37,step-3.5-flash-2603,sha256:24413815918b8a9c2d0313234f89244a586f0438fd7d3fd911fe7f84988d8de4,det-v1,1,accepted,2159,1912,9193.373,0.0007895000,false,false
call-000199,arm8_spec_immediate,cal/f2/s2060001/no_alert,46,step-3.5-flash-2603,sha256:7211655ebf334c937d811568ca895fd47546ee4c814a72b087958a2c54ea7c87,det-v1,1,,2501,2485,11311.293,0.0009956000,false,true
call-000200,arm8_spec_immediate,cal/f2/s2060001/no_alert,46,step-3.5-flash-2603,sha256:7211655ebf334c937d811568ca895fd47546ee4c814a72b087958a2c54ea7c87,det-v1,1,accepted,2501,2485,11311.293,0.0009956000,false,false
call-000201,arm9_spec_heuristic_rollback,cal/f2/s2060001/no_alert,37,step-3.5-flash-2603,sha256:24413815918b8a9c2d0313234f89244a586f0438fd7d3fd911fe7f84988d8de4,det-v1,1,accepted,2159,1912,0.003,0.0007895000,true,false
call-000202,arm9_spec_heuristic_rollback,cal/f2/s2060001/no_alert,46,step-3.5-flash-2603,sha256:7211655ebf334c937d811568ca895fd47546ee4c814a72b087958a2c54ea7c87,det-v1,1,accepted,2501,2485,0.003,0.0009956000,true,false
call-000203,arm10_spec_eprocess,cal/f2/s2060001/no_alert,37,step-3.5-flash-2603,sha256:24413815918b8a9c2d0313234f89244a586f0438fd7d3fd911fe7f84988d8de4,det-v1,1,accepted,2159,1912,0.003,0.0007895000,true,false
call-000204,arm10_spec_eprocess,cal/f2/s2060001/no_alert,46,step-3.5-flash-2603,sha256:7211655ebf334c937d811568ca895fd47546ee4c814a72b087958a2c54ea7c87,det-v1,1,accepted,2501,2485,0.003,0.0009956000,true,false
call-000205,arm8_spec_immediate,cal/f2/s2060001/no_alert__twin,10,step-3.5-flash-2603,sha256:888be54d9fdad6b27ac4c8bc5d541a1a096d71d9a2a9e2703043ad7f00ae299c,det-v1,1,,1175,6705,35599.290,0.0021290000,false,true
call-000206,arm8_spec_immediate,cal/f2/s2060001/no_alert__twin,10,step-3.5-flash-2603,sha256:888be54d9fdad6b27ac4c8bc5d541a1a096d71d9a2a9e2703043ad7f00ae299c,det-v1,1,accepted,1175,6705,35599.290,0.0021290000,false,false
call-000207,arm9_spec_heuristic_rollback,cal/f2/s2060001/no_alert__twin,10,step-3.5-flash-2603,sha256:888be54d9fdad6b27ac4c8bc5d541a1a096d71d9a2a9e2703043ad7f00ae299c,det-v1,1,accepted,1175,6705,0.002,0.0021290000,true,false
call-000208,arm10_spec_eprocess,cal/f2/s2060001/no_alert__twin,10,step-3.5-flash-2603,sha256:888be54d9fdad6b27ac4c8bc5d541a1a096d71d9a2a9e2703043ad7f00ae299c,det-v1,1,accepted,1175,6705,0.002,0.0021290000,true,false
call-000209,arm8_spec_immediate,dev/f2/s2050000/early_accurate,28,step-3.5-flash-2603,sha256:dcf882b7a5244ff91334ce54cadba162b4862d0777f00e580ee21822fcda0371,det-v1,1,,1817,3239,16732.169,0.0011534000,false,true
call-000210,arm8_spec_immediate,dev/f2/s2050000/early_accurate,28,step-3.5-flash-2603,sha256:dcf882b7a5244ff91334ce54cadba162b4862d0777f00e580ee21822fcda0371,det-v1,1,accepted,1817,3239,16732.169,0.0011534000,false,false
call-000211,arm8_spec_immediate,dev/f2/s2050000/early_accurate,37,step-3.5-flash-2603,sha256:ca5e3bbd103375c542a81d0ea7215947071bdce80d60163dc217ac0bced01ed3,det-v1,1,,2159,1470,8335.729,0.0006569000,false,true
call-000212,arm8_spec_immediate,dev/f2/s2050000/early_accurate,37,step-3.5-flash-2603,sha256:ca5e3bbd103375c542a81d0ea7215947071bdce80d60163dc217ac0bced01ed3,det-v1,1,accepted,2159,1470,8335.729,0.0006569000,false,false
call-000213,arm9_spec_heuristic_rollback,dev/f2/s2050000/early_accurate,28,step-3.5-flash-2603,sha256:dcf882b7a5244ff91334ce54cadba162b4862d0777f00e580ee21822fcda0371,det-v1,1,accepted,1817,3239,0.003,0.0011534000,true,false
call-000214,arm9_spec_heuristic_rollback,dev/f2/s2050000/early_accurate,37,step-3.5-flash-2603,sha256:ca5e3bbd103375c542a81d0ea7215947071bdce80d60163dc217ac0bced01ed3,det-v1,1,accepted,2159,1470,0.003,0.0006569000,true,false
call-000215,arm10_spec_eprocess,dev/f2/s2050000/early_accurate,28,step-3.5-flash-2603,sha256:dcf882b7a5244ff91334ce54cadba162b4862d0777f00e580ee21822fcda0371,det-v1,1,accepted,1817,3239,0.003,0.0011534000,true,false
call-000216,arm10_spec_eprocess,dev/f2/s2050000/early_accurate,37,step-3.5-flash-2603,sha256:ca5e3bbd103375c542a81d0ea7215947071bdce80d60163dc217ac0bced01ed3,det-v1,1,accepted,2159,1470,0.003,0.0006569000,true,false
call-000217,arm8_spec_immediate,dev/f2/s2050000/early_accurate__twin,10,step-3.5-flash-2603,sha256:a29073c7b5a28f49f73606649fdaca9139cacb2a023468133c06766d2a077652,det-v1,1,,1170,7500,37170.910,0.0023670000,false,true
call-000218,arm8_spec_immediate,dev/f2/s2050000/early_accurate__twin,10,step-3.5-flash-2603,sha256:a29073c7b5a28f49f73606649fdaca9139cacb2a023468133c06766d2a077652,det-v1,1,accepted,1170,7500,37170.910,0.0023670000,false,false
call-000219,arm8_spec_immediate,dev/f2/s2050000/early_accurate__twin,43,step-3.5-flash-2603,sha256:2dff7659729797168f8f3cc0f64ce401477849a9e4c7a6ff61d7d852210d9fa7,det-v1,1,,2424,7193,40059.038,0.0024003000,false,true
call-000220,arm8_spec_immediate,dev/f2/s2050000/early_accurate__twin,43,step-3.5-flash-2603,sha256:2dff7659729797168f8f3cc0f64ce401477849a9e4c7a6ff61d7d852210d9fa7,det-v1,1,accepted,2424,7193,40059.038,0.0024003000,false,false
call-000221,arm9_spec_heuristic_rollback,dev/f2/s2050000/early_accurate__twin,10,step-3.5-flash-2603,sha256:a29073c7b5a28f49f73606649fdaca9139cacb2a023468133c06766d2a077652,det-v1,1,accepted,1170,7500,0.004,0.0023670000,true,false
call-000222,arm9_spec_heuristic_rollback,dev/f2/s2050000/early_accurate__twin,43,step-3.5-flash-2603,sha256:0afe6a89e47be2ab4042a493945045067622b453b6f62bbfbdc0724555287969,det-v1,1,,2424,5557,27889.787,0.0019095000,false,true
call-000223,arm9_spec_heuristic_rollback,dev/f2/s2050000/early_accurate__twin,43,step-3.5-flash-2603,sha256:0afe6a89e47be2ab4042a493945045067622b453b6f62bbfbdc0724555287969,det-v1,1,accepted,2424,5557,27889.787,0.0019095000,false,false
call-000224,arm10_spec_eprocess,dev/f2/s2050000/early_accurate__twin,10,step-3.5-flash-2603,sha256:a29073c7b5a28f49f73606649fdaca9139cacb2a023468133c06766d2a077652,det-v1,1,accepted,1170,7500,0.003,0.0023670000,true,false
call-000225,arm10_spec_eprocess,dev/f2/s2050000/early_accurate__twin,43,step-3.5-flash-2603,sha256:4b45a8440f642921531d7ce0d54a1a591198f7bc1b484dba537ba96736c6d37b,det-v1,1,,2424,5147,25038.441,0.0017865000,false,true
call-000226,arm10_spec_eprocess,dev/f2/s2050000/early_accurate__twin,43,step-3.5-flash-2603,sha256:4b45a8440f642921531d7ce0d54a1a591198f7bc1b484dba537ba96736c6d37b,det-v1,1,accepted,2424,5147,25038.441,0.0017865000,false,false
call-000227,arm8_spec_immediate,cal/f2/s2060000/early_accurate,22,step-3.5-flash-2603,sha256:b55470b8c6e4086911a28493634e0c1ed5a38b3012dec5685febada04e9723ff,det-v1,1,,1589,10364,47935.444,0.0032681000,false,true
call-000228,arm8_spec_immediate,cal/f2/s2060000/early_accurate,22,step-3.5-flash-2603,sha256:b55470b8c6e4086911a28493634e0c1ed5a38b3012dec5685febada04e9723ff,det-v1,1,accepted,1589,10364,47935.444,0.0032681000,false,false
call-000229,arm8_spec_immediate,cal/f2/s2060000/early_accurate,37,step-3.5-flash-2603,sha256:06081677a687ec494646fbbfea0abec4718125a707f5ed3f6201381916423adc,det-v1,1,,2159,4189,20962.760,0.0014726000,false,true
call-000230,arm8_spec_immediate,cal/f2/s2060000/early_accurate,37,step-3.5-flash-2603,sha256:06081677a687ec494646fbbfea0abec4718125a707f5ed3f6201381916423adc,det-v1,1,accepted,2159,4189,20962.760,0.0014726000,false,false
call-000231,arm9_spec_heuristic_rollback,cal/f2/s2060000/early_accurate,22,step-3.5-flash-2603,sha256:b55470b8c6e4086911a28493634e0c1ed5a38b3012dec5685febada04e9723ff,det-v1,1,accepted,1589,10364,0.005,0.0032681000,true,false
call-000232,arm9_spec_heuristic_rollback,cal/f2/s2060000/early_accurate,37,step-3.5-flash-2603,sha256:06081677a687ec494646fbbfea0abec4718125a707f5ed3f6201381916423adc,det-v1,1,accepted,2159,4189,0.005,0.0014726000,true,false
call-000233,arm10_spec_eprocess,cal/f2/s2060000/early_accurate,22,step-3.5-flash-2603,sha256:b55470b8c6e4086911a28493634e0c1ed5a38b3012dec5685febada04e9723ff,det-v1,1,accepted,1589,10364,0.005,0.0032681000,true,false
call-000234,arm10_spec_eprocess,cal/f2/s2060000/early_accurate,37,step-3.5-flash-2603,sha256:2206e6f1c5b1d8cd17adff595901b72984451273cf498b03d1be6ca81d2e4fbf,det-v1,1,,2159,1055,6386.178,0.0005324000,false,true
call-000235,arm10_spec_eprocess,cal/f2/s2060000/early_accurate,37,step-3.5-flash-2603,sha256:2206e6f1c5b1d8cd17adff595901b72984451273cf498b03d1be6ca81d2e4fbf,det-v1,1,accepted,2159,1055,6386.178,0.0005324000,false,false
call-000236,arm8_spec_immediate,cal/f2/s2060000/early_accurate__twin,10,step-3.5-flash-2603,sha256:5bfabb50cb85af3768b9558b05a2f2319acab59988f6198120d574965d6cd329,det-v1,1,,1175,5477,26846.380,0.0017606000,false,true
call-000237,arm8_spec_immediate,cal/f2/s2060000/early_accurate__twin,10,step-3.5-flash-2603,sha256:5bfabb50cb85af3768b9558b05a2f2319acab59988f6198120d574965d6cd329,det-v1,1,accepted,1175,5477,26846.380,0.0017606000,false,false
call-000238,arm9_spec_heuristic_rollback,cal/f2/s2060000/early_accurate__twin,10,step-3.5-flash-2603,sha256:5bfabb50cb85af3768b9558b05a2f2319acab59988f6198120d574965d6cd329,det-v1,1,accepted,1175,5477,0.005,0.0017606000,true,false
call-000239,arm10_spec_eprocess,cal/f2/s2060000/early_accurate__twin,10,step-3.5-flash-2603,sha256:5bfabb50cb85af3768b9558b05a2f2319acab59988f6198120d574965d6cd329,det-v1,1,accepted,1175,5477,0.005,0.0017606000,true,false
call-000240,arm8_spec_immediate,dev/f2/s2050001/early_accurate,27,step-3.5-flash-2603,sha256:8ce31f4d4ae6cbd8fc625f447b163342409709392096b78acedce76e15686657,det-v1,1,,1779,15854,78665.220,0.0049341000,false,true
call-000241,arm8_spec_immediate,dev/f2/s2050001/early_accurate,27,step-3.5-flash-2603,sha256:8ce31f4d4ae6cbd8fc625f447b163342409709392096b78acedce76e15686657,det-v1,1,accepted,1779,15854,78665.220,0.0049341000,false,false
call-000242,arm8_spec_immediate,dev/f2/s2050001/early_accurate,44,step-3.5-flash-2603,sha256:57aa4cddc4bfbd4f5309d4b0c721185580e80baa876ee3c1880d7e26828df0f2,det-v1,1,,2425,5233,23201.296,0.0018124000,false,true
call-000243,arm8_spec_immediate,dev/f2/s2050001/early_accurate,44,step-3.5-flash-2603,sha256:57aa4cddc4bfbd4f5309d4b0c721185580e80baa876ee3c1880d7e26828df0f2,det-v1,1,accepted,2425,5233,23201.296,0.0018124000,false,false
call-000244,arm9_spec_heuristic_rollback,dev/f2/s2050001/early_accurate,27,step-3.5-flash-2603,sha256:8ce31f4d4ae6cbd8fc625f447b163342409709392096b78acedce76e15686657,det-v1,1,accepted,1779,15854,0.004,0.0049341000,true,false
call-000245,arm9_spec_heuristic_rollback,dev/f2/s2050001/early_accurate,44,step-3.5-flash-2603,sha256:57aa4cddc4bfbd4f5309d4b0c721185580e80baa876ee3c1880d7e26828df0f2,det-v1,1,accepted,2425,5233,0.004,0.0018124000,true,false
call-000246,arm10_spec_eprocess,dev/f2/s2050001/early_accurate,27,step-3.5-flash-2603,sha256:8ce31f4d4ae6cbd8fc625f447b163342409709392096b78acedce76e15686657,det-v1,1,accepted,1779,15854,0.006,0.0049341000,true,false
call-000247,arm10_spec_eprocess,dev/f2/s2050001/early_accurate,44,step-3.5-flash-2603,sha256:57aa4cddc4bfbd4f5309d4b0c721185580e80baa876ee3c1880d7e26828df0f2,det-v1,1,accepted,2425,5233,0.005,0.0018124000,true,false
call-000248,arm8_spec_immediate,dev/f2/s2050001/early_accurate__twin,10,step-3.5-flash-2603,sha256:a86bcaadc4db60c0563483061ac10b1c672c10dfdcf5fc094955d9205d558353,det-v1,1,,1177,2789,12792.008,0.0009544000,false,true
call-000249,arm8_spec_immediate,dev/f2/s2050001/early_accurate__twin,10,step-3.5-flash-2603,sha256:a86bcaadc4db60c0563483061ac10b1c672c10dfdcf5fc094955d9205d558353,det-v1,1,accepted,1177,2789,12792.008,0.0009544000,false,false
call-000250,arm9_spec_heuristic_rollback,dev/f2/s2050001/early_accurate__twin,10,step-3.5-flash-2603,sha256:a86bcaadc4db60c0563483061ac10b1c672c10dfdcf5fc094955d9205d558353,det-v1,1,accepted,1177,2789,0.002,0.0009544000,true,false
call-000251,arm10_spec_eprocess,dev/f2/s2050001/early_accurate__twin,10,step-3.5-flash-2603,sha256:a86bcaadc4db60c0563483061ac10b1c672c10dfdcf5fc094955d9205d558353,det-v1,1,accepted,1177,2789,0.001,0.0009544000,true,false
call-000252,arm8_spec_immediate,cal/f2/s2060001/early_accurate,37,step-3.5-flash-2603,sha256:1dda23651d6ff3fb1d2b5486e6416d6b945459aa1e679ff29353a2c30654f2e0,det-v1,1,,2159,2017,9728.069,0.0008210000,false,true
call-000253,arm8_spec_immediate,cal/f2/s2060001/early_accurate,37,step-3.5-flash-2603,sha256:1dda23651d6ff3fb1d2b5486e6416d6b945459aa1e679ff29353a2c30654f2e0,det-v1,1,accepted,2159,2017,9728.069,0.0008210000,false,false
call-000254,arm8_spec_immediate,cal/f2/s2060001/early_accurate,46,step-3.5-flash-2603,sha256:51e583d1df4dc57074bfb74f7dcabe3b3617999db1ee192dd852f1f4568d1485,det-v1,1,,2501,5115,21196.388,0.0017846000,false,true
call-000255,arm8_spec_immediate,cal/f2/s2060001/early_accurate,46,step-3.5-flash-2603,sha256:51e583d1df4dc57074bfb74f7dcabe3b3617999db1ee192dd852f1f4568d1485,det-v1,1,accepted,2501,5115,21196.388,0.0017846000,false,false
call-000256,arm9_spec_heuristic_rollback,cal/f2/s2060001/early_accurate,37,step-3.5-flash-2603,sha256:1dda23651d6ff3fb1d2b5486e6416d6b945459aa1e679ff29353a2c30654f2e0,det-v1,1,accepted,2159,2017,0.003,0.0008210000,true,false
call-000257,arm9_spec_heuristic_rollback,cal/f2/s2060001/early_accurate,46,step-3.5-flash-2603,sha256:51e583d1df4dc57074bfb74f7dcabe3b3617999db1ee192dd852f1f4568d1485,det-v1,1,accepted,2501,5115,0.002,0.0017846000,true,false
call-000258,arm10_spec_eprocess,cal/f2/s2060001/early_accurate,37,step-3.5-flash-2603,sha256:1dda23651d6ff3fb1d2b5486e6416d6b945459aa1e679ff29353a2c30654f2e0,det-v1,1,accepted,2159,2017,0.002,0.0008210000,true,false
call-000259,arm10_spec_eprocess,cal/f2/s2060001/early_accurate,46,step-3.5-flash-2603,sha256:51e583d1df4dc57074bfb74f7dcabe3b3617999db1ee192dd852f1f4568d1485,det-v1,1,accepted,2501,5115,0.002,0.0017846000,true,false
call-000260,arm8_spec_immediate,cal/f2/s2060001/early_accurate__twin,10,step-3.5-flash-2603,sha256:3c10145f0a319cd9b818a14ee0896f530aa43c2a6b739e734bb2dd39f761a2bc,det-v1,1,,1175,8301,37458.707,0.0026078000,false,true
call-000261,arm8_spec_immediate,cal/f2/s2060001/early_accurate__twin,10,step-3.5-flash-2603,sha256:3c10145f0a319cd9b818a14ee0896f530aa43c2a6b739e734bb2dd39f761a2bc,det-v1,1,accepted,1175,8301,37458.707,0.0026078000,false,false
call-000262,arm9_spec_heuristic_rollback,cal/f2/s2060001/early_accurate__twin,10,step-3.5-flash-2603,sha256:3c10145f0a319cd9b818a14ee0896f530aa43c2a6b739e734bb2dd39f761a2bc,det-v1,1,accepted,1175,8301,0.003,0.0026078000,true,false
call-000263,arm10_spec_eprocess,cal/f2/s2060001/early_accurate__twin,10,step-3.5-flash-2603,sha256:3c10145f0a319cd9b818a14ee0896f530aa43c2a6b739e734bb2dd39f761a2bc,det-v1,1,accepted,1175,8301,0.002,0.0026078000,true,false
call-000264,arm8_spec_immediate,dev/f2/s2050000/late_accurate,28,step-3.5-flash-2603,sha256:60cde7aa5cbcfcc5f217a32e421eefc858111751642e483550487a26ead840f2,det-v1,1,,1817,2257,11115.214,0.0008588000,false,true
call-000265,arm8_spec_immediate,dev/f2/s2050000/late_accurate,28,step-3.5-flash-2603,sha256:60cde7aa5cbcfcc5f217a32e421eefc858111751642e483550487a26ead840f2,det-v1,1,accepted,1817,2257,11115.214,0.0008588000,false,false
call-000266,arm8_spec_immediate,dev/f2/s2050000/late_accurate,37,step-3.5-flash-2603,sha256:240e50d503f1de462af396f713759ff90e01851cba6699baf57655b0c266d0ba,det-v1,1,,2159,3068,13931.261,0.0011363000,false,true
call-000267,arm8_spec_immediate,dev/f2/s2050000/late_accurate,37,step-3.5-flash-2603,sha256:240e50d503f1de462af396f713759ff90e01851cba6699baf57655b0c266d0ba,det-v1,1,accepted,2159,3068,13931.261,0.0011363000,false,false
call-000268,arm9_spec_heuristic_rollback,dev/f2/s2050000/late_accurate,28,step-3.5-flash-2603,sha256:60cde7aa5cbcfcc5f217a32e421eefc858111751642e483550487a26ead840f2,det-v1,1,accepted,1817,2257,0.003,0.0008588000,true,false
call-000269,arm9_spec_heuristic_rollback,dev/f2/s2050000/late_accurate,37,step-3.5-flash-2603,sha256:240e50d503f1de462af396f713759ff90e01851cba6699baf57655b0c266d0ba,det-v1,1,accepted,2159,3068,0.003,0.0011363000,true,false
call-000270,arm10_spec_eprocess,dev/f2/s2050000/late_accurate,28,step-3.5-flash-2603,sha256:60cde7aa5cbcfcc5f217a32e421eefc858111751642e483550487a26ead840f2,det-v1,1,accepted,1817,2257,0.003,0.0008588000,true,false
call-000271,arm10_spec_eprocess,dev/f2/s2050000/late_accurate,37,step-3.5-flash-2603,sha256:240e50d503f1de462af396f713759ff90e01851cba6699baf57655b0c266d0ba,det-v1,1,accepted,2159,3068,0.003,0.0011363000,true,false
call-000272,arm8_spec_immediate,cal/f2/s2060000/late_accurate,22,step-3.5-flash-2603,sha256:31858f6511cfe59929f96920b8aaa4c56baf4c9ef6b0fbd873407e62b5e61d6f,det-v1,1,,1589,2810,13983.583,0.0010019000,false,true
call-000273,arm8_spec_immediate,cal/f2/s2060000/late_accurate,22,step-3.5-flash-2603,sha256:31858f6511cfe59929f96920b8aaa4c56baf4c9ef6b0fbd873407e62b5e61d6f,det-v1,1,accepted,1589,2810,13983.583,0.0010019000,false,false
call-000274,arm8_spec_immediate,cal/f2/s2060000/late_accurate,37,step-3.5-flash-2603,sha256:b5063e276c99db17e83c04613c832b31f565d56ee068ff2fe52b21a1a7991b3c,det-v1,1,,2159,2830,15581.396,0.0010649000,false,true
call-000275,arm8_spec_immediate,cal/f2/s2060000/late_accurate,37,step-3.5-flash-2603,sha256:b5063e276c99db17e83c04613c832b31f565d56ee068ff2fe52b21a1a7991b3c,det-v1,1,accepted,2159,2830,15581.396,0.0010649000,false,false
call-000276,arm9_spec_heuristic_rollback,cal/f2/s2060000/late_accurate,22,step-3.5-flash-2603,sha256:31858f6511cfe59929f96920b8aaa4c56baf4c9ef6b0fbd873407e62b5e61d6f,det-v1,1,accepted,1589,2810,0.003,0.0010019000,true,false
call-000277,arm9_spec_heuristic_rollback,cal/f2/s2060000/late_accurate,37,step-3.5-flash-2603,sha256:b5063e276c99db17e83c04613c832b31f565d56ee068ff2fe52b21a1a7991b3c,det-v1,1,accepted,2159,2830,0.003,0.0010649000,true,false
call-000278,arm10_spec_eprocess,cal/f2/s2060000/late_accurate,22,step-3.5-flash-2603,sha256:31858f6511cfe59929f96920b8aaa4c56baf4c9ef6b0fbd873407e62b5e61d6f,det-v1,1,accepted,1589,2810,0.003,0.0010019000,true,false
call-000279,arm10_spec_eprocess,cal/f2/s2060000/late_accurate,37,step-3.5-flash-2603,sha256:b5063e276c99db17e83c04613c832b31f565d56ee068ff2fe52b21a1a7991b3c,det-v1,1,accepted,2159,2830,0.003,0.0010649000,true,false
call-000280,arm8_spec_immediate,dev/f2/s2050001/late_accurate,27,step-3.5-flash-2603,sha256:09aa724693c66e2e034e52322c3227e0b0dd32b6a65bc0e11fa8a0292992c006,det-v1,1,,1779,4287,22130.546,0.0014640000,false,true
call-000281,arm8_spec_immediate,dev/f2/s2050001/late_accurate,27,step-3.5-flash-2603,sha256:09aa724693c66e2e034e52322c3227e0b0dd32b6a65bc0e11fa8a0292992c006,det-v1,1,accepted,1779,4287,22130.546,0.0014640000,false,false
call-000282,arm8_spec_immediate,dev/f2/s2050001/late_accurate,44,step-3.5-flash-2603,sha256:34b7a747ff262b4fbfcc3e65fd194a721413cbbae5dc7aa920bddb2f96a4c188,det-v1,1,,2425,1682,9296.505,0.0007471000,false,true
call-000283,arm8_spec_immediate,dev/f2/s2050001/late_accurate,44,step-3.5-flash-2603,sha256:34b7a747ff262b4fbfcc3e65fd194a721413cbbae5dc7aa920bddb2f96a4c188,det-v1,1,accepted,2425,1682,9296.505,0.0007471000,false,false
call-000284,arm9_spec_heuristic_rollback,dev/f2/s2050001/late_accurate,27,step-3.5-flash-2603,sha256:09aa724693c66e2e034e52322c3227e0b0dd32b6a65bc0e11fa8a0292992c006,det-v1,1,accepted,1779,4287,0.003,0.0014640000,true,false
call-000285,arm9_spec_heuristic_rollback,dev/f2/s2050001/late_accurate,44,step-3.5-flash-2603,sha256:34b7a747ff262b4fbfcc3e65fd194a721413cbbae5dc7aa920bddb2f96a4c188,det-v1,1,accepted,2425,1682,0.003,0.0007471000,true,false
call-000286,arm10_spec_eprocess,dev/f2/s2050001/late_accurate,27,step-3.5-flash-2603,sha256:09aa724693c66e2e034e52322c3227e0b0dd32b6a65bc0e11fa8a0292992c006,det-v1,1,accepted,1779,4287,0.003,0.0014640000,true,false
call-000287,arm10_spec_eprocess,dev/f2/s2050001/late_accurate,44,step-3.5-flash-2603,sha256:34b7a747ff262b4fbfcc3e65fd194a721413cbbae5dc7aa920bddb2f96a4c188,det-v1,1,accepted,2425,1682,0.003,0.0007471000,true,false
call-000288,arm8_spec_immediate,cal/f2/s2060001/late_accurate,37,step-3.5-flash-2603,sha256:e80a48d477d1910e8025b03eb7f9633b4aa99c82122b933d17bb76266e2963cd,det-v1,1,,2159,1850,9131.433,0.0007709000,false,true
call-000289,arm8_spec_immediate,cal/f2/s2060001/late_accurate,37,step-3.5-flash-2603,sha256:e80a48d477d1910e8025b03eb7f9633b4aa99c82122b933d17bb76266e2963cd,det-v1,1,accepted,2159,1850,9131.433,0.0007709000,false,false
call-000290,arm8_spec_immediate,cal/f2/s2060001/late_accurate,46,step-3.5-flash-2603,sha256:d6a3b6219e27c2e1a08070cbda2302489879c8381c054c36f6ce238a45bd704e,det-v1,1,,2501,2253,11011.986,0.0009260000,false,true
call-000291,arm8_spec_immediate,cal/f2/s2060001/late_accurate,46,step-3.5-flash-2603,sha256:d6a3b6219e27c2e1a08070cbda2302489879c8381c054c36f6ce238a45bd704e,det-v1,1,accepted,2501,2253,11011.986,0.0009260000,false,false
call-000292,arm9_spec_heuristic_rollback,cal/f2/s2060001/late_accurate,37,step-3.5-flash-2603,sha256:e80a48d477d1910e8025b03eb7f9633b4aa99c82122b933d17bb76266e2963cd,det-v1,1,accepted,2159,1850,0.002,0.0007709000,true,false
call-000293,arm9_spec_heuristic_rollback,cal/f2/s2060001/late_accurate,46,step-3.5-flash-2603,sha256:d6a3b6219e27c2e1a08070cbda2302489879c8381c054c36f6ce238a45bd704e,det-v1,1,accepted,2501,2253,0.001,0.0009260000,true,false
call-000294,arm10_spec_eprocess,cal/f2/s2060001/late_accurate,37,step-3.5-flash-2603,sha256:e80a48d477d1910e8025b03eb7f9633b4aa99c82122b933d17bb76266e2963cd,det-v1,1,accepted,2159,1850,0.001,0.0007709000,true,false
call-000295,arm10_spec_eprocess,cal/f2/s2060001/late_accurate,46,step-3.5-flash-2603,sha256:d6a3b6219e27c2e1a08070cbda2302489879c8381c054c36f6ce238a45bd704e,det-v1,1,accepted,2501,2253,0.001,0.0009260000,true,false
call-000296,arm8_spec_immediate,dev/f2/s2050000/unreliable,28,step-3.5-flash-2603,sha256:5254d26369645357a4f7123df861a540651f59336137f072bc7c6b6675cf7085,det-v1,1,,1817,3236,15693.139,0.0011525000,false,true
call-000297,arm8_spec_immediate,dev/f2/s2050000/unreliable,28,step-3.5-flash-2603,sha256:5254d26369645357a4f7123df861a540651f59336137f072bc7c6b6675cf7085,det-v1,1,accepted,1817,3236,15693.139,0.0011525000,false,false
call-000298,arm8_spec_immediate,dev/f2/s2050000/unreliable,37,step-3.5-flash-2603,sha256:12bbf5245caa8cde4af2f256cdb4c349491b9b8921ebb381d184f28dda3d2335,det-v1,1,,2159,1297,7199.675,0.0006050000,false,true
call-000299,arm8_spec_immediate,dev/f2/s2050000/unreliable,37,step-3.5-flash-2603,sha256:12bbf5245caa8cde4af2f256cdb4c349491b9b8921ebb381d184f28dda3d2335,det-v1,1,accepted,2159,1297,7199.675,0.0006050000,false,false
call-000300,arm9_spec_heuristic_rollback,dev/f2/s2050000/unreliable,28,step-3.5-flash-2603,sha256:5254d26369645357a4f7123df861a540651f59336137f072bc7c6b6675cf7085,det-v1,1,accepted,1817,3236,0.003,0.0011525000,true,false
call-000301,arm9_spec_heuristic_rollback,dev/f2/s2050000/unreliable,37,step-3.5-flash-2603,sha256:12bbf5245caa8cde4af2f256cdb4c349491b9b8921ebb381d184f28dda3d2335,det-v1,1,accepted,2159,1297,0.003,0.0006050000,true,false
call-000302,arm10_spec_eprocess,dev/f2/s2050000/unreliable,28,step-3.5-flash-2603,sha256:5254d26369645357a4f7123df861a540651f59336137f072bc7c6b6675cf7085,det-v1,1,accepted,1817,3236,0.003,0.0011525000,true,false
call-000303,arm10_spec_eprocess,dev/f2/s2050000/unreliable,37,step-3.5-flash-2603,sha256:12bbf5245caa8cde4af2f256cdb4c349491b9b8921ebb381d184f28dda3d2335,det-v1,1,accepted,2159,1297,0.003,0.0006050000,true,false
call-000304,arm8_spec_immediate,cal/f2/s2060000/unreliable,22,step-3.5-flash-2603,sha256:027d08fe4d0d875ba5e97a8e72f83052074d882bc310cadd62a119e65d413f58,det-v1,1,,1589,14754,62972.865,0.0045851000,false,true
call-000305,arm8_spec_immediate,cal/f2/s2060000/unreliable,22,step-3.5-flash-2603,sha256:027d08fe4d0d875ba5e97a8e72f83052074d882bc310cadd62a119e65d413f58,det-v1,1,accepted,1589,14754,62972.865,0.0045851000,false,false
call-000306,arm8_spec_immediate,cal/f2/s2060000/unreliable,37,step-3.5-flash-2603,sha256:08567668aeb31e64a85a2941c3a8e530a77f39fbc5dbd41cc77e4d7d5f45688c,det-v1,1,,2159,4095,19846.697,0.0014444000,false,true
call-000307,arm8_spec_immediate,cal/f2/s2060000/unreliable,37,step-3.5-flash-2603,sha256:08567668aeb31e64a85a2941c3a8e530a77f39fbc5dbd41cc77e4d7d5f45688c,det-v1,1,accepted,2159,4095,19846.697,0.0014444000,false,false
call-000308,arm9_spec_heuristic_rollback,cal/f2/s2060000/unreliable,22,step-3.5-flash-2603,sha256:027d08fe4d0d875ba5e97a8e72f83052074d882bc310cadd62a119e65d413f58,det-v1,1,accepted,1589,14754,0.004,0.0045851000,true,false
call-000309,arm9_spec_heuristic_rollback,cal/f2/s2060000/unreliable,37,step-3.5-flash-2603,sha256:08567668aeb31e64a85a2941c3a8e530a77f39fbc5dbd41cc77e4d7d5f45688c,det-v1,1,accepted,2159,4095,0.003,0.0014444000,true,false
call-000310,arm10_spec_eprocess,cal/f2/s2060000/unreliable,22,step-3.5-flash-2603,sha256:027d08fe4d0d875ba5e97a8e72f83052074d882bc310cadd62a119e65d413f58,det-v1,1,accepted,1589,14754,0.003,0.0045851000,true,false
call-000311,arm10_spec_eprocess,cal/f2/s2060000/unreliable,37,step-3.5-flash-2603,sha256:08567668aeb31e64a85a2941c3a8e530a77f39fbc5dbd41cc77e4d7d5f45688c,det-v1,1,accepted,2159,4095,0.003,0.0014444000,true,false
call-000312,arm8_spec_immediate,dev/f2/s2050001/unreliable,27,step-3.5-flash-2603,sha256:a8f7a6f1ae75545450a9e719c12166ce67f16ea2ff761b67ddfb884be2ee14f9,det-v1,1,,1779,24354,123871.415,0.0074841000,false,true
call-000313,arm8_spec_immediate,dev/f2/s2050001/unreliable,27,step-3.5-flash-2603,sha256:a8f7a6f1ae75545450a9e719c12166ce67f16ea2ff761b67ddfb884be2ee14f9,det-v1,1,accepted,1779,24354,123871.415,0.0074841000,false,false
call-000314,arm8_spec_immediate,dev/f2/s2050001/unreliable,44,step-3.5-flash-2603,sha256:fe2aff168031bdbfa81c47938d6222016f287766fecf88d165b8144ba3863912,det-v1,1,,2425,4291,21661.035,0.0015298000,false,true
call-000315,arm8_spec_immediate,dev/f2/s2050001/unreliable,44,step-3.5-flash-2603,sha256:fe2aff168031bdbfa81c47938d6222016f287766fecf88d165b8144ba3863912,det-v1,1,accepted,2425,4291,21661.035,0.0015298000,false,false
call-000316,arm9_spec_heuristic_rollback,dev/f2/s2050001/unreliable,27,step-3.5-flash-2603,sha256:a8f7a6f1ae75545450a9e719c12166ce67f16ea2ff761b67ddfb884be2ee14f9,det-v1,1,accepted,1779,24354,0.004,0.0074841000,true,false
call-000317,arm9_spec_heuristic_rollback,dev/f2/s2050001/unreliable,44,step-3.5-flash-2603,sha256:fe2aff168031bdbfa81c47938d6222016f287766fecf88d165b8144ba3863912,det-v1,1,accepted,2425,4291,0.003,0.0015298000,true,false
call-000318,arm10_spec_eprocess,dev/f2/s2050001/unreliable,27,step-3.5-flash-2603,sha256:a8f7a6f1ae75545450a9e719c12166ce67f16ea2ff761b67ddfb884be2ee14f9,det-v1,1,accepted,1779,24354,0.003,0.0074841000,true,false
call-000319,arm10_spec_eprocess,dev/f2/s2050001/unreliable,44,step-3.5-flash-2603,sha256:b46793ef6b5e13fc821edb0c98d13587e1a579526cd5cf0dc826e1c0dab6837e,det-v1,1,,2425,4146,24247.468,0.0014863000,false,true
call-000320,arm10_spec_eprocess,dev/f2/s2050001/unreliable,44,step-3.5-flash-2603,sha256:b46793ef6b5e13fc821edb0c98d13587e1a579526cd5cf0dc826e1c0dab6837e,det-v1,1,accepted,2425,4146,24247.468,0.0014863000,false,false
call-000321,arm8_spec_immediate,cal/f2/s2060001/unreliable,37,step-3.5-flash-2603,sha256:521501992ea89a86610239cfea3339b2beac93809f033c9426cfed13b2794b6d,det-v1,1,,2159,5903,28309.465,0.0019868000,false,true
call-000322,arm8_spec_immediate,cal/f2/s2060001/unreliable,37,step-3.5-flash-2603,sha256:521501992ea89a86610239cfea3339b2beac93809f033c9426cfed13b2794b6d,det-v1,1,accepted,2159,5903,28309.465,0.0019868000,false,false
call-000323,arm8_spec_immediate,cal/f2/s2060001/unreliable,46,step-3.5-flash-2603,sha256:997848ff88fa8cd8d0ee56a0ae19c032dca8f0ecd86af666fe83997d626f02b7,det-v1,1,,2501,6461,28793.863,0.0021884000,false,true
call-000324,arm8_spec_immediate,cal/f2/s2060001/unreliable,46,step-3.5-flash-2603,sha256:997848ff88fa8cd8d0ee56a0ae19c032dca8f0ecd86af666fe83997d626f02b7,det-v1,1,accepted,2501,6461,28793.863,0.0021884000,false,false
call-000325,arm9_spec_heuristic_rollback,cal/f2/s2060001/unreliable,37,step-3.5-flash-2603,sha256:521501992ea89a86610239cfea3339b2beac93809f033c9426cfed13b2794b6d,det-v1,1,accepted,2159,5903,0.003,0.0019868000,true,false
call-000326,arm9_spec_heuristic_rollback,cal/f2/s2060001/unreliable,46,step-3.5-flash-2603,sha256:997848ff88fa8cd8d0ee56a0ae19c032dca8f0ecd86af666fe83997d626f02b7,det-v1,1,accepted,2501,6461,0.003,0.0021884000,true,false
call-000327,arm10_spec_eprocess,cal/f2/s2060001/unreliable,37,step-3.5-flash-2603,sha256:521501992ea89a86610239cfea3339b2beac93809f033c9426cfed13b2794b6d,det-v1,1,accepted,2159,5903,0.003,0.0019868000,true,false
call-000328,arm10_spec_eprocess,cal/f2/s2060001/unreliable,46,step-3.5-flash-2603,sha256:997848ff88fa8cd8d0ee56a0ae19c032dca8f0ecd86af666fe83997d626f02b7,det-v1,1,accepted,2501,6461,0.003,0.0021884000,true,false
call-000329,arm8_spec_immediate,cal/f3/s3060000/no_alert,15,step-3.5-flash-2603,sha256:25e24c05e547a5ee418620db71f33b8b689936092ab420fe35a9aaa397a08725,det-v1,1,,1323,13834,65810.601,0.0042825000,false,true
call-000330,arm8_spec_immediate,cal/f3/s3060000/no_alert,15,step-3.5-flash-2603,sha256:25e24c05e547a5ee418620db71f33b8b689936092ab420fe35a9aaa397a08725,det-v1,1,accepted,1323,13834,65810.601,0.0042825000,false,false
call-000331,arm9_spec_heuristic_rollback,cal/f3/s3060000/no_alert,15,step-3.5-flash-2603,sha256:25e24c05e547a5ee418620db71f33b8b689936092ab420fe35a9aaa397a08725,det-v1,1,accepted,1323,13834,0.004,0.0042825000,true,false
call-000332,arm10_spec_eprocess,cal/f3/s3060000/no_alert,15,step-3.5-flash-2603,sha256:25e24c05e547a5ee418620db71f33b8b689936092ab420fe35a9aaa397a08725,det-v1,1,accepted,1323,13834,0.003,0.0042825000,true,false
call-000333,arm8_spec_immediate,cal/f3/s3060001/no_alert,23,step-3.5-flash-2603,sha256:5f73ae8033c7dd2e97573e14775dc04ec49b221a60b148ccff2fe55b5a5c0a0b,det-v1,1,,1627,10254,48075.299,0.0032389000,false,true
call-000334,arm8_spec_immediate,cal/f3/s3060001/no_alert,23,step-3.5-flash-2603,sha256:5f73ae8033c7dd2e97573e14775dc04ec49b221a60b148ccff2fe55b5a5c0a0b,det-v1,1,accepted,1627,10254,48075.299,0.0032389000,false,false
call-000335,arm9_spec_heuristic_rollback,cal/f3/s3060001/no_alert,23,step-3.5-flash-2603,sha256:5f73ae8033c7dd2e97573e14775dc04ec49b221a60b148ccff2fe55b5a5c0a0b,det-v1,1,accepted,1627,10254,0.003,0.0032389000,true,false
call-000336,arm10_spec_eprocess,cal/f3/s3060001/no_alert,23,step-3.5-flash-2603,sha256:5f73ae8033c7dd2e97573e14775dc04ec49b221a60b148ccff2fe55b5a5c0a0b,det-v1,1,accepted,1627,10254,0.003,0.0032389000,true,false
call-000337,arm8_spec_immediate,dev/f3/s3050000/early_accurate,14,step-3.5-flash-2603,sha256:289a791578bdd343c75dc251a4a9e14f25f262ff4c9fe26977d74bc41156bcb2,det-v1,1,,1325,3046,16133.760,0.0010463000,false,true
call-000338,arm8_spec_immediate,dev/f3/s3050000/early_accurate,14,step-3.5-flash-2603,sha256:289a791578bdd343c75dc251a4a9e14f25f262ff4c9fe26977d74bc41156bcb2,det-v1,1,accepted,1325,3046,16133.760,0.0010463000,false,false
call-000339,arm9_spec_heuristic_rollback,dev/f3/s3050000/early_accurate,14,step-3.5-flash-2603,sha256:289a791578bdd343c75dc251a4a9e14f25f262ff4c9fe26977d74bc41156bcb2,det-v1,1,accepted,1325,3046,0.001,0.0010463000,true,false
call-000340,arm10_spec_eprocess,dev/f3/s3050000/early_accurate,14,step-3.5-flash-2603,sha256:289a791578bdd343c75dc251a4a9e14f25f262ff4c9fe26977d74bc41156bcb2,det-v1,1,accepted,1325,3046,0.001,0.0010463000,true,false
call-000341,arm8_spec_immediate,cal/f3/s3060000/early_accurate,13,step-3.5-flash-2603,sha256:19baf08c6e40c85f456f5546b96f63449b707a95a81a18a7e82b1d67d3948f17,det-v1,1,,1286,3612,18840.812,0.0012122000,false,true
call-000342,arm8_spec_immediate,cal/f3/s3060000/early_accurate,13,step-3.5-flash-2603,sha256:19baf08c6e40c85f456f5546b96f63449b707a95a81a18a7e82b1d67d3948f17,det-v1,1,accepted,1286,3612,18840.812,0.0012122000,false,false
call-000343,arm8_spec_immediate,cal/f3/s3060000/early_accurate,19,step-3.5-flash-2603,sha256:ba62595c26ea811e576825fe02dc88969ef3ecda8b08e0240fb8ef3e5d5ce427,det-v1,1,,1514,4565,23769.691,0.0015209000,false,true
call-000344,arm8_spec_immediate,cal/f3/s3060000/early_accurate,19,step-3.5-flash-2603,sha256:ba62595c26ea811e576825fe02dc88969ef3ecda8b08e0240fb8ef3e5d5ce427,det-v1,1,accepted,1514,4565,23769.691,0.0015209000,false,false
call-000345,arm9_spec_heuristic_rollback,cal/f3/s3060000/early_accurate,13,step-3.5-flash-2603,sha256:19baf08c6e40c85f456f5546b96f63449b707a95a81a18a7e82b1d67d3948f17,det-v1,1,accepted,1286,3612,0.003,0.0012122000,true,false
call-000346,arm9_spec_heuristic_rollback,cal/f3/s3060000/early_accurate,19,step-3.5-flash-2603,sha256:ba62595c26ea811e576825fe02dc88969ef3ecda8b08e0240fb8ef3e5d5ce427,det-v1,1,accepted,1514,4565,0.003,0.0015209000,true,false
call-000347,arm10_spec_eprocess,cal/f3/s3060000/early_accurate,13,step-3.5-flash-2603,sha256:19baf08c6e40c85f456f5546b96f63449b707a95a81a18a7e82b1d67d3948f17,det-v1,1,accepted,1286,3612,0.003,0.0012122000,true,false
call-000348,arm10_spec_eprocess,cal/f3/s3060000/early_accurate,19,step-3.5-flash-2603,sha256:bc70f5c10142fe0dfa2d535656d542cfeaac6ff0dd83057c2a36cee8b023c8a1,det-v1,1,,1514,7880,42633.110,0.0025154000,false,true
call-000349,arm10_spec_eprocess,cal/f3/s3060000/early_accurate,19,step-3.5-flash-2603,sha256:bc70f5c10142fe0dfa2d535656d542cfeaac6ff0dd83057c2a36cee8b023c8a1,det-v1,1,accepted,1514,7880,42633.110,0.0025154000,false,false
call-000350,arm8_spec_immediate,dev/f3/s3050001/early_accurate,17,step-3.5-flash-2603,sha256:7fa58f8f67692b55a47808a6b99f47d7eb42bf069d7c4690f24ab61408a18e4d,det-v1,1,,1437,2779,14005.732,0.0009774000,false,true
call-000351,arm8_spec_immediate,dev/f3/s3050001/early_accurate,17,step-3.5-flash-2603,sha256:7fa58f8f67692b55a47808a6b99f47d7eb42bf069d7c4690f24ab61408a18e4d,det-v1,1,accepted,1437,2779,14005.732,0.0009774000,false,false
call-000352,arm9_spec_heuristic_rollback,dev/f3/s3050001/early_accurate,17,step-3.5-flash-2603,sha256:7fa58f8f67692b55a47808a6b99f47d7eb42bf069d7c4690f24ab61408a18e4d,det-v1,1,accepted,1437,2779,0.003,0.0009774000,true,false
call-000353,arm10_spec_eprocess,dev/f3/s3050001/early_accurate,17,step-3.5-flash-2603,sha256:7fa58f8f67692b55a47808a6b99f47d7eb42bf069d7c4690f24ab61408a18e4d,det-v1,1,accepted,1437,2779,0.003,0.0009774000,true,false
call-000354,arm8_spec_immediate,cal/f3/s3060001/early_accurate,19,step-3.5-flash-2603,sha256:c64a36198b1f38e06d92aa188cc8b23790f0a7fbc34c072629afbf089ffc2caa,det-v1,1,,1509,4409,24676.793,0.0014736000,false,true
call-000355,arm8_spec_immediate,cal/f3/s3060001/early_accurate,19,step-3.5-flash-2603,sha256:c64a36198b1f38e06d92aa188cc8b23790f0a7fbc34c072629afbf089ffc2caa,det-v1,1,accepted,1509,4409,24676.793,0.0014736000,false,false
call-000356,arm8_spec_immediate,cal/f3/s3060001/early_accurate,25,step-3.5-flash-2603,sha256:65eb9217550b42bb339a2b238b8bfb05fc4010f3f1034415f6fb54186fb03622,det-v1,1,,1737,9362,42200.349,0.0029823000,false,true
call-000357,arm8_spec_immediate,cal/f3/s3060001/early_accurate,25,step-3.5-flash-2603,sha256:65eb9217550b42bb339a2b238b8bfb05fc4010f3f1034415f6fb54186fb03622,det-v1,1,accepted,1737,9362,42200.349,0.0029823000,false,false
call-000358,arm9_spec_heuristic_rollback,cal/f3/s3060001/early_accurate,19,step-3.5-flash-2603,sha256:c64a36198b1f38e06d92aa188cc8b23790f0a7fbc34c072629afbf089ffc2caa,det-v1,1,accepted,1509,4409,0.003,0.0014736000,true,false
call-000359,arm9_spec_heuristic_rollback,cal/f3/s3060001/early_accurate,25,step-3.5-flash-2603,sha256:65eb9217550b42bb339a2b238b8bfb05fc4010f3f1034415f6fb54186fb03622,det-v1,1,accepted,1737,9362,0.003,0.0029823000,true,false
call-000360,arm10_spec_eprocess,cal/f3/s3060001/early_accurate,19,step-3.5-flash-2603,sha256:c64a36198b1f38e06d92aa188cc8b23790f0a7fbc34c072629afbf089ffc2caa,det-v1,1,accepted,1509,4409,0.003,0.0014736000,true,false
call-000361,arm10_spec_eprocess,cal/f3/s3060001/early_accurate,25,step-3.5-flash-2603,sha256:961dc9ff99d145097f87fe935179888cb4575b3241021ceafdc0692ce1b0af08,det-v1,1,,1737,12714,60716.340,0.0039879000,false,true
call-000362,arm10_spec_eprocess,cal/f3/s3060001/early_accurate,25,step-3.5-flash-2603,sha256:961dc9ff99d145097f87fe935179888cb4575b3241021ceafdc0692ce1b0af08,det-v1,1,accepted,1737,12714,60716.340,0.0039879000,false,false
call-000363,arm8_spec_immediate,dev/f3/s3050000/late_accurate,17,step-3.5-flash-2603,sha256:9181b9e3e989b9705ea1c826b03daa5a920c29784caf1cb53c174056ebf36243,det-v1,1,,1439,2321,14601.485,0.0008402000,false,true
call-000364,arm8_spec_immediate,dev/f3/s3050000/late_accurate,17,step-3.5-flash-2603,sha256:9181b9e3e989b9705ea1c826b03daa5a920c29784caf1cb53c174056ebf36243,det-v1,1,accepted,1439,2321,14601.485,0.0008402000,false,false
call-000365,arm9_spec_heuristic_rollback,dev/f3/s3050000/late_accurate,17,step-3.5-flash-2603,sha256:9181b9e3e989b9705ea1c826b03daa5a920c29784caf1cb53c174056ebf36243,det-v1,1,accepted,1439,2321,0.003,0.0008402000,true,false
call-000366,arm10_spec_eprocess,dev/f3/s3050000/late_accurate,17,step-3.5-flash-2603,sha256:9181b9e3e989b9705ea1c826b03daa5a920c29784caf1cb53c174056ebf36243,det-v1,1,accepted,1439,2321,0.003,0.0008402000,true,false
call-000367,arm8_spec_immediate,cal/f3/s3060000/late_accurate,15,step-3.5-flash-2603,sha256:da2ec354e84598927723bc0e246c9f150f31d15af6ca8d69c61c7f3a16d0e89e,det-v1,1,,1323,3517,34277.723,0.0011874000,false,true
call-000368,arm8_spec_immediate,cal/f3/s3060000/late_accurate,15,step-3.5-flash-2603,sha256:da2ec354e84598927723bc0e246c9f150f31d15af6ca8d69c61c7f3a16d0e89e,det-v1,1,accepted,1323,3517,34277.723,0.0011874000,false,false
call-000369,arm9_spec_heuristic_rollback,cal/f3/s3060000/late_accurate,15,step-3.5-flash-2603,sha256:da2ec354e84598927723bc0e246c9f150f31d15af6ca8d69c61c7f3a16d0e89e,det-v1,1,accepted,1323,3517,0.002,0.0011874000,true,false
call-000370,arm10_spec_eprocess,cal/f3/s3060000/late_accurate,15,step-3.5-flash-2603,sha256:da2ec354e84598927723bc0e246c9f150f31d15af6ca8d69c61c7f3a16d0e89e,det-v1,1,accepted,1323,3517,0.001,0.0011874000,true,false
call-000371,arm8_spec_immediate,dev/f3/s3050001/late_accurate,20,step-3.5-flash-2603,sha256:b42100df10eb4d3fce5c0a8b111703d2ea468c379b6bf637fbafdb0746a687bd,det-v1,1,,1551,2668,15189.606,0.0009555000,false,true
call-000372,arm8_spec_immediate,dev/f3/s3050001/late_accurate,20,step-3.5-flash-2603,sha256:b42100df10eb4d3fce5c0a8b111703d2ea468c379b6bf637fbafdb0746a687bd,det-v1,1,accepted,1551,2668,15189.606,0.0009555000,false,false
call-000373,arm9_spec_heuristic_rollback,dev/f3/s3050001/late_accurate,20,step-3.5-flash-2603,sha256:b42100df10eb4d3fce5c0a8b111703d2ea468c379b6bf637fbafdb0746a687bd,det-v1,1,accepted,1551,2668,0.003,0.0009555000,true,false
call-000374,arm10_spec_eprocess,dev/f3/s3050001/late_accurate,20,step-3.5-flash-2603,sha256:b42100df10eb4d3fce5c0a8b111703d2ea468c379b6bf637fbafdb0746a687bd,det-v1,1,accepted,1551,2668,0.003,0.0009555000,true,false
call-000375,arm8_spec_immediate,cal/f3/s3060001/late_accurate,22,step-3.5-flash-2603,sha256:4995529e1e13e8b9572671987ea2c1e0d84392c128d0606d4fe1ce8582e4bad2,det-v1,1,,1623,4142,24100.629,0.0014049000,false,true
call-000376,arm8_spec_immediate,cal/f3/s3060001/late_accurate,22,step-3.5-flash-2603,sha256:4995529e1e13e8b9572671987ea2c1e0d84392c128d0606d4fe1ce8582e4bad2,det-v1,1,accepted,1623,4142,24100.629,0.0014049000,false,false
call-000377,arm9_spec_heuristic_rollback,cal/f3/s3060001/late_accurate,22,step-3.5-flash-2603,sha256:4995529e1e13e8b9572671987ea2c1e0d84392c128d0606d4fe1ce8582e4bad2,det-v1,1,accepted,1623,4142,0.002,0.0014049000,true,false
call-000378,arm10_spec_eprocess,cal/f3/s3060001/late_accurate,22,step-3.5-flash-2603,sha256:4995529e1e13e8b9572671987ea2c1e0d84392c128d0606d4fe1ce8582e4bad2,det-v1,1,accepted,1623,4142,0.001,0.0014049000,true,false
call-000379,arm8_spec_immediate,dev/f3/s3050000/unreliable,14,step-3.5-flash-2603,sha256:34eee7af06abc4713ba09ddd29b6740231bb2c258d3b16e7c16f9922709a4069,det-v1,1,,1320,5343,30345.558,0.0017349000,false,true
call-000380,arm8_spec_immediate,dev/f3/s3050000/unreliable,14,step-3.5-flash-2603,sha256:34eee7af06abc4713ba09ddd29b6740231bb2c258d3b16e7c16f9922709a4069,det-v1,1,accepted,1320,5343,30345.558,0.0017349000,false,false
call-000381,arm9_spec_heuristic_rollback,dev/f3/s3050000/unreliable,14,step-3.5-flash-2603,sha256:34eee7af06abc4713ba09ddd29b6740231bb2c258d3b16e7c16f9922709a4069,det-v1,1,accepted,1320,5343,0.003,0.0017349000,true,false
call-000382,arm10_spec_eprocess,dev/f3/s3050000/unreliable,14,step-3.5-flash-2603,sha256:34eee7af06abc4713ba09ddd29b6740231bb2c258d3b16e7c16f9922709a4069,det-v1,1,accepted,1320,5343,0.003,0.0017349000,true,false
call-000383,arm8_spec_immediate,cal/f3/s3060000/unreliable,13,step-3.5-flash-2603,sha256:bb7dd0c0900bdaf2585eb8a93b11b577dc3036bb3d3eb442ad6add7272bf9a5f,det-v1,1,,1291,1154,8076.694,0.0004753000,false,true
call-000384,arm8_spec_immediate,cal/f3/s3060000/unreliable,13,step-3.5-flash-2603,sha256:bb7dd0c0900bdaf2585eb8a93b11b577dc3036bb3d3eb442ad6add7272bf9a5f,det-v1,1,accepted,1291,1154,8076.694,0.0004753000,false,false
call-000385,arm8_spec_immediate,cal/f3/s3060000/unreliable,19,step-3.5-flash-2603,sha256:751ad5f09fddb485b24212672da2e7a89377c66ce1cd673612e49da0467b888c,det-v1,1,,1519,10135,55832.119,0.0031924000,false,true
call-000386,arm8_spec_immediate,cal/f3/s3060000/unreliable,19,step-3.5-flash-2603,sha256:751ad5f09fddb485b24212672da2e7a89377c66ce1cd673612e49da0467b888c,det-v1,1,accepted,1519,10135,55832.119,0.0031924000,false,false
call-000387,arm9_spec_heuristic_rollback,cal/f3/s3060000/unreliable,13,step-3.5-flash-2603,sha256:bb7dd0c0900bdaf2585eb8a93b11b577dc3036bb3d3eb442ad6add7272bf9a5f,det-v1,1,accepted,1291,1154,0.003,0.0004753000,true,false
call-000388,arm9_spec_heuristic_rollback,cal/f3/s3060000/unreliable,19,step-3.5-flash-2603,sha256:751ad5f09fddb485b24212672da2e7a89377c66ce1cd673612e49da0467b888c,det-v1,1,accepted,1519,10135,0.003,0.0031924000,true,false
call-000389,arm10_spec_eprocess,cal/f3/s3060000/unreliable,13,step-3.5-flash-2603,sha256:bb7dd0c0900bdaf2585eb8a93b11b577dc3036bb3d3eb442ad6add7272bf9a5f,det-v1,1,accepted,1291,1154,0.003,0.0004753000,true,false
call-000390,arm10_spec_eprocess,cal/f3/s3060000/unreliable,19,step-3.5-flash-2603,sha256:751ad5f09fddb485b24212672da2e7a89377c66ce1cd673612e49da0467b888c,det-v1,1,accepted,1519,10135,0.002,0.0031924000,true,false
call-000391,arm8_spec_immediate,dev/f3/s3050001/unreliable,17,step-3.5-flash-2603,sha256:60ac2cd6545d404f6cc544f43a4eb4230b12f66467a6c4ba3890d48888cad795,det-v1,1,,1426,699,5834.212,0.0003523000,false,true
call-000392,arm8_spec_immediate,dev/f3/s3050001/unreliable,17,step-3.5-flash-2603,sha256:60ac2cd6545d404f6cc544f43a4eb4230b12f66467a6c4ba3890d48888cad795,det-v1,1,accepted,1426,699,5834.212,0.0003523000,false,false
call-000393,arm9_spec_heuristic_rollback,dev/f3/s3050001/unreliable,17,step-3.5-flash-2603,sha256:60ac2cd6545d404f6cc544f43a4eb4230b12f66467a6c4ba3890d48888cad795,det-v1,1,accepted,1426,699,0.002,0.0003523000,true,false
call-000394,arm10_spec_eprocess,dev/f3/s3050001/unreliable,17,step-3.5-flash-2603,sha256:60ac2cd6545d404f6cc544f43a4eb4230b12f66467a6c4ba3890d48888cad795,det-v1,1,accepted,1426,699,0.002,0.0003523000,true,false
call-000395,arm8_spec_immediate,cal/f3/s3060001/unreliable,19,step-3.5-flash-2603,sha256:698cfe8b7b6852f68726e9d44642bb1a7e86f1d237e736061a13b4c1e6da462b,det-v1,1,,1520,4409,24809.489,0.0014747000,false,true
call-000396,arm8_spec_immediate,cal/f3/s3060001/unreliable,19,step-3.5-flash-2603,sha256:698cfe8b7b6852f68726e9d44642bb1a7e86f1d237e736061a13b4c1e6da462b,det-v1,1,accepted,1520,4409,24809.489,0.0014747000,false,false
call-000397,arm8_spec_immediate,cal/f3/s3060001/unreliable,25,step-3.5-flash-2603,sha256:7daa8cb56d8bc89126ce1739e4da2847033dbb6624114a53a4d984767346f27d,det-v1,1,,1748,19499,87837.445,0.0060245000,false,true
call-000398,arm8_spec_immediate,cal/f3/s3060001/unreliable,25,step-3.5-flash-2603,sha256:7daa8cb56d8bc89126ce1739e4da2847033dbb6624114a53a4d984767346f27d,det-v1,1,accepted,1748,19499,87837.445,0.0060245000,false,false
call-000399,arm9_spec_heuristic_rollback,cal/f3/s3060001/unreliable,19,step-3.5-flash-2603,sha256:698cfe8b7b6852f68726e9d44642bb1a7e86f1d237e736061a13b4c1e6da462b,det-v1,1,accepted,1520,4409,0.003,0.0014747000,true,false
call-000400,arm9_spec_heuristic_rollback,cal/f3/s3060001/unreliable,25,step-3.5-flash-2603,sha256:7daa8cb56d8bc89126ce1739e4da2847033dbb6624114a53a4d984767346f27d,det-v1,1,accepted,1748,19499,0.003,0.0060245000,true,false
call-000401,arm10_spec_eprocess,cal/f3/s3060001/unreliable,19,step-3.5-flash-2603,sha256:698cfe8b7b6852f68726e9d44642bb1a7e86f1d237e736061a13b4c1e6da462b,det-v1,1,accepted,1520,4409,0.003,0.0014747000,true,false
call-000402,arm10_spec_eprocess,cal/f3/s3060001/unreliable,25,step-3.5-flash-2603,sha256:69e76c0741a9b4b60263c902d2a82cd3459dc8aa8b0a41a6a0c152ad6a397ced,det-v1,1,,1748,5102,27133.885,0.0017054000,false,true
call-000403,arm10_spec_eprocess,cal/f3/s3060001/unreliable,25,step-3.5-flash-2603,sha256:69e76c0741a9b4b60263c902d2a82cd3459dc8aa8b0a41a6a0c152ad6a397ced,det-v1,1,accepted,1748,5102,27133.885,0.0017054000,false,false
call-000404,arm8_spec_immediate,dev/f4/s4050000/early_accurate,19,step-3.5-flash-2603,sha256:99d037c0760a4fdcab5348c884d19e5764878b4d8f8eb971e102a173d52d06f5,det-v1,1,,1511,16198,82304.731,0.0050105000,false,true
call-000405,arm8_spec_immediate,dev/f4/s4050000/early_accurate,19,step-3.5-flash-2603,sha256:99d037c0760a4fdcab5348c884d19e5764878b4d8f8eb971e102a173d52d06f5,det-v1,1,accepted,1511,16198,82304.731,0.0050105000,false,false
call-000406,arm9_spec_heuristic_rollback,dev/f4/s4050000/early_accurate,19,step-3.5-flash-2603,sha256:99d037c0760a4fdcab5348c884d19e5764878b4d8f8eb971e102a173d52d06f5,det-v1,1,accepted,1511,16198,0.003,0.0050105000,true,false
call-000407,arm10_spec_eprocess,dev/f4/s4050000/early_accurate,19,step-3.5-flash-2603,sha256:99d037c0760a4fdcab5348c884d19e5764878b4d8f8eb971e102a173d52d06f5,det-v1,1,accepted,1511,16198,0.003,0.0050105000,true,false
call-000408,arm8_spec_immediate,cal/f4/s4060000/early_accurate,15,step-3.5-flash-2603,sha256:7378353877da5be790ef8266be93face8b98ebd711debe57b614a035c699c39e,det-v1,1,,1358,3253,18950.792,0.0011117000,false,true
call-000409,arm8_spec_immediate,cal/f4/s4060000/early_accurate,15,step-3.5-flash-2603,sha256:7378353877da5be790ef8266be93face8b98ebd711debe57b614a035c699c39e,det-v1,1,accepted,1358,3253,18950.792,0.0011117000,false,false
call-000410,arm9_spec_heuristic_rollback,cal/f4/s4060000/early_accurate,15,step-3.5-flash-2603,sha256:7378353877da5be790ef8266be93face8b98ebd711debe57b614a035c699c39e,det-v1,1,accepted,1358,3253,0.001,0.0011117000,true,false
call-000411,arm10_spec_eprocess,cal/f4/s4060000/early_accurate,15,step-3.5-flash-2603,sha256:7378353877da5be790ef8266be93face8b98ebd711debe57b614a035c699c39e,det-v1,1,accepted,1358,3253,0.001,0.0011117000,true,false
call-000412,arm8_spec_immediate,dev/f4/s4050001/early_accurate,17,step-3.5-flash-2603,sha256:91a7a2bde11abd798dff658f4906db020b867346005fd8d184e81639690b1e21,det-v1,1,,1437,9750,58656.526,0.0030687000,false,true
call-000413,arm8_spec_immediate,dev/f4/s4050001/early_accurate,17,step-3.5-flash-2603,sha256:91a7a2bde11abd798dff658f4906db020b867346005fd8d184e81639690b1e21,det-v1,1,accepted,1437,9750,58656.526,0.0030687000,false,false
call-000414,arm9_spec_heuristic_rollback,dev/f4/s4050001/early_accurate,17,step-3.5-flash-2603,sha256:91a7a2bde11abd798dff658f4906db020b867346005fd8d184e81639690b1e21,det-v1,1,accepted,1437,9750,0.002,0.0030687000,true,false
call-000415,arm10_spec_eprocess,dev/f4/s4050001/early_accurate,17,step-3.5-flash-2603,sha256:91a7a2bde11abd798dff658f4906db020b867346005fd8d184e81639690b1e21,det-v1,1,accepted,1437,9750,0.002,0.0030687000,true,false
call-000416,arm8_spec_immediate,cal/f4/s4060001/early_accurate,15,step-3.5-flash-2603,sha256:81a79e0ee2cac91536f1b5e2f431b43a79a1ed31e6508651517267f6b18d0ba6,det-v1,1,,1363,13378,77478.559,0.0041497000,false,true
call-000417,arm8_spec_immediate,cal/f4/s4060001/early_accurate,15,step-3.5-flash-2603,sha256:81a79e0ee2cac91536f1b5e2f431b43a79a1ed31e6508651517267f6b18d0ba6,det-v1,1,accepted,1363,13378,77478.559,0.0041497000,false,false
call-000418,arm9_spec_heuristic_rollback,cal/f4/s4060001/early_accurate,15,step-3.5-flash-2603,sha256:81a79e0ee2cac91536f1b5e2f431b43a79a1ed31e6508651517267f6b18d0ba6,det-v1,1,accepted,1363,13378,0.003,0.0041497000,true,false
call-000419,arm10_spec_eprocess,cal/f4/s4060001/early_accurate,15,step-3.5-flash-2603,sha256:81a79e0ee2cac91536f1b5e2f431b43a79a1ed31e6508651517267f6b18d0ba6,det-v1,1,accepted,1363,13378,0.003,0.0041497000,true,false
call-000420,arm8_spec_immediate,dev/f4/s4050000/late_accurate,22,step-3.5-flash-2603,sha256:fc6c55826b0dea884529e7c27f5198a2734779b558834855bc67846497ffa10e,det-v1,1,,1625,7585,40744.024,0.0024380000,false,true
call-000421,arm8_spec_immediate,dev/f4/s4050000/late_accurate,22,step-3.5-flash-2603,sha256:fc6c55826b0dea884529e7c27f5198a2734779b558834855bc67846497ffa10e,det-v1,1,fallback,1625,7585,40744.024,0.0024380000,false,false
call-000422,arm8_spec_immediate,dev/f4/s4050000/late_accurate,22,step-3.5-flash-2603,sha256:94cdc3d82fe0aaeb38ee805c22ae209ad2b489579ace027fdec15dc278c4a3be,det-v1,2,,1697,10988,55902.150,0.0034661000,false,true
call-000423,arm8_spec_immediate,dev/f4/s4050000/late_accurate,22,step-3.5-flash-2603,sha256:94cdc3d82fe0aaeb38ee805c22ae209ad2b489579ace027fdec15dc278c4a3be,det-v1,2,accepted_after_repair,1697,10988,55902.150,0.0034661000,false,false
call-000424,arm9_spec_heuristic_rollback,dev/f4/s4050000/late_accurate,22,step-3.5-flash-2603,sha256:fc6c55826b0dea884529e7c27f5198a2734779b558834855bc67846497ffa10e,det-v1,1,fallback,1625,7585,0.004,0.0024380000,true,false
call-000425,arm9_spec_heuristic_rollback,dev/f4/s4050000/late_accurate,22,step-3.5-flash-2603,sha256:94cdc3d82fe0aaeb38ee805c22ae209ad2b489579ace027fdec15dc278c4a3be,det-v1,2,accepted_after_repair,1697,10988,0.003,0.0034661000,true,false
call-000426,arm10_spec_eprocess,dev/f4/s4050000/late_accurate,22,step-3.5-flash-2603,sha256:fc6c55826b0dea884529e7c27f5198a2734779b558834855bc67846497ffa10e,det-v1,1,fallback,1625,7585,0.003,0.0024380000,true,false
call-000427,arm10_spec_eprocess,dev/f4/s4050000/late_accurate,22,step-3.5-flash-2603,sha256:94cdc3d82fe0aaeb38ee805c22ae209ad2b489579ace027fdec15dc278c4a3be,det-v1,2,accepted_after_repair,1697,10988,0.002,0.0034661000,true,false
call-000428,arm8_spec_immediate,cal/f4/s4060000/late_accurate,18,step-3.5-flash-2603,sha256:237921b6a46bc8c9f64811dafcf71020eb561a7d75ca433e090dddca487e37fd,det-v1,1,,1472,4866,26460.363,0.0016070000,false,true
call-000429,arm8_spec_immediate,cal/f4/s4060000/late_accurate,18,step-3.5-flash-2603,sha256:237921b6a46bc8c9f64811dafcf71020eb561a7d75ca433e090dddca487e37fd,det-v1,1,accepted,1472,4866,26460.363,0.0016070000,false,false
call-000430,arm9_spec_heuristic_rollback,cal/f4/s4060000/late_accurate,18,step-3.5-flash-2603,sha256:237921b6a46bc8c9f64811dafcf71020eb561a7d75ca433e090dddca487e37fd,det-v1,1,accepted,1472,4866,0.002,0.0016070000,true,false
call-000431,arm10_spec_eprocess,cal/f4/s4060000/late_accurate,18,step-3.5-flash-2603,sha256:237921b6a46bc8c9f64811dafcf71020eb561a7d75ca433e090dddca487e37fd,det-v1,1,accepted,1472,4866,0.001,0.0016070000,true,false
call-000432,arm8_spec_immediate,dev/f4/s4050001/late_accurate,20,step-3.5-flash-2603,sha256:649b763ab2885cb884269feba65a527ee57a1455b5cb73ebffa3ecf7412e0346,det-v1,1,,1551,4335,22091.104,0.0014556000,false,true
call-000433,arm8_spec_immediate,dev/f4/s4050001/late_accurate,20,step-3.5-flash-2603,sha256:649b763ab2885cb884269feba65a527ee57a1455b5cb73ebffa3ecf7412e0346,det-v1,1,accepted,1551,4335,22091.104,0.0014556000,false,false
call-000434,arm9_spec_heuristic_rollback,dev/f4/s4050001/late_accurate,20,step-3.5-flash-2603,sha256:649b763ab2885cb884269feba65a527ee57a1455b5cb73ebffa3ecf7412e0346,det-v1,1,accepted,1551,4335,0.002,0.0014556000,true,false
call-000435,arm10_spec_eprocess,dev/f4/s4050001/late_accurate,20,step-3.5-flash-2603,sha256:649b763ab2885cb884269feba65a527ee57a1455b5cb73ebffa3ecf7412e0346,det-v1,1,accepted,1551,4335,0.002,0.0014556000,true,false
call-000436,arm8_spec_immediate,cal/f4/s4060001/late_accurate,18,step-3.5-flash-2603,sha256:fc7dff4dd99974f4dbd788c81303b81cbcc42f783813755bc565e35ee32258ad,det-v1,1,,1477,6442,34137.042,0.0020803000,false,true
call-000437,arm8_spec_immediate,cal/f4/s4060001/late_accurate,18,step-3.5-flash-2603,sha256:fc7dff4dd99974f4dbd788c81303b81cbcc42f783813755bc565e35ee32258ad,det-v1,1,accepted,1477,6442,34137.042,0.0020803000,false,false
call-000438,arm9_spec_heuristic_rollback,cal/f4/s4060001/late_accurate,18,step-3.5-flash-2603,sha256:fc7dff4dd99974f4dbd788c81303b81cbcc42f783813755bc565e35ee32258ad,det-v1,1,accepted,1477,6442,0.002,0.0020803000,true,false
call-000439,arm10_spec_eprocess,cal/f4/s4060001/late_accurate,18,step-3.5-flash-2603,sha256:fc7dff4dd99974f4dbd788c81303b81cbcc42f783813755bc565e35ee32258ad,det-v1,1,accepted,1477,6442,0.002,0.0020803000,true,false
call-000440,arm8_spec_immediate,dev/f4/s4050000/unreliable,19,step-3.5-flash-2603,sha256:717e62f02b92c23264b0f66f6004b0f49833f18d3a85cd0e715d525e67e70bbf,det-v1,1,,1515,2411,14308.676,0.0008748000,false,true
call-000441,arm8_spec_immediate,dev/f4/s4050000/unreliable,19,step-3.5-flash-2603,sha256:717e62f02b92c23264b0f66f6004b0f49833f18d3a85cd0e715d525e67e70bbf,det-v1,1,accepted,1515,2411,14308.676,0.0008748000,false,false
call-000442,arm9_spec_heuristic_rollback,dev/f4/s4050000/unreliable,19,step-3.5-flash-2603,sha256:717e62f02b92c23264b0f66f6004b0f49833f18d3a85cd0e715d525e67e70bbf,det-v1,1,accepted,1515,2411,0.002,0.0008748000,true,false
call-000443,arm10_spec_eprocess,dev/f4/s4050000/unreliable,19,step-3.5-flash-2603,sha256:717e62f02b92c23264b0f66f6004b0f49833f18d3a85cd0e715d525e67e70bbf,det-v1,1,accepted,1515,2411,0.001,0.0008748000,true,false
call-000444,arm8_spec_immediate,cal/f4/s4060000/unreliable,15,step-3.5-flash-2603,sha256:a24a7f14bb8f6cb978c9d6a779c67c00cb03ad0e90128c5dcdbc58bf73392041,det-v1,1,,1364,2239,13717.565,0.0008081000,false,true
call-000445,arm8_spec_immediate,cal/f4/s4060000/unreliable,15,step-3.5-flash-2603,sha256:a24a7f14bb8f6cb978c9d6a779c67c00cb03ad0e90128c5dcdbc58bf73392041,det-v1,1,accepted,1364,2239,13717.565,0.0008081000,false,false
call-000446,arm9_spec_heuristic_rollback,cal/f4/s4060000/unreliable,15,step-3.5-flash-2603,sha256:a24a7f14bb8f6cb978c9d6a779c67c00cb03ad0e90128c5dcdbc58bf73392041,det-v1,1,accepted,1364,2239,0.002,0.0008081000,true,false
call-000447,arm10_spec_eprocess,cal/f4/s4060000/unreliable,15,step-3.5-flash-2603,sha256:a24a7f14bb8f6cb978c9d6a779c67c00cb03ad0e90128c5dcdbc58bf73392041,det-v1,1,accepted,1364,2239,0.002,0.0008081000,true,false
call-000448,arm8_spec_immediate,dev/f4/s4050001/unreliable,17,step-3.5-flash-2603,sha256:366ff0300c44e2d5c4ccacf564174b6a3914cd3b97a83989ab6072c0153f4780,det-v1,1,,1425,885,6299.681,0.0004080000,false,true
call-000449,arm8_spec_immediate,dev/f4/s4050001/unreliable,17,step-3.5-flash-2603,sha256:366ff0300c44e2d5c4ccacf564174b6a3914cd3b97a83989ab6072c0153f4780,det-v1,1,accepted,1425,885,6299.681,0.0004080000,false,false
call-000450,arm9_spec_heuristic_rollback,dev/f4/s4050001/unreliable,17,step-3.5-flash-2603,sha256:366ff0300c44e2d5c4ccacf564174b6a3914cd3b97a83989ab6072c0153f4780,det-v1,1,accepted,1425,885,0.002,0.0004080000,true,false
call-000451,arm10_spec_eprocess,dev/f4/s4050001/unreliable,17,step-3.5-flash-2603,sha256:366ff0300c44e2d5c4ccacf564174b6a3914cd3b97a83989ab6072c0153f4780,det-v1,1,accepted,1425,885,0.002,0.0004080000,true,false
call-000452,arm8_spec_immediate,cal/f4/s4060001/unreliable,15,step-3.5-flash-2603,sha256:739bb86457dceb561c7496b421dea35ee0a2ca90967ad8702928b3b04a35e6a1,det-v1,1,,1363,7826,39059.884,0.0024841000,false,true
call-000453,arm8_spec_immediate,cal/f4/s4060001/unreliable,15,step-3.5-flash-2603,sha256:739bb86457dceb561c7496b421dea35ee0a2ca90967ad8702928b3b04a35e6a1,det-v1,1,accepted,1363,7826,39059.884,0.0024841000,false,false
call-000454,arm9_spec_heuristic_rollback,cal/f4/s4060001/unreliable,15,step-3.5-flash-2603,sha256:739bb86457dceb561c7496b421dea35ee0a2ca90967ad8702928b3b04a35e6a1,det-v1,1,accepted,1363,7826,0.003,0.0024841000,true,false
call-000455,arm10_spec_eprocess,cal/f4/s4060001/unreliable,15,step-3.5-flash-2603,sha256:739bb86457dceb561c7496b421dea35ee0a2ca90967ad8702928b3b04a35e6a1,det-v1,1,accepted,1363,7826,0.003,0.0024841000,true,false
call-000456,arm8_spec_immediate,dev/f5/s5050000/early_accurate,20,step-3.5-flash-2603,sha256:60913ce2196d10abc65a1467f97245be7d6159fa908a1ea22365c5d71a50064c,det-v1,1,,1558,5296,27754.992,0.0017446000,false,true
call-000457,arm8_spec_immediate,dev/f5/s5050000/early_accurate,20,step-3.5-flash-2603,sha256:60913ce2196d10abc65a1467f97245be7d6159fa908a1ea22365c5d71a50064c,det-v1,1,accepted,1558,5296,27754.992,0.0017446000,false,false
call-000458,arm9_spec_heuristic_rollback,dev/f5/s5050000/early_accurate,20,step-3.5-flash-2603,sha256:60913ce2196d10abc65a1467f97245be7d6159fa908a1ea22365c5d71a50064c,det-v1,1,accepted,1558,5296,0.001,0.0017446000,true,false
call-000459,arm10_spec_eprocess,dev/f5/s5050000/early_accurate,20,step-3.5-flash-2603,sha256:60913ce2196d10abc65a1467f97245be7d6159fa908a1ea22365c5d71a50064c,det-v1,1,accepted,1558,5296,0.001,0.0017446000,true,false
call-000460,arm8_spec_immediate,cal/f5/s5060000/early_accurate,18,step-3.5-flash-2603,sha256:fe9600e8f0db3cfc02fb18c392f2a505714d765d492f095fea3329f3e4ceeab8,det-v1,1,,1477,4029,21648.647,0.0013564000,false,true
call-000461,arm8_spec_immediate,cal/f5/s5060000/early_accurate,18,step-3.5-flash-2603,sha256:fe9600e8f0db3cfc02fb18c392f2a505714d765d492f095fea3329f3e4ceeab8,det-v1,1,accepted,1477,4029,21648.647,0.0013564000,false,false
call-000462,arm9_spec_heuristic_rollback,cal/f5/s5060000/early_accurate,18,step-3.5-flash-2603,sha256:fe9600e8f0db3cfc02fb18c392f2a505714d765d492f095fea3329f3e4ceeab8,det-v1,1,accepted,1477,4029,0.002,0.0013564000,true,false
call-000463,arm10_spec_eprocess,cal/f5/s5060000/early_accurate,18,step-3.5-flash-2603,sha256:fe9600e8f0db3cfc02fb18c392f2a505714d765d492f095fea3329f3e4ceeab8,det-v1,1,accepted,1477,4029,0.002,0.0013564000,true,false
call-000464,arm8_spec_immediate,dev/f5/s5050001/early_accurate,15,step-3.5-flash-2603,sha256:8f0f73ffcbc7a27c208e7eb55bf25e2921d289f2df16ab2301908c5ae8425d91,det-v1,1,,1358,4612,24943.211,0.0015194000,false,true
call-000465,arm8_spec_immediate,dev/f5/s5050001/early_accurate,15,step-3.5-flash-2603,sha256:8f0f73ffcbc7a27c208e7eb55bf25e2921d289f2df16ab2301908c5ae8425d91,det-v1,1,accepted,1358,4612,24943.211,0.0015194000,false,false
call-000466,arm9_spec_heuristic_rollback,dev/f5/s5050001/early_accurate,15,step-3.5-flash-2603,sha256:8f0f73ffcbc7a27c208e7eb55bf25e2921d289f2df16ab2301908c5ae8425d91,det-v1,1,accepted,1358,4612,0.002,0.0015194000,true,false
call-000467,arm10_spec_eprocess,dev/f5/s5050001/early_accurate,15,step-3.5-flash-2603,sha256:8f0f73ffcbc7a27c208e7eb55bf25e2921d289f2df16ab2301908c5ae8425d91,det-v1,1,accepted,1358,4612,0.001,0.0015194000,true,false
call-000468,arm8_spec_immediate,cal/f5/s5060001/early_accurate,21,step-3.5-flash-2603,sha256:00cebe24fcebe01f7d70ccd239fcae87212230ec43228fb7ba5c99803c60d3d6,det-v1,1,,1593,3836,23435.867,0.0013101000,false,true
call-000469,arm8_spec_immediate,cal/f5/s5060001/early_accurate,21,step-3.5-flash-2603,sha256:00cebe24fcebe01f7d70ccd239fcae87212230ec43228fb7ba5c99803c60d3d6,det-v1,1,accepted,1593,3836,23435.867,0.0013101000,false,false
call-000470,arm9_spec_heuristic_rollback,cal/f5/s5060001/early_accurate,21,step-3.5-flash-2603,sha256:00cebe24fcebe01f7d70ccd239fcae87212230ec43228fb7ba5c99803c60d3d6,det-v1,1,accepted,1593,3836,0.002,0.0013101000,true,false
call-000471,arm10_spec_eprocess,cal/f5/s5060001/early_accurate,21,step-3.5-flash-2603,sha256:00cebe24fcebe01f7d70ccd239fcae87212230ec43228fb7ba5c99803c60d3d6,det-v1,1,accepted,1593,3836,0.002,0.0013101000,true,false
call-000472,arm8_spec_immediate,dev/f5/s5050000/late_accurate,23,step-3.5-flash-2603,sha256:5848d6f66ebe0298309bccaf57ef54ec022760723c51c784eff2dc2d7195c1f3,det-v1,1,,1672,4301,26607.871,0.0014575000,false,true
call-000473,arm8_spec_immediate,dev/f5/s5050000/late_accurate,23,step-3.5-flash-2603,sha256:5848d6f66ebe0298309bccaf57ef54ec022760723c51c784eff2dc2d7195c1f3,det-v1,1,accepted,1672,4301,26607.871,0.0014575000,false,false
call-000474,arm9_spec_heuristic_rollback,dev/f5/s5050000/late_accurate,23,step-3.5-flash-2603,sha256:5848d6f66ebe0298309bccaf57ef54ec022760723c51c784eff2dc2d7195c1f3,det-v1,1,accepted,1672,4301,0.002,0.0014575000,true,false
call-000475,arm10_spec_eprocess,dev/f5/s5050000/late_accurate,23,step-3.5-flash-2603,sha256:5848d6f66ebe0298309bccaf57ef54ec022760723c51c784eff2dc2d7195c1f3,det-v1,1,accepted,1672,4301,0.001,0.0014575000,true,false
call-000476,arm8_spec_immediate,cal/f5/s5060000/late_accurate,21,step-3.5-flash-2603,sha256:8bfdb20c0e85831ea6782ab1e35237b619df9b13455aa33165cdc6aca964f7b7,det-v1,1,,1591,9435,48554.317,0.0029896000,false,true
call-000477,arm8_spec_immediate,cal/f5/s5060000/late_accurate,21,step-3.5-flash-2603,sha256:8bfdb20c0e85831ea6782ab1e35237b619df9b13455aa33165cdc6aca964f7b7,det-v1,1,accepted,1591,9435,48554.317,0.0029896000,false,false
call-000478,arm9_spec_heuristic_rollback,cal/f5/s5060000/late_accurate,21,step-3.5-flash-2603,sha256:8bfdb20c0e85831ea6782ab1e35237b619df9b13455aa33165cdc6aca964f7b7,det-v1,1,accepted,1591,9435,0.002,0.0029896000,true,false
call-000479,arm10_spec_eprocess,cal/f5/s5060000/late_accurate,21,step-3.5-flash-2603,sha256:8bfdb20c0e85831ea6782ab1e35237b619df9b13455aa33165cdc6aca964f7b7,det-v1,1,accepted,1591,9435,0.001,0.0029896000,true,false
call-000480,arm8_spec_immediate,dev/f5/s5050001/late_accurate,18,step-3.5-flash-2603,sha256:5d326dd8162a3c978013533d075268f23e0bc54c7d48c12b5333b5f8efb07a86,det-v1,1,,1472,6540,36021.955,0.0021092000,false,true
call-000481,arm8_spec_immediate,dev/f5/s5050001/late_accurate,18,step-3.5-flash-2603,sha256:5d326dd8162a3c978013533d075268f23e0bc54c7d48c12b5333b5f8efb07a86,det-v1,1,accepted,1472,6540,36021.955,0.0021092000,false,false
call-000482,arm9_spec_heuristic_rollback,dev/f5/s5050001/late_accurate,18,step-3.5-flash-2603,sha256:5d326dd8162a3c978013533d075268f23e0bc54c7d48c12b5333b5f8efb07a86,det-v1,1,accepted,1472,6540,0.002,0.0021092000,true,false
call-000483,arm10_spec_eprocess,dev/f5/s5050001/late_accurate,18,step-3.5-flash-2603,sha256:5d326dd8162a3c978013533d075268f23e0bc54c7d48c12b5333b5f8efb07a86,det-v1,1,accepted,1472,6540,0.002,0.0021092000,true,false
call-000484,arm8_spec_immediate,cal/f5/s5060001/late_accurate,24,step-3.5-flash-2603,sha256:1027b806ed887792e9a2ea6c0f37997d7c5f157a4de0461b3bab4d105fee9692,det-v1,1,,1707,5886,33209.273,0.0019365000,false,true
call-000485,arm8_spec_immediate,cal/f5/s5060001/late_accurate,24,step-3.5-flash-2603,sha256:1027b806ed887792e9a2ea6c0f37997d7c5f157a4de0461b3bab4d105fee9692,det-v1,1,accepted,1707,5886,33209.273,0.0019365000,false,false
call-000486,arm9_spec_heuristic_rollback,cal/f5/s5060001/late_accurate,24,step-3.5-flash-2603,sha256:1027b806ed887792e9a2ea6c0f37997d7c5f157a4de0461b3bab4d105fee9692,det-v1,1,accepted,1707,5886,0.002,0.0019365000,true,false
call-000487,arm10_spec_eprocess,cal/f5/s5060001/late_accurate,24,step-3.5-flash-2603,sha256:1027b806ed887792e9a2ea6c0f37997d7c5f157a4de0461b3bab4d105fee9692,det-v1,1,accepted,1707,5886,0.001,0.0019365000,true,false
call-000488,arm8_spec_immediate,dev/f5/s5050000/unreliable,20,step-3.5-flash-2603,sha256:202586b72c0311de5816b50b46d5a221af18fe5a7bdce18807ba4870e11aae1b,det-v1,1,,1551,3119,17825.372,0.0010908000,false,true
call-000489,arm8_spec_immediate,dev/f5/s5050000/unreliable,20,step-3.5-flash-2603,sha256:202586b72c0311de5816b50b46d5a221af18fe5a7bdce18807ba4870e11aae1b,det-v1,1,accepted,1551,3119,17825.372,0.0010908000,false,false
call-000490,arm9_spec_heuristic_rollback,dev/f5/s5050000/unreliable,20,step-3.5-flash-2603,sha256:202586b72c0311de5816b50b46d5a221af18fe5a7bdce18807ba4870e11aae1b,det-v1,1,accepted,1551,3119,0.002,0.0010908000,true,false
call-000491,arm10_spec_eprocess,dev/f5/s5050000/unreliable,20,step-3.5-flash-2603,sha256:202586b72c0311de5816b50b46d5a221af18fe5a7bdce18807ba4870e11aae1b,det-v1,1,accepted,1551,3119,0.001,0.0010908000,true,false
call-000492,arm8_spec_immediate,cal/f5/s5060000/unreliable,18,step-3.5-flash-2603,sha256:fb7ee64b01850fdd52358045ae6d5cd031b1ff419e7e9c87fd75e1c07bc92d96,det-v1,1,,1482,2812,16497.200,0.0009918000,false,true
call-000493,arm8_spec_immediate,cal/f5/s5060000/unreliable,18,step-3.5-flash-2603,sha256:fb7ee64b01850fdd52358045ae6d5cd031b1ff419e7e9c87fd75e1c07bc92d96,det-v1,1,accepted,1482,2812,16497.200,0.0009918000,false,false
call-000494,arm9_spec_heuristic_rollback,cal/f5/s5060000/unreliable,18,step-3.5-flash-2603,sha256:fb7ee64b01850fdd52358045ae6d5cd031b1ff419e7e9c87fd75e1c07bc92d96,det-v1,1,accepted,1482,2812,0.002,0.0009918000,true,false
call-000495,arm10_spec_eprocess,cal/f5/s5060000/unreliable,18,step-3.5-flash-2603,sha256:fb7ee64b01850fdd52358045ae6d5cd031b1ff419e7e9c87fd75e1c07bc92d96,det-v1,1,accepted,1482,2812,0.002,0.0009918000,true,false
call-000496,arm8_spec_immediate,dev/f5/s5050001/unreliable,15,step-3.5-flash-2603,sha256:2ebdff86b837ac2d7791701bf9ee7acb6ce659bfafbfc7219c5670ab8546a2ae,det-v1,1,,1348,657,4932.126,0.0003319000,false,true
call-000497,arm8_spec_immediate,dev/f5/s5050001/unreliable,15,step-3.5-flash-2603,sha256:2ebdff86b837ac2d7791701bf9ee7acb6ce659bfafbfc7219c5670ab8546a2ae,det-v1,1,accepted,1348,657,4932.126,0.0003319000,false,false
call-000498,arm9_spec_heuristic_rollback,dev/f5/s5050001/unreliable,15,step-3.5-flash-2603,sha256:2ebdff86b837ac2d7791701bf9ee7acb6ce659bfafbfc7219c5670ab8546a2ae,det-v1,1,accepted,1348,657,0.002,0.0003319000,true,false
call-000499,arm10_spec_eprocess,dev/f5/s5050001/unreliable,15,step-3.5-flash-2603,sha256:2ebdff86b837ac2d7791701bf9ee7acb6ce659bfafbfc7219c5670ab8546a2ae,det-v1,1,accepted,1348,657,0.002,0.0003319000,true,false
call-000500,arm8_spec_immediate,cal/f5/s5060001/unreliable,21,step-3.5-flash-2603,sha256:2622f9cbed17061794336d5d7a0bee5d6af399866563ae126b5d0d18248519fd,det-v1,1,,1602,3450,19345.055,0.0011952000,false,true
call-000501,arm8_spec_immediate,cal/f5/s5060001/unreliable,21,step-3.5-flash-2603,sha256:2622f9cbed17061794336d5d7a0bee5d6af399866563ae126b5d0d18248519fd,det-v1,1,accepted,1602,3450,19345.055,0.0011952000,false,false
call-000502,arm9_spec_heuristic_rollback,cal/f5/s5060001/unreliable,21,step-3.5-flash-2603,sha256:2622f9cbed17061794336d5d7a0bee5d6af399866563ae126b5d0d18248519fd,det-v1,1,accepted,1602,3450,0.002,0.0011952000,true,false
call-000503,arm10_spec_eprocess,cal/f5/s5060001/unreliable,21,step-3.5-flash-2603,sha256:2622f9cbed17061794336d5d7a0bee5d6af399866563ae126b5d0d18248519fd,det-v1,1,accepted,1602,3450,0.002,0.0011952000,true,false
call-000504,arm8_spec_immediate,dev/f6/s6050000/no_alert,22,step-3.5-flash-2603,sha256:7c8a8e6cc29950cd1f82fa1f040f0b39d6023ab9a246bebbe2747f6c16eae73a,det-v1,1,,1589,16910,98265.324,0.0052319000,false,true
call-000505,arm8_spec_immediate,dev/f6/s6050000/no_alert,22,step-3.5-flash-2603,sha256:7c8a8e6cc29950cd1f82fa1f040f0b39d6023ab9a246bebbe2747f6c16eae73a,det-v1,1,accepted,1589,16910,98265.324,0.0052319000,false,false
call-000506,arm9_spec_heuristic_rollback,dev/f6/s6050000/no_alert,22,step-3.5-flash-2603,sha256:7c8a8e6cc29950cd1f82fa1f040f0b39d6023ab9a246bebbe2747f6c16eae73a,det-v1,1,accepted,1589,16910,0.003,0.0052319000,true,false
call-000507,arm10_spec_eprocess,dev/f6/s6050000/no_alert,22,step-3.5-flash-2603,sha256:7c8a8e6cc29950cd1f82fa1f040f0b39d6023ab9a246bebbe2747f6c16eae73a,det-v1,1,accepted,1589,16910,0.003,0.0052319000,true,false
call-000508,arm8_spec_immediate,cal/f6/s6060000/no_alert,18,step-3.5-flash-2603,sha256:654226f8702ac70b385231f3a08d4a1b7845fe6fedea7a30d408ae5d9be39dc5,det-v1,1,,1437,20730,104298.457,0.0063627000,false,true
call-000509,arm8_spec_immediate,cal/f6/s6060000/no_alert,18,step-3.5-flash-2603,sha256:654226f8702ac70b385231f3a08d4a1b7845fe6fedea7a30d408ae5d9be39dc5,det-v1,1,accepted,1437,20730,104298.457,0.0063627000,false,false
call-000510,arm9_spec_heuristic_rollback,cal/f6/s6060000/no_alert,18,step-3.5-flash-2603,sha256:654226f8702ac70b385231f3a08d4a1b7845fe6fedea7a30d408ae5d9be39dc5,det-v1,1,accepted,1437,20730,0.004,0.0063627000,true,false
call-000511,arm10_spec_eprocess,cal/f6/s6060000/no_alert,18,step-3.5-flash-2603,sha256:654226f8702ac70b385231f3a08d4a1b7845fe6fedea7a30d408ae5d9be39dc5,det-v1,1,accepted,1437,20730,0.004,0.0063627000,true,false
call-000512,arm8_spec_immediate,dev/f6/s6050001/no_alert,25,step-3.5-flash-2603,sha256:1c823d32732f1fad0da98c138f2e543963965d831dd45309b7d8894ec295cbb6,det-v1,1,,1703,32104,166898.463,0.0098015000,false,true
call-000513,arm8_spec_immediate,dev/f6/s6050001/no_alert,25,step-3.5-flash-2603,sha256:1c823d32732f1fad0da98c138f2e543963965d831dd45309b7d8894ec295cbb6,det-v1,1,accepted,1703,32104,166898.463,0.0098015000,false,false
call-000514,arm9_spec_heuristic_rollback,dev/f6/s6050001/no_alert,25,step-3.5-flash-2603,sha256:1c823d32732f1fad0da98c138f2e543963965d831dd45309b7d8894ec295cbb6,det-v1,1,accepted,1703,32104,0.004,0.0098015000,true,false
call-000515,arm10_spec_eprocess,dev/f6/s6050001/no_alert,25,step-3.5-flash-2603,sha256:1c823d32732f1fad0da98c138f2e543963965d831dd45309b7d8894ec295cbb6,det-v1,1,accepted,1703,32104,0.003,0.0098015000,true,false
call-000516,arm8_spec_immediate,cal/f6/s6060001/no_alert,23,step-3.5-flash-2603,sha256:e7c4a754573ffe92332f002d94afec48d358b2047d1b6d9f738e8a506b38ae10,det-v1,1,,1627,21912,107568.675,0.0067363000,false,true
call-000517,arm8_spec_immediate,cal/f6/s6060001/no_alert,23,step-3.5-flash-2603,sha256:e7c4a754573ffe92332f002d94afec48d358b2047d1b6d9f738e8a506b38ae10,det-v1,1,accepted,1627,21912,107568.675,0.0067363000,false,false
call-000518,arm9_spec_heuristic_rollback,cal/f6/s6060001/no_alert,23,step-3.5-flash-2603,sha256:e7c4a754573ffe92332f002d94afec48d358b2047d1b6d9f738e8a506b38ae10,det-v1,1,accepted,1627,21912,0.004,0.0067363000,true,false
call-000519,arm10_spec_eprocess,cal/f6/s6060001/no_alert,23,step-3.5-flash-2603,sha256:e7c4a754573ffe92332f002d94afec48d358b2047d1b6d9f738e8a506b38ae10,det-v1,1,accepted,1627,21912,0.003,0.0067363000,true,false
call-000520,arm8_spec_immediate,dev/f6/s6050000/early_accurate,18,step-3.5-flash-2603,sha256:dc4ceae65a64f71f469be343e2963ccbeacd0866a3a26a64520b05ee2ec5af31,det-v1,1,,1476,7268,42307.015,0.0023280000,false,true
call-000521,arm8_spec_immediate,dev/f6/s6050000/early_accurate,18,step-3.5-flash-2603,sha256:dc4ceae65a64f71f469be343e2963ccbeacd0866a3a26a64520b05ee2ec5af31,det-v1,1,accepted,1476,7268,42307.015,0.0023280000,false,false
call-000522,arm9_spec_heuristic_rollback,dev/f6/s6050000/early_accurate,18,step-3.5-flash-2603,sha256:dc4ceae65a64f71f469be343e2963ccbeacd0866a3a26a64520b05ee2ec5af31,det-v1,1,accepted,1476,7268,0.001,0.0023280000,true,false
call-000523,arm10_spec_eprocess,dev/f6/s6050000/early_accurate,18,step-3.5-flash-2603,sha256:dc4ceae65a64f71f469be343e2963ccbeacd0866a3a26a64520b05ee2ec5af31,det-v1,1,accepted,1476,7268,0.001,0.0023280000,true,false
call-000524,arm8_spec_immediate,cal/f6/s6060000/early_accurate,13,step-3.5-flash-2603,sha256:e7746acd346713ac136fa14a1468fda2f39ad6c8154c0fbffa9b564c2dff4fc6,det-v1,1,,1290,3374,21511.156,0.0011412000,false,true
call-000525,arm8_spec_immediate,cal/f6/s6060000/early_accurate,13,step-3.5-flash-2603,sha256:e7746acd346713ac136fa14a1468fda2f39ad6c8154c0fbffa9b564c2dff4fc6,det-v1,1,accepted,1290,3374,21511.156,0.0011412000,false,false
call-000526,arm8_spec_immediate,cal/f6/s6060000/early_accurate,19,step-3.5-flash-2603,sha256:cd359e5529851a4d41ff2110ca4dea08a4fbf0710684cff9e8009dda25f7115b,det-v1,1,,1518,10328,52411.643,0.0032502000,false,true
call-000527,arm8_spec_immediate,cal/f6/s6060000/early_accurate,19,step-3.5-flash-2603,sha256:cd359e5529851a4d41ff2110ca4dea08a4fbf0710684cff9e8009dda25f7115b,det-v1,1,accepted,1518,10328,52411.643,0.0032502000,false,false
call-000528,arm9_spec_heuristic_rollback,cal/f6/s6060000/early_accurate,13,step-3.5-flash-2603,sha256:e7746acd346713ac136fa14a1468fda2f39ad6c8154c0fbffa9b564c2dff4fc6,det-v1,1,accepted,1290,3374,0.003,0.0011412000,true,false
call-000529,arm9_spec_heuristic_rollback,cal/f6/s6060000/early_accurate,19,step-3.5-flash-2603,sha256:cd359e5529851a4d41ff2110ca4dea08a4fbf0710684cff9e8009dda25f7115b,det-v1,1,accepted,1518,10328,0.003,0.0032502000,true,false
call-000530,arm10_spec_eprocess,cal/f6/s6060000/early_accurate,13,step-3.5-flash-2603,sha256:e7746acd346713ac136fa14a1468fda2f39ad6c8154c0fbffa9b564c2dff4fc6,det-v1,1,accepted,1290,3374,0.003,0.0011412000,true,false
call-000531,arm10_spec_eprocess,cal/f6/s6060000/early_accurate,19,step-3.5-flash-2603,sha256:5f665409d8bd7490c5fdbb27726227085d1ebc0e5ac5250347d81d9687c90262,det-v1,1,,1518,7661,38720.014,0.0024501000,false,true
call-000532,arm10_spec_eprocess,cal/f6/s6060000/early_accurate,19,step-3.5-flash-2603,sha256:5f665409d8bd7490c5fdbb27726227085d1ebc0e5ac5250347d81d9687c90262,det-v1,1,accepted,1518,7661,38720.014,0.0024501000,false,false
call-000533,arm8_spec_immediate,dev/f6/s6050001/early_accurate,19,step-3.5-flash-2603,sha256:68b0f63bbfb56710afb15451d9361e23aa26b2f30741bc287676e2c683c20da2,det-v1,1,,1508,5779,30113.574,0.0018845000,false,true
call-000534,arm8_spec_immediate,dev/f6/s6050001/early_accurate,19,step-3.5-flash-2603,sha256:68b0f63bbfb56710afb15451d9361e23aa26b2f30741bc287676e2c683c20da2,det-v1,1,accepted,1508,5779,30113.574,0.0018845000,false,false
call-000535,arm8_spec_immediate,dev/f6/s6050001/early_accurate,25,step-3.5-flash-2603,sha256:734fa3906454fc1e680d7bc6bdecb5871cab5c876bca4d4eb5f77795774cc8a7,det-v1,1,,1736,8925,36393.441,0.0028511000,false,true
call-000536,arm8_spec_immediate,dev/f6/s6050001/early_accurate,25,step-3.5-flash-2603,sha256:734fa3906454fc1e680d7bc6bdecb5871cab5c876bca4d4eb5f77795774cc8a7,det-v1,1,accepted,1736,8925,36393.441,0.0028511000,false,false
call-000537,arm9_spec_heuristic_rollback,dev/f6/s6050001/early_accurate,19,step-3.5-flash-2603,sha256:68b0f63bbfb56710afb15451d9361e23aa26b2f30741bc287676e2c683c20da2,det-v1,1,accepted,1508,5779,0.003,0.0018845000,true,false
call-000538,arm9_spec_heuristic_rollback,dev/f6/s6050001/early_accurate,25,step-3.5-flash-2603,sha256:734fa3906454fc1e680d7bc6bdecb5871cab5c876bca4d4eb5f77795774cc8a7,det-v1,1,accepted,1736,8925,0.003,0.0028511000,true,false
call-000539,arm10_spec_eprocess,dev/f6/s6050001/early_accurate,19,step-3.5-flash-2603,sha256:68b0f63bbfb56710afb15451d9361e23aa26b2f30741bc287676e2c683c20da2,det-v1,1,accepted,1508,5779,0.002,0.0018845000,true,false
call-000540,arm10_spec_eprocess,dev/f6/s6050001/early_accurate,25,step-3.5-flash-2603,sha256:3a5b9df646322c5b43b363d71223a63678ec768156c29d13f3d956211840e239,det-v1,1,,1736,8480,41147.350,0.0027176000,false,true
call-000541,arm10_spec_eprocess,dev/f6/s6050001/early_accurate,25,step-3.5-flash-2603,sha256:3a5b9df646322c5b43b363d71223a63678ec768156c29d13f3d956211840e239,det-v1,1,accepted,1736,8480,41147.350,0.0027176000,false,false
call-000542,arm8_spec_immediate,cal/f6/s6060001/early_accurate,17,step-3.5-flash-2603,sha256:04754e9278ab97ee9b1764cdbf66c1742c51c761184e9a8772133d17298d0a15,det-v1,1,,1442,4092,21299.056,0.0013718000,false,true
call-000543,arm8_spec_immediate,cal/f6/s6060001/early_accurate,17,step-3.5-flash-2603,sha256:04754e9278ab97ee9b1764cdbf66c1742c51c761184e9a8772133d17298d0a15,det-v1,1,accepted,1442,4092,21299.056,0.0013718000,false,false
call-000544,arm8_spec_immediate,cal/f6/s6060001/early_accurate,23,step-3.5-flash-2603,sha256:4d1216124bf1c76b6eaaebc3c5823b18a4e3c54e5aeca3777b050c5854a98d36,det-v1,1,,1670,14752,72046.124,0.0045926000,false,true
call-000545,arm8_spec_immediate,cal/f6/s6060001/early_accurate,23,step-3.5-flash-2603,sha256:4d1216124bf1c76b6eaaebc3c5823b18a4e3c54e5aeca3777b050c5854a98d36,det-v1,1,accepted,1670,14752,72046.124,0.0045926000,false,false
call-000546,arm9_spec_heuristic_rollback,cal/f6/s6060001/early_accurate,17,step-3.5-flash-2603,sha256:04754e9278ab97ee9b1764cdbf66c1742c51c761184e9a8772133d17298d0a15,det-v1,1,accepted,1442,4092,0.003,0.0013718000,true,false
call-000547,arm9_spec_heuristic_rollback,cal/f6/s6060001/early_accurate,23,step-3.5-flash-2603,sha256:4d1216124bf1c76b6eaaebc3c5823b18a4e3c54e5aeca3777b050c5854a98d36,det-v1,1,accepted,1670,14752,0.003,0.0045926000,true,false
call-000548,arm10_spec_eprocess,cal/f6/s6060001/early_accurate,17,step-3.5-flash-2603,sha256:04754e9278ab97ee9b1764cdbf66c1742c51c761184e9a8772133d17298d0a15,det-v1,1,accepted,1442,4092,0.003,0.0013718000,true,false
call-000549,arm10_spec_eprocess,cal/f6/s6060001/early_accurate,23,step-3.5-flash-2603,sha256:b91430de9212a9b36b584b2a19eb74f3f7211a491b685bb33b55343601e2d233,det-v1,1,,1670,8089,39409.085,0.0025937000,false,true
call-000550,arm10_spec_eprocess,cal/f6/s6060001/early_accurate,23,step-3.5-flash-2603,sha256:b91430de9212a9b36b584b2a19eb74f3f7211a491b685bb33b55343601e2d233,det-v1,1,accepted,1670,8089,39409.085,0.0025937000,false,false
call-000551,arm8_spec_immediate,dev/f6/s6050000/late_accurate,21,step-3.5-flash-2603,sha256:c89a162fac57e909a0374af14bf161cb0a5d6d735569cdd3f4f3ac8715cc2027,det-v1,1,,1590,4558,23656.055,0.0015264000,false,true
call-000552,arm8_spec_immediate,dev/f6/s6050000/late_accurate,21,step-3.5-flash-2603,sha256:c89a162fac57e909a0374af14bf161cb0a5d6d735569cdd3f4f3ac8715cc2027,det-v1,1,accepted,1590,4558,23656.055,0.0015264000,false,false
call-000553,arm9_spec_heuristic_rollback,dev/f6/s6050000/late_accurate,21,step-3.5-flash-2603,sha256:c89a162fac57e909a0374af14bf161cb0a5d6d735569cdd3f4f3ac8715cc2027,det-v1,1,accepted,1590,4558,0.002,0.0015264000,true,false
call-000554,arm10_spec_eprocess,dev/f6/s6050000/late_accurate,21,step-3.5-flash-2603,sha256:c89a162fac57e909a0374af14bf161cb0a5d6d735569cdd3f4f3ac8715cc2027,det-v1,1,accepted,1590,4558,0.001,0.0015264000,true,false
call-000555,arm8_spec_immediate,cal/f6/s6060000/late_accurate,16,step-3.5-flash-2603,sha256:2eb8b9cf8ff609fd9bfcc3bbb00432c4013d057fe7e92beb697011fe5bb5d5f6,det-v1,1,,1404,12744,54579.238,0.0039636000,false,true
call-000556,arm8_spec_immediate,cal/f6/s6060000/late_accurate,16,step-3.5-flash-2603,sha256:2eb8b9cf8ff609fd9bfcc3bbb00432c4013d057fe7e92beb697011fe5bb5d5f6,det-v1,1,accepted,1404,12744,54579.238,0.0039636000,false,false
call-000557,arm9_spec_heuristic_rollback,cal/f6/s6060000/late_accurate,16,step-3.5-flash-2603,sha256:2eb8b9cf8ff609fd9bfcc3bbb00432c4013d057fe7e92beb697011fe5bb5d5f6,det-v1,1,accepted,1404,12744,0.003,0.0039636000,true,false
call-000558,arm10_spec_eprocess,cal/f6/s6060000/late_accurate,16,step-3.5-flash-2603,sha256:2eb8b9cf8ff609fd9bfcc3bbb00432c4013d057fe7e92beb697011fe5bb5d5f6,det-v1,1,accepted,1404,12744,0.003,0.0039636000,true,false
call-000559,arm8_spec_immediate,dev/f6/s6050001/late_accurate,22,step-3.5-flash-2603,sha256:d164e5d44de18706db3786ca8dff0a46312c25552c70f895e5962c0e6b071563,det-v1,1,,1622,8483,40741.524,0.0027071000,false,true
call-000560,arm8_spec_immediate,dev/f6/s6050001/late_accurate,22,step-3.5-flash-2603,sha256:d164e5d44de18706db3786ca8dff0a46312c25552c70f895e5962c0e6b071563,det-v1,1,accepted,1622,8483,40741.524,0.0027071000,false,false
call-000561,arm8_spec_immediate,dev/f6/s6050001/late_accurate,28,step-3.5-flash-2603,sha256:9c47894c370b447951920bcde9244855231ad3eb3e1c59ada6a5eb89064e2a75,det-v1,1,,1850,6888,33575.264,0.0022514000,false,true
call-000562,arm8_spec_immediate,dev/f6/s6050001/late_accurate,28,step-3.5-flash-2603,sha256:9c47894c370b447951920bcde9244855231ad3eb3e1c59ada6a5eb89064e2a75,det-v1,1,accepted,1850,6888,33575.264,0.0022514000,false,false
call-000563,arm9_spec_heuristic_rollback,dev/f6/s6050001/late_accurate,22,step-3.5-flash-2603,sha256:d164e5d44de18706db3786ca8dff0a46312c25552c70f895e5962c0e6b071563,det-v1,1,accepted,1622,8483,0.004,0.0027071000,true,false
call-000564,arm9_spec_heuristic_rollback,dev/f6/s6050001/late_accurate,28,step-3.5-flash-2603,sha256:9c47894c370b447951920bcde9244855231ad3eb3e1c59ada6a5eb89064e2a75,det-v1,1,accepted,1850,6888,0.003,0.0022514000,true,false
call-000565,arm10_spec_eprocess,dev/f6/s6050001/late_accurate,22,step-3.5-flash-2603,sha256:d164e5d44de18706db3786ca8dff0a46312c25552c70f895e5962c0e6b071563,det-v1,1,accepted,1622,8483,0.003,0.0027071000,true,false
call-000566,arm10_spec_eprocess,dev/f6/s6050001/late_accurate,28,step-3.5-flash-2603,sha256:0110f26ba2d42e8a82362f114fb4c9f471be3e556fe4c3215baf84046382e12e,det-v1,1,,1850,6947,33507.241,0.0022691000,false,true
call-000567,arm10_spec_eprocess,dev/f6/s6050001/late_accurate,28,step-3.5-flash-2603,sha256:0110f26ba2d42e8a82362f114fb4c9f471be3e556fe4c3215baf84046382e12e,det-v1,1,accepted,1850,6947,33507.241,0.0022691000,false,false
call-000568,arm8_spec_immediate,cal/f6/s6060001/late_accurate,20,step-3.5-flash-2603,sha256:6288686a1f80225da1324a2eda8ceaeb59dfea24f58af0718c928bde66154954,det-v1,1,,1556,4312,22022.616,0.0014492000,false,true
call-000569,arm8_spec_immediate,cal/f6/s6060001/late_accurate,20,step-3.5-flash-2603,sha256:6288686a1f80225da1324a2eda8ceaeb59dfea24f58af0718c928bde66154954,det-v1,1,accepted,1556,4312,22022.616,0.0014492000,false,false
call-000570,arm9_spec_heuristic_rollback,cal/f6/s6060001/late_accurate,20,step-3.5-flash-2603,sha256:6288686a1f80225da1324a2eda8ceaeb59dfea24f58af0718c928bde66154954,det-v1,1,accepted,1556,4312,0.002,0.0014492000,true,false
call-000571,arm10_spec_eprocess,cal/f6/s6060001/late_accurate,20,step-3.5-flash-2603,sha256:6288686a1f80225da1324a2eda8ceaeb59dfea24f58af0718c928bde66154954,det-v1,1,accepted,1556,4312,0.001,0.0014492000,true,false
call-000572,arm8_spec_immediate,dev/f6/s6050000/unreliable,18,step-3.5-flash-2603,sha256:2edd56f634287c190a071704e459d5b3d70cac8682265bbdf63876010c0cc367,det-v1,1,,1472,2088,11238.082,0.0007736000,false,true
call-000573,arm8_spec_immediate,dev/f6/s6050000/unreliable,18,step-3.5-flash-2603,sha256:2edd56f634287c190a071704e459d5b3d70cac8682265bbdf63876010c0cc367,det-v1,1,accepted,1472,2088,11238.082,0.0007736000,false,false
call-000574,arm9_spec_heuristic_rollback,dev/f6/s6050000/unreliable,18,step-3.5-flash-2603,sha256:2edd56f634287c190a071704e459d5b3d70cac8682265bbdf63876010c0cc367,det-v1,1,accepted,1472,2088,0.002,0.0007736000,true,false
call-000575,arm10_spec_eprocess,dev/f6/s6050000/unreliable,18,step-3.5-flash-2603,sha256:2edd56f634287c190a071704e459d5b3d70cac8682265bbdf63876010c0cc367,det-v1,1,accepted,1472,2088,0.001,0.0007736000,true,false
call-000576,arm8_spec_immediate,cal/f6/s6060000/unreliable,13,step-3.5-flash-2603,sha256:c8f68043eed02b606c4dd12401b17edfffa82848e158e6af696077828b310646,det-v1,1,accepted,1286,1373,0.003,0.0005405000,true,false
call-000577,arm8_spec_immediate,cal/f6/s6060000/unreliable,19,step-3.5-flash-2603,sha256:9da7ed84e67f3a1189ffae785e402fa4d45cd6bd03fa6f6e9df8744a9a4d7c53,det-v1,1,fallback,1514,28854,0.001,0.0088076000,true,false
call-000578,arm8_spec_immediate,cal/f6/s6060000/unreliable,19,step-3.5-flash-2603,sha256:752fed448e8227a47838ef1863bcf9ce6b85ca3ed00330a1021a7eb66433a26a,det-v1,2,accepted_after_repair,1586,27006,0.001,0.0082604000,true,false
call-000579,arm9_spec_heuristic_rollback,cal/f6/s6060000/unreliable,13,step-3.5-flash-2603,sha256:c8f68043eed02b606c4dd12401b17edfffa82848e158e6af696077828b310646,det-v1,1,accepted,1286,1373,0.001,0.0005405000,true,false
call-000580,arm9_spec_heuristic_rollback,cal/f6/s6060000/unreliable,19,step-3.5-flash-2603,sha256:9da7ed84e67f3a1189ffae785e402fa4d45cd6bd03fa6f6e9df8744a9a4d7c53,det-v1,1,fallback,1514,28854,0.001,0.0088076000,true,false
call-000581,arm9_spec_heuristic_rollback,cal/f6/s6060000/unreliable,19,step-3.5-flash-2603,sha256:752fed448e8227a47838ef1863bcf9ce6b85ca3ed00330a1021a7eb66433a26a,det-v1,2,accepted_after_repair,1586,27006,0.001,0.0082604000,true,false
call-000582,arm10_spec_eprocess,cal/f6/s6060000/unreliable,13,step-3.5-flash-2603,sha256:c8f68043eed02b606c4dd12401b17edfffa82848e158e6af696077828b310646,det-v1,1,accepted,1286,1373,0.001,0.0005405000,true,false
call-000583,arm10_spec_eprocess,cal/f6/s6060000/unreliable,19,step-3.5-flash-2603,sha256:9da7ed84e67f3a1189ffae785e402fa4d45cd6bd03fa6f6e9df8744a9a4d7c53,det-v1,1,fallback,1514,28854,0.001,0.0088076000,true,false
call-000584,arm10_spec_eprocess,cal/f6/s6060000/unreliable,19,step-3.5-flash-2603,sha256:752fed448e8227a47838ef1863bcf9ce6b85ca3ed00330a1021a7eb66433a26a,det-v1,2,accepted_after_repair,1586,27006,0.001,0.0082604000,true,false
call-000585,arm8_spec_immediate,dev/f6/s6050001/unreliable,19,step-3.5-flash-2603,sha256:bae826367701759e45cc27f7e9f2d4e5d749380cf9d903dc5d38211e9780e693,det-v1,1,,1501,1651,9002.751,0.0006454000,false,true
call-000586,arm8_spec_immediate,dev/f6/s6050001/unreliable,19,step-3.5-flash-2603,sha256:bae826367701759e45cc27f7e9f2d4e5d749380cf9d903dc5d38211e9780e693,det-v1,1,accepted,1501,1651,9002.751,0.0006454000,false,false
call-000587,arm8_spec_immediate,dev/f6/s6050001/unreliable,25,step-3.5-flash-2603,sha256:4b37db2ecad3c521337df6827ec058f373cf5de5fd5252f3f4c4b75b5774aee8,det-v1,1,,1729,30355,145342.530,0.0092794000,false,true
call-000588,arm8_spec_immediate,dev/f6/s6050001/unreliable,25,step-3.5-flash-2603,sha256:4b37db2ecad3c521337df6827ec058f373cf5de5fd5252f3f4c4b75b5774aee8,det-v1,1,accepted,1729,30355,145342.530,0.0092794000,false,false
call-000589,arm9_spec_heuristic_rollback,dev/f6/s6050001/unreliable,19,step-3.5-flash-2603,sha256:bae826367701759e45cc27f7e9f2d4e5d749380cf9d903dc5d38211e9780e693,det-v1,1,accepted,1501,1651,0.004,0.0006454000,true,false
call-000590,arm9_spec_heuristic_rollback,dev/f6/s6050001/unreliable,25,step-3.5-flash-2603,sha256:4b37db2ecad3c521337df6827ec058f373cf5de5fd5252f3f4c4b75b5774aee8,det-v1,1,accepted,1729,30355,0.003,0.0092794000,true,false
call-000591,arm10_spec_eprocess,dev/f6/s6050001/unreliable,19,step-3.5-flash-2603,sha256:bae826367701759e45cc27f7e9f2d4e5d749380cf9d903dc5d38211e9780e693,det-v1,1,accepted,1501,1651,0.002,0.0006454000,true,false
call-000592,arm10_spec_eprocess,dev/f6/s6050001/unreliable,25,step-3.5-flash-2603,sha256:4b37db2ecad3c521337df6827ec058f373cf5de5fd5252f3f4c4b75b5774aee8,det-v1,1,accepted,1729,30355,0.002,0.0092794000,true,false
call-000593,arm8_spec_immediate,cal/f6/s6060001/unreliable,17,step-3.5-flash-2603,sha256:d061c3a575242cdb249f6d9b9fc709aa8ce2d1c8b0a1fb2aca1185fa7d46a633,det-v1,1,,1436,2359,12924.609,0.0008513000,false,true
call-000594,arm8_spec_immediate,cal/f6/s6060001/unreliable,17,step-3.5-flash-2603,sha256:d061c3a575242cdb249f6d9b9fc709aa8ce2d1c8b0a1fb2aca1185fa7d46a633,det-v1,1,accepted,1436,2359,12924.609,0.0008513000,false,false
call-000595,arm8_spec_immediate,cal/f6/s6060001/unreliable,23,step-3.5-flash-2603,sha256:d1a48c918b6781f7edefd5689c3e93fe7a4796c75f3a8f4ce1faf7bf3d65fcfa,det-v1,1,,1664,17067,84872.568,0.0052865000,false,true
call-000596,arm8_spec_immediate,cal/f6/s6060001/unreliable,23,step-3.5-flash-2603,sha256:d1a48c918b6781f7edefd5689c3e93fe7a4796c75f3a8f4ce1faf7bf3d65fcfa,det-v1,1,accepted,1664,17067,84872.568,0.0052865000,false,false
call-000597,arm9_spec_heuristic_rollback,cal/f6/s6060001/unreliable,17,step-3.5-flash-2603,sha256:d061c3a575242cdb249f6d9b9fc709aa8ce2d1c8b0a1fb2aca1185fa7d46a633,det-v1,1,accepted,1436,2359,0.003,0.0008513000,true,false
call-000598,arm9_spec_heuristic_rollback,cal/f6/s6060001/unreliable,23,step-3.5-flash-2603,sha256:d1a48c918b6781f7edefd5689c3e93fe7a4796c75f3a8f4ce1faf7bf3d65fcfa,det-v1,1,accepted,1664,17067,0.003,0.0052865000,true,false
call-000599,arm10_spec_eprocess,cal/f6/s6060001/unreliable,17,step-3.5-flash-2603,sha256:d061c3a575242cdb249f6d9b9fc709aa8ce2d1c8b0a1fb2aca1185fa7d46a633,det-v1,1,accepted,1436,2359,0.002,0.0008513000,true,false
call-000600,arm10_spec_eprocess,cal/f6/s6060001/unreliable,23,step-3.5-flash-2603,sha256:f7402745ce3ac749cc66fd1ff806992f140c5c6fc6e344813035da953b77adbc,det-v1,1,,1664,12277,66839.872,0.0038495000,false,true
call-000601,arm10_spec_eprocess,cal/f6/s6060001/unreliable,23,step-3.5-flash-2603,sha256:f7402745ce3ac749cc66fd1ff806992f140c5c6fc6e344813035da953b77adbc,det-v1,1,accepted,1664,12277,66839.872,0.0038495000,false,false
