call_id,arm_id,episode_id,period,model_id,prompt_hash,decoding_hash,attempt_index,outcome,input_tokens,output_tokens,latency_ms,usd_cost,cache_hit,physical
call-000001,arm8_spec_immediate,dev/f1/s1050000/no_alert,25,meta-llama/llama-3.2-3b-instruct,sha256:87ba796c9b2c7f49a8ad2ce87f35f3f6d000dbb71c83ddd44a39a1f874b4a688,det-v1,1,,1588,202,5765.730,0.0001460600,false,true
call-000002,arm8_spec_immediate,dev/f1/s1050000/no_alert,25,meta-llama/llama-3.2-3b-instruct,sha256:87ba796c9b2c7f49a8ad2ce87f35f3f6d000dbb71c83ddd44a39a1f874b4a688,det-v1,1,fallback,1588,202,5765.730,0.0001460600,false,false
call-000003,arm8_spec_immediate,dev/f1/s1050000/no_alert,25,meta-llama/llama-3.2-3b-instruct,sha256:c24046c9598e5e60cc003700b95d28754c76d10621327b8c0599116e336493d4,det-v1,2,,1682,153,669.329,0.0001345900,false,true
call-000004,arm8_spec_immediate,dev/f1/s1050000/no_alert,25,meta-llama/llama-3.2-3b-instruct,sha256:c24046c9598e5e60cc003700b95d28754c76d10621327b8c0599116e336493d4,det-v1,2,fallback,1682,153,669.329,0.0001345900,false,false
call-000005,arm8_spec_immediate,dev/f1/s1050000/no_alert,31,meta-llama/llama-3.2-3b-instruct,sha256:0ea7fee53e23b04d731cab21ff38c001bf6538ea8d0f48eb40dbfb37b40afaf3,det-v1,1,,1834,175,914.748,0.0001494500,false,true
call-000006,arm8_spec_immediate,dev/f1/s1050000/no_alert,31,meta-llama/llama-3.2-3b-instruct,sha256:0ea7fee53e23b04d731cab21ff38c001bf6538ea8d0f48eb40dbfb37b40afaf3,det-v1,1,fallback,1834,175,914.748,0.0001494500,false,false
call-000007,arm8_spec_immediate,dev/f1/s1050000/no_alert,31,meta-llama/llama-3.2-3b-instruct,sha256:2a35c60f577269ac50a5f9cc7969cc1d5b7ee2a4b7c6697a40bb476bf94ff40f,det-v1,2,,1904,175,776.395,0.0001529500,false,true
call-000008,arm8_spec_immediate,dev/f1/s1050000/no_alert,31,meta-llama/llama-3.2-3b-instruct,sha256:2a35c60f577269ac50a5f9cc7969cc1d5b7ee2a4b7c6697a40bb476bf94ff40f,det-v1,2,fallback,1904,175,776.395,0.0001529500,false,false
call-000009,arm9_spec_heuristic_rollback,dev/f1/s1050000/no_alert,25,meta-llama/llama-3.2-3b-instruct,sha256:87ba796c9b2c7f49a8ad2ce87f35f3f6d000dbb71c83ddd44a39a1f874b4a688,det-v1,1,fallback,1588,202,0.003,0.0001460600,true,false
call-000010,arm9_spec_heuristic_rollback,dev/f1/s1050000/no_alert,25,meta-llama/llama-3.2-3b-instruct,sha256:c24046c9598e5e60cc003700b95d28754c76d10621327b8c0599116e336493d4,det-v1,2,fallback,1682,153,0.002,0.0001345900,true,false
call-000011,arm9_spec_heuristic_rollback,dev/f1/s1050000/no_alert,31,meta-llama/llama-3.2-3b-instruct,sha256:0ea7fee53e23b04d731cab21ff38c001bf6538ea8d0f48eb40dbfb37b40afaf3,det-v1,1,fallback,1834,175,0.002,0.0001494500,true,false
call-000012,arm9_spec_heuristic_rollback,dev/f1/s1050000/no_alert,31,meta-llama/llama-3.2-3b-instruct,sha256:2a35c60f577269ac50a5f9cc7969cc1d5b7ee2a4b7c6697a40bb476bf94ff40f,det-v1,2,fallback,1904,175,0.001,0.0001529500,true,false
call-000013,arm10_spec_eprocess,dev/f1/s1050000/no_alert,25,meta-llama/llama-3.2-3b-instruct,sha256:87ba796c9b2c7f49a8ad2ce87f35f3f6d000dbb71c83ddd44a39a1f874b4a688,det-v1,1,fallback,1588,202,0.002,0.0001460600,true,false
call-000014,arm10_spec_eprocess,dev/f1/s1050000/no_alert,25,meta-llama/llama-3.2-3b-instruct,sha256:c24046c9598e5e60cc003700b95d28754c76d10621327b8c0599116e336493d4,det-v1,2,fallback,1682,153,0.001,0.0001345900,true,false
call-000015,arm10_spec_eprocess,dev/f1/s1050000/no_alert,31,meta-llama/llama-3.2-3b-instruct,sha256:0ea7fee53e23b04d731cab21ff38c001bf6538ea8d0f48eb40dbfb37b40afaf3,det-v1,1,fallback,1834,175,0.002,0.0001494500,true,false
call-000016,arm10_spec_eprocess,dev/f1/s1050000/no_alert,31,meta-llama/llama-3.2-3b-instruct,sha256:2a35c60f577269ac50a5f9cc7969cc1d5b7ee2a4b7c6697a40bb476bf94ff40f,det-v1,2,fallback,1904,175,0.001,0.0001529500,true,false
call-000017,arm8_spec_immediate,cal/f1/s1060000/no_alert,21,meta-llama/llama-3.2-3b-instruct,sha256:198fd656bb296f9fc07721d347204b8381c7fb0c08a3ac7ca112a71a1368e459,det-v1,1,,1440,182,4747.858,0.0001320600,false,true
call-000018,arm8_spec_immediate,cal/f1/s1060000/no_alert,21,meta-llama/llama-3.2-3b-instruct,sha256:198fd656bb296f9fc07721d347204b8381c7fb0c08a3ac7ca112a71a1368e459,det-v1,1,fallback,1440,182,4747.858,0.0001320600,false,false
call-000019,arm8_spec_immediate,cal/f1/s1060000/no_alert,21,meta-llama/llama-3.2-3b-instruct,sha256:3834265b3d359cf6f8af28f96cba7e8937417af74b41892ecbbbb252ee051d61,det-v1,2,,1534,129,743.282,0.0001192700,false,true
call-000020,arm8_spec_immediate,cal/f1/s1060000/no_alert,21,meta-llama/llama-3.2-3b-instruct,sha256:3834265b3d359cf6f8af28f96cba7e8937417af74b41892ecbbbb252ee051d61,det-v1,2,fallback,1534,129,743.282,0.0001192700,false,false
call-000021,arm8_spec_immediate,cal/f1/s1060000/no_alert,49,meta-llama/llama-3.2-3b-instruct,sha256:76754a10364c83d861f67fc611b5a8c93216d516978559c289d105e352da605e,det-v1,1,,2476,335,10638.751,0.0002343500,false,true
call-000022,arm8_spec_immediate,cal/f1/s1060000/no_alert,49,meta-llama/llama-3.2-3b-instruct,sha256:76754a10364c83d861f67fc611b5a8c93216d516978559c289d105e352da605e,det-v1,1,accepted,2476,335,10638.751,0.0002343500,false,false
call-000023,arm9_spec_heuristic_rollback,cal/f1/s1060000/no_alert,21,meta-llama/llama-3.2-3b-instruct,sha256:198fd656bb296f9fc07721d347204b8381c7fb0c08a3ac7ca112a71a1368e459,det-v1,1,fallback,1440,182,0.002,0.0001320600,true,false
call-000024,arm9_spec_heuristic_rollback,cal/f1/s1060000/no_alert,21,meta-llama/llama-3.2-3b-instruct,sha256:3834265b3d359cf6f8af28f96cba7e8937417af74b41892ecbbbb252ee051d61,det-v1,2,fallback,1534,129,0.001,0.0001192700,true,false
call-000025,arm9_spec_heuristic_rollback,cal/f1/s1060000/no_alert,49,meta-llama/llama-3.2-3b-instruct,sha256:76754a10364c83d861f67fc611b5a8c93216d516978559c289d105e352da605e,det-v1,1,accepted,2476,335,0.001,0.0002343500,true,false
call-000026,arm10_spec_eprocess,cal/f1/s1060000/no_alert,21,meta-llama/llama-3.2-3b-instruct,sha256:198fd656bb296f9fc07721d347204b8381c7fb0c08a3ac7ca112a71a1368e459,det-v1,1,fallback,1440,182,0.002,0.0001320600,true,false
call-000027,arm10_spec_eprocess,cal/f1/s1060000/no_alert,21,meta-llama/llama-3.2-3b-instruct,sha256:3834265b3d359cf6f8af28f96cba7e8937417af74b41892ecbbbb252ee051d61,det-v1,2,fallback,1534,129,0.001,0.0001192700,true,false
call-000028,arm10_spec_eprocess,cal/f1/s1060000/no_alert,49,meta-llama/llama-3.2-3b-instruct,sha256:76754a10364c83d861f67fc611b5a8c93216d516978559c289d105e352da605e,det-v1,1,accepted,2476,335,0.001,0.0002343500,true,false
call-000029,arm8_spec_immediate,dev/f1/s1050001/no_alert,23,meta-llama/llama-3.2-3b-instruct,sha256:3d3cc997d12ff304b2ac8ed509d5179d6e0c1ebc1c03906ea5b6842bf00feb5a,det-v1,1,,1514,205,5919.603,0.0001433500,false,true
call-000030,arm8_spec_immediate,dev/f1/s1050001/no_alert,23,meta-llama/llama-3.2-3b-instruct,sha256:3d3cc997d12ff304b2ac8ed509d5179d6e0c1ebc1c03906ea5b6842bf00feb5a,det-v1,1,fallback,1514,205,5919.603,0.0001433500,false,false
call-000031,arm8_spec_immediate,dev/f1/s1050001/no_alert,23,meta-llama/llama-3.2-3b-instruct,sha256:8c2987f3d4e3a21455a7467d6fcb3315bbf566ea2e9daedd6e72d9aaaa6b233f,det-v1,2,,1608,137,944.498,0.0001256100,false,true
call-000032,arm8_spec_immediate,dev/f1/s1050001/no_alert,23,meta-llama/llama-3.2-3b-instruct,sha256:8c2987f3d4e3a21455a7467d6fcb3315bbf566ea2e9daedd6e72d9aaaa6b233f,det-v1,2,fallback,1608,137,944.498,0.0001256100,false,false
call-000033,arm8_spec_immediate,dev/f1/s1050001/no_alert,32,meta-llama/llama-3.2-3b-instruct,sha256:e3a41c6ea16892b4d0b7f56e30344551edb4e7a69934024d1585d906468fe047,det-v1,1,,1871,179,1202.689,0.0001526200,false,true
call-000034,arm8_spec_immediate,dev/f1/s1050001/no_alert,32,meta-llama/llama-3.2-3b-instruct,sha256:e3a41c6ea16892b4d0b7f56e30344551edb4e7a69934024d1585d906468fe047,det-v1,1,fallback,1871,179,1202.689,0.0001526200,false,false
call-000035,arm8_spec_immediate,dev/f1/s1050001/no_alert,32,meta-llama/llama-3.2-3b-instruct,sha256:d16891e0c55eb9baf44d6faea15186bbe6f01fff19bdf1207059fce607b801da,det-v1,2,,1917,236,5125.988,0.0001737300,false,true
call-000036,arm8_spec_immediate,dev/f1/s1050001/no_alert,32,meta-llama/llama-3.2-3b-instruct,sha256:d16891e0c55eb9baf44d6faea15186bbe6f01fff19bdf1207059fce607b801da,det-v1,2,fallback,1917,236,5125.988,0.0001737300,false,false
call-000037,arm9_spec_heuristic_rollback,dev/f1/s1050001/no_alert,23,meta-llama/llama-3.2-3b-instruct,sha256:3d3cc997d12ff304b2ac8ed509d5179d6e0c1ebc1c03906ea5b6842bf00feb5a,det-v1,1,fallback,1514,205,0.004,0.0001433500,true,false
call-000038,arm9_spec_heuristic_rollback,dev/f1/s1050001/no_alert,23,meta-llama/llama-3.2-3b-instruct,sha256:8c2987f3d4e3a21455a7467d6fcb3315bbf566ea2e9daedd6e72d9aaaa6b233f,det-v1,2,fallback,1608,137,0.003,0.0001256100,true,false
call-000039,arm9_spec_heuristic_rollback,dev/f1/s1050001/no_alert,32,meta-llama/llama-3.2-3b-instruct,sha256:e3a41c6ea16892b4d0b7f56e30344551edb4e7a69934024d1585d906468fe047,det-v1,1,fallback,1871,179,0.004,0.0001526200,true,false
call-000040,arm9_spec_heuristic_rollback,dev/f1/s1050001/no_alert,32,meta-llama/llama-3.2-3b-instruct,sha256:d16891e0c55eb9baf44d6faea15186bbe6f01fff19bdf1207059fce607b801da,det-v1,2,fallback,1917,236,0.003,0.0001737300,true,false
call-000041,arm10_spec_eprocess,dev/f1/s1050001/no_alert,23,meta-llama/llama-3.2-3b-instruct,sha256:3d3cc997d12ff304b2ac8ed509d5179d6e0c1ebc1c03906ea5b6842bf00feb5a,det-v1,1,fallback,1514,205,0.004,0.0001433500,true,false
call-000042,arm10_spec_eprocess,dev/f1/s1050001/no_alert,23,meta-llama/llama-3.2-3b-instruct,sha256:8c2987f3d4e3a21455a7467d6fcb3315bbf566ea2e9daedd6e72d9aaaa6b233f,det-v1,2,fallback,1608,137,0.003,0.0001256100,true,false
call-000043,arm10_spec_eprocess,dev/f1/s1050001/no_alert,32,meta-llama/llama-3.2-3b-instruct,sha256:e3a41c6ea16892b4d0b7f56e30344551edb4e7a69934024d1585d906468fe047,det-v1,1,fallback,1871,179,0.004,0.0001526200,true,false
call-000044,arm10_spec_eprocess,dev/f1/s1050001/no_alert,32,meta-llama/llama-3.2-3b-instruct,sha256:d16891e0c55eb9baf44d6faea15186bbe6f01fff19bdf1207059fce607b801da,det-v1,2,fallback,1917,236,0.003,0.0001737300,true,false
call-000045,arm8_spec_immediate,cal/f1/s1060001/no_alert,36,meta-llama/llama-3.2-3b-instruct,sha256:2ee0a7fa5098e7d5d5883263278e1d37f0f276b969b61aa32ad2212f7eaff20c,det-v1,1,,2019,195,1294.971,0.0001653000,false,true
call-000046,arm8_spec_immediate,cal/f1/s1060001/no_alert,36,meta-llama/llama-3.2-3b-instruct,sha256:2ee0a7fa5098e7d5d5883263278e1d37f0f276b969b61aa32ad2212f7eaff20c,det-v1,1,fallback,2019,195,1294.971,0.0001653000,false,false
call-000047,arm8_spec_immediate,cal/f1/s1060001/no_alert,36,meta-llama/llama-3.2-3b-instruct,sha256:de67a3d814427aa9cc4e04c2ac473944a13449d8aabcdd300e35cdf6206dbd71,det-v1,2,,2089,57,377.005,0.0001232600,false,true
call-000048,arm8_spec_immediate,cal/f1/s1060001/no_alert,36,meta-llama/llama-3.2-3b-instruct,sha256:de67a3d814427aa9cc4e04c2ac473944a13449d8aabcdd300e35cdf6206dbd71,det-v1,2,fallback,2089,57,377.005,0.0001232600,false,false
call-000049,arm8_spec_immediate,cal/f1/s1060001/no_alert,46,meta-llama/llama-3.2-3b-instruct,sha256:551b2c846a679234ea222358b538010e88bbe57742b81977f4b867f045cf0420,det-v1,1,,2389,252,1590.697,0.0002026100,false,true
call-000050,arm8_spec_immediate,cal/f1/s1060001/no_alert,46,meta-llama/llama-3.2-3b-instruct,sha256:551b2c846a679234ea222358b538010e88bbe57742b81977f4b867f045cf0420,det-v1,1,fallback,2389,252,1590.697,0.0002026100,false,false
call-000051,arm8_spec_immediate,cal/f1/s1060001/no_alert,46,meta-llama/llama-3.2-3b-instruct,sha256:bedc4d370afe523c25510b5bc38d88fe36464247323558299872af3eb78be310,det-v1,2,,2459,237,1334.668,0.0002011600,false,true
call-000052,arm8_spec_immediate,cal/f1/s1060001/no_alert,46,meta-llama/llama-3.2-3b-instruct,sha256:bedc4d370afe523c25510b5bc38d88fe36464247323558299872af3eb78be310,det-v1,2,fallback,2459,237,1334.668,0.0002011600,false,false
call-000053,arm9_spec_heuristic_rollback,cal/f1/s1060001/no_alert,36,meta-llama/llama-3.2-3b-instruct,sha256:2ee0a7fa5098e7d5d5883263278e1d37f0f276b969b61aa32ad2212f7eaff20c,det-v1,1,fallback,2019,195,0.003,0.0001653000,true,false
call-000054,arm9_spec_heuristic_rollback,cal/f1/s1060001/no_alert,36,meta-llama/llama-3.2-3b-instruct,sha256:de67a3d814427aa9cc4e04c2ac473944a13449d8aabcdd300e35cdf6206dbd71,det-v1,2,fallback,2089,57,0.003,0.0001232600,true,false
call-000055,arm9_spec_heuristic_rollback,cal/f1/s1060001/no_alert,46,meta-llama/llama-3.2-3b-instruct,sha256:551b2c846a679234ea222358b538010e88bbe57742b81977f4b867f045cf0420,det-v1,1,fallback,2389,252,0.003,0.0002026100,true,false
call-000056,arm9_spec_heuristic_rollback,cal/f1/s1060001/no_alert,46,meta-llama/llama-3.2-3b-instruct,sha256:bedc4d370afe523c25510b5bc38d88fe36464247323558299872af3eb78be310,det-v1,2,fallback,2459,237,0.002,0.0002011600,true,false
call-000057,arm10_spec_eprocess,cal/f1/s1060001/no_alert,36,meta-llama/llama-3.2-3b-instruct,sha256:2ee0a7fa5098e7d5d5883263278e1d37f0f276b969b61aa32ad2212f7eaff20c,det-v1,1,fallback,2019,195,0.003,0.0001653000,true,false
call-000058,arm10_spec_eprocess,cal/f1/s1060001/no_alert,36,meta-llama/llama-3.2-3b-instruct,sha256:de67a3d814427aa9cc4e04c2ac473944a13449d8aabcdd300e35cdf6206dbd71,det-v1,2,fallback,2089,57,0.003,0.0001232600,true,false
call-000059,arm10_spec_eprocess,cal/f1/s1060001/no_alert,46,meta-llama/llama-3.2-3b-instruct,sha256:551b2c846a679234ea222358b538010e88bbe57742b81977f4b867f045cf0420,det-v1,1,fallback,2389,252,0.003,0.0002026100,true,false
call-000060,arm10_spec_eprocess,cal/f1/s1060001/no_alert,46,meta-llama/llama-3.2-3b-instruct,sha256:bedc4d370afe523c25510b5bc38d88fe36464247323558299872af3eb78be310,det-v1,2,fallback,2459,237,0.003,0.0002011600,true,false
call-000061,arm8_spec_immediate,dev/f1/s1050000/early_accurate,16,meta-llama/llama-3.2-3b-instruct,sha256:42b023e82b0e9a52766a7057451cfd5375cfe3abf1591ee387bd84251c40b3a1,det-v1,1,fallback,1316,114,0.002,0.0001034200,true,false
call-000062,arm8_spec_immediate,dev/f1/s1050000/early_accurate,16,meta-llama/llama-3.2-3b-instruct,sha256:b7e40e7c9eb49da9ce6a8061cc756e4bad177f387a6bb757d3fabdaecc314727,det-v1,2,fallback,1386,114,0.002,0.0001069200,true,false
call-000063,arm8_spec_immediate,dev/f1/s1050000/early_accurate,25,meta-llama/llama-3.2-3b-instruct,sha256:e2335da605a2a1be3c6ae60b58d694f51b4c561b692d82f2b52be304a4b28ddc,det-v1,1,fallback,1625,202,0.001,0.0001479100,true,false
call-000064,arm8_spec_immediate,dev/f1/s1050000/early_accurate,25,meta-llama/llama-3.2-3b-instruct,sha256:56cd8960be30202fc7d3eb1154e14e849d6abfcc46d87d2ffd4acdc09379cff8,det-v1,2,fallback,1719,155,0.001,0.0001371000,true,false
call-000065,arm9_spec_heuristic_rollback,dev/f1/s1050000/early_accurate,16,meta-llama/llama-3.2-3b-instruct,sha256:42b023e82b0e9a52766a7057451cfd5375cfe3abf1591ee387bd84251c40b3a1,det-v1,1,fallback,1316,114,0.001,0.0001034200,true,false
call-000066,arm9_spec_heuristic_rollback,dev/f1/s1050000/early_accurate,16,meta-llama/llama-3.2-3b-instruct,sha256:b7e40e7c9eb49da9ce6a8061cc756e4bad177f387a6bb757d3fabdaecc314727,det-v1,2,fallback,1386,114,0.001,0.0001069200,true,false
call-000067,arm9_spec_heuristic_rollback,dev/f1/s1050000/early_accurate,25,meta-llama/llama-3.2-3b-instruct,sha256:e2335da605a2a1be3c6ae60b58d694f51b4c561b692d82f2b52be304a4b28ddc,det-v1,1,fallback,1625,202,0.001,0.0001479100,true,false
call-000068,arm9_spec_heuristic_rollback,dev/f1/s1050000/early_accurate,25,meta-llama/llama-3.2-3b-instruct,sha256:56cd8960be30202fc7d3eb1154e14e849d6abfcc46d87d2ffd4acdc09379cff8,det-v1,2,fallback,1719,155,0.001,0.0001371000,true,false
call-000069,arm10_spec_eprocess,dev/f1/s1050000/early_accurate,16,meta-llama/llama-3.2-3b-instruct,sha256:42b023e82b0e9a52766a7057451cfd5375cfe3abf1591ee387bd84251c40b3a1,det-v1,1,fallback,1316,114,0.001,0.0001034200,true,false
call-000070,arm10_spec_eprocess,dev/f1/s1050000/early_accurate,16,meta-llama/llama-3.2-3b-instruct,sha256:b7e40e7c9eb49da9ce6a8061cc756e4bad177f387a6bb757d3fabdaecc314727,det-v1,2,fallback,1386,114,0.001,0.0001069200,true,false
call-000071,arm10_spec_eprocess,dev/f1/s1050000/early_accurate,25,meta-llama/llama-3.2-3b-instruct,sha256:e2335da605a2a1be3c6ae60b58d694f51b4c561b692d82f2b52be304a4b28ddc,det-v1,1,fallback,1625,202,0.002,0.0001479100,true,false
call-000072,arm10_spec_eprocess,dev/f1/s1050000/early_accurate,25,meta-llama/llama-3.2-3b-instruct,sha256:56cd8960be30202fc7d3eb1154e14e849d6abfcc46d87d2ffd4acdc09379cff8,det-v1,2,fallback,1719,155,0.001,0.0001371000,true,false
call-000073,arm8_spec_immediate,cal/f1/s1060000/early_accurate,17,meta-llama/llama-3.2-3b-instruct,sha256:cceaee050b9f2fdcae694e14c98e7b4bf245fa1043c7cf5d26436af22f024bdf,det-v1,1,,1358,118,747.523,0.0001068400,false,true
call-000074,arm8_spec_immediate,cal/f1/s1060000/early_accurate,17,meta-llama/llama-3.2-3b-instruct,sha256:cceaee050b9f2fdcae694e14c98e7b4bf245fa1043c7cf5d26436af22f024bdf,det-v1,1,fallback,1358,118,747.523,0.0001068400,false,false
call-000075,arm8_spec_immediate,cal/f1/s1060000/early_accurate,17,meta-llama/llama-3.2-3b-instruct,sha256:e93241f377cd58deef4be0a4742227aa87096ea115f35b08e660cdd09af30243,det-v1,2,,1428,123,2155.234,0.0001119900,false,true
call-000076,arm8_spec_immediate,cal/f1/s1060000/early_accurate,17,meta-llama/llama-3.2-3b-instruct,sha256:e93241f377cd58deef4be0a4742227aa87096ea115f35b08e660cdd09af30243,det-v1,2,fallback,1428,123,2155.234,0.0001119900,false,false
call-000077,arm8_spec_immediate,cal/f1/s1060000/early_accurate,23,meta-llama/llama-3.2-3b-instruct,sha256:aa9ef1e78c94009b8e5e26e2bb6de15410c8ff70b7a5c49e4265452c71859428,det-v1,1,,1580,150,850.931,0.0001285000,false,true
call-000078,arm8_spec_immediate,cal/f1/s1060000/early_accurate,23,meta-llama/llama-3.2-3b-instruct,sha256:aa9ef1e78c94009b8e5e26e2bb6de15410c8ff70b7a5c49e4265452c71859428,det-v1,1,fallback,1580,150,850.931,0.0001285000,false,false
call-000079,arm8_spec_immediate,cal/f1/s1060000/early_accurate,23,meta-llama/llama-3.2-3b-instruct,sha256:fd13755a1801092edc85cf64674e71c580e3542cc93e36922012106c819d5472,det-v1,2,,1626,191,5582.407,0.0001443300,false,true
call-000080,arm8_spec_immediate,cal/f1/s1060000/early_accurate,23,meta-llama/llama-3.2-3b-instruct,sha256:fd13755a1801092edc85cf64674e71c580e3542cc93e36922012106c819d5472,det-v1,2,fallback,1626,191,5582.407,0.0001443300,false,false
call-000081,arm9_spec_heuristic_rollback,cal/f1/s1060000/early_accurate,17,meta-llama/llama-3.2-3b-instruct,sha256:cceaee050b9f2fdcae694e14c98e7b4bf245fa1043c7cf5d26436af22f024bdf,det-v1,1,fallback,1358,118,0.004,0.0001068400,true,false
call-000082,arm9_spec_heuristic_rollback,cal/f1/s1060000/early_accurate,17,meta-llama/llama-3.2-3b-instruct,sha256:e93241f377cd58deef4be0a4742227aa87096ea115f35b08e660cdd09af30243,det-v1,2,fallback,1428,123,0.003,0.0001119900,true,false
call-000083,arm9_spec_heuristic_rollback,cal/f1/s1060000/early_accurate,23,meta-llama/llama-3.2-3b-instruct,sha256:aa9ef1e78c94009b8e5e26e2bb6de15410c8ff70b7a5c49e4265452c71859428,det-v1,1,fallback,1580,150,0.004,0.0001285000,true,false
call-000084,arm9_spec_heuristic_rollback,cal/f1/s1060000/early_accurate,23,meta-llama/llama-3.2-3b-instruct,sha256:fd13755a1801092edc85cf64674e71c580e3542cc93e36922012106c819d5472,det-v1,2,fallback,1626,191,0.003,0.0001443300,true,false
call-000085,arm10_spec_eprocess,cal/f1/s1060000/early_accurate,17,meta-llama/llama-3.2-3b-instruct,sha256:cceaee050b9f2fdcae694e14c98e7b4bf245fa1043c7cf5d26436af22f024bdf,det-v1,1,fallback,1358,118,0.003,0.0001068400,true,false
call-000086,arm10_spec_eprocess,cal/f1/s1060000/early_accurate,17,meta-llama/llama-3.2-3b-instruct,sha256:e93241f377cd58deef4be0a4742227aa87096ea115f35b08e660cdd09af30243,det-v1,2,fallback,1428,123,0.003,0.0001119900,true,false
call-000087,arm10_spec_eprocess,cal/f1/s1060000/early_accurate,23,meta-llama/llama-3.2-3b-instruct,sha256:aa9ef1e78c94009b8e5e26e2bb6de15410c8ff70b7a5c49e4265452c71859428,det-v1,1,fallback,1580,150,0.004,0.0001285000,true,false
call-000088,arm10_spec_eprocess,cal/f1/s1060000/early_accurate,23,meta-llama/llama-3.2-3b-instruct,sha256:fd13755a1801092edc85cf64674e71c580e3542cc93e36922012106c819d5472,det-v1,2,fallback,1626,191,0.003,0.0001443300,true,false
call-000089,arm8_spec_immediate,dev/f1/s1050001/early_accurate,15,meta-llama/llama-3.2-3b-instruct,sha256:7d98ec06bbbd3310b009b60fea2adbbad00e1cccf600597375e4890063211779,det-v1,1,,1280,115,589.234,0.0001019500,false,true
call-000090,arm8_spec_immediate,dev/f1/s1050001/early_accurate,15,meta-llama/llama-3.2-3b-instruct,sha256:7d98ec06bbbd3310b009b60fea2adbbad00e1cccf600597375e4890063211779,det-v1,1,fallback,1280,115,589.234,0.0001019500,false,false
call-000091,arm8_spec_immediate,dev/f1/s1050001/early_accurate,15,meta-llama/llama-3.2-3b-instruct,sha256:5b9107e7b6d3106e9eec4953ca73521777553e4701d623c1e2977c04ad4dea44,det-v1,2,,1326,156,4169.180,0.0001177800,false,true
call-000092,arm8_spec_immediate,dev/f1/s1050001/early_accurate,15,meta-llama/llama-3.2-3b-instruct,sha256:5b9107e7b6d3106e9eec4953ca73521777553e4701d623c1e2977c04ad4dea44,det-v1,2,fallback,1326,156,4169.180,0.0001177800,false,false
call-000093,arm8_spec_immediate,dev/f1/s1050001/early_accurate,23,meta-llama/llama-3.2-3b-instruct,sha256:f7d6fdc6a1b684b11982e0dfcec6e5ed68cc9d29aa3c1dcb5f9b3df50ef42738,det-v1,1,,1576,140,752.408,0.0001250000,false,true
call-000094,arm8_spec_immediate,dev/f1/s1050001/early_accurate,23,meta-llama/llama-3.2-3b-instruct,sha256:f7d6fdc6a1b684b11982e0dfcec6e5ed68cc9d29aa3c1dcb5f9b3df50ef42738,det-v1,1,fallback,1576,140,752.408,0.0001250000,false,false
call-000095,arm8_spec_immediate,dev/f1/s1050001/early_accurate,23,meta-llama/llama-3.2-3b-instruct,sha256:dd3fc5d2feff1877157303d7199dd20b025428fa3a97ffb19c355090832a79a9,det-v1,2,,1622,191,4818.319,0.0001441300,false,true
call-000096,arm8_spec_immediate,dev/f1/s1050001/early_accurate,23,meta-llama/llama-3.2-3b-instruct,sha256:dd3fc5d2feff1877157303d7199dd20b025428fa3a97ffb19c355090832a79a9,det-v1,2,fallback,1622,191,4818.319,0.0001441300,false,false
call-000097,arm9_spec_heuristic_rollback,dev/f1/s1050001/early_accurate,15,meta-llama/llama-3.2-3b-instruct,sha256:7d98ec06bbbd3310b009b60fea2adbbad00e1cccf600597375e4890063211779,det-v1,1,fallback,1280,115,0.003,0.0001019500,true,false
call-000098,arm9_spec_heuristic_rollback,dev/f1/s1050001/early_accurate,15,meta-llama/llama-3.2-3b-instruct,sha256:5b9107e7b6d3106e9eec4953ca73521777553e4701d623c1e2977c04ad4dea44,det-v1,2,fallback,1326,156,0.003,0.0001177800,true,false
call-000099,arm9_spec_heuristic_rollback,dev/f1/s1050001/early_accurate,23,meta-llama/llama-3.2-3b-instruct,sha256:f7d6fdc6a1b684b11982e0dfcec6e5ed68cc9d29aa3c1dcb5f9b3df50ef42738,det-v1,1,fallback,1576,140,0.003,0.0001250000,true,false
call-000100,arm9_spec_heuristic_rollback,dev/f1/s1050001/early_accurate,23,meta-llama/llama-3.2-3b-instruct,sha256:dd3fc5d2feff1877157303d7199dd20b025428fa3a97ffb19c355090832a79a9,det-v1,2,fallback,1622,191,0.003,0.0001441300,true,false
call-000101,arm10_spec_eprocess,dev/f1/s1050001/early_accurate,15,meta-llama/llama-3.2-3b-instruct,sha256:7d98ec06bbbd3310b009b60fea2adbbad00e1cccf600597375e4890063211779,det-v1,1,fallback,1280,115,0.003,0.0001019500,true,false
call-000102,arm10_spec_eprocess,dev/f1/s1050001/early_accurate,15,meta-llama/llama-3.2-3b-instruct,sha256:5b9107e7b6d3106e9eec4953ca73521777553e4701d623c1e2977c04ad4dea44,det-v1,2,fallback,1326,156,0.003,0.0001177800,true,false
call-000103,arm10_spec_eprocess,dev/f1/s1050001/early_accurate,23,meta-llama/llama-3.2-3b-instruct,sha256:f7d6fdc6a1b684b11982e0dfcec6e5ed68cc9d29aa3c1dcb5f9b3df50ef42738,det-v1,1,fallback,1576,140,0.003,0.0001250000,true,false
call-000104,arm10_spec_eprocess,dev/f1/s1050001/early_accurate,23,meta-llama/llama-3.2-3b-instruct,sha256:dd3fc5d2feff1877157303d7199dd20b025428fa3a97ffb19c355090832a79a9,det-v1,2,fallback,1622,191,0.002,0.0001441300,true,false
call-000105,arm8_spec_immediate,cal/f1/s1060001/early_accurate,21,meta-llama/llama-3.2-3b-instruct,sha256:810de27b857f30db1fbdbc7d8a79d48c0fb55bd395d9dabd8f92281052817b35,det-v1,1,,1481,187,5508.456,0.0001357600,false,true
call-000106,arm8_spec_immediate,cal/f1/s1060001/early_accurate,21,meta-llama/llama-3.2-3b-instruct,sha256:810de27b857f30db1fbdbc7d8a79d48c0fb55bd395d9dabd8f92281052817b35,det-v1,1,fallback,1481,187,5508.456,0.0001357600,false,false
call-000107,arm8_spec_immediate,cal/f1/s1060001/early_accurate,21,meta-llama/llama-3.2-3b-instruct,sha256:e33614ecef98997a6e8ce06c3c2fa548454ce384d1f1bfd0f96977b4bfed3f0e,det-v1,2,,1551,194,4199.921,0.0001415700,false,true
call-000108,arm8_spec_immediate,cal/f1/s1060001/early_accurate,21,meta-llama/llama-3.2-3b-instruct,sha256:e33614ecef98997a6e8ce06c3c2fa548454ce384d1f1bfd0f96977b4bfed3f0e,det-v1,2,fallback,1551,194,4199.921,0.0001415700,false,false
call-000109,arm8_spec_immediate,cal/f1/s1060001/early_accurate,36,meta-llama/llama-3.2-3b-instruct,sha256:5cb38daf37c814ed1c4b726b9254c12e0d8ee8e4aae87f71d37a5bd1ca7ba862,det-v1,1,,2060,195,2340.247,0.0001673500,false,true
call-000110,arm8_spec_immediate,cal/f1/s1060001/early_accurate,36,meta-llama/llama-3.2-3b-instruct,sha256:5cb38daf37c814ed1c4b726b9254c12e0d8ee8e4aae87f71d37a5bd1ca7ba862,det-v1,1,fallback,2060,195,2340.247,0.0001673500,false,false
call-000111,arm8_spec_immediate,cal/f1/s1060001/early_accurate,36,meta-llama/llama-3.2-3b-instruct,sha256:f3f9821d0af0bbfdeeb025e5a17664de93420ef35780bb6d60b1de650e9e4287,det-v1,2,,2130,200,1154.771,0.0001725000,false,true
call-000112,arm8_spec_immediate,cal/f1/s1060001/early_accurate,36,meta-llama/llama-3.2-3b-instruct,sha256:f3f9821d0af0bbfdeeb025e5a17664de93420ef35780bb6d60b1de650e9e4287,det-v1,2,fallback,2130,200,1154.771,0.0001725000,false,false
call-000113,arm9_spec_heuristic_rollback,cal/f1/s1060001/early_accurate,21,meta-llama/llama-3.2-3b-instruct,sha256:810de27b857f30db1fbdbc7d8a79d48c0fb55bd395d9dabd8f92281052817b35,det-v1,1,fallback,1481,187,0.002,0.0001357600,true,false
call-000114,arm9_spec_heuristic_rollback,cal/f1/s1060001/early_accurate,21,meta-llama/llama-3.2-3b-instruct,sha256:e33614ecef98997a6e8ce06c3c2fa548454ce384d1f1bfd0f96977b4bfed3f0e,det-v1,2,fallback,1551,194,0.001,0.0001415700,true,false
call-000115,arm9_spec_heuristic_rollback,cal/f1/s1060001/early_accurate,36,meta-llama/llama-3.2-3b-instruct,sha256:5cb38daf37c814ed1c4b726b9254c12e0d8ee8e4aae87f71d37a5bd1ca7ba862,det-v1,1,fallback,2060,195,0.001,0.0001673500,true,false
call-000116,arm9_spec_heuristic_rollback,cal/f1/s1060001/early_accurate,36,meta-llama/llama-3.2-3b-instruct,sha256:f3f9821d0af0bbfdeeb025e5a17664de93420ef35780bb6d60b1de650e9e4287,det-v1,2,fallback,2130,200,0.001,0.0001725000,true,false
call-000117,arm10_spec_eprocess,cal/f1/s1060001/early_accurate,21,meta-llama/llama-3.2-3b-instruct,sha256:810de27b857f30db1fbdbc7d8a79d48c0fb55bd395d9dabd8f92281052817b35,det-v1,1,fallback,1481,187,0.001,0.0001357600,true,false
call-000118,arm10_spec_eprocess,cal/f1/s1060001/early_accurate,21,meta-llama/llama-3.2-3b-instruct,sha256:e33614ecef98997a6e8ce06c3c2fa548454ce384d1f1bfd0f96977b4bfed3f0e,det-v1,2,fallback,1551,194,0.001,0.0001415700,true,false
call-000119,arm10_spec_eprocess,cal/f1/s1060001/early_accurate,36,meta-llama/llama-3.2-3b-instruct,sha256:5cb38daf37c814ed1c4b726b9254c12e0d8ee8e4aae87f71d37a5bd1ca7ba862,det-v1,1,fallback,2060,195,0.002,0.0001673500,true,false
call-000120,arm10_spec_eprocess,cal/f1/s1060001/early_accurate,36,meta-llama/llama-3.2-3b-instruct,sha256:f3f9821d0af0bbfdeeb025e5a17664de93420ef35780bb6d60b1de650e9e4287,det-v1,2,fallback,2130,200,0.001,0.0001725000,true,false
call-000121,arm8_spec_immediate,dev/f1/s1050000/late_accurate,19,meta-llama/llama-3.2-3b-instruct,sha256:22cd906cc4855041bf80876bc913cafa99668b2166ee532fca2ee34265d51688,det-v1,1,,1427,129,694.350,0.0001139200,false,true
call-000122,arm8_spec_immediate,dev/f1/s1050000/late_accurate,19,meta-llama/llama-3.2-3b-instruct,sha256:22cd906cc4855041bf80876bc913cafa99668b2166ee532fca2ee34265d51688,det-v1,1,fallback,1427,129,694.350,0.0001139200,false,false
call-000123,arm8_spec_immediate,dev/f1/s1050000/late_accurate,19,meta-llama/llama-3.2-3b-instruct,sha256:0fd6008032a83f9bf3577d2ad986d67c2c7e33f9c7e7367220b6a2519a86e078,det-v1,2,,1497,134,626.062,0.0001190700,false,true
call-000124,arm8_spec_immediate,dev/f1/s1050000/late_accurate,19,meta-llama/llama-3.2-3b-instruct,sha256:0fd6008032a83f9bf3577d2ad986d67c2c7e33f9c7e7367220b6a2519a86e078,det-v1,2,fallback,1497,134,626.062,0.0001190700,false,false
call-000125,arm8_spec_immediate,dev/f1/s1050000/late_accurate,25,meta-llama/llama-3.2-3b-instruct,sha256:cac81e55fa3a69fdafff142d3de43f3753433f1152bfd60a61b6879ee531fcc2,det-v1,1,,1649,147,669.358,0.0001309600,false,true
call-000126,arm8_spec_immediate,dev/f1/s1050000/late_accurate,25,meta-llama/llama-3.2-3b-instruct,sha256:cac81e55fa3a69fdafff142d3de43f3753433f1152bfd60a61b6879ee531fcc2,det-v1,1,fallback,1649,147,669.358,0.0001309600,false,false
call-000127,arm8_spec_immediate,dev/f1/s1050000/late_accurate,25,meta-llama/llama-3.2-3b-instruct,sha256:beba1b52d8248daa82908bc4c635ba43895f977bf168ec2d8701a7d18b52114b,det-v1,2,,1719,151,803.788,0.0001357800,false,true
call-000128,arm8_spec_immediate,dev/f1/s1050000/late_accurate,25,meta-llama/llama-3.2-3b-instruct,sha256:beba1b52d8248daa82908bc4c635ba43895f977bf168ec2d8701a7d18b52114b,det-v1,2,fallback,1719,151,803.788,0.0001357800,false,false
call-000129,arm9_spec_heuristic_rollback,dev/f1/s1050000/late_accurate,19,meta-llama/llama-3.2-3b-instruct,sha256:22cd906cc4855041bf80876bc913cafa99668b2166ee532fca2ee34265d51688,det-v1,1,fallback,1427,129,0.003,0.0001139200,true,false
call-000130,arm9_spec_heuristic_rollback,dev/f1/s1050000/late_accurate,19,meta-llama/llama-3.2-3b-instruct,sha256:0fd6008032a83f9bf3577d2ad986d67c2c7e33f9c7e7367220b6a2519a86e078,det-v1,2,fallback,1497,134,0.003,0.0001190700,true,false
call-000131,arm9_spec_heuristic_rollback,dev/f1/s1050000/late_accurate,25,meta-llama/llama-3.2-3b-instruct,sha256:cac81e55fa3a69fdafff142d3de43f3753433f1152bfd60a61b6879ee531fcc2,det-v1,1,fallback,1649,147,0.003,0.0001309600,true,false
call-000132,arm9_spec_heuristic_rollback,dev/f1/s1050000/late_accurate,25,meta-llama/llama-3.2-3b-instruct,sha256:beba1b52d8248daa82908bc4c635ba43895f977bf168ec2d8701a7d18b52114b,det-v1,2,fallback,1719,151,0.003,0.0001357800,true,false
call-000133,arm10_spec_eprocess,dev/f1/s1050000/late_accurate,19,meta-llama/llama-3.2-3b-instruct,sha256:22cd906cc4855041bf80876bc913cafa99668b2166ee532fca2ee34265d51688,det-v1,1,fallback,1427,129,0.003,0.0001139200,true,false
call-000134,arm10_spec_eprocess,dev/f1/s1050000/late_accurate,19,meta-llama/llama-3.2-3b-instruct,sha256:0fd6008032a83f9bf3577d2ad986d67c2c7e33f9c7e7367220b6a2519a86e078,det-v1,2,fallback,1497,134,0.003,0.0001190700,true,false
call-000135,arm10_spec_eprocess,dev/f1/s1050000/late_accurate,25,meta-llama/llama-3.2-3b-instruct,sha256:cac81e55fa3a69fdafff142d3de43f3753433f1152bfd60a61b6879ee531fcc2,det-v1,1,fallback,1649,147,0.003,0.0001309600,true,false
call-000136,arm10_spec_eprocess,dev/f1/s1050000/late_accurate,25,meta-llama/llama-3.2-3b-instruct,sha256:beba1b52d8248daa82908bc4c635ba43895f977bf168ec2d8701a7d18b52114b,det-v1,2,fallback,1719,151,0.002,0.0001357800,true,false
call-000137,arm8_spec_immediate,cal/f1/s1060000/late_accurate,20,meta-llama/llama-3.2-3b-instruct,sha256:e407a7cff482ab4eb95f0586ea1861ff8c1259a1fbc20eca00904c07a0791fea,det-v1,1,,1469,129,543.194,0.0001160200,false,true
call-000138,arm8_spec_immediate,cal/f1/s1060000/late_accurate,20,meta-llama/llama-3.2-3b-instruct,sha256:e407a7cff482ab4eb95f0586ea1861ff8c1259a1fbc20eca00904c07a0791fea,det-v1,1,fallback,1469,129,543.194,0.0001160200,false,false
call-000139,arm8_spec_immediate,cal/f1/s1060000/late_accurate,20,meta-llama/llama-3.2-3b-instruct,sha256:b1116ba74267b02d72b9b537dcfd8486426ca73bfeadac1e8ca34f2a1f6b4649,det-v1,2,,1539,129,522.646,0.0001195200,false,true
call-000140,arm8_spec_immediate,cal/f1/s1060000/late_accurate,20,meta-llama/llama-3.2-3b-instruct,sha256:b1116ba74267b02d72b9b537dcfd8486426ca73bfeadac1e8ca34f2a1f6b4649,det-v1,2,fallback,1539,129,522.646,0.0001195200,false,false
call-000141,arm8_spec_immediate,cal/f1/s1060000/late_accurate,49,meta-llama/llama-3.2-3b-instruct,sha256:06f4fcb5910cac4cde8bd7ae2a5e7de40ce00c61c6fe77397ce590703efa1c8a,det-v1,1,,2542,297,1344.864,0.0002251100,false,true
call-000142,arm8_spec_immediate,cal/f1/s1060000/late_accurate,49,meta-llama/llama-3.2-3b-instruct,sha256:06f4fcb5910cac4cde8bd7ae2a5e7de40ce00c61c6fe77397ce590703efa1c8a,det-v1,1,fallback,2542,297,1344.864,0.0002251100,false,false
call-000143,arm8_spec_immediate,cal/f1/s1060000/late_accurate,49,meta-llama/llama-3.2-3b-instruct,sha256:510a5a0f29d05244f86a7af9ec2fe448e2daa66b1cf275406a56ef4c5e610d1f,det-v1,2,,2612,249,1335.024,0.0002127700,false,true
call-000144,arm8_spec_immediate,cal/f1/s1060000/late_accurate,49,meta-llama/llama-3.2-3b-instruct,sha256:510a5a0f29d05244f86a7af9ec2fe448e2daa66b1cf275406a56ef4c5e610d1f,det-v1,2,fallback,2612,249,1335.024,0.0002127700,false,false
call-000145,arm9_spec_heuristic_rollback,cal/f1/s1060000/late_accurate,20,meta-llama/llama-3.2-3b-instruct,sha256:e407a7cff482ab4eb95f0586ea1861ff8c1259a1fbc20eca00904c07a0791fea,det-v1,1,fallback,1469,129,0.003,0.0001160200,true,false
call-000146,arm9_spec_heuristic_rollback,cal/f1/s1060000/late_accurate,20,meta-llama/llama-3.2-3b-instruct,sha256:b1116ba74267b02d72b9b537dcfd8486426ca73bfeadac1e8ca34f2a1f6b4649,det-v1,2,fallback,1539,129,0.002,0.0001195200,true,false
call-000147,arm9_spec_heuristic_rollback,cal/f1/s1060000/late_accurate,49,meta-llama/llama-3.2-3b-instruct,sha256:06f4fcb5910cac4cde8bd7ae2a5e7de40ce00c61c6fe77397ce590703efa1c8a,det-v1,1,fallback,2542,297,0.003,0.0002251100,true,false
call-000148,arm9_spec_heuristic_rollback,cal/f1/s1060000/late_accurate,49,meta-llama/llama-3.2-3b-instruct,sha256:510a5a0f29d05244f86a7af9ec2fe448e2daa66b1cf275406a56ef4c5e610d1f,det-v1,2,fallback,2612,249,0.003,0.0002127700,true,false
call-000149,arm10_spec_eprocess,cal/f1/s1060000/late_accurate,20,meta-llama/llama-3.2-3b-instruct,sha256:e407a7cff482ab4eb95f0586ea1861ff8c1259a1fbc20eca00904c07a0791fea,det-v1,1,fallback,1469,129,0.003,0.0001160200,true,false
call-000150,arm10_spec_eprocess,cal/f1/s1060000/late_accurate,20,meta-llama/llama-3.2-3b-instruct,sha256:b1116ba74267b02d72b9b537dcfd8486426ca73bfeadac1e8ca34f2a1f6b4649,det-v1,2,fallback,1539,129,0.002,0.0001195200,true,false
call-000151,arm10_spec_eprocess,cal/f1/s1060000/late_accurate,49,meta-llama/llama-3.2-3b-instruct,sha256:06f4fcb5910cac4cde8bd7ae2a5e7de40ce00c61c6fe77397ce590703efa1c8a,det-v1,1,fallback,2542,297,0.003,0.0002251100,true,false
call-000152,arm10_spec_eprocess,cal/f1/s1060000/late_accurate,49,meta-llama/llama-3.2-3b-instruct,sha256:510a5a0f29d05244f86a7af9ec2fe448e2daa66b1cf275406a56ef4c5e610d1f,det-v1,2,fallback,2612,249,0.002,0.0002127700,true,false
call-000153,arm8_spec_immediate,dev/f1/s1050001/late_accurate,18,meta-llama/llama-3.2-3b-instruct,sha256:69c42036e0ce9e59dfc9dbbd0aaeaca024573820649e5208edf770f3e14fc37d,det-v1,1,,1391,134,774.515,0.0001137700,false,true
call-000154,arm8_spec_immediate,dev/f1/s1050001/late_accurate,18,meta-llama/llama-3.2-3b-instruct,sha256:69c42036e0ce9e59dfc9dbbd0aaeaca024573820649e5208edf770f3e14fc37d,det-v1,1,fallback,1391,134,774.515,0.0001137700,false,false
call-000155,arm8_spec_immediate,dev/f1/s1050001/late_accurate,18,meta-llama/llama-3.2-3b-instruct,sha256:e793ed567cc63a2e62c6d711621ee7796deb63a741c3b883f9251000378b4424,det-v1,2,,1437,163,4517.425,0.0001256400,false,true
call-000156,arm8_spec_immediate,dev/f1/s1050001/late_accurate,18,meta-llama/llama-3.2-3b-instruct,sha256:e793ed567cc63a2e62c6d711621ee7796deb63a741c3b883f9251000378b4424,det-v1,2,fallback,1437,163,4517.425,0.0001256400,false,false
call-000157,arm8_spec_immediate,dev/f1/s1050001/late_accurate,25,meta-llama/llama-3.2-3b-instruct,sha256:536f6dfee3249ee54c8257326d997013902891cff6d2ec8a287c755731add6ef,det-v1,1,,1626,202,4952.757,0.0001479600,false,true
call-000158,arm8_spec_immediate,dev/f1/s1050001/late_accurate,25,meta-llama/llama-3.2-3b-instruct,sha256:536f6dfee3249ee54c8257326d997013902891cff6d2ec8a287c755731add6ef,det-v1,1,fallback,1626,202,4952.757,0.0001479600,false,false
call-000159,arm8_spec_immediate,dev/f1/s1050001/late_accurate,25,meta-llama/llama-3.2-3b-instruct,sha256:88bdec4dd667e63bbf63354f95e122023fbc7a97ca5a1e43aab2fb30820609fc,det-v1,2,,1720,155,889.721,0.0001371500,false,true
call-000160,arm8_spec_immediate,dev/f1/s1050001/late_accurate,25,meta-llama/llama-3.2-3b-instruct,sha256:88bdec4dd667e63bbf63354f95e122023fbc7a97ca5a1e43aab2fb30820609fc,det-v1,2,fallback,1720,155,889.721,0.0001371500,false,false
call-000161,arm9_spec_heuristic_rollback,dev/f1/s1050001/late_accurate,18,meta-llama/llama-3.2-3b-instruct,sha256:69c42036e0ce9e59dfc9dbbd0aaeaca024573820649e5208edf770f3e14fc37d,det-v1,1,fallback,1391,134,0.003,0.0001137700,true,false
call-000162,arm9_spec_heuristic_rollback,dev/f1/s1050001/late_accurate,18,meta-llama/llama-3.2-3b-instruct,sha256:e793ed567cc63a2e62c6d711621ee7796deb63a741c3b883f9251000378b4424,det-v1,2,fallback,1437,163,0.002,0.0001256400,true,false
call-000163,arm9_spec_heuristic_rollback,dev/f1/s1050001/late_accurate,25,meta-llama/llama-3.2-3b-instruct,sha256:536f6dfee3249ee54c8257326d997013902891cff6d2ec8a287c755731add6ef,det-v1,1,fallback,1626,202,0.003,0.0001479600,true,false
call-000164,arm9_spec_heuristic_rollback,dev/f1/s1050001/late_accurate,25,meta-llama/llama-3.2-3b-instruct,sha256:88bdec4dd667e63bbf63354f95e122023fbc7a97ca5a1e43aab2fb30820609fc,det-v1,2,fallback,1720,155,0.002,0.0001371500,true,false
call-000165,arm10_spec_eprocess,dev/f1/s1050001/late_accurate,18,meta-llama/llama-3.2-3b-instruct,sha256:69c42036e0ce9e59dfc9dbbd0aaeaca024573820649e5208edf770f3e14fc37d,det-v1,1,fallback,1391,134,0.003,0.0001137700,true,false
call-000166,arm10_spec_eprocess,dev/f1/s1050001/late_accurate,18,meta-llama/llama-3.2-3b-instruct,sha256:e793ed567cc63a2e62c6d711621ee7796deb63a741c3b883f9251000378b4424,det-v1,2,fallback,1437,163,0.002,0.0001256400,true,false
call-000167,arm10_spec_eprocess,dev/f1/s1050001/late_accurate,25,meta-llama/llama-3.2-3b-instruct,sha256:536f6dfee3249ee54c8257326d997013902891cff6d2ec8a287c755731add6ef,det-v1,1,fallback,1626,202,0.003,0.0001479600,true,false
call-000168,arm10_spec_eprocess,dev/f1/s1050001/late_accurate,25,meta-llama/llama-3.2-3b-instruct,sha256:88bdec4dd667e63bbf63354f95e122023fbc7a97ca5a1e43aab2fb30820609fc,det-v1,2,fallback,1720,155,0.003,0.0001371500,true,false
call-000169,arm8_spec_immediate,cal/f1/s1060001/late_accurate,24,meta-llama/llama-3.2-3b-instruct,sha256:85e196ab243e831a091c0f2a1c41b1bfde2d10e2d3a1d34c81fcdef0eade5398,det-v1,1,,1616,147,1017.719,0.0001293100,false,true
call-000170,arm8_spec_immediate,cal/f1/s1060001/late_accurate,24,meta-llama/llama-3.2-3b-instruct,sha256:85e196ab243e831a091c0f2a1c41b1bfde2d10e2d3a1d34c81fcdef0eade5398,det-v1,1,fallback,1616,147,1017.719,0.0001293100,false,false
call-000171,arm8_spec_immediate,cal/f1/s1060001/late_accurate,24,meta-llama/llama-3.2-3b-instruct,sha256:54426664eba5cb04be79030eaba2a79a719a607756b8cea73cf191716eaf2df8,det-v1,2,,1686,159,866.815,0.0001367700,false,true
call-000172,arm8_spec_immediate,cal/f1/s1060001/late_accurate,24,meta-llama/llama-3.2-3b-instruct,sha256:54426664eba5cb04be79030eaba2a79a719a607756b8cea73cf191716eaf2df8,det-v1,2,fallback,1686,159,866.815,0.0001367700,false,false
call-000173,arm8_spec_immediate,cal/f1/s1060001/late_accurate,36,meta-llama/llama-3.2-3b-instruct,sha256:420f0b9b2aaa55b4ea234574cc52279f00ed8ff457937744160ceb64b10c781e,det-v1,1,,2060,195,951.876,0.0001673500,false,true
call-000174,arm8_spec_immediate,cal/f1/s1060001/late_accurate,36,meta-llama/llama-3.2-3b-instruct,sha256:420f0b9b2aaa55b4ea234574cc52279f00ed8ff457937744160ceb64b10c781e,det-v1,1,fallback,2060,195,951.876,0.0001673500,false,false
call-000175,arm8_spec_immediate,cal/f1/s1060001/late_accurate,36,meta-llama/llama-3.2-3b-instruct,sha256:1d044db698e97815865fdb088b4068dc6aa1ec1c4deae68f8f5b7472ba661f66,det-v1,2,,2130,190,1197.813,0.0001692000,false,true
call-000176,arm8_spec_immediate,cal/f1/s1060001/late_accurate,36,meta-llama/llama-3.2-3b-instruct,sha256:1d044db698e97815865fdb088b4068dc6aa1ec1c4deae68f8f5b7472ba661f66,det-v1,2,fallback,2130,190,1197.813,0.0001692000,false,false
call-000177,arm9_spec_heuristic_rollback,cal/f1/s1060001/late_accurate,24,meta-llama/llama-3.2-3b-instruct,sha256:85e196ab243e831a091c0f2a1c41b1bfde2d10e2d3a1d34c81fcdef0eade5398,det-v1,1,fallback,1616,147,0.003,0.0001293100,true,false
call-000178,arm9_spec_heuristic_rollback,cal/f1/s1060001/late_accurate,24,meta-llama/llama-3.2-3b-instruct,sha256:54426664eba5cb04be79030eaba2a79a719a607756b8cea73cf191716eaf2df8,det-v1,2,fallback,1686,159,0.002,0.0001367700,true,false
call-000179,arm9_spec_heuristic_rollback,cal/f1/s1060001/late_accurate,36,meta-llama/llama-3.2-3b-instruct,sha256:420f0b9b2aaa55b4ea234574cc52279f00ed8ff457937744160ceb64b10c781e,det-v1,1,fallback,2060,195,0.003,0.0001673500,true,false
call-000180,arm9_spec_heuristic_rollback,cal/f1/s1060001/late_accurate,36,meta-llama/llama-3.2-3b-instruct,sha256:1d044db698e97815865fdb088b4068dc6aa1ec1c4deae68f8f5b7472ba661f66,det-v1,2,fallback,2130,190,0.002,0.0001692000,true,false
call-000181,arm10_spec_eprocess,cal/f1/s1060001/late_accurate,24,meta-llama/llama-3.2-3b-instruct,sha256:85e196ab243e831a091c0f2a1c41b1bfde2d10e2d3a1d34c81fcdef0eade5398,det-v1,1,fallback,1616,147,0.003,0.0001293100,true,false
call-000182,arm10_spec_eprocess,cal/f1/s1060001/late_accurate,24,meta-llama/llama-3.2-3b-instruct,sha256:54426664eba5cb04be79030eaba2a79a719a607756b8cea73cf191716eaf2df8,det-v1,2,fallback,1686,159,0.002,0.0001367700,true,false
call-000183,arm10_spec_eprocess,cal/f1/s1060001/late_accurate,36,meta-llama/llama-3.2-3b-instruct,sha256:420f0b9b2aaa55b4ea234574cc52279f00ed8ff457937744160ceb64b10c781e,det-v1,1,fallback,2060,195,0.003,0.0001673500,true,false
call-000184,arm10_spec_eprocess,cal/f1/s1060001/late_accurate,36,meta-llama/llama-3.2-3b-instruct,sha256:1d044db698e97815865fdb088b4068dc6aa1ec1c4deae68f8f5b7472ba661f66,det-v1,2,fallback,2130,190,0.002,0.0001692000,true,false
call-000185,arm8_spec_immediate,dev/f1/s1050000/unreliable,16,meta-llama/llama-3.2-3b-instruct,sha256:52421be6c75143733424a12e64d7991bed7686a8df0fa019c85d104492d4c9ef,det-v1,1,,1319,125,897.941,0.0001072000,false,true
call-000186,arm8_spec_immediate,dev/f1/s1050000/unreliable,16,meta-llama/llama-3.2-3b-instruct,sha256:52421be6c75143733424a12e64d7991bed7686a8df0fa019c85d104492d4c9ef,det-v1,1,fallback,1319,125,897.941,0.0001072000,false,false
call-000187,arm8_spec_immediate,dev/f1/s1050000/unreliable,16,meta-llama/llama-3.2-3b-instruct,sha256:c88cf746083e7faf59a11ddad076b1055da8d8c2f3db9f82711941ce056258ac,det-v1,2,,1389,113,587.138,0.0001067400,false,true
call-000188,arm8_spec_immediate,dev/f1/s1050000/unreliable,16,meta-llama/llama-3.2-3b-instruct,sha256:c88cf746083e7faf59a11ddad076b1055da8d8c2f3db9f82711941ce056258ac,det-v1,2,fallback,1389,113,587.138,0.0001067400,false,false
call-000189,arm8_spec_immediate,dev/f1/s1050000/unreliable,25,meta-llama/llama-3.2-3b-instruct,sha256:14e5c7378c56f4520d90e4085d14f6b725678a138203b410471c4e022be0f781,det-v1,1,,1652,161,1177.935,0.0001357300,false,true
call-000190,arm8_spec_immediate,dev/f1/s1050000/unreliable,25,meta-llama/llama-3.2-3b-instruct,sha256:14e5c7378c56f4520d90e4085d14f6b725678a138203b410471c4e022be0f781,det-v1,1,fallback,1652,161,1177.935,0.0001357300,false,false
call-000191,arm8_spec_immediate,dev/f1/s1050000/unreliable,25,meta-llama/llama-3.2-3b-instruct,sha256:d2ffa86df3234a057ded10470149c467f3ff67315362ee768069d6f2d3453b54,det-v1,2,,1698,201,5570.832,0.0001512300,false,true
call-000192,arm8_spec_immediate,dev/f1/s1050000/unreliable,25,meta-llama/llama-3.2-3b-instruct,sha256:d2ffa86df3234a057ded10470149c467f3ff67315362ee768069d6f2d3453b54,det-v1,2,fallback,1698,201,5570.832,0.0001512300,false,false
call-000193,arm9_spec_heuristic_rollback,dev/f1/s1050000/unreliable,16,meta-llama/llama-3.2-3b-instruct,sha256:52421be6c75143733424a12e64d7991bed7686a8df0fa019c85d104492d4c9ef,det-v1,1,fallback,1319,125,0.003,0.0001072000,true,false
call-000194,arm9_spec_heuristic_rollback,dev/f1/s1050000/unreliable,16,meta-llama/llama-3.2-3b-instruct,sha256:c88cf746083e7faf59a11ddad076b1055da8d8c2f3db9f82711941ce056258ac,det-v1,2,fallback,1389,113,0.003,0.0001067400,true,false
call-000195,arm9_spec_heuristic_rollback,dev/f1/s1050000/unreliable,25,meta-llama/llama-3.2-3b-instruct,sha256:14e5c7378c56f4520d90e4085d14f6b725678a138203b410471c4e022be0f781,det-v1,1,fallback,1652,161,0.003,0.0001357300,true,false
call-000196,arm9_spec_heuristic_rollback,dev/f1/s1050000/unreliable,25,meta-llama/llama-3.2-3b-instruct,sha256:d2ffa86df3234a057ded10470149c467f3ff67315362ee768069d6f2d3453b54,det-v1,2,fallback,1698,201,0.002,0.0001512300,true,false
call-000197,arm10_spec_eprocess,dev/f1/s1050000/unreliable,16,meta-llama/llama-3.2-3b-instruct,sha256:52421be6c75143733424a12e64d7991bed7686a8df0fa019c85d104492d4c9ef,det-v1,1,fallback,1319,125,0.003,0.0001072000,true,false
call-000198,arm10_spec_eprocess,dev/f1/s1050000/unreliable,16,meta-llama/llama-3.2-3b-instruct,sha256:c88cf746083e7faf59a11ddad076b1055da8d8c2f3db9f82711941ce056258ac,det-v1,2,fallback,1389,113,0.003,0.0001067400,true,false
call-000199,arm10_spec_eprocess,dev/f1/s1050000/unreliable,25,meta-llama/llama-3.2-3b-instruct,sha256:14e5c7378c56f4520d90e4085d14f6b725678a138203b410471c4e022be0f781,det-v1,1,fallback,1652,161,0.003,0.0001357300,true,false
call-000200,arm10_spec_eprocess,dev/f1/s1050000/unreliable,25,meta-llama/llama-3.2-3b-instruct,sha256:d2ffa86df3234a057ded10470149c467f3ff67315362ee768069d6f2d3453b54,det-v1,2,fallback,1698,201,0.002,0.0001512300,true,false
call-000201,arm8_spec_immediate,dev/f1/s1050000/unreliable__twin,10,meta-llama/llama-3.2-3b-instruct,sha256:56813e9a284963e8a654e20ff5e4f73d5e612a2cac9457c01dfe5c4e3e1011ea,det-v1,1,fallback,1070,135,0.002,0.0000980500,true,false
call-000202,arm8_spec_immediate,dev/f1/s1050000/unreliable__twin,10,meta-llama/llama-3.2-3b-instruct,sha256:ee75ca33518f560da9080b4c1ee55161f5ff3ef4c3f05b1fabad45ef35ab80d4,det-v1,2,fallback,1140,136,0.001,0.0001018800,true,false
call-000203,arm9_spec_heuristic_rollback,dev/f1/s1050000/unreliable__twin,10,meta-llama/llama-3.2-3b-instruct,sha256:56813e9a284963e8a654e20ff5e4f73d5e612a2cac9457c01dfe5c4e3e1011ea,det-v1,1,fallback,1070,135,0.001,0.0000980500,true,false
call-000204,arm9_spec_heuristic_rollback,dev/f1/s1050000/unreliable__twin,10,meta-llama/llama-3.2-3b-instruct,sha256:ee75ca33518f560da9080b4c1ee55161f5ff3ef4c3f05b1fabad45ef35ab80d4,det-v1,2,fallback,1140,136,0.001,0.0001018800,true,false
call-000205,arm10_spec_eprocess,dev/f1/s1050000/unreliable__twin,10,meta-llama/llama-3.2-3b-instruct,sha256:56813e9a284963e8a654e20ff5e4f73d5e612a2cac9457c01dfe5c4e3e1011ea,det-v1,1,fallback,1070,135,0.001,0.0000980500,true,false
call-000206,arm10_spec_eprocess,dev/f1/s1050000/unreliable__twin,10,meta-llama/llama-3.2-3b-instruct,sha256:ee75ca33518f560da9080b4c1ee55161f5ff3ef4c3f05b1fabad45ef35ab80d4,det-v1,2,fallback,1140,136,0.001,0.0001018800,true,false
call-000207,arm8_spec_immediate,cal/f1/s1060000/unreliable,17,meta-llama/llama-3.2-3b-instruct,sha256:08a299623ba229acffa3e995c23371f7e5e00333440e630fc08847d456e0f4f8,det-v1,1,,1361,118,553.896,0.0001069900,false,true
call-000208,arm8_spec_immediate,cal/f1/s1060000/unreliable,17,meta-llama/llama-3.2-3b-instruct,sha256:08a299623ba229acffa3e995c23371f7e5e00333440e630fc08847d456e0f4f8,det-v1,1,fallback,1361,118,553.896,0.0001069900,false,false
call-000209,arm8_spec_immediate,cal/f1/s1060000/unreliable,17,meta-llama/llama-3.2-3b-instruct,sha256:f160f92a5ce43b7a509749ed1675e2b5e875463e49a17c4798cb52b942843e16,det-v1,2,,1431,125,839.076,0.0001128000,false,true
call-000210,arm8_spec_immediate,cal/f1/s1060000/unreliable,17,meta-llama/llama-3.2-3b-instruct,sha256:f160f92a5ce43b7a509749ed1675e2b5e875463e49a17c4798cb52b942843e16,det-v1,2,fallback,1431,125,839.076,0.0001128000,false,false
call-000211,arm8_spec_immediate,cal/f1/s1060000/unreliable,23,meta-llama/llama-3.2-3b-instruct,sha256:0ea26eb37393f0369cae353895919ab010933dc578890f6c0ecae18b0818d629,det-v1,1,,1583,150,1111.216,0.0001286500,false,true
call-000212,arm8_spec_immediate,cal/f1/s1060000/unreliable,23,meta-llama/llama-3.2-3b-instruct,sha256:0ea26eb37393f0369cae353895919ab010933dc578890f6c0ecae18b0818d629,det-v1,1,fallback,1583,150,1111.216,0.0001286500,false,false
call-000213,arm8_spec_immediate,cal/f1/s1060000/unreliable,23,meta-llama/llama-3.2-3b-instruct,sha256:459cc119075d677934c6d2962dafa65e4df104c927e44ec3981b67577523738e,det-v1,2,,1653,57,822.320,0.0001014600,false,true
call-000214,arm8_spec_immediate,cal/f1/s1060000/unreliable,23,meta-llama/llama-3.2-3b-instruct,sha256:459cc119075d677934c6d2962dafa65e4df104c927e44ec3981b67577523738e,det-v1,2,fallback,1653,57,822.320,0.0001014600,false,false
call-000215,arm9_spec_heuristic_rollback,cal/f1/s1060000/unreliable,17,meta-llama/llama-3.2-3b-instruct,sha256:08a299623ba229acffa3e995c23371f7e5e00333440e630fc08847d456e0f4f8,det-v1,1,fallback,1361,118,0.002,0.0001069900,true,false
call-000216,arm9_spec_heuristic_rollback,cal/f1/s1060000/unreliable,17,meta-llama/llama-3.2-3b-instruct,sha256:f160f92a5ce43b7a509749ed1675e2b5e875463e49a17c4798cb52b942843e16,det-v1,2,fallback,1431,125,0.002,0.0001128000,true,false
call-000217,arm9_spec_heuristic_rollback,cal/f1/s1060000/unreliable,23,meta-llama/llama-3.2-3b-instruct,sha256:0ea26eb37393f0369cae353895919ab010933dc578890f6c0ecae18b0818d629,det-v1,1,fallback,1583,150,0.002,0.0001286500,true,false
call-000218,arm9_spec_heuristic_rollback,cal/f1/s1060000/unreliable,23,meta-llama/llama-3.2-3b-instruct,sha256:459cc119075d677934c6d2962dafa65e4df104c927e44ec3981b67577523738e,det-v1,2,fallback,1653,57,0.001,0.0001014600,true,false
call-000219,arm10_spec_eprocess,cal/f1/s1060000/unreliable,17,meta-llama/llama-3.2-3b-instruct,sha256:08a299623ba229acffa3e995c23371f7e5e00333440e630fc08847d456e0f4f8,det-v1,1,fallback,1361,118,0.001,0.0001069900,true,false
call-000220,arm10_spec_eprocess,cal/f1/s1060000/unreliable,17,meta-llama/llama-3.2-3b-instruct,sha256:f160f92a5ce43b7a509749ed1675e2b5e875463e49a17c4798cb52b942843e16,det-v1,2,fallback,1431,125,0.001,0.0001128000,true,false
call-000221,arm10_spec_eprocess,cal/f1/s1060000/unreliable,23,meta-llama/llama-3.2-3b-instruct,sha256:0ea26eb37393f0369cae353895919ab010933dc578890f6c0ecae18b0818d629,det-v1,1,fallback,1583,150,0.002,0.0001286500,true,false
call-000222,arm10_spec_eprocess,cal/f1/s1060000/unreliable,23,meta-llama/llama-3.2-3b-instruct,sha256:459cc119075d677934c6d2962dafa65e4df104c927e44ec3981b67577523738e,det-v1,2,fallback,1653,57,0.001,0.0001014600,true,false
call-000223,arm8_spec_immediate,cal/f1/s1060000/unreliable__twin,10,meta-llama/llama-3.2-3b-instruct,sha256:a1c76b4a10dcb5828ded50133bb10bb2c4ac8252b0047afa471c33b3bdc7bd5d,det-v1,1,,1072,139,4576.848,0.0000994700,false,true
call-000224,arm8_spec_immediate,cal/f1/s1060000/unreliable__twin,10,meta-llama/llama-3.2-3b-instruct,sha256:a1c76b4a10dcb5828ded50133bb10bb2c4ac8252b0047afa471c33b3bdc7bd5d,det-v1,1,fallback,1072,139,4576.848,0.0000994700,false,false
call-000225,arm8_spec_immediate,cal/f1/s1060000/unreliable__twin,10,meta-llama/llama-3.2-3b-instruct,sha256:a3b816db2bcad06c49924b5861579ca640a1a0e4edb78ce03196814b562690ca,det-v1,2,,1166,95,714.747,0.0000896500,false,true
call-000226,arm8_spec_immediate,cal/f1/s1060000/unreliable__twin,10,meta-llama/llama-3.2-3b-instruct,sha256:a3b816db2bcad06c49924b5861579ca640a1a0e4edb78ce03196814b562690ca,det-v1,2,fallback,1166,95,714.747,0.0000896500,false,false
call-000227,arm9_spec_heuristic_rollback,cal/f1/s1060000/unreliable__twin,10,meta-llama/llama-3.2-3b-instruct,sha256:a1c76b4a10dcb5828ded50133bb10bb2c4ac8252b0047afa471c33b3bdc7bd5d,det-v1,1,fallback,1072,139,0.003,0.0000994700,true,false
call-000228,arm9_spec_heuristic_rollback,cal/f1/s1060000/unreliable__twin,10,meta-llama/llama-3.2-3b-instruct,sha256:a3b816db2bcad06c49924b5861579ca640a1a0e4edb78ce03196814b562690ca,det-v1,2,fallback,1166,95,0.003,0.0000896500,true,false
call-000229,arm10_spec_eprocess,cal/f1/s1060000/unreliable__twin,10,meta-llama/llama-3.2-3b-instruct,sha256:a1c76b4a10dcb5828ded50133bb10bb2c4ac8252b0047afa471c33b3bdc7bd5d,det-v1,1,fallback,1072,139,0.004,0.0000994700,true,false
call-000230,arm10_spec_eprocess,cal/f1/s1060000/unreliable__twin,10,meta-llama/llama-3.2-3b-instruct,sha256:a3b816db2bcad06c49924b5861579ca640a1a0e4edb78ce03196814b562690ca,det-v1,2,fallback,1166,95,0.003,0.0000896500,true,false
call-000231,arm8_spec_immediate,dev/f1/s1050001/unreliable,15,meta-llama/llama-3.2-3b-instruct,sha256:b00f815773823369fbd0fc63c047422e47311734bdf1ead138eca39f3184e147,det-v1,1,,1268,110,591.583,0.0000997000,false,true
call-000232,arm8_spec_immediate,dev/f1/s1050001/unreliable,15,meta-llama/llama-3.2-3b-instruct,sha256:b00f815773823369fbd0fc63c047422e47311734bdf1ead138eca39f3184e147,det-v1,1,fallback,1268,110,591.583,0.0000997000,false,false
call-000233,arm8_spec_immediate,dev/f1/s1050001/unreliable,15,meta-llama/llama-3.2-3b-instruct,sha256:10fbe45cc830eaf47fa2c77ccf6598cff8b9efd85578535637d5a768e81213d8,det-v1,2,,1338,115,684.631,0.0001048500,false,true
call-000234,arm8_spec_immediate,dev/f1/s1050001/unreliable,15,meta-llama/llama-3.2-3b-instruct,sha256:10fbe45cc830eaf47fa2c77ccf6598cff8b9efd85578535637d5a768e81213d8,det-v1,2,fallback,1338,115,684.631,0.0001048500,false,false
call-000235,arm8_spec_immediate,dev/f1/s1050001/unreliable,23,meta-llama/llama-3.2-3b-instruct,sha256:94c2b7c632ba510e3868d6ee770a1ebeb500d91101287f93f2011595e9962b3f,det-v1,1,,1564,144,716.097,0.0001257200,false,true
call-000236,arm8_spec_immediate,dev/f1/s1050001/unreliable,23,meta-llama/llama-3.2-3b-instruct,sha256:94c2b7c632ba510e3868d6ee770a1ebeb500d91101287f93f2011595e9962b3f,det-v1,1,fallback,1564,144,716.097,0.0001257200,false,false
call-000237,arm8_spec_immediate,dev/f1/s1050001/unreliable,23,meta-llama/llama-3.2-3b-instruct,sha256:b3b63d2653a238da7cd9030e2572910955eee40be3f5b8f01c48a35eeb00adab,det-v1,2,,1634,141,727.231,0.0001282300,false,true
call-000238,arm8_spec_immediate,dev/f1/s1050001/unreliable,23,meta-llama/llama-3.2-3b-instruct,sha256:b3b63d2653a238da7cd9030e2572910955eee40be3f5b8f01c48a35eeb00adab,det-v1,2,fallback,1634,141,727.231,0.0001282300,false,false
call-000239,arm9_spec_heuristic_rollback,dev/f1/s1050001/unreliable,15,meta-llama/llama-3.2-3b-instruct,sha256:b00f815773823369fbd0fc63c047422e47311734bdf1ead138eca39f3184e147,det-v1,1,fallback,1268,110,0.003,0.0000997000,true,false
call-000240,arm9_spec_heuristic_rollback,dev/f1/s1050001/unreliable,15,meta-llama/llama-3.2-3b-instruct,sha256:10fbe45cc830eaf47fa2c77ccf6598cff8b9efd85578535637d5a768e81213d8,det-v1,2,fallback,1338,115,0.003,0.0001048500,true,false
call-000241,arm9_spec_heuristic_rollback,dev/f1/s1050001/unreliable,23,meta-llama/llama-3.2-3b-instruct,sha256:94c2b7c632ba510e3868d6ee770a1ebeb500d91101287f93f2011595e9962b3f,det-v1,1,fallback,1564,144,0.003,0.0001257200,true,false
call-000242,arm9_spec_heuristic_rollback,dev/f1/s1050001/unreliable,23,meta-llama/llama-3.2-3b-instruct,sha256:b3b63d2653a238da7cd9030e2572910955eee40be3f5b8f01c48a35eeb00adab,det-v1,2,fallback,1634,141,0.003,0.0001282300,true,false
call-000243,arm10_spec_eprocess,dev/f1/s1050001/unreliable,15,meta-llama/llama-3.2-3b-instruct,sha256:b00f815773823369fbd0fc63c047422e47311734bdf1ead138eca39f3184e147,det-v1,1,fallback,1268,110,0.003,0.0000997000,true,false
call-000244,arm10_spec_eprocess,dev/f1/s1050001/unreliable,15,meta-llama/llama-3.2-3b-instruct,sha256:10fbe45cc830eaf47fa2c77ccf6598cff8b9efd85578535637d5a768e81213d8,det-v1,2,fallback,1338,115,0.002,0.0001048500,true,false
call-000245,arm10_spec_eprocess,dev/f1/s1050001/unreliable,23,meta-llama/llama-3.2-3b-instruct,sha256:94c2b7c632ba510e3868d6ee770a1ebeb500d91101287f93f2011595e9962b3f,det-v1,1,fallback,1564,144,0.003,0.0001257200,true,false
call-000246,arm10_spec_eprocess,dev/f1/s1050001/unreliable,23,meta-llama/llama-3.2-3b-instruct,sha256:b3b63d2653a238da7cd9030e2572910955eee40be3f5b8f01c48a35eeb00adab,det-v1,2,fallback,1634,141,0.002,0.0001282300,true,false
call-000247,arm8_spec_immediate,dev/f1/s1050001/unreliable__twin,10,meta-llama/llama-3.2-3b-instruct,sha256:1f706504549d2c7f5aa67c7aa26c50abcf502aa825d83205467c3483c8fc7faa,det-v1,1,,1073,131,4119.479,0.0000968800,false,true
call-000248,arm8_spec_immediate,dev/f1/s1050001/unreliable__twin,10,meta-llama/llama-3.2-3b-instruct,sha256:1f706504549d2c7f5aa67c7aa26c50abcf502aa825d83205467c3483c8fc7faa,det-v1,1,fallback,1073,131,4119.479,0.0000968800,false,false
call-000249,arm8_spec_immediate,dev/f1/s1050001/unreliable__twin,10,meta-llama/llama-3.2-3b-instruct,sha256:e84f6773b3a09a5afa1c3c529bb20185a1e6be5d3828e30f0664da963ab13395,det-v1,2,,1167,95,939.349,0.0000897000,false,true
call-000250,arm8_spec_immediate,dev/f1/s1050001/unreliable__twin,10,meta-llama/llama-3.2-3b-instruct,sha256:e84f6773b3a09a5afa1c3c529bb20185a1e6be5d3828e30f0664da963ab13395,det-v1,2,fallback,1167,95,939.349,0.0000897000,false,false
call-000251,arm9_spec_heuristic_rollback,dev/f1/s1050001/unreliable__twin,10,meta-llama/llama-3.2-3b-instruct,sha256:1f706504549d2c7f5aa67c7aa26c50abcf502aa825d83205467c3483c8fc7faa,det-v1,1,fallback,1073,131,0.003,0.0000968800,true,false
call-000252,arm9_spec_heuristic_rollback,dev/f1/s1050001/unreliable__twin,10,meta-llama/llama-3.2-3b-instruct,sha256:e84f6773b3a09a5afa1c3c529bb20185a1e6be5d3828e30f0664da963ab13395,det-v1,2,fallback,1167,95,0.003,0.0000897000,true,false
call-000253,arm10_spec_eprocess,dev/f1/s1050001/unreliable__twin,10,meta-llama/llama-3.2-3b-instruct,sha256:1f706504549d2c7f5aa67c7aa26c50abcf502aa825d83205467c3483c8fc7faa,det-v1,1,fallback,1073,131,0.003,0.0000968800,true,false
call-000254,arm10_spec_eprocess,dev/f1/s1050001/unreliable__twin,10,meta-llama/llama-3.2-3b-instruct,sha256:e84f6773b3a09a5afa1c3c529bb20185a1e6be5d3828e30f0664da963ab13395,det-v1,2,fallback,1167,95,0.003,0.0000897000,true,false
call-000255,arm8_spec_immediate,cal/f1/s1060001/unreliable,21,meta-llama/llama-3.2-3b-instruct,sha256:5683dd776d030fceb0468b3aac50610fceee09407e250c6be5997a63f2fe36fb,det-v1,1,,1503,133,671.194,0.0001190400,false,true
call-000256,arm8_spec_immediate,cal/f1/s1060001/unreliable,21,meta-llama/llama-3.2-3b-instruct,sha256:5683dd776d030fceb0468b3aac50610fceee09407e250c6be5997a63f2fe36fb,det-v1,1,fallback,1503,133,671.194,0.0001190400,false,false
call-000257,arm8_spec_immediate,cal/f1/s1060001/unreliable,21,meta-llama/llama-3.2-3b-instruct,sha256:1bad360501ca0eea61db18ed94a8a9a8e70c562b406a61ecfad347d033e43ee2,det-v1,2,,1573,141,604.275,0.0001251800,false,true
call-000258,arm8_spec_immediate,cal/f1/s1060001/unreliable,21,meta-llama/llama-3.2-3b-instruct,sha256:1bad360501ca0eea61db18ed94a8a9a8e70c562b406a61ecfad347d033e43ee2,det-v1,2,fallback,1573,141,604.275,0.0001251800,false,false
call-000259,arm8_spec_immediate,cal/f1/s1060001/unreliable,36,meta-llama/llama-3.2-3b-instruct,sha256:8aec7b205d64d0fbbffd1358d7e115321ea0180924eb654e742804b6284a4715,det-v1,1,,2034,270,7004.159,0.0001908000,false,true
call-000260,arm8_spec_immediate,cal/f1/s1060001/unreliable,36,meta-llama/llama-3.2-3b-instruct,sha256:8aec7b205d64d0fbbffd1358d7e115321ea0180924eb654e742804b6284a4715,det-v1,1,accepted,2034,270,7004.159,0.0001908000,false,false
call-000261,arm9_spec_heuristic_rollback,cal/f1/s1060001/unreliable,21,meta-llama/llama-3.2-3b-instruct,sha256:5683dd776d030fceb0468b3aac50610fceee09407e250c6be5997a63f2fe36fb,det-v1,1,fallback,1503,133,0.003,0.0001190400,true,false
call-000262,arm9_spec_heuristic_rollback,cal/f1/s1060001/unreliable,21,meta-llama/llama-3.2-3b-instruct,sha256:1bad360501ca0eea61db18ed94a8a9a8e70c562b406a61ecfad347d033e43ee2,det-v1,2,fallback,1573,141,0.003,0.0001251800,true,false
call-000263,arm9_spec_heuristic_rollback,cal/f1/s1060001/unreliable,36,meta-llama/llama-3.2-3b-instruct,sha256:8aec7b205d64d0fbbffd1358d7e115321ea0180924eb654e742804b6284a4715,det-v1,1,accepted,2034,270,0.003,0.0001908000,true,false
call-000264,arm10_spec_eprocess,cal/f1/s1060001/unreliable,21,meta-llama/llama-3.2-3b-instruct,sha256:5683dd776d030fceb0468b3aac50610fceee09407e250c6be5997a63f2fe36fb,det-v1,1,fallback,1503,133,0.004,0.0001190400,true,false
call-000265,arm10_spec_eprocess,cal/f1/s1060001/unreliable,21,meta-llama/llama-3.2-3b-instruct,sha256:1bad360501ca0eea61db18ed94a8a9a8e70c562b406a61ecfad347d033e43ee2,det-v1,2,fallback,1573,141,0.003,0.0001251800,true,false
call-000266,arm10_spec_eprocess,cal/f1/s1060001/unreliable,36,meta-llama/llama-3.2-3b-instruct,sha256:8aec7b205d64d0fbbffd1358d7e115321ea0180924eb654e742804b6284a4715,det-v1,1,accepted,2034,270,0.003,0.0001908000,true,false
call-000267,arm8_spec_immediate,cal/f1/s1060001/unreliable__twin,10,meta-llama/llama-3.2-3b-instruct,sha256:aa6793c7d2b9399ef8435b28fba2d5ed6b5959c6185954d07c6ffc138f2af272,det-v1,1,,1099,95,561.896,0.0000863000,false,true
call-000268,arm8_spec_immediate,cal/f1/s1060001/unreliable__twin,10,meta-llama/llama-3.2-3b-instruct,sha256:aa6793c7d2b9399ef8435b28fba2d5ed6b5959c6185954d07c6ffc138f2af272,det-v1,1,fallback,1099,95,561.896,0.0000863000,false,false
call-000269,arm8_spec_immediate,cal/f1/s1060001/unreliable__twin,10,meta-llama/llama-3.2-3b-instruct,sha256:73a390436a5c93efbf9c40fc31dcd777555d9dc63f47a8e1f01fb5322dc063ca,det-v1,2,,1169,95,979.559,0.0000898000,false,true
call-000270,arm8_spec_immediate,cal/f1/s1060001/unreliable__twin,10,meta-llama/llama-3.2-3b-instruct,sha256:73a390436a5c93efbf9c40fc31dcd777555d9dc63f47a8e1f01fb5322dc063ca,det-v1,2,fallback,1169,95,979.559,0.0000898000,false,false
call-000271,arm9_spec_heuristic_rollback,cal/f1/s1060001/unreliable__twin,10,meta-llama/llama-3.2-3b-instruct,sha256:aa6793c7d2b9399ef8435b28fba2d5ed6b5959c6185954d07c6ffc138f2af272,det-v1,1,fallback,1099,95,0.003,0.0000863000,true,false
call-000272,arm9_spec_heuristic_rollback,cal/f1/s1060001/unreliable__twin,10,meta-llama/llama-3.2-3b-instruct,sha256:73a390436a5c93efbf9c40fc31dcd777555d9dc63f47a8e1f01fb5322dc063ca,det-v1,2,fallback,1169,95,0.003,0.0000898000,true,false
call-000273,arm10_spec_eprocess,cal/f1/s1060001/unreliable__twin,10,meta-llama/llama-3.2-3b-instruct,sha256:aa6793c7d2b9399ef8435b28fba2d5ed6b5959c6185954d07c6ffc138f2af272,det-v1,1,fallback,1099,95,0.003,0.0000863000,true,false
call-000274,arm10_spec_eprocess,cal/f1/s1060001/unreliable__twin,10,meta-llama/llama-3.2-3b-instruct,sha256:73a390436a5c93efbf9c40fc31dcd777555d9dc63f47a8e1f01fb5322dc063ca,det-v1,2,fallback,1169,95,0.002,0.0000898000,true,false
call-000275,arm8_spec_immediate,dev/f2/s2050000/no_alert,28,meta-llama/llama-3.2-3b-instruct,sha256:1e36b7a266c980593ff442de909426736b2b5d742580acaebeaee9f5426f6292,det-v1,1,,1723,157,716.769,0.0001379600,false,true
call-000276,arm8_spec_immediate,dev/f2/s2050000/no_alert,28,meta-llama/llama-3.2-3b-instruct,sha256:1e36b7a266c980593ff442de909426736b2b5d742580acaebeaee9f5426f6292,det-v1,1,fallback,1723,157,716.769,0.0001379600,false,false
call-000277,arm8_spec_immediate,dev/f2/s2050000/no_alert,28,meta-llama/llama-3.2-3b-instruct,sha256:c0254d9a04c63dcb7f619803ee24a1bc8bdfe3c7c1f8dbef34e4971b9f30f59e,det-v1,2,,1793,165,772.708,0.0001441000,false,true
call-000278,arm8_spec_immediate,dev/f2/s2050000/no_alert,28,meta-llama/llama-3.2-3b-instruct,sha256:c0254d9a04c63dcb7f619803ee24a1bc8bdfe3c7c1f8dbef34e4971b9f30f59e,det-v1,2,fallback,1793,165,772.708,0.0001441000,false,false
call-000279,arm8_spec_immediate,dev/f2/s2050000/no_alert,37,meta-llama/llama-3.2-3b-instruct,sha256:a93fe7ea8319e1a9e750b74370028b23df797b021b2301dd40a7703008844d6c,det-v1,1,,2056,208,838.389,0.0001714400,false,true
call-000280,arm8_spec_immediate,dev/f2/s2050000/no_alert,37,meta-llama/llama-3.2-3b-instruct,sha256:a93fe7ea8319e1a9e750b74370028b23df797b021b2301dd40a7703008844d6c,det-v1,1,fallback,2056,208,838.389,0.0001714400,false,false
call-000281,arm8_spec_immediate,dev/f2/s2050000/no_alert,37,meta-llama/llama-3.2-3b-instruct,sha256:4f1a15aa3006ab3bac87324a12f84b3eddfe0282d40267fd3ca570ce3f4ddf4d,det-v1,2,,2126,216,1170.898,0.0001775800,false,true
call-000282,arm8_spec_immediate,dev/f2/s2050000/no_alert,37,meta-llama/llama-3.2-3b-instruct,sha256:4f1a15aa3006ab3bac87324a12f84b3eddfe0282d40267fd3ca570ce3f4ddf4d,det-v1,2,fallback,2126,216,1170.898,0.0001775800,false,false
call-000283,arm9_spec_heuristic_rollback,dev/f2/s2050000/no_alert,28,meta-llama/llama-3.2-3b-instruct,sha256:1e36b7a266c980593ff442de909426736b2b5d742580acaebeaee9f5426f6292,det-v1,1,fallback,1723,157,0.003,0.0001379600,true,false
call-000284,arm9_spec_heuristic_rollback,dev/f2/s2050000/no_alert,28,meta-llama/llama-3.2-3b-instruct,sha256:c0254d9a04c63dcb7f619803ee24a1bc8bdfe3c7c1f8dbef34e4971b9f30f59e,det-v1,2,fallback,1793,165,0.003,0.0001441000,true,false
call-000285,arm9_spec_heuristic_rollback,dev/f2/s2050000/no_alert,37,meta-llama/llama-3.2-3b-instruct,sha256:a93fe7ea8319e1a9e750b74370028b23df797b021b2301dd40a7703008844d6c,det-v1,1,fallback,2056,208,0.003,0.0001714400,true,false
call-000286,arm9_spec_heuristic_rollback,dev/f2/s2050000/no_alert,37,meta-llama/llama-3.2-3b-instruct,sha256:4f1a15aa3006ab3bac87324a12f84b3eddfe0282d40267fd3ca570ce3f4ddf4d,det-v1,2,fallback,2126,216,0.002,0.0001775800,true,false
call-000287,arm10_spec_eprocess,dev/f2/s2050000/no_alert,28,meta-llama/llama-3.2-3b-instruct,sha256:1e36b7a266c980593ff442de909426736b2b5d742580acaebeaee9f5426f6292,det-v1,1,fallback,1723,157,0.003,0.0001379600,true,false
call-000288,arm10_spec_eprocess,dev/f2/s2050000/no_alert,28,meta-llama/llama-3.2-3b-instruct,sha256:c0254d9a04c63dcb7f619803ee24a1bc8bdfe3c7c1f8dbef34e4971b9f30f59e,det-v1,2,fallback,1793,165,0.003,0.0001441000,true,false
call-000289,arm10_spec_eprocess,dev/f2/s2050000/no_alert,37,meta-llama/llama-3.2-3b-instruct,sha256:a93fe7ea8319e1a9e750b74370028b23df797b021b2301dd40a7703008844d6c,det-v1,1,fallback,2056,208,0.003,0.0001714400,true,false
call-000290,arm10_spec_eprocess,dev/f2/s2050000/no_alert,37,meta-llama/llama-3.2-3b-instruct,sha256:4f1a15aa3006ab3bac87324a12f84b3eddfe0282d40267fd3ca570ce3f4ddf4d,det-v1,2,fallback,2126,216,0.002,0.0001775800,true,false
call-000291,arm8_spec_immediate,dev/f2/s2050000/no_alert__twin,10,meta-llama/llama-3.2-3b-instruct,sha256:bf1ca33b291557f07e577f551e96c09e48ee69a77a6a03a30cf4e89c25bc396e,det-v1,1,,1093,95,502.402,0.0000860000,false,true
call-000292,arm8_spec_immediate,dev/f2/s2050000/no_alert__twin,10,meta-llama/llama-3.2-3b-instruct,sha256:bf1ca33b291557f07e577f551e96c09e48ee69a77a6a03a30cf4e89c25bc396e,det-v1,1,fallback,1093,95,502.402,0.0000860000,false,false
call-000293,arm8_spec_immediate,dev/f2/s2050000/no_alert__twin,10,meta-llama/llama-3.2-3b-instruct,sha256:1bc77f26bb15c6ccf7c83893a4ed3700b10908b8f607eb375c2ff68340733dd5,det-v1,2,,1139,136,2560.557,0.0001018300,false,true
call-000294,arm8_spec_immediate,dev/f2/s2050000/no_alert__twin,10,meta-llama/llama-3.2-3b-instruct,sha256:1bc77f26bb15c6ccf7c83893a4ed3700b10908b8f607eb375c2ff68340733dd5,det-v1,2,fallback,1139,136,2560.557,0.0001018300,false,false
call-000295,arm8_spec_immediate,dev/f2/s2050000/no_alert__twin,43,meta-llama/llama-3.2-3b-instruct,sha256:5d39ca64822dd460a500a4bcd8f04ab57017275e5f7ef480c0540a023f36cf5f,det-v1,1,,2290,311,8438.323,0.0002171300,false,true
call-000296,arm8_spec_immediate,dev/f2/s2050000/no_alert__twin,43,meta-llama/llama-3.2-3b-instruct,sha256:5d39ca64822dd460a500a4bcd8f04ab57017275e5f7ef480c0540a023f36cf5f,det-v1,1,accepted,2290,311,8438.323,0.0002171300,false,false
call-000297,arm9_spec_heuristic_rollback,dev/f2/s2050000/no_alert__twin,10,meta-llama/llama-3.2-3b-instruct,sha256:bf1ca33b291557f07e577f551e96c09e48ee69a77a6a03a30cf4e89c25bc396e,det-v1,1,fallback,1093,95,0.003,0.0000860000,true,false
call-000298,arm9_spec_heuristic_rollback,dev/f2/s2050000/no_alert__twin,10,meta-llama/llama-3.2-3b-instruct,sha256:1bc77f26bb15c6ccf7c83893a4ed3700b10908b8f607eb375c2ff68340733dd5,det-v1,2,fallback,1139,136,0.003,0.0001018300,true,false
call-000299,arm9_spec_heuristic_rollback,dev/f2/s2050000/no_alert__twin,43,meta-llama/llama-3.2-3b-instruct,sha256:5d39ca64822dd460a500a4bcd8f04ab57017275e5f7ef480c0540a023f36cf5f,det-v1,1,accepted,2290,311,0.010,0.0002171300,true,false
call-000300,arm10_spec_eprocess,dev/f2/s2050000/no_alert__twin,10,meta-llama/llama-3.2-3b-instruct,sha256:bf1ca33b291557f07e577f551e96c09e48ee69a77a6a03a30cf4e89c25bc396e,det-v1,1,fallback,1093,95,0.003,0.0000860000,true,false
call-000301,arm10_spec_eprocess,dev/f2/s2050000/no_alert__twin,10,meta-llama/llama-3.2-3b-instruct,sha256:1bc77f26bb15c6ccf7c83893a4ed3700b10908b8f607eb375c2ff68340733dd5,det-v1,2,fallback,1139,136,0.002,0.0001018300,true,false
call-000302,arm10_spec_eprocess,dev/f2/s2050000/no_alert__twin,43,meta-llama/llama-3.2-3b-instruct,sha256:5d39ca64822dd460a500a4bcd8f04ab57017275e5f7ef480c0540a023f36cf5f,det-v1,1,accepted,2290,311,0.003,0.0002171300,true,false
call-000303,arm8_spec_immediate,cal/f2/s2060000/no_alert,22,meta-llama/llama-3.2-3b-instruct,sha256:138d8ed7f037903b086cfc76adc1c079f4b4709e1d35813889926de54b63010c,det-v1,1,,1501,142,668.522,0.0001219100,false,true
call-000304,arm8_spec_immediate,cal/f2/s2060000/no_alert,22,meta-llama/llama-3.2-3b-instruct,sha256:138d8ed7f037903b086cfc76adc1c079f4b4709e1d35813889926de54b63010c,det-v1,1,fallback,1501,142,668.522,0.0001219100,false,false
call-000305,arm8_spec_immediate,cal/f2/s2060000/no_alert,22,meta-llama/llama-3.2-3b-instruct,sha256:362c233f7275da67a8c287c235007e6e8635bc24a1436a77dd37e5b2ddf6b323,det-v1,2,,1571,141,685.333,0.0001250800,false,true
call-000306,arm8_spec_immediate,cal/f2/s2060000/no_alert,22,meta-llama/llama-3.2-3b-instruct,sha256:362c233f7275da67a8c287c235007e6e8635bc24a1436a77dd37e5b2ddf6b323,det-v1,2,fallback,1571,141,685.333,0.0001250800,false,false
call-000307,arm8_spec_immediate,cal/f2/s2060000/no_alert,37,meta-llama/llama-3.2-3b-instruct,sha256:756cc7d639d91a60c0249555260cdfd97cc913e6b7f1694ddf23c30ac33f7bb1,det-v1,1,,2056,195,1065.520,0.0001671500,false,true
call-000308,arm8_spec_immediate,cal/f2/s2060000/no_alert,37,meta-llama/llama-3.2-3b-instruct,sha256:756cc7d639d91a60c0249555260cdfd97cc913e6b7f1694ddf23c30ac33f7bb1,det-v1,1,fallback,2056,195,1065.520,0.0001671500,false,false
call-000309,arm8_spec_immediate,cal/f2/s2060000/no_alert,37,meta-llama/llama-3.2-3b-instruct,sha256:ceb67381871acb5d3e7c9f364344d065397866dfb6a873bce30c0060295f9c23,det-v1,2,,2126,57,426.390,0.0001251100,false,true
call-000310,arm8_spec_immediate,cal/f2/s2060000/no_alert,37,meta-llama/llama-3.2-3b-instruct,sha256:ceb67381871acb5d3e7c9f364344d065397866dfb6a873bce30c0060295f9c23,det-v1,2,fallback,2126,57,426.390,0.0001251100,false,false
call-000311,arm9_spec_heuristic_rollback,cal/f2/s2060000/no_alert,22,meta-llama/llama-3.2-3b-instruct,sha256:138d8ed7f037903b086cfc76adc1c079f4b4709e1d35813889926de54b63010c,det-v1,1,fallback,1501,142,0.003,0.0001219100,true,false
call-000312,arm9_spec_heuristic_rollback,cal/f2/s2060000/no_alert,22,meta-llama/llama-3.2-3b-instruct,sha256:362c233f7275da67a8c287c235007e6e8635bc24a1436a77dd37e5b2ddf6b323,det-v1,2,fallback,1571,141,0.003,0.0001250800,true,false
call-000313,arm9_spec_heuristic_rollback,cal/f2/s2060000/no_alert,37,meta-llama/llama-3.2-3b-instruct,sha256:756cc7d639d91a60c0249555260cdfd97cc913e6b7f1694ddf23c30ac33f7bb1,det-v1,1,fallback,2056,195,0.003,0.0001671500,true,false
call-000314,arm9_spec_heuristic_rollback,cal/f2/s2060000/no_alert,37,meta-llama/llama-3.2-3b-instruct,sha256:ceb67381871acb5d3e7c9f364344d065397866dfb6a873bce30c0060295f9c23,det-v1,2,fallback,2126,57,0.003,0.0001251100,true,false
call-000315,arm10_spec_eprocess,cal/f2/s2060000/no_alert,22,meta-llama/llama-3.2-3b-instruct,sha256:138d8ed7f037903b086cfc76adc1c079f4b4709e1d35813889926de54b63010c,det-v1,1,fallback,1501,142,0.004,0.0001219100,true,false
call-000316,arm10_spec_eprocess,cal/f2/s2060000/no_alert,22,meta-llama/llama-3.2-3b-instruct,sha256:362c233f7275da67a8c287c235007e6e8635bc24a1436a77dd37e5b2ddf6b323,det-v1,2,fallback,1571,141,0.003,0.0001250800,true,false
call-000317,arm10_spec_eprocess,cal/f2/s2060000/no_alert,37,meta-llama/llama-3.2-3b-instruct,sha256:756cc7d639d91a60c0249555260cdfd97cc913e6b7f1694ddf23c30ac33f7bb1,det-v1,1,fallback,2056,195,0.003,0.0001671500,true,false
call-000318,arm10_spec_eprocess,cal/f2/s2060000/no_alert,37,meta-llama/llama-3.2-3b-instruct,sha256:ceb67381871acb5d3e7c9f364344d065397866dfb6a873bce30c0060295f9c23,det-v1,2,fallback,2126,57,0.002,0.0001251100,true,false
call-000319,arm8_spec_immediate,cal/f2/s2060000/no_alert__twin,10,meta-llama/llama-3.2-3b-instruct,sha256:e518bfb9f1c82bae62a033f8fc9723e81d84f07c33d96ad9dd61267b8259962e,det-v1,1,,1098,95,501.549,0.0000862500,false,true
call-000320,arm8_spec_immediate,cal/f2/s2060000/no_alert__twin,10,meta-llama/llama-3.2-3b-instruct,sha256:e518bfb9f1c82bae62a033f8fc9723e81d84f07c33d96ad9dd61267b8259962e,det-v1,1,fallback,1098,95,501.549,0.0000862500,false,false
call-000321,arm8_spec_immediate,cal/f2/s2060000/no_alert__twin,10,meta-llama/llama-3.2-3b-instruct,sha256:097c0acc4a8aa9b13d6d58084aa8088a5fa54b4154d01e27871eaa3eb5e4f107,det-v1,2,,1168,95,553.981,0.0000897500,false,true
call-000322,arm8_spec_immediate,cal/f2/s2060000/no_alert__twin,10,meta-llama/llama-3.2-3b-instruct,sha256:097c0acc4a8aa9b13d6d58084aa8088a5fa54b4154d01e27871eaa3eb5e4f107,det-v1,2,fallback,1168,95,553.981,0.0000897500,false,false
call-000323,arm9_spec_heuristic_rollback,cal/f2/s2060000/no_alert__twin,10,meta-llama/llama-3.2-3b-instruct,sha256:e518bfb9f1c82bae62a033f8fc9723e81d84f07c33d96ad9dd61267b8259962e,det-v1,1,fallback,1098,95,0.005,0.0000862500,true,false
call-000324,arm9_spec_heuristic_rollback,cal/f2/s2060000/no_alert__twin,10,meta-llama/llama-3.2-3b-instruct,sha256:097c0acc4a8aa9b13d6d58084aa8088a5fa54b4154d01e27871eaa3eb5e4f107,det-v1,2,fallback,1168,95,0.003,0.0000897500,true,false
call-000325,arm10_spec_eprocess,cal/f2/s2060000/no_alert__twin,10,meta-llama/llama-3.2-3b-instruct,sha256:e518bfb9f1c82bae62a033f8fc9723e81d84f07c33d96ad9dd61267b8259962e,det-v1,1,fallback,1098,95,0.004,0.0000862500,true,false
call-000326,arm10_spec_eprocess,cal/f2/s2060000/no_alert__twin,10,meta-llama/llama-3.2-3b-instruct,sha256:097c0acc4a8aa9b13d6d58084aa8088a5fa54b4154d01e27871eaa3eb5e4f107,det-v1,2,fallback,1168,95,0.003,0.0000897500,true,false
call-000327,arm8_spec_immediate,dev/f2/s2050001/no_alert,27,meta-llama/llama-3.2-3b-instruct,sha256:341189f75d1110f5b54fb8fc4a33bc45bc9dccd58db1cd034db98c128539ebf0,det-v1,1,,1686,167,885.156,0.0001394100,false,true
call-000328,arm8_spec_immediate,dev/f2/s2050001/no_alert,27,meta-llama/llama-3.2-3b-instruct,sha256:341189f75d1110f5b54fb8fc4a33bc45bc9dccd58db1cd034db98c128539ebf0,det-v1,1,fallback,1686,167,885.156,0.0001394100,false,false
call-000329,arm8_spec_immediate,dev/f2/s2050001/no_alert,27,meta-llama/llama-3.2-3b-instruct,sha256:179632be1fd9d1995f5d7281ad50084756bf9925b33b782453820fa75c476bf9,det-v1,2,,1756,161,987.891,0.0001409300,false,true
call-000330,arm8_spec_immediate,dev/f2/s2050001/no_alert,27,meta-llama/llama-3.2-3b-instruct,sha256:179632be1fd9d1995f5d7281ad50084756bf9925b33b782453820fa75c476bf9,det-v1,2,fallback,1756,161,987.891,0.0001409300,false,false
call-000331,arm8_spec_immediate,dev/f2/s2050001/no_alert,44,meta-llama/llama-3.2-3b-instruct,sha256:6df9ee51a9c08edb7425f117cd91f1398c49fc04a612c744b7061cb5c31c1347,det-v1,1,,2315,235,1142.618,0.0001933000,false,true
call-000332,arm8_spec_immediate,dev/f2/s2050001/no_alert,44,meta-llama/llama-3.2-3b-instruct,sha256:6df9ee51a9c08edb7425f117cd91f1398c49fc04a612c744b7061cb5c31c1347,det-v1,1,fallback,2315,235,1142.618,0.0001933000,false,false
call-000333,arm8_spec_immediate,dev/f2/s2050001/no_alert,44,meta-llama/llama-3.2-3b-instruct,sha256:bae1429ed1495395d651b71938577250f5b00d47f0e04e65b47a9c8bae0b4b2d,det-v1,2,,2385,57,902.056,0.0001380600,false,true
call-000334,arm8_spec_immediate,dev/f2/s2050001/no_alert,44,meta-llama/llama-3.2-3b-instruct,sha256:bae1429ed1495395d651b71938577250f5b00d47f0e04e65b47a9c8bae0b4b2d,det-v1,2,fallback,2385,57,902.056,0.0001380600,false,false
call-000335,arm9_spec_heuristic_rollback,dev/f2/s2050001/no_alert,27,meta-llama/llama-3.2-3b-instruct,sha256:341189f75d1110f5b54fb8fc4a33bc45bc9dccd58db1cd034db98c128539ebf0,det-v1,1,fallback,1686,167,0.003,0.0001394100,true,false
call-000336,arm9_spec_heuristic_rollback,dev/f2/s2050001/no_alert,27,meta-llama/llama-3.2-3b-instruct,sha256:179632be1fd9d1995f5d7281ad50084756bf9925b33b782453820fa75c476bf9,det-v1,2,fallback,1756,161,0.003,0.0001409300,true,false
call-000337,arm9_spec_heuristic_rollback,dev/f2/s2050001/no_alert,44,meta-llama/llama-3.2-3b-instruct,sha256:6df9ee51a9c08edb7425f117cd91f1398c49fc04a612c744b7061cb5c31c1347,det-v1,1,fallback,2315,235,0.003,0.0001933000,true,false
call-000338,arm9_spec_heuristic_rollback,dev/f2/s2050001/no_alert,44,meta-llama/llama-3.2-3b-instruct,sha256:bae1429ed1495395d651b71938577250f5b00d47f0e04e65b47a9c8bae0b4b2d,det-v1,2,fallback,2385,57,0.003,0.0001380600,true,false
call-000339,arm10_spec_eprocess,dev/f2/s2050001/no_alert,27,meta-llama/llama-3.2-3b-instruct,sha256:341189f75d1110f5b54fb8fc4a33bc45bc9dccd58db1cd034db98c128539ebf0,det-v1,1,fallback,1686,167,0.003,0.0001394100,true,false
call-000340,arm10_spec_eprocess,dev/f2/s2050001/no_alert,27,meta-llama/llama-3.2-3b-instruct,sha256:179632be1fd9d1995f5d7281ad50084756bf9925b33b782453820fa75c476bf9,det-v1,2,fallback,1756,161,0.003,0.0001409300,true,false
call-000341,arm10_spec_eprocess,dev/f2/s2050001/no_alert,44,meta-llama/llama-3.2-3b-instruct,sha256:6df9ee51a9c08edb7425f117cd91f1398c49fc04a612c744b7061cb5c31c1347,det-v1,1,fallback,2315,235,0.003,0.0001933000,true,false
call-000342,arm10_spec_eprocess,dev/f2/s2050001/no_alert,44,meta-llama/llama-3.2-3b-instruct,sha256:bae1429ed1495395d651b71938577250f5b00d47f0e04e65b47a9c8bae0b4b2d,det-v1,2,fallback,2385,57,0.002,0.0001380600,true,false
call-000343,arm8_spec_immediate,dev/f2/s2050001/no_alert__twin,10,meta-llama/llama-3.2-3b-instruct,sha256:4e88b4116b9dae7189fd1ad7d1afe1957150c6e51f2d0a42184cfe47254b724a,det-v1,1,,1076,131,5258.449,0.0000970300,false,true
call-000344,arm8_spec_immediate,dev/f2/s2050001/no_alert__twin,10,meta-llama/llama-3.2-3b-instruct,sha256:4e88b4116b9dae7189fd1ad7d1afe1957150c6e51f2d0a42184cfe47254b724a,det-v1,1,fallback,1076,131,5258.449,0.0000970300,false,false
call-000345,arm8_spec_immediate,dev/f2/s2050001/no_alert__twin,10,meta-llama/llama-3.2-3b-instruct,sha256:c007a29728b3c17b8de812ca5415f394e6b2192b06b329cc3e486f83d2535342,det-v1,2,,1170,95,456.152,0.0000898500,false,true
call-000346,arm8_spec_immediate,dev/f2/s2050001/no_alert__twin,10,meta-llama/llama-3.2-3b-instruct,sha256:c007a29728b3c17b8de812ca5415f394e6b2192b06b329cc3e486f83d2535342,det-v1,2,fallback,1170,95,456.152,0.0000898500,false,false
call-000347,arm9_spec_heuristic_rollback,dev/f2/s2050001/no_alert__twin,10,meta-llama/llama-3.2-3b-instruct,sha256:4e88b4116b9dae7189fd1ad7d1afe1957150c6e51f2d0a42184cfe47254b724a,det-v1,1,fallback,1076,131,0.003,0.0000970300,true,false
call-000348,arm9_spec_heuristic_rollback,dev/f2/s2050001/no_alert__twin,10,meta-llama/llama-3.2-3b-instruct,sha256:c007a29728b3c17b8de812ca5415f394e6b2192b06b329cc3e486f83d2535342,det-v1,2,fallback,1170,95,0.003,0.0000898500,true,false
call-000349,arm10_spec_eprocess,dev/f2/s2050001/no_alert__twin,10,meta-llama/llama-3.2-3b-instruct,sha256:4e88b4116b9dae7189fd1ad7d1afe1957150c6e51f2d0a42184cfe47254b724a,det-v1,1,fallback,1076,131,0.002,0.0000970300,true,false
call-000350,arm10_spec_eprocess,dev/f2/s2050001/no_alert__twin,10,meta-llama/llama-3.2-3b-instruct,sha256:c007a29728b3c17b8de812ca5415f394e6b2192b06b329cc3e486f83d2535342,det-v1,2,fallback,1170,95,0.002,0.0000898500,true,false
call-000351,arm8_spec_immediate,cal/f2/s2060001/no_alert,37,meta-llama/llama-3.2-3b-instruct,sha256:178868c409375eb7d32fed4ab585fdc97349140757b18079ccb0594a62e78e3e,det-v1,1,,2056,208,827.062,0.0001714400,false,true
call-000352,arm8_spec_immediate,cal/f2/s2060001/no_alert,37,meta-llama/llama-3.2-3b-instruct,sha256:178868c409375eb7d32fed4ab585fdc97349140757b18079ccb0594a62e78e3e,det-v1,1,fallback,2056,208,827.062,0.0001714400,false,false
call-000353,arm8_spec_immediate,cal/f2/s2060001/no_alert,37,meta-llama/llama-3.2-3b-instruct,sha256:da20a6c82670cac13bf3a3073c6db0a49969a8fb45e06503d26f0e79a6806361,det-v1,2,,2126,57,421.524,0.0001251100,false,true
call-000354,arm8_spec_immediate,cal/f2/s2060001/no_alert,37,meta-llama/llama-3.2-3b-instruct,sha256:da20a6c82670cac13bf3a3073c6db0a49969a8fb45e06503d26f0e79a6806361,det-v1,2,fallback,2126,57,421.524,0.0001251100,false,false
call-000355,arm8_spec_immediate,cal/f2/s2060001/no_alert,46,meta-llama/llama-3.2-3b-instruct,sha256:4a838cae7057537168eb6290ee9bdd5df36383329f7a5f9c1777bdd5ba7f7fa8,det-v1,1,,2365,320,9703.788,0.0002238500,false,true
call-000356,arm8_spec_immediate,cal/f2/s2060001/no_alert,46,meta-llama/llama-3.2-3b-instruct,sha256:4a838cae7057537168eb6290ee9bdd5df36383329f7a5f9c1777bdd5ba7f7fa8,det-v1,1,accepted,2365,320,9703.788,0.0002238500,false,false
call-000357,arm9_spec_heuristic_rollback,cal/f2/s2060001/no_alert,37,meta-llama/llama-3.2-3b-instruct,sha256:178868c409375eb7d32fed4ab585fdc97349140757b18079ccb0594a62e78e3e,det-v1,1,fallback,2056,208,0.002,0.0001714400,true,false
call-000358,arm9_spec_heuristic_rollback,cal/f2/s2060001/no_alert,37,meta-llama/llama-3.2-3b-instruct,sha256:da20a6c82670cac13bf3a3073c6db0a49969a8fb45e06503d26f0e79a6806361,det-v1,2,fallback,2126,57,0.001,0.0001251100,true,false
call-000359,arm9_spec_heuristic_rollback,cal/f2/s2060001/no_alert,46,meta-llama/llama-3.2-3b-instruct,sha256:4a838cae7057537168eb6290ee9bdd5df36383329f7a5f9c1777bdd5ba7f7fa8,det-v1,1,accepted,2365,320,0.001,0.0002238500,true,false
call-000360,arm10_spec_eprocess,cal/f2/s2060001/no_alert,37,meta-llama/llama-3.2-3b-instruct,sha256:178868c409375eb7d32fed4ab585fdc97349140757b18079ccb0594a62e78e3e,det-v1,1,fallback,2056,208,0.001,0.0001714400,true,false
call-000361,arm10_spec_eprocess,cal/f2/s2060001/no_alert,37,meta-llama/llama-3.2-3b-instruct,sha256:da20a6c82670cac13bf3a3073c6db0a49969a8fb45e06503d26f0e79a6806361,det-v1,2,fallback,2126,57,0.001,0.0001251100,true,false
call-000362,arm10_spec_eprocess,cal/f2/s2060001/no_alert,46,meta-llama/llama-3.2-3b-instruct,sha256:4a838cae7057537168eb6290ee9bdd5df36383329f7a5f9c1777bdd5ba7f7fa8,det-v1,1,accepted,2365,320,0.001,0.0002238500,true,false
call-000363,arm8_spec_immediate,cal/f2/s2060001/no_alert__twin,10,meta-llama/llama-3.2-3b-instruct,sha256:8c9235fe2616bdb285bec311f86106fcc93bd9c8418964995ae8e17b68f98436,det-v1,1,,1075,130,4056.541,0.0000966500,false,true
call-000364,arm8_spec_immediate,cal/f2/s2060001/no_alert__twin,10,meta-llama/llama-3.2-3b-instruct,sha256:8c9235fe2616bdb285bec311f86106fcc93bd9c8418964995ae8e17b68f98436,det-v1,1,fallback,1075,130,4056.541,0.0000966500,false,false
call-000365,arm8_spec_immediate,cal/f2/s2060001/no_alert__twin,10,meta-llama/llama-3.2-3b-instruct,sha256:fc3c1b90a6b0d5873960b4445f26aa8fea506ac9cfe1aac300860b8cf15221d6,det-v1,2,,1169,95,523.095,0.0000898000,false,true
call-000366,arm8_spec_immediate,cal/f2/s2060001/no_alert__twin,10,meta-llama/llama-3.2-3b-instruct,sha256:fc3c1b90a6b0d5873960b4445f26aa8fea506ac9cfe1aac300860b8cf15221d6,det-v1,2,fallback,1169,95,523.095,0.0000898000,false,false
call-000367,arm9_spec_heuristic_rollback,cal/f2/s2060001/no_alert__twin,10,meta-llama/llama-3.2-3b-instruct,sha256:8c9235fe2616bdb285bec311f86106fcc93bd9c8418964995ae8e17b68f98436,det-v1,1,fallback,1075,130,0.004,0.0000966500,true,false
call-000368,arm9_spec_heuristic_rollback,cal/f2/s2060001/no_alert__twin,10,meta-llama/llama-3.2-3b-instruct,sha256:fc3c1b90a6b0d5873960b4445f26aa8fea506ac9cfe1aac300860b8cf15221d6,det-v1,2,fallback,1169,95,0.005,0.0000898000,true,false
call-000369,arm10_spec_eprocess,cal/f2/s2060001/no_alert__twin,10,meta-llama/llama-3.2-3b-instruct,sha256:8c9235fe2616bdb285bec311f86106fcc93bd9c8418964995ae8e17b68f98436,det-v1,1,fallback,1075,130,0.003,0.0000966500,true,false
call-000370,arm10_spec_eprocess,cal/f2/s2060001/no_alert__twin,10,meta-llama/llama-3.2-3b-instruct,sha256:fc3c1b90a6b0d5873960b4445f26aa8fea506ac9cfe1aac300860b8cf15221d6,det-v1,2,fallback,1169,95,0.003,0.0000898000,true,false
call-000371,arm8_spec_immediate,dev/f2/s2050000/early_accurate,28,meta-llama/llama-3.2-3b-instruct,sha256:9717f4b9f5f788cb99e804481a10f6d9255a2dbf59e61b55d8297bb82e6d7f36,det-v1,1,,1723,157,699.799,0.0001379600,false,true
call-000372,arm8_spec_immediate,dev/f2/s2050000/early_accurate,28,meta-llama/llama-3.2-3b-instruct,sha256:9717f4b9f5f788cb99e804481a10f6d9255a2dbf59e61b55d8297bb82e6d7f36,det-v1,1,fallback,1723,157,699.799,0.0001379600,false,false
call-000373,arm8_spec_immediate,dev/f2/s2050000/early_accurate,28,meta-llama/llama-3.2-3b-instruct,sha256:1f9fd36a0bb99db3b6e57d2d4e2ff4d94d00e5a4764c3c9b135549560341054c,det-v1,2,,1769,216,3487.480,0.0001597300,false,true
call-000374,arm8_spec_immediate,dev/f2/s2050000/early_accurate,28,meta-llama/llama-3.2-3b-instruct,sha256:1f9fd36a0bb99db3b6e57d2d4e2ff4d94d00e5a4764c3c9b135549560341054c,det-v1,2,fallback,1769,216,3487.480,0.0001597300,false,false
call-000375,arm8_spec_immediate,dev/f2/s2050000/early_accurate,37,meta-llama/llama-3.2-3b-instruct,sha256:ea64f7d37506d013900e80c09bf845f0fd2447cbfe4859c1232d1c9923332122,det-v1,1,,2056,208,931.669,0.0001714400,false,true
call-000376,arm8_spec_immediate,dev/f2/s2050000/early_accurate,37,meta-llama/llama-3.2-3b-instruct,sha256:ea64f7d37506d013900e80c09bf845f0fd2447cbfe4859c1232d1c9923332122,det-v1,1,fallback,2056,208,931.669,0.0001714400,false,false
call-000377,arm8_spec_immediate,dev/f2/s2050000/early_accurate,37,meta-llama/llama-3.2-3b-instruct,sha256:5345730176d7a2898234f7f7f5ffd3e57fd25b6daac993a4ad10412b78115027,det-v1,2,,2126,216,907.920,0.0001775800,false,true
call-000378,arm8_spec_immediate,dev/f2/s2050000/early_accurate,37,meta-llama/llama-3.2-3b-instruct,sha256:5345730176d7a2898234f7f7f5ffd3e57fd25b6daac993a4ad10412b78115027,det-v1,2,fallback,2126,216,907.920,0.0001775800,false,false
call-000379,arm9_spec_heuristic_rollback,dev/f2/s2050000/early_accurate,28,meta-llama/llama-3.2-3b-instruct,sha256:9717f4b9f5f788cb99e804481a10f6d9255a2dbf59e61b55d8297bb82e6d7f36,det-v1,1,fallback,1723,157,0.004,0.0001379600,true,false
call-000380,arm9_spec_heuristic_rollback,dev/f2/s2050000/early_accurate,28,meta-llama/llama-3.2-3b-instruct,sha256:1f9fd36a0bb99db3b6e57d2d4e2ff4d94d00e5a4764c3c9b135549560341054c,det-v1,2,fallback,1769,216,0.003,0.0001597300,true,false
call-000381,arm9_spec_heuristic_rollback,dev/f2/s2050000/early_accurate,37,meta-llama/llama-3.2-3b-instruct,sha256:ea64f7d37506d013900e80c09bf845f0fd2447cbfe4859c1232d1c9923332122,det-v1,1,fallback,2056,208,0.003,0.0001714400,true,false
call-000382,arm9_spec_heuristic_rollback,dev/f2/s2050000/early_accurate,37,meta-llama/llama-3.2-3b-instruct,sha256:5345730176d7a2898234f7f7f5ffd3e57fd25b6daac993a4ad10412b78115027,det-v1,2,fallback,2126,216,0.003,0.0001775800,true,false
call-000383,arm10_spec_eprocess,dev/f2/s2050000/early_accurate,28,meta-llama/llama-3.2-3b-instruct,sha256:9717f4b9f5f788cb99e804481a10f6d9255a2dbf59e61b55d8297bb82e6d7f36,det-v1,1,fallback,1723,157,0.003,0.0001379600,true,false
call-000384,arm10_spec_eprocess,dev/f2/s2050000/early_accurate,28,meta-llama/llama-3.2-3b-instruct,sha256:1f9fd36a0bb99db3b6e57d2d4e2ff4d94d00e5a4764c3c9b135549560341054c,det-v1,2,fallback,1769,216,0.003,0.0001597300,true,false
call-000385,arm10_spec_eprocess,dev/f2/s2050000/early_accurate,37,meta-llama/llama-3.2-3b-instruct,sha256:ea64f7d37506d013900e80c09bf845f0fd2447cbfe4859c1232d1c9923332122,det-v1,1,fallback,2056,208,0.003,0.0001714400,true,false
call-000386,arm10_spec_eprocess,dev/f2/s2050000/early_accurate,37,meta-llama/llama-3.2-3b-instruct,sha256:5345730176d7a2898234f7f7f5ffd3e57fd25b6daac993a4ad10412b78115027,det-v1,2,fallback,2126,216,0.002,0.0001775800,true,false
call-000387,arm8_spec_immediate,dev/f2/s2050000/early_accurate__twin,10,meta-llama/llama-3.2-3b-instruct,sha256:2cd24cce08d3c8b03fbdbdba0b37f8ac516eb9e650a59c92bd82e9e02429b1c5,det-v1,1,,1093,95,512.308,0.0000860000,false,true
call-000388,arm8_spec_immediate,dev/f2/s2050000/early_accurate__twin,10,meta-llama/llama-3.2-3b-instruct,sha256:2cd24cce08d3c8b03fbdbdba0b37f8ac516eb9e650a59c92bd82e9e02429b1c5,det-v1,1,fallback,1093,95,512.308,0.0000860000,false,false
call-000389,arm8_spec_immediate,dev/f2/s2050000/early_accurate__twin,10,meta-llama/llama-3.2-3b-instruct,sha256:d545d9af2bb47564e4bf1015c52dcc5701e0729c38f3182d8e481c45f5e4a421,det-v1,2,,1163,95,528.874,0.0000895000,false,true
call-000390,arm8_spec_immediate,dev/f2/s2050000/early_accurate__twin,10,meta-llama/llama-3.2-3b-instruct,sha256:d545d9af2bb47564e4bf1015c52dcc5701e0729c38f3182d8e481c45f5e4a421,det-v1,2,fallback,1163,95,528.874,0.0000895000,false,false
call-000391,arm8_spec_immediate,dev/f2/s2050000/early_accurate__twin,43,meta-llama/llama-3.2-3b-instruct,sha256:24dbb9648b3eeeb2ff56f54113f279de340c5eaebb6d3370576e8f40806c8dd5,det-v1,1,,2290,311,7743.581,0.0002171300,false,true
call-000392,arm8_spec_immediate,dev/f2/s2050000/early_accurate__twin,43,meta-llama/llama-3.2-3b-instruct,sha256:24dbb9648b3eeeb2ff56f54113f279de340c5eaebb6d3370576e8f40806c8dd5,det-v1,1,accepted,2290,311,7743.581,0.0002171300,false,false
call-000393,arm9_spec_heuristic_rollback,dev/f2/s2050000/early_accurate__twin,10,meta-llama/llama-3.2-3b-instruct,sha256:2cd24cce08d3c8b03fbdbdba0b37f8ac516eb9e650a59c92bd82e9e02429b1c5,det-v1,1,fallback,1093,95,0.003,0.0000860000,true,false
call-000394,arm9_spec_heuristic_rollback,dev/f2/s2050000/early_accurate__twin,10,meta-llama/llama-3.2-3b-instruct,sha256:d545d9af2bb47564e4bf1015c52dcc5701e0729c38f3182d8e481c45f5e4a421,det-v1,2,fallback,1163,95,0.002,0.0000895000,true,false
call-000395,arm9_spec_heuristic_rollback,dev/f2/s2050000/early_accurate__twin,43,meta-llama/llama-3.2-3b-instruct,sha256:24dbb9648b3eeeb2ff56f54113f279de340c5eaebb6d3370576e8f40806c8dd5,det-v1,1,accepted,2290,311,0.003,0.0002171300,true,false
call-000396,arm10_spec_eprocess,dev/f2/s2050000/early_accurate__twin,10,meta-llama/llama-3.2-3b-instruct,sha256:2cd24cce08d3c8b03fbdbdba0b37f8ac516eb9e650a59c92bd82e9e02429b1c5,det-v1,1,fallback,1093,95,0.003,0.0000860000,true,false
call-000397,arm10_spec_eprocess,dev/f2/s2050000/early_accurate__twin,10,meta-llama/llama-3.2-3b-instruct,sha256:d545d9af2bb47564e4bf1015c52dcc5701e0729c38f3182d8e481c45f5e4a421,det-v1,2,fallback,1163,95,0.003,0.0000895000,true,false
call-000398,arm10_spec_eprocess,dev/f2/s2050000/early_accurate__twin,43,meta-llama/llama-3.2-3b-instruct,sha256:24dbb9648b3eeeb2ff56f54113f279de340c5eaebb6d3370576e8f40806c8dd5,det-v1,1,accepted,2290,311,0.003,0.0002171300,true,false
call-000399,arm8_spec_immediate,cal/f2/s2060000/early_accurate,22,meta-llama/llama-3.2-3b-instruct,sha256:252f84307bd99b2db40db152e23515bd9b311d573f5db141e832554342e50c14,det-v1,1,,1501,142,659.807,0.0001219100,false,true
call-000400,arm8_spec_immediate,cal/f2/s2060000/early_accurate,22,meta-llama/llama-3.2-3b-instruct,sha256:252f84307bd99b2db40db152e23515bd9b311d573f5db141e832554342e50c14,det-v1,1,fallback,1501,142,659.807,0.0001219100,false,false
call-000401,arm8_spec_immediate,cal/f2/s2060000/early_accurate,22,meta-llama/llama-3.2-3b-instruct,sha256:0f2f6c28954755a03c390b9dcebe3a4d11e3a6b0b474a31cd1e3e2c3bf3b7424,det-v1,2,,1571,141,580.958,0.0001250800,false,true
call-000402,arm8_spec_immediate,cal/f2/s2060000/early_accurate,22,meta-llama/llama-3.2-3b-instruct,sha256:0f2f6c28954755a03c390b9dcebe3a4d11e3a6b0b474a31cd1e3e2c3bf3b7424,det-v1,2,fallback,1571,141,580.958,0.0001250800,false,false
call-000403,arm8_spec_immediate,cal/f2/s2060000/early_accurate,37,meta-llama/llama-3.2-3b-instruct,sha256:b6a6a73badd89f022852eacc733d731a48e5bd15a8f72725bf363deed8cc0763,det-v1,1,,2056,195,1028.287,0.0001671500,false,true
call-000404,arm8_spec_immediate,cal/f2/s2060000/early_accurate,37,meta-llama/llama-3.2-3b-instruct,sha256:b6a6a73badd89f022852eacc733d731a48e5bd15a8f72725bf363deed8cc0763,det-v1,1,fallback,2056,195,1028.287,0.0001671500,false,false
call-000405,arm8_spec_immediate,cal/f2/s2060000/early_accurate,37,meta-llama/llama-3.2-3b-instruct,sha256:75547c4d5882378170ad74571d9117d804da116ebfc035f98050e74405f53d4f,det-v1,2,,2102,199,5245.634,0.0001707700,false,true
call-000406,arm8_spec_immediate,cal/f2/s2060000/early_accurate,37,meta-llama/llama-3.2-3b-instruct,sha256:75547c4d5882378170ad74571d9117d804da116ebfc035f98050e74405f53d4f,det-v1,2,fallback,2102,199,5245.634,0.0001707700,false,false
call-000407,arm9_spec_heuristic_rollback,cal/f2/s2060000/early_accurate,22,meta-llama/llama-3.2-3b-instruct,sha256:252f84307bd99b2db40db152e23515bd9b311d573f5db141e832554342e50c14,det-v1,1,fallback,1501,142,0.003,0.0001219100,true,false
call-000408,arm9_spec_heuristic_rollback,cal/f2/s2060000/early_accurate,22,meta-llama/llama-3.2-3b-instruct,sha256:0f2f6c28954755a03c390b9dcebe3a4d11e3a6b0b474a31cd1e3e2c3bf3b7424,det-v1,2,fallback,1571,141,0.003,0.0001250800,true,false
call-000409,arm9_spec_heuristic_rollback,cal/f2/s2060000/early_accurate,37,meta-llama/llama-3.2-3b-instruct,sha256:b6a6a73badd89f022852eacc733d731a48e5bd15a8f72725bf363deed8cc0763,det-v1,1,fallback,2056,195,0.003,0.0001671500,true,false
call-000410,arm9_spec_heuristic_rollback,cal/f2/s2060000/early_accurate,37,meta-llama/llama-3.2-3b-instruct,sha256:75547c4d5882378170ad74571d9117d804da116ebfc035f98050e74405f53d4f,det-v1,2,fallback,2102,199,0.002,0.0001707700,true,false
call-000411,arm10_spec_eprocess,cal/f2/s2060000/early_accurate,22,meta-llama/llama-3.2-3b-instruct,sha256:252f84307bd99b2db40db152e23515bd9b311d573f5db141e832554342e50c14,det-v1,1,fallback,1501,142,0.003,0.0001219100,true,false
call-000412,arm10_spec_eprocess,cal/f2/s2060000/early_accurate,22,meta-llama/llama-3.2-3b-instruct,sha256:0f2f6c28954755a03c390b9dcebe3a4d11e3a6b0b474a31cd1e3e2c3bf3b7424,det-v1,2,fallback,1571,141,0.003,0.0001250800,true,false
call-000413,arm10_spec_eprocess,cal/f2/s2060000/early_accurate,37,meta-llama/llama-3.2-3b-instruct,sha256:b6a6a73badd89f022852eacc733d731a48e5bd15a8f72725bf363deed8cc0763,det-v1,1,fallback,2056,195,0.003,0.0001671500,true,false
call-000414,arm10_spec_eprocess,cal/f2/s2060000/early_accurate,37,meta-llama/llama-3.2-3b-instruct,sha256:75547c4d5882378170ad74571d9117d804da116ebfc035f98050e74405f53d4f,det-v1,2,fallback,2102,199,0.002,0.0001707700,true,false
call-000415,arm8_spec_immediate,cal/f2/s2060000/early_accurate__twin,10,meta-llama/llama-3.2-3b-instruct,sha256:ba34df6e2a3f6acee6d41eeb18cf79ca93fa2dae70809e69fec945513d8f4ec0,det-v1,1,,1098,95,789.919,0.0000862500,false,true
call-000416,arm8_spec_immediate,cal/f2/s2060000/early_accurate__twin,10,meta-llama/llama-3.2-3b-instruct,sha256:ba34df6e2a3f6acee6d41eeb18cf79ca93fa2dae70809e69fec945513d8f4ec0,det-v1,1,fallback,1098,95,789.919,0.0000862500,false,false
call-000417,arm8_spec_immediate,cal/f2/s2060000/early_accurate__twin,10,meta-llama/llama-3.2-3b-instruct,sha256:7e4c3716342e6d175ccd77abecdc45067c87b5fe251441b4f7263e537c19622c,det-v1,2,,1168,95,915.475,0.0000897500,false,true
call-000418,arm8_spec_immediate,cal/f2/s2060000/early_accurate__twin,10,meta-llama/llama-3.2-3b-instruct,sha256:7e4c3716342e6d175ccd77abecdc45067c87b5fe251441b4f7263e537c19622c,det-v1,2,fallback,1168,95,915.475,0.0000897500,false,false
call-000419,arm9_spec_heuristic_rollback,cal/f2/s2060000/early_accurate__twin,10,meta-llama/llama-3.2-3b-instruct,sha256:ba34df6e2a3f6acee6d41eeb18cf79ca93fa2dae70809e69fec945513d8f4ec0,det-v1,1,fallback,1098,95,0.003,0.0000862500,true,false
call-000420,arm9_spec_heuristic_rollback,cal/f2/s2060000/early_accurate__twin,10,meta-llama/llama-3.2-3b-instruct,sha256:7e4c3716342e6d175ccd77abecdc45067c87b5fe251441b4f7263e537c19622c,det-v1,2,fallback,1168,95,0.003,0.0000897500,true,false
call-000421,arm10_spec_eprocess,cal/f2/s2060000/early_accurate__twin,10,meta-llama/llama-3.2-3b-instruct,sha256:ba34df6e2a3f6acee6d41eeb18cf79ca93fa2dae70809e69fec945513d8f4ec0,det-v1,1,fallback,1098,95,0.003,0.0000862500,true,false
call-000422,arm10_spec_eprocess,cal/f2/s2060000/early_accurate__twin,10,meta-llama/llama-3.2-3b-instruct,sha256:7e4c3716342e6d175ccd77abecdc45067c87b5fe251441b4f7263e537c19622c,det-v1,2,fallback,1168,95,0.002,0.0000897500,true,false
call-000423,arm8_spec_immediate,dev/f2/s2050001/early_accurate,27,meta-llama/llama-3.2-3b-instruct,sha256:e0be9fb171df4e639856de3961b2df79ff9ef89005837fc97d3b48f4e85c6dd0,det-v1,1,,1686,167,1070.096,0.0001394100,false,true
call-000424,arm8_spec_immediate,dev/f2/s2050001/early_accurate,27,meta-llama/llama-3.2-3b-instruct,sha256:e0be9fb171df4e639856de3961b2df79ff9ef89005837fc97d3b48f4e85c6dd0,det-v1,1,fallback,1686,167,1070.096,0.0001394100,false,false
call-000425,arm8_spec_immediate,dev/f2/s2050001/early_accurate,27,meta-llama/llama-3.2-3b-instruct,sha256:b70dc65ae1963e8e1b07ee6f9c1a7f364bb0c9d77fed31c986e26314ae159cfa,det-v1,2,,1756,161,967.481,0.0001409300,false,true
call-000426,arm8_spec_immediate,dev/f2/s2050001/early_accurate,27,meta-llama/llama-3.2-3b-instruct,sha256:b70dc65ae1963e8e1b07ee6f9c1a7f364bb0c9d77fed31c986e26314ae159cfa,det-v1,2,fallback,1756,161,967.481,0.0001409300,false,false
call-000427,arm8_spec_immediate,dev/f2/s2050001/early_accurate,44,meta-llama/llama-3.2-3b-instruct,sha256:b62984ba3574c7c9318533823e4f118120f00bd7943631b5cf04ed018fb06257,det-v1,1,,2291,311,8394.145,0.0002171800,false,true
call-000428,arm8_spec_immediate,dev/f2/s2050001/early_accurate,44,meta-llama/llama-3.2-3b-instruct,sha256:b62984ba3574c7c9318533823e4f118120f00bd7943631b5cf04ed018fb06257,det-v1,1,accepted,2291,311,8394.145,0.0002171800,false,false
call-000429,arm9_spec_heuristic_rollback,dev/f2/s2050001/early_accurate,27,meta-llama/llama-3.2-3b-instruct,sha256:e0be9fb171df4e639856de3961b2df79ff9ef89005837fc97d3b48f4e85c6dd0,det-v1,1,fallback,1686,167,0.004,0.0001394100,true,false
call-000430,arm9_spec_heuristic_rollback,dev/f2/s2050001/early_accurate,27,meta-llama/llama-3.2-3b-instruct,sha256:b70dc65ae1963e8e1b07ee6f9c1a7f364bb0c9d77fed31c986e26314ae159cfa,det-v1,2,fallback,1756,161,0.003,0.0001409300,true,false
call-000431,arm9_spec_heuristic_rollback,dev/f2/s2050001/early_accurate,44,meta-llama/llama-3.2-3b-instruct,sha256:b62984ba3574c7c9318533823e4f118120f00bd7943631b5cf04ed018fb06257,det-v1,1,accepted,2291,311,0.003,0.0002171800,true,false
call-000432,arm10_spec_eprocess,dev/f2/s2050001/early_accurate,27,meta-llama/llama-3.2-3b-instruct,sha256:e0be9fb171df4e639856de3961b2df79ff9ef89005837fc97d3b48f4e85c6dd0,det-v1,1,fallback,1686,167,0.003,0.0001394100,true,false
call-000433,arm10_spec_eprocess,dev/f2/s2050001/early_accurate,27,meta-llama/llama-3.2-3b-instruct,sha256:b70dc65ae1963e8e1b07ee6f9c1a7f364bb0c9d77fed31c986e26314ae159cfa,det-v1,2,fallback,1756,161,0.003,0.0001409300,true,false
call-000434,arm10_spec_eprocess,dev/f2/s2050001/early_accurate,44,meta-llama/llama-3.2-3b-instruct,sha256:b62984ba3574c7c9318533823e4f118120f00bd7943631b5cf04ed018fb06257,det-v1,1,accepted,2291,311,0.003,0.0002171800,true,false
call-000435,arm8_spec_immediate,dev/f2/s2050001/early_accurate__twin,10,meta-llama/llama-3.2-3b-instruct,sha256:5815da9c97d189e742b0268e20af38362a5f45300af29497a526dcaaeaa4f6cf,det-v1,1,,1100,95,616.485,0.0000863500,false,true
call-000436,arm8_spec_immediate,dev/f2/s2050001/early_accurate__twin,10,meta-llama/llama-3.2-3b-instruct,sha256:5815da9c97d189e742b0268e20af38362a5f45300af29497a526dcaaeaa4f6cf,det-v1,1,fallback,1100,95,616.485,0.0000863500,false,false
call-000437,arm8_spec_immediate,dev/f2/s2050001/early_accurate__twin,10,meta-llama/llama-3.2-3b-instruct,sha256:8ab178548ebf2a0353e4990955105a9187a120916f16ec360f74231a05759135,det-v1,2,,1170,95,504.948,0.0000898500,false,true
call-000438,arm8_spec_immediate,dev/f2/s2050001/early_accurate__twin,10,meta-llama/llama-3.2-3b-instruct,sha256:8ab178548ebf2a0353e4990955105a9187a120916f16ec360f74231a05759135,det-v1,2,fallback,1170,95,504.948,0.0000898500,false,false
call-000439,arm9_spec_heuristic_rollback,dev/f2/s2050001/early_accurate__twin,10,meta-llama/llama-3.2-3b-instruct,sha256:5815da9c97d189e742b0268e20af38362a5f45300af29497a526dcaaeaa4f6cf,det-v1,1,fallback,1100,95,0.003,0.0000863500,true,false
call-000440,arm9_spec_heuristic_rollback,dev/f2/s2050001/early_accurate__twin,10,meta-llama/llama-3.2-3b-instruct,sha256:8ab178548ebf2a0353e4990955105a9187a120916f16ec360f74231a05759135,det-v1,2,fallback,1170,95,0.003,0.0000898500,true,false
call-000441,arm10_spec_eprocess,dev/f2/s2050001/early_accurate__twin,10,meta-llama/llama-3.2-3b-instruct,sha256:5815da9c97d189e742b0268e20af38362a5f45300af29497a526dcaaeaa4f6cf,det-v1,1,fallback,1100,95,0.003,0.0000863500,true,false
call-000442,arm10_spec_eprocess,dev/f2/s2050001/early_accurate__twin,10,meta-llama/llama-3.2-3b-instruct,sha256:8ab178548ebf2a0353e4990955105a9187a120916f16ec360f74231a05759135,det-v1,2,fallback,1170,95,0.003,0.0000898500,true,false
call-000443,arm8_spec_immediate,cal/f2/s2060001/early_accurate,37,meta-llama/llama-3.2-3b-instruct,sha256:6f08b6a416ffd1ee164583840501287e58932ae3a72af2fe3917225d3850f350,det-v1,1,,2056,208,1032.157,0.0001714400,false,true
call-000444,arm8_spec_immediate,cal/f2/s2060001/early_accurate,37,meta-llama/llama-3.2-3b-instruct,sha256:6f08b6a416ffd1ee164583840501287e58932ae3a72af2fe3917225d3850f350,det-v1,1,fallback,2056,208,1032.157,0.0001714400,false,false
call-000445,arm8_spec_immediate,cal/f2/s2060001/early_accurate,37,meta-llama/llama-3.2-3b-instruct,sha256:f6c220ec9e5bc5fa49988a3887979dec52f910567ac86a5b76b80fd7f04178dd,det-v1,2,,2126,57,526.908,0.0001251100,false,true
call-000446,arm8_spec_immediate,cal/f2/s2060001/early_accurate,37,meta-llama/llama-3.2-3b-instruct,sha256:f6c220ec9e5bc5fa49988a3887979dec52f910567ac86a5b76b80fd7f04178dd,det-v1,2,fallback,2126,57,526.908,0.0001251100,false,false
call-000447,arm8_spec_immediate,cal/f2/s2060001/early_accurate,46,meta-llama/llama-3.2-3b-instruct,sha256:fa4bdf381578a25337081c843e5b0667dd8ff9462d18bc5de590f7bc80212377,det-v1,1,,2389,252,1150.424,0.0002026100,false,true
call-000448,arm8_spec_immediate,cal/f2/s2060001/early_accurate,46,meta-llama/llama-3.2-3b-instruct,sha256:fa4bdf381578a25337081c843e5b0667dd8ff9462d18bc5de590f7bc80212377,det-v1,1,fallback,2389,252,1150.424,0.0002026100,false,false
call-000449,arm8_spec_immediate,cal/f2/s2060001/early_accurate,46,meta-llama/llama-3.2-3b-instruct,sha256:270f956d9cb504743f25fbe56a15034ff5686f272ce68bd2d0705976b819acea,det-v1,2,,2459,237,1127.886,0.0002011600,false,true
call-000450,arm8_spec_immediate,cal/f2/s2060001/early_accurate,46,meta-llama/llama-3.2-3b-instruct,sha256:270f956d9cb504743f25fbe56a15034ff5686f272ce68bd2d0705976b819acea,det-v1,2,fallback,2459,237,1127.886,0.0002011600,false,false
call-000451,arm9_spec_heuristic_rollback,cal/f2/s2060001/early_accurate,37,meta-llama/llama-3.2-3b-instruct,sha256:6f08b6a416ffd1ee164583840501287e58932ae3a72af2fe3917225d3850f350,det-v1,1,fallback,2056,208,0.003,0.0001714400,true,false
call-000452,arm9_spec_heuristic_rollback,cal/f2/s2060001/early_accurate,37,meta-llama/llama-3.2-3b-instruct,sha256:f6c220ec9e5bc5fa49988a3887979dec52f910567ac86a5b76b80fd7f04178dd,det-v1,2,fallback,2126,57,0.003,0.0001251100,true,false
call-000453,arm9_spec_heuristic_rollback,cal/f2/s2060001/early_accurate,46,meta-llama/llama-3.2-3b-instruct,sha256:fa4bdf381578a25337081c843e5b0667dd8ff9462d18bc5de590f7bc80212377,det-v1,1,fallback,2389,252,0.003,0.0002026100,true,false
call-000454,arm9_spec_heuristic_rollback,cal/f2/s2060001/early_accurate,46,meta-llama/llama-3.2-3b-instruct,sha256:270f956d9cb504743f25fbe56a15034ff5686f272ce68bd2d0705976b819acea,det-v1,2,fallback,2459,237,0.002,0.0002011600,true,false
call-000455,arm10_spec_eprocess,cal/f2/s2060001/early_accurate,37,meta-llama/llama-3.2-3b-instruct,sha256:6f08b6a416ffd1ee164583840501287e58932ae3a72af2fe3917225d3850f350,det-v1,1,fallback,2056,208,0.003,0.0001714400,true,false
call-000456,arm10_spec_eprocess,cal/f2/s2060001/early_accurate,37,meta-llama/llama-3.2-3b-instruct,sha256:f6c220ec9e5bc5fa49988a3887979dec52f910567ac86a5b76b80fd7f04178dd,det-v1,2,fallback,2126,57,0.003,0.0001251100,true,false
call-000457,arm10_spec_eprocess,cal/f2/s2060001/early_accurate,46,meta-llama/llama-3.2-3b-instruct,sha256:fa4bdf381578a25337081c843e5b0667dd8ff9462d18bc5de590f7bc80212377,det-v1,1,fallback,2389,252,0.003,0.0002026100,true,false
call-000458,arm10_spec_eprocess,cal/f2/s2060001/early_accurate,46,meta-llama/llama-3.2-3b-instruct,sha256:270f956d9cb504743f25fbe56a15034ff5686f272ce68bd2d0705976b819acea,det-v1,2,fallback,2459,237,0.002,0.0002011600,true,false
call-000459,arm8_spec_immediate,cal/f2/s2060001/early_accurate__twin,10,meta-llama/llama-3.2-3b-instruct,sha256:cf5266f8131e6bf07fbf86bb307a8f170eed33d4db66cbfa563cc72175500300,det-v1,1,,1075,130,3820.321,0.0000966500,false,true
call-000460,arm8_spec_immediate,cal/f2/s2060001/early_accurate__twin,10,meta-llama/llama-3.2-3b-instruct,sha256:cf5266f8131e6bf07fbf86bb307a8f170eed33d4db66cbfa563cc72175500300,det-v1,1,fallback,1075,130,3820.321,0.0000966500,false,false
call-000461,arm8_spec_immediate,cal/f2/s2060001/early_accurate__twin,10,meta-llama/llama-3.2-3b-instruct,sha256:6ee20b1489ad557239af8b1aca8f5e842ffad6903f1a78787dc070996d6076fa,det-v1,2,,1169,95,1179.965,0.0000898000,false,true
call-000462,arm8_spec_immediate,cal/f2/s2060001/early_accurate__twin,10,meta-llama/llama-3.2-3b-instruct,sha256:6ee20b1489ad557239af8b1aca8f5e842ffad6903f1a78787dc070996d6076fa,det-v1,2,fallback,1169,95,1179.965,0.0000898000,false,false
call-000463,arm9_spec_heuristic_rollback,cal/f2/s2060001/early_accurate__twin,10,meta-llama/llama-3.2-3b-instruct,sha256:cf5266f8131e6bf07fbf86bb307a8f170eed33d4db66cbfa563cc72175500300,det-v1,1,fallback,1075,130,0.003,0.0000966500,true,false
call-000464,arm9_spec_heuristic_rollback,cal/f2/s2060001/early_accurate__twin,10,meta-llama/llama-3.2-3b-instruct,sha256:6ee20b1489ad557239af8b1aca8f5e842ffad6903f1a78787dc070996d6076fa,det-v1,2,fallback,1169,95,0.003,0.0000898000,true,false
call-000465,arm10_spec_eprocess,cal/f2/s2060001/early_accurate__twin,10,meta-llama/llama-3.2-3b-instruct,sha256:cf5266f8131e6bf07fbf86bb307a8f170eed33d4db66cbfa563cc72175500300,det-v1,1,fallback,1075,130,0.003,0.0000966500,true,false
call-000466,arm10_spec_eprocess,cal/f2/s2060001/early_accurate__twin,10,meta-llama/llama-3.2-3b-instruct,sha256:6ee20b1489ad557239af8b1aca8f5e842ffad6903f1a78787dc070996d6076fa,det-v1,2,fallback,1169,95,0.003,0.0000898000,true,false
call-000467,arm8_spec_immediate,dev/f2/s2050000/late_accurate,28,meta-llama/llama-3.2-3b-instruct,sha256:edf10659dd64d8b4735da33b654dcf1f4ccca38af168152f4c259c85d09f52ce,det-v1,1,,1723,157,1240.179,0.0001379600,false,true
call-000468,arm8_spec_immediate,dev/f2/s2050000/late_accurate,28,meta-llama/llama-3.2-3b-instruct,sha256:edf10659dd64d8b4735da33b654dcf1f4ccca38af168152f4c259c85d09f52ce,det-v1,1,fallback,1723,157,1240.179,0.0001379600,false,false
call-000469,arm8_spec_immediate,dev/f2/s2050000/late_accurate,28,meta-llama/llama-3.2-3b-instruct,sha256:3647784da66f49d50a766bfaf45fd82469d599561f9a8c17329dbd007c127a22,det-v1,2,,1793,165,1130.750,0.0001441000,false,true
call-000470,arm8_spec_immediate,dev/f2/s2050000/late_accurate,28,meta-llama/llama-3.2-3b-instruct,sha256:3647784da66f49d50a766bfaf45fd82469d599561f9a8c17329dbd007c127a22,det-v1,2,fallback,1793,165,1130.750,0.0001441000,false,false
call-000471,arm8_spec_immediate,dev/f2/s2050000/late_accurate,37,meta-llama/llama-3.2-3b-instruct,sha256:c1361edd762b7d2f5a102d59667440b89f1c753408dd0e101f3e89a3f0e39ddf,det-v1,1,,2056,208,1474.442,0.0001714400,false,true
call-000472,arm8_spec_immediate,dev/f2/s2050000/late_accurate,37,meta-llama/llama-3.2-3b-instruct,sha256:c1361edd762b7d2f5a102d59667440b89f1c753408dd0e101f3e89a3f0e39ddf,det-v1,1,fallback,2056,208,1474.442,0.0001714400,false,false
call-000473,arm8_spec_immediate,dev/f2/s2050000/late_accurate,37,meta-llama/llama-3.2-3b-instruct,sha256:6c9118e3ef3e6eafb34312763723cdc8fcc6cc470c248a483babed7b28070f60,det-v1,2,,2126,216,1329.344,0.0001775800,false,true
call-000474,arm8_spec_immediate,dev/f2/s2050000/late_accurate,37,meta-llama/llama-3.2-3b-instruct,sha256:6c9118e3ef3e6eafb34312763723cdc8fcc6cc470c248a483babed7b28070f60,det-v1,2,fallback,2126,216,1329.344,0.0001775800,false,false
call-000475,arm9_spec_heuristic_rollback,dev/f2/s2050000/late_accurate,28,meta-llama/llama-3.2-3b-instruct,sha256:edf10659dd64d8b4735da33b654dcf1f4ccca38af168152f4c259c85d09f52ce,det-v1,1,fallback,1723,157,0.003,0.0001379600,true,false
call-000476,arm9_spec_heuristic_rollback,dev/f2/s2050000/late_accurate,28,meta-llama/llama-3.2-3b-instruct,sha256:3647784da66f49d50a766bfaf45fd82469d599561f9a8c17329dbd007c127a22,det-v1,2,fallback,1793,165,0.003,0.0001441000,true,false
call-000477,arm9_spec_heuristic_rollback,dev/f2/s2050000/late_accurate,37,meta-llama/llama-3.2-3b-instruct,sha256:c1361edd762b7d2f5a102d59667440b89f1c753408dd0e101f3e89a3f0e39ddf,det-v1,1,fallback,2056,208,0.003,0.0001714400,true,false
call-000478,arm9_spec_heuristic_rollback,dev/f2/s2050000/late_accurate,37,meta-llama/llama-3.2-3b-instruct,sha256:6c9118e3ef3e6eafb34312763723cdc8fcc6cc470c248a483babed7b28070f60,det-v1,2,fallback,2126,216,0.002,0.0001775800,true,false
call-000479,arm10_spec_eprocess,dev/f2/s2050000/late_accurate,28,meta-llama/llama-3.2-3b-instruct,sha256:edf10659dd64d8b4735da33b654dcf1f4ccca38af168152f4c259c85d09f52ce,det-v1,1,fallback,1723,157,0.003,0.0001379600,true,false
call-000480,arm10_spec_eprocess,dev/f2/s2050000/late_accurate,28,meta-llama/llama-3.2-3b-instruct,sha256:3647784da66f49d50a766bfaf45fd82469d599561f9a8c17329dbd007c127a22,det-v1,2,fallback,1793,165,0.003,0.0001441000,true,false
call-000481,arm10_spec_eprocess,dev/f2/s2050000/late_accurate,37,meta-llama/llama-3.2-3b-instruct,sha256:c1361edd762b7d2f5a102d59667440b89f1c753408dd0e101f3e89a3f0e39ddf,det-v1,1,fallback,2056,208,0.003,0.0001714400,true,false
call-000482,arm10_spec_eprocess,dev/f2/s2050000/late_accurate,37,meta-llama/llama-3.2-3b-instruct,sha256:6c9118e3ef3e6eafb34312763723cdc8fcc6cc470c248a483babed7b28070f60,det-v1,2,fallback,2126,216,0.002,0.0001775800,true,false
call-000483,arm8_spec_immediate,cal/f2/s2060000/late_accurate,22,meta-llama/llama-3.2-3b-instruct,sha256:594ad0273732b8289070edcd0f0842aa0e3450c69aea37f35e6afaddfb7b02e2,det-v1,1,,1501,142,862.400,0.0001219100,false,true
call-000484,arm8_spec_immediate,cal/f2/s2060000/late_accurate,22,meta-llama/llama-3.2-3b-instruct,sha256:594ad0273732b8289070edcd0f0842aa0e3450c69aea37f35e6afaddfb7b02e2,det-v1,1,fallback,1501,142,862.400,0.0001219100,false,false
call-000485,arm8_spec_immediate,cal/f2/s2060000/late_accurate,22,meta-llama/llama-3.2-3b-instruct,sha256:8e13ab869444938645f5ce0a8a55151d9785455d547c482e7c8c30407dcd4dff,det-v1,2,,1571,141,776.922,0.0001250800,false,true
call-000486,arm8_spec_immediate,cal/f2/s2060000/late_accurate,22,meta-llama/llama-3.2-3b-instruct,sha256:8e13ab869444938645f5ce0a8a55151d9785455d547c482e7c8c30407dcd4dff,det-v1,2,fallback,1571,141,776.922,0.0001250800,false,false
call-000487,arm8_spec_immediate,cal/f2/s2060000/late_accurate,37,meta-llama/llama-3.2-3b-instruct,sha256:df2b4abf97bb2858daa85c8dd1b04f270512a59f1074e23adc2e8889a0a1e0ed,det-v1,1,,2032,262,7002.691,0.0001880600,false,true
call-000488,arm8_spec_immediate,cal/f2/s2060000/late_accurate,37,meta-llama/llama-3.2-3b-instruct,sha256:df2b4abf97bb2858daa85c8dd1b04f270512a59f1074e23adc2e8889a0a1e0ed,det-v1,1,fallback,2032,262,7002.691,0.0001880600,false,false
call-000489,arm8_spec_immediate,cal/f2/s2060000/late_accurate,37,meta-llama/llama-3.2-3b-instruct,sha256:8aa90a9539fd3c00e2b33b2be4850162aab1e6068335f480df56affe19edf366,det-v1,2,,2102,199,5509.286,0.0001707700,false,true
call-000490,arm8_spec_immediate,cal/f2/s2060000/late_accurate,37,meta-llama/llama-3.2-3b-instruct,sha256:8aa90a9539fd3c00e2b33b2be4850162aab1e6068335f480df56affe19edf366,det-v1,2,fallback,2102,199,5509.286,0.0001707700,false,false
call-000491,arm9_spec_heuristic_rollback,cal/f2/s2060000/late_accurate,22,meta-llama/llama-3.2-3b-instruct,sha256:594ad0273732b8289070edcd0f0842aa0e3450c69aea37f35e6afaddfb7b02e2,det-v1,1,fallback,1501,142,0.003,0.0001219100,true,false
call-000492,arm9_spec_heuristic_rollback,cal/f2/s2060000/late_accurate,22,meta-llama/llama-3.2-3b-instruct,sha256:8e13ab869444938645f5ce0a8a55151d9785455d547c482e7c8c30407dcd4dff,det-v1,2,fallback,1571,141,0.003,0.0001250800,true,false
call-000493,arm9_spec_heuristic_rollback,cal/f2/s2060000/late_accurate,37,meta-llama/llama-3.2-3b-instruct,sha256:df2b4abf97bb2858daa85c8dd1b04f270512a59f1074e23adc2e8889a0a1e0ed,det-v1,1,fallback,2032,262,0.003,0.0001880600,true,false
call-000494,arm9_spec_heuristic_rollback,cal/f2/s2060000/late_accurate,37,meta-llama/llama-3.2-3b-instruct,sha256:8aa90a9539fd3c00e2b33b2be4850162aab1e6068335f480df56affe19edf366,det-v1,2,fallback,2102,199,0.003,0.0001707700,true,false
call-000495,arm10_spec_eprocess,cal/f2/s2060000/late_accurate,22,meta-llama/llama-3.2-3b-instruct,sha256:594ad0273732b8289070edcd0f0842aa0e3450c69aea37f35e6afaddfb7b02e2,det-v1,1,fallback,1501,142,0.003,0.0001219100,true,false
call-000496,arm10_spec_eprocess,cal/f2/s2060000/late_accurate,22,meta-llama/llama-3.2-3b-instruct,sha256:8e13ab869444938645f5ce0a8a55151d9785455d547c482e7c8c30407dcd4dff,det-v1,2,fallback,1571,141,0.003,0.0001250800,true,false
call-000497,arm10_spec_eprocess,cal/f2/s2060000/late_accurate,37,meta-llama/llama-3.2-3b-instruct,sha256:df2b4abf97bb2858daa85c8dd1b04f270512a59f1074e23adc2e8889a0a1e0ed,det-v1,1,fallback,2032,262,0.003,0.0001880600,true,false
call-000498,arm10_spec_eprocess,cal/f2/s2060000/late_accurate,37,meta-llama/llama-3.2-3b-instruct,sha256:8aa90a9539fd3c00e2b33b2be4850162aab1e6068335f480df56affe19edf366,det-v1,2,fallback,2102,199,0.002,0.0001707700,true,false
call-000499,arm8_spec_immediate,dev/f2/s2050001/late_accurate,27,meta-llama/llama-3.2-3b-instruct,sha256:533e55b307e308fdb344ca0e62914a41155390dab22ae66f7b099fbcf0a7f63a,det-v1,1,,1662,211,5908.200,0.0001527300,false,true
call-000500,arm8_spec_immediate,dev/f2/s2050001/late_accurate,27,meta-llama/llama-3.2-3b-instruct,sha256:533e55b307e308fdb344ca0e62914a41155390dab22ae66f7b099fbcf0a7f63a,det-v1,1,fallback,1662,211,5908.200,0.0001527300,false,false
call-000501,arm8_spec_immediate,dev/f2/s2050001/late_accurate,27,meta-llama/llama-3.2-3b-instruct,sha256:896edf6a618eec4071c13e1a522460ef5f15dcc914d6ad06a3bf4f786dc05ac9,det-v1,2,,1756,161,781.099,0.0001409300,false,true
call-000502,arm8_spec_immediate,dev/f2/s2050001/late_accurate,27,meta-llama/llama-3.2-3b-instruct,sha256:896edf6a618eec4071c13e1a522460ef5f15dcc914d6ad06a3bf4f786dc05ac9,det-v1,2,fallback,1756,161,781.099,0.0001409300,false,false
call-000503,arm8_spec_immediate,dev/f2/s2050001/late_accurate,44,meta-llama/llama-3.2-3b-instruct,sha256:346ac32f8ae419094740b7d439df0ba92cbffa78b1030beb6597b24cd7a87fe8,det-v1,1,,2315,235,1013.588,0.0001933000,false,true
call-000504,arm8_spec_immediate,dev/f2/s2050001/late_accurate,44,meta-llama/llama-3.2-3b-instruct,sha256:346ac32f8ae419094740b7d439df0ba92cbffa78b1030beb6597b24cd7a87fe8,det-v1,1,fallback,2315,235,1013.588,0.0001933000,false,false
call-000505,arm8_spec_immediate,dev/f2/s2050001/late_accurate,44,meta-llama/llama-3.2-3b-instruct,sha256:de0499598b45edac25f4c3db11e7612127a2852466be6576192e90267891049e,det-v1,2,,2385,57,409.638,0.0001380600,false,true
call-000506,arm8_spec_immediate,dev/f2/s2050001/late_accurate,44,meta-llama/llama-3.2-3b-instruct,sha256:de0499598b45edac25f4c3db11e7612127a2852466be6576192e90267891049e,det-v1,2,fallback,2385,57,409.638,0.0001380600,false,false
call-000507,arm9_spec_heuristic_rollback,dev/f2/s2050001/late_accurate,27,meta-llama/llama-3.2-3b-instruct,sha256:533e55b307e308fdb344ca0e62914a41155390dab22ae66f7b099fbcf0a7f63a,det-v1,1,fallback,1662,211,0.004,0.0001527300,true,false
call-000508,arm9_spec_heuristic_rollback,dev/f2/s2050001/late_accurate,27,meta-llama/llama-3.2-3b-instruct,sha256:896edf6a618eec4071c13e1a522460ef5f15dcc914d6ad06a3bf4f786dc05ac9,det-v1,2,fallback,1756,161,0.003,0.0001409300,true,false
call-000509,arm9_spec_heuristic_rollback,dev/f2/s2050001/late_accurate,44,meta-llama/llama-3.2-3b-instruct,sha256:346ac32f8ae419094740b7d439df0ba92cbffa78b1030beb6597b24cd7a87fe8,det-v1,1,fallback,2315,235,0.004,0.0001933000,true,false
call-000510,arm9_spec_heuristic_rollback,dev/f2/s2050001/late_accurate,44,meta-llama/llama-3.2-3b-instruct,sha256:de0499598b45edac25f4c3db11e7612127a2852466be6576192e90267891049e,det-v1,2,fallback,2385,57,0.003,0.0001380600,true,false
call-000511,arm10_spec_eprocess,dev/f2/s2050001/late_accurate,27,meta-llama/llama-3.2-3b-instruct,sha256:533e55b307e308fdb344ca0e62914a41155390dab22ae66f7b099fbcf0a7f63a,det-v1,1,fallback,1662,211,0.003,0.0001527300,true,false
call-000512,arm10_spec_eprocess,dev/f2/s2050001/late_accurate,27,meta-llama/llama-3.2-3b-instruct,sha256:896edf6a618eec4071c13e1a522460ef5f15dcc914d6ad06a3bf4f786dc05ac9,det-v1,2,fallback,1756,161,0.003,0.0001409300,true,false
call-000513,arm10_spec_eprocess,dev/f2/s2050001/late_accurate,44,meta-llama/llama-3.2-3b-instruct,sha256:346ac32f8ae419094740b7d439df0ba92cbffa78b1030beb6597b24cd7a87fe8,det-v1,1,fallback,2315,235,0.003,0.0001933000,true,false
call-000514,arm10_spec_eprocess,dev/f2/s2050001/late_accurate,44,meta-llama/llama-3.2-3b-instruct,sha256:de0499598b45edac25f4c3db11e7612127a2852466be6576192e90267891049e,det-v1,2,fallback,2385,57,0.002,0.0001380600,true,false
call-000515,arm8_spec_immediate,cal/f2/s2060001/late_accurate,37,meta-llama/llama-3.2-3b-instruct,sha256:cc432a320ad8b73989319ce6f0b57c029f17cbb44f7d1739a9bc06463f3fc826,det-v1,1,,2032,262,9266.917,0.0001880600,false,true
call-000516,arm8_spec_immediate,cal/f2/s2060001/late_accurate,37,meta-llama/llama-3.2-3b-instruct,sha256:cc432a320ad8b73989319ce6f0b57c029f17cbb44f7d1739a9bc06463f3fc826,det-v1,1,fallback,2032,262,9266.917,0.0001880600,false,false
call-000517,arm8_spec_immediate,cal/f2/s2060001/late_accurate,37,meta-llama/llama-3.2-3b-instruct,sha256:2f0c354cfddc12cba54d26343d44567176e317a0f6c95bfa83ac58cbf4c3272b,det-v1,2,,2102,199,6524.759,0.0001707700,false,true
call-000518,arm8_spec_immediate,cal/f2/s2060001/late_accurate,37,meta-llama/llama-3.2-3b-instruct,sha256:2f0c354cfddc12cba54d26343d44567176e317a0f6c95bfa83ac58cbf4c3272b,det-v1,2,fallback,2102,199,6524.759,0.0001707700,false,false
call-000519,arm8_spec_immediate,cal/f2/s2060001/late_accurate,46,meta-llama/llama-3.2-3b-instruct,sha256:b7e20d4320ed48354e0476743f1907478b3bee2ee3df58a61195a330cee5aa5b,det-v1,1,,2389,252,1062.938,0.0002026100,false,true
call-000520,arm8_spec_immediate,cal/f2/s2060001/late_accurate,46,meta-llama/llama-3.2-3b-instruct,sha256:b7e20d4320ed48354e0476743f1907478b3bee2ee3df58a61195a330cee5aa5b,det-v1,1,fallback,2389,252,1062.938,0.0002026100,false,false
call-000521,arm8_spec_immediate,cal/f2/s2060001/late_accurate,46,meta-llama/llama-3.2-3b-instruct,sha256:f2409b2f924142adfc253193800581cd97dce29e2180f748ca8c96cd25ee88c5,det-v1,2,,2459,237,1015.004,0.0002011600,false,true
call-000522,arm8_spec_immediate,cal/f2/s2060001/late_accurate,46,meta-llama/llama-3.2-3b-instruct,sha256:f2409b2f924142adfc253193800581cd97dce29e2180f748ca8c96cd25ee88c5,det-v1,2,fallback,2459,237,1015.004,0.0002011600,false,false
call-000523,arm9_spec_heuristic_rollback,cal/f2/s2060001/late_accurate,37,meta-llama/llama-3.2-3b-instruct,sha256:cc432a320ad8b73989319ce6f0b57c029f17cbb44f7d1739a9bc06463f3fc826,det-v1,1,fallback,2032,262,0.003,0.0001880600,true,false
call-000524,arm9_spec_heuristic_rollback,cal/f2/s2060001/late_accurate,37,meta-llama/llama-3.2-3b-instruct,sha256:2f0c354cfddc12cba54d26343d44567176e317a0f6c95bfa83ac58cbf4c3272b,det-v1,2,fallback,2102,199,0.003,0.0001707700,true,false
call-000525,arm9_spec_heuristic_rollback,cal/f2/s2060001/late_accurate,46,meta-llama/llama-3.2-3b-instruct,sha256:b7e20d4320ed48354e0476743f1907478b3bee2ee3df58a61195a330cee5aa5b,det-v1,1,fallback,2389,252,0.003,0.0002026100,true,false
call-000526,arm9_spec_heuristic_rollback,cal/f2/s2060001/late_accurate,46,meta-llama/llama-3.2-3b-instruct,sha256:f2409b2f924142adfc253193800581cd97dce29e2180f748ca8c96cd25ee88c5,det-v1,2,fallback,2459,237,0.003,0.0002011600,true,false
call-000527,arm10_spec_eprocess,cal/f2/s2060001/late_accurate,37,meta-llama/llama-3.2-3b-instruct,sha256:cc432a320ad8b73989319ce6f0b57c029f17cbb44f7d1739a9bc06463f3fc826,det-v1,1,fallback,2032,262,0.003,0.0001880600,true,false
call-000528,arm10_spec_eprocess,cal/f2/s2060001/late_accurate,37,meta-llama/llama-3.2-3b-instruct,sha256:2f0c354cfddc12cba54d26343d44567176e317a0f6c95bfa83ac58cbf4c3272b,det-v1,2,fallback,2102,199,0.002,0.0001707700,true,false
call-000529,arm10_spec_eprocess,cal/f2/s2060001/late_accurate,46,meta-llama/llama-3.2-3b-instruct,sha256:b7e20d4320ed48354e0476743f1907478b3bee2ee3df58a61195a330cee5aa5b,det-v1,1,fallback,2389,252,0.003,0.0002026100,true,false
call-000530,arm10_spec_eprocess,cal/f2/s2060001/late_accurate,46,meta-llama/llama-3.2-3b-instruct,sha256:f2409b2f924142adfc253193800581cd97dce29e2180f748ca8c96cd25ee88c5,det-v1,2,fallback,2459,237,0.002,0.0002011600,true,false
call-000531,arm8_spec_immediate,dev/f2/s2050000/unreliable,28,meta-llama/llama-3.2-3b-instruct,sha256:cab6200a253aee5137236a430a06bfe743735dc6f8698ce20775689e66bbe9b1,det-v1,1,,1699,217,6831.447,0.0001565600,false,true
call-000532,arm8_spec_immediate,dev/f2/s2050000/unreliable,28,meta-llama/llama-3.2-3b-instruct,sha256:cab6200a253aee5137236a430a06bfe743735dc6f8698ce20775689e66bbe9b1,det-v1,1,fallback,1699,217,6831.447,0.0001565600,false,false
call-000533,arm8_spec_immediate,dev/f2/s2050000/unreliable,28,meta-llama/llama-3.2-3b-instruct,sha256:316f003f10a5e239f43a435fa9afa9ebed08225a5c5e8cfd30fb93dcd6a3d211,det-v1,2,,1793,165,1180.999,0.0001441000,false,true
call-000534,arm8_spec_immediate,dev/f2/s2050000/unreliable,28,meta-llama/llama-3.2-3b-instruct,sha256:316f003f10a5e239f43a435fa9afa9ebed08225a5c5e8cfd30fb93dcd6a3d211,det-v1,2,fallback,1793,165,1180.999,0.0001441000,false,false
call-000535,arm8_spec_immediate,dev/f2/s2050000/unreliable,37,meta-llama/llama-3.2-3b-instruct,sha256:ad38b199597c1e264ba00d990bcb319433131501f5a190cd3cdf2a99b64efd01,det-v1,1,,2056,208,1075.783,0.0001714400,false,true
call-000536,arm8_spec_immediate,dev/f2/s2050000/unreliable,37,meta-llama/llama-3.2-3b-instruct,sha256:ad38b199597c1e264ba00d990bcb319433131501f5a190cd3cdf2a99b64efd01,det-v1,1,fallback,2056,208,1075.783,0.0001714400,false,false
call-000537,arm8_spec_immediate,dev/f2/s2050000/unreliable,37,meta-llama/llama-3.2-3b-instruct,sha256:865c9cc0818d0758e13dfc975cc3d4b07f6382b1bb2e8c77b032761f8e49da76,det-v1,2,,2126,216,887.757,0.0001775800,false,true
call-000538,arm8_spec_immediate,dev/f2/s2050000/unreliable,37,meta-llama/llama-3.2-3b-instruct,sha256:865c9cc0818d0758e13dfc975cc3d4b07f6382b1bb2e8c77b032761f8e49da76,det-v1,2,fallback,2126,216,887.757,0.0001775800,false,false
call-000539,arm9_spec_heuristic_rollback,dev/f2/s2050000/unreliable,28,meta-llama/llama-3.2-3b-instruct,sha256:cab6200a253aee5137236a430a06bfe743735dc6f8698ce20775689e66bbe9b1,det-v1,1,fallback,1699,217,0.003,0.0001565600,true,false
call-000540,arm9_spec_heuristic_rollback,dev/f2/s2050000/unreliable,28,meta-llama/llama-3.2-3b-instruct,sha256:316f003f10a5e239f43a435fa9afa9ebed08225a5c5e8cfd30fb93dcd6a3d211,det-v1,2,fallback,1793,165,0.003,0.0001441000,true,false
call-000541,arm9_spec_heuristic_rollback,dev/f2/s2050000/unreliable,37,meta-llama/llama-3.2-3b-instruct,sha256:ad38b199597c1e264ba00d990bcb319433131501f5a190cd3cdf2a99b64efd01,det-v1,1,fallback,2056,208,0.003,0.0001714400,true,false
call-000542,arm9_spec_heuristic_rollback,dev/f2/s2050000/unreliable,37,meta-llama/llama-3.2-3b-instruct,sha256:865c9cc0818d0758e13dfc975cc3d4b07f6382b1bb2e8c77b032761f8e49da76,det-v1,2,fallback,2126,216,0.003,0.0001775800,true,false
call-000543,arm10_spec_eprocess,dev/f2/s2050000/unreliable,28,meta-llama/llama-3.2-3b-instruct,sha256:cab6200a253aee5137236a430a06bfe743735dc6f8698ce20775689e66bbe9b1,det-v1,1,fallback,1699,217,0.004,0.0001565600,true,false
call-000544,arm10_spec_eprocess,dev/f2/s2050000/unreliable,28,meta-llama/llama-3.2-3b-instruct,sha256:316f003f10a5e239f43a435fa9afa9ebed08225a5c5e8cfd30fb93dcd6a3d211,det-v1,2,fallback,1793,165,0.003,0.0001441000,true,false
call-000545,arm10_spec_eprocess,dev/f2/s2050000/unreliable,37,meta-llama/llama-3.2-3b-instruct,sha256:ad38b199597c1e264ba00d990bcb319433131501f5a190cd3cdf2a99b64efd01,det-v1,1,fallback,2056,208,0.003,0.0001714400,true,false
call-000546,arm10_spec_eprocess,dev/f2/s2050000/unreliable,37,meta-llama/llama-3.2-3b-instruct,sha256:865c9cc0818d0758e13dfc975cc3d4b07f6382b1bb2e8c77b032761f8e49da76,det-v1,2,fallback,2126,216,0.002,0.0001775800,true,false
call-000547,arm8_spec_immediate,cal/f2/s2060000/unreliable,22,meta-llama/llama-3.2-3b-instruct,sha256:e85c551425b19304019786fa4d3765c8a6a50ca5309682f96b24bed8f5a14438,det-v1,1,,1501,142,1014.263,0.0001219100,false,true
call-000548,arm8_spec_immediate,cal/f2/s2060000/unreliable,22,meta-llama/llama-3.2-3b-instruct,sha256:e85c551425b19304019786fa4d3765c8a6a50ca5309682f96b24bed8f5a14438,det-v1,1,fallback,1501,142,1014.263,0.0001219100,false,false
call-000549,arm8_spec_immediate,cal/f2/s2060000/unreliable,22,meta-llama/llama-3.2-3b-instruct,sha256:c234c70b44daf798041e7ed78f075d696857f8245b9a1dbf2e088b47778016a2,det-v1,2,,1547,85,2475.063,0.0001054000,false,true
call-000550,arm8_spec_immediate,cal/f2/s2060000/unreliable,22,meta-llama/llama-3.2-3b-instruct,sha256:c234c70b44daf798041e7ed78f075d696857f8245b9a1dbf2e088b47778016a2,det-v1,2,fallback,1547,85,2475.063,0.0001054000,false,false
call-000551,arm8_spec_immediate,cal/f2/s2060000/unreliable,37,meta-llama/llama-3.2-3b-instruct,sha256:87369e8cc8cfd082a7493355acd8b78c577f72df617c99f6f1d65f01e346665d,det-v1,1,,2056,195,881.698,0.0001671500,false,true
call-000552,arm8_spec_immediate,cal/f2/s2060000/unreliable,37,meta-llama/llama-3.2-3b-instruct,sha256:87369e8cc8cfd082a7493355acd8b78c577f72df617c99f6f1d65f01e346665d,det-v1,1,fallback,2056,195,881.698,0.0001671500,false,false
call-000553,arm8_spec_immediate,cal/f2/s2060000/unreliable,37,meta-llama/llama-3.2-3b-instruct,sha256:d0ea191130a83b7362ed76e589bf8d622652ab4f8d3eeaab8f9708f71e644d93,det-v1,2,,2102,199,6090.536,0.0001707700,false,true
call-000554,arm8_spec_immediate,cal/f2/s2060000/unreliable,37,meta-llama/llama-3.2-3b-instruct,sha256:d0ea191130a83b7362ed76e589bf8d622652ab4f8d3eeaab8f9708f71e644d93,det-v1,2,fallback,2102,199,6090.536,0.0001707700,false,false
call-000555,arm9_spec_heuristic_rollback,cal/f2/s2060000/unreliable,22,meta-llama/llama-3.2-3b-instruct,sha256:e85c551425b19304019786fa4d3765c8a6a50ca5309682f96b24bed8f5a14438,det-v1,1,fallback,1501,142,0.004,0.0001219100,true,false
call-000556,arm9_spec_heuristic_rollback,cal/f2/s2060000/unreliable,22,meta-llama/llama-3.2-3b-instruct,sha256:c234c70b44daf798041e7ed78f075d696857f8245b9a1dbf2e088b47778016a2,det-v1,2,fallback,1547,85,0.003,0.0001054000,true,false
call-000557,arm9_spec_heuristic_rollback,cal/f2/s2060000/unreliable,37,meta-llama/llama-3.2-3b-instruct,sha256:87369e8cc8cfd082a7493355acd8b78c577f72df617c99f6f1d65f01e346665d,det-v1,1,fallback,2056,195,0.003,0.0001671500,true,false
call-000558,arm9_spec_heuristic_rollback,cal/f2/s2060000/unreliable,37,meta-llama/llama-3.2-3b-instruct,sha256:d0ea191130a83b7362ed76e589bf8d622652ab4f8d3eeaab8f9708f71e644d93,det-v1,2,fallback,2102,199,0.003,0.0001707700,true,false
call-000559,arm10_spec_eprocess,cal/f2/s2060000/unreliable,22,meta-llama/llama-3.2-3b-instruct,sha256:e85c551425b19304019786fa4d3765c8a6a50ca5309682f96b24bed8f5a14438,det-v1,1,fallback,1501,142,0.003,0.0001219100,true,false
call-000560,arm10_spec_eprocess,cal/f2/s2060000/unreliable,22,meta-llama/llama-3.2-3b-instruct,sha256:c234c70b44daf798041e7ed78f075d696857f8245b9a1dbf2e088b47778016a2,det-v1,2,fallback,1547,85,0.003,0.0001054000,true,false
call-000561,arm10_spec_eprocess,cal/f2/s2060000/unreliable,37,meta-llama/llama-3.2-3b-instruct,sha256:87369e8cc8cfd082a7493355acd8b78c577f72df617c99f6f1d65f01e346665d,det-v1,1,fallback,2056,195,0.003,0.0001671500,true,false
call-000562,arm10_spec_eprocess,cal/f2/s2060000/unreliable,37,meta-llama/llama-3.2-3b-instruct,sha256:d0ea191130a83b7362ed76e589bf8d622652ab4f8d3eeaab8f9708f71e644d93,det-v1,2,fallback,2102,199,0.003,0.0001707700,true,false
call-000563,arm8_spec_immediate,dev/f2/s2050001/unreliable,27,meta-llama/llama-3.2-3b-instruct,sha256:7f8a2b29d807965e6ea1a0006452ede9bd7c15e0ef758802ed427faccc3ca39a,det-v1,1,,1686,167,747.700,0.0001394100,false,true
call-000564,arm8_spec_immediate,dev/f2/s2050001/unreliable,27,meta-llama/llama-3.2-3b-instruct,sha256:7f8a2b29d807965e6ea1a0006452ede9bd7c15e0ef758802ed427faccc3ca39a,det-v1,1,fallback,1686,167,747.700,0.0001394100,false,false
call-000565,arm8_spec_immediate,dev/f2/s2050001/unreliable,27,meta-llama/llama-3.2-3b-instruct,sha256:59a513213b0881f4ff28d7d519b11d18f694a0f1b395fe8480d9b919792d87bd,det-v1,2,,1756,161,642.885,0.0001409300,false,true
call-000566,arm8_spec_immediate,dev/f2/s2050001/unreliable,27,meta-llama/llama-3.2-3b-instruct,sha256:59a513213b0881f4ff28d7d519b11d18f694a0f1b395fe8480d9b919792d87bd,det-v1,2,fallback,1756,161,642.885,0.0001409300,false,false
call-000567,arm8_spec_immediate,dev/f2/s2050001/unreliable,44,meta-llama/llama-3.2-3b-instruct,sha256:b5efc81b0aeed7970fea0dc2bbe2edec5ec322c2a1b3acde985d003cc7c98a12,det-v1,1,,2315,235,894.705,0.0001933000,false,true
call-000568,arm8_spec_immediate,dev/f2/s2050001/unreliable,44,meta-llama/llama-3.2-3b-instruct,sha256:b5efc81b0aeed7970fea0dc2bbe2edec5ec322c2a1b3acde985d003cc7c98a12,det-v1,1,fallback,2315,235,894.705,0.0001933000,false,false
call-000569,arm8_spec_immediate,dev/f2/s2050001/unreliable,44,meta-llama/llama-3.2-3b-instruct,sha256:e4eed13cdc6aa9c2c5b1eb1855340e5db41718fcce4f50be19d58a85775b0e31,det-v1,2,,2385,57,427.596,0.0001380600,false,true
call-000570,arm8_spec_immediate,dev/f2/s2050001/unreliable,44,meta-llama/llama-3.2-3b-instruct,sha256:e4eed13cdc6aa9c2c5b1eb1855340e5db41718fcce4f50be19d58a85775b0e31,det-v1,2,fallback,2385,57,427.596,0.0001380600,false,false
call-000571,arm9_spec_heuristic_rollback,dev/f2/s2050001/unreliable,27,meta-llama/llama-3.2-3b-instruct,sha256:7f8a2b29d807965e6ea1a0006452ede9bd7c15e0ef758802ed427faccc3ca39a,det-v1,1,fallback,1686,167,0.001,0.0001394100,true,false
call-000572,arm9_spec_heuristic_rollback,dev/f2/s2050001/unreliable,27,meta-llama/llama-3.2-3b-instruct,sha256:59a513213b0881f4ff28d7d519b11d18f694a0f1b395fe8480d9b919792d87bd,det-v1,2,fallback,1756,161,0.001,0.0001409300,true,false
call-000573,arm9_spec_heuristic_rollback,dev/f2/s2050001/unreliable,44,meta-llama/llama-3.2-3b-instruct,sha256:b5efc81b0aeed7970fea0dc2bbe2edec5ec322c2a1b3acde985d003cc7c98a12,det-v1,1,fallback,2315,235,0.001,0.0001933000,true,false
call-000574,arm9_spec_heuristic_rollback,dev/f2/s2050001/unreliable,44,meta-llama/llama-3.2-3b-instruct,sha256:e4eed13cdc6aa9c2c5b1eb1855340e5db41718fcce4f50be19d58a85775b0e31,det-v1,2,fallback,2385,57,0.001,0.0001380600,true,false
call-000575,arm10_spec_eprocess,dev/f2/s2050001/unreliable,27,meta-llama/llama-3.2-3b-instruct,sha256:7f8a2b29d807965e6ea1a0006452ede9bd7c15e0ef758802ed427faccc3ca39a,det-v1,1,fallback,1686,167,0.001,0.0001394100,true,false
call-000576,arm10_spec_eprocess,dev/f2/s2050001/unreliable,27,meta-llama/llama-3.2-3b-instruct,sha256:59a513213b0881f4ff28d7d519b11d18f694a0f1b395fe8480d9b919792d87bd,det-v1,2,fallback,1756,161,0.001,0.0001409300,true,false
call-000577,arm10_spec_eprocess,dev/f2/s2050001/unreliable,44,meta-llama/llama-3.2-3b-instruct,sha256:b5efc81b0aeed7970fea0dc2bbe2edec5ec322c2a1b3acde985d003cc7c98a12,det-v1,1,fallback,2315,235,0.001,0.0001933000,true,false
call-000578,arm10_spec_eprocess,dev/f2/s2050001/unreliable,44,meta-llama/llama-3.2-3b-instruct,sha256:e4eed13cdc6aa9c2c5b1eb1855340e5db41718fcce4f50be19d58a85775b0e31,det-v1,2,fallback,2385,57,0.001,0.0001380600,true,false
call-000579,arm8_spec_immediate,cal/f2/s2060001/unreliable,37,meta-llama/llama-3.2-3b-instruct,sha256:5833b18f2ccb89d357b7b17b4f3fbca81959d05153020ce40ed1a9f4bd79ec5f,det-v1,1,,2056,208,1273.993,0.0001714400,false,true
call-000580,arm8_spec_immediate,cal/f2/s2060001/unreliable,37,meta-llama/llama-3.2-3b-instruct,sha256:5833b18f2ccb89d357b7b17b4f3fbca81959d05153020ce40ed1a9f4bd79ec5f,det-v1,1,fallback,2056,208,1273.993,0.0001714400,false,false
call-000581,arm8_spec_immediate,cal/f2/s2060001/unreliable,37,meta-llama/llama-3.2-3b-instruct,sha256:5a00c9a2e9e46e8e7b348fdd583f3d0f3e60ae8190097b20f5ef75135e35dc50,det-v1,2,,2102,199,2237.071,0.0001707700,false,true
call-000582,arm8_spec_immediate,cal/f2/s2060001/unreliable,37,meta-llama/llama-3.2-3b-instruct,sha256:5a00c9a2e9e46e8e7b348fdd583f3d0f3e60ae8190097b20f5ef75135e35dc50,det-v1,2,fallback,2102,199,2237.071,0.0001707700,false,false
call-000583,arm8_spec_immediate,cal/f2/s2060001/unreliable,46,meta-llama/llama-3.2-3b-instruct,sha256:00615398c7f3626ddfff245b5da18381ab95c4c761569ab5d674b5d2b45e2c00,det-v1,1,,2365,320,2732.095,0.0002238500,false,true
call-000584,arm8_spec_immediate,cal/f2/s2060001/unreliable,46,meta-llama/llama-3.2-3b-instruct,sha256:00615398c7f3626ddfff245b5da18381ab95c4c761569ab5d674b5d2b45e2c00,det-v1,1,accepted,2365,320,2732.095,0.0002238500,false,false
call-000585,arm9_spec_heuristic_rollback,cal/f2/s2060001/unreliable,37,meta-llama/llama-3.2-3b-instruct,sha256:5833b18f2ccb89d357b7b17b4f3fbca81959d05153020ce40ed1a9f4bd79ec5f,det-v1,1,fallback,2056,208,0.003,0.0001714400,true,false
call-000586,arm9_spec_heuristic_rollback,cal/f2/s2060001/unreliable,37,meta-llama/llama-3.2-3b-instruct,sha256:5a00c9a2e9e46e8e7b348fdd583f3d0f3e60ae8190097b20f5ef75135e35dc50,det-v1,2,fallback,2102,199,0.003,0.0001707700,true,false
call-000587,arm9_spec_heuristic_rollback,cal/f2/s2060001/unreliable,46,meta-llama/llama-3.2-3b-instruct,sha256:00615398c7f3626ddfff245b5da18381ab95c4c761569ab5d674b5d2b45e2c00,det-v1,1,accepted,2365,320,0.003,0.0002238500,true,false
call-000588,arm10_spec_eprocess,cal/f2/s2060001/unreliable,37,meta-llama/llama-3.2-3b-instruct,sha256:5833b18f2ccb89d357b7b17b4f3fbca81959d05153020ce40ed1a9f4bd79ec5f,det-v1,1,fallback,2056,208,0.003,0.0001714400,true,false
call-000589,arm10_spec_eprocess,cal/f2/s2060001/unreliable,37,meta-llama/llama-3.2-3b-instruct,sha256:5a00c9a2e9e46e8e7b348fdd583f3d0f3e60ae8190097b20f5ef75135e35dc50,det-v1,2,fallback,2102,199,0.002,0.0001707700,true,false
call-000590,arm10_spec_eprocess,cal/f2/s2060001/unreliable,46,meta-llama/llama-3.2-3b-instruct,sha256:00615398c7f3626ddfff245b5da18381ab95c4c761569ab5d674b5d2b45e2c00,det-v1,1,accepted,2365,320,0.002,0.0002238500,true,false
call-000591,arm8_spec_immediate,cal/f3/s3060000/no_alert,15,meta-llama/llama-3.2-3b-instruct,sha256:6a42712e0976ed9fffbd75ef52cf8f122ddfb91b173c73ee631fc8da79bd9744,det-v1,1,,1242,111,523.764,0.0000987300,false,true
call-000592,arm8_spec_immediate,cal/f3/s3060000/no_alert,15,meta-llama/llama-3.2-3b-instruct,sha256:6a42712e0976ed9fffbd75ef52cf8f122ddfb91b173c73ee631fc8da79bd9744,det-v1,1,fallback,1242,111,523.764,0.0000987300,false,false
call-000593,arm8_spec_immediate,cal/f3/s3060000/no_alert,15,meta-llama/llama-3.2-3b-instruct,sha256:dbc7497a068355656eae323727ab9a6d832077ff51bb877eab723632248785ff,det-v1,2,,1312,111,696.581,0.0001022300,false,true
call-000594,arm8_spec_immediate,cal/f3/s3060000/no_alert,15,meta-llama/llama-3.2-3b-instruct,sha256:dbc7497a068355656eae323727ab9a6d832077ff51bb877eab723632248785ff,det-v1,2,fallback,1312,111,696.581,0.0001022300,false,false
call-000595,arm9_spec_heuristic_rollback,cal/f3/s3060000/no_alert,15,meta-llama/llama-3.2-3b-instruct,sha256:6a42712e0976ed9fffbd75ef52cf8f122ddfb91b173c73ee631fc8da79bd9744,det-v1,1,fallback,1242,111,0.003,0.0000987300,true,false
call-000596,arm9_spec_heuristic_rollback,cal/f3/s3060000/no_alert,15,meta-llama/llama-3.2-3b-instruct,sha256:dbc7497a068355656eae323727ab9a6d832077ff51bb877eab723632248785ff,det-v1,2,fallback,1312,111,0.002,0.0001022300,true,false
call-000597,arm10_spec_eprocess,cal/f3/s3060000/no_alert,15,meta-llama/llama-3.2-3b-instruct,sha256:6a42712e0976ed9fffbd75ef52cf8f122ddfb91b173c73ee631fc8da79bd9744,det-v1,1,fallback,1242,111,0.003,0.0000987300,true,false
call-000598,arm10_spec_eprocess,cal/f3/s3060000/no_alert,15,meta-llama/llama-3.2-3b-instruct,sha256:dbc7497a068355656eae323727ab9a6d832077ff51bb877eab723632248785ff,det-v1,2,fallback,1312,111,0.003,0.0001022300,true,false
call-000599,arm8_spec_immediate,cal/f3/s3060001/no_alert,23,meta-llama/llama-3.2-3b-instruct,sha256:739d14a8373c80239a221d6be241b089eaa09fd9152722aa9a2d8008bda72cda,det-v1,1,,1514,205,1946.997,0.0001433500,false,true
call-000600,arm8_spec_immediate,cal/f3/s3060001/no_alert,23,meta-llama/llama-3.2-3b-instruct,sha256:739d14a8373c80239a221d6be241b089eaa09fd9152722aa9a2d8008bda72cda,det-v1,1,fallback,1514,205,1946.997,0.0001433500,false,false
call-000601,arm8_spec_immediate,cal/f3/s3060001/no_alert,23,meta-llama/llama-3.2-3b-instruct,sha256:d4014dea5666c382bd765961a491f4009b1236135662e79de9d30a47d1979dd5,det-v1,2,,1608,137,867.113,0.0001256100,false,true
call-000602,arm8_spec_immediate,cal/f3/s3060001/no_alert,23,meta-llama/llama-3.2-3b-instruct,sha256:d4014dea5666c382bd765961a491f4009b1236135662e79de9d30a47d1979dd5,det-v1,2,fallback,1608,137,867.113,0.0001256100,false,false
call-000603,arm9_spec_heuristic_rollback,cal/f3/s3060001/no_alert,23,meta-llama/llama-3.2-3b-instruct,sha256:739d14a8373c80239a221d6be241b089eaa09fd9152722aa9a2d8008bda72cda,det-v1,1,fallback,1514,205,0.002,0.0001433500,true,false
call-000604,arm9_spec_heuristic_rollback,cal/f3/s3060001/no_alert,23,meta-llama/llama-3.2-3b-instruct,sha256:d4014dea5666c382bd765961a491f4009b1236135662e79de9d30a47d1979dd5,det-v1,2,fallback,1608,137,0.002,0.0001256100,true,false
call-000605,arm10_spec_eprocess,cal/f3/s3060001/no_alert,23,meta-llama/llama-3.2-3b-instruct,sha256:739d14a8373c80239a221d6be241b089eaa09fd9152722aa9a2d8008bda72cda,det-v1,1,fallback,1514,205,0.001,0.0001433500,true,false
call-000606,arm10_spec_eprocess,cal/f3/s3060001/no_alert,23,meta-llama/llama-3.2-3b-instruct,sha256:d4014dea5666c382bd765961a491f4009b1236135662e79de9d30a47d1979dd5,det-v1,2,fallback,1608,137,0.001,0.0001256100,true,false
call-000607,arm8_spec_immediate,dev/f3/s3050000/early_accurate,14,meta-llama/llama-3.2-3b-instruct,sha256:1bdb304fe7f08905931cda53e6aced181fd661ed074bb08ec7447e7f65d9dca6,det-v1,1,,1245,117,612.247,0.0001008600,false,true
call-000608,arm8_spec_immediate,dev/f3/s3050000/early_accurate,14,meta-llama/llama-3.2-3b-instruct,sha256:1bdb304fe7f08905931cda53e6aced181fd661ed074bb08ec7447e7f65d9dca6,det-v1,1,fallback,1245,117,612.247,0.0001008600,false,false
call-000609,arm8_spec_immediate,dev/f3/s3050000/early_accurate,14,meta-llama/llama-3.2-3b-instruct,sha256:1e1c6435b73da225417cc864ad2796e460fc19b6b17ef5b915eca378edf7a96e,det-v1,2,,1315,111,941.119,0.0001023800,false,true
call-000610,arm8_spec_immediate,dev/f3/s3050000/early_accurate,14,meta-llama/llama-3.2-3b-instruct,sha256:1e1c6435b73da225417cc864ad2796e460fc19b6b17ef5b915eca378edf7a96e,det-v1,2,fallback,1315,111,941.119,0.0001023800,false,false
call-000611,arm9_spec_heuristic_rollback,dev/f3/s3050000/early_accurate,14,meta-llama/llama-3.2-3b-instruct,sha256:1bdb304fe7f08905931cda53e6aced181fd661ed074bb08ec7447e7f65d9dca6,det-v1,1,fallback,1245,117,0.003,0.0001008600,true,false
call-000612,arm9_spec_heuristic_rollback,dev/f3/s3050000/early_accurate,14,meta-llama/llama-3.2-3b-instruct,sha256:1e1c6435b73da225417cc864ad2796e460fc19b6b17ef5b915eca378edf7a96e,det-v1,2,fallback,1315,111,0.002,0.0001023800,true,false
call-000613,arm10_spec_eprocess,dev/f3/s3050000/early_accurate,14,meta-llama/llama-3.2-3b-instruct,sha256:1bdb304fe7f08905931cda53e6aced181fd661ed074bb08ec7447e7f65d9dca6,det-v1,1,fallback,1245,117,0.003,0.0001008600,true,false
call-000614,arm10_spec_eprocess,dev/f3/s3050000/early_accurate,14,meta-llama/llama-3.2-3b-instruct,sha256:1e1c6435b73da225417cc864ad2796e460fc19b6b17ef5b915eca378edf7a96e,det-v1,2,fallback,1315,111,0.003,0.0001023800,true,false
call-000615,arm8_spec_immediate,cal/f3/s3060000/early_accurate,13,meta-llama/llama-3.2-3b-instruct,sha256:da27e9e46ceb168d5df95a1577aff1e1114bcd175f141becfa969ab73e2d6558,det-v1,1,,1183,151,1410.290,0.0001089800,false,true
call-000616,arm8_spec_immediate,cal/f3/s3060000/early_accurate,13,meta-llama/llama-3.2-3b-instruct,sha256:da27e9e46ceb168d5df95a1577aff1e1114bcd175f141becfa969ab73e2d6558,det-v1,1,fallback,1183,151,1410.290,0.0001089800,false,false
call-000617,arm8_spec_immediate,cal/f3/s3060000/early_accurate,13,meta-llama/llama-3.2-3b-instruct,sha256:21c95f5294f5faa3f1202e6b715914399273e37c0d2471aa2f8b746d7eef71d4,det-v1,2,,1253,146,1539.502,0.0001108300,false,true
call-000618,arm8_spec_immediate,cal/f3/s3060000/early_accurate,13,meta-llama/llama-3.2-3b-instruct,sha256:21c95f5294f5faa3f1202e6b715914399273e37c0d2471aa2f8b746d7eef71d4,det-v1,2,fallback,1253,146,1539.502,0.0001108300,false,false
call-000619,arm8_spec_immediate,cal/f3/s3060000/early_accurate,19,meta-llama/llama-3.2-3b-instruct,sha256:89f771fb0032814c6e3de3ff672de3b4047415f6477678a7a2f8c328f87038ef,det-v1,1,,1429,124,534.227,0.0001123700,false,true
call-000620,arm8_spec_immediate,cal/f3/s3060000/early_accurate,19,meta-llama/llama-3.2-3b-instruct,sha256:89f771fb0032814c6e3de3ff672de3b4047415f6477678a7a2f8c328f87038ef,det-v1,1,fallback,1429,124,534.227,0.0001123700,false,false
call-000621,arm8_spec_immediate,cal/f3/s3060000/early_accurate,19,meta-llama/llama-3.2-3b-instruct,sha256:99ff0eec374d3bfdffec29968263c94a51fa23f638e50562cd2f09d9aa3a7530,det-v1,2,,1499,134,631.549,0.0001191700,false,true
call-000622,arm8_spec_immediate,cal/f3/s3060000/early_accurate,19,meta-llama/llama-3.2-3b-instruct,sha256:99ff0eec374d3bfdffec29968263c94a51fa23f638e50562cd2f09d9aa3a7530,det-v1,2,fallback,1499,134,631.549,0.0001191700,false,false
call-000623,arm9_spec_heuristic_rollback,cal/f3/s3060000/early_accurate,13,meta-llama/llama-3.2-3b-instruct,sha256:da27e9e46ceb168d5df95a1577aff1e1114bcd175f141becfa969ab73e2d6558,det-v1,1,fallback,1183,151,0.003,0.0001089800,true,false
call-000624,arm9_spec_heuristic_rollback,cal/f3/s3060000/early_accurate,13,meta-llama/llama-3.2-3b-instruct,sha256:21c95f5294f5faa3f1202e6b715914399273e37c0d2471aa2f8b746d7eef71d4,det-v1,2,fallback,1253,146,0.003,0.0001108300,true,false
call-000625,arm9_spec_heuristic_rollback,cal/f3/s3060000/early_accurate,19,meta-llama/llama-3.2-3b-instruct,sha256:89f771fb0032814c6e3de3ff672de3b4047415f6477678a7a2f8c328f87038ef,det-v1,1,fallback,1429,124,0.003,0.0001123700,true,false
call-000626,arm9_spec_heuristic_rollback,cal/f3/s3060000/early_accurate,19,meta-llama/llama-3.2-3b-instruct,sha256:99ff0eec374d3bfdffec29968263c94a51fa23f638e50562cd2f09d9aa3a7530,det-v1,2,fallback,1499,134,0.002,0.0001191700,true,false
call-000627,arm10_spec_eprocess,cal/f3/s3060000/early_accurate,13,meta-llama/llama-3.2-3b-instruct,sha256:da27e9e46ceb168d5df95a1577aff1e1114bcd175f141becfa969ab73e2d6558,det-v1,1,fallback,1183,151,0.003,0.0001089800,true,false
call-000628,arm10_spec_eprocess,cal/f3/s3060000/early_accurate,13,meta-llama/llama-3.2-3b-instruct,sha256:21c95f5294f5faa3f1202e6b715914399273e37c0d2471aa2f8b746d7eef71d4,det-v1,2,fallback,1253,146,0.002,0.0001108300,true,false
call-000629,arm10_spec_eprocess,cal/f3/s3060000/early_accurate,19,meta-llama/llama-3.2-3b-instruct,sha256:89f771fb0032814c6e3de3ff672de3b4047415f6477678a7a2f8c328f87038ef,det-v1,1,fallback,1429,124,0.003,0.0001123700,true,false
call-000630,arm10_spec_eprocess,cal/f3/s3060000/early_accurate,19,meta-llama/llama-3.2-3b-instruct,sha256:99ff0eec374d3bfdffec29968263c94a51fa23f638e50562cd2f09d9aa3a7530,det-v1,2,fallback,1499,134,0.002,0.0001191700,true,false
call-000631,arm8_spec_immediate,dev/f3/s3050001/early_accurate,17,meta-llama/llama-3.2-3b-instruct,sha256:38e63a814adc65b20fb3248810e67d128ce8816b17bc69774193722cc91ced99,det-v1,1,,1354,133,916.216,0.0001115900,false,true
call-000632,arm8_spec_immediate,dev/f3/s3050001/early_accurate,17,meta-llama/llama-3.2-3b-instruct,sha256:38e63a814adc65b20fb3248810e67d128ce8816b17bc69774193722cc91ced99,det-v1,1,fallback,1354,133,916.216,0.0001115900,false,false
call-000633,arm8_spec_immediate,dev/f3/s3050001/early_accurate,17,meta-llama/llama-3.2-3b-instruct,sha256:2654969698e9a35743d511b7a368f1b002f50162aec0eabc794eaeb369a72bfe,det-v1,2,,1400,158,1523.224,0.0001221400,false,true
call-000634,arm8_spec_immediate,dev/f3/s3050001/early_accurate,17,meta-llama/llama-3.2-3b-instruct,sha256:2654969698e9a35743d511b7a368f1b002f50162aec0eabc794eaeb369a72bfe,det-v1,2,fallback,1400,158,1523.224,0.0001221400,false,false
call-000635,arm9_spec_heuristic_rollback,dev/f3/s3050001/early_accurate,17,meta-llama/llama-3.2-3b-instruct,sha256:38e63a814adc65b20fb3248810e67d128ce8816b17bc69774193722cc91ced99,det-v1,1,fallback,1354,133,0.002,0.0001115900,true,false
call-000636,arm9_spec_heuristic_rollback,dev/f3/s3050001/early_accurate,17,meta-llama/llama-3.2-3b-instruct,sha256:2654969698e9a35743d511b7a368f1b002f50162aec0eabc794eaeb369a72bfe,det-v1,2,fallback,1400,158,0.002,0.0001221400,true,false
call-000637,arm10_spec_eprocess,dev/f3/s3050001/early_accurate,17,meta-llama/llama-3.2-3b-instruct,sha256:38e63a814adc65b20fb3248810e67d128ce8816b17bc69774193722cc91ced99,det-v1,1,fallback,1354,133,0.002,0.0001115900,true,false
call-000638,arm10_spec_eprocess,dev/f3/s3050001/early_accurate,17,meta-llama/llama-3.2-3b-instruct,sha256:2654969698e9a35743d511b7a368f1b002f50162aec0eabc794eaeb369a72bfe,det-v1,2,fallback,1400,158,0.002,0.0001221400,true,false
call-000639,arm8_spec_immediate,cal/f3/s3060001/early_accurate,19,meta-llama/llama-3.2-3b-instruct,sha256:ca687c6c535ac18e0aff20628e0dbef55a0bd5e9966066b4486482bb56ec0395,det-v1,1,,1424,138,1050.011,0.0001167400,false,true
call-000640,arm8_spec_immediate,cal/f3/s3060001/early_accurate,19,meta-llama/llama-3.2-3b-instruct,sha256:ca687c6c535ac18e0aff20628e0dbef55a0bd5e9966066b4486482bb56ec0395,det-v1,1,fallback,1424,138,1050.011,0.0001167400,false,false
call-000641,arm8_spec_immediate,cal/f3/s3060001/early_accurate,19,meta-llama/llama-3.2-3b-instruct,sha256:0f4f028042c6b1bf5081cf0654a16d8bb4d53a73d81c34d2cf350a0245fecd0f,det-v1,2,,1494,134,716.993,0.0001189200,false,true
call-000642,arm8_spec_immediate,cal/f3/s3060001/early_accurate,19,meta-llama/llama-3.2-3b-instruct,sha256:0f4f028042c6b1bf5081cf0654a16d8bb4d53a73d81c34d2cf350a0245fecd0f,det-v1,2,fallback,1494,134,716.993,0.0001189200,false,false
call-000643,arm8_spec_immediate,cal/f3/s3060001/early_accurate,25,meta-llama/llama-3.2-3b-instruct,sha256:406c1ee1a66f17f06a63e585e2af6defac29d02e6bf41d2219998af89264c395,det-v1,1,,1622,202,2166.498,0.0001477600,false,true
call-000644,arm8_spec_immediate,cal/f3/s3060001/early_accurate,25,meta-llama/llama-3.2-3b-instruct,sha256:406c1ee1a66f17f06a63e585e2af6defac29d02e6bf41d2219998af89264c395,det-v1,1,fallback,1622,202,2166.498,0.0001477600,false,false
call-000645,arm8_spec_immediate,cal/f3/s3060001/early_accurate,25,meta-llama/llama-3.2-3b-instruct,sha256:3278026ce2d18571c77c65d9bd985820b43df1062ce77675feaedce87a64dff9,det-v1,2,,1716,153,808.971,0.0001362900,false,true
call-000646,arm8_spec_immediate,cal/f3/s3060001/early_accurate,25,meta-llama/llama-3.2-3b-instruct,sha256:3278026ce2d18571c77c65d9bd985820b43df1062ce77675feaedce87a64dff9,det-v1,2,fallback,1716,153,808.971,0.0001362900,false,false
call-000647,arm9_spec_heuristic_rollback,cal/f3/s3060001/early_accurate,19,meta-llama/llama-3.2-3b-instruct,sha256:ca687c6c535ac18e0aff20628e0dbef55a0bd5e9966066b4486482bb56ec0395,det-v1,1,fallback,1424,138,0.003,0.0001167400,true,false
call-000648,arm9_spec_heuristic_rollback,cal/f3/s3060001/early_accurate,19,meta-llama/llama-3.2-3b-instruct,sha256:0f4f028042c6b1bf5081cf0654a16d8bb4d53a73d81c34d2cf350a0245fecd0f,det-v1,2,fallback,1494,134,0.003,0.0001189200,true,false
call-000649,arm9_spec_heuristic_rollback,cal/f3/s3060001/early_accurate,25,meta-llama/llama-3.2-3b-instruct,sha256:406c1ee1a66f17f06a63e585e2af6defac29d02e6bf41d2219998af89264c395,det-v1,1,fallback,1622,202,0.003,0.0001477600,true,false
call-000650,arm9_spec_heuristic_rollback,cal/f3/s3060001/early_accurate,25,meta-llama/llama-3.2-3b-instruct,sha256:3278026ce2d18571c77c65d9bd985820b43df1062ce77675feaedce87a64dff9,det-v1,2,fallback,1716,153,0.003,0.0001362900,true,false
call-000651,arm10_spec_eprocess,cal/f3/s3060001/early_accurate,19,meta-llama/llama-3.2-3b-instruct,sha256:ca687c6c535ac18e0aff20628e0dbef55a0bd5e9966066b4486482bb56ec0395,det-v1,1,fallback,1424,138,0.003,0.0001167400,true,false
call-000652,arm10_spec_eprocess,cal/f3/s3060001/early_accurate,19,meta-llama/llama-3.2-3b-instruct,sha256:0f4f028042c6b1bf5081cf0654a16d8bb4d53a73d81c34d2cf350a0245fecd0f,det-v1,2,fallback,1494,134,0.002,0.0001189200,true,false
call-000653,arm10_spec_eprocess,cal/f3/s3060001/early_accurate,25,meta-llama/llama-3.2-3b-instruct,sha256:406c1ee1a66f17f06a63e585e2af6defac29d02e6bf41d2219998af89264c395,det-v1,1,fallback,1622,202,0.002,0.0001477600,true,false
call-000654,arm10_spec_eprocess,cal/f3/s3060001/early_accurate,25,meta-llama/llama-3.2-3b-instruct,sha256:3278026ce2d18571c77c65d9bd985820b43df1062ce77675feaedce87a64dff9,det-v1,2,fallback,1716,153,0.002,0.0001362900,true,false
call-000655,arm8_spec_immediate,dev/f3/s3050000/late_accurate,17,meta-llama/llama-3.2-3b-instruct,sha256:488993f2d9d21f5acf64ef59414dc326304932faf3070cdc6a11cdfa5cc27503,det-v1,1,,1356,118,720.716,0.0001067400,false,true
call-000656,arm8_spec_immediate,dev/f3/s3050000/late_accurate,17,meta-llama/llama-3.2-3b-instruct,sha256:488993f2d9d21f5acf64ef59414dc326304932faf3070cdc6a11cdfa5cc27503,det-v1,1,fallback,1356,118,720.716,0.0001067400,false,false
call-000657,arm8_spec_immediate,dev/f3/s3050000/late_accurate,17,meta-llama/llama-3.2-3b-instruct,sha256:230b261d44cff5bb2c581b9cd29633f2514ca948c04823e6fe3ed57848a6a21f,det-v1,2,,1402,166,2755.171,0.0001248800,false,true
call-000658,arm8_spec_immediate,dev/f3/s3050000/late_accurate,17,meta-llama/llama-3.2-3b-instruct,sha256:230b261d44cff5bb2c581b9cd29633f2514ca948c04823e6fe3ed57848a6a21f,det-v1,2,fallback,1402,166,2755.171,0.0001248800,false,false
call-000659,arm9_spec_heuristic_rollback,dev/f3/s3050000/late_accurate,17,meta-llama/llama-3.2-3b-instruct,sha256:488993f2d9d21f5acf64ef59414dc326304932faf3070cdc6a11cdfa5cc27503,det-v1,1,fallback,1356,118,0.004,0.0001067400,true,false
call-000660,arm9_spec_heuristic_rollback,dev/f3/s3050000/late_accurate,17,meta-llama/llama-3.2-3b-instruct,sha256:230b261d44cff5bb2c581b9cd29633f2514ca948c04823e6fe3ed57848a6a21f,det-v1,2,fallback,1402,166,0.003,0.0001248800,true,false
call-000661,arm10_spec_eprocess,dev/f3/s3050000/late_accurate,17,meta-llama/llama-3.2-3b-instruct,sha256:488993f2d9d21f5acf64ef59414dc326304932faf3070cdc6a11cdfa5cc27503,det-v1,1,fallback,1356,118,0.003,0.0001067400,true,false
call-000662,arm10_spec_eprocess,dev/f3/s3050000/late_accurate,17,meta-llama/llama-3.2-3b-instruct,sha256:230b261d44cff5bb2c581b9cd29633f2514ca948c04823e6fe3ed57848a6a21f,det-v1,2,fallback,1402,166,0.002,0.0001248800,true,false
call-000663,arm8_spec_immediate,cal/f3/s3060000/late_accurate,15,meta-llama/llama-3.2-3b-instruct,sha256:5f1935f11cb6803d4c355a4efea7f67f4f9e850bd1f9b1b10714ac59426da570,det-v1,1,,1242,111,646.202,0.0000987300,false,true
call-000664,arm8_spec_immediate,cal/f3/s3060000/late_accurate,15,meta-llama/llama-3.2-3b-instruct,sha256:5f1935f11cb6803d4c355a4efea7f67f4f9e850bd1f9b1b10714ac59426da570,det-v1,1,fallback,1242,111,646.202,0.0000987300,false,false
call-000665,arm8_spec_immediate,cal/f3/s3060000/late_accurate,15,meta-llama/llama-3.2-3b-instruct,sha256:3ff17e89c75e9763765af80601708b9549d95c6dca3263a7e17c514813a1fb77,det-v1,2,,1288,151,1400.416,0.0001142300,false,true
call-000666,arm8_spec_immediate,cal/f3/s3060000/late_accurate,15,meta-llama/llama-3.2-3b-instruct,sha256:3ff17e89c75e9763765af80601708b9549d95c6dca3263a7e17c514813a1fb77,det-v1,2,fallback,1288,151,1400.416,0.0001142300,false,false
call-000667,arm9_spec_heuristic_rollback,cal/f3/s3060000/late_accurate,15,meta-llama/llama-3.2-3b-instruct,sha256:5f1935f11cb6803d4c355a4efea7f67f4f9e850bd1f9b1b10714ac59426da570,det-v1,1,fallback,1242,111,0.003,0.0000987300,true,false
call-000668,arm9_spec_heuristic_rollback,cal/f3/s3060000/late_accurate,15,meta-llama/llama-3.2-3b-instruct,sha256:3ff17e89c75e9763765af80601708b9549d95c6dca3263a7e17c514813a1fb77,det-v1,2,fallback,1288,151,0.003,0.0001142300,true,false
call-000669,arm10_spec_eprocess,cal/f3/s3060000/late_accurate,15,meta-llama/llama-3.2-3b-instruct,sha256:5f1935f11cb6803d4c355a4efea7f67f4f9e850bd1f9b1b10714ac59426da570,det-v1,1,fallback,1242,111,0.003,0.0000987300,true,false
call-000670,arm10_spec_eprocess,cal/f3/s3060000/late_accurate,15,meta-llama/llama-3.2-3b-instruct,sha256:3ff17e89c75e9763765af80601708b9549d95c6dca3263a7e17c514813a1fb77,det-v1,2,fallback,1288,151,0.002,0.0001142300,true,false
call-000671,arm8_spec_immediate,dev/f3/s3050001/late_accurate,20,meta-llama/llama-3.2-3b-instruct,sha256:ea3cd53c226a744f50dd9fcb457b4b7751b642910eed5780ba12ac33c3235543,det-v1,1,,1465,132,814.120,0.0001168100,false,true
call-000672,arm8_spec_immediate,dev/f3/s3050001/late_accurate,20,meta-llama/llama-3.2-3b-instruct,sha256:ea3cd53c226a744f50dd9fcb457b4b7751b642910eed5780ba12ac33c3235543,det-v1,1,fallback,1465,132,814.120,0.0001168100,false,false
call-000673,arm8_spec_immediate,dev/f3/s3050001/late_accurate,20,meta-llama/llama-3.2-3b-instruct,sha256:e0a2c5c43198627364785223ed58e0387df7230f5b5bc9bd68c4e4ce6da4c37a,det-v1,2,,1511,189,1574.559,0.0001379200,false,true
call-000674,arm8_spec_immediate,dev/f3/s3050001/late_accurate,20,meta-llama/llama-3.2-3b-instruct,sha256:e0a2c5c43198627364785223ed58e0387df7230f5b5bc9bd68c4e4ce6da4c37a,det-v1,2,fallback,1511,189,1574.559,0.0001379200,false,false
call-000675,arm9_spec_heuristic_rollback,dev/f3/s3050001/late_accurate,20,meta-llama/llama-3.2-3b-instruct,sha256:ea3cd53c226a744f50dd9fcb457b4b7751b642910eed5780ba12ac33c3235543,det-v1,1,fallback,1465,132,0.002,0.0001168100,true,false
call-000676,arm9_spec_heuristic_rollback,dev/f3/s3050001/late_accurate,20,meta-llama/llama-3.2-3b-instruct,sha256:e0a2c5c43198627364785223ed58e0387df7230f5b5bc9bd68c4e4ce6da4c37a,det-v1,2,fallback,1511,189,0.001,0.0001379200,true,false
call-000677,arm10_spec_eprocess,dev/f3/s3050001/late_accurate,20,meta-llama/llama-3.2-3b-instruct,sha256:ea3cd53c226a744f50dd9fcb457b4b7751b642910eed5780ba12ac33c3235543,det-v1,1,fallback,1465,132,0.001,0.0001168100,true,false
call-000678,arm10_spec_eprocess,dev/f3/s3050001/late_accurate,20,meta-llama/llama-3.2-3b-instruct,sha256:e0a2c5c43198627364785223ed58e0387df7230f5b5bc9bd68c4e4ce6da4c37a,det-v1,2,fallback,1511,189,0.001,0.0001379200,true,false
call-000679,arm8_spec_immediate,cal/f3/s3060001/late_accurate,22,meta-llama/llama-3.2-3b-instruct,sha256:79b50848714cf22608703c85dea5245022e9ae25f1dbaf06ff37984868bb0bba,det-v1,1,,1535,137,611.361,0.0001219600,false,true
call-000680,arm8_spec_immediate,cal/f3/s3060001/late_accurate,22,meta-llama/llama-3.2-3b-instruct,sha256:79b50848714cf22608703c85dea5245022e9ae25f1dbaf06ff37984868bb0bba,det-v1,1,fallback,1535,137,611.361,0.0001219600,false,false
call-000681,arm8_spec_immediate,cal/f3/s3060001/late_accurate,22,meta-llama/llama-3.2-3b-instruct,sha256:3d188f8cce215e6716420b8dc124f6843e661107a441531f0cab69361a73d09d,det-v1,2,,1581,199,1742.752,0.0001447200,false,true
call-000682,arm8_spec_immediate,cal/f3/s3060001/late_accurate,22,meta-llama/llama-3.2-3b-instruct,sha256:3d188f8cce215e6716420b8dc124f6843e661107a441531f0cab69361a73d09d,det-v1,2,fallback,1581,199,1742.752,0.0001447200,false,false
call-000683,arm9_spec_heuristic_rollback,cal/f3/s3060001/late_accurate,22,meta-llama/llama-3.2-3b-instruct,sha256:79b50848714cf22608703c85dea5245022e9ae25f1dbaf06ff37984868bb0bba,det-v1,1,fallback,1535,137,0.002,0.0001219600,true,false
call-000684,arm9_spec_heuristic_rollback,cal/f3/s3060001/late_accurate,22,meta-llama/llama-3.2-3b-instruct,sha256:3d188f8cce215e6716420b8dc124f6843e661107a441531f0cab69361a73d09d,det-v1,2,fallback,1581,199,0.001,0.0001447200,true,false
call-000685,arm10_spec_eprocess,cal/f3/s3060001/late_accurate,22,meta-llama/llama-3.2-3b-instruct,sha256:79b50848714cf22608703c85dea5245022e9ae25f1dbaf06ff37984868bb0bba,det-v1,1,fallback,1535,137,0.002,0.0001219600,true,false
call-000686,arm10_spec_eprocess,cal/f3/s3060001/late_accurate,22,meta-llama/llama-3.2-3b-instruct,sha256:3d188f8cce215e6716420b8dc124f6843e661107a441531f0cab69361a73d09d,det-v1,2,fallback,1581,199,0.001,0.0001447200,true,false
call-000687,arm8_spec_immediate,dev/f3/s3050000/unreliable,14,meta-llama/llama-3.2-3b-instruct,sha256:5ac33b11c5d1b24a69a310176ab3fb103dfaf038a120e01a90bb2f0e6c304fb2,det-v1,1,,1241,117,503.776,0.0001006600,false,true
call-000688,arm8_spec_immediate,dev/f3/s3050000/unreliable,14,meta-llama/llama-3.2-3b-instruct,sha256:5ac33b11c5d1b24a69a310176ab3fb103dfaf038a120e01a90bb2f0e6c304fb2,det-v1,1,fallback,1241,117,503.776,0.0001006600,false,false
call-000689,arm8_spec_immediate,dev/f3/s3050000/unreliable,14,meta-llama/llama-3.2-3b-instruct,sha256:84613173410b12daa7ca613b61318f48841053249fa1cf6409ed401245a874ae,det-v1,2,,1287,151,1456.687,0.0001141800,false,true
call-000690,arm8_spec_immediate,dev/f3/s3050000/unreliable,14,meta-llama/llama-3.2-3b-instruct,sha256:84613173410b12daa7ca613b61318f48841053249fa1cf6409ed401245a874ae,det-v1,2,fallback,1287,151,1456.687,0.0001141800,false,false
call-000691,arm9_spec_heuristic_rollback,dev/f3/s3050000/unreliable,14,meta-llama/llama-3.2-3b-instruct,sha256:5ac33b11c5d1b24a69a310176ab3fb103dfaf038a120e01a90bb2f0e6c304fb2,det-v1,1,fallback,1241,117,0.002,0.0001006600,true,false
call-000692,arm9_spec_heuristic_rollback,dev/f3/s3050000/unreliable,14,meta-llama/llama-3.2-3b-instruct,sha256:84613173410b12daa7ca613b61318f48841053249fa1cf6409ed401245a874ae,det-v1,2,fallback,1287,151,0.001,0.0001141800,true,false
call-000693,arm10_spec_eprocess,dev/f3/s3050000/unreliable,14,meta-llama/llama-3.2-3b-instruct,sha256:5ac33b11c5d1b24a69a310176ab3fb103dfaf038a120e01a90bb2f0e6c304fb2,det-v1,1,fallback,1241,117,0.001,0.0001006600,true,false
call-000694,arm10_spec_eprocess,dev/f3/s3050000/unreliable,14,meta-llama/llama-3.2-3b-instruct,sha256:84613173410b12daa7ca613b61318f48841053249fa1cf6409ed401245a874ae,det-v1,2,fallback,1287,151,0.001,0.0001141800,true,false
call-000695,arm8_spec_immediate,cal/f3/s3060000/unreliable,13,meta-llama/llama-3.2-3b-instruct,sha256:67d1e117bbfd9ef6629f0e7dc72584c6cf12405ea4d253c061d4bb5190f2a227,det-v1,1,,1188,151,1416.424,0.0001092300,false,true
call-000696,arm8_spec_immediate,cal/f3/s3060000/unreliable,13,meta-llama/llama-3.2-3b-instruct,sha256:67d1e117bbfd9ef6629f0e7dc72584c6cf12405ea4d253c061d4bb5190f2a227,det-v1,1,fallback,1188,151,1416.424,0.0001092300,false,false
call-000697,arm8_spec_immediate,cal/f3/s3060000/unreliable,13,meta-llama/llama-3.2-3b-instruct,sha256:f4679423dccb8f68570d4c988b0833f1386bee9658c59874cdfae46403dccc3b,det-v1,2,,1282,107,810.204,0.0000994100,false,true
call-000698,arm8_spec_immediate,cal/f3/s3060000/unreliable,13,meta-llama/llama-3.2-3b-instruct,sha256:f4679423dccb8f68570d4c988b0833f1386bee9658c59874cdfae46403dccc3b,det-v1,2,fallback,1282,107,810.204,0.0000994100,false,false
call-000699,arm8_spec_immediate,cal/f3/s3060000/unreliable,19,meta-llama/llama-3.2-3b-instruct,sha256:0cfd559c91c4db34f1b02ff80c9191f01e076ee8f419d294d7ad2747ceafd791,det-v1,1,,1410,185,1652.283,0.0001315500,false,true
call-000700,arm8_spec_immediate,cal/f3/s3060000/unreliable,19,meta-llama/llama-3.2-3b-instruct,sha256:0cfd559c91c4db34f1b02ff80c9191f01e076ee8f419d294d7ad2747ceafd791,det-v1,1,fallback,1410,185,1652.283,0.0001315500,false,false
call-000701,arm8_spec_immediate,cal/f3/s3060000/unreliable,19,meta-llama/llama-3.2-3b-instruct,sha256:7f6d5c85d2c82dd633b318b7847399632ab77a87da008f1efc0e1500a5b7677b,det-v1,2,,1504,134,764.917,0.0001194200,false,true
call-000702,arm8_spec_immediate,cal/f3/s3060000/unreliable,19,meta-llama/llama-3.2-3b-instruct,sha256:7f6d5c85d2c82dd633b318b7847399632ab77a87da008f1efc0e1500a5b7677b,det-v1,2,fallback,1504,134,764.917,0.0001194200,false,false
call-000703,arm9_spec_heuristic_rollback,cal/f3/s3060000/unreliable,13,meta-llama/llama-3.2-3b-instruct,sha256:67d1e117bbfd9ef6629f0e7dc72584c6cf12405ea4d253c061d4bb5190f2a227,det-v1,1,fallback,1188,151,0.004,0.0001092300,true,false
call-000704,arm9_spec_heuristic_rollback,cal/f3/s3060000/unreliable,13,meta-llama/llama-3.2-3b-instruct,sha256:f4679423dccb8f68570d4c988b0833f1386bee9658c59874cdfae46403dccc3b,det-v1,2,fallback,1282,107,0.003,0.0000994100,true,false
call-000705,arm9_spec_heuristic_rollback,cal/f3/s3060000/unreliable,19,meta-llama/llama-3.2-3b-instruct,sha256:0cfd559c91c4db34f1b02ff80c9191f01e076ee8f419d294d7ad2747ceafd791,det-v1,1,fallback,1410,185,0.003,0.0001315500,true,false
call-000706,arm9_spec_heuristic_rollback,cal/f3/s3060000/unreliable,19,meta-llama/llama-3.2-3b-instruct,sha256:7f6d5c85d2c82dd633b318b7847399632ab77a87da008f1efc0e1500a5b7677b,det-v1,2,fallback,1504,134,0.003,0.0001194200,true,false
call-000707,arm10_spec_eprocess,cal/f3/s3060000/unreliable,13,meta-llama/llama-3.2-3b-instruct,sha256:67d1e117bbfd9ef6629f0e7dc72584c6cf12405ea4d253c061d4bb5190f2a227,det-v1,1,fallback,1188,151,0.003,0.0001092300,true,false
call-000708,arm10_spec_eprocess,cal/f3/s3060000/unreliable,13,meta-llama/llama-3.2-3b-instruct,sha256:f4679423dccb8f68570d4c988b0833f1386bee9658c59874cdfae46403dccc3b,det-v1,2,fallback,1282,107,0.003,0.0000994100,true,false
call-000709,arm10_spec_eprocess,cal/f3/s3060000/unreliable,19,meta-llama/llama-3.2-3b-instruct,sha256:0cfd559c91c4db34f1b02ff80c9191f01e076ee8f419d294d7ad2747ceafd791,det-v1,1,fallback,1410,185,0.003,0.0001315500,true,false
call-000710,arm10_spec_eprocess,cal/f3/s3060000/unreliable,19,meta-llama/llama-3.2-3b-instruct,sha256:7f6d5c85d2c82dd633b318b7847399632ab77a87da008f1efc0e1500a5b7677b,det-v1,2,fallback,1504,134,0.002,0.0001194200,true,false
call-000711,arm8_spec_immediate,dev/f3/s3050001/unreliable,17,meta-llama/llama-3.2-3b-instruct,sha256:49cb0f0b241e04abba7eaf648b6c307e63de43b5c58d43eecb66cbdd72fdaf9b,det-v1,1,,1343,125,582.442,0.0001084000,false,true
call-000712,arm8_spec_immediate,dev/f3/s3050001/unreliable,17,meta-llama/llama-3.2-3b-instruct,sha256:49cb0f0b241e04abba7eaf648b6c307e63de43b5c58d43eecb66cbdd72fdaf9b,det-v1,1,fallback,1343,125,582.442,0.0001084000,false,false
call-000713,arm8_spec_immediate,dev/f3/s3050001/unreliable,17,meta-llama/llama-3.2-3b-instruct,sha256:12a5658cb0189489246f2c0de571ff222644c291916c370cc90c43b4bb0ef6d0,det-v1,2,,1413,123,942.908,0.0001112400,false,true
call-000714,arm8_spec_immediate,dev/f3/s3050001/unreliable,17,meta-llama/llama-3.2-3b-instruct,sha256:12a5658cb0189489246f2c0de571ff222644c291916c370cc90c43b4bb0ef6d0,det-v1,2,fallback,1413,123,942.908,0.0001112400,false,false
call-000715,arm9_spec_heuristic_rollback,dev/f3/s3050001/unreliable,17,meta-llama/llama-3.2-3b-instruct,sha256:49cb0f0b241e04abba7eaf648b6c307e63de43b5c58d43eecb66cbdd72fdaf9b,det-v1,1,fallback,1343,125,0.003,0.0001084000,true,false
call-000716,arm9_spec_heuristic_rollback,dev/f3/s3050001/unreliable,17,meta-llama/llama-3.2-3b-instruct,sha256:12a5658cb0189489246f2c0de571ff222644c291916c370cc90c43b4bb0ef6d0,det-v1,2,fallback,1413,123,0.001,0.0001112400,true,false
call-000717,arm10_spec_eprocess,dev/f3/s3050001/unreliable,17,meta-llama/llama-3.2-3b-instruct,sha256:49cb0f0b241e04abba7eaf648b6c307e63de43b5c58d43eecb66cbdd72fdaf9b,det-v1,1,fallback,1343,125,0.002,0.0001084000,true,false
call-000718,arm10_spec_eprocess,dev/f3/s3050001/unreliable,17,meta-llama/llama-3.2-3b-instruct,sha256:12a5658cb0189489246f2c0de571ff222644c291916c370cc90c43b4bb0ef6d0,det-v1,2,fallback,1413,123,0.001,0.0001112400,true,false
call-000719,arm8_spec_immediate,cal/f3/s3060001/unreliable,19,meta-llama/llama-3.2-3b-instruct,sha256:a788b488a4104456c007331975f93034ec699a3d780e727cee22f3a7e613d3ac,det-v1,1,,1435,138,637.312,0.0001172900,false,true
call-000720,arm8_spec_immediate,cal/f3/s3060001/unreliable,19,meta-llama/llama-3.2-3b-instruct,sha256:a788b488a4104456c007331975f93034ec699a3d780e727cee22f3a7e613d3ac,det-v1,1,fallback,1435,138,637.312,0.0001172900,false,false
call-000721,arm8_spec_immediate,cal/f3/s3060001/unreliable,19,meta-llama/llama-3.2-3b-instruct,sha256:1b84223b3350a1bda006e36a6b41e28200652b7bbfcff3592cd65f1fc5a5ba23,det-v1,2,,1481,184,1582.445,0.0001347700,false,true
call-000722,arm8_spec_immediate,cal/f3/s3060001/unreliable,19,meta-llama/llama-3.2-3b-instruct,sha256:1b84223b3350a1bda006e36a6b41e28200652b7bbfcff3592cd65f1fc5a5ba23,det-v1,2,fallback,1481,184,1582.445,0.0001347700,false,false
call-000723,arm8_spec_immediate,cal/f3/s3060001/unreliable,25,meta-llama/llama-3.2-3b-instruct,sha256:dc75b48b9611f94af110805ce0ab61dbcf8add5fb3b9be70b4501682e01088b9,det-v1,1,,1657,160,957.029,0.0001356500,false,true
call-000724,arm8_spec_immediate,cal/f3/s3060001/unreliable,25,meta-llama/llama-3.2-3b-instruct,sha256:dc75b48b9611f94af110805ce0ab61dbcf8add5fb3b9be70b4501682e01088b9,det-v1,1,fallback,1657,160,957.029,0.0001356500,false,false
call-000725,arm8_spec_immediate,cal/f3/s3060001/unreliable,25,meta-llama/llama-3.2-3b-instruct,sha256:ceb55b4416b28924d34a9cb41c6c701d238d61d38d34d8f637d2eb3bd804df98,det-v1,2,,1727,151,713.388,0.0001361800,false,true
call-000726,arm8_spec_immediate,cal/f3/s3060001/unreliable,25,meta-llama/llama-3.2-3b-instruct,sha256:ceb55b4416b28924d34a9cb41c6c701d238d61d38d34d8f637d2eb3bd804df98,det-v1,2,fallback,1727,151,713.388,0.0001361800,false,false
call-000727,arm9_spec_heuristic_rollback,cal/f3/s3060001/unreliable,19,meta-llama/llama-3.2-3b-instruct,sha256:a788b488a4104456c007331975f93034ec699a3d780e727cee22f3a7e613d3ac,det-v1,1,fallback,1435,138,0.002,0.0001172900,true,false
call-000728,arm9_spec_heuristic_rollback,cal/f3/s3060001/unreliable,19,meta-llama/llama-3.2-3b-instruct,sha256:1b84223b3350a1bda006e36a6b41e28200652b7bbfcff3592cd65f1fc5a5ba23,det-v1,2,fallback,1481,184,0.001,0.0001347700,true,false
call-000729,arm9_spec_heuristic_rollback,cal/f3/s3060001/unreliable,25,meta-llama/llama-3.2-3b-instruct,sha256:dc75b48b9611f94af110805ce0ab61dbcf8add5fb3b9be70b4501682e01088b9,det-v1,1,fallback,1657,160,0.002,0.0001356500,true,false
call-000730,arm9_spec_heuristic_rollback,cal/f3/s3060001/unreliable,25,meta-llama/llama-3.2-3b-instruct,sha256:ceb55b4416b28924d34a9cb41c6c701d238d61d38d34d8f637d2eb3bd804df98,det-v1,2,fallback,1727,151,0.001,0.0001361800,true,false
call-000731,arm10_spec_eprocess,cal/f3/s3060001/unreliable,19,meta-llama/llama-3.2-3b-instruct,sha256:a788b488a4104456c007331975f93034ec699a3d780e727cee22f3a7e613d3ac,det-v1,1,fallback,1435,138,0.002,0.0001172900,true,false
call-000732,arm10_spec_eprocess,cal/f3/s3060001/unreliable,19,meta-llama/llama-3.2-3b-instruct,sha256:1b84223b3350a1bda006e36a6b41e28200652b7bbfcff3592cd65f1fc5a5ba23,det-v1,2,fallback,1481,184,0.001,0.0001347700,true,false
call-000733,arm10_spec_eprocess,cal/f3/s3060001/unreliable,25,meta-llama/llama-3.2-3b-instruct,sha256:dc75b48b9611f94af110805ce0ab61dbcf8add5fb3b9be70b4501682e01088b9,det-v1,1,fallback,1657,160,0.002,0.0001356500,true,false
call-000734,arm10_spec_eprocess,cal/f3/s3060001/unreliable,25,meta-llama/llama-3.2-3b-instruct,sha256:ceb55b4416b28924d34a9cb41c6c701d238d61d38d34d8f637d2eb3bd804df98,det-v1,2,fallback,1727,151,0.001,0.0001361800,true,false
call-000735,arm8_spec_immediate,dev/f4/s4050000/early_accurate,19,meta-llama/llama-3.2-3b-instruct,sha256:d4b755bcd45e9a30d1c3ed57c26a9e73e55833cdae6155fa096f6728a6f5c63d,det-v1,1,,1426,138,639.072,0.0001168400,false,true
call-000736,arm8_spec_immediate,dev/f4/s4050000/early_accurate,19,meta-llama/llama-3.2-3b-instruct,sha256:d4b755bcd45e9a30d1c3ed57c26a9e73e55833cdae6155fa096f6728a6f5c63d,det-v1,1,fallback,1426,138,639.072,0.0001168400,false,false
call-000737,arm8_spec_immediate,dev/f4/s4050000/early_accurate,19,meta-llama/llama-3.2-3b-instruct,sha256:aff7924bf5075080830fd5bedc84bbd96c5dc871a4fdb64e59dc429d84104cda,det-v1,2,,1496,134,839.995,0.0001190200,false,true
call-000738,arm8_spec_immediate,dev/f4/s4050000/early_accurate,19,meta-llama/llama-3.2-3b-instruct,sha256:aff7924bf5075080830fd5bedc84bbd96c5dc871a4fdb64e59dc429d84104cda,det-v1,2,fallback,1496,134,839.995,0.0001190200,false,false
call-000739,arm9_spec_heuristic_rollback,dev/f4/s4050000/early_accurate,19,meta-llama/llama-3.2-3b-instruct,sha256:d4b755bcd45e9a30d1c3ed57c26a9e73e55833cdae6155fa096f6728a6f5c63d,det-v1,1,fallback,1426,138,0.002,0.0001168400,true,false
call-000740,arm9_spec_heuristic_rollback,dev/f4/s4050000/early_accurate,19,meta-llama/llama-3.2-3b-instruct,sha256:aff7924bf5075080830fd5bedc84bbd96c5dc871a4fdb64e59dc429d84104cda,det-v1,2,fallback,1496,134,0.001,0.0001190200,true,false
call-000741,arm10_spec_eprocess,dev/f4/s4050000/early_accurate,19,meta-llama/llama-3.2-3b-instruct,sha256:d4b755bcd45e9a30d1c3ed57c26a9e73e55833cdae6155fa096f6728a6f5c63d,det-v1,1,fallback,1426,138,0.001,0.0001168400,true,false
call-000742,arm10_spec_eprocess,dev/f4/s4050000/early_accurate,19,meta-llama/llama-3.2-3b-instruct,sha256:aff7924bf5075080830fd5bedc84bbd96c5dc871a4fdb64e59dc429d84104cda,det-v1,2,fallback,1496,134,0.001,0.0001190200,true,false
call-000743,arm8_spec_immediate,cal/f4/s4060000/early_accurate,15,meta-llama/llama-3.2-3b-instruct,sha256:9bb6f71141677aa635ce6c6cd50134952eccfc56751e09f8d7cf9d0c2c621744,det-v1,1,,1276,115,543.211,0.0001017500,false,true
call-000744,arm8_spec_immediate,cal/f4/s4060000/early_accurate,15,meta-llama/llama-3.2-3b-instruct,sha256:9bb6f71141677aa635ce6c6cd50134952eccfc56751e09f8d7cf9d0c2c621744,det-v1,1,fallback,1276,115,543.211,0.0001017500,false,false
call-000745,arm8_spec_immediate,cal/f4/s4060000/early_accurate,15,meta-llama/llama-3.2-3b-instruct,sha256:f827893d2ae9b36cb57630e80bab838cd6fa1ce1036ea24f0785594c95f4370d,det-v1,2,,1346,115,526.441,0.0001052500,false,true
call-000746,arm8_spec_immediate,cal/f4/s4060000/early_accurate,15,meta-llama/llama-3.2-3b-instruct,sha256:f827893d2ae9b36cb57630e80bab838cd6fa1ce1036ea24f0785594c95f4370d,det-v1,2,fallback,1346,115,526.441,0.0001052500,false,false
call-000747,arm9_spec_heuristic_rollback,cal/f4/s4060000/early_accurate,15,meta-llama/llama-3.2-3b-instruct,sha256:9bb6f71141677aa635ce6c6cd50134952eccfc56751e09f8d7cf9d0c2c621744,det-v1,1,fallback,1276,115,0.003,0.0001017500,true,false
call-000748,arm9_spec_heuristic_rollback,cal/f4/s4060000/early_accurate,15,meta-llama/llama-3.2-3b-instruct,sha256:f827893d2ae9b36cb57630e80bab838cd6fa1ce1036ea24f0785594c95f4370d,det-v1,2,fallback,1346,115,0.002,0.0001052500,true,false
call-000749,arm10_spec_eprocess,cal/f4/s4060000/early_accurate,15,meta-llama/llama-3.2-3b-instruct,sha256:9bb6f71141677aa635ce6c6cd50134952eccfc56751e09f8d7cf9d0c2c621744,det-v1,1,fallback,1276,115,0.002,0.0001017500,true,false
call-000750,arm10_spec_eprocess,cal/f4/s4060000/early_accurate,15,meta-llama/llama-3.2-3b-instruct,sha256:f827893d2ae9b36cb57630e80bab838cd6fa1ce1036ea24f0785594c95f4370d,det-v1,2,fallback,1346,115,0.001,0.0001052500,true,false
call-000751,arm8_spec_immediate,dev/f4/s4050001/early_accurate,17,meta-llama/llama-3.2-3b-instruct,sha256:7c31f03438e4fb96542be3211616d6a6b8d5227983846bd31b5f6ea935b0c9a0,det-v1,1,,1354,125,611.638,0.0001089500,false,true
call-000752,arm8_spec_immediate,dev/f4/s4050001/early_accurate,17,meta-llama/llama-3.2-3b-instruct,sha256:7c31f03438e4fb96542be3211616d6a6b8d5227983846bd31b5f6ea935b0c9a0,det-v1,1,fallback,1354,125,611.638,0.0001089500,false,false
call-000753,arm8_spec_immediate,dev/f4/s4050001/early_accurate,17,meta-llama/llama-3.2-3b-instruct,sha256:31504ca2f6c5429c8b4023517af06e6f27be2a8e09db14c0c7f7b434fa005996,det-v1,2,,1400,166,1499.956,0.0001247800,false,true
call-000754,arm8_spec_immediate,dev/f4/s4050001/early_accurate,17,meta-llama/llama-3.2-3b-instruct,sha256:31504ca2f6c5429c8b4023517af06e6f27be2a8e09db14c0c7f7b434fa005996,det-v1,2,fallback,1400,166,1499.956,0.0001247800,false,false
call-000755,arm9_spec_heuristic_rollback,dev/f4/s4050001/early_accurate,17,meta-llama/llama-3.2-3b-instruct,sha256:7c31f03438e4fb96542be3211616d6a6b8d5227983846bd31b5f6ea935b0c9a0,det-v1,1,fallback,1354,125,0.003,0.0001089500,true,false
call-000756,arm9_spec_heuristic_rollback,dev/f4/s4050001/early_accurate,17,meta-llama/llama-3.2-3b-instruct,sha256:31504ca2f6c5429c8b4023517af06e6f27be2a8e09db14c0c7f7b434fa005996,det-v1,2,fallback,1400,166,0.003,0.0001247800,true,false
call-000757,arm10_spec_eprocess,dev/f4/s4050001/early_accurate,17,meta-llama/llama-3.2-3b-instruct,sha256:7c31f03438e4fb96542be3211616d6a6b8d5227983846bd31b5f6ea935b0c9a0,det-v1,1,fallback,1354,125,0.003,0.0001089500,true,false
call-000758,arm10_spec_eprocess,dev/f4/s4050001/early_accurate,17,meta-llama/llama-3.2-3b-instruct,sha256:31504ca2f6c5429c8b4023517af06e6f27be2a8e09db14c0c7f7b434fa005996,det-v1,2,fallback,1400,166,0.003,0.0001247800,true,false
call-000759,arm8_spec_immediate,cal/f4/s4060001/early_accurate,15,meta-llama/llama-3.2-3b-instruct,sha256:057a88f18c84205f0b4f8fa003a69c899e23340265f1ac81f106a750e7da4828,det-v1,1,,1282,115,821.606,0.0001020500,false,true
call-000760,arm8_spec_immediate,cal/f4/s4060001/early_accurate,15,meta-llama/llama-3.2-3b-instruct,sha256:057a88f18c84205f0b4f8fa003a69c899e23340265f1ac81f106a750e7da4828,det-v1,1,fallback,1282,115,821.606,0.0001020500,false,false
call-000761,arm8_spec_immediate,cal/f4/s4060001/early_accurate,15,meta-llama/llama-3.2-3b-instruct,sha256:5ea0c609f66057d6df787a17198d3c3b7567356bbb98a76414636d2710946f27,det-v1,2,,1328,160,4689.692,0.0001192000,false,true
call-000762,arm8_spec_immediate,cal/f4/s4060001/early_accurate,15,meta-llama/llama-3.2-3b-instruct,sha256:5ea0c609f66057d6df787a17198d3c3b7567356bbb98a76414636d2710946f27,det-v1,2,fallback,1328,160,4689.692,0.0001192000,false,false
call-000763,arm9_spec_heuristic_rollback,cal/f4/s4060001/early_accurate,15,meta-llama/llama-3.2-3b-instruct,sha256:057a88f18c84205f0b4f8fa003a69c899e23340265f1ac81f106a750e7da4828,det-v1,1,fallback,1282,115,0.003,0.0001020500,true,false
call-000764,arm9_spec_heuristic_rollback,cal/f4/s4060001/early_accurate,15,meta-llama/llama-3.2-3b-instruct,sha256:5ea0c609f66057d6df787a17198d3c3b7567356bbb98a76414636d2710946f27,det-v1,2,fallback,1328,160,0.003,0.0001192000,true,false
call-000765,arm10_spec_eprocess,cal/f4/s4060001/early_accurate,15,meta-llama/llama-3.2-3b-instruct,sha256:057a88f18c84205f0b4f8fa003a69c899e23340265f1ac81f106a750e7da4828,det-v1,1,fallback,1282,115,0.003,0.0001020500,true,false
call-000766,arm10_spec_eprocess,cal/f4/s4060001/early_accurate,15,meta-llama/llama-3.2-3b-instruct,sha256:5ea0c609f66057d6df787a17198d3c3b7567356bbb98a76414636d2710946f27,det-v1,2,fallback,1328,160,0.002,0.0001192000,true,false
call-000767,arm8_spec_immediate,dev/f4/s4050000/late_accurate,22,meta-llama/llama-3.2-3b-instruct,sha256:dc1265afff5a7295f04e1ac4e302995e19775b4224204b60ebfe26d4cf874a29,det-v1,1,,1513,204,5630.186,0.0001429700,false,true
call-000768,arm8_spec_immediate,dev/f4/s4050000/late_accurate,22,meta-llama/llama-3.2-3b-instruct,sha256:dc1265afff5a7295f04e1ac4e302995e19775b4224204b60ebfe26d4cf874a29,det-v1,1,fallback,1513,204,5630.186,0.0001429700,false,false
call-000769,arm8_spec_immediate,dev/f4/s4050000/late_accurate,22,meta-llama/llama-3.2-3b-instruct,sha256:5e142d6f691770da77b93c19878eb8951c4d05fa49ae4c2d59120f49c450576b,det-v1,2,,1607,137,612.844,0.0001255600,false,true
call-000770,arm8_spec_immediate,dev/f4/s4050000/late_accurate,22,meta-llama/llama-3.2-3b-instruct,sha256:5e142d6f691770da77b93c19878eb8951c4d05fa49ae4c2d59120f49c450576b,det-v1,2,fallback,1607,137,612.844,0.0001255600,false,false
call-000771,arm9_spec_heuristic_rollback,dev/f4/s4050000/late_accurate,22,meta-llama/llama-3.2-3b-instruct,sha256:dc1265afff5a7295f04e1ac4e302995e19775b4224204b60ebfe26d4cf874a29,det-v1,1,fallback,1513,204,0.004,0.0001429700,true,false
call-000772,arm9_spec_heuristic_rollback,dev/f4/s4050000/late_accurate,22,meta-llama/llama-3.2-3b-instruct,sha256:5e142d6f691770da77b93c19878eb8951c4d05fa49ae4c2d59120f49c450576b,det-v1,2,fallback,1607,137,0.003,0.0001255600,true,false
call-000773,arm10_spec_eprocess,dev/f4/s4050000/late_accurate,22,meta-llama/llama-3.2-3b-instruct,sha256:dc1265afff5a7295f04e1ac4e302995e19775b4224204b60ebfe26d4cf874a29,det-v1,1,fallback,1513,204,0.003,0.0001429700,true,false
call-000774,arm10_spec_eprocess,dev/f4/s4050000/late_accurate,22,meta-llama/llama-3.2-3b-instruct,sha256:5e142d6f691770da77b93c19878eb8951c4d05fa49ae4c2d59120f49c450576b,det-v1,2,fallback,1607,137,0.003,0.0001255600,true,false
call-000775,arm8_spec_immediate,cal/f4/s4060000/late_accurate,18,meta-llama/llama-3.2-3b-instruct,sha256:74962fb089304a540494818faf521e70edd0112da8102a388213bf90421ebdd5,det-v1,1,,1363,171,5201.933,0.0001245800,false,true
call-000776,arm8_spec_immediate,cal/f4/s4060000/late_accurate,18,meta-llama/llama-3.2-3b-instruct,sha256:74962fb089304a540494818faf521e70edd0112da8102a388213bf90421ebdd5,det-v1,1,fallback,1363,171,5201.933,0.0001245800,false,false
call-000777,arm8_spec_immediate,cal/f4/s4060000/late_accurate,18,meta-llama/llama-3.2-3b-instruct,sha256:3efd1c82951838e012723a6074e8931fb710e3f46876adf5bb1fa38a8b6c5c9a,det-v1,2,,1457,127,732.260,0.0001147600,false,true
call-000778,arm8_spec_immediate,cal/f4/s4060000/late_accurate,18,meta-llama/llama-3.2-3b-instruct,sha256:3efd1c82951838e012723a6074e8931fb710e3f46876adf5bb1fa38a8b6c5c9a,det-v1,2,fallback,1457,127,732.260,0.0001147600,false,false
call-000779,arm9_spec_heuristic_rollback,cal/f4/s4060000/late_accurate,18,meta-llama/llama-3.2-3b-instruct,sha256:74962fb089304a540494818faf521e70edd0112da8102a388213bf90421ebdd5,det-v1,1,fallback,1363,171,0.005,0.0001245800,true,false
call-000780,arm9_spec_heuristic_rollback,cal/f4/s4060000/late_accurate,18,meta-llama/llama-3.2-3b-instruct,sha256:3efd1c82951838e012723a6074e8931fb710e3f46876adf5bb1fa38a8b6c5c9a,det-v1,2,fallback,1457,127,0.003,0.0001147600,true,false
call-000781,arm10_spec_eprocess,cal/f4/s4060000/late_accurate,18,meta-llama/llama-3.2-3b-instruct,sha256:74962fb089304a540494818faf521e70edd0112da8102a388213bf90421ebdd5,det-v1,1,fallback,1363,171,0.003,0.0001245800,true,false
call-000782,arm10_spec_eprocess,cal/f4/s4060000/late_accurate,18,meta-llama/llama-3.2-3b-instruct,sha256:3efd1c82951838e012723a6074e8931fb710e3f46876adf5bb1fa38a8b6c5c9a,det-v1,2,fallback,1457,127,0.003,0.0001147600,true,false
call-000783,arm8_spec_immediate,dev/f4/s4050001/late_accurate,20,meta-llama/llama-3.2-3b-instruct,sha256:f5c2adf809a21eb3b91e2ad04fb9440ccc3948393e5672b21bfe1d7bb312b679,det-v1,1,,1441,182,5055.419,0.0001321100,false,true
call-000784,arm8_spec_immediate,dev/f4/s4050001/late_accurate,20,meta-llama/llama-3.2-3b-instruct,sha256:f5c2adf809a21eb3b91e2ad04fb9440ccc3948393e5672b21bfe1d7bb312b679,det-v1,1,fallback,1441,182,5055.419,0.0001321100,false,false
call-000785,arm8_spec_immediate,dev/f4/s4050001/late_accurate,20,meta-llama/llama-3.2-3b-instruct,sha256:ad611c6fb0afd416a8ab31f7285a45440c51595dc76f172e1effc1495854f548,det-v1,2,,1535,135,668.970,0.0001213000,false,true
call-000786,arm8_spec_immediate,dev/f4/s4050001/late_accurate,20,meta-llama/llama-3.2-3b-instruct,sha256:ad611c6fb0afd416a8ab31f7285a45440c51595dc76f172e1effc1495854f548,det-v1,2,fallback,1535,135,668.970,0.0001213000,false,false
call-000787,arm9_spec_heuristic_rollback,dev/f4/s4050001/late_accurate,20,meta-llama/llama-3.2-3b-instruct,sha256:f5c2adf809a21eb3b91e2ad04fb9440ccc3948393e5672b21bfe1d7bb312b679,det-v1,1,fallback,1441,182,0.003,0.0001321100,true,false
call-000788,arm9_spec_heuristic_rollback,dev/f4/s4050001/late_accurate,20,meta-llama/llama-3.2-3b-instruct,sha256:ad611c6fb0afd416a8ab31f7285a45440c51595dc76f172e1effc1495854f548,det-v1,2,fallback,1535,135,0.003,0.0001213000,true,false
call-000789,arm10_spec_eprocess,dev/f4/s4050001/late_accurate,20,meta-llama/llama-3.2-3b-instruct,sha256:f5c2adf809a21eb3b91e2ad04fb9440ccc3948393e5672b21bfe1d7bb312b679,det-v1,1,fallback,1441,182,0.003,0.0001321100,true,false
call-000790,arm10_spec_eprocess,dev/f4/s4050001/late_accurate,20,meta-llama/llama-3.2-3b-instruct,sha256:ad611c6fb0afd416a8ab31f7285a45440c51595dc76f172e1effc1495854f548,det-v1,2,fallback,1535,135,0.002,0.0001213000,true,false
call-000791,arm8_spec_immediate,cal/f4/s4060001/late_accurate,18,meta-llama/llama-3.2-3b-instruct,sha256:90ee2dbd260a9d60ba51f76fe16022719c8812655053d2b8e3388ebfa3e5e596,det-v1,1,,1393,122,564.464,0.0001099100,false,true
call-000792,arm8_spec_immediate,cal/f4/s4060001/late_accurate,18,meta-llama/llama-3.2-3b-instruct,sha256:90ee2dbd260a9d60ba51f76fe16022719c8812655053d2b8e3388ebfa3e5e596,det-v1,1,fallback,1393,122,564.464,0.0001099100,false,false
call-000793,arm8_spec_immediate,cal/f4/s4060001/late_accurate,18,meta-llama/llama-3.2-3b-instruct,sha256:7852985e03970ccd05bbd406b8a95b66d0508acf0c505cca8e811cad0879e65d,det-v1,2,,1439,163,4265.905,0.0001257400,false,true
call-000794,arm8_spec_immediate,cal/f4/s4060001/late_accurate,18,meta-llama/llama-3.2-3b-instruct,sha256:7852985e03970ccd05bbd406b8a95b66d0508acf0c505cca8e811cad0879e65d,det-v1,2,fallback,1439,163,4265.905,0.0001257400,false,false
call-000795,arm9_spec_heuristic_rollback,cal/f4/s4060001/late_accurate,18,meta-llama/llama-3.2-3b-instruct,sha256:90ee2dbd260a9d60ba51f76fe16022719c8812655053d2b8e3388ebfa3e5e596,det-v1,1,fallback,1393,122,0.003,0.0001099100,true,false
call-000796,arm9_spec_heuristic_rollback,cal/f4/s4060001/late_accurate,18,meta-llama/llama-3.2-3b-instruct,sha256:7852985e03970ccd05bbd406b8a95b66d0508acf0c505cca8e811cad0879e65d,det-v1,2,fallback,1439,163,0.003,0.0001257400,true,false
call-000797,arm10_spec_eprocess,cal/f4/s4060001/late_accurate,18,meta-llama/llama-3.2-3b-instruct,sha256:90ee2dbd260a9d60ba51f76fe16022719c8812655053d2b8e3388ebfa3e5e596,det-v1,1,fallback,1393,122,0.003,0.0001099100,true,false
call-000798,arm10_spec_eprocess,cal/f4/s4060001/late_accurate,18,meta-llama/llama-3.2-3b-instruct,sha256:7852985e03970ccd05bbd406b8a95b66d0508acf0c505cca8e811cad0879e65d,det-v1,2,fallback,1439,163,0.002,0.0001257400,true,false
call-000799,arm8_spec_immediate,dev/f4/s4050000/unreliable,19,meta-llama/llama-3.2-3b-instruct,sha256:4754b9355d3b73ba0dd7ff59d2ed9f43946382377d6ad994892ba818a095c89c,det-v1,1,,1431,133,629.218,0.0001154400,false,true
call-000800,arm8_spec_immediate,dev/f4/s4050000/unreliable,19,meta-llama/llama-3.2-3b-instruct,sha256:4754b9355d3b73ba0dd7ff59d2ed9f43946382377d6ad994892ba818a095c89c,det-v1,1,fallback,1431,133,629.218,0.0001154400,false,false
call-000801,arm8_spec_immediate,dev/f4/s4050000/unreliable,19,meta-llama/llama-3.2-3b-instruct,sha256:0a7cbb4683dea424e425fdc88d7b5f38949d8a38666e2dc1f1231d9326c73da0,det-v1,2,,1501,131,858.696,0.0001182800,false,true
call-000802,arm8_spec_immediate,dev/f4/s4050000/unreliable,19,meta-llama/llama-3.2-3b-instruct,sha256:0a7cbb4683dea424e425fdc88d7b5f38949d8a38666e2dc1f1231d9326c73da0,det-v1,2,fallback,1501,131,858.696,0.0001182800,false,false
call-000803,arm9_spec_heuristic_rollback,dev/f4/s4050000/unreliable,19,meta-llama/llama-3.2-3b-instruct,sha256:4754b9355d3b73ba0dd7ff59d2ed9f43946382377d6ad994892ba818a095c89c,det-v1,1,fallback,1431,133,0.003,0.0001154400,true,false
call-000804,arm9_spec_heuristic_rollback,dev/f4/s4050000/unreliable,19,meta-llama/llama-3.2-3b-instruct,sha256:0a7cbb4683dea424e425fdc88d7b5f38949d8a38666e2dc1f1231d9326c73da0,det-v1,2,fallback,1501,131,0.002,0.0001182800,true,false
call-000805,arm10_spec_eprocess,dev/f4/s4050000/unreliable,19,meta-llama/llama-3.2-3b-instruct,sha256:4754b9355d3b73ba0dd7ff59d2ed9f43946382377d6ad994892ba818a095c89c,det-v1,1,fallback,1431,133,0.003,0.0001154400,true,false
call-000806,arm10_spec_eprocess,dev/f4/s4050000/unreliable,19,meta-llama/llama-3.2-3b-instruct,sha256:0a7cbb4683dea424e425fdc88d7b5f38949d8a38666e2dc1f1231d9326c73da0,det-v1,2,fallback,1501,131,0.002,0.0001182800,true,false
call-000807,arm8_spec_immediate,cal/f4/s4060000/unreliable,15,meta-llama/llama-3.2-3b-instruct,sha256:94391cbf442f488c480e781e9b94aa60ce78dd317d62fdc00bb320fe3fc57e68,det-v1,1,,1259,156,5943.301,0.0001144300,false,true
call-000808,arm8_spec_immediate,cal/f4/s4060000/unreliable,15,meta-llama/llama-3.2-3b-instruct,sha256:94391cbf442f488c480e781e9b94aa60ce78dd317d62fdc00bb320fe3fc57e68,det-v1,1,fallback,1259,156,5943.301,0.0001144300,false,false
call-000809,arm8_spec_immediate,cal/f4/s4060000/unreliable,15,meta-llama/llama-3.2-3b-instruct,sha256:e360337f25b48905dff8712ded5c15f264de89a00f9fd9cfc2b982e19aeb4fef,det-v1,2,,1353,115,509.282,0.0001056000,false,true
call-000810,arm8_spec_immediate,cal/f4/s4060000/unreliable,15,meta-llama/llama-3.2-3b-instruct,sha256:e360337f25b48905dff8712ded5c15f264de89a00f9fd9cfc2b982e19aeb4fef,det-v1,2,fallback,1353,115,509.282,0.0001056000,false,false
call-000811,arm9_spec_heuristic_rollback,cal/f4/s4060000/unreliable,15,meta-llama/llama-3.2-3b-instruct,sha256:94391cbf442f488c480e781e9b94aa60ce78dd317d62fdc00bb320fe3fc57e68,det-v1,1,fallback,1259,156,0.003,0.0001144300,true,false
call-000812,arm9_spec_heuristic_rollback,cal/f4/s4060000/unreliable,15,meta-llama/llama-3.2-3b-instruct,sha256:e360337f25b48905dff8712ded5c15f264de89a00f9fd9cfc2b982e19aeb4fef,det-v1,2,fallback,1353,115,0.003,0.0001056000,true,false
call-000813,arm10_spec_eprocess,cal/f4/s4060000/unreliable,15,meta-llama/llama-3.2-3b-instruct,sha256:94391cbf442f488c480e781e9b94aa60ce78dd317d62fdc00bb320fe3fc57e68,det-v1,1,fallback,1259,156,0.003,0.0001144300,true,false
call-000814,arm10_spec_eprocess,cal/f4/s4060000/unreliable,15,meta-llama/llama-3.2-3b-instruct,sha256:e360337f25b48905dff8712ded5c15f264de89a00f9fd9cfc2b982e19aeb4fef,det-v1,2,fallback,1353,115,0.002,0.0001056000,true,false
call-000815,arm8_spec_immediate,dev/f4/s4050001/unreliable,17,meta-llama/llama-3.2-3b-instruct,sha256:0b63733ec4ccd2d54b38de950b67c0da3e6f4f4db0687cb19611b7d6dd669399,det-v1,1,,1318,166,5716.283,0.0001206800,false,true
call-000816,arm8_spec_immediate,dev/f4/s4050001/unreliable,17,meta-llama/llama-3.2-3b-instruct,sha256:0b63733ec4ccd2d54b38de950b67c0da3e6f4f4db0687cb19611b7d6dd669399,det-v1,1,fallback,1318,166,5716.283,0.0001206800,false,false
call-000817,arm8_spec_immediate,dev/f4/s4050001/unreliable,17,meta-llama/llama-3.2-3b-instruct,sha256:bfd5181de3dfdd1aaed2bb1e9b1217f9ab74422c6442e8790115a8cd8fd65736,det-v1,2,,1388,166,5275.853,0.0001241800,false,true
call-000818,arm8_spec_immediate,dev/f4/s4050001/unreliable,17,meta-llama/llama-3.2-3b-instruct,sha256:bfd5181de3dfdd1aaed2bb1e9b1217f9ab74422c6442e8790115a8cd8fd65736,det-v1,2,fallback,1388,166,5275.853,0.0001241800,false,false
call-000819,arm9_spec_heuristic_rollback,dev/f4/s4050001/unreliable,17,meta-llama/llama-3.2-3b-instruct,sha256:0b63733ec4ccd2d54b38de950b67c0da3e6f4f4db0687cb19611b7d6dd669399,det-v1,1,fallback,1318,166,0.002,0.0001206800,true,false
call-000820,arm9_spec_heuristic_rollback,dev/f4/s4050001/unreliable,17,meta-llama/llama-3.2-3b-instruct,sha256:bfd5181de3dfdd1aaed2bb1e9b1217f9ab74422c6442e8790115a8cd8fd65736,det-v1,2,fallback,1388,166,0.001,0.0001241800,true,false
call-000821,arm10_spec_eprocess,dev/f4/s4050001/unreliable,17,meta-llama/llama-3.2-3b-instruct,sha256:0b63733ec4ccd2d54b38de950b67c0da3e6f4f4db0687cb19611b7d6dd669399,det-v1,1,fallback,1318,166,0.001,0.0001206800,true,false
call-000822,arm10_spec_eprocess,dev/f4/s4050001/unreliable,17,meta-llama/llama-3.2-3b-instruct,sha256:bfd5181de3dfdd1aaed2bb1e9b1217f9ab74422c6442e8790115a8cd8fd65736,det-v1,2,fallback,1388,166,0.001,0.0001241800,true,false
call-000823,arm8_spec_immediate,cal/f4/s4060001/unreliable,15,meta-llama/llama-3.2-3b-instruct,sha256:d9280f2bc92a34a64803c02b1e56c0fdd6ae48cd36903cdc9d9d126915e2378b,det-v1,1,,1282,115,945.376,0.0001020500,false,true
call-000824,arm8_spec_immediate,cal/f4/s4060001/unreliable,15,meta-llama/llama-3.2-3b-instruct,sha256:d9280f2bc92a34a64803c02b1e56c0fdd6ae48cd36903cdc9d9d126915e2378b,det-v1,1,fallback,1282,115,945.376,0.0001020500,false,false
call-000825,arm8_spec_immediate,cal/f4/s4060001/unreliable,15,meta-llama/llama-3.2-3b-instruct,sha256:6877e977db66880f7d66287096a2a4aa8625bb564a21b151ef2fd2742e657a14,det-v1,2,,1328,147,4612.383,0.0001149100,false,true
call-000826,arm8_spec_immediate,cal/f4/s4060001/unreliable,15,meta-llama/llama-3.2-3b-instruct,sha256:6877e977db66880f7d66287096a2a4aa8625bb564a21b151ef2fd2742e657a14,det-v1,2,fallback,1328,147,4612.383,0.0001149100,false,false
call-000827,arm9_spec_heuristic_rollback,cal/f4/s4060001/unreliable,15,meta-llama/llama-3.2-3b-instruct,sha256:d9280f2bc92a34a64803c02b1e56c0fdd6ae48cd36903cdc9d9d126915e2378b,det-v1,1,fallback,1282,115,0.003,0.0001020500,true,false
call-000828,arm9_spec_heuristic_rollback,cal/f4/s4060001/unreliable,15,meta-llama/llama-3.2-3b-instruct,sha256:6877e977db66880f7d66287096a2a4aa8625bb564a21b151ef2fd2742e657a14,det-v1,2,fallback,1328,147,0.002,0.0001149100,true,false
call-000829,arm10_spec_eprocess,cal/f4/s4060001/unreliable,15,meta-llama/llama-3.2-3b-instruct,sha256:d9280f2bc92a34a64803c02b1e56c0fdd6ae48cd36903cdc9d9d126915e2378b,det-v1,1,fallback,1282,115,0.003,0.0001020500,true,false
call-000830,arm10_spec_eprocess,cal/f4/s4060001/unreliable,15,meta-llama/llama-3.2-3b-instruct,sha256:6877e977db66880f7d66287096a2a4aa8625bb564a21b151ef2fd2742e657a14,det-v1,2,fallback,1328,147,0.002,0.0001149100,true,false
call-000831,arm8_spec_immediate,dev/f5/s5050000/early_accurate,20,meta-llama/llama-3.2-3b-instruct,sha256:3a3fe6efd4afa679bb77c939bb85d627751a94a8bf54f59ade35c3a5df2e0833,det-v1,1,,1472,133,736.475,0.0001174900,false,true
call-000832,arm8_spec_immediate,dev/f5/s5050000/early_accurate,20,meta-llama/llama-3.2-3b-instruct,sha256:3a3fe6efd4afa679bb77c939bb85d627751a94a8bf54f59ade35c3a5df2e0833,det-v1,1,fallback,1472,133,736.475,0.0001174900,false,false
call-000833,arm8_spec_immediate,dev/f5/s5050000/early_accurate,20,meta-llama/llama-3.2-3b-instruct,sha256:4661b5c2f679b75d65586804855abd41cbead6d193f7953a5aaa939c7a09396e,det-v1,2,,1518,185,4899.843,0.0001369500,false,true
call-000834,arm8_spec_immediate,dev/f5/s5050000/early_accurate,20,meta-llama/llama-3.2-3b-instruct,sha256:4661b5c2f679b75d65586804855abd41cbead6d193f7953a5aaa939c7a09396e,det-v1,2,fallback,1518,185,4899.843,0.0001369500,false,false
call-000835,arm9_spec_heuristic_rollback,dev/f5/s5050000/early_accurate,20,meta-llama/llama-3.2-3b-instruct,sha256:3a3fe6efd4afa679bb77c939bb85d627751a94a8bf54f59ade35c3a5df2e0833,det-v1,1,fallback,1472,133,0.003,0.0001174900,true,false
call-000836,arm9_spec_heuristic_rollback,dev/f5/s5050000/early_accurate,20,meta-llama/llama-3.2-3b-instruct,sha256:4661b5c2f679b75d65586804855abd41cbead6d193f7953a5aaa939c7a09396e,det-v1,2,fallback,1518,185,0.003,0.0001369500,true,false
call-000837,arm10_spec_eprocess,dev/f5/s5050000/early_accurate,20,meta-llama/llama-3.2-3b-instruct,sha256:3a3fe6efd4afa679bb77c939bb85d627751a94a8bf54f59ade35c3a5df2e0833,det-v1,1,fallback,1472,133,0.003,0.0001174900,true,false
call-000838,arm10_spec_eprocess,dev/f5/s5050000/early_accurate,20,meta-llama/llama-3.2-3b-instruct,sha256:4661b5c2f679b75d65586804855abd41cbead6d193f7953a5aaa939c7a09396e,det-v1,2,fallback,1518,185,0.002,0.0001369500,true,false
call-000839,arm8_spec_immediate,cal/f5/s5060000/early_accurate,18,meta-llama/llama-3.2-3b-instruct,sha256:b5e9c474b6138d2a42047b8918521d354be7917cb939ea05856937f1812b11a8,det-v1,1,,1393,134,923.075,0.0001138700,false,true
call-000840,arm8_spec_immediate,cal/f5/s5060000/early_accurate,18,meta-llama/llama-3.2-3b-instruct,sha256:b5e9c474b6138d2a42047b8918521d354be7917cb939ea05856937f1812b11a8,det-v1,1,fallback,1393,134,923.075,0.0001138700,false,false
call-000841,arm8_spec_immediate,cal/f5/s5060000/early_accurate,18,meta-llama/llama-3.2-3b-instruct,sha256:40e10a880dc9fbe2ced7ea3b3a2357b42ab1597e581188e963d00ae581340a3b,det-v1,2,,1439,163,3287.179,0.0001257400,false,true
call-000842,arm8_spec_immediate,cal/f5/s5060000/early_accurate,18,meta-llama/llama-3.2-3b-instruct,sha256:40e10a880dc9fbe2ced7ea3b3a2357b42ab1597e581188e963d00ae581340a3b,det-v1,2,fallback,1439,163,3287.179,0.0001257400,false,false
call-000843,arm9_spec_heuristic_rollback,cal/f5/s5060000/early_accurate,18,meta-llama/llama-3.2-3b-instruct,sha256:b5e9c474b6138d2a42047b8918521d354be7917cb939ea05856937f1812b11a8,det-v1,1,fallback,1393,134,0.003,0.0001138700,true,false
call-000844,arm9_spec_heuristic_rollback,cal/f5/s5060000/early_accurate,18,meta-llama/llama-3.2-3b-instruct,sha256:40e10a880dc9fbe2ced7ea3b3a2357b42ab1597e581188e963d00ae581340a3b,det-v1,2,fallback,1439,163,0.003,0.0001257400,true,false
call-000845,arm10_spec_eprocess,cal/f5/s5060000/early_accurate,18,meta-llama/llama-3.2-3b-instruct,sha256:b5e9c474b6138d2a42047b8918521d354be7917cb939ea05856937f1812b11a8,det-v1,1,fallback,1393,134,0.003,0.0001138700,true,false
call-000846,arm10_spec_eprocess,cal/f5/s5060000/early_accurate,18,meta-llama/llama-3.2-3b-instruct,sha256:40e10a880dc9fbe2ced7ea3b3a2357b42ab1597e581188e963d00ae581340a3b,det-v1,2,fallback,1439,163,0.003,0.0001257400,true,false
call-000847,arm8_spec_immediate,dev/f5/s5050001/early_accurate,15,meta-llama/llama-3.2-3b-instruct,sha256:81cc4d1fecbf99f3eded1867af409727f5aabab3deafd8475c0b49e1da86199d,det-v1,1,,1277,115,705.454,0.0001018000,false,true
call-000848,arm8_spec_immediate,dev/f5/s5050001/early_accurate,15,meta-llama/llama-3.2-3b-instruct,sha256:81cc4d1fecbf99f3eded1867af409727f5aabab3deafd8475c0b49e1da86199d,det-v1,1,fallback,1277,115,705.454,0.0001018000,false,false
call-000849,arm8_spec_immediate,dev/f5/s5050001/early_accurate,15,meta-llama/llama-3.2-3b-instruct,sha256:ca6669bfe3e6d25db1f072fcf57aac661f65f0f9a1515a7318a899558bd487f0,det-v1,2,,1347,115,1034.686,0.0001053000,false,true
call-000850,arm8_spec_immediate,dev/f5/s5050001/early_accurate,15,meta-llama/llama-3.2-3b-instruct,sha256:ca6669bfe3e6d25db1f072fcf57aac661f65f0f9a1515a7318a899558bd487f0,det-v1,2,fallback,1347,115,1034.686,0.0001053000,false,false
call-000851,arm9_spec_heuristic_rollback,dev/f5/s5050001/early_accurate,15,meta-llama/llama-3.2-3b-instruct,sha256:81cc4d1fecbf99f3eded1867af409727f5aabab3deafd8475c0b49e1da86199d,det-v1,1,fallback,1277,115,0.003,0.0001018000,true,false
call-000852,arm9_spec_heuristic_rollback,dev/f5/s5050001/early_accurate,15,meta-llama/llama-3.2-3b-instruct,sha256:ca6669bfe3e6d25db1f072fcf57aac661f65f0f9a1515a7318a899558bd487f0,det-v1,2,fallback,1347,115,0.003,0.0001053000,true,false
call-000853,arm10_spec_eprocess,dev/f5/s5050001/early_accurate,15,meta-llama/llama-3.2-3b-instruct,sha256:81cc4d1fecbf99f3eded1867af409727f5aabab3deafd8475c0b49e1da86199d,det-v1,1,fallback,1277,115,0.003,0.0001018000,true,false
call-000854,arm10_spec_eprocess,dev/f5/s5050001/early_accurate,15,meta-llama/llama-3.2-3b-instruct,sha256:ca6669bfe3e6d25db1f072fcf57aac661f65f0f9a1515a7318a899558bd487f0,det-v1,2,fallback,1347,115,0.002,0.0001053000,true,false
call-000855,arm8_spec_immediate,cal/f5/s5060001/early_accurate,21,meta-llama/llama-3.2-3b-instruct,sha256:f22f3aa65148f8ec793c8a3fb09e3f43bdee88b19b5f5c5df540fe612b63033b,det-v1,1,,1505,134,773.834,0.0001194700,false,true
call-000856,arm8_spec_immediate,cal/f5/s5060001/early_accurate,21,meta-llama/llama-3.2-3b-instruct,sha256:f22f3aa65148f8ec793c8a3fb09e3f43bdee88b19b5f5c5df540fe612b63033b,det-v1,1,fallback,1505,134,773.834,0.0001194700,false,false
call-000857,arm8_spec_immediate,cal/f5/s5060001/early_accurate,21,meta-llama/llama-3.2-3b-instruct,sha256:c09dc91fa261b3736a5d014227f9f9878efa2e48a2e26195c6f1eb65309ce2b6,det-v1,2,,1551,194,4316.210,0.0001415700,false,true
call-000858,arm8_spec_immediate,cal/f5/s5060001/early_accurate,21,meta-llama/llama-3.2-3b-instruct,sha256:c09dc91fa261b3736a5d014227f9f9878efa2e48a2e26195c6f1eb65309ce2b6,det-v1,2,fallback,1551,194,4316.210,0.0001415700,false,false
call-000859,arm9_spec_heuristic_rollback,cal/f5/s5060001/early_accurate,21,meta-llama/llama-3.2-3b-instruct,sha256:f22f3aa65148f8ec793c8a3fb09e3f43bdee88b19b5f5c5df540fe612b63033b,det-v1,1,fallback,1505,134,0.003,0.0001194700,true,false
call-000860,arm9_spec_heuristic_rollback,cal/f5/s5060001/early_accurate,21,meta-llama/llama-3.2-3b-instruct,sha256:c09dc91fa261b3736a5d014227f9f9878efa2e48a2e26195c6f1eb65309ce2b6,det-v1,2,fallback,1551,194,0.002,0.0001415700,true,false
call-000861,arm10_spec_eprocess,cal/f5/s5060001/early_accurate,21,meta-llama/llama-3.2-3b-instruct,sha256:f22f3aa65148f8ec793c8a3fb09e3f43bdee88b19b5f5c5df540fe612b63033b,det-v1,1,fallback,1505,134,0.003,0.0001194700,true,false
call-000862,arm10_spec_eprocess,cal/f5/s5060001/early_accurate,21,meta-llama/llama-3.2-3b-instruct,sha256:c09dc91fa261b3736a5d014227f9f9878efa2e48a2e26195c6f1eb65309ce2b6,det-v1,2,fallback,1551,194,0.002,0.0001415700,true,false
call-000863,arm8_spec_immediate,dev/f5/s5050000/late_accurate,23,meta-llama/llama-3.2-3b-instruct,sha256:ffbf4f8f3e9a2b56e94b0365d8ff0734d6708c7bb51e511d6d8c41b081da9fc0,det-v1,1,,1559,86,2214.410,0.0001063300,false,true
call-000864,arm8_spec_immediate,dev/f5/s5050000/late_accurate,23,meta-llama/llama-3.2-3b-instruct,sha256:ffbf4f8f3e9a2b56e94b0365d8ff0734d6708c7bb51e511d6d8c41b081da9fc0,det-v1,1,fallback,1559,86,2214.410,0.0001063300,false,false
call-000865,arm8_spec_immediate,dev/f5/s5050000/late_accurate,23,meta-llama/llama-3.2-3b-instruct,sha256:2da57def09d7d917f8e404e37208e0b2ab0ec2e63dfcf943e27003578fa4ca4c,det-v1,2,,1629,90,2803.055,0.0001111500,false,true
call-000866,arm8_spec_immediate,dev/f5/s5050000/late_accurate,23,meta-llama/llama-3.2-3b-instruct,sha256:2da57def09d7d917f8e404e37208e0b2ab0ec2e63dfcf943e27003578fa4ca4c,det-v1,2,fallback,1629,90,2803.055,0.0001111500,false,false
call-000867,arm9_spec_heuristic_rollback,dev/f5/s5050000/late_accurate,23,meta-llama/llama-3.2-3b-instruct,sha256:ffbf4f8f3e9a2b56e94b0365d8ff0734d6708c7bb51e511d6d8c41b081da9fc0,det-v1,1,fallback,1559,86,0.003,0.0001063300,true,false
call-000868,arm9_spec_heuristic_rollback,dev/f5/s5050000/late_accurate,23,meta-llama/llama-3.2-3b-instruct,sha256:2da57def09d7d917f8e404e37208e0b2ab0ec2e63dfcf943e27003578fa4ca4c,det-v1,2,fallback,1629,90,0.003,0.0001111500,true,false
call-000869,arm10_spec_eprocess,dev/f5/s5050000/late_accurate,23,meta-llama/llama-3.2-3b-instruct,sha256:ffbf4f8f3e9a2b56e94b0365d8ff0734d6708c7bb51e511d6d8c41b081da9fc0,det-v1,1,fallback,1559,86,0.003,0.0001063300,true,false
call-000870,arm10_spec_eprocess,dev/f5/s5050000/late_accurate,23,meta-llama/llama-3.2-3b-instruct,sha256:2da57def09d7d917f8e404e37208e0b2ab0ec2e63dfcf943e27003578fa4ca4c,det-v1,2,fallback,1629,90,0.002,0.0001111500,true,false
call-000871,arm8_spec_immediate,cal/f5/s5060000/late_accurate,21,meta-llama/llama-3.2-3b-instruct,sha256:613173e9b4b51c808ba882e9d3731bf93acb359f2ecb631b6745861159028811,det-v1,1,,1480,187,5816.455,0.0001357100,false,true
call-000872,arm8_spec_immediate,cal/f5/s5060000/late_accurate,21,meta-llama/llama-3.2-3b-instruct,sha256:613173e9b4b51c808ba882e9d3731bf93acb359f2ecb631b6745861159028811,det-v1,1,fallback,1480,187,5816.455,0.0001357100,false,false
call-000873,arm8_spec_immediate,cal/f5/s5060000/late_accurate,21,meta-llama/llama-3.2-3b-instruct,sha256:872d31aba5cad58863547e02969f011634c2e7c8a0782da15b3aec63db6b364d,det-v1,2,,1574,141,951.984,0.0001252300,false,true
call-000874,arm8_spec_immediate,cal/f5/s5060000/late_accurate,21,meta-llama/llama-3.2-3b-instruct,sha256:872d31aba5cad58863547e02969f011634c2e7c8a0782da15b3aec63db6b364d,det-v1,2,fallback,1574,141,951.984,0.0001252300,false,false
call-000875,arm9_spec_heuristic_rollback,cal/f5/s5060000/late_accurate,21,meta-llama/llama-3.2-3b-instruct,sha256:613173e9b4b51c808ba882e9d3731bf93acb359f2ecb631b6745861159028811,det-v1,1,fallback,1480,187,0.004,0.0001357100,true,false
call-000876,arm9_spec_heuristic_rollback,cal/f5/s5060000/late_accurate,21,meta-llama/llama-3.2-3b-instruct,sha256:872d31aba5cad58863547e02969f011634c2e7c8a0782da15b3aec63db6b364d,det-v1,2,fallback,1574,141,0.003,0.0001252300,true,false
call-000877,arm10_spec_eprocess,cal/f5/s5060000/late_accurate,21,meta-llama/llama-3.2-3b-instruct,sha256:613173e9b4b51c808ba882e9d3731bf93acb359f2ecb631b6745861159028811,det-v1,1,fallback,1480,187,0.003,0.0001357100,true,false
call-000878,arm10_spec_eprocess,cal/f5/s5060000/late_accurate,21,meta-llama/llama-3.2-3b-instruct,sha256:872d31aba5cad58863547e02969f011634c2e7c8a0782da15b3aec63db6b364d,det-v1,2,fallback,1574,141,0.002,0.0001252300,true,false
call-000879,arm8_spec_immediate,dev/f5/s5050001/late_accurate,18,meta-llama/llama-3.2-3b-instruct,sha256:66bbf874805ff1916acdd07bbca64ecda2103f4042f86213e424b9068137b075,det-v1,1,,1388,135,1003.203,0.0001139500,false,true
call-000880,arm8_spec_immediate,dev/f5/s5050001/late_accurate,18,meta-llama/llama-3.2-3b-instruct,sha256:66bbf874805ff1916acdd07bbca64ecda2103f4042f86213e424b9068137b075,det-v1,1,fallback,1388,135,1003.203,0.0001139500,false,false
call-000881,arm8_spec_immediate,dev/f5/s5050001/late_accurate,18,meta-llama/llama-3.2-3b-instruct,sha256:773a6415724ce22390b3e2da7e101c82df29f4ffe0c3822c0c80f817fe4b48cc,det-v1,2,,1458,127,704.084,0.0001148100,false,true
call-000882,arm8_spec_immediate,dev/f5/s5050001/late_accurate,18,meta-llama/llama-3.2-3b-instruct,sha256:773a6415724ce22390b3e2da7e101c82df29f4ffe0c3822c0c80f817fe4b48cc,det-v1,2,fallback,1458,127,704.084,0.0001148100,false,false
call-000883,arm9_spec_heuristic_rollback,dev/f5/s5050001/late_accurate,18,meta-llama/llama-3.2-3b-instruct,sha256:66bbf874805ff1916acdd07bbca64ecda2103f4042f86213e424b9068137b075,det-v1,1,fallback,1388,135,0.004,0.0001139500,true,false
call-000884,arm9_spec_heuristic_rollback,dev/f5/s5050001/late_accurate,18,meta-llama/llama-3.2-3b-instruct,sha256:773a6415724ce22390b3e2da7e101c82df29f4ffe0c3822c0c80f817fe4b48cc,det-v1,2,fallback,1458,127,0.002,0.0001148100,true,false
call-000885,arm10_spec_eprocess,dev/f5/s5050001/late_accurate,18,meta-llama/llama-3.2-3b-instruct,sha256:66bbf874805ff1916acdd07bbca64ecda2103f4042f86213e424b9068137b075,det-v1,1,fallback,1388,135,0.003,0.0001139500,true,false
call-000886,arm10_spec_eprocess,dev/f5/s5050001/late_accurate,18,meta-llama/llama-3.2-3b-instruct,sha256:773a6415724ce22390b3e2da7e101c82df29f4ffe0c3822c0c80f817fe4b48cc,det-v1,2,fallback,1458,127,0.002,0.0001148100,true,false
call-000887,arm8_spec_immediate,cal/f5/s5060001/late_accurate,24,meta-llama/llama-3.2-3b-instruct,sha256:4bd9f9eaebbe14166637969f97373034acc2a2f23be5f735bbf912228e76c309,det-v1,1,,1592,202,3944.568,0.0001462600,false,true
call-000888,arm8_spec_immediate,cal/f5/s5060001/late_accurate,24,meta-llama/llama-3.2-3b-instruct,sha256:4bd9f9eaebbe14166637969f97373034acc2a2f23be5f735bbf912228e76c309,det-v1,1,fallback,1592,202,3944.568,0.0001462600,false,false
call-000889,arm8_spec_immediate,cal/f5/s5060001/late_accurate,24,meta-llama/llama-3.2-3b-instruct,sha256:1d266e63d207b8384abc366bc21eee2c1218a7a53da5b0d96fe95bd734b50c78,det-v1,2,,1662,205,8028.934,0.0001507500,false,true
call-000890,arm8_spec_immediate,cal/f5/s5060001/late_accurate,24,meta-llama/llama-3.2-3b-instruct,sha256:1d266e63d207b8384abc366bc21eee2c1218a7a53da5b0d96fe95bd734b50c78,det-v1,2,fallback,1662,205,8028.934,0.0001507500,false,false
call-000891,arm9_spec_heuristic_rollback,cal/f5/s5060001/late_accurate,24,meta-llama/llama-3.2-3b-instruct,sha256:4bd9f9eaebbe14166637969f97373034acc2a2f23be5f735bbf912228e76c309,det-v1,1,fallback,1592,202,0.004,0.0001462600,true,false
call-000892,arm9_spec_heuristic_rollback,cal/f5/s5060001/late_accurate,24,meta-llama/llama-3.2-3b-instruct,sha256:1d266e63d207b8384abc366bc21eee2c1218a7a53da5b0d96fe95bd734b50c78,det-v1,2,fallback,1662,205,0.003,0.0001507500,true,false
call-000893,arm10_spec_eprocess,cal/f5/s5060001/late_accurate,24,meta-llama/llama-3.2-3b-instruct,sha256:4bd9f9eaebbe14166637969f97373034acc2a2f23be5f735bbf912228e76c309,det-v1,1,fallback,1592,202,0.003,0.0001462600,true,false
call-000894,arm10_spec_eprocess,cal/f5/s5060001/late_accurate,24,meta-llama/llama-3.2-3b-instruct,sha256:1d266e63d207b8384abc366bc21eee2c1218a7a53da5b0d96fe95bd734b50c78,det-v1,2,fallback,1662,205,0.002,0.0001507500,true,false
call-000895,arm8_spec_immediate,dev/f5/s5050000/unreliable,20,meta-llama/llama-3.2-3b-instruct,sha256:fd7deee730aaa299272c76c1cbe1de8a8bc7299aa8bd756db589f2d245fe933f,det-v1,1,,1464,132,543.005,0.0001167600,false,true
call-000896,arm8_spec_immediate,dev/f5/s5050000/unreliable,20,meta-llama/llama-3.2-3b-instruct,sha256:fd7deee730aaa299272c76c1cbe1de8a8bc7299aa8bd756db589f2d245fe933f,det-v1,1,fallback,1464,132,543.005,0.0001167600,false,false
call-000897,arm8_spec_immediate,dev/f5/s5050000/unreliable,20,meta-llama/llama-3.2-3b-instruct,sha256:5bc159de4ad3d87c8e368e7ab18c5da86aea76745bdbf5e6b70041c123f548c1,det-v1,2,,1534,135,949.637,0.0001212500,false,true
call-000898,arm8_spec_immediate,dev/f5/s5050000/unreliable,20,meta-llama/llama-3.2-3b-instruct,sha256:5bc159de4ad3d87c8e368e7ab18c5da86aea76745bdbf5e6b70041c123f548c1,det-v1,2,fallback,1534,135,949.637,0.0001212500,false,false
call-000899,arm9_spec_heuristic_rollback,dev/f5/s5050000/unreliable,20,meta-llama/llama-3.2-3b-instruct,sha256:fd7deee730aaa299272c76c1cbe1de8a8bc7299aa8bd756db589f2d245fe933f,det-v1,1,fallback,1464,132,0.003,0.0001167600,true,false
call-000900,arm9_spec_heuristic_rollback,dev/f5/s5050000/unreliable,20,meta-llama/llama-3.2-3b-instruct,sha256:5bc159de4ad3d87c8e368e7ab18c5da86aea76745bdbf5e6b70041c123f548c1,det-v1,2,fallback,1534,135,0.003,0.0001212500,true,false
call-000901,arm10_spec_eprocess,dev/f5/s5050000/unreliable,20,meta-llama/llama-3.2-3b-instruct,sha256:fd7deee730aaa299272c76c1cbe1de8a8bc7299aa8bd756db589f2d245fe933f,det-v1,1,fallback,1464,132,0.003,0.0001167600,true,false
call-000902,arm10_spec_eprocess,dev/f5/s5050000/unreliable,20,meta-llama/llama-3.2-3b-instruct,sha256:5bc159de4ad3d87c8e368e7ab18c5da86aea76745bdbf5e6b70041c123f548c1,det-v1,2,fallback,1534,135,0.004,0.0001212500,true,false
call-000903,arm8_spec_immediate,cal/f5/s5060000/unreliable,18,meta-llama/llama-3.2-3b-instruct,sha256:26d41b0d6e1c80437f80bed930bdd50fe4bcc5e79b75a7ef9c7a910d8e002e4b,det-v1,1,,1374,171,5009.977,0.0001251300,false,true
call-000904,arm8_spec_immediate,cal/f5/s5060000/unreliable,18,meta-llama/llama-3.2-3b-instruct,sha256:26d41b0d6e1c80437f80bed930bdd50fe4bcc5e79b75a7ef9c7a910d8e002e4b,det-v1,1,fallback,1374,171,5009.977,0.0001251300,false,false
call-000905,arm8_spec_immediate,cal/f5/s5060000/unreliable,18,meta-llama/llama-3.2-3b-instruct,sha256:9703c2f6ada7a67b9bed25a41b3cce8352c4b56d6be9e3dfe61ae7c37aa8d5f8,det-v1,2,,1444,163,4214.834,0.0001259900,false,true
call-000906,arm8_spec_immediate,cal/f5/s5060000/unreliable,18,meta-llama/llama-3.2-3b-instruct,sha256:9703c2f6ada7a67b9bed25a41b3cce8352c4b56d6be9e3dfe61ae7c37aa8d5f8,det-v1,2,fallback,1444,163,4214.834,0.0001259900,false,false
call-000907,arm9_spec_heuristic_rollback,cal/f5/s5060000/unreliable,18,meta-llama/llama-3.2-3b-instruct,sha256:26d41b0d6e1c80437f80bed930bdd50fe4bcc5e79b75a7ef9c7a910d8e002e4b,det-v1,1,fallback,1374,171,0.003,0.0001251300,true,false
call-000908,arm9_spec_heuristic_rollback,cal/f5/s5060000/unreliable,18,meta-llama/llama-3.2-3b-instruct,sha256:9703c2f6ada7a67b9bed25a41b3cce8352c4b56d6be9e3dfe61ae7c37aa8d5f8,det-v1,2,fallback,1444,163,0.003,0.0001259900,true,false
call-000909,arm10_spec_eprocess,cal/f5/s5060000/unreliable,18,meta-llama/llama-3.2-3b-instruct,sha256:26d41b0d6e1c80437f80bed930bdd50fe4bcc5e79b75a7ef9c7a910d8e002e4b,det-v1,1,fallback,1374,171,0.003,0.0001251300,true,false
call-000910,arm10_spec_eprocess,cal/f5/s5060000/unreliable,18,meta-llama/llama-3.2-3b-instruct,sha256:9703c2f6ada7a67b9bed25a41b3cce8352c4b56d6be9e3dfe61ae7c37aa8d5f8,det-v1,2,fallback,1444,163,0.002,0.0001259900,true,false
call-000911,arm8_spec_immediate,dev/f5/s5050001/unreliable,15,meta-llama/llama-3.2-3b-instruct,sha256:c2c99f97ca58299d684ba269d389bd7bcfb76b0d6086a63ea1322d4b610012c7,det-v1,1,,1267,110,570.188,0.0000996500,false,true
call-000912,arm8_spec_immediate,dev/f5/s5050001/unreliable,15,meta-llama/llama-3.2-3b-instruct,sha256:c2c99f97ca58299d684ba269d389bd7bcfb76b0d6086a63ea1322d4b610012c7,det-v1,1,fallback,1267,110,570.188,0.0000996500,false,false
call-000913,arm8_spec_immediate,dev/f5/s5050001/unreliable,15,meta-llama/llama-3.2-3b-instruct,sha256:156c67b766ffa4801dd9a632cf23e9f9575196926a6e8935727f62c3512c284f,det-v1,2,,1337,115,564.556,0.0001048000,false,true
call-000914,arm8_spec_immediate,dev/f5/s5050001/unreliable,15,meta-llama/llama-3.2-3b-instruct,sha256:156c67b766ffa4801dd9a632cf23e9f9575196926a6e8935727f62c3512c284f,det-v1,2,fallback,1337,115,564.556,0.0001048000,false,false
call-000915,arm9_spec_heuristic_rollback,dev/f5/s5050001/unreliable,15,meta-llama/llama-3.2-3b-instruct,sha256:c2c99f97ca58299d684ba269d389bd7bcfb76b0d6086a63ea1322d4b610012c7,det-v1,1,fallback,1267,110,0.002,0.0000996500,true,false
call-000916,arm9_spec_heuristic_rollback,dev/f5/s5050001/unreliable,15,meta-llama/llama-3.2-3b-instruct,sha256:156c67b766ffa4801dd9a632cf23e9f9575196926a6e8935727f62c3512c284f,det-v1,2,fallback,1337,115,0.001,0.0001048000,true,false
call-000917,arm10_spec_eprocess,dev/f5/s5050001/unreliable,15,meta-llama/llama-3.2-3b-instruct,sha256:c2c99f97ca58299d684ba269d389bd7bcfb76b0d6086a63ea1322d4b610012c7,det-v1,1,fallback,1267,110,0.002,0.0000996500,true,false
call-000918,arm10_spec_eprocess,dev/f5/s5050001/unreliable,15,meta-llama/llama-3.2-3b-instruct,sha256:156c67b766ffa4801dd9a632cf23e9f9575196926a6e8935727f62c3512c284f,det-v1,2,fallback,1337,115,0.001,0.0001048000,true,false
call-000919,arm8_spec_immediate,cal/f5/s5060001/unreliable,21,meta-llama/llama-3.2-3b-instruct,sha256:60b7e989787e0721b109ff63e9631fc7bb0cc1f3cfbb1ed1448e12e69bfc1dff,det-v1,1,,1513,133,957.665,0.0001195400,false,true
call-000920,arm8_spec_immediate,cal/f5/s5060001/unreliable,21,meta-llama/llama-3.2-3b-instruct,sha256:60b7e989787e0721b109ff63e9631fc7bb0cc1f3cfbb1ed1448e12e69bfc1dff,det-v1,1,fallback,1513,133,957.665,0.0001195400,false,false
call-000921,arm8_spec_immediate,cal/f5/s5060001/unreliable,21,meta-llama/llama-3.2-3b-instruct,sha256:4d6d6d90947b4ccfa17a7864f56fbacee124a5ab665c331c0ea551c108535f2a,det-v1,2,,1559,194,6249.748,0.0001419700,false,true
call-000922,arm8_spec_immediate,cal/f5/s5060001/unreliable,21,meta-llama/llama-3.2-3b-instruct,sha256:4d6d6d90947b4ccfa17a7864f56fbacee124a5ab665c331c0ea551c108535f2a,det-v1,2,fallback,1559,194,6249.748,0.0001419700,false,false
call-000923,arm9_spec_heuristic_rollback,cal/f5/s5060001/unreliable,21,meta-llama/llama-3.2-3b-instruct,sha256:60b7e989787e0721b109ff63e9631fc7bb0cc1f3cfbb1ed1448e12e69bfc1dff,det-v1,1,fallback,1513,133,0.003,0.0001195400,true,false
call-000924,arm9_spec_heuristic_rollback,cal/f5/s5060001/unreliable,21,meta-llama/llama-3.2-3b-instruct,sha256:4d6d6d90947b4ccfa17a7864f56fbacee124a5ab665c331c0ea551c108535f2a,det-v1,2,fallback,1559,194,0.003,0.0001419700,true,false
call-000925,arm10_spec_eprocess,cal/f5/s5060001/unreliable,21,meta-llama/llama-3.2-3b-instruct,sha256:60b7e989787e0721b109ff63e9631fc7bb0cc1f3cfbb1ed1448e12e69bfc1dff,det-v1,1,fallback,1513,133,0.003,0.0001195400,true,false
call-000926,arm10_spec_eprocess,cal/f5/s5060001/unreliable,21,meta-llama/llama-3.2-3b-instruct,sha256:4d6d6d90947b4ccfa17a7864f56fbacee124a5ab665c331c0ea551c108535f2a,det-v1,2,fallback,1559,194,0.002,0.0001419700,true,false
call-000927,arm8_spec_immediate,dev/f6/s6050000/no_alert,22,meta-llama/llama-3.2-3b-instruct,sha256:9cef2865f79835a753b65e527f0e16251475a43513707dc31386a7a7071a8faa,det-v1,1,,1477,186,6502.327,0.0001352300,false,true
call-000928,arm8_spec_immediate,dev/f6/s6050000/no_alert,22,meta-llama/llama-3.2-3b-instruct,sha256:9cef2865f79835a753b65e527f0e16251475a43513707dc31386a7a7071a8faa,det-v1,1,fallback,1477,186,6502.327,0.0001352300,false,false
call-000929,arm8_spec_immediate,dev/f6/s6050000/no_alert,22,meta-llama/llama-3.2-3b-instruct,sha256:37ee00496cea10c2deb30c34bc34146f98239b44ff118d3f3014dac47c2b74a1,det-v1,2,,1547,186,5229.311,0.0001387300,false,true
call-000930,arm8_spec_immediate,dev/f6/s6050000/no_alert,22,meta-llama/llama-3.2-3b-instruct,sha256:37ee00496cea10c2deb30c34bc34146f98239b44ff118d3f3014dac47c2b74a1,det-v1,2,fallback,1547,186,5229.311,0.0001387300,false,false
call-000931,arm9_spec_heuristic_rollback,dev/f6/s6050000/no_alert,22,meta-llama/llama-3.2-3b-instruct,sha256:9cef2865f79835a753b65e527f0e16251475a43513707dc31386a7a7071a8faa,det-v1,1,fallback,1477,186,0.003,0.0001352300,true,false
call-000932,arm9_spec_heuristic_rollback,dev/f6/s6050000/no_alert,22,meta-llama/llama-3.2-3b-instruct,sha256:37ee00496cea10c2deb30c34bc34146f98239b44ff118d3f3014dac47c2b74a1,det-v1,2,fallback,1547,186,0.003,0.0001387300,true,false
call-000933,arm10_spec_eprocess,dev/f6/s6050000/no_alert,22,meta-llama/llama-3.2-3b-instruct,sha256:9cef2865f79835a753b65e527f0e16251475a43513707dc31386a7a7071a8faa,det-v1,1,fallback,1477,186,0.003,0.0001352300,true,false
call-000934,arm10_spec_eprocess,dev/f6/s6050000/no_alert,22,meta-llama/llama-3.2-3b-instruct,sha256:37ee00496cea10c2deb30c34bc34146f98239b44ff118d3f3014dac47c2b74a1,det-v1,2,fallback,1547,186,0.002,0.0001387300,true,false
call-000935,arm8_spec_immediate,cal/f6/s6060000/no_alert,18,meta-llama/llama-3.2-3b-instruct,sha256:7fca7c2e9bc1aa4ec09b97ed555df763d17968f5cec10fc19475fc992ff2c365,det-v1,1,,1353,143,707.947,0.0001148400,false,true
call-000936,arm8_spec_immediate,cal/f6/s6060000/no_alert,18,meta-llama/llama-3.2-3b-instruct,sha256:7fca7c2e9bc1aa4ec09b97ed555df763d17968f5cec10fc19475fc992ff2c365,det-v1,1,fallback,1353,143,707.947,0.0001148400,false,false
call-000937,arm8_spec_immediate,cal/f6/s6060000/no_alert,18,meta-llama/llama-3.2-3b-instruct,sha256:1fa1ddc39a9296184e4ca9c1946b8da6debcd66378107785c417bf27e09ecb53,det-v1,2,,1423,123,653.632,0.0001117400,false,true
call-000938,arm8_spec_immediate,cal/f6/s6060000/no_alert,18,meta-llama/llama-3.2-3b-instruct,sha256:1fa1ddc39a9296184e4ca9c1946b8da6debcd66378107785c417bf27e09ecb53,det-v1,2,fallback,1423,123,653.632,0.0001117400,false,false
call-000939,arm9_spec_heuristic_rollback,cal/f6/s6060000/no_alert,18,meta-llama/llama-3.2-3b-instruct,sha256:7fca7c2e9bc1aa4ec09b97ed555df763d17968f5cec10fc19475fc992ff2c365,det-v1,1,fallback,1353,143,0.003,0.0001148400,true,false
call-000940,arm9_spec_heuristic_rollback,cal/f6/s6060000/no_alert,18,meta-llama/llama-3.2-3b-instruct,sha256:1fa1ddc39a9296184e4ca9c1946b8da6debcd66378107785c417bf27e09ecb53,det-v1,2,fallback,1423,123,0.003,0.0001117400,true,false
call-000941,arm10_spec_eprocess,cal/f6/s6060000/no_alert,18,meta-llama/llama-3.2-3b-instruct,sha256:7fca7c2e9bc1aa4ec09b97ed555df763d17968f5cec10fc19475fc992ff2c365,det-v1,1,fallback,1353,143,0.003,0.0001148400,true,false
call-000942,arm10_spec_eprocess,cal/f6/s6060000/no_alert,18,meta-llama/llama-3.2-3b-instruct,sha256:1fa1ddc39a9296184e4ca9c1946b8da6debcd66378107785c417bf27e09ecb53,det-v1,2,fallback,1423,123,0.002,0.0001117400,true,false
call-000943,arm8_spec_immediate,dev/f6/s6050001/no_alert,25,meta-llama/llama-3.2-3b-instruct,sha256:88e18b324e966ae162b24b20a5f0d11eb791991697716b064798ad52127f8986,det-v1,1,,1612,147,831.805,0.0001291100,false,true
call-000944,arm8_spec_immediate,dev/f6/s6050001/no_alert,25,meta-llama/llama-3.2-3b-instruct,sha256:88e18b324e966ae162b24b20a5f0d11eb791991697716b064798ad52127f8986,det-v1,1,fallback,1612,147,831.805,0.0001291100,false,false
call-000945,arm8_spec_immediate,dev/f6/s6050001/no_alert,25,meta-llama/llama-3.2-3b-instruct,sha256:56a0f9b1626d0093f1534a3b0a3df6aef4f5408cdd5864df417261bfdac4ac88,det-v1,2,,1658,201,7210.521,0.0001492300,false,true
call-000946,arm8_spec_immediate,dev/f6/s6050001/no_alert,25,meta-llama/llama-3.2-3b-instruct,sha256:56a0f9b1626d0093f1534a3b0a3df6aef4f5408cdd5864df417261bfdac4ac88,det-v1,2,fallback,1658,201,7210.521,0.0001492300,false,false
call-000947,arm9_spec_heuristic_rollback,dev/f6/s6050001/no_alert,25,meta-llama/llama-3.2-3b-instruct,sha256:88e18b324e966ae162b24b20a5f0d11eb791991697716b064798ad52127f8986,det-v1,1,fallback,1612,147,0.003,0.0001291100,true,false
call-000948,arm9_spec_heuristic_rollback,dev/f6/s6050001/no_alert,25,meta-llama/llama-3.2-3b-instruct,sha256:56a0f9b1626d0093f1534a3b0a3df6aef4f5408cdd5864df417261bfdac4ac88,det-v1,2,fallback,1658,201,0.003,0.0001492300,true,false
call-000949,arm10_spec_eprocess,dev/f6/s6050001/no_alert,25,meta-llama/llama-3.2-3b-instruct,sha256:88e18b324e966ae162b24b20a5f0d11eb791991697716b064798ad52127f8986,det-v1,1,fallback,1612,147,0.003,0.0001291100,true,false
call-000950,arm10_spec_eprocess,dev/f6/s6050001/no_alert,25,meta-llama/llama-3.2-3b-instruct,sha256:56a0f9b1626d0093f1534a3b0a3df6aef4f5408cdd5864df417261bfdac4ac88,det-v1,2,fallback,1658,201,0.002,0.0001492300,true,false
call-000951,arm8_spec_immediate,cal/f6/s6060001/no_alert,23,meta-llama/llama-3.2-3b-instruct,sha256:c2ac48175513dfd5aef15fa8d90404454b2c1d113cae82ae4ce36181e2328666,det-v1,1,,1538,137,1027.332,0.0001221100,false,true
call-000952,arm8_spec_immediate,cal/f6/s6060001/no_alert,23,meta-llama/llama-3.2-3b-instruct,sha256:c2ac48175513dfd5aef15fa8d90404454b2c1d113cae82ae4ce36181e2328666,det-v1,1,fallback,1538,137,1027.332,0.0001221100,false,false
call-000953,arm8_spec_immediate,cal/f6/s6060001/no_alert,23,meta-llama/llama-3.2-3b-instruct,sha256:b9cabc7e94a97ed3da93949bfbce51114942c6af87cc035e664754f4a5b86481,det-v1,2,,1608,137,873.137,0.0001256100,false,true
call-000954,arm8_spec_immediate,cal/f6/s6060001/no_alert,23,meta-llama/llama-3.2-3b-instruct,sha256:b9cabc7e94a97ed3da93949bfbce51114942c6af87cc035e664754f4a5b86481,det-v1,2,fallback,1608,137,873.137,0.0001256100,false,false
call-000955,arm9_spec_heuristic_rollback,cal/f6/s6060001/no_alert,23,meta-llama/llama-3.2-3b-instruct,sha256:c2ac48175513dfd5aef15fa8d90404454b2c1d113cae82ae4ce36181e2328666,det-v1,1,fallback,1538,137,0.004,0.0001221100,true,false
call-000956,arm9_spec_heuristic_rollback,cal/f6/s6060001/no_alert,23,meta-llama/llama-3.2-3b-instruct,sha256:b9cabc7e94a97ed3da93949bfbce51114942c6af87cc035e664754f4a5b86481,det-v1,2,fallback,1608,137,0.003,0.0001256100,true,false
call-000957,arm10_spec_eprocess,cal/f6/s6060001/no_alert,23,meta-llama/llama-3.2-3b-instruct,sha256:c2ac48175513dfd5aef15fa8d90404454b2c1d113cae82ae4ce36181e2328666,det-v1,1,fallback,1538,137,0.003,0.0001221100,true,false
call-000958,arm10_spec_eprocess,cal/f6/s6060001/no_alert,23,meta-llama/llama-3.2-3b-instruct,sha256:b9cabc7e94a97ed3da93949bfbce51114942c6af87cc035e664754f4a5b86481,det-v1,2,fallback,1608,137,0.002,0.0001256100,true,false
call-000959,arm8_spec_immediate,dev/f6/s6050000/early_accurate,18,meta-llama/llama-3.2-3b-instruct,sha256:e7c56d78fa3c0ade649b81f953d242373067373e623cf864168c7d00a9bad2e5,det-v1,1,,1368,171,5402.552,0.0001248300,false,true
call-000960,arm8_spec_immediate,dev/f6/s6050000/early_accurate,18,meta-llama/llama-3.2-3b-instruct,sha256:e7c56d78fa3c0ade649b81f953d242373067373e623cf864168c7d00a9bad2e5,det-v1,1,fallback,1368,171,5402.552,0.0001248300,false,false
call-000961,arm8_spec_immediate,dev/f6/s6050000/early_accurate,18,meta-llama/llama-3.2-3b-instruct,sha256:9d6ec8c81f918578195130c504f0e424217b955b94f41cb6f851c065c5dbf1c8,det-v1,2,,1462,127,746.227,0.0001150100,false,true
call-000962,arm8_spec_immediate,dev/f6/s6050000/early_accurate,18,meta-llama/llama-3.2-3b-instruct,sha256:9d6ec8c81f918578195130c504f0e424217b955b94f41cb6f851c065c5dbf1c8,det-v1,2,fallback,1462,127,746.227,0.0001150100,false,false
call-000963,arm9_spec_heuristic_rollback,dev/f6/s6050000/early_accurate,18,meta-llama/llama-3.2-3b-instruct,sha256:e7c56d78fa3c0ade649b81f953d242373067373e623cf864168c7d00a9bad2e5,det-v1,1,fallback,1368,171,0.003,0.0001248300,true,false
call-000964,arm9_spec_heuristic_rollback,dev/f6/s6050000/early_accurate,18,meta-llama/llama-3.2-3b-instruct,sha256:9d6ec8c81f918578195130c504f0e424217b955b94f41cb6f851c065c5dbf1c8,det-v1,2,fallback,1462,127,0.003,0.0001150100,true,false
call-000965,arm10_spec_eprocess,dev/f6/s6050000/early_accurate,18,meta-llama/llama-3.2-3b-instruct,sha256:e7c56d78fa3c0ade649b81f953d242373067373e623cf864168c7d00a9bad2e5,det-v1,1,fallback,1368,171,0.003,0.0001248300,true,false
call-000966,arm10_spec_eprocess,dev/f6/s6050000/early_accurate,18,meta-llama/llama-3.2-3b-instruct,sha256:9d6ec8c81f918578195130c504f0e424217b955b94f41cb6f851c065c5dbf1c8,det-v1,2,fallback,1462,127,0.002,0.0001150100,true,false
call-000967,arm8_spec_immediate,cal/f6/s6060000/early_accurate,13,meta-llama/llama-3.2-3b-instruct,sha256:c336bf7f850b3aea26dce36a86d21bbfedfc40fde1b93e00043bfc8a7cafc9f8,det-v1,1,,1210,107,559.880,0.0000958100,false,true
call-000968,arm8_spec_immediate,cal/f6/s6060000/early_accurate,13,meta-llama/llama-3.2-3b-instruct,sha256:c336bf7f850b3aea26dce36a86d21bbfedfc40fde1b93e00043bfc8a7cafc9f8,det-v1,1,fallback,1210,107,559.880,0.0000958100,false,false
call-000969,arm8_spec_immediate,cal/f6/s6060000/early_accurate,13,meta-llama/llama-3.2-3b-instruct,sha256:6773be878785759a9416881595fc344aaa12a78cce3986cd86723350a6d8266d,det-v1,2,,1280,107,562.405,0.0000993100,false,true
call-000970,arm8_spec_immediate,cal/f6/s6060000/early_accurate,13,meta-llama/llama-3.2-3b-instruct,sha256:6773be878785759a9416881595fc344aaa12a78cce3986cd86723350a6d8266d,det-v1,2,fallback,1280,107,562.405,0.0000993100,false,false
call-000971,arm8_spec_immediate,cal/f6/s6060000/early_accurate,19,meta-llama/llama-3.2-3b-instruct,sha256:842c0c0039f50762c52c67100c2abe1ca47cfb0600a3a986634cf51349a64d3f,det-v1,1,,1432,124,644.759,0.0001125200,false,true
call-000972,arm8_spec_immediate,cal/f6/s6060000/early_accurate,19,meta-llama/llama-3.2-3b-instruct,sha256:842c0c0039f50762c52c67100c2abe1ca47cfb0600a3a986634cf51349a64d3f,det-v1,1,fallback,1432,124,644.759,0.0001125200,false,false
call-000973,arm8_spec_immediate,cal/f6/s6060000/early_accurate,19,meta-llama/llama-3.2-3b-instruct,sha256:f631febe166a85920a3c1341552dcd8725aafc16461dd466279d326bcec3a480,det-v1,2,,1502,134,801.841,0.0001193200,false,true
call-000974,arm8_spec_immediate,cal/f6/s6060000/early_accurate,19,meta-llama/llama-3.2-3b-instruct,sha256:f631febe166a85920a3c1341552dcd8725aafc16461dd466279d326bcec3a480,det-v1,2,fallback,1502,134,801.841,0.0001193200,false,false
call-000975,arm9_spec_heuristic_rollback,cal/f6/s6060000/early_accurate,13,meta-llama/llama-3.2-3b-instruct,sha256:c336bf7f850b3aea26dce36a86d21bbfedfc40fde1b93e00043bfc8a7cafc9f8,det-v1,1,fallback,1210,107,0.003,0.0000958100,true,false
call-000976,arm9_spec_heuristic_rollback,cal/f6/s6060000/early_accurate,13,meta-llama/llama-3.2-3b-instruct,sha256:6773be878785759a9416881595fc344aaa12a78cce3986cd86723350a6d8266d,det-v1,2,fallback,1280,107,0.003,0.0000993100,true,false
call-000977,arm9_spec_heuristic_rollback,cal/f6/s6060000/early_accurate,19,meta-llama/llama-3.2-3b-instruct,sha256:842c0c0039f50762c52c67100c2abe1ca47cfb0600a3a986634cf51349a64d3f,det-v1,1,fallback,1432,124,0.003,0.0001125200,true,false
call-000978,arm9_spec_heuristic_rollback,cal/f6/s6060000/early_accurate,19,meta-llama/llama-3.2-3b-instruct,sha256:f631febe166a85920a3c1341552dcd8725aafc16461dd466279d326bcec3a480,det-v1,2,fallback,1502,134,0.003,0.0001193200,true,false
call-000979,arm10_spec_eprocess,cal/f6/s6060000/early_accurate,13,meta-llama/llama-3.2-3b-instruct,sha256:c336bf7f850b3aea26dce36a86d21bbfedfc40fde1b93e00043bfc8a7cafc9f8,det-v1,1,fallback,1210,107,0.003,0.0000958100,true,false
call-000980,arm10_spec_eprocess,cal/f6/s6060000/early_accurate,13,meta-llama/llama-3.2-3b-instruct,sha256:6773be878785759a9416881595fc344aaa12a78cce3986cd86723350a6d8266d,det-v1,2,fallback,1280,107,0.002,0.0000993100,true,false
call-000981,arm10_spec_eprocess,cal/f6/s6060000/early_accurate,19,meta-llama/llama-3.2-3b-instruct,sha256:842c0c0039f50762c52c67100c2abe1ca47cfb0600a3a986634cf51349a64d3f,det-v1,1,fallback,1432,124,0.002,0.0001125200,true,false
call-000982,arm10_spec_eprocess,cal/f6/s6060000/early_accurate,19,meta-llama/llama-3.2-3b-instruct,sha256:f631febe166a85920a3c1341552dcd8725aafc16461dd466279d326bcec3a480,det-v1,2,fallback,1502,134,0.002,0.0001193200,true,false
call-000983,arm8_spec_immediate,dev/f6/s6050001/early_accurate,19,meta-llama/llama-3.2-3b-instruct,sha256:b6c5ec872af183709c9e4ebc538a44818e590843523ae6851e554f82eaf07582,det-v1,1,,1399,177,6921.208,0.0001283600,false,true
call-000984,arm8_spec_immediate,dev/f6/s6050001/early_accurate,19,meta-llama/llama-3.2-3b-instruct,sha256:b6c5ec872af183709c9e4ebc538a44818e590843523ae6851e554f82eaf07582,det-v1,1,fallback,1399,177,6921.208,0.0001283600,false,false
call-000985,arm8_spec_immediate,dev/f6/s6050001/early_accurate,19,meta-llama/llama-3.2-3b-instruct,sha256:5fc87a4d90b8f4899bec878e8ddc0590ddae6e81fb1f71ca9925b1d811c002d0,det-v1,2,,1493,134,651.640,0.0001188700,false,true
call-000986,arm8_spec_immediate,dev/f6/s6050001/early_accurate,19,meta-llama/llama-3.2-3b-instruct,sha256:5fc87a4d90b8f4899bec878e8ddc0590ddae6e81fb1f71ca9925b1d811c002d0,det-v1,2,fallback,1493,134,651.640,0.0001188700,false,false
call-000987,arm8_spec_immediate,dev/f6/s6050001/early_accurate,25,meta-llama/llama-3.2-3b-instruct,sha256:a24277e15010d90148cd589adb4c51a26e3bd0e4c28d4bdfa2845643c8690da5,det-v1,1,,1621,202,4626.178,0.0001477100,false,true
call-000988,arm8_spec_immediate,dev/f6/s6050001/early_accurate,25,meta-llama/llama-3.2-3b-instruct,sha256:a24277e15010d90148cd589adb4c51a26e3bd0e4c28d4bdfa2845643c8690da5,det-v1,1,fallback,1621,202,4626.178,0.0001477100,false,false
call-000989,arm8_spec_immediate,dev/f6/s6050001/early_accurate,25,meta-llama/llama-3.2-3b-instruct,sha256:e795cbfe14e6076e4fcf5ecfec69afc324a615dcdf68e38b53e9b20800e4d93f,det-v1,2,,1691,201,5607.253,0.0001508800,false,true
call-000990,arm8_spec_immediate,dev/f6/s6050001/early_accurate,25,meta-llama/llama-3.2-3b-instruct,sha256:e795cbfe14e6076e4fcf5ecfec69afc324a615dcdf68e38b53e9b20800e4d93f,det-v1,2,fallback,1691,201,5607.253,0.0001508800,false,false
call-000991,arm9_spec_heuristic_rollback,dev/f6/s6050001/early_accurate,19,meta-llama/llama-3.2-3b-instruct,sha256:b6c5ec872af183709c9e4ebc538a44818e590843523ae6851e554f82eaf07582,det-v1,1,fallback,1399,177,0.003,0.0001283600,true,false
call-000992,arm9_spec_heuristic_rollback,dev/f6/s6050001/early_accurate,19,meta-llama/llama-3.2-3b-instruct,sha256:5fc87a4d90b8f4899bec878e8ddc0590ddae6e81fb1f71ca9925b1d811c002d0,det-v1,2,fallback,1493,134,0.003,0.0001188700,true,false
call-000993,arm9_spec_heuristic_rollback,dev/f6/s6050001/early_accurate,25,meta-llama/llama-3.2-3b-instruct,sha256:a24277e15010d90148cd589adb4c51a26e3bd0e4c28d4bdfa2845643c8690da5,det-v1,1,fallback,1621,202,0.003,0.0001477100,true,false
call-000994,arm9_spec_heuristic_rollback,dev/f6/s6050001/early_accurate,25,meta-llama/llama-3.2-3b-instruct,sha256:e795cbfe14e6076e4fcf5ecfec69afc324a615dcdf68e38b53e9b20800e4d93f,det-v1,2,fallback,1691,201,0.003,0.0001508800,true,false
call-000995,arm10_spec_eprocess,dev/f6/s6050001/early_accurate,19,meta-llama/llama-3.2-3b-instruct,sha256:b6c5ec872af183709c9e4ebc538a44818e590843523ae6851e554f82eaf07582,det-v1,1,fallback,1399,177,0.003,0.0001283600,true,false
call-000996,arm10_spec_eprocess,dev/f6/s6050001/early_accurate,19,meta-llama/llama-3.2-3b-instruct,sha256:5fc87a4d90b8f4899bec878e8ddc0590ddae6e81fb1f71ca9925b1d811c002d0,det-v1,2,fallback,1493,134,0.002,0.0001188700,true,false
call-000997,arm10_spec_eprocess,dev/f6/s6050001/early_accurate,25,meta-llama/llama-3.2-3b-instruct,sha256:a24277e15010d90148cd589adb4c51a26e3bd0e4c28d4bdfa2845643c8690da5,det-v1,1,fallback,1621,202,0.002,0.0001477100,true,false
call-000998,arm10_spec_eprocess,dev/f6/s6050001/early_accurate,25,meta-llama/llama-3.2-3b-instruct,sha256:e795cbfe14e6076e4fcf5ecfec69afc324a615dcdf68e38b53e9b20800e4d93f,det-v1,2,fallback,1691,201,0.002,0.0001508800,true,false
call-000999,arm8_spec_immediate,cal/f6/s6060001/early_accurate,17,meta-llama/llama-3.2-3b-instruct,sha256:d317692e2aa12b4fbd52c1e1b844f2c07989f4e7625e3e7bd503c3777ac1b201,det-v1,1,,1333,165,4512.178,0.0001211000,false,true
call-001000,arm8_spec_immediate,cal/f6/s6060001/early_accurate,17,meta-llama/llama-3.2-3b-instruct,sha256:d317692e2aa12b4fbd52c1e1b844f2c07989f4e7625e3e7bd503c3777ac1b201,det-v1,1,fallback,1333,165,4512.178,0.0001211000,false,false
call-001001,arm8_spec_immediate,cal/f6/s6060001/early_accurate,17,meta-llama/llama-3.2-3b-instruct,sha256:12539611d0839eca1bf5c5492817515cdd58cf1c48840799756bb5bf7526de8f,det-v1,2,,1403,166,5199.768,0.0001249300,false,true
call-001002,arm8_spec_immediate,cal/f6/s6060001/early_accurate,17,meta-llama/llama-3.2-3b-instruct,sha256:12539611d0839eca1bf5c5492817515cdd58cf1c48840799756bb5bf7526de8f,det-v1,2,fallback,1403,166,5199.768,0.0001249300,false,false
call-001003,arm8_spec_immediate,cal/f6/s6060001/early_accurate,23,meta-llama/llama-3.2-3b-instruct,sha256:53375c37b537adc88a07ee341d0e6bc71c838c800042a2f47d3d35c3262c9b63,det-v1,1,,1555,192,6311.144,0.0001411100,false,true
call-001004,arm8_spec_immediate,cal/f6/s6060001/early_accurate,23,meta-llama/llama-3.2-3b-instruct,sha256:53375c37b537adc88a07ee341d0e6bc71c838c800042a2f47d3d35c3262c9b63,det-v1,1,fallback,1555,192,6311.144,0.0001411100,false,false
call-001005,arm8_spec_immediate,cal/f6/s6060001/early_accurate,23,meta-llama/llama-3.2-3b-instruct,sha256:b85e8aebca1727e34b5e2d1d9802ef7df10ed5345aa978059da04446fca80432,det-v1,2,,1649,57,425.580,0.0001012600,false,true
call-001006,arm8_spec_immediate,cal/f6/s6060001/early_accurate,23,meta-llama/llama-3.2-3b-instruct,sha256:b85e8aebca1727e34b5e2d1d9802ef7df10ed5345aa978059da04446fca80432,det-v1,2,fallback,1649,57,425.580,0.0001012600,false,false
call-001007,arm9_spec_heuristic_rollback,cal/f6/s6060001/early_accurate,17,meta-llama/llama-3.2-3b-instruct,sha256:d317692e2aa12b4fbd52c1e1b844f2c07989f4e7625e3e7bd503c3777ac1b201,det-v1,1,fallback,1333,165,0.003,0.0001211000,true,false
call-001008,arm9_spec_heuristic_rollback,cal/f6/s6060001/early_accurate,17,meta-llama/llama-3.2-3b-instruct,sha256:12539611d0839eca1bf5c5492817515cdd58cf1c48840799756bb5bf7526de8f,det-v1,2,fallback,1403,166,0.003,0.0001249300,true,false
call-001009,arm9_spec_heuristic_rollback,cal/f6/s6060001/early_accurate,23,meta-llama/llama-3.2-3b-instruct,sha256:53375c37b537adc88a07ee341d0e6bc71c838c800042a2f47d3d35c3262c9b63,det-v1,1,fallback,1555,192,0.003,0.0001411100,true,false
call-001010,arm9_spec_heuristic_rollback,cal/f6/s6060001/early_accurate,23,meta-llama/llama-3.2-3b-instruct,sha256:b85e8aebca1727e34b5e2d1d9802ef7df10ed5345aa978059da04446fca80432,det-v1,2,fallback,1649,57,0.003,0.0001012600,true,false
call-001011,arm10_spec_eprocess,cal/f6/s6060001/early_accurate,17,meta-llama/llama-3.2-3b-instruct,sha256:d317692e2aa12b4fbd52c1e1b844f2c07989f4e7625e3e7bd503c3777ac1b201,det-v1,1,fallback,1333,165,0.003,0.0001211000,true,false
call-001012,arm10_spec_eprocess,cal/f6/s6060001/early_accurate,17,meta-llama/llama-3.2-3b-instruct,sha256:12539611d0839eca1bf5c5492817515cdd58cf1c48840799756bb5bf7526de8f,det-v1,2,fallback,1403,166,0.002,0.0001249300,true,false
call-001013,arm10_spec_eprocess,cal/f6/s6060001/early_accurate,23,meta-llama/llama-3.2-3b-instruct,sha256:53375c37b537adc88a07ee341d0e6bc71c838c800042a2f47d3d35c3262c9b63,det-v1,1,fallback,1555,192,0.002,0.0001411100,true,false
call-001014,arm10_spec_eprocess,cal/f6/s6060001/early_accurate,23,meta-llama/llama-3.2-3b-instruct,sha256:b85e8aebca1727e34b5e2d1d9802ef7df10ed5345aa978059da04446fca80432,det-v1,2,fallback,1649,57,0.002,0.0001012600,true,false
call-001015,arm8_spec_immediate,dev/f6/s6050000/late_accurate,21,meta-llama/llama-3.2-3b-instruct,sha256:e79badc848b7df9e78ecdb6276df55e0fcf20e182b554f1eb9790d826c1921b6,det-v1,1,,1503,133,685.227,0.0001190400,false,true
call-001016,arm8_spec_immediate,dev/f6/s6050000/late_accurate,21,meta-llama/llama-3.2-3b-instruct,sha256:e79badc848b7df9e78ecdb6276df55e0fcf20e182b554f1eb9790d826c1921b6,det-v1,1,fallback,1503,133,685.227,0.0001190400,false,false
call-001017,arm8_spec_immediate,dev/f6/s6050000/late_accurate,21,meta-llama/llama-3.2-3b-instruct,sha256:9fd7da4adab3b3c165c2f0b57a8afac574e89b11bda7deec8a36bc0585b08611,det-v1,2,,1549,194,6289.619,0.0001414700,false,true
call-001018,arm8_spec_immediate,dev/f6/s6050000/late_accurate,21,meta-llama/llama-3.2-3b-instruct,sha256:9fd7da4adab3b3c165c2f0b57a8afac574e89b11bda7deec8a36bc0585b08611,det-v1,2,fallback,1549,194,6289.619,0.0001414700,false,false
call-001019,arm9_spec_heuristic_rollback,dev/f6/s6050000/late_accurate,21,meta-llama/llama-3.2-3b-instruct,sha256:e79badc848b7df9e78ecdb6276df55e0fcf20e182b554f1eb9790d826c1921b6,det-v1,1,fallback,1503,133,0.003,0.0001190400,true,false
call-001020,arm9_spec_heuristic_rollback,dev/f6/s6050000/late_accurate,21,meta-llama/llama-3.2-3b-instruct,sha256:9fd7da4adab3b3c165c2f0b57a8afac574e89b11bda7deec8a36bc0585b08611,det-v1,2,fallback,1549,194,0.003,0.0001414700,true,false
call-001021,arm10_spec_eprocess,dev/f6/s6050000/late_accurate,21,meta-llama/llama-3.2-3b-instruct,sha256:e79badc848b7df9e78ecdb6276df55e0fcf20e182b554f1eb9790d826c1921b6,det-v1,1,fallback,1503,133,0.003,0.0001190400,true,false
call-001022,arm10_spec_eprocess,dev/f6/s6050000/late_accurate,21,meta-llama/llama-3.2-3b-instruct,sha256:9fd7da4adab3b3c165c2f0b57a8afac574e89b11bda7deec8a36bc0585b08611,det-v1,2,fallback,1549,194,0.002,0.0001414700,true,false
call-001023,arm8_spec_immediate,cal/f6/s6060000/late_accurate,16,meta-llama/llama-3.2-3b-instruct,sha256:02615add315b8584d69f0eca653b10743d45d12289eb4c705064ea1c5d6297de,det-v1,1,,1321,113,639.221,0.0001033400,false,true
call-001024,arm8_spec_immediate,cal/f6/s6060000/late_accurate,16,meta-llama/llama-3.2-3b-instruct,sha256:02615add315b8584d69f0eca653b10743d45d12289eb4c705064ea1c5d6297de,det-v1,1,fallback,1321,113,639.221,0.0001033400,false,false
call-001025,arm8_spec_immediate,cal/f6/s6060000/late_accurate,16,meta-llama/llama-3.2-3b-instruct,sha256:e951c57685fc2586c33b9fa25ba9f0c21a03b86489cdfacae7e0c47cad925002,det-v1,2,,1391,113,490.326,0.0001068400,false,true
call-001026,arm8_spec_immediate,cal/f6/s6060000/late_accurate,16,meta-llama/llama-3.2-3b-instruct,sha256:e951c57685fc2586c33b9fa25ba9f0c21a03b86489cdfacae7e0c47cad925002,det-v1,2,fallback,1391,113,490.326,0.0001068400,false,false
call-001027,arm9_spec_heuristic_rollback,cal/f6/s6060000/late_accurate,16,meta-llama/llama-3.2-3b-instruct,sha256:02615add315b8584d69f0eca653b10743d45d12289eb4c705064ea1c5d6297de,det-v1,1,fallback,1321,113,0.003,0.0001033400,true,false
call-001028,arm9_spec_heuristic_rollback,cal/f6/s6060000/late_accurate,16,meta-llama/llama-3.2-3b-instruct,sha256:e951c57685fc2586c33b9fa25ba9f0c21a03b86489cdfacae7e0c47cad925002,det-v1,2,fallback,1391,113,0.003,0.0001068400,true,false
call-001029,arm10_spec_eprocess,cal/f6/s6060000/late_accurate,16,meta-llama/llama-3.2-3b-instruct,sha256:02615add315b8584d69f0eca653b10743d45d12289eb4c705064ea1c5d6297de,det-v1,1,fallback,1321,113,0.003,0.0001033400,true,false
call-001030,arm10_spec_eprocess,cal/f6/s6060000/late_accurate,16,meta-llama/llama-3.2-3b-instruct,sha256:e951c57685fc2586c33b9fa25ba9f0c21a03b86489cdfacae7e0c47cad925002,det-v1,2,fallback,1391,113,0.002,0.0001068400,true,false
call-001031,arm8_spec_immediate,dev/f6/s6050001/late_accurate,22,meta-llama/llama-3.2-3b-instruct,sha256:26f05ef951ee4110a06b4e15d6363a337c396cf7ee721d357662f5acdf61fa30,det-v1,1,,1534,140,655.375,0.0001229000,false,true
call-001032,arm8_spec_immediate,dev/f6/s6050001/late_accurate,22,meta-llama/llama-3.2-3b-instruct,sha256:26f05ef951ee4110a06b4e15d6363a337c396cf7ee721d357662f5acdf61fa30,det-v1,1,fallback,1534,140,655.375,0.0001229000,false,false
call-001033,arm8_spec_immediate,dev/f6/s6050001/late_accurate,22,meta-llama/llama-3.2-3b-instruct,sha256:8be32453a9a2af0776ac7fcc54ade54072d4fb4015e9009bc2128475fd70524c,det-v1,2,,1604,137,711.466,0.0001254100,false,true
call-001034,arm8_spec_immediate,dev/f6/s6050001/late_accurate,22,meta-llama/llama-3.2-3b-instruct,sha256:8be32453a9a2af0776ac7fcc54ade54072d4fb4015e9009bc2128475fd70524c,det-v1,2,fallback,1604,137,711.466,0.0001254100,false,false
call-001035,arm8_spec_immediate,dev/f6/s6050001/late_accurate,28,meta-llama/llama-3.2-3b-instruct,sha256:86637e99992fd98ca1d961a2c9c0393d992fdd0e773a87a217f7457959aed984,det-v1,1,,1756,167,765.725,0.0001429100,false,true
call-001036,arm8_spec_immediate,dev/f6/s6050001/late_accurate,28,meta-llama/llama-3.2-3b-instruct,sha256:86637e99992fd98ca1d961a2c9c0393d992fdd0e773a87a217f7457959aed984,det-v1,1,fallback,1756,167,765.725,0.0001429100,false,false
call-001037,arm8_spec_immediate,dev/f6/s6050001/late_accurate,28,meta-llama/llama-3.2-3b-instruct,sha256:d558992b6734519a9482bb49b33ff0458f68a0c2758cbd5af4c248a11528d5c3,det-v1,2,,1826,167,746.412,0.0001464100,false,true
call-001038,arm8_spec_immediate,dev/f6/s6050001/late_accurate,28,meta-llama/llama-3.2-3b-instruct,sha256:d558992b6734519a9482bb49b33ff0458f68a0c2758cbd5af4c248a11528d5c3,det-v1,2,fallback,1826,167,746.412,0.0001464100,false,false
call-001039,arm9_spec_heuristic_rollback,dev/f6/s6050001/late_accurate,22,meta-llama/llama-3.2-3b-instruct,sha256:26f05ef951ee4110a06b4e15d6363a337c396cf7ee721d357662f5acdf61fa30,det-v1,1,fallback,1534,140,0.003,0.0001229000,true,false
call-001040,arm9_spec_heuristic_rollback,dev/f6/s6050001/late_accurate,22,meta-llama/llama-3.2-3b-instruct,sha256:8be32453a9a2af0776ac7fcc54ade54072d4fb4015e9009bc2128475fd70524c,det-v1,2,fallback,1604,137,0.003,0.0001254100,true,false
call-001041,arm9_spec_heuristic_rollback,dev/f6/s6050001/late_accurate,28,meta-llama/llama-3.2-3b-instruct,sha256:86637e99992fd98ca1d961a2c9c0393d992fdd0e773a87a217f7457959aed984,det-v1,1,fallback,1756,167,0.003,0.0001429100,true,false
call-001042,arm9_spec_heuristic_rollback,dev/f6/s6050001/late_accurate,28,meta-llama/llama-3.2-3b-instruct,sha256:d558992b6734519a9482bb49b33ff0458f68a0c2758cbd5af4c248a11528d5c3,det-v1,2,fallback,1826,167,0.002,0.0001464100,true,false
call-001043,arm10_spec_eprocess,dev/f6/s6050001/late_accurate,22,meta-llama/llama-3.2-3b-instruct,sha256:26f05ef951ee4110a06b4e15d6363a337c396cf7ee721d357662f5acdf61fa30,det-v1,1,fallback,1534,140,0.003,0.0001229000,true,false
call-001044,arm10_spec_eprocess,dev/f6/s6050001/late_accurate,22,meta-llama/llama-3.2-3b-instruct,sha256:8be32453a9a2af0776ac7fcc54ade54072d4fb4015e9009bc2128475fd70524c,det-v1,2,fallback,1604,137,0.002,0.0001254100,true,false
call-001045,arm10_spec_eprocess,dev/f6/s6050001/late_accurate,28,meta-llama/llama-3.2-3b-instruct,sha256:86637e99992fd98ca1d961a2c9c0393d992fdd0e773a87a217f7457959aed984,det-v1,1,fallback,1756,167,0.003,0.0001429100,true,false
call-001046,arm10_spec_eprocess,dev/f6/s6050001/late_accurate,28,meta-llama/llama-3.2-3b-instruct,sha256:d558992b6734519a9482bb49b33ff0458f68a0c2758cbd5af4c248a11528d5c3,det-v1,2,fallback,1826,167,0.002,0.0001464100,true,false
call-001047,arm8_spec_immediate,cal/f6/s6060001/late_accurate,20,meta-llama/llama-3.2-3b-instruct,sha256:78253e1a360455a014bd4aed8f48da34ebbaaf403db921f4f98d3bee2f29745c,det-v1,1,,1468,129,2264.896,0.0001159700,false,true
call-001048,arm8_spec_immediate,cal/f6/s6060001/late_accurate,20,meta-llama/llama-3.2-3b-instruct,sha256:78253e1a360455a014bd4aed8f48da34ebbaaf403db921f4f98d3bee2f29745c,det-v1,1,fallback,1468,129,2264.896,0.0001159700,false,false
call-001049,arm8_spec_immediate,cal/f6/s6060001/late_accurate,20,meta-llama/llama-3.2-3b-instruct,sha256:c9b672a5271a114d9c3abc8ba02295497edba76dc244b7779c58e3d6a8118872,det-v1,2,,1538,129,724.175,0.0001194700,false,true
call-001050,arm8_spec_immediate,cal/f6/s6060001/late_accurate,20,meta-llama/llama-3.2-3b-instruct,sha256:c9b672a5271a114d9c3abc8ba02295497edba76dc244b7779c58e3d6a8118872,det-v1,2,fallback,1538,129,724.175,0.0001194700,false,false
call-001051,arm9_spec_heuristic_rollback,cal/f6/s6060001/late_accurate,20,meta-llama/llama-3.2-3b-instruct,sha256:78253e1a360455a014bd4aed8f48da34ebbaaf403db921f4f98d3bee2f29745c,det-v1,1,fallback,1468,129,0.004,0.0001159700,true,false
call-001052,arm9_spec_heuristic_rollback,cal/f6/s6060001/late_accurate,20,meta-llama/llama-3.2-3b-instruct,sha256:c9b672a5271a114d9c3abc8ba02295497edba76dc244b7779c58e3d6a8118872,det-v1,2,fallback,1538,129,0.002,0.0001194700,true,false
call-001053,arm10_spec_eprocess,cal/f6/s6060001/late_accurate,20,meta-llama/llama-3.2-3b-instruct,sha256:78253e1a360455a014bd4aed8f48da34ebbaaf403db921f4f98d3bee2f29745c,det-v1,1,fallback,1468,129,0.003,0.0001159700,true,false
call-001054,arm10_spec_eprocess,cal/f6/s6060001/late_accurate,20,meta-llama/llama-3.2-3b-instruct,sha256:c9b672a5271a114d9c3abc8ba02295497edba76dc244b7779c58e3d6a8118872,det-v1,2,fallback,1538,129,0.002,0.0001194700,true,false
call-001055,arm8_spec_immediate,dev/f6/s6050000/unreliable,18,meta-llama/llama-3.2-3b-instruct,sha256:69e46609f5bf28db57b75e49c7185f68416c42139802f435031a1f5a48412f74,det-v1,1,,1364,171,5926.209,0.0001246300,false,true
call-001056,arm8_spec_immediate,dev/f6/s6050000/unreliable,18,meta-llama/llama-3.2-3b-instruct,sha256:69e46609f5bf28db57b75e49c7185f68416c42139802f435031a1f5a48412f74,det-v1,1,fallback,1364,171,5926.209,0.0001246300,false,false
call-001057,arm8_spec_immediate,dev/f6/s6050000/unreliable,18,meta-llama/llama-3.2-3b-instruct,sha256:5d77c6eb839ded8ba5f01a61ce28b103b35824e4d87346e1505d449fbe87be65,det-v1,2,,1458,121,629.279,0.0001128300,false,true
call-001058,arm8_spec_immediate,dev/f6/s6050000/unreliable,18,meta-llama/llama-3.2-3b-instruct,sha256:5d77c6eb839ded8ba5f01a61ce28b103b35824e4d87346e1505d449fbe87be65,det-v1,2,fallback,1458,121,629.279,0.0001128300,false,false
call-001059,arm9_spec_heuristic_rollback,dev/f6/s6050000/unreliable,18,meta-llama/llama-3.2-3b-instruct,sha256:69e46609f5bf28db57b75e49c7185f68416c42139802f435031a1f5a48412f74,det-v1,1,fallback,1364,171,0.003,0.0001246300,true,false
call-001060,arm9_spec_heuristic_rollback,dev/f6/s6050000/unreliable,18,meta-llama/llama-3.2-3b-instruct,sha256:5d77c6eb839ded8ba5f01a61ce28b103b35824e4d87346e1505d449fbe87be65,det-v1,2,fallback,1458,121,0.003,0.0001128300,true,false
call-001061,arm10_spec_eprocess,dev/f6/s6050000/unreliable,18,meta-llama/llama-3.2-3b-instruct,sha256:69e46609f5bf28db57b75e49c7185f68416c42139802f435031a1f5a48412f74,det-v1,1,fallback,1364,171,0.003,0.0001246300,true,false
call-001062,arm10_spec_eprocess,dev/f6/s6050000/unreliable,18,meta-llama/llama-3.2-3b-instruct,sha256:5d77c6eb839ded8ba5f01a61ce28b103b35824e4d87346e1505d449fbe87be65,det-v1,2,fallback,1458,121,0.002,0.0001128300,true,false
call-001063,arm8_spec_immediate,cal/f6/s6060000/unreliable,13,meta-llama/llama-3.2-3b-instruct,sha256:511f908746e350fb6767e88dd58daaa25beb681247ec634d883aab2d682c0945,det-v1,1,fallback,1183,145,0.002,0.0001070000,true,false
call-001064,arm8_spec_immediate,cal/f6/s6060000/unreliable,13,meta-llama/llama-3.2-3b-instruct,sha256:0bad89847bd5305b13622f76dbc675ce5c07ba2f2cdfd4edc7bbaa0e11c10fa9,det-v1,2,fallback,1277,107,0.001,0.0000991600,true,false
call-001065,arm8_spec_immediate,cal/f6/s6060000/unreliable,19,meta-llama/llama-3.2-3b-instruct,sha256:fc576ae8a1df8850a03aac491a8fdaae94e606a2e7cc89c6f64464a64d3f76c5,det-v1,1,fallback,1405,86,0.001,0.0000986300,true,false
call-001066,arm8_spec_immediate,cal/f6/s6060000/unreliable,19,meta-llama/llama-3.2-3b-instruct,sha256:9af7712c64cc1fbfb6939ebb0eb7c2aea9263fc44b5994c821ce3c61e4007253,det-v1,2,fallback,1499,134,0.001,0.0001191700,true,false
call-001067,arm9_spec_heuristic_rollback,cal/f6/s6060000/unreliable,13,meta-llama/llama-3.2-3b-instruct,sha256:511f908746e350fb6767e88dd58daaa25beb681247ec634d883aab2d682c0945,det-v1,1,fallback,1183,145,0.001,0.0001070000,true,false
call-001068,arm9_spec_heuristic_rollback,cal/f6/s6060000/unreliable,13,meta-llama/llama-3.2-3b-instruct,sha256:0bad89847bd5305b13622f76dbc675ce5c07ba2f2cdfd4edc7bbaa0e11c10fa9,det-v1,2,fallback,1277,107,0.001,0.0000991600,true,false
call-001069,arm9_spec_heuristic_rollback,cal/f6/s6060000/unreliable,19,meta-llama/llama-3.2-3b-instruct,sha256:fc576ae8a1df8850a03aac491a8fdaae94e606a2e7cc89c6f64464a64d3f76c5,det-v1,1,fallback,1405,86,0.001,0.0000986300,true,false
call-001070,arm9_spec_heuristic_rollback,cal/f6/s6060000/unreliable,19,meta-llama/llama-3.2-3b-instruct,sha256:9af7712c64cc1fbfb6939ebb0eb7c2aea9263fc44b5994c821ce3c61e4007253,det-v1,2,fallback,1499,134,0.001,0.0001191700,true,false
call-001071,arm10_spec_eprocess,cal/f6/s6060000/unreliable,13,meta-llama/llama-3.2-3b-instruct,sha256:511f908746e350fb6767e88dd58daaa25beb681247ec634d883aab2d682c0945,det-v1,1,fallback,1183,145,0.001,0.0001070000,true,false
call-001072,arm10_spec_eprocess,cal/f6/s6060000/unreliable,13,meta-llama/llama-3.2-3b-instruct,sha256:0bad89847bd5305b13622f76dbc675ce5c07ba2f2cdfd4edc7bbaa0e11c10fa9,det-v1,2,fallback,1277,107,0.001,0.0000991600,true,false
call-001073,arm10_spec_eprocess,cal/f6/s6060000/unreliable,19,meta-llama/llama-3.2-3b-instruct,sha256:fc576ae8a1df8850a03aac491a8fdaae94e606a2e7cc89c6f64464a64d3f76c5,det-v1,1,fallback,1405,86,0.001,0.0000986300,true,false
call-001074,arm10_spec_eprocess,cal/f6/s6060000/unreliable,19,meta-llama/llama-3.2-3b-instruct,sha256:9af7712c64cc1fbfb6939ebb0eb7c2aea9263fc44b5994c821ce3c61e4007253,det-v1,2,fallback,1499,134,0.001,0.0001191700,true,false
call-001075,arm8_spec_immediate,dev/f6/s6050001/unreliable,19,meta-llama/llama-3.2-3b-instruct,sha256:4c4fcc64cfd7b9775d91e0cc6b71584905af3bae413ad62c43dcc47b635becfd,det-v1,1,,1416,128,631.107,0.0001130400,false,true
call-001076,arm8_spec_immediate,dev/f6/s6050001/unreliable,19,meta-llama/llama-3.2-3b-instruct,sha256:4c4fcc64cfd7b9775d91e0cc6b71584905af3bae413ad62c43dcc47b635becfd,det-v1,1,fallback,1416,128,631.107,0.0001130400,false,false
call-001077,arm8_spec_immediate,dev/f6/s6050001/unreliable,19,meta-llama/llama-3.2-3b-instruct,sha256:87ca60ce77598f9f358b7bf9e31f3d4c733335a2f9e1ed296ce3b15788f777ef,det-v1,2,,1486,133,799.483,0.0001181900,false,true
call-001078,arm8_spec_immediate,dev/f6/s6050001/unreliable,19,meta-llama/llama-3.2-3b-instruct,sha256:87ca60ce77598f9f358b7bf9e31f3d4c733335a2f9e1ed296ce3b15788f777ef,det-v1,2,fallback,1486,133,799.483,0.0001181900,false,false
call-001079,arm8_spec_immediate,dev/f6/s6050001/unreliable,25,meta-llama/llama-3.2-3b-instruct,sha256:e9630fc036f70bfad43e2bab7849df7d9dd708f57553614d85b5791f6db72f48,det-v1,1,,1614,202,5987.901,0.0001473600,false,true
call-001080,arm8_spec_immediate,dev/f6/s6050001/unreliable,25,meta-llama/llama-3.2-3b-instruct,sha256:e9630fc036f70bfad43e2bab7849df7d9dd708f57553614d85b5791f6db72f48,det-v1,1,fallback,1614,202,5987.901,0.0001473600,false,false
call-001081,arm8_spec_immediate,dev/f6/s6050001/unreliable,25,meta-llama/llama-3.2-3b-instruct,sha256:1b7a361437a4663c6617734971ebbcb903573b4ca0e6861ba3331876fdeb0a63,det-v1,2,,1708,153,788.099,0.0001358900,false,true
call-001082,arm8_spec_immediate,dev/f6/s6050001/unreliable,25,meta-llama/llama-3.2-3b-instruct,sha256:1b7a361437a4663c6617734971ebbcb903573b4ca0e6861ba3331876fdeb0a63,det-v1,2,fallback,1708,153,788.099,0.0001358900,false,false
call-001083,arm9_spec_heuristic_rollback,dev/f6/s6050001/unreliable,19,meta-llama/llama-3.2-3b-instruct,sha256:4c4fcc64cfd7b9775d91e0cc6b71584905af3bae413ad62c43dcc47b635becfd,det-v1,1,fallback,1416,128,0.003,0.0001130400,true,false
call-001084,arm9_spec_heuristic_rollback,dev/f6/s6050001/unreliable,19,meta-llama/llama-3.2-3b-instruct,sha256:87ca60ce77598f9f358b7bf9e31f3d4c733335a2f9e1ed296ce3b15788f777ef,det-v1,2,fallback,1486,133,0.003,0.0001181900,true,false
call-001085,arm9_spec_heuristic_rollback,dev/f6/s6050001/unreliable,25,meta-llama/llama-3.2-3b-instruct,sha256:e9630fc036f70bfad43e2bab7849df7d9dd708f57553614d85b5791f6db72f48,det-v1,1,fallback,1614,202,0.003,0.0001473600,true,false
call-001086,arm9_spec_heuristic_rollback,dev/f6/s6050001/unreliable,25,meta-llama/llama-3.2-3b-instruct,sha256:1b7a361437a4663c6617734971ebbcb903573b4ca0e6861ba3331876fdeb0a63,det-v1,2,fallback,1708,153,0.003,0.0001358900,true,false
call-001087,arm10_spec_eprocess,dev/f6/s6050001/unreliable,19,meta-llama/llama-3.2-3b-instruct,sha256:4c4fcc64cfd7b9775d91e0cc6b71584905af3bae413ad62c43dcc47b635becfd,det-v1,1,fallback,1416,128,0.003,0.0001130400,true,false
call-001088,arm10_spec_eprocess,dev/f6/s6050001/unreliable,19,meta-llama/llama-3.2-3b-instruct,sha256:87ca60ce77598f9f358b7bf9e31f3d4c733335a2f9e1ed296ce3b15788f777ef,det-v1,2,fallback,1486,133,0.002,0.0001181900,true,false
call-001089,arm10_spec_eprocess,dev/f6/s6050001/unreliable,25,meta-llama/llama-3.2-3b-instruct,sha256:e9630fc036f70bfad43e2bab7849df7d9dd708f57553614d85b5791f6db72f48,det-v1,1,fallback,1614,202,0.003,0.0001473600,true,false
call-001090,arm10_spec_eprocess,dev/f6/s6050001/unreliable,25,meta-llama/llama-3.2-3b-instruct,sha256:1b7a361437a4663c6617734971ebbcb903573b4ca0e6861ba3331876fdeb0a63,det-v1,2,fallback,1708,153,0.002,0.0001358900,true,false
call-001091,arm8_spec_immediate,cal/f6/s6060001/unreliable,17,meta-llama/llama-3.2-3b-instruct,sha256:efce15fc1def9630ca5e11ac6fa5a715d4a1aba906135df4fd984d934f7739ce,det-v1,1,,1353,131,745.626,0.0001108800,false,true
call-001092,arm8_spec_immediate,cal/f6/s6060001/unreliable,17,meta-llama/llama-3.2-3b-instruct,sha256:efce15fc1def9630ca5e11ac6fa5a715d4a1aba906135df4fd984d934f7739ce,det-v1,1,fallback,1353,131,745.626,0.0001108800,false,false
call-001093,arm8_spec_immediate,cal/f6/s6060001/unreliable,17,meta-llama/llama-3.2-3b-instruct,sha256:fab00e976e4075f57aa93c826ce0572677a7703f2b8ba99ba20d80f4ae6c28b3,det-v1,2,,1399,156,5573.923,0.0001214300,false,true
call-001094,arm8_spec_immediate,cal/f6/s6060001/unreliable,17,meta-llama/llama-3.2-3b-instruct,sha256:fab00e976e4075f57aa93c826ce0572677a7703f2b8ba99ba20d80f4ae6c28b3,det-v1,2,fallback,1399,156,5573.923,0.0001214300,false,false
call-001095,arm8_spec_immediate,cal/f6/s6060001/unreliable,23,meta-llama/llama-3.2-3b-instruct,sha256:ce9bc2f3e3b03595592fc476602ca8b272aec2bda904dfe1645c44bcc1244a77,det-v1,1,,1575,142,638.824,0.0001256100,false,true
call-001096,arm8_spec_immediate,cal/f6/s6060001/unreliable,23,meta-llama/llama-3.2-3b-instruct,sha256:ce9bc2f3e3b03595592fc476602ca8b272aec2bda904dfe1645c44bcc1244a77,det-v1,1,fallback,1575,142,638.824,0.0001256100,false,false
call-001097,arm8_spec_immediate,cal/f6/s6060001/unreliable,23,meta-llama/llama-3.2-3b-instruct,sha256:1d95a982ef4e0092e2832f091615a5f6caca536c8fc92028e7eaf1483a1fddc4,det-v1,2,,1621,191,6370.435,0.0001440800,false,true
call-001098,arm8_spec_immediate,cal/f6/s6060001/unreliable,23,meta-llama/llama-3.2-3b-instruct,sha256:1d95a982ef4e0092e2832f091615a5f6caca536c8fc92028e7eaf1483a1fddc4,det-v1,2,fallback,1621,191,6370.435,0.0001440800,false,false
call-001099,arm9_spec_heuristic_rollback,cal/f6/s6060001/unreliable,17,meta-llama/llama-3.2-3b-instruct,sha256:efce15fc1def9630ca5e11ac6fa5a715d4a1aba906135df4fd984d934f7739ce,det-v1,1,fallback,1353,131,0.003,0.0001108800,true,false
call-001100,arm9_spec_heuristic_rollback,cal/f6/s6060001/unreliable,17,meta-llama/llama-3.2-3b-instruct,sha256:fab00e976e4075f57aa93c826ce0572677a7703f2b8ba99ba20d80f4ae6c28b3,det-v1,2,fallback,1399,156,0.003,0.0001214300,true,false
call-001101,arm9_spec_heuristic_rollback,cal/f6/s6060001/unreliable,23,meta-llama/llama-3.2-3b-instruct,sha256:ce9bc2f3e3b03595592fc476602ca8b272aec2bda904dfe1645c44bcc1244a77,det-v1,1,fallback,1575,142,0.003,0.0001256100,true,false
call-001102,arm9_spec_heuristic_rollback,cal/f6/s6060001/unreliable,23,meta-llama/llama-3.2-3b-instruct,sha256:1d95a982ef4e0092e2832f091615a5f6caca536c8fc92028e7eaf1483a1fddc4,det-v1,2,fallback,1621,191,0.002,0.0001440800,true,false
call-001103,arm10_spec_eprocess,cal/f6/s6060001/unreliable,17,meta-llama/llama-3.2-3b-instruct,sha256:efce15fc1def9630ca5e11ac6fa5a715d4a1aba906135df4fd984d934f7739ce,det-v1,1,fallback,1353,131,0.003,0.0001108800,true,false
call-001104,arm10_spec_eprocess,cal/f6/s6060001/unreliable,17,meta-llama/llama-3.2-3b-instruct,sha256:fab00e976e4075f57aa93c826ce0572677a7703f2b8ba99ba20d80f4ae6c28b3,det-v1,2,fallback,1399,156,0.002,0.0001214300,true,false
call-001105,arm10_spec_eprocess,cal/f6/s6060001/unreliable,23,meta-llama/llama-3.2-3b-instruct,sha256:ce9bc2f3e3b03595592fc476602ca8b272aec2bda904dfe1645c44bcc1244a77,det-v1,1,fallback,1575,142,0.002,0.0001256100,true,false
call-001106,arm10_spec_eprocess,cal/f6/s6060001/unreliable,23,meta-llama/llama-3.2-3b-instruct,sha256:1d95a982ef4e0092e2832f091615a5f6caca536c8fc92028e7eaf1483a1fddc4,det-v1,2,fallback,1621,191,0.002,0.0001440800,true,false
