call_id,arm_id,episode_id,period,model_id,prompt_hash,decoding_hash,attempt_index,outcome,input_tokens,output_tokens,latency_ms,usd_cost,cache_hit,physical
call-000001,arm8_spec_immediate,dev/f1/s1050000/no_alert,25,meta-llama/llama-3.2-1b-instruct,sha256:ffc33134544723a482a50e0e9d8cd6fac4f7cc6fc2a6ccee298d178cf3199d94,det-v1,1,fallback,1588,205,0.003,0.0000840810,true,false
call-000002,arm8_spec_immediate,dev/f1/s1050000/no_alert,25,meta-llama/llama-3.2-1b-instruct,sha256:822e93f4b7665091120535b44dfaa7d852195738bdf550502920fc699ee2fd38,det-v1,2,fallback,1658,199,0.002,0.0000847650,true,false
call-000003,arm8_spec_immediate,dev/f1/s1050000/no_alert,31,meta-llama/llama-3.2-1b-instruct,sha256:051e6c64c6ca54745e9dfa3c7f3f08bf73252630eaeeec766216367d489df8f9,det-v1,1,accepted,1810,69,0.002,0.0000627390,true,false
call-000004,arm9_spec_heuristic_rollback,dev/f1/s1050000/no_alert,25,meta-llama/llama-3.2-1b-instruct,sha256:ffc33134544723a482a50e0e9d8cd6fac4f7cc6fc2a6ccee298d178cf3199d94,det-v1,1,fallback,1588,205,0.002,0.0000840810,true,false
call-000005,arm9_spec_heuristic_rollback,dev/f1/s1050000/no_alert,25,meta-llama/llama-3.2-1b-instruct,sha256:822e93f4b7665091120535b44dfaa7d852195738bdf550502920fc699ee2fd38,det-v1,2,fallback,1658,199,0.001,0.0000847650,true,false
call-000006,arm9_spec_heuristic_rollback,dev/f1/s1050000/no_alert,31,meta-llama/llama-3.2-1b-instruct,sha256:051e6c64c6ca54745e9dfa3c7f3f08bf73252630eaeeec766216367d489df8f9,det-v1,1,accepted,1810,69,0.002,0.0000627390,true,false
call-000007,arm10_spec_eprocess,dev/f1/s1050000/no_alert,25,meta-llama/llama-3.2-1b-instruct,sha256:ffc33134544723a482a50e0e9d8cd6fac4f7cc6fc2a6ccee298d178cf3199d94,det-v1,1,fallback,1588,205,0.002,0.0000840810,true,false
call-000008,arm10_spec_eprocess,dev/f1/s1050000/no_alert,25,meta-llama/llama-3.2-1b-instruct,sha256:822e93f4b7665091120535b44dfaa7d852195738bdf550502920fc699ee2fd38,det-v1,2,fallback,1658,199,0.001,0.0000847650,true,false
call-000009,arm10_spec_eprocess,dev/f1/s1050000/no_alert,31,meta-llama/llama-3.2-1b-instruct,sha256:051e6c64c6ca54745e9dfa3c7f3f08bf73252630eaeeec766216367d489df8f9,det-v1,1,accepted,1810,69,0.002,0.0000627390,true,false
call-000010,arm8_spec_immediate,cal/f1/s1060000/no_alert,21,meta-llama/llama-3.2-1b-instruct,sha256:8412835d7f9d8cbdf22d076e167404cdbe25f21f2d3d749543d41bb57f0738b5,det-v1,1,fallback,1440,74,0.002,0.0000537540,true,false
call-000011,arm8_spec_immediate,cal/f1/s1060000/no_alert,21,meta-llama/llama-3.2-1b-instruct,sha256:b53ad80a3a546d2504ef5471a2379cb7d466aec61701aeb9b5bf128b3f6fd276,det-v1,2,fallback,1510,179,0.001,0.0000767490,true,false
call-000012,arm8_spec_immediate,cal/f1/s1060000/no_alert,49,meta-llama/llama-3.2-1b-instruct,sha256:65f8dbe60af06a8c51d68d7040bae6ea38dee413ee7a37521bcf0f70fcb3088d,det-v1,1,accepted,2476,69,0.002,0.0000807210,true,false
call-000013,arm9_spec_heuristic_rollback,cal/f1/s1060000/no_alert,21,meta-llama/llama-3.2-1b-instruct,sha256:8412835d7f9d8cbdf22d076e167404cdbe25f21f2d3d749543d41bb57f0738b5,det-v1,1,fallback,1440,74,0.002,0.0000537540,true,false
call-000014,arm9_spec_heuristic_rollback,cal/f1/s1060000/no_alert,21,meta-llama/llama-3.2-1b-instruct,sha256:b53ad80a3a546d2504ef5471a2379cb7d466aec61701aeb9b5bf128b3f6fd276,det-v1,2,fallback,1510,179,0.001,0.0000767490,true,false
call-000015,arm9_spec_heuristic_rollback,cal/f1/s1060000/no_alert,49,meta-llama/llama-3.2-1b-instruct,sha256:65f8dbe60af06a8c51d68d7040bae6ea38dee413ee7a37521bcf0f70fcb3088d,det-v1,1,accepted,2476,69,0.002,0.0000807210,true,false
call-000016,arm10_spec_eprocess,cal/f1/s1060000/no_alert,21,meta-llama/llama-3.2-1b-instruct,sha256:8412835d7f9d8cbdf22d076e167404cdbe25f21f2d3d749543d41bb57f0738b5,det-v1,1,fallback,1440,74,0.002,0.0000537540,true,false
call-000017,arm10_spec_eprocess,cal/f1/s1060000/no_alert,21,meta-llama/llama-3.2-1b-instruct,sha256:b53ad80a3a546d2504ef5471a2379cb7d466aec61701aeb9b5bf128b3f6fd276,det-v1,2,fallback,1510,179,0.001,0.0000767490,true,false
call-000018,arm10_spec_eprocess,cal/f1/s1060000/no_alert,49,meta-llama/llama-3.2-1b-instruct,sha256:65f8dbe60af06a8c51d68d7040bae6ea38dee413ee7a37521bcf0f70fcb3088d,det-v1,1,accepted,2476,69,0.002,0.0000807210,true,false
call-000019,arm8_spec_immediate,dev/f1/s1050001/no_alert,23,meta-llama/llama-3.2-1b-instruct,sha256:c683078c8d6a4d11c4b541c763a89917d286644b79b6e59bfa7231caebfb5512,det-v1,1,fallback,1514,74,0.002,0.0000557520,true,false
call-000020,arm8_spec_immediate,dev/f1/s1050001/no_alert,23,meta-llama/llama-3.2-1b-instruct,sha256:fd52b0fcbce84f7322095ce34e5f0e018e88bd22b5ec5e43956a34d4e1832569,det-v1,2,fallback,1584,189,0.001,0.0000807570,true,false
call-000021,arm8_spec_immediate,dev/f1/s1050001/no_alert,32,meta-llama/llama-3.2-1b-instruct,sha256:9b3c4e3b6bf3e8775480a84aba37a908e646567cd37c584b37dc128d9797d961,det-v1,1,fallback,1847,52405,0.002,0.0105832740,true,false
call-000022,arm8_spec_immediate,dev/f1/s1050001/no_alert,32,meta-llama/llama-3.2-1b-instruct,sha256:419d671213805c74a56e4cd79f49a1789cf00b1ad40e1c44ce856bd38e20b484,det-v1,2,fallback,1917,97,0.001,0.0000712560,true,false
call-000023,arm9_spec_heuristic_rollback,dev/f1/s1050001/no_alert,23,meta-llama/llama-3.2-1b-instruct,sha256:c683078c8d6a4d11c4b541c763a89917d286644b79b6e59bfa7231caebfb5512,det-v1,1,fallback,1514,74,0.001,0.0000557520,true,false
call-000024,arm9_spec_heuristic_rollback,dev/f1/s1050001/no_alert,23,meta-llama/llama-3.2-1b-instruct,sha256:fd52b0fcbce84f7322095ce34e5f0e018e88bd22b5ec5e43956a34d4e1832569,det-v1,2,fallback,1584,189,0.001,0.0000807570,true,false
call-000025,arm9_spec_heuristic_rollback,dev/f1/s1050001/no_alert,32,meta-llama/llama-3.2-1b-instruct,sha256:9b3c4e3b6bf3e8775480a84aba37a908e646567cd37c584b37dc128d9797d961,det-v1,1,fallback,1847,52405,0.002,0.0105832740,true,false
call-000026,arm9_spec_heuristic_rollback,dev/f1/s1050001/no_alert,32,meta-llama/llama-3.2-1b-instruct,sha256:419d671213805c74a56e4cd79f49a1789cf00b1ad40e1c44ce856bd38e20b484,det-v1,2,fallback,1917,97,0.001,0.0000712560,true,false
call-000027,arm10_spec_eprocess,dev/f1/s1050001/no_alert,23,meta-llama/llama-3.2-1b-instruct,sha256:c683078c8d6a4d11c4b541c763a89917d286644b79b6e59bfa7231caebfb5512,det-v1,1,fallback,1514,74,0.002,0.0000557520,true,false
call-000028,arm10_spec_eprocess,dev/f1/s1050001/no_alert,23,meta-llama/llama-3.2-1b-instruct,sha256:fd52b0fcbce84f7322095ce34e5f0e018e88bd22b5ec5e43956a34d4e1832569,det-v1,2,fallback,1584,189,0.001,0.0000807570,true,false
call-000029,arm10_spec_eprocess,dev/f1/s1050001/no_alert,32,meta-llama/llama-3.2-1b-instruct,sha256:9b3c4e3b6bf3e8775480a84aba37a908e646567cd37c584b37dc128d9797d961,det-v1,1,fallback,1847,52405,0.001,0.0105832740,true,false
call-000030,arm10_spec_eprocess,dev/f1/s1050001/no_alert,32,meta-llama/llama-3.2-1b-instruct,sha256:419d671213805c74a56e4cd79f49a1789cf00b1ad40e1c44ce856bd38e20b484,det-v1,2,fallback,1917,97,0.001,0.0000712560,true,false
call-000031,arm8_spec_immediate,cal/f1/s1060001/no_alert,36,meta-llama/llama-3.2-1b-instruct,sha256:77545a794fad469d6ea65b1453bfc0a4ed05925b7f2dcb71e53fd14154b58180,det-v1,1,fallback,1995,65,0.002,0.0000669300,true,false
call-000032,arm8_spec_immediate,cal/f1/s1060001/no_alert,36,meta-llama/llama-3.2-1b-instruct,sha256:1d4dd31aead36045d0d72deeb95be6b32d3fad45b18a2cf2b3420d88e45a7307,det-v1,2,accepted_after_repair,2065,69,0.001,0.0000696240,true,false
call-000033,arm8_spec_immediate,cal/f1/s1060001/no_alert,46,meta-llama/llama-3.2-1b-instruct,sha256:cd39e23293439aee41d490fbb30668cf4e88bbbcd86f745b7ce51750eae58b5a,det-v1,1,fallback,2365,71,0.002,0.0000781260,true,false
call-000034,arm8_spec_immediate,cal/f1/s1060001/no_alert,46,meta-llama/llama-3.2-1b-instruct,sha256:8e4ad783d5d2dec2e35b0dc1a1929907188121e09f39b2ac5d577807e65b42e1,det-v1,2,accepted_after_repair,2435,69,0.001,0.0000796140,true,false
call-000035,arm9_spec_heuristic_rollback,cal/f1/s1060001/no_alert,36,meta-llama/llama-3.2-1b-instruct,sha256:77545a794fad469d6ea65b1453bfc0a4ed05925b7f2dcb71e53fd14154b58180,det-v1,1,fallback,1995,65,0.001,0.0000669300,true,false
call-000036,arm9_spec_heuristic_rollback,cal/f1/s1060001/no_alert,36,meta-llama/llama-3.2-1b-instruct,sha256:1d4dd31aead36045d0d72deeb95be6b32d3fad45b18a2cf2b3420d88e45a7307,det-v1,2,accepted_after_repair,2065,69,0.001,0.0000696240,true,false
call-000037,arm9_spec_heuristic_rollback,cal/f1/s1060001/no_alert,46,meta-llama/llama-3.2-1b-instruct,sha256:cd39e23293439aee41d490fbb30668cf4e88bbbcd86f745b7ce51750eae58b5a,det-v1,1,fallback,2365,71,0.001,0.0000781260,true,false
call-000038,arm9_spec_heuristic_rollback,cal/f1/s1060001/no_alert,46,meta-llama/llama-3.2-1b-instruct,sha256:8e4ad783d5d2dec2e35b0dc1a1929907188121e09f39b2ac5d577807e65b42e1,det-v1,2,accepted_after_repair,2435,69,0.001,0.0000796140,true,false
call-000039,arm10_spec_eprocess,cal/f1/s1060001/no_alert,36,meta-llama/llama-3.2-1b-instruct,sha256:77545a794fad469d6ea65b1453bfc0a4ed05925b7f2dcb71e53fd14154b58180,det-v1,1,fallback,1995,65,0.001,0.0000669300,true,false
call-000040,arm10_spec_eprocess,cal/f1/s1060001/no_alert,36,meta-llama/llama-3.2-1b-instruct,sha256:1d4dd31aead36045d0d72deeb95be6b32d3fad45b18a2cf2b3420d88e45a7307,det-v1,2,accepted_after_repair,2065,69,0.001,0.0000696240,true,false
call-000041,arm10_spec_eprocess,cal/f1/s1060001/no_alert,46,meta-llama/llama-3.2-1b-instruct,sha256:cd39e23293439aee41d490fbb30668cf4e88bbbcd86f745b7ce51750eae58b5a,det-v1,1,fallback,2365,71,0.002,0.0000781260,true,false
call-000042,arm10_spec_eprocess,cal/f1/s1060001/no_alert,46,meta-llama/llama-3.2-1b-instruct,sha256:8e4ad783d5d2dec2e35b0dc1a1929907188121e09f39b2ac5d577807e65b42e1,det-v1,2,accepted_after_repair,2435,69,0.001,0.0000796140,true,false
call-000043,arm8_spec_immediate,dev/f1/s1050000/early_accurate,16,meta-llama/llama-3.2-1b-instruct,sha256:d1dd9dd76f861c464de9eab99e175090e203beb7cc93816a75f0bea4bee17ec6,det-v1,1,fallback,1292,200,0.002,0.0000750840,true,false
call-000044,arm8_spec_immediate,dev/f1/s1050000/early_accurate,16,meta-llama/llama-3.2-1b-instruct,sha256:7d8108d99d994f4496028f5de10fd59d115d11cdbb9dc5fd37ce4988c19e3a77,det-v1,2,fallback,1362,185,0.001,0.0000739590,true,false
call-000045,arm8_spec_immediate,dev/f1/s1050000/early_accurate,25,meta-llama/llama-3.2-1b-instruct,sha256:eaf07cf40b5e21ffc4a442cc94297c3876d9a1a46e2785edcfcaa1928915987e,det-v1,1,fallback,1625,205,0.002,0.0000850800,true,false
call-000046,arm8_spec_immediate,dev/f1/s1050000/early_accurate,25,meta-llama/llama-3.2-1b-instruct,sha256:adcc2d093d6873ec5ce632edc41c24160044a25a2e4c3133322385420c42eed8,det-v1,2,fallback,1695,204,0.001,0.0000867690,true,false
call-000047,arm9_spec_heuristic_rollback,dev/f1/s1050000/early_accurate,16,meta-llama/llama-3.2-1b-instruct,sha256:d1dd9dd76f861c464de9eab99e175090e203beb7cc93816a75f0bea4bee17ec6,det-v1,1,fallback,1292,200,0.001,0.0000750840,true,false
call-000048,arm9_spec_heuristic_rollback,dev/f1/s1050000/early_accurate,16,meta-llama/llama-3.2-1b-instruct,sha256:7d8108d99d994f4496028f5de10fd59d115d11cdbb9dc5fd37ce4988c19e3a77,det-v1,2,fallback,1362,185,0.001,0.0000739590,true,false
call-000049,arm9_spec_heuristic_rollback,dev/f1/s1050000/early_accurate,25,meta-llama/llama-3.2-1b-instruct,sha256:eaf07cf40b5e21ffc4a442cc94297c3876d9a1a46e2785edcfcaa1928915987e,det-v1,1,fallback,1625,205,0.001,0.0000850800,true,false
call-000050,arm9_spec_heuristic_rollback,dev/f1/s1050000/early_accurate,25,meta-llama/llama-3.2-1b-instruct,sha256:adcc2d093d6873ec5ce632edc41c24160044a25a2e4c3133322385420c42eed8,det-v1,2,fallback,1695,204,0.001,0.0000867690,true,false
call-000051,arm10_spec_eprocess,dev/f1/s1050000/early_accurate,16,meta-llama/llama-3.2-1b-instruct,sha256:d1dd9dd76f861c464de9eab99e175090e203beb7cc93816a75f0bea4bee17ec6,det-v1,1,fallback,1292,200,0.001,0.0000750840,true,false
call-000052,arm10_spec_eprocess,dev/f1/s1050000/early_accurate,16,meta-llama/llama-3.2-1b-instruct,sha256:7d8108d99d994f4496028f5de10fd59d115d11cdbb9dc5fd37ce4988c19e3a77,det-v1,2,fallback,1362,185,0.001,0.0000739590,true,false
call-000053,arm10_spec_eprocess,dev/f1/s1050000/early_accurate,25,meta-llama/llama-3.2-1b-instruct,sha256:eaf07cf40b5e21ffc4a442cc94297c3876d9a1a46e2785edcfcaa1928915987e,det-v1,1,fallback,1625,205,0.001,0.0000850800,true,false
call-000054,arm10_spec_eprocess,dev/f1/s1050000/early_accurate,25,meta-llama/llama-3.2-1b-instruct,sha256:adcc2d093d6873ec5ce632edc41c24160044a25a2e4c3133322385420c42eed8,det-v1,2,fallback,1695,204,0.001,0.0000867690,true,false
call-000055,arm8_spec_immediate,cal/f1/s1060000/early_accurate,17,meta-llama/llama-3.2-1b-instruct,sha256:6c76a672a06632186d9b2f289f277d235a74360236603e4f7b39adcf9f57dca8,det-v1,1,fallback,1334,159,0.002,0.0000679770,true,false
call-000056,arm8_spec_immediate,cal/f1/s1060000/early_accurate,17,meta-llama/llama-3.2-1b-instruct,sha256:eb5a30e934e26782148a2801c5e8885611aee891f8b3e67eedc0900264e37539,det-v1,2,fallback,1404,195,0.001,0.0000771030,true,false
call-000057,arm8_spec_immediate,cal/f1/s1060000/early_accurate,23,meta-llama/llama-3.2-1b-instruct,sha256:9cd12d7ddba8b952d4647ccbcb6c95e74180eee6dc180081a1855d2d98348e85,det-v1,1,fallback,1556,85,0.001,0.0000590970,true,false
call-000058,arm8_spec_immediate,cal/f1/s1060000/early_accurate,23,meta-llama/llama-3.2-1b-instruct,sha256:012a9e3f47eee195a572e28c6e6b8c55f2272e574a2fd8d6d12d2671cb3003ef,det-v1,2,fallback,1626,213,0.001,0.0000867150,true,false
call-000059,arm9_spec_heuristic_rollback,cal/f1/s1060000/early_accurate,17,meta-llama/llama-3.2-1b-instruct,sha256:6c76a672a06632186d9b2f289f277d235a74360236603e4f7b39adcf9f57dca8,det-v1,1,fallback,1334,159,0.002,0.0000679770,true,false
call-000060,arm9_spec_heuristic_rollback,cal/f1/s1060000/early_accurate,17,meta-llama/llama-3.2-1b-instruct,sha256:eb5a30e934e26782148a2801c5e8885611aee891f8b3e67eedc0900264e37539,det-v1,2,fallback,1404,195,0.001,0.0000771030,true,false
call-000061,arm9_spec_heuristic_rollback,cal/f1/s1060000/early_accurate,23,meta-llama/llama-3.2-1b-instruct,sha256:9cd12d7ddba8b952d4647ccbcb6c95e74180eee6dc180081a1855d2d98348e85,det-v1,1,fallback,1556,85,0.001,0.0000590970,true,false
call-000062,arm9_spec_heuristic_rollback,cal/f1/s1060000/early_accurate,23,meta-llama/llama-3.2-1b-instruct,sha256:012a9e3f47eee195a572e28c6e6b8c55f2272e574a2fd8d6d12d2671cb3003ef,det-v1,2,fallback,1626,213,0.001,0.0000867150,true,false
call-000063,arm10_spec_eprocess,cal/f1/s1060000/early_accurate,17,meta-llama/llama-3.2-1b-instruct,sha256:6c76a672a06632186d9b2f289f277d235a74360236603e4f7b39adcf9f57dca8,det-v1,1,fallback,1334,159,0.001,0.0000679770,true,false
call-000064,arm10_spec_eprocess,cal/f1/s1060000/early_accurate,17,meta-llama/llama-3.2-1b-instruct,sha256:eb5a30e934e26782148a2801c5e8885611aee891f8b3e67eedc0900264e37539,det-v1,2,fallback,1404,195,0.001,0.0000771030,true,false
call-000065,arm10_spec_eprocess,cal/f1/s1060000/early_accurate,23,meta-llama/llama-3.2-1b-instruct,sha256:9cd12d7ddba8b952d4647ccbcb6c95e74180eee6dc180081a1855d2d98348e85,det-v1,1,fallback,1556,85,0.001,0.0000590970,true,false
call-000066,arm10_spec_eprocess,cal/f1/s1060000/early_accurate,23,meta-llama/llama-3.2-1b-instruct,sha256:012a9e3f47eee195a572e28c6e6b8c55f2272e574a2fd8d6d12d2671cb3003ef,det-v1,2,fallback,1626,213,0.001,0.0000867150,true,false
call-000067,arm8_spec_immediate,dev/f1/s1050001/early_accurate,15,meta-llama/llama-3.2-1b-instruct,sha256:6e191ed673857943434da30811a7af59be025ae0e6af5b63e727017b443cf103,det-v1,1,fallback,1256,151,0.002,0.0000642630,true,false
call-000068,arm8_spec_immediate,dev/f1/s1050001/early_accurate,15,meta-llama/llama-3.2-1b-instruct,sha256:dd39eee71ea9a053e0a573400f299c3e0394061cd3de754235d82a93e331e409,det-v1,2,fallback,1326,185,0.001,0.0000729870,true,false
call-000069,arm8_spec_immediate,dev/f1/s1050001/early_accurate,23,meta-llama/llama-3.2-1b-instruct,sha256:a0fe770e9d41b2b78f115c7a37fde5622029ae19cf08705c10837e84e3ba6933,det-v1,1,fallback,1552,200,0.001,0.0000821040,true,false
call-000070,arm8_spec_immediate,dev/f1/s1050001/early_accurate,23,meta-llama/llama-3.2-1b-instruct,sha256:0369cd3e73cfb97e32c40c5dd8ebf0df8e8fe63f54f75202f09fa8e96d94b656,det-v1,2,fallback,1622,213,0.001,0.0000866070,true,false
call-000071,arm9_spec_heuristic_rollback,dev/f1/s1050001/early_accurate,15,meta-llama/llama-3.2-1b-instruct,sha256:6e191ed673857943434da30811a7af59be025ae0e6af5b63e727017b443cf103,det-v1,1,fallback,1256,151,0.002,0.0000642630,true,false
call-000072,arm9_spec_heuristic_rollback,dev/f1/s1050001/early_accurate,15,meta-llama/llama-3.2-1b-instruct,sha256:dd39eee71ea9a053e0a573400f299c3e0394061cd3de754235d82a93e331e409,det-v1,2,fallback,1326,185,0.001,0.0000729870,true,false
call-000073,arm9_spec_heuristic_rollback,dev/f1/s1050001/early_accurate,23,meta-llama/llama-3.2-1b-instruct,sha256:a0fe770e9d41b2b78f115c7a37fde5622029ae19cf08705c10837e84e3ba6933,det-v1,1,fallback,1552,200,0.002,0.0000821040,true,false
call-000074,arm9_spec_heuristic_rollback,dev/f1/s1050001/early_accurate,23,meta-llama/llama-3.2-1b-instruct,sha256:0369cd3e73cfb97e32c40c5dd8ebf0df8e8fe63f54f75202f09fa8e96d94b656,det-v1,2,fallback,1622,213,0.001,0.0000866070,true,false
call-000075,arm10_spec_eprocess,dev/f1/s1050001/early_accurate,15,meta-llama/llama-3.2-1b-instruct,sha256:6e191ed673857943434da30811a7af59be025ae0e6af5b63e727017b443cf103,det-v1,1,fallback,1256,151,0.001,0.0000642630,true,false
call-000076,arm10_spec_eprocess,dev/f1/s1050001/early_accurate,15,meta-llama/llama-3.2-1b-instruct,sha256:dd39eee71ea9a053e0a573400f299c3e0394061cd3de754235d82a93e331e409,det-v1,2,fallback,1326,185,0.001,0.0000729870,true,false
call-000077,arm10_spec_eprocess,dev/f1/s1050001/early_accurate,23,meta-llama/llama-3.2-1b-instruct,sha256:a0fe770e9d41b2b78f115c7a37fde5622029ae19cf08705c10837e84e3ba6933,det-v1,1,fallback,1552,200,0.001,0.0000821040,true,false
call-000078,arm10_spec_eprocess,dev/f1/s1050001/early_accurate,23,meta-llama/llama-3.2-1b-instruct,sha256:0369cd3e73cfb97e32c40c5dd8ebf0df8e8fe63f54f75202f09fa8e96d94b656,det-v1,2,fallback,1622,213,0.001,0.0000866070,true,false
call-000079,arm8_spec_immediate,cal/f1/s1060001/early_accurate,21,meta-llama/llama-3.2-1b-instruct,sha256:82469df2f9b215237b8fdf7ee3a58b0b60a6ca0be7f048103f02fd7b9cbca3d1,det-v1,1,fallback,1481,141,0.002,0.0000683280,true,false
call-000080,arm8_spec_immediate,cal/f1/s1060001/early_accurate,21,meta-llama/llama-3.2-1b-instruct,sha256:d1dd0cb03f2f8aa6365bb4e9c86d1bfebdafc8c9a70cd2240c633c622d45fcab,det-v1,2,fallback,1551,205,0.001,0.0000830820,true,false
call-000081,arm8_spec_immediate,cal/f1/s1060001/early_accurate,36,meta-llama/llama-3.2-1b-instruct,sha256:fff914f7d794690f10eac5dd3cf9db879ef46a6db1c6e553ce6be9dca18b4fbb,det-v1,1,accepted,2036,69,0.002,0.0000688410,true,false
call-000082,arm9_spec_heuristic_rollback,cal/f1/s1060001/early_accurate,21,meta-llama/llama-3.2-1b-instruct,sha256:82469df2f9b215237b8fdf7ee3a58b0b60a6ca0be7f048103f02fd7b9cbca3d1,det-v1,1,fallback,1481,141,0.001,0.0000683280,true,false
call-000083,arm9_spec_heuristic_rollback,cal/f1/s1060001/early_accurate,21,meta-llama/llama-3.2-1b-instruct,sha256:d1dd0cb03f2f8aa6365bb4e9c86d1bfebdafc8c9a70cd2240c633c622d45fcab,det-v1,2,fallback,1551,205,0.001,0.0000830820,true,false
call-000084,arm9_spec_heuristic_rollback,cal/f1/s1060001/early_accurate,36,meta-llama/llama-3.2-1b-instruct,sha256:fff914f7d794690f10eac5dd3cf9db879ef46a6db1c6e553ce6be9dca18b4fbb,det-v1,1,accepted,2036,69,0.002,0.0000688410,true,false
call-000085,arm10_spec_eprocess,cal/f1/s1060001/early_accurate,21,meta-llama/llama-3.2-1b-instruct,sha256:82469df2f9b215237b8fdf7ee3a58b0b60a6ca0be7f048103f02fd7b9cbca3d1,det-v1,1,fallback,1481,141,0.001,0.0000683280,true,false
call-000086,arm10_spec_eprocess,cal/f1/s1060001/early_accurate,21,meta-llama/llama-3.2-1b-instruct,sha256:d1dd0cb03f2f8aa6365bb4e9c86d1bfebdafc8c9a70cd2240c633c622d45fcab,det-v1,2,fallback,1551,205,0.001,0.0000830820,true,false
call-000087,arm10_spec_eprocess,cal/f1/s1060001/early_accurate,36,meta-llama/llama-3.2-1b-instruct,sha256:fff914f7d794690f10eac5dd3cf9db879ef46a6db1c6e553ce6be9dca18b4fbb,det-v1,1,accepted,2036,69,0.002,0.0000688410,true,false
call-000088,arm8_spec_immediate,dev/f1/s1050000/late_accurate,19,meta-llama/llama-3.2-1b-instruct,sha256:661f9943396832249f78b4d411c6b215516454597515cbabd04fc61d48002e9e,det-v1,1,fallback,1403,74,0.001,0.0000527550,true,false
call-000089,arm8_spec_immediate,dev/f1/s1050000/late_accurate,19,meta-llama/llama-3.2-1b-instruct,sha256:3c3f25e5e90fb76433da294290e960339126bf6aceea569a7a9e60a82580a219,det-v1,2,fallback,1473,203,0.001,0.0000805740,true,false
call-000090,arm8_spec_immediate,dev/f1/s1050000/late_accurate,25,meta-llama/llama-3.2-1b-instruct,sha256:d9315073e1145240e0f564d48f2bb34df374173358c7bfe11a81b8f91a75348c,det-v1,1,fallback,1625,205,0.001,0.0000850800,true,false
call-000091,arm8_spec_immediate,dev/f1/s1050000/late_accurate,25,meta-llama/llama-3.2-1b-instruct,sha256:f7dce858ce797d492ea4f26912a4c3fa93d1a1d89c2dbe51ff64dbbfa0f5130e,det-v1,2,fallback,1695,204,0.001,0.0000867690,true,false
call-000092,arm9_spec_heuristic_rollback,dev/f1/s1050000/late_accurate,19,meta-llama/llama-3.2-1b-instruct,sha256:661f9943396832249f78b4d411c6b215516454597515cbabd04fc61d48002e9e,det-v1,1,fallback,1403,74,0.001,0.0000527550,true,false
call-000093,arm9_spec_heuristic_rollback,dev/f1/s1050000/late_accurate,19,meta-llama/llama-3.2-1b-instruct,sha256:3c3f25e5e90fb76433da294290e960339126bf6aceea569a7a9e60a82580a219,det-v1,2,fallback,1473,203,0.001,0.0000805740,true,false
call-000094,arm9_spec_heuristic_rollback,dev/f1/s1050000/late_accurate,25,meta-llama/llama-3.2-1b-instruct,sha256:d9315073e1145240e0f564d48f2bb34df374173358c7bfe11a81b8f91a75348c,det-v1,1,fallback,1625,205,0.002,0.0000850800,true,false
call-000095,arm9_spec_heuristic_rollback,dev/f1/s1050000/late_accurate,25,meta-llama/llama-3.2-1b-instruct,sha256:f7dce858ce797d492ea4f26912a4c3fa93d1a1d89c2dbe51ff64dbbfa0f5130e,det-v1,2,fallback,1695,204,0.001,0.0000867690,true,false
call-000096,arm10_spec_eprocess,dev/f1/s1050000/late_accurate,19,meta-llama/llama-3.2-1b-instruct,sha256:661f9943396832249f78b4d411c6b215516454597515cbabd04fc61d48002e9e,det-v1,1,fallback,1403,74,0.002,0.0000527550,true,false
call-000097,arm10_spec_eprocess,dev/f1/s1050000/late_accurate,19,meta-llama/llama-3.2-1b-instruct,sha256:3c3f25e5e90fb76433da294290e960339126bf6aceea569a7a9e60a82580a219,det-v1,2,fallback,1473,203,0.001,0.0000805740,true,false
call-000098,arm10_spec_eprocess,dev/f1/s1050000/late_accurate,25,meta-llama/llama-3.2-1b-instruct,sha256:d9315073e1145240e0f564d48f2bb34df374173358c7bfe11a81b8f91a75348c,det-v1,1,fallback,1625,205,0.001,0.0000850800,true,false
call-000099,arm10_spec_eprocess,dev/f1/s1050000/late_accurate,25,meta-llama/llama-3.2-1b-instruct,sha256:f7dce858ce797d492ea4f26912a4c3fa93d1a1d89c2dbe51ff64dbbfa0f5130e,det-v1,2,fallback,1695,204,0.001,0.0000867690,true,false
call-000100,arm8_spec_immediate,cal/f1/s1060000/late_accurate,20,meta-llama/llama-3.2-1b-instruct,sha256:cacc977f30dc81dd0933cc2206117d07f50e9cd52f3492faf84b3d2e579bfb3f,det-v1,1,fallback,1445,141,0.001,0.0000673560,true,false
call-000101,arm8_spec_immediate,cal/f1/s1060000/late_accurate,20,meta-llama/llama-3.2-1b-instruct,sha256:b82c7e050eb7162648703a60fe628e1e9af6a7f088a10799024e0f960648e265,det-v1,2,fallback,1515,205,0.001,0.0000821100,true,false
call-000102,arm8_spec_immediate,cal/f1/s1060000/late_accurate,49,meta-llama/llama-3.2-1b-instruct,sha256:ba2bfd526e1ac35c5a313778ba44ed32d234ea86744d859a43d007dfde62a229,det-v1,1,accepted,2518,69,0.002,0.0000818550,true,false
call-000103,arm9_spec_heuristic_rollback,cal/f1/s1060000/late_accurate,20,meta-llama/llama-3.2-1b-instruct,sha256:cacc977f30dc81dd0933cc2206117d07f50e9cd52f3492faf84b3d2e579bfb3f,det-v1,1,fallback,1445,141,0.001,0.0000673560,true,false
call-000104,arm9_spec_heuristic_rollback,cal/f1/s1060000/late_accurate,20,meta-llama/llama-3.2-1b-instruct,sha256:b82c7e050eb7162648703a60fe628e1e9af6a7f088a10799024e0f960648e265,det-v1,2,fallback,1515,205,0.001,0.0000821100,true,false
call-000105,arm9_spec_heuristic_rollback,cal/f1/s1060000/late_accurate,49,meta-llama/llama-3.2-1b-instruct,sha256:ba2bfd526e1ac35c5a313778ba44ed32d234ea86744d859a43d007dfde62a229,det-v1,1,accepted,2518,69,0.002,0.0000818550,true,false
call-000106,arm10_spec_eprocess,cal/f1/s1060000/late_accurate,20,meta-llama/llama-3.2-1b-instruct,sha256:cacc977f30dc81dd0933cc2206117d07f50e9cd52f3492faf84b3d2e579bfb3f,det-v1,1,fallback,1445,141,0.001,0.0000673560,true,false
call-000107,arm10_spec_eprocess,cal/f1/s1060000/late_accurate,20,meta-llama/llama-3.2-1b-instruct,sha256:b82c7e050eb7162648703a60fe628e1e9af6a7f088a10799024e0f960648e265,det-v1,2,fallback,1515,205,0.001,0.0000821100,true,false
call-000108,arm10_spec_eprocess,cal/f1/s1060000/late_accurate,49,meta-llama/llama-3.2-1b-instruct,sha256:ba2bfd526e1ac35c5a313778ba44ed32d234ea86744d859a43d007dfde62a229,det-v1,1,accepted,2518,69,0.002,0.0000818550,true,false
call-000109,arm8_spec_immediate,dev/f1/s1050001/late_accurate,18,meta-llama/llama-3.2-1b-instruct,sha256:797081bd46bc4266996f4b0c73dce910842266560458f83c6e70ef7da3c97c82,det-v1,1,fallback,1367,163,0.002,0.0000696720,true,false
call-000110,arm8_spec_immediate,dev/f1/s1050001/late_accurate,18,meta-llama/llama-3.2-1b-instruct,sha256:8bcbd8f67e0a4bb677e5f37328a2d3b7ea6a084846a0eebb53ee94ba8892840c,det-v1,2,fallback,1437,197,0.001,0.0000783960,true,false
call-000111,arm8_spec_immediate,dev/f1/s1050001/late_accurate,25,meta-llama/llama-3.2-1b-instruct,sha256:af6597036548ab93a5f514a507bdf639ac48264792c44ad71378b6b3b5b44046,det-v1,1,fallback,1626,205,0.001,0.0000851070,true,false
call-000112,arm8_spec_immediate,dev/f1/s1050001/late_accurate,25,meta-llama/llama-3.2-1b-instruct,sha256:0a87cd5da7deeb1f4498a2f493fced7a062bf8a84459e8188dcb141a4c4761b8,det-v1,2,fallback,1696,204,0.001,0.0000867960,true,false
call-000113,arm9_spec_heuristic_rollback,dev/f1/s1050001/late_accurate,18,meta-llama/llama-3.2-1b-instruct,sha256:797081bd46bc4266996f4b0c73dce910842266560458f83c6e70ef7da3c97c82,det-v1,1,fallback,1367,163,0.001,0.0000696720,true,false
call-000114,arm9_spec_heuristic_rollback,dev/f1/s1050001/late_accurate,18,meta-llama/llama-3.2-1b-instruct,sha256:8bcbd8f67e0a4bb677e5f37328a2d3b7ea6a084846a0eebb53ee94ba8892840c,det-v1,2,fallback,1437,197,0.001,0.0000783960,true,false
call-000115,arm9_spec_heuristic_rollback,dev/f1/s1050001/late_accurate,25,meta-llama/llama-3.2-1b-instruct,sha256:af6597036548ab93a5f514a507bdf639ac48264792c44ad71378b6b3b5b44046,det-v1,1,fallback,1626,205,0.001,0.0000851070,true,false
call-000116,arm9_spec_heuristic_rollback,dev/f1/s1050001/late_accurate,25,meta-llama/llama-3.2-1b-instruct,sha256:0a87cd5da7deeb1f4498a2f493fced7a062bf8a84459e8188dcb141a4c4761b8,det-v1,2,fallback,1696,204,0.001,0.0000867960,true,false
call-000117,arm10_spec_eprocess,dev/f1/s1050001/late_accurate,18,meta-llama/llama-3.2-1b-instruct,sha256:797081bd46bc4266996f4b0c73dce910842266560458f83c6e70ef7da3c97c82,det-v1,1,fallback,1367,163,0.001,0.0000696720,true,false
call-000118,arm10_spec_eprocess,dev/f1/s1050001/late_accurate,18,meta-llama/llama-3.2-1b-instruct,sha256:8bcbd8f67e0a4bb677e5f37328a2d3b7ea6a084846a0eebb53ee94ba8892840c,det-v1,2,fallback,1437,197,0.001,0.0000783960,true,false
call-000119,arm10_spec_eprocess,dev/f1/s1050001/late_accurate,25,meta-llama/llama-3.2-1b-instruct,sha256:af6597036548ab93a5f514a507bdf639ac48264792c44ad71378b6b3b5b44046,det-v1,1,fallback,1626,205,0.001,0.0000851070,true,false
call-000120,arm10_spec_eprocess,dev/f1/s1050001/late_accurate,25,meta-llama/llama-3.2-1b-instruct,sha256:0a87cd5da7deeb1f4498a2f493fced7a062bf8a84459e8188dcb141a4c4761b8,det-v1,2,fallback,1696,204,0.001,0.0000867960,true,false
call-000121,arm8_spec_immediate,cal/f1/s1060001/late_accurate,24,meta-llama/llama-3.2-1b-instruct,sha256:70a711c839fbdb3e5789519ddd6a7b9f93cc661d85b53f3eaa977ee3334c3b88,det-v1,1,fallback,1592,199,0.002,0.0000829830,true,false
call-000122,arm8_spec_immediate,cal/f1/s1060001/late_accurate,24,meta-llama/llama-3.2-1b-instruct,sha256:22186ca124a54cadfb057c1ac2b5de250876c87c9252a71c1f937358dc770992,det-v1,2,fallback,1662,217,0.001,0.0000884910,true,false
call-000123,arm8_spec_immediate,cal/f1/s1060001/late_accurate,36,meta-llama/llama-3.2-1b-instruct,sha256:f322faaa03068bca4100418cc9cc0b19e89602541059e1f1fb8947069f40cac0,det-v1,1,accepted,2036,69,0.001,0.0000688410,true,false
call-000124,arm9_spec_heuristic_rollback,cal/f1/s1060001/late_accurate,24,meta-llama/llama-3.2-1b-instruct,sha256:70a711c839fbdb3e5789519ddd6a7b9f93cc661d85b53f3eaa977ee3334c3b88,det-v1,1,fallback,1592,199,0.001,0.0000829830,true,false
call-000125,arm9_spec_heuristic_rollback,cal/f1/s1060001/late_accurate,24,meta-llama/llama-3.2-1b-instruct,sha256:22186ca124a54cadfb057c1ac2b5de250876c87c9252a71c1f937358dc770992,det-v1,2,fallback,1662,217,0.001,0.0000884910,true,false
call-000126,arm9_spec_heuristic_rollback,cal/f1/s1060001/late_accurate,36,meta-llama/llama-3.2-1b-instruct,sha256:f322faaa03068bca4100418cc9cc0b19e89602541059e1f1fb8947069f40cac0,det-v1,1,accepted,2036,69,0.001,0.0000688410,true,false
call-000127,arm10_spec_eprocess,cal/f1/s1060001/late_accurate,24,meta-llama/llama-3.2-1b-instruct,sha256:70a711c839fbdb3e5789519ddd6a7b9f93cc661d85b53f3eaa977ee3334c3b88,det-v1,1,fallback,1592,199,0.001,0.0000829830,true,false
call-000128,arm10_spec_eprocess,cal/f1/s1060001/late_accurate,24,meta-llama/llama-3.2-1b-instruct,sha256:22186ca124a54cadfb057c1ac2b5de250876c87c9252a71c1f937358dc770992,det-v1,2,fallback,1662,217,0.001,0.0000884910,true,false
call-000129,arm10_spec_eprocess,cal/f1/s1060001/late_accurate,36,meta-llama/llama-3.2-1b-instruct,sha256:f322faaa03068bca4100418cc9cc0b19e89602541059e1f1fb8947069f40cac0,det-v1,1,accepted,2036,69,0.002,0.0000688410,true,false
call-000130,arm8_spec_immediate,dev/f1/s1050000/unreliable,16,meta-llama/llama-3.2-1b-instruct,sha256:916ede8d91e88a633a8dc683864ab9d677de289d4a3d233b899b6dc63fcb9c32,det-v1,1,fallback,1295,155,0.002,0.0000661200,true,false
call-000131,arm8_spec_immediate,dev/f1/s1050000/unreliable,16,meta-llama/llama-3.2-1b-instruct,sha256:1b474d4c43df30f208073c2e10391e517c4a4ff0d11781d5c968a828eb81f3a0,det-v1,2,fallback,1365,185,0.001,0.0000740400,true,false
call-000132,arm8_spec_immediate,dev/f1/s1050000/unreliable,25,meta-llama/llama-3.2-1b-instruct,sha256:cac051bf52a4e428aed1d1e9bdaf2fe20f577ba3556c6265964a40839c95e9ab,det-v1,1,fallback,1628,205,0.001,0.0000851610,true,false
call-000133,arm8_spec_immediate,dev/f1/s1050000/unreliable,25,meta-llama/llama-3.2-1b-instruct,sha256:b88b9a4d744106e6a7804f2fad3a09eb8787a3ee4c0da9d26840a411c41b582a,det-v1,2,fallback,1698,204,0.001,0.0000868500,true,false
call-000134,arm9_spec_heuristic_rollback,dev/f1/s1050000/unreliable,16,meta-llama/llama-3.2-1b-instruct,sha256:916ede8d91e88a633a8dc683864ab9d677de289d4a3d233b899b6dc63fcb9c32,det-v1,1,fallback,1295,155,0.001,0.0000661200,true,false
call-000135,arm9_spec_heuristic_rollback,dev/f1/s1050000/unreliable,16,meta-llama/llama-3.2-1b-instruct,sha256:1b474d4c43df30f208073c2e10391e517c4a4ff0d11781d5c968a828eb81f3a0,det-v1,2,fallback,1365,185,0.001,0.0000740400,true,false
call-000136,arm9_spec_heuristic_rollback,dev/f1/s1050000/unreliable,25,meta-llama/llama-3.2-1b-instruct,sha256:cac051bf52a4e428aed1d1e9bdaf2fe20f577ba3556c6265964a40839c95e9ab,det-v1,1,fallback,1628,205,0.002,0.0000851610,true,false
call-000137,arm9_spec_heuristic_rollback,dev/f1/s1050000/unreliable,25,meta-llama/llama-3.2-1b-instruct,sha256:b88b9a4d744106e6a7804f2fad3a09eb8787a3ee4c0da9d26840a411c41b582a,det-v1,2,fallback,1698,204,0.001,0.0000868500,true,false
call-000138,arm10_spec_eprocess,dev/f1/s1050000/unreliable,16,meta-llama/llama-3.2-1b-instruct,sha256:916ede8d91e88a633a8dc683864ab9d677de289d4a3d233b899b6dc63fcb9c32,det-v1,1,fallback,1295,155,0.002,0.0000661200,true,false
call-000139,arm10_spec_eprocess,dev/f1/s1050000/unreliable,16,meta-llama/llama-3.2-1b-instruct,sha256:1b474d4c43df30f208073c2e10391e517c4a4ff0d11781d5c968a828eb81f3a0,det-v1,2,fallback,1365,185,0.001,0.0000740400,true,false
call-000140,arm10_spec_eprocess,dev/f1/s1050000/unreliable,25,meta-llama/llama-3.2-1b-instruct,sha256:cac051bf52a4e428aed1d1e9bdaf2fe20f577ba3556c6265964a40839c95e9ab,det-v1,1,fallback,1628,205,0.001,0.0000851610,true,false
call-000141,arm10_spec_eprocess,dev/f1/s1050000/unreliable,25,meta-llama/llama-3.2-1b-instruct,sha256:b88b9a4d744106e6a7804f2fad3a09eb8787a3ee4c0da9d26840a411c41b582a,det-v1,2,fallback,1698,204,0.001,0.0000868500,true,false
call-000142,arm8_spec_immediate,dev/f1/s1050000/unreliable__twin,10,meta-llama/llama-3.2-1b-instruct,sha256:999bd1f71fe292dfd2b6e565c55b86f28a6592540b40dd5593ab663ec2e0ee5f,det-v1,1,fallback,1070,131,0.001,0.0000552210,true,false
call-000143,arm8_spec_immediate,dev/f1/s1050000/unreliable__twin,10,meta-llama/llama-3.2-1b-instruct,sha256:680cffc0fabc66c8de490321acc97daa04248013e6788dd10c65085730a0bdcf,det-v1,2,fallback,1140,161,0.001,0.0000631410,true,false
call-000144,arm9_spec_heuristic_rollback,dev/f1/s1050000/unreliable__twin,10,meta-llama/llama-3.2-1b-instruct,sha256:999bd1f71fe292dfd2b6e565c55b86f28a6592540b40dd5593ab663ec2e0ee5f,det-v1,1,fallback,1070,131,0.002,0.0000552210,true,false
call-000145,arm9_spec_heuristic_rollback,dev/f1/s1050000/unreliable__twin,10,meta-llama/llama-3.2-1b-instruct,sha256:680cffc0fabc66c8de490321acc97daa04248013e6788dd10c65085730a0bdcf,det-v1,2,fallback,1140,161,0.001,0.0000631410,true,false
call-000146,arm10_spec_eprocess,dev/f1/s1050000/unreliable__twin,10,meta-llama/llama-3.2-1b-instruct,sha256:999bd1f71fe292dfd2b6e565c55b86f28a6592540b40dd5593ab663ec2e0ee5f,det-v1,1,fallback,1070,131,0.002,0.0000552210,true,false
call-000147,arm10_spec_eprocess,dev/f1/s1050000/unreliable__twin,10,meta-llama/llama-3.2-1b-instruct,sha256:680cffc0fabc66c8de490321acc97daa04248013e6788dd10c65085730a0bdcf,det-v1,2,fallback,1140,161,0.001,0.0000631410,true,false
call-000148,arm8_spec_immediate,cal/f1/s1060000/unreliable,17,meta-llama/llama-3.2-1b-instruct,sha256:90e14a462bbfe718f3d00cc84e273b4427976abf1a32fb0ed7abc6b8b1216b77,det-v1,1,fallback,1337,142,0.001,0.0000646410,true,false
call-000149,arm8_spec_immediate,cal/f1/s1060000/unreliable,17,meta-llama/llama-3.2-1b-instruct,sha256:a44af0a10d41dae68a080c570878610221907b221391605cfa6c2710c1ba2f0e,det-v1,2,fallback,1407,195,0.001,0.0000771840,true,false
call-000150,arm8_spec_immediate,cal/f1/s1060000/unreliable,23,meta-llama/llama-3.2-1b-instruct,sha256:eb11b22c48a25ab8941dfc7bea5982a5acaf1f35b9735b896d8d8fb294a7894f,det-v1,1,fallback,1559,194,0.001,0.0000810870,true,false
call-000151,arm8_spec_immediate,cal/f1/s1060000/unreliable,23,meta-llama/llama-3.2-1b-instruct,sha256:662f0db8c09a3d0e05c77eea690b488b97883848cee6a8fef388e91f750d298e,det-v1,2,fallback,1629,194,0.001,0.0000829770,true,false
call-000152,arm9_spec_heuristic_rollback,cal/f1/s1060000/unreliable,17,meta-llama/llama-3.2-1b-instruct,sha256:90e14a462bbfe718f3d00cc84e273b4427976abf1a32fb0ed7abc6b8b1216b77,det-v1,1,fallback,1337,142,0.002,0.0000646410,true,false
call-000153,arm9_spec_heuristic_rollback,cal/f1/s1060000/unreliable,17,meta-llama/llama-3.2-1b-instruct,sha256:a44af0a10d41dae68a080c570878610221907b221391605cfa6c2710c1ba2f0e,det-v1,2,fallback,1407,195,0.001,0.0000771840,true,false
call-000154,arm9_spec_heuristic_rollback,cal/f1/s1060000/unreliable,23,meta-llama/llama-3.2-1b-instruct,sha256:eb11b22c48a25ab8941dfc7bea5982a5acaf1f35b9735b896d8d8fb294a7894f,det-v1,1,fallback,1559,194,0.001,0.0000810870,true,false
call-000155,arm9_spec_heuristic_rollback,cal/f1/s1060000/unreliable,23,meta-llama/llama-3.2-1b-instruct,sha256:662f0db8c09a3d0e05c77eea690b488b97883848cee6a8fef388e91f750d298e,det-v1,2,fallback,1629,194,0.001,0.0000829770,true,false
call-000156,arm10_spec_eprocess,cal/f1/s1060000/unreliable,17,meta-llama/llama-3.2-1b-instruct,sha256:90e14a462bbfe718f3d00cc84e273b4427976abf1a32fb0ed7abc6b8b1216b77,det-v1,1,fallback,1337,142,0.001,0.0000646410,true,false
call-000157,arm10_spec_eprocess,cal/f1/s1060000/unreliable,17,meta-llama/llama-3.2-1b-instruct,sha256:a44af0a10d41dae68a080c570878610221907b221391605cfa6c2710c1ba2f0e,det-v1,2,fallback,1407,195,0.001,0.0000771840,true,false
call-000158,arm10_spec_eprocess,cal/f1/s1060000/unreliable,23,meta-llama/llama-3.2-1b-instruct,sha256:eb11b22c48a25ab8941dfc7bea5982a5acaf1f35b9735b896d8d8fb294a7894f,det-v1,1,fallback,1559,194,0.001,0.0000810870,true,false
call-000159,arm10_spec_eprocess,cal/f1/s1060000/unreliable,23,meta-llama/llama-3.2-1b-instruct,sha256:662f0db8c09a3d0e05c77eea690b488b97883848cee6a8fef388e91f750d298e,det-v1,2,fallback,1629,194,0.001,0.0000829770,true,false
call-000160,arm8_spec_immediate,cal/f1/s1060000/unreliable__twin,10,meta-llama/llama-3.2-1b-instruct,sha256:84395b0c60770707dc13aa6e86d8c1535f179d71a7bfd0703c662ea9c6c02d35,det-v1,1,fallback,1072,131,0.002,0.0000552750,true,false
call-000161,arm8_spec_immediate,cal/f1/s1060000/unreliable__twin,10,meta-llama/llama-3.2-1b-instruct,sha256:4345f86efd909c4c98e7e3eaf11c920c2b0174a061bfbd04476108a78a51bbb7,det-v1,2,fallback,1142,161,0.001,0.0000631950,true,false
call-000162,arm9_spec_heuristic_rollback,cal/f1/s1060000/unreliable__twin,10,meta-llama/llama-3.2-1b-instruct,sha256:84395b0c60770707dc13aa6e86d8c1535f179d71a7bfd0703c662ea9c6c02d35,det-v1,1,fallback,1072,131,0.001,0.0000552750,true,false
call-000163,arm9_spec_heuristic_rollback,cal/f1/s1060000/unreliable__twin,10,meta-llama/llama-3.2-1b-instruct,sha256:4345f86efd909c4c98e7e3eaf11c920c2b0174a061bfbd04476108a78a51bbb7,det-v1,2,fallback,1142,161,0.001,0.0000631950,true,false
call-000164,arm10_spec_eprocess,cal/f1/s1060000/unreliable__twin,10,meta-llama/llama-3.2-1b-instruct,sha256:84395b0c60770707dc13aa6e86d8c1535f179d71a7bfd0703c662ea9c6c02d35,det-v1,1,fallback,1072,131,0.001,0.0000552750,true,false
call-000165,arm10_spec_eprocess,cal/f1/s1060000/unreliable__twin,10,meta-llama/llama-3.2-1b-instruct,sha256:4345f86efd909c4c98e7e3eaf11c920c2b0174a061bfbd04476108a78a51bbb7,det-v1,2,fallback,1142,161,0.001,0.0000631950,true,false
call-000166,arm8_spec_immediate,dev/f1/s1050001/unreliable,15,meta-llama/llama-3.2-1b-instruct,sha256:8e24591a6262f3fd8d32f52328b54c73a52fbd83aa5cca52af10d53768524833,det-v1,1,fallback,1244,142,0.001,0.0000621300,true,false
call-000167,arm8_spec_immediate,dev/f1/s1050001/unreliable,15,meta-llama/llama-3.2-1b-instruct,sha256:331dc3a982fc667927757929352a9944d51eb2da0bb1841430b6ab6462ae54f5,det-v1,2,fallback,1314,185,0.001,0.0000726630,true,false
call-000168,arm8_spec_immediate,dev/f1/s1050001/unreliable,23,meta-llama/llama-3.2-1b-instruct,sha256:d34ff84fbc52b1ae0eb8dd8aa32383e28ccc7e5c4c6d6b4dc3e43b146730afc2,det-v1,1,fallback,1540,201,0.001,0.0000819810,true,false
call-000169,arm8_spec_immediate,dev/f1/s1050001/unreliable,23,meta-llama/llama-3.2-1b-instruct,sha256:4e71062b5d07413f016eaee43416338ea4fb8ee65491f95f0d7c507f0872fd51,det-v1,2,fallback,1610,194,0.001,0.0000824640,true,false
call-000170,arm9_spec_heuristic_rollback,dev/f1/s1050001/unreliable,15,meta-llama/llama-3.2-1b-instruct,sha256:8e24591a6262f3fd8d32f52328b54c73a52fbd83aa5cca52af10d53768524833,det-v1,1,fallback,1244,142,0.001,0.0000621300,true,false
call-000171,arm9_spec_heuristic_rollback,dev/f1/s1050001/unreliable,15,meta-llama/llama-3.2-1b-instruct,sha256:331dc3a982fc667927757929352a9944d51eb2da0bb1841430b6ab6462ae54f5,det-v1,2,fallback,1314,185,0.001,0.0000726630,true,false
call-000172,arm9_spec_heuristic_rollback,dev/f1/s1050001/unreliable,23,meta-llama/llama-3.2-1b-instruct,sha256:d34ff84fbc52b1ae0eb8dd8aa32383e28ccc7e5c4c6d6b4dc3e43b146730afc2,det-v1,1,fallback,1540,201,0.001,0.0000819810,true,false
call-000173,arm9_spec_heuristic_rollback,dev/f1/s1050001/unreliable,23,meta-llama/llama-3.2-1b-instruct,sha256:4e71062b5d07413f016eaee43416338ea4fb8ee65491f95f0d7c507f0872fd51,det-v1,2,fallback,1610,194,0.001,0.0000824640,true,false
call-000174,arm10_spec_eprocess,dev/f1/s1050001/unreliable,15,meta-llama/llama-3.2-1b-instruct,sha256:8e24591a6262f3fd8d32f52328b54c73a52fbd83aa5cca52af10d53768524833,det-v1,1,fallback,1244,142,0.001,0.0000621300,true,false
call-000175,arm10_spec_eprocess,dev/f1/s1050001/unreliable,15,meta-llama/llama-3.2-1b-instruct,sha256:331dc3a982fc667927757929352a9944d51eb2da0bb1841430b6ab6462ae54f5,det-v1,2,fallback,1314,185,0.001,0.0000726630,true,false
call-000176,arm10_spec_eprocess,dev/f1/s1050001/unreliable,23,meta-llama/llama-3.2-1b-instruct,sha256:d34ff84fbc52b1ae0eb8dd8aa32383e28ccc7e5c4c6d6b4dc3e43b146730afc2,det-v1,1,fallback,1540,201,0.001,0.0000819810,true,false
call-000177,arm10_spec_eprocess,dev/f1/s1050001/unreliable,23,meta-llama/llama-3.2-1b-instruct,sha256:4e71062b5d07413f016eaee43416338ea4fb8ee65491f95f0d7c507f0872fd51,det-v1,2,fallback,1610,194,0.001,0.0000824640,true,false
call-000178,arm8_spec_immediate,dev/f1/s1050001/unreliable__twin,10,meta-llama/llama-3.2-1b-instruct,sha256:03abc857a6a36c15501f2c5efefaee8dcebf599d5cf454e05af3b93507733ca4,det-v1,1,fallback,1073,131,0.002,0.0000553020,true,false
call-000179,arm8_spec_immediate,dev/f1/s1050001/unreliable__twin,10,meta-llama/llama-3.2-1b-instruct,sha256:8dae239e5b2398fbc100de44724c51b3d53820ed764c9a787b17e8aaebc7b1f2,det-v1,2,fallback,1143,161,0.001,0.0000632220,true,false
call-000180,arm9_spec_heuristic_rollback,dev/f1/s1050001/unreliable__twin,10,meta-llama/llama-3.2-1b-instruct,sha256:03abc857a6a36c15501f2c5efefaee8dcebf599d5cf454e05af3b93507733ca4,det-v1,1,fallback,1073,131,0.001,0.0000553020,true,false
call-000181,arm9_spec_heuristic_rollback,dev/f1/s1050001/unreliable__twin,10,meta-llama/llama-3.2-1b-instruct,sha256:8dae239e5b2398fbc100de44724c51b3d53820ed764c9a787b17e8aaebc7b1f2,det-v1,2,fallback,1143,161,0.001,0.0000632220,true,false
call-000182,arm10_spec_eprocess,dev/f1/s1050001/unreliable__twin,10,meta-llama/llama-3.2-1b-instruct,sha256:03abc857a6a36c15501f2c5efefaee8dcebf599d5cf454e05af3b93507733ca4,det-v1,1,fallback,1073,131,0.002,0.0000553020,true,false
call-000183,arm10_spec_eprocess,dev/f1/s1050001/unreliable__twin,10,meta-llama/llama-3.2-1b-instruct,sha256:8dae239e5b2398fbc100de44724c51b3d53820ed764c9a787b17e8aaebc7b1f2,det-v1,2,fallback,1143,161,0.001,0.0000632220,true,false
call-000184,arm8_spec_immediate,cal/f1/s1060001/unreliable,21,meta-llama/llama-3.2-1b-instruct,sha256:eef48238981097496b18a8ee6e6f1e8d389969ba3a258a78c8b4e441451734a1,det-v1,1,fallback,1479,74,0.002,0.0000548070,true,false
call-000185,arm8_spec_immediate,cal/f1/s1060001/unreliable,21,meta-llama/llama-3.2-1b-instruct,sha256:12c5003aef1048062ad050f76314570f6731893cb70fbe9fdbcc7f2e045919cc,det-v1,2,fallback,1549,52552,0.001,0.0106047750,true,false
call-000186,arm8_spec_immediate,cal/f1/s1060001/unreliable,36,meta-llama/llama-3.2-1b-instruct,sha256:245e3a74bb6932235ea3f7e26758272d88afed4955a390c233f7f88d89c3deba,det-v1,1,accepted,2034,69,0.002,0.0000687870,true,false
call-000187,arm9_spec_heuristic_rollback,cal/f1/s1060001/unreliable,21,meta-llama/llama-3.2-1b-instruct,sha256:eef48238981097496b18a8ee6e6f1e8d389969ba3a258a78c8b4e441451734a1,det-v1,1,fallback,1479,74,0.001,0.0000548070,true,false
call-000188,arm9_spec_heuristic_rollback,cal/f1/s1060001/unreliable,21,meta-llama/llama-3.2-1b-instruct,sha256:12c5003aef1048062ad050f76314570f6731893cb70fbe9fdbcc7f2e045919cc,det-v1,2,fallback,1549,52552,0.001,0.0106047750,true,false
call-000189,arm9_spec_heuristic_rollback,cal/f1/s1060001/unreliable,36,meta-llama/llama-3.2-1b-instruct,sha256:245e3a74bb6932235ea3f7e26758272d88afed4955a390c233f7f88d89c3deba,det-v1,1,accepted,2034,69,0.001,0.0000687870,true,false
call-000190,arm10_spec_eprocess,cal/f1/s1060001/unreliable,21,meta-llama/llama-3.2-1b-instruct,sha256:eef48238981097496b18a8ee6e6f1e8d389969ba3a258a78c8b4e441451734a1,det-v1,1,fallback,1479,74,0.002,0.0000548070,true,false
call-000191,arm10_spec_eprocess,cal/f1/s1060001/unreliable,21,meta-llama/llama-3.2-1b-instruct,sha256:12c5003aef1048062ad050f76314570f6731893cb70fbe9fdbcc7f2e045919cc,det-v1,2,fallback,1549,52552,0.001,0.0106047750,true,false
call-000192,arm10_spec_eprocess,cal/f1/s1060001/unreliable,36,meta-llama/llama-3.2-1b-instruct,sha256:245e3a74bb6932235ea3f7e26758272d88afed4955a390c233f7f88d89c3deba,det-v1,1,accepted,2034,69,0.001,0.0000687870,true,false
call-000193,arm8_spec_immediate,cal/f1/s1060001/unreliable__twin,10,meta-llama/llama-3.2-1b-instruct,sha256:ed04add1e0e023ed45ad96f26ec5787dce80a60c7961596a310190fd234c4292,det-v1,1,fallback,1075,131,0.002,0.0000553560,true,false
call-000194,arm8_spec_immediate,cal/f1/s1060001/unreliable__twin,10,meta-llama/llama-3.2-1b-instruct,sha256:959991055d66576f425757b6cb3aa534403ae2863ed3b19fc6377a68f8d40b26,det-v1,2,fallback,1145,161,0.001,0.0000632760,true,false
call-000195,arm9_spec_heuristic_rollback,cal/f1/s1060001/unreliable__twin,10,meta-llama/llama-3.2-1b-instruct,sha256:ed04add1e0e023ed45ad96f26ec5787dce80a60c7961596a310190fd234c4292,det-v1,1,fallback,1075,131,0.001,0.0000553560,true,false
call-000196,arm9_spec_heuristic_rollback,cal/f1/s1060001/unreliable__twin,10,meta-llama/llama-3.2-1b-instruct,sha256:959991055d66576f425757b6cb3aa534403ae2863ed3b19fc6377a68f8d40b26,det-v1,2,fallback,1145,161,0.001,0.0000632760,true,false
call-000197,arm10_spec_eprocess,cal/f1/s1060001/unreliable__twin,10,meta-llama/llama-3.2-1b-instruct,sha256:ed04add1e0e023ed45ad96f26ec5787dce80a60c7961596a310190fd234c4292,det-v1,1,fallback,1075,131,0.002,0.0000553560,true,false
call-000198,arm10_spec_eprocess,cal/f1/s1060001/unreliable__twin,10,meta-llama/llama-3.2-1b-instruct,sha256:959991055d66576f425757b6cb3aa534403ae2863ed3b19fc6377a68f8d40b26,det-v1,2,fallback,1145,161,0.001,0.0000632760,true,false
call-000199,arm8_spec_immediate,dev/f2/s2050000/no_alert,28,meta-llama/llama-3.2-1b-instruct,sha256:a506379a2ea8cdbeb6eb6ef3438872e59617727773a150b6e3aa799b7deecfaa,det-v1,1,fallback,1699,52515,0.002,0.0106013880,true,false
call-000200,arm8_spec_immediate,dev/f2/s2050000/no_alert,28,meta-llama/llama-3.2-1b-instruct,sha256:5ef64b91b8ca4b9d10c9034dd9ba2173b784b56982485eebc3272061b8afea6b,det-v1,2,fallback,1769,115,0.001,0.0000708780,true,false
call-000201,arm8_spec_immediate,dev/f2/s2050000/no_alert,37,meta-llama/llama-3.2-1b-instruct,sha256:71887f2525b96db69f227d672adc4351109d135a469f70edc551950829feb34f,det-v1,1,accepted,2032,69,0.001,0.0000687330,true,false
call-000202,arm9_spec_heuristic_rollback,dev/f2/s2050000/no_alert,28,meta-llama/llama-3.2-1b-instruct,sha256:a506379a2ea8cdbeb6eb6ef3438872e59617727773a150b6e3aa799b7deecfaa,det-v1,1,fallback,1699,52515,0.002,0.0106013880,true,false
call-000203,arm9_spec_heuristic_rollback,dev/f2/s2050000/no_alert,28,meta-llama/llama-3.2-1b-instruct,sha256:5ef64b91b8ca4b9d10c9034dd9ba2173b784b56982485eebc3272061b8afea6b,det-v1,2,fallback,1769,115,0.001,0.0000708780,true,false
call-000204,arm9_spec_heuristic_rollback,dev/f2/s2050000/no_alert,37,meta-llama/llama-3.2-1b-instruct,sha256:71887f2525b96db69f227d672adc4351109d135a469f70edc551950829feb34f,det-v1,1,accepted,2032,69,0.001,0.0000687330,true,false
call-000205,arm10_spec_eprocess,dev/f2/s2050000/no_alert,28,meta-llama/llama-3.2-1b-instruct,sha256:a506379a2ea8cdbeb6eb6ef3438872e59617727773a150b6e3aa799b7deecfaa,det-v1,1,fallback,1699,52515,0.002,0.0106013880,true,false
call-000206,arm10_spec_eprocess,dev/f2/s2050000/no_alert,28,meta-llama/llama-3.2-1b-instruct,sha256:5ef64b91b8ca4b9d10c9034dd9ba2173b784b56982485eebc3272061b8afea6b,det-v1,2,fallback,1769,115,0.001,0.0000708780,true,false
call-000207,arm10_spec_eprocess,dev/f2/s2050000/no_alert,37,meta-llama/llama-3.2-1b-instruct,sha256:71887f2525b96db69f227d672adc4351109d135a469f70edc551950829feb34f,det-v1,1,accepted,2032,69,0.001,0.0000687330,true,false
call-000208,arm8_spec_immediate,dev/f2/s2050000/no_alert__twin,10,meta-llama/llama-3.2-1b-instruct,sha256:6b2a2093a933d7b06abbd72f5897b4beae7bf119811ffe73fb1e7dca98d17deb,det-v1,1,fallback,1069,131,0.002,0.0000551940,true,false
call-000209,arm8_spec_immediate,dev/f2/s2050000/no_alert__twin,10,meta-llama/llama-3.2-1b-instruct,sha256:2b8721538352d9156a6468f7cff09fc083a4e916f6fb8f6bd77b307d74878248,det-v1,2,fallback,1139,161,0.001,0.0000631140,true,false
call-000210,arm8_spec_immediate,dev/f2/s2050000/no_alert__twin,43,meta-llama/llama-3.2-1b-instruct,sha256:a9f2253b0fb54b40b209dcf688ff0094588b59f50807bd8cc2869c995b15e5d1,det-v1,1,fallback,2290,292,0.001,0.0001205220,true,false
call-000211,arm8_spec_immediate,dev/f2/s2050000/no_alert__twin,43,meta-llama/llama-3.2-1b-instruct,sha256:f81c9c8890c027ea451e4cd8b52a3b9a40c7a05c41e0e9bb19f9eaf2fa96da91,det-v1,2,accepted_after_repair,2360,69,0.001,0.0000775890,true,false
call-000212,arm9_spec_heuristic_rollback,dev/f2/s2050000/no_alert__twin,10,meta-llama/llama-3.2-1b-instruct,sha256:6b2a2093a933d7b06abbd72f5897b4beae7bf119811ffe73fb1e7dca98d17deb,det-v1,1,fallback,1069,131,0.002,0.0000551940,true,false
call-000213,arm9_spec_heuristic_rollback,dev/f2/s2050000/no_alert__twin,10,meta-llama/llama-3.2-1b-instruct,sha256:2b8721538352d9156a6468f7cff09fc083a4e916f6fb8f6bd77b307d74878248,det-v1,2,fallback,1139,161,0.001,0.0000631140,true,false
call-000214,arm9_spec_heuristic_rollback,dev/f2/s2050000/no_alert__twin,43,meta-llama/llama-3.2-1b-instruct,sha256:a9f2253b0fb54b40b209dcf688ff0094588b59f50807bd8cc2869c995b15e5d1,det-v1,1,fallback,2290,292,0.001,0.0001205220,true,false
call-000215,arm9_spec_heuristic_rollback,dev/f2/s2050000/no_alert__twin,43,meta-llama/llama-3.2-1b-instruct,sha256:f81c9c8890c027ea451e4cd8b52a3b9a40c7a05c41e0e9bb19f9eaf2fa96da91,det-v1,2,accepted_after_repair,2360,69,0.001,0.0000775890,true,false
call-000216,arm10_spec_eprocess,dev/f2/s2050000/no_alert__twin,10,meta-llama/llama-3.2-1b-instruct,sha256:6b2a2093a933d7b06abbd72f5897b4beae7bf119811ffe73fb1e7dca98d17deb,det-v1,1,fallback,1069,131,0.004,0.0000551940,true,false
call-000217,arm10_spec_eprocess,dev/f2/s2050000/no_alert__twin,10,meta-llama/llama-3.2-1b-instruct,sha256:2b8721538352d9156a6468f7cff09fc083a4e916f6fb8f6bd77b307d74878248,det-v1,2,fallback,1139,161,0.001,0.0000631140,true,false
call-000218,arm10_spec_eprocess,dev/f2/s2050000/no_alert__twin,43,meta-llama/llama-3.2-1b-instruct,sha256:a9f2253b0fb54b40b209dcf688ff0094588b59f50807bd8cc2869c995b15e5d1,det-v1,1,fallback,2290,292,0.002,0.0001205220,true,false
call-000219,arm10_spec_eprocess,dev/f2/s2050000/no_alert__twin,43,meta-llama/llama-3.2-1b-instruct,sha256:f81c9c8890c027ea451e4cd8b52a3b9a40c7a05c41e0e9bb19f9eaf2fa96da91,det-v1,2,accepted_after_repair,2360,69,0.001,0.0000775890,true,false
call-000220,arm8_spec_immediate,cal/f2/s2060000/no_alert,22,meta-llama/llama-3.2-1b-instruct,sha256:9051dc3be2918d98fcb68cc4509c059dacab2bd7637f0f45cad183b6b2337d72,det-v1,1,fallback,1477,74,0.001,0.0000547530,true,false
call-000221,arm8_spec_immediate,cal/f2/s2060000/no_alert,22,meta-llama/llama-3.2-1b-instruct,sha256:9e9dbe9770efdc9a7333ee9bfd737abccef52592a68b33ad75ae2b6a46780740,det-v1,2,fallback,1547,184,0.001,0.0000787530,true,false
call-000222,arm8_spec_immediate,cal/f2/s2060000/no_alert,37,meta-llama/llama-3.2-1b-instruct,sha256:aa7236edcdc086783fcc5f6a8206485e66004920f5f03648ff8f6519b83b342f,det-v1,1,accepted,2032,69,0.001,0.0000687330,true,false
call-000223,arm9_spec_heuristic_rollback,cal/f2/s2060000/no_alert,22,meta-llama/llama-3.2-1b-instruct,sha256:9051dc3be2918d98fcb68cc4509c059dacab2bd7637f0f45cad183b6b2337d72,det-v1,1,fallback,1477,74,0.002,0.0000547530,true,false
call-000224,arm9_spec_heuristic_rollback,cal/f2/s2060000/no_alert,22,meta-llama/llama-3.2-1b-instruct,sha256:9e9dbe9770efdc9a7333ee9bfd737abccef52592a68b33ad75ae2b6a46780740,det-v1,2,fallback,1547,184,0.001,0.0000787530,true,false
call-000225,arm9_spec_heuristic_rollback,cal/f2/s2060000/no_alert,37,meta-llama/llama-3.2-1b-instruct,sha256:aa7236edcdc086783fcc5f6a8206485e66004920f5f03648ff8f6519b83b342f,det-v1,1,accepted,2032,69,0.002,0.0000687330,true,false
call-000226,arm10_spec_eprocess,cal/f2/s2060000/no_alert,22,meta-llama/llama-3.2-1b-instruct,sha256:9051dc3be2918d98fcb68cc4509c059dacab2bd7637f0f45cad183b6b2337d72,det-v1,1,fallback,1477,74,0.002,0.0000547530,true,false
call-000227,arm10_spec_eprocess,cal/f2/s2060000/no_alert,22,meta-llama/llama-3.2-1b-instruct,sha256:9e9dbe9770efdc9a7333ee9bfd737abccef52592a68b33ad75ae2b6a46780740,det-v1,2,fallback,1547,184,0.001,0.0000787530,true,false
call-000228,arm10_spec_eprocess,cal/f2/s2060000/no_alert,37,meta-llama/llama-3.2-1b-instruct,sha256:aa7236edcdc086783fcc5f6a8206485e66004920f5f03648ff8f6519b83b342f,det-v1,1,accepted,2032,69,0.002,0.0000687330,true,false
call-000229,arm8_spec_immediate,cal/f2/s2060000/no_alert__twin,10,meta-llama/llama-3.2-1b-instruct,sha256:c03a19a8f7cf87e976edfd237210cfe136defbffb6472d61209b8a27c9ffacff,det-v1,1,fallback,1074,131,0.002,0.0000553290,true,false
call-000230,arm8_spec_immediate,cal/f2/s2060000/no_alert__twin,10,meta-llama/llama-3.2-1b-instruct,sha256:1622a25be1c1024dc345669bda23902ee4c4567102bc6e8b9d0a433e89875568,det-v1,2,fallback,1144,161,0.001,0.0000632490,true,false
call-000231,arm9_spec_heuristic_rollback,cal/f2/s2060000/no_alert__twin,10,meta-llama/llama-3.2-1b-instruct,sha256:c03a19a8f7cf87e976edfd237210cfe136defbffb6472d61209b8a27c9ffacff,det-v1,1,fallback,1074,131,0.002,0.0000553290,true,false
call-000232,arm9_spec_heuristic_rollback,cal/f2/s2060000/no_alert__twin,10,meta-llama/llama-3.2-1b-instruct,sha256:1622a25be1c1024dc345669bda23902ee4c4567102bc6e8b9d0a433e89875568,det-v1,2,fallback,1144,161,0.001,0.0000632490,true,false
call-000233,arm10_spec_eprocess,cal/f2/s2060000/no_alert__twin,10,meta-llama/llama-3.2-1b-instruct,sha256:c03a19a8f7cf87e976edfd237210cfe136defbffb6472d61209b8a27c9ffacff,det-v1,1,fallback,1074,131,0.002,0.0000553290,true,false
call-000234,arm10_spec_eprocess,cal/f2/s2060000/no_alert__twin,10,meta-llama/llama-3.2-1b-instruct,sha256:1622a25be1c1024dc345669bda23902ee4c4567102bc6e8b9d0a433e89875568,det-v1,2,fallback,1144,161,0.001,0.0000632490,true,false
call-000235,arm8_spec_immediate,dev/f2/s2050001/no_alert,27,meta-llama/llama-3.2-1b-instruct,sha256:2f92cc8103ab99d8d2bd773cafdb0410aeb6c9f31ee09afac1b9534d29c04641,det-v1,1,fallback,1662,74,0.002,0.0000597480,true,false
call-000236,arm8_spec_immediate,dev/f2/s2050001/no_alert,27,meta-llama/llama-3.2-1b-instruct,sha256:dd859fdc8786fd9f8d29b4ddcc0b092377582bc715468ce6b7ea36feb173d9c4,det-v1,2,fallback,1732,208,0.001,0.0000885720,true,false
call-000237,arm8_spec_immediate,dev/f2/s2050001/no_alert,44,meta-llama/llama-3.2-1b-instruct,sha256:0aaca28e267ca0c3a37ab6e6a85d233492e609faf353d12cfd67a7e09dd69238,det-v1,1,fallback,2291,292,0.002,0.0001205490,true,false
call-000238,arm8_spec_immediate,dev/f2/s2050001/no_alert,44,meta-llama/llama-3.2-1b-instruct,sha256:f1e9949fcd44e59416c1568c88ae5bb663e086e37ccfb8baf9398478d4a84bfc,det-v1,2,accepted_after_repair,2361,69,0.001,0.0000776160,true,false
call-000239,arm9_spec_heuristic_rollback,dev/f2/s2050001/no_alert,27,meta-llama/llama-3.2-1b-instruct,sha256:2f92cc8103ab99d8d2bd773cafdb0410aeb6c9f31ee09afac1b9534d29c04641,det-v1,1,fallback,1662,74,0.001,0.0000597480,true,false
call-000240,arm9_spec_heuristic_rollback,dev/f2/s2050001/no_alert,27,meta-llama/llama-3.2-1b-instruct,sha256:dd859fdc8786fd9f8d29b4ddcc0b092377582bc715468ce6b7ea36feb173d9c4,det-v1,2,fallback,1732,208,0.001,0.0000885720,true,false
call-000241,arm9_spec_heuristic_rollback,dev/f2/s2050001/no_alert,44,meta-llama/llama-3.2-1b-instruct,sha256:0aaca28e267ca0c3a37ab6e6a85d233492e609faf353d12cfd67a7e09dd69238,det-v1,1,fallback,2291,292,0.001,0.0001205490,true,false
call-000242,arm9_spec_heuristic_rollback,dev/f2/s2050001/no_alert,44,meta-llama/llama-3.2-1b-instruct,sha256:f1e9949fcd44e59416c1568c88ae5bb663e086e37ccfb8baf9398478d4a84bfc,det-v1,2,accepted_after_repair,2361,69,0.001,0.0000776160,true,false
call-000243,arm10_spec_eprocess,dev/f2/s2050001/no_alert,27,meta-llama/llama-3.2-1b-instruct,sha256:2f92cc8103ab99d8d2bd773cafdb0410aeb6c9f31ee09afac1b9534d29c04641,det-v1,1,fallback,1662,74,0.001,0.0000597480,true,false
call-000244,arm10_spec_eprocess,dev/f2/s2050001/no_alert,27,meta-llama/llama-3.2-1b-instruct,sha256:dd859fdc8786fd9f8d29b4ddcc0b092377582bc715468ce6b7ea36feb173d9c4,det-v1,2,fallback,1732,208,0.001,0.0000885720,true,false
call-000245,arm10_spec_eprocess,dev/f2/s2050001/no_alert,44,meta-llama/llama-3.2-1b-instruct,sha256:0aaca28e267ca0c3a37ab6e6a85d233492e609faf353d12cfd67a7e09dd69238,det-v1,1,fallback,2291,292,0.001,0.0001205490,true,false
call-000246,arm10_spec_eprocess,dev/f2/s2050001/no_alert,44,meta-llama/llama-3.2-1b-instruct,sha256:f1e9949fcd44e59416c1568c88ae5bb663e086e37ccfb8baf9398478d4a84bfc,det-v1,2,accepted_after_repair,2361,69,0.001,0.0000776160,true,false
call-000247,arm8_spec_immediate,dev/f2/s2050001/no_alert__twin,10,meta-llama/llama-3.2-1b-instruct,sha256:589aef363e09f67acf4e91af8a7278c89baa4349bf61fdb952f17a428446b363,det-v1,1,fallback,1076,131,0.002,0.0000553830,true,false
call-000248,arm8_spec_immediate,dev/f2/s2050001/no_alert__twin,10,meta-llama/llama-3.2-1b-instruct,sha256:b1efae9c24aaafb4eca7512c720ac5527b774b2bdd8838c094bb93638cafa15d,det-v1,2,fallback,1146,127,0.002,0.0000564690,true,false
call-000249,arm9_spec_heuristic_rollback,dev/f2/s2050001/no_alert__twin,10,meta-llama/llama-3.2-1b-instruct,sha256:589aef363e09f67acf4e91af8a7278c89baa4349bf61fdb952f17a428446b363,det-v1,1,fallback,1076,131,0.001,0.0000553830,true,false
call-000250,arm9_spec_heuristic_rollback,dev/f2/s2050001/no_alert__twin,10,meta-llama/llama-3.2-1b-instruct,sha256:b1efae9c24aaafb4eca7512c720ac5527b774b2bdd8838c094bb93638cafa15d,det-v1,2,fallback,1146,127,0.001,0.0000564690,true,false
call-000251,arm10_spec_eprocess,dev/f2/s2050001/no_alert__twin,10,meta-llama/llama-3.2-1b-instruct,sha256:589aef363e09f67acf4e91af8a7278c89baa4349bf61fdb952f17a428446b363,det-v1,1,fallback,1076,131,0.002,0.0000553830,true,false
call-000252,arm10_spec_eprocess,dev/f2/s2050001/no_alert__twin,10,meta-llama/llama-3.2-1b-instruct,sha256:b1efae9c24aaafb4eca7512c720ac5527b774b2bdd8838c094bb93638cafa15d,det-v1,2,fallback,1146,127,0.001,0.0000564690,true,false
call-000253,arm8_spec_immediate,cal/f2/s2060001/no_alert,37,meta-llama/llama-3.2-1b-instruct,sha256:c4f1ff1455551d4621d6f3d383d3669d5640906ccc67007a574144ca9ef8576e,det-v1,1,accepted,2032,69,0.001,0.0000687330,true,false
call-000254,arm8_spec_immediate,cal/f2/s2060001/no_alert,46,meta-llama/llama-3.2-1b-instruct,sha256:f0315862194740a519850d0b765536652c4671998b3a37668a2b4ceb9158a1ff,det-v1,1,fallback,2365,71,0.002,0.0000781260,true,false
call-000255,arm8_spec_immediate,cal/f2/s2060001/no_alert,46,meta-llama/llama-3.2-1b-instruct,sha256:f5d5d698f2a27820febf2d376f8dbd96155f0ce1045fd55151c0421d98d1f508,det-v1,2,accepted_after_repair,2435,69,0.001,0.0000796140,true,false
call-000256,arm9_spec_heuristic_rollback,cal/f2/s2060001/no_alert,37,meta-llama/llama-3.2-1b-instruct,sha256:c4f1ff1455551d4621d6f3d383d3669d5640906ccc67007a574144ca9ef8576e,det-v1,1,accepted,2032,69,0.002,0.0000687330,true,false
call-000257,arm9_spec_heuristic_rollback,cal/f2/s2060001/no_alert,46,meta-llama/llama-3.2-1b-instruct,sha256:f0315862194740a519850d0b765536652c4671998b3a37668a2b4ceb9158a1ff,det-v1,1,fallback,2365,71,0.001,0.0000781260,true,false
call-000258,arm9_spec_heuristic_rollback,cal/f2/s2060001/no_alert,46,meta-llama/llama-3.2-1b-instruct,sha256:f5d5d698f2a27820febf2d376f8dbd96155f0ce1045fd55151c0421d98d1f508,det-v1,2,accepted_after_repair,2435,69,0.001,0.0000796140,true,false
call-000259,arm10_spec_eprocess,cal/f2/s2060001/no_alert,37,meta-llama/llama-3.2-1b-instruct,sha256:c4f1ff1455551d4621d6f3d383d3669d5640906ccc67007a574144ca9ef8576e,det-v1,1,accepted,2032,69,0.001,0.0000687330,true,false
call-000260,arm10_spec_eprocess,cal/f2/s2060001/no_alert,46,meta-llama/llama-3.2-1b-instruct,sha256:f0315862194740a519850d0b765536652c4671998b3a37668a2b4ceb9158a1ff,det-v1,1,fallback,2365,71,0.002,0.0000781260,true,false
call-000261,arm10_spec_eprocess,cal/f2/s2060001/no_alert,46,meta-llama/llama-3.2-1b-instruct,sha256:f5d5d698f2a27820febf2d376f8dbd96155f0ce1045fd55151c0421d98d1f508,det-v1,2,accepted_after_repair,2435,69,0.001,0.0000796140,true,false
call-000262,arm8_spec_immediate,cal/f2/s2060001/no_alert__twin,10,meta-llama/llama-3.2-1b-instruct,sha256:cdcdb7384ef8109525f0d47115e6791ae64c30f1f43eebef5c3f93573670c7d0,det-v1,1,fallback,1075,131,0.001,0.0000553560,true,false
call-000263,arm8_spec_immediate,cal/f2/s2060001/no_alert__twin,10,meta-llama/llama-3.2-1b-instruct,sha256:973f8fc6a8e363b556fab4f66adcff6e944f835a963e7cdbc43759f5fe55a8cd,det-v1,2,fallback,1145,161,0.001,0.0000632760,true,false
call-000264,arm9_spec_heuristic_rollback,cal/f2/s2060001/no_alert__twin,10,meta-llama/llama-3.2-1b-instruct,sha256:cdcdb7384ef8109525f0d47115e6791ae64c30f1f43eebef5c3f93573670c7d0,det-v1,1,fallback,1075,131,0.001,0.0000553560,true,false
call-000265,arm9_spec_heuristic_rollback,cal/f2/s2060001/no_alert__twin,10,meta-llama/llama-3.2-1b-instruct,sha256:973f8fc6a8e363b556fab4f66adcff6e944f835a963e7cdbc43759f5fe55a8cd,det-v1,2,fallback,1145,161,0.001,0.0000632760,true,false
call-000266,arm10_spec_eprocess,cal/f2/s2060001/no_alert__twin,10,meta-llama/llama-3.2-1b-instruct,sha256:cdcdb7384ef8109525f0d47115e6791ae64c30f1f43eebef5c3f93573670c7d0,det-v1,1,fallback,1075,131,0.002,0.0000553560,true,false
call-000267,arm10_spec_eprocess,cal/f2/s2060001/no_alert__twin,10,meta-llama/llama-3.2-1b-instruct,sha256:973f8fc6a8e363b556fab4f66adcff6e944f835a963e7cdbc43759f5fe55a8cd,det-v1,2,fallback,1145,161,0.001,0.0000632760,true,false
call-000268,arm8_spec_immediate,dev/f2/s2050000/early_accurate,28,meta-llama/llama-3.2-1b-instruct,sha256:aee789a79ee685f976689fec568d9fe1a8e1b7cb9aed93cb232a28ddf16841c4,det-v1,1,fallback,1699,52515,0.002,0.0106013880,true,false
call-000269,arm8_spec_immediate,dev/f2/s2050000/early_accurate,28,meta-llama/llama-3.2-1b-instruct,sha256:5da4efb87db169ea273f92536951dcbeaf4f1e85fd614b7ac74ec7e0b8b7541a,det-v1,2,fallback,1769,115,0.001,0.0000708780,true,false
call-000270,arm8_spec_immediate,dev/f2/s2050000/early_accurate,37,meta-llama/llama-3.2-1b-instruct,sha256:9366296b3a4f0fe710421cefc3d21499160ab09082f828b265f83bd3434652b1,det-v1,1,accepted,2032,69,0.002,0.0000687330,true,false
call-000271,arm9_spec_heuristic_rollback,dev/f2/s2050000/early_accurate,28,meta-llama/llama-3.2-1b-instruct,sha256:aee789a79ee685f976689fec568d9fe1a8e1b7cb9aed93cb232a28ddf16841c4,det-v1,1,fallback,1699,52515,0.002,0.0106013880,true,false
call-000272,arm9_spec_heuristic_rollback,dev/f2/s2050000/early_accurate,28,meta-llama/llama-3.2-1b-instruct,sha256:5da4efb87db169ea273f92536951dcbeaf4f1e85fd614b7ac74ec7e0b8b7541a,det-v1,2,fallback,1769,115,0.001,0.0000708780,true,false
call-000273,arm9_spec_heuristic_rollback,dev/f2/s2050000/early_accurate,37,meta-llama/llama-3.2-1b-instruct,sha256:9366296b3a4f0fe710421cefc3d21499160ab09082f828b265f83bd3434652b1,det-v1,1,accepted,2032,69,0.002,0.0000687330,true,false
call-000274,arm10_spec_eprocess,dev/f2/s2050000/early_accurate,28,meta-llama/llama-3.2-1b-instruct,sha256:aee789a79ee685f976689fec568d9fe1a8e1b7cb9aed93cb232a28ddf16841c4,det-v1,1,fallback,1699,52515,0.002,0.0106013880,true,false
call-000275,arm10_spec_eprocess,dev/f2/s2050000/early_accurate,28,meta-llama/llama-3.2-1b-instruct,sha256:5da4efb87db169ea273f92536951dcbeaf4f1e85fd614b7ac74ec7e0b8b7541a,det-v1,2,fallback,1769,115,0.001,0.0000708780,true,false
call-000276,arm10_spec_eprocess,dev/f2/s2050000/early_accurate,37,meta-llama/llama-3.2-1b-instruct,sha256:9366296b3a4f0fe710421cefc3d21499160ab09082f828b265f83bd3434652b1,det-v1,1,accepted,2032,69,0.001,0.0000687330,true,false
call-000277,arm8_spec_immediate,dev/f2/s2050000/early_accurate__twin,10,meta-llama/llama-3.2-1b-instruct,sha256:2386779571e8d6623bb35c0cf3d2a48ef5b1199823094ff22d7b96d43969716f,det-v1,1,fallback,1069,131,0.002,0.0000551940,true,false
call-000278,arm8_spec_immediate,dev/f2/s2050000/early_accurate__twin,10,meta-llama/llama-3.2-1b-instruct,sha256:f7b5152ee93892e2b7d1c4ce8120aa575a40f6ac1bafb1214ecdf41cb868a173,det-v1,2,fallback,1139,161,0.001,0.0000631140,true,false
call-000279,arm8_spec_immediate,dev/f2/s2050000/early_accurate__twin,43,meta-llama/llama-3.2-1b-instruct,sha256:75fa1c80f9d25efada07db2f8a10114af48d968c5c5b37fb0d5dddf944ffd238,det-v1,1,fallback,2290,292,0.002,0.0001205220,true,false
call-000280,arm8_spec_immediate,dev/f2/s2050000/early_accurate__twin,43,meta-llama/llama-3.2-1b-instruct,sha256:5c1e729f255ead93e0d7653266f298f9e7edeccbcb5f788f6fef83edcd09a49c,det-v1,2,accepted_after_repair,2360,69,0.001,0.0000775890,true,false
call-000281,arm9_spec_heuristic_rollback,dev/f2/s2050000/early_accurate__twin,10,meta-llama/llama-3.2-1b-instruct,sha256:2386779571e8d6623bb35c0cf3d2a48ef5b1199823094ff22d7b96d43969716f,det-v1,1,fallback,1069,131,0.001,0.0000551940,true,false
call-000282,arm9_spec_heuristic_rollback,dev/f2/s2050000/early_accurate__twin,10,meta-llama/llama-3.2-1b-instruct,sha256:f7b5152ee93892e2b7d1c4ce8120aa575a40f6ac1bafb1214ecdf41cb868a173,det-v1,2,fallback,1139,161,0.001,0.0000631140,true,false
call-000283,arm9_spec_heuristic_rollback,dev/f2/s2050000/early_accurate__twin,43,meta-llama/llama-3.2-1b-instruct,sha256:75fa1c80f9d25efada07db2f8a10114af48d968c5c5b37fb0d5dddf944ffd238,det-v1,1,fallback,2290,292,0.001,0.0001205220,true,false
call-000284,arm9_spec_heuristic_rollback,dev/f2/s2050000/early_accurate__twin,43,meta-llama/llama-3.2-1b-instruct,sha256:5c1e729f255ead93e0d7653266f298f9e7edeccbcb5f788f6fef83edcd09a49c,det-v1,2,accepted_after_repair,2360,69,0.001,0.0000775890,true,false
call-000285,arm10_spec_eprocess,dev/f2/s2050000/early_accurate__twin,10,meta-llama/llama-3.2-1b-instruct,sha256:2386779571e8d6623bb35c0cf3d2a48ef5b1199823094ff22d7b96d43969716f,det-v1,1,fallback,1069,131,0.001,0.0000551940,true,false
call-000286,arm10_spec_eprocess,dev/f2/s2050000/early_accurate__twin,10,meta-llama/llama-3.2-1b-instruct,sha256:f7b5152ee93892e2b7d1c4ce8120aa575a40f6ac1bafb1214ecdf41cb868a173,det-v1,2,fallback,1139,161,0.001,0.0000631140,true,false
call-000287,arm10_spec_eprocess,dev/f2/s2050000/early_accurate__twin,43,meta-llama/llama-3.2-1b-instruct,sha256:75fa1c80f9d25efada07db2f8a10114af48d968c5c5b37fb0d5dddf944ffd238,det-v1,1,fallback,2290,292,0.001,0.0001205220,true,false
call-000288,arm10_spec_eprocess,dev/f2/s2050000/early_accurate__twin,43,meta-llama/llama-3.2-1b-instruct,sha256:5c1e729f255ead93e0d7653266f298f9e7edeccbcb5f788f6fef83edcd09a49c,det-v1,2,accepted_after_repair,2360,69,0.001,0.0000775890,true,false
call-000289,arm8_spec_immediate,cal/f2/s2060000/early_accurate,22,meta-llama/llama-3.2-1b-instruct,sha256:bc9f7441c705552af8234dbe34e2f82c44a5f1e91ab96c046520df496dcfd90e,det-v1,1,fallback,1477,74,0.002,0.0000547530,true,false
call-000290,arm8_spec_immediate,cal/f2/s2060000/early_accurate,22,meta-llama/llama-3.2-1b-instruct,sha256:e2b81098698715eb19ae8f5abfd50351d3f91b066557b4889b0f63fe8ca0fe0f,det-v1,2,fallback,1547,184,0.001,0.0000787530,true,false
call-000291,arm8_spec_immediate,cal/f2/s2060000/early_accurate,37,meta-llama/llama-3.2-1b-instruct,sha256:ca703df1671c46ec726cd23c78a1eb5b610fb9c9140b4d946e02a06d533c3811,det-v1,1,accepted,2032,69,0.001,0.0000687330,true,false
call-000292,arm9_spec_heuristic_rollback,cal/f2/s2060000/early_accurate,22,meta-llama/llama-3.2-1b-instruct,sha256:bc9f7441c705552af8234dbe34e2f82c44a5f1e91ab96c046520df496dcfd90e,det-v1,1,fallback,1477,74,0.001,0.0000547530,true,false
call-000293,arm9_spec_heuristic_rollback,cal/f2/s2060000/early_accurate,22,meta-llama/llama-3.2-1b-instruct,sha256:e2b81098698715eb19ae8f5abfd50351d3f91b066557b4889b0f63fe8ca0fe0f,det-v1,2,fallback,1547,184,0.001,0.0000787530,true,false
call-000294,arm9_spec_heuristic_rollback,cal/f2/s2060000/early_accurate,37,meta-llama/llama-3.2-1b-instruct,sha256:ca703df1671c46ec726cd23c78a1eb5b610fb9c9140b4d946e02a06d533c3811,det-v1,1,accepted,2032,69,0.001,0.0000687330,true,false
call-000295,arm10_spec_eprocess,cal/f2/s2060000/early_accurate,22,meta-llama/llama-3.2-1b-instruct,sha256:bc9f7441c705552af8234dbe34e2f82c44a5f1e91ab96c046520df496dcfd90e,det-v1,1,fallback,1477,74,0.002,0.0000547530,true,false
call-000296,arm10_spec_eprocess,cal/f2/s2060000/early_accurate,22,meta-llama/llama-3.2-1b-instruct,sha256:e2b81098698715eb19ae8f5abfd50351d3f91b066557b4889b0f63fe8ca0fe0f,det-v1,2,fallback,1547,184,0.001,0.0000787530,true,false
call-000297,arm10_spec_eprocess,cal/f2/s2060000/early_accurate,37,meta-llama/llama-3.2-1b-instruct,sha256:ca703df1671c46ec726cd23c78a1eb5b610fb9c9140b4d946e02a06d533c3811,det-v1,1,accepted,2032,69,0.002,0.0000687330,true,false
call-000298,arm8_spec_immediate,cal/f2/s2060000/early_accurate__twin,10,meta-llama/llama-3.2-1b-instruct,sha256:627fce77789aebac70efe4c30add34a2b70936bdfc8e04034dc3f22c8fed2fbc,det-v1,1,fallback,1074,131,0.002,0.0000553290,true,false
call-000299,arm8_spec_immediate,cal/f2/s2060000/early_accurate__twin,10,meta-llama/llama-3.2-1b-instruct,sha256:ee33f1d31a67a119456c6dc675a55e13790682e2a0d5e43c88371641e389df7a,det-v1,2,fallback,1144,161,0.001,0.0000632490,true,false
call-000300,arm9_spec_heuristic_rollback,cal/f2/s2060000/early_accurate__twin,10,meta-llama/llama-3.2-1b-instruct,sha256:627fce77789aebac70efe4c30add34a2b70936bdfc8e04034dc3f22c8fed2fbc,det-v1,1,fallback,1074,131,0.002,0.0000553290,true,false
call-000301,arm9_spec_heuristic_rollback,cal/f2/s2060000/early_accurate__twin,10,meta-llama/llama-3.2-1b-instruct,sha256:ee33f1d31a67a119456c6dc675a55e13790682e2a0d5e43c88371641e389df7a,det-v1,2,fallback,1144,161,0.001,0.0000632490,true,false
call-000302,arm10_spec_eprocess,cal/f2/s2060000/early_accurate__twin,10,meta-llama/llama-3.2-1b-instruct,sha256:627fce77789aebac70efe4c30add34a2b70936bdfc8e04034dc3f22c8fed2fbc,det-v1,1,fallback,1074,131,0.002,0.0000553290,true,false
call-000303,arm10_spec_eprocess,cal/f2/s2060000/early_accurate__twin,10,meta-llama/llama-3.2-1b-instruct,sha256:ee33f1d31a67a119456c6dc675a55e13790682e2a0d5e43c88371641e389df7a,det-v1,2,fallback,1144,161,0.001,0.0000632490,true,false
call-000304,arm8_spec_immediate,dev/f2/s2050001/early_accurate,27,meta-llama/llama-3.2-1b-instruct,sha256:a32f209a6a86bff3aba44634a68fcd4810c1ff9023b18122f1bb47f4f7fa391d,det-v1,1,fallback,1662,74,0.002,0.0000597480,true,false
call-000305,arm8_spec_immediate,dev/f2/s2050001/early_accurate,27,meta-llama/llama-3.2-1b-instruct,sha256:d0606b2cb762fd39e83a27bc5e5a55b95631670ff45ed54fd49982b3c8ac3494,det-v1,2,fallback,1732,208,0.001,0.0000885720,true,false
call-000306,arm8_spec_immediate,dev/f2/s2050001/early_accurate,44,meta-llama/llama-3.2-1b-instruct,sha256:6bfe3bf9d96d0a35c4dfbb21768afa49b9c22e62b14d009dc8d23c9762d8b837,det-v1,1,fallback,2291,292,0.001,0.0001205490,true,false
call-000307,arm8_spec_immediate,dev/f2/s2050001/early_accurate,44,meta-llama/llama-3.2-1b-instruct,sha256:e7fae222679e88d3ac2810782a6fae1593079e54c01f756fc3efa8841ce95d45,det-v1,2,accepted_after_repair,2361,69,0.001,0.0000776160,true,false
call-000308,arm9_spec_heuristic_rollback,dev/f2/s2050001/early_accurate,27,meta-llama/llama-3.2-1b-instruct,sha256:a32f209a6a86bff3aba44634a68fcd4810c1ff9023b18122f1bb47f4f7fa391d,det-v1,1,fallback,1662,74,0.002,0.0000597480,true,false
call-000309,arm9_spec_heuristic_rollback,dev/f2/s2050001/early_accurate,27,meta-llama/llama-3.2-1b-instruct,sha256:d0606b2cb762fd39e83a27bc5e5a55b95631670ff45ed54fd49982b3c8ac3494,det-v1,2,fallback,1732,208,0.001,0.0000885720,true,false
call-000310,arm9_spec_heuristic_rollback,dev/f2/s2050001/early_accurate,44,meta-llama/llama-3.2-1b-instruct,sha256:6bfe3bf9d96d0a35c4dfbb21768afa49b9c22e62b14d009dc8d23c9762d8b837,det-v1,1,fallback,2291,292,0.001,0.0001205490,true,false
call-000311,arm9_spec_heuristic_rollback,dev/f2/s2050001/early_accurate,44,meta-llama/llama-3.2-1b-instruct,sha256:e7fae222679e88d3ac2810782a6fae1593079e54c01f756fc3efa8841ce95d45,det-v1,2,accepted_after_repair,2361,69,0.001,0.0000776160,true,false
call-000312,arm10_spec_eprocess,dev/f2/s2050001/early_accurate,27,meta-llama/llama-3.2-1b-instruct,sha256:a32f209a6a86bff3aba44634a68fcd4810c1ff9023b18122f1bb47f4f7fa391d,det-v1,1,fallback,1662,74,0.002,0.0000597480,true,false
call-000313,arm10_spec_eprocess,dev/f2/s2050001/early_accurate,27,meta-llama/llama-3.2-1b-instruct,sha256:d0606b2cb762fd39e83a27bc5e5a55b95631670ff45ed54fd49982b3c8ac3494,det-v1,2,fallback,1732,208,0.001,0.0000885720,true,false
call-000314,arm10_spec_eprocess,dev/f2/s2050001/early_accurate,44,meta-llama/llama-3.2-1b-instruct,sha256:6bfe3bf9d96d0a35c4dfbb21768afa49b9c22e62b14d009dc8d23c9762d8b837,det-v1,1,fallback,2291,292,0.001,0.0001205490,true,false
call-000315,arm10_spec_eprocess,dev/f2/s2050001/early_accurate,44,meta-llama/llama-3.2-1b-instruct,sha256:e7fae222679e88d3ac2810782a6fae1593079e54c01f756fc3efa8841ce95d45,det-v1,2,accepted_after_repair,2361,69,0.001,0.0000776160,true,false
call-000316,arm8_spec_immediate,dev/f2/s2050001/early_accurate__twin,10,meta-llama/llama-3.2-1b-instruct,sha256:260ea33a63c802678659d63ba112b8607f18d171dd6eb7cfed56c23e5fe0915b,det-v1,1,fallback,1076,131,0.001,0.0000553830,true,false
call-000317,arm8_spec_immediate,dev/f2/s2050001/early_accurate__twin,10,meta-llama/llama-3.2-1b-instruct,sha256:72b8edd4df13655158f1c3c91bde4acb34458feee66f4a62ce21a3909ea0c2f6,det-v1,2,fallback,1146,127,0.001,0.0000564690,true,false
call-000318,arm9_spec_heuristic_rollback,dev/f2/s2050001/early_accurate__twin,10,meta-llama/llama-3.2-1b-instruct,sha256:260ea33a63c802678659d63ba112b8607f18d171dd6eb7cfed56c23e5fe0915b,det-v1,1,fallback,1076,131,0.001,0.0000553830,true,false
call-000319,arm9_spec_heuristic_rollback,dev/f2/s2050001/early_accurate__twin,10,meta-llama/llama-3.2-1b-instruct,sha256:72b8edd4df13655158f1c3c91bde4acb34458feee66f4a62ce21a3909ea0c2f6,det-v1,2,fallback,1146,127,0.001,0.0000564690,true,false
call-000320,arm10_spec_eprocess,dev/f2/s2050001/early_accurate__twin,10,meta-llama/llama-3.2-1b-instruct,sha256:260ea33a63c802678659d63ba112b8607f18d171dd6eb7cfed56c23e5fe0915b,det-v1,1,fallback,1076,131,0.001,0.0000553830,true,false
call-000321,arm10_spec_eprocess,dev/f2/s2050001/early_accurate__twin,10,meta-llama/llama-3.2-1b-instruct,sha256:72b8edd4df13655158f1c3c91bde4acb34458feee66f4a62ce21a3909ea0c2f6,det-v1,2,fallback,1146,127,0.001,0.0000564690,true,false
call-000322,arm8_spec_immediate,cal/f2/s2060001/early_accurate,37,meta-llama/llama-3.2-1b-instruct,sha256:e2b350c5edf498d612ebef6cdad1804e9e2885d2303381df22ddec62f5eab1c9,det-v1,1,accepted,2032,69,0.002,0.0000687330,true,false
call-000323,arm8_spec_immediate,cal/f2/s2060001/early_accurate,46,meta-llama/llama-3.2-1b-instruct,sha256:89fc0eb14b59b5e61d63d00ac659c9ea7ff707820c5ef950c8260aab89fc7a7d,det-v1,1,fallback,2365,71,0.002,0.0000781260,true,false
call-000324,arm8_spec_immediate,cal/f2/s2060001/early_accurate,46,meta-llama/llama-3.2-1b-instruct,sha256:367682c09b31ea14a937388853374bbf399d0e709f0003b98e3d71c32e47a9d0,det-v1,2,accepted_after_repair,2435,69,0.001,0.0000796140,true,false
call-000325,arm9_spec_heuristic_rollback,cal/f2/s2060001/early_accurate,37,meta-llama/llama-3.2-1b-instruct,sha256:e2b350c5edf498d612ebef6cdad1804e9e2885d2303381df22ddec62f5eab1c9,det-v1,1,accepted,2032,69,0.001,0.0000687330,true,false
call-000326,arm9_spec_heuristic_rollback,cal/f2/s2060001/early_accurate,46,meta-llama/llama-3.2-1b-instruct,sha256:89fc0eb14b59b5e61d63d00ac659c9ea7ff707820c5ef950c8260aab89fc7a7d,det-v1,1,fallback,2365,71,0.001,0.0000781260,true,false
call-000327,arm9_spec_heuristic_rollback,cal/f2/s2060001/early_accurate,46,meta-llama/llama-3.2-1b-instruct,sha256:367682c09b31ea14a937388853374bbf399d0e709f0003b98e3d71c32e47a9d0,det-v1,2,accepted_after_repair,2435,69,0.001,0.0000796140,true,false
call-000328,arm10_spec_eprocess,cal/f2/s2060001/early_accurate,37,meta-llama/llama-3.2-1b-instruct,sha256:e2b350c5edf498d612ebef6cdad1804e9e2885d2303381df22ddec62f5eab1c9,det-v1,1,accepted,2032,69,0.002,0.0000687330,true,false
call-000329,arm10_spec_eprocess,cal/f2/s2060001/early_accurate,46,meta-llama/llama-3.2-1b-instruct,sha256:89fc0eb14b59b5e61d63d00ac659c9ea7ff707820c5ef950c8260aab89fc7a7d,det-v1,1,fallback,2365,71,0.002,0.0000781260,true,false
call-000330,arm10_spec_eprocess,cal/f2/s2060001/early_accurate,46,meta-llama/llama-3.2-1b-instruct,sha256:367682c09b31ea14a937388853374bbf399d0e709f0003b98e3d71c32e47a9d0,det-v1,2,accepted_after_repair,2435,69,0.001,0.0000796140,true,false
call-000331,arm8_spec_immediate,cal/f2/s2060001/early_accurate__twin,10,meta-llama/llama-3.2-1b-instruct,sha256:2c210ce5fecbe4254893d8c9e3ad2b0ce2154ce0cbb48ffc97994d0bf719efc5,det-v1,1,fallback,1075,131,0.002,0.0000553560,true,false
call-000332,arm8_spec_immediate,cal/f2/s2060001/early_accurate__twin,10,meta-llama/llama-3.2-1b-instruct,sha256:84c7133d520d72e8550e4e75986c2f449109515117dcb7b1c5d25ec08ff22c66,det-v1,2,fallback,1145,161,0.001,0.0000632760,true,false
call-000333,arm9_spec_heuristic_rollback,cal/f2/s2060001/early_accurate__twin,10,meta-llama/llama-3.2-1b-instruct,sha256:2c210ce5fecbe4254893d8c9e3ad2b0ce2154ce0cbb48ffc97994d0bf719efc5,det-v1,1,fallback,1075,131,0.002,0.0000553560,true,false
call-000334,arm9_spec_heuristic_rollback,cal/f2/s2060001/early_accurate__twin,10,meta-llama/llama-3.2-1b-instruct,sha256:84c7133d520d72e8550e4e75986c2f449109515117dcb7b1c5d25ec08ff22c66,det-v1,2,fallback,1145,161,0.001,0.0000632760,true,false
call-000335,arm10_spec_eprocess,cal/f2/s2060001/early_accurate__twin,10,meta-llama/llama-3.2-1b-instruct,sha256:2c210ce5fecbe4254893d8c9e3ad2b0ce2154ce0cbb48ffc97994d0bf719efc5,det-v1,1,fallback,1075,131,0.001,0.0000553560,true,false
call-000336,arm10_spec_eprocess,cal/f2/s2060001/early_accurate__twin,10,meta-llama/llama-3.2-1b-instruct,sha256:84c7133d520d72e8550e4e75986c2f449109515117dcb7b1c5d25ec08ff22c66,det-v1,2,fallback,1145,161,0.001,0.0000632760,true,false
call-000337,arm8_spec_immediate,dev/f2/s2050000/late_accurate,28,meta-llama/llama-3.2-1b-instruct,sha256:ab65b68aa5c8547cafdaec6b54636954edd3120692882b346d6a105529327f88,det-v1,1,fallback,1699,52515,0.002,0.0106013880,true,false
call-000338,arm8_spec_immediate,dev/f2/s2050000/late_accurate,28,meta-llama/llama-3.2-1b-instruct,sha256:7d854bf6fc221adb6a89f5341dc584be34dc4a767853a93ef29a8c04646738c1,det-v1,2,fallback,1769,115,0.001,0.0000708780,true,false
call-000339,arm8_spec_immediate,dev/f2/s2050000/late_accurate,37,meta-llama/llama-3.2-1b-instruct,sha256:b54ac7cd64a4a07f22b2762f85b4618a953254060108382e6bb80f8cab2860c9,det-v1,1,accepted,2032,69,0.001,0.0000687330,true,false
call-000340,arm9_spec_heuristic_rollback,dev/f2/s2050000/late_accurate,28,meta-llama/llama-3.2-1b-instruct,sha256:ab65b68aa5c8547cafdaec6b54636954edd3120692882b346d6a105529327f88,det-v1,1,fallback,1699,52515,0.002,0.0106013880,true,false
call-000341,arm9_spec_heuristic_rollback,dev/f2/s2050000/late_accurate,28,meta-llama/llama-3.2-1b-instruct,sha256:7d854bf6fc221adb6a89f5341dc584be34dc4a767853a93ef29a8c04646738c1,det-v1,2,fallback,1769,115,0.001,0.0000708780,true,false
call-000342,arm9_spec_heuristic_rollback,dev/f2/s2050000/late_accurate,37,meta-llama/llama-3.2-1b-instruct,sha256:b54ac7cd64a4a07f22b2762f85b4618a953254060108382e6bb80f8cab2860c9,det-v1,1,accepted,2032,69,0.002,0.0000687330,true,false
call-000343,arm10_spec_eprocess,dev/f2/s2050000/late_accurate,28,meta-llama/llama-3.2-1b-instruct,sha256:ab65b68aa5c8547cafdaec6b54636954edd3120692882b346d6a105529327f88,det-v1,1,fallback,1699,52515,0.002,0.0106013880,true,false
call-000344,arm10_spec_eprocess,dev/f2/s2050000/late_accurate,28,meta-llama/llama-3.2-1b-instruct,sha256:7d854bf6fc221adb6a89f5341dc584be34dc4a767853a93ef29a8c04646738c1,det-v1,2,fallback,1769,115,0.001,0.0000708780,true,false
call-000345,arm10_spec_eprocess,dev/f2/s2050000/late_accurate,37,meta-llama/llama-3.2-1b-instruct,sha256:b54ac7cd64a4a07f22b2762f85b4618a953254060108382e6bb80f8cab2860c9,det-v1,1,accepted,2032,69,0.002,0.0000687330,true,false
call-000346,arm8_spec_immediate,cal/f2/s2060000/late_accurate,22,meta-llama/llama-3.2-1b-instruct,sha256:299b70990dcf2cc5d6b102bcb28b15ba68468306ef3f2e8f5c4098792ec5a75f,det-v1,1,fallback,1477,74,0.002,0.0000547530,true,false
call-000347,arm8_spec_immediate,cal/f2/s2060000/late_accurate,22,meta-llama/llama-3.2-1b-instruct,sha256:aa0263345c39c715cfe9250bf095cd39e103adfea7eb2f82bf5b74239779141b,det-v1,2,fallback,1547,184,0.001,0.0000787530,true,false
call-000348,arm8_spec_immediate,cal/f2/s2060000/late_accurate,37,meta-llama/llama-3.2-1b-instruct,sha256:e4ff411af0a90531ca2d79c75219d6c7df86866cc2e479e7d29454e24886de4c,det-v1,1,accepted,2032,69,0.001,0.0000687330,true,false
call-000349,arm9_spec_heuristic_rollback,cal/f2/s2060000/late_accurate,22,meta-llama/llama-3.2-1b-instruct,sha256:299b70990dcf2cc5d6b102bcb28b15ba68468306ef3f2e8f5c4098792ec5a75f,det-v1,1,fallback,1477,74,0.002,0.0000547530,true,false
call-000350,arm9_spec_heuristic_rollback,cal/f2/s2060000/late_accurate,22,meta-llama/llama-3.2-1b-instruct,sha256:aa0263345c39c715cfe9250bf095cd39e103adfea7eb2f82bf5b74239779141b,det-v1,2,fallback,1547,184,0.001,0.0000787530,true,false
call-000351,arm9_spec_heuristic_rollback,cal/f2/s2060000/late_accurate,37,meta-llama/llama-3.2-1b-instruct,sha256:e4ff411af0a90531ca2d79c75219d6c7df86866cc2e479e7d29454e24886de4c,det-v1,1,accepted,2032,69,0.002,0.0000687330,true,false
call-000352,arm10_spec_eprocess,cal/f2/s2060000/late_accurate,22,meta-llama/llama-3.2-1b-instruct,sha256:299b70990dcf2cc5d6b102bcb28b15ba68468306ef3f2e8f5c4098792ec5a75f,det-v1,1,fallback,1477,74,0.001,0.0000547530,true,false
call-000353,arm10_spec_eprocess,cal/f2/s2060000/late_accurate,22,meta-llama/llama-3.2-1b-instruct,sha256:aa0263345c39c715cfe9250bf095cd39e103adfea7eb2f82bf5b74239779141b,det-v1,2,fallback,1547,184,0.001,0.0000787530,true,false
call-000354,arm10_spec_eprocess,cal/f2/s2060000/late_accurate,37,meta-llama/llama-3.2-1b-instruct,sha256:e4ff411af0a90531ca2d79c75219d6c7df86866cc2e479e7d29454e24886de4c,det-v1,1,accepted,2032,69,0.001,0.0000687330,true,false
call-000355,arm8_spec_immediate,dev/f2/s2050001/late_accurate,27,meta-llama/llama-3.2-1b-instruct,sha256:7d039c819f81f90b9e96018970e5dfaadf53f3965ea0949c43651c4c9d731d1a,det-v1,1,fallback,1662,74,0.002,0.0000597480,true,false
call-000356,arm8_spec_immediate,dev/f2/s2050001/late_accurate,27,meta-llama/llama-3.2-1b-instruct,sha256:3dd93de4ced0aa501794699da5de05eacedecbef46566985b5dc86845b97ec9a,det-v1,2,fallback,1732,208,0.001,0.0000885720,true,false
call-000357,arm8_spec_immediate,dev/f2/s2050001/late_accurate,44,meta-llama/llama-3.2-1b-instruct,sha256:484c39b1ce06bca2ed8eb1735d0521d55d9af7f4297f8b1e0bb62af304fac73c,det-v1,1,fallback,2291,292,0.001,0.0001205490,true,false
call-000358,arm8_spec_immediate,dev/f2/s2050001/late_accurate,44,meta-llama/llama-3.2-1b-instruct,sha256:bae6023d0a42586e2c0e4994d52fb96584fa6634dc56c0544d1bcc6c62264838,det-v1,2,accepted_after_repair,2361,69,0.001,0.0000776160,true,false
call-000359,arm9_spec_heuristic_rollback,dev/f2/s2050001/late_accurate,27,meta-llama/llama-3.2-1b-instruct,sha256:7d039c819f81f90b9e96018970e5dfaadf53f3965ea0949c43651c4c9d731d1a,det-v1,1,fallback,1662,74,0.001,0.0000597480,true,false
call-000360,arm9_spec_heuristic_rollback,dev/f2/s2050001/late_accurate,27,meta-llama/llama-3.2-1b-instruct,sha256:3dd93de4ced0aa501794699da5de05eacedecbef46566985b5dc86845b97ec9a,det-v1,2,fallback,1732,208,0.001,0.0000885720,true,false
call-000361,arm9_spec_heuristic_rollback,dev/f2/s2050001/late_accurate,44,meta-llama/llama-3.2-1b-instruct,sha256:484c39b1ce06bca2ed8eb1735d0521d55d9af7f4297f8b1e0bb62af304fac73c,det-v1,1,fallback,2291,292,0.001,0.0001205490,true,false
call-000362,arm9_spec_heuristic_rollback,dev/f2/s2050001/late_accurate,44,meta-llama/llama-3.2-1b-instruct,sha256:bae6023d0a42586e2c0e4994d52fb96584fa6634dc56c0544d1bcc6c62264838,det-v1,2,accepted_after_repair,2361,69,0.001,0.0000776160,true,false
call-000363,arm10_spec_eprocess,dev/f2/s2050001/late_accurate,27,meta-llama/llama-3.2-1b-instruct,sha256:7d039c819f81f90b9e96018970e5dfaadf53f3965ea0949c43651c4c9d731d1a,det-v1,1,fallback,1662,74,0.001,0.0000597480,true,false
call-000364,arm10_spec_eprocess,dev/f2/s2050001/late_accurate,27,meta-llama/llama-3.2-1b-instruct,sha256:3dd93de4ced0aa501794699da5de05eacedecbef46566985b5dc86845b97ec9a,det-v1,2,fallback,1732,208,0.001,0.0000885720,true,false
call-000365,arm10_spec_eprocess,dev/f2/s2050001/late_accurate,44,meta-llama/llama-3.2-1b-instruct,sha256:484c39b1ce06bca2ed8eb1735d0521d55d9af7f4297f8b1e0bb62af304fac73c,det-v1,1,fallback,2291,292,0.001,0.0001205490,true,false
call-000366,arm10_spec_eprocess,dev/f2/s2050001/late_accurate,44,meta-llama/llama-3.2-1b-instruct,sha256:bae6023d0a42586e2c0e4994d52fb96584fa6634dc56c0544d1bcc6c62264838,det-v1,2,accepted_after_repair,2361,69,0.001,0.0000776160,true,false
call-000367,arm8_spec_immediate,cal/f2/s2060001/late_accurate,37,meta-llama/llama-3.2-1b-instruct,sha256:9b464dcd352fbeed0c97cfe585fecdfd284de663806ce88e3df92ccce9d02d07,det-v1,1,accepted,2032,69,0.001,0.0000687330,true,false
call-000368,arm8_spec_immediate,cal/f2/s2060001/late_accurate,46,meta-llama/llama-3.2-1b-instruct,sha256:5d3d10e1012cf4395cb5b19a50d5630f3a76b613b78a5525bbbe416672295ee5,det-v1,1,fallback,2365,73,0.001,0.0000785280,true,false
call-000369,arm8_spec_immediate,cal/f2/s2060001/late_accurate,46,meta-llama/llama-3.2-1b-instruct,sha256:9eefbddb75ff9bb6489f278c86339f53a7aadf4fbad335cab5bb9b12f0e4d9cc,det-v1,2,accepted_after_repair,2435,69,0.001,0.0000796140,true,false
call-000370,arm9_spec_heuristic_rollback,cal/f2/s2060001/late_accurate,37,meta-llama/llama-3.2-1b-instruct,sha256:9b464dcd352fbeed0c97cfe585fecdfd284de663806ce88e3df92ccce9d02d07,det-v1,1,accepted,2032,69,0.002,0.0000687330,true,false
call-000371,arm9_spec_heuristic_rollback,cal/f2/s2060001/late_accurate,46,meta-llama/llama-3.2-1b-instruct,sha256:5d3d10e1012cf4395cb5b19a50d5630f3a76b613b78a5525bbbe416672295ee5,det-v1,1,fallback,2365,73,0.001,0.0000785280,true,false
call-000372,arm9_spec_heuristic_rollback,cal/f2/s2060001/late_accurate,46,meta-llama/llama-3.2-1b-instruct,sha256:9eefbddb75ff9bb6489f278c86339f53a7aadf4fbad335cab5bb9b12f0e4d9cc,det-v1,2,accepted_after_repair,2435,69,0.001,0.0000796140,true,false
call-000373,arm10_spec_eprocess,cal/f2/s2060001/late_accurate,37,meta-llama/llama-3.2-1b-instruct,sha256:9b464dcd352fbeed0c97cfe585fecdfd284de663806ce88e3df92ccce9d02d07,det-v1,1,accepted,2032,69,0.002,0.0000687330,true,false
call-000374,arm10_spec_eprocess,cal/f2/s2060001/late_accurate,46,meta-llama/llama-3.2-1b-instruct,sha256:5d3d10e1012cf4395cb5b19a50d5630f3a76b613b78a5525bbbe416672295ee5,det-v1,1,fallback,2365,73,0.001,0.0000785280,true,false
call-000375,arm10_spec_eprocess,cal/f2/s2060001/late_accurate,46,meta-llama/llama-3.2-1b-instruct,sha256:9eefbddb75ff9bb6489f278c86339f53a7aadf4fbad335cab5bb9b12f0e4d9cc,det-v1,2,accepted_after_repair,2435,69,0.001,0.0000796140,true,false
call-000376,arm8_spec_immediate,dev/f2/s2050000/unreliable,28,meta-llama/llama-3.2-1b-instruct,sha256:cab5ec1cac45d900784c93b7ecc2df448840aea5c8364f0e4f0a09299604c55f,det-v1,1,fallback,1699,52515,0.002,0.0106013880,true,false
call-000377,arm8_spec_immediate,dev/f2/s2050000/unreliable,28,meta-llama/llama-3.2-1b-instruct,sha256:8fa078052846c714582dd3a7f84bd9214116861639d9964d183bbbd7fda9944f,det-v1,2,fallback,1769,115,0.001,0.0000708780,true,false
call-000378,arm8_spec_immediate,dev/f2/s2050000/unreliable,37,meta-llama/llama-3.2-1b-instruct,sha256:698452ea17e2bd716eab3b7ba81e19f0fe06c92b768279d7031c94441957bdd0,det-v1,1,accepted,2032,69,0.002,0.0000687330,true,false
call-000379,arm9_spec_heuristic_rollback,dev/f2/s2050000/unreliable,28,meta-llama/llama-3.2-1b-instruct,sha256:cab5ec1cac45d900784c93b7ecc2df448840aea5c8364f0e4f0a09299604c55f,det-v1,1,fallback,1699,52515,0.002,0.0106013880,true,false
call-000380,arm9_spec_heuristic_rollback,dev/f2/s2050000/unreliable,28,meta-llama/llama-3.2-1b-instruct,sha256:8fa078052846c714582dd3a7f84bd9214116861639d9964d183bbbd7fda9944f,det-v1,2,fallback,1769,115,0.001,0.0000708780,true,false
call-000381,arm9_spec_heuristic_rollback,dev/f2/s2050000/unreliable,37,meta-llama/llama-3.2-1b-instruct,sha256:698452ea17e2bd716eab3b7ba81e19f0fe06c92b768279d7031c94441957bdd0,det-v1,1,accepted,2032,69,0.001,0.0000687330,true,false
call-000382,arm10_spec_eprocess,dev/f2/s2050000/unreliable,28,meta-llama/llama-3.2-1b-instruct,sha256:cab5ec1cac45d900784c93b7ecc2df448840aea5c8364f0e4f0a09299604c55f,det-v1,1,fallback,1699,52515,0.002,0.0106013880,true,false
call-000383,arm10_spec_eprocess,dev/f2/s2050000/unreliable,28,meta-llama/llama-3.2-1b-instruct,sha256:8fa078052846c714582dd3a7f84bd9214116861639d9964d183bbbd7fda9944f,det-v1,2,fallback,1769,115,0.001,0.0000708780,true,false
call-000384,arm10_spec_eprocess,dev/f2/s2050000/unreliable,37,meta-llama/llama-3.2-1b-instruct,sha256:698452ea17e2bd716eab3b7ba81e19f0fe06c92b768279d7031c94441957bdd0,det-v1,1,accepted,2032,69,0.001,0.0000687330,true,false
call-000385,arm8_spec_immediate,cal/f2/s2060000/unreliable,22,meta-llama/llama-3.2-1b-instruct,sha256:5f292921a6c8047cfde96037538ac7e3a04cbdcf012750a77d5b5ffcd7ae3805,det-v1,1,fallback,1477,74,0.001,0.0000547530,true,false
call-000386,arm8_spec_immediate,cal/f2/s2060000/unreliable,22,meta-llama/llama-3.2-1b-instruct,sha256:fe670eaddf81701e9f5430260ca9cf525c165831b225f133c7b305a50cfddbf5,det-v1,2,fallback,1547,184,0.001,0.0000787530,true,false
call-000387,arm8_spec_immediate,cal/f2/s2060000/unreliable,37,meta-llama/llama-3.2-1b-instruct,sha256:a13393f86435f3c30b5f82dc032dfb745a3cf4ee2f2a19c405706413dacda590,det-v1,1,accepted,2032,69,0.001,0.0000687330,true,false
call-000388,arm9_spec_heuristic_rollback,cal/f2/s2060000/unreliable,22,meta-llama/llama-3.2-1b-instruct,sha256:5f292921a6c8047cfde96037538ac7e3a04cbdcf012750a77d5b5ffcd7ae3805,det-v1,1,fallback,1477,74,0.002,0.0000547530,true,false
call-000389,arm9_spec_heuristic_rollback,cal/f2/s2060000/unreliable,22,meta-llama/llama-3.2-1b-instruct,sha256:fe670eaddf81701e9f5430260ca9cf525c165831b225f133c7b305a50cfddbf5,det-v1,2,fallback,1547,184,0.001,0.0000787530,true,false
call-000390,arm9_spec_heuristic_rollback,cal/f2/s2060000/unreliable,37,meta-llama/llama-3.2-1b-instruct,sha256:a13393f86435f3c30b5f82dc032dfb745a3cf4ee2f2a19c405706413dacda590,det-v1,1,accepted,2032,69,0.001,0.0000687330,true,false
call-000391,arm10_spec_eprocess,cal/f2/s2060000/unreliable,22,meta-llama/llama-3.2-1b-instruct,sha256:5f292921a6c8047cfde96037538ac7e3a04cbdcf012750a77d5b5ffcd7ae3805,det-v1,1,fallback,1477,74,0.001,0.0000547530,true,false
call-000392,arm10_spec_eprocess,cal/f2/s2060000/unreliable,22,meta-llama/llama-3.2-1b-instruct,sha256:fe670eaddf81701e9f5430260ca9cf525c165831b225f133c7b305a50cfddbf5,det-v1,2,fallback,1547,184,0.001,0.0000787530,true,false
call-000393,arm10_spec_eprocess,cal/f2/s2060000/unreliable,37,meta-llama/llama-3.2-1b-instruct,sha256:a13393f86435f3c30b5f82dc032dfb745a3cf4ee2f2a19c405706413dacda590,det-v1,1,accepted,2032,69,0.001,0.0000687330,true,false
call-000394,arm8_spec_immediate,dev/f2/s2050001/unreliable,27,meta-llama/llama-3.2-1b-instruct,sha256:32b8c966815b92896b49ef7ae0bed5e7f08f6f3b06736e2768f1f7a2adccec87,det-v1,1,fallback,1662,74,0.002,0.0000597480,true,false
call-000395,arm8_spec_immediate,dev/f2/s2050001/unreliable,27,meta-llama/llama-3.2-1b-instruct,sha256:70136eb16e21b84295a59c24633f4f883e75f0bf36dc8106333a0185309e6250,det-v1,2,fallback,1732,208,0.001,0.0000885720,true,false
call-000396,arm8_spec_immediate,dev/f2/s2050001/unreliable,44,meta-llama/llama-3.2-1b-instruct,sha256:b87e2487318d7ab55ebbda84ddcd5f06e23bbe6b0ba98548e62ad95ff3432aa2,det-v1,1,fallback,2291,292,0.001,0.0001205490,true,false
call-000397,arm8_spec_immediate,dev/f2/s2050001/unreliable,44,meta-llama/llama-3.2-1b-instruct,sha256:71bb103c01912e1e635d971ee9a3dc44a771b0c5dd33114351b6c08556cbad65,det-v1,2,accepted_after_repair,2361,69,0.001,0.0000776160,true,false
call-000398,arm9_spec_heuristic_rollback,dev/f2/s2050001/unreliable,27,meta-llama/llama-3.2-1b-instruct,sha256:32b8c966815b92896b49ef7ae0bed5e7f08f6f3b06736e2768f1f7a2adccec87,det-v1,1,fallback,1662,74,0.002,0.0000597480,true,false
call-000399,arm9_spec_heuristic_rollback,dev/f2/s2050001/unreliable,27,meta-llama/llama-3.2-1b-instruct,sha256:70136eb16e21b84295a59c24633f4f883e75f0bf36dc8106333a0185309e6250,det-v1,2,fallback,1732,208,0.001,0.0000885720,true,false
call-000400,arm9_spec_heuristic_rollback,dev/f2/s2050001/unreliable,44,meta-llama/llama-3.2-1b-instruct,sha256:b87e2487318d7ab55ebbda84ddcd5f06e23bbe6b0ba98548e62ad95ff3432aa2,det-v1,1,fallback,2291,292,0.001,0.0001205490,true,false
call-000401,arm9_spec_heuristic_rollback,dev/f2/s2050001/unreliable,44,meta-llama/llama-3.2-1b-instruct,sha256:71bb103c01912e1e635d971ee9a3dc44a771b0c5dd33114351b6c08556cbad65,det-v1,2,accepted_after_repair,2361,69,0.001,0.0000776160,true,false
call-000402,arm10_spec_eprocess,dev/f2/s2050001/unreliable,27,meta-llama/llama-3.2-1b-instruct,sha256:32b8c966815b92896b49ef7ae0bed5e7f08f6f3b06736e2768f1f7a2adccec87,det-v1,1,fallback,1662,74,0.002,0.0000597480,true,false
call-000403,arm10_spec_eprocess,dev/f2/s2050001/unreliable,27,meta-llama/llama-3.2-1b-instruct,sha256:70136eb16e21b84295a59c24633f4f883e75f0bf36dc8106333a0185309e6250,det-v1,2,fallback,1732,208,0.001,0.0000885720,true,false
call-000404,arm10_spec_eprocess,dev/f2/s2050001/unreliable,44,meta-llama/llama-3.2-1b-instruct,sha256:b87e2487318d7ab55ebbda84ddcd5f06e23bbe6b0ba98548e62ad95ff3432aa2,det-v1,1,fallback,2291,292,0.002,0.0001205490,true,false
call-000405,arm10_spec_eprocess,dev/f2/s2050001/unreliable,44,meta-llama/llama-3.2-1b-instruct,sha256:71bb103c01912e1e635d971ee9a3dc44a771b0c5dd33114351b6c08556cbad65,det-v1,2,accepted_after_repair,2361,69,0.001,0.0000776160,true,false
call-000406,arm8_spec_immediate,cal/f2/s2060001/unreliable,37,meta-llama/llama-3.2-1b-instruct,sha256:a2c4bd8be93b54f60f20d818dcdc504cedf334105abb0e42df2862e3aafca09a,det-v1,1,accepted,2032,69,0.002,0.0000687330,true,false
call-000407,arm8_spec_immediate,cal/f2/s2060001/unreliable,46,meta-llama/llama-3.2-1b-instruct,sha256:9ae289bef66e4016abf235fc8fea4183a7097bce46dfd2889c0b7a1b2a6725e3,det-v1,1,fallback,2365,71,0.001,0.0000781260,true,false
call-000408,arm8_spec_immediate,cal/f2/s2060001/unreliable,46,meta-llama/llama-3.2-1b-instruct,sha256:6d57ce82b92f1e9c7c8bbae67c58e5877bc62998d47e7373f80d3ee1b2377482,det-v1,2,accepted_after_repair,2435,69,0.001,0.0000796140,true,false
call-000409,arm9_spec_heuristic_rollback,cal/f2/s2060001/unreliable,37,meta-llama/llama-3.2-1b-instruct,sha256:a2c4bd8be93b54f60f20d818dcdc504cedf334105abb0e42df2862e3aafca09a,det-v1,1,accepted,2032,69,0.002,0.0000687330,true,false
call-000410,arm9_spec_heuristic_rollback,cal/f2/s2060001/unreliable,46,meta-llama/llama-3.2-1b-instruct,sha256:9ae289bef66e4016abf235fc8fea4183a7097bce46dfd2889c0b7a1b2a6725e3,det-v1,1,fallback,2365,71,0.001,0.0000781260,true,false
call-000411,arm9_spec_heuristic_rollback,cal/f2/s2060001/unreliable,46,meta-llama/llama-3.2-1b-instruct,sha256:6d57ce82b92f1e9c7c8bbae67c58e5877bc62998d47e7373f80d3ee1b2377482,det-v1,2,accepted_after_repair,2435,69,0.001,0.0000796140,true,false
call-000412,arm10_spec_eprocess,cal/f2/s2060001/unreliable,37,meta-llama/llama-3.2-1b-instruct,sha256:a2c4bd8be93b54f60f20d818dcdc504cedf334105abb0e42df2862e3aafca09a,det-v1,1,accepted,2032,69,0.001,0.0000687330,true,false
call-000413,arm10_spec_eprocess,cal/f2/s2060001/unreliable,46,meta-llama/llama-3.2-1b-instruct,sha256:9ae289bef66e4016abf235fc8fea4183a7097bce46dfd2889c0b7a1b2a6725e3,det-v1,1,fallback,2365,71,0.001,0.0000781260,true,false
call-000414,arm10_spec_eprocess,cal/f2/s2060001/unreliable,46,meta-llama/llama-3.2-1b-instruct,sha256:6d57ce82b92f1e9c7c8bbae67c58e5877bc62998d47e7373f80d3ee1b2377482,det-v1,2,accepted_after_repair,2435,69,0.001,0.0000796140,true,false
call-000415,arm8_spec_immediate,cal/f3/s3060000/no_alert,15,meta-llama/llama-3.2-1b-instruct,sha256:c54ab08c8dba5ea8f5c605308e0b6326f4bb3f13e040c0a8da6d1d1692d180c6,det-v1,1,fallback,1218,147,0.002,0.0000624330,true,false
call-000416,arm8_spec_immediate,cal/f3/s3060000/no_alert,15,meta-llama/llama-3.2-1b-instruct,sha256:2c2c86ed612408bc879ae38f93548563a7c331bdacff5deb074268f18d77e68b,det-v1,2,fallback,1288,181,0.001,0.0000711570,true,false
call-000417,arm9_spec_heuristic_rollback,cal/f3/s3060000/no_alert,15,meta-llama/llama-3.2-1b-instruct,sha256:c54ab08c8dba5ea8f5c605308e0b6326f4bb3f13e040c0a8da6d1d1692d180c6,det-v1,1,fallback,1218,147,0.001,0.0000624330,true,false
call-000418,arm9_spec_heuristic_rollback,cal/f3/s3060000/no_alert,15,meta-llama/llama-3.2-1b-instruct,sha256:2c2c86ed612408bc879ae38f93548563a7c331bdacff5deb074268f18d77e68b,det-v1,2,fallback,1288,181,0.001,0.0000711570,true,false
call-000419,arm10_spec_eprocess,cal/f3/s3060000/no_alert,15,meta-llama/llama-3.2-1b-instruct,sha256:c54ab08c8dba5ea8f5c605308e0b6326f4bb3f13e040c0a8da6d1d1692d180c6,det-v1,1,fallback,1218,147,0.002,0.0000624330,true,false
call-000420,arm10_spec_eprocess,cal/f3/s3060000/no_alert,15,meta-llama/llama-3.2-1b-instruct,sha256:2c2c86ed612408bc879ae38f93548563a7c331bdacff5deb074268f18d77e68b,det-v1,2,fallback,1288,181,0.001,0.0000711570,true,false
call-000421,arm8_spec_immediate,cal/f3/s3060001/no_alert,23,meta-llama/llama-3.2-1b-instruct,sha256:1922977844f13226c561f672a15c298a5e33f9c019e32b9727a73f6d693407d8,det-v1,1,fallback,1514,74,0.002,0.0000557520,true,false
call-000422,arm8_spec_immediate,cal/f3/s3060001/no_alert,23,meta-llama/llama-3.2-1b-instruct,sha256:e027ed917106224582866dcfd40b27b4d9e90b0f6165053112beb699f681e805,det-v1,2,fallback,1584,215,0.001,0.0000859830,true,false
call-000423,arm9_spec_heuristic_rollback,cal/f3/s3060001/no_alert,23,meta-llama/llama-3.2-1b-instruct,sha256:1922977844f13226c561f672a15c298a5e33f9c019e32b9727a73f6d693407d8,det-v1,1,fallback,1514,74,0.002,0.0000557520,true,false
call-000424,arm9_spec_heuristic_rollback,cal/f3/s3060001/no_alert,23,meta-llama/llama-3.2-1b-instruct,sha256:e027ed917106224582866dcfd40b27b4d9e90b0f6165053112beb699f681e805,det-v1,2,fallback,1584,215,0.001,0.0000859830,true,false
call-000425,arm10_spec_eprocess,cal/f3/s3060001/no_alert,23,meta-llama/llama-3.2-1b-instruct,sha256:1922977844f13226c561f672a15c298a5e33f9c019e32b9727a73f6d693407d8,det-v1,1,fallback,1514,74,0.002,0.0000557520,true,false
call-000426,arm10_spec_eprocess,cal/f3/s3060001/no_alert,23,meta-llama/llama-3.2-1b-instruct,sha256:e027ed917106224582866dcfd40b27b4d9e90b0f6165053112beb699f681e805,det-v1,2,fallback,1584,215,0.001,0.0000859830,true,false
call-000427,arm8_spec_immediate,dev/f3/s3050000/early_accurate,14,meta-llama/llama-3.2-1b-instruct,sha256:956e1968cc81d36db0e885a6a0dc2d6762f44744f57aa28929b33ea47101d73d,det-v1,1,fallback,1221,147,0.002,0.0000625140,true,false
call-000428,arm8_spec_immediate,dev/f3/s3050000/early_accurate,14,meta-llama/llama-3.2-1b-instruct,sha256:c7c47250281421fbef7c5766c0c3d49db6c7746b837b00ee168d82eed437fcf8,det-v1,2,fallback,1291,179,0.001,0.0000708360,true,false
call-000429,arm9_spec_heuristic_rollback,dev/f3/s3050000/early_accurate,14,meta-llama/llama-3.2-1b-instruct,sha256:956e1968cc81d36db0e885a6a0dc2d6762f44744f57aa28929b33ea47101d73d,det-v1,1,fallback,1221,147,0.001,0.0000625140,true,false
call-000430,arm9_spec_heuristic_rollback,dev/f3/s3050000/early_accurate,14,meta-llama/llama-3.2-1b-instruct,sha256:c7c47250281421fbef7c5766c0c3d49db6c7746b837b00ee168d82eed437fcf8,det-v1,2,fallback,1291,179,0.001,0.0000708360,true,false
call-000431,arm10_spec_eprocess,dev/f3/s3050000/early_accurate,14,meta-llama/llama-3.2-1b-instruct,sha256:956e1968cc81d36db0e885a6a0dc2d6762f44744f57aa28929b33ea47101d73d,det-v1,1,fallback,1221,147,0.002,0.0000625140,true,false
call-000432,arm10_spec_eprocess,dev/f3/s3050000/early_accurate,14,meta-llama/llama-3.2-1b-instruct,sha256:c7c47250281421fbef7c5766c0c3d49db6c7746b837b00ee168d82eed437fcf8,det-v1,2,fallback,1291,179,0.001,0.0000708360,true,false
call-000433,arm8_spec_immediate,cal/f3/s3060000/early_accurate,13,meta-llama/llama-3.2-1b-instruct,sha256:5d9d049bc9a936072c58bc3cc224642a89a93d04490691d1c7b968e5224cabd8,det-v1,1,fallback,1183,143,0.001,0.0000606840,true,false
call-000434,arm8_spec_immediate,cal/f3/s3060000/early_accurate,13,meta-llama/llama-3.2-1b-instruct,sha256:c55337db7e39f06c81716be795b64a340a29ad556e0dff89db4241a56c81f1b3,det-v1,2,fallback,1253,177,0.001,0.0000694080,true,false
call-000435,arm8_spec_immediate,cal/f3/s3060000/early_accurate,19,meta-llama/llama-3.2-1b-instruct,sha256:31e4d951055d831665de23f1a8a9239659f9b908fc4ae565790f29efe96d6e09,det-v1,1,fallback,1405,74,0.002,0.0000528090,true,false
call-000436,arm8_spec_immediate,cal/f3/s3060000/early_accurate,19,meta-llama/llama-3.2-1b-instruct,sha256:c2ad73eff7fe51638f3dd91d793b80f38bc87e90d0a72c605c3e86b9e3de1aef,det-v1,2,fallback,1475,201,0.004,0.0000802260,true,false
call-000437,arm9_spec_heuristic_rollback,cal/f3/s3060000/early_accurate,13,meta-llama/llama-3.2-1b-instruct,sha256:5d9d049bc9a936072c58bc3cc224642a89a93d04490691d1c7b968e5224cabd8,det-v1,1,fallback,1183,143,0.002,0.0000606840,true,false
call-000438,arm9_spec_heuristic_rollback,cal/f3/s3060000/early_accurate,13,meta-llama/llama-3.2-1b-instruct,sha256:c55337db7e39f06c81716be795b64a340a29ad556e0dff89db4241a56c81f1b3,det-v1,2,fallback,1253,177,0.001,0.0000694080,true,false
call-000439,arm9_spec_heuristic_rollback,cal/f3/s3060000/early_accurate,19,meta-llama/llama-3.2-1b-instruct,sha256:31e4d951055d831665de23f1a8a9239659f9b908fc4ae565790f29efe96d6e09,det-v1,1,fallback,1405,74,0.001,0.0000528090,true,false
call-000440,arm9_spec_heuristic_rollback,cal/f3/s3060000/early_accurate,19,meta-llama/llama-3.2-1b-instruct,sha256:c2ad73eff7fe51638f3dd91d793b80f38bc87e90d0a72c605c3e86b9e3de1aef,det-v1,2,fallback,1475,201,0.001,0.0000802260,true,false
call-000441,arm10_spec_eprocess,cal/f3/s3060000/early_accurate,13,meta-llama/llama-3.2-1b-instruct,sha256:5d9d049bc9a936072c58bc3cc224642a89a93d04490691d1c7b968e5224cabd8,det-v1,1,fallback,1183,143,0.002,0.0000606840,true,false
call-000442,arm10_spec_eprocess,cal/f3/s3060000/early_accurate,13,meta-llama/llama-3.2-1b-instruct,sha256:c55337db7e39f06c81716be795b64a340a29ad556e0dff89db4241a56c81f1b3,det-v1,2,fallback,1253,177,0.001,0.0000694080,true,false
call-000443,arm10_spec_eprocess,cal/f3/s3060000/early_accurate,19,meta-llama/llama-3.2-1b-instruct,sha256:31e4d951055d831665de23f1a8a9239659f9b908fc4ae565790f29efe96d6e09,det-v1,1,fallback,1405,74,0.001,0.0000528090,true,false
call-000444,arm10_spec_eprocess,cal/f3/s3060000/early_accurate,19,meta-llama/llama-3.2-1b-instruct,sha256:c2ad73eff7fe51638f3dd91d793b80f38bc87e90d0a72c605c3e86b9e3de1aef,det-v1,2,fallback,1475,201,0.001,0.0000802260,true,false
call-000445,arm8_spec_immediate,dev/f3/s3050001/early_accurate,17,meta-llama/llama-3.2-1b-instruct,sha256:3db05350d9f1191b4220d47dbbee7c0717b713fab48209266370a6c968c9c850,det-v1,1,fallback,1330,159,0.002,0.0000678690,true,false
call-000446,arm8_spec_immediate,dev/f3/s3050001/early_accurate,17,meta-llama/llama-3.2-1b-instruct,sha256:4bf465b63ff0b45abb9f50f45fef1be5b7f670f13f153db5da81e7aa7f18ef8d,det-v1,2,fallback,1400,193,0.001,0.0000765930,true,false
call-000447,arm9_spec_heuristic_rollback,dev/f3/s3050001/early_accurate,17,meta-llama/llama-3.2-1b-instruct,sha256:3db05350d9f1191b4220d47dbbee7c0717b713fab48209266370a6c968c9c850,det-v1,1,fallback,1330,159,0.002,0.0000678690,true,false
call-000448,arm9_spec_heuristic_rollback,dev/f3/s3050001/early_accurate,17,meta-llama/llama-3.2-1b-instruct,sha256:4bf465b63ff0b45abb9f50f45fef1be5b7f670f13f153db5da81e7aa7f18ef8d,det-v1,2,fallback,1400,193,0.001,0.0000765930,true,false
call-000449,arm10_spec_eprocess,dev/f3/s3050001/early_accurate,17,meta-llama/llama-3.2-1b-instruct,sha256:3db05350d9f1191b4220d47dbbee7c0717b713fab48209266370a6c968c9c850,det-v1,1,fallback,1330,159,0.002,0.0000678690,true,false
call-000450,arm10_spec_eprocess,dev/f3/s3050001/early_accurate,17,meta-llama/llama-3.2-1b-instruct,sha256:4bf465b63ff0b45abb9f50f45fef1be5b7f670f13f153db5da81e7aa7f18ef8d,det-v1,2,fallback,1400,193,0.001,0.0000765930,true,false
call-000451,arm8_spec_immediate,cal/f3/s3060001/early_accurate,19,meta-llama/llama-3.2-1b-instruct,sha256:6181a8d02413ade6b43a2901b939f681ac2116d2122726cd3479b23785815e2b,det-v1,1,fallback,1400,192,0.001,0.0000763920,true,false
call-000452,arm8_spec_immediate,cal/f3/s3060001/early_accurate,19,meta-llama/llama-3.2-1b-instruct,sha256:9a4faa401af331cf8300ce851a47d05a58d88a5e855f7ae424b6ca1f2ba9f1fd,det-v1,2,fallback,1470,203,0.001,0.0000804930,true,false
call-000453,arm8_spec_immediate,cal/f3/s3060001/early_accurate,25,meta-llama/llama-3.2-1b-instruct,sha256:9bc808d8c7076a89945fad1adaac3b61e2e7554b55195545dbf569bb52615aec,det-v1,1,fallback,1622,204,0.002,0.0000847980,true,false
call-000454,arm8_spec_immediate,cal/f3/s3060001/early_accurate,25,meta-llama/llama-3.2-1b-instruct,sha256:5c8903e031380b07f3c09f7d1977b79730f0fc47ce485f833e2852ef2a51ba15,det-v1,2,fallback,1692,204,0.001,0.0000866880,true,false
call-000455,arm9_spec_heuristic_rollback,cal/f3/s3060001/early_accurate,19,meta-llama/llama-3.2-1b-instruct,sha256:6181a8d02413ade6b43a2901b939f681ac2116d2122726cd3479b23785815e2b,det-v1,1,fallback,1400,192,0.001,0.0000763920,true,false
call-000456,arm9_spec_heuristic_rollback,cal/f3/s3060001/early_accurate,19,meta-llama/llama-3.2-1b-instruct,sha256:9a4faa401af331cf8300ce851a47d05a58d88a5e855f7ae424b6ca1f2ba9f1fd,det-v1,2,fallback,1470,203,0.001,0.0000804930,true,false
call-000457,arm9_spec_heuristic_rollback,cal/f3/s3060001/early_accurate,25,meta-llama/llama-3.2-1b-instruct,sha256:9bc808d8c7076a89945fad1adaac3b61e2e7554b55195545dbf569bb52615aec,det-v1,1,fallback,1622,204,0.002,0.0000847980,true,false
call-000458,arm9_spec_heuristic_rollback,cal/f3/s3060001/early_accurate,25,meta-llama/llama-3.2-1b-instruct,sha256:5c8903e031380b07f3c09f7d1977b79730f0fc47ce485f833e2852ef2a51ba15,det-v1,2,fallback,1692,204,0.001,0.0000866880,true,false
call-000459,arm10_spec_eprocess,cal/f3/s3060001/early_accurate,19,meta-llama/llama-3.2-1b-instruct,sha256:6181a8d02413ade6b43a2901b939f681ac2116d2122726cd3479b23785815e2b,det-v1,1,fallback,1400,192,0.006,0.0000763920,true,false
call-000460,arm10_spec_eprocess,cal/f3/s3060001/early_accurate,19,meta-llama/llama-3.2-1b-instruct,sha256:9a4faa401af331cf8300ce851a47d05a58d88a5e855f7ae424b6ca1f2ba9f1fd,det-v1,2,fallback,1470,203,0.003,0.0000804930,true,false
call-000461,arm10_spec_eprocess,cal/f3/s3060001/early_accurate,25,meta-llama/llama-3.2-1b-instruct,sha256:9bc808d8c7076a89945fad1adaac3b61e2e7554b55195545dbf569bb52615aec,det-v1,1,fallback,1622,204,0.001,0.0000847980,true,false
call-000462,arm10_spec_eprocess,cal/f3/s3060001/early_accurate,25,meta-llama/llama-3.2-1b-instruct,sha256:5c8903e031380b07f3c09f7d1977b79730f0fc47ce485f833e2852ef2a51ba15,det-v1,2,fallback,1692,204,0.001,0.0000866880,true,false
call-000463,arm8_spec_immediate,dev/f3/s3050000/late_accurate,17,meta-llama/llama-3.2-1b-instruct,sha256:0564f85328fa22f23c674a9b9b23be1692fd1b1863dc037b6167e26251a428b1,det-v1,1,fallback,1332,159,0.002,0.0000679230,true,false
call-000464,arm8_spec_immediate,dev/f3/s3050000/late_accurate,17,meta-llama/llama-3.2-1b-instruct,sha256:d5375d0da77112049a00037a9b824cbdb9a62f488647eb527fef49390518b8b5,det-v1,2,fallback,1402,195,0.001,0.0000770490,true,false
call-000465,arm9_spec_heuristic_rollback,dev/f3/s3050000/late_accurate,17,meta-llama/llama-3.2-1b-instruct,sha256:0564f85328fa22f23c674a9b9b23be1692fd1b1863dc037b6167e26251a428b1,det-v1,1,fallback,1332,159,0.002,0.0000679230,true,false
call-000466,arm9_spec_heuristic_rollback,dev/f3/s3050000/late_accurate,17,meta-llama/llama-3.2-1b-instruct,sha256:d5375d0da77112049a00037a9b824cbdb9a62f488647eb527fef49390518b8b5,det-v1,2,fallback,1402,195,0.001,0.0000770490,true,false
call-000467,arm10_spec_eprocess,dev/f3/s3050000/late_accurate,17,meta-llama/llama-3.2-1b-instruct,sha256:0564f85328fa22f23c674a9b9b23be1692fd1b1863dc037b6167e26251a428b1,det-v1,1,fallback,1332,159,0.001,0.0000679230,true,false
call-000468,arm10_spec_eprocess,dev/f3/s3050000/late_accurate,17,meta-llama/llama-3.2-1b-instruct,sha256:d5375d0da77112049a00037a9b824cbdb9a62f488647eb527fef49390518b8b5,det-v1,2,fallback,1402,195,0.001,0.0000770490,true,false
call-000469,arm8_spec_immediate,cal/f3/s3060000/late_accurate,15,meta-llama/llama-3.2-1b-instruct,sha256:63683b073b6e7515b1058d8fe7f75a038cf02c240686f4928733e2dba0e99c3a,det-v1,1,fallback,1218,147,0.002,0.0000624330,true,false
call-000470,arm8_spec_immediate,cal/f3/s3060000/late_accurate,15,meta-llama/llama-3.2-1b-instruct,sha256:ac4d59763e7b9e71c6e4fb4353fbf68933a426ccf0428fdf784a8a7e79ad08b8,det-v1,2,fallback,1288,181,0.001,0.0000711570,true,false
call-000471,arm9_spec_heuristic_rollback,cal/f3/s3060000/late_accurate,15,meta-llama/llama-3.2-1b-instruct,sha256:63683b073b6e7515b1058d8fe7f75a038cf02c240686f4928733e2dba0e99c3a,det-v1,1,fallback,1218,147,0.003,0.0000624330,true,false
call-000472,arm9_spec_heuristic_rollback,cal/f3/s3060000/late_accurate,15,meta-llama/llama-3.2-1b-instruct,sha256:ac4d59763e7b9e71c6e4fb4353fbf68933a426ccf0428fdf784a8a7e79ad08b8,det-v1,2,fallback,1288,181,0.001,0.0000711570,true,false
call-000473,arm10_spec_eprocess,cal/f3/s3060000/late_accurate,15,meta-llama/llama-3.2-1b-instruct,sha256:63683b073b6e7515b1058d8fe7f75a038cf02c240686f4928733e2dba0e99c3a,det-v1,1,fallback,1218,147,0.001,0.0000624330,true,false
call-000474,arm10_spec_eprocess,cal/f3/s3060000/late_accurate,15,meta-llama/llama-3.2-1b-instruct,sha256:ac4d59763e7b9e71c6e4fb4353fbf68933a426ccf0428fdf784a8a7e79ad08b8,det-v1,2,fallback,1288,181,0.001,0.0000711570,true,false
call-000475,arm8_spec_immediate,dev/f3/s3050001/late_accurate,20,meta-llama/llama-3.2-1b-instruct,sha256:048aec6a566157648d488643f6e777053d49b7030db51dba09751a2d06a928cb,det-v1,1,fallback,1441,74,0.002,0.0000537810,true,false
call-000476,arm8_spec_immediate,dev/f3/s3050001/late_accurate,20,meta-llama/llama-3.2-1b-instruct,sha256:6f7615374904bd924ec9a05e90cfaee51acf0fdb473db5cd6e11f7ed5f1a97dd,det-v1,2,fallback,1511,205,0.001,0.0000820020,true,false
call-000477,arm9_spec_heuristic_rollback,dev/f3/s3050001/late_accurate,20,meta-llama/llama-3.2-1b-instruct,sha256:048aec6a566157648d488643f6e777053d49b7030db51dba09751a2d06a928cb,det-v1,1,fallback,1441,74,0.002,0.0000537810,true,false
call-000478,arm9_spec_heuristic_rollback,dev/f3/s3050001/late_accurate,20,meta-llama/llama-3.2-1b-instruct,sha256:6f7615374904bd924ec9a05e90cfaee51acf0fdb473db5cd6e11f7ed5f1a97dd,det-v1,2,fallback,1511,205,0.001,0.0000820020,true,false
call-000479,arm10_spec_eprocess,dev/f3/s3050001/late_accurate,20,meta-llama/llama-3.2-1b-instruct,sha256:048aec6a566157648d488643f6e777053d49b7030db51dba09751a2d06a928cb,det-v1,1,fallback,1441,74,0.001,0.0000537810,true,false
call-000480,arm10_spec_eprocess,dev/f3/s3050001/late_accurate,20,meta-llama/llama-3.2-1b-instruct,sha256:6f7615374904bd924ec9a05e90cfaee51acf0fdb473db5cd6e11f7ed5f1a97dd,det-v1,2,fallback,1511,205,0.001,0.0000820020,true,false
call-000481,arm8_spec_immediate,cal/f3/s3060001/late_accurate,22,meta-llama/llama-3.2-1b-instruct,sha256:c0356fef4248f297614a8201d8eaa032dc2161f48cd9985923df08229e8f7b5d,det-v1,1,fallback,1511,141,0.002,0.0000691380,true,false
call-000482,arm8_spec_immediate,cal/f3/s3060001/late_accurate,22,meta-llama/llama-3.2-1b-instruct,sha256:5d30ff4007d3c4ebf6a27c9b16d9ada7ef595402b8540f2f62d1469b70d4df17,det-v1,2,fallback,1581,215,0.001,0.0000859020,true,false
call-000483,arm9_spec_heuristic_rollback,cal/f3/s3060001/late_accurate,22,meta-llama/llama-3.2-1b-instruct,sha256:c0356fef4248f297614a8201d8eaa032dc2161f48cd9985923df08229e8f7b5d,det-v1,1,fallback,1511,141,0.001,0.0000691380,true,false
call-000484,arm9_spec_heuristic_rollback,cal/f3/s3060001/late_accurate,22,meta-llama/llama-3.2-1b-instruct,sha256:5d30ff4007d3c4ebf6a27c9b16d9ada7ef595402b8540f2f62d1469b70d4df17,det-v1,2,fallback,1581,215,0.001,0.0000859020,true,false
call-000485,arm10_spec_eprocess,cal/f3/s3060001/late_accurate,22,meta-llama/llama-3.2-1b-instruct,sha256:c0356fef4248f297614a8201d8eaa032dc2161f48cd9985923df08229e8f7b5d,det-v1,1,fallback,1511,141,0.002,0.0000691380,true,false
call-000486,arm10_spec_eprocess,cal/f3/s3060001/late_accurate,22,meta-llama/llama-3.2-1b-instruct,sha256:5d30ff4007d3c4ebf6a27c9b16d9ada7ef595402b8540f2f62d1469b70d4df17,det-v1,2,fallback,1581,215,0.001,0.0000859020,true,false
call-000487,arm8_spec_immediate,dev/f3/s3050000/unreliable,14,meta-llama/llama-3.2-1b-instruct,sha256:1464f78dc11a1bebfd6adf7e721d8bfc645355b7b52d80408ef11824f532397a,det-v1,1,fallback,1217,147,0.002,0.0000624060,true,false
call-000488,arm8_spec_immediate,dev/f3/s3050000/unreliable,14,meta-llama/llama-3.2-1b-instruct,sha256:97e7e3bbb91401b7ff8a1879705a034e8ea46077ce63d55eefeeb5a990596d7c,det-v1,2,fallback,1287,181,0.001,0.0000711300,true,false
call-000489,arm9_spec_heuristic_rollback,dev/f3/s3050000/unreliable,14,meta-llama/llama-3.2-1b-instruct,sha256:1464f78dc11a1bebfd6adf7e721d8bfc645355b7b52d80408ef11824f532397a,det-v1,1,fallback,1217,147,0.001,0.0000624060,true,false
call-000490,arm9_spec_heuristic_rollback,dev/f3/s3050000/unreliable,14,meta-llama/llama-3.2-1b-instruct,sha256:97e7e3bbb91401b7ff8a1879705a034e8ea46077ce63d55eefeeb5a990596d7c,det-v1,2,fallback,1287,181,0.001,0.0000711300,true,false
call-000491,arm10_spec_eprocess,dev/f3/s3050000/unreliable,14,meta-llama/llama-3.2-1b-instruct,sha256:1464f78dc11a1bebfd6adf7e721d8bfc645355b7b52d80408ef11824f532397a,det-v1,1,fallback,1217,147,0.001,0.0000624060,true,false
call-000492,arm10_spec_eprocess,dev/f3/s3050000/unreliable,14,meta-llama/llama-3.2-1b-instruct,sha256:97e7e3bbb91401b7ff8a1879705a034e8ea46077ce63d55eefeeb5a990596d7c,det-v1,2,fallback,1287,181,0.001,0.0000711300,true,false
call-000493,arm8_spec_immediate,cal/f3/s3060000/unreliable,13,meta-llama/llama-3.2-1b-instruct,sha256:3646928df4eb37ec95cee769d9b88efbfd9704b7010b542befc590f3d9c06d17,det-v1,1,fallback,1188,143,0.001,0.0000608190,true,false
call-000494,arm8_spec_immediate,cal/f3/s3060000/unreliable,13,meta-llama/llama-3.2-1b-instruct,sha256:370987e62c50ffe00c2a9d9dfc4a9f0da466691d0bdf3d32349700eaa46a9ec1,det-v1,2,fallback,1258,177,0.001,0.0000695430,true,false
call-000495,arm8_spec_immediate,cal/f3/s3060000/unreliable,19,meta-llama/llama-3.2-1b-instruct,sha256:12c241f1717254f6d2a77160c671fd305d831b5d4a73f855173555f8e402fc64,det-v1,1,fallback,1410,74,0.001,0.0000529440,true,false
call-000496,arm8_spec_immediate,cal/f3/s3060000/unreliable,19,meta-llama/llama-3.2-1b-instruct,sha256:c3ae0498bafa00fbd92e50e4f89ad6c8b4a84f74d409b03ce43df84bd7ba2f71,det-v1,2,,1480,201,1315.455,0.0000803610,false,true
call-000497,arm8_spec_immediate,cal/f3/s3060000/unreliable,19,meta-llama/llama-3.2-1b-instruct,sha256:c3ae0498bafa00fbd92e50e4f89ad6c8b4a84f74d409b03ce43df84bd7ba2f71,det-v1,2,fallback,1480,201,1315.455,0.0000803610,false,false
call-000498,arm9_spec_heuristic_rollback,cal/f3/s3060000/unreliable,13,meta-llama/llama-3.2-1b-instruct,sha256:3646928df4eb37ec95cee769d9b88efbfd9704b7010b542befc590f3d9c06d17,det-v1,1,fallback,1188,143,0.002,0.0000608190,true,false
call-000499,arm9_spec_heuristic_rollback,cal/f3/s3060000/unreliable,13,meta-llama/llama-3.2-1b-instruct,sha256:370987e62c50ffe00c2a9d9dfc4a9f0da466691d0bdf3d32349700eaa46a9ec1,det-v1,2,fallback,1258,177,0.001,0.0000695430,true,false
call-000500,arm9_spec_heuristic_rollback,cal/f3/s3060000/unreliable,19,meta-llama/llama-3.2-1b-instruct,sha256:12c241f1717254f6d2a77160c671fd305d831b5d4a73f855173555f8e402fc64,det-v1,1,fallback,1410,74,0.002,0.0000529440,true,false
call-000501,arm9_spec_heuristic_rollback,cal/f3/s3060000/unreliable,19,meta-llama/llama-3.2-1b-instruct,sha256:c3ae0498bafa00fbd92e50e4f89ad6c8b4a84f74d409b03ce43df84bd7ba2f71,det-v1,2,fallback,1480,201,0.001,0.0000803610,true,false
call-000502,arm10_spec_eprocess,cal/f3/s3060000/unreliable,13,meta-llama/llama-3.2-1b-instruct,sha256:3646928df4eb37ec95cee769d9b88efbfd9704b7010b542befc590f3d9c06d17,det-v1,1,fallback,1188,143,0.002,0.0000608190,true,false
call-000503,arm10_spec_eprocess,cal/f3/s3060000/unreliable,13,meta-llama/llama-3.2-1b-instruct,sha256:370987e62c50ffe00c2a9d9dfc4a9f0da466691d0bdf3d32349700eaa46a9ec1,det-v1,2,fallback,1258,177,0.001,0.0000695430,true,false
call-000504,arm10_spec_eprocess,cal/f3/s3060000/unreliable,19,meta-llama/llama-3.2-1b-instruct,sha256:12c241f1717254f6d2a77160c671fd305d831b5d4a73f855173555f8e402fc64,det-v1,1,fallback,1410,74,0.002,0.0000529440,true,false
call-000505,arm10_spec_eprocess,cal/f3/s3060000/unreliable,19,meta-llama/llama-3.2-1b-instruct,sha256:c3ae0498bafa00fbd92e50e4f89ad6c8b4a84f74d409b03ce43df84bd7ba2f71,det-v1,2,fallback,1480,201,0.001,0.0000803610,true,false
call-000506,arm8_spec_immediate,dev/f3/s3050001/unreliable,17,meta-llama/llama-3.2-1b-instruct,sha256:e21f37aef29680011009f00c6b6c83995c5456427d1db264866fb715b11b1578,det-v1,1,,1319,170,1406.399,0.0000697830,false,true
call-000507,arm8_spec_immediate,dev/f3/s3050001/unreliable,17,meta-llama/llama-3.2-1b-instruct,sha256:e21f37aef29680011009f00c6b6c83995c5456427d1db264866fb715b11b1578,det-v1,1,fallback,1319,170,1406.399,0.0000697830,false,false
call-000508,arm8_spec_immediate,dev/f3/s3050001/unreliable,17,meta-llama/llama-3.2-1b-instruct,sha256:0cc72ad4c3e996f64b443737c639cc1203877c1f5794eeed6a557d66b4488ed0,det-v1,2,,1389,195,1174.112,0.0000766980,false,true
call-000509,arm8_spec_immediate,dev/f3/s3050001/unreliable,17,meta-llama/llama-3.2-1b-instruct,sha256:0cc72ad4c3e996f64b443737c639cc1203877c1f5794eeed6a557d66b4488ed0,det-v1,2,fallback,1389,195,1174.112,0.0000766980,false,false
call-000510,arm9_spec_heuristic_rollback,dev/f3/s3050001/unreliable,17,meta-llama/llama-3.2-1b-instruct,sha256:e21f37aef29680011009f00c6b6c83995c5456427d1db264866fb715b11b1578,det-v1,1,fallback,1319,170,0.004,0.0000697830,true,false
call-000511,arm9_spec_heuristic_rollback,dev/f3/s3050001/unreliable,17,meta-llama/llama-3.2-1b-instruct,sha256:0cc72ad4c3e996f64b443737c639cc1203877c1f5794eeed6a557d66b4488ed0,det-v1,2,fallback,1389,195,0.003,0.0000766980,true,false
call-000512,arm10_spec_eprocess,dev/f3/s3050001/unreliable,17,meta-llama/llama-3.2-1b-instruct,sha256:e21f37aef29680011009f00c6b6c83995c5456427d1db264866fb715b11b1578,det-v1,1,fallback,1319,170,0.004,0.0000697830,true,false
call-000513,arm10_spec_eprocess,dev/f3/s3050001/unreliable,17,meta-llama/llama-3.2-1b-instruct,sha256:0cc72ad4c3e996f64b443737c639cc1203877c1f5794eeed6a557d66b4488ed0,det-v1,2,fallback,1389,195,0.002,0.0000766980,true,false
call-000514,arm8_spec_immediate,cal/f3/s3060001/unreliable,19,meta-llama/llama-3.2-1b-instruct,sha256:10e3be1b1a44ad922e8aa2e708f1e2aaa64a0a77beab220ba448e01a69071017,det-v1,1,,1411,195,1049.116,0.0000772920,false,true
call-000515,arm8_spec_immediate,cal/f3/s3060001/unreliable,19,meta-llama/llama-3.2-1b-instruct,sha256:10e3be1b1a44ad922e8aa2e708f1e2aaa64a0a77beab220ba448e01a69071017,det-v1,1,fallback,1411,195,1049.116,0.0000772920,false,false
call-000516,arm8_spec_immediate,cal/f3/s3060001/unreliable,19,meta-llama/llama-3.2-1b-instruct,sha256:c25a2ecbbffcfbbe3bf63dd9c5b2a80eeaf2bea6e97dff373b68ff6267037703,det-v1,2,,1481,203,1140.140,0.0000807900,false,true
call-000517,arm8_spec_immediate,cal/f3/s3060001/unreliable,19,meta-llama/llama-3.2-1b-instruct,sha256:c25a2ecbbffcfbbe3bf63dd9c5b2a80eeaf2bea6e97dff373b68ff6267037703,det-v1,2,fallback,1481,203,1140.140,0.0000807900,false,false
call-000518,arm8_spec_immediate,cal/f3/s3060001/unreliable,25,meta-llama/llama-3.2-1b-instruct,sha256:1a59e8167aa7a53d207055293381bc13c6554e26c6a014dd0841c7ea294464dc,det-v1,1,,1633,85,702.440,0.0000611760,false,true
call-000519,arm8_spec_immediate,cal/f3/s3060001/unreliable,25,meta-llama/llama-3.2-1b-instruct,sha256:1a59e8167aa7a53d207055293381bc13c6554e26c6a014dd0841c7ea294464dc,det-v1,1,fallback,1633,85,702.440,0.0000611760,false,false
call-000520,arm8_spec_immediate,cal/f3/s3060001/unreliable,25,meta-llama/llama-3.2-1b-instruct,sha256:9ca2586f4ddbfe1998f5d5802a8b2a82d5e6fcc733993a1c5e7ae2c408de0d84,det-v1,2,,1703,204,1386.858,0.0000869850,false,true
call-000521,arm8_spec_immediate,cal/f3/s3060001/unreliable,25,meta-llama/llama-3.2-1b-instruct,sha256:9ca2586f4ddbfe1998f5d5802a8b2a82d5e6fcc733993a1c5e7ae2c408de0d84,det-v1,2,fallback,1703,204,1386.858,0.0000869850,false,false
call-000522,arm9_spec_heuristic_rollback,cal/f3/s3060001/unreliable,19,meta-llama/llama-3.2-1b-instruct,sha256:10e3be1b1a44ad922e8aa2e708f1e2aaa64a0a77beab220ba448e01a69071017,det-v1,1,fallback,1411,195,0.004,0.0000772920,true,false
call-000523,arm9_spec_heuristic_rollback,cal/f3/s3060001/unreliable,19,meta-llama/llama-3.2-1b-instruct,sha256:c25a2ecbbffcfbbe3bf63dd9c5b2a80eeaf2bea6e97dff373b68ff6267037703,det-v1,2,fallback,1481,203,0.003,0.0000807900,true,false
call-000524,arm9_spec_heuristic_rollback,cal/f3/s3060001/unreliable,25,meta-llama/llama-3.2-1b-instruct,sha256:1a59e8167aa7a53d207055293381bc13c6554e26c6a014dd0841c7ea294464dc,det-v1,1,fallback,1633,85,0.004,0.0000611760,true,false
call-000525,arm9_spec_heuristic_rollback,cal/f3/s3060001/unreliable,25,meta-llama/llama-3.2-1b-instruct,sha256:9ca2586f4ddbfe1998f5d5802a8b2a82d5e6fcc733993a1c5e7ae2c408de0d84,det-v1,2,fallback,1703,204,0.003,0.0000869850,true,false
call-000526,arm10_spec_eprocess,cal/f3/s3060001/unreliable,19,meta-llama/llama-3.2-1b-instruct,sha256:10e3be1b1a44ad922e8aa2e708f1e2aaa64a0a77beab220ba448e01a69071017,det-v1,1,fallback,1411,195,0.003,0.0000772920,true,false
call-000527,arm10_spec_eprocess,cal/f3/s3060001/unreliable,19,meta-llama/llama-3.2-1b-instruct,sha256:c25a2ecbbffcfbbe3bf63dd9c5b2a80eeaf2bea6e97dff373b68ff6267037703,det-v1,2,fallback,1481,203,0.003,0.0000807900,true,false
call-000528,arm10_spec_eprocess,cal/f3/s3060001/unreliable,25,meta-llama/llama-3.2-1b-instruct,sha256:1a59e8167aa7a53d207055293381bc13c6554e26c6a014dd0841c7ea294464dc,det-v1,1,fallback,1633,85,0.003,0.0000611760,true,false
call-000529,arm10_spec_eprocess,cal/f3/s3060001/unreliable,25,meta-llama/llama-3.2-1b-instruct,sha256:9ca2586f4ddbfe1998f5d5802a8b2a82d5e6fcc733993a1c5e7ae2c408de0d84,det-v1,2,fallback,1703,204,0.002,0.0000869850,true,false
call-000530,arm8_spec_immediate,dev/f4/s4050000/early_accurate,19,meta-llama/llama-3.2-1b-instruct,sha256:a20024c3ab6be12ad4b7588bbcf1b82533a5ea3c22a35da5c8571fb75d013b30,det-v1,1,,1402,74,525.227,0.0000527280,false,true
call-000531,arm8_spec_immediate,dev/f4/s4050000/early_accurate,19,meta-llama/llama-3.2-1b-instruct,sha256:a20024c3ab6be12ad4b7588bbcf1b82533a5ea3c22a35da5c8571fb75d013b30,det-v1,1,fallback,1402,74,525.227,0.0000527280,false,false
call-000532,arm8_spec_immediate,dev/f4/s4050000/early_accurate,19,meta-llama/llama-3.2-1b-instruct,sha256:17c4bacdb8603edf0d92b3766d4f90c80b13bcd2dfee2671847670c35396403c,det-v1,2,,1472,201,1295.062,0.0000801450,false,true
call-000533,arm8_spec_immediate,dev/f4/s4050000/early_accurate,19,meta-llama/llama-3.2-1b-instruct,sha256:17c4bacdb8603edf0d92b3766d4f90c80b13bcd2dfee2671847670c35396403c,det-v1,2,fallback,1472,201,1295.062,0.0000801450,false,false
call-000534,arm9_spec_heuristic_rollback,dev/f4/s4050000/early_accurate,19,meta-llama/llama-3.2-1b-instruct,sha256:a20024c3ab6be12ad4b7588bbcf1b82533a5ea3c22a35da5c8571fb75d013b30,det-v1,1,fallback,1402,74,0.004,0.0000527280,true,false
call-000535,arm9_spec_heuristic_rollback,dev/f4/s4050000/early_accurate,19,meta-llama/llama-3.2-1b-instruct,sha256:17c4bacdb8603edf0d92b3766d4f90c80b13bcd2dfee2671847670c35396403c,det-v1,2,fallback,1472,201,0.003,0.0000801450,true,false
call-000536,arm10_spec_eprocess,dev/f4/s4050000/early_accurate,19,meta-llama/llama-3.2-1b-instruct,sha256:a20024c3ab6be12ad4b7588bbcf1b82533a5ea3c22a35da5c8571fb75d013b30,det-v1,1,fallback,1402,74,0.003,0.0000527280,true,false
call-000537,arm10_spec_eprocess,dev/f4/s4050000/early_accurate,19,meta-llama/llama-3.2-1b-instruct,sha256:17c4bacdb8603edf0d92b3766d4f90c80b13bcd2dfee2671847670c35396403c,det-v1,2,fallback,1472,201,0.002,0.0000801450,true,false
call-000538,arm8_spec_immediate,cal/f4/s4060000/early_accurate,15,meta-llama/llama-3.2-1b-instruct,sha256:498576468a9428f3de8f0236e637225a7f6cc4c0cef8b6cc2ab46f350541da15,det-v1,1,,1252,142,938.792,0.0000623460,false,true
call-000539,arm8_spec_immediate,cal/f4/s4060000/early_accurate,15,meta-llama/llama-3.2-1b-instruct,sha256:498576468a9428f3de8f0236e637225a7f6cc4c0cef8b6cc2ab46f350541da15,det-v1,1,fallback,1252,142,938.792,0.0000623460,false,false
call-000540,arm8_spec_immediate,cal/f4/s4060000/early_accurate,15,meta-llama/llama-3.2-1b-instruct,sha256:0800a304cd7b03334b40cb1134b931f1bb61f89fa85003ba037f8243cd9975e9,det-v1,2,,1322,185,1228.932,0.0000728790,false,true
call-000541,arm8_spec_immediate,cal/f4/s4060000/early_accurate,15,meta-llama/llama-3.2-1b-instruct,sha256:0800a304cd7b03334b40cb1134b931f1bb61f89fa85003ba037f8243cd9975e9,det-v1,2,fallback,1322,185,1228.932,0.0000728790,false,false
call-000542,arm9_spec_heuristic_rollback,cal/f4/s4060000/early_accurate,15,meta-llama/llama-3.2-1b-instruct,sha256:498576468a9428f3de8f0236e637225a7f6cc4c0cef8b6cc2ab46f350541da15,det-v1,1,fallback,1252,142,0.004,0.0000623460,true,false
call-000543,arm9_spec_heuristic_rollback,cal/f4/s4060000/early_accurate,15,meta-llama/llama-3.2-1b-instruct,sha256:0800a304cd7b03334b40cb1134b931f1bb61f89fa85003ba037f8243cd9975e9,det-v1,2,fallback,1322,185,0.002,0.0000728790,true,false
call-000544,arm10_spec_eprocess,cal/f4/s4060000/early_accurate,15,meta-llama/llama-3.2-1b-instruct,sha256:498576468a9428f3de8f0236e637225a7f6cc4c0cef8b6cc2ab46f350541da15,det-v1,1,fallback,1252,142,0.003,0.0000623460,true,false
call-000545,arm10_spec_eprocess,cal/f4/s4060000/early_accurate,15,meta-llama/llama-3.2-1b-instruct,sha256:0800a304cd7b03334b40cb1134b931f1bb61f89fa85003ba037f8243cd9975e9,det-v1,2,fallback,1322,185,0.003,0.0000728790,true,false
call-000546,arm8_spec_immediate,dev/f4/s4050001/early_accurate,17,meta-llama/llama-3.2-1b-instruct,sha256:365c3450b587db63dc4cad95a9af6b315bd7851746239d640687165bb9e830fa,det-v1,1,,1330,159,1010.509,0.0000678690,false,true
call-000547,arm8_spec_immediate,dev/f4/s4050001/early_accurate,17,meta-llama/llama-3.2-1b-instruct,sha256:365c3450b587db63dc4cad95a9af6b315bd7851746239d640687165bb9e830fa,det-v1,1,fallback,1330,159,1010.509,0.0000678690,false,false
call-000548,arm8_spec_immediate,dev/f4/s4050001/early_accurate,17,meta-llama/llama-3.2-1b-instruct,sha256:2d4ddee0dd09857ed53155a90bb69bfce2b9ac700e7fda7ff98b794a857c78da,det-v1,2,,1400,193,1056.618,0.0000765930,false,true
call-000549,arm8_spec_immediate,dev/f4/s4050001/early_accurate,17,meta-llama/llama-3.2-1b-instruct,sha256:2d4ddee0dd09857ed53155a90bb69bfce2b9ac700e7fda7ff98b794a857c78da,det-v1,2,fallback,1400,193,1056.618,0.0000765930,false,false
call-000550,arm9_spec_heuristic_rollback,dev/f4/s4050001/early_accurate,17,meta-llama/llama-3.2-1b-instruct,sha256:365c3450b587db63dc4cad95a9af6b315bd7851746239d640687165bb9e830fa,det-v1,1,fallback,1330,159,0.003,0.0000678690,true,false
call-000551,arm9_spec_heuristic_rollback,dev/f4/s4050001/early_accurate,17,meta-llama/llama-3.2-1b-instruct,sha256:2d4ddee0dd09857ed53155a90bb69bfce2b9ac700e7fda7ff98b794a857c78da,det-v1,2,fallback,1400,193,0.001,0.0000765930,true,false
call-000552,arm10_spec_eprocess,dev/f4/s4050001/early_accurate,17,meta-llama/llama-3.2-1b-instruct,sha256:365c3450b587db63dc4cad95a9af6b315bd7851746239d640687165bb9e830fa,det-v1,1,fallback,1330,159,0.004,0.0000678690,true,false
call-000553,arm10_spec_eprocess,dev/f4/s4050001/early_accurate,17,meta-llama/llama-3.2-1b-instruct,sha256:2d4ddee0dd09857ed53155a90bb69bfce2b9ac700e7fda7ff98b794a857c78da,det-v1,2,fallback,1400,193,0.002,0.0000765930,true,false
call-000554,arm8_spec_immediate,cal/f4/s4060001/early_accurate,15,meta-llama/llama-3.2-1b-instruct,sha256:1eae8268f483444ae0197a13f309df1407ac3c4a575505da31e5021e4a33dd9c,det-v1,1,,1258,151,1108.676,0.0000643170,false,true
call-000555,arm8_spec_immediate,cal/f4/s4060001/early_accurate,15,meta-llama/llama-3.2-1b-instruct,sha256:1eae8268f483444ae0197a13f309df1407ac3c4a575505da31e5021e4a33dd9c,det-v1,1,fallback,1258,151,1108.676,0.0000643170,false,false
call-000556,arm8_spec_immediate,cal/f4/s4060001/early_accurate,15,meta-llama/llama-3.2-1b-instruct,sha256:6e0c2c1c740a92f23d916fcbd672194508fd7d7830b3f68c4cd06fe84ce2b874,det-v1,2,,1328,185,1262.157,0.0000730410,false,true
call-000557,arm8_spec_immediate,cal/f4/s4060001/early_accurate,15,meta-llama/llama-3.2-1b-instruct,sha256:6e0c2c1c740a92f23d916fcbd672194508fd7d7830b3f68c4cd06fe84ce2b874,det-v1,2,fallback,1328,185,1262.157,0.0000730410,false,false
call-000558,arm9_spec_heuristic_rollback,cal/f4/s4060001/early_accurate,15,meta-llama/llama-3.2-1b-instruct,sha256:1eae8268f483444ae0197a13f309df1407ac3c4a575505da31e5021e4a33dd9c,det-v1,1,fallback,1258,151,0.002,0.0000643170,true,false
call-000559,arm9_spec_heuristic_rollback,cal/f4/s4060001/early_accurate,15,meta-llama/llama-3.2-1b-instruct,sha256:6e0c2c1c740a92f23d916fcbd672194508fd7d7830b3f68c4cd06fe84ce2b874,det-v1,2,fallback,1328,185,0.001,0.0000730410,true,false
call-000560,arm10_spec_eprocess,cal/f4/s4060001/early_accurate,15,meta-llama/llama-3.2-1b-instruct,sha256:1eae8268f483444ae0197a13f309df1407ac3c4a575505da31e5021e4a33dd9c,det-v1,1,fallback,1258,151,0.002,0.0000643170,true,false
call-000561,arm10_spec_eprocess,cal/f4/s4060001/early_accurate,15,meta-llama/llama-3.2-1b-instruct,sha256:6e0c2c1c740a92f23d916fcbd672194508fd7d7830b3f68c4cd06fe84ce2b874,det-v1,2,fallback,1328,185,0.001,0.0000730410,true,false
call-000562,arm8_spec_immediate,dev/f4/s4050000/late_accurate,22,meta-llama/llama-3.2-1b-instruct,sha256:9f97fb53786f9e848ac2e446e9a86ca9c7421ce9598671e302ac31ffbb36894a,det-v1,1,,1513,74,706.642,0.0000557250,false,true
call-000563,arm8_spec_immediate,dev/f4/s4050000/late_accurate,22,meta-llama/llama-3.2-1b-instruct,sha256:9f97fb53786f9e848ac2e446e9a86ca9c7421ce9598671e302ac31ffbb36894a,det-v1,1,fallback,1513,74,706.642,0.0000557250,false,false
call-000564,arm8_spec_immediate,dev/f4/s4050000/late_accurate,22,meta-llama/llama-3.2-1b-instruct,sha256:8975e094742670133ea035aa35d9eb8db7b3bbd38418fc11a264cc2597f65011,det-v1,2,,1583,189,1509.176,0.0000807300,false,true
call-000565,arm8_spec_immediate,dev/f4/s4050000/late_accurate,22,meta-llama/llama-3.2-1b-instruct,sha256:8975e094742670133ea035aa35d9eb8db7b3bbd38418fc11a264cc2597f65011,det-v1,2,fallback,1583,189,1509.176,0.0000807300,false,false
call-000566,arm9_spec_heuristic_rollback,dev/f4/s4050000/late_accurate,22,meta-llama/llama-3.2-1b-instruct,sha256:9f97fb53786f9e848ac2e446e9a86ca9c7421ce9598671e302ac31ffbb36894a,det-v1,1,fallback,1513,74,0.006,0.0000557250,true,false
call-000567,arm9_spec_heuristic_rollback,dev/f4/s4050000/late_accurate,22,meta-llama/llama-3.2-1b-instruct,sha256:8975e094742670133ea035aa35d9eb8db7b3bbd38418fc11a264cc2597f65011,det-v1,2,fallback,1583,189,0.002,0.0000807300,true,false
call-000568,arm10_spec_eprocess,dev/f4/s4050000/late_accurate,22,meta-llama/llama-3.2-1b-instruct,sha256:9f97fb53786f9e848ac2e446e9a86ca9c7421ce9598671e302ac31ffbb36894a,det-v1,1,fallback,1513,74,0.005,0.0000557250,true,false
call-000569,arm10_spec_eprocess,dev/f4/s4050000/late_accurate,22,meta-llama/llama-3.2-1b-instruct,sha256:8975e094742670133ea035aa35d9eb8db7b3bbd38418fc11a264cc2597f65011,det-v1,2,fallback,1583,189,0.003,0.0000807300,true,false
call-000570,arm8_spec_immediate,cal/f4/s4060000/late_accurate,18,meta-llama/llama-3.2-1b-instruct,sha256:d37739511d980d8b0617a9295bd80886ed958e87c6506fb8bc84274ac08656be,det-v1,1,,1363,163,876.336,0.0000695640,false,true
call-000571,arm8_spec_immediate,cal/f4/s4060000/late_accurate,18,meta-llama/llama-3.2-1b-instruct,sha256:d37739511d980d8b0617a9295bd80886ed958e87c6506fb8bc84274ac08656be,det-v1,1,fallback,1363,163,876.336,0.0000695640,false,false
call-000572,arm8_spec_immediate,cal/f4/s4060000/late_accurate,18,meta-llama/llama-3.2-1b-instruct,sha256:31ef981f8c6af4a964afed2949c5d1e0a47037761444fb501a22ea1b9591fdcd,det-v1,2,,1433,197,1327.958,0.0000782880,false,true
call-000573,arm8_spec_immediate,cal/f4/s4060000/late_accurate,18,meta-llama/llama-3.2-1b-instruct,sha256:31ef981f8c6af4a964afed2949c5d1e0a47037761444fb501a22ea1b9591fdcd,det-v1,2,fallback,1433,197,1327.958,0.0000782880,false,false
call-000574,arm9_spec_heuristic_rollback,cal/f4/s4060000/late_accurate,18,meta-llama/llama-3.2-1b-instruct,sha256:d37739511d980d8b0617a9295bd80886ed958e87c6506fb8bc84274ac08656be,det-v1,1,fallback,1363,163,0.004,0.0000695640,true,false
call-000575,arm9_spec_heuristic_rollback,cal/f4/s4060000/late_accurate,18,meta-llama/llama-3.2-1b-instruct,sha256:31ef981f8c6af4a964afed2949c5d1e0a47037761444fb501a22ea1b9591fdcd,det-v1,2,fallback,1433,197,0.003,0.0000782880,true,false
call-000576,arm10_spec_eprocess,cal/f4/s4060000/late_accurate,18,meta-llama/llama-3.2-1b-instruct,sha256:d37739511d980d8b0617a9295bd80886ed958e87c6506fb8bc84274ac08656be,det-v1,1,fallback,1363,163,0.003,0.0000695640,true,false
call-000577,arm10_spec_eprocess,cal/f4/s4060000/late_accurate,18,meta-llama/llama-3.2-1b-instruct,sha256:31ef981f8c6af4a964afed2949c5d1e0a47037761444fb501a22ea1b9591fdcd,det-v1,2,fallback,1433,197,0.003,0.0000782880,true,false
call-000578,arm8_spec_immediate,dev/f4/s4050001/late_accurate,20,meta-llama/llama-3.2-1b-instruct,sha256:5dae77ad1a397ba483b42adb53ef4037033f57b47fe68b4bac090f0901fa88a7,det-v1,1,,1441,74,640.275,0.0000537810,false,true
call-000579,arm8_spec_immediate,dev/f4/s4050001/late_accurate,20,meta-llama/llama-3.2-1b-instruct,sha256:5dae77ad1a397ba483b42adb53ef4037033f57b47fe68b4bac090f0901fa88a7,det-v1,1,fallback,1441,74,640.275,0.0000537810,false,false
call-000580,arm8_spec_immediate,dev/f4/s4050001/late_accurate,20,meta-llama/llama-3.2-1b-instruct,sha256:40ec30b1ef912e2a9d59225b241d898610deb87a8a050f28e70bb5140a084172,det-v1,2,,1511,205,1428.363,0.0000820020,false,true
call-000581,arm8_spec_immediate,dev/f4/s4050001/late_accurate,20,meta-llama/llama-3.2-1b-instruct,sha256:40ec30b1ef912e2a9d59225b241d898610deb87a8a050f28e70bb5140a084172,det-v1,2,fallback,1511,205,1428.363,0.0000820020,false,false
call-000582,arm9_spec_heuristic_rollback,dev/f4/s4050001/late_accurate,20,meta-llama/llama-3.2-1b-instruct,sha256:5dae77ad1a397ba483b42adb53ef4037033f57b47fe68b4bac090f0901fa88a7,det-v1,1,fallback,1441,74,0.004,0.0000537810,true,false
call-000583,arm9_spec_heuristic_rollback,dev/f4/s4050001/late_accurate,20,meta-llama/llama-3.2-1b-instruct,sha256:40ec30b1ef912e2a9d59225b241d898610deb87a8a050f28e70bb5140a084172,det-v1,2,fallback,1511,205,0.003,0.0000820020,true,false
call-000584,arm10_spec_eprocess,dev/f4/s4050001/late_accurate,20,meta-llama/llama-3.2-1b-instruct,sha256:5dae77ad1a397ba483b42adb53ef4037033f57b47fe68b4bac090f0901fa88a7,det-v1,1,fallback,1441,74,0.003,0.0000537810,true,false
call-000585,arm10_spec_eprocess,dev/f4/s4050001/late_accurate,20,meta-llama/llama-3.2-1b-instruct,sha256:40ec30b1ef912e2a9d59225b241d898610deb87a8a050f28e70bb5140a084172,det-v1,2,fallback,1511,205,0.002,0.0000820020,true,false
call-000586,arm8_spec_immediate,cal/f4/s4060001/late_accurate,18,meta-llama/llama-3.2-1b-instruct,sha256:2a631dbf68583fc8f868e93b0aba4fdeffb599dc03b43c540f2acf6630aa99c0,det-v1,1,,1369,163,1044.204,0.0000697260,false,true
call-000587,arm8_spec_immediate,cal/f4/s4060001/late_accurate,18,meta-llama/llama-3.2-1b-instruct,sha256:2a631dbf68583fc8f868e93b0aba4fdeffb599dc03b43c540f2acf6630aa99c0,det-v1,1,fallback,1369,163,1044.204,0.0000697260,false,false
call-000588,arm8_spec_immediate,cal/f4/s4060001/late_accurate,18,meta-llama/llama-3.2-1b-instruct,sha256:fcacd3ef899888a20e259b3427f04bd9a9b13645f8699bfc90e7fa0bbcaee920,det-v1,2,,1439,197,1174.728,0.0000784500,false,true
call-000589,arm8_spec_immediate,cal/f4/s4060001/late_accurate,18,meta-llama/llama-3.2-1b-instruct,sha256:fcacd3ef899888a20e259b3427f04bd9a9b13645f8699bfc90e7fa0bbcaee920,det-v1,2,fallback,1439,197,1174.728,0.0000784500,false,false
call-000590,arm9_spec_heuristic_rollback,cal/f4/s4060001/late_accurate,18,meta-llama/llama-3.2-1b-instruct,sha256:2a631dbf68583fc8f868e93b0aba4fdeffb599dc03b43c540f2acf6630aa99c0,det-v1,1,fallback,1369,163,0.004,0.0000697260,true,false
call-000591,arm9_spec_heuristic_rollback,cal/f4/s4060001/late_accurate,18,meta-llama/llama-3.2-1b-instruct,sha256:fcacd3ef899888a20e259b3427f04bd9a9b13645f8699bfc90e7fa0bbcaee920,det-v1,2,fallback,1439,197,0.003,0.0000784500,true,false
call-000592,arm10_spec_eprocess,cal/f4/s4060001/late_accurate,18,meta-llama/llama-3.2-1b-instruct,sha256:2a631dbf68583fc8f868e93b0aba4fdeffb599dc03b43c540f2acf6630aa99c0,det-v1,1,fallback,1369,163,0.003,0.0000697260,true,false
call-000593,arm10_spec_eprocess,cal/f4/s4060001/late_accurate,18,meta-llama/llama-3.2-1b-instruct,sha256:fcacd3ef899888a20e259b3427f04bd9a9b13645f8699bfc90e7fa0bbcaee920,det-v1,2,fallback,1439,197,0.003,0.0000784500,true,false
call-000594,arm8_spec_immediate,dev/f4/s4050000/unreliable,19,meta-llama/llama-3.2-1b-instruct,sha256:2bc1a8e564562314d516d3c759a06f07ef242a42eab790d36d943ecf41b05d99,det-v1,1,,1407,167,992.708,0.0000715560,false,true
call-000595,arm8_spec_immediate,dev/f4/s4050000/unreliable,19,meta-llama/llama-3.2-1b-instruct,sha256:2bc1a8e564562314d516d3c759a06f07ef242a42eab790d36d943ecf41b05d99,det-v1,1,fallback,1407,167,992.708,0.0000715560,false,false
call-000596,arm8_spec_immediate,dev/f4/s4050000/unreliable,19,meta-llama/llama-3.2-1b-instruct,sha256:60d0078b025cf1c9d1c840d8b7073a8f58d9e810bd56160850e62212a551ec9d,det-v1,2,,1477,203,1079.502,0.0000806820,false,true
call-000597,arm8_spec_immediate,dev/f4/s4050000/unreliable,19,meta-llama/llama-3.2-1b-instruct,sha256:60d0078b025cf1c9d1c840d8b7073a8f58d9e810bd56160850e62212a551ec9d,det-v1,2,fallback,1477,203,1079.502,0.0000806820,false,false
call-000598,arm9_spec_heuristic_rollback,dev/f4/s4050000/unreliable,19,meta-llama/llama-3.2-1b-instruct,sha256:2bc1a8e564562314d516d3c759a06f07ef242a42eab790d36d943ecf41b05d99,det-v1,1,fallback,1407,167,0.004,0.0000715560,true,false
call-000599,arm9_spec_heuristic_rollback,dev/f4/s4050000/unreliable,19,meta-llama/llama-3.2-1b-instruct,sha256:60d0078b025cf1c9d1c840d8b7073a8f58d9e810bd56160850e62212a551ec9d,det-v1,2,fallback,1477,203,0.003,0.0000806820,true,false
call-000600,arm10_spec_eprocess,dev/f4/s4050000/unreliable,19,meta-llama/llama-3.2-1b-instruct,sha256:2bc1a8e564562314d516d3c759a06f07ef242a42eab790d36d943ecf41b05d99,det-v1,1,fallback,1407,167,0.004,0.0000715560,true,false
call-000601,arm10_spec_eprocess,dev/f4/s4050000/unreliable,19,meta-llama/llama-3.2-1b-instruct,sha256:60d0078b025cf1c9d1c840d8b7073a8f58d9e810bd56160850e62212a551ec9d,det-v1,2,fallback,1477,203,0.003,0.0000806820,true,false
call-000602,arm8_spec_immediate,cal/f4/s4060000/unreliable,15,meta-llama/llama-3.2-1b-instruct,sha256:1472708ac580ca92ff23d904f676cd8e4d42c6ec00fa0117c11a4a6e0fa7e6e4,det-v1,1,,1259,151,981.953,0.0000643440,false,true
call-000603,arm8_spec_immediate,cal/f4/s4060000/unreliable,15,meta-llama/llama-3.2-1b-instruct,sha256:1472708ac580ca92ff23d904f676cd8e4d42c6ec00fa0117c11a4a6e0fa7e6e4,det-v1,1,fallback,1259,151,981.953,0.0000643440,false,false
call-000604,arm8_spec_immediate,cal/f4/s4060000/unreliable,15,meta-llama/llama-3.2-1b-instruct,sha256:7d8f80053ccde9cceb82df5cfeb75481e99edd46cb8e007493440ac17f93badf,det-v1,2,,1329,185,1218.096,0.0000730680,false,true
call-000605,arm8_spec_immediate,cal/f4/s4060000/unreliable,15,meta-llama/llama-3.2-1b-instruct,sha256:7d8f80053ccde9cceb82df5cfeb75481e99edd46cb8e007493440ac17f93badf,det-v1,2,fallback,1329,185,1218.096,0.0000730680,false,false
call-000606,arm9_spec_heuristic_rollback,cal/f4/s4060000/unreliable,15,meta-llama/llama-3.2-1b-instruct,sha256:1472708ac580ca92ff23d904f676cd8e4d42c6ec00fa0117c11a4a6e0fa7e6e4,det-v1,1,fallback,1259,151,0.006,0.0000643440,true,false
call-000607,arm9_spec_heuristic_rollback,cal/f4/s4060000/unreliable,15,meta-llama/llama-3.2-1b-instruct,sha256:7d8f80053ccde9cceb82df5cfeb75481e99edd46cb8e007493440ac17f93badf,det-v1,2,fallback,1329,185,0.003,0.0000730680,true,false
call-000608,arm10_spec_eprocess,cal/f4/s4060000/unreliable,15,meta-llama/llama-3.2-1b-instruct,sha256:1472708ac580ca92ff23d904f676cd8e4d42c6ec00fa0117c11a4a6e0fa7e6e4,det-v1,1,fallback,1259,151,0.004,0.0000643440,true,false
call-000609,arm10_spec_eprocess,cal/f4/s4060000/unreliable,15,meta-llama/llama-3.2-1b-instruct,sha256:7d8f80053ccde9cceb82df5cfeb75481e99edd46cb8e007493440ac17f93badf,det-v1,2,fallback,1329,185,0.003,0.0000730680,true,false
call-000610,arm8_spec_immediate,dev/f4/s4050001/unreliable,17,meta-llama/llama-3.2-1b-instruct,sha256:bd8a16699899b4ef61f6ffb8a6450df1abf2282a4b3068d2b5fd215bd1700927,det-v1,1,,1318,170,1261.149,0.0000697560,false,true
call-000611,arm8_spec_immediate,dev/f4/s4050001/unreliable,17,meta-llama/llama-3.2-1b-instruct,sha256:bd8a16699899b4ef61f6ffb8a6450df1abf2282a4b3068d2b5fd215bd1700927,det-v1,1,fallback,1318,170,1261.149,0.0000697560,false,false
call-000612,arm8_spec_immediate,dev/f4/s4050001/unreliable,17,meta-llama/llama-3.2-1b-instruct,sha256:c916049676c123252b9b62e5a5365ebc9c598af9f62e28f69b9126a7fab67358,det-v1,2,,1388,195,1035.903,0.0000766710,false,true
call-000613,arm8_spec_immediate,dev/f4/s4050001/unreliable,17,meta-llama/llama-3.2-1b-instruct,sha256:c916049676c123252b9b62e5a5365ebc9c598af9f62e28f69b9126a7fab67358,det-v1,2,fallback,1388,195,1035.903,0.0000766710,false,false
call-000614,arm9_spec_heuristic_rollback,dev/f4/s4050001/unreliable,17,meta-llama/llama-3.2-1b-instruct,sha256:bd8a16699899b4ef61f6ffb8a6450df1abf2282a4b3068d2b5fd215bd1700927,det-v1,1,fallback,1318,170,0.005,0.0000697560,true,false
call-000615,arm9_spec_heuristic_rollback,dev/f4/s4050001/unreliable,17,meta-llama/llama-3.2-1b-instruct,sha256:c916049676c123252b9b62e5a5365ebc9c598af9f62e28f69b9126a7fab67358,det-v1,2,fallback,1388,195,0.003,0.0000766710,true,false
call-000616,arm10_spec_eprocess,dev/f4/s4050001/unreliable,17,meta-llama/llama-3.2-1b-instruct,sha256:bd8a16699899b4ef61f6ffb8a6450df1abf2282a4b3068d2b5fd215bd1700927,det-v1,1,fallback,1318,170,0.003,0.0000697560,true,false
call-000617,arm10_spec_eprocess,dev/f4/s4050001/unreliable,17,meta-llama/llama-3.2-1b-instruct,sha256:c916049676c123252b9b62e5a5365ebc9c598af9f62e28f69b9126a7fab67358,det-v1,2,fallback,1388,195,0.003,0.0000766710,true,false
call-000618,arm8_spec_immediate,cal/f4/s4060001/unreliable,15,meta-llama/llama-3.2-1b-instruct,sha256:98cf867a571b80bb4275d65cbdf1615ac43dcd0914aadf309d4cd21cdaf631a8,det-v1,1,,1258,151,868.386,0.0000643170,false,true
call-000619,arm8_spec_immediate,cal/f4/s4060001/unreliable,15,meta-llama/llama-3.2-1b-instruct,sha256:98cf867a571b80bb4275d65cbdf1615ac43dcd0914aadf309d4cd21cdaf631a8,det-v1,1,fallback,1258,151,868.386,0.0000643170,false,false
call-000620,arm8_spec_immediate,cal/f4/s4060001/unreliable,15,meta-llama/llama-3.2-1b-instruct,sha256:99a06beeed59fea92e01a13ffed13cdc8b04ff8e69bab35a0dce3614d676fc1a,det-v1,2,,1328,185,1160.560,0.0000730410,false,true
call-000621,arm8_spec_immediate,cal/f4/s4060001/unreliable,15,meta-llama/llama-3.2-1b-instruct,sha256:99a06beeed59fea92e01a13ffed13cdc8b04ff8e69bab35a0dce3614d676fc1a,det-v1,2,fallback,1328,185,1160.560,0.0000730410,false,false
call-000622,arm9_spec_heuristic_rollback,cal/f4/s4060001/unreliable,15,meta-llama/llama-3.2-1b-instruct,sha256:98cf867a571b80bb4275d65cbdf1615ac43dcd0914aadf309d4cd21cdaf631a8,det-v1,1,fallback,1258,151,0.004,0.0000643170,true,false
call-000623,arm9_spec_heuristic_rollback,cal/f4/s4060001/unreliable,15,meta-llama/llama-3.2-1b-instruct,sha256:99a06beeed59fea92e01a13ffed13cdc8b04ff8e69bab35a0dce3614d676fc1a,det-v1,2,fallback,1328,185,0.003,0.0000730410,true,false
call-000624,arm10_spec_eprocess,cal/f4/s4060001/unreliable,15,meta-llama/llama-3.2-1b-instruct,sha256:98cf867a571b80bb4275d65cbdf1615ac43dcd0914aadf309d4cd21cdaf631a8,det-v1,1,fallback,1258,151,0.004,0.0000643170,true,false
call-000625,arm10_spec_eprocess,cal/f4/s4060001/unreliable,15,meta-llama/llama-3.2-1b-instruct,sha256:99a06beeed59fea92e01a13ffed13cdc8b04ff8e69bab35a0dce3614d676fc1a,det-v1,2,fallback,1328,185,0.003,0.0000730410,true,false
call-000626,arm8_spec_immediate,dev/f5/s5050000/early_accurate,20,meta-llama/llama-3.2-1b-instruct,sha256:4ec8bd6d16a95766aea9f1d4f133fc564b2d5bb6c961666fe006fbf18b899752,det-v1,1,,1448,74,646.452,0.0000539700,false,true
call-000627,arm8_spec_immediate,dev/f5/s5050000/early_accurate,20,meta-llama/llama-3.2-1b-instruct,sha256:4ec8bd6d16a95766aea9f1d4f133fc564b2d5bb6c961666fe006fbf18b899752,det-v1,1,fallback,1448,74,646.452,0.0000539700,false,false
call-000628,arm8_spec_immediate,dev/f5/s5050000/early_accurate,20,meta-llama/llama-3.2-1b-instruct,sha256:f2fcd401a10dac1728d3632c9afa1528684d3e6588de71c1a4cee166bea17771,det-v1,2,,1518,179,1111.271,0.0000769650,false,true
call-000629,arm8_spec_immediate,dev/f5/s5050000/early_accurate,20,meta-llama/llama-3.2-1b-instruct,sha256:f2fcd401a10dac1728d3632c9afa1528684d3e6588de71c1a4cee166bea17771,det-v1,2,fallback,1518,179,1111.271,0.0000769650,false,false
call-000630,arm9_spec_heuristic_rollback,dev/f5/s5050000/early_accurate,20,meta-llama/llama-3.2-1b-instruct,sha256:4ec8bd6d16a95766aea9f1d4f133fc564b2d5bb6c961666fe006fbf18b899752,det-v1,1,fallback,1448,74,0.004,0.0000539700,true,false
call-000631,arm9_spec_heuristic_rollback,dev/f5/s5050000/early_accurate,20,meta-llama/llama-3.2-1b-instruct,sha256:f2fcd401a10dac1728d3632c9afa1528684d3e6588de71c1a4cee166bea17771,det-v1,2,fallback,1518,179,0.002,0.0000769650,true,false
call-000632,arm10_spec_eprocess,dev/f5/s5050000/early_accurate,20,meta-llama/llama-3.2-1b-instruct,sha256:4ec8bd6d16a95766aea9f1d4f133fc564b2d5bb6c961666fe006fbf18b899752,det-v1,1,fallback,1448,74,0.003,0.0000539700,true,false
call-000633,arm10_spec_eprocess,dev/f5/s5050000/early_accurate,20,meta-llama/llama-3.2-1b-instruct,sha256:f2fcd401a10dac1728d3632c9afa1528684d3e6588de71c1a4cee166bea17771,det-v1,2,fallback,1518,179,0.002,0.0000769650,true,false
call-000634,arm8_spec_immediate,cal/f5/s5060000/early_accurate,18,meta-llama/llama-3.2-1b-instruct,sha256:9b998e15308e2a91cfebb135b252e61d8adbb6e5315022d910bd72af68760b03,det-v1,1,,1369,163,894.968,0.0000697260,false,true
call-000635,arm8_spec_immediate,cal/f5/s5060000/early_accurate,18,meta-llama/llama-3.2-1b-instruct,sha256:9b998e15308e2a91cfebb135b252e61d8adbb6e5315022d910bd72af68760b03,det-v1,1,fallback,1369,163,894.968,0.0000697260,false,false
call-000636,arm8_spec_immediate,cal/f5/s5060000/early_accurate,18,meta-llama/llama-3.2-1b-instruct,sha256:1caeeabae1fd66fef4b7708e2f28bf8ead8587da10389275d427a87e5961a6da,det-v1,2,,1439,197,1181.792,0.0000784500,false,true
call-000637,arm8_spec_immediate,cal/f5/s5060000/early_accurate,18,meta-llama/llama-3.2-1b-instruct,sha256:1caeeabae1fd66fef4b7708e2f28bf8ead8587da10389275d427a87e5961a6da,det-v1,2,fallback,1439,197,1181.792,0.0000784500,false,false
call-000638,arm9_spec_heuristic_rollback,cal/f5/s5060000/early_accurate,18,meta-llama/llama-3.2-1b-instruct,sha256:9b998e15308e2a91cfebb135b252e61d8adbb6e5315022d910bd72af68760b03,det-v1,1,fallback,1369,163,0.002,0.0000697260,true,false
call-000639,arm9_spec_heuristic_rollback,cal/f5/s5060000/early_accurate,18,meta-llama/llama-3.2-1b-instruct,sha256:1caeeabae1fd66fef4b7708e2f28bf8ead8587da10389275d427a87e5961a6da,det-v1,2,fallback,1439,197,0.001,0.0000784500,true,false
call-000640,arm10_spec_eprocess,cal/f5/s5060000/early_accurate,18,meta-llama/llama-3.2-1b-instruct,sha256:9b998e15308e2a91cfebb135b252e61d8adbb6e5315022d910bd72af68760b03,det-v1,1,fallback,1369,163,0.002,0.0000697260,true,false
call-000641,arm10_spec_eprocess,cal/f5/s5060000/early_accurate,18,meta-llama/llama-3.2-1b-instruct,sha256:1caeeabae1fd66fef4b7708e2f28bf8ead8587da10389275d427a87e5961a6da,det-v1,2,fallback,1439,197,0.001,0.0000784500,true,false
call-000642,arm8_spec_immediate,dev/f5/s5050001/early_accurate,15,meta-llama/llama-3.2-1b-instruct,sha256:5077eb7858f97ac6db6b26bd7f5dd451aef15f6208ca017893b10c688406dd0e,det-v1,1,,1253,176,1169.825,0.0000692070,false,true
call-000643,arm8_spec_immediate,dev/f5/s5050001/early_accurate,15,meta-llama/llama-3.2-1b-instruct,sha256:5077eb7858f97ac6db6b26bd7f5dd451aef15f6208ca017893b10c688406dd0e,det-v1,1,fallback,1253,176,1169.825,0.0000692070,false,false
call-000644,arm8_spec_immediate,dev/f5/s5050001/early_accurate,15,meta-llama/llama-3.2-1b-instruct,sha256:6829d417117bf43bb4c4e3c119bb7cbfad3723640175e79d5fc15d902c5bad66,det-v1,2,,1323,185,1090.666,0.0000729060,false,true
call-000645,arm8_spec_immediate,dev/f5/s5050001/early_accurate,15,meta-llama/llama-3.2-1b-instruct,sha256:6829d417117bf43bb4c4e3c119bb7cbfad3723640175e79d5fc15d902c5bad66,det-v1,2,fallback,1323,185,1090.666,0.0000729060,false,false
call-000646,arm9_spec_heuristic_rollback,dev/f5/s5050001/early_accurate,15,meta-llama/llama-3.2-1b-instruct,sha256:5077eb7858f97ac6db6b26bd7f5dd451aef15f6208ca017893b10c688406dd0e,det-v1,1,fallback,1253,176,0.002,0.0000692070,true,false
call-000647,arm9_spec_heuristic_rollback,dev/f5/s5050001/early_accurate,15,meta-llama/llama-3.2-1b-instruct,sha256:6829d417117bf43bb4c4e3c119bb7cbfad3723640175e79d5fc15d902c5bad66,det-v1,2,fallback,1323,185,0.002,0.0000729060,true,false
call-000648,arm10_spec_eprocess,dev/f5/s5050001/early_accurate,15,meta-llama/llama-3.2-1b-instruct,sha256:5077eb7858f97ac6db6b26bd7f5dd451aef15f6208ca017893b10c688406dd0e,det-v1,1,fallback,1253,176,0.002,0.0000692070,true,false
call-000649,arm10_spec_eprocess,dev/f5/s5050001/early_accurate,15,meta-llama/llama-3.2-1b-instruct,sha256:6829d417117bf43bb4c4e3c119bb7cbfad3723640175e79d5fc15d902c5bad66,det-v1,2,fallback,1323,185,0.001,0.0000729060,true,false
call-000650,arm8_spec_immediate,cal/f5/s5060001/early_accurate,21,meta-llama/llama-3.2-1b-instruct,sha256:d2375d4964ce140fab09f7435ce3e87cae919b4952b8b5b69eb210714c0901f1,det-v1,1,,1481,85,732.219,0.0000570720,false,true
call-000651,arm8_spec_immediate,cal/f5/s5060001/early_accurate,21,meta-llama/llama-3.2-1b-instruct,sha256:d2375d4964ce140fab09f7435ce3e87cae919b4952b8b5b69eb210714c0901f1,det-v1,1,fallback,1481,85,732.219,0.0000570720,false,false
call-000652,arm8_spec_immediate,cal/f5/s5060001/early_accurate,21,meta-llama/llama-3.2-1b-instruct,sha256:2eb1680cef29297f6ccc59d9384a34a42b145659718bdf41070946613e39b001,det-v1,2,,1551,205,1375.479,0.0000830820,false,true
call-000653,arm8_spec_immediate,cal/f5/s5060001/early_accurate,21,meta-llama/llama-3.2-1b-instruct,sha256:2eb1680cef29297f6ccc59d9384a34a42b145659718bdf41070946613e39b001,det-v1,2,fallback,1551,205,1375.479,0.0000830820,false,false
call-000654,arm9_spec_heuristic_rollback,cal/f5/s5060001/early_accurate,21,meta-llama/llama-3.2-1b-instruct,sha256:d2375d4964ce140fab09f7435ce3e87cae919b4952b8b5b69eb210714c0901f1,det-v1,1,fallback,1481,85,0.004,0.0000570720,true,false
call-000655,arm9_spec_heuristic_rollback,cal/f5/s5060001/early_accurate,21,meta-llama/llama-3.2-1b-instruct,sha256:2eb1680cef29297f6ccc59d9384a34a42b145659718bdf41070946613e39b001,det-v1,2,fallback,1551,205,0.003,0.0000830820,true,false
call-000656,arm10_spec_eprocess,cal/f5/s5060001/early_accurate,21,meta-llama/llama-3.2-1b-instruct,sha256:d2375d4964ce140fab09f7435ce3e87cae919b4952b8b5b69eb210714c0901f1,det-v1,1,fallback,1481,85,0.004,0.0000570720,true,false
call-000657,arm10_spec_eprocess,cal/f5/s5060001/early_accurate,21,meta-llama/llama-3.2-1b-instruct,sha256:2eb1680cef29297f6ccc59d9384a34a42b145659718bdf41070946613e39b001,det-v1,2,fallback,1551,205,0.002,0.0000830820,true,false
call-000658,arm8_spec_immediate,dev/f5/s5050000/late_accurate,23,meta-llama/llama-3.2-1b-instruct,sha256:30c9cfc73d5c3e6de322d92c805132ebffc3e89346d01f9a12a362d462da6f86,det-v1,1,,1559,141,1176.949,0.0000704340,false,true
call-000659,arm8_spec_immediate,dev/f5/s5050000/late_accurate,23,meta-llama/llama-3.2-1b-instruct,sha256:30c9cfc73d5c3e6de322d92c805132ebffc3e89346d01f9a12a362d462da6f86,det-v1,1,fallback,1559,141,1176.949,0.0000704340,false,false
call-000660,arm8_spec_immediate,dev/f5/s5050000/late_accurate,23,meta-llama/llama-3.2-1b-instruct,sha256:ada6ac234553fa5682ac8a844b0b350346a44082c14f5804a68a688612e5fb26,det-v1,2,,1629,213,1402.030,0.0000867960,false,true
call-000661,arm8_spec_immediate,dev/f5/s5050000/late_accurate,23,meta-llama/llama-3.2-1b-instruct,sha256:ada6ac234553fa5682ac8a844b0b350346a44082c14f5804a68a688612e5fb26,det-v1,2,fallback,1629,213,1402.030,0.0000867960,false,false
call-000662,arm9_spec_heuristic_rollback,dev/f5/s5050000/late_accurate,23,meta-llama/llama-3.2-1b-instruct,sha256:30c9cfc73d5c3e6de322d92c805132ebffc3e89346d01f9a12a362d462da6f86,det-v1,1,fallback,1559,141,0.002,0.0000704340,true,false
call-000663,arm9_spec_heuristic_rollback,dev/f5/s5050000/late_accurate,23,meta-llama/llama-3.2-1b-instruct,sha256:ada6ac234553fa5682ac8a844b0b350346a44082c14f5804a68a688612e5fb26,det-v1,2,fallback,1629,213,0.001,0.0000867960,true,false
call-000664,arm10_spec_eprocess,dev/f5/s5050000/late_accurate,23,meta-llama/llama-3.2-1b-instruct,sha256:30c9cfc73d5c3e6de322d92c805132ebffc3e89346d01f9a12a362d462da6f86,det-v1,1,fallback,1559,141,0.002,0.0000704340,true,false
call-000665,arm10_spec_eprocess,dev/f5/s5050000/late_accurate,23,meta-llama/llama-3.2-1b-instruct,sha256:ada6ac234553fa5682ac8a844b0b350346a44082c14f5804a68a688612e5fb26,det-v1,2,fallback,1629,213,0.001,0.0000867960,true,false
call-000666,arm8_spec_immediate,cal/f5/s5060000/late_accurate,21,meta-llama/llama-3.2-1b-instruct,sha256:88a50290788cf013d05ec8a92f2376ce0e94cf7553b229da8ea7a338a0e39586,det-v1,1,,1480,74,642.859,0.0000548340,false,true
call-000667,arm8_spec_immediate,cal/f5/s5060000/late_accurate,21,meta-llama/llama-3.2-1b-instruct,sha256:88a50290788cf013d05ec8a92f2376ce0e94cf7553b229da8ea7a338a0e39586,det-v1,1,fallback,1480,74,642.859,0.0000548340,false,false
call-000668,arm8_spec_immediate,cal/f5/s5060000/late_accurate,21,meta-llama/llama-3.2-1b-instruct,sha256:dee1259802f16de59b53f7ceac526881cb586bbc0d123efe1fb28a72a5f39d7c,det-v1,2,,1550,52554,1001759.950,0.0106052040,false,true
call-000669,arm8_spec_immediate,cal/f5/s5060000/late_accurate,21,meta-llama/llama-3.2-1b-instruct,sha256:dee1259802f16de59b53f7ceac526881cb586bbc0d123efe1fb28a72a5f39d7c,det-v1,2,fallback,1550,52554,1001759.950,0.0106052040,false,false
call-000670,arm9_spec_heuristic_rollback,cal/f5/s5060000/late_accurate,21,meta-llama/llama-3.2-1b-instruct,sha256:88a50290788cf013d05ec8a92f2376ce0e94cf7553b229da8ea7a338a0e39586,det-v1,1,fallback,1480,74,0.003,0.0000548340,true,false
call-000671,arm9_spec_heuristic_rollback,cal/f5/s5060000/late_accurate,21,meta-llama/llama-3.2-1b-instruct,sha256:dee1259802f16de59b53f7ceac526881cb586bbc0d123efe1fb28a72a5f39d7c,det-v1,2,fallback,1550,52554,0.002,0.0106052040,true,false
call-000672,arm10_spec_eprocess,cal/f5/s5060000/late_accurate,21,meta-llama/llama-3.2-1b-instruct,sha256:88a50290788cf013d05ec8a92f2376ce0e94cf7553b229da8ea7a338a0e39586,det-v1,1,fallback,1480,74,0.002,0.0000548340,true,false
call-000673,arm10_spec_eprocess,cal/f5/s5060000/late_accurate,21,meta-llama/llama-3.2-1b-instruct,sha256:dee1259802f16de59b53f7ceac526881cb586bbc0d123efe1fb28a72a5f39d7c,det-v1,2,fallback,1550,52554,0.001,0.0106052040,true,false
call-000674,arm8_spec_immediate,dev/f5/s5050001/late_accurate,18,meta-llama/llama-3.2-1b-instruct,sha256:0f02315f6de534e7acc751ebdc1939394a0d962d9310db227d3bc598b5bbebc2,det-v1,1,,1364,196,1401.207,0.0000762240,false,true
call-000675,arm8_spec_immediate,dev/f5/s5050001/late_accurate,18,meta-llama/llama-3.2-1b-instruct,sha256:0f02315f6de534e7acc751ebdc1939394a0d962d9310db227d3bc598b5bbebc2,det-v1,1,fallback,1364,196,1401.207,0.0000762240,false,false
call-000676,arm8_spec_immediate,dev/f5/s5050001/late_accurate,18,meta-llama/llama-3.2-1b-instruct,sha256:ecea08f61a85edc88abe0e24ef7bb3aec37640eddd32ce91a9892c01cd5d3975,det-v1,2,,1434,199,1897.955,0.0000787170,false,true
call-000677,arm8_spec_immediate,dev/f5/s5050001/late_accurate,18,meta-llama/llama-3.2-1b-instruct,sha256:ecea08f61a85edc88abe0e24ef7bb3aec37640eddd32ce91a9892c01cd5d3975,det-v1,2,fallback,1434,199,1897.955,0.0000787170,false,false
call-000678,arm9_spec_heuristic_rollback,dev/f5/s5050001/late_accurate,18,meta-llama/llama-3.2-1b-instruct,sha256:0f02315f6de534e7acc751ebdc1939394a0d962d9310db227d3bc598b5bbebc2,det-v1,1,fallback,1364,196,0.004,0.0000762240,true,false
call-000679,arm9_spec_heuristic_rollback,dev/f5/s5050001/late_accurate,18,meta-llama/llama-3.2-1b-instruct,sha256:ecea08f61a85edc88abe0e24ef7bb3aec37640eddd32ce91a9892c01cd5d3975,det-v1,2,fallback,1434,199,0.003,0.0000787170,true,false
call-000680,arm10_spec_eprocess,dev/f5/s5050001/late_accurate,18,meta-llama/llama-3.2-1b-instruct,sha256:0f02315f6de534e7acc751ebdc1939394a0d962d9310db227d3bc598b5bbebc2,det-v1,1,fallback,1364,196,0.004,0.0000762240,true,false
call-000681,arm10_spec_eprocess,dev/f5/s5050001/late_accurate,18,meta-llama/llama-3.2-1b-instruct,sha256:ecea08f61a85edc88abe0e24ef7bb3aec37640eddd32ce91a9892c01cd5d3975,det-v1,2,fallback,1434,199,0.003,0.0000787170,true,false
call-000682,arm8_spec_immediate,cal/f5/s5060001/late_accurate,24,meta-llama/llama-3.2-1b-instruct,sha256:dc65da7a66ec9df06178e935f790673d7057c5190b6766b1ed2d726016e33036,det-v1,1,,1592,199,1113.404,0.0000829830,false,true
call-000683,arm8_spec_immediate,cal/f5/s5060001/late_accurate,24,meta-llama/llama-3.2-1b-instruct,sha256:dc65da7a66ec9df06178e935f790673d7057c5190b6766b1ed2d726016e33036,det-v1,1,fallback,1592,199,1113.404,0.0000829830,false,false
call-000684,arm8_spec_immediate,cal/f5/s5060001/late_accurate,24,meta-llama/llama-3.2-1b-instruct,sha256:043d5d3126e77121308175bc0348c2cce38b9123a14adb01768f7c28c68cee72,det-v1,2,,1662,217,1327.519,0.0000884910,false,true
call-000685,arm8_spec_immediate,cal/f5/s5060001/late_accurate,24,meta-llama/llama-3.2-1b-instruct,sha256:043d5d3126e77121308175bc0348c2cce38b9123a14adb01768f7c28c68cee72,det-v1,2,fallback,1662,217,1327.519,0.0000884910,false,false
call-000686,arm9_spec_heuristic_rollback,cal/f5/s5060001/late_accurate,24,meta-llama/llama-3.2-1b-instruct,sha256:dc65da7a66ec9df06178e935f790673d7057c5190b6766b1ed2d726016e33036,det-v1,1,fallback,1592,199,0.004,0.0000829830,true,false
call-000687,arm9_spec_heuristic_rollback,cal/f5/s5060001/late_accurate,24,meta-llama/llama-3.2-1b-instruct,sha256:043d5d3126e77121308175bc0348c2cce38b9123a14adb01768f7c28c68cee72,det-v1,2,fallback,1662,217,0.003,0.0000884910,true,false
call-000688,arm10_spec_eprocess,cal/f5/s5060001/late_accurate,24,meta-llama/llama-3.2-1b-instruct,sha256:dc65da7a66ec9df06178e935f790673d7057c5190b6766b1ed2d726016e33036,det-v1,1,fallback,1592,199,0.003,0.0000829830,true,false
call-000689,arm10_spec_eprocess,cal/f5/s5060001/late_accurate,24,meta-llama/llama-3.2-1b-instruct,sha256:043d5d3126e77121308175bc0348c2cce38b9123a14adb01768f7c28c68cee72,det-v1,2,fallback,1662,217,0.002,0.0000884910,true,false
call-000690,arm8_spec_immediate,dev/f5/s5050000/unreliable,20,meta-llama/llama-3.2-1b-instruct,sha256:d229695573b2e07bad4e4f6df2d4d2240e1b22499c01c884d385d70312bfb55e,det-v1,1,,1440,74,575.720,0.0000537540,false,true
call-000691,arm8_spec_immediate,dev/f5/s5050000/unreliable,20,meta-llama/llama-3.2-1b-instruct,sha256:d229695573b2e07bad4e4f6df2d4d2240e1b22499c01c884d385d70312bfb55e,det-v1,1,fallback,1440,74,575.720,0.0000537540,false,false
call-000692,arm8_spec_immediate,dev/f5/s5050000/unreliable,20,meta-llama/llama-3.2-1b-instruct,sha256:2eaf5ecbf2dcf14a0e4e1673e75137ca235c3229d22466a58d4960748f446553,det-v1,2,,1510,205,1173.517,0.0000819750,false,true
call-000693,arm8_spec_immediate,dev/f5/s5050000/unreliable,20,meta-llama/llama-3.2-1b-instruct,sha256:2eaf5ecbf2dcf14a0e4e1673e75137ca235c3229d22466a58d4960748f446553,det-v1,2,fallback,1510,205,1173.517,0.0000819750,false,false
call-000694,arm9_spec_heuristic_rollback,dev/f5/s5050000/unreliable,20,meta-llama/llama-3.2-1b-instruct,sha256:d229695573b2e07bad4e4f6df2d4d2240e1b22499c01c884d385d70312bfb55e,det-v1,1,fallback,1440,74,0.005,0.0000537540,true,false
call-000695,arm9_spec_heuristic_rollback,dev/f5/s5050000/unreliable,20,meta-llama/llama-3.2-1b-instruct,sha256:2eaf5ecbf2dcf14a0e4e1673e75137ca235c3229d22466a58d4960748f446553,det-v1,2,fallback,1510,205,0.003,0.0000819750,true,false
call-000696,arm10_spec_eprocess,dev/f5/s5050000/unreliable,20,meta-llama/llama-3.2-1b-instruct,sha256:d229695573b2e07bad4e4f6df2d4d2240e1b22499c01c884d385d70312bfb55e,det-v1,1,fallback,1440,74,0.003,0.0000537540,true,false
call-000697,arm10_spec_eprocess,dev/f5/s5050000/unreliable,20,meta-llama/llama-3.2-1b-instruct,sha256:2eaf5ecbf2dcf14a0e4e1673e75137ca235c3229d22466a58d4960748f446553,det-v1,2,fallback,1510,205,0.003,0.0000819750,true,false
call-000698,arm8_spec_immediate,cal/f5/s5060000/unreliable,18,meta-llama/llama-3.2-1b-instruct,sha256:fc4b524403f1f804df0e96d6a3158f546fee0f077826228f900d98fe299069da,det-v1,1,,1374,163,1103.974,0.0000698610,false,true
call-000699,arm8_spec_immediate,cal/f5/s5060000/unreliable,18,meta-llama/llama-3.2-1b-instruct,sha256:fc4b524403f1f804df0e96d6a3158f546fee0f077826228f900d98fe299069da,det-v1,1,fallback,1374,163,1103.974,0.0000698610,false,false
call-000700,arm8_spec_immediate,cal/f5/s5060000/unreliable,18,meta-llama/llama-3.2-1b-instruct,sha256:7dabe584214ffc38809f4dd66850b6e787277e263644a7994942736d0b4c14cb,det-v1,2,,1444,197,1042.819,0.0000785850,false,true
call-000701,arm8_spec_immediate,cal/f5/s5060000/unreliable,18,meta-llama/llama-3.2-1b-instruct,sha256:7dabe584214ffc38809f4dd66850b6e787277e263644a7994942736d0b4c14cb,det-v1,2,fallback,1444,197,1042.819,0.0000785850,false,false
call-000702,arm9_spec_heuristic_rollback,cal/f5/s5060000/unreliable,18,meta-llama/llama-3.2-1b-instruct,sha256:fc4b524403f1f804df0e96d6a3158f546fee0f077826228f900d98fe299069da,det-v1,1,fallback,1374,163,0.004,0.0000698610,true,false
call-000703,arm9_spec_heuristic_rollback,cal/f5/s5060000/unreliable,18,meta-llama/llama-3.2-1b-instruct,sha256:7dabe584214ffc38809f4dd66850b6e787277e263644a7994942736d0b4c14cb,det-v1,2,fallback,1444,197,0.003,0.0000785850,true,false
call-000704,arm10_spec_eprocess,cal/f5/s5060000/unreliable,18,meta-llama/llama-3.2-1b-instruct,sha256:fc4b524403f1f804df0e96d6a3158f546fee0f077826228f900d98fe299069da,det-v1,1,fallback,1374,163,0.003,0.0000698610,true,false
call-000705,arm10_spec_eprocess,cal/f5/s5060000/unreliable,18,meta-llama/llama-3.2-1b-instruct,sha256:7dabe584214ffc38809f4dd66850b6e787277e263644a7994942736d0b4c14cb,det-v1,2,fallback,1444,197,0.003,0.0000785850,true,false
call-000706,arm8_spec_immediate,dev/f5/s5050001/unreliable,15,meta-llama/llama-3.2-1b-instruct,sha256:af210fbfe751f227d827e92ef9e7b04b7ca9684d5d570927c9254dbe691a91e1,det-v1,1,,1243,142,802.212,0.0000621030,false,true
call-000707,arm8_spec_immediate,dev/f5/s5050001/unreliable,15,meta-llama/llama-3.2-1b-instruct,sha256:af210fbfe751f227d827e92ef9e7b04b7ca9684d5d570927c9254dbe691a91e1,det-v1,1,fallback,1243,142,802.212,0.0000621030,false,false
call-000708,arm8_spec_immediate,dev/f5/s5050001/unreliable,15,meta-llama/llama-3.2-1b-instruct,sha256:43a3e9ac3d4d75746c37957abb9fd7838c75e5f51fb3297a0b36abf3a7b1553c,det-v1,2,,1313,185,1230.489,0.0000726360,false,true
call-000709,arm8_spec_immediate,dev/f5/s5050001/unreliable,15,meta-llama/llama-3.2-1b-instruct,sha256:43a3e9ac3d4d75746c37957abb9fd7838c75e5f51fb3297a0b36abf3a7b1553c,det-v1,2,fallback,1313,185,1230.489,0.0000726360,false,false
call-000710,arm9_spec_heuristic_rollback,dev/f5/s5050001/unreliable,15,meta-llama/llama-3.2-1b-instruct,sha256:af210fbfe751f227d827e92ef9e7b04b7ca9684d5d570927c9254dbe691a91e1,det-v1,1,fallback,1243,142,0.004,0.0000621030,true,false
call-000711,arm9_spec_heuristic_rollback,dev/f5/s5050001/unreliable,15,meta-llama/llama-3.2-1b-instruct,sha256:43a3e9ac3d4d75746c37957abb9fd7838c75e5f51fb3297a0b36abf3a7b1553c,det-v1,2,fallback,1313,185,0.003,0.0000726360,true,false
call-000712,arm10_spec_eprocess,dev/f5/s5050001/unreliable,15,meta-llama/llama-3.2-1b-instruct,sha256:af210fbfe751f227d827e92ef9e7b04b7ca9684d5d570927c9254dbe691a91e1,det-v1,1,fallback,1243,142,0.003,0.0000621030,true,false
call-000713,arm10_spec_eprocess,dev/f5/s5050001/unreliable,15,meta-llama/llama-3.2-1b-instruct,sha256:43a3e9ac3d4d75746c37957abb9fd7838c75e5f51fb3297a0b36abf3a7b1553c,det-v1,2,fallback,1313,185,0.003,0.0000726360,true,false
call-000714,arm8_spec_immediate,cal/f5/s5060001/unreliable,21,meta-llama/llama-3.2-1b-instruct,sha256:2184b99afc179e9f3a0da83524897adc702d1747c4ff3160272aaa55c6b25ff9,det-v1,1,,1489,184,975.249,0.0000771870,false,true
call-000715,arm8_spec_immediate,cal/f5/s5060001/unreliable,21,meta-llama/llama-3.2-1b-instruct,sha256:2184b99afc179e9f3a0da83524897adc702d1747c4ff3160272aaa55c6b25ff9,det-v1,1,fallback,1489,184,975.249,0.0000771870,false,false
call-000716,arm8_spec_immediate,cal/f5/s5060001/unreliable,21,meta-llama/llama-3.2-1b-instruct,sha256:4951e6b4ba5055415186737f4c1cd74e967d142c5d2979e70c93760cfa06ce58,det-v1,2,,1559,211,1053.831,0.0000845040,false,true
call-000717,arm8_spec_immediate,cal/f5/s5060001/unreliable,21,meta-llama/llama-3.2-1b-instruct,sha256:4951e6b4ba5055415186737f4c1cd74e967d142c5d2979e70c93760cfa06ce58,det-v1,2,fallback,1559,211,1053.831,0.0000845040,false,false
call-000718,arm9_spec_heuristic_rollback,cal/f5/s5060001/unreliable,21,meta-llama/llama-3.2-1b-instruct,sha256:2184b99afc179e9f3a0da83524897adc702d1747c4ff3160272aaa55c6b25ff9,det-v1,1,fallback,1489,184,0.003,0.0000771870,true,false
call-000719,arm9_spec_heuristic_rollback,cal/f5/s5060001/unreliable,21,meta-llama/llama-3.2-1b-instruct,sha256:4951e6b4ba5055415186737f4c1cd74e967d142c5d2979e70c93760cfa06ce58,det-v1,2,fallback,1559,211,0.003,0.0000845040,true,false
call-000720,arm10_spec_eprocess,cal/f5/s5060001/unreliable,21,meta-llama/llama-3.2-1b-instruct,sha256:2184b99afc179e9f3a0da83524897adc702d1747c4ff3160272aaa55c6b25ff9,det-v1,1,fallback,1489,184,0.003,0.0000771870,true,false
call-000721,arm10_spec_eprocess,cal/f5/s5060001/unreliable,21,meta-llama/llama-3.2-1b-instruct,sha256:4951e6b4ba5055415186737f4c1cd74e967d142c5d2979e70c93760cfa06ce58,det-v1,2,fallback,1559,211,0.002,0.0000845040,true,false
call-000722,arm8_spec_immediate,dev/f6/s6050000/no_alert,22,meta-llama/llama-3.2-1b-instruct,sha256:9911b9f9f149e989a9f20d928ba61821211f3f61be61ccca61f15e3af714babd,det-v1,1,,1477,74,647.870,0.0000547530,false,true
call-000723,arm8_spec_immediate,dev/f6/s6050000/no_alert,22,meta-llama/llama-3.2-1b-instruct,sha256:9911b9f9f149e989a9f20d928ba61821211f3f61be61ccca61f15e3af714babd,det-v1,1,fallback,1477,74,647.870,0.0000547530,false,false
call-000724,arm8_spec_immediate,dev/f6/s6050000/no_alert,22,meta-llama/llama-3.2-1b-instruct,sha256:55310b89a3b3c981ae44256438ff5c202c931111554966d430070c911234d598,det-v1,2,,1547,184,1237.259,0.0000787530,false,true
call-000725,arm8_spec_immediate,dev/f6/s6050000/no_alert,22,meta-llama/llama-3.2-1b-instruct,sha256:55310b89a3b3c981ae44256438ff5c202c931111554966d430070c911234d598,det-v1,2,fallback,1547,184,1237.259,0.0000787530,false,false
call-000726,arm9_spec_heuristic_rollback,dev/f6/s6050000/no_alert,22,meta-llama/llama-3.2-1b-instruct,sha256:9911b9f9f149e989a9f20d928ba61821211f3f61be61ccca61f15e3af714babd,det-v1,1,fallback,1477,74,0.004,0.0000547530,true,false
call-000727,arm9_spec_heuristic_rollback,dev/f6/s6050000/no_alert,22,meta-llama/llama-3.2-1b-instruct,sha256:55310b89a3b3c981ae44256438ff5c202c931111554966d430070c911234d598,det-v1,2,fallback,1547,184,0.002,0.0000787530,true,false
call-000728,arm10_spec_eprocess,dev/f6/s6050000/no_alert,22,meta-llama/llama-3.2-1b-instruct,sha256:9911b9f9f149e989a9f20d928ba61821211f3f61be61ccca61f15e3af714babd,det-v1,1,fallback,1477,74,0.003,0.0000547530,true,false
call-000729,arm10_spec_eprocess,dev/f6/s6050000/no_alert,22,meta-llama/llama-3.2-1b-instruct,sha256:55310b89a3b3c981ae44256438ff5c202c931111554966d430070c911234d598,det-v1,2,fallback,1547,184,0.002,0.0000787530,true,false
call-000730,arm8_spec_immediate,cal/f6/s6060000/no_alert,18,meta-llama/llama-3.2-1b-instruct,sha256:e0d7255c16d1a4744cb45567253c0415e8478048080d5879a537175bd18b8405,det-v1,1,,1329,159,987.857,0.0000678420,false,true
call-000731,arm8_spec_immediate,cal/f6/s6060000/no_alert,18,meta-llama/llama-3.2-1b-instruct,sha256:e0d7255c16d1a4744cb45567253c0415e8478048080d5879a537175bd18b8405,det-v1,1,fallback,1329,159,987.857,0.0000678420,false,false
call-000732,arm8_spec_immediate,cal/f6/s6060000/no_alert,18,meta-llama/llama-3.2-1b-instruct,sha256:55ceb2943ac7e016b06832278671103f0388267b9ce6a014259a2b518c41bc8a,det-v1,2,,1399,193,1100.688,0.0000765660,false,true
call-000733,arm8_spec_immediate,cal/f6/s6060000/no_alert,18,meta-llama/llama-3.2-1b-instruct,sha256:55ceb2943ac7e016b06832278671103f0388267b9ce6a014259a2b518c41bc8a,det-v1,2,fallback,1399,193,1100.688,0.0000765660,false,false
call-000734,arm9_spec_heuristic_rollback,cal/f6/s6060000/no_alert,18,meta-llama/llama-3.2-1b-instruct,sha256:e0d7255c16d1a4744cb45567253c0415e8478048080d5879a537175bd18b8405,det-v1,1,fallback,1329,159,0.004,0.0000678420,true,false
call-000735,arm9_spec_heuristic_rollback,cal/f6/s6060000/no_alert,18,meta-llama/llama-3.2-1b-instruct,sha256:55ceb2943ac7e016b06832278671103f0388267b9ce6a014259a2b518c41bc8a,det-v1,2,fallback,1399,193,0.003,0.0000765660,true,false
call-000736,arm10_spec_eprocess,cal/f6/s6060000/no_alert,18,meta-llama/llama-3.2-1b-instruct,sha256:e0d7255c16d1a4744cb45567253c0415e8478048080d5879a537175bd18b8405,det-v1,1,fallback,1329,159,0.003,0.0000678420,true,false
call-000737,arm10_spec_eprocess,cal/f6/s6060000/no_alert,18,meta-llama/llama-3.2-1b-instruct,sha256:55ceb2943ac7e016b06832278671103f0388267b9ce6a014259a2b518c41bc8a,det-v1,2,fallback,1399,193,0.002,0.0000765660,true,false
call-000738,arm8_spec_immediate,dev/f6/s6050001/no_alert,25,meta-llama/llama-3.2-1b-instruct,sha256:91117643262dc961589d267a74eca20e13c84e77b7c89c0445efd720ae3f0086,det-v1,1,,1588,74,632.606,0.0000577500,false,true
call-000739,arm8_spec_immediate,dev/f6/s6050001/no_alert,25,meta-llama/llama-3.2-1b-instruct,sha256:91117643262dc961589d267a74eca20e13c84e77b7c89c0445efd720ae3f0086,det-v1,1,fallback,1588,74,632.606,0.0000577500,false,false
call-000740,arm8_spec_immediate,dev/f6/s6050001/no_alert,25,meta-llama/llama-3.2-1b-instruct,sha256:1e12254726c3498eb8999e6536f9d3a3b30584a6e42e5f807f1c2511ac6da6a4,det-v1,2,,1658,199,1217.402,0.0000847650,false,true
call-000741,arm8_spec_immediate,dev/f6/s6050001/no_alert,25,meta-llama/llama-3.2-1b-instruct,sha256:1e12254726c3498eb8999e6536f9d3a3b30584a6e42e5f807f1c2511ac6da6a4,det-v1,2,fallback,1658,199,1217.402,0.0000847650,false,false
call-000742,arm9_spec_heuristic_rollback,dev/f6/s6050001/no_alert,25,meta-llama/llama-3.2-1b-instruct,sha256:91117643262dc961589d267a74eca20e13c84e77b7c89c0445efd720ae3f0086,det-v1,1,fallback,1588,74,0.004,0.0000577500,true,false
call-000743,arm9_spec_heuristic_rollback,dev/f6/s6050001/no_alert,25,meta-llama/llama-3.2-1b-instruct,sha256:1e12254726c3498eb8999e6536f9d3a3b30584a6e42e5f807f1c2511ac6da6a4,det-v1,2,fallback,1658,199,0.003,0.0000847650,true,false
call-000744,arm10_spec_eprocess,dev/f6/s6050001/no_alert,25,meta-llama/llama-3.2-1b-instruct,sha256:91117643262dc961589d267a74eca20e13c84e77b7c89c0445efd720ae3f0086,det-v1,1,fallback,1588,74,0.004,0.0000577500,true,false
call-000745,arm10_spec_eprocess,dev/f6/s6050001/no_alert,25,meta-llama/llama-3.2-1b-instruct,sha256:1e12254726c3498eb8999e6536f9d3a3b30584a6e42e5f807f1c2511ac6da6a4,det-v1,2,fallback,1658,199,0.003,0.0000847650,true,false
call-000746,arm8_spec_immediate,cal/f6/s6060001/no_alert,23,meta-llama/llama-3.2-1b-instruct,sha256:640438471ae8cf95cc2203c297e07f9da29f43ac1b48ed9877123ee4a0cfc349,det-v1,1,,1514,74,516.789,0.0000557520,false,true
call-000747,arm8_spec_immediate,cal/f6/s6060001/no_alert,23,meta-llama/llama-3.2-1b-instruct,sha256:640438471ae8cf95cc2203c297e07f9da29f43ac1b48ed9877123ee4a0cfc349,det-v1,1,fallback,1514,74,516.789,0.0000557520,false,false
call-000748,arm8_spec_immediate,cal/f6/s6060001/no_alert,23,meta-llama/llama-3.2-1b-instruct,sha256:1a2d28a7585e48aeb9ce802c00045454cde353b4593df5fcfd6e3445d48cea6d,det-v1,2,,1584,215,1434.612,0.0000859830,false,true
call-000749,arm8_spec_immediate,cal/f6/s6060001/no_alert,23,meta-llama/llama-3.2-1b-instruct,sha256:1a2d28a7585e48aeb9ce802c00045454cde353b4593df5fcfd6e3445d48cea6d,det-v1,2,fallback,1584,215,1434.612,0.0000859830,false,false
call-000750,arm9_spec_heuristic_rollback,cal/f6/s6060001/no_alert,23,meta-llama/llama-3.2-1b-instruct,sha256:640438471ae8cf95cc2203c297e07f9da29f43ac1b48ed9877123ee4a0cfc349,det-v1,1,fallback,1514,74,0.002,0.0000557520,true,false
call-000751,arm9_spec_heuristic_rollback,cal/f6/s6060001/no_alert,23,meta-llama/llama-3.2-1b-instruct,sha256:1a2d28a7585e48aeb9ce802c00045454cde353b4593df5fcfd6e3445d48cea6d,det-v1,2,fallback,1584,215,0.001,0.0000859830,true,false
call-000752,arm10_spec_eprocess,cal/f6/s6060001/no_alert,23,meta-llama/llama-3.2-1b-instruct,sha256:640438471ae8cf95cc2203c297e07f9da29f43ac1b48ed9877123ee4a0cfc349,det-v1,1,fallback,1514,74,0.002,0.0000557520,true,false
call-000753,arm10_spec_eprocess,cal/f6/s6060001/no_alert,23,meta-llama/llama-3.2-1b-instruct,sha256:1a2d28a7585e48aeb9ce802c00045454cde353b4593df5fcfd6e3445d48cea6d,det-v1,2,fallback,1584,215,0.002,0.0000859830,true,false
call-000754,arm8_spec_immediate,dev/f6/s6050000/early_accurate,18,meta-llama/llama-3.2-1b-instruct,sha256:46e9dc3517eb9effd37f6f25ebbe0f024a89f846e0969e04488b58b1541dd9fc,det-v1,1,,1368,163,885.088,0.0000696990,false,true
call-000755,arm8_spec_immediate,dev/f6/s6050000/early_accurate,18,meta-llama/llama-3.2-1b-instruct,sha256:46e9dc3517eb9effd37f6f25ebbe0f024a89f846e0969e04488b58b1541dd9fc,det-v1,1,fallback,1368,163,885.088,0.0000696990,false,false
call-000756,arm8_spec_immediate,dev/f6/s6050000/early_accurate,18,meta-llama/llama-3.2-1b-instruct,sha256:556ff744dae394742a0885cf3cf624bb8369f6b23ab4d9cdba035cb6f15a6d6b,det-v1,2,,1438,197,1225.013,0.0000784230,false,true
call-000757,arm8_spec_immediate,dev/f6/s6050000/early_accurate,18,meta-llama/llama-3.2-1b-instruct,sha256:556ff744dae394742a0885cf3cf624bb8369f6b23ab4d9cdba035cb6f15a6d6b,det-v1,2,fallback,1438,197,1225.013,0.0000784230,false,false
call-000758,arm9_spec_heuristic_rollback,dev/f6/s6050000/early_accurate,18,meta-llama/llama-3.2-1b-instruct,sha256:46e9dc3517eb9effd37f6f25ebbe0f024a89f846e0969e04488b58b1541dd9fc,det-v1,1,fallback,1368,163,0.004,0.0000696990,true,false
call-000759,arm9_spec_heuristic_rollback,dev/f6/s6050000/early_accurate,18,meta-llama/llama-3.2-1b-instruct,sha256:556ff744dae394742a0885cf3cf624bb8369f6b23ab4d9cdba035cb6f15a6d6b,det-v1,2,fallback,1438,197,0.003,0.0000784230,true,false
call-000760,arm10_spec_eprocess,dev/f6/s6050000/early_accurate,18,meta-llama/llama-3.2-1b-instruct,sha256:46e9dc3517eb9effd37f6f25ebbe0f024a89f846e0969e04488b58b1541dd9fc,det-v1,1,fallback,1368,163,0.003,0.0000696990,true,false
call-000761,arm10_spec_eprocess,dev/f6/s6050000/early_accurate,18,meta-llama/llama-3.2-1b-instruct,sha256:556ff744dae394742a0885cf3cf624bb8369f6b23ab4d9cdba035cb6f15a6d6b,det-v1,2,fallback,1438,197,0.002,0.0000784230,true,false
call-000762,arm8_spec_immediate,cal/f6/s6060000/early_accurate,13,meta-llama/llama-3.2-1b-instruct,sha256:c6ba7eb72373a0e4510bb1454df872ae2ff4eaba15d67aa6c4eec7ce22a2688f,det-v1,1,,1186,179,1059.035,0.0000680010,false,true
call-000763,arm8_spec_immediate,cal/f6/s6060000/early_accurate,13,meta-llama/llama-3.2-1b-instruct,sha256:c6ba7eb72373a0e4510bb1454df872ae2ff4eaba15d67aa6c4eec7ce22a2688f,det-v1,1,fallback,1186,179,1059.035,0.0000680010,false,false
call-000764,arm8_spec_immediate,cal/f6/s6060000/early_accurate,13,meta-llama/llama-3.2-1b-instruct,sha256:7ab9153d93c6e2ed3d7ccd29e08e9073e6ca8b15d1b35af0bf03f4d0d3b4fc18,det-v1,2,,1256,177,1653.681,0.0000694890,false,true
call-000765,arm8_spec_immediate,cal/f6/s6060000/early_accurate,13,meta-llama/llama-3.2-1b-instruct,sha256:7ab9153d93c6e2ed3d7ccd29e08e9073e6ca8b15d1b35af0bf03f4d0d3b4fc18,det-v1,2,fallback,1256,177,1653.681,0.0000694890,false,false
call-000766,arm8_spec_immediate,cal/f6/s6060000/early_accurate,19,meta-llama/llama-3.2-1b-instruct,sha256:798d5c34da5c1d44c90ca5bf811903729d517d9219daee49294c34e54ae41205,det-v1,1,,1408,167,1576.725,0.0000715830,false,true
call-000767,arm8_spec_immediate,cal/f6/s6060000/early_accurate,19,meta-llama/llama-3.2-1b-instruct,sha256:798d5c34da5c1d44c90ca5bf811903729d517d9219daee49294c34e54ae41205,det-v1,1,fallback,1408,167,1576.725,0.0000715830,false,false
call-000768,arm8_spec_immediate,cal/f6/s6060000/early_accurate,19,meta-llama/llama-3.2-1b-instruct,sha256:c14188f9d1f1644c312d9c1b7d2e6cd41b8cd4505cccab782e6e2b86e6e78b98,det-v1,2,,1478,201,1500.484,0.0000803070,false,true
call-000769,arm8_spec_immediate,cal/f6/s6060000/early_accurate,19,meta-llama/llama-3.2-1b-instruct,sha256:c14188f9d1f1644c312d9c1b7d2e6cd41b8cd4505cccab782e6e2b86e6e78b98,det-v1,2,fallback,1478,201,1500.484,0.0000803070,false,false
call-000770,arm9_spec_heuristic_rollback,cal/f6/s6060000/early_accurate,13,meta-llama/llama-3.2-1b-instruct,sha256:c6ba7eb72373a0e4510bb1454df872ae2ff4eaba15d67aa6c4eec7ce22a2688f,det-v1,1,fallback,1186,179,0.004,0.0000680010,true,false
call-000771,arm9_spec_heuristic_rollback,cal/f6/s6060000/early_accurate,13,meta-llama/llama-3.2-1b-instruct,sha256:7ab9153d93c6e2ed3d7ccd29e08e9073e6ca8b15d1b35af0bf03f4d0d3b4fc18,det-v1,2,fallback,1256,177,0.003,0.0000694890,true,false
call-000772,arm9_spec_heuristic_rollback,cal/f6/s6060000/early_accurate,19,meta-llama/llama-3.2-1b-instruct,sha256:798d5c34da5c1d44c90ca5bf811903729d517d9219daee49294c34e54ae41205,det-v1,1,fallback,1408,167,0.003,0.0000715830,true,false
call-000773,arm9_spec_heuristic_rollback,cal/f6/s6060000/early_accurate,19,meta-llama/llama-3.2-1b-instruct,sha256:c14188f9d1f1644c312d9c1b7d2e6cd41b8cd4505cccab782e6e2b86e6e78b98,det-v1,2,fallback,1478,201,0.003,0.0000803070,true,false
call-000774,arm10_spec_eprocess,cal/f6/s6060000/early_accurate,13,meta-llama/llama-3.2-1b-instruct,sha256:c6ba7eb72373a0e4510bb1454df872ae2ff4eaba15d67aa6c4eec7ce22a2688f,det-v1,1,fallback,1186,179,0.003,0.0000680010,true,false
call-000775,arm10_spec_eprocess,cal/f6/s6060000/early_accurate,13,meta-llama/llama-3.2-1b-instruct,sha256:7ab9153d93c6e2ed3d7ccd29e08e9073e6ca8b15d1b35af0bf03f4d0d3b4fc18,det-v1,2,fallback,1256,177,0.002,0.0000694890,true,false
call-000776,arm10_spec_eprocess,cal/f6/s6060000/early_accurate,19,meta-llama/llama-3.2-1b-instruct,sha256:798d5c34da5c1d44c90ca5bf811903729d517d9219daee49294c34e54ae41205,det-v1,1,fallback,1408,167,0.003,0.0000715830,true,false
call-000777,arm10_spec_eprocess,cal/f6/s6060000/early_accurate,19,meta-llama/llama-3.2-1b-instruct,sha256:c14188f9d1f1644c312d9c1b7d2e6cd41b8cd4505cccab782e6e2b86e6e78b98,det-v1,2,fallback,1478,201,0.002,0.0000803070,true,false
call-000778,arm8_spec_immediate,dev/f6/s6050001/early_accurate,19,meta-llama/llama-3.2-1b-instruct,sha256:beb7002f255972141058da91ed7b6827f3d406d152d38389b1d6037180c82305,det-v1,1,,1399,131,871.537,0.0000641040,false,true
call-000779,arm8_spec_immediate,dev/f6/s6050001/early_accurate,19,meta-llama/llama-3.2-1b-instruct,sha256:beb7002f255972141058da91ed7b6827f3d406d152d38389b1d6037180c82305,det-v1,1,fallback,1399,131,871.537,0.0000641040,false,false
call-000780,arm8_spec_immediate,dev/f6/s6050001/early_accurate,19,meta-llama/llama-3.2-1b-instruct,sha256:84af58ea406f607aee3ae964f5e26819e81dbd7bbf688c290aaf682cf072113d,det-v1,2,,1469,201,1375.107,0.0000800640,false,true
call-000781,arm8_spec_immediate,dev/f6/s6050001/early_accurate,19,meta-llama/llama-3.2-1b-instruct,sha256:84af58ea406f607aee3ae964f5e26819e81dbd7bbf688c290aaf682cf072113d,det-v1,2,fallback,1469,201,1375.107,0.0000800640,false,false
call-000782,arm8_spec_immediate,dev/f6/s6050001/early_accurate,25,meta-llama/llama-3.2-1b-instruct,sha256:f74f019f3b8eea8aacc5d9852ad3248fc78a7990ed437e64d16d8115cc71917f,det-v1,1,,1621,85,725.782,0.0000608520,false,true
call-000783,arm8_spec_immediate,dev/f6/s6050001/early_accurate,25,meta-llama/llama-3.2-1b-instruct,sha256:f74f019f3b8eea8aacc5d9852ad3248fc78a7990ed437e64d16d8115cc71917f,det-v1,1,fallback,1621,85,725.782,0.0000608520,false,false
call-000784,arm8_spec_immediate,dev/f6/s6050001/early_accurate,25,meta-llama/llama-3.2-1b-instruct,sha256:a2d3b2e03529817470473c5c609fec7535152a5da8e88e6befd911e4b9a5cda4,det-v1,2,,1691,204,1044.176,0.0000866610,false,true
call-000785,arm8_spec_immediate,dev/f6/s6050001/early_accurate,25,meta-llama/llama-3.2-1b-instruct,sha256:a2d3b2e03529817470473c5c609fec7535152a5da8e88e6befd911e4b9a5cda4,det-v1,2,fallback,1691,204,1044.176,0.0000866610,false,false
call-000786,arm9_spec_heuristic_rollback,dev/f6/s6050001/early_accurate,19,meta-llama/llama-3.2-1b-instruct,sha256:beb7002f255972141058da91ed7b6827f3d406d152d38389b1d6037180c82305,det-v1,1,fallback,1399,131,0.003,0.0000641040,true,false
call-000787,arm9_spec_heuristic_rollback,dev/f6/s6050001/early_accurate,19,meta-llama/llama-3.2-1b-instruct,sha256:84af58ea406f607aee3ae964f5e26819e81dbd7bbf688c290aaf682cf072113d,det-v1,2,fallback,1469,201,0.002,0.0000800640,true,false
call-000788,arm9_spec_heuristic_rollback,dev/f6/s6050001/early_accurate,25,meta-llama/llama-3.2-1b-instruct,sha256:f74f019f3b8eea8aacc5d9852ad3248fc78a7990ed437e64d16d8115cc71917f,det-v1,1,fallback,1621,85,0.003,0.0000608520,true,false
call-000789,arm9_spec_heuristic_rollback,dev/f6/s6050001/early_accurate,25,meta-llama/llama-3.2-1b-instruct,sha256:a2d3b2e03529817470473c5c609fec7535152a5da8e88e6befd911e4b9a5cda4,det-v1,2,fallback,1691,204,0.002,0.0000866610,true,false
call-000790,arm10_spec_eprocess,dev/f6/s6050001/early_accurate,19,meta-llama/llama-3.2-1b-instruct,sha256:beb7002f255972141058da91ed7b6827f3d406d152d38389b1d6037180c82305,det-v1,1,fallback,1399,131,0.003,0.0000641040,true,false
call-000791,arm10_spec_eprocess,dev/f6/s6050001/early_accurate,19,meta-llama/llama-3.2-1b-instruct,sha256:84af58ea406f607aee3ae964f5e26819e81dbd7bbf688c290aaf682cf072113d,det-v1,2,fallback,1469,201,0.002,0.0000800640,true,false
call-000792,arm10_spec_eprocess,dev/f6/s6050001/early_accurate,25,meta-llama/llama-3.2-1b-instruct,sha256:f74f019f3b8eea8aacc5d9852ad3248fc78a7990ed437e64d16d8115cc71917f,det-v1,1,fallback,1621,85,0.003,0.0000608520,true,false
call-000793,arm10_spec_eprocess,dev/f6/s6050001/early_accurate,25,meta-llama/llama-3.2-1b-instruct,sha256:a2d3b2e03529817470473c5c609fec7535152a5da8e88e6befd911e4b9a5cda4,det-v1,2,fallback,1691,204,0.002,0.0000866610,true,false
call-000794,arm8_spec_immediate,cal/f6/s6060001/early_accurate,17,meta-llama/llama-3.2-1b-instruct,sha256:1cc63938215afc224f90cca06330329738da6a2a8bab8ff5e5597ad7c0e7a13b,det-v1,1,,1333,159,1097.141,0.0000679500,false,true
call-000795,arm8_spec_immediate,cal/f6/s6060001/early_accurate,17,meta-llama/llama-3.2-1b-instruct,sha256:1cc63938215afc224f90cca06330329738da6a2a8bab8ff5e5597ad7c0e7a13b,det-v1,1,fallback,1333,159,1097.141,0.0000679500,false,false
call-000796,arm8_spec_immediate,cal/f6/s6060001/early_accurate,17,meta-llama/llama-3.2-1b-instruct,sha256:b6320f5763613eb9e207d556f00eb971a9673af50024de536c31ed734cc6c5fc,det-v1,2,,1403,195,1240.567,0.0000770760,false,true
call-000797,arm8_spec_immediate,cal/f6/s6060001/early_accurate,17,meta-llama/llama-3.2-1b-instruct,sha256:b6320f5763613eb9e207d556f00eb971a9673af50024de536c31ed734cc6c5fc,det-v1,2,fallback,1403,195,1240.567,0.0000770760,false,false
call-000798,arm8_spec_immediate,cal/f6/s6060001/early_accurate,23,meta-llama/llama-3.2-1b-instruct,sha256:da94152b4f14ca6645b050201a20020330d4c8b0a0230c3078546f0a6030632d,det-v1,1,,1555,194,1302.431,0.0000809790,false,true
call-000799,arm8_spec_immediate,cal/f6/s6060001/early_accurate,23,meta-llama/llama-3.2-1b-instruct,sha256:da94152b4f14ca6645b050201a20020330d4c8b0a0230c3078546f0a6030632d,det-v1,1,fallback,1555,194,1302.431,0.0000809790,false,false
call-000800,arm8_spec_immediate,cal/f6/s6060001/early_accurate,23,meta-llama/llama-3.2-1b-instruct,sha256:fb05418b86b197878854e1f43e0f075734c42acf6025cc0bf8c90094e81c6aa9,det-v1,2,,1625,194,1147.212,0.0000828690,false,true
call-000801,arm8_spec_immediate,cal/f6/s6060001/early_accurate,23,meta-llama/llama-3.2-1b-instruct,sha256:fb05418b86b197878854e1f43e0f075734c42acf6025cc0bf8c90094e81c6aa9,det-v1,2,fallback,1625,194,1147.212,0.0000828690,false,false
call-000802,arm9_spec_heuristic_rollback,cal/f6/s6060001/early_accurate,17,meta-llama/llama-3.2-1b-instruct,sha256:1cc63938215afc224f90cca06330329738da6a2a8bab8ff5e5597ad7c0e7a13b,det-v1,1,fallback,1333,159,0.004,0.0000679500,true,false
call-000803,arm9_spec_heuristic_rollback,cal/f6/s6060001/early_accurate,17,meta-llama/llama-3.2-1b-instruct,sha256:b6320f5763613eb9e207d556f00eb971a9673af50024de536c31ed734cc6c5fc,det-v1,2,fallback,1403,195,0.003,0.0000770760,true,false
call-000804,arm9_spec_heuristic_rollback,cal/f6/s6060001/early_accurate,23,meta-llama/llama-3.2-1b-instruct,sha256:da94152b4f14ca6645b050201a20020330d4c8b0a0230c3078546f0a6030632d,det-v1,1,fallback,1555,194,0.003,0.0000809790,true,false
call-000805,arm9_spec_heuristic_rollback,cal/f6/s6060001/early_accurate,23,meta-llama/llama-3.2-1b-instruct,sha256:fb05418b86b197878854e1f43e0f075734c42acf6025cc0bf8c90094e81c6aa9,det-v1,2,fallback,1625,194,0.003,0.0000828690,true,false
call-000806,arm10_spec_eprocess,cal/f6/s6060001/early_accurate,17,meta-llama/llama-3.2-1b-instruct,sha256:1cc63938215afc224f90cca06330329738da6a2a8bab8ff5e5597ad7c0e7a13b,det-v1,1,fallback,1333,159,0.004,0.0000679500,true,false
call-000807,arm10_spec_eprocess,cal/f6/s6060001/early_accurate,17,meta-llama/llama-3.2-1b-instruct,sha256:b6320f5763613eb9e207d556f00eb971a9673af50024de536c31ed734cc6c5fc,det-v1,2,fallback,1403,195,0.003,0.0000770760,true,false
call-000808,arm10_spec_eprocess,cal/f6/s6060001/early_accurate,23,meta-llama/llama-3.2-1b-instruct,sha256:da94152b4f14ca6645b050201a20020330d4c8b0a0230c3078546f0a6030632d,det-v1,1,fallback,1555,194,0.003,0.0000809790,true,false
call-000809,arm10_spec_eprocess,cal/f6/s6060001/early_accurate,23,meta-llama/llama-3.2-1b-instruct,sha256:fb05418b86b197878854e1f43e0f075734c42acf6025cc0bf8c90094e81c6aa9,det-v1,2,fallback,1625,194,0.002,0.0000828690,true,false
call-000810,arm8_spec_immediate,dev/f6/s6050000/late_accurate,21,meta-llama/llama-3.2-1b-instruct,sha256:e894ee764acabe5aac845fcaf9202749af5da954d4b0a9f6683a0aab858b50a1,det-v1,1,,1479,74,584.537,0.0000548070,false,true
call-000811,arm8_spec_immediate,dev/f6/s6050000/late_accurate,21,meta-llama/llama-3.2-1b-instruct,sha256:e894ee764acabe5aac845fcaf9202749af5da954d4b0a9f6683a0aab858b50a1,det-v1,1,fallback,1479,74,584.537,0.0000548070,false,false
call-000812,arm8_spec_immediate,dev/f6/s6050000/late_accurate,21,meta-llama/llama-3.2-1b-instruct,sha256:02014974d6b8e94844e2a79de2be4df4291c8be694906807a1c8c073fd812b79,det-v1,2,,1549,209,1304.715,0.0000838320,false,true
call-000813,arm8_spec_immediate,dev/f6/s6050000/late_accurate,21,meta-llama/llama-3.2-1b-instruct,sha256:02014974d6b8e94844e2a79de2be4df4291c8be694906807a1c8c073fd812b79,det-v1,2,fallback,1549,209,1304.715,0.0000838320,false,false
call-000814,arm9_spec_heuristic_rollback,dev/f6/s6050000/late_accurate,21,meta-llama/llama-3.2-1b-instruct,sha256:e894ee764acabe5aac845fcaf9202749af5da954d4b0a9f6683a0aab858b50a1,det-v1,1,fallback,1479,74,0.004,0.0000548070,true,false
call-000815,arm9_spec_heuristic_rollback,dev/f6/s6050000/late_accurate,21,meta-llama/llama-3.2-1b-instruct,sha256:02014974d6b8e94844e2a79de2be4df4291c8be694906807a1c8c073fd812b79,det-v1,2,fallback,1549,209,0.003,0.0000838320,true,false
call-000816,arm10_spec_eprocess,dev/f6/s6050000/late_accurate,21,meta-llama/llama-3.2-1b-instruct,sha256:e894ee764acabe5aac845fcaf9202749af5da954d4b0a9f6683a0aab858b50a1,det-v1,1,fallback,1479,74,0.003,0.0000548070,true,false
call-000817,arm10_spec_eprocess,dev/f6/s6050000/late_accurate,21,meta-llama/llama-3.2-1b-instruct,sha256:02014974d6b8e94844e2a79de2be4df4291c8be694906807a1c8c073fd812b79,det-v1,2,fallback,1549,209,0.002,0.0000838320,true,false
call-000818,arm8_spec_immediate,cal/f6/s6060000/late_accurate,16,meta-llama/llama-3.2-1b-instruct,sha256:3dc68bf248d1bbd8f0fd8095c444471ba178146c58e4c9860f1824c6ccfa9ec5,det-v1,1,,1297,170,1372.008,0.0000691890,false,true
call-000819,arm8_spec_immediate,cal/f6/s6060000/late_accurate,16,meta-llama/llama-3.2-1b-instruct,sha256:3dc68bf248d1bbd8f0fd8095c444471ba178146c58e4c9860f1824c6ccfa9ec5,det-v1,1,fallback,1297,170,1372.008,0.0000691890,false,false
call-000820,arm8_spec_immediate,cal/f6/s6060000/late_accurate,16,meta-llama/llama-3.2-1b-instruct,sha256:4b652e4bd2e9f6b4db794813bd4e04bf80220b24247969394aed2a155bbd3326,det-v1,2,,1367,185,981.059,0.0000740940,false,true
call-000821,arm8_spec_immediate,cal/f6/s6060000/late_accurate,16,meta-llama/llama-3.2-1b-instruct,sha256:4b652e4bd2e9f6b4db794813bd4e04bf80220b24247969394aed2a155bbd3326,det-v1,2,fallback,1367,185,981.059,0.0000740940,false,false
call-000822,arm9_spec_heuristic_rollback,cal/f6/s6060000/late_accurate,16,meta-llama/llama-3.2-1b-instruct,sha256:3dc68bf248d1bbd8f0fd8095c444471ba178146c58e4c9860f1824c6ccfa9ec5,det-v1,1,fallback,1297,170,0.004,0.0000691890,true,false
call-000823,arm9_spec_heuristic_rollback,cal/f6/s6060000/late_accurate,16,meta-llama/llama-3.2-1b-instruct,sha256:4b652e4bd2e9f6b4db794813bd4e04bf80220b24247969394aed2a155bbd3326,det-v1,2,fallback,1367,185,0.003,0.0000740940,true,false
call-000824,arm10_spec_eprocess,cal/f6/s6060000/late_accurate,16,meta-llama/llama-3.2-1b-instruct,sha256:3dc68bf248d1bbd8f0fd8095c444471ba178146c58e4c9860f1824c6ccfa9ec5,det-v1,1,fallback,1297,170,0.003,0.0000691890,true,false
call-000825,arm10_spec_eprocess,cal/f6/s6060000/late_accurate,16,meta-llama/llama-3.2-1b-instruct,sha256:4b652e4bd2e9f6b4db794813bd4e04bf80220b24247969394aed2a155bbd3326,det-v1,2,fallback,1367,185,0.002,0.0000740940,true,false
call-000826,arm8_spec_immediate,dev/f6/s6050001/late_accurate,22,meta-llama/llama-3.2-1b-instruct,sha256:582a2b448fb0012f2a9f2fb87a80f3f0172fc3321d215b944d14529e9aed04a5,det-v1,1,,1510,189,1772.456,0.0000787590,false,true
call-000827,arm8_spec_immediate,dev/f6/s6050001/late_accurate,22,meta-llama/llama-3.2-1b-instruct,sha256:582a2b448fb0012f2a9f2fb87a80f3f0172fc3321d215b944d14529e9aed04a5,det-v1,1,fallback,1510,189,1772.456,0.0000787590,false,false
call-000828,arm8_spec_immediate,dev/f6/s6050001/late_accurate,22,meta-llama/llama-3.2-1b-instruct,sha256:02f0dee1057f722e6d683845ff2b461cd7bce867054d50fcf95ab1d76458f2c0,det-v1,2,,1580,209,1148.623,0.0000846690,false,true
call-000829,arm8_spec_immediate,dev/f6/s6050001/late_accurate,22,meta-llama/llama-3.2-1b-instruct,sha256:02f0dee1057f722e6d683845ff2b461cd7bce867054d50fcf95ab1d76458f2c0,det-v1,2,fallback,1580,209,1148.623,0.0000846690,false,false
call-000830,arm8_spec_immediate,dev/f6/s6050001/late_accurate,28,meta-llama/llama-3.2-1b-instruct,sha256:a6bc62106bda23915845e6fa16fae41e36286486b9886a9a1bdf3f085df163b7,det-v1,1,,1732,142,923.176,0.0000753060,false,true
call-000831,arm8_spec_immediate,dev/f6/s6050001/late_accurate,28,meta-llama/llama-3.2-1b-instruct,sha256:a6bc62106bda23915845e6fa16fae41e36286486b9886a9a1bdf3f085df163b7,det-v1,1,fallback,1732,142,923.176,0.0000753060,false,false
call-000832,arm8_spec_immediate,dev/f6/s6050001/late_accurate,28,meta-llama/llama-3.2-1b-instruct,sha256:9a320e1e125526cb389720d604598370961337b23961de946db97c73f283a34b,det-v1,2,,1802,218,1270.413,0.0000924720,false,true
call-000833,arm8_spec_immediate,dev/f6/s6050001/late_accurate,28,meta-llama/llama-3.2-1b-instruct,sha256:9a320e1e125526cb389720d604598370961337b23961de946db97c73f283a34b,det-v1,2,fallback,1802,218,1270.413,0.0000924720,false,false
call-000834,arm9_spec_heuristic_rollback,dev/f6/s6050001/late_accurate,22,meta-llama/llama-3.2-1b-instruct,sha256:582a2b448fb0012f2a9f2fb87a80f3f0172fc3321d215b944d14529e9aed04a5,det-v1,1,fallback,1510,189,0.004,0.0000787590,true,false
call-000835,arm9_spec_heuristic_rollback,dev/f6/s6050001/late_accurate,22,meta-llama/llama-3.2-1b-instruct,sha256:02f0dee1057f722e6d683845ff2b461cd7bce867054d50fcf95ab1d76458f2c0,det-v1,2,fallback,1580,209,0.003,0.0000846690,true,false
call-000836,arm9_spec_heuristic_rollback,dev/f6/s6050001/late_accurate,28,meta-llama/llama-3.2-1b-instruct,sha256:a6bc62106bda23915845e6fa16fae41e36286486b9886a9a1bdf3f085df163b7,det-v1,1,fallback,1732,142,0.004,0.0000753060,true,false
call-000837,arm9_spec_heuristic_rollback,dev/f6/s6050001/late_accurate,28,meta-llama/llama-3.2-1b-instruct,sha256:9a320e1e125526cb389720d604598370961337b23961de946db97c73f283a34b,det-v1,2,fallback,1802,218,0.003,0.0000924720,true,false
call-000838,arm10_spec_eprocess,dev/f6/s6050001/late_accurate,22,meta-llama/llama-3.2-1b-instruct,sha256:582a2b448fb0012f2a9f2fb87a80f3f0172fc3321d215b944d14529e9aed04a5,det-v1,1,fallback,1510,189,0.003,0.0000787590,true,false
call-000839,arm10_spec_eprocess,dev/f6/s6050001/late_accurate,22,meta-llama/llama-3.2-1b-instruct,sha256:02f0dee1057f722e6d683845ff2b461cd7bce867054d50fcf95ab1d76458f2c0,det-v1,2,fallback,1580,209,0.002,0.0000846690,true,false
call-000840,arm10_spec_eprocess,dev/f6/s6050001/late_accurate,28,meta-llama/llama-3.2-1b-instruct,sha256:a6bc62106bda23915845e6fa16fae41e36286486b9886a9a1bdf3f085df163b7,det-v1,1,fallback,1732,142,0.003,0.0000753060,true,false
call-000841,arm10_spec_eprocess,dev/f6/s6050001/late_accurate,28,meta-llama/llama-3.2-1b-instruct,sha256:9a320e1e125526cb389720d604598370961337b23961de946db97c73f283a34b,det-v1,2,fallback,1802,218,0.002,0.0000924720,true,false
call-000842,arm8_spec_immediate,cal/f6/s6060001/late_accurate,20,meta-llama/llama-3.2-1b-instruct,sha256:68fe511eca3954280797c4d26a5aa000a1c65a822f89f63640d75d4ff00dc7d5,det-v1,1,,1444,74,586.461,0.0000538620,false,true
call-000843,arm8_spec_immediate,cal/f6/s6060001/late_accurate,20,meta-llama/llama-3.2-1b-instruct,sha256:68fe511eca3954280797c4d26a5aa000a1c65a822f89f63640d75d4ff00dc7d5,det-v1,1,fallback,1444,74,586.461,0.0000538620,false,false
call-000844,arm8_spec_immediate,cal/f6/s6060001/late_accurate,20,meta-llama/llama-3.2-1b-instruct,sha256:9c4020c4026117fe6d7625a639955d7f46ec8f777ba612307e767d83ac9dbe13,det-v1,2,,1514,205,1069.523,0.0000820830,false,true
call-000845,arm8_spec_immediate,cal/f6/s6060001/late_accurate,20,meta-llama/llama-3.2-1b-instruct,sha256:9c4020c4026117fe6d7625a639955d7f46ec8f777ba612307e767d83ac9dbe13,det-v1,2,fallback,1514,205,1069.523,0.0000820830,false,false
call-000846,arm9_spec_heuristic_rollback,cal/f6/s6060001/late_accurate,20,meta-llama/llama-3.2-1b-instruct,sha256:68fe511eca3954280797c4d26a5aa000a1c65a822f89f63640d75d4ff00dc7d5,det-v1,1,fallback,1444,74,0.004,0.0000538620,true,false
call-000847,arm9_spec_heuristic_rollback,cal/f6/s6060001/late_accurate,20,meta-llama/llama-3.2-1b-instruct,sha256:9c4020c4026117fe6d7625a639955d7f46ec8f777ba612307e767d83ac9dbe13,det-v1,2,fallback,1514,205,0.003,0.0000820830,true,false
call-000848,arm10_spec_eprocess,cal/f6/s6060001/late_accurate,20,meta-llama/llama-3.2-1b-instruct,sha256:68fe511eca3954280797c4d26a5aa000a1c65a822f89f63640d75d4ff00dc7d5,det-v1,1,fallback,1444,74,0.003,0.0000538620,true,false
call-000849,arm10_spec_eprocess,cal/f6/s6060001/late_accurate,20,meta-llama/llama-3.2-1b-instruct,sha256:9c4020c4026117fe6d7625a639955d7f46ec8f777ba612307e767d83ac9dbe13,det-v1,2,fallback,1514,205,0.003,0.0000820830,true,false
call-000850,arm8_spec_immediate,dev/f6/s6050000/unreliable,18,meta-llama/llama-3.2-1b-instruct,sha256:63f475bd99816f16aa966fa32b936008c038d2a336d3af7eb9e12595e8a4131a,det-v1,1,,1364,196,1101.144,0.0000762240,false,true
call-000851,arm8_spec_immediate,dev/f6/s6050000/unreliable,18,meta-llama/llama-3.2-1b-instruct,sha256:63f475bd99816f16aa966fa32b936008c038d2a336d3af7eb9e12595e8a4131a,det-v1,1,fallback,1364,196,1101.144,0.0000762240,false,false
call-000852,arm8_spec_immediate,dev/f6/s6050000/unreliable,18,meta-llama/llama-3.2-1b-instruct,sha256:fd03ff421f307209b5b514df935c7407698caf930f310f640c140297f4f59071,det-v1,2,,1434,199,2028.649,0.0000787170,false,true
call-000853,arm8_spec_immediate,dev/f6/s6050000/unreliable,18,meta-llama/llama-3.2-1b-instruct,sha256:fd03ff421f307209b5b514df935c7407698caf930f310f640c140297f4f59071,det-v1,2,fallback,1434,199,2028.649,0.0000787170,false,false
call-000854,arm9_spec_heuristic_rollback,dev/f6/s6050000/unreliable,18,meta-llama/llama-3.2-1b-instruct,sha256:63f475bd99816f16aa966fa32b936008c038d2a336d3af7eb9e12595e8a4131a,det-v1,1,fallback,1364,196,0.004,0.0000762240,true,false
call-000855,arm9_spec_heuristic_rollback,dev/f6/s6050000/unreliable,18,meta-llama/llama-3.2-1b-instruct,sha256:fd03ff421f307209b5b514df935c7407698caf930f310f640c140297f4f59071,det-v1,2,fallback,1434,199,0.003,0.0000787170,true,false
call-000856,arm10_spec_eprocess,dev/f6/s6050000/unreliable,18,meta-llama/llama-3.2-1b-instruct,sha256:63f475bd99816f16aa966fa32b936008c038d2a336d3af7eb9e12595e8a4131a,det-v1,1,fallback,1364,196,0.003,0.0000762240,true,false
call-000857,arm10_spec_eprocess,dev/f6/s6050000/unreliable,18,meta-llama/llama-3.2-1b-instruct,sha256:fd03ff421f307209b5b514df935c7407698caf930f310f640c140297f4f59071,det-v1,2,fallback,1434,199,0.002,0.0000787170,true,false
call-000858,arm8_spec_immediate,cal/f6/s6060000/unreliable,13,meta-llama/llama-3.2-1b-instruct,sha256:a8ce6a6a46190fa6723c02cad64adb554c06077e71187b2b4d84245f489e9139,det-v1,1,fallback,1183,143,0.001,0.0000606840,true,false
call-000859,arm8_spec_immediate,cal/f6/s6060000/unreliable,13,meta-llama/llama-3.2-1b-instruct,sha256:64002f8ab98c044cd91dbd830d0c7a61d2a9d3c52917eedd9b93126ed0dd549c,det-v1,2,fallback,1253,177,0.001,0.0000694080,true,false
call-000860,arm8_spec_immediate,cal/f6/s6060000/unreliable,19,meta-llama/llama-3.2-1b-instruct,sha256:1daf7665510d13b183b1dc7139149f09150ea13b9710f7d7890032e7b670f2fb,det-v1,1,fallback,1405,192,0.001,0.0000765270,true,false
call-000861,arm8_spec_immediate,cal/f6/s6060000/unreliable,19,meta-llama/llama-3.2-1b-instruct,sha256:d33f8ba5d1fa9c2befcb29b8b288e68c2d24f6b9a26df6cc2203878e7c74c590,det-v1,2,fallback,1475,201,0.001,0.0000802260,true,false
call-000862,arm9_spec_heuristic_rollback,cal/f6/s6060000/unreliable,13,meta-llama/llama-3.2-1b-instruct,sha256:a8ce6a6a46190fa6723c02cad64adb554c06077e71187b2b4d84245f489e9139,det-v1,1,fallback,1183,143,0.002,0.0000606840,true,false
call-000863,arm9_spec_heuristic_rollback,cal/f6/s6060000/unreliable,13,meta-llama/llama-3.2-1b-instruct,sha256:64002f8ab98c044cd91dbd830d0c7a61d2a9d3c52917eedd9b93126ed0dd549c,det-v1,2,fallback,1253,177,0.001,0.0000694080,true,false
call-000864,arm9_spec_heuristic_rollback,cal/f6/s6060000/unreliable,19,meta-llama/llama-3.2-1b-instruct,sha256:1daf7665510d13b183b1dc7139149f09150ea13b9710f7d7890032e7b670f2fb,det-v1,1,fallback,1405,192,0.001,0.0000765270,true,false
call-000865,arm9_spec_heuristic_rollback,cal/f6/s6060000/unreliable,19,meta-llama/llama-3.2-1b-instruct,sha256:d33f8ba5d1fa9c2befcb29b8b288e68c2d24f6b9a26df6cc2203878e7c74c590,det-v1,2,fallback,1475,201,0.001,0.0000802260,true,false
call-000866,arm10_spec_eprocess,cal/f6/s6060000/unreliable,13,meta-llama/llama-3.2-1b-instruct,sha256:a8ce6a6a46190fa6723c02cad64adb554c06077e71187b2b4d84245f489e9139,det-v1,1,fallback,1183,143,0.001,0.0000606840,true,false
call-000867,arm10_spec_eprocess,cal/f6/s6060000/unreliable,13,meta-llama/llama-3.2-1b-instruct,sha256:64002f8ab98c044cd91dbd830d0c7a61d2a9d3c52917eedd9b93126ed0dd549c,det-v1,2,fallback,1253,177,0.001,0.0000694080,true,false
call-000868,arm10_spec_eprocess,cal/f6/s6060000/unreliable,19,meta-llama/llama-3.2-1b-instruct,sha256:1daf7665510d13b183b1dc7139149f09150ea13b9710f7d7890032e7b670f2fb,det-v1,1,fallback,1405,192,0.001,0.0000765270,true,false
call-000869,arm10_spec_eprocess,cal/f6/s6060000/unreliable,19,meta-llama/llama-3.2-1b-instruct,sha256:d33f8ba5d1fa9c2befcb29b8b288e68c2d24f6b9a26df6cc2203878e7c74c590,det-v1,2,fallback,1475,201,0.001,0.0000802260,true,false
call-000870,arm8_spec_immediate,dev/f6/s6050001/unreliable,19,meta-llama/llama-3.2-1b-instruct,sha256:2dfdb5af9975245db9ca850290f706d53fa362f4fa349bea5e7fa87a33d68364,det-v1,1,,1392,167,921.075,0.0000711510,false,true
call-000871,arm8_spec_immediate,dev/f6/s6050001/unreliable,19,meta-llama/llama-3.2-1b-instruct,sha256:2dfdb5af9975245db9ca850290f706d53fa362f4fa349bea5e7fa87a33d68364,det-v1,1,fallback,1392,167,921.075,0.0000711510,false,false
call-000872,arm8_spec_immediate,dev/f6/s6050001/unreliable,19,meta-llama/llama-3.2-1b-instruct,sha256:172b9d83692b71941f733347a0158b8512d5e4509f767e3a74e6a4075e0c9198,det-v1,2,,1462,203,1454.548,0.0000802770,false,true
call-000873,arm8_spec_immediate,dev/f6/s6050001/unreliable,19,meta-llama/llama-3.2-1b-instruct,sha256:172b9d83692b71941f733347a0158b8512d5e4509f767e3a74e6a4075e0c9198,det-v1,2,fallback,1462,203,1454.548,0.0000802770,false,false
call-000874,arm8_spec_immediate,dev/f6/s6050001/unreliable,25,meta-llama/llama-3.2-1b-instruct,sha256:7b5937800d6a4e33ede74493ed95772e3d8658e8b8db7b98eac0194c429ede9b,det-v1,1,,1614,205,1396.262,0.0000847830,false,true
call-000875,arm8_spec_immediate,dev/f6/s6050001/unreliable,25,meta-llama/llama-3.2-1b-instruct,sha256:7b5937800d6a4e33ede74493ed95772e3d8658e8b8db7b98eac0194c429ede9b,det-v1,1,fallback,1614,205,1396.262,0.0000847830,false,false
call-000876,arm8_spec_immediate,dev/f6/s6050001/unreliable,25,meta-llama/llama-3.2-1b-instruct,sha256:3bb50707ef544eba11a97c535c18983cdc72b54fd39d44b8a6f403449bf43a14,det-v1,2,,1684,204,1534.881,0.0000864720,false,true
call-000877,arm8_spec_immediate,dev/f6/s6050001/unreliable,25,meta-llama/llama-3.2-1b-instruct,sha256:3bb50707ef544eba11a97c535c18983cdc72b54fd39d44b8a6f403449bf43a14,det-v1,2,fallback,1684,204,1534.881,0.0000864720,false,false
call-000878,arm9_spec_heuristic_rollback,dev/f6/s6050001/unreliable,19,meta-llama/llama-3.2-1b-instruct,sha256:2dfdb5af9975245db9ca850290f706d53fa362f4fa349bea5e7fa87a33d68364,det-v1,1,fallback,1392,167,0.004,0.0000711510,true,false
call-000879,arm9_spec_heuristic_rollback,dev/f6/s6050001/unreliable,19,meta-llama/llama-3.2-1b-instruct,sha256:172b9d83692b71941f733347a0158b8512d5e4509f767e3a74e6a4075e0c9198,det-v1,2,fallback,1462,203,0.003,0.0000802770,true,false
call-000880,arm9_spec_heuristic_rollback,dev/f6/s6050001/unreliable,25,meta-llama/llama-3.2-1b-instruct,sha256:7b5937800d6a4e33ede74493ed95772e3d8658e8b8db7b98eac0194c429ede9b,det-v1,1,fallback,1614,205,0.003,0.0000847830,true,false
call-000881,arm9_spec_heuristic_rollback,dev/f6/s6050001/unreliable,25,meta-llama/llama-3.2-1b-instruct,sha256:3bb50707ef544eba11a97c535c18983cdc72b54fd39d44b8a6f403449bf43a14,det-v1,2,fallback,1684,204,0.003,0.0000864720,true,false
call-000882,arm10_spec_eprocess,dev/f6/s6050001/unreliable,19,meta-llama/llama-3.2-1b-instruct,sha256:2dfdb5af9975245db9ca850290f706d53fa362f4fa349bea5e7fa87a33d68364,det-v1,1,fallback,1392,167,0.003,0.0000711510,true,false
call-000883,arm10_spec_eprocess,dev/f6/s6050001/unreliable,19,meta-llama/llama-3.2-1b-instruct,sha256:172b9d83692b71941f733347a0158b8512d5e4509f767e3a74e6a4075e0c9198,det-v1,2,fallback,1462,203,0.002,0.0000802770,true,false
call-000884,arm10_spec_eprocess,dev/f6/s6050001/unreliable,25,meta-llama/llama-3.2-1b-instruct,sha256:7b5937800d6a4e33ede74493ed95772e3d8658e8b8db7b98eac0194c429ede9b,det-v1,1,fallback,1614,205,0.003,0.0000847830,true,false
call-000885,arm10_spec_eprocess,dev/f6/s6050001/unreliable,25,meta-llama/llama-3.2-1b-instruct,sha256:3bb50707ef544eba11a97c535c18983cdc72b54fd39d44b8a6f403449bf43a14,det-v1,2,fallback,1684,204,0.002,0.0000864720,true,false
call-000886,arm8_spec_immediate,cal/f6/s6060001/unreliable,17,meta-llama/llama-3.2-1b-instruct,sha256:e5f05696795721830e93312751bc4babeaae0fd70f24b06347aad5fcca1c346a,det-v1,1,,1329,159,1112.114,0.0000678420,false,true
call-000887,arm8_spec_immediate,cal/f6/s6060001/unreliable,17,meta-llama/llama-3.2-1b-instruct,sha256:e5f05696795721830e93312751bc4babeaae0fd70f24b06347aad5fcca1c346a,det-v1,1,fallback,1329,159,1112.114,0.0000678420,false,false
call-000888,arm8_spec_immediate,cal/f6/s6060001/unreliable,17,meta-llama/llama-3.2-1b-instruct,sha256:92d2be53e750adb5e0caab4c673740e376d1abafc27419b994d81564c10ef927,det-v1,2,,1399,159,1043.538,0.0000697320,false,true
call-000889,arm8_spec_immediate,cal/f6/s6060001/unreliable,17,meta-llama/llama-3.2-1b-instruct,sha256:92d2be53e750adb5e0caab4c673740e376d1abafc27419b994d81564c10ef927,det-v1,2,fallback,1399,159,1043.538,0.0000697320,false,false
call-000890,arm8_spec_immediate,cal/f6/s6060001/unreliable,23,meta-llama/llama-3.2-1b-instruct,sha256:39efe618e03f6b6972cbcd3cffe7a33693c1e10d16c8189b5325dff06edfad05,det-v1,1,,1551,195,1233.674,0.0000810720,false,true
call-000891,arm8_spec_immediate,cal/f6/s6060001/unreliable,23,meta-llama/llama-3.2-1b-instruct,sha256:39efe618e03f6b6972cbcd3cffe7a33693c1e10d16c8189b5325dff06edfad05,det-v1,1,fallback,1551,195,1233.674,0.0000810720,false,false
call-000892,arm8_spec_immediate,cal/f6/s6060001/unreliable,23,meta-llama/llama-3.2-1b-instruct,sha256:c1b7aff094bb2ca678724c16a1b6e88edc73325a79e7919b83ffba9fd96a6f38,det-v1,2,,1621,194,1490.730,0.0000827610,false,true
call-000893,arm8_spec_immediate,cal/f6/s6060001/unreliable,23,meta-llama/llama-3.2-1b-instruct,sha256:c1b7aff094bb2ca678724c16a1b6e88edc73325a79e7919b83ffba9fd96a6f38,det-v1,2,fallback,1621,194,1490.730,0.0000827610,false,false
call-000894,arm9_spec_heuristic_rollback,cal/f6/s6060001/unreliable,17,meta-llama/llama-3.2-1b-instruct,sha256:e5f05696795721830e93312751bc4babeaae0fd70f24b06347aad5fcca1c346a,det-v1,1,fallback,1329,159,0.004,0.0000678420,true,false
call-000895,arm9_spec_heuristic_rollback,cal/f6/s6060001/unreliable,17,meta-llama/llama-3.2-1b-instruct,sha256:92d2be53e750adb5e0caab4c673740e376d1abafc27419b994d81564c10ef927,det-v1,2,fallback,1399,159,0.003,0.0000697320,true,false
call-000896,arm9_spec_heuristic_rollback,cal/f6/s6060001/unreliable,23,meta-llama/llama-3.2-1b-instruct,sha256:39efe618e03f6b6972cbcd3cffe7a33693c1e10d16c8189b5325dff06edfad05,det-v1,1,fallback,1551,195,0.003,0.0000810720,true,false
call-000897,arm9_spec_heuristic_rollback,cal/f6/s6060001/unreliable,23,meta-llama/llama-3.2-1b-instruct,sha256:c1b7aff094bb2ca678724c16a1b6e88edc73325a79e7919b83ffba9fd96a6f38,det-v1,2,fallback,1621,194,0.003,0.0000827610,true,false
call-000898,arm10_spec_eprocess,cal/f6/s6060001/unreliable,17,meta-llama/llama-3.2-1b-instruct,sha256:e5f05696795721830e93312751bc4babeaae0fd70f24b06347aad5fcca1c346a,det-v1,1,fallback,1329,159,0.003,0.0000678420,true,false
call-000899,arm10_spec_eprocess,cal/f6/s6060001/unreliable,17,meta-llama/llama-3.2-1b-instruct,sha256:92d2be53e750adb5e0caab4c673740e376d1abafc27419b994d81564c10ef927,det-v1,2,fallback,1399,159,0.002,0.0000697320,true,false
call-000900,arm10_spec_eprocess,cal/f6/s6060001/unreliable,23,meta-llama/llama-3.2-1b-instruct,sha256:39efe618e03f6b6972cbcd3cffe7a33693c1e10d16c8189b5325dff06edfad05,det-v1,1,fallback,1551,195,0.003,0.0000810720,true,false
call-000901,arm10_spec_eprocess,cal/f6/s6060001/unreliable,23,meta-llama/llama-3.2-1b-instruct,sha256:c1b7aff094bb2ca678724c16a1b6e88edc73325a79e7919b83ffba9fd96a6f38,det-v1,2,fallback,1621,194,0.002,0.0000827610,true,false
