call_id,arm_id,episode_id,period,model_id,prompt_hash,decoding_hash,attempt_index,outcome,input_tokens,output_tokens,latency_ms,usd_cost,cache_hit,physical
call-000001,arm8_spec_immediate,dev/f1/s1050000/no_alert,25,step-3.5-flash,sha256:269dcc340e9f9e184c92abaa4e92b6e7e78cef1862f109ef6f27545732c1aa90,det-v1,1,,1703,14171,67382.945,0.0044216000,false,true
call-000002,arm8_spec_immediate,dev/f1/s1050000/no_alert,25,step-3.5-flash,sha256:269dcc340e9f9e184c92abaa4e92b6e7e78cef1862f109ef6f27545732c1aa90,det-v1,1,accepted,1703,14171,67382.945,0.0044216000,false,false
call-000003,arm8_spec_immediate,dev/f1/s1050000/no_alert,31,step-3.5-flash,sha256:961ff524ddedba4eaaae67cbd13ecf17c85d294e7675e9484549d3b07f812763,det-v1,1,,1931,923,5472.290,0.0004700000,false,true
call-000004,arm8_spec_immediate,dev/f1/s1050000/no_alert,31,step-3.5-flash,sha256:961ff524ddedba4eaaae67cbd13ecf17c85d294e7675e9484549d3b07f812763,det-v1,1,accepted,1931,923,5472.290,0.0004700000,false,false
call-000005,arm9_spec_heuristic_rollback,dev/f1/s1050000/no_alert,25,step-3.5-flash,sha256:269dcc340e9f9e184c92abaa4e92b6e7e78cef1862f109ef6f27545732c1aa90,det-v1,1,accepted,1703,14171,0.004,0.0044216000,true,false
call-000006,arm9_spec_heuristic_rollback,dev/f1/s1050000/no_alert,31,step-3.5-flash,sha256:961ff524ddedba4eaaae67cbd13ecf17c85d294e7675e9484549d3b07f812763,det-v1,1,accepted,1931,923,0.003,0.0004700000,true,false
call-000007,arm10_spec_eprocess,dev/f1/s1050000/no_alert,25,step-3.5-flash,sha256:269dcc340e9f9e184c92abaa4e92b6e7e78cef1862f109ef6f27545732c1aa90,det-v1,1,accepted,1703,14171,0.003,0.0044216000,true,false
call-000008,arm10_spec_eprocess,dev/f1/s1050000/no_alert,31,step-3.5-flash,sha256:2a5a203be7c2ec8d6db629dc85c55b081856f7b7867be39698f923c1c6a0dede,det-v1,1,,1931,7883,36300.453,0.0025580000,false,true
call-000009,arm10_spec_eprocess,dev/f1/s1050000/no_alert,31,step-3.5-flash,sha256:2a5a203be7c2ec8d6db629dc85c55b081856f7b7867be39698f923c1c6a0dede,det-v1,1,accepted,1931,7883,36300.453,0.0025580000,false,false
call-000010,arm8_spec_immediate,cal/f1/s1060000/no_alert,21,step-3.5-flash,sha256:2a8ac99da54c84dce5646fbff82e7ee83fa18cc82909de680f6b18fa219501bc,det-v1,1,,1551,9720,46314.317,0.0030711000,false,true
call-000011,arm8_spec_immediate,cal/f1/s1060000/no_alert,21,step-3.5-flash,sha256:2a8ac99da54c84dce5646fbff82e7ee83fa18cc82909de680f6b18fa219501bc,det-v1,1,accepted,1551,9720,46314.317,0.0030711000,false,false
call-000012,arm8_spec_immediate,cal/f1/s1060000/no_alert,49,step-3.5-flash,sha256:437c9ab18dba14a6ce4ec65143c701feb6d3c8854319fb543acb04d0f2288e8e,det-v1,1,,2615,2840,20807.509,0.0011135000,false,true
call-000013,arm8_spec_immediate,cal/f1/s1060000/no_alert,49,step-3.5-flash,sha256:437c9ab18dba14a6ce4ec65143c701feb6d3c8854319fb543acb04d0f2288e8e,det-v1,1,accepted,2615,2840,20807.509,0.0011135000,false,false
call-000014,arm9_spec_heuristic_rollback,cal/f1/s1060000/no_alert,21,step-3.5-flash,sha256:2a8ac99da54c84dce5646fbff82e7ee83fa18cc82909de680f6b18fa219501bc,det-v1,1,accepted,1551,9720,0.003,0.0030711000,true,false
call-000015,arm9_spec_heuristic_rollback,cal/f1/s1060000/no_alert,49,step-3.5-flash,sha256:437c9ab18dba14a6ce4ec65143c701feb6d3c8854319fb543acb04d0f2288e8e,det-v1,1,accepted,2615,2840,0.003,0.0011135000,true,false
call-000016,arm10_spec_eprocess,cal/f1/s1060000/no_alert,21,step-3.5-flash,sha256:2a8ac99da54c84dce5646fbff82e7ee83fa18cc82909de680f6b18fa219501bc,det-v1,1,accepted,1551,9720,0.003,0.0030711000,true,false
call-000017,arm10_spec_eprocess,cal/f1/s1060000/no_alert,49,step-3.5-flash,sha256:9a5eea430f8f14605bae832c4e02d264a6a1777f05a61f2324f5d7e268fb8789,det-v1,1,,2615,8995,44614.191,0.0029600000,false,true
call-000018,arm10_spec_eprocess,cal/f1/s1060000/no_alert,49,step-3.5-flash,sha256:9a5eea430f8f14605bae832c4e02d264a6a1777f05a61f2324f5d7e268fb8789,det-v1,1,accepted,2615,8995,44614.191,0.0029600000,false,false
call-000019,arm8_spec_immediate,dev/f1/s1050001/no_alert,23,step-3.5-flash,sha256:bc78b5945433edf9a0e306cf43aea595d0682124d1e9284ea7cedac9e0f2be45,det-v1,1,,1627,13571,57765.069,0.0042340000,false,true
call-000020,arm8_spec_immediate,dev/f1/s1050001/no_alert,23,step-3.5-flash,sha256:bc78b5945433edf9a0e306cf43aea595d0682124d1e9284ea7cedac9e0f2be45,det-v1,1,accepted,1627,13571,57765.069,0.0042340000,false,false
call-000021,arm8_spec_immediate,dev/f1/s1050001/no_alert,32,step-3.5-flash,sha256:e7ce98af4ac9e09567928f5854246bc303113635ed335bbde3e47e91185ca3a9,det-v1,1,,1969,1784,8989.891,0.0007321000,false,true
call-000022,arm8_spec_immediate,dev/f1/s1050001/no_alert,32,step-3.5-flash,sha256:e7ce98af4ac9e09567928f5854246bc303113635ed335bbde3e47e91185ca3a9,det-v1,1,accepted,1969,1784,8989.891,0.0007321000,false,false
call-000023,arm9_spec_heuristic_rollback,dev/f1/s1050001/no_alert,23,step-3.5-flash,sha256:bc78b5945433edf9a0e306cf43aea595d0682124d1e9284ea7cedac9e0f2be45,det-v1,1,accepted,1627,13571,0.003,0.0042340000,true,false
call-000024,arm9_spec_heuristic_rollback,dev/f1/s1050001/no_alert,32,step-3.5-flash,sha256:e7ce98af4ac9e09567928f5854246bc303113635ed335bbde3e47e91185ca3a9,det-v1,1,accepted,1969,1784,0.003,0.0007321000,true,false
call-000025,arm10_spec_eprocess,dev/f1/s1050001/no_alert,23,step-3.5-flash,sha256:bc78b5945433edf9a0e306cf43aea595d0682124d1e9284ea7cedac9e0f2be45,det-v1,1,accepted,1627,13571,0.003,0.0042340000,true,false
call-000026,arm10_spec_eprocess,dev/f1/s1050001/no_alert,32,step-3.5-flash,sha256:b18d1f78104e60eb3e1ff8ff519030ae868767fe2d984c08c96f709082256c84,det-v1,1,,1969,1674,8992.189,0.0006991000,false,true
call-000027,arm10_spec_eprocess,dev/f1/s1050001/no_alert,32,step-3.5-flash,sha256:b18d1f78104e60eb3e1ff8ff519030ae868767fe2d984c08c96f709082256c84,det-v1,1,accepted,1969,1674,8992.189,0.0006991000,false,false
call-000028,arm8_spec_immediate,cal/f1/s1060001/no_alert,36,step-3.5-flash,sha256:003bd485e901f5d5372bf3ad55c4e8e4d10a59f1c3ac15a6aa8a1f2a6b59223c,det-v1,1,,2121,11617,54181.031,0.0036972000,false,true
call-000029,arm8_spec_immediate,cal/f1/s1060001/no_alert,36,step-3.5-flash,sha256:003bd485e901f5d5372bf3ad55c4e8e4d10a59f1c3ac15a6aa8a1f2a6b59223c,det-v1,1,accepted,2121,11617,54181.031,0.0036972000,false,false
call-000030,arm8_spec_immediate,cal/f1/s1060001/no_alert,46,step-3.5-flash,sha256:33786d22ccabc233f62728cea5638e23db798afe3940023cd345c50e00acbf07,det-v1,1,,2501,3224,18402.410,0.0012173000,false,true
call-000031,arm8_spec_immediate,cal/f1/s1060001/no_alert,46,step-3.5-flash,sha256:33786d22ccabc233f62728cea5638e23db798afe3940023cd345c50e00acbf07,det-v1,1,accepted,2501,3224,18402.410,0.0012173000,false,false
call-000032,arm9_spec_heuristic_rollback,cal/f1/s1060001/no_alert,36,step-3.5-flash,sha256:003bd485e901f5d5372bf3ad55c4e8e4d10a59f1c3ac15a6aa8a1f2a6b59223c,det-v1,1,accepted,2121,11617,0.004,0.0036972000,true,false
call-000033,arm9_spec_heuristic_rollback,cal/f1/s1060001/no_alert,46,step-3.5-flash,sha256:33786d22ccabc233f62728cea5638e23db798afe3940023cd345c50e00acbf07,det-v1,1,accepted,2501,3224,0.003,0.0012173000,true,false
call-000034,arm10_spec_eprocess,cal/f1/s1060001/no_alert,36,step-3.5-flash,sha256:003bd485e901f5d5372bf3ad55c4e8e4d10a59f1c3ac15a6aa8a1f2a6b59223c,det-v1,1,accepted,2121,11617,0.003,0.0036972000,true,false
call-000035,arm10_spec_eprocess,cal/f1/s1060001/no_alert,46,step-3.5-flash,sha256:edbb36a91fbaac61c22521b069e3196dfc9bf8296fff8fec2b4129a06badf092,det-v1,1,,2501,13756,63317.281,0.0043769000,false,true
call-000036,arm10_spec_eprocess,cal/f1/s1060001/no_alert,46,step-3.5-flash,sha256:edbb36a91fbaac61c22521b069e3196dfc9bf8296fff8fec2b4129a06badf092,det-v1,1,accepted,2501,13756,63317.281,0.0043769000,false,false
call-000037,arm8_spec_immediate,dev/f1/s1050000/early_accurate,16,step-3.5-flash,sha256:403bfcd4235a9298989852fee8d26ce3a0d507e00563a7608916f6347e0f972e,det-v1,1,accepted,1399,4119,0.002,0.0013756000,true,false
call-000038,arm8_spec_immediate,dev/f1/s1050000/early_accurate,25,step-3.5-flash,sha256:4d1e080ff6a996fb779acf4ef5d85ce2c18b3c3ce9e53cdaa9b99a42cdbf83f2,det-v1,1,accepted,1741,4418,0.001,0.0014995000,true,false
call-000039,arm9_spec_heuristic_rollback,dev/f1/s1050000/early_accurate,16,step-3.5-flash,sha256:403bfcd4235a9298989852fee8d26ce3a0d507e00563a7608916f6347e0f972e,det-v1,1,accepted,1399,4119,0.001,0.0013756000,true,false
call-000040,arm9_spec_heuristic_rollback,dev/f1/s1050000/early_accurate,25,step-3.5-flash,sha256:4d1e080ff6a996fb779acf4ef5d85ce2c18b3c3ce9e53cdaa9b99a42cdbf83f2,det-v1,1,accepted,1741,4418,0.001,0.0014995000,true,false
call-000041,arm10_spec_eprocess,dev/f1/s1050000/early_accurate,16,step-3.5-flash,sha256:403bfcd4235a9298989852fee8d26ce3a0d507e00563a7608916f6347e0f972e,det-v1,1,accepted,1399,4119,0.001,0.0013756000,true,false
call-000042,arm10_spec_eprocess,dev/f1/s1050000/early_accurate,25,step-3.5-flash,sha256:5500893dd969d91e85a75f401e24b1375d06bb903f225251cedf60d452d2f21a,det-v1,1,accepted,1741,4900,0.001,0.0016441000,true,false
call-000043,arm8_spec_immediate,cal/f1/s1060000/early_accurate,17,step-3.5-flash,sha256:21aae9107dbd62fdf1c3c3c903465f42048771fcb7c3e18b3fa6dd837c7e8c7c,det-v1,1,,1441,3677,17424.716,0.0012472000,false,true
call-000044,arm8_spec_immediate,cal/f1/s1060000/early_accurate,17,step-3.5-flash,sha256:21aae9107dbd62fdf1c3c3c903465f42048771fcb7c3e18b3fa6dd837c7e8c7c,det-v1,1,accepted,1441,3677,17424.716,0.0012472000,false,false
call-000045,arm8_spec_immediate,cal/f1/s1060000/early_accurate,23,step-3.5-flash,sha256:80fad05a424091d73bda5bcba0b593b5926782e827c945690ac9a4e4de395044,det-v1,1,,1669,5827,27703.267,0.0019150000,false,true
call-000046,arm8_spec_immediate,cal/f1/s1060000/early_accurate,23,step-3.5-flash,sha256:80fad05a424091d73bda5bcba0b593b5926782e827c945690ac9a4e4de395044,det-v1,1,accepted,1669,5827,27703.267,0.0019150000,false,false
call-000047,arm9_spec_heuristic_rollback,cal/f1/s1060000/early_accurate,17,step-3.5-flash,sha256:21aae9107dbd62fdf1c3c3c903465f42048771fcb7c3e18b3fa6dd837c7e8c7c,det-v1,1,accepted,1441,3677,0.002,0.0012472000,true,false
call-000048,arm9_spec_heuristic_rollback,cal/f1/s1060000/early_accurate,23,step-3.5-flash,sha256:80fad05a424091d73bda5bcba0b593b5926782e827c945690ac9a4e4de395044,det-v1,1,accepted,1669,5827,0.002,0.0019150000,true,false
call-000049,arm10_spec_eprocess,cal/f1/s1060000/early_accurate,17,step-3.5-flash,sha256:21aae9107dbd62fdf1c3c3c903465f42048771fcb7c3e18b3fa6dd837c7e8c7c,det-v1,1,accepted,1441,3677,0.002,0.0012472000,true,false
call-000050,arm10_spec_eprocess,cal/f1/s1060000/early_accurate,23,step-3.5-flash,sha256:3303d22659e4fbfb7fa21deba5def06fec475aeb8f040b3cc5be991ca4c085b9,det-v1,1,,1669,3137,16312.732,0.0011080000,false,true
call-000051,arm10_spec_eprocess,cal/f1/s1060000/early_accurate,23,step-3.5-flash,sha256:3303d22659e4fbfb7fa21deba5def06fec475aeb8f040b3cc5be991ca4c085b9,det-v1,1,accepted,1669,3137,16312.732,0.0011080000,false,false
call-000052,arm8_spec_immediate,dev/f1/s1050001/early_accurate,15,step-3.5-flash,sha256:bd542e14d17698d9d172e89b5cf36114149da572fbee92d84d22a4d09a7ba104,det-v1,1,,1361,2822,13414.558,0.0009827000,false,true
call-000053,arm8_spec_immediate,dev/f1/s1050001/early_accurate,15,step-3.5-flash,sha256:bd542e14d17698d9d172e89b5cf36114149da572fbee92d84d22a4d09a7ba104,det-v1,1,accepted,1361,2822,13414.558,0.0009827000,false,false
call-000054,arm8_spec_immediate,dev/f1/s1050001/early_accurate,23,step-3.5-flash,sha256:1178db5601f159784c3f1ec6884569435bcbcf0c55b6e599ffe8db52750c1939,det-v1,1,,1665,7681,40598.105,0.0024708000,false,true
call-000055,arm8_spec_immediate,dev/f1/s1050001/early_accurate,23,step-3.5-flash,sha256:1178db5601f159784c3f1ec6884569435bcbcf0c55b6e599ffe8db52750c1939,det-v1,1,accepted,1665,7681,40598.105,0.0024708000,false,false
call-000056,arm9_spec_heuristic_rollback,dev/f1/s1050001/early_accurate,15,step-3.5-flash,sha256:bd542e14d17698d9d172e89b5cf36114149da572fbee92d84d22a4d09a7ba104,det-v1,1,accepted,1361,2822,0.004,0.0009827000,true,false
call-000057,arm9_spec_heuristic_rollback,dev/f1/s1050001/early_accurate,23,step-3.5-flash,sha256:1178db5601f159784c3f1ec6884569435bcbcf0c55b6e599ffe8db52750c1939,det-v1,1,accepted,1665,7681,0.003,0.0024708000,true,false
call-000058,arm10_spec_eprocess,dev/f1/s1050001/early_accurate,15,step-3.5-flash,sha256:bd542e14d17698d9d172e89b5cf36114149da572fbee92d84d22a4d09a7ba104,det-v1,1,accepted,1361,2822,0.003,0.0009827000,true,false
call-000059,arm10_spec_eprocess,dev/f1/s1050001/early_accurate,23,step-3.5-flash,sha256:0c5dfef3364511f46b882afb6207ed4bfc7c2832cb6c1861417ae3f32aad3325,det-v1,1,,1665,5234,24656.936,0.0017367000,false,true
call-000060,arm10_spec_eprocess,dev/f1/s1050001/early_accurate,23,step-3.5-flash,sha256:0c5dfef3364511f46b882afb6207ed4bfc7c2832cb6c1861417ae3f32aad3325,det-v1,1,accepted,1665,5234,24656.936,0.0017367000,false,false
call-000061,arm8_spec_immediate,cal/f1/s1060001/early_accurate,21,step-3.5-flash,sha256:b9e512b9e941961606c6d651a731e2d9c395d968b95aae2098ddb7fb3694ef0e,det-v1,1,,1592,4423,22231.914,0.0014861000,false,true
call-000062,arm8_spec_immediate,cal/f1/s1060001/early_accurate,21,step-3.5-flash,sha256:b9e512b9e941961606c6d651a731e2d9c395d968b95aae2098ddb7fb3694ef0e,det-v1,1,accepted,1592,4423,22231.914,0.0014861000,false,false
call-000063,arm8_spec_immediate,cal/f1/s1060001/early_accurate,36,step-3.5-flash,sha256:cca5d7f7f688a5538a25dd8fe230a1eebae6fda908f162231255d3515a16145a,det-v1,1,,2162,3272,16727.183,0.0011978000,false,true
call-000064,arm8_spec_immediate,cal/f1/s1060001/early_accurate,36,step-3.5-flash,sha256:cca5d7f7f688a5538a25dd8fe230a1eebae6fda908f162231255d3515a16145a,det-v1,1,accepted,2162,3272,16727.183,0.0011978000,false,false
call-000065,arm9_spec_heuristic_rollback,cal/f1/s1060001/early_accurate,21,step-3.5-flash,sha256:b9e512b9e941961606c6d651a731e2d9c395d968b95aae2098ddb7fb3694ef0e,det-v1,1,accepted,1592,4423,0.003,0.0014861000,true,false
call-000066,arm9_spec_heuristic_rollback,cal/f1/s1060001/early_accurate,36,step-3.5-flash,sha256:cca5d7f7f688a5538a25dd8fe230a1eebae6fda908f162231255d3515a16145a,det-v1,1,accepted,2162,3272,0.003,0.0011978000,true,false
call-000067,arm10_spec_eprocess,cal/f1/s1060001/early_accurate,21,step-3.5-flash,sha256:b9e512b9e941961606c6d651a731e2d9c395d968b95aae2098ddb7fb3694ef0e,det-v1,1,accepted,1592,4423,0.003,0.0014861000,true,false
call-000068,arm10_spec_eprocess,cal/f1/s1060001/early_accurate,36,step-3.5-flash,sha256:80e5f7e1857543d6ede7dbba6f10d856e113c1d160df1a3c10c45ad0c763a801,det-v1,1,,2162,2974,15743.910,0.0011084000,false,true
call-000069,arm10_spec_eprocess,cal/f1/s1060001/early_accurate,36,step-3.5-flash,sha256:80e5f7e1857543d6ede7dbba6f10d856e113c1d160df1a3c10c45ad0c763a801,det-v1,1,accepted,2162,2974,15743.910,0.0011084000,false,false
call-000070,arm8_spec_immediate,dev/f1/s1050000/late_accurate,19,step-3.5-flash,sha256:2ac419b24a68c38d1211abf0aa0c57ac1b6e9eb63f514bf0840e7076c2980fe4,det-v1,1,,1513,4256,22469.133,0.0014281000,false,true
call-000071,arm8_spec_immediate,dev/f1/s1050000/late_accurate,19,step-3.5-flash,sha256:2ac419b24a68c38d1211abf0aa0c57ac1b6e9eb63f514bf0840e7076c2980fe4,det-v1,1,accepted,1513,4256,22469.133,0.0014281000,false,false
call-000072,arm8_spec_immediate,dev/f1/s1050000/late_accurate,25,step-3.5-flash,sha256:bd64a89b6606c2f8c4650988c365091187931ed61e3b383ad9a56f13d194acda,det-v1,1,,1741,4567,21587.080,0.0015442000,false,true
call-000073,arm8_spec_immediate,dev/f1/s1050000/late_accurate,25,step-3.5-flash,sha256:bd64a89b6606c2f8c4650988c365091187931ed61e3b383ad9a56f13d194acda,det-v1,1,accepted,1741,4567,21587.080,0.0015442000,false,false
call-000074,arm9_spec_heuristic_rollback,dev/f1/s1050000/late_accurate,19,step-3.5-flash,sha256:2ac419b24a68c38d1211abf0aa0c57ac1b6e9eb63f514bf0840e7076c2980fe4,det-v1,1,accepted,1513,4256,0.004,0.0014281000,true,false
call-000075,arm9_spec_heuristic_rollback,dev/f1/s1050000/late_accurate,25,step-3.5-flash,sha256:bd64a89b6606c2f8c4650988c365091187931ed61e3b383ad9a56f13d194acda,det-v1,1,accepted,1741,4567,0.003,0.0015442000,true,false
call-000076,arm10_spec_eprocess,dev/f1/s1050000/late_accurate,19,step-3.5-flash,sha256:2ac419b24a68c38d1211abf0aa0c57ac1b6e9eb63f514bf0840e7076c2980fe4,det-v1,1,accepted,1513,4256,0.003,0.0014281000,true,false
call-000077,arm10_spec_eprocess,dev/f1/s1050000/late_accurate,25,step-3.5-flash,sha256:1a42edeb9ef54364656963092e96ac2472c9812b1d4cf46eaf74aeb5b23bdcf1,det-v1,1,,1741,9207,42369.004,0.0029362000,false,true
call-000078,arm10_spec_eprocess,dev/f1/s1050000/late_accurate,25,step-3.5-flash,sha256:1a42edeb9ef54364656963092e96ac2472c9812b1d4cf46eaf74aeb5b23bdcf1,det-v1,1,accepted,1741,9207,42369.004,0.0029362000,false,false
call-000079,arm8_spec_immediate,cal/f1/s1060000/late_accurate,20,step-3.5-flash,sha256:76c4d8a9d923f1cbe4a4472e33172f65caff3a59c4b645c0dc0024f6b16596fa,det-v1,1,,1555,5527,24606.029,0.0018136000,false,true
call-000080,arm8_spec_immediate,cal/f1/s1060000/late_accurate,20,step-3.5-flash,sha256:76c4d8a9d923f1cbe4a4472e33172f65caff3a59c4b645c0dc0024f6b16596fa,det-v1,1,accepted,1555,5527,24606.029,0.0018136000,false,false
call-000081,arm8_spec_immediate,cal/f1/s1060000/late_accurate,49,step-3.5-flash,sha256:87f905f97ca9971fe25090b7503dee2454fafa3cb1af5686b068f91733865ffb,det-v1,1,,2657,3247,16577.622,0.0012398000,false,true
call-000082,arm8_spec_immediate,cal/f1/s1060000/late_accurate,49,step-3.5-flash,sha256:87f905f97ca9971fe25090b7503dee2454fafa3cb1af5686b068f91733865ffb,det-v1,1,accepted,2657,3247,16577.622,0.0012398000,false,false
call-000083,arm9_spec_heuristic_rollback,cal/f1/s1060000/late_accurate,20,step-3.5-flash,sha256:76c4d8a9d923f1cbe4a4472e33172f65caff3a59c4b645c0dc0024f6b16596fa,det-v1,1,accepted,1555,5527,0.003,0.0018136000,true,false
call-000084,arm9_spec_heuristic_rollback,cal/f1/s1060000/late_accurate,49,step-3.5-flash,sha256:87f905f97ca9971fe25090b7503dee2454fafa3cb1af5686b068f91733865ffb,det-v1,1,accepted,2657,3247,0.003,0.0012398000,true,false
call-000085,arm10_spec_eprocess,cal/f1/s1060000/late_accurate,20,step-3.5-flash,sha256:76c4d8a9d923f1cbe4a4472e33172f65caff3a59c4b645c0dc0024f6b16596fa,det-v1,1,accepted,1555,5527,0.003,0.0018136000,true,false
call-000086,arm10_spec_eprocess,cal/f1/s1060000/late_accurate,49,step-3.5-flash,sha256:4a192304efde08151be36b25201cb9e00ac29acf781e9901d500553fd34083fd,det-v1,1,,2657,7150,35971.946,0.0024107000,false,true
call-000087,arm10_spec_eprocess,cal/f1/s1060000/late_accurate,49,step-3.5-flash,sha256:4a192304efde08151be36b25201cb9e00ac29acf781e9901d500553fd34083fd,det-v1,1,accepted,2657,7150,35971.946,0.0024107000,false,false
call-000088,arm8_spec_immediate,dev/f1/s1050001/late_accurate,18,step-3.5-flash,sha256:6157dafa5c7679c33fa17f68e4136197112ae8f6088731c411b49902cae34dba,det-v1,1,,1475,3588,18502.613,0.0012239000,false,true
call-000089,arm8_spec_immediate,dev/f1/s1050001/late_accurate,18,step-3.5-flash,sha256:6157dafa5c7679c33fa17f68e4136197112ae8f6088731c411b49902cae34dba,det-v1,1,accepted,1475,3588,18502.613,0.0012239000,false,false
call-000090,arm8_spec_immediate,dev/f1/s1050001/late_accurate,25,step-3.5-flash,sha256:8c6dd3cb04cd216c69bde1cbf96eeba29364b4d734fe5e0920e0a6c47dd5b25d,det-v1,1,,1741,4548,24218.753,0.0015385000,false,true
call-000091,arm8_spec_immediate,dev/f1/s1050001/late_accurate,25,step-3.5-flash,sha256:8c6dd3cb04cd216c69bde1cbf96eeba29364b4d734fe5e0920e0a6c47dd5b25d,det-v1,1,accepted,1741,4548,24218.753,0.0015385000,false,false
call-000092,arm9_spec_heuristic_rollback,dev/f1/s1050001/late_accurate,18,step-3.5-flash,sha256:6157dafa5c7679c33fa17f68e4136197112ae8f6088731c411b49902cae34dba,det-v1,1,accepted,1475,3588,0.003,0.0012239000,true,false
call-000093,arm9_spec_heuristic_rollback,dev/f1/s1050001/late_accurate,25,step-3.5-flash,sha256:8c6dd3cb04cd216c69bde1cbf96eeba29364b4d734fe5e0920e0a6c47dd5b25d,det-v1,1,accepted,1741,4548,0.003,0.0015385000,true,false
call-000094,arm10_spec_eprocess,dev/f1/s1050001/late_accurate,18,step-3.5-flash,sha256:6157dafa5c7679c33fa17f68e4136197112ae8f6088731c411b49902cae34dba,det-v1,1,accepted,1475,3588,0.003,0.0012239000,true,false
call-000095,arm10_spec_eprocess,dev/f1/s1050001/late_accurate,25,step-3.5-flash,sha256:b0e8ce333e862045f161ca6ce0f1a642fc96a2ee8d036602b3307c24e84c85eb,det-v1,1,,1741,3637,18684.283,0.0012652000,false,true
call-000096,arm10_spec_eprocess,dev/f1/s1050001/late_accurate,25,step-3.5-flash,sha256:b0e8ce333e862045f161ca6ce0f1a642fc96a2ee8d036602b3307c24e84c85eb,det-v1,1,accepted,1741,3637,18684.283,0.0012652000,false,false
call-000097,arm8_spec_immediate,cal/f1/s1060001/late_accurate,24,step-3.5-flash,sha256:f09911dabe491fde114318a29fca9c6b942bb285860d7d0a1cc43819fa4812dc,det-v1,1,,1706,4889,24559.309,0.0016373000,false,true
call-000098,arm8_spec_immediate,cal/f1/s1060001/late_accurate,24,step-3.5-flash,sha256:f09911dabe491fde114318a29fca9c6b942bb285860d7d0a1cc43819fa4812dc,det-v1,1,accepted,1706,4889,24559.309,0.0016373000,false,false
call-000099,arm8_spec_immediate,cal/f1/s1060001/late_accurate,36,step-3.5-flash,sha256:e00042a90aee7c40f969802d35d8f62f709e90d51aa81b79066555e9b6b7ae27,det-v1,1,,2162,3486,18299.088,0.0012620000,false,true
call-000100,arm8_spec_immediate,cal/f1/s1060001/late_accurate,36,step-3.5-flash,sha256:e00042a90aee7c40f969802d35d8f62f709e90d51aa81b79066555e9b6b7ae27,det-v1,1,accepted,2162,3486,18299.088,0.0012620000,false,false
call-000101,arm9_spec_heuristic_rollback,cal/f1/s1060001/late_accurate,24,step-3.5-flash,sha256:f09911dabe491fde114318a29fca9c6b942bb285860d7d0a1cc43819fa4812dc,det-v1,1,accepted,1706,4889,0.002,0.0016373000,true,false
call-000102,arm9_spec_heuristic_rollback,cal/f1/s1060001/late_accurate,36,step-3.5-flash,sha256:e00042a90aee7c40f969802d35d8f62f709e90d51aa81b79066555e9b6b7ae27,det-v1,1,accepted,2162,3486,0.001,0.0012620000,true,false
call-000103,arm10_spec_eprocess,cal/f1/s1060001/late_accurate,24,step-3.5-flash,sha256:f09911dabe491fde114318a29fca9c6b942bb285860d7d0a1cc43819fa4812dc,det-v1,1,accepted,1706,4889,0.001,0.0016373000,true,false
call-000104,arm10_spec_eprocess,cal/f1/s1060001/late_accurate,36,step-3.5-flash,sha256:bc0b44a7b56fbb2eb77d46a4383ea74fe547647ef2a01140f9a0481419836063,det-v1,1,,2162,7813,36457.327,0.0025601000,false,true
call-000105,arm10_spec_eprocess,cal/f1/s1060001/late_accurate,36,step-3.5-flash,sha256:bc0b44a7b56fbb2eb77d46a4383ea74fe547647ef2a01140f9a0481419836063,det-v1,1,accepted,2162,7813,36457.327,0.0025601000,false,false
call-000106,arm8_spec_immediate,dev/f1/s1050000/unreliable,16,step-3.5-flash,sha256:2106056b50d05bd8921de50fc694994539e3ce22a9609bdd0f7fea018fd5f88b,det-v1,1,,1401,2495,13006.868,0.0008886000,false,true
call-000107,arm8_spec_immediate,dev/f1/s1050000/unreliable,16,step-3.5-flash,sha256:2106056b50d05bd8921de50fc694994539e3ce22a9609bdd0f7fea018fd5f88b,det-v1,1,accepted,1401,2495,13006.868,0.0008886000,false,false
call-000108,arm8_spec_immediate,dev/f1/s1050000/unreliable,25,step-3.5-flash,sha256:af57f436422687c8ea28afca512564311c91ff2aca628013dab5bc03f00574ba,det-v1,1,,1743,2673,14445.206,0.0009762000,false,true
call-000109,arm8_spec_immediate,dev/f1/s1050000/unreliable,25,step-3.5-flash,sha256:af57f436422687c8ea28afca512564311c91ff2aca628013dab5bc03f00574ba,det-v1,1,accepted,1743,2673,14445.206,0.0009762000,false,false
call-000110,arm9_spec_heuristic_rollback,dev/f1/s1050000/unreliable,16,step-3.5-flash,sha256:2106056b50d05bd8921de50fc694994539e3ce22a9609bdd0f7fea018fd5f88b,det-v1,1,accepted,1401,2495,0.003,0.0008886000,true,false
call-000111,arm9_spec_heuristic_rollback,dev/f1/s1050000/unreliable,25,step-3.5-flash,sha256:af57f436422687c8ea28afca512564311c91ff2aca628013dab5bc03f00574ba,det-v1,1,accepted,1743,2673,0.003,0.0009762000,true,false
call-000112,arm10_spec_eprocess,dev/f1/s1050000/unreliable,16,step-3.5-flash,sha256:2106056b50d05bd8921de50fc694994539e3ce22a9609bdd0f7fea018fd5f88b,det-v1,1,accepted,1401,2495,0.003,0.0008886000,true,false
call-000113,arm10_spec_eprocess,dev/f1/s1050000/unreliable,25,step-3.5-flash,sha256:513dee71a674f6b83b209066d965c2d1102158ef8a1f0f7a01fefc51de08b687,det-v1,1,,1743,3631,20725.164,0.0012636000,false,true
call-000114,arm10_spec_eprocess,dev/f1/s1050000/unreliable,25,step-3.5-flash,sha256:513dee71a674f6b83b209066d965c2d1102158ef8a1f0f7a01fefc51de08b687,det-v1,1,accepted,1743,3631,20725.164,0.0012636000,false,false
call-000115,arm8_spec_immediate,dev/f1/s1050000/unreliable__twin,10,step-3.5-flash,sha256:c7a696e4423ca5fec2ad73cde61d4b6fcfc5d11331220ed3fcc164f1c6c736cc,det-v1,1,accepted,1169,5759,0.002,0.0018446000,true,false
call-000116,arm9_spec_heuristic_rollback,dev/f1/s1050000/unreliable__twin,10,step-3.5-flash,sha256:c7a696e4423ca5fec2ad73cde61d4b6fcfc5d11331220ed3fcc164f1c6c736cc,det-v1,1,accepted,1169,5759,0.001,0.0018446000,true,false
call-000117,arm10_spec_eprocess,dev/f1/s1050000/unreliable__twin,10,step-3.5-flash,sha256:c7a696e4423ca5fec2ad73cde61d4b6fcfc5d11331220ed3fcc164f1c6c736cc,det-v1,1,accepted,1169,5759,0.001,0.0018446000,true,false
call-000118,arm8_spec_immediate,cal/f1/s1060000/unreliable,17,step-3.5-flash,sha256:6f5c12f531c604f7f41565c12aea8d79c5243f8e4b0ac89c0b4f94a4c57bdbe9,det-v1,1,,1444,2009,13004.956,0.0007471000,false,true
call-000119,arm8_spec_immediate,cal/f1/s1060000/unreliable,17,step-3.5-flash,sha256:6f5c12f531c604f7f41565c12aea8d79c5243f8e4b0ac89c0b4f94a4c57bdbe9,det-v1,1,accepted,1444,2009,13004.956,0.0007471000,false,false
call-000120,arm8_spec_immediate,cal/f1/s1060000/unreliable,23,step-3.5-flash,sha256:5abfc63154d3708555e918b38048c44e94ce52e566a824d8c8e2c22632c1bb82,det-v1,1,,1672,3994,23506.165,0.0013654000,false,true
call-000121,arm8_spec_immediate,cal/f1/s1060000/unreliable,23,step-3.5-flash,sha256:5abfc63154d3708555e918b38048c44e94ce52e566a824d8c8e2c22632c1bb82,det-v1,1,accepted,1672,3994,23506.165,0.0013654000,false,false
call-000122,arm9_spec_heuristic_rollback,cal/f1/s1060000/unreliable,17,step-3.5-flash,sha256:6f5c12f531c604f7f41565c12aea8d79c5243f8e4b0ac89c0b4f94a4c57bdbe9,det-v1,1,accepted,1444,2009,0.003,0.0007471000,true,false
call-000123,arm9_spec_heuristic_rollback,cal/f1/s1060000/unreliable,23,step-3.5-flash,sha256:5abfc63154d3708555e918b38048c44e94ce52e566a824d8c8e2c22632c1bb82,det-v1,1,accepted,1672,3994,0.002,0.0013654000,true,false
call-000124,arm10_spec_eprocess,cal/f1/s1060000/unreliable,17,step-3.5-flash,sha256:6f5c12f531c604f7f41565c12aea8d79c5243f8e4b0ac89c0b4f94a4c57bdbe9,det-v1,1,accepted,1444,2009,0.003,0.0007471000,true,false
call-000125,arm10_spec_eprocess,cal/f1/s1060000/unreliable,23,step-3.5-flash,sha256:5abfc63154d3708555e918b38048c44e94ce52e566a824d8c8e2c22632c1bb82,det-v1,1,accepted,1672,3994,0.002,0.0013654000,true,false
call-000126,arm8_spec_immediate,cal/f1/s1060000/unreliable__twin,10,step-3.5-flash,sha256:cd721edc32e087d983d40717ffe449e23ccda2f388dab64d3d0be2e4813d6af9,det-v1,1,,1173,5117,29891.428,0.0016524000,false,true
call-000127,arm8_spec_immediate,cal/f1/s1060000/unreliable__twin,10,step-3.5-flash,sha256:cd721edc32e087d983d40717ffe449e23ccda2f388dab64d3d0be2e4813d6af9,det-v1,1,accepted,1173,5117,29891.428,0.0016524000,false,false
call-000128,arm9_spec_heuristic_rollback,cal/f1/s1060000/unreliable__twin,10,step-3.5-flash,sha256:cd721edc32e087d983d40717ffe449e23ccda2f388dab64d3d0be2e4813d6af9,det-v1,1,accepted,1173,5117,0.002,0.0016524000,true,false
call-000129,arm10_spec_eprocess,cal/f1/s1060000/unreliable__twin,10,step-3.5-flash,sha256:cd721edc32e087d983d40717ffe449e23ccda2f388dab64d3d0be2e4813d6af9,det-v1,1,accepted,1173,5117,0.001,0.0016524000,true,false
call-000130,arm8_spec_immediate,dev/f1/s1050001/unreliable,15,step-3.5-flash,sha256:dfe02824bb4472f1e82776f4a2a4b545b01f49aaa07234eed41daeb63119536c,det-v1,1,,1349,3998,21113.024,0.0013343000,false,true
call-000131,arm8_spec_immediate,dev/f1/s1050001/unreliable,15,step-3.5-flash,sha256:dfe02824bb4472f1e82776f4a2a4b545b01f49aaa07234eed41daeb63119536c,det-v1,1,accepted,1349,3998,21113.024,0.0013343000,false,false
call-000132,arm8_spec_immediate,dev/f1/s1050001/unreliable,23,step-3.5-flash,sha256:3c9be8b012b4ec53f53fc5d69dd2b966a6c1257e44b0dcda9e6f309f964ab645,det-v1,1,,1653,20494,90307.039,0.0063135000,false,true
call-000133,arm8_spec_immediate,dev/f1/s1050001/unreliable,23,step-3.5-flash,sha256:3c9be8b012b4ec53f53fc5d69dd2b966a6c1257e44b0dcda9e6f309f964ab645,det-v1,1,accepted,1653,20494,90307.039,0.0063135000,false,false
call-000134,arm9_spec_heuristic_rollback,dev/f1/s1050001/unreliable,15,step-3.5-flash,sha256:dfe02824bb4472f1e82776f4a2a4b545b01f49aaa07234eed41daeb63119536c,det-v1,1,accepted,1349,3998,0.004,0.0013343000,true,false
call-000135,arm9_spec_heuristic_rollback,dev/f1/s1050001/unreliable,23,step-3.5-flash,sha256:3c9be8b012b4ec53f53fc5d69dd2b966a6c1257e44b0dcda9e6f309f964ab645,det-v1,1,accepted,1653,20494,0.003,0.0063135000,true,false
call-000136,arm10_spec_eprocess,dev/f1/s1050001/unreliable,15,step-3.5-flash,sha256:dfe02824bb4472f1e82776f4a2a4b545b01f49aaa07234eed41daeb63119536c,det-v1,1,accepted,1349,3998,0.003,0.0013343000,true,false
call-000137,arm10_spec_eprocess,dev/f1/s1050001/unreliable,23,step-3.5-flash,sha256:3c9be8b012b4ec53f53fc5d69dd2b966a6c1257e44b0dcda9e6f309f964ab645,det-v1,1,accepted,1653,20494,0.002,0.0063135000,true,false
call-000138,arm8_spec_immediate,dev/f1/s1050001/unreliable__twin,10,step-3.5-flash,sha256:1a7d75eb1ce921b829cf44fbc8e93057fc53cf6f0a3c3883bf92ed2bbe1fd8dd,det-v1,1,,1173,4055,21702.335,0.0013338000,false,true
call-000139,arm8_spec_immediate,dev/f1/s1050001/unreliable__twin,10,step-3.5-flash,sha256:1a7d75eb1ce921b829cf44fbc8e93057fc53cf6f0a3c3883bf92ed2bbe1fd8dd,det-v1,1,accepted,1173,4055,21702.335,0.0013338000,false,false
call-000140,arm9_spec_heuristic_rollback,dev/f1/s1050001/unreliable__twin,10,step-3.5-flash,sha256:1a7d75eb1ce921b829cf44fbc8e93057fc53cf6f0a3c3883bf92ed2bbe1fd8dd,det-v1,1,accepted,1173,4055,0.002,0.0013338000,true,false
call-000141,arm10_spec_eprocess,dev/f1/s1050001/unreliable__twin,10,step-3.5-flash,sha256:1a7d75eb1ce921b829cf44fbc8e93057fc53cf6f0a3c3883bf92ed2bbe1fd8dd,det-v1,1,accepted,1173,4055,0.002,0.0013338000,true,false
call-000142,arm8_spec_immediate,cal/f1/s1060001/unreliable,21,step-3.5-flash,sha256:8e8a5f68cdf5e24e7d0248f70f5f911490e8b84cf2e01ea29b911a6d6fd5b159,det-v1,1,,1590,2354,12441.012,0.0008652000,false,true
call-000143,arm8_spec_immediate,cal/f1/s1060001/unreliable,21,step-3.5-flash,sha256:8e8a5f68cdf5e24e7d0248f70f5f911490e8b84cf2e01ea29b911a6d6fd5b159,det-v1,1,accepted,1590,2354,12441.012,0.0008652000,false,false
call-000144,arm8_spec_immediate,cal/f1/s1060001/unreliable,36,step-3.5-flash,sha256:098f336afcc88ff25e10bede80f918057dd59a9b42f3a8953a5a42198d2c50af,det-v1,1,,2160,5004,23340.984,0.0017172000,false,true
call-000145,arm8_spec_immediate,cal/f1/s1060001/unreliable,36,step-3.5-flash,sha256:098f336afcc88ff25e10bede80f918057dd59a9b42f3a8953a5a42198d2c50af,det-v1,1,accepted,2160,5004,23340.984,0.0017172000,false,false
call-000146,arm9_spec_heuristic_rollback,cal/f1/s1060001/unreliable,21,step-3.5-flash,sha256:8e8a5f68cdf5e24e7d0248f70f5f911490e8b84cf2e01ea29b911a6d6fd5b159,det-v1,1,accepted,1590,2354,0.003,0.0008652000,true,false
call-000147,arm9_spec_heuristic_rollback,cal/f1/s1060001/unreliable,36,step-3.5-flash,sha256:098f336afcc88ff25e10bede80f918057dd59a9b42f3a8953a5a42198d2c50af,det-v1,1,accepted,2160,5004,0.003,0.0017172000,true,false
call-000148,arm10_spec_eprocess,cal/f1/s1060001/unreliable,21,step-3.5-flash,sha256:8e8a5f68cdf5e24e7d0248f70f5f911490e8b84cf2e01ea29b911a6d6fd5b159,det-v1,1,accepted,1590,2354,0.003,0.0008652000,true,false
call-000149,arm10_spec_eprocess,cal/f1/s1060001/unreliable,36,step-3.5-flash,sha256:6ee5cddf476f759fb6bb19567310e1b81226ef8cd85753117964701b2860ce15,det-v1,1,,2160,6036,27226.095,0.0020268000,false,true
call-000150,arm10_spec_eprocess,cal/f1/s1060001/unreliable,36,step-3.5-flash,sha256:6ee5cddf476f759fb6bb19567310e1b81226ef8cd85753117964701b2860ce15,det-v1,1,accepted,2160,6036,27226.095,0.0020268000,false,false
call-000151,arm8_spec_immediate,cal/f1/s1060001/unreliable__twin,10,step-3.5-flash,sha256:1b51064268c40f6f64ec7c2e82001fa483f8130e8c6bb5e6fcb5737efb002b32,det-v1,1,,1175,5043,23995.561,0.0016304000,false,true
call-000152,arm8_spec_immediate,cal/f1/s1060001/unreliable__twin,10,step-3.5-flash,sha256:1b51064268c40f6f64ec7c2e82001fa483f8130e8c6bb5e6fcb5737efb002b32,det-v1,1,accepted,1175,5043,23995.561,0.0016304000,false,false
call-000153,arm9_spec_heuristic_rollback,cal/f1/s1060001/unreliable__twin,10,step-3.5-flash,sha256:1b51064268c40f6f64ec7c2e82001fa483f8130e8c6bb5e6fcb5737efb002b32,det-v1,1,accepted,1175,5043,0.002,0.0016304000,true,false
call-000154,arm10_spec_eprocess,cal/f1/s1060001/unreliable__twin,10,step-3.5-flash,sha256:1b51064268c40f6f64ec7c2e82001fa483f8130e8c6bb5e6fcb5737efb002b32,det-v1,1,accepted,1175,5043,0.002,0.0016304000,true,false
call-000155,arm8_spec_immediate,dev/f2/s2050000/no_alert,28,step-3.5-flash,sha256:317111725c1163ef32bf96af8bfd5281798ae20503036b4fe2fea9283b389383,det-v1,1,,1817,5016,22768.172,0.0016865000,false,true
call-000156,arm8_spec_immediate,dev/f2/s2050000/no_alert,28,step-3.5-flash,sha256:317111725c1163ef32bf96af8bfd5281798ae20503036b4fe2fea9283b389383,det-v1,1,accepted,1817,5016,22768.172,0.0016865000,false,false
call-000157,arm8_spec_immediate,dev/f2/s2050000/no_alert,37,step-3.5-flash,sha256:768a661ae721b04b0c9b65f5eb0cd8fd3d6603e07dae0a6954123377dd56ac0d,det-v1,1,,2159,680,4229.626,0.0004199000,false,true
call-000158,arm8_spec_immediate,dev/f2/s2050000/no_alert,37,step-3.5-flash,sha256:768a661ae721b04b0c9b65f5eb0cd8fd3d6603e07dae0a6954123377dd56ac0d,det-v1,1,accepted,2159,680,4229.626,0.0004199000,false,false
call-000159,arm9_spec_heuristic_rollback,dev/f2/s2050000/no_alert,28,step-3.5-flash,sha256:317111725c1163ef32bf96af8bfd5281798ae20503036b4fe2fea9283b389383,det-v1,1,accepted,1817,5016,0.004,0.0016865000,true,false
call-000160,arm9_spec_heuristic_rollback,dev/f2/s2050000/no_alert,37,step-3.5-flash,sha256:768a661ae721b04b0c9b65f5eb0cd8fd3d6603e07dae0a6954123377dd56ac0d,det-v1,1,accepted,2159,680,0.003,0.0004199000,true,false
call-000161,arm10_spec_eprocess,dev/f2/s2050000/no_alert,28,step-3.5-flash,sha256:317111725c1163ef32bf96af8bfd5281798ae20503036b4fe2fea9283b389383,det-v1,1,accepted,1817,5016,0.003,0.0016865000,true,false
call-000162,arm10_spec_eprocess,dev/f2/s2050000/no_alert,37,step-3.5-flash,sha256:768a661ae721b04b0c9b65f5eb0cd8fd3d6603e07dae0a6954123377dd56ac0d,det-v1,1,accepted,2159,680,0.003,0.0004199000,true,false
call-000163,arm8_spec_immediate,dev/f2/s2050000/no_alert__twin,10,step-3.5-flash,sha256:2d1bc6581d657f6cabd0f167765238aee74cccdee101acf51af5cc7b1414d7de,det-v1,1,,1170,6439,30448.630,0.0020487000,false,true
call-000164,arm8_spec_immediate,dev/f2/s2050000/no_alert__twin,10,step-3.5-flash,sha256:2d1bc6581d657f6cabd0f167765238aee74cccdee101acf51af5cc7b1414d7de,det-v1,1,fallback,1170,6439,30448.630,0.0020487000,false,false
call-000165,arm8_spec_immediate,dev/f2/s2050000/no_alert__twin,10,step-3.5-flash,sha256:cea78b8629e1f2e7d9737e7eebbad6206b0bbf1fad68627a953fd5060e10244a,det-v1,2,,1242,3774,17733.916,0.0012564000,false,true
call-000166,arm8_spec_immediate,dev/f2/s2050000/no_alert__twin,10,step-3.5-flash,sha256:cea78b8629e1f2e7d9737e7eebbad6206b0bbf1fad68627a953fd5060e10244a,det-v1,2,accepted_after_repair,1242,3774,17733.916,0.0012564000,false,false
call-000167,arm8_spec_immediate,dev/f2/s2050000/no_alert__twin,43,step-3.5-flash,sha256:d00720d3e7f57db4447b9291e79560e5d3fc328245ab715fd43b8888f6e9e623,det-v1,1,,2424,5034,23746.100,0.0017526000,false,true
call-000168,arm8_spec_immediate,dev/f2/s2050000/no_alert__twin,43,step-3.5-flash,sha256:d00720d3e7f57db4447b9291e79560e5d3fc328245ab715fd43b8888f6e9e623,det-v1,1,accepted,2424,5034,23746.100,0.0017526000,false,false
call-000169,arm9_spec_heuristic_rollback,dev/f2/s2050000/no_alert__twin,10,step-3.5-flash,sha256:2d1bc6581d657f6cabd0f167765238aee74cccdee101acf51af5cc7b1414d7de,det-v1,1,fallback,1170,6439,0.003,0.0020487000,true,false
call-000170,arm9_spec_heuristic_rollback,dev/f2/s2050000/no_alert__twin,10,step-3.5-flash,sha256:cea78b8629e1f2e7d9737e7eebbad6206b0bbf1fad68627a953fd5060e10244a,det-v1,2,accepted_after_repair,1242,3774,0.002,0.0012564000,true,false
call-000171,arm9_spec_heuristic_rollback,dev/f2/s2050000/no_alert__twin,43,step-3.5-flash,sha256:b4cd321833da091c8077589e9c9e19e052655253bd86d86467403982ccef4896,det-v1,1,,2424,9582,43071.423,0.0031170000,false,true
call-000172,arm9_spec_heuristic_rollback,dev/f2/s2050000/no_alert__twin,43,step-3.5-flash,sha256:b4cd321833da091c8077589e9c9e19e052655253bd86d86467403982ccef4896,det-v1,1,accepted,2424,9582,43071.423,0.0031170000,false,false
call-000173,arm10_spec_eprocess,dev/f2/s2050000/no_alert__twin,10,step-3.5-flash,sha256:2d1bc6581d657f6cabd0f167765238aee74cccdee101acf51af5cc7b1414d7de,det-v1,1,fallback,1170,6439,0.004,0.0020487000,true,false
call-000174,arm10_spec_eprocess,dev/f2/s2050000/no_alert__twin,10,step-3.5-flash,sha256:cea78b8629e1f2e7d9737e7eebbad6206b0bbf1fad68627a953fd5060e10244a,det-v1,2,accepted_after_repair,1242,3774,0.003,0.0012564000,true,false
call-000175,arm10_spec_eprocess,dev/f2/s2050000/no_alert__twin,43,step-3.5-flash,sha256:b4f91e86d8ab69831b708a74ab23605a5ad77da3d7031b14403032966d0b8f79,det-v1,1,,2424,7058,32058.998,0.0023598000,false,true
call-000176,arm10_spec_eprocess,dev/f2/s2050000/no_alert__twin,43,step-3.5-flash,sha256:b4f91e86d8ab69831b708a74ab23605a5ad77da3d7031b14403032966d0b8f79,det-v1,1,accepted,2424,7058,32058.998,0.0023598000,false,false
call-000177,arm8_spec_immediate,cal/f2/s2060000/no_alert,22,step-3.5-flash,sha256:c7ae6adf6e3949822e1bb991b3ce84bc013b9f50e126c6f75b46d097e658a31d,det-v1,1,,1589,2773,14377.893,0.0009908000,false,true
call-000178,arm8_spec_immediate,cal/f2/s2060000/no_alert,22,step-3.5-flash,sha256:c7ae6adf6e3949822e1bb991b3ce84bc013b9f50e126c6f75b46d097e658a31d,det-v1,1,accepted,1589,2773,14377.893,0.0009908000,false,false
call-000179,arm8_spec_immediate,cal/f2/s2060000/no_alert,37,step-3.5-flash,sha256:a2f6fb91ae9d553de99367a0933381628f40a63e0074bfc2f17f98cc6850acb4,det-v1,1,,2159,1397,7109.452,0.0006350000,false,true
call-000180,arm8_spec_immediate,cal/f2/s2060000/no_alert,37,step-3.5-flash,sha256:a2f6fb91ae9d553de99367a0933381628f40a63e0074bfc2f17f98cc6850acb4,det-v1,1,accepted,2159,1397,7109.452,0.0006350000,false,false
call-000181,arm9_spec_heuristic_rollback,cal/f2/s2060000/no_alert,22,step-3.5-flash,sha256:c7ae6adf6e3949822e1bb991b3ce84bc013b9f50e126c6f75b46d097e658a31d,det-v1,1,accepted,1589,2773,0.003,0.0009908000,true,false
call-000182,arm9_spec_heuristic_rollback,cal/f2/s2060000/no_alert,37,step-3.5-flash,sha256:a2f6fb91ae9d553de99367a0933381628f40a63e0074bfc2f17f98cc6850acb4,det-v1,1,accepted,2159,1397,0.003,0.0006350000,true,false
call-000183,arm10_spec_eprocess,cal/f2/s2060000/no_alert,22,step-3.5-flash,sha256:c7ae6adf6e3949822e1bb991b3ce84bc013b9f50e126c6f75b46d097e658a31d,det-v1,1,accepted,1589,2773,0.003,0.0009908000,true,false
call-000184,arm10_spec_eprocess,cal/f2/s2060000/no_alert,37,step-3.5-flash,sha256:a2f6fb91ae9d553de99367a0933381628f40a63e0074bfc2f17f98cc6850acb4,det-v1,1,accepted,2159,1397,0.003,0.0006350000,true,false
call-000185,arm8_spec_immediate,cal/f2/s2060000/no_alert__twin,10,step-3.5-flash,sha256:22f1a3b69c28813b0de3809952853c824b05976c4b055f13335f6f9c08a043aa,det-v1,1,,1175,5468,29227.089,0.0017579000,false,true
call-000186,arm8_spec_immediate,cal/f2/s2060000/no_alert__twin,10,step-3.5-flash,sha256:22f1a3b69c28813b0de3809952853c824b05976c4b055f13335f6f9c08a043aa,det-v1,1,accepted,1175,5468,29227.089,0.0017579000,false,false
call-000187,arm9_spec_heuristic_rollback,cal/f2/s2060000/no_alert__twin,10,step-3.5-flash,sha256:22f1a3b69c28813b0de3809952853c824b05976c4b055f13335f6f9c08a043aa,det-v1,1,accepted,1175,5468,0.002,0.0017579000,true,false
call-000188,arm10_spec_eprocess,cal/f2/s2060000/no_alert__twin,10,step-3.5-flash,sha256:22f1a3b69c28813b0de3809952853c824b05976c4b055f13335f6f9c08a043aa,det-v1,1,accepted,1175,5468,0.002,0.0017579000,true,false
call-000189,arm8_spec_immediate,dev/f2/s2050001/no_alert,27,step-3.5-flash,sha256:f135d46da1c9aa1b6c0ea93deb51bfd46a29dde884960061a1a064fd643adf6b,det-v1,1,,1779,6730,30891.999,0.0021969000,false,true
call-000190,arm8_spec_immediate,dev/f2/s2050001/no_alert,27,step-3.5-flash,sha256:f135d46da1c9aa1b6c0ea93deb51bfd46a29dde884960061a1a064fd643adf6b,det-v1,1,accepted,1779,6730,30891.999,0.0021969000,false,false
call-000191,arm8_spec_immediate,dev/f2/s2050001/no_alert,44,step-3.5-flash,sha256:6f3449974d563a5ce19a5d99db8e3e75c9ca3d6100e4132e0048bbf8d8893833,det-v1,1,,2425,3854,19216.113,0.0013987000,false,true
call-000192,arm8_spec_immediate,dev/f2/s2050001/no_alert,44,step-3.5-flash,sha256:6f3449974d563a5ce19a5d99db8e3e75c9ca3d6100e4132e0048bbf8d8893833,det-v1,1,accepted,2425,3854,19216.113,0.0013987000,false,false
call-000193,arm9_spec_heuristic_rollback,dev/f2/s2050001/no_alert,27,step-3.5-flash,sha256:f135d46da1c9aa1b6c0ea93deb51bfd46a29dde884960061a1a064fd643adf6b,det-v1,1,accepted,1779,6730,0.003,0.0021969000,true,false
call-000194,arm9_spec_heuristic_rollback,dev/f2/s2050001/no_alert,44,step-3.5-flash,sha256:6f3449974d563a5ce19a5d99db8e3e75c9ca3d6100e4132e0048bbf8d8893833,det-v1,1,accepted,2425,3854,0.003,0.0013987000,true,false
call-000195,arm10_spec_eprocess,dev/f2/s2050001/no_alert,27,step-3.5-flash,sha256:f135d46da1c9aa1b6c0ea93deb51bfd46a29dde884960061a1a064fd643adf6b,det-v1,1,accepted,1779,6730,0.003,0.0021969000,true,false
call-000196,arm10_spec_eprocess,dev/f2/s2050001/no_alert,44,step-3.5-flash,sha256:6f3449974d563a5ce19a5d99db8e3e75c9ca3d6100e4132e0048bbf8d8893833,det-v1,1,accepted,2425,3854,0.003,0.0013987000,true,false
call-000197,arm8_spec_immediate,dev/f2/s2050001/no_alert__twin,10,step-3.5-flash,sha256:621e53685eaf78ce528ca180d557107f3ad263860de5fb6ac03b470e3a1d5116,det-v1,1,,1177,2796,14645.726,0.0009565000,false,true
call-000198,arm8_spec_immediate,dev/f2/s2050001/no_alert__twin,10,step-3.5-flash,sha256:621e53685eaf78ce528ca180d557107f3ad263860de5fb6ac03b470e3a1d5116,det-v1,1,accepted,1177,2796,14645.726,0.0009565000,false,false
call-000199,arm9_spec_heuristic_rollback,dev/f2/s2050001/no_alert__twin,10,step-3.5-flash,sha256:621e53685eaf78ce528ca180d557107f3ad263860de5fb6ac03b470e3a1d5116,det-v1,1,accepted,1177,2796,0.002,0.0009565000,true,false
call-000200,arm10_spec_eprocess,dev/f2/s2050001/no_alert__twin,10,step-3.5-flash,sha256:621e53685eaf78ce528ca180d557107f3ad263860de5fb6ac03b470e3a1d5116,det-v1,1,accepted,1177,2796,0.002,0.0009565000,true,false
call-000201,arm8_spec_immediate,cal/f2/s2060001/no_alert,37,step-3.5-flash,sha256:baba93c0b1def96b829f857a53ec7112fb6f00783e5f6a94ad9c8335f9b20c55,det-v1,1,,2159,1411,7170.584,0.0006392000,false,true
call-000202,arm8_spec_immediate,cal/f2/s2060001/no_alert,37,step-3.5-flash,sha256:baba93c0b1def96b829f857a53ec7112fb6f00783e5f6a94ad9c8335f9b20c55,det-v1,1,accepted,2159,1411,7170.584,0.0006392000,false,false
call-000203,arm8_spec_immediate,cal/f2/s2060001/no_alert,46,step-3.5-flash,sha256:16a8c9f79a40c5cc041b52e06137805db6f55a4dbe358c588159499ac847cc01,det-v1,1,,2501,3559,18242.672,0.0013178000,false,true
call-000204,arm8_spec_immediate,cal/f2/s2060001/no_alert,46,step-3.5-flash,sha256:16a8c9f79a40c5cc041b52e06137805db6f55a4dbe358c588159499ac847cc01,det-v1,1,accepted,2501,3559,18242.672,0.0013178000,false,false
call-000205,arm9_spec_heuristic_rollback,cal/f2/s2060001/no_alert,37,step-3.5-flash,sha256:baba93c0b1def96b829f857a53ec7112fb6f00783e5f6a94ad9c8335f9b20c55,det-v1,1,accepted,2159,1411,0.003,0.0006392000,true,false
call-000206,arm9_spec_heuristic_rollback,cal/f2/s2060001/no_alert,46,step-3.5-flash,sha256:16a8c9f79a40c5cc041b52e06137805db6f55a4dbe358c588159499ac847cc01,det-v1,1,accepted,2501,3559,0.003,0.0013178000,true,false
call-000207,arm10_spec_eprocess,cal/f2/s2060001/no_alert,37,step-3.5-flash,sha256:baba93c0b1def96b829f857a53ec7112fb6f00783e5f6a94ad9c8335f9b20c55,det-v1,1,accepted,2159,1411,0.003,0.0006392000,true,false
call-000208,arm10_spec_eprocess,cal/f2/s2060001/no_alert,46,step-3.5-flash,sha256:16a8c9f79a40c5cc041b52e06137805db6f55a4dbe358c588159499ac847cc01,det-v1,1,accepted,2501,3559,0.003,0.0013178000,true,false
call-000209,arm8_spec_immediate,cal/f2/s2060001/no_alert__twin,10,step-3.5-flash,sha256:3496463c37e55624060fc410640942889d794a041178b04b570a44144edf07d2,det-v1,1,,1175,9197,46262.905,0.0028766000,false,true
call-000210,arm8_spec_immediate,cal/f2/s2060001/no_alert__twin,10,step-3.5-flash,sha256:3496463c37e55624060fc410640942889d794a041178b04b570a44144edf07d2,det-v1,1,accepted,1175,9197,46262.905,0.0028766000,false,false
call-000211,arm9_spec_heuristic_rollback,cal/f2/s2060001/no_alert__twin,10,step-3.5-flash,sha256:3496463c37e55624060fc410640942889d794a041178b04b570a44144edf07d2,det-v1,1,accepted,1175,9197,0.003,0.0028766000,true,false
call-000212,arm10_spec_eprocess,cal/f2/s2060001/no_alert__twin,10,step-3.5-flash,sha256:3496463c37e55624060fc410640942889d794a041178b04b570a44144edf07d2,det-v1,1,accepted,1175,9197,0.003,0.0028766000,true,false
call-000213,arm8_spec_immediate,dev/f2/s2050000/early_accurate,28,step-3.5-flash,sha256:2eb88411a84e43f6f9185d3400ad7db797627929aa8610a3335c9ea3421c3c12,det-v1,1,,1817,8510,46741.778,0.0027347000,false,true
call-000214,arm8_spec_immediate,dev/f2/s2050000/early_accurate,28,step-3.5-flash,sha256:2eb88411a84e43f6f9185d3400ad7db797627929aa8610a3335c9ea3421c3c12,det-v1,1,accepted,1817,8510,46741.778,0.0027347000,false,false
call-000215,arm8_spec_immediate,dev/f2/s2050000/early_accurate,37,step-3.5-flash,sha256:e6d3ca2b5c3c17a9eec7bd08be5e451ff9e0a43441207267964421eb46e8a657,det-v1,1,,2159,2650,14234.407,0.0010109000,false,true
call-000216,arm8_spec_immediate,dev/f2/s2050000/early_accurate,37,step-3.5-flash,sha256:e6d3ca2b5c3c17a9eec7bd08be5e451ff9e0a43441207267964421eb46e8a657,det-v1,1,accepted,2159,2650,14234.407,0.0010109000,false,false
call-000217,arm9_spec_heuristic_rollback,dev/f2/s2050000/early_accurate,28,step-3.5-flash,sha256:2eb88411a84e43f6f9185d3400ad7db797627929aa8610a3335c9ea3421c3c12,det-v1,1,accepted,1817,8510,0.004,0.0027347000,true,false
call-000218,arm9_spec_heuristic_rollback,dev/f2/s2050000/early_accurate,37,step-3.5-flash,sha256:e6d3ca2b5c3c17a9eec7bd08be5e451ff9e0a43441207267964421eb46e8a657,det-v1,1,accepted,2159,2650,0.003,0.0010109000,true,false
call-000219,arm10_spec_eprocess,dev/f2/s2050000/early_accurate,28,step-3.5-flash,sha256:2eb88411a84e43f6f9185d3400ad7db797627929aa8610a3335c9ea3421c3c12,det-v1,1,accepted,1817,8510,0.003,0.0027347000,true,false
call-000220,arm10_spec_eprocess,dev/f2/s2050000/early_accurate,37,step-3.5-flash,sha256:e6d3ca2b5c3c17a9eec7bd08be5e451ff9e0a43441207267964421eb46e8a657,det-v1,1,accepted,2159,2650,0.003,0.0010109000,true,false
call-000221,arm8_spec_immediate,dev/f2/s2050000/early_accurate__twin,10,step-3.5-flash,sha256:cbaa3764933cde8cbcdcfde07b43daf638782a9350e26e5b2a7aaac975641448,det-v1,1,,1170,6128,29643.133,0.0019554000,false,true
call-000222,arm8_spec_immediate,dev/f2/s2050000/early_accurate__twin,10,step-3.5-flash,sha256:cbaa3764933cde8cbcdcfde07b43daf638782a9350e26e5b2a7aaac975641448,det-v1,1,accepted,1170,6128,29643.133,0.0019554000,false,false
call-000223,arm8_spec_immediate,dev/f2/s2050000/early_accurate__twin,43,step-3.5-flash,sha256:25dd2f87ee08e86f4ac59c1effbe65f81b6d8043a93e0e2fd716e7df84c31bb1,det-v1,1,,2424,5433,26704.387,0.0018723000,false,true
call-000224,arm8_spec_immediate,dev/f2/s2050000/early_accurate__twin,43,step-3.5-flash,sha256:25dd2f87ee08e86f4ac59c1effbe65f81b6d8043a93e0e2fd716e7df84c31bb1,det-v1,1,accepted,2424,5433,26704.387,0.0018723000,false,false
call-000225,arm9_spec_heuristic_rollback,dev/f2/s2050000/early_accurate__twin,10,step-3.5-flash,sha256:cbaa3764933cde8cbcdcfde07b43daf638782a9350e26e5b2a7aaac975641448,det-v1,1,accepted,1170,6128,0.006,0.0019554000,true,false
call-000226,arm9_spec_heuristic_rollback,dev/f2/s2050000/early_accurate__twin,43,step-3.5-flash,sha256:ba03642ff58cf5f96fae0dd17569a20fc8cafe2106533c089e7cc2b0121b7e26,det-v1,1,,2424,7084,34425.264,0.0023676000,false,true
call-000227,arm9_spec_heuristic_rollback,dev/f2/s2050000/early_accurate__twin,43,step-3.5-flash,sha256:ba03642ff58cf5f96fae0dd17569a20fc8cafe2106533c089e7cc2b0121b7e26,det-v1,1,accepted,2424,7084,34425.264,0.0023676000,false,false
call-000228,arm10_spec_eprocess,dev/f2/s2050000/early_accurate__twin,10,step-3.5-flash,sha256:cbaa3764933cde8cbcdcfde07b43daf638782a9350e26e5b2a7aaac975641448,det-v1,1,accepted,1170,6128,0.005,0.0019554000,true,false
call-000229,arm10_spec_eprocess,dev/f2/s2050000/early_accurate__twin,43,step-3.5-flash,sha256:0bf73a4ab9558302958337d8b6c076891d2ccb237e7548ea2aa09ccdb3649737,det-v1,1,,2424,6425,29984.627,0.0021699000,false,true
call-000230,arm10_spec_eprocess,dev/f2/s2050000/early_accurate__twin,43,step-3.5-flash,sha256:0bf73a4ab9558302958337d8b6c076891d2ccb237e7548ea2aa09ccdb3649737,det-v1,1,accepted,2424,6425,29984.627,0.0021699000,false,false
call-000231,arm8_spec_immediate,cal/f2/s2060000/early_accurate,22,step-3.5-flash,sha256:a2f0d41c416c7b26bb817475dffdd82721649c0c4545031e121a9da5579463a9,det-v1,1,,1589,3709,26770.779,0.0012716000,false,true
call-000232,arm8_spec_immediate,cal/f2/s2060000/early_accurate,22,step-3.5-flash,sha256:a2f0d41c416c7b26bb817475dffdd82721649c0c4545031e121a9da5579463a9,det-v1,1,accepted,1589,3709,26770.779,0.0012716000,false,false
call-000233,arm8_spec_immediate,cal/f2/s2060000/early_accurate,37,step-3.5-flash,sha256:be40d196c89da151022269d77c5d3ea60bb937a8404fdadb3975051fdda0f8db,det-v1,1,,2159,9810,46033.397,0.0031589000,false,true
call-000234,arm8_spec_immediate,cal/f2/s2060000/early_accurate,37,step-3.5-flash,sha256:be40d196c89da151022269d77c5d3ea60bb937a8404fdadb3975051fdda0f8db,det-v1,1,accepted,2159,9810,46033.397,0.0031589000,false,false
call-000235,arm9_spec_heuristic_rollback,cal/f2/s2060000/early_accurate,22,step-3.5-flash,sha256:a2f0d41c416c7b26bb817475dffdd82721649c0c4545031e121a9da5579463a9,det-v1,1,accepted,1589,3709,0.005,0.0012716000,true,false
call-000236,arm9_spec_heuristic_rollback,cal/f2/s2060000/early_accurate,37,step-3.5-flash,sha256:be40d196c89da151022269d77c5d3ea60bb937a8404fdadb3975051fdda0f8db,det-v1,1,accepted,2159,9810,0.003,0.0031589000,true,false
call-000237,arm10_spec_eprocess,cal/f2/s2060000/early_accurate,22,step-3.5-flash,sha256:a2f0d41c416c7b26bb817475dffdd82721649c0c4545031e121a9da5579463a9,det-v1,1,accepted,1589,3709,0.005,0.0012716000,true,false
call-000238,arm10_spec_eprocess,cal/f2/s2060000/early_accurate,37,step-3.5-flash,sha256:be40d196c89da151022269d77c5d3ea60bb937a8404fdadb3975051fdda0f8db,det-v1,1,accepted,2159,9810,0.004,0.0031589000,true,false
call-000239,arm8_spec_immediate,cal/f2/s2060000/early_accurate__twin,10,step-3.5-flash,sha256:51a8d05c32b4712c9ebbb0707793727a90587b1d0398f4f03265d8fdcad76adf,det-v1,1,,1175,3883,17535.378,0.0012824000,false,true
call-000240,arm8_spec_immediate,cal/f2/s2060000/early_accurate__twin,10,step-3.5-flash,sha256:51a8d05c32b4712c9ebbb0707793727a90587b1d0398f4f03265d8fdcad76adf,det-v1,1,accepted,1175,3883,17535.378,0.0012824000,false,false
call-000241,arm9_spec_heuristic_rollback,cal/f2/s2060000/early_accurate__twin,10,step-3.5-flash,sha256:51a8d05c32b4712c9ebbb0707793727a90587b1d0398f4f03265d8fdcad76adf,det-v1,1,accepted,1175,3883,0.005,0.0012824000,true,false
call-000242,arm10_spec_eprocess,cal/f2/s2060000/early_accurate__twin,10,step-3.5-flash,sha256:51a8d05c32b4712c9ebbb0707793727a90587b1d0398f4f03265d8fdcad76adf,det-v1,1,accepted,1175,3883,0.004,0.0012824000,true,false
call-000243,arm8_spec_immediate,dev/f2/s2050001/early_accurate,27,step-3.5-flash,sha256:9b4c89420add1705f475d28f6f5e903f60126338cd197756c3ed5b322ffdf63a,det-v1,1,,1779,32097,127346.781,0.0098070000,false,true
call-000244,arm8_spec_immediate,dev/f2/s2050001/early_accurate,27,step-3.5-flash,sha256:9b4c89420add1705f475d28f6f5e903f60126338cd197756c3ed5b322ffdf63a,det-v1,1,accepted,1779,32097,127346.781,0.0098070000,false,false
call-000245,arm8_spec_immediate,dev/f2/s2050001/early_accurate,44,step-3.5-flash,sha256:676612072480f6b1e481a78bf6558bde3feaeb2426237cd856df58e01a5b0847,det-v1,1,,2425,2256,11294.794,0.0009193000,false,true
call-000246,arm8_spec_immediate,dev/f2/s2050001/early_accurate,44,step-3.5-flash,sha256:676612072480f6b1e481a78bf6558bde3feaeb2426237cd856df58e01a5b0847,det-v1,1,accepted,2425,2256,11294.794,0.0009193000,false,false
call-000247,arm9_spec_heuristic_rollback,dev/f2/s2050001/early_accurate,27,step-3.5-flash,sha256:9b4c89420add1705f475d28f6f5e903f60126338cd197756c3ed5b322ffdf63a,det-v1,1,accepted,1779,32097,0.003,0.0098070000,true,false
call-000248,arm9_spec_heuristic_rollback,dev/f2/s2050001/early_accurate,44,step-3.5-flash,sha256:676612072480f6b1e481a78bf6558bde3feaeb2426237cd856df58e01a5b0847,det-v1,1,accepted,2425,2256,0.003,0.0009193000,true,false
call-000249,arm10_spec_eprocess,dev/f2/s2050001/early_accurate,27,step-3.5-flash,sha256:9b4c89420add1705f475d28f6f5e903f60126338cd197756c3ed5b322ffdf63a,det-v1,1,accepted,1779,32097,0.003,0.0098070000,true,false
call-000250,arm10_spec_eprocess,dev/f2/s2050001/early_accurate,44,step-3.5-flash,sha256:3b76379a15bb4adabcc57cc948bdd07ffd1339a6b2753443cd41d10a805f91e1,det-v1,1,,2425,2853,13742.274,0.0010984000,false,true
call-000251,arm10_spec_eprocess,dev/f2/s2050001/early_accurate,44,step-3.5-flash,sha256:3b76379a15bb4adabcc57cc948bdd07ffd1339a6b2753443cd41d10a805f91e1,det-v1,1,accepted,2425,2853,13742.274,0.0010984000,false,false
call-000252,arm8_spec_immediate,dev/f2/s2050001/early_accurate__twin,10,step-3.5-flash,sha256:dcaec0252717d61bbc7f9ce58badd4b2f92d65b7e35a9da7031ec6d60c05ad2f,det-v1,1,,1177,12088,54832.213,0.0037441000,false,true
call-000253,arm8_spec_immediate,dev/f2/s2050001/early_accurate__twin,10,step-3.5-flash,sha256:dcaec0252717d61bbc7f9ce58badd4b2f92d65b7e35a9da7031ec6d60c05ad2f,det-v1,1,accepted,1177,12088,54832.213,0.0037441000,false,false
call-000254,arm9_spec_heuristic_rollback,dev/f2/s2050001/early_accurate__twin,10,step-3.5-flash,sha256:dcaec0252717d61bbc7f9ce58badd4b2f92d65b7e35a9da7031ec6d60c05ad2f,det-v1,1,accepted,1177,12088,0.003,0.0037441000,true,false
call-000255,arm10_spec_eprocess,dev/f2/s2050001/early_accurate__twin,10,step-3.5-flash,sha256:dcaec0252717d61bbc7f9ce58badd4b2f92d65b7e35a9da7031ec6d60c05ad2f,det-v1,1,accepted,1177,12088,0.003,0.0037441000,true,false
call-000256,arm8_spec_immediate,cal/f2/s2060001/early_accurate,37,step-3.5-flash,sha256:fabba9802c91603ca4be464a2f51f6d1a187f8353bde5ac01454aec256b3a8dd,det-v1,1,,2159,1249,6554.546,0.0005906000,false,true
call-000257,arm8_spec_immediate,cal/f2/s2060001/early_accurate,37,step-3.5-flash,sha256:fabba9802c91603ca4be464a2f51f6d1a187f8353bde5ac01454aec256b3a8dd,det-v1,1,accepted,2159,1249,6554.546,0.0005906000,false,false
call-000258,arm8_spec_immediate,cal/f2/s2060001/early_accurate,46,step-3.5-flash,sha256:f04255d17efd9920b061c2d95fef9621148897f82ece58627c86e1a9a6f283b2,det-v1,1,,2501,1557,8593.464,0.0007172000,false,true
call-000259,arm8_spec_immediate,cal/f2/s2060001/early_accurate,46,step-3.5-flash,sha256:f04255d17efd9920b061c2d95fef9621148897f82ece58627c86e1a9a6f283b2,det-v1,1,accepted,2501,1557,8593.464,0.0007172000,false,false
call-000260,arm9_spec_heuristic_rollback,cal/f2/s2060001/early_accurate,37,step-3.5-flash,sha256:fabba9802c91603ca4be464a2f51f6d1a187f8353bde5ac01454aec256b3a8dd,det-v1,1,accepted,2159,1249,0.003,0.0005906000,true,false
call-000261,arm9_spec_heuristic_rollback,cal/f2/s2060001/early_accurate,46,step-3.5-flash,sha256:f04255d17efd9920b061c2d95fef9621148897f82ece58627c86e1a9a6f283b2,det-v1,1,accepted,2501,1557,0.003,0.0007172000,true,false
call-000262,arm10_spec_eprocess,cal/f2/s2060001/early_accurate,37,step-3.5-flash,sha256:fabba9802c91603ca4be464a2f51f6d1a187f8353bde5ac01454aec256b3a8dd,det-v1,1,accepted,2159,1249,0.003,0.0005906000,true,false
call-000263,arm10_spec_eprocess,cal/f2/s2060001/early_accurate,46,step-3.5-flash,sha256:f04255d17efd9920b061c2d95fef9621148897f82ece58627c86e1a9a6f283b2,det-v1,1,accepted,2501,1557,0.003,0.0007172000,true,false
call-000264,arm8_spec_immediate,cal/f2/s2060001/early_accurate__twin,10,step-3.5-flash,sha256:b2fe52e1f5a20450b9e8a2cd72fc0bb7c3329d0bf58c6001b9d69279dd70cda4,det-v1,1,,1175,5768,25553.998,0.0018479000,false,true
call-000265,arm8_spec_immediate,cal/f2/s2060001/early_accurate__twin,10,step-3.5-flash,sha256:b2fe52e1f5a20450b9e8a2cd72fc0bb7c3329d0bf58c6001b9d69279dd70cda4,det-v1,1,accepted,1175,5768,25553.998,0.0018479000,false,false
call-000266,arm9_spec_heuristic_rollback,cal/f2/s2060001/early_accurate__twin,10,step-3.5-flash,sha256:b2fe52e1f5a20450b9e8a2cd72fc0bb7c3329d0bf58c6001b9d69279dd70cda4,det-v1,1,accepted,1175,5768,0.002,0.0018479000,true,false
call-000267,arm10_spec_eprocess,cal/f2/s2060001/early_accurate__twin,10,step-3.5-flash,sha256:b2fe52e1f5a20450b9e8a2cd72fc0bb7c3329d0bf58c6001b9d69279dd70cda4,det-v1,1,accepted,1175,5768,0.002,0.0018479000,true,false
call-000268,arm8_spec_immediate,dev/f2/s2050000/late_accurate,28,step-3.5-flash,sha256:45fb30d46e19dc2a9cfa4c352a15c27baafec46f7184541288f8a892861dcc02,det-v1,1,,1817,3015,14380.221,0.0010862000,false,true
call-000269,arm8_spec_immediate,dev/f2/s2050000/late_accurate,28,step-3.5-flash,sha256:45fb30d46e19dc2a9cfa4c352a15c27baafec46f7184541288f8a892861dcc02,det-v1,1,accepted,1817,3015,14380.221,0.0010862000,false,false
call-000270,arm8_spec_immediate,dev/f2/s2050000/late_accurate,37,step-3.5-flash,sha256:6dbfe4fdd6d4add827b2ff673f28f354b4810cedb3cc9f5a0907507ba3cb05c4,det-v1,1,,2159,1069,5349.031,0.0005366000,false,true
call-000271,arm8_spec_immediate,dev/f2/s2050000/late_accurate,37,step-3.5-flash,sha256:6dbfe4fdd6d4add827b2ff673f28f354b4810cedb3cc9f5a0907507ba3cb05c4,det-v1,1,accepted,2159,1069,5349.031,0.0005366000,false,false
call-000272,arm9_spec_heuristic_rollback,dev/f2/s2050000/late_accurate,28,step-3.5-flash,sha256:45fb30d46e19dc2a9cfa4c352a15c27baafec46f7184541288f8a892861dcc02,det-v1,1,accepted,1817,3015,0.003,0.0010862000,true,false
call-000273,arm9_spec_heuristic_rollback,dev/f2/s2050000/late_accurate,37,step-3.5-flash,sha256:6dbfe4fdd6d4add827b2ff673f28f354b4810cedb3cc9f5a0907507ba3cb05c4,det-v1,1,accepted,2159,1069,0.002,0.0005366000,true,false
call-000274,arm10_spec_eprocess,dev/f2/s2050000/late_accurate,28,step-3.5-flash,sha256:45fb30d46e19dc2a9cfa4c352a15c27baafec46f7184541288f8a892861dcc02,det-v1,1,accepted,1817,3015,0.002,0.0010862000,true,false
call-000275,arm10_spec_eprocess,dev/f2/s2050000/late_accurate,37,step-3.5-flash,sha256:6dbfe4fdd6d4add827b2ff673f28f354b4810cedb3cc9f5a0907507ba3cb05c4,det-v1,1,accepted,2159,1069,0.002,0.0005366000,true,false
call-000276,arm8_spec_immediate,cal/f2/s2060000/late_accurate,22,step-3.5-flash,sha256:e529af720f9d17439fe8d17ac81716c36174ba5c7a93c652ff1a5e26bbdf333e,det-v1,1,,1589,2524,13361.905,0.0009161000,false,true
call-000277,arm8_spec_immediate,cal/f2/s2060000/late_accurate,22,step-3.5-flash,sha256:e529af720f9d17439fe8d17ac81716c36174ba5c7a93c652ff1a5e26bbdf333e,det-v1,1,accepted,1589,2524,13361.905,0.0009161000,false,false
call-000278,arm8_spec_immediate,cal/f2/s2060000/late_accurate,37,step-3.5-flash,sha256:77e167d24dca2c49afa90111be84a83c4c809697f532d086c5ab3642903e578c,det-v1,1,,2159,15495,70356.193,0.0048644000,false,true
call-000279,arm8_spec_immediate,cal/f2/s2060000/late_accurate,37,step-3.5-flash,sha256:77e167d24dca2c49afa90111be84a83c4c809697f532d086c5ab3642903e578c,det-v1,1,fallback,2159,15495,70356.193,0.0048644000,false,false
call-000280,arm8_spec_immediate,cal/f2/s2060000/late_accurate,37,step-3.5-flash,sha256:05c5d4083958abc6369816207d5a16011dc21080c52e88ea6d418b061f201e47,det-v1,2,,2231,1523,8282.532,0.0006800000,false,true
call-000281,arm8_spec_immediate,cal/f2/s2060000/late_accurate,37,step-3.5-flash,sha256:05c5d4083958abc6369816207d5a16011dc21080c52e88ea6d418b061f201e47,det-v1,2,accepted_after_repair,2231,1523,8282.532,0.0006800000,false,false
call-000282,arm9_spec_heuristic_rollback,cal/f2/s2060000/late_accurate,22,step-3.5-flash,sha256:e529af720f9d17439fe8d17ac81716c36174ba5c7a93c652ff1a5e26bbdf333e,det-v1,1,accepted,1589,2524,0.003,0.0009161000,true,false
call-000283,arm9_spec_heuristic_rollback,cal/f2/s2060000/late_accurate,37,step-3.5-flash,sha256:77e167d24dca2c49afa90111be84a83c4c809697f532d086c5ab3642903e578c,det-v1,1,fallback,2159,15495,0.003,0.0048644000,true,false
call-000284,arm9_spec_heuristic_rollback,cal/f2/s2060000/late_accurate,37,step-3.5-flash,sha256:05c5d4083958abc6369816207d5a16011dc21080c52e88ea6d418b061f201e47,det-v1,2,accepted_after_repair,2231,1523,0.003,0.0006800000,true,false
call-000285,arm10_spec_eprocess,cal/f2/s2060000/late_accurate,22,step-3.5-flash,sha256:e529af720f9d17439fe8d17ac81716c36174ba5c7a93c652ff1a5e26bbdf333e,det-v1,1,accepted,1589,2524,0.003,0.0009161000,true,false
call-000286,arm10_spec_eprocess,cal/f2/s2060000/late_accurate,37,step-3.5-flash,sha256:77e167d24dca2c49afa90111be84a83c4c809697f532d086c5ab3642903e578c,det-v1,1,fallback,2159,15495,0.003,0.0048644000,true,false
call-000287,arm10_spec_eprocess,cal/f2/s2060000/late_accurate,37,step-3.5-flash,sha256:05c5d4083958abc6369816207d5a16011dc21080c52e88ea6d418b061f201e47,det-v1,2,accepted_after_repair,2231,1523,0.002,0.0006800000,true,false
call-000288,arm8_spec_immediate,dev/f2/s2050001/late_accurate,27,step-3.5-flash,sha256:a3dd65b716013d03b50be05366a4298f41b87c292ff2f574b3e181f501ff7133,det-v1,1,,1779,7183,42370.104,0.0023328000,false,true
call-000289,arm8_spec_immediate,dev/f2/s2050001/late_accurate,27,step-3.5-flash,sha256:a3dd65b716013d03b50be05366a4298f41b87c292ff2f574b3e181f501ff7133,det-v1,1,accepted,1779,7183,42370.104,0.0023328000,false,false
call-000290,arm8_spec_immediate,dev/f2/s2050001/late_accurate,44,step-3.5-flash,sha256:cf61e89449fd6eec263693d5959bf49581735e58ba316d2a91e5e3a4731e09c7,det-v1,1,,2425,2058,13142.384,0.0008599000,false,true
call-000291,arm8_spec_immediate,dev/f2/s2050001/late_accurate,44,step-3.5-flash,sha256:cf61e89449fd6eec263693d5959bf49581735e58ba316d2a91e5e3a4731e09c7,det-v1,1,accepted,2425,2058,13142.384,0.0008599000,false,false
call-000292,arm9_spec_heuristic_rollback,dev/f2/s2050001/late_accurate,27,step-3.5-flash,sha256:a3dd65b716013d03b50be05366a4298f41b87c292ff2f574b3e181f501ff7133,det-v1,1,accepted,1779,7183,0.004,0.0023328000,true,false
call-000293,arm9_spec_heuristic_rollback,dev/f2/s2050001/late_accurate,44,step-3.5-flash,sha256:cf61e89449fd6eec263693d5959bf49581735e58ba316d2a91e5e3a4731e09c7,det-v1,1,accepted,2425,2058,0.003,0.0008599000,true,false
call-000294,arm10_spec_eprocess,dev/f2/s2050001/late_accurate,27,step-3.5-flash,sha256:a3dd65b716013d03b50be05366a4298f41b87c292ff2f574b3e181f501ff7133,det-v1,1,accepted,1779,7183,0.003,0.0023328000,true,false
call-000295,arm10_spec_eprocess,dev/f2/s2050001/late_accurate,44,step-3.5-flash,sha256:cf61e89449fd6eec263693d5959bf49581735e58ba316d2a91e5e3a4731e09c7,det-v1,1,accepted,2425,2058,0.003,0.0008599000,true,false
call-000296,arm8_spec_immediate,cal/f2/s2060001/late_accurate,37,step-3.5-flash,sha256:a3fac46d72881edb54b32cd7cac384744007f0ce3527bf9fde19c7750bd64794,det-v1,1,,2159,2063,11067.813,0.0008348000,false,true
call-000297,arm8_spec_immediate,cal/f2/s2060001/late_accurate,37,step-3.5-flash,sha256:a3fac46d72881edb54b32cd7cac384744007f0ce3527bf9fde19c7750bd64794,det-v1,1,accepted,2159,2063,11067.813,0.0008348000,false,false
call-000298,arm8_spec_immediate,cal/f2/s2060001/late_accurate,46,step-3.5-flash,sha256:40dea25aa788269344a9215324b11659e35c0616fc0d602966b0b16fc1952e8d,det-v1,1,,2501,2613,13974.044,0.0010340000,false,true
call-000299,arm8_spec_immediate,cal/f2/s2060001/late_accurate,46,step-3.5-flash,sha256:40dea25aa788269344a9215324b11659e35c0616fc0d602966b0b16fc1952e8d,det-v1,1,accepted,2501,2613,13974.044,0.0010340000,false,false
call-000300,arm9_spec_heuristic_rollback,cal/f2/s2060001/late_accurate,37,step-3.5-flash,sha256:a3fac46d72881edb54b32cd7cac384744007f0ce3527bf9fde19c7750bd64794,det-v1,1,accepted,2159,2063,0.003,0.0008348000,true,false
call-000301,arm9_spec_heuristic_rollback,cal/f2/s2060001/late_accurate,46,step-3.5-flash,sha256:40dea25aa788269344a9215324b11659e35c0616fc0d602966b0b16fc1952e8d,det-v1,1,accepted,2501,2613,0.002,0.0010340000,true,false
call-000302,arm10_spec_eprocess,cal/f2/s2060001/late_accurate,37,step-3.5-flash,sha256:a3fac46d72881edb54b32cd7cac384744007f0ce3527bf9fde19c7750bd64794,det-v1,1,accepted,2159,2063,0.003,0.0008348000,true,false
call-000303,arm10_spec_eprocess,cal/f2/s2060001/late_accurate,46,step-3.5-flash,sha256:40dea25aa788269344a9215324b11659e35c0616fc0d602966b0b16fc1952e8d,det-v1,1,accepted,2501,2613,0.003,0.0010340000,true,false
call-000304,arm8_spec_immediate,dev/f2/s2050000/unreliable,28,step-3.5-flash,sha256:20ff6aad6fa3df26b1c8af08bf1d81d26fc17f9215453cf47f5adb1ecf4a3041,det-v1,1,,1817,6591,34654.714,0.0021590000,false,true
call-000305,arm8_spec_immediate,dev/f2/s2050000/unreliable,28,step-3.5-flash,sha256:20ff6aad6fa3df26b1c8af08bf1d81d26fc17f9215453cf47f5adb1ecf4a3041,det-v1,1,accepted,1817,6591,34654.714,0.0021590000,false,false
call-000306,arm8_spec_immediate,dev/f2/s2050000/unreliable,37,step-3.5-flash,sha256:30a7babb2dea88b6112483c98ae897d7994d26aa69e825c7da2129bb5fa27599,det-v1,1,,2159,5720,28255.108,0.0019319000,false,true
call-000307,arm8_spec_immediate,dev/f2/s2050000/unreliable,37,step-3.5-flash,sha256:30a7babb2dea88b6112483c98ae897d7994d26aa69e825c7da2129bb5fa27599,det-v1,1,accepted,2159,5720,28255.108,0.0019319000,false,false
call-000308,arm9_spec_heuristic_rollback,dev/f2/s2050000/unreliable,28,step-3.5-flash,sha256:20ff6aad6fa3df26b1c8af08bf1d81d26fc17f9215453cf47f5adb1ecf4a3041,det-v1,1,accepted,1817,6591,0.003,0.0021590000,true,false
call-000309,arm9_spec_heuristic_rollback,dev/f2/s2050000/unreliable,37,step-3.5-flash,sha256:30a7babb2dea88b6112483c98ae897d7994d26aa69e825c7da2129bb5fa27599,det-v1,1,accepted,2159,5720,0.003,0.0019319000,true,false
call-000310,arm10_spec_eprocess,dev/f2/s2050000/unreliable,28,step-3.5-flash,sha256:20ff6aad6fa3df26b1c8af08bf1d81d26fc17f9215453cf47f5adb1ecf4a3041,det-v1,1,accepted,1817,6591,0.003,0.0021590000,true,false
call-000311,arm10_spec_eprocess,dev/f2/s2050000/unreliable,37,step-3.5-flash,sha256:30a7babb2dea88b6112483c98ae897d7994d26aa69e825c7da2129bb5fa27599,det-v1,1,accepted,2159,5720,0.003,0.0019319000,true,false
call-000312,arm8_spec_immediate,cal/f2/s2060000/unreliable,22,step-3.5-flash,sha256:b769562c1f4f9b5a0030f45266aad265ecb631cf631c49b726304b029be886bc,det-v1,1,,1589,2818,15516.551,0.0010043000,false,true
call-000313,arm8_spec_immediate,cal/f2/s2060000/unreliable,22,step-3.5-flash,sha256:b769562c1f4f9b5a0030f45266aad265ecb631cf631c49b726304b029be886bc,det-v1,1,accepted,1589,2818,15516.551,0.0010043000,false,false
call-000314,arm8_spec_immediate,cal/f2/s2060000/unreliable,37,step-3.5-flash,sha256:1dde3cb81bdf7a30221380958db825a7a8e7aca441cd551800e8d8bd7fa6d44e,det-v1,1,,2159,4290,21761.482,0.0015029000,false,true
call-000315,arm8_spec_immediate,cal/f2/s2060000/unreliable,37,step-3.5-flash,sha256:1dde3cb81bdf7a30221380958db825a7a8e7aca441cd551800e8d8bd7fa6d44e,det-v1,1,accepted,2159,4290,21761.482,0.0015029000,false,false
call-000316,arm9_spec_heuristic_rollback,cal/f2/s2060000/unreliable,22,step-3.5-flash,sha256:b769562c1f4f9b5a0030f45266aad265ecb631cf631c49b726304b029be886bc,det-v1,1,accepted,1589,2818,0.003,0.0010043000,true,false
call-000317,arm9_spec_heuristic_rollback,cal/f2/s2060000/unreliable,37,step-3.5-flash,sha256:1dde3cb81bdf7a30221380958db825a7a8e7aca441cd551800e8d8bd7fa6d44e,det-v1,1,accepted,2159,4290,0.003,0.0015029000,true,false
call-000318,arm10_spec_eprocess,cal/f2/s2060000/unreliable,22,step-3.5-flash,sha256:b769562c1f4f9b5a0030f45266aad265ecb631cf631c49b726304b029be886bc,det-v1,1,accepted,1589,2818,0.003,0.0010043000,true,false
call-000319,arm10_spec_eprocess,cal/f2/s2060000/unreliable,37,step-3.5-flash,sha256:1dde3cb81bdf7a30221380958db825a7a8e7aca441cd551800e8d8bd7fa6d44e,det-v1,1,accepted,2159,4290,0.003,0.0015029000,true,false
call-000320,arm8_spec_immediate,dev/f2/s2050001/unreliable,27,step-3.5-flash,sha256:745f0c4f5dc4127ae35c0a52a97ce5c898a7a165b61161c120d90e2c4070b7ef,det-v1,1,,1779,6228,31593.747,0.0020463000,false,true
call-000321,arm8_spec_immediate,dev/f2/s2050001/unreliable,27,step-3.5-flash,sha256:745f0c4f5dc4127ae35c0a52a97ce5c898a7a165b61161c120d90e2c4070b7ef,det-v1,1,accepted,1779,6228,31593.747,0.0020463000,false,false
call-000322,arm8_spec_immediate,dev/f2/s2050001/unreliable,44,step-3.5-flash,sha256:f2baf8e1ddb8b6d4690de8e76cf92268b9ad2af8359cd69c45aac443bf6b5387,det-v1,1,,2425,2157,12030.054,0.0008896000,false,true
call-000323,arm8_spec_immediate,dev/f2/s2050001/unreliable,44,step-3.5-flash,sha256:f2baf8e1ddb8b6d4690de8e76cf92268b9ad2af8359cd69c45aac443bf6b5387,det-v1,1,accepted,2425,2157,12030.054,0.0008896000,false,false
call-000324,arm9_spec_heuristic_rollback,dev/f2/s2050001/unreliable,27,step-3.5-flash,sha256:745f0c4f5dc4127ae35c0a52a97ce5c898a7a165b61161c120d90e2c4070b7ef,det-v1,1,accepted,1779,6228,0.003,0.0020463000,true,false
call-000325,arm9_spec_heuristic_rollback,dev/f2/s2050001/unreliable,44,step-3.5-flash,sha256:f2baf8e1ddb8b6d4690de8e76cf92268b9ad2af8359cd69c45aac443bf6b5387,det-v1,1,accepted,2425,2157,0.002,0.0008896000,true,false
call-000326,arm10_spec_eprocess,dev/f2/s2050001/unreliable,27,step-3.5-flash,sha256:745f0c4f5dc4127ae35c0a52a97ce5c898a7a165b61161c120d90e2c4070b7ef,det-v1,1,accepted,1779,6228,0.003,0.0020463000,true,false
call-000327,arm10_spec_eprocess,dev/f2/s2050001/unreliable,44,step-3.5-flash,sha256:f2baf8e1ddb8b6d4690de8e76cf92268b9ad2af8359cd69c45aac443bf6b5387,det-v1,1,accepted,2425,2157,0.002,0.0008896000,true,false
call-000328,arm8_spec_immediate,cal/f2/s2060001/unreliable,37,step-3.5-flash,sha256:8878b1bfa3782c3f2e9c8958a7c50de210a618f1d8922be40d6f4bc4c0d3f6fd,det-v1,1,,2159,1427,16052.250,0.0006440000,false,true
call-000329,arm8_spec_immediate,cal/f2/s2060001/unreliable,37,step-3.5-flash,sha256:8878b1bfa3782c3f2e9c8958a7c50de210a618f1d8922be40d6f4bc4c0d3f6fd,det-v1,1,accepted,2159,1427,16052.250,0.0006440000,false,false
call-000330,arm8_spec_immediate,cal/f2/s2060001/unreliable,46,step-3.5-flash,sha256:c8aa96c9b97d0d5db32002a4ef55afa16e515c579b50f51b66c8d309f0928118,det-v1,1,,2501,6638,30114.746,0.0022415000,false,true
call-000331,arm8_spec_immediate,cal/f2/s2060001/unreliable,46,step-3.5-flash,sha256:c8aa96c9b97d0d5db32002a4ef55afa16e515c579b50f51b66c8d309f0928118,det-v1,1,accepted,2501,6638,30114.746,0.0022415000,false,false
call-000332,arm9_spec_heuristic_rollback,cal/f2/s2060001/unreliable,37,step-3.5-flash,sha256:8878b1bfa3782c3f2e9c8958a7c50de210a618f1d8922be40d6f4bc4c0d3f6fd,det-v1,1,accepted,2159,1427,0.004,0.0006440000,true,false
call-000333,arm9_spec_heuristic_rollback,cal/f2/s2060001/unreliable,46,step-3.5-flash,sha256:c8aa96c9b97d0d5db32002a4ef55afa16e515c579b50f51b66c8d309f0928118,det-v1,1,accepted,2501,6638,0.003,0.0022415000,true,false
call-000334,arm10_spec_eprocess,cal/f2/s2060001/unreliable,37,step-3.5-flash,sha256:8878b1bfa3782c3f2e9c8958a7c50de210a618f1d8922be40d6f4bc4c0d3f6fd,det-v1,1,accepted,2159,1427,0.003,0.0006440000,true,false
call-000335,arm10_spec_eprocess,cal/f2/s2060001/unreliable,46,step-3.5-flash,sha256:c8aa96c9b97d0d5db32002a4ef55afa16e515c579b50f51b66c8d309f0928118,det-v1,1,accepted,2501,6638,0.003,0.0022415000,true,false
call-000336,arm8_spec_immediate,cal/f3/s3060000/no_alert,15,step-3.5-flash,sha256:cc8b34a0626190e47dc880f5009df825c3d7964113f9f586901992e39da764f4,det-v1,1,,1323,5863,29978.070,0.0018912000,false,true
call-000337,arm8_spec_immediate,cal/f3/s3060000/no_alert,15,step-3.5-flash,sha256:cc8b34a0626190e47dc880f5009df825c3d7964113f9f586901992e39da764f4,det-v1,1,accepted,1323,5863,29978.070,0.0018912000,false,false
call-000338,arm9_spec_heuristic_rollback,cal/f3/s3060000/no_alert,15,step-3.5-flash,sha256:cc8b34a0626190e47dc880f5009df825c3d7964113f9f586901992e39da764f4,det-v1,1,accepted,1323,5863,0.002,0.0018912000,true,false
call-000339,arm10_spec_eprocess,cal/f3/s3060000/no_alert,15,step-3.5-flash,sha256:cc8b34a0626190e47dc880f5009df825c3d7964113f9f586901992e39da764f4,det-v1,1,accepted,1323,5863,0.001,0.0018912000,true,false
call-000340,arm8_spec_immediate,cal/f3/s3060001/no_alert,23,step-3.5-flash,sha256:7599e3f23c4f13ad82d65e98858688c3e22200bc198da1fa3756a5c210c211c4,det-v1,1,,1627,7654,38856.961,0.0024589000,false,true
call-000341,arm8_spec_immediate,cal/f3/s3060001/no_alert,23,step-3.5-flash,sha256:7599e3f23c4f13ad82d65e98858688c3e22200bc198da1fa3756a5c210c211c4,det-v1,1,accepted,1627,7654,38856.961,0.0024589000,false,false
call-000342,arm9_spec_heuristic_rollback,cal/f3/s3060001/no_alert,23,step-3.5-flash,sha256:7599e3f23c4f13ad82d65e98858688c3e22200bc198da1fa3756a5c210c211c4,det-v1,1,accepted,1627,7654,0.002,0.0024589000,true,false
call-000343,arm10_spec_eprocess,cal/f3/s3060001/no_alert,23,step-3.5-flash,sha256:7599e3f23c4f13ad82d65e98858688c3e22200bc198da1fa3756a5c210c211c4,det-v1,1,accepted,1627,7654,0.001,0.0024589000,true,false
call-000344,arm8_spec_immediate,dev/f3/s3050000/early_accurate,14,step-3.5-flash,sha256:291296b3cd29d81668d69181325f4d48b326a2bd12830e2f4980786f0f989dcf,det-v1,1,,1325,4949,26948.199,0.0016172000,false,true
call-000345,arm8_spec_immediate,dev/f3/s3050000/early_accurate,14,step-3.5-flash,sha256:291296b3cd29d81668d69181325f4d48b326a2bd12830e2f4980786f0f989dcf,det-v1,1,accepted,1325,4949,26948.199,0.0016172000,false,false
call-000346,arm9_spec_heuristic_rollback,dev/f3/s3050000/early_accurate,14,step-3.5-flash,sha256:291296b3cd29d81668d69181325f4d48b326a2bd12830e2f4980786f0f989dcf,det-v1,1,accepted,1325,4949,0.002,0.0016172000,true,false
call-000347,arm10_spec_eprocess,dev/f3/s3050000/early_accurate,14,step-3.5-flash,sha256:291296b3cd29d81668d69181325f4d48b326a2bd12830e2f4980786f0f989dcf,det-v1,1,accepted,1325,4949,0.002,0.0016172000,true,false
call-000348,arm8_spec_immediate,cal/f3/s3060000/early_accurate,13,step-3.5-flash,sha256:0d3136ad49c6bd892f77f4ad25422fe6621837239266ef0d0f2e7802bf0fc4e0,det-v1,1,,1286,3474,18825.476,0.0011708000,false,true
call-000349,arm8_spec_immediate,cal/f3/s3060000/early_accurate,13,step-3.5-flash,sha256:0d3136ad49c6bd892f77f4ad25422fe6621837239266ef0d0f2e7802bf0fc4e0,det-v1,1,accepted,1286,3474,18825.476,0.0011708000,false,false
call-000350,arm8_spec_immediate,cal/f3/s3060000/early_accurate,19,step-3.5-flash,sha256:20e5f34d60df27f3d7cb7f132133d6ce66bcc8727540f08162e8c51aa833c417,det-v1,1,,1514,13635,62152.930,0.0042419000,false,true
call-000351,arm8_spec_immediate,cal/f3/s3060000/early_accurate,19,step-3.5-flash,sha256:20e5f34d60df27f3d7cb7f132133d6ce66bcc8727540f08162e8c51aa833c417,det-v1,1,accepted,1514,13635,62152.930,0.0042419000,false,false
call-000352,arm9_spec_heuristic_rollback,cal/f3/s3060000/early_accurate,13,step-3.5-flash,sha256:0d3136ad49c6bd892f77f4ad25422fe6621837239266ef0d0f2e7802bf0fc4e0,det-v1,1,accepted,1286,3474,0.003,0.0011708000,true,false
call-000353,arm9_spec_heuristic_rollback,cal/f3/s3060000/early_accurate,19,step-3.5-flash,sha256:20e5f34d60df27f3d7cb7f132133d6ce66bcc8727540f08162e8c51aa833c417,det-v1,1,accepted,1514,13635,0.003,0.0042419000,true,false
call-000354,arm10_spec_eprocess,cal/f3/s3060000/early_accurate,13,step-3.5-flash,sha256:0d3136ad49c6bd892f77f4ad25422fe6621837239266ef0d0f2e7802bf0fc4e0,det-v1,1,accepted,1286,3474,0.003,0.0011708000,true,false
call-000355,arm10_spec_eprocess,cal/f3/s3060000/early_accurate,19,step-3.5-flash,sha256:69c6d72d3dd3805eaff1ec291b5d58f882ff4d6548e3aaa021574f6281844b38,det-v1,1,,1514,4897,23674.171,0.0016205000,false,true
call-000356,arm10_spec_eprocess,cal/f3/s3060000/early_accurate,19,step-3.5-flash,sha256:69c6d72d3dd3805eaff1ec291b5d58f882ff4d6548e3aaa021574f6281844b38,det-v1,1,accepted,1514,4897,23674.171,0.0016205000,false,false
call-000357,arm8_spec_immediate,dev/f3/s3050001/early_accurate,17,step-3.5-flash,sha256:c76c8ab9ed532b2a37a581f975fb145f3832dbea4cfebf3af9d4910969689504,det-v1,1,,1437,3642,18008.520,0.0012363000,false,true
call-000358,arm8_spec_immediate,dev/f3/s3050001/early_accurate,17,step-3.5-flash,sha256:c76c8ab9ed532b2a37a581f975fb145f3832dbea4cfebf3af9d4910969689504,det-v1,1,accepted,1437,3642,18008.520,0.0012363000,false,false
call-000359,arm9_spec_heuristic_rollback,dev/f3/s3050001/early_accurate,17,step-3.5-flash,sha256:c76c8ab9ed532b2a37a581f975fb145f3832dbea4cfebf3af9d4910969689504,det-v1,1,accepted,1437,3642,0.003,0.0012363000,true,false
call-000360,arm10_spec_eprocess,dev/f3/s3050001/early_accurate,17,step-3.5-flash,sha256:c76c8ab9ed532b2a37a581f975fb145f3832dbea4cfebf3af9d4910969689504,det-v1,1,accepted,1437,3642,0.002,0.0012363000,true,false
call-000361,arm8_spec_immediate,cal/f3/s3060001/early_accurate,19,step-3.5-flash,sha256:f8e2aee50c60038dd5820f25971718a018f7e5b1b8a2e18a7803ac001c133b63,det-v1,1,,1509,6329,34090.749,0.0020496000,false,true
call-000362,arm8_spec_immediate,cal/f3/s3060001/early_accurate,19,step-3.5-flash,sha256:f8e2aee50c60038dd5820f25971718a018f7e5b1b8a2e18a7803ac001c133b63,det-v1,1,accepted,1509,6329,34090.749,0.0020496000,false,false
call-000363,arm8_spec_immediate,cal/f3/s3060001/early_accurate,25,step-3.5-flash,sha256:b51c6c72419770b26aace8923a4cb85a75adb4ec499163c840261f8b80f57a81,det-v1,1,,1737,3627,25875.525,0.0012618000,false,true
call-000364,arm8_spec_immediate,cal/f3/s3060001/early_accurate,25,step-3.5-flash,sha256:b51c6c72419770b26aace8923a4cb85a75adb4ec499163c840261f8b80f57a81,det-v1,1,accepted,1737,3627,25875.525,0.0012618000,false,false
call-000365,arm9_spec_heuristic_rollback,cal/f3/s3060001/early_accurate,19,step-3.5-flash,sha256:f8e2aee50c60038dd5820f25971718a018f7e5b1b8a2e18a7803ac001c133b63,det-v1,1,accepted,1509,6329,0.004,0.0020496000,true,false
call-000366,arm9_spec_heuristic_rollback,cal/f3/s3060001/early_accurate,25,step-3.5-flash,sha256:b51c6c72419770b26aace8923a4cb85a75adb4ec499163c840261f8b80f57a81,det-v1,1,accepted,1737,3627,0.003,0.0012618000,true,false
call-000367,arm10_spec_eprocess,cal/f3/s3060001/early_accurate,19,step-3.5-flash,sha256:f8e2aee50c60038dd5820f25971718a018f7e5b1b8a2e18a7803ac001c133b63,det-v1,1,accepted,1509,6329,0.002,0.0020496000,true,false
call-000368,arm10_spec_eprocess,cal/f3/s3060001/early_accurate,25,step-3.5-flash,sha256:ca7c4a0d4e6f28203add2465edeeaef27854182390301d347b032cf44d8ddb7f,det-v1,1,,1737,4132,38863.012,0.0014133000,false,true
call-000369,arm10_spec_eprocess,cal/f3/s3060001/early_accurate,25,step-3.5-flash,sha256:ca7c4a0d4e6f28203add2465edeeaef27854182390301d347b032cf44d8ddb7f,det-v1,1,accepted,1737,4132,38863.012,0.0014133000,false,false
call-000370,arm8_spec_immediate,dev/f3/s3050000/late_accurate,17,step-3.5-flash,sha256:0e3d4a7268cab24ef9fec733451bc21760299628537308a5bfa1bd2bfd65a97b,det-v1,1,,1439,4867,29003.377,0.0016040000,false,true
call-000371,arm8_spec_immediate,dev/f3/s3050000/late_accurate,17,step-3.5-flash,sha256:0e3d4a7268cab24ef9fec733451bc21760299628537308a5bfa1bd2bfd65a97b,det-v1,1,accepted,1439,4867,29003.377,0.0016040000,false,false
call-000372,arm9_spec_heuristic_rollback,dev/f3/s3050000/late_accurate,17,step-3.5-flash,sha256:0e3d4a7268cab24ef9fec733451bc21760299628537308a5bfa1bd2bfd65a97b,det-v1,1,accepted,1439,4867,0.004,0.0016040000,true,false
call-000373,arm10_spec_eprocess,dev/f3/s3050000/late_accurate,17,step-3.5-flash,sha256:0e3d4a7268cab24ef9fec733451bc21760299628537308a5bfa1bd2bfd65a97b,det-v1,1,accepted,1439,4867,0.003,0.0016040000,true,false
call-000374,arm8_spec_immediate,cal/f3/s3060000/late_accurate,15,step-3.5-flash,sha256:0247417fd494c320e19fd23c338909500876794453423ea4ecb88ae35791f026,det-v1,1,,1323,18657,98301.525,0.0057294000,false,true
call-000375,arm8_spec_immediate,cal/f3/s3060000/late_accurate,15,step-3.5-flash,sha256:0247417fd494c320e19fd23c338909500876794453423ea4ecb88ae35791f026,det-v1,1,accepted,1323,18657,98301.525,0.0057294000,false,false
call-000376,arm9_spec_heuristic_rollback,cal/f3/s3060000/late_accurate,15,step-3.5-flash,sha256:0247417fd494c320e19fd23c338909500876794453423ea4ecb88ae35791f026,det-v1,1,accepted,1323,18657,0.003,0.0057294000,true,false
call-000377,arm10_spec_eprocess,cal/f3/s3060000/late_accurate,15,step-3.5-flash,sha256:0247417fd494c320e19fd23c338909500876794453423ea4ecb88ae35791f026,det-v1,1,accepted,1323,18657,0.003,0.0057294000,true,false
call-000378,arm8_spec_immediate,dev/f3/s3050001/late_accurate,20,step-3.5-flash,sha256:1acb7636ab30639d8f05aeacd5e47c9d1660593f5e2b08e79c2556a8e3558a87,det-v1,1,,1551,4028,21881.967,0.0013635000,false,true
call-000379,arm8_spec_immediate,dev/f3/s3050001/late_accurate,20,step-3.5-flash,sha256:1acb7636ab30639d8f05aeacd5e47c9d1660593f5e2b08e79c2556a8e3558a87,det-v1,1,accepted,1551,4028,21881.967,0.0013635000,false,false
call-000380,arm9_spec_heuristic_rollback,dev/f3/s3050001/late_accurate,20,step-3.5-flash,sha256:1acb7636ab30639d8f05aeacd5e47c9d1660593f5e2b08e79c2556a8e3558a87,det-v1,1,accepted,1551,4028,0.003,0.0013635000,true,false
call-000381,arm10_spec_eprocess,dev/f3/s3050001/late_accurate,20,step-3.5-flash,sha256:1acb7636ab30639d8f05aeacd5e47c9d1660593f5e2b08e79c2556a8e3558a87,det-v1,1,accepted,1551,4028,0.003,0.0013635000,true,false
call-000382,arm8_spec_immediate,cal/f3/s3060001/late_accurate,22,step-3.5-flash,sha256:9dca33a6b8820fc0efa1e4211d842420a55f98ba83eb9a541d0241329bfbf8b5,det-v1,1,,1623,2109,12405.239,0.0007950000,false,true
call-000383,arm8_spec_immediate,cal/f3/s3060001/late_accurate,22,step-3.5-flash,sha256:9dca33a6b8820fc0efa1e4211d842420a55f98ba83eb9a541d0241329bfbf8b5,det-v1,1,accepted,1623,2109,12405.239,0.0007950000,false,false
call-000384,arm9_spec_heuristic_rollback,cal/f3/s3060001/late_accurate,22,step-3.5-flash,sha256:9dca33a6b8820fc0efa1e4211d842420a55f98ba83eb9a541d0241329bfbf8b5,det-v1,1,accepted,1623,2109,0.002,0.0007950000,true,false
call-000385,arm10_spec_eprocess,cal/f3/s3060001/late_accurate,22,step-3.5-flash,sha256:9dca33a6b8820fc0efa1e4211d842420a55f98ba83eb9a541d0241329bfbf8b5,det-v1,1,accepted,1623,2109,0.002,0.0007950000,true,false
call-000386,arm8_spec_immediate,dev/f3/s3050000/unreliable,14,step-3.5-flash,sha256:c7e520399f821e4c87bab4a8e8c200cacc88f4467eb54d96e364bfb9d7321960,det-v1,1,,1320,14941,64294.473,0.0046143000,false,true
call-000387,arm8_spec_immediate,dev/f3/s3050000/unreliable,14,step-3.5-flash,sha256:c7e520399f821e4c87bab4a8e8c200cacc88f4467eb54d96e364bfb9d7321960,det-v1,1,accepted,1320,14941,64294.473,0.0046143000,false,false
call-000388,arm9_spec_heuristic_rollback,dev/f3/s3050000/unreliable,14,step-3.5-flash,sha256:c7e520399f821e4c87bab4a8e8c200cacc88f4467eb54d96e364bfb9d7321960,det-v1,1,accepted,1320,14941,0.003,0.0046143000,true,false
call-000389,arm10_spec_eprocess,dev/f3/s3050000/unreliable,14,step-3.5-flash,sha256:c7e520399f821e4c87bab4a8e8c200cacc88f4467eb54d96e364bfb9d7321960,det-v1,1,accepted,1320,14941,0.003,0.0046143000,true,false
call-000390,arm8_spec_immediate,cal/f3/s3060000/unreliable,13,step-3.5-flash,sha256:c4887c0c51b0c77f816b84c0965196a82f539599a72ed5bdb8d39fd13d43ffe8,det-v1,1,,1291,1786,10425.908,0.0006649000,false,true
call-000391,arm8_spec_immediate,cal/f3/s3060000/unreliable,13,step-3.5-flash,sha256:c4887c0c51b0c77f816b84c0965196a82f539599a72ed5bdb8d39fd13d43ffe8,det-v1,1,accepted,1291,1786,10425.908,0.0006649000,false,false
call-000392,arm8_spec_immediate,cal/f3/s3060000/unreliable,19,step-3.5-flash,sha256:f1484575a09593cae96354b6ac0eb0615f8d8095203f91abfc3063db0f22171f,det-v1,1,,1519,1980,12034.986,0.0007459000,false,true
call-000393,arm8_spec_immediate,cal/f3/s3060000/unreliable,19,step-3.5-flash,sha256:f1484575a09593cae96354b6ac0eb0615f8d8095203f91abfc3063db0f22171f,det-v1,1,accepted,1519,1980,12034.986,0.0007459000,false,false
call-000394,arm9_spec_heuristic_rollback,cal/f3/s3060000/unreliable,13,step-3.5-flash,sha256:c4887c0c51b0c77f816b84c0965196a82f539599a72ed5bdb8d39fd13d43ffe8,det-v1,1,accepted,1291,1786,0.003,0.0006649000,true,false
call-000395,arm9_spec_heuristic_rollback,cal/f3/s3060000/unreliable,19,step-3.5-flash,sha256:f1484575a09593cae96354b6ac0eb0615f8d8095203f91abfc3063db0f22171f,det-v1,1,accepted,1519,1980,0.003,0.0007459000,true,false
call-000396,arm10_spec_eprocess,cal/f3/s3060000/unreliable,13,step-3.5-flash,sha256:c4887c0c51b0c77f816b84c0965196a82f539599a72ed5bdb8d39fd13d43ffe8,det-v1,1,accepted,1291,1786,0.003,0.0006649000,true,false
call-000397,arm10_spec_eprocess,cal/f3/s3060000/unreliable,19,step-3.5-flash,sha256:f1484575a09593cae96354b6ac0eb0615f8d8095203f91abfc3063db0f22171f,det-v1,1,accepted,1519,1980,0.003,0.0007459000,true,false
call-000398,arm8_spec_immediate,dev/f3/s3050001/unreliable,17,step-3.5-flash,sha256:96d07826f1a0a5e897475018779673a56627face9c272d87b51f803e83dc7728,det-v1,1,,1426,836,5265.188,0.0003934000,false,true
call-000399,arm8_spec_immediate,dev/f3/s3050001/unreliable,17,step-3.5-flash,sha256:96d07826f1a0a5e897475018779673a56627face9c272d87b51f803e83dc7728,det-v1,1,accepted,1426,836,5265.188,0.0003934000,false,false
call-000400,arm9_spec_heuristic_rollback,dev/f3/s3050001/unreliable,17,step-3.5-flash,sha256:96d07826f1a0a5e897475018779673a56627face9c272d87b51f803e83dc7728,det-v1,1,accepted,1426,836,0.002,0.0003934000,true,false
call-000401,arm10_spec_eprocess,dev/f3/s3050001/unreliable,17,step-3.5-flash,sha256:96d07826f1a0a5e897475018779673a56627face9c272d87b51f803e83dc7728,det-v1,1,accepted,1426,836,0.002,0.0003934000,true,false
call-000402,arm8_spec_immediate,cal/f3/s3060001/unreliable,19,step-3.5-flash,sha256:5a377a2c43d6cefa47bd77f93cd551ab1b38077d9a45cff2c706987de6674208,det-v1,1,,1520,5469,30309.508,0.0017927000,false,true
call-000403,arm8_spec_immediate,cal/f3/s3060001/unreliable,19,step-3.5-flash,sha256:5a377a2c43d6cefa47bd77f93cd551ab1b38077d9a45cff2c706987de6674208,det-v1,1,accepted,1520,5469,30309.508,0.0017927000,false,false
call-000404,arm8_spec_immediate,cal/f3/s3060001/unreliable,25,step-3.5-flash,sha256:eeb9132e5383fa0b7b475fcb13dc8188769ce519238d4c355fb1593ac59989b4,det-v1,1,,1748,12556,73668.770,0.0039416000,false,true
call-000405,arm8_spec_immediate,cal/f3/s3060001/unreliable,25,step-3.5-flash,sha256:eeb9132e5383fa0b7b475fcb13dc8188769ce519238d4c355fb1593ac59989b4,det-v1,1,accepted,1748,12556,73668.770,0.0039416000,false,false
call-000406,arm9_spec_heuristic_rollback,cal/f3/s3060001/unreliable,19,step-3.5-flash,sha256:5a377a2c43d6cefa47bd77f93cd551ab1b38077d9a45cff2c706987de6674208,det-v1,1,accepted,1520,5469,0.003,0.0017927000,true,false
call-000407,arm9_spec_heuristic_rollback,cal/f3/s3060001/unreliable,25,step-3.5-flash,sha256:eeb9132e5383fa0b7b475fcb13dc8188769ce519238d4c355fb1593ac59989b4,det-v1,1,accepted,1748,12556,0.003,0.0039416000,true,false
call-000408,arm10_spec_eprocess,cal/f3/s3060001/unreliable,19,step-3.5-flash,sha256:5a377a2c43d6cefa47bd77f93cd551ab1b38077d9a45cff2c706987de6674208,det-v1,1,accepted,1520,5469,0.003,0.0017927000,true,false
call-000409,arm10_spec_eprocess,cal/f3/s3060001/unreliable,25,step-3.5-flash,sha256:59564504cf26775182c7d8c6c9774696f3c01c3f2e1ada182d54f3de53eadb0b,det-v1,1,,1748,12118,70224.608,0.0038102000,false,true
call-000410,arm10_spec_eprocess,cal/f3/s3060001/unreliable,25,step-3.5-flash,sha256:59564504cf26775182c7d8c6c9774696f3c01c3f2e1ada182d54f3de53eadb0b,det-v1,1,accepted,1748,12118,70224.608,0.0038102000,false,false
call-000411,arm8_spec_immediate,dev/f4/s4050000/early_accurate,19,step-3.5-flash,sha256:e4580053ba06713173919dbc49890cb2acda27a46692a158d0cd020c88e26c9c,det-v1,1,,1511,9763,55994.162,0.0030800000,false,true
call-000412,arm8_spec_immediate,dev/f4/s4050000/early_accurate,19,step-3.5-flash,sha256:e4580053ba06713173919dbc49890cb2acda27a46692a158d0cd020c88e26c9c,det-v1,1,accepted,1511,9763,55994.162,0.0030800000,false,false
call-000413,arm9_spec_heuristic_rollback,dev/f4/s4050000/early_accurate,19,step-3.5-flash,sha256:e4580053ba06713173919dbc49890cb2acda27a46692a158d0cd020c88e26c9c,det-v1,1,accepted,1511,9763,0.003,0.0030800000,true,false
call-000414,arm10_spec_eprocess,dev/f4/s4050000/early_accurate,19,step-3.5-flash,sha256:e4580053ba06713173919dbc49890cb2acda27a46692a158d0cd020c88e26c9c,det-v1,1,accepted,1511,9763,0.003,0.0030800000,true,false
call-000415,arm8_spec_immediate,cal/f4/s4060000/early_accurate,15,step-3.5-flash,sha256:71b779a9e014b6a3a90c5c484e90b9b4a1dbf04a0b91f82ea1d698652f619b37,det-v1,1,,1358,4544,30304.819,0.0014990000,false,true
call-000416,arm8_spec_immediate,cal/f4/s4060000/early_accurate,15,step-3.5-flash,sha256:71b779a9e014b6a3a90c5c484e90b9b4a1dbf04a0b91f82ea1d698652f619b37,det-v1,1,accepted,1358,4544,30304.819,0.0014990000,false,false
call-000417,arm9_spec_heuristic_rollback,cal/f4/s4060000/early_accurate,15,step-3.5-flash,sha256:71b779a9e014b6a3a90c5c484e90b9b4a1dbf04a0b91f82ea1d698652f619b37,det-v1,1,accepted,1358,4544,0.002,0.0014990000,true,false
call-000418,arm10_spec_eprocess,cal/f4/s4060000/early_accurate,15,step-3.5-flash,sha256:71b779a9e014b6a3a90c5c484e90b9b4a1dbf04a0b91f82ea1d698652f619b37,det-v1,1,accepted,1358,4544,0.002,0.0014990000,true,false
call-000419,arm8_spec_immediate,dev/f4/s4050001/early_accurate,17,step-3.5-flash,sha256:49dd1a9666025beb3591e1bab8ef66af414366304380f6e0b36e6c1c98fe3ffd,det-v1,1,,1437,3791,21464.755,0.0012810000,false,true
call-000420,arm8_spec_immediate,dev/f4/s4050001/early_accurate,17,step-3.5-flash,sha256:49dd1a9666025beb3591e1bab8ef66af414366304380f6e0b36e6c1c98fe3ffd,det-v1,1,accepted,1437,3791,21464.755,0.0012810000,false,false
call-000421,arm9_spec_heuristic_rollback,dev/f4/s4050001/early_accurate,17,step-3.5-flash,sha256:49dd1a9666025beb3591e1bab8ef66af414366304380f6e0b36e6c1c98fe3ffd,det-v1,1,accepted,1437,3791,0.001,0.0012810000,true,false
call-000422,arm10_spec_eprocess,dev/f4/s4050001/early_accurate,17,step-3.5-flash,sha256:49dd1a9666025beb3591e1bab8ef66af414366304380f6e0b36e6c1c98fe3ffd,det-v1,1,accepted,1437,3791,0.001,0.0012810000,true,false
call-000423,arm8_spec_immediate,cal/f4/s4060001/early_accurate,15,step-3.5-flash,sha256:fb9e45dbc428875f1a9f431124dd1536477ade0534e9df26a45b53650a80e473,det-v1,1,,1363,9184,46205.450,0.0028915000,false,true
call-000424,arm8_spec_immediate,cal/f4/s4060001/early_accurate,15,step-3.5-flash,sha256:fb9e45dbc428875f1a9f431124dd1536477ade0534e9df26a45b53650a80e473,det-v1,1,accepted,1363,9184,46205.450,0.0028915000,false,false
call-000425,arm9_spec_heuristic_rollback,cal/f4/s4060001/early_accurate,15,step-3.5-flash,sha256:fb9e45dbc428875f1a9f431124dd1536477ade0534e9df26a45b53650a80e473,det-v1,1,accepted,1363,9184,0.003,0.0028915000,true,false
call-000426,arm10_spec_eprocess,cal/f4/s4060001/early_accurate,15,step-3.5-flash,sha256:fb9e45dbc428875f1a9f431124dd1536477ade0534e9df26a45b53650a80e473,det-v1,1,accepted,1363,9184,0.003,0.0028915000,true,false
call-000427,arm8_spec_immediate,dev/f4/s4050000/late_accurate,22,step-3.5-flash,sha256:50f3d55c35688a2635208babad8f830a7cfa2efc3fbd5184a92ce5b353eaf93a,det-v1,1,,1625,11416,58112.149,0.0035873000,false,true
call-000428,arm8_spec_immediate,dev/f4/s4050000/late_accurate,22,step-3.5-flash,sha256:50f3d55c35688a2635208babad8f830a7cfa2efc3fbd5184a92ce5b353eaf93a,det-v1,1,accepted,1625,11416,58112.149,0.0035873000,false,false
call-000429,arm9_spec_heuristic_rollback,dev/f4/s4050000/late_accurate,22,step-3.5-flash,sha256:50f3d55c35688a2635208babad8f830a7cfa2efc3fbd5184a92ce5b353eaf93a,det-v1,1,accepted,1625,11416,0.002,0.0035873000,true,false
call-000430,arm10_spec_eprocess,dev/f4/s4050000/late_accurate,22,step-3.5-flash,sha256:50f3d55c35688a2635208babad8f830a7cfa2efc3fbd5184a92ce5b353eaf93a,det-v1,1,accepted,1625,11416,0.001,0.0035873000,true,false
call-000431,arm8_spec_immediate,cal/f4/s4060000/late_accurate,18,step-3.5-flash,sha256:2b80b9505c42eb85beff418328241ab4ade225f2daac7d64f33a1968db73181c,det-v1,1,,1472,3988,29013.096,0.0013436000,false,true
call-000432,arm8_spec_immediate,cal/f4/s4060000/late_accurate,18,step-3.5-flash,sha256:2b80b9505c42eb85beff418328241ab4ade225f2daac7d64f33a1968db73181c,det-v1,1,accepted,1472,3988,29013.096,0.0013436000,false,false
call-000433,arm9_spec_heuristic_rollback,cal/f4/s4060000/late_accurate,18,step-3.5-flash,sha256:2b80b9505c42eb85beff418328241ab4ade225f2daac7d64f33a1968db73181c,det-v1,1,accepted,1472,3988,0.001,0.0013436000,true,false
call-000434,arm10_spec_eprocess,cal/f4/s4060000/late_accurate,18,step-3.5-flash,sha256:2b80b9505c42eb85beff418328241ab4ade225f2daac7d64f33a1968db73181c,det-v1,1,accepted,1472,3988,0.001,0.0013436000,true,false
call-000435,arm8_spec_immediate,dev/f4/s4050001/late_accurate,20,step-3.5-flash,sha256:f6a31cc97e67077d89eae043ea69b87f65411ca6307409d398c5a88762338070,det-v1,1,,1551,5658,31183.560,0.0018525000,false,true
call-000436,arm8_spec_immediate,dev/f4/s4050001/late_accurate,20,step-3.5-flash,sha256:f6a31cc97e67077d89eae043ea69b87f65411ca6307409d398c5a88762338070,det-v1,1,accepted,1551,5658,31183.560,0.0018525000,false,false
call-000437,arm9_spec_heuristic_rollback,dev/f4/s4050001/late_accurate,20,step-3.5-flash,sha256:f6a31cc97e67077d89eae043ea69b87f65411ca6307409d398c5a88762338070,det-v1,1,accepted,1551,5658,0.001,0.0018525000,true,false
call-000438,arm10_spec_eprocess,dev/f4/s4050001/late_accurate,20,step-3.5-flash,sha256:f6a31cc97e67077d89eae043ea69b87f65411ca6307409d398c5a88762338070,det-v1,1,accepted,1551,5658,0.001,0.0018525000,true,false
call-000439,arm8_spec_immediate,cal/f4/s4060001/late_accurate,18,step-3.5-flash,sha256:77ce6290a1bceb50f22d61b6500fc111029e100054b48148d56d70171d70bb11,det-v1,1,,1477,14370,73580.332,0.0044587000,false,true
call-000440,arm8_spec_immediate,cal/f4/s4060001/late_accurate,18,step-3.5-flash,sha256:77ce6290a1bceb50f22d61b6500fc111029e100054b48148d56d70171d70bb11,det-v1,1,accepted,1477,14370,73580.332,0.0044587000,false,false
call-000441,arm9_spec_heuristic_rollback,cal/f4/s4060001/late_accurate,18,step-3.5-flash,sha256:77ce6290a1bceb50f22d61b6500fc111029e100054b48148d56d70171d70bb11,det-v1,1,accepted,1477,14370,0.003,0.0044587000,true,false
call-000442,arm10_spec_eprocess,cal/f4/s4060001/late_accurate,18,step-3.5-flash,sha256:77ce6290a1bceb50f22d61b6500fc111029e100054b48148d56d70171d70bb11,det-v1,1,accepted,1477,14370,0.003,0.0044587000,true,false
call-000443,arm8_spec_immediate,dev/f4/s4050000/unreliable,19,step-3.5-flash,sha256:042c9bce3ec79ea38ec38d3bae7012e02ffa3e4bd4cd9896e58c5e215e176d09,det-v1,1,,1515,3441,18642.446,0.0011838000,false,true
call-000444,arm8_spec_immediate,dev/f4/s4050000/unreliable,19,step-3.5-flash,sha256:042c9bce3ec79ea38ec38d3bae7012e02ffa3e4bd4cd9896e58c5e215e176d09,det-v1,1,accepted,1515,3441,18642.446,0.0011838000,false,false
call-000445,arm9_spec_heuristic_rollback,dev/f4/s4050000/unreliable,19,step-3.5-flash,sha256:042c9bce3ec79ea38ec38d3bae7012e02ffa3e4bd4cd9896e58c5e215e176d09,det-v1,1,accepted,1515,3441,0.002,0.0011838000,true,false
call-000446,arm10_spec_eprocess,dev/f4/s4050000/unreliable,19,step-3.5-flash,sha256:042c9bce3ec79ea38ec38d3bae7012e02ffa3e4bd4cd9896e58c5e215e176d09,det-v1,1,accepted,1515,3441,0.002,0.0011838000,true,false
call-000447,arm8_spec_immediate,cal/f4/s4060000/unreliable,15,step-3.5-flash,sha256:5b08ce14822d10e4647c5b26756b8d5ce1e1cc6f002d756c44cc1220fec2026b,det-v1,1,,1364,1729,10072.495,0.0006551000,false,true
call-000448,arm8_spec_immediate,cal/f4/s4060000/unreliable,15,step-3.5-flash,sha256:5b08ce14822d10e4647c5b26756b8d5ce1e1cc6f002d756c44cc1220fec2026b,det-v1,1,accepted,1364,1729,10072.495,0.0006551000,false,false
call-000449,arm9_spec_heuristic_rollback,cal/f4/s4060000/unreliable,15,step-3.5-flash,sha256:5b08ce14822d10e4647c5b26756b8d5ce1e1cc6f002d756c44cc1220fec2026b,det-v1,1,accepted,1364,1729,0.001,0.0006551000,true,false
call-000450,arm10_spec_eprocess,cal/f4/s4060000/unreliable,15,step-3.5-flash,sha256:5b08ce14822d10e4647c5b26756b8d5ce1e1cc6f002d756c44cc1220fec2026b,det-v1,1,accepted,1364,1729,0.001,0.0006551000,true,false
call-000451,arm8_spec_immediate,dev/f4/s4050001/unreliable,17,step-3.5-flash,sha256:73b5d01c717bca8ef783a7cc1834f4b1c0eb0300b20eaa3c8c069da7f82c1130,det-v1,1,,1425,999,6362.061,0.0004422000,false,true
call-000452,arm8_spec_immediate,dev/f4/s4050001/unreliable,17,step-3.5-flash,sha256:73b5d01c717bca8ef783a7cc1834f4b1c0eb0300b20eaa3c8c069da7f82c1130,det-v1,1,accepted,1425,999,6362.061,0.0004422000,false,false
call-000453,arm9_spec_heuristic_rollback,dev/f4/s4050001/unreliable,17,step-3.5-flash,sha256:73b5d01c717bca8ef783a7cc1834f4b1c0eb0300b20eaa3c8c069da7f82c1130,det-v1,1,accepted,1425,999,0.002,0.0004422000,true,false
call-000454,arm10_spec_eprocess,dev/f4/s4050001/unreliable,17,step-3.5-flash,sha256:73b5d01c717bca8ef783a7cc1834f4b1c0eb0300b20eaa3c8c069da7f82c1130,det-v1,1,accepted,1425,999,0.002,0.0004422000,true,false
call-000455,arm8_spec_immediate,cal/f4/s4060001/unreliable,15,step-3.5-flash,sha256:d9346012e503663fb7cde4040c193e77a374e408ea4369cf31c45ba0c04d1254,det-v1,1,,1363,3729,19927.078,0.0012550000,false,true
call-000456,arm8_spec_immediate,cal/f4/s4060001/unreliable,15,step-3.5-flash,sha256:d9346012e503663fb7cde4040c193e77a374e408ea4369cf31c45ba0c04d1254,det-v1,1,accepted,1363,3729,19927.078,0.0012550000,false,false
call-000457,arm9_spec_heuristic_rollback,cal/f4/s4060001/unreliable,15,step-3.5-flash,sha256:d9346012e503663fb7cde4040c193e77a374e408ea4369cf31c45ba0c04d1254,det-v1,1,accepted,1363,3729,0.002,0.0012550000,true,false
call-000458,arm10_spec_eprocess,cal/f4/s4060001/unreliable,15,step-3.5-flash,sha256:d9346012e503663fb7cde4040c193e77a374e408ea4369cf31c45ba0c04d1254,det-v1,1,accepted,1363,3729,0.002,0.0012550000,true,false
call-000459,arm8_spec_immediate,dev/f5/s5050000/early_accurate,20,step-3.5-flash,sha256:eeb7388b4da40bd45204f518d3bd71837b9e615a3103dc8d020af3476fca2a4e,det-v1,1,,1558,8510,49897.374,0.0027088000,false,true
call-000460,arm8_spec_immediate,dev/f5/s5050000/early_accurate,20,step-3.5-flash,sha256:eeb7388b4da40bd45204f518d3bd71837b9e615a3103dc8d020af3476fca2a4e,det-v1,1,accepted,1558,8510,49897.374,0.0027088000,false,false
call-000461,arm9_spec_heuristic_rollback,dev/f5/s5050000/early_accurate,20,step-3.5-flash,sha256:eeb7388b4da40bd45204f518d3bd71837b9e615a3103dc8d020af3476fca2a4e,det-v1,1,accepted,1558,8510,0.003,0.0027088000,true,false
call-000462,arm10_spec_eprocess,dev/f5/s5050000/early_accurate,20,step-3.5-flash,sha256:eeb7388b4da40bd45204f518d3bd71837b9e615a3103dc8d020af3476fca2a4e,det-v1,1,accepted,1558,8510,0.003,0.0027088000,true,false
call-000463,arm8_spec_immediate,cal/f5/s5060000/early_accurate,18,step-3.5-flash,sha256:c86ab6c9b86d9f153b40842e8793f253cb28dd466c8f18289a4fc3c6c96ee846,det-v1,1,,1477,8659,47804.204,0.0027454000,false,true
call-000464,arm8_spec_immediate,cal/f5/s5060000/early_accurate,18,step-3.5-flash,sha256:c86ab6c9b86d9f153b40842e8793f253cb28dd466c8f18289a4fc3c6c96ee846,det-v1,1,accepted,1477,8659,47804.204,0.0027454000,false,false
call-000465,arm9_spec_heuristic_rollback,cal/f5/s5060000/early_accurate,18,step-3.5-flash,sha256:c86ab6c9b86d9f153b40842e8793f253cb28dd466c8f18289a4fc3c6c96ee846,det-v1,1,accepted,1477,8659,0.001,0.0027454000,true,false
call-000466,arm10_spec_eprocess,cal/f5/s5060000/early_accurate,18,step-3.5-flash,sha256:c86ab6c9b86d9f153b40842e8793f253cb28dd466c8f18289a4fc3c6c96ee846,det-v1,1,accepted,1477,8659,0.001,0.0027454000,true,false
call-000467,arm8_spec_immediate,dev/f5/s5050001/early_accurate,15,step-3.5-flash,sha256:ce228f5e9b2e60dc6a5548f3cdc757bb21b36b7b2433ca8f07bb08b581ebac6d,det-v1,1,,1358,6493,35286.486,0.0020837000,false,true
call-000468,arm8_spec_immediate,dev/f5/s5050001/early_accurate,15,step-3.5-flash,sha256:ce228f5e9b2e60dc6a5548f3cdc757bb21b36b7b2433ca8f07bb08b581ebac6d,det-v1,1,accepted,1358,6493,35286.486,0.0020837000,false,false
call-000469,arm9_spec_heuristic_rollback,dev/f5/s5050001/early_accurate,15,step-3.5-flash,sha256:ce228f5e9b2e60dc6a5548f3cdc757bb21b36b7b2433ca8f07bb08b581ebac6d,det-v1,1,accepted,1358,6493,0.001,0.0020837000,true,false
call-000470,arm10_spec_eprocess,dev/f5/s5050001/early_accurate,15,step-3.5-flash,sha256:ce228f5e9b2e60dc6a5548f3cdc757bb21b36b7b2433ca8f07bb08b581ebac6d,det-v1,1,accepted,1358,6493,0.001,0.0020837000,true,false
call-000471,arm8_spec_immediate,cal/f5/s5060001/early_accurate,21,step-3.5-flash,sha256:f32d509a30a205b11d9b7cac66086e98495d9dea217620ba1e05d4f4d28e7c7d,det-v1,1,,1593,4801,27158.921,0.0015996000,false,true
call-000472,arm8_spec_immediate,cal/f5/s5060001/early_accurate,21,step-3.5-flash,sha256:f32d509a30a205b11d9b7cac66086e98495d9dea217620ba1e05d4f4d28e7c7d,det-v1,1,accepted,1593,4801,27158.921,0.0015996000,false,false
call-000473,arm9_spec_heuristic_rollback,cal/f5/s5060001/early_accurate,21,step-3.5-flash,sha256:f32d509a30a205b11d9b7cac66086e98495d9dea217620ba1e05d4f4d28e7c7d,det-v1,1,accepted,1593,4801,0.002,0.0015996000,true,false
call-000474,arm10_spec_eprocess,cal/f5/s5060001/early_accurate,21,step-3.5-flash,sha256:f32d509a30a205b11d9b7cac66086e98495d9dea217620ba1e05d4f4d28e7c7d,det-v1,1,accepted,1593,4801,0.002,0.0015996000,true,false
call-000475,arm8_spec_immediate,dev/f5/s5050000/late_accurate,23,step-3.5-flash,sha256:70c8476936dd49402da8df90cbf59e854f02f55bf2f64dedba0057fe32dc940a,det-v1,1,,1672,12103,65035.580,0.0037981000,false,true
call-000476,arm8_spec_immediate,dev/f5/s5050000/late_accurate,23,step-3.5-flash,sha256:70c8476936dd49402da8df90cbf59e854f02f55bf2f64dedba0057fe32dc940a,det-v1,1,accepted,1672,12103,65035.580,0.0037981000,false,false
call-000477,arm9_spec_heuristic_rollback,dev/f5/s5050000/late_accurate,23,step-3.5-flash,sha256:70c8476936dd49402da8df90cbf59e854f02f55bf2f64dedba0057fe32dc940a,det-v1,1,accepted,1672,12103,0.002,0.0037981000,true,false
call-000478,arm10_spec_eprocess,dev/f5/s5050000/late_accurate,23,step-3.5-flash,sha256:70c8476936dd49402da8df90cbf59e854f02f55bf2f64dedba0057fe32dc940a,det-v1,1,accepted,1672,12103,0.002,0.0037981000,true,false
call-000479,arm8_spec_immediate,cal/f5/s5060000/late_accurate,21,step-3.5-flash,sha256:0925b1c4381282ddf9fad0fbfefafa4ba182d50add61533da3121be06a5554bf,det-v1,1,,1591,13867,80063.406,0.0043192000,false,true
call-000480,arm8_spec_immediate,cal/f5/s5060000/late_accurate,21,step-3.5-flash,sha256:0925b1c4381282ddf9fad0fbfefafa4ba182d50add61533da3121be06a5554bf,det-v1,1,fallback,1591,13867,80063.406,0.0043192000,false,false
call-000481,arm8_spec_immediate,cal/f5/s5060000/late_accurate,21,step-3.5-flash,sha256:51ea0a0c3cb5fa01be2470d8a1cc5c701a3896309f4964e5e23b2b8469ff6beb,det-v1,2,,1663,5481,33724.241,0.0018106000,false,true
call-000482,arm8_spec_immediate,cal/f5/s5060000/late_accurate,21,step-3.5-flash,sha256:51ea0a0c3cb5fa01be2470d8a1cc5c701a3896309f4964e5e23b2b8469ff6beb,det-v1,2,accepted_after_repair,1663,5481,33724.241,0.0018106000,false,false
call-000483,arm9_spec_heuristic_rollback,cal/f5/s5060000/late_accurate,21,step-3.5-flash,sha256:0925b1c4381282ddf9fad0fbfefafa4ba182d50add61533da3121be06a5554bf,det-v1,1,fallback,1591,13867,0.003,0.0043192000,true,false
call-000484,arm9_spec_heuristic_rollback,cal/f5/s5060000/late_accurate,21,step-3.5-flash,sha256:51ea0a0c3cb5fa01be2470d8a1cc5c701a3896309f4964e5e23b2b8469ff6beb,det-v1,2,accepted_after_repair,1663,5481,0.002,0.0018106000,true,false
call-000485,arm10_spec_eprocess,cal/f5/s5060000/late_accurate,21,step-3.5-flash,sha256:0925b1c4381282ddf9fad0fbfefafa4ba182d50add61533da3121be06a5554bf,det-v1,1,fallback,1591,13867,0.003,0.0043192000,true,false
call-000486,arm10_spec_eprocess,cal/f5/s5060000/late_accurate,21,step-3.5-flash,sha256:51ea0a0c3cb5fa01be2470d8a1cc5c701a3896309f4964e5e23b2b8469ff6beb,det-v1,2,accepted_after_repair,1663,5481,0.002,0.0018106000,true,false
call-000487,arm8_spec_immediate,dev/f5/s5050001/late_accurate,18,step-3.5-flash,sha256:6d8972bad8646507b3917f8b00afc0bf7fd22c7f865456b157422773c99a76e6,det-v1,1,,1472,14288,73488.044,0.0044336000,false,true
call-000488,arm8_spec_immediate,dev/f5/s5050001/late_accurate,18,step-3.5-flash,sha256:6d8972bad8646507b3917f8b00afc0bf7fd22c7f865456b157422773c99a76e6,det-v1,1,fallback,1472,14288,73488.044,0.0044336000,false,false
call-000489,arm8_spec_immediate,dev/f5/s5050001/late_accurate,18,step-3.5-flash,sha256:cc260e440d16a12b5db6614c4550d5f7de8a78a3cd3a1c9230d44fde29b06197,det-v1,2,,1544,5802,35659.333,0.0018950000,false,true
call-000490,arm8_spec_immediate,dev/f5/s5050001/late_accurate,18,step-3.5-flash,sha256:cc260e440d16a12b5db6614c4550d5f7de8a78a3cd3a1c9230d44fde29b06197,det-v1,2,accepted_after_repair,1544,5802,35659.333,0.0018950000,false,false
call-000491,arm9_spec_heuristic_rollback,dev/f5/s5050001/late_accurate,18,step-3.5-flash,sha256:6d8972bad8646507b3917f8b00afc0bf7fd22c7f865456b157422773c99a76e6,det-v1,1,fallback,1472,14288,0.002,0.0044336000,true,false
call-000492,arm9_spec_heuristic_rollback,dev/f5/s5050001/late_accurate,18,step-3.5-flash,sha256:cc260e440d16a12b5db6614c4550d5f7de8a78a3cd3a1c9230d44fde29b06197,det-v1,2,accepted_after_repair,1544,5802,0.001,0.0018950000,true,false
call-000493,arm10_spec_eprocess,dev/f5/s5050001/late_accurate,18,step-3.5-flash,sha256:6d8972bad8646507b3917f8b00afc0bf7fd22c7f865456b157422773c99a76e6,det-v1,1,fallback,1472,14288,0.001,0.0044336000,true,false
call-000494,arm10_spec_eprocess,dev/f5/s5050001/late_accurate,18,step-3.5-flash,sha256:cc260e440d16a12b5db6614c4550d5f7de8a78a3cd3a1c9230d44fde29b06197,det-v1,2,accepted_after_repair,1544,5802,0.001,0.0018950000,true,false
call-000495,arm8_spec_immediate,cal/f5/s5060001/late_accurate,24,step-3.5-flash,sha256:5cc6f284b632cb19fc409b4aaeebb8c548046352569e4bfe7f2ca9747f170ec4,det-v1,1,,1707,8889,51689.838,0.0028374000,false,true
call-000496,arm8_spec_immediate,cal/f5/s5060001/late_accurate,24,step-3.5-flash,sha256:5cc6f284b632cb19fc409b4aaeebb8c548046352569e4bfe7f2ca9747f170ec4,det-v1,1,accepted,1707,8889,51689.838,0.0028374000,false,false
call-000497,arm9_spec_heuristic_rollback,cal/f5/s5060001/late_accurate,24,step-3.5-flash,sha256:5cc6f284b632cb19fc409b4aaeebb8c548046352569e4bfe7f2ca9747f170ec4,det-v1,1,accepted,1707,8889,0.006,0.0028374000,true,false
call-000498,arm10_spec_eprocess,cal/f5/s5060001/late_accurate,24,step-3.5-flash,sha256:5cc6f284b632cb19fc409b4aaeebb8c548046352569e4bfe7f2ca9747f170ec4,det-v1,1,accepted,1707,8889,0.004,0.0028374000,true,false
call-000499,arm8_spec_immediate,dev/f5/s5050000/unreliable,20,step-3.5-flash,sha256:ab5e110dd65eb9d3ba77efd18886c4c32722724334f53ef0d96e0b665b2fc659,det-v1,1,,1551,4628,25395.732,0.0015435000,false,true
call-000500,arm8_spec_immediate,dev/f5/s5050000/unreliable,20,step-3.5-flash,sha256:ab5e110dd65eb9d3ba77efd18886c4c32722724334f53ef0d96e0b665b2fc659,det-v1,1,accepted,1551,4628,25395.732,0.0015435000,false,false
call-000501,arm9_spec_heuristic_rollback,dev/f5/s5050000/unreliable,20,step-3.5-flash,sha256:ab5e110dd65eb9d3ba77efd18886c4c32722724334f53ef0d96e0b665b2fc659,det-v1,1,accepted,1551,4628,0.001,0.0015435000,true,false
call-000502,arm10_spec_eprocess,dev/f5/s5050000/unreliable,20,step-3.5-flash,sha256:ab5e110dd65eb9d3ba77efd18886c4c32722724334f53ef0d96e0b665b2fc659,det-v1,1,accepted,1551,4628,0.001,0.0015435000,true,false
call-000503,arm8_spec_immediate,cal/f5/s5060000/unreliable,18,step-3.5-flash,sha256:f928fa7d6c3072a3554dd7494496f4c7cd0627e8a646a110c518768b4f1303ba,det-v1,1,,1482,5942,32419.901,0.0019308000,false,true
call-000504,arm8_spec_immediate,cal/f5/s5060000/unreliable,18,step-3.5-flash,sha256:f928fa7d6c3072a3554dd7494496f4c7cd0627e8a646a110c518768b4f1303ba,det-v1,1,accepted,1482,5942,32419.901,0.0019308000,false,false
call-000505,arm9_spec_heuristic_rollback,cal/f5/s5060000/unreliable,18,step-3.5-flash,sha256:f928fa7d6c3072a3554dd7494496f4c7cd0627e8a646a110c518768b4f1303ba,det-v1,1,accepted,1482,5942,0.002,0.0019308000,true,false
call-000506,arm10_spec_eprocess,cal/f5/s5060000/unreliable,18,step-3.5-flash,sha256:f928fa7d6c3072a3554dd7494496f4c7cd0627e8a646a110c518768b4f1303ba,det-v1,1,accepted,1482,5942,0.002,0.0019308000,true,false
call-000507,arm8_spec_immediate,dev/f5/s5050001/unreliable,15,step-3.5-flash,sha256:e2116107bacb362b8a722fa9dd3b0f2ad61ced621e16a14ee48da311f596cfdf,det-v1,1,,1348,898,6306.024,0.0004042000,false,true
call-000508,arm8_spec_immediate,dev/f5/s5050001/unreliable,15,step-3.5-flash,sha256:e2116107bacb362b8a722fa9dd3b0f2ad61ced621e16a14ee48da311f596cfdf,det-v1,1,accepted,1348,898,6306.024,0.0004042000,false,false
call-000509,arm9_spec_heuristic_rollback,dev/f5/s5050001/unreliable,15,step-3.5-flash,sha256:e2116107bacb362b8a722fa9dd3b0f2ad61ced621e16a14ee48da311f596cfdf,det-v1,1,accepted,1348,898,0.002,0.0004042000,true,false
call-000510,arm10_spec_eprocess,dev/f5/s5050001/unreliable,15,step-3.5-flash,sha256:e2116107bacb362b8a722fa9dd3b0f2ad61ced621e16a14ee48da311f596cfdf,det-v1,1,accepted,1348,898,0.002,0.0004042000,true,false
call-000511,arm8_spec_immediate,cal/f5/s5060001/unreliable,21,step-3.5-flash,sha256:8315936a57b90b09f07755be6c59978c8603f8960507aaa4bba6ea2727d3aeb1,det-v1,1,,1602,9216,46637.627,0.0029250000,false,true
call-000512,arm8_spec_immediate,cal/f5/s5060001/unreliable,21,step-3.5-flash,sha256:8315936a57b90b09f07755be6c59978c8603f8960507aaa4bba6ea2727d3aeb1,det-v1,1,accepted,1602,9216,46637.627,0.0029250000,false,false
call-000513,arm9_spec_heuristic_rollback,cal/f5/s5060001/unreliable,21,step-3.5-flash,sha256:8315936a57b90b09f07755be6c59978c8603f8960507aaa4bba6ea2727d3aeb1,det-v1,1,accepted,1602,9216,0.003,0.0029250000,true,false
call-000514,arm10_spec_eprocess,cal/f5/s5060001/unreliable,21,step-3.5-flash,sha256:8315936a57b90b09f07755be6c59978c8603f8960507aaa4bba6ea2727d3aeb1,det-v1,1,accepted,1602,9216,0.003,0.0029250000,true,false
call-000515,arm8_spec_immediate,dev/f6/s6050000/no_alert,22,step-3.5-flash,sha256:f73854da84ac501fffaf5ba21fb99eda64e5bbcdf8e859388bf97ca58a16874d,det-v1,1,,1589,15010,73355.568,0.0046619000,false,true
call-000516,arm8_spec_immediate,dev/f6/s6050000/no_alert,22,step-3.5-flash,sha256:f73854da84ac501fffaf5ba21fb99eda64e5bbcdf8e859388bf97ca58a16874d,det-v1,1,accepted,1589,15010,73355.568,0.0046619000,false,false
call-000517,arm9_spec_heuristic_rollback,dev/f6/s6050000/no_alert,22,step-3.5-flash,sha256:f73854da84ac501fffaf5ba21fb99eda64e5bbcdf8e859388bf97ca58a16874d,det-v1,1,accepted,1589,15010,0.003,0.0046619000,true,false
call-000518,arm10_spec_eprocess,dev/f6/s6050000/no_alert,22,step-3.5-flash,sha256:f73854da84ac501fffaf5ba21fb99eda64e5bbcdf8e859388bf97ca58a16874d,det-v1,1,accepted,1589,15010,0.002,0.0046619000,true,false
call-000519,arm8_spec_immediate,cal/f6/s6060000/no_alert,18,step-3.5-flash,sha256:24d31b97239bc0bbd33dbccba0d3cbdbdbe7fc143f2b37812a350e5495e12d18,det-v1,1,,1437,10077,51070.572,0.0031668000,false,true
call-000520,arm8_spec_immediate,cal/f6/s6060000/no_alert,18,step-3.5-flash,sha256:24d31b97239bc0bbd33dbccba0d3cbdbdbe7fc143f2b37812a350e5495e12d18,det-v1,1,accepted,1437,10077,51070.572,0.0031668000,false,false
call-000521,arm9_spec_heuristic_rollback,cal/f6/s6060000/no_alert,18,step-3.5-flash,sha256:24d31b97239bc0bbd33dbccba0d3cbdbdbe7fc143f2b37812a350e5495e12d18,det-v1,1,accepted,1437,10077,0.004,0.0031668000,true,false
call-000522,arm10_spec_eprocess,cal/f6/s6060000/no_alert,18,step-3.5-flash,sha256:24d31b97239bc0bbd33dbccba0d3cbdbdbe7fc143f2b37812a350e5495e12d18,det-v1,1,accepted,1437,10077,0.003,0.0031668000,true,false
call-000523,arm8_spec_immediate,dev/f6/s6050001/no_alert,25,step-3.5-flash,sha256:f73a8aa8f368a30b51b5622137403fb047fa6d3165631067c018a4d366469b3d,det-v1,1,,1703,28034,144257.129,0.0085805000,false,true
call-000524,arm8_spec_immediate,dev/f6/s6050001/no_alert,25,step-3.5-flash,sha256:f73a8aa8f368a30b51b5622137403fb047fa6d3165631067c018a4d366469b3d,det-v1,1,accepted,1703,28034,144257.129,0.0085805000,false,false
call-000525,arm9_spec_heuristic_rollback,dev/f6/s6050001/no_alert,25,step-3.5-flash,sha256:f73a8aa8f368a30b51b5622137403fb047fa6d3165631067c018a4d366469b3d,det-v1,1,accepted,1703,28034,0.004,0.0085805000,true,false
call-000526,arm10_spec_eprocess,dev/f6/s6050001/no_alert,25,step-3.5-flash,sha256:f73a8aa8f368a30b51b5622137403fb047fa6d3165631067c018a4d366469b3d,det-v1,1,accepted,1703,28034,0.003,0.0085805000,true,false
call-000527,arm8_spec_immediate,cal/f6/s6060001/no_alert,23,step-3.5-flash,sha256:5e0256140004996836a926e4cb7793b2b3be3dac7747bb3ecdcc23efaaf59221,det-v1,1,,1627,14572,59355.949,0.0045343000,false,true
call-000528,arm8_spec_immediate,cal/f6/s6060001/no_alert,23,step-3.5-flash,sha256:5e0256140004996836a926e4cb7793b2b3be3dac7747bb3ecdcc23efaaf59221,det-v1,1,accepted,1627,14572,59355.949,0.0045343000,false,false
call-000529,arm9_spec_heuristic_rollback,cal/f6/s6060001/no_alert,23,step-3.5-flash,sha256:5e0256140004996836a926e4cb7793b2b3be3dac7747bb3ecdcc23efaaf59221,det-v1,1,accepted,1627,14572,0.003,0.0045343000,true,false
call-000530,arm10_spec_eprocess,cal/f6/s6060001/no_alert,23,step-3.5-flash,sha256:5e0256140004996836a926e4cb7793b2b3be3dac7747bb3ecdcc23efaaf59221,det-v1,1,accepted,1627,14572,0.003,0.0045343000,true,false
call-000531,arm8_spec_immediate,dev/f6/s6050000/early_accurate,18,step-3.5-flash,sha256:2419410cd9720bf3971bed3bdb3463cc5fd32d6cdd15f2dd9d2ecd3982efa201,det-v1,1,,1476,12560,60024.565,0.0039156000,false,true
call-000532,arm8_spec_immediate,dev/f6/s6050000/early_accurate,18,step-3.5-flash,sha256:2419410cd9720bf3971bed3bdb3463cc5fd32d6cdd15f2dd9d2ecd3982efa201,det-v1,1,accepted,1476,12560,60024.565,0.0039156000,false,false
call-000533,arm9_spec_heuristic_rollback,dev/f6/s6050000/early_accurate,18,step-3.5-flash,sha256:2419410cd9720bf3971bed3bdb3463cc5fd32d6cdd15f2dd9d2ecd3982efa201,det-v1,1,accepted,1476,12560,0.002,0.0039156000,true,false
call-000534,arm10_spec_eprocess,dev/f6/s6050000/early_accurate,18,step-3.5-flash,sha256:2419410cd9720bf3971bed3bdb3463cc5fd32d6cdd15f2dd9d2ecd3982efa201,det-v1,1,accepted,1476,12560,0.002,0.0039156000,true,false
call-000535,arm8_spec_immediate,cal/f6/s6060000/early_accurate,13,step-3.5-flash,sha256:31e2bf2afabcf8671111d241aa0599ce73341ba75222b926ee8e5ce7d8567140,det-v1,1,,1290,4501,22614.651,0.0014793000,false,true
call-000536,arm8_spec_immediate,cal/f6/s6060000/early_accurate,13,step-3.5-flash,sha256:31e2bf2afabcf8671111d241aa0599ce73341ba75222b926ee8e5ce7d8567140,det-v1,1,accepted,1290,4501,22614.651,0.0014793000,false,false
call-000537,arm8_spec_immediate,cal/f6/s6060000/early_accurate,19,step-3.5-flash,sha256:f328dba3c5eedb5fe2889330633075fab376fe7a0e0f369840e65c44401b3d15,det-v1,1,,1518,10734,55562.879,0.0033720000,false,true
call-000538,arm8_spec_immediate,cal/f6/s6060000/early_accurate,19,step-3.5-flash,sha256:f328dba3c5eedb5fe2889330633075fab376fe7a0e0f369840e65c44401b3d15,det-v1,1,accepted,1518,10734,55562.879,0.0033720000,false,false
call-000539,arm9_spec_heuristic_rollback,cal/f6/s6060000/early_accurate,13,step-3.5-flash,sha256:31e2bf2afabcf8671111d241aa0599ce73341ba75222b926ee8e5ce7d8567140,det-v1,1,accepted,1290,4501,0.004,0.0014793000,true,false
call-000540,arm9_spec_heuristic_rollback,cal/f6/s6060000/early_accurate,19,step-3.5-flash,sha256:f328dba3c5eedb5fe2889330633075fab376fe7a0e0f369840e65c44401b3d15,det-v1,1,accepted,1518,10734,0.003,0.0033720000,true,false
call-000541,arm10_spec_eprocess,cal/f6/s6060000/early_accurate,13,step-3.5-flash,sha256:31e2bf2afabcf8671111d241aa0599ce73341ba75222b926ee8e5ce7d8567140,det-v1,1,accepted,1290,4501,0.002,0.0014793000,true,false
call-000542,arm10_spec_eprocess,cal/f6/s6060000/early_accurate,19,step-3.5-flash,sha256:0dacfa22de8c80a6a1dde4f5eb7f137b0cf4e3b9f98e8a93a610981b673daef5,det-v1,1,,1518,10236,47916.532,0.0032226000,false,true
call-000543,arm10_spec_eprocess,cal/f6/s6060000/early_accurate,19,step-3.5-flash,sha256:0dacfa22de8c80a6a1dde4f5eb7f137b0cf4e3b9f98e8a93a610981b673daef5,det-v1,1,accepted,1518,10236,47916.532,0.0032226000,false,false
call-000544,arm8_spec_immediate,dev/f6/s6050001/early_accurate,19,step-3.5-flash,sha256:cdbf7b929a5a9e220e581b6798fecb3f31fe67a1e221c93d1d1370b2e154c387,det-v1,1,,1508,5223,24757.825,0.0017177000,false,true
call-000545,arm8_spec_immediate,dev/f6/s6050001/early_accurate,19,step-3.5-flash,sha256:cdbf7b929a5a9e220e581b6798fecb3f31fe67a1e221c93d1d1370b2e154c387,det-v1,1,accepted,1508,5223,24757.825,0.0017177000,false,false
call-000546,arm8_spec_immediate,dev/f6/s6050001/early_accurate,25,step-3.5-flash,sha256:900eac115914a8914018e39d89d246d27b616040d1e1ec8d443969a46bd8fccc,det-v1,1,,1736,12881,54968.471,0.0040379000,false,true
call-000547,arm8_spec_immediate,dev/f6/s6050001/early_accurate,25,step-3.5-flash,sha256:900eac115914a8914018e39d89d246d27b616040d1e1ec8d443969a46bd8fccc,det-v1,1,accepted,1736,12881,54968.471,0.0040379000,false,false
call-000548,arm9_spec_heuristic_rollback,dev/f6/s6050001/early_accurate,19,step-3.5-flash,sha256:cdbf7b929a5a9e220e581b6798fecb3f31fe67a1e221c93d1d1370b2e154c387,det-v1,1,accepted,1508,5223,0.003,0.0017177000,true,false
call-000549,arm9_spec_heuristic_rollback,dev/f6/s6050001/early_accurate,25,step-3.5-flash,sha256:900eac115914a8914018e39d89d246d27b616040d1e1ec8d443969a46bd8fccc,det-v1,1,accepted,1736,12881,0.003,0.0040379000,true,false
call-000550,arm10_spec_eprocess,dev/f6/s6050001/early_accurate,19,step-3.5-flash,sha256:cdbf7b929a5a9e220e581b6798fecb3f31fe67a1e221c93d1d1370b2e154c387,det-v1,1,accepted,1508,5223,0.003,0.0017177000,true,false
call-000551,arm10_spec_eprocess,dev/f6/s6050001/early_accurate,25,step-3.5-flash,sha256:00cc06f34836a94eaaeb9080e00da7561bb14e36da5e43f08214fc2dc0253cb0,det-v1,1,,1736,10503,50934.313,0.0033245000,false,true
call-000552,arm10_spec_eprocess,dev/f6/s6050001/early_accurate,25,step-3.5-flash,sha256:00cc06f34836a94eaaeb9080e00da7561bb14e36da5e43f08214fc2dc0253cb0,det-v1,1,accepted,1736,10503,50934.313,0.0033245000,false,false
call-000553,arm8_spec_immediate,cal/f6/s6060001/early_accurate,17,step-3.5-flash,sha256:756856e428b344a58736e667b530aff6d65c300f6ccb3fe968af5e7bb084b613,det-v1,1,,1442,4605,21561.906,0.0015257000,false,true
call-000554,arm8_spec_immediate,cal/f6/s6060001/early_accurate,17,step-3.5-flash,sha256:756856e428b344a58736e667b530aff6d65c300f6ccb3fe968af5e7bb084b613,det-v1,1,accepted,1442,4605,21561.906,0.0015257000,false,false
call-000555,arm8_spec_immediate,cal/f6/s6060001/early_accurate,23,step-3.5-flash,sha256:17c2b1f8b82e1312fdab378ff8090f29a959991b6dd7287e717e9c5944587e28,det-v1,1,,1670,5127,22685.716,0.0017051000,false,true
call-000556,arm8_spec_immediate,cal/f6/s6060001/early_accurate,23,step-3.5-flash,sha256:17c2b1f8b82e1312fdab378ff8090f29a959991b6dd7287e717e9c5944587e28,det-v1,1,accepted,1670,5127,22685.716,0.0017051000,false,false
call-000557,arm9_spec_heuristic_rollback,cal/f6/s6060001/early_accurate,17,step-3.5-flash,sha256:756856e428b344a58736e667b530aff6d65c300f6ccb3fe968af5e7bb084b613,det-v1,1,accepted,1442,4605,0.003,0.0015257000,true,false
call-000558,arm9_spec_heuristic_rollback,cal/f6/s6060001/early_accurate,23,step-3.5-flash,sha256:17c2b1f8b82e1312fdab378ff8090f29a959991b6dd7287e717e9c5944587e28,det-v1,1,accepted,1670,5127,0.003,0.0017051000,true,false
call-000559,arm10_spec_eprocess,cal/f6/s6060001/early_accurate,17,step-3.5-flash,sha256:756856e428b344a58736e667b530aff6d65c300f6ccb3fe968af5e7bb084b613,det-v1,1,accepted,1442,4605,0.003,0.0015257000,true,false
call-000560,arm10_spec_eprocess,cal/f6/s6060001/early_accurate,23,step-3.5-flash,sha256:3454faa92ac983a45fc6d6e3e00ca58c0b57d14ce8f20422d30b1c2460208417,det-v1,1,,1670,10489,48800.972,0.0033137000,false,true
call-000561,arm10_spec_eprocess,cal/f6/s6060001/early_accurate,23,step-3.5-flash,sha256:3454faa92ac983a45fc6d6e3e00ca58c0b57d14ce8f20422d30b1c2460208417,det-v1,1,accepted,1670,10489,48800.972,0.0033137000,false,false
call-000562,arm8_spec_immediate,dev/f6/s6050000/late_accurate,21,step-3.5-flash,sha256:01fd910849903bb21a6af120bea15348d6c527f1222d48c65a278efb619cfe0d,det-v1,1,,1590,7018,36249.959,0.0022644000,false,true
call-000563,arm8_spec_immediate,dev/f6/s6050000/late_accurate,21,step-3.5-flash,sha256:01fd910849903bb21a6af120bea15348d6c527f1222d48c65a278efb619cfe0d,det-v1,1,accepted,1590,7018,36249.959,0.0022644000,false,false
call-000564,arm9_spec_heuristic_rollback,dev/f6/s6050000/late_accurate,21,step-3.5-flash,sha256:01fd910849903bb21a6af120bea15348d6c527f1222d48c65a278efb619cfe0d,det-v1,1,accepted,1590,7018,0.002,0.0022644000,true,false
call-000565,arm10_spec_eprocess,dev/f6/s6050000/late_accurate,21,step-3.5-flash,sha256:01fd910849903bb21a6af120bea15348d6c527f1222d48c65a278efb619cfe0d,det-v1,1,accepted,1590,7018,0.001,0.0022644000,true,false
call-000566,arm8_spec_immediate,cal/f6/s6060000/late_accurate,16,step-3.5-flash,sha256:14ad44d68a5a9653df1e14bb77f0c53754d579e93efa2cae340227b02c3589e5,det-v1,1,,1404,6784,33481.486,0.0021756000,false,true
call-000567,arm8_spec_immediate,cal/f6/s6060000/late_accurate,16,step-3.5-flash,sha256:14ad44d68a5a9653df1e14bb77f0c53754d579e93efa2cae340227b02c3589e5,det-v1,1,accepted,1404,6784,33481.486,0.0021756000,false,false
call-000568,arm9_spec_heuristic_rollback,cal/f6/s6060000/late_accurate,16,step-3.5-flash,sha256:14ad44d68a5a9653df1e14bb77f0c53754d579e93efa2cae340227b02c3589e5,det-v1,1,accepted,1404,6784,0.002,0.0021756000,true,false
call-000569,arm10_spec_eprocess,cal/f6/s6060000/late_accurate,16,step-3.5-flash,sha256:14ad44d68a5a9653df1e14bb77f0c53754d579e93efa2cae340227b02c3589e5,det-v1,1,accepted,1404,6784,0.002,0.0021756000,true,false
call-000570,arm8_spec_immediate,dev/f6/s6050001/late_accurate,22,step-3.5-flash,sha256:c03d6df843b5af7ec292b07d3ac9f4213bd69f5f54ba241eb6329acb3794778b,det-v1,1,,1622,18088,97241.203,0.0055886000,false,true
call-000571,arm8_spec_immediate,dev/f6/s6050001/late_accurate,22,step-3.5-flash,sha256:c03d6df843b5af7ec292b07d3ac9f4213bd69f5f54ba241eb6329acb3794778b,det-v1,1,accepted,1622,18088,97241.203,0.0055886000,false,false
call-000572,arm8_spec_immediate,dev/f6/s6050001/late_accurate,28,step-3.5-flash,sha256:4ac72f6b1e4a20822f8d1803c2a28ee2a3fc7fe2b7b72b1e3ce843aa1d35c505,det-v1,1,,1850,4591,24753.040,0.0015623000,false,true
call-000573,arm8_spec_immediate,dev/f6/s6050001/late_accurate,28,step-3.5-flash,sha256:4ac72f6b1e4a20822f8d1803c2a28ee2a3fc7fe2b7b72b1e3ce843aa1d35c505,det-v1,1,accepted,1850,4591,24753.040,0.0015623000,false,false
call-000574,arm9_spec_heuristic_rollback,dev/f6/s6050001/late_accurate,22,step-3.5-flash,sha256:c03d6df843b5af7ec292b07d3ac9f4213bd69f5f54ba241eb6329acb3794778b,det-v1,1,accepted,1622,18088,0.004,0.0055886000,true,false
call-000575,arm9_spec_heuristic_rollback,dev/f6/s6050001/late_accurate,28,step-3.5-flash,sha256:4ac72f6b1e4a20822f8d1803c2a28ee2a3fc7fe2b7b72b1e3ce843aa1d35c505,det-v1,1,accepted,1850,4591,0.003,0.0015623000,true,false
call-000576,arm10_spec_eprocess,dev/f6/s6050001/late_accurate,22,step-3.5-flash,sha256:c03d6df843b5af7ec292b07d3ac9f4213bd69f5f54ba241eb6329acb3794778b,det-v1,1,accepted,1622,18088,0.003,0.0055886000,true,false
call-000577,arm10_spec_eprocess,dev/f6/s6050001/late_accurate,28,step-3.5-flash,sha256:4fa22e417c81b9e1a7ddcb4dcec683463090bdb1c7abcf094104b313325a7336,det-v1,1,,1850,10890,53685.397,0.0034520000,false,true
call-000578,arm10_spec_eprocess,dev/f6/s6050001/late_accurate,28,step-3.5-flash,sha256:4fa22e417c81b9e1a7ddcb4dcec683463090bdb1c7abcf094104b313325a7336,det-v1,1,accepted,1850,10890,53685.397,0.0034520000,false,false
call-000579,arm8_spec_immediate,cal/f6/s6060001/late_accurate,20,step-3.5-flash,sha256:8a06e9ff61c1c046f0a621ba7769c0a111543357be54c073e06d5f15a171c952,det-v1,1,,1556,4565,27776.152,0.0015251000,false,true
call-000580,arm8_spec_immediate,cal/f6/s6060001/late_accurate,20,step-3.5-flash,sha256:8a06e9ff61c1c046f0a621ba7769c0a111543357be54c073e06d5f15a171c952,det-v1,1,accepted,1556,4565,27776.152,0.0015251000,false,false
call-000581,arm9_spec_heuristic_rollback,cal/f6/s6060001/late_accurate,20,step-3.5-flash,sha256:8a06e9ff61c1c046f0a621ba7769c0a111543357be54c073e06d5f15a171c952,det-v1,1,accepted,1556,4565,0.002,0.0015251000,true,false
call-000582,arm10_spec_eprocess,cal/f6/s6060001/late_accurate,20,step-3.5-flash,sha256:8a06e9ff61c1c046f0a621ba7769c0a111543357be54c073e06d5f15a171c952,det-v1,1,accepted,1556,4565,0.001,0.0015251000,true,false
call-000583,arm8_spec_immediate,dev/f6/s6050000/unreliable,18,step-3.5-flash,sha256:76f95ec3e9aad11dbb76a89a4f8c9c90ec2d076fb5d3b321f5d21ba90f37ca81,det-v1,1,,1472,2412,13903.779,0.0008708000,false,true
call-000584,arm8_spec_immediate,dev/f6/s6050000/unreliable,18,step-3.5-flash,sha256:76f95ec3e9aad11dbb76a89a4f8c9c90ec2d076fb5d3b321f5d21ba90f37ca81,det-v1,1,accepted,1472,2412,13903.779,0.0008708000,false,false
call-000585,arm9_spec_heuristic_rollback,dev/f6/s6050000/unreliable,18,step-3.5-flash,sha256:76f95ec3e9aad11dbb76a89a4f8c9c90ec2d076fb5d3b321f5d21ba90f37ca81,det-v1,1,accepted,1472,2412,0.002,0.0008708000,true,false
call-000586,arm10_spec_eprocess,dev/f6/s6050000/unreliable,18,step-3.5-flash,sha256:76f95ec3e9aad11dbb76a89a4f8c9c90ec2d076fb5d3b321f5d21ba90f37ca81,det-v1,1,accepted,1472,2412,0.002,0.0008708000,true,false
call-000587,arm8_spec_immediate,cal/f6/s6060000/unreliable,13,step-3.5-flash,sha256:9ea042f44be4dda53d09258ed91b0169384e8664062776200aeca34936f01148,det-v1,1,accepted,1286,1061,0.003,0.0004469000,true,false
call-000588,arm8_spec_immediate,cal/f6/s6060000/unreliable,19,step-3.5-flash,sha256:57aa092ba20499adcd114c1f3caa483604afa1058e08ea2d47eebf772461c06f,det-v1,1,accepted,1514,17041,0.001,0.0052637000,true,false
call-000589,arm9_spec_heuristic_rollback,cal/f6/s6060000/unreliable,13,step-3.5-flash,sha256:9ea042f44be4dda53d09258ed91b0169384e8664062776200aeca34936f01148,det-v1,1,accepted,1286,1061,0.001,0.0004469000,true,false
call-000590,arm9_spec_heuristic_rollback,cal/f6/s6060000/unreliable,19,step-3.5-flash,sha256:57aa092ba20499adcd114c1f3caa483604afa1058e08ea2d47eebf772461c06f,det-v1,1,accepted,1514,17041,0.001,0.0052637000,true,false
call-000591,arm10_spec_eprocess,cal/f6/s6060000/unreliable,13,step-3.5-flash,sha256:9ea042f44be4dda53d09258ed91b0169384e8664062776200aeca34936f01148,det-v1,1,accepted,1286,1061,0.002,0.0004469000,true,false
call-000592,arm10_spec_eprocess,cal/f6/s6060000/unreliable,19,step-3.5-flash,sha256:57aa092ba20499adcd114c1f3caa483604afa1058e08ea2d47eebf772461c06f,det-v1,1,accepted,1514,17041,0.001,0.0052637000,true,false
call-000593,arm8_spec_immediate,dev/f6/s6050001/unreliable,19,step-3.5-flash,sha256:3e9dd1cbad11c9128325c6b059179cc3df59f74139a7da1869837e15aaa38e44,det-v1,1,,1501,1402,7651.653,0.0005707000,false,true
call-000594,arm8_spec_immediate,dev/f6/s6050001/unreliable,19,step-3.5-flash,sha256:3e9dd1cbad11c9128325c6b059179cc3df59f74139a7da1869837e15aaa38e44,det-v1,1,accepted,1501,1402,7651.653,0.0005707000,false,false
call-000595,arm8_spec_immediate,dev/f6/s6050001/unreliable,25,step-3.5-flash,sha256:587114297b466042b96d79861ab50495e259e69673e0521cc973fd7821ab5672,det-v1,1,,1729,7052,34315.474,0.0022885000,false,true
call-000596,arm8_spec_immediate,dev/f6/s6050001/unreliable,25,step-3.5-flash,sha256:587114297b466042b96d79861ab50495e259e69673e0521cc973fd7821ab5672,det-v1,1,accepted,1729,7052,34315.474,0.0022885000,false,false
call-000597,arm9_spec_heuristic_rollback,dev/f6/s6050001/unreliable,19,step-3.5-flash,sha256:3e9dd1cbad11c9128325c6b059179cc3df59f74139a7da1869837e15aaa38e44,det-v1,1,accepted,1501,1402,0.002,0.0005707000,true,false
call-000598,arm9_spec_heuristic_rollback,dev/f6/s6050001/unreliable,25,step-3.5-flash,sha256:587114297b466042b96d79861ab50495e259e69673e0521cc973fd7821ab5672,det-v1,1,accepted,1729,7052,0.002,0.0022885000,true,false
call-000599,arm10_spec_eprocess,dev/f6/s6050001/unreliable,19,step-3.5-flash,sha256:3e9dd1cbad11c9128325c6b059179cc3df59f74139a7da1869837e15aaa38e44,det-v1,1,accepted,1501,1402,0.002,0.0005707000,true,false
call-000600,arm10_spec_eprocess,dev/f6/s6050001/unreliable,25,step-3.5-flash,sha256:587114297b466042b96d79861ab50495e259e69673e0521cc973fd7821ab5672,det-v1,1,accepted,1729,7052,0.002,0.0022885000,true,false
call-000601,arm8_spec_immediate,cal/f6/s6060001/unreliable,17,step-3.5-flash,sha256:f71f8d643b7876a28db9eb6953dc4f2b11c77d5873577d622797670c5a62d6dd,det-v1,1,,1436,1977,9836.603,0.0007367000,false,true
call-000602,arm8_spec_immediate,cal/f6/s6060001/unreliable,17,step-3.5-flash,sha256:f71f8d643b7876a28db9eb6953dc4f2b11c77d5873577d622797670c5a62d6dd,det-v1,1,accepted,1436,1977,9836.603,0.0007367000,false,false
call-000603,arm8_spec_immediate,cal/f6/s6060001/unreliable,23,step-3.5-flash,sha256:3286672109c2ff48623a00b3ee3836d27c9074ed2d6d88751da681c1c02ed231,det-v1,1,,1664,14768,73479.263,0.0045968000,false,true
call-000604,arm8_spec_immediate,cal/f6/s6060001/unreliable,23,step-3.5-flash,sha256:3286672109c2ff48623a00b3ee3836d27c9074ed2d6d88751da681c1c02ed231,det-v1,1,accepted,1664,14768,73479.263,0.0045968000,false,false
call-000605,arm9_spec_heuristic_rollback,cal/f6/s6060001/unreliable,17,step-3.5-flash,sha256:f71f8d643b7876a28db9eb6953dc4f2b11c77d5873577d622797670c5a62d6dd,det-v1,1,accepted,1436,1977,0.003,0.0007367000,true,false
call-000606,arm9_spec_heuristic_rollback,cal/f6/s6060001/unreliable,23,step-3.5-flash,sha256:3286672109c2ff48623a00b3ee3836d27c9074ed2d6d88751da681c1c02ed231,det-v1,1,accepted,1664,14768,0.003,0.0045968000,true,false
call-000607,arm10_spec_eprocess,cal/f6/s6060001/unreliable,17,step-3.5-flash,sha256:f71f8d643b7876a28db9eb6953dc4f2b11c77d5873577d622797670c5a62d6dd,det-v1,1,accepted,1436,1977,0.002,0.0007367000,true,false
call-000608,arm10_spec_eprocess,cal/f6/s6060001/unreliable,23,step-3.5-flash,sha256:78c10cf7c7e6b33ae8ba18ba4fdd7a38b9ca2fcf5cfb74eae3cf3141fbc1ab73,det-v1,1,,1664,14778,71398.808,0.0045998000,false,true
call-000609,arm10_spec_eprocess,cal/f6/s6060001/unreliable,23,step-3.5-flash,sha256:78c10cf7c7e6b33ae8ba18ba4fdd7a38b9ca2fcf5cfb74eae3cf3141fbc1ab73,det-v1,1,fallback,1664,14778,71398.808,0.0045998000,false,false
call-000610,arm10_spec_eprocess,cal/f6/s6060001/unreliable,23,step-3.5-flash,sha256:96aa1b380e3b3a3327c50a8c379e167e0bd7bcacc9fed7fd2fb1f93ecd05bc7b,det-v1,2,,1736,8112,46533.701,0.0026072000,false,true
call-000611,arm10_spec_eprocess,cal/f6/s6060001/unreliable,23,step-3.5-flash,sha256:96aa1b380e3b3a3327c50a8c379e167e0bd7bcacc9fed7fd2fb1f93ecd05bc7b,det-v1,2,accepted_after_repair,1736,8112,46533.701,0.0026072000,false,false
