call_id,arm_id,episode_id,period,model_id,prompt_hash,decoding_hash,attempt_index,outcome,input_tokens,output_tokens,latency_ms,usd_cost,cache_hit,physical
call-000001,arm8_spec_immediate,dev/f1/s1050000/no_alert,25,google/gemma-3-27b-it,sha256:1b1f072f47fd0474731f8cf824e2925dd423d64aee3995e86c241e53566fa555,det-v1,1,,1950,103,3173.300,0.0002023500,false,true
call-000002,arm8_spec_immediate,dev/f1/s1050000/no_alert,25,google/gemma-3-27b-it,sha256:1b1f072f47fd0474731f8cf824e2925dd423d64aee3995e86c241e53566fa555,det-v1,1,accepted,1950,103,3173.300,0.0002023500,false,false
call-000003,arm8_spec_immediate,dev/f1/s1050000/no_alert,31,google/gemma-3-27b-it,sha256:b15ab00eeabb94c17b74010e1a185f2f109a7f94d08bff20ac30587808debcbf,det-v1,1,,2251,108,1545.225,0.0002286800,false,true
call-000004,arm8_spec_immediate,dev/f1/s1050000/no_alert,31,google/gemma-3-27b-it,sha256:b15ab00eeabb94c17b74010e1a185f2f109a7f94d08bff20ac30587808debcbf,det-v1,1,accepted,2251,108,1545.225,0.0002286800,false,false
call-000005,arm9_spec_heuristic_rollback,dev/f1/s1050000/no_alert,25,google/gemma-3-27b-it,sha256:1b1f072f47fd0474731f8cf824e2925dd423d64aee3995e86c241e53566fa555,det-v1,1,accepted,1950,103,0.004,0.0002023500,true,false
call-000006,arm9_spec_heuristic_rollback,dev/f1/s1050000/no_alert,31,google/gemma-3-27b-it,sha256:b15ab00eeabb94c17b74010e1a185f2f109a7f94d08bff20ac30587808debcbf,det-v1,1,accepted,2251,108,0.003,0.0002286800,true,false
call-000007,arm10_spec_eprocess,dev/f1/s1050000/no_alert,25,google/gemma-3-27b-it,sha256:1b1f072f47fd0474731f8cf824e2925dd423d64aee3995e86c241e53566fa555,det-v1,1,accepted,1950,103,0.004,0.0002023500,true,false
call-000008,arm10_spec_eprocess,dev/f1/s1050000/no_alert,31,google/gemma-3-27b-it,sha256:cd4740e763d82c39cadfd6090617c6e15413044944fca0de399c39a5bd0c4c45,det-v1,1,,2250,103,8405.269,0.0002263500,false,true
call-000009,arm10_spec_eprocess,dev/f1/s1050000/no_alert,31,google/gemma-3-27b-it,sha256:cd4740e763d82c39cadfd6090617c6e15413044944fca0de399c39a5bd0c4c45,det-v1,1,accepted,2250,103,8405.269,0.0002263500,false,false
call-000010,arm8_spec_immediate,cal/f1/s1060000/no_alert,21,google/gemma-3-27b-it,sha256:4f6eaed53c6fe6b6491ae09321d847d3b04a3a29b12dae1521882da3a66a00b4,det-v1,1,,1763,90,4458.627,0.0001815400,false,true
call-000011,arm8_spec_immediate,cal/f1/s1060000/no_alert,21,google/gemma-3-27b-it,sha256:4f6eaed53c6fe6b6491ae09321d847d3b04a3a29b12dae1521882da3a66a00b4,det-v1,1,accepted,1763,90,4458.627,0.0001815400,false,false
call-000012,arm8_spec_immediate,cal/f1/s1060000/no_alert,49,google/gemma-3-27b-it,sha256:f1743e7a7ae28e7be0b2fd36ca92e93b7f503d84152a8c6b25c3364a50c46673,det-v1,1,,3140,150,7367.057,0.0003187000,false,true
call-000013,arm8_spec_immediate,cal/f1/s1060000/no_alert,49,google/gemma-3-27b-it,sha256:f1743e7a7ae28e7be0b2fd36ca92e93b7f503d84152a8c6b25c3364a50c46673,det-v1,1,accepted,3140,150,7367.057,0.0003187000,false,false
call-000014,arm9_spec_heuristic_rollback,cal/f1/s1060000/no_alert,21,google/gemma-3-27b-it,sha256:4f6eaed53c6fe6b6491ae09321d847d3b04a3a29b12dae1521882da3a66a00b4,det-v1,1,accepted,1763,90,0.004,0.0001815400,true,false
call-000015,arm9_spec_heuristic_rollback,cal/f1/s1060000/no_alert,49,google/gemma-3-27b-it,sha256:f1743e7a7ae28e7be0b2fd36ca92e93b7f503d84152a8c6b25c3364a50c46673,det-v1,1,accepted,3140,150,0.003,0.0003187000,true,false
call-000016,arm10_spec_eprocess,cal/f1/s1060000/no_alert,21,google/gemma-3-27b-it,sha256:4f6eaed53c6fe6b6491ae09321d847d3b04a3a29b12dae1521882da3a66a00b4,det-v1,1,accepted,1763,90,0.003,0.0001815400,true,false
call-000017,arm10_spec_eprocess,cal/f1/s1060000/no_alert,49,google/gemma-3-27b-it,sha256:17b10ae632a177520c96a9565b637a6320a064f34dede70e4df574ae7883b973,det-v1,1,,3135,65,1201.645,0.0002800500,false,true
call-000018,arm10_spec_eprocess,cal/f1/s1060000/no_alert,49,google/gemma-3-27b-it,sha256:17b10ae632a177520c96a9565b637a6320a064f34dede70e4df574ae7883b973,det-v1,1,accepted,3135,65,1201.645,0.0002800500,false,false
call-000019,arm8_spec_immediate,dev/f1/s1050001/no_alert,23,google/gemma-3-27b-it,sha256:ba119686c6f6917096d66f16ee5e954930aaa2bf8bd620033ee1e01f5759c9a8,det-v1,1,,1861,91,3716.128,0.0001898300,false,true
call-000020,arm8_spec_immediate,dev/f1/s1050001/no_alert,23,google/gemma-3-27b-it,sha256:ba119686c6f6917096d66f16ee5e954930aaa2bf8bd620033ee1e01f5759c9a8,det-v1,1,accepted,1861,91,3716.128,0.0001898300,false,false
call-000021,arm8_spec_immediate,dev/f1/s1050001/no_alert,32,google/gemma-3-27b-it,sha256:901a2f417048a267a04f44499cc540a1d9a8d24726e608ed824568fbcaa9b676,det-v1,1,,2304,141,4925.663,0.0002477700,false,true
call-000022,arm8_spec_immediate,dev/f1/s1050001/no_alert,32,google/gemma-3-27b-it,sha256:901a2f417048a267a04f44499cc540a1d9a8d24726e608ed824568fbcaa9b676,det-v1,1,accepted,2304,141,4925.663,0.0002477700,false,false
call-000023,arm9_spec_heuristic_rollback,dev/f1/s1050001/no_alert,23,google/gemma-3-27b-it,sha256:ba119686c6f6917096d66f16ee5e954930aaa2bf8bd620033ee1e01f5759c9a8,det-v1,1,accepted,1861,91,0.004,0.0001898300,true,false
call-000024,arm9_spec_heuristic_rollback,dev/f1/s1050001/no_alert,32,google/gemma-3-27b-it,sha256:901a2f417048a267a04f44499cc540a1d9a8d24726e608ed824568fbcaa9b676,det-v1,1,accepted,2304,141,0.003,0.0002477700,true,false
call-000025,arm10_spec_eprocess,dev/f1/s1050001/no_alert,23,google/gemma-3-27b-it,sha256:ba119686c6f6917096d66f16ee5e954930aaa2bf8bd620033ee1e01f5759c9a8,det-v1,1,accepted,1861,91,0.004,0.0001898300,true,false
call-000026,arm10_spec_eprocess,dev/f1/s1050001/no_alert,32,google/gemma-3-27b-it,sha256:cad5582806dda68270c2213d06f94db0ebeadcd4204df90aa05534eea0cd8d8f,det-v1,1,,2298,97,3334.364,0.0002274900,false,true
call-000027,arm10_spec_eprocess,dev/f1/s1050001/no_alert,32,google/gemma-3-27b-it,sha256:cad5582806dda68270c2213d06f94db0ebeadcd4204df90aa05534eea0cd8d8f,det-v1,1,accepted,2298,97,3334.364,0.0002274900,false,false
call-000028,arm8_spec_immediate,cal/f1/s1060001/no_alert,36,google/gemma-3-27b-it,sha256:dfd8210e29625c738955d532badd0ca22c4914d3d58b0238f77af371ceb590b0,det-v1,1,,2490,85,4263.804,0.0002374500,false,true
call-000029,arm8_spec_immediate,cal/f1/s1060001/no_alert,36,google/gemma-3-27b-it,sha256:dfd8210e29625c738955d532badd0ca22c4914d3d58b0238f77af371ceb590b0,det-v1,1,accepted,2490,85,4263.804,0.0002374500,false,false
call-000030,arm8_spec_immediate,cal/f1/s1060001/no_alert,46,google/gemma-3-27b-it,sha256:31f781a4c77c9ca862469bb13bf969d9a17f73b235fb61a4f05d306582b89913,det-v1,1,,2990,91,3430.442,0.0002801500,false,true
call-000031,arm8_spec_immediate,cal/f1/s1060001/no_alert,46,google/gemma-3-27b-it,sha256:31f781a4c77c9ca862469bb13bf969d9a17f73b235fb61a4f05d306582b89913,det-v1,1,accepted,2990,91,3430.442,0.0002801500,false,false
call-000032,arm9_spec_heuristic_rollback,cal/f1/s1060001/no_alert,36,google/gemma-3-27b-it,sha256:dfd8210e29625c738955d532badd0ca22c4914d3d58b0238f77af371ceb590b0,det-v1,1,accepted,2490,85,0.004,0.0002374500,true,false
call-000033,arm9_spec_heuristic_rollback,cal/f1/s1060001/no_alert,46,google/gemma-3-27b-it,sha256:31f781a4c77c9ca862469bb13bf969d9a17f73b235fb61a4f05d306582b89913,det-v1,1,accepted,2990,91,0.003,0.0002801500,true,false
call-000034,arm10_spec_eprocess,cal/f1/s1060001/no_alert,36,google/gemma-3-27b-it,sha256:dfd8210e29625c738955d532badd0ca22c4914d3d58b0238f77af371ceb590b0,det-v1,1,accepted,2490,85,0.004,0.0002374500,true,false
call-000035,arm10_spec_eprocess,cal/f1/s1060001/no_alert,46,google/gemma-3-27b-it,sha256:d52cbe398092e6794d5d662645ce59f5d9181439cd854313c4a4c980259c7a1e,det-v1,1,,2983,84,2303.981,0.0002764400,false,true
call-000036,arm10_spec_eprocess,cal/f1/s1060001/no_alert,46,google/gemma-3-27b-it,sha256:d52cbe398092e6794d5d662645ce59f5d9181439cd854313c4a4c980259c7a1e,det-v1,1,accepted,2983,84,2303.981,0.0002764400,false,false
call-000037,arm8_spec_immediate,dev/f1/s1050000/early_accurate,16,google/gemma-3-27b-it,sha256:ff8a9a06fd3502bfc35bc4bf01774f13fe54672d3da079fa591f84ad60d49181,det-v1,1,accepted,1556,98,0.004,0.0001685800,true,false
call-000038,arm8_spec_immediate,dev/f1/s1050000/early_accurate,25,google/gemma-3-27b-it,sha256:94c59c14759dfa4f17cc857de9850b4e45e6ad7a0b8878ca78bff6d8a965d8f1,det-v1,1,accepted,2003,132,0.001,0.0002196400,true,false
call-000039,arm9_spec_heuristic_rollback,dev/f1/s1050000/early_accurate,16,google/gemma-3-27b-it,sha256:ff8a9a06fd3502bfc35bc4bf01774f13fe54672d3da079fa591f84ad60d49181,det-v1,1,accepted,1556,98,0.002,0.0001685800,true,false
call-000040,arm9_spec_heuristic_rollback,dev/f1/s1050000/early_accurate,25,google/gemma-3-27b-it,sha256:94c59c14759dfa4f17cc857de9850b4e45e6ad7a0b8878ca78bff6d8a965d8f1,det-v1,1,accepted,2003,132,0.001,0.0002196400,true,false
call-000041,arm10_spec_eprocess,dev/f1/s1050000/early_accurate,16,google/gemma-3-27b-it,sha256:ff8a9a06fd3502bfc35bc4bf01774f13fe54672d3da079fa591f84ad60d49181,det-v1,1,accepted,1556,98,0.002,0.0001685800,true,false
call-000042,arm10_spec_eprocess,dev/f1/s1050000/early_accurate,25,google/gemma-3-27b-it,sha256:ea32da408395c97b05a63c3a2476944a86302364d1c3fbf35f223e548ad402c8,det-v1,1,accepted,1992,132,0.002,0.0002187600,true,false
call-000043,arm8_spec_immediate,cal/f1/s1060000/early_accurate,17,google/gemma-3-27b-it,sha256:305d29f6590fd2ba8e00aba69b0ac54c7edbe9ed6304d247c085f1a4390c186c,det-v1,1,,1613,99,3827.190,0.0001735900,false,true
call-000044,arm8_spec_immediate,cal/f1/s1060000/early_accurate,17,google/gemma-3-27b-it,sha256:305d29f6590fd2ba8e00aba69b0ac54c7edbe9ed6304d247c085f1a4390c186c,det-v1,1,accepted,1613,99,3827.190,0.0001735900,false,false
call-000045,arm8_spec_immediate,cal/f1/s1060000/early_accurate,23,google/gemma-3-27b-it,sha256:2ea3c092e03ac3c50ceeebd83c9f80fac04e718a0c99226c8a09530de30c6cfb,det-v1,1,,1911,97,3626.476,0.0001965300,false,true
call-000046,arm8_spec_immediate,cal/f1/s1060000/early_accurate,23,google/gemma-3-27b-it,sha256:2ea3c092e03ac3c50ceeebd83c9f80fac04e718a0c99226c8a09530de30c6cfb,det-v1,1,accepted,1911,97,3626.476,0.0001965300,false,false
call-000047,arm9_spec_heuristic_rollback,cal/f1/s1060000/early_accurate,17,google/gemma-3-27b-it,sha256:305d29f6590fd2ba8e00aba69b0ac54c7edbe9ed6304d247c085f1a4390c186c,det-v1,1,accepted,1613,99,0.004,0.0001735900,true,false
call-000048,arm9_spec_heuristic_rollback,cal/f1/s1060000/early_accurate,23,google/gemma-3-27b-it,sha256:2ea3c092e03ac3c50ceeebd83c9f80fac04e718a0c99226c8a09530de30c6cfb,det-v1,1,accepted,1911,97,0.003,0.0001965300,true,false
call-000049,arm10_spec_eprocess,cal/f1/s1060000/early_accurate,17,google/gemma-3-27b-it,sha256:305d29f6590fd2ba8e00aba69b0ac54c7edbe9ed6304d247c085f1a4390c186c,det-v1,1,accepted,1613,99,0.003,0.0001735900,true,false
call-000050,arm10_spec_eprocess,cal/f1/s1060000/early_accurate,23,google/gemma-3-27b-it,sha256:33f97a3a1f5c73d97322b51f8f2fd0cfd893e945d929443c1cb1fdd113642935,det-v1,1,,1909,97,6408.033,0.0001963700,false,true
call-000051,arm10_spec_eprocess,cal/f1/s1060000/early_accurate,23,google/gemma-3-27b-it,sha256:33f97a3a1f5c73d97322b51f8f2fd0cfd893e945d929443c1cb1fdd113642935,det-v1,1,accepted,1909,97,6408.033,0.0001963700,false,false
call-000052,arm8_spec_immediate,dev/f1/s1050001/early_accurate,15,google/gemma-3-27b-it,sha256:01fd70a251b4194976c7b5536f0387eaa27fb8e3c9f7b1bbba92d898c5130499,det-v1,1,,1509,84,3571.269,0.0001585200,false,true
call-000053,arm8_spec_immediate,dev/f1/s1050001/early_accurate,15,google/gemma-3-27b-it,sha256:01fd70a251b4194976c7b5536f0387eaa27fb8e3c9f7b1bbba92d898c5130499,det-v1,1,accepted,1509,84,3571.269,0.0001585200,false,false
call-000054,arm8_spec_immediate,dev/f1/s1050001/early_accurate,23,google/gemma-3-27b-it,sha256:1e866711c2c8624c09e6153314569b0fc59c1ac50e36523d2c62f836fd8b94de,det-v1,1,,1906,108,4315.545,0.0002010800,false,true
call-000055,arm8_spec_immediate,dev/f1/s1050001/early_accurate,23,google/gemma-3-27b-it,sha256:1e866711c2c8624c09e6153314569b0fc59c1ac50e36523d2c62f836fd8b94de,det-v1,1,accepted,1906,108,4315.545,0.0002010800,false,false
call-000056,arm9_spec_heuristic_rollback,dev/f1/s1050001/early_accurate,15,google/gemma-3-27b-it,sha256:01fd70a251b4194976c7b5536f0387eaa27fb8e3c9f7b1bbba92d898c5130499,det-v1,1,accepted,1509,84,0.004,0.0001585200,true,false
call-000057,arm9_spec_heuristic_rollback,dev/f1/s1050001/early_accurate,23,google/gemma-3-27b-it,sha256:1e866711c2c8624c09e6153314569b0fc59c1ac50e36523d2c62f836fd8b94de,det-v1,1,accepted,1906,108,0.003,0.0002010800,true,false
call-000058,arm10_spec_eprocess,dev/f1/s1050001/early_accurate,15,google/gemma-3-27b-it,sha256:01fd70a251b4194976c7b5536f0387eaa27fb8e3c9f7b1bbba92d898c5130499,det-v1,1,accepted,1509,84,0.003,0.0001585200,true,false
call-000059,arm10_spec_eprocess,dev/f1/s1050001/early_accurate,23,google/gemma-3-27b-it,sha256:c8539d71e8203919c88ecd86742e2fb734e4f24da967c8eda4e0e0e14df26409,det-v1,1,,1902,144,6618.059,0.0002169600,false,true
call-000060,arm10_spec_eprocess,dev/f1/s1050001/early_accurate,23,google/gemma-3-27b-it,sha256:c8539d71e8203919c88ecd86742e2fb734e4f24da967c8eda4e0e0e14df26409,det-v1,1,accepted,1902,144,6618.059,0.0002169600,false,false
call-000061,arm8_spec_immediate,cal/f1/s1060001/early_accurate,21,google/gemma-3-27b-it,sha256:4e2c978ebf5e4bdb2d4523b605e26b3b538685955d970691685010cef39c1c4b,det-v1,1,,1804,87,2581.977,0.0001834700,false,true
call-000062,arm8_spec_immediate,cal/f1/s1060001/early_accurate,21,google/gemma-3-27b-it,sha256:4e2c978ebf5e4bdb2d4523b605e26b3b538685955d970691685010cef39c1c4b,det-v1,1,accepted,1804,87,2581.977,0.0001834700,false,false
call-000063,arm8_spec_immediate,cal/f1/s1060001/early_accurate,36,google/gemma-3-27b-it,sha256:5b05c68b487982dc421daa926f0640ebbf6433392fe91ee02b502e0deee706de,det-v1,1,,2540,275,9764.796,0.0003269500,false,true
call-000064,arm8_spec_immediate,cal/f1/s1060001/early_accurate,36,google/gemma-3-27b-it,sha256:5b05c68b487982dc421daa926f0640ebbf6433392fe91ee02b502e0deee706de,det-v1,1,accepted,2540,275,9764.796,0.0003269500,false,false
call-000065,arm9_spec_heuristic_rollback,cal/f1/s1060001/early_accurate,21,google/gemma-3-27b-it,sha256:4e2c978ebf5e4bdb2d4523b605e26b3b538685955d970691685010cef39c1c4b,det-v1,1,accepted,1804,87,0.004,0.0001834700,true,false
call-000066,arm9_spec_heuristic_rollback,cal/f1/s1060001/early_accurate,36,google/gemma-3-27b-it,sha256:5b05c68b487982dc421daa926f0640ebbf6433392fe91ee02b502e0deee706de,det-v1,1,accepted,2540,275,0.003,0.0003269500,true,false
call-000067,arm10_spec_eprocess,cal/f1/s1060001/early_accurate,21,google/gemma-3-27b-it,sha256:4e2c978ebf5e4bdb2d4523b605e26b3b538685955d970691685010cef39c1c4b,det-v1,1,accepted,1804,87,0.003,0.0001834700,true,false
call-000068,arm10_spec_eprocess,cal/f1/s1060001/early_accurate,36,google/gemma-3-27b-it,sha256:08468ef8385fd0c33b2f656958b334a7105fc74df4836e01f3d42f34e848815e,det-v1,1,,2533,85,2655.248,0.0002408900,false,true
call-000069,arm10_spec_eprocess,cal/f1/s1060001/early_accurate,36,google/gemma-3-27b-it,sha256:08468ef8385fd0c33b2f656958b334a7105fc74df4836e01f3d42f34e848815e,det-v1,1,accepted,2533,85,2655.248,0.0002408900,false,false
call-000070,arm8_spec_immediate,dev/f1/s1050000/late_accurate,19,google/gemma-3-27b-it,sha256:218049275087c987d2d0ebdf0ee9517ccd1a083f7611aeb6b887957c097b5893,det-v1,1,,1700,117,10204.651,0.0001886500,false,true
call-000071,arm8_spec_immediate,dev/f1/s1050000/late_accurate,19,google/gemma-3-27b-it,sha256:218049275087c987d2d0ebdf0ee9517ccd1a083f7611aeb6b887957c097b5893,det-v1,1,accepted,1700,117,10204.651,0.0001886500,false,false
call-000072,arm8_spec_immediate,dev/f1/s1050000/late_accurate,25,google/gemma-3-27b-it,sha256:78bae63786cbf43954d760b826e92d1d8ff586ec9d4a5f5bc3bebe5ef1d74c33,det-v1,1,,1999,108,1663.229,0.0002085200,false,true
call-000073,arm8_spec_immediate,dev/f1/s1050000/late_accurate,25,google/gemma-3-27b-it,sha256:78bae63786cbf43954d760b826e92d1d8ff586ec9d4a5f5bc3bebe5ef1d74c33,det-v1,1,accepted,1999,108,1663.229,0.0002085200,false,false
call-000074,arm9_spec_heuristic_rollback,dev/f1/s1050000/late_accurate,19,google/gemma-3-27b-it,sha256:218049275087c987d2d0ebdf0ee9517ccd1a083f7611aeb6b887957c097b5893,det-v1,1,accepted,1700,117,0.003,0.0001886500,true,false
call-000075,arm9_spec_heuristic_rollback,dev/f1/s1050000/late_accurate,25,google/gemma-3-27b-it,sha256:78bae63786cbf43954d760b826e92d1d8ff586ec9d4a5f5bc3bebe5ef1d74c33,det-v1,1,accepted,1999,108,0.002,0.0002085200,true,false
call-000076,arm10_spec_eprocess,dev/f1/s1050000/late_accurate,19,google/gemma-3-27b-it,sha256:218049275087c987d2d0ebdf0ee9517ccd1a083f7611aeb6b887957c097b5893,det-v1,1,accepted,1700,117,0.002,0.0001886500,true,false
call-000077,arm10_spec_eprocess,dev/f1/s1050000/late_accurate,25,google/gemma-3-27b-it,sha256:d4bb652552064b6ead49793ec5e62c1fab70393237161ec624dc8aa915e698ce,det-v1,1,,1992,108,2716.963,0.0002079600,false,true
call-000078,arm10_spec_eprocess,dev/f1/s1050000/late_accurate,25,google/gemma-3-27b-it,sha256:d4bb652552064b6ead49793ec5e62c1fab70393237161ec624dc8aa915e698ce,det-v1,1,accepted,1992,108,2716.963,0.0002079600,false,false
call-000079,arm8_spec_immediate,cal/f1/s1060000/late_accurate,20,google/gemma-3-27b-it,sha256:70920a935a78c985cdf38bed02c2a46f3b86d05a1d672d93cc3135e493053b74,det-v1,1,,1760,83,1266.711,0.0001781500,false,true
call-000080,arm8_spec_immediate,cal/f1/s1060000/late_accurate,20,google/gemma-3-27b-it,sha256:70920a935a78c985cdf38bed02c2a46f3b86d05a1d672d93cc3135e493053b74,det-v1,1,accepted,1760,83,1266.711,0.0001781500,false,false
call-000081,arm8_spec_immediate,cal/f1/s1060000/late_accurate,49,google/gemma-3-27b-it,sha256:085f524e2f099b98fa4de4a8bfa78460767d74aede41901bed8e31874a32b4f1,det-v1,1,,3188,143,6268.135,0.0003193900,false,true
call-000082,arm8_spec_immediate,cal/f1/s1060000/late_accurate,49,google/gemma-3-27b-it,sha256:085f524e2f099b98fa4de4a8bfa78460767d74aede41901bed8e31874a32b4f1,det-v1,1,accepted,3188,143,6268.135,0.0003193900,false,false
call-000083,arm9_spec_heuristic_rollback,cal/f1/s1060000/late_accurate,20,google/gemma-3-27b-it,sha256:70920a935a78c985cdf38bed02c2a46f3b86d05a1d672d93cc3135e493053b74,det-v1,1,accepted,1760,83,0.004,0.0001781500,true,false
call-000084,arm9_spec_heuristic_rollback,cal/f1/s1060000/late_accurate,49,google/gemma-3-27b-it,sha256:085f524e2f099b98fa4de4a8bfa78460767d74aede41901bed8e31874a32b4f1,det-v1,1,accepted,3188,143,0.004,0.0003193900,true,false
call-000085,arm10_spec_eprocess,cal/f1/s1060000/late_accurate,20,google/gemma-3-27b-it,sha256:70920a935a78c985cdf38bed02c2a46f3b86d05a1d672d93cc3135e493053b74,det-v1,1,accepted,1760,83,0.003,0.0001781500,true,false
call-000086,arm10_spec_eprocess,cal/f1/s1060000/late_accurate,49,google/gemma-3-27b-it,sha256:6904ec1cc5a067c5c2a903614730b7a4d83e9f0f79da77d0ee1cee4a9af4b4a6,det-v1,1,,3185,155,5744.947,0.0003245500,false,true
call-000087,arm10_spec_eprocess,cal/f1/s1060000/late_accurate,49,google/gemma-3-27b-it,sha256:6904ec1cc5a067c5c2a903614730b7a4d83e9f0f79da77d0ee1cee4a9af4b4a6,det-v1,1,accepted,3185,155,5744.947,0.0003245500,false,false
call-000088,arm8_spec_immediate,dev/f1/s1050001/late_accurate,18,google/gemma-3-27b-it,sha256:27b7e47562cd1bfb437d5ec7f797aaf327fa6573805e487129e9edc040549c8f,det-v1,1,,1654,104,4866.481,0.0001791200,false,true
call-000089,arm8_spec_immediate,dev/f1/s1050001/late_accurate,18,google/gemma-3-27b-it,sha256:27b7e47562cd1bfb437d5ec7f797aaf327fa6573805e487129e9edc040549c8f,det-v1,1,accepted,1654,104,4866.481,0.0001791200,false,false
call-000090,arm8_spec_immediate,dev/f1/s1050001/late_accurate,25,google/gemma-3-27b-it,sha256:46548f0fe4716dc63d91e6b379a69eb5003c248a0163bf344e73e5c4d46dbaf5,det-v1,1,,2001,102,8377.933,0.0002059800,false,true
call-000091,arm8_spec_immediate,dev/f1/s1050001/late_accurate,25,google/gemma-3-27b-it,sha256:46548f0fe4716dc63d91e6b379a69eb5003c248a0163bf344e73e5c4d46dbaf5,det-v1,1,accepted,2001,102,8377.933,0.0002059800,false,false
call-000092,arm9_spec_heuristic_rollback,dev/f1/s1050001/late_accurate,18,google/gemma-3-27b-it,sha256:27b7e47562cd1bfb437d5ec7f797aaf327fa6573805e487129e9edc040549c8f,det-v1,1,accepted,1654,104,0.004,0.0001791200,true,false
call-000093,arm9_spec_heuristic_rollback,dev/f1/s1050001/late_accurate,25,google/gemma-3-27b-it,sha256:46548f0fe4716dc63d91e6b379a69eb5003c248a0163bf344e73e5c4d46dbaf5,det-v1,1,accepted,2001,102,0.003,0.0002059800,true,false
call-000094,arm10_spec_eprocess,dev/f1/s1050001/late_accurate,18,google/gemma-3-27b-it,sha256:27b7e47562cd1bfb437d5ec7f797aaf327fa6573805e487129e9edc040549c8f,det-v1,1,accepted,1654,104,0.003,0.0001791200,true,false
call-000095,arm10_spec_eprocess,dev/f1/s1050001/late_accurate,25,google/gemma-3-27b-it,sha256:278c6b8aba1463fae890766060ea71a5f55c2ad1b4b48f7298f5fed9a787854d,det-v1,1,,2000,103,11341.534,0.0002063500,false,true
call-000096,arm10_spec_eprocess,dev/f1/s1050001/late_accurate,25,google/gemma-3-27b-it,sha256:278c6b8aba1463fae890766060ea71a5f55c2ad1b4b48f7298f5fed9a787854d,det-v1,1,accepted,2000,103,11341.534,0.0002063500,false,false
call-000097,arm8_spec_immediate,cal/f1/s1060001/late_accurate,24,google/gemma-3-27b-it,sha256:3ddd1cb9ca16fdb6a2ec879d3a25af1103f5774826d2a4e3252b70f7e866df84,det-v1,1,,1949,101,6163.352,0.0002013700,false,true
call-000098,arm8_spec_immediate,cal/f1/s1060001/late_accurate,24,google/gemma-3-27b-it,sha256:3ddd1cb9ca16fdb6a2ec879d3a25af1103f5774826d2a4e3252b70f7e866df84,det-v1,1,accepted,1949,101,6163.352,0.0002013700,false,false
call-000099,arm8_spec_immediate,cal/f1/s1060001/late_accurate,36,google/gemma-3-27b-it,sha256:282edf1b14d1eec681459ffaad4c08eb95577d0ab96ae2df34e4afd809928b1b,det-v1,1,,2540,90,3721.780,0.0002437000,false,true
call-000100,arm8_spec_immediate,cal/f1/s1060001/late_accurate,36,google/gemma-3-27b-it,sha256:282edf1b14d1eec681459ffaad4c08eb95577d0ab96ae2df34e4afd809928b1b,det-v1,1,accepted,2540,90,3721.780,0.0002437000,false,false
call-000101,arm9_spec_heuristic_rollback,cal/f1/s1060001/late_accurate,24,google/gemma-3-27b-it,sha256:3ddd1cb9ca16fdb6a2ec879d3a25af1103f5774826d2a4e3252b70f7e866df84,det-v1,1,accepted,1949,101,0.004,0.0002013700,true,false
call-000102,arm9_spec_heuristic_rollback,cal/f1/s1060001/late_accurate,36,google/gemma-3-27b-it,sha256:282edf1b14d1eec681459ffaad4c08eb95577d0ab96ae2df34e4afd809928b1b,det-v1,1,accepted,2540,90,0.003,0.0002437000,true,false
call-000103,arm10_spec_eprocess,cal/f1/s1060001/late_accurate,24,google/gemma-3-27b-it,sha256:3ddd1cb9ca16fdb6a2ec879d3a25af1103f5774826d2a4e3252b70f7e866df84,det-v1,1,accepted,1949,101,0.003,0.0002013700,true,false
call-000104,arm10_spec_eprocess,cal/f1/s1060001/late_accurate,36,google/gemma-3-27b-it,sha256:0aab35cb33e9cf081b7c78fb34208336d22973629bd6bd72db011ca0b20ebbf2,det-v1,1,,2533,83,3924.346,0.0002399900,false,true
call-000105,arm10_spec_eprocess,cal/f1/s1060001/late_accurate,36,google/gemma-3-27b-it,sha256:0aab35cb33e9cf081b7c78fb34208336d22973629bd6bd72db011ca0b20ebbf2,det-v1,1,accepted,2533,83,3924.346,0.0002399900,false,false
call-000106,arm8_spec_immediate,dev/f1/s1050000/unreliable,16,google/gemma-3-27b-it,sha256:c36e46b910a368565855de88678363a0943bb27c25b419e975d1aa85e79ea8f8,det-v1,1,,1558,97,4429.096,0.0001682900,false,true
call-000107,arm8_spec_immediate,dev/f1/s1050000/unreliable,16,google/gemma-3-27b-it,sha256:c36e46b910a368565855de88678363a0943bb27c25b419e975d1aa85e79ea8f8,det-v1,1,accepted,1558,97,4429.096,0.0001682900,false,false
call-000108,arm8_spec_immediate,dev/f1/s1050000/unreliable,25,google/gemma-3-27b-it,sha256:a2df6c8344daf2619ce1fc26699147948e3afa3f59bfd4a3832ee3600b8192a4,det-v1,1,,2004,132,9106.717,0.0002197200,false,true
call-000109,arm8_spec_immediate,dev/f1/s1050000/unreliable,25,google/gemma-3-27b-it,sha256:a2df6c8344daf2619ce1fc26699147948e3afa3f59bfd4a3832ee3600b8192a4,det-v1,1,accepted,2004,132,9106.717,0.0002197200,false,false
call-000110,arm9_spec_heuristic_rollback,dev/f1/s1050000/unreliable,16,google/gemma-3-27b-it,sha256:c36e46b910a368565855de88678363a0943bb27c25b419e975d1aa85e79ea8f8,det-v1,1,accepted,1558,97,0.002,0.0001682900,true,false
call-000111,arm9_spec_heuristic_rollback,dev/f1/s1050000/unreliable,25,google/gemma-3-27b-it,sha256:a2df6c8344daf2619ce1fc26699147948e3afa3f59bfd4a3832ee3600b8192a4,det-v1,1,accepted,2004,132,0.001,0.0002197200,true,false
call-000112,arm10_spec_eprocess,dev/f1/s1050000/unreliable,16,google/gemma-3-27b-it,sha256:c36e46b910a368565855de88678363a0943bb27c25b419e975d1aa85e79ea8f8,det-v1,1,accepted,1558,97,0.001,0.0001682900,true,false
call-000113,arm10_spec_eprocess,dev/f1/s1050000/unreliable,25,google/gemma-3-27b-it,sha256:c6355f826b435b471a6fa0d6b621d0a47f7c348db7f63b2e6e405eb67e9ef156,det-v1,1,,1994,132,11002.329,0.0002189200,false,true
call-000114,arm10_spec_eprocess,dev/f1/s1050000/unreliable,25,google/gemma-3-27b-it,sha256:c6355f826b435b471a6fa0d6b621d0a47f7c348db7f63b2e6e405eb67e9ef156,det-v1,1,accepted,1994,132,11002.329,0.0002189200,false,false
call-000115,arm8_spec_immediate,dev/f1/s1050000/unreliable__twin,10,google/gemma-3-27b-it,sha256:cbed469a4c07b1e0c34227782039bfef37e1c089d0aa7d9e1dd4453033a1dd11,det-v1,1,accepted,1266,97,0.002,0.0001449300,true,false
call-000116,arm9_spec_heuristic_rollback,dev/f1/s1050000/unreliable__twin,10,google/gemma-3-27b-it,sha256:cbed469a4c07b1e0c34227782039bfef37e1c089d0aa7d9e1dd4453033a1dd11,det-v1,1,accepted,1266,97,0.001,0.0001449300,true,false
call-000117,arm10_spec_eprocess,dev/f1/s1050000/unreliable__twin,10,google/gemma-3-27b-it,sha256:cbed469a4c07b1e0c34227782039bfef37e1c089d0aa7d9e1dd4453033a1dd11,det-v1,1,accepted,1266,97,0.002,0.0001449300,true,false
call-000118,arm8_spec_immediate,cal/f1/s1060000/unreliable,17,google/gemma-3-27b-it,sha256:cd1b71f3e60afece2e8d27c9f6001858bb02dda622ae1a6267ab8a4c1c25f9d1,det-v1,1,,1617,95,6906.844,0.0001721100,false,true
call-000119,arm8_spec_immediate,cal/f1/s1060000/unreliable,17,google/gemma-3-27b-it,sha256:cd1b71f3e60afece2e8d27c9f6001858bb02dda622ae1a6267ab8a4c1c25f9d1,det-v1,1,accepted,1617,95,6906.844,0.0001721100,false,false
call-000120,arm8_spec_immediate,cal/f1/s1060000/unreliable,23,google/gemma-3-27b-it,sha256:c8d958bac327f56b5464a366d2d46b1a8d67deae806a104842cb3c1fa74b89e6,det-v1,1,,1914,102,4068.393,0.0001990200,false,true
call-000121,arm8_spec_immediate,cal/f1/s1060000/unreliable,23,google/gemma-3-27b-it,sha256:c8d958bac327f56b5464a366d2d46b1a8d67deae806a104842cb3c1fa74b89e6,det-v1,1,accepted,1914,102,4068.393,0.0001990200,false,false
call-000122,arm9_spec_heuristic_rollback,cal/f1/s1060000/unreliable,17,google/gemma-3-27b-it,sha256:cd1b71f3e60afece2e8d27c9f6001858bb02dda622ae1a6267ab8a4c1c25f9d1,det-v1,1,accepted,1617,95,0.004,0.0001721100,true,false
call-000123,arm9_spec_heuristic_rollback,cal/f1/s1060000/unreliable,23,google/gemma-3-27b-it,sha256:c8d958bac327f56b5464a366d2d46b1a8d67deae806a104842cb3c1fa74b89e6,det-v1,1,accepted,1914,102,0.003,0.0001990200,true,false
call-000124,arm10_spec_eprocess,cal/f1/s1060000/unreliable,17,google/gemma-3-27b-it,sha256:cd1b71f3e60afece2e8d27c9f6001858bb02dda622ae1a6267ab8a4c1c25f9d1,det-v1,1,accepted,1617,95,0.003,0.0001721100,true,false
call-000125,arm10_spec_eprocess,cal/f1/s1060000/unreliable,23,google/gemma-3-27b-it,sha256:8765bd697043458165569a287c1fe74e395285835fc5656f1afc3247cd471135,det-v1,1,,1911,96,23323.556,0.0001960800,false,true
call-000126,arm10_spec_eprocess,cal/f1/s1060000/unreliable,23,google/gemma-3-27b-it,sha256:8765bd697043458165569a287c1fe74e395285835fc5656f1afc3247cd471135,det-v1,1,accepted,1911,96,23323.556,0.0001960800,false,false
call-000127,arm8_spec_immediate,cal/f1/s1060000/unreliable__twin,10,google/gemma-3-27b-it,sha256:064b070d9132fe101394eb400f62433b12170d73e87c1f05f335d500b4d4373b,det-v1,1,,1273,96,8562.480,0.0001450400,false,true
call-000128,arm8_spec_immediate,cal/f1/s1060000/unreliable__twin,10,google/gemma-3-27b-it,sha256:064b070d9132fe101394eb400f62433b12170d73e87c1f05f335d500b4d4373b,det-v1,1,accepted,1273,96,8562.480,0.0001450400,false,false
call-000129,arm9_spec_heuristic_rollback,cal/f1/s1060000/unreliable__twin,10,google/gemma-3-27b-it,sha256:064b070d9132fe101394eb400f62433b12170d73e87c1f05f335d500b4d4373b,det-v1,1,accepted,1273,96,0.004,0.0001450400,true,false
call-000130,arm10_spec_eprocess,cal/f1/s1060000/unreliable__twin,10,google/gemma-3-27b-it,sha256:064b070d9132fe101394eb400f62433b12170d73e87c1f05f335d500b4d4373b,det-v1,1,accepted,1273,96,0.003,0.0001450400,true,false
call-000131,arm8_spec_immediate,dev/f1/s1050001/unreliable,15,google/gemma-3-27b-it,sha256:26bfeea6e4090627413fd1cd68fe5e1dbdd8c7fc26ddead06288a988fdded5fd,det-v1,1,,1498,60,1257.693,0.0001468400,false,true
call-000132,arm8_spec_immediate,dev/f1/s1050001/unreliable,15,google/gemma-3-27b-it,sha256:26bfeea6e4090627413fd1cd68fe5e1dbdd8c7fc26ddead06288a988fdded5fd,det-v1,1,accepted,1498,60,1257.693,0.0001468400,false,false
call-000133,arm8_spec_immediate,dev/f1/s1050001/unreliable,23,google/gemma-3-27b-it,sha256:7898c696f63fb08e7338bcf92188ace81e0b326f7de2d22ce7df4b2fdd159f5f,det-v1,1,,1891,85,2257.501,0.0001895300,false,true
call-000134,arm8_spec_immediate,dev/f1/s1050001/unreliable,23,google/gemma-3-27b-it,sha256:7898c696f63fb08e7338bcf92188ace81e0b326f7de2d22ce7df4b2fdd159f5f,det-v1,1,accepted,1891,85,2257.501,0.0001895300,false,false
call-000135,arm9_spec_heuristic_rollback,dev/f1/s1050001/unreliable,15,google/gemma-3-27b-it,sha256:26bfeea6e4090627413fd1cd68fe5e1dbdd8c7fc26ddead06288a988fdded5fd,det-v1,1,accepted,1498,60,0.004,0.0001468400,true,false
call-000136,arm9_spec_heuristic_rollback,dev/f1/s1050001/unreliable,23,google/gemma-3-27b-it,sha256:7898c696f63fb08e7338bcf92188ace81e0b326f7de2d22ce7df4b2fdd159f5f,det-v1,1,accepted,1891,85,0.003,0.0001895300,true,false
call-000137,arm10_spec_eprocess,dev/f1/s1050001/unreliable,15,google/gemma-3-27b-it,sha256:26bfeea6e4090627413fd1cd68fe5e1dbdd8c7fc26ddead06288a988fdded5fd,det-v1,1,accepted,1498,60,0.003,0.0001468400,true,false
call-000138,arm10_spec_eprocess,dev/f1/s1050001/unreliable,23,google/gemma-3-27b-it,sha256:7898c696f63fb08e7338bcf92188ace81e0b326f7de2d22ce7df4b2fdd159f5f,det-v1,1,accepted,1891,85,0.003,0.0001895300,true,false
call-000139,arm8_spec_immediate,dev/f1/s1050001/unreliable__twin,10,google/gemma-3-27b-it,sha256:86c3687a1dd726dc8e58a78bc9c29e0d12117026fc48004a580d9ca35b5528d1,det-v1,1,,1270,102,181687.493,0.0001475000,false,true
call-000140,arm8_spec_immediate,dev/f1/s1050001/unreliable__twin,10,google/gemma-3-27b-it,sha256:86c3687a1dd726dc8e58a78bc9c29e0d12117026fc48004a580d9ca35b5528d1,det-v1,1,accepted,1270,102,181687.493,0.0001475000,false,false
call-000141,arm9_spec_heuristic_rollback,dev/f1/s1050001/unreliable__twin,10,google/gemma-3-27b-it,sha256:86c3687a1dd726dc8e58a78bc9c29e0d12117026fc48004a580d9ca35b5528d1,det-v1,1,accepted,1270,102,0.003,0.0001475000,true,false
call-000142,arm10_spec_eprocess,dev/f1/s1050001/unreliable__twin,10,google/gemma-3-27b-it,sha256:86c3687a1dd726dc8e58a78bc9c29e0d12117026fc48004a580d9ca35b5528d1,det-v1,1,accepted,1270,102,0.003,0.0001475000,true,false
call-000143,arm8_spec_immediate,cal/f1/s1060001/unreliable,21,google/gemma-3-27b-it,sha256:b107c0de683bb4cf8523b60d7a5fe2b6cb38b4b7e6c84c9897c144718a8e8188,det-v1,1,,1803,81,2614.070,0.0001806900,false,true
call-000144,arm8_spec_immediate,cal/f1/s1060001/unreliable,21,google/gemma-3-27b-it,sha256:b107c0de683bb4cf8523b60d7a5fe2b6cb38b4b7e6c84c9897c144718a8e8188,det-v1,1,accepted,1803,81,2614.070,0.0001806900,false,false
call-000145,arm8_spec_immediate,cal/f1/s1060001/unreliable,36,google/gemma-3-27b-it,sha256:d02b43888306ec33e6cc371fcca455b4a4e439fcba40f0b1bdd13c4cfe9bbad6,det-v1,1,,2515,102,3784.981,0.0002471000,false,true
call-000146,arm8_spec_immediate,cal/f1/s1060001/unreliable,36,google/gemma-3-27b-it,sha256:d02b43888306ec33e6cc371fcca455b4a4e439fcba40f0b1bdd13c4cfe9bbad6,det-v1,1,accepted,2515,102,3784.981,0.0002471000,false,false
call-000147,arm9_spec_heuristic_rollback,cal/f1/s1060001/unreliable,21,google/gemma-3-27b-it,sha256:b107c0de683bb4cf8523b60d7a5fe2b6cb38b4b7e6c84c9897c144718a8e8188,det-v1,1,accepted,1803,81,0.004,0.0001806900,true,false
call-000148,arm9_spec_heuristic_rollback,cal/f1/s1060001/unreliable,36,google/gemma-3-27b-it,sha256:3e9be3167d4c80aea74fa99241b926c602470321e685e7ad675e8110c597e126,det-v1,1,,2522,114,23855.100,0.0002530600,false,true
call-000149,arm9_spec_heuristic_rollback,cal/f1/s1060001/unreliable,36,google/gemma-3-27b-it,sha256:3e9be3167d4c80aea74fa99241b926c602470321e685e7ad675e8110c597e126,det-v1,1,accepted,2522,114,23855.100,0.0002530600,false,false
call-000150,arm10_spec_eprocess,cal/f1/s1060001/unreliable,21,google/gemma-3-27b-it,sha256:b107c0de683bb4cf8523b60d7a5fe2b6cb38b4b7e6c84c9897c144718a8e8188,det-v1,1,accepted,1803,81,0.004,0.0001806900,true,false
call-000151,arm10_spec_eprocess,cal/f1/s1060001/unreliable,36,google/gemma-3-27b-it,sha256:c69cb2e26a7c3978579a9bfcb94a0156570e8c6115e0aae897d38583608a8aa4,det-v1,1,,2533,81,1455.188,0.0002390900,false,true
call-000152,arm10_spec_eprocess,cal/f1/s1060001/unreliable,36,google/gemma-3-27b-it,sha256:c69cb2e26a7c3978579a9bfcb94a0156570e8c6115e0aae897d38583608a8aa4,det-v1,1,accepted,2533,81,1455.188,0.0002390900,false,false
call-000153,arm8_spec_immediate,cal/f1/s1060001/unreliable__twin,10,google/gemma-3-27b-it,sha256:1758c1ed35e1e247e4bcc48882eaa51e701bbffd7dd77c927b2d8cd2c40b543e,det-v1,1,,1271,104,20978.015,0.0001484800,false,true
call-000154,arm8_spec_immediate,cal/f1/s1060001/unreliable__twin,10,google/gemma-3-27b-it,sha256:1758c1ed35e1e247e4bcc48882eaa51e701bbffd7dd77c927b2d8cd2c40b543e,det-v1,1,accepted,1271,104,20978.015,0.0001484800,false,false
call-000155,arm9_spec_heuristic_rollback,cal/f1/s1060001/unreliable__twin,10,google/gemma-3-27b-it,sha256:1758c1ed35e1e247e4bcc48882eaa51e701bbffd7dd77c927b2d8cd2c40b543e,det-v1,1,accepted,1271,104,0.003,0.0001484800,true,false
call-000156,arm10_spec_eprocess,cal/f1/s1060001/unreliable__twin,10,google/gemma-3-27b-it,sha256:1758c1ed35e1e247e4bcc48882eaa51e701bbffd7dd77c927b2d8cd2c40b543e,det-v1,1,accepted,1271,104,0.003,0.0001484800,true,false
call-000157,arm8_spec_immediate,dev/f2/s2050000/no_alert,28,google/gemma-3-27b-it,sha256:33819bff63cc33d6b82ff8ea531b994ad356ff689c88b59d27fa30da6a636705,det-v1,1,,2091,127,5107.680,0.0002244300,false,true
call-000158,arm8_spec_immediate,dev/f2/s2050000/no_alert,28,google/gemma-3-27b-it,sha256:33819bff63cc33d6b82ff8ea531b994ad356ff689c88b59d27fa30da6a636705,det-v1,1,accepted,2091,127,5107.680,0.0002244300,false,false
call-000159,arm8_spec_immediate,dev/f2/s2050000/no_alert,37,google/gemma-3-27b-it,sha256:c6ce833c6a9bc82962e4b4a6e3980ff058ecb06ba1e32eb826bde0d5fc9adbb3,det-v1,1,,2510,66,3602.543,0.0002305000,false,true
call-000160,arm8_spec_immediate,dev/f2/s2050000/no_alert,37,google/gemma-3-27b-it,sha256:c6ce833c6a9bc82962e4b4a6e3980ff058ecb06ba1e32eb826bde0d5fc9adbb3,det-v1,1,accepted,2510,66,3602.543,0.0002305000,false,false
call-000161,arm9_spec_heuristic_rollback,dev/f2/s2050000/no_alert,28,google/gemma-3-27b-it,sha256:33819bff63cc33d6b82ff8ea531b994ad356ff689c88b59d27fa30da6a636705,det-v1,1,accepted,2091,127,0.004,0.0002244300,true,false
call-000162,arm9_spec_heuristic_rollback,dev/f2/s2050000/no_alert,37,google/gemma-3-27b-it,sha256:c6ce833c6a9bc82962e4b4a6e3980ff058ecb06ba1e32eb826bde0d5fc9adbb3,det-v1,1,accepted,2510,66,0.003,0.0002305000,true,false
call-000163,arm10_spec_eprocess,dev/f2/s2050000/no_alert,28,google/gemma-3-27b-it,sha256:33819bff63cc33d6b82ff8ea531b994ad356ff689c88b59d27fa30da6a636705,det-v1,1,accepted,2091,127,0.003,0.0002244300,true,false
call-000164,arm10_spec_eprocess,dev/f2/s2050000/no_alert,37,google/gemma-3-27b-it,sha256:1ecd7248766cccb9d5f8acc0db33fe4410e7d45c5b1122040d396e8bf420126b,det-v1,1,,2513,66,5349.307,0.0002307400,false,true
call-000165,arm10_spec_eprocess,dev/f2/s2050000/no_alert,37,google/gemma-3-27b-it,sha256:1ecd7248766cccb9d5f8acc0db33fe4410e7d45c5b1122040d396e8bf420126b,det-v1,1,accepted,2513,66,5349.307,0.0002307400,false,false
call-000166,arm8_spec_immediate,dev/f2/s2050000/no_alert__twin,10,google/gemma-3-27b-it,sha256:0e818a585dc611b5519f0237a910b3353bed6e9eb626bf3738a704188f9cf57b,det-v1,1,,1268,101,1604.680,0.0001468900,false,true
call-000167,arm8_spec_immediate,dev/f2/s2050000/no_alert__twin,10,google/gemma-3-27b-it,sha256:0e818a585dc611b5519f0237a910b3353bed6e9eb626bf3738a704188f9cf57b,det-v1,1,accepted,1268,101,1604.680,0.0001468900,false,false
call-000168,arm8_spec_immediate,dev/f2/s2050000/no_alert__twin,43,google/gemma-3-27b-it,sha256:870d25b5d7d395787c8c7aa6cc3b2d0d89aeceb72fa52ad53d7723d4454f2368,det-v1,1,,2857,90,3808.270,0.0002690600,false,true
call-000169,arm8_spec_immediate,dev/f2/s2050000/no_alert__twin,43,google/gemma-3-27b-it,sha256:870d25b5d7d395787c8c7aa6cc3b2d0d89aeceb72fa52ad53d7723d4454f2368,det-v1,1,accepted,2857,90,3808.270,0.0002690600,false,false
call-000170,arm9_spec_heuristic_rollback,dev/f2/s2050000/no_alert__twin,10,google/gemma-3-27b-it,sha256:0e818a585dc611b5519f0237a910b3353bed6e9eb626bf3738a704188f9cf57b,det-v1,1,accepted,1268,101,0.004,0.0001468900,true,false
call-000171,arm9_spec_heuristic_rollback,dev/f2/s2050000/no_alert__twin,43,google/gemma-3-27b-it,sha256:7fca09c2fc0daa75332370344e241f896e269739cfd5dd6f20233b90658ae522,det-v1,1,,2854,108,1768.725,0.0002769200,false,true
call-000172,arm9_spec_heuristic_rollback,dev/f2/s2050000/no_alert__twin,43,google/gemma-3-27b-it,sha256:7fca09c2fc0daa75332370344e241f896e269739cfd5dd6f20233b90658ae522,det-v1,1,accepted,2854,108,1768.725,0.0002769200,false,false
call-000173,arm10_spec_eprocess,dev/f2/s2050000/no_alert__twin,10,google/gemma-3-27b-it,sha256:0e818a585dc611b5519f0237a910b3353bed6e9eb626bf3738a704188f9cf57b,det-v1,1,accepted,1268,101,0.004,0.0001468900,true,false
call-000174,arm10_spec_eprocess,dev/f2/s2050000/no_alert__twin,43,google/gemma-3-27b-it,sha256:92c225ac9ea6f47ec5718c9b1500cd5a8bffc35ae62ab4a6f370a73fae65ea0f,det-v1,1,,2854,113,2132.216,0.0002791700,false,true
call-000175,arm10_spec_eprocess,dev/f2/s2050000/no_alert__twin,43,google/gemma-3-27b-it,sha256:92c225ac9ea6f47ec5718c9b1500cd5a8bffc35ae62ab4a6f370a73fae65ea0f,det-v1,1,accepted,2854,113,2132.216,0.0002791700,false,false
call-000176,arm8_spec_immediate,cal/f2/s2060000/no_alert,22,google/gemma-3-27b-it,sha256:f8c1688407a74529c3cdbc9f2e4c92d6396171a88a236328ce576eab0fb557ae,det-v1,1,,1804,79,1374.972,0.0001798700,false,true
call-000177,arm8_spec_immediate,cal/f2/s2060000/no_alert,22,google/gemma-3-27b-it,sha256:f8c1688407a74529c3cdbc9f2e4c92d6396171a88a236328ce576eab0fb557ae,det-v1,1,accepted,1804,79,1374.972,0.0001798700,false,false
call-000178,arm8_spec_immediate,cal/f2/s2060000/no_alert,37,google/gemma-3-27b-it,sha256:e932f6dfdd928ceaaf5a18808e0af62a1367540c615e388ef7741e0f448eec5e,det-v1,1,,2505,66,2701.881,0.0002301000,false,true
call-000179,arm8_spec_immediate,cal/f2/s2060000/no_alert,37,google/gemma-3-27b-it,sha256:e932f6dfdd928ceaaf5a18808e0af62a1367540c615e388ef7741e0f448eec5e,det-v1,1,accepted,2505,66,2701.881,0.0002301000,false,false
call-000180,arm9_spec_heuristic_rollback,cal/f2/s2060000/no_alert,22,google/gemma-3-27b-it,sha256:f8c1688407a74529c3cdbc9f2e4c92d6396171a88a236328ce576eab0fb557ae,det-v1,1,accepted,1804,79,0.004,0.0001798700,true,false
call-000181,arm9_spec_heuristic_rollback,cal/f2/s2060000/no_alert,37,google/gemma-3-27b-it,sha256:e932f6dfdd928ceaaf5a18808e0af62a1367540c615e388ef7741e0f448eec5e,det-v1,1,accepted,2505,66,0.003,0.0002301000,true,false
call-000182,arm10_spec_eprocess,cal/f2/s2060000/no_alert,22,google/gemma-3-27b-it,sha256:f8c1688407a74529c3cdbc9f2e4c92d6396171a88a236328ce576eab0fb557ae,det-v1,1,accepted,1804,79,0.003,0.0001798700,true,false
call-000183,arm10_spec_eprocess,cal/f2/s2060000/no_alert,37,google/gemma-3-27b-it,sha256:dd719381cbb104b3cec37016dabb4e4d10103f9b70fed8efcb6b520111cfe0e0,det-v1,1,,2510,66,5023.170,0.0002305000,false,true
call-000184,arm10_spec_eprocess,cal/f2/s2060000/no_alert,37,google/gemma-3-27b-it,sha256:dd719381cbb104b3cec37016dabb4e4d10103f9b70fed8efcb6b520111cfe0e0,det-v1,1,accepted,2510,66,5023.170,0.0002305000,false,false
call-000185,arm8_spec_immediate,cal/f2/s2060000/no_alert__twin,10,google/gemma-3-27b-it,sha256:359dc676b124b947ef24fd78c20ffa25dd67371a9ade3539df75bd2241c15e29,det-v1,1,,1274,80,2735.862,0.0001379200,false,true
call-000186,arm8_spec_immediate,cal/f2/s2060000/no_alert__twin,10,google/gemma-3-27b-it,sha256:359dc676b124b947ef24fd78c20ffa25dd67371a9ade3539df75bd2241c15e29,det-v1,1,accepted,1274,80,2735.862,0.0001379200,false,false
call-000187,arm9_spec_heuristic_rollback,cal/f2/s2060000/no_alert__twin,10,google/gemma-3-27b-it,sha256:359dc676b124b947ef24fd78c20ffa25dd67371a9ade3539df75bd2241c15e29,det-v1,1,accepted,1274,80,0.002,0.0001379200,true,false
call-000188,arm10_spec_eprocess,cal/f2/s2060000/no_alert__twin,10,google/gemma-3-27b-it,sha256:359dc676b124b947ef24fd78c20ffa25dd67371a9ade3539df75bd2241c15e29,det-v1,1,accepted,1274,80,0.002,0.0001379200,true,false
call-000189,arm8_spec_immediate,dev/f2/s2050001/no_alert,27,google/gemma-3-27b-it,sha256:dc553b722bfcae5709c87dd5810872448e808ab23d4b7c77572417f825ec3a22,det-v1,1,,2045,97,7497.089,0.0002072500,false,true
call-000190,arm8_spec_immediate,dev/f2/s2050001/no_alert,27,google/gemma-3-27b-it,sha256:dc553b722bfcae5709c87dd5810872448e808ab23d4b7c77572417f825ec3a22,det-v1,1,accepted,2045,97,7497.089,0.0002072500,false,false
call-000191,arm8_spec_immediate,dev/f2/s2050001/no_alert,44,google/gemma-3-27b-it,sha256:6fd28a61cc7ce00fd1a4ea4678e00b09e008c63d88787e238686996aead7d318,det-v1,1,,2848,91,4700.152,0.0002687900,false,true
call-000192,arm8_spec_immediate,dev/f2/s2050001/no_alert,44,google/gemma-3-27b-it,sha256:6fd28a61cc7ce00fd1a4ea4678e00b09e008c63d88787e238686996aead7d318,det-v1,1,accepted,2848,91,4700.152,0.0002687900,false,false
call-000193,arm9_spec_heuristic_rollback,dev/f2/s2050001/no_alert,27,google/gemma-3-27b-it,sha256:dc553b722bfcae5709c87dd5810872448e808ab23d4b7c77572417f825ec3a22,det-v1,1,accepted,2045,97,0.004,0.0002072500,true,false
call-000194,arm9_spec_heuristic_rollback,dev/f2/s2050001/no_alert,44,google/gemma-3-27b-it,sha256:6fd28a61cc7ce00fd1a4ea4678e00b09e008c63d88787e238686996aead7d318,det-v1,1,accepted,2848,91,0.003,0.0002687900,true,false
call-000195,arm10_spec_eprocess,dev/f2/s2050001/no_alert,27,google/gemma-3-27b-it,sha256:dc553b722bfcae5709c87dd5810872448e808ab23d4b7c77572417f825ec3a22,det-v1,1,accepted,2045,97,0.003,0.0002072500,true,false
call-000196,arm10_spec_eprocess,dev/f2/s2050001/no_alert,44,google/gemma-3-27b-it,sha256:fcc9054371416428e8d04cd7644609f70f924a8d93b54a83cc3c135af0635284,det-v1,1,,2856,91,4040.133,0.0002694300,false,true
call-000197,arm10_spec_eprocess,dev/f2/s2050001/no_alert,44,google/gemma-3-27b-it,sha256:fcc9054371416428e8d04cd7644609f70f924a8d93b54a83cc3c135af0635284,det-v1,1,accepted,2856,91,4040.133,0.0002694300,false,false
call-000198,arm8_spec_immediate,dev/f2/s2050001/no_alert__twin,10,google/gemma-3-27b-it,sha256:24ac27634472057421fb4c5eb67e105ece4af423dfbc5212bc7eed0c312a5854,det-v1,1,,1273,113,16800.456,0.0001526900,false,true
call-000199,arm8_spec_immediate,dev/f2/s2050001/no_alert__twin,10,google/gemma-3-27b-it,sha256:24ac27634472057421fb4c5eb67e105ece4af423dfbc5212bc7eed0c312a5854,det-v1,1,accepted,1273,113,16800.456,0.0001526900,false,false
call-000200,arm9_spec_heuristic_rollback,dev/f2/s2050001/no_alert__twin,10,google/gemma-3-27b-it,sha256:24ac27634472057421fb4c5eb67e105ece4af423dfbc5212bc7eed0c312a5854,det-v1,1,accepted,1273,113,0.004,0.0001526900,true,false
call-000201,arm10_spec_eprocess,dev/f2/s2050001/no_alert__twin,10,google/gemma-3-27b-it,sha256:24ac27634472057421fb4c5eb67e105ece4af423dfbc5212bc7eed0c312a5854,det-v1,1,accepted,1273,113,0.003,0.0001526900,true,false
call-000202,arm8_spec_immediate,cal/f2/s2060001/no_alert,37,google/gemma-3-27b-it,sha256:8108bcd01d378008144c131b95b69e55a409ff1ca3e30ca006c1f4e374732acb,det-v1,1,,2535,66,2868.030,0.0002325000,false,true
call-000203,arm8_spec_immediate,cal/f2/s2060001/no_alert,37,google/gemma-3-27b-it,sha256:8108bcd01d378008144c131b95b69e55a409ff1ca3e30ca006c1f4e374732acb,det-v1,1,accepted,2535,66,2868.030,0.0002325000,false,false
call-000204,arm8_spec_immediate,cal/f2/s2060001/no_alert,46,google/gemma-3-27b-it,sha256:f72602a3cd50341e9911d627f08b6ab4941b7e44e13f3919adae886d386f7a7e,det-v1,1,,2957,66,3521.684,0.0002662600,false,true
call-000205,arm8_spec_immediate,cal/f2/s2060001/no_alert,46,google/gemma-3-27b-it,sha256:f72602a3cd50341e9911d627f08b6ab4941b7e44e13f3919adae886d386f7a7e,det-v1,1,accepted,2957,66,3521.684,0.0002662600,false,false
call-000206,arm9_spec_heuristic_rollback,cal/f2/s2060001/no_alert,37,google/gemma-3-27b-it,sha256:8108bcd01d378008144c131b95b69e55a409ff1ca3e30ca006c1f4e374732acb,det-v1,1,accepted,2535,66,0.004,0.0002325000,true,false
call-000207,arm9_spec_heuristic_rollback,cal/f2/s2060001/no_alert,46,google/gemma-3-27b-it,sha256:f72602a3cd50341e9911d627f08b6ab4941b7e44e13f3919adae886d386f7a7e,det-v1,1,accepted,2957,66,0.004,0.0002662600,true,false
call-000208,arm10_spec_eprocess,cal/f2/s2060001/no_alert,37,google/gemma-3-27b-it,sha256:8108bcd01d378008144c131b95b69e55a409ff1ca3e30ca006c1f4e374732acb,det-v1,1,accepted,2535,66,0.004,0.0002325000,true,false
call-000209,arm10_spec_eprocess,cal/f2/s2060001/no_alert,46,google/gemma-3-27b-it,sha256:f72602a3cd50341e9911d627f08b6ab4941b7e44e13f3919adae886d386f7a7e,det-v1,1,accepted,2957,66,0.004,0.0002662600,true,false
call-000210,arm8_spec_immediate,cal/f2/s2060001/no_alert__twin,10,google/gemma-3-27b-it,sha256:be94a91634ffa3c9f9c76a9676a5ad14aa38369e96856a88e12e65ce820a94f2,det-v1,1,,1275,89,6738.839,0.0001420500,false,true
call-000211,arm8_spec_immediate,cal/f2/s2060001/no_alert__twin,10,google/gemma-3-27b-it,sha256:be94a91634ffa3c9f9c76a9676a5ad14aa38369e96856a88e12e65ce820a94f2,det-v1,1,accepted,1275,89,6738.839,0.0001420500,false,false
call-000212,arm9_spec_heuristic_rollback,cal/f2/s2060001/no_alert__twin,10,google/gemma-3-27b-it,sha256:be94a91634ffa3c9f9c76a9676a5ad14aa38369e96856a88e12e65ce820a94f2,det-v1,1,accepted,1275,89,0.004,0.0001420500,true,false
call-000213,arm10_spec_eprocess,cal/f2/s2060001/no_alert__twin,10,google/gemma-3-27b-it,sha256:be94a91634ffa3c9f9c76a9676a5ad14aa38369e96856a88e12e65ce820a94f2,det-v1,1,accepted,1275,89,0.003,0.0001420500,true,false
call-000214,arm8_spec_immediate,dev/f2/s2050000/early_accurate,28,google/gemma-3-27b-it,sha256:b2ce1d8531a1abb6f625d4016097904c04dd1bd1b813faadd747488c52496f40,det-v1,1,,2091,127,4270.822,0.0002244300,false,true
call-000215,arm8_spec_immediate,dev/f2/s2050000/early_accurate,28,google/gemma-3-27b-it,sha256:b2ce1d8531a1abb6f625d4016097904c04dd1bd1b813faadd747488c52496f40,det-v1,1,accepted,2091,127,4270.822,0.0002244300,false,false
call-000216,arm8_spec_immediate,dev/f2/s2050000/early_accurate,37,google/gemma-3-27b-it,sha256:f99a771c46bb7185927991cb745c1d7c31ec9a0718f5d0bbf28da80ec5be2187,det-v1,1,,2510,66,9032.572,0.0002305000,false,true
call-000217,arm8_spec_immediate,dev/f2/s2050000/early_accurate,37,google/gemma-3-27b-it,sha256:f99a771c46bb7185927991cb745c1d7c31ec9a0718f5d0bbf28da80ec5be2187,det-v1,1,accepted,2510,66,9032.572,0.0002305000,false,false
call-000218,arm9_spec_heuristic_rollback,dev/f2/s2050000/early_accurate,28,google/gemma-3-27b-it,sha256:b2ce1d8531a1abb6f625d4016097904c04dd1bd1b813faadd747488c52496f40,det-v1,1,accepted,2091,127,0.004,0.0002244300,true,false
call-000219,arm9_spec_heuristic_rollback,dev/f2/s2050000/early_accurate,37,google/gemma-3-27b-it,sha256:f99a771c46bb7185927991cb745c1d7c31ec9a0718f5d0bbf28da80ec5be2187,det-v1,1,accepted,2510,66,0.003,0.0002305000,true,false
call-000220,arm10_spec_eprocess,dev/f2/s2050000/early_accurate,28,google/gemma-3-27b-it,sha256:b2ce1d8531a1abb6f625d4016097904c04dd1bd1b813faadd747488c52496f40,det-v1,1,accepted,2091,127,0.004,0.0002244300,true,false
call-000221,arm10_spec_eprocess,dev/f2/s2050000/early_accurate,37,google/gemma-3-27b-it,sha256:54258754b09b7b592fa067c0660b21f54711dfc1f4f06f35caa208b5265479c4,det-v1,1,,2514,66,4561.456,0.0002308200,false,true
call-000222,arm10_spec_eprocess,dev/f2/s2050000/early_accurate,37,google/gemma-3-27b-it,sha256:54258754b09b7b592fa067c0660b21f54711dfc1f4f06f35caa208b5265479c4,det-v1,1,accepted,2514,66,4561.456,0.0002308200,false,false
call-000223,arm8_spec_immediate,dev/f2/s2050000/early_accurate__twin,10,google/gemma-3-27b-it,sha256:1f29eb6dbd6af3daa90552b2d1d9485c38c1664603a8cd39d951105add2ac8fa,det-v1,1,,1268,107,5622.346,0.0001495900,false,true
call-000224,arm8_spec_immediate,dev/f2/s2050000/early_accurate__twin,10,google/gemma-3-27b-it,sha256:1f29eb6dbd6af3daa90552b2d1d9485c38c1664603a8cd39d951105add2ac8fa,det-v1,1,accepted,1268,107,5622.346,0.0001495900,false,false
call-000225,arm8_spec_immediate,dev/f2/s2050000/early_accurate__twin,43,google/gemma-3-27b-it,sha256:379dbb63a2104aedb2d49f7c1306efa209e93c46d31e0d541cca44b44d86392c,det-v1,1,,2858,108,5207.728,0.0002772400,false,true
call-000226,arm8_spec_immediate,dev/f2/s2050000/early_accurate__twin,43,google/gemma-3-27b-it,sha256:379dbb63a2104aedb2d49f7c1306efa209e93c46d31e0d541cca44b44d86392c,det-v1,1,accepted,2858,108,5207.728,0.0002772400,false,false
call-000227,arm9_spec_heuristic_rollback,dev/f2/s2050000/early_accurate__twin,10,google/gemma-3-27b-it,sha256:1f29eb6dbd6af3daa90552b2d1d9485c38c1664603a8cd39d951105add2ac8fa,det-v1,1,accepted,1268,107,0.004,0.0001495900,true,false
call-000228,arm9_spec_heuristic_rollback,dev/f2/s2050000/early_accurate__twin,43,google/gemma-3-27b-it,sha256:e6535ba84a14442a2bfb22d74800e652a3eca21ce3aa89f7d5c58e36f7821777,det-v1,1,,2854,114,4865.020,0.0002796200,false,true
call-000229,arm9_spec_heuristic_rollback,dev/f2/s2050000/early_accurate__twin,43,google/gemma-3-27b-it,sha256:e6535ba84a14442a2bfb22d74800e652a3eca21ce3aa89f7d5c58e36f7821777,det-v1,1,accepted,2854,114,4865.020,0.0002796200,false,false
call-000230,arm10_spec_eprocess,dev/f2/s2050000/early_accurate__twin,10,google/gemma-3-27b-it,sha256:1f29eb6dbd6af3daa90552b2d1d9485c38c1664603a8cd39d951105add2ac8fa,det-v1,1,accepted,1268,107,0.004,0.0001495900,true,false
call-000231,arm10_spec_eprocess,dev/f2/s2050000/early_accurate__twin,43,google/gemma-3-27b-it,sha256:a80172bebe7ba63da00059175465c986361825f19ebdb4b854cf44ebc58543e0,det-v1,1,,2854,114,4813.513,0.0002796200,false,true
call-000232,arm10_spec_eprocess,dev/f2/s2050000/early_accurate__twin,43,google/gemma-3-27b-it,sha256:a80172bebe7ba63da00059175465c986361825f19ebdb4b854cf44ebc58543e0,det-v1,1,accepted,2854,114,4813.513,0.0002796200,false,false
call-000233,arm8_spec_immediate,cal/f2/s2060000/early_accurate,22,google/gemma-3-27b-it,sha256:131deed12b2d609193bd45e717fbb098b00f217c20d186d7e250e67529fae217,det-v1,1,,1804,85,3128.323,0.0001825700,false,true
call-000234,arm8_spec_immediate,cal/f2/s2060000/early_accurate,22,google/gemma-3-27b-it,sha256:131deed12b2d609193bd45e717fbb098b00f217c20d186d7e250e67529fae217,det-v1,1,accepted,1804,85,3128.323,0.0001825700,false,false
call-000235,arm8_spec_immediate,cal/f2/s2060000/early_accurate,37,google/gemma-3-27b-it,sha256:36e561a1b8d33cfdd3960e0ac17f96e0d74027509a5cd43fa0fc6d0b0c77f863,det-v1,1,,2505,66,2623.996,0.0002301000,false,true
call-000236,arm8_spec_immediate,cal/f2/s2060000/early_accurate,37,google/gemma-3-27b-it,sha256:36e561a1b8d33cfdd3960e0ac17f96e0d74027509a5cd43fa0fc6d0b0c77f863,det-v1,1,accepted,2505,66,2623.996,0.0002301000,false,false
call-000237,arm9_spec_heuristic_rollback,cal/f2/s2060000/early_accurate,22,google/gemma-3-27b-it,sha256:131deed12b2d609193bd45e717fbb098b00f217c20d186d7e250e67529fae217,det-v1,1,accepted,1804,85,0.004,0.0001825700,true,false
call-000238,arm9_spec_heuristic_rollback,cal/f2/s2060000/early_accurate,37,google/gemma-3-27b-it,sha256:36e561a1b8d33cfdd3960e0ac17f96e0d74027509a5cd43fa0fc6d0b0c77f863,det-v1,1,accepted,2505,66,0.003,0.0002301000,true,false
call-000239,arm10_spec_eprocess,cal/f2/s2060000/early_accurate,22,google/gemma-3-27b-it,sha256:131deed12b2d609193bd45e717fbb098b00f217c20d186d7e250e67529fae217,det-v1,1,accepted,1804,85,0.003,0.0001825700,true,false
call-000240,arm10_spec_eprocess,cal/f2/s2060000/early_accurate,37,google/gemma-3-27b-it,sha256:b208042ecb0e10511c4e2a77f356941923940fa66fd5ca90f8c968d1c7c445cd,det-v1,1,,2510,66,4887.397,0.0002305000,false,true
call-000241,arm10_spec_eprocess,cal/f2/s2060000/early_accurate,37,google/gemma-3-27b-it,sha256:b208042ecb0e10511c4e2a77f356941923940fa66fd5ca90f8c968d1c7c445cd,det-v1,1,accepted,2510,66,4887.397,0.0002305000,false,false
call-000242,arm8_spec_immediate,cal/f2/s2060000/early_accurate__twin,10,google/gemma-3-27b-it,sha256:2a7e852bf39bca7dd5d0aa0a6a030bd3f999dfb76f9c80e407a84d271de53ecd,det-v1,1,,1274,80,4383.989,0.0001379200,false,true
call-000243,arm8_spec_immediate,cal/f2/s2060000/early_accurate__twin,10,google/gemma-3-27b-it,sha256:2a7e852bf39bca7dd5d0aa0a6a030bd3f999dfb76f9c80e407a84d271de53ecd,det-v1,1,accepted,1274,80,4383.989,0.0001379200,false,false
call-000244,arm9_spec_heuristic_rollback,cal/f2/s2060000/early_accurate__twin,10,google/gemma-3-27b-it,sha256:2a7e852bf39bca7dd5d0aa0a6a030bd3f999dfb76f9c80e407a84d271de53ecd,det-v1,1,accepted,1274,80,0.003,0.0001379200,true,false
call-000245,arm10_spec_eprocess,cal/f2/s2060000/early_accurate__twin,10,google/gemma-3-27b-it,sha256:2a7e852bf39bca7dd5d0aa0a6a030bd3f999dfb76f9c80e407a84d271de53ecd,det-v1,1,accepted,1274,80,0.003,0.0001379200,true,false
call-000246,arm8_spec_immediate,dev/f2/s2050001/early_accurate,27,google/gemma-3-27b-it,sha256:d561ed3a72ee29bab46c229b6eaa1289747905e2d305cf75463a255e7e3455da,det-v1,1,,2046,97,3352.247,0.0002073300,false,true
call-000247,arm8_spec_immediate,dev/f2/s2050001/early_accurate,27,google/gemma-3-27b-it,sha256:d561ed3a72ee29bab46c229b6eaa1289747905e2d305cf75463a255e7e3455da,det-v1,1,accepted,2046,97,3352.247,0.0002073300,false,false
call-000248,arm8_spec_immediate,dev/f2/s2050001/early_accurate,44,google/gemma-3-27b-it,sha256:4824890d9f66d495a31be592a0c044ad4b41c95f61fcfc4e205f9fd2986d978e,det-v1,1,,2848,91,4880.578,0.0002687900,false,true
call-000249,arm8_spec_immediate,dev/f2/s2050001/early_accurate,44,google/gemma-3-27b-it,sha256:4824890d9f66d495a31be592a0c044ad4b41c95f61fcfc4e205f9fd2986d978e,det-v1,1,accepted,2848,91,4880.578,0.0002687900,false,false
call-000250,arm9_spec_heuristic_rollback,dev/f2/s2050001/early_accurate,27,google/gemma-3-27b-it,sha256:d561ed3a72ee29bab46c229b6eaa1289747905e2d305cf75463a255e7e3455da,det-v1,1,accepted,2046,97,0.004,0.0002073300,true,false
call-000251,arm9_spec_heuristic_rollback,dev/f2/s2050001/early_accurate,44,google/gemma-3-27b-it,sha256:4824890d9f66d495a31be592a0c044ad4b41c95f61fcfc4e205f9fd2986d978e,det-v1,1,accepted,2848,91,0.003,0.0002687900,true,false
call-000252,arm10_spec_eprocess,dev/f2/s2050001/early_accurate,27,google/gemma-3-27b-it,sha256:d561ed3a72ee29bab46c229b6eaa1289747905e2d305cf75463a255e7e3455da,det-v1,1,accepted,2046,97,0.004,0.0002073300,true,false
call-000253,arm10_spec_eprocess,dev/f2/s2050001/early_accurate,44,google/gemma-3-27b-it,sha256:64e34a758eb3ed18258693a1bbab8df5796be09a88ace1c1cca9ee46dc58b0d3,det-v1,1,,2855,66,4575.686,0.0002581000,false,true
call-000254,arm10_spec_eprocess,dev/f2/s2050001/early_accurate,44,google/gemma-3-27b-it,sha256:64e34a758eb3ed18258693a1bbab8df5796be09a88ace1c1cca9ee46dc58b0d3,det-v1,1,accepted,2855,66,4575.686,0.0002581000,false,false
call-000255,arm8_spec_immediate,dev/f2/s2050001/early_accurate__twin,10,google/gemma-3-27b-it,sha256:75863b1f2541f6af4685ca168e42c43c77425716fb64a1be74df88543f745469,det-v1,1,,1274,98,4945.985,0.0001460200,false,true
call-000256,arm8_spec_immediate,dev/f2/s2050001/early_accurate__twin,10,google/gemma-3-27b-it,sha256:75863b1f2541f6af4685ca168e42c43c77425716fb64a1be74df88543f745469,det-v1,1,accepted,1274,98,4945.985,0.0001460200,false,false
call-000257,arm9_spec_heuristic_rollback,dev/f2/s2050001/early_accurate__twin,10,google/gemma-3-27b-it,sha256:75863b1f2541f6af4685ca168e42c43c77425716fb64a1be74df88543f745469,det-v1,1,accepted,1274,98,0.003,0.0001460200,true,false
call-000258,arm10_spec_eprocess,dev/f2/s2050001/early_accurate__twin,10,google/gemma-3-27b-it,sha256:75863b1f2541f6af4685ca168e42c43c77425716fb64a1be74df88543f745469,det-v1,1,accepted,1274,98,0.003,0.0001460200,true,false
call-000259,arm8_spec_immediate,cal/f2/s2060001/early_accurate,37,google/gemma-3-27b-it,sha256:abd80817da1abcff37704b651f757f9a327a21d98dc1b2c58734475032db7875,det-v1,1,,2535,66,3597.517,0.0002325000,false,true
call-000260,arm8_spec_immediate,cal/f2/s2060001/early_accurate,37,google/gemma-3-27b-it,sha256:abd80817da1abcff37704b651f757f9a327a21d98dc1b2c58734475032db7875,det-v1,1,accepted,2535,66,3597.517,0.0002325000,false,false
call-000261,arm8_spec_immediate,cal/f2/s2060001/early_accurate,46,google/gemma-3-27b-it,sha256:5b8c783bff3f919554127707b3997e03ee1d595af8678f6c889482eb6a90b7b7,det-v1,1,,2958,66,2624.385,0.0002663400,false,true
call-000262,arm8_spec_immediate,cal/f2/s2060001/early_accurate,46,google/gemma-3-27b-it,sha256:5b8c783bff3f919554127707b3997e03ee1d595af8678f6c889482eb6a90b7b7,det-v1,1,accepted,2958,66,2624.385,0.0002663400,false,false
call-000263,arm9_spec_heuristic_rollback,cal/f2/s2060001/early_accurate,37,google/gemma-3-27b-it,sha256:abd80817da1abcff37704b651f757f9a327a21d98dc1b2c58734475032db7875,det-v1,1,accepted,2535,66,0.004,0.0002325000,true,false
call-000264,arm9_spec_heuristic_rollback,cal/f2/s2060001/early_accurate,46,google/gemma-3-27b-it,sha256:5b8c783bff3f919554127707b3997e03ee1d595af8678f6c889482eb6a90b7b7,det-v1,1,accepted,2958,66,0.003,0.0002663400,true,false
call-000265,arm10_spec_eprocess,cal/f2/s2060001/early_accurate,37,google/gemma-3-27b-it,sha256:abd80817da1abcff37704b651f757f9a327a21d98dc1b2c58734475032db7875,det-v1,1,accepted,2535,66,0.003,0.0002325000,true,false
call-000266,arm10_spec_eprocess,cal/f2/s2060001/early_accurate,46,google/gemma-3-27b-it,sha256:5b8c783bff3f919554127707b3997e03ee1d595af8678f6c889482eb6a90b7b7,det-v1,1,accepted,2958,66,0.003,0.0002663400,true,false
call-000267,arm8_spec_immediate,cal/f2/s2060001/early_accurate__twin,10,google/gemma-3-27b-it,sha256:2ab959ae915228ca6cb8970083311c1ed34ef9feb36311335d8bae90430b3c8f,det-v1,1,,1276,94,3087.865,0.0001443800,false,true
call-000268,arm8_spec_immediate,cal/f2/s2060001/early_accurate__twin,10,google/gemma-3-27b-it,sha256:2ab959ae915228ca6cb8970083311c1ed34ef9feb36311335d8bae90430b3c8f,det-v1,1,accepted,1276,94,3087.865,0.0001443800,false,false
call-000269,arm9_spec_heuristic_rollback,cal/f2/s2060001/early_accurate__twin,10,google/gemma-3-27b-it,sha256:2ab959ae915228ca6cb8970083311c1ed34ef9feb36311335d8bae90430b3c8f,det-v1,1,accepted,1276,94,0.002,0.0001443800,true,false
call-000270,arm10_spec_eprocess,cal/f2/s2060001/early_accurate__twin,10,google/gemma-3-27b-it,sha256:2ab959ae915228ca6cb8970083311c1ed34ef9feb36311335d8bae90430b3c8f,det-v1,1,accepted,1276,94,0.002,0.0001443800,true,false
call-000271,arm8_spec_immediate,dev/f2/s2050000/late_accurate,28,google/gemma-3-27b-it,sha256:75c9d591ac18aa2171fd9378fa925c2a322cbba9f728c94a4174595528e25aa0,det-v1,1,,2091,121,3743.209,0.0002217300,false,true
call-000272,arm8_spec_immediate,dev/f2/s2050000/late_accurate,28,google/gemma-3-27b-it,sha256:75c9d591ac18aa2171fd9378fa925c2a322cbba9f728c94a4174595528e25aa0,det-v1,1,accepted,2091,121,3743.209,0.0002217300,false,false
call-000273,arm8_spec_immediate,dev/f2/s2050000/late_accurate,37,google/gemma-3-27b-it,sha256:b18a18b77d8f4b8ebe33b67ed1eb4c05ca084b7e2909652e83beff72a2a60b4b,det-v1,1,,2511,66,3151.226,0.0002305800,false,true
call-000274,arm8_spec_immediate,dev/f2/s2050000/late_accurate,37,google/gemma-3-27b-it,sha256:b18a18b77d8f4b8ebe33b67ed1eb4c05ca084b7e2909652e83beff72a2a60b4b,det-v1,1,accepted,2511,66,3151.226,0.0002305800,false,false
call-000275,arm9_spec_heuristic_rollback,dev/f2/s2050000/late_accurate,28,google/gemma-3-27b-it,sha256:75c9d591ac18aa2171fd9378fa925c2a322cbba9f728c94a4174595528e25aa0,det-v1,1,accepted,2091,121,0.004,0.0002217300,true,false
call-000276,arm9_spec_heuristic_rollback,dev/f2/s2050000/late_accurate,37,google/gemma-3-27b-it,sha256:b18a18b77d8f4b8ebe33b67ed1eb4c05ca084b7e2909652e83beff72a2a60b4b,det-v1,1,accepted,2511,66,0.003,0.0002305800,true,false
call-000277,arm10_spec_eprocess,dev/f2/s2050000/late_accurate,28,google/gemma-3-27b-it,sha256:75c9d591ac18aa2171fd9378fa925c2a322cbba9f728c94a4174595528e25aa0,det-v1,1,accepted,2091,121,0.003,0.0002217300,true,false
call-000278,arm10_spec_eprocess,dev/f2/s2050000/late_accurate,37,google/gemma-3-27b-it,sha256:13c4c4039cd96ac936c457685a2c5ea232e4116f70f1bc446af3de7c09c2e72d,det-v1,1,,2514,66,2471.387,0.0002308200,false,true
call-000279,arm10_spec_eprocess,dev/f2/s2050000/late_accurate,37,google/gemma-3-27b-it,sha256:13c4c4039cd96ac936c457685a2c5ea232e4116f70f1bc446af3de7c09c2e72d,det-v1,1,accepted,2514,66,2471.387,0.0002308200,false,false
call-000280,arm8_spec_immediate,cal/f2/s2060000/late_accurate,22,google/gemma-3-27b-it,sha256:26725479cdba72b1fdce9472d0f4d044f1492d42faf2ffa03c29dcd679a91a34,det-v1,1,,1804,85,3056.556,0.0001825700,false,true
call-000281,arm8_spec_immediate,cal/f2/s2060000/late_accurate,22,google/gemma-3-27b-it,sha256:26725479cdba72b1fdce9472d0f4d044f1492d42faf2ffa03c29dcd679a91a34,det-v1,1,accepted,1804,85,3056.556,0.0001825700,false,false
call-000282,arm8_spec_immediate,cal/f2/s2060000/late_accurate,37,google/gemma-3-27b-it,sha256:eb6003e61cb993d0badbf6e6cefc5de8441aab29fbc552163505a7704997618b,det-v1,1,,2505,66,2780.788,0.0002301000,false,true
call-000283,arm8_spec_immediate,cal/f2/s2060000/late_accurate,37,google/gemma-3-27b-it,sha256:eb6003e61cb993d0badbf6e6cefc5de8441aab29fbc552163505a7704997618b,det-v1,1,accepted,2505,66,2780.788,0.0002301000,false,false
call-000284,arm9_spec_heuristic_rollback,cal/f2/s2060000/late_accurate,22,google/gemma-3-27b-it,sha256:26725479cdba72b1fdce9472d0f4d044f1492d42faf2ffa03c29dcd679a91a34,det-v1,1,accepted,1804,85,0.004,0.0001825700,true,false
call-000285,arm9_spec_heuristic_rollback,cal/f2/s2060000/late_accurate,37,google/gemma-3-27b-it,sha256:eb6003e61cb993d0badbf6e6cefc5de8441aab29fbc552163505a7704997618b,det-v1,1,accepted,2505,66,0.003,0.0002301000,true,false
call-000286,arm10_spec_eprocess,cal/f2/s2060000/late_accurate,22,google/gemma-3-27b-it,sha256:26725479cdba72b1fdce9472d0f4d044f1492d42faf2ffa03c29dcd679a91a34,det-v1,1,accepted,1804,85,0.003,0.0001825700,true,false
call-000287,arm10_spec_eprocess,cal/f2/s2060000/late_accurate,37,google/gemma-3-27b-it,sha256:f4fcaf2e03988caa2adeb3564a8d62bbfbb40a85da4e5a0e853ca5a22c8920f1,det-v1,1,,2510,66,4992.060,0.0002305000,false,true
call-000288,arm10_spec_eprocess,cal/f2/s2060000/late_accurate,37,google/gemma-3-27b-it,sha256:f4fcaf2e03988caa2adeb3564a8d62bbfbb40a85da4e5a0e853ca5a22c8920f1,det-v1,1,accepted,2510,66,4992.060,0.0002305000,false,false
call-000289,arm8_spec_immediate,dev/f2/s2050001/late_accurate,27,google/gemma-3-27b-it,sha256:e2d8b04757a92b8895e5d83c17d869f3a6605a2c056bbcadf9e5647fb8457a89,det-v1,1,,2045,97,10779.025,0.0002072500,false,true
call-000290,arm8_spec_immediate,dev/f2/s2050001/late_accurate,27,google/gemma-3-27b-it,sha256:e2d8b04757a92b8895e5d83c17d869f3a6605a2c056bbcadf9e5647fb8457a89,det-v1,1,accepted,2045,97,10779.025,0.0002072500,false,false
call-000291,arm8_spec_immediate,dev/f2/s2050001/late_accurate,44,google/gemma-3-27b-it,sha256:713487c4c7c9bde1dd157fd3ee285d006eb62ea0f20f6101f7eda86c0ac16f03,det-v1,1,,2848,91,3534.491,0.0002687900,false,true
call-000292,arm8_spec_immediate,dev/f2/s2050001/late_accurate,44,google/gemma-3-27b-it,sha256:713487c4c7c9bde1dd157fd3ee285d006eb62ea0f20f6101f7eda86c0ac16f03,det-v1,1,accepted,2848,91,3534.491,0.0002687900,false,false
call-000293,arm9_spec_heuristic_rollback,dev/f2/s2050001/late_accurate,27,google/gemma-3-27b-it,sha256:e2d8b04757a92b8895e5d83c17d869f3a6605a2c056bbcadf9e5647fb8457a89,det-v1,1,accepted,2045,97,0.004,0.0002072500,true,false
call-000294,arm9_spec_heuristic_rollback,dev/f2/s2050001/late_accurate,44,google/gemma-3-27b-it,sha256:713487c4c7c9bde1dd157fd3ee285d006eb62ea0f20f6101f7eda86c0ac16f03,det-v1,1,accepted,2848,91,0.003,0.0002687900,true,false
call-000295,arm10_spec_eprocess,dev/f2/s2050001/late_accurate,27,google/gemma-3-27b-it,sha256:e2d8b04757a92b8895e5d83c17d869f3a6605a2c056bbcadf9e5647fb8457a89,det-v1,1,accepted,2045,97,0.004,0.0002072500,true,false
call-000296,arm10_spec_eprocess,dev/f2/s2050001/late_accurate,44,google/gemma-3-27b-it,sha256:f697c341fc05a1d483423c1fa89a47fb29e24c2ce16be2838b8d3cef9122d6f2,det-v1,1,,2856,91,3564.761,0.0002694300,false,true
call-000297,arm10_spec_eprocess,dev/f2/s2050001/late_accurate,44,google/gemma-3-27b-it,sha256:f697c341fc05a1d483423c1fa89a47fb29e24c2ce16be2838b8d3cef9122d6f2,det-v1,1,accepted,2856,91,3564.761,0.0002694300,false,false
call-000298,arm8_spec_immediate,cal/f2/s2060001/late_accurate,37,google/gemma-3-27b-it,sha256:2a83a1812ec35aeb0912d670799f08076d0ee0d019e9a8b1b432afbdd0ace1e3,det-v1,1,,2534,61,4254.585,0.0002301700,false,true
call-000299,arm8_spec_immediate,cal/f2/s2060001/late_accurate,37,google/gemma-3-27b-it,sha256:2a83a1812ec35aeb0912d670799f08076d0ee0d019e9a8b1b432afbdd0ace1e3,det-v1,1,accepted,2534,61,4254.585,0.0002301700,false,false
call-000300,arm8_spec_immediate,cal/f2/s2060001/late_accurate,46,google/gemma-3-27b-it,sha256:a6cc759b8f314ac83ba2459602d89264cca61aeffa94836dd0b0bc09edcbde7c,det-v1,1,,2958,66,2695.945,0.0002663400,false,true
call-000301,arm8_spec_immediate,cal/f2/s2060001/late_accurate,46,google/gemma-3-27b-it,sha256:a6cc759b8f314ac83ba2459602d89264cca61aeffa94836dd0b0bc09edcbde7c,det-v1,1,accepted,2958,66,2695.945,0.0002663400,false,false
call-000302,arm9_spec_heuristic_rollback,cal/f2/s2060001/late_accurate,37,google/gemma-3-27b-it,sha256:2a83a1812ec35aeb0912d670799f08076d0ee0d019e9a8b1b432afbdd0ace1e3,det-v1,1,accepted,2534,61,0.002,0.0002301700,true,false
call-000303,arm9_spec_heuristic_rollback,cal/f2/s2060001/late_accurate,46,google/gemma-3-27b-it,sha256:a6cc759b8f314ac83ba2459602d89264cca61aeffa94836dd0b0bc09edcbde7c,det-v1,1,accepted,2958,66,0.001,0.0002663400,true,false
call-000304,arm10_spec_eprocess,cal/f2/s2060001/late_accurate,37,google/gemma-3-27b-it,sha256:2a83a1812ec35aeb0912d670799f08076d0ee0d019e9a8b1b432afbdd0ace1e3,det-v1,1,accepted,2534,61,0.002,0.0002301700,true,false
call-000305,arm10_spec_eprocess,cal/f2/s2060001/late_accurate,46,google/gemma-3-27b-it,sha256:a6cc759b8f314ac83ba2459602d89264cca61aeffa94836dd0b0bc09edcbde7c,det-v1,1,accepted,2958,66,0.001,0.0002663400,true,false
call-000306,arm8_spec_immediate,dev/f2/s2050000/unreliable,28,google/gemma-3-27b-it,sha256:660fa89cae63d02c6fa7f333445c2586f86e2f280830a960826781a11fcfff67,det-v1,1,,2090,66,4417.569,0.0001969000,false,true
call-000307,arm8_spec_immediate,dev/f2/s2050000/unreliable,28,google/gemma-3-27b-it,sha256:660fa89cae63d02c6fa7f333445c2586f86e2f280830a960826781a11fcfff67,det-v1,1,accepted,2090,66,4417.569,0.0001969000,false,false
call-000308,arm8_spec_immediate,dev/f2/s2050000/unreliable,37,google/gemma-3-27b-it,sha256:c7f312b7b5f4889a4c7ae426d2854fb36741e3e922e2c1ee0594e7dc5e5ee3e2,det-v1,1,,2514,66,2470.288,0.0002308200,false,true
call-000309,arm8_spec_immediate,dev/f2/s2050000/unreliable,37,google/gemma-3-27b-it,sha256:c7f312b7b5f4889a4c7ae426d2854fb36741e3e922e2c1ee0594e7dc5e5ee3e2,det-v1,1,accepted,2514,66,2470.288,0.0002308200,false,false
call-000310,arm9_spec_heuristic_rollback,dev/f2/s2050000/unreliable,28,google/gemma-3-27b-it,sha256:660fa89cae63d02c6fa7f333445c2586f86e2f280830a960826781a11fcfff67,det-v1,1,accepted,2090,66,0.004,0.0001969000,true,false
call-000311,arm9_spec_heuristic_rollback,dev/f2/s2050000/unreliable,37,google/gemma-3-27b-it,sha256:c7f312b7b5f4889a4c7ae426d2854fb36741e3e922e2c1ee0594e7dc5e5ee3e2,det-v1,1,accepted,2514,66,0.003,0.0002308200,true,false
call-000312,arm10_spec_eprocess,dev/f2/s2050000/unreliable,28,google/gemma-3-27b-it,sha256:660fa89cae63d02c6fa7f333445c2586f86e2f280830a960826781a11fcfff67,det-v1,1,accepted,2090,66,0.003,0.0001969000,true,false
call-000313,arm10_spec_eprocess,dev/f2/s2050000/unreliable,37,google/gemma-3-27b-it,sha256:c7f312b7b5f4889a4c7ae426d2854fb36741e3e922e2c1ee0594e7dc5e5ee3e2,det-v1,1,accepted,2514,66,0.003,0.0002308200,true,false
call-000314,arm8_spec_immediate,cal/f2/s2060000/unreliable,22,google/gemma-3-27b-it,sha256:97380ab244fbe87041b2f54b87eeb8e79eda173bd030c573c9c18b3e86b478eb,det-v1,1,,1804,79,19273.650,0.0001798700,false,true
call-000315,arm8_spec_immediate,cal/f2/s2060000/unreliable,22,google/gemma-3-27b-it,sha256:97380ab244fbe87041b2f54b87eeb8e79eda173bd030c573c9c18b3e86b478eb,det-v1,1,accepted,1804,79,19273.650,0.0001798700,false,false
call-000316,arm8_spec_immediate,cal/f2/s2060000/unreliable,37,google/gemma-3-27b-it,sha256:d630c3756814480aa06f26595bc33d78233944756c989519c2af7b4d99510528,det-v1,1,,2505,66,3614.407,0.0002301000,false,true
call-000317,arm8_spec_immediate,cal/f2/s2060000/unreliable,37,google/gemma-3-27b-it,sha256:d630c3756814480aa06f26595bc33d78233944756c989519c2af7b4d99510528,det-v1,1,accepted,2505,66,3614.407,0.0002301000,false,false
call-000318,arm9_spec_heuristic_rollback,cal/f2/s2060000/unreliable,22,google/gemma-3-27b-it,sha256:97380ab244fbe87041b2f54b87eeb8e79eda173bd030c573c9c18b3e86b478eb,det-v1,1,accepted,1804,79,0.004,0.0001798700,true,false
call-000319,arm9_spec_heuristic_rollback,cal/f2/s2060000/unreliable,37,google/gemma-3-27b-it,sha256:d630c3756814480aa06f26595bc33d78233944756c989519c2af7b4d99510528,det-v1,1,accepted,2505,66,0.003,0.0002301000,true,false
call-000320,arm10_spec_eprocess,cal/f2/s2060000/unreliable,22,google/gemma-3-27b-it,sha256:97380ab244fbe87041b2f54b87eeb8e79eda173bd030c573c9c18b3e86b478eb,det-v1,1,accepted,1804,79,0.003,0.0001798700,true,false
call-000321,arm10_spec_eprocess,cal/f2/s2060000/unreliable,37,google/gemma-3-27b-it,sha256:5b4b526dcc65c8180b2a92c1155c69d8ccc7ebd7ef15f03441b0449e3b5cb1a7,det-v1,1,,2510,66,3600.331,0.0002305000,false,true
call-000322,arm10_spec_eprocess,cal/f2/s2060000/unreliable,37,google/gemma-3-27b-it,sha256:5b4b526dcc65c8180b2a92c1155c69d8ccc7ebd7ef15f03441b0449e3b5cb1a7,det-v1,1,accepted,2510,66,3600.331,0.0002305000,false,false
call-000323,arm8_spec_immediate,dev/f2/s2050001/unreliable,27,google/gemma-3-27b-it,sha256:a9d367f80d66be2bbed604fe5e9180f8ce066365d678113edbe619273fe78948,det-v1,1,,2046,97,3846.471,0.0002073300,false,true
call-000324,arm8_spec_immediate,dev/f2/s2050001/unreliable,27,google/gemma-3-27b-it,sha256:a9d367f80d66be2bbed604fe5e9180f8ce066365d678113edbe619273fe78948,det-v1,1,accepted,2046,97,3846.471,0.0002073300,false,false
call-000325,arm8_spec_immediate,dev/f2/s2050001/unreliable,44,google/gemma-3-27b-it,sha256:ccb2584c4794cfee0f257ce501b00a08f10f78d4cc4cf084ee4a6b0a420d8a95,det-v1,1,,2847,66,3865.760,0.0002574600,false,true
call-000326,arm8_spec_immediate,dev/f2/s2050001/unreliable,44,google/gemma-3-27b-it,sha256:ccb2584c4794cfee0f257ce501b00a08f10f78d4cc4cf084ee4a6b0a420d8a95,det-v1,1,accepted,2847,66,3865.760,0.0002574600,false,false
call-000327,arm9_spec_heuristic_rollback,dev/f2/s2050001/unreliable,27,google/gemma-3-27b-it,sha256:a9d367f80d66be2bbed604fe5e9180f8ce066365d678113edbe619273fe78948,det-v1,1,accepted,2046,97,0.004,0.0002073300,true,false
call-000328,arm9_spec_heuristic_rollback,dev/f2/s2050001/unreliable,44,google/gemma-3-27b-it,sha256:ccb2584c4794cfee0f257ce501b00a08f10f78d4cc4cf084ee4a6b0a420d8a95,det-v1,1,accepted,2847,66,0.003,0.0002574600,true,false
call-000329,arm10_spec_eprocess,dev/f2/s2050001/unreliable,27,google/gemma-3-27b-it,sha256:a9d367f80d66be2bbed604fe5e9180f8ce066365d678113edbe619273fe78948,det-v1,1,accepted,2046,97,0.003,0.0002073300,true,false
call-000330,arm10_spec_eprocess,dev/f2/s2050001/unreliable,44,google/gemma-3-27b-it,sha256:ac4103a3f2176b4b9045f8acefa38775901d5b6ce44da6c5ce5c418088d67b00,det-v1,1,,2856,91,3500.043,0.0002694300,false,true
call-000331,arm10_spec_eprocess,dev/f2/s2050001/unreliable,44,google/gemma-3-27b-it,sha256:ac4103a3f2176b4b9045f8acefa38775901d5b6ce44da6c5ce5c418088d67b00,det-v1,1,accepted,2856,91,3500.043,0.0002694300,false,false
call-000332,arm8_spec_immediate,cal/f2/s2060001/unreliable,37,google/gemma-3-27b-it,sha256:1fad6a8c9e8f1258f7108cfe205bea531f999062d3d837a2ebcb8cee8576c51e,det-v1,1,,2535,66,3109.870,0.0002325000,false,true
call-000333,arm8_spec_immediate,cal/f2/s2060001/unreliable,37,google/gemma-3-27b-it,sha256:1fad6a8c9e8f1258f7108cfe205bea531f999062d3d837a2ebcb8cee8576c51e,det-v1,1,accepted,2535,66,3109.870,0.0002325000,false,false
call-000334,arm8_spec_immediate,cal/f2/s2060001/unreliable,46,google/gemma-3-27b-it,sha256:4929acd968d37d17787ea3d0accf266f2c998214f73088e59684f58acce75102,det-v1,1,,2958,66,3180.150,0.0002663400,false,true
call-000335,arm8_spec_immediate,cal/f2/s2060001/unreliable,46,google/gemma-3-27b-it,sha256:4929acd968d37d17787ea3d0accf266f2c998214f73088e59684f58acce75102,det-v1,1,accepted,2958,66,3180.150,0.0002663400,false,false
call-000336,arm9_spec_heuristic_rollback,cal/f2/s2060001/unreliable,37,google/gemma-3-27b-it,sha256:1fad6a8c9e8f1258f7108cfe205bea531f999062d3d837a2ebcb8cee8576c51e,det-v1,1,accepted,2535,66,0.003,0.0002325000,true,false
call-000337,arm9_spec_heuristic_rollback,cal/f2/s2060001/unreliable,46,google/gemma-3-27b-it,sha256:4929acd968d37d17787ea3d0accf266f2c998214f73088e59684f58acce75102,det-v1,1,accepted,2958,66,0.002,0.0002663400,true,false
call-000338,arm10_spec_eprocess,cal/f2/s2060001/unreliable,37,google/gemma-3-27b-it,sha256:1fad6a8c9e8f1258f7108cfe205bea531f999062d3d837a2ebcb8cee8576c51e,det-v1,1,accepted,2535,66,0.002,0.0002325000,true,false
call-000339,arm10_spec_eprocess,cal/f2/s2060001/unreliable,46,google/gemma-3-27b-it,sha256:4929acd968d37d17787ea3d0accf266f2c998214f73088e59684f58acce75102,det-v1,1,accepted,2958,66,0.002,0.0002663400,true,false
call-000340,arm8_spec_immediate,cal/f3/s3060000/no_alert,15,google/gemma-3-27b-it,sha256:2b7c21317c1039480303221c72ead61d64251f7a7152c628eb4858b7a01aa6b7,det-v1,1,,1467,102,4440.473,0.0001632600,false,true
call-000341,arm8_spec_immediate,cal/f3/s3060000/no_alert,15,google/gemma-3-27b-it,sha256:2b7c21317c1039480303221c72ead61d64251f7a7152c628eb4858b7a01aa6b7,det-v1,1,accepted,1467,102,4440.473,0.0001632600,false,false
call-000342,arm9_spec_heuristic_rollback,cal/f3/s3060000/no_alert,15,google/gemma-3-27b-it,sha256:2b7c21317c1039480303221c72ead61d64251f7a7152c628eb4858b7a01aa6b7,det-v1,1,accepted,1467,102,0.004,0.0001632600,true,false
call-000343,arm10_spec_eprocess,cal/f3/s3060000/no_alert,15,google/gemma-3-27b-it,sha256:2b7c21317c1039480303221c72ead61d64251f7a7152c628eb4858b7a01aa6b7,det-v1,1,accepted,1467,102,0.003,0.0001632600,true,false
call-000344,arm8_spec_immediate,cal/f3/s3060001/no_alert,23,google/gemma-3-27b-it,sha256:6b1f70f3bed0fd684c78a14061b6ee550f0c7a5d38ffa98b35cf7a5f505a5898,det-v1,1,,1861,91,3397.446,0.0001898300,false,true
call-000345,arm8_spec_immediate,cal/f3/s3060001/no_alert,23,google/gemma-3-27b-it,sha256:6b1f70f3bed0fd684c78a14061b6ee550f0c7a5d38ffa98b35cf7a5f505a5898,det-v1,1,accepted,1861,91,3397.446,0.0001898300,false,false
call-000346,arm9_spec_heuristic_rollback,cal/f3/s3060001/no_alert,23,google/gemma-3-27b-it,sha256:6b1f70f3bed0fd684c78a14061b6ee550f0c7a5d38ffa98b35cf7a5f505a5898,det-v1,1,accepted,1861,91,0.004,0.0001898300,true,false
call-000347,arm10_spec_eprocess,cal/f3/s3060001/no_alert,23,google/gemma-3-27b-it,sha256:6b1f70f3bed0fd684c78a14061b6ee550f0c7a5d38ffa98b35cf7a5f505a5898,det-v1,1,accepted,1861,91,0.004,0.0001898300,true,false
call-000348,arm8_spec_immediate,dev/f3/s3050000/early_accurate,14,google/gemma-3-27b-it,sha256:a6c19713dc44115a4059f1bc5d02e6fb9a7cb0b5c0c6b194b09dd96beea81c1e,det-v1,1,,1469,115,10097.755,0.0001692700,false,true
call-000349,arm8_spec_immediate,dev/f3/s3050000/early_accurate,14,google/gemma-3-27b-it,sha256:a6c19713dc44115a4059f1bc5d02e6fb9a7cb0b5c0c6b194b09dd96beea81c1e,det-v1,1,accepted,1469,115,10097.755,0.0001692700,false,false
call-000350,arm9_spec_heuristic_rollback,dev/f3/s3050000/early_accurate,14,google/gemma-3-27b-it,sha256:a6c19713dc44115a4059f1bc5d02e6fb9a7cb0b5c0c6b194b09dd96beea81c1e,det-v1,1,accepted,1469,115,0.004,0.0001692700,true,false
call-000351,arm10_spec_eprocess,dev/f3/s3050000/early_accurate,14,google/gemma-3-27b-it,sha256:a6c19713dc44115a4059f1bc5d02e6fb9a7cb0b5c0c6b194b09dd96beea81c1e,det-v1,1,accepted,1469,115,0.005,0.0001692700,true,false
call-000352,arm8_spec_immediate,cal/f3/s3060000/early_accurate,13,google/gemma-3-27b-it,sha256:ea992e70ef171019545c2cf0bc77513caa2382a15a4ab3dabd9b823039d6fab5,det-v1,1,,1413,99,3467.989,0.0001575900,false,true
call-000353,arm8_spec_immediate,cal/f3/s3060000/early_accurate,13,google/gemma-3-27b-it,sha256:ea992e70ef171019545c2cf0bc77513caa2382a15a4ab3dabd9b823039d6fab5,det-v1,1,accepted,1413,99,3467.989,0.0001575900,false,false
call-000354,arm8_spec_immediate,cal/f3/s3060000/early_accurate,19,google/gemma-3-27b-it,sha256:c67355b5a68705986edf234e8a4d0239937a3000dae64e66ec7b2755ae106d75,det-v1,1,,1714,97,3409.248,0.0001807700,false,true
call-000355,arm8_spec_immediate,cal/f3/s3060000/early_accurate,19,google/gemma-3-27b-it,sha256:c67355b5a68705986edf234e8a4d0239937a3000dae64e66ec7b2755ae106d75,det-v1,1,accepted,1714,97,3409.248,0.0001807700,false,false
call-000356,arm9_spec_heuristic_rollback,cal/f3/s3060000/early_accurate,13,google/gemma-3-27b-it,sha256:ea992e70ef171019545c2cf0bc77513caa2382a15a4ab3dabd9b823039d6fab5,det-v1,1,accepted,1413,99,0.005,0.0001575900,true,false
call-000357,arm9_spec_heuristic_rollback,cal/f3/s3060000/early_accurate,19,google/gemma-3-27b-it,sha256:c67355b5a68705986edf234e8a4d0239937a3000dae64e66ec7b2755ae106d75,det-v1,1,accepted,1714,97,0.002,0.0001807700,true,false
call-000358,arm10_spec_eprocess,cal/f3/s3060000/early_accurate,13,google/gemma-3-27b-it,sha256:ea992e70ef171019545c2cf0bc77513caa2382a15a4ab3dabd9b823039d6fab5,det-v1,1,accepted,1413,99,0.003,0.0001575900,true,false
call-000359,arm10_spec_eprocess,cal/f3/s3060000/early_accurate,19,google/gemma-3-27b-it,sha256:de538e7e054e815d84f82156c3e5e8834d6695b99964762cb71c7cbc244d245d,det-v1,1,,1709,85,6028.513,0.0001749700,false,true
call-000360,arm10_spec_eprocess,cal/f3/s3060000/early_accurate,19,google/gemma-3-27b-it,sha256:de538e7e054e815d84f82156c3e5e8834d6695b99964762cb71c7cbc244d245d,det-v1,1,accepted,1709,85,6028.513,0.0001749700,false,false
call-000361,arm8_spec_immediate,dev/f3/s3050001/early_accurate,17,google/gemma-3-27b-it,sha256:9128e7396e82f8a7a538e2c36a1533cb9af95aeeb8dde3b6fa44d9cc9678a69e,det-v1,1,,1607,114,4127.177,0.0001798600,false,true
call-000362,arm8_spec_immediate,dev/f3/s3050001/early_accurate,17,google/gemma-3-27b-it,sha256:9128e7396e82f8a7a538e2c36a1533cb9af95aeeb8dde3b6fa44d9cc9678a69e,det-v1,1,accepted,1607,114,4127.177,0.0001798600,false,false
call-000363,arm9_spec_heuristic_rollback,dev/f3/s3050001/early_accurate,17,google/gemma-3-27b-it,sha256:9128e7396e82f8a7a538e2c36a1533cb9af95aeeb8dde3b6fa44d9cc9678a69e,det-v1,1,accepted,1607,114,0.003,0.0001798600,true,false
call-000364,arm10_spec_eprocess,dev/f3/s3050001/early_accurate,17,google/gemma-3-27b-it,sha256:9128e7396e82f8a7a538e2c36a1533cb9af95aeeb8dde3b6fa44d9cc9678a69e,det-v1,1,accepted,1607,114,0.003,0.0001798600,true,false
call-000365,arm8_spec_immediate,cal/f3/s3060001/early_accurate,19,google/gemma-3-27b-it,sha256:901eab96fd46a9bc7d1fc6e8974bdedf890f23d8d8f68c8b4975763e1829f6d0,det-v1,1,,1703,93,3572.639,0.0001780900,false,true
call-000366,arm8_spec_immediate,cal/f3/s3060001/early_accurate,19,google/gemma-3-27b-it,sha256:901eab96fd46a9bc7d1fc6e8974bdedf890f23d8d8f68c8b4975763e1829f6d0,det-v1,1,accepted,1703,93,3572.639,0.0001780900,false,false
call-000367,arm8_spec_immediate,cal/f3/s3060001/early_accurate,25,google/gemma-3-27b-it,sha256:c5b9b4536bd689a037d78fec163d3e958ea475834c94a7f4f526a4868102c5c3,det-v1,1,,2001,83,8964.550,0.0001974300,false,true
call-000368,arm8_spec_immediate,cal/f3/s3060001/early_accurate,25,google/gemma-3-27b-it,sha256:c5b9b4536bd689a037d78fec163d3e958ea475834c94a7f4f526a4868102c5c3,det-v1,1,accepted,2001,83,8964.550,0.0001974300,false,false
call-000369,arm9_spec_heuristic_rollback,cal/f3/s3060001/early_accurate,19,google/gemma-3-27b-it,sha256:901eab96fd46a9bc7d1fc6e8974bdedf890f23d8d8f68c8b4975763e1829f6d0,det-v1,1,accepted,1703,93,0.003,0.0001780900,true,false
call-000370,arm9_spec_heuristic_rollback,cal/f3/s3060001/early_accurate,25,google/gemma-3-27b-it,sha256:c5b9b4536bd689a037d78fec163d3e958ea475834c94a7f4f526a4868102c5c3,det-v1,1,accepted,2001,83,0.002,0.0001974300,true,false
call-000371,arm10_spec_eprocess,cal/f3/s3060001/early_accurate,19,google/gemma-3-27b-it,sha256:901eab96fd46a9bc7d1fc6e8974bdedf890f23d8d8f68c8b4975763e1829f6d0,det-v1,1,accepted,1703,93,0.002,0.0001780900,true,false
call-000372,arm10_spec_eprocess,cal/f3/s3060001/early_accurate,25,google/gemma-3-27b-it,sha256:17aeb8a3fb68b18d44809e3f9f5c14afbfa168bb77f21c36e00aea571e232a11,det-v1,1,,1998,90,3644.432,0.0002003400,false,true
call-000373,arm10_spec_eprocess,cal/f3/s3060001/early_accurate,25,google/gemma-3-27b-it,sha256:17aeb8a3fb68b18d44809e3f9f5c14afbfa168bb77f21c36e00aea571e232a11,det-v1,1,accepted,1998,90,3644.432,0.0002003400,false,false
call-000374,arm8_spec_immediate,dev/f3/s3050000/late_accurate,17,google/gemma-3-27b-it,sha256:d46c419b3cce02585f83201cb499cab2515b35f49395290dd804cf4eaba9228a,det-v1,1,,1615,79,6550.427,0.0001647500,false,true
call-000375,arm8_spec_immediate,dev/f3/s3050000/late_accurate,17,google/gemma-3-27b-it,sha256:d46c419b3cce02585f83201cb499cab2515b35f49395290dd804cf4eaba9228a,det-v1,1,accepted,1615,79,6550.427,0.0001647500,false,false
call-000376,arm9_spec_heuristic_rollback,dev/f3/s3050000/late_accurate,17,google/gemma-3-27b-it,sha256:d46c419b3cce02585f83201cb499cab2515b35f49395290dd804cf4eaba9228a,det-v1,1,accepted,1615,79,0.003,0.0001647500,true,false
call-000377,arm10_spec_eprocess,dev/f3/s3050000/late_accurate,17,google/gemma-3-27b-it,sha256:d46c419b3cce02585f83201cb499cab2515b35f49395290dd804cf4eaba9228a,det-v1,1,accepted,1615,79,0.002,0.0001647500,true,false
call-000378,arm8_spec_immediate,cal/f3/s3060000/late_accurate,15,google/gemma-3-27b-it,sha256:69d8ec37e9a5fe71d2773225632fb797888700e1ebff4393c4010d5dacf1b36e,det-v1,1,,1466,103,5407.762,0.0001636300,false,true
call-000379,arm8_spec_immediate,cal/f3/s3060000/late_accurate,15,google/gemma-3-27b-it,sha256:69d8ec37e9a5fe71d2773225632fb797888700e1ebff4393c4010d5dacf1b36e,det-v1,1,accepted,1466,103,5407.762,0.0001636300,false,false
call-000380,arm9_spec_heuristic_rollback,cal/f3/s3060000/late_accurate,15,google/gemma-3-27b-it,sha256:69d8ec37e9a5fe71d2773225632fb797888700e1ebff4393c4010d5dacf1b36e,det-v1,1,accepted,1466,103,0.003,0.0001636300,true,false
call-000381,arm10_spec_eprocess,cal/f3/s3060000/late_accurate,15,google/gemma-3-27b-it,sha256:69d8ec37e9a5fe71d2773225632fb797888700e1ebff4393c4010d5dacf1b36e,det-v1,1,accepted,1466,103,0.003,0.0001636300,true,false
call-000382,arm8_spec_immediate,dev/f3/s3050001/late_accurate,20,google/gemma-3-27b-it,sha256:30390c7974af195b0c8cd1031b89f03f0bff087cf7a5a7837579ab52409d6a17,det-v1,1,,1752,114,8874.874,0.0001914600,false,true
call-000383,arm8_spec_immediate,dev/f3/s3050001/late_accurate,20,google/gemma-3-27b-it,sha256:30390c7974af195b0c8cd1031b89f03f0bff087cf7a5a7837579ab52409d6a17,det-v1,1,accepted,1752,114,8874.874,0.0001914600,false,false
call-000384,arm9_spec_heuristic_rollback,dev/f3/s3050001/late_accurate,20,google/gemma-3-27b-it,sha256:30390c7974af195b0c8cd1031b89f03f0bff087cf7a5a7837579ab52409d6a17,det-v1,1,accepted,1752,114,0.004,0.0001914600,true,false
call-000385,arm10_spec_eprocess,dev/f3/s3050001/late_accurate,20,google/gemma-3-27b-it,sha256:30390c7974af195b0c8cd1031b89f03f0bff087cf7a5a7837579ab52409d6a17,det-v1,1,accepted,1752,114,0.005,0.0001914600,true,false
call-000386,arm8_spec_immediate,cal/f3/s3060001/late_accurate,22,google/gemma-3-27b-it,sha256:d92e75285b57f8a95700ee43d73020468c7a81b3bdf9db6a1b41865a0a1fdecd,det-v1,1,,1849,77,6499.899,0.0001825700,false,true
call-000387,arm8_spec_immediate,cal/f3/s3060001/late_accurate,22,google/gemma-3-27b-it,sha256:d92e75285b57f8a95700ee43d73020468c7a81b3bdf9db6a1b41865a0a1fdecd,det-v1,1,accepted,1849,77,6499.899,0.0001825700,false,false
call-000388,arm9_spec_heuristic_rollback,cal/f3/s3060001/late_accurate,22,google/gemma-3-27b-it,sha256:d92e75285b57f8a95700ee43d73020468c7a81b3bdf9db6a1b41865a0a1fdecd,det-v1,1,accepted,1849,77,0.003,0.0001825700,true,false
call-000389,arm10_spec_eprocess,cal/f3/s3060001/late_accurate,22,google/gemma-3-27b-it,sha256:d92e75285b57f8a95700ee43d73020468c7a81b3bdf9db6a1b41865a0a1fdecd,det-v1,1,accepted,1849,77,0.003,0.0001825700,true,false
call-000390,arm8_spec_immediate,dev/f3/s3050000/unreliable,14,google/gemma-3-27b-it,sha256:6d8d646d42d4226885f43eeacca710931343f5fcd319cfaeb5620db756ccbeb7,det-v1,1,,1465,115,3696.569,0.0001689500,false,true
call-000391,arm8_spec_immediate,dev/f3/s3050000/unreliable,14,google/gemma-3-27b-it,sha256:6d8d646d42d4226885f43eeacca710931343f5fcd319cfaeb5620db756ccbeb7,det-v1,1,accepted,1465,115,3696.569,0.0001689500,false,false
call-000392,arm9_spec_heuristic_rollback,dev/f3/s3050000/unreliable,14,google/gemma-3-27b-it,sha256:6d8d646d42d4226885f43eeacca710931343f5fcd319cfaeb5620db756ccbeb7,det-v1,1,accepted,1465,115,0.003,0.0001689500,true,false
call-000393,arm10_spec_eprocess,dev/f3/s3050000/unreliable,14,google/gemma-3-27b-it,sha256:6d8d646d42d4226885f43eeacca710931343f5fcd319cfaeb5620db756ccbeb7,det-v1,1,accepted,1465,115,0.002,0.0001689500,true,false
call-000394,arm8_spec_immediate,cal/f3/s3060000/unreliable,13,google/gemma-3-27b-it,sha256:f870b1745550464f55a3d0b262aca865c06e10f5e4ea56d2796a541dfce0bf72,det-v1,1,,1415,99,12788.132,0.0001577500,false,true
call-000395,arm8_spec_immediate,cal/f3/s3060000/unreliable,13,google/gemma-3-27b-it,sha256:f870b1745550464f55a3d0b262aca865c06e10f5e4ea56d2796a541dfce0bf72,det-v1,1,accepted,1415,99,12788.132,0.0001577500,false,false
call-000396,arm8_spec_immediate,cal/f3/s3060000/unreliable,19,google/gemma-3-27b-it,sha256:fca01865665119a0c19dfe636ae0d26597c01e5d9f6bca8f4756ef38c551eae3,det-v1,1,,1717,97,4629.319,0.0001810100,false,true
call-000397,arm8_spec_immediate,cal/f3/s3060000/unreliable,19,google/gemma-3-27b-it,sha256:fca01865665119a0c19dfe636ae0d26597c01e5d9f6bca8f4756ef38c551eae3,det-v1,1,accepted,1717,97,4629.319,0.0001810100,false,false
call-000398,arm9_spec_heuristic_rollback,cal/f3/s3060000/unreliable,13,google/gemma-3-27b-it,sha256:f870b1745550464f55a3d0b262aca865c06e10f5e4ea56d2796a541dfce0bf72,det-v1,1,accepted,1415,99,0.004,0.0001577500,true,false
call-000399,arm9_spec_heuristic_rollback,cal/f3/s3060000/unreliable,19,google/gemma-3-27b-it,sha256:fca01865665119a0c19dfe636ae0d26597c01e5d9f6bca8f4756ef38c551eae3,det-v1,1,accepted,1717,97,0.002,0.0001810100,true,false
call-000400,arm10_spec_eprocess,cal/f3/s3060000/unreliable,13,google/gemma-3-27b-it,sha256:f870b1745550464f55a3d0b262aca865c06e10f5e4ea56d2796a541dfce0bf72,det-v1,1,accepted,1415,99,0.003,0.0001577500,true,false
call-000401,arm10_spec_eprocess,cal/f3/s3060000/unreliable,19,google/gemma-3-27b-it,sha256:d41f223f29988339d1e7ba2f3ffea6758af277482fabf36cfbd1ce4fa916a4d1,det-v1,1,,1713,85,2974.851,0.0001752900,false,true
call-000402,arm10_spec_eprocess,cal/f3/s3060000/unreliable,19,google/gemma-3-27b-it,sha256:d41f223f29988339d1e7ba2f3ffea6758af277482fabf36cfbd1ce4fa916a4d1,det-v1,1,accepted,1713,85,2974.851,0.0001752900,false,false
call-000403,arm8_spec_immediate,dev/f3/s3050001/unreliable,17,google/gemma-3-27b-it,sha256:f7fff54b1975b4ec616434ba6fa685cd0d146d4ac5cc29308b8558e6ff8cee25,det-v1,1,,1595,66,2310.612,0.0001573000,false,true
call-000404,arm8_spec_immediate,dev/f3/s3050001/unreliable,17,google/gemma-3-27b-it,sha256:f7fff54b1975b4ec616434ba6fa685cd0d146d4ac5cc29308b8558e6ff8cee25,det-v1,1,accepted,1595,66,2310.612,0.0001573000,false,false
call-000405,arm9_spec_heuristic_rollback,dev/f3/s3050001/unreliable,17,google/gemma-3-27b-it,sha256:f7fff54b1975b4ec616434ba6fa685cd0d146d4ac5cc29308b8558e6ff8cee25,det-v1,1,accepted,1595,66,0.004,0.0001573000,true,false
call-000406,arm10_spec_eprocess,dev/f3/s3050001/unreliable,17,google/gemma-3-27b-it,sha256:f7fff54b1975b4ec616434ba6fa685cd0d146d4ac5cc29308b8558e6ff8cee25,det-v1,1,accepted,1595,66,0.004,0.0001573000,true,false
call-000407,arm8_spec_immediate,cal/f3/s3060001/unreliable,19,google/gemma-3-27b-it,sha256:75a8967297c05a0246fed4451ec945b3d0cc8215a371d22fd71f83ec664b8a7d,det-v1,1,,1713,145,4976.543,0.0002022900,false,true
call-000408,arm8_spec_immediate,cal/f3/s3060001/unreliable,19,google/gemma-3-27b-it,sha256:75a8967297c05a0246fed4451ec945b3d0cc8215a371d22fd71f83ec664b8a7d,det-v1,1,accepted,1713,145,4976.543,0.0002022900,false,false
call-000409,arm8_spec_immediate,cal/f3/s3060001/unreliable,25,google/gemma-3-27b-it,sha256:a70b08f1143a4ad62c74d55916befcfd06f41cb8d76e1159f8652ed27adbce16,det-v1,1,,2012,90,2791.296,0.0002014600,false,true
call-000410,arm8_spec_immediate,cal/f3/s3060001/unreliable,25,google/gemma-3-27b-it,sha256:a70b08f1143a4ad62c74d55916befcfd06f41cb8d76e1159f8652ed27adbce16,det-v1,1,accepted,2012,90,2791.296,0.0002014600,false,false
call-000411,arm9_spec_heuristic_rollback,cal/f3/s3060001/unreliable,19,google/gemma-3-27b-it,sha256:75a8967297c05a0246fed4451ec945b3d0cc8215a371d22fd71f83ec664b8a7d,det-v1,1,accepted,1713,145,0.003,0.0002022900,true,false
call-000412,arm9_spec_heuristic_rollback,cal/f3/s3060001/unreliable,25,google/gemma-3-27b-it,sha256:a70b08f1143a4ad62c74d55916befcfd06f41cb8d76e1159f8652ed27adbce16,det-v1,1,accepted,2012,90,0.002,0.0002014600,true,false
call-000413,arm10_spec_eprocess,cal/f3/s3060001/unreliable,19,google/gemma-3-27b-it,sha256:75a8967297c05a0246fed4451ec945b3d0cc8215a371d22fd71f83ec664b8a7d,det-v1,1,accepted,1713,145,0.003,0.0002022900,true,false
call-000414,arm10_spec_eprocess,cal/f3/s3060001/unreliable,25,google/gemma-3-27b-it,sha256:3ac4d00aeb37f42826af95a62c72769d3448ce78192b8925073405c2ece0d878,det-v1,1,,2010,96,3424.467,0.0002040000,false,true
call-000415,arm10_spec_eprocess,cal/f3/s3060001/unreliable,25,google/gemma-3-27b-it,sha256:3ac4d00aeb37f42826af95a62c72769d3448ce78192b8925073405c2ece0d878,det-v1,1,accepted,2010,96,3424.467,0.0002040000,false,false
call-000416,arm8_spec_immediate,dev/f4/s4050000/early_accurate,19,google/gemma-3-27b-it,sha256:53a65dd2775779e990482427df1232fbce489e3951f1c617365c47134f4d5f96,det-v1,1,,1707,70,2772.398,0.0001680600,false,true
call-000417,arm8_spec_immediate,dev/f4/s4050000/early_accurate,19,google/gemma-3-27b-it,sha256:53a65dd2775779e990482427df1232fbce489e3951f1c617365c47134f4d5f96,det-v1,1,accepted,1707,70,2772.398,0.0001680600,false,false
call-000418,arm9_spec_heuristic_rollback,dev/f4/s4050000/early_accurate,19,google/gemma-3-27b-it,sha256:53a65dd2775779e990482427df1232fbce489e3951f1c617365c47134f4d5f96,det-v1,1,accepted,1707,70,0.004,0.0001680600,true,false
call-000419,arm10_spec_eprocess,dev/f4/s4050000/early_accurate,19,google/gemma-3-27b-it,sha256:53a65dd2775779e990482427df1232fbce489e3951f1c617365c47134f4d5f96,det-v1,1,accepted,1707,70,0.003,0.0001680600,true,false
call-000420,arm8_spec_immediate,cal/f4/s4060000/early_accurate,15,google/gemma-3-27b-it,sha256:9ac6733b072984a11cd1f533b09752471f3b6fcc2cdd9646bf695972cc88db76,det-v1,1,,1512,73,3509.318,0.0001538100,false,true
call-000421,arm8_spec_immediate,cal/f4/s4060000/early_accurate,15,google/gemma-3-27b-it,sha256:9ac6733b072984a11cd1f533b09752471f3b6fcc2cdd9646bf695972cc88db76,det-v1,1,accepted,1512,73,3509.318,0.0001538100,false,false
call-000422,arm9_spec_heuristic_rollback,cal/f4/s4060000/early_accurate,15,google/gemma-3-27b-it,sha256:9ac6733b072984a11cd1f533b09752471f3b6fcc2cdd9646bf695972cc88db76,det-v1,1,accepted,1512,73,0.006,0.0001538100,true,false
call-000423,arm10_spec_eprocess,cal/f4/s4060000/early_accurate,15,google/gemma-3-27b-it,sha256:9ac6733b072984a11cd1f533b09752471f3b6fcc2cdd9646bf695972cc88db76,det-v1,1,accepted,1512,73,0.003,0.0001538100,true,false
call-000424,arm8_spec_immediate,dev/f4/s4050001/early_accurate,17,google/gemma-3-27b-it,sha256:c0c5a14bfb554e213de3424cde6a20ad2738d58f09b90ebd43e6dc597aa9ca90,det-v1,1,,1613,86,3785.350,0.0001677400,false,true
call-000425,arm8_spec_immediate,dev/f4/s4050001/early_accurate,17,google/gemma-3-27b-it,sha256:c0c5a14bfb554e213de3424cde6a20ad2738d58f09b90ebd43e6dc597aa9ca90,det-v1,1,accepted,1613,86,3785.350,0.0001677400,false,false
call-000426,arm9_spec_heuristic_rollback,dev/f4/s4050001/early_accurate,17,google/gemma-3-27b-it,sha256:c0c5a14bfb554e213de3424cde6a20ad2738d58f09b90ebd43e6dc597aa9ca90,det-v1,1,accepted,1613,86,0.004,0.0001677400,true,false
call-000427,arm10_spec_eprocess,dev/f4/s4050001/early_accurate,17,google/gemma-3-27b-it,sha256:c0c5a14bfb554e213de3424cde6a20ad2738d58f09b90ebd43e6dc597aa9ca90,det-v1,1,accepted,1613,86,0.003,0.0001677400,true,false
call-000428,arm8_spec_immediate,cal/f4/s4060001/early_accurate,15,google/gemma-3-27b-it,sha256:e0d5dc0009f0e2895d3efad45e0cfa19c960d49d6b304a7da764af1e514f5b4b,det-v1,1,,1521,73,2431.245,0.0001545300,false,true
call-000429,arm8_spec_immediate,cal/f4/s4060001/early_accurate,15,google/gemma-3-27b-it,sha256:e0d5dc0009f0e2895d3efad45e0cfa19c960d49d6b304a7da764af1e514f5b4b,det-v1,1,accepted,1521,73,2431.245,0.0001545300,false,false
call-000430,arm9_spec_heuristic_rollback,cal/f4/s4060001/early_accurate,15,google/gemma-3-27b-it,sha256:e0d5dc0009f0e2895d3efad45e0cfa19c960d49d6b304a7da764af1e514f5b4b,det-v1,1,accepted,1521,73,0.004,0.0001545300,true,false
call-000431,arm10_spec_eprocess,cal/f4/s4060001/early_accurate,15,google/gemma-3-27b-it,sha256:e0d5dc0009f0e2895d3efad45e0cfa19c960d49d6b304a7da764af1e514f5b4b,det-v1,1,accepted,1521,73,0.003,0.0001545300,true,false
call-000432,arm8_spec_immediate,dev/f4/s4050000/late_accurate,22,google/gemma-3-27b-it,sha256:143450e5507a1552b53b889106ac58c406a8f21d81835efba47d8e085fe3ff13,det-v1,1,,1849,77,2544.039,0.0001825700,false,true
call-000433,arm8_spec_immediate,dev/f4/s4050000/late_accurate,22,google/gemma-3-27b-it,sha256:143450e5507a1552b53b889106ac58c406a8f21d81835efba47d8e085fe3ff13,det-v1,1,accepted,1849,77,2544.039,0.0001825700,false,false
call-000434,arm9_spec_heuristic_rollback,dev/f4/s4050000/late_accurate,22,google/gemma-3-27b-it,sha256:143450e5507a1552b53b889106ac58c406a8f21d81835efba47d8e085fe3ff13,det-v1,1,accepted,1849,77,0.003,0.0001825700,true,false
call-000435,arm10_spec_eprocess,dev/f4/s4050000/late_accurate,22,google/gemma-3-27b-it,sha256:143450e5507a1552b53b889106ac58c406a8f21d81835efba47d8e085fe3ff13,det-v1,1,accepted,1849,77,0.002,0.0001825700,true,false
call-000436,arm8_spec_immediate,cal/f4/s4060000/late_accurate,18,google/gemma-3-27b-it,sha256:ef415ad34ba2fd32c8a46c216ba4b95f7932eb5a0a3ff30911fc8622198bb45f,det-v1,1,,1654,86,8147.653,0.0001710200,false,true
call-000437,arm8_spec_immediate,cal/f4/s4060000/late_accurate,18,google/gemma-3-27b-it,sha256:ef415ad34ba2fd32c8a46c216ba4b95f7932eb5a0a3ff30911fc8622198bb45f,det-v1,1,accepted,1654,86,8147.653,0.0001710200,false,false
call-000438,arm9_spec_heuristic_rollback,cal/f4/s4060000/late_accurate,18,google/gemma-3-27b-it,sha256:ef415ad34ba2fd32c8a46c216ba4b95f7932eb5a0a3ff30911fc8622198bb45f,det-v1,1,accepted,1654,86,0.004,0.0001710200,true,false
call-000439,arm10_spec_eprocess,cal/f4/s4060000/late_accurate,18,google/gemma-3-27b-it,sha256:ef415ad34ba2fd32c8a46c216ba4b95f7932eb5a0a3ff30911fc8622198bb45f,det-v1,1,accepted,1654,86,0.003,0.0001710200,true,false
call-000440,arm8_spec_immediate,dev/f4/s4050001/late_accurate,20,google/gemma-3-27b-it,sha256:62eb3b3be7b29ede3da7a39f20f2c517d25da3b026b17e254c54e65b3848ec63,det-v1,1,,1757,86,2941.133,0.0001792600,false,true
call-000441,arm8_spec_immediate,dev/f4/s4050001/late_accurate,20,google/gemma-3-27b-it,sha256:62eb3b3be7b29ede3da7a39f20f2c517d25da3b026b17e254c54e65b3848ec63,det-v1,1,accepted,1757,86,2941.133,0.0001792600,false,false
call-000442,arm9_spec_heuristic_rollback,dev/f4/s4050001/late_accurate,20,google/gemma-3-27b-it,sha256:62eb3b3be7b29ede3da7a39f20f2c517d25da3b026b17e254c54e65b3848ec63,det-v1,1,accepted,1757,86,0.002,0.0001792600,true,false
call-000443,arm10_spec_eprocess,dev/f4/s4050001/late_accurate,20,google/gemma-3-27b-it,sha256:62eb3b3be7b29ede3da7a39f20f2c517d25da3b026b17e254c54e65b3848ec63,det-v1,1,accepted,1757,86,0.002,0.0001792600,true,false
call-000444,arm8_spec_immediate,cal/f4/s4060001/late_accurate,18,google/gemma-3-27b-it,sha256:dc6b7d5e43436d49712ca4cdfb7b8b50eacb11f780d485c435109e350e51121f,det-v1,1,,1667,73,2485.121,0.0001662100,false,true
call-000445,arm8_spec_immediate,cal/f4/s4060001/late_accurate,18,google/gemma-3-27b-it,sha256:dc6b7d5e43436d49712ca4cdfb7b8b50eacb11f780d485c435109e350e51121f,det-v1,1,accepted,1667,73,2485.121,0.0001662100,false,false
call-000446,arm9_spec_heuristic_rollback,cal/f4/s4060001/late_accurate,18,google/gemma-3-27b-it,sha256:dc6b7d5e43436d49712ca4cdfb7b8b50eacb11f780d485c435109e350e51121f,det-v1,1,accepted,1667,73,0.002,0.0001662100,true,false
call-000447,arm10_spec_eprocess,cal/f4/s4060001/late_accurate,18,google/gemma-3-27b-it,sha256:dc6b7d5e43436d49712ca4cdfb7b8b50eacb11f780d485c435109e350e51121f,det-v1,1,accepted,1667,73,0.002,0.0001662100,true,false
call-000448,arm8_spec_immediate,dev/f4/s4050000/unreliable,19,google/gemma-3-27b-it,sha256:838a54c14074520cce0d9039db6ccc75b6d452ec91ea6a1744c7ca785890fe79,det-v1,1,,1709,88,4505.315,0.0001763200,false,true
call-000449,arm8_spec_immediate,dev/f4/s4050000/unreliable,19,google/gemma-3-27b-it,sha256:838a54c14074520cce0d9039db6ccc75b6d452ec91ea6a1744c7ca785890fe79,det-v1,1,accepted,1709,88,4505.315,0.0001763200,false,false
call-000450,arm9_spec_heuristic_rollback,dev/f4/s4050000/unreliable,19,google/gemma-3-27b-it,sha256:838a54c14074520cce0d9039db6ccc75b6d452ec91ea6a1744c7ca785890fe79,det-v1,1,accepted,1709,88,0.004,0.0001763200,true,false
call-000451,arm10_spec_eprocess,dev/f4/s4050000/unreliable,19,google/gemma-3-27b-it,sha256:838a54c14074520cce0d9039db6ccc75b6d452ec91ea6a1744c7ca785890fe79,det-v1,1,accepted,1709,88,0.003,0.0001763200,true,false
call-000452,arm8_spec_immediate,cal/f4/s4060000/unreliable,15,google/gemma-3-27b-it,sha256:4c1320fbee002d4ae10ab90ff004748232e34124c0c1f91ffe247468c2240379,det-v1,1,,1519,61,4035.483,0.0001489700,false,true
call-000453,arm8_spec_immediate,cal/f4/s4060000/unreliable,15,google/gemma-3-27b-it,sha256:4c1320fbee002d4ae10ab90ff004748232e34124c0c1f91ffe247468c2240379,det-v1,1,accepted,1519,61,4035.483,0.0001489700,false,false
call-000454,arm9_spec_heuristic_rollback,cal/f4/s4060000/unreliable,15,google/gemma-3-27b-it,sha256:4c1320fbee002d4ae10ab90ff004748232e34124c0c1f91ffe247468c2240379,det-v1,1,accepted,1519,61,0.002,0.0001489700,true,false
call-000455,arm10_spec_eprocess,cal/f4/s4060000/unreliable,15,google/gemma-3-27b-it,sha256:4c1320fbee002d4ae10ab90ff004748232e34124c0c1f91ffe247468c2240379,det-v1,1,accepted,1519,61,0.002,0.0001489700,true,false
call-000456,arm8_spec_immediate,dev/f4/s4050001/unreliable,17,google/gemma-3-27b-it,sha256:4f176c1e518f435ce32632728bf581300fea2510e073bce1cb561b7449854577,det-v1,1,,1601,91,3732.133,0.0001690300,false,true
call-000457,arm8_spec_immediate,dev/f4/s4050001/unreliable,17,google/gemma-3-27b-it,sha256:4f176c1e518f435ce32632728bf581300fea2510e073bce1cb561b7449854577,det-v1,1,accepted,1601,91,3732.133,0.0001690300,false,false
call-000458,arm9_spec_heuristic_rollback,dev/f4/s4050001/unreliable,17,google/gemma-3-27b-it,sha256:4f176c1e518f435ce32632728bf581300fea2510e073bce1cb561b7449854577,det-v1,1,accepted,1601,91,0.003,0.0001690300,true,false
call-000459,arm10_spec_eprocess,dev/f4/s4050001/unreliable,17,google/gemma-3-27b-it,sha256:4f176c1e518f435ce32632728bf581300fea2510e073bce1cb561b7449854577,det-v1,1,accepted,1601,91,0.003,0.0001690300,true,false
call-000460,arm8_spec_immediate,cal/f4/s4060001/unreliable,15,google/gemma-3-27b-it,sha256:fa9c82e7b3d4221e7aae1e8dcac4cbfffd1710010906f451767150a408f98945,det-v1,1,,1520,91,3399.883,0.0001625500,false,true
call-000461,arm8_spec_immediate,cal/f4/s4060001/unreliable,15,google/gemma-3-27b-it,sha256:fa9c82e7b3d4221e7aae1e8dcac4cbfffd1710010906f451767150a408f98945,det-v1,1,accepted,1520,91,3399.883,0.0001625500,false,false
call-000462,arm9_spec_heuristic_rollback,cal/f4/s4060001/unreliable,15,google/gemma-3-27b-it,sha256:fa9c82e7b3d4221e7aae1e8dcac4cbfffd1710010906f451767150a408f98945,det-v1,1,accepted,1520,91,0.003,0.0001625500,true,false
call-000463,arm10_spec_eprocess,cal/f4/s4060001/unreliable,15,google/gemma-3-27b-it,sha256:fa9c82e7b3d4221e7aae1e8dcac4cbfffd1710010906f451767150a408f98945,det-v1,1,accepted,1520,91,0.003,0.0001625500,true,false
call-000464,arm8_spec_immediate,dev/f5/s5050000/early_accurate,20,google/gemma-3-27b-it,sha256:26ec3ec2bfa41b7b36333cd314ae36473853875aefa8f046c3b15c37d9b01d0f,det-v1,1,,1752,71,7590.629,0.0001721100,false,true
call-000465,arm8_spec_immediate,dev/f5/s5050000/early_accurate,20,google/gemma-3-27b-it,sha256:26ec3ec2bfa41b7b36333cd314ae36473853875aefa8f046c3b15c37d9b01d0f,det-v1,1,accepted,1752,71,7590.629,0.0001721100,false,false
call-000466,arm9_spec_heuristic_rollback,dev/f5/s5050000/early_accurate,20,google/gemma-3-27b-it,sha256:26ec3ec2bfa41b7b36333cd314ae36473853875aefa8f046c3b15c37d9b01d0f,det-v1,1,accepted,1752,71,0.002,0.0001721100,true,false
call-000467,arm10_spec_eprocess,dev/f5/s5050000/early_accurate,20,google/gemma-3-27b-it,sha256:26ec3ec2bfa41b7b36333cd314ae36473853875aefa8f046c3b15c37d9b01d0f,det-v1,1,accepted,1752,71,0.002,0.0001721100,true,false
call-000468,arm8_spec_immediate,cal/f5/s5060000/early_accurate,18,google/gemma-3-27b-it,sha256:ab589ba398c35a40f7f4c023896addb429f8903823f99e205ff7d7278e6eb97a,det-v1,1,,1659,86,5437.058,0.0001714200,false,true
call-000469,arm8_spec_immediate,cal/f5/s5060000/early_accurate,18,google/gemma-3-27b-it,sha256:ab589ba398c35a40f7f4c023896addb429f8903823f99e205ff7d7278e6eb97a,det-v1,1,accepted,1659,86,5437.058,0.0001714200,false,false
call-000470,arm9_spec_heuristic_rollback,cal/f5/s5060000/early_accurate,18,google/gemma-3-27b-it,sha256:ab589ba398c35a40f7f4c023896addb429f8903823f99e205ff7d7278e6eb97a,det-v1,1,accepted,1659,86,0.003,0.0001714200,true,false
call-000471,arm10_spec_eprocess,cal/f5/s5060000/early_accurate,18,google/gemma-3-27b-it,sha256:ab589ba398c35a40f7f4c023896addb429f8903823f99e205ff7d7278e6eb97a,det-v1,1,accepted,1659,86,0.003,0.0001714200,true,false
call-000472,arm8_spec_immediate,dev/f5/s5050001/early_accurate,15,google/gemma-3-27b-it,sha256:69a6e9d6320384dab6f26434817360e7ddea87f11ada32593712090983b2956b,det-v1,1,,1508,78,3041.962,0.0001557400,false,true
call-000473,arm8_spec_immediate,dev/f5/s5050001/early_accurate,15,google/gemma-3-27b-it,sha256:69a6e9d6320384dab6f26434817360e7ddea87f11ada32593712090983b2956b,det-v1,1,accepted,1508,78,3041.962,0.0001557400,false,false
call-000474,arm9_spec_heuristic_rollback,dev/f5/s5050001/early_accurate,15,google/gemma-3-27b-it,sha256:69a6e9d6320384dab6f26434817360e7ddea87f11ada32593712090983b2956b,det-v1,1,accepted,1508,78,0.002,0.0001557400,true,false
call-000475,arm10_spec_eprocess,dev/f5/s5050001/early_accurate,15,google/gemma-3-27b-it,sha256:69a6e9d6320384dab6f26434817360e7ddea87f11ada32593712090983b2956b,det-v1,1,accepted,1508,78,0.002,0.0001557400,true,false
call-000476,arm8_spec_immediate,cal/f5/s5060001/early_accurate,21,google/gemma-3-27b-it,sha256:5b4c1d1b9aa323c4ce1a17052e46a53a074d2b8570a8deecde299bcad7e5e3b1,det-v1,1,,1808,78,2952.631,0.0001797400,false,true
call-000477,arm8_spec_immediate,cal/f5/s5060001/early_accurate,21,google/gemma-3-27b-it,sha256:5b4c1d1b9aa323c4ce1a17052e46a53a074d2b8570a8deecde299bcad7e5e3b1,det-v1,1,accepted,1808,78,2952.631,0.0001797400,false,false
call-000478,arm9_spec_heuristic_rollback,cal/f5/s5060001/early_accurate,21,google/gemma-3-27b-it,sha256:5b4c1d1b9aa323c4ce1a17052e46a53a074d2b8570a8deecde299bcad7e5e3b1,det-v1,1,accepted,1808,78,0.002,0.0001797400,true,false
call-000479,arm10_spec_eprocess,cal/f5/s5060001/early_accurate,21,google/gemma-3-27b-it,sha256:5b4c1d1b9aa323c4ce1a17052e46a53a074d2b8570a8deecde299bcad7e5e3b1,det-v1,1,accepted,1808,78,0.001,0.0001797400,true,false
call-000480,arm8_spec_immediate,dev/f5/s5050000/late_accurate,23,google/gemma-3-27b-it,sha256:fdf10bec655d7af61d42e70c0b909c2268a4beaeba76ba83057bc04d656899d3,det-v1,1,,1895,205,12098.804,0.0002438500,false,true
call-000481,arm8_spec_immediate,dev/f5/s5050000/late_accurate,23,google/gemma-3-27b-it,sha256:fdf10bec655d7af61d42e70c0b909c2268a4beaeba76ba83057bc04d656899d3,det-v1,1,accepted,1895,205,12098.804,0.0002438500,false,false
call-000482,arm9_spec_heuristic_rollback,dev/f5/s5050000/late_accurate,23,google/gemma-3-27b-it,sha256:fdf10bec655d7af61d42e70c0b909c2268a4beaeba76ba83057bc04d656899d3,det-v1,1,accepted,1895,205,0.004,0.0002438500,true,false
call-000483,arm10_spec_eprocess,dev/f5/s5050000/late_accurate,23,google/gemma-3-27b-it,sha256:fdf10bec655d7af61d42e70c0b909c2268a4beaeba76ba83057bc04d656899d3,det-v1,1,accepted,1895,205,0.003,0.0002438500,true,false
call-000484,arm8_spec_immediate,cal/f5/s5060000/late_accurate,21,google/gemma-3-27b-it,sha256:98bdb58930040ac4d514804764ecf3ce1ad511783659cd3c545dd3fe966eee25,det-v1,1,,1802,78,2766.767,0.0001792600,false,true
call-000485,arm8_spec_immediate,cal/f5/s5060000/late_accurate,21,google/gemma-3-27b-it,sha256:98bdb58930040ac4d514804764ecf3ce1ad511783659cd3c545dd3fe966eee25,det-v1,1,accepted,1802,78,2766.767,0.0001792600,false,false
call-000486,arm9_spec_heuristic_rollback,cal/f5/s5060000/late_accurate,21,google/gemma-3-27b-it,sha256:98bdb58930040ac4d514804764ecf3ce1ad511783659cd3c545dd3fe966eee25,det-v1,1,accepted,1802,78,0.002,0.0001792600,true,false
call-000487,arm10_spec_eprocess,cal/f5/s5060000/late_accurate,21,google/gemma-3-27b-it,sha256:98bdb58930040ac4d514804764ecf3ce1ad511783659cd3c545dd3fe966eee25,det-v1,1,accepted,1802,78,0.002,0.0001792600,true,false
call-000488,arm8_spec_immediate,dev/f5/s5050001/late_accurate,18,google/gemma-3-27b-it,sha256:0368c6f0691ca8f85d4bef3782589ae0ca26738e975f808c35c74f8e1d8730fe,det-v1,1,,1648,81,6405.465,0.0001682900,false,true
call-000489,arm8_spec_immediate,dev/f5/s5050001/late_accurate,18,google/gemma-3-27b-it,sha256:0368c6f0691ca8f85d4bef3782589ae0ca26738e975f808c35c74f8e1d8730fe,det-v1,1,accepted,1648,81,6405.465,0.0001682900,false,false
call-000490,arm9_spec_heuristic_rollback,dev/f5/s5050001/late_accurate,18,google/gemma-3-27b-it,sha256:0368c6f0691ca8f85d4bef3782589ae0ca26738e975f808c35c74f8e1d8730fe,det-v1,1,accepted,1648,81,0.002,0.0001682900,true,false
call-000491,arm10_spec_eprocess,dev/f5/s5050001/late_accurate,18,google/gemma-3-27b-it,sha256:0368c6f0691ca8f85d4bef3782589ae0ca26738e975f808c35c74f8e1d8730fe,det-v1,1,accepted,1648,81,0.002,0.0001682900,true,false
call-000492,arm8_spec_immediate,cal/f5/s5060001/late_accurate,24,google/gemma-3-27b-it,sha256:cbbe862106a580d5b00cabf320205f27b0a7e00777fac9bed8001bb58dd5d961,det-v1,1,,1952,73,2555.366,0.0001890100,false,true
call-000493,arm8_spec_immediate,cal/f5/s5060001/late_accurate,24,google/gemma-3-27b-it,sha256:cbbe862106a580d5b00cabf320205f27b0a7e00777fac9bed8001bb58dd5d961,det-v1,1,accepted,1952,73,2555.366,0.0001890100,false,false
call-000494,arm9_spec_heuristic_rollback,cal/f5/s5060001/late_accurate,24,google/gemma-3-27b-it,sha256:cbbe862106a580d5b00cabf320205f27b0a7e00777fac9bed8001bb58dd5d961,det-v1,1,accepted,1952,73,0.002,0.0001890100,true,false
call-000495,arm10_spec_eprocess,cal/f5/s5060001/late_accurate,24,google/gemma-3-27b-it,sha256:cbbe862106a580d5b00cabf320205f27b0a7e00777fac9bed8001bb58dd5d961,det-v1,1,accepted,1952,73,0.002,0.0001890100,true,false
call-000496,arm8_spec_immediate,dev/f5/s5050000/unreliable,20,google/gemma-3-27b-it,sha256:72b307bb63b5cffc79937988db55ca973e617790d690f0667e8ccb85392c2d1b,det-v1,1,,1745,73,4959.409,0.0001724500,false,true
call-000497,arm8_spec_immediate,dev/f5/s5050000/unreliable,20,google/gemma-3-27b-it,sha256:72b307bb63b5cffc79937988db55ca973e617790d690f0667e8ccb85392c2d1b,det-v1,1,accepted,1745,73,4959.409,0.0001724500,false,false
call-000498,arm9_spec_heuristic_rollback,dev/f5/s5050000/unreliable,20,google/gemma-3-27b-it,sha256:72b307bb63b5cffc79937988db55ca973e617790d690f0667e8ccb85392c2d1b,det-v1,1,accepted,1745,73,0.002,0.0001724500,true,false
call-000499,arm10_spec_eprocess,dev/f5/s5050000/unreliable,20,google/gemma-3-27b-it,sha256:72b307bb63b5cffc79937988db55ca973e617790d690f0667e8ccb85392c2d1b,det-v1,1,accepted,1745,73,0.001,0.0001724500,true,false
call-000500,arm8_spec_immediate,cal/f5/s5060000/unreliable,18,google/gemma-3-27b-it,sha256:00fd2b3fb6474dde34cbf3b71055b67a0f02d397c51fde1943bafbf3a6a05783,det-v1,1,,1665,66,3026.418,0.0001629000,false,true
call-000501,arm8_spec_immediate,cal/f5/s5060000/unreliable,18,google/gemma-3-27b-it,sha256:00fd2b3fb6474dde34cbf3b71055b67a0f02d397c51fde1943bafbf3a6a05783,det-v1,1,accepted,1665,66,3026.418,0.0001629000,false,false
call-000502,arm9_spec_heuristic_rollback,cal/f5/s5060000/unreliable,18,google/gemma-3-27b-it,sha256:00fd2b3fb6474dde34cbf3b71055b67a0f02d397c51fde1943bafbf3a6a05783,det-v1,1,accepted,1665,66,0.002,0.0001629000,true,false
call-000503,arm10_spec_eprocess,cal/f5/s5060000/unreliable,18,google/gemma-3-27b-it,sha256:00fd2b3fb6474dde34cbf3b71055b67a0f02d397c51fde1943bafbf3a6a05783,det-v1,1,accepted,1665,66,0.002,0.0001629000,true,false
call-000504,arm8_spec_immediate,dev/f5/s5050001/unreliable,15,google/gemma-3-27b-it,sha256:d7e8b5881247d4a49edc2395350c929182b8796b31b46514e8a930abb6de8566,det-v1,1,,1497,61,4612.541,0.0001472100,false,true
call-000505,arm8_spec_immediate,dev/f5/s5050001/unreliable,15,google/gemma-3-27b-it,sha256:d7e8b5881247d4a49edc2395350c929182b8796b31b46514e8a930abb6de8566,det-v1,1,accepted,1497,61,4612.541,0.0001472100,false,false
call-000506,arm9_spec_heuristic_rollback,dev/f5/s5050001/unreliable,15,google/gemma-3-27b-it,sha256:d7e8b5881247d4a49edc2395350c929182b8796b31b46514e8a930abb6de8566,det-v1,1,accepted,1497,61,0.002,0.0001472100,true,false
call-000507,arm10_spec_eprocess,dev/f5/s5050001/unreliable,15,google/gemma-3-27b-it,sha256:d7e8b5881247d4a49edc2395350c929182b8796b31b46514e8a930abb6de8566,det-v1,1,accepted,1497,61,0.002,0.0001472100,true,false
call-000508,arm8_spec_immediate,cal/f5/s5060001/unreliable,21,google/gemma-3-27b-it,sha256:423dabeaa6f8ecfb40e6d937c4b7b777b417c332817501f406f60caaa5baf3d5,det-v1,1,,1817,94,6223.631,0.0001876600,false,true
call-000509,arm8_spec_immediate,cal/f5/s5060001/unreliable,21,google/gemma-3-27b-it,sha256:423dabeaa6f8ecfb40e6d937c4b7b777b417c332817501f406f60caaa5baf3d5,det-v1,1,accepted,1817,94,6223.631,0.0001876600,false,false
call-000510,arm9_spec_heuristic_rollback,cal/f5/s5060001/unreliable,21,google/gemma-3-27b-it,sha256:423dabeaa6f8ecfb40e6d937c4b7b777b417c332817501f406f60caaa5baf3d5,det-v1,1,accepted,1817,94,0.004,0.0001876600,true,false
call-000511,arm10_spec_eprocess,cal/f5/s5060001/unreliable,21,google/gemma-3-27b-it,sha256:423dabeaa6f8ecfb40e6d937c4b7b777b417c332817501f406f60caaa5baf3d5,det-v1,1,accepted,1817,94,0.003,0.0001876600,true,false
call-000512,arm8_spec_immediate,dev/f6/s6050000/no_alert,22,google/gemma-3-27b-it,sha256:731454a243ace4a34ad5a7004b1b37bc96e1d731c0be2d9b19f89624e958c606,det-v1,1,,1816,66,5160.368,0.0001749800,false,true
call-000513,arm8_spec_immediate,dev/f6/s6050000/no_alert,22,google/gemma-3-27b-it,sha256:731454a243ace4a34ad5a7004b1b37bc96e1d731c0be2d9b19f89624e958c606,det-v1,1,accepted,1816,66,5160.368,0.0001749800,false,false
call-000514,arm9_spec_heuristic_rollback,dev/f6/s6050000/no_alert,22,google/gemma-3-27b-it,sha256:731454a243ace4a34ad5a7004b1b37bc96e1d731c0be2d9b19f89624e958c606,det-v1,1,accepted,1816,66,0.002,0.0001749800,true,false
call-000515,arm10_spec_eprocess,dev/f6/s6050000/no_alert,22,google/gemma-3-27b-it,sha256:731454a243ace4a34ad5a7004b1b37bc96e1d731c0be2d9b19f89624e958c606,det-v1,1,accepted,1816,66,0.002,0.0001749800,true,false
call-000516,arm8_spec_immediate,cal/f6/s6060000/no_alert,18,google/gemma-3-27b-it,sha256:1b8fec434a10f1b0eded0d87957b24d9c7b46bfc053ab8d79759e754fe17901a,det-v1,1,,1608,86,2953.591,0.0001673400,false,true
call-000517,arm8_spec_immediate,cal/f6/s6060000/no_alert,18,google/gemma-3-27b-it,sha256:1b8fec434a10f1b0eded0d87957b24d9c7b46bfc053ab8d79759e754fe17901a,det-v1,1,accepted,1608,86,2953.591,0.0001673400,false,false
call-000518,arm9_spec_heuristic_rollback,cal/f6/s6060000/no_alert,18,google/gemma-3-27b-it,sha256:1b8fec434a10f1b0eded0d87957b24d9c7b46bfc053ab8d79759e754fe17901a,det-v1,1,accepted,1608,86,0.002,0.0001673400,true,false
call-000519,arm10_spec_eprocess,cal/f6/s6060000/no_alert,18,google/gemma-3-27b-it,sha256:1b8fec434a10f1b0eded0d87957b24d9c7b46bfc053ab8d79759e754fe17901a,det-v1,1,accepted,1608,86,0.002,0.0001673400,true,false
call-000520,arm8_spec_immediate,dev/f6/s6050001/no_alert,25,google/gemma-3-27b-it,sha256:494547837947a6778009cbbb61d89dfb2e333e2fbf7f37ae605bbda339f929ff,det-v1,1,,1934,86,3835.063,0.0001934200,false,true
call-000521,arm8_spec_immediate,dev/f6/s6050001/no_alert,25,google/gemma-3-27b-it,sha256:494547837947a6778009cbbb61d89dfb2e333e2fbf7f37ae605bbda339f929ff,det-v1,1,accepted,1934,86,3835.063,0.0001934200,false,false
call-000522,arm9_spec_heuristic_rollback,dev/f6/s6050001/no_alert,25,google/gemma-3-27b-it,sha256:494547837947a6778009cbbb61d89dfb2e333e2fbf7f37ae605bbda339f929ff,det-v1,1,accepted,1934,86,0.003,0.0001934200,true,false
call-000523,arm10_spec_eprocess,dev/f6/s6050001/no_alert,25,google/gemma-3-27b-it,sha256:494547837947a6778009cbbb61d89dfb2e333e2fbf7f37ae605bbda339f929ff,det-v1,1,accepted,1934,86,0.003,0.0001934200,true,false
call-000524,arm8_spec_immediate,cal/f6/s6060001/no_alert,23,google/gemma-3-27b-it,sha256:6137d2103cbc2ff3708151d8b0e17b47f691909047f998db5f23063b62aab75b,det-v1,1,,1843,103,3842.163,0.0001937900,false,true
call-000525,arm8_spec_immediate,cal/f6/s6060001/no_alert,23,google/gemma-3-27b-it,sha256:6137d2103cbc2ff3708151d8b0e17b47f691909047f998db5f23063b62aab75b,det-v1,1,accepted,1843,103,3842.163,0.0001937900,false,false
call-000526,arm9_spec_heuristic_rollback,cal/f6/s6060001/no_alert,23,google/gemma-3-27b-it,sha256:6137d2103cbc2ff3708151d8b0e17b47f691909047f998db5f23063b62aab75b,det-v1,1,accepted,1843,103,0.002,0.0001937900,true,false
call-000527,arm10_spec_eprocess,cal/f6/s6060001/no_alert,23,google/gemma-3-27b-it,sha256:6137d2103cbc2ff3708151d8b0e17b47f691909047f998db5f23063b62aab75b,det-v1,1,accepted,1843,103,0.002,0.0001937900,true,false
call-000528,arm8_spec_immediate,dev/f6/s6050000/early_accurate,18,google/gemma-3-27b-it,sha256:c07abc09d7158b7b4a194aea0c02ea3c2d338292ce3f92d530b13ec694c0e78c,det-v1,1,,1666,83,3307.261,0.0001706300,false,true
call-000529,arm8_spec_immediate,dev/f6/s6050000/early_accurate,18,google/gemma-3-27b-it,sha256:c07abc09d7158b7b4a194aea0c02ea3c2d338292ce3f92d530b13ec694c0e78c,det-v1,1,accepted,1666,83,3307.261,0.0001706300,false,false
call-000530,arm9_spec_heuristic_rollback,dev/f6/s6050000/early_accurate,18,google/gemma-3-27b-it,sha256:c07abc09d7158b7b4a194aea0c02ea3c2d338292ce3f92d530b13ec694c0e78c,det-v1,1,accepted,1666,83,0.002,0.0001706300,true,false
call-000531,arm10_spec_eprocess,dev/f6/s6050000/early_accurate,18,google/gemma-3-27b-it,sha256:c07abc09d7158b7b4a194aea0c02ea3c2d338292ce3f92d530b13ec694c0e78c,det-v1,1,accepted,1666,83,0.002,0.0001706300,true,false
call-000532,arm8_spec_immediate,cal/f6/s6060000/early_accurate,13,google/gemma-3-27b-it,sha256:10fcccd83faeca7a83765de506db7ea6de8d80a8dbf2f08208b103f5e2f848e6,det-v1,1,,1417,111,4062.524,0.0001633100,false,true
call-000533,arm8_spec_immediate,cal/f6/s6060000/early_accurate,13,google/gemma-3-27b-it,sha256:10fcccd83faeca7a83765de506db7ea6de8d80a8dbf2f08208b103f5e2f848e6,det-v1,1,accepted,1417,111,4062.524,0.0001633100,false,false
call-000534,arm8_spec_immediate,cal/f6/s6060000/early_accurate,19,google/gemma-3-27b-it,sha256:2b9403ce0ab4fd2e2a1397e369cd32fcdcada269f3da8a48c1f72e7b965d155d,det-v1,1,,1705,103,3377.079,0.0001827500,false,true
call-000535,arm8_spec_immediate,cal/f6/s6060000/early_accurate,19,google/gemma-3-27b-it,sha256:2b9403ce0ab4fd2e2a1397e369cd32fcdcada269f3da8a48c1f72e7b965d155d,det-v1,1,accepted,1705,103,3377.079,0.0001827500,false,false
call-000536,arm9_spec_heuristic_rollback,cal/f6/s6060000/early_accurate,13,google/gemma-3-27b-it,sha256:10fcccd83faeca7a83765de506db7ea6de8d80a8dbf2f08208b103f5e2f848e6,det-v1,1,accepted,1417,111,0.003,0.0001633100,true,false
call-000537,arm9_spec_heuristic_rollback,cal/f6/s6060000/early_accurate,19,google/gemma-3-27b-it,sha256:2b9403ce0ab4fd2e2a1397e369cd32fcdcada269f3da8a48c1f72e7b965d155d,det-v1,1,accepted,1705,103,0.003,0.0001827500,true,false
call-000538,arm10_spec_eprocess,cal/f6/s6060000/early_accurate,13,google/gemma-3-27b-it,sha256:10fcccd83faeca7a83765de506db7ea6de8d80a8dbf2f08208b103f5e2f848e6,det-v1,1,accepted,1417,111,0.003,0.0001633100,true,false
call-000539,arm10_spec_eprocess,cal/f6/s6060000/early_accurate,19,google/gemma-3-27b-it,sha256:838cfdcfc229600d1d040f62f968f15a93aac6b2d6af0e64c350f600fbca97c7,det-v1,1,,1703,103,4248.762,0.0001825900,false,true
call-000540,arm10_spec_eprocess,cal/f6/s6060000/early_accurate,19,google/gemma-3-27b-it,sha256:838cfdcfc229600d1d040f62f968f15a93aac6b2d6af0e64c350f600fbca97c7,det-v1,1,accepted,1703,103,4248.762,0.0001825900,false,false
call-000541,arm8_spec_immediate,dev/f6/s6050001/early_accurate,19,google/gemma-3-27b-it,sha256:ce58c81aff19f354c73920c059cb7e43715ea7e6c9ec4b2293d58a73d5b7eea4,det-v1,1,,1693,123,3898.951,0.0001907900,false,true
call-000542,arm8_spec_immediate,dev/f6/s6050001/early_accurate,19,google/gemma-3-27b-it,sha256:ce58c81aff19f354c73920c059cb7e43715ea7e6c9ec4b2293d58a73d5b7eea4,det-v1,1,accepted,1693,123,3898.951,0.0001907900,false,false
call-000543,arm8_spec_immediate,dev/f6/s6050001/early_accurate,25,google/gemma-3-27b-it,sha256:746da5c9ef1628634115899e2e72844ae1e4fe6c5c444873bdef548b370de4e6,det-v1,1,,1975,96,3996.324,0.0002012000,false,true
call-000544,arm8_spec_immediate,dev/f6/s6050001/early_accurate,25,google/gemma-3-27b-it,sha256:746da5c9ef1628634115899e2e72844ae1e4fe6c5c444873bdef548b370de4e6,det-v1,1,accepted,1975,96,3996.324,0.0002012000,false,false
call-000545,arm9_spec_heuristic_rollback,dev/f6/s6050001/early_accurate,19,google/gemma-3-27b-it,sha256:ce58c81aff19f354c73920c059cb7e43715ea7e6c9ec4b2293d58a73d5b7eea4,det-v1,1,accepted,1693,123,0.004,0.0001907900,true,false
call-000546,arm9_spec_heuristic_rollback,dev/f6/s6050001/early_accurate,25,google/gemma-3-27b-it,sha256:746da5c9ef1628634115899e2e72844ae1e4fe6c5c444873bdef548b370de4e6,det-v1,1,accepted,1975,96,0.003,0.0002012000,true,false
call-000547,arm10_spec_eprocess,dev/f6/s6050001/early_accurate,19,google/gemma-3-27b-it,sha256:ce58c81aff19f354c73920c059cb7e43715ea7e6c9ec4b2293d58a73d5b7eea4,det-v1,1,accepted,1693,123,0.003,0.0001907900,true,false
call-000548,arm10_spec_eprocess,dev/f6/s6050001/early_accurate,25,google/gemma-3-27b-it,sha256:c82039e504767ac37dab866abe0155430a6dd2b028cc6e16d6dd04a9de441316,det-v1,1,,1972,96,3190.357,0.0002009600,false,true
call-000549,arm10_spec_eprocess,dev/f6/s6050001/early_accurate,25,google/gemma-3-27b-it,sha256:c82039e504767ac37dab866abe0155430a6dd2b028cc6e16d6dd04a9de441316,det-v1,1,accepted,1972,96,3190.357,0.0002009600,false,false
call-000550,arm8_spec_immediate,cal/f6/s6060001/early_accurate,17,google/gemma-3-27b-it,sha256:cfbd44807426168aac31637096fc644e05d6f7039497bccf24762920efc5cf5e,det-v1,1,,1605,116,3938.600,0.0001806000,false,true
call-000551,arm8_spec_immediate,cal/f6/s6060001/early_accurate,17,google/gemma-3-27b-it,sha256:cfbd44807426168aac31637096fc644e05d6f7039497bccf24762920efc5cf5e,det-v1,1,accepted,1605,116,3938.600,0.0001806000,false,false
call-000552,arm8_spec_immediate,cal/f6/s6060001/early_accurate,23,google/gemma-3-27b-it,sha256:e70bfe9af6b7aac564a92b389e9fa5cbfaf00bb38212c855514f4e2ccfa22340,det-v1,1,,1889,103,3712.763,0.0001974700,false,true
call-000553,arm8_spec_immediate,cal/f6/s6060001/early_accurate,23,google/gemma-3-27b-it,sha256:e70bfe9af6b7aac564a92b389e9fa5cbfaf00bb38212c855514f4e2ccfa22340,det-v1,1,accepted,1889,103,3712.763,0.0001974700,false,false
call-000554,arm9_spec_heuristic_rollback,cal/f6/s6060001/early_accurate,17,google/gemma-3-27b-it,sha256:cfbd44807426168aac31637096fc644e05d6f7039497bccf24762920efc5cf5e,det-v1,1,accepted,1605,116,0.004,0.0001806000,true,false
call-000555,arm9_spec_heuristic_rollback,cal/f6/s6060001/early_accurate,23,google/gemma-3-27b-it,sha256:e70bfe9af6b7aac564a92b389e9fa5cbfaf00bb38212c855514f4e2ccfa22340,det-v1,1,accepted,1889,103,0.003,0.0001974700,true,false
call-000556,arm10_spec_eprocess,cal/f6/s6060001/early_accurate,17,google/gemma-3-27b-it,sha256:cfbd44807426168aac31637096fc644e05d6f7039497bccf24762920efc5cf5e,det-v1,1,accepted,1605,116,0.003,0.0001806000,true,false
call-000557,arm10_spec_eprocess,cal/f6/s6060001/early_accurate,23,google/gemma-3-27b-it,sha256:7cb291edafaee57e9d93e721c25881383fe7fa3d2d745d42ff0dead9203aa746,det-v1,1,,1887,102,3092.951,0.0001968600,false,true
call-000558,arm10_spec_eprocess,cal/f6/s6060001/early_accurate,23,google/gemma-3-27b-it,sha256:7cb291edafaee57e9d93e721c25881383fe7fa3d2d745d42ff0dead9203aa746,det-v1,1,accepted,1887,102,3092.951,0.0001968600,false,false
call-000559,arm8_spec_immediate,dev/f6/s6050000/late_accurate,21,google/gemma-3-27b-it,sha256:b1759545de4c13f8a4fcff920c211fdd4230d6db7b00d1f6963a0441a09ff8c0,det-v1,1,,1814,103,6272.290,0.0001914700,false,true
call-000560,arm8_spec_immediate,dev/f6/s6050000/late_accurate,21,google/gemma-3-27b-it,sha256:b1759545de4c13f8a4fcff920c211fdd4230d6db7b00d1f6963a0441a09ff8c0,det-v1,1,accepted,1814,103,6272.290,0.0001914700,false,false
call-000561,arm9_spec_heuristic_rollback,dev/f6/s6050000/late_accurate,21,google/gemma-3-27b-it,sha256:b1759545de4c13f8a4fcff920c211fdd4230d6db7b00d1f6963a0441a09ff8c0,det-v1,1,accepted,1814,103,0.003,0.0001914700,true,false
call-000562,arm10_spec_eprocess,dev/f6/s6050000/late_accurate,21,google/gemma-3-27b-it,sha256:b1759545de4c13f8a4fcff920c211fdd4230d6db7b00d1f6963a0441a09ff8c0,det-v1,1,accepted,1814,103,0.002,0.0001914700,true,false
call-000563,arm8_spec_immediate,cal/f6/s6060000/late_accurate,16,google/gemma-3-27b-it,sha256:397bde099a7932341923f5e22d51c6022693fcb5a1bf3140d1aa4e0c6826276a,det-v1,1,,1561,85,4558.981,0.0001631300,false,true
call-000564,arm8_spec_immediate,cal/f6/s6060000/late_accurate,16,google/gemma-3-27b-it,sha256:397bde099a7932341923f5e22d51c6022693fcb5a1bf3140d1aa4e0c6826276a,det-v1,1,accepted,1561,85,4558.981,0.0001631300,false,false
call-000565,arm9_spec_heuristic_rollback,cal/f6/s6060000/late_accurate,16,google/gemma-3-27b-it,sha256:397bde099a7932341923f5e22d51c6022693fcb5a1bf3140d1aa4e0c6826276a,det-v1,1,accepted,1561,85,0.002,0.0001631300,true,false
call-000566,arm10_spec_eprocess,cal/f6/s6060000/late_accurate,16,google/gemma-3-27b-it,sha256:397bde099a7932341923f5e22d51c6022693fcb5a1bf3140d1aa4e0c6826276a,det-v1,1,accepted,1561,85,0.002,0.0001631300,true,false
call-000567,arm8_spec_immediate,dev/f6/s6050001/late_accurate,22,google/gemma-3-27b-it,sha256:fad8c55b25834b1e28cd4187133d6aa64d911058a4460a9f69157fb770f75654,det-v1,1,,1831,123,7323.233,0.0002018300,false,true
call-000568,arm8_spec_immediate,dev/f6/s6050001/late_accurate,22,google/gemma-3-27b-it,sha256:fad8c55b25834b1e28cd4187133d6aa64d911058a4460a9f69157fb770f75654,det-v1,1,accepted,1831,123,7323.233,0.0002018300,false,false
call-000569,arm8_spec_immediate,dev/f6/s6050001/late_accurate,28,google/gemma-3-27b-it,sha256:0385ac529a45bd8c63c7e63e53b47d2eb356cfd4c6c44bbc996235b603af38f1,det-v1,1,,2121,96,4372.341,0.0002128800,false,true
call-000570,arm8_spec_immediate,dev/f6/s6050001/late_accurate,28,google/gemma-3-27b-it,sha256:0385ac529a45bd8c63c7e63e53b47d2eb356cfd4c6c44bbc996235b603af38f1,det-v1,1,accepted,2121,96,4372.341,0.0002128800,false,false
call-000571,arm9_spec_heuristic_rollback,dev/f6/s6050001/late_accurate,22,google/gemma-3-27b-it,sha256:fad8c55b25834b1e28cd4187133d6aa64d911058a4460a9f69157fb770f75654,det-v1,1,accepted,1831,123,0.004,0.0002018300,true,false
call-000572,arm9_spec_heuristic_rollback,dev/f6/s6050001/late_accurate,28,google/gemma-3-27b-it,sha256:0385ac529a45bd8c63c7e63e53b47d2eb356cfd4c6c44bbc996235b603af38f1,det-v1,1,accepted,2121,96,0.003,0.0002128800,true,false
call-000573,arm10_spec_eprocess,dev/f6/s6050001/late_accurate,22,google/gemma-3-27b-it,sha256:fad8c55b25834b1e28cd4187133d6aa64d911058a4460a9f69157fb770f75654,det-v1,1,accepted,1831,123,0.003,0.0002018300,true,false
call-000574,arm10_spec_eprocess,dev/f6/s6050001/late_accurate,28,google/gemma-3-27b-it,sha256:11da12fe5898cc141548067e47494563e339a1bd3ca9f61af4ac5bb24ea41458,det-v1,1,,2118,102,11988.117,0.0002153400,false,true
call-000575,arm10_spec_eprocess,dev/f6/s6050001/late_accurate,28,google/gemma-3-27b-it,sha256:11da12fe5898cc141548067e47494563e339a1bd3ca9f61af4ac5bb24ea41458,det-v1,1,accepted,2118,102,11988.117,0.0002153400,false,false
call-000576,arm8_spec_immediate,cal/f6/s6060001/late_accurate,20,google/gemma-3-27b-it,sha256:950ad42ed7e60174952cda7b28a1fdbb745945c6dc99c3854f3175d690646df3,det-v1,1,,1748,85,3837.264,0.0001780900,false,true
call-000577,arm8_spec_immediate,cal/f6/s6060001/late_accurate,20,google/gemma-3-27b-it,sha256:950ad42ed7e60174952cda7b28a1fdbb745945c6dc99c3854f3175d690646df3,det-v1,1,accepted,1748,85,3837.264,0.0001780900,false,false
call-000578,arm9_spec_heuristic_rollback,cal/f6/s6060001/late_accurate,20,google/gemma-3-27b-it,sha256:950ad42ed7e60174952cda7b28a1fdbb745945c6dc99c3854f3175d690646df3,det-v1,1,accepted,1748,85,0.004,0.0001780900,true,false
call-000579,arm10_spec_eprocess,cal/f6/s6060001/late_accurate,20,google/gemma-3-27b-it,sha256:950ad42ed7e60174952cda7b28a1fdbb745945c6dc99c3854f3175d690646df3,det-v1,1,accepted,1748,85,0.003,0.0001780900,true,false
call-000580,arm8_spec_immediate,dev/f6/s6050000/unreliable,18,google/gemma-3-27b-it,sha256:60af1568fbecec1c837a122e38431539e936833e588b6d5f8a0fa13d30f6ae75,det-v1,1,,1661,82,6550.167,0.0001697800,false,true
call-000581,arm8_spec_immediate,dev/f6/s6050000/unreliable,18,google/gemma-3-27b-it,sha256:60af1568fbecec1c837a122e38431539e936833e588b6d5f8a0fa13d30f6ae75,det-v1,1,accepted,1661,82,6550.167,0.0001697800,false,false
call-000582,arm9_spec_heuristic_rollback,dev/f6/s6050000/unreliable,18,google/gemma-3-27b-it,sha256:60af1568fbecec1c837a122e38431539e936833e588b6d5f8a0fa13d30f6ae75,det-v1,1,accepted,1661,82,0.003,0.0001697800,true,false
call-000583,arm10_spec_eprocess,dev/f6/s6050000/unreliable,18,google/gemma-3-27b-it,sha256:60af1568fbecec1c837a122e38431539e936833e588b6d5f8a0fa13d30f6ae75,det-v1,1,accepted,1661,82,0.003,0.0001697800,true,false
call-000584,arm8_spec_immediate,cal/f6/s6060000/unreliable,13,google/gemma-3-27b-it,sha256:921d30b5e0aac1558f23bfcd3353d557ef23b593afbb4757ce5b455bf63c215a,det-v1,1,accepted,1413,70,0.002,0.0001445400,true,false
call-000585,arm8_spec_immediate,cal/f6/s6060000/unreliable,19,google/gemma-3-27b-it,sha256:205f9f94a42f804173401a3ef40b0cbdc93f33f428af97a77dfefdd7e9a5fe3e,det-v1,1,accepted,1699,108,0.001,0.0001845200,true,false
call-000586,arm9_spec_heuristic_rollback,cal/f6/s6060000/unreliable,13,google/gemma-3-27b-it,sha256:921d30b5e0aac1558f23bfcd3353d557ef23b593afbb4757ce5b455bf63c215a,det-v1,1,accepted,1413,70,0.001,0.0001445400,true,false
call-000587,arm9_spec_heuristic_rollback,cal/f6/s6060000/unreliable,19,google/gemma-3-27b-it,sha256:205f9f94a42f804173401a3ef40b0cbdc93f33f428af97a77dfefdd7e9a5fe3e,det-v1,1,accepted,1699,108,0.001,0.0001845200,true,false
call-000588,arm10_spec_eprocess,cal/f6/s6060000/unreliable,13,google/gemma-3-27b-it,sha256:921d30b5e0aac1558f23bfcd3353d557ef23b593afbb4757ce5b455bf63c215a,det-v1,1,accepted,1413,70,0.002,0.0001445400,true,false
call-000589,arm10_spec_eprocess,cal/f6/s6060000/unreliable,19,google/gemma-3-27b-it,sha256:205f9f94a42f804173401a3ef40b0cbdc93f33f428af97a77dfefdd7e9a5fe3e,det-v1,1,accepted,1699,108,0.001,0.0001845200,true,false
call-000590,arm8_spec_immediate,dev/f6/s6050001/unreliable,19,google/gemma-3-27b-it,sha256:b4d757509b4a4d73b7851a6eb1183c0fd8d2bf760c8bba2fac0b10a030cbfe19,det-v1,1,,1685,61,4005.164,0.0001622500,false,true
call-000591,arm8_spec_immediate,dev/f6/s6050001/unreliable,19,google/gemma-3-27b-it,sha256:b4d757509b4a4d73b7851a6eb1183c0fd8d2bf760c8bba2fac0b10a030cbfe19,det-v1,1,accepted,1685,61,4005.164,0.0001622500,false,false
call-000592,arm8_spec_immediate,dev/f6/s6050001/unreliable,25,google/gemma-3-27b-it,sha256:2e58ab884e68bb21fbdaa2a4e8844818ae803190484f28eee4a4ab931eca1384,det-v1,1,,1965,91,3183.970,0.0001981500,false,true
call-000593,arm8_spec_immediate,dev/f6/s6050001/unreliable,25,google/gemma-3-27b-it,sha256:2e58ab884e68bb21fbdaa2a4e8844818ae803190484f28eee4a4ab931eca1384,det-v1,1,accepted,1965,91,3183.970,0.0001981500,false,false
call-000594,arm9_spec_heuristic_rollback,dev/f6/s6050001/unreliable,19,google/gemma-3-27b-it,sha256:b4d757509b4a4d73b7851a6eb1183c0fd8d2bf760c8bba2fac0b10a030cbfe19,det-v1,1,accepted,1685,61,0.004,0.0001622500,true,false
call-000595,arm9_spec_heuristic_rollback,dev/f6/s6050001/unreliable,25,google/gemma-3-27b-it,sha256:2e58ab884e68bb21fbdaa2a4e8844818ae803190484f28eee4a4ab931eca1384,det-v1,1,accepted,1965,91,0.003,0.0001981500,true,false
call-000596,arm10_spec_eprocess,dev/f6/s6050001/unreliable,19,google/gemma-3-27b-it,sha256:b4d757509b4a4d73b7851a6eb1183c0fd8d2bf760c8bba2fac0b10a030cbfe19,det-v1,1,accepted,1685,61,0.003,0.0001622500,true,false
call-000597,arm10_spec_eprocess,dev/f6/s6050001/unreliable,25,google/gemma-3-27b-it,sha256:2e58ab884e68bb21fbdaa2a4e8844818ae803190484f28eee4a4ab931eca1384,det-v1,1,accepted,1965,91,0.002,0.0001981500,true,false
call-000598,arm8_spec_immediate,cal/f6/s6060001/unreliable,17,google/gemma-3-27b-it,sha256:6f36b2126dd7b2e39639736d7c615f9ea05138db0d1ed325b8c4533caf26a503,det-v1,1,,1601,106,3691.550,0.0001757800,false,true
call-000599,arm8_spec_immediate,cal/f6/s6060001/unreliable,17,google/gemma-3-27b-it,sha256:6f36b2126dd7b2e39639736d7c615f9ea05138db0d1ed325b8c4533caf26a503,det-v1,1,accepted,1601,106,3691.550,0.0001757800,false,false
call-000600,arm8_spec_immediate,cal/f6/s6060001/unreliable,23,google/gemma-3-27b-it,sha256:72d6162ac2ce80799b01d3fcf09fed2d325fea0c0eac25071179db5f3379b4f2,det-v1,1,,1886,102,3370.300,0.0001967800,false,true
call-000601,arm8_spec_immediate,cal/f6/s6060001/unreliable,23,google/gemma-3-27b-it,sha256:72d6162ac2ce80799b01d3fcf09fed2d325fea0c0eac25071179db5f3379b4f2,det-v1,1,accepted,1886,102,3370.300,0.0001967800,false,false
call-000602,arm9_spec_heuristic_rollback,cal/f6/s6060001/unreliable,17,google/gemma-3-27b-it,sha256:6f36b2126dd7b2e39639736d7c615f9ea05138db0d1ed325b8c4533caf26a503,det-v1,1,accepted,1601,106,0.004,0.0001757800,true,false
call-000603,arm9_spec_heuristic_rollback,cal/f6/s6060001/unreliable,23,google/gemma-3-27b-it,sha256:72d6162ac2ce80799b01d3fcf09fed2d325fea0c0eac25071179db5f3379b4f2,det-v1,1,accepted,1886,102,0.003,0.0001967800,true,false
call-000604,arm10_spec_eprocess,cal/f6/s6060001/unreliable,17,google/gemma-3-27b-it,sha256:6f36b2126dd7b2e39639736d7c615f9ea05138db0d1ed325b8c4533caf26a503,det-v1,1,accepted,1601,106,0.003,0.0001757800,true,false
call-000605,arm10_spec_eprocess,cal/f6/s6060001/unreliable,23,google/gemma-3-27b-it,sha256:72499b8355dfd0ce8198c08854e5fdd36405a5be08b319b55bff6675ca727fbc,det-v1,1,,1883,107,5745.786,0.0001987900,false,true
call-000606,arm10_spec_eprocess,cal/f6/s6060001/unreliable,23,google/gemma-3-27b-it,sha256:72499b8355dfd0ce8198c08854e5fdd36405a5be08b319b55bff6675ca727fbc,det-v1,1,accepted,1883,107,5745.786,0.0001987900,false,false
