statement_group_id,event_id,thread_id,episode_id,event_date,form,stated_end,probe,samples20,paraphrase,twobytwo,reference_check
S00065ef12744,E699b91b736a9,T610e322c9e81,disopyramide phosphate (norpace) capsules@2021-04-12,2023-01-09,month_year,2023-04-30,0,0,0,0,0
S000f7e9a0261,E0b6f6d1f59f1,T2ce0bd18fcdd,amphetamine aspartate; amphetamine sulfate; dextroamphetamine saccharate; dextroamphetamine sulfate tablets@2023-01-13,2023-04-10,month_year,2023-05-31,0,0,0,0,0
S0018324f8294,E62c3c68b0feb,Tcbebb442721e,"morphine sulfate injection, usp@2019-10-20",2023-04-21,month_year,2023-05-31,0,0,0,0,0
S00462ef69bd4,E8d562d070ad1,T973b265fdd8b,"hydromorphone hydrochloride injection, usp@2019-10-20",2024-07-15,month_year,2025-06-30,0,0,0,0,0
S005ced962979,E71ab10028bc2,T70f52f2d7051,"morphine sulfate injection, usp@2019-10-20",2024-07-15,month_year,2024-12-31,0,0,0,0,0
S008040b20e37,Edcf5564e1512,T029a0b187f27,lisdexamfetamine dimesylate capsule@2023-11-14,2024-03-06,month_year,2024-03-31,0,0,0,0,0
S00872e83b403,E9ff7f4e7ee58,T1057977c1866,amphetamine aspartate; amphetamine sulfate; dextroamphetamine saccharate; dextroamphetamine sulfate tablets@2023-01-13,2025-10-15,month_year,2026-02-28,0,0,0,0,0
S00a1e6c3d285,E27808ca8a90a,T752263cd4b11,"hydromorphone hydrochloride injection, usp@2019-10-20",2025-11-26,month_year,2026-03-31,0,0,0,0,0
S00aab72cbd05,Ebf7e15f32a02,Tc2c7c7170078,dextrose 25% injection@2022-10-04,2024-12-13,month_year,2025-03-31,0,0,0,0,0
S00b585bd1360,Eca68d9d72163,T2bc8838d69a4,lisdexamfetamine dimesylate capsule@2023-11-14,2024-12-02,month_no_year,2025-02-28,0,0,0,0,0
S00ba87992850,E304eea726b97,T0fe345d6daf2,ketorolac tromethamine injection@2019-10-20,2023-12-21,month_year,2024-05-31,0,0,0,0,0
S00cbf0c63dfb,Ea7d89790b6f8,T4fdd551e85d5,"bupivacaine hydrochloride injection, usp@2019-10-20",2023-01-09,month_year,2023-09-30,0,0,0,0,0
S00d40eb32a44,Ea0af91394b6e,T3c347b913209,heparin sodium and sodium chloride 0.9% injection@2019-10-20,2024-06-05,month_year,2024-06-30,0,0,0,0,0
S00eb9586fc45,E904ea270e2ab,T0bd650fbcb07,sterile water@2021-11-30,2025-02-26,month_year,2025-09-30,0,0,0,0,0
S00f064c9bdb6,Ed9da0891b2f0,T88c2c68f7058,lidocaine hydrochloride (xylocaine) injection with epinephrine@2019-10-20,2023-04-28,month_year,2024-12-31,0,0,0,0,0
S00f36cb5a08a,E726bfd784832,Te1923c37ed1b,amphetamine aspartate; amphetamine sulfate; dextroamphetamine saccharate; dextroamphetamine sulfate tablets@2023-01-13,2024-02-01,month_year,2024-05-31,1,0,0,1,0
S013e797d47c6,E927d650ab7bf,Tc2c7c7170078,dextrose 25% injection@2022-10-04,2024-05-24,month_year,2024-09-30,0,0,1,0,0
S01429cc23149,E7579146e060f,Td7c7e4ca4ba4,lidocaine hydrochloride (xylocaine) and dextrose injection solution-premix bags@2019-10-20,2023-01-04,month_year,2023-01-31,0,0,0,0,0
S0166450142b7,E94739fa25378,T54300333781a,nitroglycerin injectable@2023-11-14,2025-05-20,month_year,2025-06-30,0,0,0,0,0
S016651b8e20d,E6e3e27919eab,T58188a436f79,dexmedetomidine injection@2020-06-12,2023-01-09,quarter,2023-03-31,0,0,1,0,0
S0193e51097a5,E85a17348268f,T5e657dacfa6e,lisdexamfetamine dimesylate capsule@2023-11-14,2025-06-05,month_year,2025-06-30,0,0,0,0,0
S0195cf76962e,E84bc77fdefbe,T20e97b1f8118,penicillin g benzathine injectable suspension@2023-05-14,2024-01-19,month_year,2024-06-30,0,0,0,0,0
S0199b7f16da3,Eba60a348612d,T397f57520d69,"sodium bicarbonate injection, usp@2019-10-20",2023-01-04,month_year,2023-01-31,0,1,0,0,0
S01ee83188e98,E3112f6de1798,T5af6312c3288,fentanyl citrate (sublimaze) injection@2019-10-20,2023-09-11,month_year,2024-03-31,0,0,0,0,0
S020fdb12fc83,E44691db749aa,T36b389235234,"dacarbazine for injection, usp@2021-11-30",2023-02-13,month_year,2023-02-28,0,0,0,0,0
S02195871767c,E272c70ce2b91,T9b59f60fe167,rocuronium bromide injection@2023-03-02,2023-12-19,month_no_year,2024-01-31,0,0,0,0,0
S023b8e92d245,Ea4eea0d30c7a,Tbc4f3b378a3c,"lorazepam injection, usp@2019-10-20",2025-01-27,month_year,2025-03-31,0,0,0,0,0
S0245e2a8cd8a,Ed330003529b1,Te7191e8f0704,methylprednisolone acetate injection@2022-10-04,2025-05-23,month_year,2025-06-30,0,0,0,0,0
S0260d85781b7,Ec0e50ef434b8,T1f1ce3538fe1,fentanyl citrate (sublimaze) injection@2019-10-20,2024-02-01,month_year,2024-02-29,0,0,0,0,0
S026187e3a7bb,Effb24c1c06e8,T99e6d9eb324e,dobutamine hydrochloride injection@2019-10-20,2024-05-13,month_year,2024-06-30,0,0,0,0,0
S0269c1ade702,Edf7dbffbeab2,Td3832af67ad1,"sodium bicarbonate injection, usp@2019-10-20",2025-01-03,month_year,2025-09-30,0,0,0,0,0
S0272085f4fc0,E01337354b231,T07927e5cbc19,"bupivacaine hydrochloride and epinephrine injection, usp@2019-10-20",2024-03-28,month_year,2024-12-31,0,0,0,0,0
S028cc3a7cf71,E414b7b4ac23d,T24d3c638bab8,"lorazepam injection, usp@2019-10-20",2024-01-23,month_year,2024-02-29,0,0,0,0,0
S02cc3f601512,E47bdab577638,Td3832af67ad1,"sodium bicarbonate injection, usp@2019-10-20",2024-04-08,month_year,2025-06-30,0,0,1,1,0
S02db6ece83b8,Ecc158ebbf0a4,Tc10b4adf1780,ketamine injection@2019-10-20,2023-05-01,month_no_year,2023-05-31,0,0,0,0,0
S02dcbe2d48d4,E6bce6928a635,T21a48c1e7aa7,lidocaine hydrochloride (xylocaine) injection with epinephrine@2019-10-20,2023-02-16,month_year,2023-12-31,0,0,0,0,0
S034644d82dcd,Ed92f4856cc4b,Tee42bf5d56d1,lidocaine hydrochloride (xylocaine) injection with epinephrine@2019-10-20,2023-02-16,month_year,2023-03-31,0,1,0,0,0
S0352b80872a0,E9d53efa985b4,Td151623f2967,ketorolac tromethamine injection@2019-10-20,2023-01-09,month_year,2023-12-31,0,0,0,0,0
S036b42a7bb0e,Ed38690c424ae,T20e97b1f8118,penicillin g benzathine injectable suspension@2023-05-14,2023-09-11,quarter,2024-06-30,0,0,0,0,0
S036fcd7a891c,Ea0dbc82b4ad5,T3db347d95a40,carboplatin injection@2023-05-14,2023-09-11,month_year,2023-12-31,1,1,0,0,0
S0397782c65f0,E4091951d5d40,T4adacbdc59cd,hydroxocobalamin injection@2024-05-07,2024-06-11,month_year,2024-09-30,0,0,0,1,0
S03d3f45efd69,Ec63b6cfc3536,T5aae53c03d4a,clonazepam tablets@2023-03-25,2025-12-19,month_year,2026-04-30,0,0,0,0,0
S03f552e735d8,Ef36511319ddd,Tf8ec9f0300e7,carboplatin injection@2023-05-14,2023-04-28,quarter,2023-09-30,1,0,0,0,1
S040f333c2a90,Ee50cec76e746,T331ea9f50948,dobutamine hydrochloride injection@2019-10-20,2024-06-21,month_year,2024-07-31,0,0,0,0,0
S042c7bcfbc69,E2c6f16482fe0,T14df52dab049,lidocaine hydrochloride (xylocaine) injection with epinephrine@2019-10-20,2023-02-16,month_year,2023-12-31,0,0,1,0,0
S042fecd81ffa,E2aada16149a5,T034c5ebd5aba,hydrocortisone sodium succinate injection@2023-03-25,2023-04-28,month_year,2023-12-31,0,0,0,0,0
S044f1cc9219e,Eb410396b93ec,T5c408b7dce61,amoxicillin oral powder for suspension@2023-01-13,2023-01-09,quarter,2023-03-31,1,0,0,0,0
S047bb21879f6,E69a687cfc983,T6b013d73006e,lidocaine hydrochloride (xylocaine) injection with epinephrine@2019-10-20,2023-11-29,month_year,2023-12-31,0,0,0,0,0
S0494167882b9,Ebe0b4a60d8e0,T578a0cc2a8e4,"bumetanide injection, usp@2019-10-20",2024-04-18,month_year,2024-06-30,0,0,0,0,0
S04953f45baa7,E1713dfcc44ea,Tc00fcfdc94e8,sodium chloride 0.9% injection bags@2019-10-20,2023-04-28,month_year,2023-06-30,0,0,0,0,0
S04a3bca35f9b,E9c470e196b3c,T8e677dd70a40,dextrose 25% injection@2022-10-04,2023-12-21,quarter,2024-06-30,0,0,0,0,0
S04ca7dadea6d,E4e90c6ab70f6,T058341e4ea0e,"bumetanide injection, usp@2019-10-20",2023-02-24,part_of_month,2023-03-20,0,0,0,0,1
S04cb8dc74196,E0d38e17e5ea2,T52f47d0409b6,"hydromorphone hydrochloride injection, usp@2019-10-20",2025-03-11,month_year,2025-09-30,0,0,1,0,0
S04dc757c40b5,E1df13179b09c,Tfe8a2a0b046f,"bupivacaine hydrochloride injection, usp@2019-10-20",2023-09-11,month_year,2023-12-31,0,1,0,0,0
S04e30f888ae0,E460f2963101a,T2c55f8b6a9e5,amphetamine aspartate; amphetamine sulfate; dextroamphetamine saccharate; dextroamphetamine sulfate tablets@2023-01-13,2025-01-24,relative,2025-02-14,0,0,0,0,0
S052e91132d11,E7f107d5091f7,T578c6e1a38fc,chloroprocaine hydrochloride injection@2021-05-21,2024-06-05,month_year,2024-06-30,0,0,0,0,0
S05315dddefb5,E38fb9fe8dd46,Tca19a0417af3,lisdexamfetamine dimesylate capsule@2023-11-14,2023-09-20,month_year,2023-12-31,0,0,0,0,0
S053d313cfaf5,Ecc5a4372be38,T20e97b1f8118,penicillin g benzathine injectable suspension@2023-05-14,2024-04-08,month_year,2024-12-31,0,0,0,0,1
S05412793f5e1,Ea1c0a72dbbc9,T516a8926327b,"bupivacaine hydrochloride injection, usp@2019-10-20",2025-03-11,month_year,2025-03-31,0,0,0,0,0
S059df01143d5,E8d6ef8f60f27,Td2c30a9f7411,"bupivacaine hydrochloride injection, usp@2019-10-20",2023-03-10,month_year,2023-04-30,0,0,0,0,0
S05b93e417228,Ef5b62d1a6d27,T280b91db89c7,"valproate sodium injection, usp@2021-01-17",2025-05-14,month_year,2025-06-30,0,0,0,0,0
S05bd022ca4eb,E891281fab0c1,T139fdb8aa482,amphetamine aspartate; amphetamine sulfate; dextroamphetamine saccharate; dextroamphetamine sulfate tablets@2023-01-13,2024-08-15,month_year,2024-10-31,1,0,0,0,0
S05c24e210025,E82dd7cf82383,T3db347d95a40,carboplatin injection@2023-05-14,2023-12-27,month_year,2023-12-31,0,0,0,0,0
S05e53f76864e,E54c07c319eb2,T0a62d8b6367d,etomidate injection@2022-10-06,2025-01-14,month_year,2025-03-31,0,0,0,0,0
S05f7b0a0a6fd,E4c7a32a38c53,Tf1ba3dc5034b,meperidine hydrochloride injection@2025-06-08,2025-06-09,month_year,2025-12-31,0,0,0,0,0
S060c6331b07e,Eaad37029fa43,T72dc2c6e2315,"hydromorphone hydrochloride injection, usp@2019-10-20",2024-06-27,month_year,2024-08-31,0,0,0,1,0
S06543cf05348,Ee3363fd153ab,T84cdd216c24d,"morphine sulfate injection, usp@2019-10-20",2025-03-06,month_year,2025-03-31,0,0,0,0,0
S065912d26e3c,E7c8748444f01,T1e6376638360,dextrose 25% injection@2022-10-04,2025-02-20,month_year,2025-03-31,0,0,0,0,0
S066f4ca38171,E5ce0b6e8a0f5,T98ab9124ffcb,"hydromorphone hydrochloride injection, usp@2019-10-20",2024-07-15,month_year,2025-03-31,0,0,0,1,0
S067bec358b64,E31d49fd144a7,T5c416106e84c,amino acids@2021-01-17,2024-10-11,quarter,2025-03-31,0,0,0,0,0
S06a947da11b9,E72105115d66b,T82cb0781012b,lidocaine hydrochloride (xylocaine) and dextrose injection solution-premix bags@2019-10-20,2023-04-28,month_year,2024-06-30,0,0,0,0,0
S07213ea344fb,Eab4b6cc07f2f,Tf6e4652a4751,somatropin (saizen) injection@2023-01-13,2023-03-17,month_year,2023-12-31,0,1,0,0,0
S073ca5551c0a,E277dd57c41c4,Te44347279dcc,fludarabine phosphate injection@2022-10-04,2023-11-07,month_year,2023-11-30,0,0,0,0,0
S0784418ce4af,E1eaf2b656816,T925fffbf4442,"midazolam injection, usp@2020-04-02",2023-02-16,month_year,2023-12-31,0,0,0,0,0
S07bd21de2552,E2ce6eef92535,Ta98a9ea5aefa,pantoprazole sodium for injection@2019-10-20,2023-03-17,month_year,2023-09-30,1,0,0,0,0
S07dcbcdef9d5,Edb34a2f89c3a,T5439bc9cc7b5,"sodium acetate injection, usp@2019-10-20",2023-01-20,month_year,2023-06-30,0,0,0,0,0
S07de528bdec7,Ea34cb46f5496,T921747ff55cf,"bupivacaine hydrochloride injection, usp@2019-10-20",2025-06-09,month_year,2025-06-30,0,0,0,0,0
S07e9db5b7da0,E38506e5c0b95,T5acd70fcc48c,"sodium bicarbonate injection, usp@2019-10-20",2024-04-08,month_year,2024-06-30,0,1,0,0,0
S081a27e27e4b,E1ae08e46c948,T30c9e6049700,sodium chloride 0.9% injection bags@2019-10-20,2023-01-20,month_year,2023-06-30,0,0,0,0,0
S085ff88c2a84,E6e1fabefb790,Tfa5d26c556c3,remifentanil (ultiva) lyophilized powder for solution injection@2022-10-04,2025-03-06,month_year,2025-03-31,0,0,0,0,0
S08628c47be8d,E9b8246b908a8,T4c1bdf68505c,sterile water@2021-11-30,2023-01-20,month_year,2023-06-30,0,0,0,0,0
S087e13025997,Ee0598e0f5ede,T566309e04a16,lidocaine hydrochloride (xylocaine) injection with epinephrine@2019-10-20,2025-05-23,month_year,2025-09-30,1,1,0,0,0
S088ba3665264,Ef87fec844515,Tee42bf5d56d1,lidocaine hydrochloride (xylocaine) injection with epinephrine@2019-10-20,2023-01-09,month_year,2023-03-31,1,0,0,0,0
S08b322e2ac7a,Ec48c0a5e2f3b,Tab1c2ab3d387,azacitidine injection@2021-01-17,2025-03-11,month_year,2025-03-31,1,0,0,0,0
S08b64b10f3d8,Ee9dbd7f2142e,T30da69355522,cytarabine injection@2021-10-06,2023-01-20,month_year,2023-03-31,1,0,0,0,0
S08cce1d784e8,E3c0d5d3eaa42,T331ea9f50948,dobutamine hydrochloride injection@2019-10-20,2024-10-11,month_year,2024-11-30,0,0,1,0,0
S08de8f766934,E7a90fe790b20,T6cd9222c2749,amoxapine tablets@2020-04-02,2024-09-04,month_year,2024-10-31,0,0,0,0,0
S08e0da28ea5f,Ed5f396eef072,T3336e55d2b69,dexmedetomidine injection@2020-06-12,2025-12-02,month_year,2025-12-31,0,0,0,0,0
S09308c211fb9,Ed2fe4a47377f,T516a8926327b,"bupivacaine hydrochloride injection, usp@2019-10-20",2025-07-31,month_year,2025-09-30,0,0,0,1,1
S0941b20014bc,E69f12b39dfe6,T436a99951ed1,"hydromorphone hydrochloride injection, usp@2019-10-20",2025-05-23,month_year,2025-12-31,0,0,0,0,0
S0941cfdf96cf,E6e799dafeaae,Tf1ba3dc5034b,meperidine hydrochloride injection@2025-06-08,2025-12-19,month_year,2026-03-31,0,0,0,0,0
S09547370fc0c,E91b756cc8154,T58188a436f79,dexmedetomidine injection@2020-06-12,2024-11-12,month_year,2024-12-31,0,0,0,0,0
S09659a445f04,E9e985d9f50df,Tac901da4b51a,"methylphenidate hydrochloride tablet, extended release@2023-11-14",2024-03-15,quarter,2024-03-31,0,0,0,0,0
S0967788631e3,E5a6893d9642d,T88c2c68f7058,lidocaine hydrochloride (xylocaine) injection with epinephrine@2019-10-20,2025-06-09,month_year,2025-06-30,0,0,0,1,0
S09bc6f5231e5,E7918aa5b76fd,T52dbc76d8b4f,etomidate injection@2022-10-06,2023-02-14,month_year,2023-04-30,0,0,0,0,0
S09fbb9d382fe,Ecb8afd2030cf,T578a0cc2a8e4,"bumetanide injection, usp@2019-10-20",2024-06-05,month_year,2024-08-31,0,0,0,0,0
S0a0d126d1af7,E8010ce2fe857,T566309e04a16,lidocaine hydrochloride (xylocaine) injection with epinephrine@2019-10-20,2024-03-28,month_year,2025-06-30,1,0,1,1,0
S0a0f87869cbb,E3d349565d521,T50f9c1be8726,lidocaine hydrochloride (xylocaine) and dextrose injection solution-premix bags@2019-10-20,2024-05-23,month_year,2024-06-30,0,0,1,0,0
S0a2c6a36b199,E04dcb74ff34a,Tad2d0c86cce0,etomidate injection@2022-10-06,2023-02-21,month_year,2023-03-31,0,0,0,0,0
S0a4d6b81f309,E4af40f25040d,Tafe07ae7d4b7,"bupivacaine hydrochloride and epinephrine injection, usp@2019-10-20",2024-03-28,month_year,2024-03-31,0,0,0,0,0
S0a4f60290529,Efa8ea6a8b840,Tfa3758a0afe1,"sodium bicarbonate injection, usp@2019-10-20",2024-04-08,month_year,2024-12-31,0,0,0,0,0
S0a6c454aed6b,E9d8343998abb,Ta966d0598c08,lidocaine hydrochloride (xylocaine) and dextrose injection solution-premix bags@2019-10-20,2023-04-28,month_year,2023-09-30,0,0,0,0,0
S0a8f6f9d2354,E259d6c3cd23d,T85ba86a96234,sterile water@2021-11-30,2024-10-11,quarter,2025-06-30,0,0,0,1,0
S0ab724921d0e,E72243dce7ceb,T04f9165bf90c,potassium chloride injection@2021-11-30,2024-04-08,month_year,2024-04-30,0,0,0,1,1
S0ada430623b3,Ee285c3452bc4,T7b231b9870b5,tirzepatide injection@2023-01-13,2024-04-03,part_of_month,2024-04-30,0,0,0,0,0
S0ae28a5412a4,E1c6bc540453f,Tf98b5c4db40e,"morphine sulfate injection, usp@2019-10-20",2025-03-06,month_year,2025-04-30,0,0,0,0,0
S0af7c538ee67,E46df64ec1c00,T0baafc996c44,"bupivacaine hydrochloride and epinephrine injection, usp@2019-10-20",2023-01-09,month_year,2023-03-31,1,0,0,0,0
S0b01609e8fe2,E96af02f1ec00,T14e35ab25c32,clindamycin phosphate injection@2023-03-25,2023-12-27,month_year,2024-04-30,0,0,0,0,1
S0b2ee5119e5d,E4db9c2fe8c09,Tb9e9edd3eb54,liraglutide injection@2023-11-14,2024-03-27,month_year,2024-06-30,1,0,0,0,0
S0b3a2e70dddc,Ef155811e9cf6,Te8fb57c347f4,"midazolam injection, usp@2020-04-02",2023-01-09,month_year,2023-03-31,0,0,0,0,0
S0b3be6d4ebe7,Eb2bd40a1386b,T496f79f2af52,methotrexate sodium injection@2023-03-25,2023-03-13,month_year,2023-09-30,0,0,0,1,0
S0b6a1d4a7921,Eee2edd61a419,T1b1bd9b64369,dexamethasone sodium phosphate injection@2019-10-20,2023-04-21,month_year,2023-04-30,0,0,0,0,0
S0b9d917f85a9,E143415f43cae,T4c1bdf68505c,sterile water@2021-11-30,2025-06-09,month_year,2025-06-30,0,0,0,0,0
S0bb0ed2ff8a8,E1513d429fb9d,T015d369787bf,"hydromorphone hydrochloride injection, usp@2019-10-20",2025-02-25,month_year,2025-05-31,0,0,0,0,0
S0bb84cfc480e,E4a877029c459,Ta22a013847ea,difluprednate ophthalmic emulsion@2023-01-13,2023-11-02,exact_day,2023-11-20,0,0,0,0,0
S0bcaac4281fa,E2c0d0018b675,T2517e7d85e01,"sodium bicarbonate injection, usp@2019-10-20",2024-05-24,month_year,2024-12-31,0,0,0,0,0
S0beb4e4f2e91,E41c22983694b,T3fe781a0ce64,lisdexamfetamine dimesylate capsule@2023-11-14,2024-12-02,month_no_year,2025-02-28,0,0,0,0,0
S0c01cead8e4a,E9ad761d1f7d3,T5ed204a653a9,promethazine (phenergan) injection@2023-12-07,2024-02-22,range,2024-04-30,0,0,0,0,0
S0c05b0a2f0e4,Ec4418c9c9652,T2a79bd039e71,"bupivacaine hydrochloride and epinephrine injection, usp@2019-10-20",2023-01-20,month_year,2023-03-31,0,0,0,0,0
S0c0743c74f41,E1d6aadb91fb6,T23f940b71b27,methylprednisolone acetate injection@2022-10-04,2025-03-11,month_year,2025-09-30,0,0,0,0,0
S0c1d47aed841,E8fb8d958a680,T2517e7d85e01,"sodium bicarbonate injection, usp@2019-10-20",2025-01-14,month_year,2025-09-30,0,1,0,0,0
S0c21aa00a1ae,E6d93cc012914,Tc2c7c7170078,dextrose 25% injection@2022-10-04,2023-01-20,month_year,2023-12-31,0,0,0,0,0
S0c427d29473e,E4391b79314c3,Tb240f5df32f5,clindamycin phosphate injection@2023-03-25,2024-04-18,month_year,2024-06-30,1,0,0,0,0
S0c48bdbd8dd9,Ee61a42000aa5,Tdcb962ce1563,lidocaine hydrochloride (xylocaine) and dextrose injection solution-premix bags@2019-10-20,2023-02-22,month_year,2023-06-30,0,1,0,0,0
S0c6d851dc552,Ef046098d279c,T44288e706fa7,"triamcinolone acetonide (triesence) injection, suspension@2021-10-06",2024-03-05,relative,2025-08-27,1,0,0,0,0
S0c75fce83d65,E1cedb0b584a3,T6db81e214ff8,"morphine sulfate injection, usp@2019-10-20",2025-01-27,month_year,2025-06-30,1,0,0,0,0
S0c8408ad5824,E10f447838d12,Tbc4f3b378a3c,"lorazepam injection, usp@2019-10-20",2024-05-24,month_year,2024-06-30,1,0,0,0,0
S0c905766cf75,Ed717d91d3786,Te8cca88b4ee4,amoxicillin oral powder for suspension@2023-01-13,2024-10-15,month_year,2024-12-31,1,0,0,0,0
S0c9f5b82375a,E17be3aac3bbd,Tb82e46c44f17,"midazolam injection, usp@2020-04-02",2025-01-24,month_year,2025-02-28,0,0,0,0,1
S0ca98b45de44,E107e89630612,Tb1968fba8011,lidocaine hydrochloride (xylocaine) and dextrose injection solution-premix bags@2019-10-20,2023-09-11,month_year,2023-12-31,0,0,0,1,0
S0cba38eebff1,Eece405fed7fd,T4c1bdf68505c,sterile water@2021-11-30,2025-11-26,month_year,2025-12-31,0,0,0,0,0
S0cd4edf707a8,E2ce7d387903d,T834e56cd9fa3,amphetamine aspartate; amphetamine sulfate; dextroamphetamine saccharate; dextroamphetamine sulfate tablets@2023-01-13,2024-12-06,month_year,2025-01-31,0,0,0,0,0
S0d029c632f53,E9a33d77204c1,T9c91bbd0c11d,etomidate injection@2022-10-06,2025-10-23,month_year,2025-12-31,0,0,0,0,0
S0d059d8b2925,E434030573c26,T8a79397ba6d0,"oxytocin injection, usp synthetic@2022-10-04",2023-02-13,month_year,2023-03-31,0,0,1,0,0
S0d247a8796a1,E9a44086c7e95,Tf7a46069bae7,ketamine injection@2019-10-20,2023-11-03,month_year,2023-12-31,0,0,0,0,0
S0d2593d1ce49,Edaf63b56fb3f,T1c553550a314,"methylphenidate hydrochloride tablet, extended release@2023-11-14",2025-02-14,month_year,2025-05-31,0,0,0,0,0
S0d2d96fd7e3d,E9e54e16ddaf7,T6db81e214ff8,"morphine sulfate injection, usp@2019-10-20",2024-07-15,month_year,2024-12-31,0,0,0,0,0
S0d41c6024236,E074af0ef9147,T2fe5f23f3e0b,lidocaine hydrochloride (xylocaine) and dextrose injection solution-premix bags@2019-10-20,2023-01-20,month_year,2023-12-31,1,0,0,1,0
S0d5b6136fc6e,Ecbb1454e59d7,T62316af05dfc,"bupivacaine hydrochloride and epinephrine injection, usp@2019-10-20",2023-09-11,month_year,2024-06-30,0,0,0,0,0
S0d85d136332e,E3ae04d7f157c,T1a2b6ebc4edb,"methylphenidate hydrochloride tablet, extended release@2023-11-14",2024-01-16,month_year,2024-01-31,0,0,0,0,0
S0da213c010f7,E61612f8f599f,Tbb612bee56c9,dobutamine hydrochloride injection@2019-10-20,2023-04-28,month_year,2023-09-30,0,0,0,0,0
S0da72027b03d,Eadb292c5ed78,Tc6772ff78bed,sterile water@2021-11-30,2024-10-31,month_year,2024-11-30,0,1,0,0,0
S0db54c10cb35,E0aa6e5959af2,Tfbde6551e081,technetium tc-99m pyrophosphate kit injection@2024-01-12,2024-02-26,part_of_month,2024-03-31,1,0,0,0,0
S0dc1148627be,E03e914efc570,T5d3813d35a78,remifentanil (ultiva) lyophilized powder for solution injection@2022-10-04,2024-09-04,month_year,2024-09-30,1,0,0,0,0
S0dc19e4738a7,Ea92606d77290,T226e736002e6,rocuronium bromide injection@2023-03-02,2024-04-18,month_year,2024-05-31,0,0,0,0,0
S0ddaac5e6aa3,E1fde13a2b545,T7a1170e66a1d,mefloquine hydrochloride tablet@2024-05-15,2024-09-04,month_year,2024-11-30,0,0,0,0,0
S0de96fb1f21c,E52c8efd92763,Tcbd316ec8fb0,sodium chloride 0.9% injection bags@2019-10-20,2023-09-27,month_year,2024-12-31,0,0,0,0,0
S0dea2b367651,E6961e53c35ff,T70909668f645,"midazolam injection, usp@2020-04-02",2023-01-09,month_year,2023-03-31,0,0,0,0,0
S0df1da0b7c32,E8dbc578f69c7,T86d9e32ac238,leucovorin calcium lyophilized powder for injection@2019-10-20,2024-02-07,month_year,2024-04-30,0,0,1,0,0
S0dff344cbab7,E91e26edccb6e,Tf9a1fd91a217,"methylphenidate hydrochloride tablet, extended release@2023-11-14",2024-04-03,month_no_year,2024-05-31,1,0,0,0,0
S0e2d862b5fe4,E978a9da9001c,T49d628d0408f,carboplatin injection@2023-05-14,2024-05-15,month_year,2024-09-30,0,0,0,1,0
S0e47d1270959,Eb63905a2e14d,T53f993399031,lisdexamfetamine dimesylate capsule@2023-11-14,2024-11-15,part_of_month,2024-12-31,0,0,0,0,0
S0e79d2dd37a5,E63473267734a,T131b909e8725,ketorolac tromethamine injection@2019-10-20,2023-10-13,month_year,2023-12-31,0,0,0,0,0
S0e841a0d81c2,Edeec091281bb,T52d896cf2742,dexmedetomidine injection@2020-06-12,2025-12-12,month_year,2026-03-31,0,0,0,0,0
S0e99a879eadf,E66795def6e20,Td7e8faf165e9,hydrocortisone sodium succinate injection@2023-03-25,2024-01-19,month_year,2024-03-31,0,0,0,0,0
S0e9e4acc19dc,E312f26777637,T2517e7d85e01,"sodium bicarbonate injection, usp@2019-10-20",2024-04-08,month_year,2025-03-31,0,0,0,0,0
S0e9f2a89436f,Eccae182bb899,Td06ce930fe95,"methylphenidate hydrochloride tablet, extended release@2023-11-14",2025-01-23,month_year,2025-02-28,0,0,0,0,0
S0ed02ee51d7f,E98c3d864e6a9,T7a5ead366ee5,lidocaine hydrochloride (xylocaine) and dextrose injection solution-premix bags@2019-10-20,2025-05-23,month_year,2025-06-30,0,0,0,0,0
S0ed46d83def0,E8e6d44a4fe72,T72dc2c6e2315,"hydromorphone hydrochloride injection, usp@2019-10-20",2023-03-10,month_year,2023-03-31,0,1,1,0,0
S0eda909ec3bc,Ec7f2ca075872,T35b645a3cb02,sodium chloride 0.9% injection bags@2019-10-20,2024-06-05,month_year,2024-06-30,0,1,0,1,0
S0ee0ba907bbe,E14d3e7b6ab0d,Tf7a46069bae7,ketamine injection@2019-10-20,2023-02-16,month_year,2024-03-31,0,0,0,0,0
S0ee5ca68af2a,E2ae9283f4e8f,Tbf05375a372b,rifampin injection@2021-03-18,2023-03-14,month_year,2023-04-30,1,0,0,0,0
S0ef520487d4d,Ea38799efc4d4,T1e763045f540,clindamycin phosphate injection@2023-03-25,2023-04-26,quarter,2023-06-30,0,0,1,0,1
S0efd6aa073df,E932b79cb82bb,T25c5a6761868,"furosemide injection, usp@2020-06-12",2023-04-28,month_year,2023-06-30,0,0,0,0,0
S0f1dd94f11e3,E5cb6959282de,T89055a5cf979,"lisdexamfetamine dimesylate tablet, chewable@2023-11-14",2025-11-22,quarter,2025-12-31,0,0,0,0,1
S0f2e401f9e91,Eabfaafe008c2,Tf830b07d0dc8,heparin sodium and sodium chloride 0.9% injection@2019-10-20,2025-11-20,month_year,2026-01-31,0,0,0,1,0
S0f33680a822a,Eeb3171c0557f,T954e262dcb05,amphetamine aspartate; amphetamine sulfate; dextroamphetamine saccharate; dextroamphetamine sulfate tablets@2023-01-13,2023-01-17,part_of_month,2023-03-10,0,0,0,0,0
S0f41ea2cfbc7,E41f9698e580d,T25806ffd84e4,methotrexate sodium injection@2023-03-25,2023-03-13,month_year,2023-09-30,0,0,0,0,0
S0f553c37dab0,E1033c7866e32,T36b389235234,"dacarbazine for injection, usp@2021-11-30",2023-11-29,month_year,2023-12-31,0,0,0,0,0
S0f67ff513cf3,E868151828f86,T397f57520d69,"sodium bicarbonate injection, usp@2019-10-20",2025-06-05,month_year,2025-07-31,1,0,0,0,0
S0f8203f8b1c6,E34e396b42f7c,T2e92269425cd,sodium phosphate injection@2021-10-06,2024-05-08,month_year,2024-05-31,0,0,0,0,0
S0f95ebe6c887,Edf369574bbb1,Taaab35c926b0,sufentanil citrate injection@2022-10-04,2025-05-23,month_year,2025-09-30,0,0,0,0,0
S0fd03f384550,Ea4e27115c02a,T740afdc99b9b,cisplatin injection@2023-03-02,2023-04-21,month_year,2023-05-31,0,0,1,0,0
S0fdea8cc73e1,E1ab08f5ea320,T2fe5f23f3e0b,lidocaine hydrochloride (xylocaine) and dextrose injection solution-premix bags@2019-10-20,2023-09-11,month_year,2024-12-31,0,0,0,0,0
S0fe5f8a8091a,E28253cfd2261,Taff0f00f17dc,methotrexate sodium injection@2023-03-25,2025-07-31,month_year,2025-09-30,0,1,0,0,0
S103b67102c0a,Ef8aa2587f51d,T4adacbdc59cd,hydroxocobalamin injection@2024-05-07,2024-04-12,part_of_month,2024-04-30,0,0,0,0,0
S109cb96a2443,E9b51dfe9c201,T219a78735128,technetium tc-99m pyrophosphate kit injection@2024-01-12,2024-08-26,month_year,2024-10-31,0,0,0,0,0
S10a0d8574a05,E4a660d46bead,T8533fa031749,lidocaine hydrochloride (xylocaine) injection with epinephrine@2019-10-20,2024-03-28,month_year,2024-06-30,0,0,0,0,0
S10aa178fbf12,E3baa865441c8,T86fbd150a972,penicillin g benzathine injectable suspension@2023-05-14,2024-01-19,month_year,2024-06-30,0,0,0,1,0
S10b2296db0a4,Eb42732987b23,Td1670381c0d2,cisplatin injection@2023-03-02,2024-02-22,range,2024-04-30,0,0,0,0,0
S10b590ce1b4d,E6dd9f57a3498,T6cafe9d8cc03,"sodium bicarbonate injection, usp@2019-10-20",2025-05-23,month_year,2025-09-30,0,1,0,0,0
S10cc4840a89b,E59e6153ed90a,Tee42bf5d56d1,lidocaine hydrochloride (xylocaine) injection with epinephrine@2019-10-20,2024-03-28,month_year,2025-03-31,0,0,0,0,0
S10d2bc74c90f,E2a937098e8b0,T8739c4fa9957,dobutamine hydrochloride injection@2019-10-20,2025-07-31,month_year,2025-12-31,0,1,0,0,0
S10f3499815b4,Ecfe785cb8c91,Taaab35c926b0,sufentanil citrate injection@2022-10-04,2023-02-16,month_year,2023-06-30,0,0,1,0,0
S11131a430634,E5d946449798f,T86fbd150a972,penicillin g benzathine injectable suspension@2023-05-14,2025-05-23,month_year,2025-09-30,0,0,0,0,0
S1116fdb6eb54,Ea94609fe54f8,Ta2210e1682be,promethazine (phenergan) injection@2023-12-07,2025-11-13,range,2025-12-31,0,1,0,0,0
S111a1adb70a0,E79c6ad36293a,Tb1968fba8011,lidocaine hydrochloride (xylocaine) and dextrose injection solution-premix bags@2019-10-20,2024-01-19,month_year,2024-03-31,0,0,1,0,0
S11401955784c,Ee31a5e699a33,T58183c002c92,"midazolam injection, usp@2020-04-02",2024-03-18,month_year,2024-04-30,0,0,0,0,0
S11574183e5f3,E581b97db9f57,Tde7042e0afbb,"bupivacaine hydrochloride injection, usp@2019-10-20",2023-01-09,month_year,2023-03-31,0,0,0,0,0
S116c2ebd62ac,E4857f3d54b8b,Tf9a1fd91a217,"methylphenidate hydrochloride tablet, extended release@2023-11-14",2025-11-05,month_year,2025-11-30,0,0,0,0,0
S1199a7b46123,Eb4111eacb2fc,Tcbebb442721e,"morphine sulfate injection, usp@2019-10-20",2024-10-02,month_year,2024-10-31,0,0,0,0,0
S119f03a46e54,Eca986272b042,Ta8000c6a2e2d,"bupivacaine hydrochloride and epinephrine injection, usp@2019-10-20",2023-01-09,month_year,2023-12-31,1,0,0,0,0
S11cffbb5b1b5,E1686405044d2,T7d58b1702573,gentamicin sulfate injection@2021-08-02,2024-03-28,month_year,2024-09-30,0,1,0,0,0
S12040fd09356,E2e9d62e04393,T52dbc76d8b4f,etomidate injection@2022-10-06,2023-05-09,month_year,2023-06-30,0,0,0,0,0
S126ab5922176,E183032f4e5fc,Td288a05adcc7,guanfacine hydrochloride tablets@2019-10-20,2023-05-08,month_year,2023-05-31,0,0,0,0,0
S126b9cdefcf9,Ef7ec01bc81d3,T353ba1d40009,fentanyl citrate (sublimaze) injection@2019-10-20,2024-01-18,month_year,2024-01-31,0,0,0,1,0
S12778d7a164a,E80de4d9fa323,T21646e4fc216,amphetamine aspartate; amphetamine sulfate; dextroamphetamine saccharate; dextroamphetamine sulfate tablets@2023-01-13,2025-12-04,quarter,2026-03-31,0,0,0,0,0
S127a3c58866b,Efee5d893159d,Tab1c2ab3d387,azacitidine injection@2021-01-17,2024-10-15,month_year,2024-10-31,0,1,0,0,0
S1285a80deeb8,E34063abdaac6,T87f1f96f51b1,sodium chloride 0.9% injection bags@2019-10-20,2024-05-24,part_of_month,2024-05-31,0,0,0,0,0
S12ab6eca7031,Eb3ce718e8e5b,T2a79bd039e71,"bupivacaine hydrochloride and epinephrine injection, usp@2019-10-20",2023-04-28,month_year,2023-09-30,0,0,1,0,0
S12b9466e721d,Ed92194d4ad8d,T1a04ebf135ed,heparin sodium and sodium chloride 0.9% injection@2019-10-20,2023-02-16,month_year,2023-06-30,0,1,0,0,0
S12ccd13850fb,Ede02cb34ee61,Ta266f421d27b,potassium chloride injection@2021-11-30,2023-11-07,month_year,2023-11-30,0,0,0,0,0
S12cdb44eab98,E4791dfd7ecf5,Taea053fa22f5,lidocaine hydrochloride (xylocaine) and dextrose injection solution-premix bags@2019-10-20,2023-01-20,month_year,2023-06-30,1,0,0,0,0
S12ec2eb4ea36,Ed33e0d371f36,Taa919a978cec,"bupivacaine hydrochloride and epinephrine injection, usp@2019-10-20",2024-01-19,month_year,2024-03-31,0,0,0,1,0
S12f8e4a57247,Eee89b6b0b5d0,T7a1170e66a1d,mefloquine hydrochloride tablet@2024-05-15,2024-10-15,month_year,2025-02-28,0,0,0,0,0
S13041aad8663,Ef6ec7b517d19,T7ed5ac33fe3f,"furosemide injection, usp@2020-06-12",2023-05-01,month_no_year,2023-05-31,0,0,0,0,0
S130e5ded893d,E00d6a9bb8ab5,T9d51c7da5283,"sodium acetate injection, usp@2019-10-20",2024-07-15,month_year,2025-03-31,0,0,0,0,0
S1316e37ea059,E1558ad898743,T7f46f599a4ab,penicillin g benzathine injectable suspension@2023-05-14,2024-03-21,month_year,2024-12-31,0,0,0,1,0
S131dbb72da4d,Efc3adb69c408,Tab1c2ab3d387,azacitidine injection@2021-01-17,2025-02-14,month_year,2025-02-28,0,0,0,0,0
S13520c73250a,E4c851fa58b48,T37a5a86ea958,amphetamine aspartate; amphetamine sulfate; dextroamphetamine saccharate; dextroamphetamine sulfate tablets@2023-01-13,2024-10-02,part_of_month,2024-10-31,0,0,0,0,1
S138db5e9ccd8,E2acd92cdf9c1,T2060a63e71d8,rocuronium bromide injection@2023-03-02,2023-02-24,month_year,2023-03-31,0,1,0,0,1
S13b07287e3c0,E5100c06ca22e,T23a95b7969db,"hydromorphone hydrochloride injection, usp@2019-10-20",2024-12-06,month_year,2025-02-28,0,0,0,1,0
S13df28082c2d,E060b9ea334b5,T7ef1cb0390d6,somatropin (saizen) injection@2023-01-13,2023-04-28,month_year,2023-12-31,0,0,0,0,0
S14242f89535c,E40b276428a72,T4966ee585308,sterile water@2021-11-30,2024-06-05,month_year,2024-07-31,0,0,0,0,0
S1427a248b0dd,Ebdc50daa47da,Te1e14469a196,riluzole oral suspension@2024-02-05,2024-03-21,exact_day,2024-03-25,0,1,0,0,0
S1432b22b128a,E5db8b72e64a5,T0baafc996c44,"bupivacaine hydrochloride and epinephrine injection, usp@2019-10-20",2024-07-15,month_year,2024-12-31,0,1,0,0,0
S1449e8bf3b5b,E518e576938a3,T3148fe3cd7a1,amphetamine aspartate; amphetamine sulfate; dextroamphetamine saccharate; dextroamphetamine sulfate tablets@2023-01-13,2024-11-26,month_year,2025-01-31,0,0,0,1,0
S145d27f023fd,E2133302f2cee,T351a611adfa8,dextrose 25% injection@2022-10-04,2024-03-28,month_year,2024-09-30,0,0,0,0,0
S147a7ae530de,E9c2a79ba9927,T95fcf5c308c1,methotrexate sodium injection@2023-03-25,2024-02-27,quarter,2024-09-30,0,0,0,0,0
S148328930932,E418a2b4e823d,T98ab9124ffcb,"hydromorphone hydrochloride injection, usp@2019-10-20",2024-04-08,month_year,2024-06-30,0,0,0,0,0
S1497e1dcc949,Ee5137bc24bd5,T880a0162b123,amphetamine aspartate; amphetamine sulfate; dextroamphetamine saccharate; dextroamphetamine sulfate tablets@2023-01-13,2024-09-16,part_of_month,2024-10-20,0,0,0,0,0
S149803205550,E05e1cca5d464,T1c80a1c18b66,hydrocortisone sodium succinate injection@2023-03-25,2024-03-28,month_year,2024-03-31,0,0,0,1,0
S149831ac2e92,E4fd582fd4cfa,T64e9ef84d9ad,lidocaine hydrochloride (xylocaine) and dextrose injection solution-premix bags@2019-10-20,2023-02-22,month_year,2023-03-31,0,0,0,0,0
S14bee57a5a41,E9aca75ddabd8,Tf52252f26231,"bupivacaine hydrochloride injection, usp@2019-10-20",2023-10-13,month_year,2023-11-30,0,0,1,0,0
S14c5dddd0d8a,E20a23cb3a387,T72bc27f49da7,carboplatin injection@2023-05-14,2024-09-11,month_year,2024-12-31,0,0,0,0,0
S14eadeda7583,E0df34d470477,T5439bc9cc7b5,"sodium acetate injection, usp@2019-10-20",2024-09-11,month_year,2024-09-30,0,0,0,0,0
S14f16a7e324e,Ea9d7bfa8f303,Tcbd316ec8fb0,sodium chloride 0.9% injection bags@2019-10-20,2024-01-22,quarter,2024-06-30,1,0,0,0,0
S1524e129a8a3,E3b83b1bb6f81,T2f160a5e83bf,lidocaine hydrochloride (xylocaine) injection with epinephrine@2019-10-20,2024-05-08,month_year,2024-05-31,0,0,0,0,0
S1526ec44d8ce,E5965c35d0bde,T6cafe9d8cc03,"sodium bicarbonate injection, usp@2019-10-20",2023-04-28,month_year,2024-03-31,1,0,0,0,1
S15836f8fa38f,Ea9d61069e6b6,T30c9e6049700,sodium chloride 0.9% injection bags@2019-10-20,2023-02-16,month_year,2023-06-30,0,0,0,0,0
S158ea4af789f,Ed9f55ac44647,T5acd70fcc48c,"sodium bicarbonate injection, usp@2019-10-20",2024-09-11,month_year,2024-12-31,0,0,0,1,0
S159990822d63,Efa380e38c9f8,Teb78879f84a1,amoxicillin oral powder for suspension@2023-01-13,2023-05-08,month_year,2023-05-31,1,0,0,0,0
S159f2e400954,E9c0710e74d1e,Tc3d8b9756444,dulaglutide (trulicity) injection@2023-01-13,2023-11-27,month_year,2024-03-31,1,0,0,0,0
S15a11f12816d,Ed91e6d51632b,T8161ef3fd46b,nitroglycerin injectable@2023-11-14,2025-05-20,month_year,2025-07-31,1,0,0,0,0
S15babf6562cd,E945260c1df0d,T86fbd150a972,penicillin g benzathine injectable suspension@2023-05-14,2024-04-08,month_year,2025-03-31,0,0,0,0,0
S15dca58e8bb1,Eac1e4986e451,T02758fe85bc3,carboplatin injection@2023-05-14,2023-05-08,quarter,2023-12-31,0,1,0,0,0
S16331f4e200d,E028943dda2bb,Tc11f40ba48a3,somatropin (saizen) injection@2023-01-13,2024-02-27,quarter,2024-09-30,0,0,0,0,0
S1633b381134d,E6b59ba625327,Tfd00194139d0,remifentanil (ultiva) lyophilized powder for solution injection@2022-10-04,2023-05-09,month_year,2023-05-31,0,0,0,0,0
S1651af07ae54,E2d793f4de72c,Tdbcedad43e29,lidocaine hydrochloride (xylocaine) injection with epinephrine@2019-10-20,2025-03-11,month_year,2026-03-31,0,0,0,0,0
S1658d2cbc8de,Eda3996e5eab1,T41fe6c526b90,sodium chloride 0.9% injection bags@2019-10-20,2024-04-18,month_year,2024-05-31,0,0,0,0,0
S166a815c4823,Ea1c9eaa176cd,Taa919a978cec,"bupivacaine hydrochloride and epinephrine injection, usp@2019-10-20",2024-07-15,month_year,2024-12-31,0,0,0,0,0
S16c1d1929dc1,E8ff106167993,Tb9e9edd3eb54,liraglutide injection@2023-11-14,2024-01-08,month_year,2024-03-31,0,0,0,0,0
S16e5839fdd06,Efa2bb8736233,Tc7603803b48a,somatropin (saizen) injection@2023-01-13,2023-12-27,quarter,2024-06-30,0,0,0,0,0
S16e937f28ced,Ed91a14ce6a21,T01e24c1f23b2,"methylphenidate film, extended release@2025-03-17",2025-05-28,part_of_month,2025-09-10,0,0,0,1,0
S16f5c45b8ec4,E52e4d6c91561,T6db81e214ff8,"morphine sulfate injection, usp@2019-10-20",2025-06-09,month_year,2025-12-31,1,0,0,0,1
S16fe00d5da16,Efe729767bd89,Ta98a9ea5aefa,pantoprazole sodium for injection@2019-10-20,2023-01-09,month_year,2023-03-31,0,1,0,0,0
S170344024439,E912c8ad5c895,T3ebafc67249c,"bupivacaine hydrochloride and epinephrine injection, usp@2019-10-20",2024-03-28,month_year,2025-06-30,0,0,0,0,0
S1708414f4985,Edb39d02cb51c,T08f8f2db5df5,clindamycin phosphate injection@2023-03-25,2023-12-21,quarter,2024-03-31,0,0,1,0,0
S1737cf2bbc5f,E5549723d2455,T2eb96571f0ec,methylprednisolone acetate injection@2022-10-04,2025-11-26,month_year,2025-12-31,0,0,0,0,0
S17570e4e7e17,Ecd38556bce99,Ta0382fde30d5,leucovorin calcium lyophilized powder for injection@2019-10-20,2024-09-04,month_year,2024-09-30,0,0,0,1,0
S175fe97be881,E98cde315db85,T0fe345d6daf2,ketorolac tromethamine injection@2019-10-20,2023-03-01,quarter,2023-09-30,0,0,0,0,0
S17a5b57101d6,E25d3c3ca2a77,T1b6267c76933,heparin sodium and sodium chloride 0.9% injection@2019-10-20,2023-01-24,month_year,2023-03-31,0,0,0,0,0
S182b79f2df57,Efa5abfe7a534,T7a36f20681e1,lidocaine hydrochloride (xylocaine) injection with epinephrine@2019-10-20,2024-03-18,month_year,2024-04-30,0,0,0,0,0
S185887981ef9,Eceea60e29592,T397f57520d69,"sodium bicarbonate injection, usp@2019-10-20",2023-11-07,month_year,2023-11-30,0,0,0,0,0
S185d65d77860,Eb78a328f66cb,T851aebdbadbf,somatropin (saizen) injection@2023-01-13,2024-02-27,month_year,2024-02-29,1,0,0,0,0
S189d76bb174c,E3b59a152c812,T8562b68731c0,dextrose 25% injection@2022-10-04,2024-07-15,month_year,2025-03-31,0,0,0,0,0
S18b02725836a,E950f302ed707,T38c19b469fcc,sodium chloride 0.9% injection bags@2019-10-20,2025-03-11,month_year,2025-06-30,0,0,0,0,0
S18b104d9843f,Eb03d4f609839,T7adfeff51f2e,clindamycin phosphate injection@2023-03-25,2025-02-25,part_of_month,2025-03-10,1,0,0,0,0
S18d3f4fbae71,E80889fd0e89a,Tec3110e69600,calcium gluconate injection@2021-04-12,2023-01-04,month_year,2023-01-31,0,0,0,0,0
S18d4348fd546,E6be635ac67d4,Te8fb57c347f4,"midazolam injection, usp@2020-04-02",2023-02-16,month_year,2024-03-31,0,0,0,0,0
S18d94d14b3e3,Ec5b328c7a563,T21a48c1e7aa7,lidocaine hydrochloride (xylocaine) injection with epinephrine@2019-10-20,2025-03-11,month_year,2025-09-30,0,0,0,0,0
S190b04e2e26a,E1b399f379b10,T370b04a63b46,dextrose 25% injection@2022-10-04,2023-01-24,quarter,2023-06-30,0,0,0,0,0
S191428479dbe,Ec612dead5431,Tcc6024a3a406,dopamine hydrochloride injection@2019-10-20,2024-05-24,month_year,2024-06-30,0,1,0,0,0
S195fc01f68a5,E80db8789f6d5,Tafe07ae7d4b7,"bupivacaine hydrochloride and epinephrine injection, usp@2019-10-20",2024-01-19,month_year,2024-06-30,0,0,0,1,0
S196837a88329,E1362211ad03d,T94ce24ceeaf0,lidocaine hydrochloride (xylocaine) and dextrose injection solution-premix bags@2019-10-20,2023-01-20,month_year,2023-12-31,0,0,0,0,0
S19a3c857bd4a,E84977c4e0ae3,Tf70af3cc84f6,leucovorin calcium lyophilized powder for injection@2019-10-20,2023-05-09,month_year,2023-07-31,0,0,0,0,0
S19bc095f5bbb,Eafd7e8a2d5e5,T890b486b88ae,naltrexone hydrochloride tablet@2024-03-01,2024-03-15,month_year,2024-03-31,0,0,0,0,1
S19daf85a831a,E0f8a711a53c6,T930ff704c452,methotrexate sodium injection@2023-03-25,2025-02-25,month_year,2025-08-31,0,0,0,0,0
S19dc5d35f1a8,E5b644ea3342f,T1d565d3876a2,cytarabine injection@2021-10-06,2024-06-05,month_year,2024-06-30,1,0,0,0,0
S19dcbe2902c7,E18c27af1544c,T13430dff20a8,sodium chloride 0.9% injection bags@2019-10-20,2024-04-18,month_year,2024-06-30,0,0,1,0,0
S19dfe64d53a9,Ee01288e479de,T43ef1f4ba6ff,diltiazem hydrochloride@2019-10-20,2023-09-11,month_year,2023-12-31,0,0,0,0,0
S19e7ee8e1aac,E36999f454f76,Ta157049099a2,amphetamine aspartate; amphetamine sulfate; dextroamphetamine saccharate; dextroamphetamine sulfate tablets@2023-01-13,2024-03-15,quarter,2024-03-31,0,0,0,0,0
S1a074125d553,Eb32dfc3f0c58,T6aa1c6379da7,"sodium bicarbonate injection, usp@2019-10-20",2023-01-09,month_year,2024-03-31,0,0,0,0,0
S1a3549060878,E648e646c402b,T5acd70fcc48c,"sodium bicarbonate injection, usp@2019-10-20",2023-02-22,month_year,2023-06-30,0,0,0,0,0
S1a3f8fde20c9,E634609170f16,Tf7a46069bae7,ketamine injection@2019-10-20,2024-01-19,month_year,2024-03-31,0,0,0,0,0
S1a512cc33c1b,E16d7facc05ef,T191debc5f271,sucralfate tablets@2023-01-13,2023-01-04,month_year,2023-06-30,1,0,0,1,0
S1a56ad763c6d,Ed212b6b76cd4,Tbc5ca1741a21,"bupivacaine hydrochloride injection, usp@2019-10-20",2023-01-09,month_year,2023-02-28,0,0,0,0,0
S1a5834914574,Eb750b9c45e6b,T79558ccb11c4,"bupivacaine hydrochloride injection, usp@2019-10-20",2023-01-09,month_year,2023-09-30,1,0,0,0,0
S1a61829c5909,E115c7f0fa9bd,T351a611adfa8,dextrose 25% injection@2022-10-04,2023-04-28,month_year,2024-03-31,0,0,0,1,0
S1a8dfe4151d0,Ed5ccce8a10e3,Te8fb57c347f4,"midazolam injection, usp@2020-04-02",2023-03-17,month_year,2024-03-31,0,0,0,0,0
S1aa1ca7834d5,Ee2a58baae47f,T015d369787bf,"hydromorphone hydrochloride injection, usp@2019-10-20",2024-05-15,month_year,2024-08-31,0,0,0,0,0
S1ab21735dbff,E87fa3c93fc3e,T870c5fc9ff0a,potassium chloride injection@2021-11-30,2023-04-21,month_year,2023-04-30,0,0,0,1,0
S1ab8da3ba017,Ec6c094865404,T1a140d2829ca,mepivacaine hydrochloride injection@2021-08-02,2023-03-10,month_year,2023-03-31,0,0,1,0,0
S1abd2304b891,E27f0f9793174,T886393b19101,lidocaine hydrochloride (xylocaine) and dextrose injection solution-premix bags@2019-10-20,2024-01-23,range,2024-02-29,0,0,0,0,0
S1aeed81d5d90,E21d43158d1b5,Tc79d3e856dea,carboplatin injection@2023-05-14,2023-04-28,quarter,2023-09-30,1,0,0,0,0
S1b006935faf2,E92a9353e7a19,T98ab9124ffcb,"hydromorphone hydrochloride injection, usp@2019-10-20",2023-09-11,month_year,2024-06-30,0,0,0,0,0
S1b2bb263554a,Edda5b3c4daf7,Tcbe963ffcb71,dobutamine hydrochloride injection@2019-10-20,2023-02-16,month_year,2023-06-30,1,0,0,0,0
S1b5159748d16,Ea1dd988a8901,T23f940b71b27,methylprednisolone acetate injection@2022-10-04,2024-12-13,month_year,2025-03-31,0,0,0,0,0
S1b6a390e9e11,E7217c627fdc0,T6c00a7ed0175,lisdexamfetamine dimesylate capsule@2023-11-14,2024-09-17,month_year,2024-10-31,1,0,0,1,0
S1b721054a1e6,Ebd06ea3d49a5,T856d9636f534,somatropin (saizen) injection@2023-01-13,2023-12-19,quarter,2024-03-31,0,0,0,0,0
S1b765abbd92d,Ea5fdc2b491fe,T77266d81ec89,"hydromorphone hydrochloride injection, usp@2019-10-20",2024-01-18,month_year,2024-03-31,1,0,0,0,0
S1b9e565ffb4a,E9e701ea44d47,T23a95b7969db,"hydromorphone hydrochloride injection, usp@2019-10-20",2024-09-04,month_year,2025-02-28,0,0,0,0,0
S1ba0930c09fe,E1a9db63351a6,T3f35e4f64a39,dextrose 25% injection@2022-10-04,2023-01-26,month_year,2023-02-28,0,1,0,0,0
S1bb0a6e4403b,E064906c57003,T1192c1429598,etomidate injection@2022-10-06,2023-03-17,month_year,2023-04-30,0,0,0,0,0
S1bbf8c3d4037,E2be37557dcb7,T62316af05dfc,"bupivacaine hydrochloride and epinephrine injection, usp@2019-10-20",2023-04-28,month_year,2024-06-30,0,0,0,0,0
S1bcb5fc80010,Eda66ccb6da6a,T3f2f1df1d074,"morphine sulfate injection, usp@2019-10-20",2024-11-25,month_year,2024-12-31,0,1,0,0,0
S1beb0e38dca0,E72ea17d6bc81,Tca19a0417af3,lisdexamfetamine dimesylate capsule@2023-11-14,2024-12-02,part_of_month,2025-01-10,0,1,0,0,0
S1c26cfc603dd,Ecb0808382be9,T1c80a1c18b66,hydrocortisone sodium succinate injection@2023-03-25,2023-12-20,month_year,2024-04-30,1,0,0,1,0
S1c2e86d2503b,E724afc17a2d9,T279b921fe293,"bupivacaine hydrochloride injection, usp@2019-10-20",2023-02-21,part_of_month,2023-02-28,0,0,1,0,0
S1c5b8b87d363,E7661c7ba532c,T4e0f621504be,remifentanil (ultiva) lyophilized powder for solution injection@2022-10-04,2025-02-24,month_year,2025-03-31,0,0,0,0,0
S1c9a4cb6a4e1,Ea765f3cff362,T79558ccb11c4,"bupivacaine hydrochloride injection, usp@2019-10-20",2023-04-28,month_year,2024-03-31,0,0,0,0,0
S1cba2e8bbf41,Ea73e6ba9dbc0,T43667bce0390,"furosemide injection, usp@2020-06-12",2025-11-26,month_year,2025-12-31,0,0,0,0,0
S1cba3affa54c,Eb9f78f8957cd,T7adfeff51f2e,clindamycin phosphate injection@2023-03-25,2023-12-21,quarter,2024-03-31,0,0,0,0,0
S1cfe79bb48ef,E6b9399c47182,T6fc27345f053,"sodium acetate injection, usp@2019-10-20",2024-03-28,month_year,2024-09-30,0,0,0,0,0
S1d0bd536fe6c,E88daface621f,Tfb7ccbdd0e90,tirzepatide injection@2023-01-13,2024-04-01,month_year,2024-04-30,0,0,0,0,0
S1d2db5f5631d,E500e29b7b4a9,Tf9b09cf52442,sterile water@2021-11-30,2023-04-21,month_year,2023-06-30,0,0,0,0,0
S1d5bf9695204,Ec0893888bb7c,T56b048433add,fentanyl citrate (sublimaze) injection@2019-10-20,2023-03-17,month_year,2023-06-30,0,0,0,0,0
S1d66750079c5,Eaa58fe839233,T53b4e83a18fb,sterile water@2021-11-30,2023-04-28,month_year,2023-12-31,1,0,0,1,0
S1d6c7d347340,E11bbf87c3416,Tef056971473d,amphetamine aspartate; amphetamine sulfate; dextroamphetamine saccharate; dextroamphetamine sulfate tablets@2023-01-13,2025-02-14,month_year,2025-03-31,1,0,0,0,0
S1d6cc7644eab,Ec7d8fb3a37ee,T040a68b1e1e6,"bupivacaine hydrochloride injection, usp@2019-10-20",2023-09-11,month_year,2024-06-30,1,1,0,1,0
S1d81fcdca82a,E2fa5d3691ad2,T44cea6fb85de,methotrexate sodium injection@2023-03-25,2025-03-11,month_year,2025-12-31,0,0,0,0,0
S1d963eb8ff3d,Ef4be5519f456,Taa919a978cec,"bupivacaine hydrochloride and epinephrine injection, usp@2019-10-20",2024-05-15,month_year,2024-06-30,0,0,0,0,0
S1db54778c91d,E442912706fdd,Td8c3742da817,"sodium bicarbonate injection, usp@2019-10-20",2023-03-17,month_year,2023-06-30,0,0,0,0,0
S1dc364a43133,Efb18d22ce546,T4e0f621504be,remifentanil (ultiva) lyophilized powder for solution injection@2022-10-04,2024-09-05,quarter,2024-12-31,1,0,1,0,0
S1df0696355d4,E0415a5214742,Tf8bc9fa3dcfd,"sodium bicarbonate injection, usp@2019-10-20",2024-10-02,month_year,2024-10-31,0,0,0,0,0
S1e162a6e2d5b,E6387e9d6b3f2,Te9cf324de6fa,"furosemide injection, usp@2020-06-12",2025-06-09,month_year,2025-06-30,0,0,0,0,0
S1e3f3ae06944,Ee39df7b1d638,Tb18e1b1e42c9,rocuronium bromide injection@2023-03-02,2024-01-18,month_year,2024-02-29,0,0,0,0,0
S1e598e72c2a3,E97ce14c8a6e8,Td7e8faf165e9,hydrocortisone sodium succinate injection@2023-03-25,2024-03-28,month_year,2024-06-30,0,0,0,0,1
S1e5a79962731,E52aca0298d3a,T173969ae487b,promethazine (phenergan) injection@2023-12-07,2024-05-23,month_year,2024-06-30,0,0,0,0,0
S1eba609a21f2,E4e5fe3b4e3c9,T1a04ebf135ed,heparin sodium and sodium chloride 0.9% injection@2019-10-20,2023-01-20,month_year,2023-03-31,0,0,0,0,0
S1ecbac24c36e,E1ee978250af8,T38c19b469fcc,sodium chloride 0.9% injection bags@2019-10-20,2024-05-24,month_year,2024-09-30,0,0,0,0,0
S1ef672ab952f,E9da04efff167,T4fdd551e85d5,"bupivacaine hydrochloride injection, usp@2019-10-20",2023-04-28,month_year,2024-03-31,0,0,0,0,0
S1f13f862352c,E8ccb3bee1820,T43667bce0390,"furosemide injection, usp@2020-06-12",2023-04-28,month_year,2023-09-30,0,0,0,0,0
S1f1718b9e936,E15226556a279,Tb18e1b1e42c9,rocuronium bromide injection@2023-03-02,2025-02-07,month_year,2025-03-31,0,0,0,0,0
S1f42829d5df4,E8add57f0877e,T82cb0781012b,lidocaine hydrochloride (xylocaine) and dextrose injection solution-premix bags@2019-10-20,2023-01-20,month_year,2024-03-31,0,1,0,0,0
S1fa0177e00cc,Eb99ca997689d,T9dcf536d09ab,"midazolam injection, usp@2020-04-02",2023-01-20,month_year,2023-12-31,0,0,0,0,0
S1facb08a1a3f,E0b7aef39666b,T1c553550a314,"methylphenidate hydrochloride tablet, extended release@2023-11-14",2025-02-25,month_year,2025-05-31,0,0,0,0,0
S1fd61e2055a2,Efd5c12d8488a,Td33cdc1e09b8,leucovorin calcium lyophilized powder for injection@2019-10-20,2024-03-20,month_year,2024-05-31,0,0,0,0,0
S1fe0ae3737f5,E215cd6ad401c,T280b91db89c7,"valproate sodium injection, usp@2021-01-17",2024-11-19,month_year,2025-01-31,0,1,0,0,0
S1ffead51fb9a,E664127921eb5,T14e35ab25c32,clindamycin phosphate injection@2023-03-25,2025-05-23,month_year,2025-06-30,0,1,1,0,0
S201cb4c289b6,E0bbb8a56ba0d,T3f1fb5adcb1e,sodium chloride 0.9% injection bags@2019-10-20,2023-01-09,month_year,2024-03-31,0,0,0,1,0
S201f51c79b69,Ece16896a079f,Tc6b78f13b101,somatropin (saizen) injection@2023-01-13,2023-01-06,month_year,2023-03-31,0,0,0,0,0
S20272cf25e62,E38a831fb0f6c,T351a611adfa8,dextrose 25% injection@2022-10-04,2023-02-22,month_year,2024-03-31,0,0,0,0,0
S202c2f7ee5e9,E9310738d62ac,Tb10e73a08366,atropine sulfate injection@2019-10-20,2024-05-15,month_year,2024-12-31,0,0,0,0,0
S20575fa9a08a,Eb7b7ab97a634,T271177693a21,dopamine hydrochloride injection@2019-10-20,2025-05-23,month_year,2025-12-31,1,0,0,0,0
S207abc4502f2,Eef3009eb09e8,T59a40b831791,ropivacaine hydrochloride injection@2019-10-20,2023-02-21,part_of_month,2023-02-28,0,0,0,0,0
S20884d3fed02,Effd5fa10b61b,T4c0f1f7d310c,amino acids@2021-01-17,2024-10-11,month_year,2024-11-30,0,0,0,0,0
S209e669d7cc0,Eb224ad68cf10,Te34ea0d29192,fentanyl citrate (sublimaze) injection@2019-10-20,2023-02-16,month_year,2023-12-31,0,0,0,0,0
S20a04acb0f2c,E3cd32cde9adc,T973b265fdd8b,"hydromorphone hydrochloride injection, usp@2019-10-20",2023-01-09,month_year,2023-03-31,0,0,0,0,0
S20af5a556889,E91e012480ae8,Tbfc073375306,lidocaine hydrochloride (xylocaine) injection with epinephrine@2019-10-20,2023-04-28,month_year,2023-09-30,0,1,0,0,0
S20c1aca7b6f4,Eb363977e2f41,T94ce24ceeaf0,lidocaine hydrochloride (xylocaine) and dextrose injection solution-premix bags@2019-10-20,2023-02-22,month_year,2023-12-31,0,0,0,1,0
S2155cc574e15,E5b6b5e6f8c92,T225eaf2545de,ketorolac tromethamine injection@2019-10-20,2023-01-04,month_year,2023-01-31,1,1,0,1,0
S217dcfc7b9ba,Ee755122d414b,T1f9f0167aea9,lidocaine hydrochloride (xylocaine) injection with epinephrine@2019-10-20,2023-04-21,month_year,2023-05-31,0,0,0,0,0
S2187538d9508,Efde9ac437929,T4b3af047aa5a,"methylphenidate hydrochloride tablet, extended release@2023-11-14",2024-04-26,month_year,2024-04-30,0,1,1,0,0
S2189ef0efdfa,Ef9ffec20b327,T7a1170e66a1d,mefloquine hydrochloride tablet@2024-05-15,2024-12-06,month_year,2025-06-30,0,0,0,0,0
S219ab21be7f2,E2c50db8d366b,Tfcc79c961f87,dexamethasone sodium phosphate injection@2019-10-20,2023-05-16,range,2023-06-30,0,0,1,0,0
S21c7cf090ea7,E44fbff52ce90,Tdaa4b6b5b185,methotrexate sodium injection@2023-03-25,2024-05-15,month_year,2024-07-31,1,0,0,0,0
S21e087e674ed,E228ea014602e,Tc9e3cef23ee5,clindamycin phosphate injection@2023-03-25,2024-04-18,month_year,2024-09-30,0,1,0,0,0
S21eaf1646949,Eba1cf0d8ee11,T72dc2c6e2315,"hydromorphone hydrochloride injection, usp@2019-10-20",2025-01-14,month_year,2025-01-31,0,0,0,0,0
S220515a31933,E924cb2bb6141,Te9f0345efe32,clindamycin phosphate injection@2023-03-25,2023-12-27,month_year,2024-03-31,0,0,0,0,0
S2228a76dcce9,E7718b9620f82,T72bc27f49da7,carboplatin injection@2023-05-14,2023-12-27,month_year,2024-09-30,0,0,0,0,0
S22888c69a6d0,E5beba78af108,Tbf96f0d92d1d,dexamethasone sodium phosphate injection@2019-10-20,2024-04-16,month_year,2024-05-31,0,0,0,0,0
S22b28f39bbc2,E8f534cfd428e,T7d58b1702573,gentamicin sulfate injection@2021-08-02,2023-03-17,month_year,2023-12-31,0,0,0,0,0
S22e7ad1934fb,Ee13f26852f8b,Tfbde6551e081,technetium tc-99m pyrophosphate kit injection@2024-01-12,2025-06-23,year,2025-12-31,0,0,0,0,0
S22f69f65baff,E1b9304c805e2,T423238d56df2,"midazolam injection, usp@2020-04-02",2025-07-31,month_year,2025-09-30,1,0,0,0,0
S2316f5c419ab,Ea930a04c9043,Tb86bd060259c,"sodium acetate injection, usp@2019-10-20",2023-02-16,month_year,2023-09-30,0,0,0,0,0
S2366858b3367,Ee23dfb67ece5,Tbd07dc01b839,dexamethasone sodium phosphate injection@2019-10-20,2024-10-31,month_year,2024-11-30,0,0,0,0,0
S23a2162e063b,E2651e4a69e8c,T0c00f93259f5,"bupivacaine hydrochloride injection, usp@2019-10-20",2023-02-16,month_year,2023-12-31,0,1,0,0,0
S23a275f214d7,E91b47b0260a1,Tab1c2ab3d387,azacitidine injection@2021-01-17,2025-02-25,month_year,2025-02-28,0,0,0,0,0
S23b7beb63767,Ed745f6efc7b9,T023c4b064928,dextrose 25% injection@2022-10-04,2025-05-20,month_year,2025-05-31,0,0,0,0,0
S23db57973424,Edf8b5e55d83d,Tbc4f3b378a3c,"lorazepam injection, usp@2019-10-20",2025-11-26,month_year,2025-12-31,0,0,0,0,0
S23f8b58a2db4,E97012caea2f0,T516a8926327b,"bupivacaine hydrochloride injection, usp@2019-10-20",2025-01-14,month_year,2025-03-31,1,1,0,0,0
S23fbdf5b4dec,Eb96372562d73,T6251b0f44b3a,sodium chloride 0.9% injection bags@2019-10-20,2025-02-20,month_year,2025-02-28,0,0,0,0,0
S2434a806f224,Ecdf5c3f1ad27,T20974d41b23a,methylprednisolone acetate injection@2022-10-04,2025-03-11,month_year,2025-09-30,0,0,0,0,0
S244f94203f86,E45438aa7d352,Td7e8faf165e9,hydrocortisone sodium succinate injection@2023-03-25,2024-09-11,month_year,2024-09-30,1,0,0,0,0
S24a34ccd2b0f,Eae1b0fe48732,T280b91db89c7,"valproate sodium injection, usp@2021-01-17",2024-02-01,month_year,2024-03-31,1,0,0,0,0
S24afd5bba045,E6b2b1c80800e,Tad98a263ea3a,lidocaine hydrochloride (xylocaine) injection with epinephrine@2019-10-20,2024-01-18,month_year,2024-02-29,0,0,0,1,0
S24c4a28d27ea,E51fe62346e4c,T86fbd150a972,penicillin g benzathine injectable suspension@2023-05-14,2023-09-11,year,2024-12-31,0,0,0,0,0
S24e13c483ad4,Ef4c0dfd9d539,T1f1ce3538fe1,fentanyl citrate (sublimaze) injection@2019-10-20,2023-03-10,month_year,2023-03-31,0,0,0,0,0
S250cd0ee9187,E1c0ae7a8dfef,Taaab35c926b0,sufentanil citrate injection@2022-10-04,2025-07-31,month_year,2025-12-31,0,0,0,0,0
S25189d267eea,E1bc9dea2c2ce,T68b3e3fc6e9a,dobutamine hydrochloride injection@2019-10-20,2024-05-24,month_year,2024-06-30,0,0,1,0,0
S253186845219,Efd9baaa31c79,Taa919a978cec,"bupivacaine hydrochloride and epinephrine injection, usp@2019-10-20",2023-01-09,month_year,2023-09-30,0,0,0,0,0
S25318f414df4,Eec060f0ffc14,Td8e5ab6b5f02,ketorolac tromethamine injection@2019-10-20,2023-01-09,month_year,2023-12-31,0,1,0,1,0
S255e00cf38db,E3bfb56d4ee51,Tccbdf26e7d4c,dobutamine hydrochloride injection@2019-10-20,2025-05-23,month_year,2025-06-30,0,0,0,0,0
S25612a2765be,E1ac0c51d64be,Tbc4f3b378a3c,"lorazepam injection, usp@2019-10-20",2025-01-14,month_year,2025-03-31,0,0,1,0,0
S258214280fae,E3e83bcd92ebf,T7ca06751c527,lipid injection@2021-11-30,2023-01-24,month_year,2023-03-31,0,0,0,0,0
S259407c8a2f7,E3253eba7c7d1,Tca19a0417af3,lisdexamfetamine dimesylate capsule@2023-11-14,2025-03-04,month_no_year,2025-05-31,0,0,0,1,0
S25b0df1a1ab4,E2ed6ba4f0001,Td795a44a072a,lidocaine hydrochloride (xylocaine) injection with epinephrine@2019-10-20,2024-03-28,month_year,2025-03-31,0,1,0,0,0
S25b4aae4f5c2,Ee33051893e6f,T6b013d73006e,lidocaine hydrochloride (xylocaine) injection with epinephrine@2019-10-20,2024-02-01,month_year,2024-02-29,0,0,0,0,0
S25b838e7f94b,Ed281ed74aa15,T767697df93fc,"morphine sulfate injection, usp@2019-10-20",2023-03-17,month_year,2023-06-30,1,0,0,0,1
S25d6fd512b88,Ea9d0db9d15f9,Tdfbaf341fd57,fentanyl citrate (sublimaze) injection@2019-10-20,2023-03-17,month_year,2023-06-30,0,0,1,0,0
S25dd79c10e9f,Eeb04f020b055,T705a2b2f772c,"methylphenidate film, extended release@2025-03-17",2025-05-28,part_of_month,2025-10-31,0,0,0,0,1
S25e1df145db9,Ea665ba9ab7ab,T851aebdbadbf,somatropin (saizen) injection@2023-01-13,2023-12-27,month_year,2024-02-29,0,0,0,0,0
S25f0b6f33fa5,Edd0bb623d6c5,T351a611adfa8,dextrose 25% injection@2022-10-04,2024-07-15,month_year,2024-12-31,0,0,0,0,0
S26049166dd44,Ea8a9a466b203,Ta8000c6a2e2d,"bupivacaine hydrochloride and epinephrine injection, usp@2019-10-20",2024-03-28,month_year,2025-12-31,0,0,0,0,0
S261c6f871f51,E336cf2db1a69,T02758fe85bc3,carboplatin injection@2023-05-14,2024-04-26,month_year,2024-05-31,0,1,0,0,0
S26328ce0c8f5,E3918ae2768f6,Td3832af67ad1,"sodium bicarbonate injection, usp@2019-10-20",2025-06-09,month_year,2026-03-31,0,0,0,0,0
S263fc6b723c3,Eb314a0f9335d,T1c1fe40145b3,sulfasalazine tablets@2020-06-12,2023-09-11,month_year,2024-01-31,1,0,0,0,0
S264390c78af8,E6d957385e62d,Tfb9eb95dd0cc,lisdexamfetamine dimesylate capsule@2023-11-14,2024-12-02,part_of_month,2024-12-31,0,0,0,0,0
S2671ac738ec7,E0c9733b1125c,Td33cdc1e09b8,leucovorin calcium lyophilized powder for injection@2019-10-20,2024-06-05,month_year,2024-08-31,0,0,0,0,1
S2676f569264c,E2a45744a67e1,Ta8000c6a2e2d,"bupivacaine hydrochloride and epinephrine injection, usp@2019-10-20",2024-12-19,month_year,2025-12-31,0,0,0,0,0
S269d03af3b17,E26f3b03a6302,Ta157049099a2,amphetamine aspartate; amphetamine sulfate; dextroamphetamine saccharate; dextroamphetamine sulfate tablets@2023-01-13,2024-05-02,month_year,2024-09-30,0,0,0,0,0
S26acab5a9ec7,E13b2ea1ead8f,T214f161e30c3,"bupivacaine hydrochloride injection, usp@2019-10-20",2023-01-09,month_year,2023-12-31,0,0,0,0,0
S26d8557b87ae,E70faf0820a9f,Te6b00cb7fc71,ropivacaine hydrochloride injection@2019-10-20,2023-02-13,month_year,2023-02-28,0,0,0,0,0
S26dc6293bc01,E5683da82c271,Td4f033c3f8b5,amphetamine aspartate; amphetamine sulfate; dextroamphetamine saccharate; dextroamphetamine sulfate tablets@2023-01-13,2023-05-08,month_year,2023-07-31,0,1,0,0,0
S26ed52ab5480,E39c9a784da1c,T2fe5c1b2955c,sodium chloride 0.9% injection bags@2019-10-20,2023-03-10,month_year,2023-03-31,0,0,0,0,0
S26eff45aae85,E831e20b68ede,Td24727dbb5b7,"methylphenidate hydrochloride tablet, extended release@2023-11-14",2025-02-07,month_no_year,2025-04-30,0,0,0,0,0
S26f62a1aadd4,Ee8001ea1b1d2,T686a91c2b0c2,"midazolam injection, usp@2020-04-02",2024-02-27,quarter,2024-03-31,1,0,0,0,0
S27152cf539cb,Ea7af016c8299,T14df52dab049,lidocaine hydrochloride (xylocaine) injection with epinephrine@2019-10-20,2024-02-27,quarter,2025-12-31,0,0,0,1,0
S271d7d814fa0,E328190cfe919,T85aef974ce63,promethazine (phenergan) injection@2023-12-07,2023-11-21,range,2023-12-31,0,1,0,0,0
S272a449b2473,E665249270ffb,Tb76f5ac97c89,etomidate injection@2022-10-06,2025-07-23,month_year,2025-10-31,0,0,0,0,0
S274f99243a35,Eaa9a33a1ed96,T9d51c7da5283,"sodium acetate injection, usp@2019-10-20",2023-04-28,month_year,2023-12-31,0,0,0,0,0
S27521522fcbd,Ea9db0463503a,T77266d81ec89,"hydromorphone hydrochloride injection, usp@2019-10-20",2024-09-04,month_year,2024-09-30,0,1,0,0,0
S2797d3a8cc60,E03bd71b2ff5b,T50e06bdd24bf,amphetamine aspartate; amphetamine sulfate; dextroamphetamine saccharate; dextroamphetamine sulfate tablets@2023-01-13,2023-03-09,month_year,2023-04-30,1,0,0,0,0
S279c7525df6f,Ecb2032e875bd,T65fd77894697,fentanyl citrate (sublimaze) injection@2019-10-20,2023-03-17,month_year,2023-12-31,0,1,0,0,0
S27b87004f83e,E907e35f337bf,T3da6cb213545,sodium chloride 0.9% injection bags@2019-10-20,2023-03-17,month_year,2023-12-31,0,0,0,0,0
S27bc53ebb162,E0b89b6ad17a5,T5cbaa57973c8,heparin sodium and sodium chloride 0.9% injection@2019-10-20,2025-03-11,month_year,2025-03-31,0,0,0,0,0
S27c13d3e5cbd,Eb8f9f07e4d43,T0bd97d89a4f4,"methylphenidate hydrochloride tablet, extended release@2023-11-14",2025-11-05,month_year,2025-11-30,0,0,0,1,0
S27e966ddbcc5,Eeb435224c5bf,T89fbc09a557b,methylprednisolone acetate injection@2022-10-04,2024-02-27,month_year,2024-06-30,0,0,1,0,0
S2802814fefcb,E5bdca503b15e,Ta95055913c57,"hydromorphone hydrochloride injection, usp@2019-10-20",2024-09-04,month_year,2024-09-30,0,0,0,0,0
S280bc7934b45,Ed60e1d5efc35,Ta8000c6a2e2d,"bupivacaine hydrochloride and epinephrine injection, usp@2019-10-20",2025-06-09,month_year,2026-03-31,0,0,0,0,0
S2820ef4a2f81,E42afdb536e0e,T3fe781a0ce64,lisdexamfetamine dimesylate capsule@2023-11-14,2024-11-01,part_of_month,2025-01-10,0,0,0,0,0
S282c1fa8105a,E6aa728f66a25,T64dc1915281d,"morphine sulfate injection, usp@2019-10-20",2024-06-05,month_year,2024-06-30,0,0,0,0,0
S284fdaedf12d,E4384b106f182,T973b265fdd8b,"hydromorphone hydrochloride injection, usp@2019-10-20",2023-12-27,month_year,2025-06-30,0,0,0,1,0
S28514447ebcc,E7e808f07d0d0,T9b3cfbee914c,lidocaine hydrochloride (xylocaine) and dextrose injection solution-premix bags@2019-10-20,2024-07-01,range,2024-08-31,1,0,0,0,0
S285639b6dbdd,Ec01120d913ed,Tf98b5c4db40e,"morphine sulfate injection, usp@2019-10-20",2024-06-05,month_year,2024-07-31,0,0,0,0,0
S2890430e104d,E64d160afd0a3,Te1b680be0fc2,methylprednisolone acetate injection@2022-10-04,2023-02-16,month_year,2023-09-30,0,0,0,0,0
S28aaae1cc1e0,E712f4b343b4a,Tb3f4767f6029,parathyroid hormone (natpara) injection@2019-10-20,2025-12-03,exact_day,2025-12-31,0,0,0,0,0
S28b6d7185712,Ec4b21ca6c914,Tc9e3cef23ee5,clindamycin phosphate injection@2023-03-25,2024-03-13,month_year,2024-09-30,0,0,0,0,0
S28ed40e6163d,E4eae8afec28e,Tbc2ca023887f,carboplatin injection@2023-05-14,2025-07-28,quarter,2025-12-31,1,0,0,0,0
S28f2c16190bb,Eff0aee0b2914,T629bea5890df,lidocaine hydrochloride (xylocaine) injection with epinephrine@2019-10-20,2024-01-18,month_year,2024-02-29,0,0,0,0,0
S290ffdd85162,Eb69621d1eb20,Taf37f016a576,amphetamine aspartate; amphetamine sulfate; dextroamphetamine saccharate; dextroamphetamine sulfate tablets@2023-01-13,2025-07-16,part_of_month,2025-08-31,0,0,0,1,0
S292fd0264e3c,Ee29b3aae4acd,Te7cbf1623278,"bupivacaine hydrochloride injection, usp@2019-10-20",2023-02-21,month_year,2023-03-31,1,0,0,0,0
S294a3ad97aec,E8468a7235582,T2f8876b1a4ea,sterile water@2021-11-30,2024-01-22,quarter,2024-09-30,0,0,0,0,0
S29e036169157,E78d66b11450c,T44288e706fa7,"triamcinolone acetonide (triesence) injection, suspension@2021-10-06",2024-08-14,month_year,2024-10-31,0,0,0,0,1
S29e148293cdc,E7d554020043a,T616d3fe4d514,promethazine (phenergan) injection@2023-12-07,2024-09-25,month_year,2024-10-31,0,0,0,0,0
S29e52bb798cf,E7b6dcd0a14b7,Tbc4f3b378a3c,"lorazepam injection, usp@2019-10-20",2024-02-27,quarter,2024-06-30,0,1,0,0,0
S29f38e7debdd,Ec492cb2c017a,Ta7dae38c5d39,sodium phosphate injection@2021-10-06,2024-03-28,month_year,2024-06-30,1,0,0,0,0
S2a2d9f0cbb52,E1a904e33a7e1,T8413388703d3,"metronidazole injection, usp@2022-10-04",2025-02-20,month_no_year,2025-04-30,0,0,0,0,0
S2a418218d304,Ee9d5cc073cff,T7d037cd479a9,"hydromorphone hydrochloride injection, usp@2019-10-20",2025-01-14,month_year,2025-06-30,0,0,0,0,0
S2a7c72115d9f,E1c35285894bc,T3fe781a0ce64,lisdexamfetamine dimesylate capsule@2023-11-14,2025-11-05,month_year,2025-12-31,0,0,0,1,0
S2a841b8255cd,E42cd27c144b5,T3cc1a1de3d3e,"dacarbazine for injection, usp@2021-11-30",2023-09-29,month_year,2023-11-30,0,0,0,0,0
S2a97c00b5dbe,E20b6981d27ea,T87f1f96f51b1,sodium chloride 0.9% injection bags@2019-10-20,2024-11-12,month_year,2025-03-31,0,0,0,0,0
S2a99b5790a4e,E637121d315d0,T70f52f2d7051,"morphine sulfate injection, usp@2019-10-20",2023-02-16,month_year,2023-03-31,0,0,0,0,0
S2aa37231f70b,Eeb71c6d2d072,T7a36f20681e1,lidocaine hydrochloride (xylocaine) injection with epinephrine@2019-10-20,2024-01-18,month_year,2024-02-29,0,0,0,0,0
S2ac535b6887e,Efbbb234fe863,T64dc1915281d,"morphine sulfate injection, usp@2019-10-20",2024-10-15,month_year,2024-11-30,0,0,1,0,0
S2adfe6bf5414,E2f6e2ad82881,T65fd77894697,fentanyl citrate (sublimaze) injection@2019-10-20,2023-01-09,month_year,2023-03-31,0,0,0,0,0
S2aebf23343e5,E9e29549c1edb,T3e44afec7570,sulfasalazine tablets@2020-06-12,2023-12-27,month_year,2024-03-31,0,0,0,0,0
S2afbc7763fb1,E0b5b0ea6a7db,Tc070c86c298b,leucovorin calcium lyophilized powder for injection@2019-10-20,2024-05-18,month_year,2024-08-31,0,0,0,0,0
S2b183144a744,E34dd7e085f21,Ta0255b4b2a79,dopamine hydrochloride injection@2019-10-20,2024-05-24,month_year,2024-09-30,0,0,0,0,0
S2b26c7682e73,E50a7bcee9ca4,Te4c2da3a1d63,hydrocortisone sodium succinate injection@2023-03-25,2023-12-20,month_year,2024-01-31,0,1,0,0,0
S2b331ec5f65c,Eac5bb40bc370,Tf3be8f4de603,somatropin (saizen) injection@2023-01-13,2023-03-17,month_year,2023-12-31,0,0,0,0,0
S2b40a514e374,Edbca41a9cfe4,T70a543812d36,leucovorin calcium lyophilized powder for injection@2019-10-20,2023-02-13,month_year,2023-02-28,1,0,0,0,0
S2bad0335f32c,Ecaf9928c08aa,T6db81e214ff8,"morphine sulfate injection, usp@2019-10-20",2025-05-23,month_year,2025-12-31,0,0,0,0,0
S2bb7ac0fb22d,Eb13c36e17329,Tb1968fba8011,lidocaine hydrochloride (xylocaine) and dextrose injection solution-premix bags@2019-10-20,2023-01-09,month_year,2023-09-30,0,0,0,1,0
S2bc1e7d9522d,E24c47d18c79d,T029a0b187f27,lisdexamfetamine dimesylate capsule@2023-11-14,2024-02-01,month_year,2024-03-31,0,0,0,0,0
S2bc3056ce18d,E0e359a839959,Td795a44a072a,lidocaine hydrochloride (xylocaine) injection with epinephrine@2019-10-20,2023-01-09,month_year,2023-12-31,0,0,0,1,0
S2be7bbd03518,E560fa0249011,T36b0b5fc1ed3,dopamine hydrochloride injection@2019-10-20,2025-07-31,month_year,2025-12-31,0,0,0,0,0
S2bfbab17bc53,E42dd8839ec29,T0f19dfaf2fbe,"epinephrine injection, 0.1 mg/ml@2019-10-20",2024-05-24,month_year,2025-03-31,0,1,0,0,0
S2c3f88092864,E445633c95287,Tb2944a996bb7,dexmedetomidine injection@2020-06-12,2023-01-24,part_of_month,2023-02-20,0,0,0,0,1
S2c5ded343c81,E2387c560ff9a,Tb86bd060259c,"sodium acetate injection, usp@2019-10-20",2023-04-28,month_year,2023-09-30,0,1,1,1,0
S2cda816cb787,E70f5ed3f060f,T5653b43073a7,sodium chloride 0.9% injection bags@2019-10-20,2025-03-14,month_year,2025-03-31,0,0,0,0,0
S2ce0561a72fc,E3f651547f726,Ta0b5960f787f,sucralfate tablets@2023-01-13,2024-05-15,month_year,2024-06-30,0,1,0,0,0
S2ce72c6e122b,Ef6803d54a150,T40d81756b753,methylprednisolone acetate injection@2022-10-04,2023-01-09,quarter,2023-09-30,0,0,0,0,0
S2d0829e94482,Ef8d807dc1f66,T43667bce0390,"furosemide injection, usp@2020-06-12",2023-01-09,month_year,2023-03-31,0,0,0,1,0
S2d1ad1913a6b,E7898827f864e,Tfb9eb95dd0cc,lisdexamfetamine dimesylate capsule@2023-11-14,2024-01-24,month_no_year,2024-03-31,0,0,0,1,0
S2d20849b124b,Ec249f6273087,T351a611adfa8,dextrose 25% injection@2022-10-04,2024-09-11,month_year,2024-12-31,0,0,0,0,0
S2d22a85c79a9,Ed42e3424dbc0,T603629c204ab,leucovorin calcium lyophilized powder for injection@2019-10-20,2023-03-14,month_year,2023-05-31,0,0,0,0,0
S2d27ad134b48,Ef9a4fcacec4c,T0cc97835a65d,dextrose 25% injection@2022-10-04,2025-06-05,month_year,2025-06-30,0,0,0,0,0
S2d32c9f028fc,E15dd82f7af2a,T905cfc21bfd5,"bupivacaine hydrochloride injection, usp@2019-10-20",2023-04-28,month_year,2023-12-31,0,0,0,0,0
S2d48e65b449f,Efffdcd3da52c,Ta9af8552d051,ketamine injection@2019-10-20,2023-01-09,month_year,2025-03-31,0,0,0,0,0
S2d529484b001,E49e4d7bc472b,Tca19a0417af3,lisdexamfetamine dimesylate capsule@2023-11-14,2024-03-15,month_no_year,2024-04-30,0,0,0,0,0
S2d5356ada73b,Ed42cf4294ce7,T015d369787bf,"hydromorphone hydrochloride injection, usp@2019-10-20",2025-06-05,month_year,2025-11-30,0,0,0,0,0
S2d8a055341d9,E5a119506bceb,Te8fb57c347f4,"midazolam injection, usp@2020-04-02",2023-04-28,month_year,2023-06-30,0,1,0,0,0
S2d9b529b5c28,E37e6383bf2ff,T6aa1c6379da7,"sodium bicarbonate injection, usp@2019-10-20",2024-05-24,month_year,2024-09-30,0,0,0,0,0
S2daef04c2126,E95c213388b29,T64dc1915281d,"morphine sulfate injection, usp@2019-10-20",2025-05-14,month_year,2025-05-31,0,0,0,0,0
S2dbb8588ad9a,Eb96f25936dbf,Ta95055913c57,"hydromorphone hydrochloride injection, usp@2019-10-20",2025-01-14,month_year,2025-02-28,0,0,0,0,0
S2de4f2f75acb,Efbc3c2a1f030,T1a04ebf135ed,heparin sodium and sodium chloride 0.9% injection@2019-10-20,2023-04-28,month_year,2023-09-30,0,0,0,0,0
S2defaeb34111,E421ac93a7eef,T578c6e1a38fc,chloroprocaine hydrochloride injection@2021-05-21,2024-05-08,month_year,2024-05-31,0,0,0,0,0
S2e13633c6750,Edd5d2ac8c50a,T6cafe9d8cc03,"sodium bicarbonate injection, usp@2019-10-20",2024-04-08,month_year,2024-09-30,0,0,0,0,0
S2e14da0749df,E661ec03343ec,T61d6a65f8dc2,sodium chloride 0.9% injection bags@2019-10-20,2025-01-21,month_year,2025-02-28,0,1,1,0,0
S2e167c488008,Ecdb8a1fb70f6,T44cea6fb85de,methotrexate sodium injection@2023-03-25,2023-05-08,month_year,2023-12-31,0,0,0,0,0
S2e27f31cfa8a,E8e471e4daf2f,T331ea9f50948,dobutamine hydrochloride injection@2019-10-20,2025-03-14,month_no_year,2025-08-31,0,0,0,0,0
S2e2f284a69d2,E9bcfbb7dfb27,T17b68648fcd7,dextrose 25% injection@2022-10-04,2023-01-24,quarter,2023-06-30,0,0,0,1,0
S2e3283d9183c,E3c8924674068,T8d2d707dba92,somatropin (saizen) injection@2023-01-13,2023-12-27,quarter,2024-06-30,0,0,0,0,0
S2e380e6a4c00,E599df7490611,T01457dd6f7b5,pantoprazole sodium for injection@2019-10-20,2023-02-16,month_year,2023-09-30,0,0,0,0,0
S2e6038aaeb9b,E289548334662,T23a95b7969db,"hydromorphone hydrochloride injection, usp@2019-10-20",2025-01-23,month_year,2025-01-31,0,0,0,0,0
S2e6f78ad55e5,E0f8770f7d66d,T25806ffd84e4,methotrexate sodium injection@2023-03-25,2024-01-19,month_year,2024-03-31,0,0,0,0,0
S2e7aef892b74,E8274b809448e,T0c7c2611ce8e,"potassium acetate injection, usp@2019-10-20",2023-03-17,month_year,2023-09-30,0,0,0,0,0
S2e8ada84f31e,Ed2095f4d82c8,T3cc1a1de3d3e,"dacarbazine for injection, usp@2021-11-30",2024-05-17,range,2024-06-30,0,1,0,0,0
S2e91b8a8b6fd,E455503d77abb,T5c9375a6e74b,amphetamine aspartate; amphetamine sulfate; dextroamphetamine saccharate; dextroamphetamine sulfate tablets@2023-01-13,2024-09-04,month_year,2024-09-30,0,0,0,0,0
S2ea07454914d,Ed5130d565bcb,T4e3f8d95d695,"hydromorphone hydrochloride injection, usp@2019-10-20",2025-01-24,month_year,2025-01-31,0,0,0,0,0
S2ebbe0c77c61,Ed73ce0f1db12,T8161ef3fd46b,nitroglycerin injectable@2023-11-14,2025-06-26,month_year,2025-08-31,0,1,1,0,0
S2ec5a9441e64,E5c0abddf9488,T8eb1d895da38,lidocaine hydrochloride (xylocaine) and dextrose injection solution-premix bags@2019-10-20,2023-01-20,month_year,2023-06-30,0,0,0,0,0
S2f17bfd59bae,E78a6a4f9a61f,T48600c9260e0,"bupivacaine hydrochloride and epinephrine injection, usp@2019-10-20",2024-03-28,month_year,2025-09-30,0,0,0,1,1
S2f20a2165318,E3d4e92f69d91,T52f83e2e1fd0,"furosemide injection, usp@2020-06-12",2025-01-21,month_year,2025-01-31,0,0,0,0,0
S2f2b15fa2962,E2765a23c93be,T9ec46111073f,ropivacaine hydrochloride injection@2019-10-20,2023-11-02,month_year,2024-04-30,0,1,1,0,0
S2f2cd5c64808,Eb61c6658c89b,Td7e5688a2d79,lidocaine hydrochloride (xylocaine) injection with epinephrine@2019-10-20,2024-02-01,month_year,2024-03-31,0,0,0,0,0
S2f484f8a1dd6,Edca0a2542d2a,T6a6513d724d6,"atropa belladonna, opium suppository@2023-11-14",2024-01-02,month_year,2024-07-31,1,0,0,0,0
S2f6c64e90e99,E374865088293,Ta675a99ba6ca,ketorolac tromethamine injection@2019-10-20,2024-01-22,month_year,2024-06-30,0,0,0,0,0
S2f6cc4fb8f3b,Ebfb87b07470e,Tdf97a96dba2f,mannitol injection@2021-10-06,2023-04-28,month_year,2024-03-31,0,0,0,0,0
S2f8886c7fda3,Ed7498ee3d058,T20974d41b23a,methylprednisolone acetate injection@2022-10-04,2024-04-10,month_year,2024-09-30,0,0,0,0,0
S2f8add12b78b,E93ee01dff71f,T40d81756b753,methylprednisolone acetate injection@2022-10-04,2023-02-16,month_year,2023-09-30,0,1,0,0,0
S2fa2886709db,Eb0444f3589e3,T85eccf210076,lisdexamfetamine dimesylate capsule@2023-11-14,2024-01-24,month_no_year,2024-03-31,0,0,0,0,0
S2fa5450e41a5,Ecc75ee90f094,T9037226855d9,"sodium acetate injection, usp@2019-10-20",2024-10-28,month_year,2024-12-31,0,1,0,0,0
S2fb4f568f183,E7f007cf1bce1,Tc12ee7b655f8,nitroglycerin injectable@2023-11-14,2023-12-21,quarter,2024-03-31,0,0,0,0,0
S2fc86fc69d61,E2ecce2bc94ec,Tad5110952032,"bupivacaine hydrochloride injection, usp@2019-10-20",2025-01-14,month_year,2025-03-31,0,0,0,0,0
S2fd003cdad83,Ed589ad99ea44,T3cc1a1de3d3e,"dacarbazine for injection, usp@2021-11-30",2024-05-23,month_year,2024-06-30,0,0,0,0,0
S2fde6e847394,E5dfa07a0000b,T7a1170e66a1d,mefloquine hydrochloride tablet@2024-05-15,2024-05-15,month_year,2024-08-31,1,0,0,0,0
S3018db068afc,E85b908f7f687,Ta9d82967308f,dobutamine hydrochloride injection@2019-10-20,2023-01-20,month_year,2023-06-30,0,0,0,0,0
S3029c00f3642,E1f7cbdd2bde7,T70909668f645,"midazolam injection, usp@2020-04-02",2024-02-27,quarter,2024-03-31,0,0,0,0,0
S302a6ffb4f21,E2bf61b92d24f,T7f9a06ecce67,vinblastine sulfate injection@2023-11-14,2024-04-16,month_year,2024-05-31,0,0,0,0,0
S303b58299634,E2d84b888b0a3,T02758fe85bc3,carboplatin injection@2023-05-14,2025-12-04,month_year,2026-05-31,0,0,0,0,0
S304d2d5627e6,E53fc095ed84a,Tbf861e7cd064,clindamycin phosphate injection@2023-03-25,2023-03-21,month_year,2023-06-30,0,0,0,0,0
S307e8b32cbcd,Ecf3f56cb0377,T351a611adfa8,dextrose 25% injection@2022-10-04,2023-03-17,month_year,2024-03-31,0,0,0,1,1
S309a51241bf1,E08aecd9d5d68,Ta9af8552d051,ketamine injection@2019-10-20,2024-07-15,month_year,2025-03-31,1,0,0,0,1
S309d6e355008,E8760f09cdfa8,T5eb921801b0c,lidocaine hydrochloride (xylocaine) and dextrose injection solution-premix bags@2019-10-20,2024-07-15,month_year,2024-12-31,0,0,0,0,0
S30adbb5047bf,E412059139f4d,T45f8f1f8e2bf,sodium phosphate injection@2021-10-06,2024-05-08,month_year,2024-05-31,0,0,0,0,0
S30ae397cd556,Ec7dce6dacb32,Td7e8faf165e9,hydrocortisone sodium succinate injection@2023-03-25,2024-05-24,month_year,2024-09-30,0,0,0,1,0
S30d75fac8056,Ea677ffffac31,T8c6ac49f3d74,lisdexamfetamine dimesylate capsule@2023-11-14,2025-01-14,month_no_year,2025-02-28,0,0,0,0,0
S30f041c13fc7,E45c90b49402a,T52f83e2e1fd0,"furosemide injection, usp@2020-06-12",2025-02-13,month_year,2025-03-31,0,0,0,1,0
S30f07d62b84b,Ec61573adf9a1,T1f4079e26e77,lidocaine hydrochloride (xylocaine) and dextrose injection solution-premix bags@2019-10-20,2023-04-28,month_year,2023-12-31,0,0,0,0,0
S31018f618edc,Ee1afc6297022,T68b3e3fc6e9a,dobutamine hydrochloride injection@2019-10-20,2024-11-12,month_year,2025-03-31,1,0,0,0,0
S312cba18326c,E374e3542028d,T1d1a1f0d0bae,heparin sodium and sodium chloride 0.9% injection@2019-10-20,2023-01-24,month_year,2023-02-28,0,0,0,0,0
S31685a9b8b18,Eb71dcb9f87df,Tcce895d507cf,amoxapine tablets@2020-04-02,2024-10-15,month_year,2024-11-30,0,1,0,0,0
S316d83eae40b,Ee33689c11b1e,T82265407d5b0,"furosemide injection, usp@2020-06-12",2024-10-28,month_year,2024-12-31,0,1,0,0,0
S317c5e33dbfa,E7a932f902bb4,T1c553550a314,"methylphenidate hydrochloride tablet, extended release@2023-11-14",2024-09-04,month_year,2024-09-30,0,0,0,0,0
S3189bca8e68a,E7a6167b18a5f,T39ddfb7f29f7,lidocaine hydrochloride (xylocaine) and dextrose injection solution-premix bags@2019-10-20,2023-01-09,month_year,2023-03-31,0,0,0,0,0
S318abbf72e56,E104dd87f1840,Tef12a730e7aa,dulaglutide (trulicity) injection@2023-01-13,2024-04-17,quarter,2024-06-30,0,0,0,0,0
S318eee39ca61,E540f97132e64,T5a6fc26008e3,lidocaine hydrochloride (xylocaine) and dextrose injection solution-premix bags@2019-10-20,2023-03-10,month_year,2023-04-30,0,0,0,0,0
S318f9bc4f699,Ee56646638239,T13430dff20a8,sodium chloride 0.9% injection bags@2019-10-20,2024-06-27,month_year,2024-07-31,0,0,0,0,0
S31de9c21304f,Ee4afba215957,T353ba1d40009,fentanyl citrate (sublimaze) injection@2019-10-20,2025-11-19,month_year,2025-12-31,0,0,1,0,0
S321f02350671,E22042f1fb30c,Tf7a46069bae7,ketamine injection@2019-10-20,2023-12-27,month_year,2024-03-31,1,0,0,0,0
S322d5a7f05ee,E82190438aa76,Tf94a70d4ec2b,ketorolac tromethamine injection@2019-10-20,2024-04-18,month_year,2024-06-30,0,0,0,0,0
S32363d2a9beb,E8b0b74ece58d,T3f1fb5adcb1e,sodium chloride 0.9% injection bags@2019-10-20,2024-07-15,month_year,2024-12-31,0,0,0,0,1
S323a12d244cd,Ed1ac1f2f0317,T897dd834a299,"potassium acetate injection, usp@2019-10-20",2023-11-02,exact_day,2023-11-15,0,0,0,0,0
S326d5216c4dd,Eacd9cd1e8e81,T873f3f5e2a4f,"hydromorphone hydrochloride injection, usp@2019-10-20",2025-03-06,month_year,2025-04-30,0,0,0,0,0
S32777b9d3879,E52a822db7e6a,T15039756b335,carboplatin injection@2023-05-14,2023-08-21,month_year,2023-12-31,1,0,0,0,0
S32b11d4e077a,E56b8c250e360,Ta7ca71431d79,carboplatin injection@2023-05-14,2023-11-01,month_year,2023-11-30,0,0,0,0,0
S32d9b01a9c2e,E707dd1317993,T6fc27345f053,"sodium acetate injection, usp@2019-10-20",2023-01-20,month_year,2023-12-31,0,0,0,0,0
S32ff0abd13a2,Ec86212ff9863,Tb1672b5ebb0b,tirzepatide injection@2023-01-13,2024-04-17,quarter,2024-06-30,0,0,0,0,0
S3302be515bb1,Ee62f054e1358,Tb86bd060259c,"sodium acetate injection, usp@2019-10-20",2024-07-15,month_year,2024-12-31,0,0,0,0,0
S3324381f404e,Ea31043155028,T2080e0dc61f3,"morphine sulfate injection, usp@2019-10-20",2024-10-28,month_year,2024-12-31,0,0,0,0,0
S332824a57cb6,E549ea94af7c3,T33f96b6dd618,"bupivacaine hydrochloride injection, usp@2019-10-20",2023-01-20,month_year,2023-06-30,0,0,0,0,0
S33389946c6b8,Ef6e9fc09d19c,T15b9013ae7fc,amphetamine aspartate; amphetamine sulfate; dextroamphetamine saccharate; dextroamphetamine sulfate tablets@2023-01-13,2025-02-10,month_year,2025-03-31,0,0,0,0,1
S33526dbf614e,Eaef36c916bd8,Tebc5806e6954,"potassium acetate injection, usp@2019-10-20",2023-03-17,month_year,2023-12-31,0,1,0,0,0
S3355e25122d4,Ec639287b01da,T9226520f2ff8,carboplatin injection@2023-05-14,2024-07-15,month_year,2024-09-30,0,0,0,0,0
S3371142b8dc9,E824e4670b0a8,T33f96b6dd618,"bupivacaine hydrochloride injection, usp@2019-10-20",2023-01-09,month_year,2023-06-30,0,0,0,1,0
S3390ac8bc672,E996c70ad9946,T271177693a21,dopamine hydrochloride injection@2019-10-20,2023-04-28,month_year,2023-06-30,0,0,0,0,0
S339e0107aced,E362d059ebbdd,T873f3f5e2a4f,"hydromorphone hydrochloride injection, usp@2019-10-20",2024-05-08,month_year,2024-05-31,1,0,0,0,0
S33ad68260d1c,E923353977082,Tb6d564771d50,remifentanil (ultiva) lyophilized powder for solution injection@2022-10-04,2025-05-14,month_year,2025-06-30,0,0,0,0,1
S342d986ba672,Ee71b47d6c03c,T23a95b7969db,"hydromorphone hydrochloride injection, usp@2019-10-20",2025-02-25,month_year,2025-03-31,0,0,0,0,0
S342da7d2cb5a,E9c9f61c98803,Tb1fca5e03365,hydrocortisone sodium succinate injection@2023-03-25,2023-04-28,month_year,2023-06-30,0,0,0,0,0
S3438619ec295,Ec4adfde5bcde,T6f6e31d96021,"bumetanide injection, usp@2019-10-20",2024-02-01,month_year,2024-02-29,0,0,0,0,0
S34417e54a08a,E9a432f0e0810,T61a74cd96c06,meperidine hydrochloride injection@2025-06-08,2025-05-30,range,2025-11-30,0,0,0,0,0
S3462300c2a4d,E73569ecc4e29,T0bd97d89a4f4,"methylphenidate hydrochloride tablet, extended release@2023-11-14",2025-01-16,part_of_month,2025-04-10,0,0,0,0,0
S34777284037f,Edab0e9a4b5fb,Tccbdf26e7d4c,dobutamine hydrochloride injection@2019-10-20,2023-01-09,month_year,2023-09-30,0,1,1,0,0
S34779411a615,E3eb25a5e8a8b,Tfa5d26c556c3,remifentanil (ultiva) lyophilized powder for solution injection@2022-10-04,2024-10-15,month_year,2024-10-31,0,0,0,0,0
S3493f8496ef4,Ebcc70d9b5516,Tf770736d2bc4,pantoprazole sodium for injection@2019-10-20,2023-04-28,month_year,2023-06-30,0,0,0,0,0
S349d031aa5d2,Eb20ee80ef0d9,T603629c204ab,leucovorin calcium lyophilized powder for injection@2019-10-20,2023-01-17,month_year,2023-02-28,0,0,0,0,0
S349dbbd66ee0,E97b44f3d7dc7,T984743176532,dopamine hydrochloride injection@2019-10-20,2025-05-20,month_year,2025-06-30,1,0,1,0,0
S34ae9990d844,E1029e76fb492,Tbc4f3b378a3c,"lorazepam injection, usp@2019-10-20",2024-09-11,month_year,2024-09-30,1,0,0,0,0
S34c1f642762f,E0a054c92d08b,T173969ae487b,promethazine (phenergan) injection@2023-12-07,2024-01-23,range,2024-03-31,0,0,0,1,0
S34c838d29d56,Ea247b9431764,Tea4419ed971d,"morphine sulfate injection, usp@2019-10-20",2023-05-16,range,2023-06-30,0,0,1,0,0
S34d214013fbe,E3aaef58afd83,T1c80a1c18b66,hydrocortisone sodium succinate injection@2023-03-25,2025-07-31,month_year,2025-09-30,1,0,0,0,0
S34d6bed1429a,E4f78b6a66c8b,T686a91c2b0c2,"midazolam injection, usp@2020-04-02",2025-03-11,month_year,2025-06-30,0,0,0,1,0
S34e4f299e162,E59097727b58e,Td2c30a9f7411,"bupivacaine hydrochloride injection, usp@2019-10-20",2023-01-04,month_year,2023-01-31,0,0,0,0,0
S34f55af1e53d,Ea6054b359200,T33f96b6dd618,"bupivacaine hydrochloride injection, usp@2019-10-20",2023-04-28,month_year,2024-03-31,0,0,0,0,1
S3500439cb99a,Ec74a876f202d,T20e97b1f8118,penicillin g benzathine injectable suspension@2023-05-14,2024-03-21,month_year,2024-12-31,0,0,0,0,0
S35100e3d7727,Eb8066522b34d,Tafe07ae7d4b7,"bupivacaine hydrochloride and epinephrine injection, usp@2019-10-20",2023-01-09,month_year,2023-06-30,0,0,0,0,0
S3544a0a18cc7,E423442d32236,T280b91db89c7,"valproate sodium injection, usp@2021-01-17",2024-06-05,month_year,2024-06-30,0,0,0,0,0
S354fd08359bf,Eb391342216f2,T1c553550a314,"methylphenidate hydrochloride tablet, extended release@2023-11-14",2024-02-06,month_year,2024-02-29,0,1,0,1,0
S356f76c7d30f,E24da1818b279,Teeb2368917c9,lipid injection@2021-11-30,2023-03-01,quarter,2023-06-30,0,0,0,0,0
S3573eac668a6,Eccfedc48f115,T8a79397ba6d0,"oxytocin injection, usp synthetic@2022-10-04",2023-03-10,month_year,2023-04-30,0,0,0,0,0
S35bfd21e609f,E06e71f2ef9da,T2e4b0dd66691,"bupivacaine hydrochloride injection, usp@2019-10-20",2023-03-17,month_year,2023-12-31,0,0,0,0,0
S35ccbbe32dfa,E4a5572d926a0,T62316af05dfc,"bupivacaine hydrochloride and epinephrine injection, usp@2019-10-20",2024-05-15,month_year,2024-06-30,0,0,0,0,0
S35db1e4a3352,Ea5c6ff29460e,Tf70af3cc84f6,leucovorin calcium lyophilized powder for injection@2019-10-20,2023-02-14,month_year,2023-05-31,0,0,0,0,1
S35f5b4252c10,E9001622c3b9d,T7b8e881791af,azacitidine injection@2021-01-17,2025-07-22,quarter,2025-09-30,0,0,0,0,0
S362a1421c4ce,E0a5b71771e92,T68b3e3fc6e9a,dobutamine hydrochloride injection@2019-10-20,2024-09-11,month_year,2024-12-31,0,0,0,0,0
S363aabe9a603,E1067601562cd,Tc79d3e856dea,carboplatin injection@2023-05-14,2023-09-11,month_year,2023-12-31,0,0,0,0,0
S368372c58981,E7083f4a4390e,T0a62d8b6367d,etomidate injection@2022-10-06,2023-02-16,month_year,2023-12-31,0,0,0,0,0
S36ae37ce587c,E601914767b70,T947a9d34b2e2,sodium chloride 0.9% injection bags@2019-10-20,2023-12-21,quarter,2024-06-30,0,0,0,1,1
S36b5d9bd7c38,E61b66b1a8810,T930ff704c452,methotrexate sodium injection@2023-03-25,2023-03-15,month_year,2023-07-31,0,0,0,0,0
S36d0ac791b45,E80efb83fc3fa,Tbcd33ad8acd9,"bupivacaine hydrochloride injection, usp@2019-10-20",2023-03-17,month_year,2023-12-31,0,1,0,1,0
S36f707813f1a,E276bb312a9fd,T53f1d6081b6f,oxazepam capsule@2025-01-08,2025-01-23,month_year,2025-03-31,0,0,0,0,0
S370ec0fda74e,E7f661d2051b3,T70909668f645,"midazolam injection, usp@2020-04-02",2024-03-28,month_year,2024-03-31,0,0,0,0,0
S3711f4e607e3,Ef98b2b4a30a7,T14df52dab049,lidocaine hydrochloride (xylocaine) injection with epinephrine@2019-10-20,2024-03-28,month_year,2025-12-31,0,0,1,0,0
S37378fbad1f7,Ec91e5d1dedfd,T105d7d352ea7,dextrose 25% injection@2022-10-04,2023-03-10,month_year,2023-03-31,0,0,0,0,0
S37582bbf0019,E67e91abb8418,T9a65bb98dfde,clindamycin phosphate injection@2023-03-25,2025-02-25,month_year,2025-02-28,0,0,0,0,0
S3771d22e0066,E8bc49c26bbdb,T87f1f96f51b1,sodium chloride 0.9% injection bags@2019-10-20,2023-01-09,month_year,2023-03-31,0,1,0,1,0
S37778acd926e,E1a851ac5284e,Te5b678fe9fab,methotrexate sodium injection@2023-03-25,2025-05-16,relative,2025-08-14,1,1,0,0,0
S377e56eafcf3,E388c35eb905f,T6f6e31d96021,"bumetanide injection, usp@2019-10-20",2024-03-20,month_year,2024-03-31,0,0,0,0,0
S37a933fff6a8,Ef4e90694ed03,Tab724cb17cd4,dexmedetomidine injection@2020-06-12,2024-09-04,month_year,2024-11-30,0,0,0,0,0
S37ae5aa77c92,Ebb6a55c7573a,T2a79bd039e71,"bupivacaine hydrochloride and epinephrine injection, usp@2019-10-20",2023-09-11,month_year,2023-09-30,0,0,0,0,0
S37d69ca28e1b,E73dd18cb3266,Tb37331aaccf7,desmopressin acetate (stimate) nasal spray@2021-03-18,2025-11-18,month_year,2026-01-31,0,0,0,1,0
S37ea78b6cd48,E0a31765d581b,T7adfeff51f2e,clindamycin phosphate injection@2023-03-25,2025-12-04,month_year,2026-02-28,0,1,0,0,0
S37fab5fc7f68,E810412cb968f,T0a25dcd13d1b,"valproate sodium injection, usp@2021-01-17",2025-07-23,month_year,2025-10-31,0,0,0,0,0
S382cf6bae3a5,E488cc8e2bef6,T840367ef6d8b,"dacarbazine for injection, usp@2021-11-30",2024-02-07,month_year,2024-02-29,1,1,0,0,0
S3835e6d6d292,E12d4c86e1f0a,Tc924261d878a,"bupivacaine hydrochloride injection, usp@2019-10-20",2023-01-04,month_year,2023-02-28,0,0,0,1,0
S38427c260f53,E85283e1991a9,Tf8f821ebb2f4,amphetamine aspartate; amphetamine sulfate; dextroamphetamine saccharate; dextroamphetamine sulfate tablets@2023-01-13,2024-10-15,part_of_month,2024-10-31,1,1,0,0,0
S386a94beeb48,E38f5b0b26f24,T173969ae487b,promethazine (phenergan) injection@2023-12-07,2024-02-22,range,2024-05-31,0,0,0,0,0
S3874086f0522,E0329dfe9a5e3,Ta2f84f083195,"triamcinolone acetonide (triesence) injection, suspension@2021-10-06",2025-02-27,relative,2026-02-22,0,0,0,0,0
S389dd4e2f1f1,Eb44dab06f1fb,T98d5f07bd503,dexmedetomidine injection@2020-06-12,2025-02-25,month_year,2025-03-31,0,0,0,0,0
S389dd76c84a1,Ee7a604ded705,Tc00fcfdc94e8,sodium chloride 0.9% injection bags@2019-10-20,2024-11-12,month_year,2025-03-31,0,0,0,0,0
S38a2b0dc934e,Eb6f36d247dae,Tebc5806e6954,"potassium acetate injection, usp@2019-10-20",2024-03-28,month_year,2024-06-30,0,0,0,0,0
S38d6b69abc73,E4d0fbfb9aafd,T9b3cfbee914c,lidocaine hydrochloride (xylocaine) and dextrose injection solution-premix bags@2019-10-20,2024-02-22,range,2024-04-30,0,0,0,0,0
S38f283db1ea1,E062be4e0c628,Tf1ba3dc5034b,meperidine hydrochloride injection@2025-06-08,2025-11-26,month_year,2025-12-31,0,0,1,0,0
S38f961b971f7,Ee11557c63768,T0c00f93259f5,"bupivacaine hydrochloride injection, usp@2019-10-20",2023-04-28,month_year,2023-12-31,0,0,0,0,0
S391dc8d1a71a,E60eeda48b8a3,T631b6d1b6fc8,dexamethasone sodium phosphate injection@2019-10-20,2024-01-24,month_no_year,2024-01-31,1,0,0,0,0
S39b387efc2f3,E0fd0482be1b9,T94ce24ceeaf0,lidocaine hydrochloride (xylocaine) and dextrose injection solution-premix bags@2019-10-20,2023-01-09,month_year,2023-12-31,0,0,0,0,0
S39c22ea7f268,E746f920077ab,Tc00fcfdc94e8,sodium chloride 0.9% injection bags@2019-10-20,2025-07-31,month_year,2025-09-30,0,1,1,0,0
S39ca3b5f1ada,Ee6de4f226322,T3c347b913209,heparin sodium and sodium chloride 0.9% injection@2019-10-20,2023-11-07,month_year,2023-11-30,1,0,0,0,0
S39ca90220d5b,E7223186c57a6,Tf98b5c4db40e,"morphine sulfate injection, usp@2019-10-20",2025-07-15,month_year,2025-08-31,0,0,0,0,1
S39d16b2136f3,Efa7d9bcde4f4,Tb76f5ac97c89,etomidate injection@2022-10-06,2024-02-22,range,2024-03-31,0,0,0,0,0
S39ec57077faa,E60f813a090a2,T2e92269425cd,sodium phosphate injection@2021-10-06,2023-11-29,month_year,2024-01-31,0,0,0,0,0
S3a2833e300f5,E4b4f6bb0dd5e,Teb0f169ec6d0,cisplatin injection@2023-03-02,2023-03-21,quarter,2023-09-30,0,0,0,0,0
S3a37f26f1fd2,E7aa95439f5bf,Td3a41beac066,"morphine sulfate injection, usp@2019-10-20",2024-05-31,month_year,2024-06-30,0,0,0,1,0
S3a682bd6f51a,E1373bccffa70,T226e736002e6,rocuronium bromide injection@2023-03-02,2025-05-14,month_year,2025-05-31,0,0,0,0,0
S3a68a54a031c,E821f199f6785,Td313726f9544,digoxin injection@2021-08-02,2024-01-23,month_no_year,2024-03-31,1,0,0,0,0
S3a9e8376f352,E5de0808d1eab,Tbcd33ad8acd9,"bupivacaine hydrochloride injection, usp@2019-10-20",2023-09-11,month_year,2023-12-31,1,0,0,0,0
S3aad17b07cca,E5f8b4bde8f8f,Ta63a54f5fd78,methylprednisolone acetate injection@2022-10-04,2025-07-31,month_year,2026-03-31,0,0,0,0,0
S3ab482ed712b,Ebdbeb7a030fc,T1e763045f540,clindamycin phosphate injection@2023-03-25,2025-12-04,month_year,2026-01-31,0,0,0,0,0
S3ac55fe3f8c6,E63d805ffb975,T70909668f645,"midazolam injection, usp@2020-04-02",2025-07-31,month_year,2025-09-30,1,0,0,0,0
S3acfbc111fc2,E628ee6f9b670,T921747ff55cf,"bupivacaine hydrochloride injection, usp@2019-10-20",2023-01-09,month_year,2023-06-30,0,0,0,1,0
S3b0a301fa6ef,E14baacae5b81,Te14b1e85cbe6,carboplatin injection@2023-05-14,2024-01-24,month_no_year,2024-01-31,1,0,0,0,0
S3b38fa124d41,Eb49564781622,T76bdc28b0fd7,amphetamine aspartate; amphetamine sulfate; dextroamphetamine saccharate; dextroamphetamine sulfate tablets@2023-01-13,2024-10-15,part_of_month,2024-10-20,0,0,0,1,0
S3b55f7b7fd05,Ec41b82ea5353,Tb86bd060259c,"sodium acetate injection, usp@2019-10-20",2024-05-24,month_year,2024-12-31,0,0,0,1,0
S3b72489a319e,E68d23732b01e,Te4df8c4bdac3,"lorazepam injection, usp@2019-10-20",2023-01-20,month_year,2023-06-30,0,0,0,1,0
S3b830321845e,E3abd12fb91da,T9982188e4e03,somatropin (saizen) injection@2023-01-13,2025-02-19,year,2025-12-31,0,0,0,0,0
S3b8d1459d500,E7b1e94ae8d64,T925fffbf4442,"midazolam injection, usp@2020-04-02",2023-04-28,month_year,2023-09-30,0,0,1,0,0
S3b8ff672ce1a,Ef1ae0c8f8543,T880a0162b123,amphetamine aspartate; amphetamine sulfate; dextroamphetamine saccharate; dextroamphetamine sulfate tablets@2023-01-13,2025-01-16,quarter,2025-03-31,0,0,0,1,0
S3b95bd15489e,E02f3f9bcfd93,T09e4e1e9e47f,"potassium acetate injection, usp@2019-10-20",2024-02-27,quarter,2024-06-30,0,0,0,0,1
S3b992c2dfc8f,Ee2ba02a43710,T015d369787bf,"hydromorphone hydrochloride injection, usp@2019-10-20",2024-12-06,month_year,2025-03-31,0,0,0,0,0
S3bb0dbe26fa3,E882f8b9715b2,Tb9cec91a28ba,amphetamine aspartate; amphetamine sulfate; dextroamphetamine saccharate; dextroamphetamine sulfate tablets@2023-01-13,2024-11-26,month_year,2025-02-28,1,0,0,1,0
S3bc867fd8192,E919bd38c928d,T1192c1429598,etomidate injection@2022-10-06,2023-02-21,part_of_month,2023-02-28,0,0,0,0,0
S3bd7022bf1f1,E6f23e65eb93c,T54300333781a,nitroglycerin injectable@2023-11-14,2025-07-23,month_year,2025-08-31,0,0,0,0,0
S3bf92c5b6a93,E6b76bbd9fe43,T3cc1a1de3d3e,"dacarbazine for injection, usp@2021-11-30",2023-11-21,month_year,2023-12-31,0,0,0,0,0
S3c0da2edcc76,E050153c288a8,T8562b68731c0,dextrose 25% injection@2022-10-04,2023-01-09,month_year,2023-12-31,0,0,0,0,0
S3c396f8df677,E2f417be21237,T76bdc28b0fd7,amphetamine aspartate; amphetamine sulfate; dextroamphetamine saccharate; dextroamphetamine sulfate tablets@2023-01-13,2025-05-16,quarter,2025-09-30,0,0,0,0,0
S3c835e9dfca3,Eccdacd7b5ac9,T12c07c6f9a24,dopamine hydrochloride injection@2019-10-20,2025-05-23,month_year,2025-12-31,0,0,0,0,0
S3c9709ece840,Ecfd9af3ac0a6,T4f5b6350b6ff,lisdexamfetamine dimesylate capsule@2023-11-14,2024-03-18,month_year,2024-03-31,0,0,0,0,0
S3cb6a506c01c,E2e12fbd9f053,T36b389235234,"dacarbazine for injection, usp@2021-11-30",2023-03-10,month_year,2023-03-31,0,0,0,0,0
S3ceb145e5b83,E8406fd06f283,T3ebafc67249c,"bupivacaine hydrochloride and epinephrine injection, usp@2019-10-20",2025-07-31,month_year,2026-03-31,0,0,0,0,0
S3d0e87da1cd6,E24f5d6158c4d,T3c347b913209,heparin sodium and sodium chloride 0.9% injection@2019-10-20,2025-05-14,month_year,2025-05-31,1,0,0,0,0
S3d515775af05,Ef065b93a8195,T302741facceb,clindamycin phosphate injection@2023-03-25,2023-09-11,month_year,2023-11-30,0,0,0,1,0
S3d634f470785,E8ff47b395ec1,Tde948bfb6974,lisdexamfetamine dimesylate capsule@2023-11-14,2025-11-22,quarter,2025-12-31,0,0,0,0,0
S3d66e2a6fd38,E7b09c9f12240,T9037226855d9,"sodium acetate injection, usp@2019-10-20",2023-04-28,month_year,2023-09-30,0,1,0,0,0
S3d9e305ec882,E683b2c2edb09,Tb240f5df32f5,clindamycin phosphate injection@2023-03-25,2025-05-23,month_year,2025-06-30,0,0,0,0,0
S3da3169b0325,Ec90ac7bbd745,T9f4ab29d9cdd,somatropin (saizen) injection@2023-01-13,2023-12-27,quarter,2024-06-30,0,0,0,0,0
S3dab308341c3,E953fbba3a631,T8c6ac49f3d74,lisdexamfetamine dimesylate capsule@2023-11-14,2024-12-02,month_no_year,2025-02-28,0,0,0,0,0
S3db090323030,E989ab71568d1,T7adfeff51f2e,clindamycin phosphate injection@2023-03-25,2024-04-17,month_year,2024-04-30,0,0,0,0,0
S3dc357296965,E45d768204ab4,Tc5e60d54fcb4,amino acids@2021-01-17,2025-02-20,quarter,2025-06-30,0,0,0,0,0
S3dcc1e943981,Eb779855f6d98,T69fd1f150664,"bupivacaine hydrochloride injection, usp@2019-10-20",2023-02-16,month_year,2024-03-31,0,0,1,0,0
S3ddae9b13194,Efe87b7c90951,T37a5a86ea958,amphetamine aspartate; amphetamine sulfate; dextroamphetamine saccharate; dextroamphetamine sulfate tablets@2023-01-13,2025-01-16,quarter,2025-03-31,0,0,0,0,0
S3de0e00adc90,Ee49132aad340,T36b0b5fc1ed3,dopamine hydrochloride injection@2019-10-20,2024-09-11,month_year,2024-12-31,1,0,0,1,0
S3e1dd7d49dad,E854e2e0a8404,T402bc3751e12,disopyramide phosphate (norpace) capsules@2021-04-12,2023-04-28,month_year,2023-07-31,0,0,0,0,0
S3e235ddc1268,E0e7ad3982287,T5af6312c3288,fentanyl citrate (sublimaze) injection@2019-10-20,2023-03-17,month_year,2023-09-30,1,0,0,0,0
S3e4e71e48423,E598d2a7fc272,T58957455bb09,dopamine hydrochloride injection@2019-10-20,2025-01-24,month_year,2025-04-30,0,0,1,0,0
S3e68f1632a60,E3869e7c6f31c,T5439bc9cc7b5,"sodium acetate injection, usp@2019-10-20",2024-03-28,month_year,2024-09-30,0,0,0,0,0
S3e72051f85c9,Ee6acaf647bc7,T950df030cc62,amphetamine aspartate; amphetamine sulfate; dextroamphetamine saccharate; dextroamphetamine sulfate tablets@2023-01-13,2025-03-11,month_year,2025-03-31,0,0,0,0,0
S3e8ff6abd976,E0b68ad23346c,T72dc2c6e2315,"hydromorphone hydrochloride injection, usp@2019-10-20",2024-10-02,month_year,2024-10-31,0,0,0,1,0
S3e90647b9f02,Ec217bb19026e,Tbd07dc01b839,dexamethasone sodium phosphate injection@2019-10-20,2025-04-11,month_year,2025-04-30,0,0,0,1,0
S3e9c4a6bd6af,E70f4229ddf65,Te1b680be0fc2,methylprednisolone acetate injection@2022-10-04,2023-04-28,month_year,2025-02-28,0,0,0,1,0
S3ebf73e17b96,Effe5f63a5bac,T6fc27345f053,"sodium acetate injection, usp@2019-10-20",2025-01-14,month_year,2025-03-31,0,0,0,0,0
S3ed48e51b4d7,E5f4ea8e33469,T6fc27345f053,"sodium acetate injection, usp@2019-10-20",2024-07-15,month_year,2024-12-31,0,0,0,0,0
S3ed8b613fdbc,Eca70950f166d,T4d952d3d7caf,dexmedetomidine injection@2020-06-12,2024-05-31,month_year,2024-06-30,0,0,0,0,0
S3eea894c9595,E73871b763ea1,Tee42bf5d56d1,lidocaine hydrochloride (xylocaine) injection with epinephrine@2019-10-20,2023-04-28,month_year,2023-12-31,0,0,0,0,0
S3eedde41295e,E937dd204fd1d,Tdcb962ce1563,lidocaine hydrochloride (xylocaine) and dextrose injection solution-premix bags@2019-10-20,2023-04-28,month_year,2023-06-30,0,0,0,0,0
S3efaea7eb09a,E5c883186e175,T915a2cd703f1,lidocaine hydrochloride (xylocaine) and dextrose injection solution-premix bags@2019-10-20,2023-03-17,part_of_month,2023-03-31,0,0,0,0,0
S3f08a7e625b7,E20ec8b86eefe,T950df030cc62,amphetamine aspartate; amphetamine sulfate; dextroamphetamine saccharate; dextroamphetamine sulfate tablets@2023-01-13,2025-06-20,month_year,2025-08-31,1,1,0,0,0
S3f1be507217c,E6cfda1a324f7,T271177693a21,dopamine hydrochloride injection@2019-10-20,2023-02-16,month_year,2023-03-31,0,0,0,0,0
S3f2621efbe01,E3b7a3533d0fe,T86d9e32ac238,leucovorin calcium lyophilized powder for injection@2019-10-20,2024-05-08,month_year,2024-07-31,0,0,0,0,0
S3f3f90cb9ba3,E1c2594f6f3fc,T33f96b6dd618,"bupivacaine hydrochloride injection, usp@2019-10-20",2023-02-16,month_year,2023-03-31,0,0,0,0,0
S3fb600d62441,E2796c4f3e6d3,T15039756b335,carboplatin injection@2023-05-14,2025-01-23,month_year,2025-06-30,1,0,0,0,0
S3fd55f459be8,Ea6cafaa03325,Tbd07dc01b839,dexamethasone sodium phosphate injection@2019-10-20,2025-02-14,range,2025-03-31,0,1,0,0,0
S3fd6493e1207,E62f721067b49,T8562b68731c0,dextrose 25% injection@2022-10-04,2024-05-24,month_year,2024-12-31,0,0,0,0,0
S3fd6efdf330d,E17994631dfca,T404e048e17ef,ropivacaine hydrochloride injection@2019-10-20,2023-03-10,month_year,2023-04-30,0,0,0,0,0
S3ffda68fa2c3,Ed2e31c0b2035,T72dc2c6e2315,"hydromorphone hydrochloride injection, usp@2019-10-20",2024-02-01,month_year,2024-02-29,0,0,0,0,0
S3ffe11f640b8,E990f1c70d20e,Ta0f1a424225c,ketamine injection@2019-10-20,2023-12-20,month_no_year,2024-01-31,0,0,0,0,0
S4016aa1ebc0c,Ec0025185ab44,T566309e04a16,lidocaine hydrochloride (xylocaine) injection with epinephrine@2019-10-20,2024-07-15,month_year,2025-03-31,0,0,0,0,0
S403ad8804b26,E7a6b6c081f85,Tdfbaf341fd57,fentanyl citrate (sublimaze) injection@2019-10-20,2024-10-28,month_year,2024-12-31,0,0,0,0,0
S40400ea13c2f,Eb157bbad0b95,T3fe781a0ce64,lisdexamfetamine dimesylate capsule@2023-11-14,2024-08-15,part_of_month,2024-08-20,0,1,0,0,0
S40531dbf4be3,E38bacf38c851,T86fbd150a972,penicillin g benzathine injectable suspension@2023-05-14,2023-12-27,quarter,2024-06-30,0,0,0,0,1
S40afa2342259,Ef1d9cab08655,Td8c3742da817,"sodium bicarbonate injection, usp@2019-10-20",2025-01-14,month_year,2025-03-31,0,0,0,0,0
S40cfce8d3d69,E2dcf58ebbbc8,T18da72e774d2,fentanyl citrate (sublimaze) injection@2019-10-20,2023-01-20,month_year,2023-09-30,0,0,0,1,0
S4160046deae5,Ef5856a962ed4,T2f8876b1a4ea,sterile water@2021-11-30,2023-04-28,quarter,2023-06-30,0,0,0,1,0
S41749c42ddc3,E38f234a7979d,T88c2c68f7058,lidocaine hydrochloride (xylocaine) injection with epinephrine@2019-10-20,2024-03-28,month_year,2025-03-31,0,0,0,0,0
S41918f04a99c,Eb934f423ed05,Tfd00194139d0,remifentanil (ultiva) lyophilized powder for solution injection@2022-10-04,2023-02-14,month_year,2023-02-28,0,0,0,0,0
S419cef17b584,Eca24ed6c664b,T6304584a799b,amoxicillin oral powder for suspension@2023-01-13,2023-08-21,month_year,2023-09-30,0,0,0,0,0
S422bfc95f234,Ef6b9b8e1fecc,Td1a4a25a2fff,"sodium bicarbonate injection, usp@2019-10-20",2024-10-28,month_year,2025-03-31,0,0,0,0,0
S423af7962921,E987b22b2e630,Td795a44a072a,lidocaine hydrochloride (xylocaine) injection with epinephrine@2019-10-20,2024-05-24,month_year,2025-06-30,0,0,0,0,0
S426f3ce3c451,E0b60ddfadcfc,T52d896cf2742,dexmedetomidine injection@2020-06-12,2025-10-23,month_year,2025-12-31,1,0,0,1,0
S428b035e304a,E8eea6053d374,T5b8408e2beec,promethazine (phenergan) injection@2023-12-07,2023-11-21,month_year,2024-01-31,0,0,0,0,0
S42a6a2ee3774,E29c788a8785c,T9d51c7da5283,"sodium acetate injection, usp@2019-10-20",2024-05-24,month_year,2025-03-31,0,0,0,0,0
S42d9f897b156,E3c18d30bf4b0,T8196c9e9c962,amoxapine tablets@2020-04-02,2024-04-26,month_year,2024-09-30,0,1,0,0,0
S42f226a9abf4,E968a3d399ad4,T40c66b8cabfd,sucralfate tablets@2023-01-13,2023-01-04,month_year,2023-02-28,0,0,0,0,0
S431b98b64065,E908b89ce0250,Ta7dae38c5d39,sodium phosphate injection@2021-10-06,2023-01-09,month_year,2023-12-31,1,0,0,0,0
S4320e025a38a,E4e5163333c30,Td3b9a8138c1a,lisdexamfetamine dimesylate capsule@2023-11-14,2024-02-02,month_year,2024-04-30,1,0,0,0,0
S4369f777f62c,Eaa1fe4d710e5,Tae5956fa62de,"metronidazole injection, usp@2022-10-04",2023-12-19,year,2024-12-31,0,0,0,0,0
S436b9426f054,Ea6da6f39e851,T1a04ebf135ed,heparin sodium and sodium chloride 0.9% injection@2019-10-20,2023-12-27,month_year,2023-12-31,0,1,0,0,0
S4379cac3ef58,Ecba1edb34431,T925fffbf4442,"midazolam injection, usp@2020-04-02",2023-01-09,month_year,2023-03-31,0,0,0,1,0
S4385eb442dd1,E4b1d77f41da3,Tbb612bee56c9,dobutamine hydrochloride injection@2019-10-20,2023-03-17,month_year,2023-03-31,0,0,0,0,0
S43a53d12a88c,Ec506fa627b67,Tdf36a590994f,rocuronium bromide injection@2023-03-02,2023-02-17,month_year,2024-12-31,0,0,0,0,0
S43c52830a2c3,Ebf52835a0a40,Ta9af8552d051,ketamine injection@2019-10-20,2024-04-18,month_year,2025-03-31,0,0,0,0,0
S43e129838393,E4c7c86cc32c4,T13430dff20a8,sodium chloride 0.9% injection bags@2019-10-20,2024-03-18,month_year,2024-05-31,0,0,0,0,0
S43ee7c12d875,E42346d9e8d5e,Tcc4e8a6be1d3,"bupivacaine hydrochloride and epinephrine injection, usp@2019-10-20",2023-02-13,month_year,2023-03-31,0,0,0,1,0
S43fd058ee215,E9d40ad8952d6,T0bb2eedbb38e,lidocaine hydrochloride (xylocaine) and dextrose injection solution-premix bags@2019-10-20,2023-02-21,part_of_month,2023-02-28,0,0,0,1,0
S440c5131fd4f,Ebfd0e5001566,Tcbe963ffcb71,dobutamine hydrochloride injection@2019-10-20,2023-01-09,month_year,2023-03-31,0,0,0,0,0
S440c69cd1106,E72e1c5c02efc,T1c83c0a99c13,lidocaine hydrochloride (xylocaine) and dextrose injection solution-premix bags@2019-10-20,2023-01-26,month_year,2023-02-28,0,1,1,0,0
S4413847d76cc,Ecf401b570d73,T73fdcd3057e8,remifentanil (ultiva) lyophilized powder for solution injection@2022-10-04,2024-05-30,month_year,2024-07-31,0,0,0,1,1
S4426d88cbbc9,E1c2c781846d1,Tdd62f9e8f594,capecitabine tablets@2023-03-02,2023-08-21,month_year,2023-10-31,0,0,0,0,0
S44726970b05e,Ef388893b3105,T4a076e9e8b18,cyclopentolate ophthalmic solution@2020-11-10,2024-02-07,month_year,2024-03-31,1,0,0,0,0
S44827079a55d,E5c1b48804f7c,Tcc4e8a6be1d3,"bupivacaine hydrochloride and epinephrine injection, usp@2019-10-20",2023-04-21,month_year,2023-04-30,0,0,0,0,0
S448646677486,E0f76f962578b,T3c6eb3067c13,"morphine sulfate injection, usp@2019-10-20",2024-10-28,month_year,2025-03-31,0,0,0,0,0
S44a233aa639d,E813315662bbd,T0bd650fbcb07,sterile water@2021-11-30,2023-01-09,month_year,2023-09-30,0,0,0,0,0
S44a981338a64,Ea53e3abbe258,T1f4079e26e77,lidocaine hydrochloride (xylocaine) and dextrose injection solution-premix bags@2019-10-20,2023-01-09,month_year,2023-06-30,1,0,0,0,0
S44c70756bbaf,E237c70ea06a6,T2a4b125e644c,"furosemide injection, usp@2020-06-12",2025-07-23,year,2025-12-31,0,1,0,0,0
S44cc2fd08fe2,E7c38ae782735,Tdcb962ce1563,lidocaine hydrochloride (xylocaine) and dextrose injection solution-premix bags@2019-10-20,2023-03-17,month_year,2023-06-30,0,0,0,0,0
S44d0ef4a5306,Efdf804f2939b,T50daf54a2764,lidocaine hydrochloride (xylocaine) and dextrose injection solution-premix bags@2019-10-20,2023-01-09,part_of_month,2023-01-31,0,0,0,0,0
S44d6bbe35918,Eb2a3ae9b1555,Tf98b5c4db40e,"morphine sulfate injection, usp@2019-10-20",2024-10-02,month_year,2024-10-31,0,1,0,0,0
S44fd709524bb,E13bea3a9ce76,T397f57520d69,"sodium bicarbonate injection, usp@2019-10-20",2023-12-20,month_year,2023-12-31,0,0,0,0,0
S4524bd4a995a,E3ded83485c60,T566309e04a16,lidocaine hydrochloride (xylocaine) injection with epinephrine@2019-10-20,2023-01-09,month_year,2023-09-30,0,0,0,0,0
S4528d726e335,E69cf519f7ef0,Tdc826bfc6294,potassium chloride injection@2021-11-30,2023-03-17,month_year,2023-12-31,0,1,0,0,0
S453ab25f5202,E3f7d9ff212f4,Tabf5e07b81e0,amphetamine aspartate; amphetamine sulfate; dextroamphetamine saccharate; dextroamphetamine sulfate tablets@2023-01-13,2025-05-07,month_year,2025-10-31,0,0,0,0,0
S453c4a9cabab,E6652bd4ee129,T1a21c9996346,"bupivacaine hydrochloride and epinephrine injection, usp@2019-10-20",2023-11-29,quarter,2024-09-30,0,0,0,0,0
S455c9b364e30,Ec481d2426ff7,T8323da29ed01,rocuronium bromide injection@2023-03-02,2023-04-28,month_year,2023-12-31,1,0,0,0,0
S456fbd93b0ad,E755b05a46e41,T4c10383124ea,vecuronium bromide for injection@2020-06-12,2024-05-30,month_year,2024-07-31,0,0,1,0,0
S4570e777f15c,E63fb570d862a,T17b68648fcd7,dextrose 25% injection@2022-10-04,2025-02-20,quarter,2025-06-30,0,0,1,0,0
S4576cced8f5a,Eb65e9397f538,Tc1fb62dbd5e3,fentanyl citrate (sublimaze) injection@2019-10-20,2023-01-09,month_year,2023-12-31,0,0,0,0,0
S457b9d6aab84,E52b195ecb61d,T3018a8afca1a,"metronidazole injection, usp@2022-10-04",2024-01-15,month_year,2024-04-30,0,0,0,0,0
S4592602a76c0,E381e0fcc79c5,T85eccf210076,lisdexamfetamine dimesylate capsule@2023-11-14,2025-05-15,part_of_month,2025-06-20,0,0,0,0,0
S4595cb52f2a3,Eca4d373dbb92,Tfa3758a0afe1,"sodium bicarbonate injection, usp@2019-10-20",2023-03-17,month_year,2023-06-30,0,0,0,0,0
S45a16d20320c,E5a18e3350c8b,T759a7920d144,cisplatin injection@2023-03-02,2023-04-21,month_year,2023-04-30,0,0,0,0,0
S45ad15cc437e,E9b108b71b177,T6c8f10238ea4,remifentanil (ultiva) lyophilized powder for solution injection@2022-10-04,2024-04-17,month_year,2024-06-30,0,0,0,0,0
S45b91d4719d9,E67bdc753b6fb,T1c80a1c18b66,hydrocortisone sodium succinate injection@2023-03-25,2024-01-19,month_year,2024-06-30,0,0,0,0,0
S45d3f858cf15,E8d42c477f102,Tc6772ff78bed,sterile water@2021-11-30,2024-05-17,range,2024-06-30,0,0,0,0,0
S45e820a85113,E78b78ef91354,T53b4e83a18fb,sterile water@2021-11-30,2023-09-11,month_year,2023-09-30,0,0,0,0,0
S45ec4040c9cc,E7badf29804a6,T2c56c4bab8c9,methylprednisolone acetate injection@2022-10-04,2025-12-09,part_of_month,2025-12-14,0,0,0,0,0
S45f00d8b9e8f,E72d8df5f790a,T082ff7769901,propranolol hydrochloride injection@2023-11-14,2023-10-31,month_year,2024-01-31,0,0,0,0,0
S45f967f0b363,Ec633c6a0e76f,T9037226855d9,"sodium acetate injection, usp@2019-10-20",2023-03-17,month_year,2023-09-30,0,0,0,0,0
S464ab7d7c38f,E605212e5b78a,T2fe5c1b2955c,sodium chloride 0.9% injection bags@2019-10-20,2023-04-21,month_year,2023-04-30,0,0,0,0,0
S465d5e9e955e,E54bedfbef5da,T2fe5f23f3e0b,lidocaine hydrochloride (xylocaine) and dextrose injection solution-premix bags@2019-10-20,2023-04-28,month_year,2024-12-31,0,0,0,1,0
S465e3ef2a779,Ef3408b27510d,T94ce24ceeaf0,lidocaine hydrochloride (xylocaine) and dextrose injection solution-premix bags@2019-10-20,2023-09-11,month_year,2023-12-31,0,0,0,0,0
S468e4d5d0cd7,Ee8f982321478,T6fc27345f053,"sodium acetate injection, usp@2019-10-20",2024-05-24,month_year,2024-12-31,1,0,0,0,0
S46b8c3c3b0b1,E3f9989e2fdb9,Tb2b50403d767,"bupivacaine hydrochloride and epinephrine injection, usp@2019-10-20",2023-02-16,month_year,2024-06-30,0,0,0,0,0
S46bcdbf8a223,Ea3dc0b4853cd,T85eccf210076,lisdexamfetamine dimesylate capsule@2023-11-14,2025-02-07,month_no_year,2025-02-28,0,0,0,0,0
S46c8cefd777a,Ee2d0ab92bda9,T86d9e32ac238,leucovorin calcium lyophilized powder for injection@2019-10-20,2023-11-07,month_year,2024-02-29,0,0,0,0,0
S46c90f3e2da6,Ebc0435f4c1b2,T3da6cb213545,sodium chloride 0.9% injection bags@2019-10-20,2024-09-11,month_year,2024-09-30,0,0,0,0,0
S46e3f75ec4b4,E6813b6bdd4fc,T625b8107e690,amphetamine aspartate; amphetamine sulfate; dextroamphetamine saccharate; dextroamphetamine sulfate tablets@2023-01-13,2025-06-05,exact_day,2025-06-20,0,0,0,0,0
S46eeb8390953,Ea0793ed4bb27,T52f83e2e1fd0,"furosemide injection, usp@2020-06-12",2024-10-15,month_year,2024-10-31,0,0,0,0,0
S47111de95c0d,E601c0f8ecaf5,T034c5ebd5aba,hydrocortisone sodium succinate injection@2023-03-25,2024-11-12,month_year,2024-12-31,0,0,0,0,0
S474a95a43fb2,E253d0cc130b5,T28fa4d717d71,sodium chloride 0.9% injection bags@2019-10-20,2024-12-06,part_of_month,2024-12-20,0,0,0,1,0
S475e8233f6fa,Ed849d7fefc0e,T9b59f60fe167,rocuronium bromide injection@2023-03-02,2023-11-03,month_year,2023-11-30,1,0,0,0,0
S47688371c58c,E38e586318dd8,T84b7fe55b5e0,lisdexamfetamine dimesylate capsule@2023-11-14,2024-01-11,month_year,2024-02-29,0,0,0,0,0
S47916d719c09,E4834f12a9592,T2080e0dc61f3,"morphine sulfate injection, usp@2019-10-20",2025-01-27,month_year,2025-03-31,0,0,0,0,0
S47b27bf6fb67,Ebdae6d67414f,T21a48c1e7aa7,lidocaine hydrochloride (xylocaine) injection with epinephrine@2019-10-20,2024-03-28,month_year,2025-12-31,0,0,0,0,0
S47b6b720258b,Ee2f2ba67cfaf,T0baafc996c44,"bupivacaine hydrochloride and epinephrine injection, usp@2019-10-20",2023-12-27,month_year,2024-03-31,0,0,0,0,0
S47c5a46f7613,Ec2434e49e864,Ta675a99ba6ca,ketorolac tromethamine injection@2019-10-20,2023-12-21,month_year,2024-06-30,0,0,0,0,0
S47d2e2bd99fa,E0fa07368f6ba,T86d9e32ac238,leucovorin calcium lyophilized powder for injection@2019-10-20,2024-10-15,month_year,2025-02-28,1,0,0,0,0
S47d331893608,E0868dc14a682,Te106984684f6,"methylphenidate hydrochloride tablet, extended release@2023-11-14",2024-05-15,month_year,2024-06-30,0,0,0,0,0
S47d7b301b58e,E7504356ae3a0,T8eb1d895da38,lidocaine hydrochloride (xylocaine) and dextrose injection solution-premix bags@2019-10-20,2023-04-28,month_year,2023-09-30,0,1,1,0,0
S47e581bb1669,E4ee4929b18aa,Tb86bd060259c,"sodium acetate injection, usp@2019-10-20",2024-09-11,month_year,2024-12-31,0,0,0,0,0
S480177bef996,E625223d28728,Tabbdf11d02f3,sucralfate tablets@2023-01-13,2023-01-09,quarter,2023-09-30,0,0,0,0,0
S480838f155f3,Ea185b8cb6a6d,T0cf613278dfd,clonazepam tablets@2023-03-25,2024-09-04,month_year,2024-11-30,0,0,0,0,0
S480da11dcc08,E61b7985f5c69,T331ea9f50948,dobutamine hydrochloride injection@2019-10-20,2024-09-18,month_year,2024-10-31,0,1,0,0,0
S480dbbc75e86,E97f97a8f6647,T1c80a1c18b66,hydrocortisone sodium succinate injection@2023-03-25,2023-12-27,month_year,2024-03-31,1,0,0,0,1
S48333f34d374,E1d3df9cd88e9,Taff0f00f17dc,methotrexate sodium injection@2023-03-25,2024-10-28,month_year,2024-12-31,0,0,0,1,0
S484134be6a19,Ecc26c77d4741,Tdf1dee538ae8,sodium chloride 0.9% injection bags@2019-10-20,2024-06-21,part_of_month,2024-07-31,0,0,0,0,0
S485be2ab94f2,E219a0dc1cc9f,T6fc27345f053,"sodium acetate injection, usp@2019-10-20",2023-09-18,month_year,2024-06-30,0,0,0,0,0
S485d16129178,E9a1a1494dcd2,T8a2f62a4aff3,fentanyl citrate (sublimaze) injection@2019-10-20,2023-01-04,month_year,2023-01-31,0,0,0,0,0
S48731d08d6ce,Ea8f0e1d665c5,Td795a44a072a,lidocaine hydrochloride (xylocaine) injection with epinephrine@2019-10-20,2023-01-20,month_year,2024-03-31,0,0,0,0,0
S488697e210a6,E0bb385db8159,T6aa1c6379da7,"sodium bicarbonate injection, usp@2019-10-20",2025-05-23,month_year,2026-03-31,0,0,0,0,0
S488fe2aee263,E736519b0b943,T353ba1d40009,fentanyl citrate (sublimaze) injection@2019-10-20,2025-01-14,month_year,2025-01-31,1,0,0,1,0
S489ff5815ba9,Ed3559e115eae,T68b3e3fc6e9a,dobutamine hydrochloride injection@2019-10-20,2025-03-11,month_year,2025-12-31,0,0,0,0,0
S48b2b5c8d79b,E901951b89671,T225eaf2545de,ketorolac tromethamine injection@2019-10-20,2023-01-26,month_year,2023-02-28,0,0,0,0,0
S48ca0118cf22,E61474092d357,T3c6eb3067c13,"morphine sulfate injection, usp@2019-10-20",2024-07-15,month_year,2025-03-31,0,0,0,0,0
S48f5c9a47865,E4d5f2731e2c5,Ta0382fde30d5,leucovorin calcium lyophilized powder for injection@2019-10-20,2024-06-05,month_year,2024-06-30,0,0,0,0,0
S48f756d7db33,E45cdbc7d71a9,T173969ae487b,promethazine (phenergan) injection@2023-12-07,2023-11-21,month_year,2023-12-31,0,0,0,0,0
S49401ec1bf52,E22582c2d9891,T5369b905f0d2,"hydromorphone hydrochloride injection, usp@2019-10-20",2025-01-27,month_year,2025-03-31,0,1,0,0,0
S49437ce99233,E45bbcb2ecd1e,T271177693a21,dopamine hydrochloride injection@2019-10-20,2023-01-20,month_year,2023-02-28,0,0,0,0,0
S495cbe9fe009,Ed77acacd6af3,T5653b43073a7,sodium chloride 0.9% injection bags@2019-10-20,2024-03-18,month_year,2024-04-30,0,1,0,0,0
S496b9dd37181,E0738dd9d0f67,T740afdc99b9b,cisplatin injection@2023-03-02,2023-03-01,month_year,2023-04-30,0,1,0,0,0
S49bf34fc7ebe,E3f62da1ec34e,T1a4c31a3f153,"lisdexamfetamine dimesylate tablet, chewable@2023-11-14",2025-05-19,quarter,2025-06-30,0,0,0,1,0
S49d15d40925e,E8b5475b220ec,T70dc643dc94f,gentamicin sulfate injection@2021-08-02,2023-03-23,month_year,2023-05-31,1,0,0,0,0
S49dd78fe72f0,E612e5b885c2b,T1c553550a314,"methylphenidate hydrochloride tablet, extended release@2023-11-14",2024-12-06,month_year,2024-12-31,0,0,0,0,0
S4a011948bbe0,Eeddea7cd2515,Tb2b50403d767,"bupivacaine hydrochloride and epinephrine injection, usp@2019-10-20",2023-01-09,month_year,2023-12-31,0,1,0,1,0
S4a11fb8701fd,E28f80f63b4b8,T0338c46accef,atropine sulfate injection@2019-10-20,2024-03-28,month_year,2024-12-31,0,0,0,0,0
S4a128b2d55bb,E13639a4775e5,T72bc27f49da7,carboplatin injection@2023-05-14,2024-05-15,month_year,2024-09-30,0,0,0,0,0
S4a277cb42678,Ed6ef92d79b31,Taf6fab5bf33e,methotrexate sodium injection@2023-03-25,2023-03-15,month_year,2023-03-31,0,0,0,1,0
S4a284f289598,Ea09f0022613e,Taae5205e3380,"furosemide injection, usp@2020-06-12",2023-02-13,month_year,2023-03-31,0,0,0,1,0
S4a454938b315,E6cfbcfac6d86,T50e06bdd24bf,amphetamine aspartate; amphetamine sulfate; dextroamphetamine saccharate; dextroamphetamine sulfate tablets@2023-01-13,2024-08-15,part_of_month,2024-09-30,0,0,0,0,0
S4a4e9c296af8,E6423e79a70a0,Tae268a9be9a4,flurazepam hydrochloride capsules@2022-10-04,2025-01-14,quarter,2025-09-30,0,0,0,0,1
S4a93bbc7aa12,Ecbcadf9da67b,T7a5ead366ee5,lidocaine hydrochloride (xylocaine) and dextrose injection solution-premix bags@2019-10-20,2023-01-20,month_year,2023-12-31,0,0,0,0,0
S4a9d9fd5f5f5,Ee8e015dcec84,Tbc4f3b378a3c,"lorazepam injection, usp@2019-10-20",2024-03-28,month_year,2024-06-30,0,0,0,0,0
S4aafed05f7c5,E513b9c932814,Tb2b50403d767,"bupivacaine hydrochloride and epinephrine injection, usp@2019-10-20",2024-02-27,quarter,2024-03-31,0,0,0,0,0
S4ab85ff37270,E05baecc98b43,T17f4c5f5a10d,"bupivacaine hydrochloride injection, usp@2019-10-20",2023-01-26,month_year,2023-02-28,0,0,0,0,0
S4acb5338b59e,Ec6e94ed69228,Tcce895d507cf,amoxapine tablets@2020-04-02,2024-05-15,month_year,2024-09-30,0,1,0,0,0
S4acda02d0272,E9f70d0c2914c,T2517e7d85e01,"sodium bicarbonate injection, usp@2019-10-20",2023-02-22,month_year,2023-09-30,0,0,0,0,0
S4ace35a8a225,E8dbb69168c00,T616d3fe4d514,promethazine (phenergan) injection@2023-12-07,2024-05-17,range,2024-06-30,0,0,0,0,0
S4ad63cac7c92,Ec05d943472e9,Tc2a05bd13d95,lisdexamfetamine dimesylate capsule@2023-11-14,2025-07-24,part_of_month,2025-07-31,1,0,0,0,0
S4b08b0da5744,E2ca168a15b82,T277351a4dfdd,lidocaine hydrochloride (xylocaine) and dextrose injection solution-premix bags@2019-10-20,2024-10-15,month_year,2024-10-31,0,0,0,1,0
S4b2e72563e91,E22d5d3bc29e2,T6c00a7ed0175,lisdexamfetamine dimesylate capsule@2023-11-14,2024-07-16,month_year,2024-08-31,0,0,0,0,0
S4b4c8ce489a8,E64c96cc7f802,Ta675a99ba6ca,ketorolac tromethamine injection@2019-10-20,2023-09-27,month_year,2024-05-31,0,0,0,0,1
S4b685b903df7,E027da955d62a,T0baafc996c44,"bupivacaine hydrochloride and epinephrine injection, usp@2019-10-20",2025-12-19,month_year,2026-03-31,0,0,0,0,0
S4b6ef1b0f50f,E08400504c89f,Tbe755a512619,lidocaine hydrochloride (xylocaine) and dextrose injection solution-premix bags@2019-10-20,2024-07-15,month_year,2024-09-30,0,0,0,0,0
S4b8cbcad30b6,E17b713b4c08a,T0f19dfaf2fbe,"epinephrine injection, 0.1 mg/ml@2019-10-20",2024-09-11,month_year,2025-06-30,0,0,0,0,0
S4babfc4201b0,Ed9d25bccb61f,T8c6ac49f3d74,lisdexamfetamine dimesylate capsule@2023-11-14,2024-08-15,month_no_year,2024-09-30,0,0,0,0,0
S4bca8bdb3ff3,E0c0cb4cff305,T9b3cfbee914c,lidocaine hydrochloride (xylocaine) and dextrose injection solution-premix bags@2019-10-20,2024-01-23,month_year,2024-03-31,0,0,0,0,0
S4be271684d6a,Ee9f00a60a5e9,T7d58b1702573,gentamicin sulfate injection@2021-08-02,2023-01-09,month_year,2023-09-30,0,0,0,0,0
S4c00bfbf2616,Eb62e052436f3,T69fd1f150664,"bupivacaine hydrochloride injection, usp@2019-10-20",2025-12-12,month_year,2026-03-31,0,0,0,0,0
S4c09153d76ca,Ee8c73599edc2,T5eb921801b0c,lidocaine hydrochloride (xylocaine) and dextrose injection solution-premix bags@2019-10-20,2024-03-28,month_year,2024-12-31,0,0,0,1,0
S4c1075a5ac39,E07a4404b6632,Tc931d875d32d,sodium chloride 0.9% injection bags@2019-10-20,2025-02-20,month_year,2025-04-30,0,0,0,0,0
S4c224c3b848f,E160b26557d6d,T516a8926327b,"bupivacaine hydrochloride injection, usp@2019-10-20",2023-01-20,month_year,2023-03-31,0,1,0,0,0
S4c3f361af51a,E6345570c04cf,Td1a4a25a2fff,"sodium bicarbonate injection, usp@2019-10-20",2025-02-26,month_year,2025-06-30,0,0,0,1,0
S4c4c8fef471e,E4086f37f86bf,T43e1401240d3,amphetamine aspartate; amphetamine sulfate; dextroamphetamine saccharate; dextroamphetamine sulfate tablets@2023-01-13,2025-03-11,month_year,2025-05-31,0,0,0,1,0
S4c706d984c34,E864e03325784,Tcc0bd71aa637,dexamethasone sodium phosphate injection@2019-10-20,2023-01-24,month_year,2023-02-28,0,0,0,0,0
S4c7878331d88,Ea5e3615e122f,T096334a72b24,dexmedetomidine injection@2020-06-12,2024-05-31,month_year,2025-06-30,0,0,0,0,0
S4c8a718af621,E80156c08ee92,T6c00a7ed0175,lisdexamfetamine dimesylate capsule@2023-11-14,2024-02-01,month_year,2024-04-30,0,0,0,0,0
S4c9f1428434f,E30b7fbb66ca5,Tebc5806e6954,"potassium acetate injection, usp@2019-10-20",2023-04-28,month_year,2024-03-31,0,0,0,0,0
S4ca88e337ea1,E5cd8514ea59e,T973b265fdd8b,"hydromorphone hydrochloride injection, usp@2019-10-20",2023-04-28,month_year,2023-09-30,0,0,0,0,0
S4ce8ca09798f,E8a868d879c1a,T096334a72b24,dexmedetomidine injection@2020-06-12,2024-05-15,month_year,2024-09-30,0,0,0,0,0
S4cf0f19563c9,E25ca6bd28bf0,T21fde04a3c7e,gentamicin sulfate injection@2021-08-02,2023-10-13,month_year,2023-10-31,1,0,0,0,0
S4d0e9c189d28,Ea9609ebd11d9,T752263cd4b11,"hydromorphone hydrochloride injection, usp@2019-10-20",2024-07-15,month_year,2024-12-31,0,0,0,0,0
S4d100ece83c7,Ea10ce60ab038,Td7e8faf165e9,hydrocortisone sodium succinate injection@2023-03-25,2025-06-30,month_year,2025-09-30,0,0,0,0,0
S4d1aaa1d1ce1,E7f9072fd47f7,Ta8e430fc2328,lisdexamfetamine dimesylate capsule@2023-11-14,2025-05-19,quarter,2025-06-30,0,0,0,0,0
S4d39cc67d04c,E9606e32984b7,Ta675a99ba6ca,ketorolac tromethamine injection@2019-10-20,2024-03-05,month_year,2024-06-30,0,1,0,0,0
S4d5da72dfa8e,Ecfc9153f85af,T9dcf536d09ab,"midazolam injection, usp@2020-04-02",2023-04-28,month_year,2024-03-31,0,0,1,0,0
S4d86b18af432,E25d55ae5c298,T7f9a06ecce67,vinblastine sulfate injection@2023-11-14,2024-03-18,month_year,2024-03-31,0,0,0,0,0
S4d8b946c9585,E654019c60c1f,T8d2d707dba92,somatropin (saizen) injection@2023-01-13,2023-09-11,quarter,2024-03-31,0,1,0,0,0
S4dbde67bb9b5,E9d68b10c59e1,Tb0139170d3e3,"oxytocin injection, usp synthetic@2022-10-04",2023-03-10,month_year,2023-05-31,0,0,0,1,0
S4dbf556130bf,Ea78f65a93025,T3146c5024734,carboplatin injection@2023-05-14,2023-11-07,month_year,2023-11-30,1,0,1,0,0
S4dc729989653,E4a56a3716da9,Ta0255b4b2a79,dopamine hydrochloride injection@2019-10-20,2024-07-15,month_year,2024-09-30,0,0,0,0,1
S4dd0fac9b919,Eda1f68317c23,T1f09e1742567,methylprednisolone acetate injection@2022-10-04,2024-03-25,month_year,2024-06-30,0,0,0,0,0
S4dd6c9ee2ed6,E1c45b517f39c,T34fdf3cb2088,"morphine sulfate injection, usp@2019-10-20",2024-07-15,month_year,2024-12-31,0,0,0,0,0
S4ddde4a71e19,E4a7916c427ad,T8c6ac49f3d74,lisdexamfetamine dimesylate capsule@2023-11-14,2024-11-01,month_no_year,2025-02-28,0,0,0,0,0
S4deeff37c01b,E71edd52548ed,T5369b905f0d2,"hydromorphone hydrochloride injection, usp@2019-10-20",2024-07-15,month_year,2024-12-31,0,0,0,0,0
S4df2983dbd3e,Ec0eb1d868800,T8bb548f5ce22,"sodium acetate injection, usp@2019-10-20",2024-03-28,month_year,2024-06-30,0,1,0,0,0
S4df5a7724dc8,E0b19d2c8fc39,Tdf97a96dba2f,mannitol injection@2021-10-06,2023-01-20,month_year,2024-06-30,0,1,0,0,0
S4e0aab54ce3e,Efb6ef39febc0,T4b3af047aa5a,"methylphenidate hydrochloride tablet, extended release@2023-11-14",2024-02-06,month_year,2024-02-29,0,0,0,0,0
S4e1199fc2ef8,Eabb4658a96ce,T1f09e1742567,methylprednisolone acetate injection@2022-10-04,2025-11-26,month_year,2025-12-31,0,0,0,0,0
S4e26ff666b7c,Ecabf2fea9d93,T89b4c627b83a,dexmedetomidine injection@2020-06-12,2023-04-28,month_year,2023-09-30,0,0,0,0,0
S4e2cb2c6e59f,Eb6c0c07b73fd,T370b04a63b46,dextrose 25% injection@2022-10-04,2023-04-26,part_of_month,2023-06-10,0,0,1,0,0
S4e2f51c1fde2,Eeea7b540d784,T47385153e5b5,lidocaine hydrochloride (xylocaine) injection with epinephrine@2019-10-20,2024-07-15,month_year,2025-09-30,1,0,0,0,0
S4e4474319b51,E8606c4f2e7d2,Tc53105b14afb,"sodium bicarbonate injection, usp@2019-10-20",2023-12-19,exact_day,2024-01-15,0,0,0,1,0
S4e51fe8b663e,E06cdc2b23a09,T43e47df69297,hydroxypropyl (lacrisert) cellulose ophthalmic insert@2020-06-12,2023-07-12,month_year,2024-01-31,0,0,0,0,0
S4e668635413d,E0aac3130e842,T50e06bdd24bf,amphetamine aspartate; amphetamine sulfate; dextroamphetamine saccharate; dextroamphetamine sulfate tablets@2023-01-13,2023-01-13,month_year,2023-04-30,1,0,0,0,0
S4e669f209e24,E7a0ceb8183cb,T53f993399031,lisdexamfetamine dimesylate capsule@2023-11-14,2024-04-03,month_year,2024-05-31,0,0,1,0,0
S4edeb492562a,E4d1d78767151,Ta5ad9e2efb6a,lidocaine hydrochloride (xylocaine) and dextrose injection solution-premix bags@2019-10-20,2024-07-15,month_year,2024-09-30,0,1,0,0,1
S4ee05a9d26cf,Ecf8c44824908,T39ddfb7f29f7,lidocaine hydrochloride (xylocaine) and dextrose injection solution-premix bags@2019-10-20,2025-05-23,month_year,2025-06-30,0,0,0,0,0
S4f080991ca21,E597cfc2f6d58,T5af6312c3288,fentanyl citrate (sublimaze) injection@2019-10-20,2023-02-16,month_year,2023-09-30,1,0,0,0,0
S4f21af097c2c,Ea5eca1310a61,T44cea6fb85de,methotrexate sodium injection@2023-03-25,2023-03-15,month_year,2023-06-30,0,0,0,0,0
S4f368dcec8f9,Efb93a31f26dd,T75c56bd0e694,azacitidine injection@2021-01-17,2024-01-24,month_no_year,2024-01-31,0,1,0,0,0
S4f395a237ac1,Efe96463e6c68,T70909668f645,"midazolam injection, usp@2020-04-02",2025-05-23,month_year,2025-06-30,0,0,0,0,0
S4f3e2cdf2d0e,E56ff1b5a6561,Tfd00194139d0,remifentanil (ultiva) lyophilized powder for solution injection@2022-10-04,2023-01-19,month_year,2023-01-31,0,0,0,0,0
S4f5bfd00e739,Efd59bac353fd,T6c8f10238ea4,remifentanil (ultiva) lyophilized powder for solution injection@2022-10-04,2024-05-30,month_year,2024-07-31,0,0,0,1,0
S4f5e123942d4,Eb5781360d4f7,T1716ee72fe9c,lisdexamfetamine dimesylate capsule@2023-11-14,2024-05-07,part_of_month,2025-04-30,0,0,0,0,0
S4f6fe9a49921,E243f59c29a34,Tbf96f0d92d1d,dexamethasone sodium phosphate injection@2019-10-20,2024-06-27,month_year,2024-07-31,0,0,1,0,0
S4f988b72639e,E155fe3208be4,T034c5ebd5aba,hydrocortisone sodium succinate injection@2023-03-25,2023-12-27,month_year,2024-03-31,0,0,0,0,0
S4fa4827bbdaf,Ee415d27ef4a6,T47385153e5b5,lidocaine hydrochloride (xylocaine) injection with epinephrine@2019-10-20,2023-01-20,month_year,2023-09-30,1,0,0,0,0
S4fbc6cbeb623,Eb7144cf9a6a8,T7f9a06ecce67,vinblastine sulfate injection@2023-11-14,2023-10-26,month_year,2023-11-30,0,0,0,0,0
S4fffbfb2cb14,E5fa461d755e6,T84cdd216c24d,"morphine sulfate injection, usp@2019-10-20",2025-11-19,month_year,2026-01-31,0,0,0,0,0
S500b3f96a1a5,E0687a6e6cc2f,Td7e8faf165e9,hydrocortisone sodium succinate injection@2023-03-25,2024-02-27,quarter,2024-06-30,0,1,1,0,0
S50179cfc5e62,E128b90d1e0be,T6b013d73006e,lidocaine hydrochloride (xylocaine) injection with epinephrine@2019-10-20,2023-04-21,month_year,2023-04-30,0,0,0,0,0
S5043e4b18e91,E9c851a17d2ce,Tc2a05bd13d95,lisdexamfetamine dimesylate capsule@2023-11-14,2024-03-06,month_year,2024-04-30,0,1,1,0,0
S504cbdcad46e,E1a339c8c1d76,T88c2c68f7058,lidocaine hydrochloride (xylocaine) injection with epinephrine@2019-10-20,2024-12-19,month_year,2024-12-31,0,0,0,0,0
S5054f64dab27,E46eecfe40613,T86fbd150a972,penicillin g benzathine injectable suspension@2023-05-14,2025-11-26,month_year,2025-11-30,0,0,0,0,0
S505d01eb7f4f,E6933797ecb67,T893b4521d0d1,rocuronium bromide injection@2023-03-02,2023-04-26,month_year,2023-05-31,0,0,0,0,1
S50654f93b451,E5e66adc6dc49,T3da6cb213545,sodium chloride 0.9% injection bags@2019-10-20,2024-11-12,month_year,2024-12-31,0,0,0,0,0
S507fe426e1b3,Ee7ab8ec886b8,T64e9ef84d9ad,lidocaine hydrochloride (xylocaine) and dextrose injection solution-premix bags@2019-10-20,2025-05-23,month_year,2026-03-31,0,0,0,0,1
S50892d4a48e8,E668f43014ccb,Tfc05c14ddad7,somatropin (saizen) injection@2023-01-13,2023-11-02,month_year,2024-01-31,0,0,1,1,0
S508ccf262372,Ef87dcef9009d,T36b0b5fc1ed3,dopamine hydrochloride injection@2019-10-20,2025-01-27,month_year,2025-12-31,1,0,0,0,0
S508e5693290c,E24f67e306e53,T27b9373fa788,"bumetanide injection, usp@2019-10-20",2025-11-13,month_year,2025-11-30,0,0,0,0,0
S509ca33d2e6e,E68eeca9ed2c9,Tcce895d507cf,amoxapine tablets@2020-04-02,2024-11-26,month_year,2024-12-31,0,0,0,0,0
S50e437f60357,E904ffc0443f9,Tef056971473d,amphetamine aspartate; amphetamine sulfate; dextroamphetamine saccharate; dextroamphetamine sulfate tablets@2023-01-13,2025-02-25,month_year,2025-03-31,0,0,1,0,0
S50f16f033135,E27ecd3232c32,T6f3dc8be81cc,lutetium lu 177 vipivotide tetraxetan (pluvicto) injection@2023-03-25,2023-03-21,relative,2023-07-19,0,0,0,0,0
S511fcfc7bb6a,E8867e12dc49e,Tcc6024a3a406,dopamine hydrochloride injection@2019-10-20,2024-10-28,month_year,2025-12-31,1,0,0,0,0
S512185bc7228,E87fd8eda98c0,T64dc1915281d,"morphine sulfate injection, usp@2019-10-20",2023-01-04,month_year,2023-01-31,1,0,0,0,0
S518438000815,Eafcb81736eca,Tf635130aab61,ropivacaine hydrochloride injection@2019-10-20,2024-04-12,month_year,2024-04-30,0,0,0,0,0
S51ac49941241,E18183597ef03,T36b0b5fc1ed3,dopamine hydrochloride injection@2019-10-20,2023-04-28,month_year,2024-03-31,0,0,0,0,0
S51cac9d9b2af,E02ae4d25e2f3,T8a87ea1639b4,"methylphenidate hydrochloride tablet, extended release@2023-11-14",2023-11-01,month_year,2023-12-31,0,0,0,0,0
S51f0cb2caaa5,E4676b0ab4659,T3fe781a0ce64,lisdexamfetamine dimesylate capsule@2023-11-14,2024-03-15,month_no_year,2024-04-30,0,0,1,0,0
S5226bb6db660,E09383f28c98a,T6ddb6ec2c07c,amphetamine aspartate; amphetamine sulfate; dextroamphetamine saccharate; dextroamphetamine sulfate tablets@2023-01-13,2024-11-26,month_year,2025-03-31,0,0,0,0,0
S525d5e60fc31,Eef7bf8738045,Td3832af67ad1,"sodium bicarbonate injection, usp@2019-10-20",2024-10-28,month_year,2025-06-30,0,0,0,1,0
S526c2bea3171,E65bb525f2e42,Tbfc073375306,lidocaine hydrochloride (xylocaine) injection with epinephrine@2019-10-20,2024-07-15,month_year,2025-03-31,0,0,0,0,0
S527b39e5224f,Ebe018de25e7c,Td8c3742da817,"sodium bicarbonate injection, usp@2019-10-20",2025-07-31,month_year,2025-09-30,0,0,0,0,0
S527c240a1ccc,E0e0c4889c23c,T151111a2a8c4,lidocaine hydrochloride (xylocaine) and dextrose injection solution-premix bags@2019-10-20,2023-02-13,month_year,2023-03-31,0,0,0,0,0
S52879a49d3e6,Ef6a73bc828b9,T0a3187728ae5,clonazepam tablets@2023-03-25,2024-10-15,month_year,2024-10-31,0,0,0,0,0
S528cfccdeda1,Eb4795d038180,Td151623f2967,ketorolac tromethamine injection@2019-10-20,2023-01-20,month_year,2023-12-31,0,0,0,0,0
S52af164a4517,Ea3a30029da15,T09e4e1e9e47f,"potassium acetate injection, usp@2019-10-20",2024-05-24,month_year,2024-06-30,0,0,0,0,0
S52ff54b70378,E5c0e0abbaf93,T7f46f599a4ab,penicillin g benzathine injectable suspension@2023-05-14,2025-05-23,month_year,2025-06-30,0,0,0,0,0
S5302c342660b,E7997a9e54e62,T12c84dcbc95d,"bupivacaine hydrochloride and epinephrine injection, usp@2019-10-20",2023-09-11,month_year,2025-03-31,0,0,0,1,0
S531ec61ea2e5,E8202a1a68406,T02758fe85bc3,carboplatin injection@2023-05-14,2025-05-20,month_year,2025-09-30,0,0,0,0,0
S533429ce89d2,E392cec448737,Td1670381c0d2,cisplatin injection@2023-03-02,2023-02-10,range,2023-03-31,0,0,0,0,0
S5376ee9777c1,Eae2d88c637e2,T4b6c4152e302,dextrose 25% injection@2022-10-04,2024-09-11,month_year,2024-09-30,0,0,0,0,0
S53992c17d4ba,Ec5b31a0eca8b,T015d369787bf,"hydromorphone hydrochloride injection, usp@2019-10-20",2025-05-20,month_year,2025-08-31,0,0,0,1,0
S53b3fb96b3b4,E68a3e0561a33,T9d6e46c25da0,sodium chloride 0.9% injection bags@2019-10-20,2024-12-05,month_year,2024-12-31,0,0,0,0,0
S53d5e15482bb,E091279f2c664,Td3832af67ad1,"sodium bicarbonate injection, usp@2019-10-20",2024-05-24,month_year,2025-06-30,0,0,1,1,0
S53ff366cf576,E1901cbff0ff3,T1a1df2f9db52,sodium chloride 0.9% injection bags@2019-10-20,2025-01-27,month_year,2025-03-31,1,0,0,0,0
S5429c84c2595,Ebc99772966c1,T950df030cc62,amphetamine aspartate; amphetamine sulfate; dextroamphetamine saccharate; dextroamphetamine sulfate tablets@2023-01-13,2024-11-26,month_year,2025-04-30,0,1,0,0,0
S5438100d7612,Ee8b7557e2873,T53679a3b7b1b,"conjugated estrogens/bazedoxifene (duavee) tablet, film coated@2022-10-04",2023-01-09,quarter,2023-12-31,0,0,0,0,0
S544454e73e2e,E4da6d71ecc60,T85eccf210076,lisdexamfetamine dimesylate capsule@2023-11-14,2025-03-04,month_no_year,2025-05-31,0,0,0,0,0
S545ebca04f9e,Ea8c436b00626,Td94a3d573678,"bupivacaine hydrochloride injection, usp@2019-10-20",2023-01-09,part_of_month,2023-01-31,0,0,0,0,0
S5473e96ff34c,Eb1805385d875,T14e35ab25c32,clindamycin phosphate injection@2023-03-25,2025-06-09,month_year,2025-06-30,0,0,0,0,0
S547c9d7710f5,E21a4a7605f6d,T9d51c7da5283,"sodium acetate injection, usp@2019-10-20",2023-01-20,month_year,2023-09-30,0,0,0,0,0
S54b4aac770ef,E30836a6703c5,T6aa1c6379da7,"sodium bicarbonate injection, usp@2019-10-20",2024-07-15,month_year,2024-12-31,0,0,0,0,0
S550a39efa5e7,E39b65bbeaf87,Td33cdc1e09b8,leucovorin calcium lyophilized powder for injection@2019-10-20,2023-01-04,month_year,2023-01-31,0,0,0,0,0
S550ff58924c3,E540b832f7434,Td9af7c65970c,clindamycin phosphate injection@2023-03-25,2023-04-26,quarter,2023-09-30,0,0,0,1,0
S5547a6c4db35,E4ee09fd2e4de,Ta95055913c57,"hydromorphone hydrochloride injection, usp@2019-10-20",2025-06-05,month_year,2025-07-31,0,0,0,0,0
S557195066b41,E6051d78c605a,T36b0b5fc1ed3,dopamine hydrochloride injection@2019-10-20,2025-05-23,month_year,2025-12-31,0,0,0,0,0
S5585936b9bb5,Ea61fefe35b9e,Td151623f2967,ketorolac tromethamine injection@2019-10-20,2023-03-17,month_year,2023-06-30,0,0,0,1,0
S5586f92a539f,E76e729746167,Taa7065a42dec,tirzepatide injection@2023-01-13,2024-03-18,part_of_month,2024-03-31,0,0,0,0,0
S55ae124ab765,E68fb5a26268b,T99e6d9eb324e,dobutamine hydrochloride injection@2019-10-20,2024-04-08,month_year,2024-04-30,0,0,0,0,0
S55be6554ea3d,E6b6e2059b68e,Tf49214b52ab0,dexamethasone sodium phosphate injection@2019-10-20,2023-12-20,month_no_year,2024-01-31,0,0,0,0,0
S55c55903d9ef,Ede778c5df9ed,T1f4079e26e77,lidocaine hydrochloride (xylocaine) and dextrose injection solution-premix bags@2019-10-20,2023-01-20,month_year,2024-03-31,0,0,0,0,0
S55c99910abad,Ee31d35054ef4,T5a0a3bd85dc9,sodium chloride 0.9% injection bags@2019-10-20,2023-03-17,month_year,2024-12-31,0,0,0,0,0
S562d55b6302a,E4c62a87e9c25,Tae268a9be9a4,flurazepam hydrochloride capsules@2022-10-04,2023-11-03,month_year,2024-06-30,0,0,0,0,0
S563a322ad6c0,E2d20b936b7aa,T43667bce0390,"furosemide injection, usp@2020-06-12",2023-03-17,month_year,2023-06-30,0,0,1,0,0
S563ddf4bf246,E937a21f3e540,T7a1170e66a1d,mefloquine hydrochloride tablet@2024-05-15,2025-01-23,month_year,2025-04-30,0,0,1,0,0
S5645c25d2f77,Eae56839ec5f5,Tb1fca5e03365,hydrocortisone sodium succinate injection@2023-03-25,2023-09-11,month_year,2023-09-30,0,0,0,0,0
S564da1fa23e2,E467b46f62703,T3db347d95a40,carboplatin injection@2023-05-14,2023-04-28,quarter,2023-09-30,0,0,1,0,0
S565473d46729,E63a34a26f358,Te41e1e26d5a6,chloroprocaine hydrochloride injection@2021-05-21,2024-09-25,range,2024-10-31,1,0,0,0,0
S565785f82774,E5f4a24a5dc80,T57646c43910e,"midazolam injection, usp@2020-04-02",2024-03-18,month_year,2024-04-30,0,0,0,0,0
S565b84c4c1fc,Ef49794c3276b,T6db81e214ff8,"morphine sulfate injection, usp@2019-10-20",2025-03-11,month_year,2025-09-30,0,0,0,0,0
S5668c5c7d0e3,Ebab9d368e64b,Te1b680be0fc2,methylprednisolone acetate injection@2022-10-04,2023-01-09,quarter,2023-09-30,0,0,0,0,0
S56b03e4ccb28,E1212869b6bb0,T6abe98f0de1d,clindamycin phosphate injection@2023-03-25,2025-06-09,month_year,2025-09-30,0,0,0,0,0
S56cb4ce15ba1,Ed7e45c84f816,T3ef6c83888f1,"hydromorphone hydrochloride injection, usp@2019-10-20",2024-06-05,month_year,2024-06-30,0,0,0,0,0
S5701b3282e43,Ed44f2c985121,T8e8a474b6187,hydrocortisone sodium succinate injection@2023-03-25,2024-10-28,month_year,2024-12-31,0,0,0,0,0
S571b56fcde74,E35d7717c4d99,Taa7065a42dec,tirzepatide injection@2023-01-13,2024-02-02,part_of_month,2024-03-10,0,0,0,0,0
S571c19ba1d97,Ebbb516a57aa8,T88d6ecb1417d,carboplatin injection@2023-05-14,2025-02-25,month_year,2025-09-30,0,0,0,0,0
S572f9d9bdbf2,Efd7e4139e7f5,T5acd70fcc48c,"sodium bicarbonate injection, usp@2019-10-20",2024-07-15,month_year,2024-09-30,1,0,0,0,0
S57310e68d6fa,Ea948a5e82806,Tb86bd060259c,"sodium acetate injection, usp@2019-10-20",2025-10-23,month_year,2025-12-31,0,0,0,1,0
S5758c5ee13ed,Ef381ba8bf669,Tf7a46069bae7,ketamine injection@2019-10-20,2024-02-27,quarter,2024-09-30,0,0,0,0,0
S577040e75d56,E847dc17c1bce,T516a8926327b,"bupivacaine hydrochloride injection, usp@2019-10-20",2025-11-26,month_year,2025-12-31,0,1,0,0,0
S5773a66f8520,Ebb6e479bfd6a,Taa919a978cec,"bupivacaine hydrochloride and epinephrine injection, usp@2019-10-20",2023-09-11,month_year,2024-03-31,0,0,0,0,0
S579cb1ba2ee1,E3c585f596067,T134ca3bb44df,clonazepam tablets@2023-03-25,2024-02-06,month_year,2024-08-31,0,0,0,0,0
S579dbce2d96b,Ee9b97431d7bf,Td80756198ef4,etomidate injection@2022-10-06,2023-04-21,month_year,2023-06-30,0,0,0,0,0
S579e030f3b2a,E3bc1a7119d2b,T62316af05dfc,"bupivacaine hydrochloride and epinephrine injection, usp@2019-10-20",2023-03-17,month_year,2024-06-30,0,1,0,0,0
S57a130c78652,E3f537736e3df,Tb1fca5e03365,hydrocortisone sodium succinate injection@2023-03-25,2025-05-23,quarter,2025-09-30,0,1,0,0,0
S57a8265d370e,E78005f2538ec,T58e836ab5db8,"bupivacaine hydrochloride and epinephrine injection, usp@2019-10-20",2023-03-10,month_year,2023-04-30,0,0,0,1,0
S57baf030cf86,Ef8593accf19c,T7727158e0955,dexmedetomidine injection@2020-06-12,2025-12-02,month_year,2025-12-31,0,0,0,0,0
S57bf38c49e0d,E980ed916cece,T461703f0187d,somatropin (saizen) injection@2023-01-13,2024-04-08,quarter,2024-06-30,0,0,0,0,0
S57e19a58bc5d,Ebdd1a5a0b94c,Tb82e46c44f17,"midazolam injection, usp@2020-04-02",2024-05-23,month_year,2024-06-30,0,0,0,0,0
S585c620d5268,E24132debe811,T8323da29ed01,rocuronium bromide injection@2023-03-02,2023-02-17,month_year,2024-12-31,0,0,0,0,0
S586dfe9157dc,Edb222693fed1,T5369b905f0d2,"hydromorphone hydrochloride injection, usp@2019-10-20",2024-05-31,month_year,2024-12-31,0,0,0,0,0
S591883102116,Eb3d4ccbdccce,T075ff2870e21,hydroxocobalamin injection@2024-11-25,2024-11-04,quarter,2025-06-30,0,0,0,0,0
S591de9671296,E44409901fe5d,T375e7e4737fe,leucovorin calcium lyophilized powder for injection@2019-10-20,2024-05-18,month_year,2024-05-31,0,0,0,0,0
S591fea8e3bf6,E73feb81fa1e8,Tcbe963ffcb71,dobutamine hydrochloride injection@2019-10-20,2025-01-27,month_year,2025-12-31,1,0,0,1,0
S5941617e9b51,Ef0344e5c1527,Ta0382fde30d5,leucovorin calcium lyophilized powder for injection@2019-10-20,2024-04-18,month_year,2024-05-31,0,1,0,0,0
S594913ab2f34,Ed4f746a349d2,T6cafe9d8cc03,"sodium bicarbonate injection, usp@2019-10-20",2023-03-17,month_year,2024-03-31,0,0,0,0,0
S594f2315e7db,E0164e1f2ac7a,T4adacbdc59cd,hydroxocobalamin injection@2024-05-07,2024-05-07,part_of_month,2024-05-31,0,0,0,1,0
S595b92b3fc1b,Ed532e74eed83,T034c5ebd5aba,hydrocortisone sodium succinate injection@2023-03-25,2024-12-13,month_year,2024-12-31,0,0,0,0,0
S59a9791144bf,E114977400c98,Te9f0345efe32,clindamycin phosphate injection@2023-03-25,2025-02-26,month_year,2025-06-30,0,0,0,0,0
S59ccb1f376bd,Eab63e0f40ce1,T2517e7d85e01,"sodium bicarbonate injection, usp@2019-10-20",2025-05-23,month_year,2025-12-31,0,0,0,0,0
S5a29bb86e500,Ef67078447162,Tc00fcfdc94e8,sodium chloride 0.9% injection bags@2019-10-20,2023-02-16,month_year,2023-06-30,0,0,0,0,0
S5a343779c411,Ef6fdb08bb121,T5acd70fcc48c,"sodium bicarbonate injection, usp@2019-10-20",2023-03-17,month_year,2023-06-30,0,0,0,0,0
S5a346c08034c,E014bccb2139c,Tfe8b4607445b,dexmedetomidine injection@2020-06-12,2024-04-16,month_year,2024-05-31,0,0,0,0,0
S5a7dc5ae49f9,E5dfc7904f570,Tcd86b0e84f01,cromolyn sodium concentrate@2023-11-14,2023-12-22,part_of_month,2024-01-31,0,0,0,0,0
S5a9272841c44,E04d265dfef2d,T840367ef6d8b,"dacarbazine for injection, usp@2021-11-30",2024-04-18,month_year,2024-05-31,0,0,0,0,1
S5ad2af43d6e0,E3449394cd322,T2080e0dc61f3,"morphine sulfate injection, usp@2019-10-20",2024-07-15,month_year,2024-09-30,0,0,0,1,0
S5b1766f34355,E2933efdde3b4,Tf838c50e79af,sulfasalazine tablets@2020-06-12,2023-12-27,month_year,2024-01-31,0,0,0,0,0
S5b2802a8cc92,E557c3b3f6ac7,Tde7042e0afbb,"bupivacaine hydrochloride injection, usp@2019-10-20",2023-09-11,month_year,2023-12-31,0,0,0,0,0
S5b48eae1b290,E023f9b6ab188,T5a0a3bd85dc9,sodium chloride 0.9% injection bags@2019-10-20,2023-04-28,month_year,2024-03-31,1,0,0,0,1
S5b709514c405,Ebb2743fa4a44,Ta0382fde30d5,leucovorin calcium lyophilized powder for injection@2019-10-20,2024-06-27,month_year,2024-07-31,0,0,0,0,0
S5b70ad6e3d63,E69482d1b296f,T930ff704c452,methotrexate sodium injection@2023-03-25,2024-11-26,month_year,2025-11-30,0,0,1,1,0
S5b76d48bec92,E255988d25de9,T539fa130d4bc,sodium chloride 0.9% injection bags@2019-10-20,2024-10-28,month_year,2024-12-31,0,0,0,0,0
S5b82b54424a7,E390a74c85b8c,T03444ba8796a,"furosemide injection, usp@2020-06-12",2024-03-20,month_year,2024-04-30,0,0,0,1,0
S5b87a5886a16,E290b1c841350,T947a9d34b2e2,sodium chloride 0.9% injection bags@2019-10-20,2024-03-20,quarter,2024-06-30,0,0,0,0,0
S5b8d73955d67,E4ae044955283,T4c0f1f7d310c,amino acids@2021-01-17,2025-02-20,month_year,2025-02-28,0,0,0,0,0
S5bce54887561,E7bc9449d007e,Tc2c7c7170078,dextrose 25% injection@2022-10-04,2023-02-22,month_year,2023-12-31,0,0,0,0,0
S5c3ceb270bd6,E00a7a089cff3,T9f4ab29d9cdd,somatropin (saizen) injection@2023-01-13,2024-11-12,month_year,2024-11-30,0,0,0,0,0
S5c40a5456934,Ea1bef85e9249,T58957455bb09,dopamine hydrochloride injection@2019-10-20,2024-09-16,range,2024-12-31,0,0,0,0,0
S5c51c4adc9b2,Ed7150f6923ba,T397f57520d69,"sodium bicarbonate injection, usp@2019-10-20",2023-01-26,month_year,2023-03-31,0,0,0,0,0
S5c532cb98a27,E16cdc4023c02,T50daf54a2764,lidocaine hydrochloride (xylocaine) and dextrose injection solution-premix bags@2019-10-20,2023-05-01,month_no_year,2023-05-31,1,0,0,0,0
S5ca639692877,E132502813217,Te8cca88b4ee4,amoxicillin oral powder for suspension@2023-01-13,2025-02-25,month_year,2025-04-30,0,0,0,0,0
S5cbe588a068f,E49af1fccb974,T64e9ef84d9ad,lidocaine hydrochloride (xylocaine) and dextrose injection solution-premix bags@2019-10-20,2024-05-24,month_year,2025-06-30,0,0,0,0,0
S5cd1a3b8114a,E16d8687202d6,T139fdb8aa482,amphetamine aspartate; amphetamine sulfate; dextroamphetamine saccharate; dextroamphetamine sulfate tablets@2023-01-13,2024-05-02,month_year,2024-09-30,0,0,0,0,0
S5ce8743ba626,Eced0274ccb59,T46d63103b01e,leucovorin calcium lyophilized powder for injection@2019-10-20,2023-02-24,part_of_month,2023-03-31,0,0,0,0,0
S5d235bc521a2,Ec0f12b52ac8d,T86fbd150a972,penicillin g benzathine injectable suspension@2023-05-14,2025-01-14,month_year,2025-09-30,0,0,0,1,0
S5d68f58a4607,Ec19cf7d5a8af,T516a8926327b,"bupivacaine hydrochloride injection, usp@2019-10-20",2023-03-17,month_year,2023-09-30,0,0,0,0,0
S5d6b061bbe5a,E918eb8b485af,T6db81e214ff8,"morphine sulfate injection, usp@2019-10-20",2025-02-26,month_year,2025-09-30,0,0,0,0,0
S5db4c3f2ec93,E60b9a34d1f85,T496f79f2af52,methotrexate sodium injection@2023-03-25,2023-12-27,month_year,2023-12-31,0,1,0,0,0
S5e1e48d4b39e,E448dc419da97,Td6a51caeb050,rocuronium bromide injection@2023-03-02,2023-03-17,month_year,2024-12-31,1,0,0,0,0
S5e29288cef2e,Eca71e2ec3f81,Tf9a1fd91a217,"methylphenidate hydrochloride tablet, extended release@2023-11-14",2024-11-01,month_no_year,2024-11-30,0,0,0,0,0
S5e3619f0ca6f,E45b0fedf42fc,Tbe7b1243b3ce,meperidine hydrochloride injection@2025-06-08,2025-11-13,range,2025-12-31,0,0,0,0,0
S5e4e0d775d73,Ef86b29604086,T6c8f10238ea4,remifentanil (ultiva) lyophilized powder for solution injection@2022-10-04,2024-03-20,month_year,2024-05-31,0,0,0,0,0
S5e661dbfce3b,E59b9228cde76,Taf6c4e4084ce,atropine sulfate injection@2019-10-20,2025-12-19,month_year,2026-03-31,0,0,0,0,0
S5e8a0b4196f3,Eb7a210a11447,Tfa5d26c556c3,remifentanil (ultiva) lyophilized powder for solution injection@2022-10-04,2023-02-13,month_year,2023-03-31,0,0,0,0,0
S5ea8b03e77d1,Ee6753c16617a,T0dfe22e938ac,cyclopentolate ophthalmic solution@2020-11-10,2024-06-26,part_of_month,2024-07-14,0,0,0,0,0
S5eaf64b5f408,Eebf38eeed810,Taaab35c926b0,sufentanil citrate injection@2022-10-04,2024-07-15,month_year,2024-09-30,0,0,0,0,0
S5efcd51896d0,E5923634171c3,T271177693a21,dopamine hydrochloride injection@2019-10-20,2025-07-31,month_year,2025-12-31,0,0,0,0,0
S5f316e2725e1,E31eec1503834,T9d9ebd089534,leucovorin calcium lyophilized powder for injection@2019-10-20,2024-02-22,range,2024-04-30,1,0,0,0,0
S5f63c27f20b0,E3eaf6184d8e4,Tccbdf26e7d4c,dobutamine hydrochloride injection@2019-10-20,2024-01-19,month_year,2024-03-31,1,0,1,1,0
S5f66c75ea1fd,E6a7351612898,Tba5d413fd924,diflunisal tablets@2022-10-04,2023-01-09,month_year,2023-02-28,0,0,0,0,1
S5f90ec486c06,Ec4fc29ba3453,T7f9a06ecce67,vinblastine sulfate injection@2023-11-14,2023-11-29,month_year,2023-12-31,0,0,0,0,0
S5fadab3d0d4c,Ea0515a33c391,Tc9e3cef23ee5,clindamycin phosphate injection@2023-03-25,2025-07-31,month_year,2026-03-31,0,0,0,0,0
S5fbbc0091d48,Ea855ba29ed12,Tf770736d2bc4,pantoprazole sodium for injection@2019-10-20,2023-03-17,month_year,2023-12-31,1,0,0,0,0
S5fc1b155cdf4,Ee6f73f02787d,T4e29d9d92df3,"morphine sulfate injection, usp@2019-10-20",2024-04-08,month_year,2024-12-31,0,0,0,0,0
S601b03028aa6,E387af3749927,T5d3813d35a78,remifentanil (ultiva) lyophilized powder for solution injection@2022-10-04,2024-02-01,month_year,2024-03-31,0,0,0,1,0
S6021bed3d277,E22c6a21a91e2,T4864f2761d14,fentanyl citrate (sublimaze) injection@2019-10-20,2025-11-19,month_year,2026-02-28,1,0,0,0,0
S60235c78fffa,E286a24480c6e,T1c1fe40145b3,sulfasalazine tablets@2020-06-12,2023-01-09,quarter,2023-03-31,0,0,0,0,0
S604049c7414e,E52a1504c6fb6,T8562b68731c0,dextrose 25% injection@2022-10-04,2024-03-28,month_year,2025-06-30,0,0,0,0,0
S606146d20177,Efe4a010eed69,T2f8876b1a4ea,sterile water@2021-11-30,2023-09-27,quarter,2024-03-31,0,0,0,0,0
S606930c87f54,E3f4458e17256,Tbfc073375306,lidocaine hydrochloride (xylocaine) injection with epinephrine@2019-10-20,2025-03-11,month_year,2025-12-31,0,0,0,0,1
S6074a0ff53ef,E199c17110409,T2e97501e2c03,dexamethasone sodium phosphate injection@2019-10-20,2025-06-05,month_year,2025-07-31,0,0,0,0,0
S60766be4afca,E79ae19cc7d00,Tf7fffdf94657,lipid injection@2021-11-30,2023-01-24,quarter,2023-06-30,0,0,0,1,0
S609222c74079,E89a5ef0e7a52,T1acb04417c4b,naltrexone hydrochloride tablet@2024-03-01,2025-01-16,year,2025-12-31,0,0,0,0,0
S60c4161bb3a7,E61aaf11025bf,T1f1ce3538fe1,fentanyl citrate (sublimaze) injection@2019-10-20,2023-01-26,month_year,2023-03-31,0,0,0,0,0
S60ec2880657b,Ead647ddf3e4d,T08f8f2db5df5,clindamycin phosphate injection@2023-03-25,2023-09-27,month_year,2023-12-31,0,0,0,0,0
S610b2eaa573c,E0e6a37a43e79,T5cbaa57973c8,heparin sodium and sodium chloride 0.9% injection@2019-10-20,2024-01-19,month_year,2024-03-31,0,0,0,0,0
S6110eafca488,E0103a9ac4dcd,T4b6c4152e302,dextrose 25% injection@2022-10-04,2023-01-09,month_year,2023-03-31,0,1,0,0,0
S611f7ac89b49,E67192ff76035,Ta2a1c37e3018,"bupivacaine hydrochloride injection, usp@2019-10-20",2023-03-10,month_year,2023-03-31,0,0,0,0,0
S6129a8678267,E329d7fa6de38,Tc6772ff78bed,sterile water@2021-11-30,2024-05-23,month_year,2024-06-30,0,0,0,1,0
S617330bcb94c,Ea7f2b848396c,T2a79bd039e71,"bupivacaine hydrochloride and epinephrine injection, usp@2019-10-20",2023-03-17,month_year,2023-03-31,0,0,0,0,0
S617e26c11008,E39c56d5b6534,T211b21c41779,oxybutynin chloride syrup@2023-01-13,2023-11-01,month_year,2023-12-31,0,0,1,0,0
S61845f36e2e1,Ec1e605c26858,T25c5a6761868,"furosemide injection, usp@2020-06-12",2023-03-17,month_year,2023-06-30,0,0,0,1,1
S619d608a1858,E17de4b8c8330,T686a91c2b0c2,"midazolam injection, usp@2020-04-02",2024-03-28,month_year,2024-03-31,0,0,0,1,1
S61ac4d674e75,Ef2ccaf662ec1,T70909668f645,"midazolam injection, usp@2020-04-02",2025-06-09,month_year,2025-06-30,0,0,0,0,0
S61ae324a07eb,Ee9f27c9b5fcc,T655460187c43,"sodium bicarbonate injection, usp@2019-10-20",2025-07-01,relative,2025-07-15,0,0,1,0,0
S61efbe6d5e16,E15893a8c0e47,T8e8a474b6187,hydrocortisone sodium succinate injection@2023-03-25,2024-12-19,month_year,2024-12-31,0,0,0,0,0
S621d872462d2,E25fe278e1c51,T040a68b1e1e6,"bupivacaine hydrochloride injection, usp@2019-10-20",2023-01-09,month_year,2023-12-31,0,0,0,0,0
S624cc3b049c0,E88e2a64e33bb,T73fdcd3057e8,remifentanil (ultiva) lyophilized powder for solution injection@2022-10-04,2025-05-19,month_year,2025-06-30,0,0,0,0,0
S625a639f73f9,E94f45f2037e6,T0bd97d89a4f4,"methylphenidate hydrochloride tablet, extended release@2023-11-14",2024-03-15,quarter,2024-03-31,0,0,0,0,0
S6296c2d946fe,Ef2f89282085c,T533666a62500,"lisdexamfetamine dimesylate tablet, chewable@2023-11-14",2024-03-15,part_of_month,2024-03-31,0,0,0,0,0
S629adaf1d975,E501fc999fd40,Ta63a54f5fd78,methylprednisolone acetate injection@2022-10-04,2025-01-14,month_year,2025-03-31,0,0,0,1,0
S62e2ae64879d,Ebf74ec1aa46a,T43e1401240d3,amphetamine aspartate; amphetamine sulfate; dextroamphetamine saccharate; dextroamphetamine sulfate tablets@2023-01-13,2025-06-20,month_year,2025-07-31,0,0,0,1,0
S62e4be539422,E1c6112547441,T68b3e3fc6e9a,dobutamine hydrochloride injection@2019-10-20,2023-04-28,month_year,2023-12-31,0,0,0,0,1
S62e50b047dfd,Eef730433d5e9,T0338c46accef,atropine sulfate injection@2019-10-20,2024-05-15,month_year,2024-09-30,0,0,0,0,0
S62f4ecce1a09,E7e44f45dbd2a,T58876ee54ef0,methotrexate sodium injection@2023-03-25,2023-07-28,month_year,2023-09-30,0,1,0,0,0
S62fb1d526c45,E5bfa5824fe3d,Tc11f40ba48a3,somatropin (saizen) injection@2023-01-13,2024-03-13,quarter,2024-09-30,0,0,0,0,0
S6304781b16d0,E46c68e3dcabc,Tdbcedad43e29,lidocaine hydrochloride (xylocaine) injection with epinephrine@2019-10-20,2024-09-11,month_year,2025-09-30,0,0,0,0,0
S6313270919d3,E7fbff49828e3,T58957455bb09,dopamine hydrochloride injection@2019-10-20,2025-11-13,month_year,2026-01-31,0,0,0,0,0
S63298939da5d,E761b59931ca9,Tbe755a512619,lidocaine hydrochloride (xylocaine) and dextrose injection solution-premix bags@2019-10-20,2023-03-17,month_year,2024-03-31,0,0,0,0,0
S6340729f18e9,E5958765b6b71,T86d9e32ac238,leucovorin calcium lyophilized powder for injection@2019-10-20,2024-12-05,month_year,2025-03-31,0,0,0,0,0
S6375474e7b82,E7cd0b483c044,Td8c3742da817,"sodium bicarbonate injection, usp@2019-10-20",2024-05-24,month_year,2024-06-30,0,0,0,0,0
S63c37cda3977,Ed04950124ecc,T5f2542b6f883,"methylphenidate hydrochloride tablet, extended release@2023-11-14",2025-03-04,month_no_year,2025-05-31,0,0,1,0,0
S641fc15904b2,E6123c41a9a2b,T539fa130d4bc,sodium chloride 0.9% injection bags@2019-10-20,2024-05-24,month_year,2024-07-31,0,0,0,0,0
S643b765299af,E498c642e73c9,Taa2bf4351d2a,dexmedetomidine injection@2020-06-12,2025-05-05,month_year,2025-05-31,0,0,0,0,0
S64501c9c8110,Eb107f100672b,Tbcc46028f71d,amphetamine aspartate; amphetamine sulfate; dextroamphetamine saccharate; dextroamphetamine sulfate tablets@2023-01-13,2024-11-26,year,2024-12-31,0,0,0,1,0
S645e698a91f1,Ecb454b52be3b,T42aaae03ac91,naltrexone hydrochloride tablet@2024-03-01,2025-05-19,quarter,2025-06-30,0,0,0,0,0
S6475d9a587fd,E898aec68f4a0,T351a611adfa8,dextrose 25% injection@2022-10-04,2024-10-29,month_year,2025-03-31,1,0,0,0,0
S6478dfeb3c08,E0ef63fb98a56,T973b265fdd8b,"hydromorphone hydrochloride injection, usp@2019-10-20",2023-03-17,month_year,2023-03-31,0,0,0,0,0
S64e04c70917a,E94af487caf5c,T856d9636f534,somatropin (saizen) injection@2023-01-13,2023-12-05,year,2024-12-31,0,0,0,0,1
S652cfdae7c4a,Ef5ca1da627b3,Ta9d82967308f,dobutamine hydrochloride injection@2019-10-20,2023-01-09,month_year,2023-03-31,0,0,0,0,0
S6543c97d5362,E8979b7b9cf41,T70f52f2d7051,"morphine sulfate injection, usp@2019-10-20",2025-11-26,month_year,2025-12-31,0,0,0,0,0
S654acaf33889,E21f99efb97aa,Ta7dae38c5d39,sodium phosphate injection@2021-10-06,2024-02-27,quarter,2024-06-30,0,0,0,0,0
S65588b90e73b,E9b945985ff98,Tcc6024a3a406,dopamine hydrochloride injection@2019-10-20,2024-07-15,month_year,2024-09-30,0,0,0,0,0
S655ad3277842,Ee53c0e4d3605,T835011b17010,cytarabine injection@2021-10-06,2023-09-11,month_year,2023-12-31,0,0,0,0,0
S656959309680,E898e1ce5e188,Tb2b50403d767,"bupivacaine hydrochloride and epinephrine injection, usp@2019-10-20",2023-09-11,month_year,2024-03-31,1,0,0,0,0
S658ce6de1279,E639e2b1394b3,T54300333781a,nitroglycerin injectable@2023-11-14,2024-03-21,month_year,2024-04-30,0,0,0,0,0
S65a175056bd0,E5b65d60fc56d,Tc2c7c7170078,dextrose 25% injection@2022-10-04,2024-09-11,month_year,2025-03-31,0,0,0,0,0
S65f3efe2c4b7,E6d22f2549135,T3da7d6c25a1e,cisplatin injection@2023-03-02,2023-10-19,month_year,2023-10-31,0,0,0,0,0
S65f5f0dc22fc,Ef8ecf6aaff17,Tab1c2ab3d387,azacitidine injection@2021-01-17,2025-01-23,month_year,2025-02-28,0,0,0,0,0
S65f75c6ef961,Efa56aa8f21fc,T36b0b5fc1ed3,dopamine hydrochloride injection@2019-10-20,2025-11-26,month_year,2026-03-31,0,0,1,0,0
S6611497c1ca8,E252bcfb546a7,Td1b45d641dcf,lisdexamfetamine dimesylate capsule@2023-11-14,2025-05-20,month_year,2025-06-30,0,0,0,0,0
S6627d988d087,E160cc5c8e4d6,T17b68648fcd7,dextrose 25% injection@2022-10-04,2025-05-20,month_year,2025-08-31,0,0,0,0,0
S66a26f36fb0f,Ee9b52320cf72,Tdaa4b6b5b185,methotrexate sodium injection@2023-03-25,2025-01-23,month_year,2025-03-31,0,0,0,0,0
S66c5d15be9d0,E6bbfc907837d,Td8c3742da817,"sodium bicarbonate injection, usp@2019-10-20",2024-02-27,quarter,2024-06-30,0,0,0,0,0
S66fb978ac371,Eee61b4793a86,T921747ff55cf,"bupivacaine hydrochloride injection, usp@2019-10-20",2025-12-19,month_year,2025-12-31,0,0,0,0,0
S6702440b0686,Eb9bc403ac52e,T1ae5334ffcc5,amphetamine aspartate; amphetamine sulfate; dextroamphetamine saccharate; dextroamphetamine sulfate tablets@2023-01-13,2023-03-14,month_year,2023-04-30,0,0,0,0,0
S6733fea277fe,E57c10510c33e,Td1670381c0d2,cisplatin injection@2023-03-02,2024-05-07,month_year,2024-05-31,0,0,0,0,0
S673bda8e607e,E8b6e73f70290,Tae5956fa62de,"metronidazole injection, usp@2022-10-04",2023-09-18,month_year,2023-10-31,0,1,0,0,0
S6766f8ea6e72,E984e20e2e873,Td15908309df2,"potassium acetate injection, usp@2019-10-20",2023-01-09,month_year,2023-06-30,0,0,0,1,0
S67b34087e735,E1654b8295462,T86f259e5362e,"sodium bicarbonate injection, usp@2019-10-20",2025-07-15,relative,2025-08-05,0,0,0,0,0
S6827c8e2bd1b,E9d66e2e72eef,T0a62d8b6367d,etomidate injection@2022-10-06,2023-01-09,month_year,2023-06-30,0,0,0,0,0
S682d14dc5240,E6d12b06fc8c1,Td424c1ded091,potassium chloride injection@2021-11-30,2024-02-27,quarter,2024-09-30,0,0,0,0,0
S683710714e3e,E74ab0d574c87,T484c319a397e,ketamine injection@2019-10-20,2024-01-23,month_year,2024-03-31,0,0,0,0,0
S68375574ee10,Eda19e04d0db8,Td8e5ab6b5f02,ketorolac tromethamine injection@2019-10-20,2023-03-17,month_year,2024-03-31,0,0,0,0,0
S68765ffc7c4a,Eae5c17c39dfa,Tdbcedad43e29,lidocaine hydrochloride (xylocaine) injection with epinephrine@2019-10-20,2023-02-16,month_year,2023-06-30,0,0,0,0,0
S6891657a0b15,E2096ce553cb1,T58957455bb09,dopamine hydrochloride injection@2019-10-20,2025-07-23,month_year,2025-10-31,0,1,0,0,0
S6897068bf38f,Efcf3ec5da7c4,Tbfc073375306,lidocaine hydrochloride (xylocaine) injection with epinephrine@2019-10-20,2023-01-20,month_year,2023-06-30,0,1,0,0,0
S689e4ca4f40f,E5d7b55216324,T7f9a06ecce67,vinblastine sulfate injection@2023-11-14,2024-02-01,month_year,2024-02-29,0,0,0,0,0
S68a8a4d6cd15,E9a4abee87c53,Ta0a29c5567de,"methylphenidate film, extended release@2025-03-17",2025-03-11,quarter,2025-06-30,0,0,0,0,0
S68b583fa1f7f,Eeea958bc6b61,T3ef6c83888f1,"hydromorphone hydrochloride injection, usp@2019-10-20",2024-06-27,month_year,2024-07-31,0,0,0,0,0
S68d46ea20768,E25343a5d1467,T3da6cb213545,sodium chloride 0.9% injection bags@2019-10-20,2023-04-28,month_year,2023-12-31,0,0,0,1,0
S690335c53970,E6b48ac94700f,T4b6c4152e302,dextrose 25% injection@2022-10-04,2023-02-22,month_year,2023-03-31,0,0,0,0,0
S691bb735f412,E97a717b53a07,Tab6518249eb7,methotrexate sodium injection@2023-03-25,2024-09-11,month_year,2024-12-31,0,0,0,0,0
S693559633e03,Ea33d81ef2c56,T12c84dcbc95d,"bupivacaine hydrochloride and epinephrine injection, usp@2019-10-20",2023-04-28,month_year,2025-03-31,0,1,0,0,0
S69436277174e,Ed2129a576d3b,Te8cca88b4ee4,amoxicillin oral powder for suspension@2023-01-13,2024-02-06,month_year,2024-12-31,0,0,0,0,0
S69499a9151b1,E6a851fefd107,Tf7ef201be71d,fentanyl citrate (sublimaze) injection@2019-10-20,2025-02-14,range,2025-03-31,0,1,0,1,1
S697a1076e6f6,Ec84e6a6246a5,Td025973efaca,amphetamine aspartate; amphetamine sulfate; dextroamphetamine saccharate; dextroamphetamine sulfate tablets@2023-01-13,2025-07-16,part_of_month,2025-08-31,0,0,1,0,0
S698162a7ca96,E587d9f609882,T5eb921801b0c,lidocaine hydrochloride (xylocaine) and dextrose injection solution-premix bags@2019-10-20,2024-05-24,month_year,2024-12-31,0,1,0,0,0
S698b10a1390e,Ecbbb65d60e6f,T43bfe32cf083,methylprednisolone acetate injection@2022-10-04,2023-01-20,month_year,2023-01-31,0,0,1,0,0
S699c16418e1f,E8d62e28b2d6a,Te9cf324de6fa,"furosemide injection, usp@2020-06-12",2023-02-16,month_year,2023-06-30,0,0,0,0,0
S699f5af867c0,Eb8d1f2a2a726,T1a140d2829ca,mepivacaine hydrochloride injection@2021-08-02,2023-01-26,month_year,2023-02-28,0,0,0,1,0
S69a6a2a1b25a,E26ccc81544b0,T277351a4dfdd,lidocaine hydrochloride (xylocaine) and dextrose injection solution-premix bags@2019-10-20,2025-02-07,month_year,2025-03-31,0,0,0,0,0
S69c8b986bfb2,E598d03d675e0,T2b7030c753d7,ropivacaine hydrochloride injection@2019-10-20,2023-03-10,month_year,2023-03-31,0,0,0,0,0
S69d1bac2aab5,E804c6ea761e8,T65276086475c,lisdexamfetamine dimesylate capsule@2023-11-14,2024-11-01,part_of_month,2024-11-20,0,0,0,0,1
S69d9cc8aa3d5,Ec536c66d0ee6,Tf6e4652a4751,somatropin (saizen) injection@2023-01-13,2023-04-28,month_year,2023-12-31,0,0,0,0,0
S69ddff3c6708,E9c42fba4b13d,Tccbdf26e7d4c,dobutamine hydrochloride injection@2019-10-20,2024-11-12,month_year,2024-12-31,0,0,0,0,0
S6a134fb084b5,Ea450d808464f,T893b4521d0d1,rocuronium bromide injection@2023-03-02,2023-03-01,quarter,2023-09-30,0,0,0,1,0
S6a1c0cb402e7,Ee4690fe60aeb,Tc9e3cef23ee5,clindamycin phosphate injection@2023-03-25,2024-05-15,month_year,2024-09-30,0,0,0,0,0
S6a65517e481d,E5fffca0536de,Te34ea0d29192,fentanyl citrate (sublimaze) injection@2019-10-20,2023-01-20,month_year,2023-12-31,0,0,0,0,0
S6a6be295553f,Ed33340cdcb38,Tad2d0c86cce0,etomidate injection@2022-10-06,2023-03-17,part_of_month,2023-03-31,0,0,0,0,0
S6a945258b0f7,E6612e579862c,T96387c7b1fcf,leucovorin calcium lyophilized powder for injection@2019-10-20,2024-03-20,exact_day,2024-03-29,0,0,0,0,0
S6aa1031af5f1,Eb7ad649866fc,T52f47d0409b6,"hydromorphone hydrochloride injection, usp@2019-10-20",2025-05-23,month_year,2026-03-31,0,0,0,0,0
S6aa7e580cb82,E80950bef2c04,T8c6ac49f3d74,lisdexamfetamine dimesylate capsule@2023-11-14,2025-01-16,part_of_month,2025-01-31,0,0,0,0,0
S6aca13a89811,E2df28b89d1f4,Ta1620c0308aa,ketorolac tromethamine injection@2019-10-20,2023-01-04,month_year,2023-02-28,0,0,0,0,0
S6ad5f1bad53f,E729db1a22207,Tf1ba3dc5034b,meperidine hydrochloride injection@2025-06-08,2025-05-30,month_year,2025-12-31,0,1,0,0,0
S6b1d249ccdd6,Ea4af8208b8a7,T225eaf2545de,ketorolac tromethamine injection@2019-10-20,2023-11-29,month_year,2023-12-31,0,0,0,0,0
S6b205ccecb12,E61b36c111a88,T8a1fdbe141f1,"hydromorphone hydrochloride injection, usp@2019-10-20",2025-01-27,month_year,2025-03-31,0,0,1,0,0
S6b3eb48a6fa7,E24fe2f32b66f,T1a04ebf135ed,heparin sodium and sodium chloride 0.9% injection@2019-10-20,2023-03-17,month_year,2023-06-30,0,0,0,0,0
S6b3fa514b90d,Ecb74f814b86c,Tc1fb62dbd5e3,fentanyl citrate (sublimaze) injection@2019-10-20,2023-04-28,month_year,2023-09-30,0,0,0,0,0
S6b4716e46686,E5f5dd21f58a5,T4fdd551e85d5,"bupivacaine hydrochloride injection, usp@2019-10-20",2023-02-16,month_year,2024-03-31,0,0,1,0,0
S6b4da9143cd0,E110da5aebb1a,Tf3d46fce8c9d,"lorazepam injection, usp@2019-10-20",2025-11-19,month_year,2025-12-31,0,0,0,0,0
S6b5b51e6c7b1,Ef73f9117e71b,Td1b368e330dc,"bupivacaine hydrochloride injection, usp@2019-10-20",2024-05-21,month_no_year,2024-06-30,0,1,0,0,0
S6b8c377b0347,E8542619dfaa0,T0a62d8b6367d,etomidate injection@2022-10-06,2025-02-26,month_year,2025-06-30,0,1,0,0,0
S6bc1293b7b12,Ea9066d43ca11,Tafe07ae7d4b7,"bupivacaine hydrochloride and epinephrine injection, usp@2019-10-20",2023-03-17,month_year,2024-06-30,0,0,1,0,0
S6bc2f98da76b,E32e152c12b04,T2f160a5e83bf,lidocaine hydrochloride (xylocaine) injection with epinephrine@2019-10-20,2024-03-18,month_year,2024-04-30,0,0,0,0,0
S6bc65dd51e32,Eafed602000ec,T7adfeff51f2e,clindamycin phosphate injection@2023-03-25,2023-04-26,quarter,2023-09-30,1,0,0,0,0
S6bd5a987bdc1,E3a4a08a127ee,Tc7d02c7ee0d2,sodium phosphate injection@2021-10-06,2024-06-05,month_year,2024-06-30,0,0,0,0,0
S6bef575f5a02,E4504837c1bf0,T8161281ff285,meperidine hydrochloride injection@2025-06-08,2025-06-09,month_year,2025-09-30,0,0,0,0,0
S6c3677bb26a7,E834cfbd7118f,T64dc1915281d,"morphine sulfate injection, usp@2019-10-20",2023-02-13,month_year,2023-03-31,0,1,0,0,0
S6c39d99c242c,E540f17cc1abc,T23a95b7969db,"hydromorphone hydrochloride injection, usp@2019-10-20",2024-07-08,month_year,2025-01-31,0,0,1,1,0
S6c51814da2a2,E75fd6dec5df5,T921747ff55cf,"bupivacaine hydrochloride injection, usp@2019-10-20",2025-11-26,month_year,2025-12-31,0,0,0,1,0
S6c57b8cbaf1b,Ef37e30615e91,T14e35ab25c32,clindamycin phosphate injection@2023-03-25,2025-11-26,month_year,2026-03-31,0,1,0,0,0
S6c6c738fdaa7,Efe0c420ce06f,T01457dd6f7b5,pantoprazole sodium for injection@2019-10-20,2023-01-20,month_year,2023-06-30,0,1,0,0,0
S6c6cdcef7cbf,E4e3cd7197437,T3f1fb5adcb1e,sodium chloride 0.9% injection bags@2019-10-20,2023-03-17,month_year,2023-12-31,0,0,0,0,0
S6c87d018fed4,Eb72ef270f903,T566309e04a16,lidocaine hydrochloride (xylocaine) injection with epinephrine@2019-10-20,2024-05-24,month_year,2025-03-31,0,0,0,0,0
S6cc69174bfb1,Ed74f3ac17f75,T145ea465adec,sterile water@2021-11-30,2023-03-10,month_year,2023-03-31,0,0,0,0,0
S6ccafc4b075e,E820f6332da2d,Te44347279dcc,fludarabine phosphate injection@2022-10-04,2023-04-21,month_year,2023-04-30,0,1,0,0,0
S6ccc96082766,Eaafdec23696a,Tdbcedad43e29,lidocaine hydrochloride (xylocaine) injection with epinephrine@2019-10-20,2023-03-17,month_year,2023-12-31,0,0,0,0,0
S6cf132a2e99f,E44b01ce63ec3,T880a0162b123,amphetamine aspartate; amphetamine sulfate; dextroamphetamine saccharate; dextroamphetamine sulfate tablets@2023-01-13,2023-01-17,part_of_month,2023-04-20,0,1,0,0,0
S6d0cba6c4309,E842434057a44,Tdfbaf341fd57,fentanyl citrate (sublimaze) injection@2019-10-20,2023-01-09,month_year,2023-06-30,0,0,0,0,0
S6d531aaf01b9,E2d5f414038a6,Tc68a395c9498,lisdexamfetamine dimesylate capsule@2023-11-14,2024-02-01,month_year,2024-03-31,0,1,1,0,0
S6d547a588ca1,E3848d8dc25c6,Tbfc073375306,lidocaine hydrochloride (xylocaine) injection with epinephrine@2019-10-20,2025-12-19,month_year,2026-03-31,0,0,0,0,0
S6d70be513486,E87d0b42b2fcf,T46d63103b01e,leucovorin calcium lyophilized powder for injection@2019-10-20,2024-10-15,month_year,2024-10-31,0,0,0,0,0
S6d937c52984a,E8421ba8bc47c,T52f47d0409b6,"hydromorphone hydrochloride injection, usp@2019-10-20",2025-07-31,month_year,2026-03-31,0,0,0,0,0
S6da7df455071,E20446df519e6,Tc0ae027fa46f,lidocaine hydrochloride (xylocaine) and dextrose injection solution-premix bags@2019-10-20,2025-11-13,month_year,2025-12-31,0,0,0,1,0
S6db1d27131e6,Ed15cbb0113bd,T21646e4fc216,amphetamine aspartate; amphetamine sulfate; dextroamphetamine saccharate; dextroamphetamine sulfate tablets@2023-01-13,2025-01-24,relative,2025-02-07,0,0,0,0,0
S6db6ffe2d4bc,Ea83497486bfd,Tdaa4b6b5b185,methotrexate sodium injection@2023-03-25,2024-12-06,month_year,2025-03-31,0,0,1,0,0
S6dc8ed3e21c4,E884e943cb693,Tc84ad32e1fb4,ropivacaine hydrochloride injection@2019-10-20,2023-01-26,month_year,2023-02-28,0,1,0,0,0
S6dcb1fb75646,Ed499f391b38d,T9a55947ab386,"hydromorphone hydrochloride injection, usp@2019-10-20",2025-02-14,month_year,2025-05-31,0,0,0,1,0
S6df93ac57363,Edf5039bb00fe,T57646c43910e,"midazolam injection, usp@2020-04-02",2024-10-15,month_year,2024-11-30,0,0,1,0,0
S6e41827e654f,Eae041c2ddb81,T1d565d3876a2,cytarabine injection@2021-10-06,2023-11-29,month_year,2023-12-31,0,0,0,0,0
S6e50f45510d1,E5c3b119c416f,Ta966d0598c08,lidocaine hydrochloride (xylocaine) and dextrose injection solution-premix bags@2019-10-20,2023-02-22,month_year,2023-09-30,1,0,1,0,0
S6e786d4b3e65,E632cb1e09ae6,Tdca1f64d5e77,"bupivacaine hydrochloride and epinephrine injection, usp@2019-10-20",2024-09-04,month_year,2024-09-30,0,0,0,0,0
S6eb40d8454de,E86ce3039d205,T04f296cb3742,"oxytocin injection, usp synthetic@2022-10-04",2023-01-04,month_year,2023-01-31,0,0,0,0,0
S6eee36200d05,E1ca4a4682b4b,T9f5710f40fbe,semaglutide (ozempic) injection@2022-10-04,2023-03-17,part_of_month,2023-03-31,1,1,0,0,0
S6efd3cf41978,Ea9ff8aa9cfa3,T0c7c2611ce8e,"potassium acetate injection, usp@2019-10-20",2024-03-28,month_year,2024-06-30,0,1,0,0,0
S6f30157fe669,Ed691b0a6d834,T83effb0106c6,lidocaine hydrochloride (xylocaine) and dextrose injection solution-premix bags@2019-10-20,2024-09-18,month_year,2024-11-30,0,0,0,0,0
S70023d2897a6,Ea487c3307ce5,T0eb2a0df1868,"bupivacaine hydrochloride injection, usp@2019-10-20",2023-01-09,month_year,2023-09-30,0,0,0,0,0
S701bfa05e200,E32e820ee9a09,Tafe07ae7d4b7,"bupivacaine hydrochloride and epinephrine injection, usp@2019-10-20",2024-05-15,month_year,2024-12-31,0,0,0,0,0
S701f5e36f089,E2e876bf13f5c,T37792d9cd6a0,"furosemide injection, usp@2020-06-12",2025-07-23,quarter,2025-09-30,0,1,0,1,0
S7020e4b73d10,E4549560fddd2,T082ff7769901,propranolol hydrochloride injection@2023-11-14,2025-06-05,month_year,2025-07-31,0,0,0,0,0
S7041bde81af0,Eedaa019552ff,T6d220cb55079,lisdexamfetamine dimesylate capsule@2023-11-14,2024-03-19,part_of_month,2024-03-31,0,0,1,0,0
S706d165751ca,E32366304b5d0,Td281b880745a,meperidine hydrochloride injection@2025-06-08,2025-07-31,month_year,2025-12-31,0,1,0,0,0
S707c6535f8c3,Ec549406e2dd6,T00d7bb7d3e3f,sulfasalazine tablets@2020-06-12,2023-09-11,month_year,2024-12-31,1,0,0,0,0
S70ab7a4b5dc2,E2ac1b211ceec,T3f35e4f64a39,dextrose 25% injection@2022-10-04,2023-03-10,month_year,2023-03-31,0,0,0,0,0
S70b26124299f,E13f8e80eab6b,T12c84dcbc95d,"bupivacaine hydrochloride and epinephrine injection, usp@2019-10-20",2025-03-11,month_year,2025-12-31,0,0,0,0,0
S70c39a99f1af,Eb2f609ac54ba,T65fd77894697,fentanyl citrate (sublimaze) injection@2019-10-20,2023-01-20,month_year,2023-03-31,0,0,0,0,0
S70e35edf4c69,E51b2b6604b02,T1a04ebf135ed,heparin sodium and sodium chloride 0.9% injection@2019-10-20,2025-01-02,month_year,2025-06-30,0,0,0,0,0
S70e7c477e220,E11ebb9400f60,T2a79bd039e71,"bupivacaine hydrochloride and epinephrine injection, usp@2019-10-20",2024-03-28,month_year,2024-03-31,0,0,1,0,0
S70f0befd9b81,E2bcf111ec09e,T905cfc21bfd5,"bupivacaine hydrochloride injection, usp@2019-10-20",2023-02-16,month_year,2023-09-30,0,0,0,0,0
S710f1c0840d2,Ef2c49ad13dc8,T21a48c1e7aa7,lidocaine hydrochloride (xylocaine) injection with epinephrine@2019-10-20,2023-01-09,month_year,2023-12-31,0,0,0,0,0
S71576c1d398d,E0b039ac40184,Tdf97a96dba2f,mannitol injection@2021-10-06,2023-01-09,month_year,2023-03-31,0,0,0,0,0
S715ce4cfa213,Ef7ffc61da342,Tde7042e0afbb,"bupivacaine hydrochloride injection, usp@2019-10-20",2024-03-28,month_year,2024-03-31,0,0,0,0,0
S7170a66ab291,Ee3d143b00700,T375e7e4737fe,leucovorin calcium lyophilized powder for injection@2019-10-20,2023-03-22,month_year,2023-05-31,0,1,0,0,0
S71735f14ccc3,E04cd0c020ef3,Td1670381c0d2,cisplatin injection@2023-03-02,2023-03-22,range,2023-04-30,0,0,0,1,1
S719e7b032fc9,E555923940a78,T950df030cc62,amphetamine aspartate; amphetamine sulfate; dextroamphetamine saccharate; dextroamphetamine sulfate tablets@2023-01-13,2025-12-04,month_year,2025-12-31,0,0,0,0,0
S71a751538b52,E698f10464af0,Ta95055913c57,"hydromorphone hydrochloride injection, usp@2019-10-20",2025-02-13,month_year,2025-03-31,0,0,0,0,0
S71b7e96a1a47,Eeaf497bd228e,Te4c2da3a1d63,hydrocortisone sodium succinate injection@2023-03-25,2023-09-11,month_year,2023-12-31,0,0,0,0,0
S71f8b12cb1b5,Efada72b57dd3,Tdc74001c4428,naltrexone hydrochloride tablet@2024-03-01,2024-08-15,year,2025-08-31,0,0,0,0,1
S722a98a20403,Ed1a0c894f3f9,T9d51c7da5283,"sodium acetate injection, usp@2019-10-20",2023-02-16,month_year,2023-12-31,0,0,0,0,0
S722baa9fc6b1,E4f1f4b8f8387,Ta95055913c57,"hydromorphone hydrochloride injection, usp@2019-10-20",2025-07-15,month_year,2025-08-31,0,0,0,0,0
S7236fd53bc7f,Edf20ac843c36,T0bb2eedbb38e,lidocaine hydrochloride (xylocaine) and dextrose injection solution-premix bags@2019-10-20,2023-12-20,month_year,2024-01-31,0,0,0,1,0
S723741518495,E61202ad57b45,T528c88bb1fc8,somatropin (saizen) injection@2023-01-13,2023-12-27,quarter,2024-06-30,1,0,0,0,0
S724cd8aa8b75,E430a64443f58,T973b265fdd8b,"hydromorphone hydrochloride injection, usp@2019-10-20",2024-04-08,month_year,2025-06-30,0,0,1,0,0
S7253125bdedc,E4a5917d7f000,Te44347279dcc,fludarabine phosphate injection@2022-10-04,2023-03-10,month_year,2023-03-31,0,0,0,0,0
S72841836046d,E562efd1890e8,T9037226855d9,"sodium acetate injection, usp@2019-10-20",2024-07-15,month_year,2024-12-31,0,0,1,0,0
S72a742c29809,E64f70a84f42e,Tf6e4652a4751,somatropin (saizen) injection@2023-01-13,2023-09-11,month_year,2024-01-31,0,0,0,0,0
S72b272cea897,E0b0267caaab3,Tbbfc48166246,amphetamine aspartate; amphetamine sulfate; dextroamphetamine saccharate; dextroamphetamine sulfate tablets@2023-01-13,2025-02-26,month_year,2025-12-31,0,1,0,0,0
S72c154a67726,E40f9e2ae57fe,T6d371e6878d0,"bupivacaine hydrochloride injection, usp@2019-10-20",2023-05-01,month_no_year,2023-05-31,0,0,1,0,0
S72c7b909f3b3,E8d337b940078,Ta9d82967308f,dobutamine hydrochloride injection@2019-10-20,2024-03-28,month_year,2024-03-31,1,0,0,0,0
S72d0b892fe13,E56e5932394d6,T6abe98f0de1d,clindamycin phosphate injection@2023-03-25,2023-09-11,month_year,2023-12-31,0,0,0,0,1
S73040dfc4422,Eed02500453b7,Tbcd33ad8acd9,"bupivacaine hydrochloride injection, usp@2019-10-20",2023-04-28,month_year,2024-03-31,0,0,0,0,0
S73117234d32e,Eed0770a91ddc,T98ab9124ffcb,"hydromorphone hydrochloride injection, usp@2019-10-20",2025-01-27,month_year,2025-03-31,0,0,0,0,0
S732482436b1f,E410f14e0c9e7,T5010024c09e5,nitroglycerin injectable@2023-11-14,2023-10-05,month_year,2024-01-31,0,0,0,0,0
S7348b6613abe,Ea514714865a6,T1c553550a314,"methylphenidate hydrochloride tablet, extended release@2023-11-14",2025-05-20,month_year,2025-05-31,1,0,0,0,0
S734b2ac05ea6,Eacd2a56c9c93,T38c19b469fcc,sodium chloride 0.9% injection bags@2019-10-20,2024-12-13,month_year,2024-12-31,0,0,0,0,0
S7357c9f3f5b6,E8f185f651686,Tf78f13d89233,carboplatin injection@2023-05-14,2024-05-15,month_year,2024-09-30,0,0,1,0,0
S7369179df293,Eb6ab53ce9892,T64d8c33be6c0,"hydromorphone hydrochloride injection, usp@2019-10-20",2024-10-02,month_year,2024-10-31,0,0,0,0,0
S737765e199d3,Ee6e1e75d6e4f,T6aa1c6379da7,"sodium bicarbonate injection, usp@2019-10-20",2024-04-08,month_year,2024-09-30,0,0,0,0,0
S737de121789d,Ee11d1c447cec,Td8c3742da817,"sodium bicarbonate injection, usp@2019-10-20",2024-04-08,month_year,2024-06-30,0,0,0,0,0
S7383a2803f39,E50f205df472e,T77efad688ca6,amphetamine aspartate; amphetamine sulfate; dextroamphetamine saccharate; dextroamphetamine sulfate tablets@2023-01-13,2025-06-05,exact_day,2025-07-02,0,1,0,0,0
S73a93fddab45,Eceb84fddf8d8,T3c347b913209,heparin sodium and sodium chloride 0.9% injection@2019-10-20,2023-12-20,month_year,2023-12-31,0,0,0,0,0
S73bdfd7e8094,E12b08bb51f9f,T631b6d1b6fc8,dexamethasone sodium phosphate injection@2019-10-20,2023-02-21,part_of_month,2023-02-28,0,0,0,0,0
S73be1ba55967,E8658fde7c320,T0b203b60347e,methylprednisolone acetate injection@2022-10-04,2025-06-30,month_year,2025-09-30,0,0,1,0,0
S73bf838b2a2d,Eb80a49495964,Tf7a46069bae7,ketamine injection@2019-10-20,2024-04-18,month_year,2024-09-30,0,0,0,0,0
S73ddafc8d15d,E0d4e519ec9b3,T86d9e32ac238,leucovorin calcium lyophilized powder for injection@2019-10-20,2024-03-20,month_year,2024-06-30,1,0,0,0,0
S73fa5d0a78ed,E71734665ad92,Tbcd33ad8acd9,"bupivacaine hydrochloride injection, usp@2019-10-20",2023-02-16,month_year,2023-12-31,0,0,0,0,0
S7403af8130a2,Eef3718f9950c,Ta2210e1682be,promethazine (phenergan) injection@2023-12-07,2024-01-23,range,2024-02-29,0,0,0,1,0
S740573acb01a,Ed97cb41f49b4,T950df030cc62,amphetamine aspartate; amphetamine sulfate; dextroamphetamine saccharate; dextroamphetamine sulfate tablets@2023-01-13,2023-09-11,month_year,2023-12-31,0,0,0,0,0
S743c318ae290,E43ff1501974c,T6c8f10238ea4,remifentanil (ultiva) lyophilized powder for solution injection@2022-10-04,2023-05-09,month_year,2023-05-31,0,0,0,0,0
S7441ff977d1d,E94f63f31659e,T904414871bf5,remifentanil (ultiva) lyophilized powder for solution injection@2022-10-04,2024-09-16,range,2025-02-28,0,0,0,0,0
S744398b9ce3f,Ee3fbddd68bd9,T1a21c9996346,"bupivacaine hydrochloride and epinephrine injection, usp@2019-10-20",2023-03-10,month_year,2023-05-31,0,0,0,0,0
S7490e8ee78af,E4d7bc9762078,T86fbd150a972,penicillin g benzathine injectable suspension@2023-05-14,2025-07-31,month_year,2026-03-31,1,1,0,0,0
S749eddbf92a0,E0ee0ddbd0c82,T23a95b7969db,"hydromorphone hydrochloride injection, usp@2019-10-20",2025-03-11,month_year,2025-04-30,1,1,0,0,0
S74b67b60b188,Eec4e4f77fccf,T4fdd551e85d5,"bupivacaine hydrochloride injection, usp@2019-10-20",2023-09-11,month_year,2023-12-31,0,0,0,0,0
S74ffc8232b82,E2dd7064602c8,T0df2df0a1d4e,dexamethasone sodium phosphate injection@2019-10-20,2023-03-10,month_year,2023-03-31,0,0,0,0,0
S752a6155854c,E5cbcc951849a,T5010024c09e5,nitroglycerin injectable@2023-11-14,2024-03-15,quarter,2024-06-30,0,0,0,0,0
S754d753414d6,E3680a00fda11,T2080e0dc61f3,"morphine sulfate injection, usp@2019-10-20",2024-04-08,month_year,2024-06-30,0,1,1,0,0
S75686e2b0dec,E534723e75d03,T23f940b71b27,methylprednisolone acetate injection@2022-10-04,2025-05-23,month_year,2025-09-30,0,0,1,0,0
S75824c7ea2e1,Edd25ad61bd84,T9a55947ab386,"hydromorphone hydrochloride injection, usp@2019-10-20",2023-09-11,month_year,2023-10-31,0,0,0,0,0
S758bac01fabc,E1240e90aaca5,T20974d41b23a,methylprednisolone acetate injection@2022-10-04,2025-06-30,month_year,2025-09-30,0,0,0,0,0
S759fdfac5a8e,E6aa62cbf4166,T0338c46accef,atropine sulfate injection@2019-10-20,2024-02-27,quarter,2024-12-31,1,0,0,0,0
S75a913490fd5,Ecc8f389a7aff,Td97d1c67e774,somatropin (saizen) injection@2023-01-13,2024-02-27,quarter,2024-09-30,0,0,0,0,0
S75ad9c3c38ef,Ee989560a1731,T3da6cb213545,sodium chloride 0.9% injection bags@2019-10-20,2024-07-15,month_year,2024-09-30,0,0,0,0,1
S75c58a9385cc,Edaf783f1ac79,Teec03a52dd2e,etomidate injection@2022-10-06,2023-04-21,month_year,2023-06-30,0,0,0,0,0
S7607a387b26c,E181821f23417,Tb10e73a08366,atropine sulfate injection@2019-10-20,2023-04-28,month_year,2023-06-30,0,0,1,0,0
S762b5f268199,E3ebcc9b2a499,T4c0f1f7d310c,amino acids@2021-01-17,2024-09-18,month_year,2024-12-31,0,0,0,0,0
S7676b9d0c89d,Eaa9f321861bc,Tafe07ae7d4b7,"bupivacaine hydrochloride and epinephrine injection, usp@2019-10-20",2025-07-31,month_year,2025-09-30,0,0,0,0,0
S768a06aaf1d4,Edf65c51cff82,Tc9c8c08c89b6,methotrexate sodium injection@2023-03-25,2023-03-13,month_year,2023-05-31,0,0,0,0,0
S7696e2960ade,Ea61321d6e412,T38c19b469fcc,sodium chloride 0.9% injection bags@2019-10-20,2025-01-14,month_year,2025-03-31,1,0,0,0,0
S769b02799206,E2b93ed1e18f7,T2fe5f23f3e0b,lidocaine hydrochloride (xylocaine) and dextrose injection solution-premix bags@2019-10-20,2025-12-12,month_year,2025-12-31,0,0,0,0,0
S76ba0362526c,Eff2150067442,T608e1564914b,leucovorin calcium lyophilized powder for injection@2019-10-20,2023-02-24,month_year,2023-03-31,0,0,0,1,0
S76c13a2a4fa6,Edbdf975977ce,T225eaf2545de,ketorolac tromethamine injection@2019-10-20,2023-10-13,month_year,2023-10-31,0,0,0,0,0
S76ed0276d8a1,E9e5716fb3ec7,T77266d81ec89,"hydromorphone hydrochloride injection, usp@2019-10-20",2024-05-06,month_year,2024-05-31,0,0,0,0,0
S773a8ce25a34,E6930a3b622ec,T950df030cc62,amphetamine aspartate; amphetamine sulfate; dextroamphetamine saccharate; dextroamphetamine sulfate tablets@2023-01-13,2024-04-26,month_year,2024-05-31,0,0,0,0,0
S776fa0dca587,Ece29e9b4bad6,T30c9e6049700,sodium chloride 0.9% injection bags@2019-10-20,2024-11-12,month_year,2025-03-31,1,0,0,0,0
S777c5386fa2d,E00990d6ff256,Td025973efaca,amphetamine aspartate; amphetamine sulfate; dextroamphetamine saccharate; dextroamphetamine sulfate tablets@2023-01-13,2025-05-15,month_no_year,2025-08-31,0,0,0,0,0
S77938f976117,E0eb37be379ec,T2bc8838d69a4,lisdexamfetamine dimesylate capsule@2023-11-14,2025-05-15,month_no_year,2025-06-30,0,0,0,0,0
S779a18f6d3c3,E4fbbd73f35b4,Ta0382fde30d5,leucovorin calcium lyophilized powder for injection@2019-10-20,2023-04-21,month_year,2023-04-30,0,0,1,0,0
S77f88e4bbc7c,E6be84b6807ef,Ta49da108827b,lidocaine hydrochloride (xylocaine) and dextrose injection solution-premix bags@2019-10-20,2023-01-24,part_of_month,2023-02-10,0,0,0,0,0
S780b3dc7a00a,Eed6722fc7cb6,T834e56cd9fa3,amphetamine aspartate; amphetamine sulfate; dextroamphetamine saccharate; dextroamphetamine sulfate tablets@2023-01-13,2023-09-11,month_year,2023-09-30,0,0,0,0,0
S780eb477ea3b,Eab2c7572c2a2,Tf3cc3c923d74,dobutamine hydrochloride injection@2019-10-20,2023-02-22,part_of_month,2023-03-31,0,0,0,0,0
S781cac060a8c,Eee70756754d4,T98ab9124ffcb,"hydromorphone hydrochloride injection, usp@2019-10-20",2023-12-27,month_year,2024-06-30,0,0,0,0,0
S78238e3d7ed6,E5f473615d5f2,Tbe755a512619,lidocaine hydrochloride (xylocaine) and dextrose injection solution-premix bags@2019-10-20,2023-01-09,month_year,2024-03-31,0,0,0,0,0
S786b29f9bc21,E99de07ff0b79,Tb1968fba8011,lidocaine hydrochloride (xylocaine) and dextrose injection solution-premix bags@2019-10-20,2024-12-19,month_year,2025-03-31,0,1,0,0,0
S787f41a2ddff,Ee65efe3cf0f9,T5653b43073a7,sodium chloride 0.9% injection bags@2019-10-20,2025-02-20,month_year,2025-07-31,0,0,0,0,0
S78a9f6889748,Edebb6d25ea3a,T58e836ab5db8,"bupivacaine hydrochloride and epinephrine injection, usp@2019-10-20",2023-01-04,month_year,2023-01-31,0,0,0,0,0
S78bd2f7b0303,Ea6eebc581e85,Td3832af67ad1,"sodium bicarbonate injection, usp@2019-10-20",2025-12-19,month_year,2026-03-31,0,1,0,0,0
S78e16f13442b,E4c09b7bd10ab,T2eb96571f0ec,methylprednisolone acetate injection@2022-10-04,2025-07-31,month_year,2025-12-31,0,0,0,0,0
S78e38a7be49c,E9eca6282c34b,T47385153e5b5,lidocaine hydrochloride (xylocaine) injection with epinephrine@2019-10-20,2023-01-09,month_year,2023-06-30,0,0,1,1,0
S7911618c1cf5,E3800661ce4ad,Taf6c4e4084ce,atropine sulfate injection@2019-10-20,2023-01-09,month_year,2023-06-30,0,1,0,0,0
S792954461247,E884fef9f267d,Tbf861e7cd064,clindamycin phosphate injection@2023-03-25,2025-06-09,month_year,2025-06-30,0,0,0,0,0
S793d2aae73e8,Ed052046cacdc,T86fbd150a972,penicillin g benzathine injectable suspension@2023-05-14,2025-12-12,month_year,2025-12-31,0,0,0,0,0
S794d7c1e3629,Eafae29176ce8,Tb70697d3b59f,"bumetanide injection, usp@2019-10-20",2024-02-22,range,2024-03-31,0,0,0,0,0
S79513cf424e0,Eaff6dce4b19d,T767697df93fc,"morphine sulfate injection, usp@2019-10-20",2023-01-20,month_year,2023-06-30,0,0,0,0,0
S795b18651516,E4e51a475be61,T79558ccb11c4,"bupivacaine hydrochloride injection, usp@2019-10-20",2023-09-11,month_year,2024-03-31,0,1,0,0,0
S796d3ba821be,E42d77b3d563f,T1a21c9996346,"bupivacaine hydrochloride and epinephrine injection, usp@2019-10-20",2023-01-26,month_year,2023-02-28,0,0,1,0,0
S79829903f14f,Ed92e5ba8cbb4,Tbf05375a372b,rifampin injection@2021-03-18,2024-02-19,quarter,2024-06-30,0,0,1,0,0
S7994fd603387,E68d21c253002,Td06ce930fe95,"methylphenidate hydrochloride tablet, extended release@2023-11-14",2024-07-08,month_year,2024-07-31,0,0,0,0,0
S79c0b1bf4d66,Efd7b5e436aab,Taff0f00f17dc,methotrexate sodium injection@2023-03-25,2024-07-15,month_year,2024-09-30,0,0,1,0,0
S79c0d6858ec7,Ea5356a444159,T752263cd4b11,"hydromorphone hydrochloride injection, usp@2019-10-20",2024-04-08,month_year,2024-06-30,1,0,0,0,0
S79cc6b37ce22,E12a2b481bd07,T3da6cb213545,sodium chloride 0.9% injection bags@2019-10-20,2023-02-16,month_year,2023-12-31,0,0,0,0,0
S79e21dfd01ad,Eeda2e00758ca,Tf635130aab61,ropivacaine hydrochloride injection@2019-10-20,2023-04-26,month_year,2023-05-31,0,0,0,1,0
S79e6aa539c38,E8db4a122b3e5,T5f40bd5b797f,"bupivacaine hydrochloride injection, usp@2019-10-20",2023-01-09,month_year,2023-09-30,0,0,0,0,0
S7a0f1904c856,E8f3f228afa7e,Tdc826bfc6294,potassium chloride injection@2021-11-30,2023-01-20,month_year,2023-09-30,0,0,0,0,0
S7a133870c489,Eb7087598845c,T69fd1f150664,"bupivacaine hydrochloride injection, usp@2019-10-20",2024-03-28,month_year,2024-03-31,0,0,0,0,0
S7a72c64f42ab,Ec0d08f7057b1,Taadff20fdc08,gentamicin sulfate injection@2021-08-02,2023-01-04,month_year,2023-01-31,0,0,0,0,0
S7a762e36294d,E5e9113650590,T9d9ebd089534,leucovorin calcium lyophilized powder for injection@2019-10-20,2025-04-11,month_year,2025-05-31,0,0,0,0,0
S7a9180f67b1c,E70552f3f404b,T20e97b1f8118,penicillin g benzathine injectable suspension@2023-05-14,2024-05-24,month_year,2024-12-31,1,0,0,0,0
S7aa2ae86bb3e,Ec75c33572170,T0f19dfaf2fbe,"epinephrine injection, 0.1 mg/ml@2019-10-20",2023-01-09,month_year,2023-12-31,1,0,0,1,0
S7aad75a37109,E6b9a0bd52477,Taf6c4e4084ce,atropine sulfate injection@2019-10-20,2024-03-28,month_year,2024-06-30,0,0,0,0,0
S7ab27460ba64,Ede8f6a1ec37d,Taaab35c926b0,sufentanil citrate injection@2022-10-04,2024-04-08,month_year,2024-09-30,0,0,0,0,0
S7ab42b68c3a0,Edcd999540621,Td3832af67ad1,"sodium bicarbonate injection, usp@2019-10-20",2023-04-28,month_year,2024-06-30,1,0,0,0,0
S7ac156989684,Eb98e5acb80d2,Tf85468f0b2cb,clindamycin phosphate injection@2023-03-25,2024-03-21,month_year,2024-04-30,0,0,0,0,0
S7aeca521625a,Ee932b2df6e85,Te106984684f6,"methylphenidate hydrochloride tablet, extended release@2023-11-14",2024-04-26,month_year,2024-05-31,0,0,0,0,0
S7b154ed27ad8,E7826e7358277,T281ba8988506,peginterferon alfa-2a injection@2025-02-02,2025-01-24,quarter,2025-12-31,0,0,0,0,0
S7b39475dd645,E4bfc689df309,T3146c5024734,carboplatin injection@2023-05-14,2023-04-28,month_year,2023-05-31,0,0,0,0,0
S7b45fab0271e,E1e3a8c270d42,T5369b905f0d2,"hydromorphone hydrochloride injection, usp@2019-10-20",2024-09-11,month_year,2024-12-31,0,0,0,0,0
S7b5818dc552c,E61d6289b89b5,Tbf05375a372b,rifampin injection@2021-03-18,2024-07-10,month_year,2024-07-31,0,0,0,0,0
S7b6945fd56a0,Ee3b63d2ffb48,Tc7d02c7ee0d2,sodium phosphate injection@2021-10-06,2024-06-27,month_year,2024-07-31,0,0,0,0,0
S7ba5f36f52a8,E824a7e4bbb37,T2e4b0dd66691,"bupivacaine hydrochloride injection, usp@2019-10-20",2023-02-16,month_year,2023-12-31,0,1,0,1,0
S7bcc85ebaeb0,Eda0ef2c036e4,Tf8ec9f0300e7,carboplatin injection@2023-05-14,2024-02-27,quarter,2024-03-31,0,0,1,0,0
S7bfcacff329b,Ecd228a1caaf1,T30c9e6049700,sodium chloride 0.9% injection bags@2019-10-20,2023-01-09,month_year,2023-09-30,0,0,0,0,0
S7c0b48002ccf,E5ad0e441c417,Tdc826bfc6294,potassium chloride injection@2021-11-30,2023-04-28,month_year,2023-12-31,0,1,0,0,0
S7c13a3d430ef,E0d1768f8c5c0,T8bb548f5ce22,"sodium acetate injection, usp@2019-10-20",2024-02-27,quarter,2024-06-30,0,1,0,0,0
S7c46d302b5c1,Edd4ddb38fb5e,Tb240f5df32f5,clindamycin phosphate injection@2023-03-25,2024-02-27,month_year,2024-06-30,0,0,0,0,0
S7c66d64e2683,Ef4e579111ab2,T99654a93fb10,sterile water@2021-11-30,2025-01-14,month_year,2025-03-31,0,1,0,0,0
S7c81ecb82aa1,E5b2187bb88c3,Tc070c86c298b,leucovorin calcium lyophilized powder for injection@2019-10-20,2024-03-06,month_year,2024-04-30,0,0,0,0,0
S7c9e28e03e00,Efae46f11d4fb,T1a04ebf135ed,heparin sodium and sodium chloride 0.9% injection@2019-10-20,2024-05-24,month_year,2025-06-30,0,0,0,0,0
S7cb05a33fc27,E7167fa20b39d,T1a04ebf135ed,heparin sodium and sodium chloride 0.9% injection@2019-10-20,2024-01-19,month_year,2024-03-31,0,0,0,0,0
S7cffffa2313c,Eebd91b859d03,Taa2bf4351d2a,dexmedetomidine injection@2020-06-12,2023-04-26,month_year,2023-06-30,0,0,0,0,0
S7d148fdc8f71,E9840847cc04c,T686a91c2b0c2,"midazolam injection, usp@2020-04-02",2025-01-14,month_year,2025-03-31,0,0,1,0,0
S7d52d3ab2842,Eb6750a2b4e0e,T36b0b5fc1ed3,dopamine hydrochloride injection@2019-10-20,2024-10-28,month_year,2024-12-31,0,0,0,0,0
S7d5957c1a75f,Eae540aed247c,Td7e8faf165e9,hydrocortisone sodium succinate injection@2023-03-25,2024-11-12,month_year,2025-03-31,0,0,0,0,0
S7d9e9801c366,E24d73e902dcb,T9c91bbd0c11d,etomidate injection@2022-10-06,2023-02-16,month_year,2023-12-31,0,0,1,0,0
S7d9eaea009e8,Eb7508ab7d689,Taff0f00f17dc,methotrexate sodium injection@2023-03-25,2024-09-11,month_year,2024-09-30,1,1,0,1,0
S7da88d6787f7,E400fbfadf04a,Tf7a46069bae7,ketamine injection@2019-10-20,2023-04-28,month_year,2024-06-30,0,1,0,0,0
S7da897bb37fc,Ec07e5624f3f5,Tc9e3cef23ee5,clindamycin phosphate injection@2023-03-25,2023-12-27,month_year,2024-04-30,0,1,0,0,0
S7dbf85f4c55a,Ea5ab49fef659,Tce9f34a4bfab,lidocaine hydrochloride (xylocaine) injection with epinephrine@2019-10-20,2025-11-19,month_year,2025-12-31,0,1,0,0,0
S7dc6f7d1bdd0,E65a496cb356c,Tfa5d26c556c3,remifentanil (ultiva) lyophilized powder for solution injection@2022-10-04,2024-05-08,month_year,2024-05-31,0,0,0,0,0
S7dd4fb62e546,E293b3b641890,T880a0162b123,amphetamine aspartate; amphetamine sulfate; dextroamphetamine saccharate; dextroamphetamine sulfate tablets@2023-01-13,2023-03-01,part_of_month,2023-04-20,0,0,0,0,0
S7ddbde8b7058,E42d14c2088ba,T44cea6fb85de,methotrexate sodium injection@2023-03-25,2024-12-06,month_year,2025-12-31,0,0,0,0,0
S7df24c128c75,E19ca34be2ddd,Tb2ba87512eb1,lisdexamfetamine dimesylate capsule@2023-11-14,2024-03-19,part_of_month,2024-04-30,0,0,0,0,0
S7e0927fbe6ad,E93662aa8ee65,T9b3cfbee914c,lidocaine hydrochloride (xylocaine) and dextrose injection solution-premix bags@2019-10-20,2024-05-17,range,2024-06-30,0,0,1,0,0
S7e14a59f4eb0,Eb182fe424b22,T4b6c4152e302,dextrose 25% injection@2022-10-04,2024-03-28,month_year,2024-03-31,0,0,0,0,0
S7e224cc8d7b6,E8af64aacf9a1,Taf6c4e4084ce,atropine sulfate injection@2019-10-20,2024-05-15,month_year,2024-06-30,0,0,0,0,0
S7e4880b82b57,E086787461b7f,T20974d41b23a,methylprednisolone acetate injection@2022-10-04,2024-05-24,month_year,2024-09-30,0,0,0,0,0
S7e512dfea839,Ea4a9796baf55,Tdaa4b6b5b185,methotrexate sodium injection@2023-03-25,2024-11-26,month_year,2025-03-31,1,0,0,0,0
S7e6f37117bf1,E379c996377ec,Tc00fcfdc94e8,sodium chloride 0.9% injection bags@2019-10-20,2023-01-09,month_year,2023-09-30,0,0,0,0,0
S7e8d018e6855,E0fe3ea5a407b,T7a5ead366ee5,lidocaine hydrochloride (xylocaine) and dextrose injection solution-premix bags@2019-10-20,2025-06-09,month_year,2025-06-30,0,0,1,1,0
S7ea12bcbe909,Ee415af64af30,T35b645a3cb02,sodium chloride 0.9% injection bags@2019-10-20,2024-12-05,month_year,2024-12-31,1,0,0,0,0
S7ecfd9803f94,Efb12484c9c01,T36b14b7a48c7,lidocaine hydrochloride (xylocaine) and dextrose injection solution-premix bags@2019-10-20,2024-09-18,month_year,2024-12-31,0,0,0,0,0
S7eed6c969701,Ebee2b0442ab1,T86d9e32ac238,leucovorin calcium lyophilized powder for injection@2019-10-20,2024-06-05,month_year,2024-08-31,0,0,0,0,0
S7ef11de8e201,E7b3e4dbacfa3,Tf94a70d4ec2b,ketorolac tromethamine injection@2019-10-20,2023-04-28,month_year,2023-09-30,0,0,0,1,1
S7f22d3b05cde,Ea57c74d4b453,T8cfdcc7dc402,"lorazepam injection, usp@2019-10-20",2024-02-22,range,2024-04-30,0,0,0,0,0
S7f3cf4110e52,E0dfc53134f3e,Tc2eeb86bdb51,cytarabine injection@2021-10-06,2023-02-16,month_year,2023-03-31,0,0,0,0,0
S7f633e3f2e96,Ef9fccc08919e,T72dc2c6e2315,"hydromorphone hydrochloride injection, usp@2019-10-20",2025-02-13,month_year,2025-02-28,0,0,0,0,0
S7f796f85624c,E927f7f72649c,T4a004e4525a7,methylprednisolone acetate injection@2022-10-04,2025-07-31,month_year,2025-09-30,0,0,0,0,0
S7fb40f52bf38,Ee439d493809d,T4ad8a4c6eb42,sterile water@2021-11-30,2024-10-28,month_year,2024-12-31,0,0,0,1,0
S7fc649d39d56,E7b5ea407a2b5,T040a68b1e1e6,"bupivacaine hydrochloride injection, usp@2019-10-20",2024-11-12,month_year,2025-03-31,0,1,0,0,0
S7febd688c372,Eeae7b31545f2,T8533fa031749,lidocaine hydrochloride (xylocaine) injection with epinephrine@2019-10-20,2023-04-28,month_year,2024-09-30,0,0,0,0,0
S7ff6184cbf99,E05e68ed54c8e,Tdbcedad43e29,lidocaine hydrochloride (xylocaine) injection with epinephrine@2019-10-20,2024-03-28,month_year,2025-09-30,0,0,0,0,0
S80025f3cb586,E49c095998365,T66373c148c7f,"bupivacaine hydrochloride injection, usp@2019-10-20",2023-01-09,month_year,2023-09-30,0,0,0,0,0
S8020a72f97cd,E1bf596b56c3a,Tbe755a512619,lidocaine hydrochloride (xylocaine) and dextrose injection solution-premix bags@2019-10-20,2023-04-28,month_year,2024-12-31,0,0,0,0,0
S804970512f80,E59ff83702a5d,Tfb9eb95dd0cc,lisdexamfetamine dimesylate capsule@2023-11-14,2024-03-15,month_no_year,2024-03-31,0,1,0,0,0
S8067940686a5,Ef52bdaa7b475,Tc3d8b9756444,dulaglutide (trulicity) injection@2023-01-13,2024-04-17,month_year,2024-05-31,0,0,0,0,0
S8068795b521b,E00614a31b083,T9226520f2ff8,carboplatin injection@2023-05-14,2023-04-28,quarter,2023-09-30,0,0,0,0,0
S806f79db7a32,E4c9f0f1f14d4,T3da6cb213545,sodium chloride 0.9% injection bags@2019-10-20,2024-02-27,quarter,2024-03-31,0,0,0,0,0
S8082b189ee1f,E269ea0375646,Tc2a022e44c69,lidocaine hydrochloride (xylocaine) and dextrose injection solution-premix bags@2019-10-20,2023-01-26,month_year,2023-02-28,1,0,0,0,0
S808ffb296120,Ea3f6d8d6995d,T2e4b0dd66691,"bupivacaine hydrochloride injection, usp@2019-10-20",2023-01-09,month_year,2023-06-30,0,0,0,0,0
S8111d258e756,E96c4beca9d7d,T8323da29ed01,rocuronium bromide injection@2023-03-02,2023-03-17,month_year,2024-12-31,0,0,0,0,0
S81337d859353,E8af04077ee91,Tad98a263ea3a,lidocaine hydrochloride (xylocaine) injection with epinephrine@2019-10-20,2024-03-18,month_year,2024-04-30,0,0,0,0,0
S8144bcf741d4,Ec7ba15d5db70,T50e06bdd24bf,amphetamine aspartate; amphetamine sulfate; dextroamphetamine saccharate; dextroamphetamine sulfate tablets@2023-01-13,2025-06-16,month_no_year,2025-08-31,0,0,0,0,0
S815931715dec,E97cb1e0b67f3,Te34ea0d29192,fentanyl citrate (sublimaze) injection@2019-10-20,2023-03-17,month_year,2023-12-31,1,1,0,0,0
S8159b91c572e,Ed82dca03071d,T1b83cc92a521,cisplatin injection@2023-03-02,2023-07-28,month_year,2023-08-31,0,0,0,0,0
S815e5804995f,Eafce42a14bd4,Td3a41beac066,"morphine sulfate injection, usp@2019-10-20",2024-09-11,month_year,2024-12-31,0,0,0,0,0
S817827dfb4fa,Ebf6379bff720,T458787ac6e67,amino acids@2021-01-17,2024-12-23,quarter,2025-03-31,0,0,1,0,0
S81831d77d177,Ebf95c31bb0b6,Ta5ad9e2efb6a,lidocaine hydrochloride (xylocaine) and dextrose injection solution-premix bags@2019-10-20,2024-09-11,month_year,2024-12-31,0,0,1,0,0
S81d51d3bba65,Edd9351e5a402,Tafe07ae7d4b7,"bupivacaine hydrochloride and epinephrine injection, usp@2019-10-20",2024-07-15,month_year,2024-12-31,1,0,0,0,0
S81f2468abf5f,E0cfbe994a4b6,T8a1fdbe141f1,"hydromorphone hydrochloride injection, usp@2019-10-20",2023-12-27,month_year,2024-06-30,0,0,0,0,0
S82291450c332,Ec7ef387bf07f,T6c8f10238ea4,remifentanil (ultiva) lyophilized powder for solution injection@2022-10-04,2024-07-10,month_year,2024-08-31,0,0,1,0,0
S82321a2f270e,E7bc1d2693399,T0eb2a0df1868,"bupivacaine hydrochloride injection, usp@2019-10-20",2023-09-11,month_year,2023-12-31,0,1,0,1,0
S82366b7c194a,E53f8f42cc334,T21a48c1e7aa7,lidocaine hydrochloride (xylocaine) injection with epinephrine@2019-10-20,2024-05-24,month_year,2025-06-30,0,0,0,0,0
S824d918a6a35,E4b90a6b529e9,T3c347b913209,heparin sodium and sodium chloride 0.9% injection@2019-10-20,2025-03-06,month_year,2025-03-31,0,0,0,0,0
S8301cb061fe5,E3505746a30f3,T2e97501e2c03,dexamethasone sodium phosphate injection@2019-10-20,2025-02-07,month_year,2025-03-31,0,0,0,0,0
S8331a6d383ab,E513e1811146a,T52f47d0409b6,"hydromorphone hydrochloride injection, usp@2019-10-20",2024-09-11,month_year,2024-12-31,1,0,0,1,0
S833d4c269877,E545c3387fa22,T43e47df69297,hydroxypropyl (lacrisert) cellulose ophthalmic insert@2020-06-12,2023-12-01,month_year,2024-01-31,1,0,0,0,1
S83403c2f30b7,Ee505a58ae67c,Tcbe963ffcb71,dobutamine hydrochloride injection@2019-10-20,2024-11-12,month_year,2025-12-31,0,0,0,0,0
S834c620eec5b,E715d83daff77,T921747ff55cf,"bupivacaine hydrochloride injection, usp@2019-10-20",2023-09-11,month_year,2023-09-30,0,1,0,0,0
S8356d780727b,Ef3a0131cc706,T9a65bb98dfde,clindamycin phosphate injection@2023-03-25,2025-12-04,month_year,2025-12-31,0,0,0,1,0
S8372969c89ac,E1999f6717ab5,Tc00fcfdc94e8,sodium chloride 0.9% injection bags@2019-10-20,2023-01-20,month_year,2023-06-30,0,0,0,0,0
S83990a889f33,E0f3c3b9482c1,T219a78735128,technetium tc-99m pyrophosphate kit injection@2024-01-12,2025-05-19,quarter,2025-09-30,0,0,1,0,0
S83a18d535dae,Ec1848fce788f,T17e235a192e4,ropivacaine hydrochloride injection@2019-10-20,2023-04-21,month_year,2023-06-30,0,0,0,0,1
S83afa55b39eb,Ea7f29a5b6e6b,Tbe755a512619,lidocaine hydrochloride (xylocaine) and dextrose injection solution-premix bags@2019-10-20,2024-10-28,month_year,2025-03-31,0,0,0,0,0
S83b417c1fe7e,Ed63f571ccaea,Tbc4f3b378a3c,"lorazepam injection, usp@2019-10-20",2025-05-23,month_year,2025-12-31,0,0,0,1,0
S83d16b67c868,Efcc5fec68e33,Tcbe963ffcb71,dobutamine hydrochloride injection@2019-10-20,2023-01-20,month_year,2023-01-31,0,0,0,0,0
S83f83fc8ab9b,E6998ab42b455,Td8c3742da817,"sodium bicarbonate injection, usp@2019-10-20",2024-07-15,month_year,2024-09-30,0,0,0,0,0
S841064d0fd3f,Edf7273ba787a,T436a99951ed1,"hydromorphone hydrochloride injection, usp@2019-10-20",2024-09-11,month_year,2024-09-30,0,0,0,0,0
S84545ebfcc42,Ecc0c7d0885e5,T1c1fe40145b3,sulfasalazine tablets@2020-06-12,2023-03-17,month_year,2023-03-31,0,1,0,0,0
S845e9e3d4094,E4263850fce99,T8084ffc8c473,"hydromorphone hydrochloride injection, usp@2019-10-20",2023-12-27,month_year,2024-06-30,0,0,0,0,0
S849aad56a7ea,E90c559cc0b66,T6cd9222c2749,amoxapine tablets@2020-04-02,2024-02-06,month_year,2024-06-30,0,0,0,0,0
S84b47736bb05,Eb1f2f5019279,Tfcf5a160099c,sterile water@2021-11-30,2024-05-13,quarter,2024-09-30,0,0,0,0,0
S84bfd0c8e819,Eb137f8c2a843,Tef056971473d,amphetamine aspartate; amphetamine sulfate; dextroamphetamine saccharate; dextroamphetamine sulfate tablets@2023-01-13,2025-12-04,month_year,2026-01-31,0,0,0,1,0
S84cd98595f35,E1a62a09bbdfa,T9982188e4e03,somatropin (saizen) injection@2023-01-13,2024-04-08,year,2024-12-31,1,0,0,0,0
S84deb052100d,Ec8244ba27460,T5cbaa57973c8,heparin sodium and sodium chloride 0.9% injection@2019-10-20,2023-01-20,month_year,2023-06-30,0,0,0,0,0
S84f46e09c9d1,Ecf7d7afcdee4,T225eaf2545de,ketorolac tromethamine injection@2019-10-20,2024-01-18,month_year,2024-03-31,0,1,0,0,0
S84fee4c07177,Eb09ba56519a2,Td1670381c0d2,cisplatin injection@2023-03-02,2023-04-18,range,2023-05-31,0,0,0,0,0
S85114eb75557,Ec3ca53edffe0,Tf78f13d89233,carboplatin injection@2023-05-14,2024-12-13,month_year,2025-03-31,0,0,0,0,0
S853815aa9ed1,E21e809d50d73,Td1b368e330dc,"bupivacaine hydrochloride injection, usp@2019-10-20",2023-05-01,month_no_year,2023-05-31,0,1,0,0,0
S855d78adea72,Ef85e2e4fdce3,Ta7dae38c5d39,sodium phosphate injection@2021-10-06,2023-04-28,month_year,2023-06-30,0,0,0,1,0
S855f18adebcf,E6879f385284f,Tc2c7c7170078,dextrose 25% injection@2022-10-04,2024-10-29,month_year,2025-03-31,0,0,0,0,0
S8573646cc3cc,E1a1191fca0fc,T2080e0dc61f3,"morphine sulfate injection, usp@2019-10-20",2024-09-11,month_year,2024-09-30,0,1,0,0,0
S85919a92e3d6,E09364eb54fd9,T436a99951ed1,"hydromorphone hydrochloride injection, usp@2019-10-20",2025-03-11,month_year,2025-03-31,0,0,1,0,0
S85a37eb66760,Ecaf49910fc95,Tac90b05d8d01,lidocaine hydrochloride (xylocaine) injection with epinephrine@2019-10-20,2023-11-29,month_year,2023-12-31,0,1,0,0,0
S85a6ac7f59c2,E1a2d08349a16,T45f8f1f8e2bf,sodium phosphate injection@2021-10-06,2023-11-29,month_year,2024-01-31,1,0,0,0,0
S85cd69d3e940,Ed4c9d86568f1,Tc10b4adf1780,ketamine injection@2019-10-20,2023-01-24,month_year,2023-02-28,0,0,0,0,0
S85d11f80f25b,Ec58ba6e6ee27,Tbe755a512619,lidocaine hydrochloride (xylocaine) and dextrose injection solution-premix bags@2019-10-20,2024-09-11,month_year,2025-03-31,0,0,0,0,0
S85d61574f0d0,Ee35fb686921f,Tb421da0aff1a,methylprednisolone acetate injection@2022-10-04,2024-11-01,month_year,2024-11-30,0,0,0,0,0
S85d7944087fa,E9f7f2cb673d1,Tb7aa4a03e270,sodium chloride 0.9% injection bags@2019-10-20,2023-09-28,month_year,2024-06-30,0,0,0,0,0
S85edf8e5ed08,E75b4783b44a8,T905cfc21bfd5,"bupivacaine hydrochloride injection, usp@2019-10-20",2023-03-17,month_year,2023-09-30,0,0,0,0,1
S862ef5c331b5,E2265e788077e,T17f4c5f5a10d,"bupivacaine hydrochloride injection, usp@2019-10-20",2023-04-21,month_year,2023-05-31,1,0,0,0,0
S863a42d70f86,E5e9527e56437,T82cb0781012b,lidocaine hydrochloride (xylocaine) and dextrose injection solution-premix bags@2019-10-20,2023-01-09,month_year,2023-09-30,0,0,0,0,0
S863fb86d7ce3,Ea5c2cdd99a85,Tcd86b0e84f01,cromolyn sodium concentrate@2023-11-14,2024-05-31,part_of_month,2024-06-30,0,0,0,0,0
S86468da25b86,E53416347545c,T817598176b52,"methylphenidate hydrochloride tablet, extended release@2023-11-14",2023-11-01,month_year,2023-11-30,0,1,0,0,0
S864b8f33800b,E48a3ec1f91ad,T566309e04a16,lidocaine hydrochloride (xylocaine) injection with epinephrine@2019-10-20,2023-04-28,month_year,2024-03-31,0,1,1,0,0
S8666e6c36e35,E638964471ac8,T752263cd4b11,"hydromorphone hydrochloride injection, usp@2019-10-20",2025-12-19,month_year,2026-03-31,0,0,0,0,0
S867e60520a67,E41933afc0fb9,Tb18e1b1e42c9,rocuronium bromide injection@2023-03-02,2023-02-15,month_year,2023-03-31,0,0,0,0,0
S869023fea72c,Ea056624a9090,Tb82e46c44f17,"midazolam injection, usp@2020-04-02",2025-02-14,month_year,2025-03-31,0,0,0,0,0
S8699fc0a1853,E0a9cb38efa0e,T7f46f599a4ab,penicillin g benzathine injectable suspension@2023-05-14,2024-04-08,month_year,2024-12-31,0,0,0,1,0
S86b6ccdaf493,E316c1baba2c0,T2a79bd039e71,"bupivacaine hydrochloride and epinephrine injection, usp@2019-10-20",2023-01-09,month_year,2023-03-31,0,1,0,0,0
S86d33fd65fa0,E9f31bd494f52,Td7e8faf165e9,hydrocortisone sodium succinate injection@2023-03-25,2023-03-24,month_year,2023-08-31,0,0,0,0,0
S86ef8a7e6fc5,E76ea4a65b6af,T1a04ebf135ed,heparin sodium and sodium chloride 0.9% injection@2019-10-20,2025-03-11,month_year,2025-06-30,0,0,0,0,0
S870f8076ad94,E189bad53ded8,T1adbd4b0e0b2,leucovorin calcium lyophilized powder for injection@2019-10-20,2025-01-24,month_year,2025-04-30,0,1,0,0,1
S874730636cc6,E74d99ad73331,T484c319a397e,ketamine injection@2019-10-20,2024-02-22,range,2024-04-30,0,1,0,0,0
S87624c96265b,E74519643ad2a,Tab6518249eb7,methotrexate sodium injection@2023-03-25,2023-09-11,month_year,2023-12-31,0,0,0,1,0
S876c78dc8b70,E5d0a24d41bb3,T24d3c638bab8,"lorazepam injection, usp@2019-10-20",2023-11-09,range,2023-12-31,0,1,0,0,0
S876fdf70323e,E68bcd2bdb1ed,T58957455bb09,dopamine hydrochloride injection@2019-10-20,2024-09-25,month_year,2024-12-31,0,0,1,0,0
S8774f49ee0ea,E69c4612b61a0,T46d63103b01e,leucovorin calcium lyophilized powder for injection@2019-10-20,2023-03-22,range,2023-04-10,0,0,0,1,0
S878a864b85cf,E8825b8bbab4a,T02758fe85bc3,carboplatin injection@2023-05-14,2025-01-23,month_year,2025-07-31,1,0,0,0,0
S8793faca8334,E5b3c359d60e8,T36b0b5fc1ed3,dopamine hydrochloride injection@2019-10-20,2025-01-14,month_year,2025-03-31,0,0,0,1,0
S879cf19f2b27,E7ce3d75eac19,Tfa3758a0afe1,"sodium bicarbonate injection, usp@2019-10-20",2024-05-24,month_year,2024-12-31,0,0,0,0,0
S87aa2c0ca292,E23b59f68e5e9,T5cbaa57973c8,heparin sodium and sodium chloride 0.9% injection@2019-10-20,2023-12-27,month_year,2024-03-31,0,0,1,0,0
S87d84f5bc087,E77536dee25fc,T12c84dcbc95d,"bupivacaine hydrochloride and epinephrine injection, usp@2019-10-20",2024-05-15,month_year,2025-09-30,0,0,0,0,0
S87f224d55ddd,E0bb65bb9f387,Tb82e46c44f17,"midazolam injection, usp@2020-04-02",2024-09-25,range,2024-10-31,0,0,1,0,0
S87f55a6d14cf,E5b9478fa9747,Tf3be8f4de603,somatropin (saizen) injection@2023-01-13,2023-09-11,month_year,2023-12-31,0,0,0,0,0
S888e390db6fb,E86193896c7f9,T856d9636f534,somatropin (saizen) injection@2023-01-13,2023-05-02,year,2024-12-31,1,0,0,0,0
S88b8289cf131,E30300e399727,T2060a63e71d8,rocuronium bromide injection@2023-03-02,2024-01-23,range,2024-02-29,0,0,0,0,0
S88c74fd1c110,E94ad6e0bce32,T2080e0dc61f3,"morphine sulfate injection, usp@2019-10-20",2025-01-14,month_year,2025-03-31,0,0,0,0,0
S88c9d0d7eb81,Eed72ca6bb152,T5a5774d6e6ed,"midazolam injection, usp@2020-04-02",2024-03-28,month_year,2024-06-30,0,0,0,0,0
S88dbf7adee0d,Ee757d164f706,Td33cdc1e09b8,leucovorin calcium lyophilized powder for injection@2019-10-20,2024-04-18,month_year,2024-05-31,0,0,1,0,0
S88e5a84b78f1,Ecfd6c4b8388b,Te2ae3353b733,lidocaine hydrochloride (xylocaine) and dextrose injection solution-premix bags@2019-10-20,2023-03-17,month_year,2023-06-30,0,0,0,0,0
S88ee5be3e267,Ee20c5f7e62ac,T64dc1915281d,"morphine sulfate injection, usp@2019-10-20",2025-11-19,month_year,2025-12-31,0,1,0,0,0
S88ffa503bdb2,E9ff273d6d2f6,T5f40bd5b797f,"bupivacaine hydrochloride injection, usp@2019-10-20",2023-02-16,month_year,2023-09-30,0,0,1,0,0
S89058f51b33c,E59e4a17778b6,Td3832af67ad1,"sodium bicarbonate injection, usp@2019-10-20",2025-07-31,month_year,2026-03-31,0,0,0,1,0
S890e4c584574,Efa228155a48e,T40d81756b753,methylprednisolone acetate injection@2022-10-04,2023-09-11,month_year,2025-03-31,1,0,0,1,0
S890edfe14157,E8160c0f1f9f3,T134ca3bb44df,clonazepam tablets@2023-03-25,2024-07-10,month_year,2024-12-31,1,0,0,0,0
S891fcd608e8b,Ecab2c5e4468f,T14e35ab25c32,clindamycin phosphate injection@2023-03-25,2024-04-18,month_year,2024-06-30,0,0,0,0,0
S8920dde94a81,Ebc474fc8ba7d,Tca19a0417af3,lisdexamfetamine dimesylate capsule@2023-11-14,2024-01-24,month_no_year,2024-04-30,0,0,0,0,0
S8942a478e8d3,E5612e965cf4d,T1b6267c76933,heparin sodium and sodium chloride 0.9% injection@2019-10-20,2023-04-26,part_of_month,2023-05-10,0,0,0,0,0
S8951bfb5c96c,E4591a597dbf3,Tdaa4b6b5b185,methotrexate sodium injection@2023-03-25,2023-05-08,month_year,2023-05-31,0,0,0,0,0
S895cab334d75,E8a70aa67aec5,T49aa6c209640,liraglutide injection@2023-11-14,2023-12-11,year,2023-12-31,0,0,0,0,0
S8988aa26079f,E5643a05ec8e2,T3f1fb5adcb1e,sodium chloride 0.9% injection bags@2019-10-20,2025-07-31,month_year,2025-12-31,0,0,0,0,0
S898fb7ec3993,Ebba30bd40d0a,T59a40b831791,ropivacaine hydrochloride injection@2019-10-20,2023-12-20,month_year,2024-01-31,1,0,1,0,0
S89c06e56ffce,E4e7f28b23a25,T1057977c1866,amphetamine aspartate; amphetamine sulfate; dextroamphetamine saccharate; dextroamphetamine sulfate tablets@2023-01-13,2023-06-16,month_year,2023-12-31,0,0,0,0,0
S89d39936a418,Ed563c78048df,Tabf5e07b81e0,amphetamine aspartate; amphetamine sulfate; dextroamphetamine saccharate; dextroamphetamine sulfate tablets@2023-01-13,2025-12-15,month_year,2026-02-28,1,0,0,0,0
S8a15bca2d431,Ece6e2a802e41,T950df030cc62,amphetamine aspartate; amphetamine sulfate; dextroamphetamine saccharate; dextroamphetamine sulfate tablets@2023-01-13,2024-02-01,month_year,2024-05-31,0,0,1,0,0
S8a213c97f7c6,Ea51c1462c42c,Ta95055913c57,"hydromorphone hydrochloride injection, usp@2019-10-20",2024-10-15,month_year,2024-11-30,0,0,0,0,0
S8a33346a8074,Eb5e00be9be8d,T82282c6c829b,lidocaine hydrochloride (xylocaine) and dextrose injection solution-premix bags@2019-10-20,2023-01-24,month_year,2023-02-28,0,1,0,0,0
S8a41e1781ba4,E6d9127e1ab7d,T37a5a86ea958,amphetamine aspartate; amphetamine sulfate; dextroamphetamine saccharate; dextroamphetamine sulfate tablets@2023-01-13,2023-03-01,part_of_month,2023-03-31,0,0,0,0,0
S8a4b6d10f7d2,Eb8f0434d0085,T4e29d9d92df3,"morphine sulfate injection, usp@2019-10-20",2024-07-15,month_year,2024-12-31,0,0,0,0,0
S8aa47b8f335a,Ef5f25f54c298,Tb2ba87512eb1,lisdexamfetamine dimesylate capsule@2023-11-14,2024-10-02,month_year,2024-11-30,0,0,0,0,0
S8ab9e2a8d2fe,Ecaa9af1cc7ac,Ta77dd06fcf06,dulaglutide (trulicity) injection@2023-01-13,2024-07-02,month_year,2024-07-31,0,0,0,0,0
S8ac1a850f3a1,E464215b1e3d1,T2517e7d85e01,"sodium bicarbonate injection, usp@2019-10-20",2024-07-15,month_year,2025-03-31,0,0,0,0,0
S8ac59fab0cec,E3562ec9b818b,T0c00f93259f5,"bupivacaine hydrochloride injection, usp@2019-10-20",2023-12-27,month_year,2024-03-31,0,0,0,1,0
S8ad3174573c3,E5fdef023f047,Tc8947bbe56a0,diltiazem hydrochloride@2019-10-20,2023-05-16,month_year,2023-06-30,0,0,0,0,0
S8ae76d7c7b5e,Edb7bdfbe99de,T66373c148c7f,"bupivacaine hydrochloride injection, usp@2019-10-20",2024-03-28,month_year,2024-03-31,1,0,1,0,0
S8af200f30748,E545751a6a199,T9a55947ab386,"hydromorphone hydrochloride injection, usp@2019-10-20",2025-01-23,month_year,2025-02-28,0,0,0,0,0
S8af29505c33c,E5145f7d93bc1,Te4c2da3a1d63,hydrocortisone sodium succinate injection@2023-03-25,2023-04-28,month_year,2023-09-30,1,0,0,0,0
S8b003b1397e1,E2934d9fb9cfc,T2fe5f23f3e0b,lidocaine hydrochloride (xylocaine) and dextrose injection solution-premix bags@2019-10-20,2024-01-19,month_year,2024-12-31,0,0,0,0,0
S8b443c52baa0,E516b1d304058,Ta77dd06fcf06,dulaglutide (trulicity) injection@2023-01-13,2023-12-22,month_year,2024-01-31,0,0,0,0,0
S8b568b1fa914,E00a8544e8545,T66373c148c7f,"bupivacaine hydrochloride injection, usp@2019-10-20",2024-02-27,quarter,2024-03-31,0,0,0,0,0
S8b59010539be,E45f6d1bc9bbb,Td3832af67ad1,"sodium bicarbonate injection, usp@2019-10-20",2023-03-17,month_year,2023-06-30,1,0,0,0,0
S8b723fc7f0f6,Ed43ce336470a,T436a99951ed1,"hydromorphone hydrochloride injection, usp@2019-10-20",2024-10-28,month_year,2024-12-31,1,0,0,0,0
S8b820a357add,E57ea6e23a80e,T3f1fb5adcb1e,sodium chloride 0.9% injection bags@2019-10-20,2024-09-11,month_year,2024-12-31,0,0,0,0,0
S8b8d0eaa32a3,E773ebcf457c4,T2fe5f23f3e0b,lidocaine hydrochloride (xylocaine) and dextrose injection solution-premix bags@2019-10-20,2023-01-09,month_year,2023-12-31,0,1,0,0,0
S8b8f683477d3,Ede342bc70549,T5c9375a6e74b,amphetamine aspartate; amphetamine sulfate; dextroamphetamine saccharate; dextroamphetamine sulfate tablets@2023-01-13,2025-12-04,month_year,2026-02-28,1,0,0,0,0
S8baebc1394cf,Eee8afc179fee,T7a1170e66a1d,mefloquine hydrochloride tablet@2024-05-15,2025-03-11,month_year,2025-04-30,0,0,0,0,0
S8bb2722aa6fe,E100805fb4809,T0fe345d6daf2,ketorolac tromethamine injection@2019-10-20,2024-03-18,month_year,2024-05-31,0,0,0,0,0
S8c1e33449095,E76642396d909,Td33cdc1e09b8,leucovorin calcium lyophilized powder for injection@2019-10-20,2023-01-26,month_year,2023-02-28,1,0,0,0,0
S8c3d9eced51c,Ea0cef431c33b,T191debc5f271,sucralfate tablets@2023-01-13,2023-11-02,month_year,2023-12-31,0,0,0,0,0
S8c6440b339ca,E1c57d3b9ba9f,T880a0162b123,amphetamine aspartate; amphetamine sulfate; dextroamphetamine saccharate; dextroamphetamine sulfate tablets@2023-01-13,2025-01-14,month_year,2025-02-28,0,0,0,0,1
S8c8250a85a49,E988f9ec36555,T954e262dcb05,amphetamine aspartate; amphetamine sulfate; dextroamphetamine saccharate; dextroamphetamine sulfate tablets@2023-01-13,2025-01-16,quarter,2025-04-30,0,0,0,0,0
S8c89f4298d67,Eb38c94f57c9f,T2fe5f23f3e0b,lidocaine hydrochloride (xylocaine) and dextrose injection solution-premix bags@2019-10-20,2023-12-27,month_year,2024-12-31,0,0,0,0,0
S8c94dcec44ca,Ef21c32821c83,T72dc2c6e2315,"hydromorphone hydrochloride injection, usp@2019-10-20",2024-09-04,month_year,2024-09-30,0,0,0,0,0
S8c9abd910b35,E285f266598e1,T44cea6fb85de,methotrexate sodium injection@2023-03-25,2024-10-15,month_year,2025-03-31,0,1,0,0,0
S8ca18fc2d70b,E12a2fd56c8d6,Tb1968fba8011,lidocaine hydrochloride (xylocaine) and dextrose injection solution-premix bags@2019-10-20,2023-03-17,month_year,2023-12-31,0,0,0,1,0
S8cfa04ece941,E3f5a2d4c89af,Tb421da0aff1a,methylprednisolone acetate injection@2022-10-04,2024-05-15,month_year,2024-07-31,0,0,0,0,0
S8d0707f6547e,E016586c371cc,T1c80a1c18b66,hydrocortisone sodium succinate injection@2023-03-25,2025-06-30,month_year,2025-09-30,0,0,0,0,0
S8d1b983e7d9e,E7b11dee35682,Te44347279dcc,fludarabine phosphate injection@2022-10-04,2023-01-04,month_year,2023-01-31,0,0,0,0,0
S8d4d8184685c,E85f1dfc4dfad,Ta966d0598c08,lidocaine hydrochloride (xylocaine) and dextrose injection solution-premix bags@2019-10-20,2023-03-17,month_year,2023-09-30,1,0,0,1,0
S8d5041aa4279,Ec558d34dda42,T17f4c5f5a10d,"bupivacaine hydrochloride injection, usp@2019-10-20",2023-10-13,month_year,2023-10-31,0,1,0,0,0
S8d5b4794bfd7,E1b92d1fdd8c9,Te9f0345efe32,clindamycin phosphate injection@2023-03-25,2024-12-13,month_year,2025-03-31,0,0,0,0,0
S8d64ddce0f5b,E4a5f1c1c4439,T3c6eb3067c13,"morphine sulfate injection, usp@2019-10-20",2025-01-14,month_year,2025-06-30,0,0,0,0,0
S8d8019ad26f9,E8145727b0d7c,T73fdcd3057e8,remifentanil (ultiva) lyophilized powder for solution injection@2022-10-04,2024-07-10,month_year,2024-09-30,0,0,0,0,0
S8d85255e3fa8,Ee60b3c23a0c2,T66373c148c7f,"bupivacaine hydrochloride injection, usp@2019-10-20",2023-01-20,month_year,2023-09-30,0,0,0,0,0
S8d8cc0a9b086,Ee931a3303ddf,T20974d41b23a,methylprednisolone acetate injection@2022-10-04,2025-07-31,month_year,2025-09-30,0,0,0,0,0
S8dcc46c8c3b2,Ed3428598af40,Teb78879f84a1,amoxicillin oral powder for suspension@2023-01-13,2023-03-21,month_year,2023-04-30,0,0,0,0,0
S8e03adbcdb9b,E17a7d69368b5,T44288e706fa7,"triamcinolone acetonide (triesence) injection, suspension@2021-10-06",2024-10-01,part_of_month,2024-10-31,0,0,0,0,0
S8e222895a840,Ef9d2eb62c3e0,Td24727dbb5b7,"methylphenidate hydrochloride tablet, extended release@2023-11-14",2024-11-01,part_of_month,2024-12-10,1,0,1,0,0
S8e2d18501733,Ec3390a5753a1,T50d6ebd689a6,amphetamine aspartate; amphetamine sulfate; dextroamphetamine saccharate; dextroamphetamine sulfate tablets@2023-01-13,2025-07-24,part_of_month,2025-09-30,0,0,0,0,1
S8e3bd7a73bb6,E02e06c7a63e7,Tb2b50403d767,"bupivacaine hydrochloride and epinephrine injection, usp@2019-10-20",2024-09-11,month_year,2024-12-31,0,0,0,0,0
S8e6dffabcdeb,Eed9ff3900466,Tee42bf5d56d1,lidocaine hydrochloride (xylocaine) injection with epinephrine@2019-10-20,2025-03-11,month_year,2025-09-30,0,0,0,0,0
S8e97b8c25491,E26cbe71497f8,Taf6c4e4084ce,atropine sulfate injection@2019-10-20,2023-04-28,month_year,2023-06-30,0,0,0,0,0
S8eddc28aca2d,Ed22c1c95cd30,Td1a4a25a2fff,"sodium bicarbonate injection, usp@2019-10-20",2025-01-03,month_year,2025-06-30,0,0,0,0,0
S8f0127cf2736,E86c746b3e4db,T2dd7fc6589e9,"furosemide injection, usp@2020-06-12",2023-09-11,month_year,2024-03-31,0,0,0,0,0
S8f0f85fbc3fd,E6a9c54c91a6b,T65276086475c,lisdexamfetamine dimesylate capsule@2023-11-14,2024-09-16,part_of_month,2024-09-30,0,0,0,0,0
S8f3704f582a2,E03eb8248ace7,T6c8f10238ea4,remifentanil (ultiva) lyophilized powder for solution injection@2022-10-04,2024-10-08,month_year,2024-10-31,0,1,0,1,0
S8f5ff936004a,E6c4452c1c07f,Taff0f00f17dc,methotrexate sodium injection@2023-03-25,2024-01-19,month_year,2024-03-31,0,0,0,0,0
S8f81160784ee,E49db063c22c2,T14e35ab25c32,clindamycin phosphate injection@2023-03-25,2024-02-27,month_year,2024-06-30,0,0,0,0,0
S8f8447a6c0c2,E9c3bf2131734,T6f6e31d96021,"bumetanide injection, usp@2019-10-20",2024-04-18,month_year,2024-05-31,1,0,0,0,0
S8faf7bd7175f,E53ff4ebfe794,Tc2c7c7170078,dextrose 25% injection@2022-10-04,2023-04-28,month_year,2023-12-31,0,0,0,0,0
S8fcbb15bf4ff,Ed7fad56e3132,Td151623f2967,ketorolac tromethamine injection@2019-10-20,2024-04-18,month_year,2024-09-30,0,0,0,1,0
S8fd7647a193b,E5782384b71d7,T3f1fb5adcb1e,sodium chloride 0.9% injection bags@2019-10-20,2023-01-20,month_year,2023-12-31,0,0,0,0,0
S8fefdb4dc14e,Ec95921029449,Tccbdf26e7d4c,dobutamine hydrochloride injection@2019-10-20,2025-07-31,month_year,2025-12-31,0,0,0,0,0
S9000285a249a,E396ce36111a7,T7a36f20681e1,lidocaine hydrochloride (xylocaine) injection with epinephrine@2019-10-20,2023-03-10,month_year,2023-04-30,0,1,0,0,0
S900c3fd8c68a,E5a2646873862,T73f276133c3b,diltiazem hydrochloride@2019-10-20,2023-05-16,range,2023-06-30,0,0,0,0,0
S901d36a5bd2f,E8e353be17ca0,Tb6d564771d50,remifentanil (ultiva) lyophilized powder for solution injection@2022-10-04,2023-11-07,month_year,2023-11-30,1,0,0,0,0
S9021e119c495,Eb8964ee21b49,T7d58b1702573,gentamicin sulfate injection@2021-08-02,2024-05-24,month_year,2024-09-30,0,0,1,0,0
S902ce54c2b03,Eb455e127688a,T23a95b7969db,"hydromorphone hydrochloride injection, usp@2019-10-20",2024-11-26,month_year,2025-02-28,0,0,0,0,0
S90418ccd0a8b,Ef7eec88f901e,T6abe98f0de1d,clindamycin phosphate injection@2023-03-25,2025-07-31,month_year,2025-09-30,0,0,0,0,0
S9057288bf69c,E4a8a753ff5b7,T856d9636f534,somatropin (saizen) injection@2023-01-13,2023-01-11,part_of_month,2023-03-20,0,0,0,0,0
S9062240c3762,Eb52594ffa92a,T8eb1d895da38,lidocaine hydrochloride (xylocaine) and dextrose injection solution-premix bags@2019-10-20,2023-01-09,month_year,2023-03-31,0,0,0,0,0
S9068872c226e,E316217e78740,T9e1fc74e4966,dextrose 25% injection@2022-10-04,2023-01-26,month_year,2023-02-28,0,0,0,0,0
S90b0f21cf5c9,Ec56d9975ecfc,Tb8b4b71b2611,sodium chloride 0.9% injection bags@2019-10-20,2025-03-14,month_year,2025-05-31,1,0,0,0,0
S90d3d9cd7c19,E71a2ea3c3f73,T8a79397ba6d0,"oxytocin injection, usp synthetic@2022-10-04",2023-04-21,month_year,2023-05-31,0,0,1,0,0
S90fd099f32bd,E137c4003dd9b,T8739c4fa9957,dobutamine hydrochloride injection@2019-10-20,2025-03-11,month_year,2025-12-31,1,0,0,0,0
S91276b7fedb1,Ef0e57a27fba0,T950a13305642,mepivacaine hydrochloride injection@2021-08-02,2023-01-04,month_year,2023-01-31,0,0,0,0,0
S912ff4b0c975,E0144cceb1304,T41fe6c526b90,sodium chloride 0.9% injection bags@2019-10-20,2024-02-01,month_year,2024-03-31,0,0,0,0,0
S9131133c9c06,E6a3eea1c7609,T1f09e1742567,methylprednisolone acetate injection@2022-10-04,2025-03-11,month_year,2025-09-30,0,0,0,0,0
S913332d3d81a,E6cd12a1b236e,T64d8c33be6c0,"hydromorphone hydrochloride injection, usp@2019-10-20",2025-06-05,month_year,2025-06-30,0,0,0,0,0
S9176ca4bdb50,E0a511a1f1914,T20e97b1f8118,penicillin g benzathine injectable suspension@2023-05-14,2025-12-19,month_year,2026-01-31,0,0,1,0,0
S919a9a2e39d7,E4012cecef395,T5bbe9fb6db07,lidocaine hydrochloride (xylocaine) and dextrose injection solution-premix bags@2019-10-20,2023-01-24,part_of_month,2023-01-31,0,0,0,0,0
S919f2ec94ecb,E1106c5cbb74f,Tb9cec91a28ba,amphetamine aspartate; amphetamine sulfate; dextroamphetamine saccharate; dextroamphetamine sulfate tablets@2023-01-13,2025-02-14,month_year,2025-02-28,0,1,0,0,0
S91dc29bbc27d,Eebb23db19207,T47d8db42ab73,rocuronium bromide injection@2023-03-02,2023-09-27,month_year,2024-02-29,0,0,0,1,0
S91e3f9cef773,Eb6bc2fd1c2da,T921747ff55cf,"bupivacaine hydrochloride injection, usp@2019-10-20",2023-02-16,month_year,2023-06-30,1,0,0,0,0
S91f8589ab539,Ee2a4249fab91,T5af6312c3288,fentanyl citrate (sublimaze) injection@2019-10-20,2023-12-27,month_year,2025-06-30,0,0,0,0,1
S92205872f2c0,Ef43e9411bb50,T36b389235234,"dacarbazine for injection, usp@2021-11-30",2023-01-04,month_year,2023-01-31,0,0,0,0,0
S9259ac648376,Eb69f5adb531f,T18f251dcb84b,"hydromorphone hydrochloride injection, usp@2019-10-20",2025-03-11,month_year,2025-06-30,0,0,0,0,0
S926c4b77aa28,Ed69a3099dcea,T86d9e32ac238,leucovorin calcium lyophilized powder for injection@2019-10-20,2025-06-05,month_year,2025-10-31,1,0,0,0,0
S92accf793d9c,E9826f899b189,T015d369787bf,"hydromorphone hydrochloride injection, usp@2019-10-20",2025-06-20,month_year,2025-08-31,1,0,0,0,0
S92bd7f481526,Eb3bf040a460a,T759a7920d144,cisplatin injection@2023-03-02,2023-10-19,month_year,2023-10-31,1,0,0,0,0
S92d4717a0076,E172ceda5c6aa,T5aae53c03d4a,clonazepam tablets@2023-03-25,2024-11-26,month_year,2025-04-30,0,0,0,0,0
S92e1feeafd88,Ee69c154a47e7,T08f8f2db5df5,clindamycin phosphate injection@2023-03-25,2025-06-26,month_year,2025-08-31,0,0,0,0,0
S92f6251998f3,E684c61b75474,T5acd70fcc48c,"sodium bicarbonate injection, usp@2019-10-20",2024-02-27,quarter,2024-06-30,0,0,0,0,0
S9306544cbf8a,E25d88fab89ca,T33f96b6dd618,"bupivacaine hydrochloride injection, usp@2019-10-20",2025-03-11,month_year,2025-06-30,1,1,0,0,0
S9310fdfbb590,E367beaeec0d4,Tb78ceb0406a9,rocuronium bromide injection@2023-03-02,2024-04-16,range,2024-05-31,0,1,0,1,0
S934e894418cd,E96b704495791,T5f40bd5b797f,"bupivacaine hydrochloride injection, usp@2019-10-20",2025-11-26,month_year,2025-12-31,0,0,0,1,0
S93655bc8281b,E212cc2a93a2e,T4a004e4525a7,methylprednisolone acetate injection@2022-10-04,2023-01-09,month_year,2023-01-31,1,0,0,0,0
S9379aa5293e7,Eec2f02cbb00e,Taf37f016a576,amphetamine aspartate; amphetamine sulfate; dextroamphetamine saccharate; dextroamphetamine sulfate tablets@2023-01-13,2023-03-09,month_year,2023-04-30,0,0,0,1,0
S93cf20aaf4b1,E9935dbc777f3,T6c8f10238ea4,remifentanil (ultiva) lyophilized powder for solution injection@2022-10-04,2024-02-19,month_year,2024-05-31,0,0,0,0,0
S93ddbe43e895,E1c9e3dfd752f,T8739c4fa9957,dobutamine hydrochloride injection@2019-10-20,2023-04-28,month_year,2023-09-30,0,0,0,0,0
S93f7a95cd42f,Ed7559177da5c,Tcc4e8a6be1d3,"bupivacaine hydrochloride and epinephrine injection, usp@2019-10-20",2023-01-26,month_year,2023-02-28,0,0,0,1,0
S93fca26a7a10,E45c7cc4d66ff,T5dbc045b4bdd,dopamine hydrochloride injection@2019-10-20,2025-11-13,range,2026-03-31,0,0,1,1,0
S940372c5085a,Eb55e7ff88349,Tce9f34a4bfab,lidocaine hydrochloride (xylocaine) injection with epinephrine@2019-10-20,2024-03-18,month_year,2024-04-30,0,0,1,0,0
S94104e4cbafb,E026147e6a4a2,T6cafe9d8cc03,"sodium bicarbonate injection, usp@2019-10-20",2025-01-14,month_year,2025-09-30,1,0,0,1,0
S941aeac49b62,Ef32439e06fb6,T7b8e881791af,azacitidine injection@2021-01-17,2023-11-02,part_of_month,2023-11-12,0,0,1,0,0
S942624a54f19,E6eee93c969df,Tb10e73a08366,atropine sulfate injection@2019-10-20,2024-03-28,month_year,2024-12-31,0,0,0,0,0
S942a9b51bb43,E0d6574399a12,Tb240f5df32f5,clindamycin phosphate injection@2023-03-25,2023-03-21,month_year,2023-04-30,0,0,0,0,0
S9431bf9fc68e,Ef66db8f907f5,Te8cca88b4ee4,amoxicillin oral powder for suspension@2023-01-13,2023-08-21,month_year,2023-08-31,0,0,0,1,0
S94342aac7ecf,E029f370c4bc4,T20e97b1f8118,penicillin g benzathine injectable suspension@2023-05-14,2023-04-26,quarter,2023-12-31,1,0,0,0,0
S9438886064b3,E89babc9df795,T53b4e83a18fb,sterile water@2021-11-30,2023-02-16,month_year,2023-06-30,0,0,0,0,0
S9458af309577,Ecbeb7c2b7245,Td757dae543e9,ketamine injection@2019-10-20,2023-09-18,month_year,2023-09-30,0,0,0,0,0
S9495f48819c7,Eac720508a715,T14df52dab049,lidocaine hydrochloride (xylocaine) injection with epinephrine@2019-10-20,2023-04-28,month_year,2024-12-31,0,1,0,0,0
S94d893b24ad3,Ec32a39135d45,T89fbc09a557b,methylprednisolone acetate injection@2022-10-04,2024-04-10,month_year,2024-06-30,0,0,0,0,0
S94e6ab3b7659,Ec824ba9c8c59,T686a91c2b0c2,"midazolam injection, usp@2020-04-02",2025-02-26,month_year,2025-06-30,0,0,0,0,0
S94f8f98b5a4c,E9bea22e71106,Tf7a46069bae7,ketamine injection@2019-10-20,2023-01-09,month_year,2023-12-31,0,0,0,0,0
S951e0eb17ecc,E72992797d3b6,Tcbe963ffcb71,dobutamine hydrochloride injection@2019-10-20,2024-03-28,month_year,2024-09-30,0,0,0,0,0
S956da1eacd73,E83429ec77b70,T0f19dfaf2fbe,"epinephrine injection, 0.1 mg/ml@2019-10-20",2023-04-28,month_year,2023-09-30,0,0,0,0,0
S957de4658b96,Ef7c5c68c14a9,T7d037cd479a9,"hydromorphone hydrochloride injection, usp@2019-10-20",2025-07-31,month_year,2025-12-31,0,0,0,0,0
S95d7f2ce03c9,E9b461e0bfd7d,T280b91db89c7,"valproate sodium injection, usp@2021-01-17",2024-03-18,month_year,2024-04-30,1,0,0,1,0
S95eaa5b3f5f3,Ee102ddf456fc,T1f1ce3538fe1,fentanyl citrate (sublimaze) injection@2019-10-20,2023-02-13,month_year,2023-02-28,0,0,0,0,0
S95f54640c08b,Eedf8b51c3ee4,T631b6d1b6fc8,dexamethasone sodium phosphate injection@2019-10-20,2024-04-25,month_no_year,2024-05-31,0,0,0,0,0
S960f262cf233,E522088d5d172,T8739c4fa9957,dobutamine hydrochloride injection@2019-10-20,2024-05-24,month_year,2024-09-30,0,0,0,0,0
S9641e3ffa76f,E4e24abe835c2,T1c553550a314,"methylphenidate hydrochloride tablet, extended release@2023-11-14",2025-01-23,month_year,2025-05-31,0,0,0,1,0
S96467025433b,E7ace9eebad14,Tcc0bd71aa637,dexamethasone sodium phosphate injection@2019-10-20,2023-01-09,part_of_month,2023-01-31,0,0,0,0,0
S9656200026ca,Efa7e2b928710,T302741facceb,clindamycin phosphate injection@2023-03-25,2024-05-24,month_year,2024-07-31,0,0,0,0,0
S966f23a215a9,E3b9d4eb1a0f0,Ta63a54f5fd78,methylprednisolone acetate injection@2022-10-04,2024-09-11,month_year,2024-09-30,0,1,0,0,0
S9682585f8eff,E1b93317fbad1,Tc2bfb643dbad,vitamin a palmitate (aquasol a) injection@2024-06-12,2024-06-10,month_year,2024-08-31,0,0,0,0,0
S96a3188062d4,E0db589682192,T12c07c6f9a24,dopamine hydrochloride injection@2019-10-20,2023-03-17,month_year,2023-06-30,0,0,0,0,1
S96bde6678853,E7cf8056e96dc,T478275adf61e,sodium chloride 0.9% injection bags@2019-10-20,2023-01-04,month_year,2023-01-31,0,0,0,0,0
S96bfbcc5247a,E6c9146106568,T686a91c2b0c2,"midazolam injection, usp@2020-04-02",2023-01-09,month_year,2023-09-30,1,0,0,0,0
S96ef1b64f05a,E03e1ba7db0da,T6cd9222c2749,amoxapine tablets@2020-04-02,2023-05-08,month_year,2023-06-30,0,0,0,0,1
S96f24c4163e8,E2150b5e824fd,Tde7042e0afbb,"bupivacaine hydrochloride injection, usp@2019-10-20",2023-12-27,month_year,2024-03-31,0,0,0,0,0
S96f955692972,E887ae7b03a19,T7d037cd479a9,"hydromorphone hydrochloride injection, usp@2019-10-20",2025-06-09,month_year,2025-12-31,1,0,0,0,0
S9710e2384b8c,E87b1603e1d3c,Td1a4a25a2fff,"sodium bicarbonate injection, usp@2019-10-20",2024-05-24,month_year,2024-06-30,0,0,0,0,0
S971bfc3fa0f3,Ee395a20506d7,T9226520f2ff8,carboplatin injection@2023-05-14,2023-09-11,month_year,2023-12-31,0,0,0,0,0
S971ee871d4ea,Eb7600fe78d91,Tc2c7c7170078,dextrose 25% injection@2022-10-04,2023-01-09,month_year,2023-12-31,0,0,0,0,0
S9740be9d8855,Ea9945c7ce3c1,T871ec9252ed3,amino acids@2021-01-17,2025-03-14,month_year,2025-03-31,1,0,0,1,0
S9754d982f588,E6fe0787fa7e2,T49d628d0408f,carboplatin injection@2023-05-14,2023-12-27,month_year,2024-03-31,1,0,1,0,0
S975e5a2854b3,Ec4eafb3eaa7b,Tb1968fba8011,lidocaine hydrochloride (xylocaine) and dextrose injection solution-premix bags@2019-10-20,2023-01-20,month_year,2023-12-31,0,1,0,0,0
S978f7ba3029a,E2a72cb1c5e93,T95fcf5c308c1,methotrexate sodium injection@2023-03-25,2023-12-27,month_year,2023-12-31,0,0,0,0,0
S9796a956cbd4,E928a47c01ed4,T578a0cc2a8e4,"bumetanide injection, usp@2019-10-20",2024-03-20,month_year,2024-03-31,0,0,0,0,0
S979b94552ffd,Ecf7d334198d3,T402bc3751e12,disopyramide phosphate (norpace) capsules@2021-04-12,2023-09-11,month_year,2023-09-30,0,0,0,0,0
S97c2539e2527,Efd6619b6f66d,T752263cd4b11,"hydromorphone hydrochloride injection, usp@2019-10-20",2025-03-11,month_year,2025-06-30,0,0,0,0,0
S97c6b41134ae,Ea2189f343d41,Tb06978fc0b67,digoxin injection@2021-08-02,2023-04-28,quarter,2023-06-30,0,0,0,0,0
S98242a944d29,E3575cf2c69da,Td8c3742da817,"sodium bicarbonate injection, usp@2019-10-20",2023-04-28,month_year,2023-06-30,0,0,1,0,0
S9840a4f0c7d6,E370fc8c09872,T14df52dab049,lidocaine hydrochloride (xylocaine) injection with epinephrine@2019-10-20,2025-03-11,month_year,2025-06-30,0,0,0,0,0
S986466accd60,E272f198cb112,T38c19b469fcc,sodium chloride 0.9% injection bags@2019-10-20,2025-01-27,month_year,2025-06-30,0,0,0,0,0
S98826985eb97,E753994a9c114,Te1923c37ed1b,amphetamine aspartate; amphetamine sulfate; dextroamphetamine saccharate; dextroamphetamine sulfate tablets@2023-01-13,2024-05-06,month_year,2024-07-31,0,0,0,0,0
S98a4b1654b44,E47f3b477f5ce,T7ef1cb0390d6,somatropin (saizen) injection@2023-01-13,2024-03-13,quarter,2024-09-30,0,0,0,0,0
S98b3e069dae8,E883fa711b81e,T65fd77894697,fentanyl citrate (sublimaze) injection@2019-10-20,2023-04-28,month_year,2023-12-31,0,0,0,0,0
S98b4e11e37e6,E27c3e0f16acb,Taea053fa22f5,lidocaine hydrochloride (xylocaine) and dextrose injection solution-premix bags@2019-10-20,2023-02-22,month_year,2023-03-31,0,0,0,0,0
S98be7011a521,E52e527e8f819,T50f9c1be8726,lidocaine hydrochloride (xylocaine) and dextrose injection solution-premix bags@2019-10-20,2024-04-23,range,2024-05-31,0,1,0,1,0
S98f81d3a0d6b,Ed966069ea795,T6cafe9d8cc03,"sodium bicarbonate injection, usp@2019-10-20",2024-02-27,quarter,2024-09-30,0,0,0,1,0
S9908e168cf77,Eb8aadd6acb7e,T752263cd4b11,"hydromorphone hydrochloride injection, usp@2019-10-20",2025-01-02,month_year,2025-03-31,0,0,0,0,0
S9909f774d099,Ef25fbfebe227,T461703f0187d,somatropin (saizen) injection@2023-01-13,2023-12-05,year,2024-12-31,0,0,0,0,0
S990b290bbd0f,E5a699c612683,T0c7c2611ce8e,"potassium acetate injection, usp@2019-10-20",2024-09-11,month_year,2024-09-30,0,0,1,0,0
S9994f5987f7a,E31506a931f03,Tccbdf26e7d4c,dobutamine hydrochloride injection@2019-10-20,2023-03-06,month_year,2023-03-31,1,0,1,0,0
S99be8f96ba5e,E8e12300b53d9,T53f1d6081b6f,oxazepam capsule@2025-01-08,2025-03-11,month_year,2025-04-30,0,1,0,0,0
S9a049ca968ad,E9e82b0cdd3c5,T82cb0781012b,lidocaine hydrochloride (xylocaine) and dextrose injection solution-premix bags@2019-10-20,2025-12-19,month_year,2025-12-31,0,0,0,0,0
S9a203b66d977,Eb102ec427051,T84cdd216c24d,"morphine sulfate injection, usp@2019-10-20",2025-06-05,month_year,2025-06-30,0,0,0,0,0
S9a60e6063c91,E1dc2e52b708f,T7f46f599a4ab,penicillin g benzathine injectable suspension@2023-05-14,2024-11-12,month_year,2024-12-31,0,0,1,0,0
S9a84b711e1f3,E177bd5399d1f,T04f296cb3742,"oxytocin injection, usp synthetic@2022-10-04",2023-01-26,month_year,2023-02-28,0,0,0,0,1
S9a8d047809c7,Edb3bc2f4fe41,Te9cf324de6fa,"furosemide injection, usp@2020-06-12",2025-07-31,month_year,2025-09-30,0,0,0,0,0
S9abdeb226bcf,E966d17fb6072,T2d6d50348db7,lidocaine hydrochloride (xylocaine) and dextrose injection solution-premix bags@2019-10-20,2023-02-22,month_year,2023-12-31,0,0,0,0,0
S9ac6265ca922,Ed0f6bb76fcd4,Te1923c37ed1b,amphetamine aspartate; amphetamine sulfate; dextroamphetamine saccharate; dextroamphetamine sulfate tablets@2023-01-13,2024-09-25,month_year,2024-11-30,0,0,0,0,0
S9ae05669a1e9,Ebdd42c72b330,T4e6b679687e5,sterile water@2021-11-30,2024-04-08,quarter,2024-09-30,0,0,0,0,0
S9af4dabaf083,E32bb7b6b6fd2,Tdc826bfc6294,potassium chloride injection@2021-11-30,2023-01-09,month_year,2023-12-31,0,0,0,0,0
S9af6e98723fb,E4abf96106404,T02758fe85bc3,carboplatin injection@2023-05-14,2023-08-21,month_year,2023-12-31,0,0,0,0,0
S9b11d2e18830,E20897319a062,T1d262079d10f,mepivacaine hydrochloride injection@2021-08-02,2023-01-04,month_year,2023-01-31,0,0,0,0,0
S9b13fb5c203b,E54ee424e60f7,T7515d981ebe3,somatropin (saizen) injection@2023-01-13,2024-03-13,quarter,2024-09-30,0,0,0,0,0
S9b62de297295,E73a1040083ee,T7a1170e66a1d,mefloquine hydrochloride tablet@2024-05-15,2024-05-14,month_year,2024-08-31,0,1,0,0,0
S9b739a266e24,E2db621b06614,T2fe5f23f3e0b,lidocaine hydrochloride (xylocaine) and dextrose injection solution-premix bags@2019-10-20,2025-11-26,month_year,2025-12-31,0,0,0,0,0
S9b87f85a3ad8,E370c6b6b2889,T13553e2997c1,fentanyl citrate (sublimaze) injection@2019-10-20,2023-01-09,month_year,2025-03-31,0,0,0,0,0
S9b8f58fe4515,E6cced2bb3c7e,T8bb548f5ce22,"sodium acetate injection, usp@2019-10-20",2024-07-15,month_year,2024-12-31,0,1,0,0,1
S9b9487c6f219,Eca700da07dfe,Tdcb962ce1563,lidocaine hydrochloride (xylocaine) and dextrose injection solution-premix bags@2019-10-20,2023-01-09,month_year,2023-06-30,1,0,0,1,0
S9bacedb98c43,E37ab6fa24d8a,T7727158e0955,dexmedetomidine injection@2020-06-12,2025-01-17,month_year,2025-02-28,0,0,1,0,0
S9c2c87204196,Ed8613b6c5f5b,T45f8f1f8e2bf,sodium phosphate injection@2021-10-06,2024-02-01,month_year,2024-03-31,0,0,0,0,0
S9c2eba97f326,E67c040d85b07,Tb0de31539f56,carboplatin injection@2023-05-14,2024-01-08,month_year,2024-01-31,0,0,0,0,0
S9c735af465bb,Efb258da7fc24,T279b921fe293,"bupivacaine hydrochloride injection, usp@2019-10-20",2023-11-01,month_year,2023-11-30,0,0,0,0,0
S9c775eef0bb9,E5a2da8abb56f,T0c00f93259f5,"bupivacaine hydrochloride injection, usp@2019-10-20",2023-09-11,month_year,2024-06-30,0,0,0,1,0
S9cb00622b411,E315a22ad45c3,T9f5710f40fbe,semaglutide (ozempic) injection@2022-10-04,2023-11-01,year,2023-12-31,0,0,0,0,0
S9cb16e47741a,Ee02903631876,T7adfeff51f2e,clindamycin phosphate injection@2023-03-25,2024-03-11,part_of_month,2024-03-31,0,0,1,0,0
S9cbb5cc04416,Ef36c139f3bbb,Tbf05375a372b,rifampin injection@2021-03-18,2024-03-20,quarter,2024-06-30,0,0,0,0,0
S9cc1acfe061c,E61b170a72d8f,T4a004e4525a7,methylprednisolone acetate injection@2022-10-04,2025-06-09,month_year,2025-09-30,0,1,0,0,0
S9cdbae914787,Eae260bf7609d,T0c7c2611ce8e,"potassium acetate injection, usp@2019-10-20",2023-02-16,month_year,2023-09-30,0,1,0,0,0
S9ce32f5812c9,Ef08cca9f75a9,Tab656bc3e57d,"morphine sulfate injection, usp@2019-10-20",2025-07-15,month_year,2025-07-31,0,0,0,0,0
S9ced11afdf36,E40b4bc5659e3,T8a1fdbe141f1,"hydromorphone hydrochloride injection, usp@2019-10-20",2024-04-08,month_year,2024-06-30,0,0,1,0,0
S9d06b513a889,Ef447a9b774b4,T7011dc98632c,"furosemide injection, usp@2020-06-12",2025-07-31,month_year,2025-09-30,0,0,0,0,0
S9d2685b7c5aa,Ed75e08860b38,Tab6518249eb7,methotrexate sodium injection@2023-03-25,2024-10-28,month_year,2024-12-31,0,0,0,0,0
S9d3f6d77ccc2,Eb33dab5ef1fd,T8a1fdbe141f1,"hydromorphone hydrochloride injection, usp@2019-10-20",2023-09-11,month_year,2024-06-30,0,1,0,0,0
S9d5db7031f2b,E1e19167139bb,T302741facceb,clindamycin phosphate injection@2023-03-25,2025-05-23,month_year,2025-09-30,0,0,0,0,0
S9d6a7f1447e2,Eb2552a8ffcc6,T608e1564914b,leucovorin calcium lyophilized powder for injection@2019-10-20,2025-02-20,month_year,2025-03-31,0,0,0,0,0
S9d712812b6b3,Ed5a7450ca79d,T9d51c7da5283,"sodium acetate injection, usp@2019-10-20",2024-03-28,month_year,2024-12-31,0,1,0,0,0
S9da64dba408f,E78a74c011b08,Tb7aa4a03e270,sodium chloride 0.9% injection bags@2019-10-20,2023-01-09,month_year,2023-12-31,0,0,0,0,0
S9db0048c7660,E5a6ec3e2101a,T134ca3bb44df,clonazepam tablets@2023-03-25,2024-04-26,month_year,2024-07-31,0,0,0,0,0
S9db55ea9a51c,E8844e10db790,T7a1170e66a1d,mefloquine hydrochloride tablet@2024-05-15,2025-02-25,month_year,2025-04-30,0,0,0,0,0
S9de37b61f04d,E01c078847ffd,Tb10e73a08366,atropine sulfate injection@2019-10-20,2024-07-15,month_year,2025-03-31,0,0,0,1,0
S9dea6f88ed9a,Ef61c41ba5d61,Tb1968fba8011,lidocaine hydrochloride (xylocaine) and dextrose injection solution-premix bags@2019-10-20,2023-04-28,month_year,2023-12-31,0,0,0,0,0
S9dfdf9a8d041,Ead65993e0f03,T353ba1d40009,fentanyl citrate (sublimaze) injection@2019-10-20,2025-02-13,month_year,2025-03-31,0,0,1,0,0
S9e0074cdeca3,Eb6a1a3a286ac,T930ff704c452,methotrexate sodium injection@2023-03-25,2025-03-11,month_year,2025-08-31,0,0,0,0,0
S9e1db5a06db2,E651de58e82a1,Tbc4f3b378a3c,"lorazepam injection, usp@2019-10-20",2025-07-31,month_year,2025-12-31,0,0,0,0,0
S9e1e1d6d6069,E1c964f074495,T7f46f599a4ab,penicillin g benzathine injectable suspension@2023-05-14,2023-12-27,quarter,2024-06-30,0,0,1,0,0
S9e70d8c3534b,Ecf136aff337e,T0eb2a0df1868,"bupivacaine hydrochloride injection, usp@2019-10-20",2023-04-28,month_year,2023-09-30,0,1,0,0,0
S9e7cb89a304d,E9c397cd8f59f,T38c19b469fcc,sodium chloride 0.9% injection bags@2019-10-20,2023-12-12,month_year,2024-05-31,0,0,0,1,0
S9e7e858d6833,E7594232debad,T7a1170e66a1d,mefloquine hydrochloride tablet@2024-05-15,2025-02-14,month_year,2025-04-30,0,0,0,0,0
S9e9d7cd8c5db,E10628658e2fd,T096334a72b24,dexmedetomidine injection@2020-06-12,2024-07-15,month_year,2025-06-30,0,0,0,0,0
S9e9f0311ac02,Eefc9461d9218,T2a79bd039e71,"bupivacaine hydrochloride and epinephrine injection, usp@2019-10-20",2024-05-15,month_year,2024-12-31,0,0,0,0,0
S9eb4f813116a,E4200edf5f78a,Ta63a54f5fd78,methylprednisolone acetate injection@2022-10-04,2024-07-15,month_year,2024-09-30,0,1,0,0,0
S9ebcb1b72b93,Ea67b69b34429,T629bea5890df,lidocaine hydrochloride (xylocaine) injection with epinephrine@2019-10-20,2023-10-13,month_year,2023-10-31,0,0,0,0,0
S9ebee5be5aa2,Edc4697e682ca,T880a0162b123,amphetamine aspartate; amphetamine sulfate; dextroamphetamine saccharate; dextroamphetamine sulfate tablets@2023-01-13,2025-06-05,quarter,2025-06-30,0,0,0,0,0
S9ec6b6040737,E302bb21dd594,T70f52f2d7051,"morphine sulfate injection, usp@2019-10-20",2025-02-26,month_year,2025-06-30,0,0,0,0,0
S9ed3657bd244,Eba852bb78e25,T66373c148c7f,"bupivacaine hydrochloride injection, usp@2019-10-20",2023-09-11,month_year,2024-06-30,0,0,0,1,0
S9f30e4a0a8bc,E6988181d3b16,T64e9ef84d9ad,lidocaine hydrochloride (xylocaine) and dextrose injection solution-premix bags@2019-10-20,2024-03-28,month_year,2025-06-30,0,0,0,0,0
S9f368c8fdd2c,E204ddb90d36d,T49d628d0408f,carboplatin injection@2023-05-14,2024-04-18,month_year,2024-09-30,0,0,0,0,0
S9f666909869a,Ead81404ad93b,T3fe781a0ce64,lisdexamfetamine dimesylate capsule@2023-11-14,2025-01-14,month_no_year,2025-02-28,1,0,0,1,0
S9f6c155bd4ad,E183571d9bc62,Tfb9eb95dd0cc,lisdexamfetamine dimesylate capsule@2023-11-14,2025-03-04,month_no_year,2025-05-31,0,0,0,0,0
S9f8d974a6e4b,E9d84658714a0,T9b3cfbee914c,lidocaine hydrochloride (xylocaine) and dextrose injection solution-premix bags@2019-10-20,2023-03-24,month_no_year,2023-04-30,0,0,0,0,0
S9f9903326193,E7d4aa3dbab03,Ta70841c14041,"methylphenidate film, extended release@2025-03-17",2025-03-04,part_of_month,2025-05-31,0,0,0,0,0
S9f9d65adfb8a,Ee8be66457210,T58e836ab5db8,"bupivacaine hydrochloride and epinephrine injection, usp@2019-10-20",2023-02-13,month_year,2023-03-31,0,0,1,0,0
S9fc36ef470ae,E045fde9c99f4,T89b4c627b83a,dexmedetomidine injection@2020-06-12,2025-12-12,month_year,2025-12-31,0,0,0,0,0
S9fd92030bc31,E678be2cbffd0,T6304584a799b,amoxicillin oral powder for suspension@2023-01-13,2023-05-08,month_year,2024-11-30,0,0,0,0,0
Sa02051b205c7,E0a912e725001,Td1a4a25a2fff,"sodium bicarbonate injection, usp@2019-10-20",2023-01-09,month_year,2023-03-31,0,0,0,0,0
Sa027c51099b8,E9943877fc9dd,T66373c148c7f,"bupivacaine hydrochloride injection, usp@2019-10-20",2023-04-28,month_year,2024-06-30,0,0,0,0,0
Sa0286e400c5d,E9460c6489fd5,T5dbc045b4bdd,dopamine hydrochloride injection@2019-10-20,2025-04-11,month_year,2025-07-31,0,0,0,0,0
Sa03a475ca5f0,E2e459368ed10,Tcc6024a3a406,dopamine hydrochloride injection@2019-10-20,2023-01-20,month_year,2023-02-28,0,0,0,0,0
Sa04a25ab5692,Eaaf289baf041,Tbfc073375306,lidocaine hydrochloride (xylocaine) injection with epinephrine@2019-10-20,2024-05-24,month_year,2025-06-30,1,0,0,0,0
Sa05c509e3e14,E0970074731d9,T3c6eb3067c13,"morphine sulfate injection, usp@2019-10-20",2024-05-31,month_year,2025-12-31,0,0,0,0,0
Sa05d9a15edbd,E73de9b5de82e,T04f9165bf90c,potassium chloride injection@2021-11-30,2024-03-20,month_year,2024-05-31,0,0,0,1,0
Sa0bef037ed3a,E232453d7910b,Tcc0bd71aa637,dexamethasone sodium phosphate injection@2019-10-20,2023-03-17,part_of_month,2023-03-31,0,0,0,0,0
Sa0f737af6166,E3d516db887de,Tfa5d26c556c3,remifentanil (ultiva) lyophilized powder for solution injection@2022-10-04,2025-01-14,month_year,2025-01-31,0,0,0,0,0
Sa10511792f28,E511dcaecb05d,T35a332297fe7,lisdexamfetamine dimesylate capsule@2023-11-14,2025-02-25,month_year,2025-05-31,0,0,0,0,0
Sa11fac059286,E7eb647f3277a,T8084ffc8c473,"hydromorphone hydrochloride injection, usp@2019-10-20",2024-05-31,month_year,2025-03-31,0,0,0,0,0
Sa13e929b4e45,Ec43ae8c07cf0,Td424c1ded091,potassium chloride injection@2021-11-30,2024-03-28,month_year,2024-09-30,0,0,0,0,0
Sa14a7045d35b,Ea0ac7a5f96d1,T85aef974ce63,promethazine (phenergan) injection@2023-12-07,2024-01-23,month_year,2024-04-30,0,0,0,0,0
Sa18711864dfd,E65628bbf3503,T302741facceb,clindamycin phosphate injection@2023-03-25,2025-12-12,month_year,2026-03-31,0,0,1,0,0
Sa18b89fbe677,E369e6f5639ea,T8084ffc8c473,"hydromorphone hydrochloride injection, usp@2019-10-20",2023-09-11,month_year,2024-06-30,0,0,0,0,0
Sa19cd44d1a2f,Eddb1f054d270,T8562b68731c0,dextrose 25% injection@2022-10-04,2024-12-13,month_year,2025-09-30,0,1,0,0,0
Sa1a4acf2723d,E7d79b3f68c1d,Taeee7d9e7c6f,methylprednisolone acetate injection@2022-10-04,2025-01-27,month_year,2025-06-30,0,0,0,0,0
Sa1b5484f005f,E1be3d1e8a89a,T8562b68731c0,dextrose 25% injection@2022-10-04,2024-09-11,month_year,2025-06-30,0,0,0,0,0
Sa1cd0585ad0c,E9adc34181310,T5439bc9cc7b5,"sodium acetate injection, usp@2019-10-20",2024-05-24,month_year,2024-06-30,0,0,0,1,1
Sa1d4c3f3f68f,E66574ce26b2c,Tf75129438ea8,dexamethasone sodium phosphate injection@2019-10-20,2025-02-14,month_year,2025-02-28,0,0,0,0,0
Sa20102f1b900,E629429fab320,T083405072013,dulaglutide (trulicity) injection@2023-01-13,2023-11-27,month_year,2024-01-31,0,0,0,0,0
Sa23562186c08,E174361652282,T2e92269425cd,sodium phosphate injection@2021-10-06,2023-10-13,month_year,2023-10-31,0,0,0,0,0
Sa2428b1d71d2,Ee0561bde4605,T0cc97835a65d,dextrose 25% injection@2022-10-04,2025-05-14,month_year,2025-05-31,0,1,0,0,0
Sa25834ffdee0,Edf24873e7337,T3148fe3cd7a1,amphetamine aspartate; amphetamine sulfate; dextroamphetamine saccharate; dextroamphetamine sulfate tablets@2023-01-13,2023-09-11,month_year,2023-10-31,0,0,0,0,0
Sa269b44befe9,E1b8a44d26aa4,T88d6ecb1417d,carboplatin injection@2023-05-14,2024-12-06,month_year,2025-08-31,0,0,0,0,0
Sa28aa6d145a6,E16a907ba838d,Tc2c7c7170078,dextrose 25% injection@2022-10-04,2025-05-09,month_year,2025-09-30,0,0,0,0,0
Sa2b3d024a628,E8939fb34e10e,T4a076e9e8b18,cyclopentolate ophthalmic solution@2020-11-10,2024-06-26,part_of_month,2024-07-20,1,0,0,0,0
Sa2b8a3ca10be,E384a06f8d262,T2f7af3ca75a8,dexmedetomidine injection@2020-06-12,2023-02-21,part_of_month,2023-02-28,0,0,0,0,0
Sa2d8a79c1fbd,Ed549ea61ef5e,Td1a4a25a2fff,"sodium bicarbonate injection, usp@2019-10-20",2023-03-17,month_year,2023-06-30,0,0,0,0,0
Sa34218731337,E782bc8f5b3ee,T7a36f20681e1,lidocaine hydrochloride (xylocaine) injection with epinephrine@2019-10-20,2023-04-21,month_year,2023-05-31,0,0,0,0,0
Sa35074cbb088,E5c4f04962bc5,T0fe345d6daf2,ketorolac tromethamine injection@2019-10-20,2023-04-26,part_of_month,2023-09-20,0,0,0,0,0
Sa3700359a2c9,E400bd88c85cc,T47385153e5b5,lidocaine hydrochloride (xylocaine) injection with epinephrine@2019-10-20,2024-02-27,quarter,2024-09-30,1,0,0,1,0
Sa3784bb7aaab,Ee847e889d965,T0a3187728ae5,clonazepam tablets@2023-03-25,2024-07-10,month_year,2024-11-30,0,0,0,0,0
Sa37ea5b928c2,E045ef3188625,T8666d4923baf,"bupivacaine hydrochloride injection, usp@2019-10-20",2024-04-22,part_of_month,2024-05-10,0,0,0,0,0
Sa39be01f561b,E5e4333628816,T15b9013ae7fc,amphetamine aspartate; amphetamine sulfate; dextroamphetamine saccharate; dextroamphetamine sulfate tablets@2023-01-13,2024-11-22,month_year,2025-01-31,0,0,0,0,0
Sa3a7ff6c9e85,Ebd66c3850106,T50d6ebd689a6,amphetamine aspartate; amphetamine sulfate; dextroamphetamine saccharate; dextroamphetamine sulfate tablets@2023-01-13,2025-06-05,exact_day,2025-07-11,0,0,0,0,0
Sa3afbafab538,E5cf6c9e7244e,T2d6d50348db7,lidocaine hydrochloride (xylocaine) and dextrose injection solution-premix bags@2019-10-20,2023-01-20,month_year,2023-12-31,0,0,0,1,0
Sa3e2315ec48e,E4f0ed4953d79,T2517e7d85e01,"sodium bicarbonate injection, usp@2019-10-20",2025-01-03,month_year,2025-06-30,0,0,0,1,0
Sa425649153ca,Ebfa90a61ebd3,T25c5a6761868,"furosemide injection, usp@2020-06-12",2023-01-09,month_year,2023-03-31,0,1,0,1,0
Sa4340a678562,Ea5bd11fd9f79,T43ec5af720c4,sodium chloride 0.9% injection bags@2019-10-20,2025-03-14,month_year,2025-04-30,0,1,0,0,0
Sa438efe92001,Ea7492c1635a7,Td1670381c0d2,cisplatin injection@2023-03-02,2024-04-16,range,2024-05-31,1,0,1,0,0
Sa4465e5c1896,Ef59528c6435b,T60be997ea528,peginterferon alfa-2a injection@2025-02-02,2025-03-11,quarter,2025-12-31,0,0,0,0,0
Sa45d8466581a,Ef5e301019f20,Tc4311c37cab9,"hydromorphone hydrochloride injection, usp@2019-10-20",2024-09-11,month_year,2024-12-31,0,0,0,1,0
Sa4abd045589e,Ed0e0a1a45142,Taeee7d9e7c6f,methylprednisolone acetate injection@2022-10-04,2024-11-12,month_year,2025-03-31,0,0,0,0,0
Sa4da2f9332e0,E2a35c2ed30ea,Ta0f1a424225c,ketamine injection@2019-10-20,2023-01-09,part_of_month,2023-01-31,0,0,0,0,0
Sa4e87b2a7ca6,E68e31766771b,T1c80a1c18b66,hydrocortisone sodium succinate injection@2023-03-25,2023-03-24,month_year,2023-06-30,0,0,0,0,0
Sa4f08ce72791,Eb68ad2220f67,Tbc4f3b378a3c,"lorazepam injection, usp@2019-10-20",2025-06-30,month_year,2025-09-30,0,0,0,0,0
Sa4fb9c3c4d09,E8004361a1727,T86fbd150a972,penicillin g benzathine injectable suspension@2023-05-14,2023-04-26,quarter,2023-12-31,0,0,0,0,0
Sa500ba4cf352,Ef8bc80b32dc2,T3da6cb213545,sodium chloride 0.9% injection bags@2019-10-20,2023-01-09,month_year,2023-06-30,0,0,0,0,0
Sa51eeb4ba7c7,E121f53ca58e2,T038a6c116fb9,dextrose 25% injection@2022-10-04,2025-05-20,month_year,2025-06-30,0,1,0,0,0
Sa5640e25c578,E21bfdd5c37d8,Tf7ef201be71d,fentanyl citrate (sublimaze) injection@2019-10-20,2025-11-13,range,2025-12-31,0,0,0,1,0
Sa5b7272192db,Ec9e46b6e85b4,T1b6267c76933,heparin sodium and sodium chloride 0.9% injection@2019-10-20,2024-04-08,month_year,2024-06-30,0,1,0,0,0
Sa60fcd4ff4f9,E646ea0dd0d87,T2517e7d85e01,"sodium bicarbonate injection, usp@2019-10-20",2023-04-28,month_year,2023-09-30,0,0,0,0,1
Sa624fdecad74,Edeb726b56759,T1c80a1c18b66,hydrocortisone sodium succinate injection@2023-03-25,2023-04-28,month_year,2023-12-31,1,0,0,0,0
Sa64b7f71a2a7,E775e25e2e4fc,T578a0cc2a8e4,"bumetanide injection, usp@2019-10-20",2024-05-08,month_year,2024-05-31,1,0,0,0,0
Sa6552b60f78d,E97c8b1395d21,Tcbe963ffcb71,dobutamine hydrochloride injection@2019-10-20,2024-09-11,month_year,2024-09-30,0,0,0,0,0
Sa669e2badf7a,E3d23a9c564ce,T516a8926327b,"bupivacaine hydrochloride injection, usp@2019-10-20",2023-04-28,month_year,2024-03-31,0,0,0,0,0
Sa69afdaaad1e,E35576e87413e,T6c8f10238ea4,remifentanil (ultiva) lyophilized powder for solution injection@2022-10-04,2025-12-02,month_year,2025-12-31,0,0,0,1,1
Sa6a3b955ac85,E591fc7cee0a8,T1b6267c76933,heparin sodium and sodium chloride 0.9% injection@2019-10-20,2024-09-18,month_year,2024-11-30,0,0,0,0,0
Sa6f37a9c4404,E3a402cc9f8ae,Td06ce930fe95,"methylphenidate hydrochloride tablet, extended release@2023-11-14",2025-02-14,month_year,2025-02-28,0,1,0,0,0
Sa703704ca47a,E4827efc98618,T88c2c68f7058,lidocaine hydrochloride (xylocaine) injection with epinephrine@2019-10-20,2024-05-24,month_year,2025-03-31,0,0,0,0,0
Sa72d16da5927,E8fd276803aa4,Ta0255b4b2a79,dopamine hydrochloride injection@2019-10-20,2024-04-18,month_year,2024-06-30,0,1,0,0,0
Sa7438b4f1f4c,E03900ae5e5ac,T79614de8a25f,"metronidazole injection, usp@2022-10-04",2024-05-24,month_year,2024-12-31,0,0,0,0,0
Sa745082ff76b,Ede039b6caf7e,T16e9dc7e543d,"bupivacaine hydrochloride and epinephrine injection, usp@2019-10-20",2025-07-15,month_year,2025-08-31,1,0,0,0,0
Sa74caab903d2,E1253dffad878,Taadff20fdc08,gentamicin sulfate injection@2021-08-02,2024-02-01,month_year,2024-02-29,0,0,0,1,0
Sa77357108e54,Ea0d274949ed9,Tdf36a590994f,rocuronium bromide injection@2023-03-02,2023-03-17,month_year,2024-12-31,0,1,0,0,0
Sa777fff5a8b2,E78ae05069bcd,T81c99fda6e8c,sodium chloride 0.9% injection bags@2019-10-20,2023-01-26,month_year,2023-02-28,0,0,0,0,0
Sa7b89e06727f,E153490108eef,Taff0f00f17dc,methotrexate sodium injection@2023-03-25,2024-03-28,month_year,2024-09-30,0,1,0,0,0
Sa7cd17f18bfd,E6e5962898195,T1c1fe40145b3,sulfasalazine tablets@2020-06-12,2023-12-27,month_year,2024-03-31,0,0,0,0,0
Sa7cd448acfa5,Ebedb2333ea99,Tb7aa4a03e270,sodium chloride 0.9% injection bags@2019-10-20,2023-04-28,month_year,2024-12-31,0,0,0,0,0
Sa7e9019b0268,E38644aded780,Tbe11124fbb98,lisdexamfetamine dimesylate capsule@2023-11-14,2025-12-04,month_year,2026-01-31,1,0,0,1,0
Sa7fcff2dc12a,Ecd3a2dea6f35,T1a04ebf135ed,heparin sodium and sodium chloride 0.9% injection@2019-10-20,2023-01-09,month_year,2023-03-31,0,1,0,0,0
Sa83063755f77,E97bc62e9d3a1,T86aa7fe2644c,indocyanine green injection@2024-09-29,2024-09-16,month_year,2024-12-31,0,0,0,0,0
Sa84b1a84d89a,E91bc23d57cc9,T64dc1915281d,"morphine sulfate injection, usp@2019-10-20",2024-05-08,month_year,2024-05-31,0,0,0,0,0
Sa86ac0581c58,E37db05074333,T9037226855d9,"sodium acetate injection, usp@2019-10-20",2024-03-28,month_year,2024-09-30,1,0,0,0,0
Sa89a1e02bee4,E2212110012fb,T43e1401240d3,amphetamine aspartate; amphetamine sulfate; dextroamphetamine saccharate; dextroamphetamine sulfate tablets@2023-01-13,2025-02-14,month_year,2025-05-31,0,1,0,0,1
Sa8a8d60ccef6,E711fa052dee7,T8533fa031749,lidocaine hydrochloride (xylocaine) injection with epinephrine@2019-10-20,2023-09-11,month_year,2024-09-30,0,0,0,0,0
Sa8ad83c8f4c4,Eb1ba0427bf80,T5369b905f0d2,"hydromorphone hydrochloride injection, usp@2019-10-20",2025-03-11,month_year,2025-06-30,0,0,0,0,0
Sa8b61531e556,E3635c8d373a8,T629bea5890df,lidocaine hydrochloride (xylocaine) injection with epinephrine@2019-10-20,2024-05-08,month_year,2024-06-30,0,0,0,1,0
Sa8ffc146b7b3,E34c968023366,T21646e4fc216,amphetamine aspartate; amphetamine sulfate; dextroamphetamine saccharate; dextroamphetamine sulfate tablets@2023-01-13,2024-09-20,month_year,2024-10-31,0,0,0,0,0
Sa952a2872c11,E59459f523f9e,T8c4e9e59efb4,etomidate injection@2022-10-06,2025-10-24,month_year,2026-01-31,0,0,0,0,0
Sa95bf83eda3d,E5f42069fe95d,Tc4311c37cab9,"hydromorphone hydrochloride injection, usp@2019-10-20",2025-02-26,month_year,2025-06-30,0,1,0,0,0
Sa96cfe745b19,E608fb315d70c,T151111a2a8c4,lidocaine hydrochloride (xylocaine) and dextrose injection solution-premix bags@2019-10-20,2024-11-19,month_year,2024-12-31,0,0,0,0,0
Sa97f70b01a31,Ecef7c8d361b5,T3f1fb5adcb1e,sodium chloride 0.9% injection bags@2019-10-20,2023-02-16,month_year,2023-12-31,0,0,0,0,0
Sa986c6f75ebd,Ef06229b868af,Ta1e5b17b3538,amphetamine aspartate; amphetamine sulfate; dextroamphetamine saccharate; dextroamphetamine sulfate tablets@2023-01-13,2025-11-05,month_year,2025-11-30,1,0,0,1,0
Sa9cb33aa1e2e,Ee56656144774,T09e4e1e9e47f,"potassium acetate injection, usp@2019-10-20",2024-03-28,month_year,2024-06-30,0,0,0,0,0
Sa9e9e2e39de2,Ede2802b68826,T85aef974ce63,promethazine (phenergan) injection@2023-12-07,2024-02-22,range,2024-04-30,0,0,0,0,0
Saa001f14e47e,Ed5a895f19f78,T53f993399031,lisdexamfetamine dimesylate capsule@2023-11-14,2024-11-01,part_of_month,2024-12-10,0,1,0,0,0
Saa0369220cc7,Efd459ed6983c,T79558ccb11c4,"bupivacaine hydrochloride injection, usp@2019-10-20",2025-05-23,month_year,2025-06-30,0,0,0,0,0
Saa36fcc23d65,E7352f14fc785,Tc7d02c7ee0d2,sodium phosphate injection@2021-10-06,2023-01-26,month_year,2023-02-28,0,0,0,1,0
Saa4d4615c045,E49558d9d8127,T47a914d4aa8f,dextrose 25% injection@2022-10-04,2023-01-09,month_year,2023-06-30,1,0,0,0,0
Saa88ca0e0422,Eb620f2485638,T905cfc21bfd5,"bupivacaine hydrochloride injection, usp@2019-10-20",2023-01-20,month_year,2023-03-31,0,0,0,0,0
Saab951ceac2f,Ef10279581b64,Te6b00cb7fc71,ropivacaine hydrochloride injection@2019-10-20,2023-04-21,month_year,2023-05-31,0,0,0,0,0
Saaba3aec2d89,E08d53b0d2632,T20e97b1f8118,penicillin g benzathine injectable suspension@2023-05-14,2024-07-15,month_year,2024-12-31,0,0,0,1,0
Saad16c17497f,E85ad792a5aaf,Tc924261d878a,"bupivacaine hydrochloride injection, usp@2019-10-20",2023-04-21,month_year,2023-04-30,0,0,1,0,0
Saad494db6c0a,Edefd2752652b,T9ac4aca13e01,mepivacaine hydrochloride injection@2021-08-02,2023-03-10,month_year,2023-04-30,0,0,0,0,0
Saae9f85acd20,Ef7a240014caa,Ta7dae38c5d39,sodium phosphate injection@2021-10-06,2023-02-16,month_year,2023-06-30,0,0,0,0,0
Saafa36158131,Ed8e1377d5bb9,Tbe755a512619,lidocaine hydrochloride (xylocaine) and dextrose injection solution-premix bags@2019-10-20,2023-01-20,month_year,2024-03-31,0,0,0,0,0
Sab3ddc1d58cb,E37a8ab1985ef,T49aa6c209640,liraglutide injection@2023-11-14,2023-11-01,year,2023-12-31,0,0,0,0,0
Sab62d0418d3c,Ee6ef4e3df6e1,Tcbe963ffcb71,dobutamine hydrochloride injection@2019-10-20,2023-03-17,month_year,2023-06-30,0,0,0,0,0
Sabcb6b15ae41,Ea6c7bee759e3,Tc2c7c7170078,dextrose 25% injection@2022-10-04,2023-03-17,month_year,2023-12-31,0,0,1,0,0
Sabdf010c4a1c,E54c1f7491216,T4b6c4152e302,dextrose 25% injection@2022-10-04,2023-03-17,month_year,2023-06-30,0,0,0,0,0
Sac01d3d2c2ea,Ecdc018231e7d,T64d8c33be6c0,"hydromorphone hydrochloride injection, usp@2019-10-20",2025-11-19,month_year,2025-12-31,0,0,0,0,0
Sac674bac5031,Eeac5d7ca7e27,T2517e7d85e01,"sodium bicarbonate injection, usp@2019-10-20",2025-07-31,month_year,2025-12-31,1,0,0,0,0
Sac6bb9a6ac3a,E0068bdca1f78,Td795a44a072a,lidocaine hydrochloride (xylocaine) injection with epinephrine@2019-10-20,2024-02-27,quarter,2025-03-31,0,0,0,0,0
Sac6c61317cd1,E3f47a2695a08,Tac90b05d8d01,lidocaine hydrochloride (xylocaine) injection with epinephrine@2019-10-20,2024-01-18,month_year,2024-02-29,0,0,0,1,0
Sac6e2b60136c,E14bab274df72,T151111a2a8c4,lidocaine hydrochloride (xylocaine) and dextrose injection solution-premix bags@2019-10-20,2025-03-04,month_year,2025-03-31,0,0,0,0,0
Sac73ca8871a2,E3bd5c4c34049,Tc11f40ba48a3,somatropin (saizen) injection@2023-01-13,2024-04-18,quarter,2024-09-30,0,0,0,0,0
Sac761f2a8722,E7563f3d49728,Tc2eeb86bdb51,cytarabine injection@2021-10-06,2023-01-20,month_year,2023-09-30,0,0,0,0,0
Sac7b5ae4f269,E2c0ed030ac61,Tb41070a84e04,dopamine hydrochloride injection@2019-10-20,2025-07-23,month_year,2025-08-31,0,0,0,0,0
Sac9ac3456179,E194461338b41,T89fbc09a557b,methylprednisolone acetate injection@2022-10-04,2025-03-11,month_year,2025-09-30,0,0,0,1,0
Saca2d90711a8,E024ce63c3499,T2517e7d85e01,"sodium bicarbonate injection, usp@2019-10-20",2023-01-09,month_year,2023-09-30,0,0,0,0,0
Saca48fbaaf18,E2088b82a7c49,T9b9c57492de2,"metronidazole injection, usp@2022-10-04",2024-02-27,quarter,2024-12-31,0,0,0,0,0
Saccc60504a8d,E6dfda1481342,Te9f0345efe32,clindamycin phosphate injection@2023-03-25,2025-05-23,month_year,2025-06-30,0,1,0,0,0
Sacfd30365971,Ee84128534ce0,Tf7fcdbdb3734,lisdexamfetamine dimesylate capsule@2023-11-14,2025-07-18,month_year,2025-08-31,0,0,0,0,0
Sad0459186479,Ecbf01b384e4d,T1716ee72fe9c,lisdexamfetamine dimesylate capsule@2023-11-14,2024-02-02,month_year,2024-03-31,0,0,0,0,0
Sad178a6a126b,E1e73e5e7444f,Tc9e3cef23ee5,clindamycin phosphate injection@2023-03-25,2023-09-11,month_year,2023-11-30,0,0,0,0,0
Sad3b8a8bed18,Ecd2f754cadaf,T35d65a63a3b2,sterile water@2021-11-30,2024-05-13,quarter,2024-09-30,0,0,0,0,0
Sad84e77f23f9,E0accf239425f,Ta507d174f041,carboplatin injection@2023-05-14,2025-11-18,exact_day,2025-12-01,0,0,0,1,0
Sad98c45cd08a,Eed3e6828ac8b,T954e262dcb05,amphetamine aspartate; amphetamine sulfate; dextroamphetamine saccharate; dextroamphetamine sulfate tablets@2023-01-13,2025-01-14,quarter,2025-03-31,0,0,0,0,0
Sad9d8e054f68,Eb682cff8c5f0,T3146c5024734,carboplatin injection@2023-05-14,2023-11-29,month_year,2023-12-31,0,0,0,0,0
Sadaaa83266af,E52bb658dbe20,T24d3c638bab8,"lorazepam injection, usp@2019-10-20",2024-02-22,range,2024-03-31,0,0,0,0,0
Sadad470a5aba,Ebbb93c3b90b9,T973b265fdd8b,"hydromorphone hydrochloride injection, usp@2019-10-20",2023-02-16,month_year,2023-03-31,0,0,1,0,0
Sadb859cfb8cd,Ec6c30825437f,T88c2c68f7058,lidocaine hydrochloride (xylocaine) injection with epinephrine@2019-10-20,2023-01-20,month_year,2024-03-31,0,0,0,0,0
Sadc60034fd0c,E7dd1e991c36d,Tad2d0c86cce0,etomidate injection@2022-10-06,2023-01-09,part_of_month,2023-01-31,0,0,0,0,0
Sadcfbc4db0c9,E6e5c6238f228,T0bd650fbcb07,sterile water@2021-11-30,2023-02-16,month_year,2023-09-30,0,0,0,0,0
Sadd5c209b089,Eb5157dbe5bfe,Td5ec5faf412b,hydrocortisone sodium succinate injection@2023-03-25,2025-06-09,quarter,2025-09-30,0,0,0,0,0
Sadf2f524ea3d,Ea6fbd9210c7c,T0f19dfaf2fbe,"epinephrine injection, 0.1 mg/ml@2019-10-20",2023-02-22,month_year,2023-12-31,0,0,0,0,0
Sae3c31f25082,E4b093f0f34d6,T610e322c9e81,disopyramide phosphate (norpace) capsules@2021-04-12,2023-04-28,month_year,2023-06-30,1,0,0,0,0
Sae68fc0fa31a,E3a7b2f353b82,T58e836ab5db8,"bupivacaine hydrochloride and epinephrine injection, usp@2019-10-20",2023-04-21,month_year,2023-05-31,0,0,0,1,0
Sae7e3d9a0440,E7a8167f56db5,T173969ae487b,promethazine (phenergan) injection@2023-12-07,2025-11-13,month_year,2025-12-31,0,0,0,0,0
Sae814ddcc869,Ecf9792d3eef2,T4e29d9d92df3,"morphine sulfate injection, usp@2019-10-20",2023-02-16,month_year,2023-03-31,0,0,1,0,0
Sae82532a2203,E0c66dcde613a,Tb1968fba8011,lidocaine hydrochloride (xylocaine) and dextrose injection solution-premix bags@2019-10-20,2023-12-27,month_year,2023-12-31,1,0,0,0,0
Saea03c70f12c,Ef5127da8deed,T15b9013ae7fc,amphetamine aspartate; amphetamine sulfate; dextroamphetamine saccharate; dextroamphetamine sulfate tablets@2023-01-13,2024-03-15,month_year,2024-05-31,0,0,0,0,0
Saea29ad106f7,E4e1d00017a2b,T9b9c57492de2,"metronidazole injection, usp@2022-10-04",2023-04-28,month_year,2023-12-31,0,0,0,0,0
Saea48802f5cc,Ea3675ece956e,Ta675a99ba6ca,ketorolac tromethamine injection@2019-10-20,2024-05-13,month_year,2024-08-31,0,0,0,0,1
Saed8c16c12cf,E1ae81711b647,Td8c3742da817,"sodium bicarbonate injection, usp@2019-10-20",2024-09-11,month_year,2024-12-31,0,0,0,0,0
Saeda973f2e1a,Ef02e465c252d,T5acd70fcc48c,"sodium bicarbonate injection, usp@2019-10-20",2024-05-24,month_year,2024-09-30,0,0,0,0,0
Saedb64fc6898,Ed2a098fc4449,T890b486b88ae,naltrexone hydrochloride tablet@2024-03-01,2025-07-18,quarter,2025-09-30,0,0,0,0,0
Saeeb6bd6e4f0,E0bdd8b7b7433,T47385153e5b5,lidocaine hydrochloride (xylocaine) injection with epinephrine@2019-10-20,2024-03-28,month_year,2024-09-30,0,0,0,0,0
Saf384d78c88d,Ef5e18f0cc873,T5369b905f0d2,"hydromorphone hydrochloride injection, usp@2019-10-20",2024-10-28,month_year,2025-03-31,0,0,0,0,0
Saf55120f1679,E3e5829f7a74c,T53f1d6081b6f,oxazepam capsule@2025-01-08,2025-02-14,month_year,2025-03-31,0,0,0,0,0
Saf6da97ae21e,E4bc781f1e1a9,T48600c9260e0,"bupivacaine hydrochloride and epinephrine injection, usp@2019-10-20",2024-09-11,month_year,2025-12-31,0,0,0,0,0
Safa2a3a675df,E795b09ada839,T9dcf536d09ab,"midazolam injection, usp@2020-04-02",2023-01-09,month_year,2023-12-31,0,0,0,0,0
Safaca9d88eae,E43722262562f,T72721e2bb0ae,semaglutide (ozempic) injection@2022-10-04,2023-05-04,month_year,2023-09-30,0,0,0,0,0
Safaf39c97c32,E6cbd041aa29e,T4a004e4525a7,methylprednisolone acetate injection@2022-10-04,2025-06-30,month_year,2025-09-30,0,0,0,0,0
Safb3903f959b,E596d49cb44d4,T3fe781a0ce64,lisdexamfetamine dimesylate capsule@2023-11-14,2024-05-02,part_of_month,2024-08-31,0,0,0,0,0
Safb72f4cb09a,E5909a97a48ba,Te7cbf1623278,"bupivacaine hydrochloride injection, usp@2019-10-20",2023-03-17,part_of_month,2023-03-31,0,0,0,0,0
Safee13e38b7d,E5e33dbd4b7d4,Td6a51caeb050,rocuronium bromide injection@2023-03-02,2023-04-28,month_year,2023-12-31,1,1,0,0,0
Saff511838781,Ec03af326fdfc,T43e47df69297,hydroxypropyl (lacrisert) cellulose ophthalmic insert@2020-06-12,2024-07-01,month_year,2025-01-31,0,0,0,0,0
Saffbdf8ad462,E9a20f862d12f,T034c5ebd5aba,hydrocortisone sodium succinate injection@2023-03-25,2025-03-11,month_year,2025-03-31,0,0,0,0,0
Sb00b057237ae,E65cc661623c5,T3f35e4f64a39,dextrose 25% injection@2022-10-04,2023-01-04,month_year,2023-01-31,0,0,0,0,0
Sb00dc9b0a257,E75bf1ae037a9,T16ff0303ff99,rocuronium bromide injection@2023-03-02,2023-02-17,month_year,2024-12-31,0,0,0,0,0
Sb0471f63d617,E705cbc4c83ac,T0dfe22e938ac,cyclopentolate ophthalmic solution@2020-11-10,2024-04-24,part_of_month,2024-06-28,0,0,0,0,0
Sb0a8b7039c35,Edb5f2dace288,Tebc5806e6954,"potassium acetate injection, usp@2019-10-20",2023-01-09,month_year,2024-03-31,0,0,0,0,0
Sb0ac070f2a1d,Ecab581dcab17,T8d5e7e364c03,"hydromorphone hydrochloride injection, usp@2019-10-20",2025-02-26,month_year,2025-06-30,0,0,0,0,0
Sb0b029d70b05,E176ec04e706b,T38b6f38d7aca,dextrose 25% injection@2022-10-04,2024-11-12,month_year,2024-12-31,0,0,0,0,0
Sb0be89d39266,E5a05fa4092a4,T383bc1da86c9,ketamine injection@2019-10-20,2024-01-23,range,2024-02-29,0,0,0,0,0
Sb0cb84dac6dc,E20de53c6cdeb,Tfa5d26c556c3,remifentanil (ultiva) lyophilized powder for solution injection@2022-10-04,2024-06-05,month_year,2024-06-30,0,1,0,0,0
Sb0d45e716d61,E34210dba4a5c,T5010024c09e5,nitroglycerin injectable@2023-11-14,2024-11-18,exact_day,2024-12-06,0,0,0,0,0
Sb0d9685ee789,E34dc794d45b0,T14e35ab25c32,clindamycin phosphate injection@2023-03-25,2025-07-31,month_year,2025-12-31,0,0,0,0,0
Sb10bd1f05e85,E8f52009ce99f,Tc2c7c7170078,dextrose 25% injection@2022-10-04,2024-07-15,month_year,2024-09-30,1,0,0,0,0
Sb10f51de7813,E98554855ef19,T139fdb8aa482,amphetamine aspartate; amphetamine sulfate; dextroamphetamine saccharate; dextroamphetamine sulfate tablets@2023-01-13,2025-05-15,month_no_year,2025-08-31,0,0,0,1,0
Sb12834ca43a6,E10beef7450ac,Tf6e4652a4751,somatropin (saizen) injection@2023-01-13,2024-02-27,quarter,2024-09-30,0,0,0,0,0
Sb1309c1843b4,E0293965e97f6,T5a6fc26008e3,lidocaine hydrochloride (xylocaine) and dextrose injection solution-premix bags@2019-10-20,2023-04-21,month_year,2023-05-31,0,0,0,0,0
Sb13d739c9015,E53ccf0eb670b,T990dc2b76eb7,methamphetamine hydrochloride tablets@2023-03-25,2023-12-06,month_year,2024-01-31,1,0,0,0,0
Sb14fd3ca365c,E9ee2a526a12f,Tab6518249eb7,methotrexate sodium injection@2023-03-25,2024-05-24,month_year,2024-09-30,0,0,0,0,0
Sb15194699cf7,E721ab1bee47d,T1a21c9996346,"bupivacaine hydrochloride and epinephrine injection, usp@2019-10-20",2023-04-21,month_year,2023-05-31,0,1,0,0,0
Sb167ee475380,E03fa412bfb72,T1a4c31a3f153,"lisdexamfetamine dimesylate tablet, chewable@2023-11-14",2025-07-18,quarter,2025-09-30,0,0,1,1,0
Sb16ec601464a,Ef238fc20692a,T145ea465adec,sterile water@2021-11-30,2025-01-14,month_year,2025-01-31,0,0,0,1,0
Sb1708bd3072e,E3f994ef8ce0e,T496f79f2af52,methotrexate sodium injection@2023-03-25,2023-04-28,month_year,2023-09-30,0,0,0,0,0
Sb18a7001e900,Ee900c1ea49f5,T14df52dab049,lidocaine hydrochloride (xylocaine) injection with epinephrine@2019-10-20,2023-01-09,month_year,2023-12-31,0,0,0,0,0
Sb19b87794d3a,Ee67109784c38,T91c53f197a2a,dexmedetomidine injection@2020-06-12,2023-01-24,part_of_month,2023-02-10,0,0,0,0,0
Sb1ad68a31e5a,Ec5d4be479a85,T134ca3bb44df,clonazepam tablets@2023-03-25,2024-09-04,month_year,2024-10-31,0,0,0,0,0
Sb1c1e3faa0b5,E28e3c1e68da2,Tc2eeb86bdb51,cytarabine injection@2021-10-06,2023-01-09,month_year,2023-03-31,0,0,0,1,0
Sb1c42e2fa1e1,Edec99440482d,T8bb548f5ce22,"sodium acetate injection, usp@2019-10-20",2023-01-09,month_year,2023-09-30,0,0,0,1,0
Sb1d05b81b084,Ed33c30a1d43c,T4ad8a4c6eb42,sterile water@2021-11-30,2025-02-26,month_year,2025-03-31,0,0,0,0,0
Sb1d080b1f788,Edef0f4a8436a,Tc1fb62dbd5e3,fentanyl citrate (sublimaze) injection@2019-10-20,2023-01-20,month_year,2023-12-31,0,0,0,1,0
Sb1d528a47599,E3039347c1f51,Tc5e60d54fcb4,amino acids@2021-01-17,2025-03-14,month_year,2025-05-31,1,0,0,0,0
Sb1db1493a18a,Ea471c60377d0,Tc7603803b48a,somatropin (saizen) injection@2023-01-13,2024-03-13,quarter,2024-09-30,0,0,0,0,0
Sb1f91bedc378,E8ce726c88f51,T383bc1da86c9,ketamine injection@2019-10-20,2024-05-17,range,2024-07-31,0,0,0,0,0
Sb22099171e95,E0dee71fdaba1,T510fb7cb7a59,rifampin injection@2021-03-18,2023-11-07,month_year,2023-11-30,0,0,0,0,0
Sb239ccdbd647,Ed01728146839,T3f1fb5adcb1e,sodium chloride 0.9% injection bags@2019-10-20,2025-03-11,month_year,2025-09-30,0,0,0,0,0
Sb2466020c49c,Ecc1aeb8a93a6,T5b8408e2beec,promethazine (phenergan) injection@2023-12-07,2025-07-03,month_year,2025-08-31,0,0,1,0,0
Sb24e5c35dd45,E4cff63f2bc9b,T921747ff55cf,"bupivacaine hydrochloride injection, usp@2019-10-20",2025-05-23,month_year,2025-06-30,0,0,0,0,0
Sb2910ab81e8d,Ebf859b79895c,Tb86bd060259c,"sodium acetate injection, usp@2019-10-20",2024-10-28,month_year,2024-12-31,0,0,0,0,0
Sb2a3ed5abc03,Ecb9e83c2a60d,T040a68b1e1e6,"bupivacaine hydrochloride injection, usp@2019-10-20",2024-12-19,month_year,2025-03-31,0,0,0,0,0
Sb2a4128794fa,E2ca821c10799,T840367ef6d8b,"dacarbazine for injection, usp@2021-11-30",2023-11-07,month_year,2023-11-30,0,0,0,0,0
Sb2ccb8f9f835,E880844e53ee3,Ta2a7c3626cba,amphetamine aspartate; amphetamine sulfate; dextroamphetamine saccharate; dextroamphetamine sulfate tablets@2023-01-13,2023-03-09,part_of_month,2023-06-30,1,0,0,0,1
Sb2cd195e7b00,E8e548e3f0169,Td313726f9544,digoxin injection@2021-08-02,2024-02-22,range,2024-04-30,1,0,0,0,0
Sb32867e23f55,Edfc442603c61,Tc1fb62dbd5e3,fentanyl citrate (sublimaze) injection@2019-10-20,2023-02-16,month_year,2023-12-31,0,1,0,0,0
Sb33991c527cc,Ef33c8a976fa9,T2e97501e2c03,dexamethasone sodium phosphate injection@2019-10-20,2023-01-26,month_year,2023-02-28,0,0,0,0,0
Sb3438e21d945,E96b9b188fb8f,Tf8bc9fa3dcfd,"sodium bicarbonate injection, usp@2019-10-20",2024-06-27,month_year,2024-07-31,0,0,0,0,1
Sb3487e6a1562,E812aa78596ec,T87547c0a99db,isoniazid tablet@2023-11-14,2024-02-06,month_year,2024-02-29,0,0,0,1,0
Sb4029c4bca7d,Eba7c5b623703,Td8e5ab6b5f02,ketorolac tromethamine injection@2019-10-20,2024-02-27,quarter,2024-06-30,0,1,0,1,0
Sb4316a82e58f,Eed684320ef6e,T1a1df2f9db52,sodium chloride 0.9% injection bags@2019-10-20,2024-11-12,month_year,2024-12-31,0,0,0,0,0
Sb4336b731258,E1aed5edac20f,T371a2d882b9e,"bupivacaine hydrochloride injection, usp@2019-10-20",2023-10-13,month_year,2023-11-30,1,0,0,0,0
Sb45004aad23f,E64280276cf67,T043e65d92aef,"bupivacaine hydrochloride and epinephrine injection, usp@2019-10-20",2024-07-15,month_year,2025-12-31,0,1,0,0,0
Sb454adfeff86,E33518eb37113,Tbc4f3b378a3c,"lorazepam injection, usp@2019-10-20",2025-03-11,month_year,2025-06-30,0,0,0,0,0
Sb45b6ebe1f71,Ece9529861517,T954e262dcb05,amphetamine aspartate; amphetamine sulfate; dextroamphetamine saccharate; dextroamphetamine sulfate tablets@2023-01-13,2024-09-16,part_of_month,2024-10-10,1,0,0,0,0
Sb476cc69b022,Ed15803378da3,Tac90b05d8d01,lidocaine hydrochloride (xylocaine) injection with epinephrine@2019-10-20,2023-01-26,month_year,2023-02-28,0,0,0,0,0
Sb49893be0d88,E5e7aeb9e459d,T3ebafc67249c,"bupivacaine hydrochloride and epinephrine injection, usp@2019-10-20",2024-05-15,month_year,2025-12-31,0,0,0,1,0
Sb4b8b7ca17c9,E7ba8d3abe1c4,Tad98a263ea3a,lidocaine hydrochloride (xylocaine) injection with epinephrine@2019-10-20,2023-11-29,month_year,2023-12-31,0,0,0,1,0
Sb4f40652202b,E4733d7dc4cc1,Tccbdf26e7d4c,dobutamine hydrochloride injection@2019-10-20,2023-02-16,month_year,2023-03-31,0,0,0,0,0
Sb4fc6c2f769d,E35f4b42271e1,Tcce895d507cf,amoxapine tablets@2020-04-02,2023-08-21,month_year,2023-11-30,0,0,1,0,0
Sb54bf941973f,E806a74865460,T79558ccb11c4,"bupivacaine hydrochloride injection, usp@2019-10-20",2025-07-31,month_year,2025-09-30,0,0,0,0,1
Sb5896d3e2b12,E6f8a518878fe,Tdbcedad43e29,lidocaine hydrochloride (xylocaine) injection with epinephrine@2019-10-20,2023-01-20,month_year,2024-03-31,0,0,0,0,0
Sb5a946c83aea,E5cee4d4bafc1,Tab1c2ab3d387,azacitidine injection@2021-01-17,2023-09-28,month_year,2023-12-31,0,0,0,1,0
Sb5bd9da44e3d,E7edbb458fa45,Tb1672b5ebb0b,tirzepatide injection@2023-01-13,2024-07-02,month_year,2024-07-31,0,0,0,0,0
Sb5c022c946eb,E2bad9e2f7d31,T2c56c4bab8c9,methylprednisolone acetate injection@2022-10-04,2025-11-07,part_of_month,2025-11-23,0,0,1,1,0
Sb5c68fe083d5,E3ce335e04d94,T95ebfd046578,"hydromorphone hydrochloride injection, usp@2019-10-20",2025-03-06,month_year,2025-03-31,0,0,0,0,0
Sb5d51756cefa,E50e1d1f68c76,Taff0f00f17dc,methotrexate sodium injection@2023-03-25,2023-09-11,month_year,2023-12-31,0,0,1,0,0
Sb5e4fecef3bc,Ef1ab60d80dd1,T947a9d34b2e2,sodium chloride 0.9% injection bags@2019-10-20,2024-05-13,quarter,2024-09-30,0,0,1,0,0
Sb5ec976fc931,E7ce7d95ab91e,T131b909e8725,ketorolac tromethamine injection@2019-10-20,2024-03-18,month_year,2024-04-30,0,0,0,0,0
Sb5fd1f42e317,E9200cfa39a82,Tee42bf5d56d1,lidocaine hydrochloride (xylocaine) injection with epinephrine@2019-10-20,2023-01-20,month_year,2023-03-31,0,0,0,0,0
Sb604a09293f9,E817dc01d81c1,T7d58b1702573,gentamicin sulfate injection@2021-08-02,2023-04-28,month_year,2023-12-31,1,0,0,0,0
Sb60ef4e4600b,E879a85a1453c,T280b91db89c7,"valproate sodium injection, usp@2021-01-17",2025-06-05,month_year,2025-07-31,0,1,0,0,0
Sb614f340735d,Ed17421c6adea,Tc15ea26b868c,"midazolam injection, usp@2020-04-02",2024-11-25,month_year,2025-01-31,0,0,0,0,0
Sb64b5e47f207,Ea00c95170759,T7f46f599a4ab,penicillin g benzathine injectable suspension@2023-05-14,2024-02-27,month_year,2024-06-30,0,0,0,0,0
Sb673b127934d,Ed49ca82938be,T1b6267c76933,heparin sodium and sodium chloride 0.9% injection@2019-10-20,2025-11-20,month_year,2025-12-31,0,0,0,1,0
Sb676446c89cd,E13b505cccc21,T1b83cc92a521,cisplatin injection@2023-03-02,2023-03-22,range,2023-05-31,0,0,0,0,0
Sb683331af437,Ed663fb987ffc,Td8c3742da817,"sodium bicarbonate injection, usp@2019-10-20",2024-10-28,month_year,2025-03-31,0,0,0,0,0
Sb68e83aa46dc,Ee49df4faf010,T131b909e8725,ketorolac tromethamine injection@2019-10-20,2023-11-29,month_year,2024-01-31,0,0,1,0,0
Sb6c0c262a0f2,E8dbe64bbba79,T5eb921801b0c,lidocaine hydrochloride (xylocaine) and dextrose injection solution-premix bags@2019-10-20,2023-02-22,month_year,2023-03-31,0,0,0,1,0
Sb6f93885615a,Eada39b985971,Tbd07dc01b839,dexamethasone sodium phosphate injection@2019-10-20,2025-11-13,month_year,2025-12-31,0,1,0,0,0
Sb71640d08bac,Ef918533fd99f,Tb0139170d3e3,"oxytocin injection, usp synthetic@2022-10-04",2023-01-26,month_year,2023-03-31,0,0,0,1,0
Sb71a4a9811e9,E0db6bbc532b9,Tde7042e0afbb,"bupivacaine hydrochloride injection, usp@2019-10-20",2023-03-17,month_year,2023-03-31,1,0,1,0,0
Sb71d944bef52,E5d29d4ddf5c9,T38b37fbd50b6,remifentanil (ultiva) lyophilized powder for solution injection@2022-10-04,2024-05-17,month_year,2024-06-30,1,0,0,0,0
Sb7270b71fd3b,E64ce00930464,T3f1fb5adcb1e,sodium chloride 0.9% injection bags@2019-10-20,2025-01-27,month_year,2025-03-31,0,0,0,0,0
Sb737d56a1338,E76f883275815,Ta934e9cbf63f,ketorolac tromethamine injection@2019-10-20,2025-04-17,part_of_month,2025-04-30,0,0,0,0,0
Sb741c9c72060,Ebbc33c6328de,Tbfc073375306,lidocaine hydrochloride (xylocaine) injection with epinephrine@2019-10-20,2023-01-09,month_year,2023-03-31,0,0,0,0,0
Sb74d08b95fb2,Eb63d9b3e244a,T1fe2070fda4d,gentamicin sulfate injection@2021-08-02,2023-04-28,month_year,2025-03-31,0,1,0,1,0
Sb78b3f959a19,E7fa86b101968,T930ff704c452,methotrexate sodium injection@2023-03-25,2025-01-23,month_year,2025-08-31,0,0,0,0,0
Sb78fd96e173f,Eefadf5ba45e5,Tc3d8b9756444,dulaglutide (trulicity) injection@2023-01-13,2024-03-18,month_year,2024-04-30,0,0,0,0,0
Sb7df9d65d18f,E7a8c7f5ce0e0,T43ef1f4ba6ff,diltiazem hydrochloride@2019-10-20,2023-12-19,month_year,2023-12-31,0,0,1,0,0
Sb7ea45350456,E76ebad8a19f7,T6b013d73006e,lidocaine hydrochloride (xylocaine) injection with epinephrine@2019-10-20,2024-01-18,month_year,2024-02-29,0,0,0,0,0
Sb7f5faa48a9f,E75ad3e4534d9,Tcd86b0e84f01,cromolyn sodium concentrate@2023-11-14,2024-03-29,part_of_month,2024-06-30,0,0,0,0,0
Sb806d21d0896,E8d087bc65c2e,T47385153e5b5,lidocaine hydrochloride (xylocaine) injection with epinephrine@2019-10-20,2023-04-28,month_year,2024-03-31,0,0,0,0,0
Sb8115a853495,E1ce2976d4cd4,T1a1df2f9db52,sodium chloride 0.9% injection bags@2019-10-20,2025-01-14,month_year,2025-03-31,0,0,0,0,0
Sb82374fbe394,E55848821589a,Tf7fcdbdb3734,lisdexamfetamine dimesylate capsule@2023-11-14,2025-12-04,month_year,2026-02-28,0,0,1,0,0
Sb837356efbbf,Ece45936ebadf,T64e9ef84d9ad,lidocaine hydrochloride (xylocaine) and dextrose injection solution-premix bags@2019-10-20,2023-01-09,month_year,2024-03-31,0,0,0,0,0
Sb8799094afb5,Ea08e5bb0b6b6,T3ef6c83888f1,"hydromorphone hydrochloride injection, usp@2019-10-20",2025-11-19,month_year,2026-01-31,0,0,0,0,0
Sb87d319b0257,E3a5ad70e497c,Tcd86b0e84f01,cromolyn sodium concentrate@2023-11-14,2023-11-03,month_year,2024-01-31,0,0,0,0,0
Sb89310bf22ab,E54925289dd8e,T2e92269425cd,sodium phosphate injection@2021-10-06,2024-06-27,month_year,2024-07-31,0,0,0,0,0
Sb893a402f948,E4ceecba07975,T36b0b5fc1ed3,dopamine hydrochloride injection@2019-10-20,2023-02-16,month_year,2023-06-30,0,1,0,0,0
Sb8ec30a9d07f,Ed1f6073e2039,Ta9d82967308f,dobutamine hydrochloride injection@2019-10-20,2025-05-23,month_year,2026-03-31,0,0,0,0,0
Sb8fb7139239a,Ef40fd9462021,T694581d25a32,amphetamine aspartate; amphetamine sulfate; dextroamphetamine saccharate; dextroamphetamine sulfate tablets@2023-01-13,2024-10-11,month_year,2025-06-30,0,0,0,0,0
Sb9067b684728,Ed0db61671ddd,Taf064278f9d7,rocuronium bromide injection@2023-03-02,2023-05-01,month_no_year,2023-05-31,0,1,0,0,0
Sb9253738c900,E9e36e34113e6,T9037226855d9,"sodium acetate injection, usp@2019-10-20",2024-05-24,month_year,2024-12-31,0,0,0,0,0
Sb92e1480778a,E9de7ed63d4e7,T4e3f8d95d695,"hydromorphone hydrochloride injection, usp@2019-10-20",2025-02-14,month_year,2025-03-31,0,0,0,0,0
Sb939266d54ba,E72750984748c,T0f19dfaf2fbe,"epinephrine injection, 0.1 mg/ml@2019-10-20",2024-07-15,month_year,2025-03-31,1,0,0,1,0
Sb952a2d8b3f0,E4f772b5622a4,Tf5b3a9043027,methylprednisolone acetate injection@2022-10-04,2025-12-12,month_year,2026-03-31,0,0,0,0,0
Sb95a643968d3,Ef00c5500f860,T2080e0dc61f3,"morphine sulfate injection, usp@2019-10-20",2023-01-20,month_year,2023-06-30,0,0,0,0,0
Sb982a8c67313,E1a963406b8af,T4c7d74647b02,"midazolam injection, usp@2020-04-02",2024-11-25,month_year,2024-12-31,0,0,0,0,0
Sb9931bf020ba,E9851c917c8a5,T5cbaa57973c8,heparin sodium and sodium chloride 0.9% injection@2019-10-20,2023-03-17,month_year,2023-06-30,0,0,0,0,0
Sb9a8b938e766,E383a09c35c75,Tbf861e7cd064,clindamycin phosphate injection@2023-03-25,2023-09-11,month_year,2023-12-31,0,0,0,0,1
Sb9e23b75e590,E632d321a1608,T9c91bbd0c11d,etomidate injection@2022-10-06,2023-01-09,month_year,2023-06-30,0,0,0,0,0
Sba43bf959fd4,E734d10f1938d,Tef3a6f0feb17,lidocaine hydrochloride (xylocaine) and dextrose injection solution-premix bags@2019-10-20,2023-01-04,month_year,2023-02-28,0,0,0,1,0
Sba561e9613ff,E657a5cc7faa7,Tf47b3ebc2ab1,lidocaine hydrochloride (xylocaine) injection with epinephrine@2019-10-20,2023-04-21,month_year,2023-04-30,1,0,1,1,0
Sba74c4f3d9f2,E3e20e08c9e92,T15039756b335,carboplatin injection@2023-05-14,2024-10-15,month_year,2025-03-31,1,0,0,1,0
Sba7d10fd6e95,E8089e0852e05,T85670463eaf8,sodium chloride 0.9% injection bags@2019-10-20,2024-03-20,month_year,2024-04-30,0,0,0,0,0
Sba7f95dea443,E4161cb4a7e7a,T4fa759e80fc0,methotrexate sodium injection@2023-03-25,2023-10-13,month_year,2023-10-31,0,0,0,0,0
Sbaabda69d61b,Ee1939ad29f91,T58da770185f3,ketamine injection@2019-10-20,2023-09-18,part_of_month,2023-10-31,0,0,1,0,0
Sbaad3a57e613,Ea9f8bff3a330,Taeee7d9e7c6f,methylprednisolone acetate injection@2022-10-04,2025-12-12,month_year,2026-03-31,1,0,0,0,0
Sbab195ed3af8,E7382a56259ff,T9ac4aca13e01,mepivacaine hydrochloride injection@2021-08-02,2023-10-13,month_year,2023-10-31,0,0,0,0,0
Sbabbcaf67756,Ea5795d03d3b9,T08f8f2db5df5,clindamycin phosphate injection@2023-03-25,2023-04-26,quarter,2023-09-30,0,0,1,0,0
Sbabdce105b3e,E931a17b8d5e3,Tb15d548ac165,dexmedetomidine injection@2020-06-12,2025-01-14,month_year,2025-03-31,0,0,0,0,0
Sbac9494496fc,E471e9835cbe3,T9037226855d9,"sodium acetate injection, usp@2019-10-20",2024-02-27,quarter,2024-09-30,0,0,0,0,0
Sbb0133ce5921,Ef4171fb5d5fb,T14df52dab049,lidocaine hydrochloride (xylocaine) injection with epinephrine@2019-10-20,2024-05-24,month_year,2025-06-30,0,0,1,0,0
Sbb20398b2177,E477a5f832afc,T851aebdbadbf,somatropin (saizen) injection@2023-01-13,2024-03-13,month_year,2024-03-31,0,1,0,0,0
Sbb3339650a7f,Efe95d0e219b3,T56b048433add,fentanyl citrate (sublimaze) injection@2019-10-20,2023-01-09,month_year,2023-03-31,0,0,0,1,0
Sbb3ca11ac4e3,E351cc1d66f9e,T69fd1f150664,"bupivacaine hydrochloride injection, usp@2019-10-20",2023-09-11,month_year,2024-12-31,0,0,0,0,0
Sbb3fcec1639e,E81b7c8134028,Td33cdc1e09b8,leucovorin calcium lyophilized powder for injection@2019-10-20,2025-06-05,month_year,2025-07-31,0,0,0,0,0
Sbb8bfd696f9d,Eedc4f662c65d,T6aa1c6379da7,"sodium bicarbonate injection, usp@2019-10-20",2023-01-20,month_year,2023-03-31,0,0,0,0,0
Sbbc1676de68d,E5acd11b0cf90,T20974d41b23a,methylprednisolone acetate injection@2022-10-04,2025-11-26,month_year,2026-03-31,0,0,0,0,0
Sbbfbd8156a25,E5a284f212a4c,T869efd5e63ab,pentostatin injection@2022-10-04,2023-01-09,month_year,2023-03-31,0,0,0,0,0
Sbc06e7ab0424,E16344752081e,T402bc3751e12,disopyramide phosphate (norpace) capsules@2021-04-12,2023-01-09,month_year,2023-04-30,0,1,0,0,0
Sbc1d8ffb68d6,E11f65721f3d3,T0bd650fbcb07,sterile water@2021-11-30,2023-04-28,month_year,2023-12-31,0,0,0,0,0
Sbc2745450663,E89d3890c621b,T686a91c2b0c2,"midazolam injection, usp@2020-04-02",2025-06-09,month_year,2025-09-30,0,0,1,0,0
Sbc389251d584,E8efe876a6e8b,Tbf861e7cd064,clindamycin phosphate injection@2023-03-25,2023-12-27,month_year,2024-05-31,0,0,0,0,0
Sbc393f5cc283,Ee8300d3627c2,T1a04ebf135ed,heparin sodium and sodium chloride 0.9% injection@2019-10-20,2024-09-11,month_year,2025-03-31,0,0,0,0,0
Sbc406c86df7d,E92bdcff5a805,Ta9d82967308f,dobutamine hydrochloride injection@2019-10-20,2024-11-12,month_year,2025-03-31,0,0,0,0,0
Sbc55ef70af7a,Ea04596cd6aaf,T566309e04a16,lidocaine hydrochloride (xylocaine) injection with epinephrine@2019-10-20,2023-01-20,month_year,2023-06-30,0,0,0,0,0
Sbc8f5d6ed168,Efad6b9b9a3e8,T0fe345d6daf2,ketorolac tromethamine injection@2019-10-20,2023-09-27,month_year,2024-06-30,0,0,1,0,0
Sbc97c0efc6b4,E02823025d57f,Tab656bc3e57d,"morphine sulfate injection, usp@2019-10-20",2025-11-19,month_year,2025-12-31,0,0,0,0,0
Sbca534c61c31,E2e0c86a650a5,Td94870e51f3b,rocuronium bromide injection@2023-03-02,2025-06-30,month_year,2025-09-30,0,0,0,0,0
Sbcaacbe3dc1e,E05dfae42bb32,T47385153e5b5,lidocaine hydrochloride (xylocaine) injection with epinephrine@2019-10-20,2025-03-11,month_year,2025-06-30,0,0,0,0,0
Sbd5ef82b9067,Ee634fabc0fbf,T7a36f20681e1,lidocaine hydrochloride (xylocaine) injection with epinephrine@2019-10-20,2024-04-08,month_year,2024-04-30,0,0,0,0,0
Sbd74913181d0,Ef554dada3c2b,T2dd22fefb402,flurazepam hydrochloride capsules@2022-10-04,2024-04-01,month_year,2024-10-31,0,0,0,1,0
Sbd874f7ae567,Ead7ea6c83ae7,Tb76f5ac97c89,etomidate injection@2022-10-06,2025-01-24,month_year,2025-03-31,0,0,0,0,0
Sbd9e0774c63a,E911a76100246,Tf2083b5e3ada,ropivacaine hydrochloride injection@2019-10-20,2025-11-19,month_year,2025-11-30,0,0,0,0,0
Sbdcdbff16ce3,E69cf36a3fc4f,T54e58fe6d23f,cyclopentolate ophthalmic solution@2020-11-10,2024-07-01,part_of_month,2024-08-10,1,0,0,1,0
Sbdd7204631b0,E03fda7c44a31,T302741facceb,clindamycin phosphate injection@2023-03-25,2025-11-26,month_year,2026-03-31,1,0,0,0,0
Sbe11f43b782a,E7d59c1f5b0a7,T54e58fe6d23f,cyclopentolate ophthalmic solution@2020-11-10,2024-03-15,month_year,2024-04-30,0,0,0,0,0
Sbe3a27dc9e2f,E8703bf75b97b,T9d6e46c25da0,sodium chloride 0.9% injection bags@2019-10-20,2024-03-18,month_year,2024-05-31,0,0,1,0,0
Sbe421cfc2ddf,E8867dc90c4dc,T15b9013ae7fc,amphetamine aspartate; amphetamine sulfate; dextroamphetamine saccharate; dextroamphetamine sulfate tablets@2023-01-13,2023-10-20,month_year,2024-02-29,0,0,0,0,0
Sbe6e95607bc8,E2a2da7df2042,T53b4e83a18fb,sterile water@2021-11-30,2024-11-12,month_year,2024-12-31,0,0,0,0,0
Sbe72ac43c864,E1faa50c25fda,Tccba3315f183,"bupivacaine hydrochloride injection, usp@2019-10-20",2024-03-18,month_year,2024-04-30,0,1,0,0,0
Sbe90a7bde0b3,Eb931213fba6c,Tdbcedad43e29,lidocaine hydrochloride (xylocaine) injection with epinephrine@2019-10-20,2024-07-15,month_year,2025-09-30,0,0,0,0,0
Sbea803356b0c,Ee55366eaefb5,Td8c3742da817,"sodium bicarbonate injection, usp@2019-10-20",2023-01-09,month_year,2023-03-31,0,0,0,0,0
Sbebeafa6c9ba,E1d3a57e70fdf,T1b6c532a4c29,ropivacaine hydrochloride injection@2019-10-20,2023-12-20,month_year,2024-01-31,0,0,0,0,0
Sbedb39988053,E12407a1094b5,Tbcc46028f71d,amphetamine aspartate; amphetamine sulfate; dextroamphetamine saccharate; dextroamphetamine sulfate tablets@2023-01-13,2024-10-15,month_year,2024-10-31,0,0,0,1,0
Sbeeccbd22c22,Ef58e38fc9d59,T68b3e3fc6e9a,dobutamine hydrochloride injection@2019-10-20,2024-03-28,month_year,2024-06-30,0,0,0,0,0
Sbf261c2506f1,Ed5f8819a9145,T4adacbdc59cd,hydroxocobalamin injection@2024-05-07,2024-05-15,month_year,2024-05-31,0,0,1,0,0
Sbf283372f33f,E41270e47fab7,Td7e8faf165e9,hydrocortisone sodium succinate injection@2023-03-25,2023-12-20,month_year,2024-03-31,1,0,0,0,0
Sbf2d80407234,Eee980a66b1ad,T0bd97d89a4f4,"methylphenidate hydrochloride tablet, extended release@2023-11-14",2025-02-07,month_no_year,2025-04-30,0,0,0,0,0
Sbf2f311611e3,E8c606ed52493,Td025973efaca,amphetamine aspartate; amphetamine sulfate; dextroamphetamine saccharate; dextroamphetamine sulfate tablets@2023-01-13,2024-05-02,month_year,2024-09-30,0,1,0,0,0
Sbf3e43cfbe8d,Ed3cefc24a052,T16ff0303ff99,rocuronium bromide injection@2023-03-02,2024-03-28,month_year,2025-06-30,0,0,0,0,0
Sbf4d661932b8,Ee145ed57068a,T759a7920d144,cisplatin injection@2023-03-02,2023-03-10,month_year,2023-04-30,0,0,0,0,0
Sbf6f84396b64,Ed72b60d5dbe3,Ta7dae38c5d39,sodium phosphate injection@2021-10-06,2024-05-24,month_year,2024-06-30,0,0,0,0,0
Sbf7f02c19889,E3a4fcf95f55d,Tb2944a996bb7,dexmedetomidine injection@2020-06-12,2025-12-04,month_year,2026-02-28,0,0,0,0,0
Sbfad74d91a6b,E0157bbb59ad8,Taff0f00f17dc,methotrexate sodium injection@2023-03-25,2023-04-28,month_year,2023-09-30,0,0,0,0,0
Sbfdc594a8b77,Ea8266df866ea,Td22199b04671,ketamine injection@2019-10-20,2024-05-24,month_year,2024-09-30,0,0,0,0,0
Sbfe003faf723,E022e3ec0034b,T43e47df69297,hydroxypropyl (lacrisert) cellulose ophthalmic insert@2020-06-12,2024-03-15,month_year,2025-01-31,0,0,0,0,0
Sbfe8007bfec1,E1fd6ee1f52c8,Tc12ee7b655f8,nitroglycerin injectable@2023-11-14,2025-07-23,month_year,2025-09-30,0,0,0,0,0
Sbfea33d23a0c,E4c24c28831c8,T8a2f62a4aff3,fentanyl citrate (sublimaze) injection@2019-10-20,2025-03-06,month_year,2025-03-31,0,0,0,0,0
Sc00c54806d16,E38808b0043e2,T0cf613278dfd,clonazepam tablets@2023-03-25,2024-07-10,month_year,2024-10-31,1,1,0,0,1
Sc01c656fccda,E891b315ce664,T331ea9f50948,dobutamine hydrochloride injection@2019-10-20,2025-05-20,month_year,2025-06-30,0,0,1,0,0
Sc0405597b08b,E7deb0a5958d1,Tac90b05d8d01,lidocaine hydrochloride (xylocaine) injection with epinephrine@2019-10-20,2024-02-01,month_year,2024-02-29,0,0,0,1,0
Sc05db6b6f8cd,E097818a792bc,T7f9a06ecce67,vinblastine sulfate injection@2023-11-14,2024-01-18,month_year,2024-02-29,0,0,0,0,0
Sc06dd836c036,Ebbd996bdadfa,T930ff704c452,methotrexate sodium injection@2023-03-25,2024-12-06,month_year,2025-11-30,0,0,1,0,0
Sc0727b05f3ad,E0666312a3787,T36b0b5fc1ed3,dopamine hydrochloride injection@2019-10-20,2024-05-24,month_year,2024-09-30,0,1,0,0,0
Sc0ae0948f656,E6f15a7b16ed5,Tc9c8c08c89b6,methotrexate sodium injection@2023-03-25,2023-10-13,month_year,2023-10-31,0,0,0,0,0
Sc0e97bc0a54f,E9881f029e0bc,Tbf96f0d92d1d,dexamethasone sodium phosphate injection@2019-10-20,2024-05-08,month_year,2024-05-31,0,0,0,0,0
Sc0fddcd8b13a,Ee2ec1ebb3a87,T3bdb2fdd4166,atropine sulfate injection@2019-10-20,2023-09-11,month_year,2023-12-31,0,0,0,1,0
Sc114dc7b599f,Eaf1ff0751fd2,Ta0f1a424225c,ketamine injection@2019-10-20,2023-05-01,part_of_month,2023-05-31,0,0,0,0,0
Sc11c68c0a2b7,E2bc7d9269c2f,T40d81756b753,methylprednisolone acetate injection@2022-10-04,2023-12-27,month_year,2025-03-31,1,0,0,0,0
Sc1338bb90f68,Eb061e06b4efe,T767697df93fc,"morphine sulfate injection, usp@2019-10-20",2024-04-08,month_year,2025-12-31,0,0,0,0,0
Sc14834f4dc94,Ee255a6022c94,T09e4e1e9e47f,"potassium acetate injection, usp@2019-10-20",2024-07-15,month_year,2024-12-31,0,0,0,0,0
Sc14beecdf349,E97ea50d57fa1,T25806ffd84e4,methotrexate sodium injection@2023-03-25,2023-09-11,month_year,2023-12-31,0,0,0,0,0
Sc15845a84742,E737efa99f96d,T4e29d9d92df3,"morphine sulfate injection, usp@2019-10-20",2023-01-09,month_year,2023-03-31,0,0,1,1,0
Sc159f86c5f81,E154213eaca0a,T71b6b5143c1e,"lorazepam injection, usp@2019-10-20",2023-11-09,month_year,2024-01-31,0,0,0,1,0
Sc18185a016ac,Eaf6bcb9347c4,T4ad8a4c6eb42,sterile water@2021-11-30,2025-03-11,month_year,2025-06-30,0,0,0,0,0
Sc183b0e461a1,Ef91d88a026ce,Tbfc073375306,lidocaine hydrochloride (xylocaine) injection with epinephrine@2019-10-20,2025-05-23,month_year,2025-12-31,0,0,0,0,0
Sc1a3e09ef5d8,Ed4c08532763e,Tea4419ed971d,"morphine sulfate injection, usp@2019-10-20",2025-04-11,month_year,2025-05-31,0,0,0,0,0
Sc1b838b6884a,E6c840c15336c,T1b6c532a4c29,ropivacaine hydrochloride injection@2019-10-20,2024-04-22,month_no_year,2024-05-31,0,0,0,0,0
Sc1c03e69ba61,Efc845cd734b2,Tafe07ae7d4b7,"bupivacaine hydrochloride and epinephrine injection, usp@2019-10-20",2023-09-11,month_year,2024-06-30,0,0,0,0,0
Sc1f8acbff71a,E5ff0dc6b1eb3,T950df030cc62,amphetamine aspartate; amphetamine sulfate; dextroamphetamine saccharate; dextroamphetamine sulfate tablets@2023-01-13,2025-01-23,month_year,2025-02-28,0,0,0,0,0
Sc216764ccd03,E97f6549ccb95,T6aa1c6379da7,"sodium bicarbonate injection, usp@2019-10-20",2023-03-17,month_year,2023-03-31,0,0,0,0,0
Sc21cda7ea58c,E9511f02f4452,T4b6c4152e302,dextrose 25% injection@2022-10-04,2024-07-15,month_year,2024-09-30,1,1,0,1,1
Sc25523323b15,E536f87f52d95,T8562b68731c0,dextrose 25% injection@2022-10-04,2023-02-22,month_year,2023-12-31,0,0,0,0,0
Sc2a68057cbd9,Eff96cf4ec8ef,T840367ef6d8b,"dacarbazine for injection, usp@2021-11-30",2024-06-27,month_year,2024-07-31,0,0,0,0,0
Sc2cd7043f99f,E948d1525a281,Tb41070a84e04,dopamine hydrochloride injection@2019-10-20,2025-02-25,month_year,2025-04-30,1,0,0,0,0
Sc2d20bbfe470,E988535b9c6aa,T0c7c2611ce8e,"potassium acetate injection, usp@2019-10-20",2024-07-15,month_year,2024-09-30,1,1,0,0,0
Sc30e18216f03,Efb1958406500,T17f4c5f5a10d,"bupivacaine hydrochloride injection, usp@2019-10-20",2023-03-10,month_year,2023-03-31,0,0,0,0,0
Sc3154db4c189,Ee22ff6a7bec7,T851e34c3dcd4,amoxicillin oral powder for suspension@2023-01-13,2024-02-06,month_year,2024-02-29,0,0,0,0,0
Sc3207ed094da,E2b72be63fbe7,T1f09e1742567,methylprednisolone acetate injection@2022-10-04,2024-07-15,month_year,2024-09-30,0,0,0,0,0
Sc32e1b4dcefc,E0844f5453436,Tf85468f0b2cb,clindamycin phosphate injection@2023-03-25,2023-12-22,month_year,2024-03-31,0,0,1,0,0
Sc360bbe6908d,E1638a68f0ed4,T14e35ab25c32,clindamycin phosphate injection@2023-03-25,2024-03-13,month_year,2024-04-30,0,0,0,0,0
Sc3b440bbdf7b,E504bb2aaff36,Td8c3742da817,"sodium bicarbonate injection, usp@2019-10-20",2025-06-09,month_year,2025-06-30,0,0,0,0,0
Sc3ea8e1004a7,E04ecdd8aeee9,Tae268a9be9a4,flurazepam hydrochloride capsules@2022-10-04,2024-05-31,quarter,2025-03-31,0,0,0,0,0
Sc3f356e03368,E879223bc433c,T76bdc28b0fd7,amphetamine aspartate; amphetamine sulfate; dextroamphetamine saccharate; dextroamphetamine sulfate tablets@2023-01-13,2025-01-14,part_of_month,2025-02-28,0,0,0,0,0
Sc4235b06b554,E6225d1459629,T2bc8838d69a4,lisdexamfetamine dimesylate capsule@2023-11-14,2024-01-24,month_no_year,2024-03-31,0,0,0,0,0
Sc42f27de9995,E201a30dad97f,Te1b680be0fc2,methylprednisolone acetate injection@2022-10-04,2023-03-17,month_year,2023-07-31,1,0,0,0,0
Sc462cb9e2c4a,E85920a36ed08,T0baafc996c44,"bupivacaine hydrochloride and epinephrine injection, usp@2019-10-20",2023-03-17,month_year,2023-03-31,0,0,0,0,0
Sc465ecbff208,E31105ce51c19,Tcbebb442721e,"morphine sulfate injection, usp@2019-10-20",2025-06-05,month_year,2025-07-31,0,0,1,0,0
Sc47b58ddda9a,E4e53e74d46f2,T5a0a3bd85dc9,sodium chloride 0.9% injection bags@2019-10-20,2024-02-27,quarter,2024-09-30,0,0,0,0,0
Sc480eb6aba0a,Ee6e6db5de4bd,T66373c148c7f,"bupivacaine hydrochloride injection, usp@2019-10-20",2023-12-27,month_year,2024-03-31,0,0,0,0,0
Sc48a589613a2,E98f755d7af46,Tb1968fba8011,lidocaine hydrochloride (xylocaine) and dextrose injection solution-premix bags@2019-10-20,2024-03-28,month_year,2024-06-30,1,1,0,0,0
Sc48e072d1e9e,E47c6825ff12a,Tbc59fe5fee24,"bupivacaine hydrochloride injection, usp@2019-10-20",2023-04-21,month_year,2023-05-31,1,0,0,0,0
Sc499aa8dd93f,Edd95f38b6c92,T2f7af3ca75a8,dexmedetomidine injection@2020-06-12,2023-01-24,part_of_month,2023-01-31,1,0,0,0,0
Sc4b790948dbf,E600b9dfc6e43,T2ca10d7645cf,pantoprazole sodium for injection@2019-10-20,2023-01-20,month_year,2023-09-30,0,0,1,0,0
Sc4b9c13c738d,E525f59fffa74,T45f8f1f8e2bf,sodium phosphate injection@2021-10-06,2023-10-13,month_year,2023-10-31,0,0,0,0,0
Sc4d8f7ff31a1,E195820ea3d2a,T86d9e32ac238,leucovorin calcium lyophilized powder for injection@2019-10-20,2023-02-13,month_year,2023-04-30,0,0,0,0,0
Sc50f1719b75e,E52d0be7a0632,Tcc6024a3a406,dopamine hydrochloride injection@2019-10-20,2023-01-09,month_year,2023-03-31,0,0,0,0,0
Sc53f963b0190,E8ebd929e6206,Tc2c7c7170078,dextrose 25% injection@2022-10-04,2024-03-28,month_year,2024-12-31,0,1,0,1,0
Sc54bfdbd520f,E3541cba65d78,Tdad017df0351,lidocaine hydrochloride (xylocaine) and dextrose injection solution-premix bags@2019-10-20,2023-03-10,month_year,2023-03-31,0,0,0,0,0
Sc5a280bfb21f,Eaad3c419938d,T1adbd4b0e0b2,leucovorin calcium lyophilized powder for injection@2019-10-20,2023-02-09,month_year,2023-03-31,0,0,0,0,0
Sc5a583d397d3,E470af7fa7350,T921747ff55cf,"bupivacaine hydrochloride injection, usp@2019-10-20",2023-03-17,month_year,2023-06-30,0,0,0,1,0
Sc5aef0dd0209,E4e5cd2412feb,T9704b4a2a4cf,lidocaine hydrochloride (xylocaine) and dextrose injection solution-premix bags@2019-10-20,2023-09-11,month_year,2023-09-30,0,0,0,0,0
Sc5b35c9c6129,E1ac5988481ac,Ta966d0598c08,lidocaine hydrochloride (xylocaine) and dextrose injection solution-premix bags@2019-10-20,2023-01-20,month_year,2023-09-30,0,0,0,0,0
Sc5e25f13326a,Ec9c59b0f72ac,T38c19b469fcc,sodium chloride 0.9% injection bags@2019-10-20,2024-09-11,month_year,2024-09-30,1,0,0,0,0
Sc611fec9d1cf,Ebbdb7fb77ee6,Tb3b37527d40d,rocuronium bromide injection@2023-03-02,2025-10-23,month_year,2026-03-31,0,0,0,0,0
Sc6481998623f,Eb6d9e81a8bd3,Tab6518249eb7,methotrexate sodium injection@2023-03-25,2024-03-28,month_year,2024-09-30,0,0,0,0,0
Sc64876a62f23,E858b3d97bfab,T890b486b88ae,naltrexone hydrochloride tablet@2024-03-01,2025-11-22,year,2026-04-30,0,0,0,0,0
Sc64a2493a623,E1ad272339aee,Tc7603803b48a,somatropin (saizen) injection@2023-01-13,2023-09-11,month_year,2024-01-31,0,0,0,0,0
Sc64a745d6587,Ebb505a982fc8,T1f4079e26e77,lidocaine hydrochloride (xylocaine) and dextrose injection solution-premix bags@2019-10-20,2023-03-17,month_year,2024-03-31,0,0,0,0,0
Sc66562ea62b8,E8934be4d0f2e,T5226cbcf1cd3,lidocaine hydrochloride (xylocaine) and dextrose injection solution-premix bags@2019-10-20,2023-02-17,part_of_month,2023-02-28,1,0,0,0,0
Sc66dff695472,E0d8adda451c3,T99b18de3fc25,semaglutide (ozempic) injection@2022-10-04,2023-01-26,part_of_month,2023-03-20,0,0,0,0,0
Sc677e7bc4d41,E365d2a1f37b6,Tf770736d2bc4,pantoprazole sodium for injection@2019-10-20,2023-01-09,month_year,2023-03-31,0,0,0,1,0
Sc67880168282,E48314c23a88f,T8eb1d895da38,lidocaine hydrochloride (xylocaine) and dextrose injection solution-premix bags@2019-10-20,2023-03-17,month_year,2023-06-30,0,0,0,1,0
Sc6a14749fdc7,E1ace4436bab8,T69fd1f150664,"bupivacaine hydrochloride injection, usp@2019-10-20",2023-01-09,month_year,2023-09-30,0,1,0,0,0
Sc6a4b1e607c5,E8d208c81f3cc,Tfacaaaab24ae,amphetamine aspartate; amphetamine sulfate; dextroamphetamine saccharate; dextroamphetamine sulfate tablets@2023-01-13,2023-05-12,part_of_month,2023-08-31,0,0,0,0,0
Sc6f9b1f10654,Ed9ccb8ee53a1,Td3832af67ad1,"sodium bicarbonate injection, usp@2019-10-20",2024-07-15,month_year,2025-06-30,0,0,1,0,0
Sc70ceffea554,Ea27e891435ed,Taaab35c926b0,sufentanil citrate injection@2022-10-04,2024-05-31,month_year,2024-09-30,0,0,0,0,0
Sc72d5862f8ad,Efc56ee556c0f,Tc84ad32e1fb4,ropivacaine hydrochloride injection@2019-10-20,2023-01-04,month_year,2023-01-31,0,0,0,0,0
Sc75140e85e2a,E2099849293fb,T8739c4fa9957,dobutamine hydrochloride injection@2019-10-20,2024-07-15,month_year,2024-09-30,0,0,1,0,0
Sc759a70ee08c,E29184c691721,T1a140d2829ca,mepivacaine hydrochloride injection@2021-08-02,2023-04-21,month_year,2023-06-30,0,1,0,0,0
Sc75afb43852a,E79cc43aefb82,Tc931d875d32d,sodium chloride 0.9% injection bags@2019-10-20,2024-10-11,quarter,2025-03-31,0,0,0,0,0
Sc76cbf6947c2,E5d97856e4eb9,T478275adf61e,sodium chloride 0.9% injection bags@2019-10-20,2025-06-05,month_year,2025-06-30,0,0,0,0,0
Sc7a59720d25f,Ee67da866386f,Tccbdf26e7d4c,dobutamine hydrochloride injection@2019-10-20,2023-01-20,month_year,2023-05-31,0,0,0,0,0
Sc7ba30a4f0aa,Eb8251dfa99e4,Tca19a0417af3,lisdexamfetamine dimesylate capsule@2023-11-14,2024-08-15,part_of_month,2024-08-20,0,1,0,0,0
Sc8285061b181,Ebb988050e0e3,Tfc8a2fa133d8,amphetamine aspartate; amphetamine sulfate; dextroamphetamine saccharate; dextroamphetamine sulfate tablets@2023-01-13,2025-01-17,part_of_month,2025-02-28,0,0,0,0,0
Sc82f452bf72d,E428cfbf08d3e,Tcbe963ffcb71,dobutamine hydrochloride injection@2019-10-20,2024-07-15,month_year,2024-09-30,1,0,0,0,0
Sc8470dc188bb,E7f475442a09b,Tdad017df0351,lidocaine hydrochloride (xylocaine) and dextrose injection solution-premix bags@2019-10-20,2023-04-21,month_year,2023-04-30,0,0,0,0,0
Sc88bc49d12dc,E8db92f65b537,T616d3fe4d514,promethazine (phenergan) injection@2023-12-07,2024-09-16,range,2024-10-31,0,0,0,0,0
Sc892d2cb7309,Ebc0e3eabcfb2,T43e1401240d3,amphetamine aspartate; amphetamine sulfate; dextroamphetamine saccharate; dextroamphetamine sulfate tablets@2023-01-13,2025-02-25,month_year,2025-05-31,0,0,0,0,0
Sc89468ce745d,E0b79316fe322,T5eb921801b0c,lidocaine hydrochloride (xylocaine) and dextrose injection solution-premix bags@2019-10-20,2023-03-17,month_year,2023-03-31,0,0,0,1,0
Sc8c764f5acb2,Ed2281f83631b,T4c1bdf68505c,sterile water@2021-11-30,2023-01-09,month_year,2023-03-31,0,1,0,1,0
Sc8d60c6a93e3,E91d20a70b710,T7a36f20681e1,lidocaine hydrochloride (xylocaine) injection with epinephrine@2019-10-20,2023-01-26,month_year,2023-02-28,0,0,0,0,0
Sc8f282ae46fe,Ed43b7a0cd92d,T0fe345d6daf2,ketorolac tromethamine injection@2019-10-20,2024-01-22,month_year,2024-05-31,0,0,0,1,0
Sc8fd5688043f,E12de1e0a2757,T5010024c09e5,nitroglycerin injectable@2023-11-14,2024-07-01,quarter,2024-09-30,0,0,0,0,0
Sc909eb7a901f,E9ff7d2f3aa32,T245383de9c97,leucovorin calcium lyophilized powder for injection@2019-10-20,2023-10-27,month_year,2024-01-31,0,0,0,0,0
Sc91aa12272a7,E4ab036e98328,Tb33cbff9d89b,lisdexamfetamine dimesylate capsule@2023-11-14,2024-03-15,part_of_month,2024-05-20,0,1,0,1,0
Sc92ba94aaad0,Eb032efd850ed,Tb9cec91a28ba,amphetamine aspartate; amphetamine sulfate; dextroamphetamine saccharate; dextroamphetamine sulfate tablets@2023-01-13,2025-07-18,month_year,2025-07-31,0,0,0,0,0
Sc96335d73376,E7a65886867fb,T5a0a3bd85dc9,sodium chloride 0.9% injection bags@2019-10-20,2023-02-16,month_year,2024-12-31,0,1,0,0,0
Sc966a9129237,Ed588d10f407f,Td06ce930fe95,"methylphenidate hydrochloride tablet, extended release@2023-11-14",2024-11-26,month_year,2024-12-31,0,0,0,0,0
Sc98efbbab9d8,Ea767cbb654b3,T817598176b52,"methylphenidate hydrochloride tablet, extended release@2023-11-14",2024-01-16,month_year,2024-04-30,0,0,0,0,0
Sc9a5c12f21de,E17e52f17aef1,T42a6c941a63e,leucovorin calcium lyophilized powder for injection@2019-10-20,2023-12-01,range,2024-01-31,0,1,0,0,0
Sc9b84481934e,Ec7c7da2bdb7d,T67e37916a281,lisdexamfetamine dimesylate capsule@2023-11-14,2025-05-15,month_no_year,2025-05-31,0,0,0,0,0
Sc9d587b1daed,E641fd4112b23,T516a8926327b,"bupivacaine hydrochloride injection, usp@2019-10-20",2025-05-23,month_year,2025-06-30,0,0,0,0,0
Sc9d7ce317468,E6b16c30bfab2,Tf98b5c4db40e,"morphine sulfate injection, usp@2019-10-20",2025-12-11,month_year,2026-01-31,1,0,1,0,0
Sca0e75c424aa,E0112638f775e,T43e47df69297,hydroxypropyl (lacrisert) cellulose ophthalmic insert@2020-06-12,2024-02-01,month_year,2025-01-31,0,0,0,0,0
Sca32df899656,E44b68fd892dd,Tf78f13d89233,carboplatin injection@2023-05-14,2023-09-11,month_year,2023-12-31,0,0,0,0,0
Sca3500c512bd,Eb8720970d985,Teb2f87303712,mannitol injection@2021-10-06,2023-03-10,month_year,2023-04-30,0,0,0,0,0
Sca547d46c571,E553de4605ac5,T131b909e8725,ketorolac tromethamine injection@2019-10-20,2024-04-08,month_year,2024-04-30,0,0,0,1,0
Sca63db0c917f,Ec41c1df3c1f6,Tc00fcfdc94e8,sodium chloride 0.9% injection bags@2019-10-20,2025-02-26,month_year,2025-03-31,0,0,0,0,0
Sca6f05ded5fc,Eb1f67effbc16,T23d13bcaf93e,rocuronium bromide injection@2023-03-02,2025-12-04,part_of_month,2025-12-31,1,0,0,0,0
Sca780246ef95,E11b3774a8be1,T6e9f228783b1,dexmedetomidine injection@2020-06-12,2023-05-01,month_year,2023-05-31,0,1,0,0,0
Sca978751cfd8,E13a232633421,T7a5ead366ee5,lidocaine hydrochloride (xylocaine) and dextrose injection solution-premix bags@2019-10-20,2023-04-28,month_year,2023-12-31,0,0,0,0,0
Sca9e6b63c6c5,Ea0fad92e576e,T64e9ef84d9ad,lidocaine hydrochloride (xylocaine) and dextrose injection solution-premix bags@2019-10-20,2023-01-20,month_year,2023-03-31,0,0,0,0,0
Scad3908077b5,E211316d2e04f,T9b59f60fe167,rocuronium bromide injection@2023-03-02,2023-04-28,month_year,2023-05-31,1,0,0,0,0
Scb11a303cb2a,Ee9bdd0e30952,T8533fa031749,lidocaine hydrochloride (xylocaine) injection with epinephrine@2019-10-20,2023-01-20,month_year,2024-03-31,0,0,0,0,0
Scb5df1f428b7,E44719beea061,T139fdb8aa482,amphetamine aspartate; amphetamine sulfate; dextroamphetamine saccharate; dextroamphetamine sulfate tablets@2023-01-13,2024-03-15,quarter,2024-03-31,0,0,0,0,0
Scb62e01a1865,Ee20d91d6cc66,Ta9af8552d051,ketamine injection@2019-10-20,2023-04-28,month_year,2025-03-31,0,0,0,0,0
Scb78323ad81d,E1413402414c5,T21a48c1e7aa7,lidocaine hydrochloride (xylocaine) injection with epinephrine@2019-10-20,2023-03-17,month_year,2023-12-31,0,0,0,0,0
Scb7d01fababf,E86b8a6bdff80,T5ed204a653a9,promethazine (phenergan) injection@2023-12-07,2024-04-16,range,2024-05-31,0,0,0,0,0
Scbc9c15bc4bb,E696dba1b9ac2,T7f46f599a4ab,penicillin g benzathine injectable suspension@2023-05-14,2025-12-12,month_year,2026-03-31,0,0,0,0,0
Scc73490d586b,E9e163e818726,T9b9c57492de2,"metronidazole injection, usp@2022-10-04",2024-04-16,month_year,2024-12-31,0,0,0,1,0
Scc818ddbf18e,Ecc98b4f64b12,Tbf861e7cd064,clindamycin phosphate injection@2023-03-25,2024-04-18,month_year,2024-06-30,0,0,0,0,0
Sccc32f5698f9,E6be1caef71dc,T3c347b913209,heparin sodium and sodium chloride 0.9% injection@2019-10-20,2024-02-01,month_year,2024-02-29,1,1,0,0,0
Scd0da2cddfac,E00b835975c15,T88c2c68f7058,lidocaine hydrochloride (xylocaine) injection with epinephrine@2019-10-20,2025-01-14,month_year,2025-03-31,0,0,0,0,0
Scd1ae3dc6529,E1297de538315,T214f161e30c3,"bupivacaine hydrochloride injection, usp@2019-10-20",2023-02-16,month_year,2023-09-30,0,0,0,0,0
Scd355fa6257e,E50a21019b15e,Tbf96f0d92d1d,dexamethasone sodium phosphate injection@2019-10-20,2024-09-04,month_year,2024-09-30,0,0,0,0,0
Scd3c61fe5be4,Ecdc99c084403,T41fe6c526b90,sodium chloride 0.9% injection bags@2019-10-20,2024-11-19,month_year,2024-12-31,0,0,0,0,0
Scd3dc5ccb2d8,Ef7c0e4555dda,T566309e04a16,lidocaine hydrochloride (xylocaine) injection with epinephrine@2019-10-20,2025-06-09,month_year,2025-09-30,1,1,0,0,0
Scd3ee4bc63f0,E51074a9da582,T2080e0dc61f3,"morphine sulfate injection, usp@2019-10-20",2023-01-09,month_year,2023-12-31,1,0,0,0,1
Scd4f48d4167c,Eb27e4a8438c8,Tca19a0417af3,lisdexamfetamine dimesylate capsule@2023-11-14,2024-11-01,part_of_month,2025-01-10,0,0,0,0,0
Scd5a4e11dead,Ebff5af7ed694,T36b0b5fc1ed3,dopamine hydrochloride injection@2019-10-20,2023-01-20,month_year,2023-11-30,0,0,0,0,0
Scd64555c9b3b,E103f81370cd0,T3c6eb3067c13,"morphine sulfate injection, usp@2019-10-20",2025-03-11,month_year,2025-06-30,0,0,0,0,0
Scd8e4735e2e0,E6f3ce0a94904,Teb2f87303712,mannitol injection@2021-10-06,2023-11-07,month_year,2023-11-30,0,0,0,0,0
Scda73f28066c,E1b196ac971b3,Tc070c86c298b,leucovorin calcium lyophilized powder for injection@2019-10-20,2023-12-19,month_no_year,2024-01-31,0,0,0,0,0
Scdc452a1d774,E59b484ee5348,T351a611adfa8,dextrose 25% injection@2022-10-04,2024-05-24,month_year,2024-09-30,0,0,0,0,0
Scde060614e59,Ec9901199e06a,Tca19a0417af3,lisdexamfetamine dimesylate capsule@2023-11-14,2025-01-14,month_no_year,2025-02-28,0,0,0,0,0
Scdf624a29ebb,Ef6700103256d,T76bdc28b0fd7,amphetamine aspartate; amphetamine sulfate; dextroamphetamine saccharate; dextroamphetamine sulfate tablets@2023-01-13,2023-03-01,month_year,2023-04-30,0,0,0,1,0
Sce11c13b0a56,E97878cd35eef,Ta0382fde30d5,leucovorin calcium lyophilized powder for injection@2019-10-20,2024-12-05,month_year,2024-12-31,0,0,0,0,0
Sce363682b84b,E32902d819896,T280b91db89c7,"valproate sodium injection, usp@2021-01-17",2023-01-26,month_year,2023-02-28,0,0,0,0,0
Sce3bc74230a7,E828d165c9f49,T0f19dfaf2fbe,"epinephrine injection, 0.1 mg/ml@2019-10-20",2023-03-06,month_year,2023-12-31,0,0,0,0,0
Sce4721995a80,E63f895548283,T68b3e3fc6e9a,dobutamine hydrochloride injection@2019-10-20,2023-01-09,month_year,2023-06-30,0,0,0,0,0
Sce496ed7516c,Eafba419e7656,Td1a4a25a2fff,"sodium bicarbonate injection, usp@2019-10-20",2024-04-08,month_year,2024-06-30,0,0,0,0,0
Sce58cb36438f,E893dea452894,T36b389235234,"dacarbazine for injection, usp@2021-11-30",2024-03-20,month_year,2024-04-30,1,0,0,1,0
Sce5d4f522f89,Ef70ec4f5a54f,T351a611adfa8,dextrose 25% injection@2022-10-04,2023-01-09,month_year,2024-03-31,0,0,0,0,0
Sce7608143dfe,E3efdcddc543a,Tbb612bee56c9,dobutamine hydrochloride injection@2019-10-20,2024-03-28,month_year,2024-03-31,0,0,0,0,0
Sce7d26393ef0,E5493f8dd9982,T8533fa031749,lidocaine hydrochloride (xylocaine) injection with epinephrine@2019-10-20,2023-01-09,month_year,2023-06-30,0,0,0,0,0
Sce8e4943856e,E9b94c7cac785,Te4c2da3a1d63,hydrocortisone sodium succinate injection@2023-03-25,2024-02-27,quarter,2024-03-31,0,0,0,0,0
Sce986486d27b,Ee90fa9063395,T040a68b1e1e6,"bupivacaine hydrochloride injection, usp@2019-10-20",2023-02-16,month_year,2023-03-31,0,0,0,0,0
Sce99641a03af,E4eec4a850d72,T034c5ebd5aba,hydrocortisone sodium succinate injection@2023-03-25,2023-12-20,month_year,2024-01-31,0,0,0,0,0
Scec5b4c0424d,E5480da3b3c20,T3f1fb5adcb1e,sodium chloride 0.9% injection bags@2019-10-20,2024-10-28,month_year,2025-03-31,0,0,0,0,0
Scf0a786859e8,E0626498f88c6,T516a8926327b,"bupivacaine hydrochloride injection, usp@2019-10-20",2025-12-12,month_year,2025-12-31,0,0,1,1,0
Scf0f2d3ba875,E6f1686004d38,T5b8408e2beec,promethazine (phenergan) injection@2023-12-07,2025-05-12,range,2025-08-31,1,0,0,0,0
Scf19da528d67,E308fe79414d4,Td795a44a072a,lidocaine hydrochloride (xylocaine) injection with epinephrine@2019-10-20,2024-07-15,month_year,2025-09-30,0,0,0,0,0
Scf1e68649b2d,Ee6a220408a22,T68b3e3fc6e9a,dobutamine hydrochloride injection@2019-10-20,2025-05-23,month_year,2025-12-31,0,0,0,0,0
Scf2c627d18d6,Ed80ccf52c30f,T8aa3ab9cde54,"hydromorphone hydrochloride injection, usp@2019-10-20",2025-12-11,month_year,2026-01-31,0,0,0,0,0
Scf4f08b011fa,Ee3be352d62b1,Ta77dd06fcf06,dulaglutide (trulicity) injection@2023-01-13,2023-11-27,range,2024-01-31,1,0,0,0,0
Scf7791be8300,E5e8752a821ba,T840367ef6d8b,"dacarbazine for injection, usp@2021-11-30",2023-11-29,month_year,2023-12-31,0,0,0,0,0
Scf7e513bfe41,E91c4031e01b9,T5eb921801b0c,lidocaine hydrochloride (xylocaine) and dextrose injection solution-premix bags@2019-10-20,2023-01-09,month_year,2023-03-31,0,0,0,0,0
Scf8cc90cb37b,E3d40e776beb1,T436a99951ed1,"hydromorphone hydrochloride injection, usp@2019-10-20",2025-11-26,month_year,2026-03-31,0,0,0,0,0
Scfa96f25b090,Ef99d92f4fe75,Ta2a1c37e3018,"bupivacaine hydrochloride injection, usp@2019-10-20",2023-01-04,month_year,2023-01-31,1,0,0,0,0
Scfc21072eefb,E8f9c61d1e619,Td7e5688a2d79,lidocaine hydrochloride (xylocaine) injection with epinephrine@2019-10-20,2024-04-16,month_year,2024-05-31,0,0,0,0,1
Scfc9d1543a92,Ee3109d063472,Ta9af8552d051,ketamine injection@2019-10-20,2023-11-03,month_year,2025-03-31,1,0,0,0,1
Scffa5559fea1,E3833393cd25e,Tbc4f3b378a3c,"lorazepam injection, usp@2019-10-20",2024-07-15,month_year,2024-09-30,0,1,0,0,0
Scfff2669b885,E45c7ef47af43,T43e1401240d3,amphetamine aspartate; amphetamine sulfate; dextroamphetamine saccharate; dextroamphetamine sulfate tablets@2023-01-13,2024-04-26,month_year,2024-04-30,0,0,0,0,0
Sd0009957bbb2,E57f9012b664a,T54300333781a,nitroglycerin injectable@2023-11-14,2025-06-26,month_year,2025-07-31,0,0,0,1,0
Sd00436a95ac5,Ed0fbafca2108,T0dfe22e938ac,cyclopentolate ophthalmic solution@2020-11-10,2024-02-07,part_of_month,2024-04-10,0,0,0,0,0
Sd0277b55b654,E8501ea2a6e53,Ta1e5b17b3538,amphetamine aspartate; amphetamine sulfate; dextroamphetamine saccharate; dextroamphetamine sulfate tablets@2023-01-13,2025-05-15,month_no_year,2025-08-31,0,1,0,1,0
Sd0409c403238,E7ec649785b7c,T61d6a65f8dc2,sodium chloride 0.9% injection bags@2019-10-20,2024-04-08,month_year,2024-04-30,0,0,0,0,0
Sd04a24237151,E301e9c0dce1b,Ta8000c6a2e2d,"bupivacaine hydrochloride and epinephrine injection, usp@2019-10-20",2023-02-16,month_year,2024-03-31,0,0,0,0,0
Sd079144a569f,E8703f0375265,Te9193462ffd1,leucovorin calcium lyophilized powder for injection@2019-10-20,2024-05-17,range,2024-06-30,0,0,0,0,1
Sd0802456227e,E375b9d86295b,T375e7e4737fe,leucovorin calcium lyophilized powder for injection@2019-10-20,2024-04-10,part_of_month,2024-04-20,0,0,0,0,0
Sd093994b61cd,Ea738128fc897,T5f2542b6f883,"methylphenidate hydrochloride tablet, extended release@2023-11-14",2024-05-02,range,2024-09-30,0,0,0,0,0
Sd0960cca5008,Ece10d5cb3e68,T9b59f60fe167,rocuronium bromide injection@2023-03-02,2023-02-24,month_year,2023-04-30,0,0,0,0,0
Sd0a5a445f8dc,E5ef65a7c490b,Td4f033c3f8b5,amphetamine aspartate; amphetamine sulfate; dextroamphetamine saccharate; dextroamphetamine sulfate tablets@2023-01-13,2023-09-11,month_year,2023-10-31,0,0,0,0,0
Sd0a73639d26c,E2f198e486878,T8c982dd3de9c,sodium chloride 0.9% injection bags@2019-10-20,2023-02-13,month_year,2023-03-31,0,0,0,1,0
Sd0a9c10861f7,E9800275693a1,Tdbcedad43e29,lidocaine hydrochloride (xylocaine) injection with epinephrine@2019-10-20,2023-04-28,month_year,2024-12-31,0,0,0,0,0
Sd0afdf0bebcc,E796b60bc80a8,Tcb55f88e9227,palifermin (kepivance) lyophilized powder for injection@2023-03-02,2023-02-10,month_year,2023-10-31,0,0,0,0,0
Sd0bbafad250b,Ee2d8af29e864,T88d6ecb1417d,carboplatin injection@2023-05-14,2025-05-20,month_year,2025-10-31,0,0,0,0,0
Sd0c1798b4b64,E09a7d8bae98c,Ta7ca71431d79,carboplatin injection@2023-05-14,2023-04-28,part_of_month,2023-05-10,0,1,1,0,0
Sd0cac01aef7c,E20dcb1aec1b1,T0c7c2611ce8e,"potassium acetate injection, usp@2019-10-20",2023-01-09,month_year,2023-09-30,0,0,1,0,0
Sd0fa41bd7998,E5130b4097ea7,T5f2542b6f883,"methylphenidate hydrochloride tablet, extended release@2023-11-14",2024-03-15,month_no_year,2024-05-31,0,1,0,0,0
Sd10dacd52574,E06954caf0f80,T49d628d0408f,carboplatin injection@2023-05-14,2023-04-28,quarter,2023-09-30,0,0,0,1,0
Sd125e877fd28,Ea7c9e1d09e2d,Tf78f13d89233,carboplatin injection@2023-05-14,2024-10-28,month_year,2024-12-31,0,1,0,0,1
Sd139f898a7a9,E03005a7415d7,T8bf66d9f0e69,difluprednate ophthalmic emulsion@2023-01-13,2023-02-17,year,2023-12-31,0,0,0,0,0
Sd13c47ea1eaf,Ec8f576be42e8,Tcd86b0e84f01,cromolyn sodium concentrate@2023-11-14,2025-03-04,month_year,2025-04-30,0,1,0,0,0
Sd14629d76029,E40ab967fea17,T21a48c1e7aa7,lidocaine hydrochloride (xylocaine) injection with epinephrine@2019-10-20,2023-04-28,month_year,2024-12-31,0,1,0,0,0
Sd14cd3bf0f2b,Ea26bc58648e9,T925fffbf4442,"midazolam injection, usp@2020-04-02",2023-03-17,month_year,2023-12-31,0,0,0,0,0
Sd1913aafab9b,E596f40071116,Td8e5ab6b5f02,ketorolac tromethamine injection@2019-10-20,2023-04-28,month_year,2023-12-31,1,0,0,0,0
Sd1982181f259,E6413dcc89632,T5f40bd5b797f,"bupivacaine hydrochloride injection, usp@2019-10-20",2025-12-12,month_year,2025-12-31,1,0,0,0,0
Sd1a6be57ae85,Ecb0deb6fd4da,T3da6cb213545,sodium chloride 0.9% injection bags@2019-10-20,2023-01-20,month_year,2023-06-30,0,0,0,0,0
Sd1d7d3d7d132,E57b4520d7f9f,Td15908309df2,"potassium acetate injection, usp@2019-10-20",2024-05-24,month_year,2024-06-30,0,0,0,0,0
Sd1df0c6a16d7,Eb86ad69df491,T6db81e214ff8,"morphine sulfate injection, usp@2019-10-20",2025-12-19,month_year,2026-03-31,0,0,0,0,1
Sd1e0261a7bf0,Ec5950f49e72f,Ta8000c6a2e2d,"bupivacaine hydrochloride and epinephrine injection, usp@2019-10-20",2025-05-23,month_year,2025-12-31,0,0,0,0,0
Sd1f074526b57,Ebaf03181d989,T7ca9b1bc2485,sterile water@2021-11-30,2023-09-27,quarter,2023-09-30,0,0,0,0,0
Sd2134262f773,E5ce5e8582be3,T1e6376638360,dextrose 25% injection@2022-10-04,2024-10-29,month_no_year,2024-12-31,0,0,0,0,0
Sd21a621b5ced,E653b90d4bebd,Tf8bc9fa3dcfd,"sodium bicarbonate injection, usp@2019-10-20",2025-01-14,month_year,2025-02-28,0,1,0,0,0
Sd21b96c24482,E0f48bf2ebca2,T38b37fbd50b6,remifentanil (ultiva) lyophilized powder for solution injection@2022-10-04,2024-09-25,month_year,2025-02-28,1,0,0,0,0
Sd2253255d9f0,Ea44f26f0fa22,T6cafe9d8cc03,"sodium bicarbonate injection, usp@2019-10-20",2023-02-22,month_year,2024-03-31,0,0,0,0,0
Sd22a0ad0ca61,E319cd22f0b5e,T2517e7d85e01,"sodium bicarbonate injection, usp@2019-10-20",2023-03-17,month_year,2023-09-30,0,0,0,0,0
Sd2315089642e,Eb0d849a95390,Ta95055913c57,"hydromorphone hydrochloride injection, usp@2019-10-20",2023-02-13,month_year,2023-03-31,0,0,0,0,0
Sd2602ad2d4dd,E153852d2ab53,T752263cd4b11,"hydromorphone hydrochloride injection, usp@2019-10-20",2024-10-28,month_year,2024-12-31,0,0,0,0,0
Sd280342aa98c,E41f1b2cef7ca,T33f96b6dd618,"bupivacaine hydrochloride injection, usp@2019-10-20",2023-12-27,month_year,2024-03-31,0,0,0,0,0
Sd292622e8c9d,E9c36dec03880,T72dc2c6e2315,"hydromorphone hydrochloride injection, usp@2019-10-20",2023-02-13,month_year,2023-02-28,0,0,0,0,0
Sd2aa68b40130,E68ddcff0958f,Tebc5806e6954,"potassium acetate injection, usp@2019-10-20",2024-07-15,month_year,2024-12-31,0,0,0,0,0
Sd2bf1659cdcc,E62c69fef3319,T20974d41b23a,methylprednisolone acetate injection@2022-10-04,2025-01-27,month_year,2025-06-30,0,0,0,0,0
Sd2d1ce309228,E0ee8e40a2a39,T47385153e5b5,lidocaine hydrochloride (xylocaine) injection with epinephrine@2019-10-20,2023-02-16,month_year,2023-09-30,0,0,0,0,0
Sd2f170d65ea7,Efc61f5f4e9b7,Tc924261d878a,"bupivacaine hydrochloride injection, usp@2019-10-20",2023-01-26,month_year,2023-03-31,1,1,0,0,0
Sd2f292832cbe,Ea7fa6a5dfa88,Ta1e5b17b3538,amphetamine aspartate; amphetamine sulfate; dextroamphetamine saccharate; dextroamphetamine sulfate tablets@2023-01-13,2025-07-16,part_of_month,2025-08-31,0,0,0,0,0
Sd2f6a8a9aecc,Eea7b607afd0a,T851aebdbadbf,somatropin (saizen) injection@2023-01-13,2023-03-17,month_year,2023-12-31,0,1,0,0,0
Sd2f9d61ace86,Ebcd56bb69737,T36b0b5fc1ed3,dopamine hydrochloride injection@2019-10-20,2024-04-18,month_year,2024-06-30,1,1,0,0,0
Sd30d273003e5,Ead8f3a274cc8,T9dcf536d09ab,"midazolam injection, usp@2020-04-02",2023-02-16,month_year,2024-03-31,0,0,0,0,0
Sd31e743cb0e0,Ecfc2c5334a53,Tdbcedad43e29,lidocaine hydrochloride (xylocaine) injection with epinephrine@2019-10-20,2024-10-28,month_year,2025-09-30,0,1,0,0,0
Sd325fd4a6118,E4b954296fb57,Td33cdc1e09b8,leucovorin calcium lyophilized powder for injection@2019-10-20,2024-06-27,month_year,2024-08-31,1,1,0,0,0
Sd369d5a71669,E6a9391b308b7,T38c19b469fcc,sodium chloride 0.9% injection bags@2019-10-20,2024-10-28,month_year,2024-12-31,0,0,0,0,0
Sd36f958db66d,Eb0fb13667d63,Td1670381c0d2,cisplatin injection@2023-03-02,2023-07-28,month_year,2023-09-30,0,0,0,0,0
Sd3850b441cb7,E981d1950e3fb,T5cbaa57973c8,heparin sodium and sodium chloride 0.9% injection@2019-10-20,2023-02-16,month_year,2023-06-30,0,0,0,0,0
Sd3a5e9f08816,Ee846d9916dc9,T69fd1f150664,"bupivacaine hydrochloride injection, usp@2019-10-20",2023-03-17,month_year,2023-09-30,0,0,0,0,0
Sd3a9f8a3bc42,E57304916aff5,T8739c4fa9957,dobutamine hydrochloride injection@2019-10-20,2023-02-16,month_year,2023-06-30,0,0,0,0,0
Sd3b2716ca27c,Ef66cadaf95e2,T4a076e9e8b18,cyclopentolate ophthalmic solution@2020-11-10,2024-04-24,part_of_month,2024-07-05,1,0,0,0,0
Sd3c24613a317,E36b943fbe324,T50f9c1be8726,lidocaine hydrochloride (xylocaine) and dextrose injection solution-premix bags@2019-10-20,2023-03-24,month_no_year,2023-05-31,0,0,0,0,0
Sd3d803732549,Ef7f9c9301166,Taf2e0972d61a,amphetamine aspartate; amphetamine sulfate; dextroamphetamine saccharate; dextroamphetamine sulfate tablets@2023-01-13,2024-01-31,month_year,2024-09-30,0,0,0,0,0
Sd3ddb0270d47,E8522dd07f0a2,T95fcf5c308c1,methotrexate sodium injection@2023-03-25,2023-09-11,month_year,2023-12-31,0,0,0,0,0
Sd3f103836fae,E1da328de92c9,T1192c1429598,etomidate injection@2022-10-06,2023-01-24,month_year,2023-02-28,0,0,0,0,1
Sd41e9a98bfe5,E841cdeaad8e3,T99e956591e9e,amoxicillin oral powder for suspension@2023-01-13,2023-01-09,year,2023-12-31,0,0,0,0,0
Sd41f65215481,E766f441aa5e9,T99654a93fb10,sterile water@2021-11-30,2024-10-28,month_year,2024-12-31,1,0,0,0,0
Sd4311ce139b6,E83f2ee09da0b,Tc01661291b57,methylprednisolone acetate injection@2022-10-04,2025-03-11,month_year,2025-09-30,0,0,0,0,0
Sd440a172c9e9,Efd7c5f5e8083,T7f9a06ecce67,vinblastine sulfate injection@2023-11-14,2024-04-08,month_year,2024-04-30,1,0,0,0,0
Sd4adea1ffff1,E8f40bab97979,Tccbdf26e7d4c,dobutamine hydrochloride injection@2019-10-20,2024-02-27,quarter,2024-06-30,0,0,0,0,0
Sd4c30e446b5b,E1a7034fdcd10,Te4df8c4bdac3,"lorazepam injection, usp@2019-10-20",2023-02-16,month_year,2023-06-30,0,0,0,1,0
Sd4dc01fc104f,E1a086ebb8a5a,Tfa5d26c556c3,remifentanil (ultiva) lyophilized powder for solution injection@2022-10-04,2024-06-27,month_year,2024-07-31,1,0,0,0,0
Sd4eab38e932e,E434c736db517,Td8e5ab6b5f02,ketorolac tromethamine injection@2019-10-20,2024-05-24,month_year,2024-06-30,0,0,0,0,0
Sd4eb474c570f,E9f240e5d4df2,T610e322c9e81,disopyramide phosphate (norpace) capsules@2021-04-12,2023-09-11,month_year,2023-09-30,0,0,0,0,0
Sd52ac537cd41,E05c8f736d3c7,Td795a44a072a,lidocaine hydrochloride (xylocaine) injection with epinephrine@2019-10-20,2023-04-28,month_year,2024-12-31,0,0,0,0,0
Sd54b1fa3673c,E75c0c5fdcda6,T3e7822af61cf,naltrexone hydrochloride tablet@2024-03-01,2025-05-16,relative,2025-06-30,0,1,0,0,0
Sd550643523a0,E33258187e8dd,T5738295be571,cisplatin injection@2023-03-02,2023-02-10,part_of_month,2023-02-28,0,0,0,0,0
Sd5547e7134c0,E3c53eb5b489f,T38c19b469fcc,sodium chloride 0.9% injection bags@2019-10-20,2024-03-28,month_year,2024-09-30,0,0,0,1,0
Sd557bec225c9,Ed067d759cbbc,T973b265fdd8b,"hydromorphone hydrochloride injection, usp@2019-10-20",2024-01-19,month_year,2025-06-30,0,0,0,0,0
Sd559e393034e,E1b4a2e2b56e7,Tac901da4b51a,"methylphenidate hydrochloride tablet, extended release@2023-11-14",2023-11-02,month_year,2023-11-30,0,0,0,1,0
Sd56f5827e053,E3dbebb08b930,Taae5205e3380,"furosemide injection, usp@2020-06-12",2023-04-21,month_year,2023-04-30,0,0,0,0,0
Sd5c851b67d84,E32aaed303ccf,T353ba1d40009,fentanyl citrate (sublimaze) injection@2019-10-20,2024-06-05,month_year,2024-07-31,0,0,0,0,0
Sd5c8b4648f5f,Ed4804fdfdb61,T95fcf5c308c1,methotrexate sodium injection@2023-03-25,2023-03-13,month_year,2023-09-30,0,0,0,0,0
Sd5cb57fb246a,E75075644956b,T68b3e3fc6e9a,dobutamine hydrochloride injection@2019-10-20,2025-06-09,month_year,2025-12-31,0,0,0,0,0
Sd5e4e3b8f2e8,Edcd1ae15270c,T2f63e4ba5936,dexmedetomidine injection@2020-06-12,2025-05-09,month_year,2025-12-31,1,0,0,0,0
Sd60db53c3204,E5594255c5985,Tbd07dc01b839,dexamethasone sodium phosphate injection@2019-10-20,2023-05-16,month_year,2023-06-30,0,0,0,0,0
Sd62e995c4d1b,E1489e094ecdd,T5439bc9cc7b5,"sodium acetate injection, usp@2019-10-20",2024-07-15,month_year,2024-09-30,0,0,0,0,0
Sd64974be1f53,E7ae4bf15e9f9,Tafe07ae7d4b7,"bupivacaine hydrochloride and epinephrine injection, usp@2019-10-20",2023-02-16,month_year,2023-06-30,0,0,1,0,0
Sd651b65ce86a,Ee3f7d4f657cf,T49f1b28acb2a,promethazine (phenergan) injection@2023-12-07,2025-10-23,month_year,2026-02-28,0,0,0,0,0
Sd65b094f1f86,Ea98694234261,Tfb9eb95dd0cc,lisdexamfetamine dimesylate capsule@2023-11-14,2025-01-16,month_no_year,2025-02-28,0,1,0,0,0
Sd696c1ee1437,Eb03750f01db5,T6cafe9d8cc03,"sodium bicarbonate injection, usp@2019-10-20",2024-07-15,month_year,2024-12-31,0,0,0,0,0
Sd699debe9137,E79ea055c8a90,Tf8bc9fa3dcfd,"sodium bicarbonate injection, usp@2019-10-20",2024-09-04,month_year,2024-09-30,0,1,0,0,0
Sd6b7a050ed63,E41b58b42973f,Td7e8faf165e9,hydrocortisone sodium succinate injection@2023-03-25,2024-07-15,month_year,2024-09-30,0,0,0,0,0
Sd6be266c5d2b,E2d5ba8271203,T5f2542b6f883,"methylphenidate hydrochloride tablet, extended release@2023-11-14",2024-08-15,month_no_year,2024-11-30,0,0,0,0,0
Sd6f18e478b5c,Edfc363997429,T631b6d1b6fc8,dexamethasone sodium phosphate injection@2019-10-20,2024-03-22,month_year,2024-04-30,0,0,0,0,0
Sd6f555097c5f,Ee494c6bb9657,T13553e2997c1,fentanyl citrate (sublimaze) injection@2019-10-20,2023-09-11,month_year,2025-03-31,0,0,0,0,0
Sd73f2477102f,E578524ed95b4,T950a13305642,mepivacaine hydrochloride injection@2021-08-02,2023-04-21,month_year,2023-05-31,1,0,0,0,0
Sd766937007e6,Efcc9f0f54b1f,T3f1fb5adcb1e,sodium chloride 0.9% injection bags@2019-10-20,2023-04-28,month_year,2023-12-31,0,0,0,0,0
Sd76fb9133e5c,E065b0caf3275,T89fbc09a557b,methylprednisolone acetate injection@2022-10-04,2024-03-28,month_year,2024-06-30,0,1,0,0,0
Sd7796891c204,E7e28c4adba4f,T41fe6c526b90,sodium chloride 0.9% injection bags@2019-10-20,2023-01-04,month_year,2023-01-31,0,0,0,0,0
Sd79a2256872d,E5071a2734f30,Tb240f5df32f5,clindamycin phosphate injection@2023-03-25,2023-12-27,month_year,2024-05-31,0,0,0,0,0
Sd7bd4845eb52,Ec2971a6d3e4a,T13430dff20a8,sodium chloride 0.9% injection bags@2019-10-20,2024-10-15,month_year,2024-11-30,0,1,0,0,0
Sd7e4683b7222,E8ccdbd994d52,T18da72e774d2,fentanyl citrate (sublimaze) injection@2019-10-20,2023-03-17,month_year,2024-03-31,0,0,0,0,0
Sd7e8e9e88150,E1721c0ffd9b4,Td33cdc1e09b8,leucovorin calcium lyophilized powder for injection@2019-10-20,2024-09-04,month_year,2024-10-31,0,0,0,0,0
Sd80c4f1d4322,Ea86171b03b50,Tf84baafa164f,chloramphenicol sodium succinate injection@2023-05-14,2023-04-05,month_year,2023-05-31,0,0,0,0,0
Sd8187f91c080,E1f9324100371,Tc00fcfdc94e8,sodium chloride 0.9% injection bags@2019-10-20,2023-03-17,month_year,2023-06-30,0,0,0,0,0
Sd8390efd1bad,E2e498cc98b3b,Td4f033c3f8b5,amphetamine aspartate; amphetamine sulfate; dextroamphetamine saccharate; dextroamphetamine sulfate tablets@2023-01-13,2023-01-09,month_year,2023-01-31,1,0,0,0,0
Sd8595fbef894,E2ebe206293ba,Tef12a730e7aa,dulaglutide (trulicity) injection@2023-01-13,2024-07-02,quarter,2024-09-30,0,0,0,1,0
Sd85a0bd6274c,E3fabf0f30cd8,T425f47b39011,amoxicillin oral powder for suspension@2023-01-13,2024-10-15,month_year,2024-10-31,0,0,0,0,0
Sd85d26c2d82a,E471bf5dbeda8,T9a55947ab386,"hydromorphone hydrochloride injection, usp@2019-10-20",2024-04-26,month_year,2024-05-31,1,0,0,1,0
Sd86000c42710,Ee9d2c2aa664b,T43ee9d150639,lisdexamfetamine dimesylate capsule@2023-11-14,2024-09-16,part_of_month,2024-09-30,0,0,0,1,0
Sd867dc19fa1e,E0457b7bd2d03,Tcc6024a3a406,dopamine hydrochloride injection@2019-10-20,2024-04-18,month_year,2024-09-30,1,0,0,1,0
Sd8866a92600b,E37358e85a6a6,T30c9e6049700,sodium chloride 0.9% injection bags@2019-10-20,2023-03-17,month_year,2023-06-30,0,0,0,0,0
Sd88d2e156a1c,E8235cbca9878,Tb78ceb0406a9,rocuronium bromide injection@2023-03-02,2023-02-24,range,2023-04-30,0,1,0,0,0
Sd89093ee1442,Eae9262dcfbc9,T5e657dacfa6e,lisdexamfetamine dimesylate capsule@2023-11-14,2025-05-20,month_year,2025-05-31,0,0,0,0,0
Sd897be7901d3,Ef9a210dfac6b,T02758fe85bc3,carboplatin injection@2023-05-14,2024-05-15,month_year,2024-07-31,0,0,0,0,0
Sd8b3f3bdc6a4,E3a3fa8f614a4,T2e97501e2c03,dexamethasone sodium phosphate injection@2019-10-20,2024-11-19,month_year,2024-12-31,0,0,0,0,0
Sd8b892ea743f,Eeef124f1f211,T4864f2761d14,fentanyl citrate (sublimaze) injection@2019-10-20,2025-05-14,month_year,2025-05-31,1,0,0,0,0
Sd8c3d2a46834,E14450f58bfbc,Tf06f7d618fcc,cyclopentolate ophthalmic solution@2020-11-10,2024-04-24,part_of_month,2024-06-21,0,0,1,0,0
Sd928f22eae7d,E4fae11558ed0,Taf6c4e4084ce,atropine sulfate injection@2019-10-20,2023-02-22,month_year,2023-06-30,0,0,0,0,0
Sd92dfd97248b,Edf00dd576fd0,Tb9cec91a28ba,amphetamine aspartate; amphetamine sulfate; dextroamphetamine saccharate; dextroamphetamine sulfate tablets@2023-01-13,2024-02-01,month_year,2024-02-29,0,0,0,0,0
Sd962af8837f4,Eb4d5641c90e4,Tc4db8b58a41f,methotrexate sodium tablet@2023-11-14,2023-09-11,month_year,2023-10-31,0,0,0,0,0
Sd966ce029ec7,E3beb18d20782,T0bd650fbcb07,sterile water@2021-11-30,2024-11-12,month_year,2025-03-31,0,1,0,0,0
Sd988d994896d,Ef67d0f5c3067,T53f1d6081b6f,oxazepam capsule@2025-01-08,2025-05-20,month_year,2025-05-31,0,0,0,0,0
Sd9b96717b5ae,Ed227a33b646a,T76bdc28b0fd7,amphetamine aspartate; amphetamine sulfate; dextroamphetamine saccharate; dextroamphetamine sulfate tablets@2023-01-13,2023-01-17,part_of_month,2023-04-20,0,0,0,0,0
Sd9d1fb0dbb63,E14cffc055a81,T9b9c57492de2,"metronidazole injection, usp@2022-10-04",2023-09-11,month_year,2023-12-31,0,1,0,0,0
Sd9e986ab4da2,E994d0dfb584c,Td6a51caeb050,rocuronium bromide injection@2023-03-02,2023-02-17,month_year,2024-12-31,0,0,0,0,0
Sd9f8f172f696,E90d4c693a4b3,Tf7ef201be71d,fentanyl citrate (sublimaze) injection@2019-10-20,2025-01-24,month_year,2025-02-28,0,0,0,0,0
Sda2c70a38c62,Ea4b496278c73,T7d037cd479a9,"hydromorphone hydrochloride injection, usp@2019-10-20",2025-05-23,month_year,2025-12-31,0,0,0,0,0
Sda7cefd1fff6,E535b22f65dcc,T70f52f2d7051,"morphine sulfate injection, usp@2019-10-20",2025-01-27,month_year,2025-03-31,0,0,0,0,1
Sda8d178ccffe,E63cd566e5a94,T040a68b1e1e6,"bupivacaine hydrochloride injection, usp@2019-10-20",2023-04-28,month_year,2024-03-31,0,0,1,0,0
Sda94dafabdf3,E744b60169cf4,T71229f65b0b5,cyclopentolate ophthalmic solution@2020-11-10,2024-07-01,part_of_month,2024-07-20,0,0,0,0,0
Sda9f4b74dad0,Ecc12a9347a97,T375e7e4737fe,leucovorin calcium lyophilized powder for injection@2019-10-20,2025-02-20,month_year,2025-04-30,1,1,0,1,0
Sdaa1296f5b79,E913777d884df,Tf94a70d4ec2b,ketorolac tromethamine injection@2019-10-20,2025-11-26,month_year,2025-12-31,0,0,0,0,0
Sdac523d6fdc5,Ee74fc02f871b,Tf78f13d89233,carboplatin injection@2023-05-14,2024-07-15,month_year,2024-12-31,0,1,0,0,0
Sdadcea61a7f7,Eb1d88436a1cf,T6cafe9d8cc03,"sodium bicarbonate injection, usp@2019-10-20",2024-05-24,month_year,2024-12-31,0,0,0,0,0
Sdb0e090061a8,E7cc7c2110f75,Te8cca88b4ee4,amoxicillin oral powder for suspension@2023-01-13,2024-04-26,month_year,2024-05-31,0,0,0,1,0
Sdb118efb894a,E24495725c0bc,T68b3e3fc6e9a,dobutamine hydrochloride injection@2019-10-20,2023-01-20,month_year,2023-04-30,0,0,0,0,0
Sdb2281c55995,E549028968658,T85ba86a96234,sterile water@2021-11-30,2024-03-20,quarter,2024-09-30,0,0,0,0,0
Sdb34e87ee865,E19dda3b71aa9,T79e3328fab60,dexamethasone sodium phosphate injection@2019-10-20,2025-03-04,month_year,2025-03-31,0,0,0,1,0
Sdb41bd7f2de5,Eea6e7c5fdf70,Tfb9eb95dd0cc,lisdexamfetamine dimesylate capsule@2023-11-14,2024-11-01,part_of_month,2025-01-10,0,0,0,1,0
Sdb54ed43248c,Ed0871359a817,T57aea3dbb27d,rocuronium bromide injection@2023-03-02,2023-03-01,month_year,2023-03-31,0,0,0,0,0
Sdbe13454eef7,Eab68d1f2dca5,T61d6a65f8dc2,sodium chloride 0.9% injection bags@2019-10-20,2025-05-22,month_year,2025-05-31,0,0,0,0,0
Sdc03808916e5,Ea861005597e4,T950a13305642,mepivacaine hydrochloride injection@2021-08-02,2023-03-10,month_year,2023-03-31,0,0,0,0,0
Sdc1294a97af5,Ee2c4b2fa23f3,T1a21c9996346,"bupivacaine hydrochloride and epinephrine injection, usp@2019-10-20",2023-10-13,month_year,2023-11-30,0,0,0,0,0
Sdc1c0801cd72,E503617eee92d,Tcbebb442721e,"morphine sulfate injection, usp@2019-10-20",2025-05-14,month_year,2025-06-30,0,1,0,0,0
Sdc27af4e8443,E8c3706c50c84,Tf1a2c254cefd,clonazepam tablets@2023-03-25,2023-03-27,exact_day,2023-04-03,0,1,0,1,0
Sdc3adea9aeab,E480a3ed23b59,T302741facceb,clindamycin phosphate injection@2023-03-25,2025-07-31,month_year,2025-12-31,1,0,0,0,0
Sdc6aa1d7e45b,Eda9d5c351b3b,T5b51bf2e0928,rocuronium bromide injection@2023-03-02,2025-06-30,month_year,2025-06-30,0,0,0,0,0
Sdc6ef707f529,Ede493bbe7537,Te106984684f6,"methylphenidate hydrochloride tablet, extended release@2023-11-14",2024-01-02,month_year,2024-01-31,1,0,0,0,0
Sdc724c5e7290,E630b27f6c160,T2d6d50348db7,lidocaine hydrochloride (xylocaine) and dextrose injection solution-premix bags@2019-10-20,2023-09-11,month_year,2023-12-31,0,0,0,0,0
Sdc7e8f1d6242,E3bb3772b0d47,Tb18e1b1e42c9,rocuronium bromide injection@2023-03-02,2024-03-18,month_year,2024-04-30,0,0,0,0,0
Sdc910030f464,Ea02e1e6d92e3,Tbb612bee56c9,dobutamine hydrochloride injection@2019-10-20,2025-01-14,month_year,2025-03-31,0,0,1,0,0
Sdca8e083dac7,E2e75b1f28bbf,T302741facceb,clindamycin phosphate injection@2023-03-25,2024-05-15,month_year,2024-09-30,0,0,0,0,0
Sdcb155749e3f,E56835b3f092b,Taf6fab5bf33e,methotrexate sodium injection@2023-03-25,2024-01-23,month_year,2024-02-29,0,0,0,0,0
Sdcb7b1ff7352,E2770ea347a32,T834e56cd9fa3,amphetamine aspartate; amphetamine sulfate; dextroamphetamine saccharate; dextroamphetamine sulfate tablets@2023-01-13,2024-11-26,month_year,2024-12-31,0,1,0,1,0
Sdccc31f5c2e6,Ef01d175f9feb,T5a5774d6e6ed,"midazolam injection, usp@2020-04-02",2024-05-24,month_year,2024-09-30,0,0,0,1,1
Sdd38eef69673,E10615c83d470,T752263cd4b11,"hydromorphone hydrochloride injection, usp@2019-10-20",2024-02-27,quarter,2024-06-30,0,0,0,0,0
Sdd4203d57ef5,E6254e6f66eb4,Tbf5f06ea2739,heparin sodium and sodium chloride 0.9% injection@2019-10-20,2025-11-19,month_year,2025-12-31,0,0,0,0,0
Sdd50d01e9675,Ede10ca099d58,Tb240f5df32f5,clindamycin phosphate injection@2023-03-25,2024-03-13,month_year,2024-09-30,0,0,0,0,0
Sdd61d47b4d35,E9923478706a8,T8de9e39eed2d,dexmedetomidine injection@2020-06-12,2025-11-13,month_year,2026-01-31,0,0,0,0,0
Sdd774140591b,E9399e744e65c,T91c53f197a2a,dexmedetomidine injection@2020-06-12,2023-01-09,part_of_month,2023-01-31,0,0,0,1,0
Sdd7e6532b048,E61870f2640a8,T30da69355522,cytarabine injection@2021-10-06,2023-01-09,month_year,2023-03-31,0,1,0,0,0
Sdd8d21977f3a,Eacdd2606e722,T05f1cf4d680d,oxazepam capsule@2025-01-08,2024-12-04,exact_day,2024-12-27,0,0,0,0,0
Sdde87a672ce0,E784bb1c868b2,Ta266f421d27b,potassium chloride injection@2021-11-30,2023-04-21,month_year,2023-05-31,0,0,0,0,0
Sddec106651a1,Ede761392b651,T70a543812d36,leucovorin calcium lyophilized powder for injection@2019-10-20,2023-01-26,month_year,2023-02-28,0,0,0,0,0
Sddff2621eff7,E7874790905e4,Ta2a1c37e3018,"bupivacaine hydrochloride injection, usp@2019-10-20",2023-01-26,month_year,2023-02-28,0,0,0,0,0
Sde01a982fdce,Ea9106f56ffad,T58957455bb09,dopamine hydrochloride injection@2019-10-20,2023-12-01,range,2024-01-31,1,0,1,0,1
Sde08fe4fc68a,Eac86213858da,T8a2f62a4aff3,fentanyl citrate (sublimaze) injection@2019-10-20,2025-01-14,month_year,2025-02-28,0,0,0,0,0
Sde1d7585d0a0,Ea5f848d195fa,T31cebf5c58e4,technetium tc-99m sodium pertechnetate generator@2024-11-02,2024-11-01,exact_day,2024-11-10,0,1,0,0,0
Sde2015579c65,E8972ac4d16ce,T3c347b913209,heparin sodium and sodium chloride 0.9% injection@2019-10-20,2025-01-14,month_year,2025-02-28,1,1,0,0,0
Sde2ee96f0164,E3bd25a9c88ac,Tcca9f4907b81,somatropin (saizen) injection@2023-01-13,2023-04-28,month_year,2023-12-31,0,0,0,0,0
Sde90aa5b44f5,E120ef61625dc,T2080e0dc61f3,"morphine sulfate injection, usp@2019-10-20",2023-03-17,month_year,2023-06-30,0,0,0,0,0
Sde9caca974f1,Eda642a97078d,Tbc4f3b378a3c,"lorazepam injection, usp@2019-10-20",2025-02-26,month_year,2025-12-31,1,0,0,0,0
Sdeab41c58a76,E4276fb9b38e4,Ta0382fde30d5,leucovorin calcium lyophilized powder for injection@2019-10-20,2023-03-10,month_year,2023-03-31,0,1,0,0,0
Sdecfee9d05af,Ef6e575754140,T1c553550a314,"methylphenidate hydrochloride tablet, extended release@2023-11-14",2025-12-04,month_year,2025-12-31,1,0,0,0,0
Sded05305f502,Ef66fb30f6413,Tc4311c37cab9,"hydromorphone hydrochloride injection, usp@2019-10-20",2025-11-26,month_year,2026-03-31,0,0,0,0,0
Sdede6decc89c,E41d829c65f04,T7ef1cb0390d6,somatropin (saizen) injection@2023-01-13,2023-01-20,month_year,2023-02-28,0,0,0,0,0
Sdf08904a8d91,E5d7903380923,Td795a44a072a,lidocaine hydrochloride (xylocaine) injection with epinephrine@2019-10-20,2025-05-23,month_year,2025-09-30,0,0,0,0,0
Sdf1b92827889,E4013acf43dda,T9b9c57492de2,"metronidazole injection, usp@2022-10-04",2024-01-19,month_year,2024-03-31,0,0,0,0,0
Sdf1d4d851a23,Ecdcdb514efae,T1a1df2f9db52,sodium chloride 0.9% injection bags@2019-10-20,2024-10-28,month_year,2024-12-31,0,0,0,0,0
Sdf391098300b,E3c8a969c23f3,Td22199b04671,ketamine injection@2019-10-20,2024-09-11,month_year,2024-09-30,0,1,0,0,0
Sdf3e2510567e,E03c38df1be57,T85ba86a96234,sterile water@2021-11-30,2024-09-18,quarter,2024-12-31,0,0,0,0,0
Sdf4f252d5139,E9f04b375e8ab,T72bc27f49da7,carboplatin injection@2023-05-14,2024-02-27,quarter,2024-09-30,1,0,0,0,0
Sdf8d1c235057,Ed1f76e851639,T541d4229ffae,sodium chloride 0.9% injection bags@2019-10-20,2024-11-12,month_year,2024-12-31,0,0,0,0,0
Sdfaf57bbccf0,E26af3716decf,T8c4e9e59efb4,etomidate injection@2022-10-06,2025-04-11,month_year,2025-05-31,0,0,0,0,1
Sdfc8ea68f3f8,Edeb106128749,T1a04ebf135ed,heparin sodium and sodium chloride 0.9% injection@2019-10-20,2023-09-11,month_year,2023-12-31,1,0,0,0,0
Sdfe01e7bd027,Ed757fe8c16da,T840367ef6d8b,"dacarbazine for injection, usp@2021-11-30",2024-06-05,month_year,2024-06-30,0,0,0,0,0
Sdffc82d88ec4,E4e039a39ac73,Te9cf324de6fa,"furosemide injection, usp@2020-06-12",2025-05-23,month_year,2025-06-30,0,1,0,0,0
Se017520e1ed4,E196e45e20621,T61d6a65f8dc2,sodium chloride 0.9% injection bags@2019-10-20,2024-02-01,month_year,2024-02-29,0,0,0,0,0
Se03007d6c735,E149e298d685f,T88c2c68f7058,lidocaine hydrochloride (xylocaine) injection with epinephrine@2019-10-20,2023-01-09,month_year,2023-09-30,0,0,0,0,0
Se0c2380f579b,Ef4c959d5ceaa,T79e3328fab60,dexamethasone sodium phosphate injection@2019-10-20,2025-01-21,month_year,2025-02-28,1,1,0,0,0
Se113f6e213d5,Efc349288c729,Tb2b58e1acb4e,dextrose 25% injection@2022-10-04,2025-11-19,month_year,2025-11-30,0,0,0,0,0
Se1236d4f7c48,E55e4a4d7d385,T9a55947ab386,"hydromorphone hydrochloride injection, usp@2019-10-20",2025-03-11,month_year,2025-06-30,0,0,0,1,0
Se12bcd8b7783,Eb64b79b1d9fd,Td8c3742da817,"sodium bicarbonate injection, usp@2019-10-20",2023-02-22,month_year,2023-03-31,0,0,0,0,0
Se12ee3ab92d4,E10eda6bbde0f,Td7e8faf165e9,hydrocortisone sodium succinate injection@2023-03-25,2023-04-28,month_year,2023-09-30,1,0,0,0,0
Se1683658eb3c,E510e7961709d,T44cea6fb85de,methotrexate sodium injection@2023-03-25,2025-07-18,month_year,2025-12-31,1,0,1,0,0
Se18732a10410,Efa62048eb195,T034c5ebd5aba,hydrocortisone sodium succinate injection@2023-03-25,2023-03-24,month_year,2023-07-31,0,0,1,0,0
Se18bc00e8eab,Ef1101428e808,Taedc4f04a737,lidocaine hydrochloride (xylocaine) injection with epinephrine@2019-10-20,2023-10-13,month_year,2023-10-31,0,0,0,0,0
Se19ef2570b26,E4e9f0f759434,T856d9636f534,somatropin (saizen) injection@2023-01-13,2023-02-23,month_year,2023-03-31,0,0,0,0,0
Se1c0fe34ff84,E836276758c9b,T869efd5e63ab,pentostatin injection@2022-10-04,2023-01-20,month_year,2023-03-31,0,0,0,0,0
Se1ec82e77213,Ea87f2233b10f,T1e763045f540,clindamycin phosphate injection@2023-03-25,2024-03-11,part_of_month,2024-03-20,0,0,0,0,0
Se2200c5ddf9c,E622833db275e,T2fe5f23f3e0b,lidocaine hydrochloride (xylocaine) and dextrose injection solution-premix bags@2019-10-20,2025-07-31,month_year,2025-09-30,1,0,0,1,0
Se226e337acd4,E47e42b167e9f,T53b4e83a18fb,sterile water@2021-11-30,2023-03-17,month_year,2023-06-30,0,0,0,0,0
Se22b144c2334,E70651a72ed45,Td8e5ab6b5f02,ketorolac tromethamine injection@2019-10-20,2023-02-16,month_year,2024-03-31,1,0,0,0,0
Se233a930131e,Eac7dbfb04912,T0a62d8b6367d,etomidate injection@2022-10-06,2023-04-28,month_year,2024-03-31,0,1,0,0,0
Se259511d69da,E4a1af5d6ad5d,T6aa1c6379da7,"sodium bicarbonate injection, usp@2019-10-20",2023-04-28,month_year,2023-09-30,0,0,0,0,0
Se29f38d60edf,Ebb143da06976,T23d13bcaf93e,rocuronium bromide injection@2023-03-02,2023-02-16,month_year,2023-07-31,0,0,0,0,0
Se2c31863fa0b,E0a9f88460de4,T686a91c2b0c2,"midazolam injection, usp@2020-04-02",2024-07-15,month_year,2024-12-31,0,0,0,0,0
Se2d31a41e12c,Ecaf4e2d8ddcc,T8a2f62a4aff3,fentanyl citrate (sublimaze) injection@2019-10-20,2023-02-13,month_year,2023-03-31,0,0,0,0,0
Se30cc7165369,E871566416bed,T25806ffd84e4,methotrexate sodium injection@2023-03-25,2023-04-28,month_year,2023-09-30,0,1,0,0,1
Se316f44860f6,Edc39ee22a0d8,Te9f0345efe32,clindamycin phosphate injection@2023-03-25,2023-09-11,month_year,2023-12-31,0,0,0,0,0
Se332a108b1aa,E462d3c8abdeb,T767697df93fc,"morphine sulfate injection, usp@2019-10-20",2023-09-11,month_year,2023-12-31,0,0,0,0,0
Se34dfbe5021b,E08df7d1da7fd,T131b909e8725,ketorolac tromethamine injection@2019-10-20,2024-01-18,month_year,2024-02-29,0,0,0,0,0
Se3517431ae3e,E31c75169a3db,Te4c2da3a1d63,hydrocortisone sodium succinate injection@2023-03-25,2023-03-24,month_year,2023-07-31,0,0,0,0,0
Se3929ba442a3,E3e0b53779ad1,T058341e4ea0e,"bumetanide injection, usp@2019-10-20",2024-10-15,part_of_month,2024-11-10,0,0,0,1,0
Se3a301003aca,E76db2cd50fe8,Tf9a1fd91a217,"methylphenidate hydrochloride tablet, extended release@2023-11-14",2024-03-15,month_no_year,2024-05-31,0,0,0,0,0
Se3bfa067b266,E28dfce086f18,T84cdd216c24d,"morphine sulfate injection, usp@2019-10-20",2023-01-26,month_year,2023-02-28,0,0,0,1,0
Se3c3d9be4c93,E047215763b39,T5da3629b3ec7,cisplatin injection@2023-03-02,2023-10-20,month_year,2023-10-31,0,0,1,0,0
Se4131f4ddfd5,E57c010163a08,T835011b17010,cytarabine injection@2021-10-06,2023-04-28,month_year,2023-06-30,0,0,0,1,0
Se44e70660793,Ef8892a86b920,T33f96b6dd618,"bupivacaine hydrochloride injection, usp@2019-10-20",2023-09-11,month_year,2024-03-31,0,0,0,0,0
Se4c7a834f8e0,Ec420abbafdc7,Tbfc073375306,lidocaine hydrochloride (xylocaine) injection with epinephrine@2019-10-20,2023-02-16,month_year,2023-06-30,0,0,0,0,0
Se4e6c1b62d62,E9a30d86f353e,T57646c43910e,"midazolam injection, usp@2020-04-02",2024-02-01,month_year,2024-03-31,0,0,0,1,0
Se5288754ff1e,Ee29635eed5a2,Tbe755a512619,lidocaine hydrochloride (xylocaine) and dextrose injection solution-premix bags@2019-10-20,2023-02-22,month_year,2024-03-31,0,0,0,0,1
Se53141a6163b,Eaee6c25f9ea6,Tb6d564771d50,remifentanil (ultiva) lyophilized powder for solution injection@2022-10-04,2025-03-06,month_year,2025-04-30,0,0,0,0,0
Se556180c73cc,E5dbdaaa2d454,Te2ae3353b733,lidocaine hydrochloride (xylocaine) and dextrose injection solution-premix bags@2019-10-20,2023-01-20,month_year,2023-03-31,0,0,0,0,0
Se561288cc8b6,E35bc5d453acf,Td3832af67ad1,"sodium bicarbonate injection, usp@2019-10-20",2023-02-22,month_year,2023-09-30,0,0,0,0,1
Se5b2ff7028af,Ec62fe36ef807,T23a95b7969db,"hydromorphone hydrochloride injection, usp@2019-10-20",2025-02-14,month_year,2025-03-31,1,0,0,0,1
Se5b9843f2fa8,Ec644979d262d,T86fbd150a972,penicillin g benzathine injectable suspension@2023-05-14,2024-03-21,month_year,2025-03-31,0,0,0,0,0
Se5cc75381062,E415aa8ebe669,T2bc8838d69a4,lisdexamfetamine dimesylate capsule@2023-11-14,2024-03-15,month_no_year,2024-03-31,0,0,1,0,0
Se5da58ee0c91,Ef30dfbd52c4f,T71ae74328a48,lidocaine hydrochloride (xylocaine) and dextrose injection solution-premix bags@2019-10-20,2023-03-10,month_year,2023-03-31,0,0,0,0,0
Se63a50fae9bd,Eaa846099b739,T94ca45061eb0,"morphine sulfate injection, usp@2019-10-20",2024-05-31,month_year,2025-03-31,0,0,0,0,0
Se673a19778b3,E5342410eb0b4,Tc12ee7b655f8,nitroglycerin injectable@2023-11-14,2023-11-01,part_of_month,2023-11-30,0,0,0,0,0
Se6746b291bb6,Edb7570cda640,T990dc2b76eb7,methamphetamine hydrochloride tablets@2023-03-25,2023-03-17,month_year,2023-09-30,0,1,0,0,0
Se6747381d599,Ef2a18019de70,T6304584a799b,amoxicillin oral powder for suspension@2023-01-13,2024-02-06,month_year,2024-05-31,0,0,0,0,0
Se6918aa5c68e,E2f156543c391,Taae5205e3380,"furosemide injection, usp@2020-06-12",2024-09-04,month_year,2024-09-30,0,0,0,0,0
Se6aec519e54f,E67e58a5f86b8,T74743c39eed7,fentanyl citrate (sublimaze) injection@2019-10-20,2024-09-16,month_year,2024-10-31,0,0,0,0,0
Se6b12f79e00f,Eeac4b7fe73ba,Tcc4e8a6be1d3,"bupivacaine hydrochloride and epinephrine injection, usp@2019-10-20",2023-01-04,month_year,2023-01-31,0,0,0,0,0
Se6b64e1fe606,Ed7e767dac073,Tc53105b14afb,"sodium bicarbonate injection, usp@2019-10-20",2024-01-15,exact_day,2024-01-15,0,0,0,0,0
Se6ca3546b500,E7cebe7e3a7db,Tcbd316ec8fb0,sodium chloride 0.9% injection bags@2019-10-20,2023-12-21,month_year,2024-12-31,0,0,0,0,0
Se700d1bfe079,E8547febd2715,Tb9cec91a28ba,amphetamine aspartate; amphetamine sulfate; dextroamphetamine saccharate; dextroamphetamine sulfate tablets@2023-01-13,2025-05-20,month_year,2025-06-30,0,0,0,0,0
Se70abdb28c60,E846a114ff659,Tbfc073375306,lidocaine hydrochloride (xylocaine) injection with epinephrine@2019-10-20,2025-12-12,month_year,2026-03-31,0,0,0,0,0
Se70d8279cf92,E623cc16c60cb,Tf770736d2bc4,pantoprazole sodium for injection@2019-10-20,2023-02-16,month_year,2023-09-30,0,0,0,0,0
Se7217b152541,E7c0421571893,T4e3f8d95d695,"hydromorphone hydrochloride injection, usp@2019-10-20",2025-04-11,month_year,2025-05-31,0,0,0,0,0
Se749e483522d,E6f7c7a165c0b,T94ce24ceeaf0,lidocaine hydrochloride (xylocaine) and dextrose injection solution-premix bags@2019-10-20,2023-03-17,month_year,2023-12-31,0,1,0,0,0
Se76900e84ac4,E3e748accc263,T0fb666419613,carboplatin injection@2023-05-14,2023-05-08,quarter,2023-09-30,0,0,1,0,0
Se77347fe332d,E17b2337598ba,T759a7920d144,cisplatin injection@2023-03-02,2023-03-01,month_year,2023-03-31,0,0,0,0,0
Se778ee9ba174,Eb4e4eaf6b8ee,T37a5a86ea958,amphetamine aspartate; amphetamine sulfate; dextroamphetamine saccharate; dextroamphetamine sulfate tablets@2023-01-13,2023-01-17,part_of_month,2023-04-20,0,0,0,0,0
Se781dc496e1f,E339d90d76e35,T950df030cc62,amphetamine aspartate; amphetamine sulfate; dextroamphetamine saccharate; dextroamphetamine sulfate tablets@2023-01-13,2024-05-15,month_year,2024-06-30,0,0,0,0,0
Se79cf5bf116e,E413b8e2e691e,Tc9e3cef23ee5,clindamycin phosphate injection@2023-03-25,2024-07-15,month_year,2024-09-30,1,0,1,0,0
Se7c7471efc83,E9f57effb224b,T686a91c2b0c2,"midazolam injection, usp@2020-04-02",2025-12-19,month_year,2025-12-31,0,0,0,1,0
Se806eac92162,Ebe248246141b,T528c88bb1fc8,somatropin (saizen) injection@2023-01-13,2024-10-28,month_year,2025-12-31,0,0,0,0,0
Se82868513dcc,E00bc23460799,Tb2ba87512eb1,lisdexamfetamine dimesylate capsule@2023-11-14,2024-02-02,month_year,2024-03-31,0,0,0,0,0
Se84eed4c34d7,E8f6eb295a449,T95ae1724051a,ketorolac tromethamine injection@2019-10-20,2023-09-14,part_of_month,2023-09-20,1,0,0,0,0
Se85041ec03f4,E184bec2276ba,T1c83c0a99c13,lidocaine hydrochloride (xylocaine) and dextrose injection solution-premix bags@2019-10-20,2023-01-04,month_year,2023-01-31,0,0,0,0,0
Se871d18adb9e,Ec7a056c99164,T9d9ebd089534,leucovorin calcium lyophilized powder for injection@2019-10-20,2024-11-25,month_year,2024-12-31,0,0,0,0,0
Se8771730857e,E4658c44f954a,T50e06bdd24bf,amphetamine aspartate; amphetamine sulfate; dextroamphetamine saccharate; dextroamphetamine sulfate tablets@2023-01-13,2024-03-15,quarter,2024-03-31,0,0,0,0,0
Se8af20615746,Ef149049a8402,Taf37f016a576,amphetamine aspartate; amphetamine sulfate; dextroamphetamine saccharate; dextroamphetamine sulfate tablets@2023-01-13,2025-05-15,month_no_year,2025-08-31,0,0,0,1,0
Se8bbc2d5c822,Ea8e29f7755a5,T205d942563aa,carboplatin injection@2023-05-14,2023-10-24,month_year,2023-11-30,0,0,0,0,0
Se8c0cd734c29,E22ed249eadfb,Ta966d0598c08,lidocaine hydrochloride (xylocaine) and dextrose injection solution-premix bags@2019-10-20,2025-11-26,month_year,2026-03-31,0,0,0,0,0
Se8c763761f46,Eba618152e2a8,Tf78f13d89233,carboplatin injection@2023-05-14,2024-09-11,month_year,2024-12-31,0,0,0,0,0
Se8e0060de502,Eb949da2f0f2f,T075ff2870e21,hydroxocobalamin injection@2024-11-25,2025-02-07,quarter,2025-06-30,0,1,0,1,0
Se8e130363980,Ec110b722836d,T507c8aa40a1b,ketamine injection@2019-10-20,2023-09-15,part_of_month,2023-10-31,0,0,0,1,0
Se96172f9b0a4,E22242d6c5ca5,T88d6ecb1417d,carboplatin injection@2023-05-14,2023-08-21,month_year,2023-12-31,0,0,1,0,0
Se97146f0cddc,Eadbca4b6d258,T4b6c4152e302,dextrose 25% injection@2022-10-04,2023-04-28,month_year,2023-09-30,0,0,0,0,0
Se9ab9ab7a279,E3c24d96b7d16,T331ea9f50948,dobutamine hydrochloride injection@2019-10-20,2025-02-20,month_year,2025-03-31,0,0,0,0,0
Se9d3d9df61ec,E469bdc98e7fe,Ta966d0598c08,lidocaine hydrochloride (xylocaine) and dextrose injection solution-premix bags@2019-10-20,2023-01-09,month_year,2023-09-30,0,0,1,0,1
Sea09cd525b3e,E50922a054e1a,T840367ef6d8b,"dacarbazine for injection, usp@2021-11-30",2024-03-20,month_year,2024-03-31,1,0,1,0,0
Sea0cbc0753ad,E2016f989236d,Tdbcedad43e29,lidocaine hydrochloride (xylocaine) injection with epinephrine@2019-10-20,2023-01-09,month_year,2023-09-30,0,0,0,0,0
Sea1bd69b34cc,E429634018193,T9ac4aca13e01,mepivacaine hydrochloride injection@2021-08-02,2023-01-26,month_year,2023-02-28,0,0,0,0,0
Sea2f09c7b2c5,E99652140dbe6,Tbc4f3b378a3c,"lorazepam injection, usp@2019-10-20",2023-12-27,month_year,2024-03-31,1,0,0,0,0
Sea31abc9dc94,E71e18439a057,T4966ee585308,sterile water@2021-11-30,2025-02-07,month_year,2025-03-31,0,0,1,0,0
Sea45d8ec5248,E14b3911a23ce,T1d565d3876a2,cytarabine injection@2021-10-06,2024-04-16,month_year,2024-05-31,0,0,0,0,0
Sea61aa9a00fd,E268fbff2008c,Tcb8c757dbeaf,dextrose 25% injection@2022-10-04,2023-11-29,month_year,2024-03-31,0,0,0,0,0
Sea6aceaee9b1,E76bddd8ac4fc,Ta966d0598c08,lidocaine hydrochloride (xylocaine) and dextrose injection solution-premix bags@2019-10-20,2025-12-19,month_year,2026-03-31,0,0,0,0,0
Sea79232ea2fe,E066c9f157c79,T134ca3bb44df,clonazepam tablets@2023-03-25,2025-01-23,month_year,2025-03-31,0,0,0,0,0
Sea7a72628045,E655b9c27069b,T07c74eaac446,erythromycin ophthalmic ointment@2022-10-04,2024-01-02,month_year,2024-07-31,0,0,0,1,0
Seb0564ebaf91,Ed72f15fdd1c6,Tad2d0c86cce0,etomidate injection@2022-10-06,2023-01-24,month_year,2023-02-28,0,0,0,0,0
Seb134b7b2be5,Ea7ff4b430679,T2e4b0dd66691,"bupivacaine hydrochloride injection, usp@2019-10-20",2023-09-11,month_year,2024-03-31,0,0,0,1,0
Seb1f60bfdfa6,Ec542316ba71d,T12c07c6f9a24,dopamine hydrochloride injection@2019-10-20,2023-02-16,month_year,2023-06-30,0,1,0,0,0
Seb3ac925550b,Eb0cefc48ab78,T5af6312c3288,fentanyl citrate (sublimaze) injection@2019-10-20,2023-01-09,month_year,2023-09-30,0,0,0,0,0
Seb44bf4c49d7,E61201da5c19d,T2f63e4ba5936,dexmedetomidine injection@2020-06-12,2025-10-23,month_year,2025-12-31,0,0,0,0,0
Seb4a677c8aa5,E6590747b0c4e,T0c7c2611ce8e,"potassium acetate injection, usp@2019-10-20",2023-04-28,month_year,2023-09-30,0,0,1,1,0
Seb5696066325,Ebfd5e039d5fc,Tcbe963ffcb71,dobutamine hydrochloride injection@2019-10-20,2025-01-14,month_year,2025-12-31,0,0,0,0,0
Seb90dda3ac45,Ec6bf97ee6cda,T1adbd4b0e0b2,leucovorin calcium lyophilized powder for injection@2019-10-20,2025-04-11,month_year,2025-06-30,0,0,0,0,0
Seb98d387db18,Ea9e3769885ac,T0f19dfaf2fbe,"epinephrine injection, 0.1 mg/ml@2019-10-20",2024-04-02,month_year,2025-03-31,0,0,0,0,1
Seba3baffa8f1,E8b0e10474f8b,Tbf96f0d92d1d,dexamethasone sodium phosphate injection@2019-10-20,2025-07-15,month_year,2025-08-31,0,1,0,0,0
Sebc7f09b636b,E7346761250cb,Tc79d3e856dea,carboplatin injection@2023-05-14,2023-12-27,month_year,2024-06-30,0,1,1,0,0
Sebd615824b55,Ead4372fb65fd,Td24727dbb5b7,"methylphenidate hydrochloride tablet, extended release@2023-11-14",2024-05-02,range,2024-09-30,0,0,0,0,0
Sebf3c3a8bcc8,Eec2d52c59d31,T0fb666419613,carboplatin injection@2023-05-14,2023-08-21,month_year,2023-12-31,0,1,0,1,0
Sebfa2486cfb0,E6afa018e9ae8,Tef056971473d,amphetamine aspartate; amphetamine sulfate; dextroamphetamine saccharate; dextroamphetamine sulfate tablets@2023-01-13,2024-02-06,month_year,2024-03-31,1,0,0,0,0
Sec2227aba79f,E0ff2d2100778,Te44347279dcc,fludarabine phosphate injection@2022-10-04,2023-01-26,month_year,2023-02-28,0,0,0,0,0
Sec41af9818bf,Ef578322ee79a,T6db81e214ff8,"morphine sulfate injection, usp@2019-10-20",2025-11-26,month_year,2026-03-31,0,0,1,0,0
Sec5675d6dfbd,E147c48835dc0,T0338c46accef,atropine sulfate injection@2019-10-20,2024-07-15,month_year,2025-04-30,0,0,0,0,0
Sec7de0d4f148,E44ed745f2445,T163958aaef46,amoxicillin oral powder for suspension@2023-01-13,2024-12-06,month_year,2025-02-28,0,0,0,0,0
Sec82ad84c627,E3de3149c2948,T44288e706fa7,"triamcinolone acetonide (triesence) injection, suspension@2021-10-06",2023-02-17,relative,2024-08-10,0,0,0,0,0
Sec9382a85b31,E7827f33ccc24,Tc11f40ba48a3,somatropin (saizen) injection@2023-01-13,2024-07-15,month_year,2024-12-31,0,0,0,0,0
Sec988e625316,Eb8de63d3e2ef,T5b9cfc98457f,potassium chloride injection@2021-11-30,2023-01-04,month_year,2023-01-31,0,0,0,0,0
Seca126a0104c,E9396ed3d979a,T423238d56df2,"midazolam injection, usp@2020-04-02",2023-01-20,month_year,2023-03-31,0,1,0,0,0
Seca7adc5124f,E3ba5b0ac2d3f,T47385153e5b5,lidocaine hydrochloride (xylocaine) injection with epinephrine@2019-10-20,2024-05-24,month_year,2025-06-30,0,0,0,0,0
Secb8a3034646,Eaaa458bb8fa6,Tf8f821ebb2f4,amphetamine aspartate; amphetamine sulfate; dextroamphetamine saccharate; dextroamphetamine sulfate tablets@2023-01-13,2025-01-16,month_no_year,2025-02-28,0,0,0,0,1
Secc60bce69de,Ee8bc7f8fbe43,T7a5ead366ee5,lidocaine hydrochloride (xylocaine) and dextrose injection solution-premix bags@2019-10-20,2025-07-31,month_year,2025-09-30,0,0,0,0,0
Sece777bcbf64,E3e1b3133056e,T040a68b1e1e6,"bupivacaine hydrochloride injection, usp@2019-10-20",2023-12-27,month_year,2024-06-30,0,0,0,0,0
Seced84eb30f9,Ee8e256bd1cce,T12faa7e05a8e,dextrose 25% injection@2022-10-04,2025-01-14,month_year,2025-03-31,0,0,0,0,0
Secf190c17aa0,E855b0c518b1c,Tfb7ccbdd0e90,tirzepatide injection@2023-01-13,2024-01-19,month_year,2024-02-29,0,0,0,0,0
Sed28bceffbeb,Ea4fb0f33a5be,T6734608fbdba,"methylphenidate hydrochloride tablet, extended release@2023-11-14",2024-03-15,exact_day,2024-03-20,0,0,0,0,0
Sed319744203b,E23cee17ce2f4,T72bc27f49da7,carboplatin injection@2023-05-14,2024-04-18,month_year,2024-09-30,0,1,0,0,0
Sed5d3cf5f2e3,E973715608d5c,Tbfc073375306,lidocaine hydrochloride (xylocaine) injection with epinephrine@2019-10-20,2025-06-09,month_year,2025-12-31,0,0,0,0,0
Sed6b6201e4ae,E2b2e0df1cea0,Tc070c86c298b,leucovorin calcium lyophilized powder for injection@2019-10-20,2023-02-24,month_year,2023-03-31,0,0,0,0,0
Sed6e636e4d2a,Ecdd9688dabe8,T9c91bbd0c11d,etomidate injection@2022-10-06,2023-03-17,month_year,2023-12-31,0,0,0,0,0
Sed85f3c00d76,E70fca89011ac,Tcbe963ffcb71,dobutamine hydrochloride injection@2019-10-20,2024-10-28,month_year,2024-12-31,0,1,0,0,0
Sed984b27511e,Eeea58c18b85c,T61b53d1f3a7c,atropine sulfate injection@2019-10-20,2024-09-04,month_year,2024-09-30,0,1,0,0,0
Seda81b4bc734,E6e3cf5f348b9,Tc10b4adf1780,ketamine injection@2019-10-20,2023-02-21,month_year,2023-03-31,0,0,0,0,0
Sedf34fd448c7,E6b264994b195,T21a48c1e7aa7,lidocaine hydrochloride (xylocaine) injection with epinephrine@2019-10-20,2023-09-11,month_year,2024-09-30,0,0,0,0,0
See3dfe9c357d,Eb20422050cb9,T43bfe32cf083,methylprednisolone acetate injection@2022-10-04,2023-02-16,month_year,2023-02-28,0,0,0,0,0
See43d4a3baed,E3066cb61d2c2,Tee42bf5d56d1,lidocaine hydrochloride (xylocaine) injection with epinephrine@2019-10-20,2023-03-17,month_year,2023-06-30,0,1,0,0,0
See4dbc1ae133,Edf08305ce341,Taf37f016a576,amphetamine aspartate; amphetamine sulfate; dextroamphetamine saccharate; dextroamphetamine sulfate tablets@2023-01-13,2024-05-02,month_year,2024-09-30,0,0,0,0,0
See585d1a3e8f,Eab070d2e3e9b,T56b048433add,fentanyl citrate (sublimaze) injection@2019-10-20,2023-02-16,month_year,2023-03-31,0,0,0,0,0
See5b92fa141b,E9083b6ef95a2,Ta2210e1682be,promethazine (phenergan) injection@2023-12-07,2024-02-22,range,2024-04-30,1,1,1,0,0
See7859ec3ff9,E28d8b0e91be6,T990dc2b76eb7,methamphetamine hydrochloride tablets@2023-03-25,2023-08-28,month_year,2023-12-31,0,0,0,0,0
See88920e152f,E7494be9fd607,T36b0b5fc1ed3,dopamine hydrochloride injection@2019-10-20,2023-01-09,month_year,2023-06-30,0,0,0,0,0
See8e225e8096,Ebe7d04572317,T7bf2a72e629a,isoniazid tablet@2023-11-14,2023-09-11,month_year,2023-09-30,0,0,0,0,0
See90852346ab,E18ab8e02c17e,T225eaf2545de,ketorolac tromethamine injection@2019-10-20,2023-03-10,month_year,2023-04-30,1,0,0,0,0
See95adb7fc4c,E19b5cd541fb6,T873f3f5e2a4f,"hydromorphone hydrochloride injection, usp@2019-10-20",2024-01-18,month_year,2024-02-29,0,0,0,0,0
Seeaf7a90ed1f,Eb09da106a847,T9d51c7da5283,"sodium acetate injection, usp@2019-10-20",2024-02-27,quarter,2024-12-31,0,0,0,0,0
Seeb3658cd84f,E4c207f607090,T4c1bdf68505c,sterile water@2021-11-30,2024-11-12,month_year,2024-12-31,0,0,1,0,0
Seebfd5f2ad62,E483ff8c6defa,T23a95b7969db,"hydromorphone hydrochloride injection, usp@2019-10-20",2024-04-26,month_year,2024-07-31,0,0,0,0,0
Seecc468e432d,E60191d5f1643,T0fe345d6daf2,ketorolac tromethamine injection@2019-10-20,2024-04-17,month_year,2024-06-30,0,0,0,0,0
Seefbcec33511,E869b5aa533d5,Tccbdf26e7d4c,dobutamine hydrochloride injection@2019-10-20,2024-03-28,month_year,2024-06-30,0,1,0,1,0
Sef11e27f0a68,E1fdc4ffdb0f6,Tbfc073375306,lidocaine hydrochloride (xylocaine) injection with epinephrine@2019-10-20,2024-03-28,month_year,2025-06-30,0,0,1,0,0
Sef29fbdda88f,E98d6c0275d70,Tc84ad32e1fb4,ropivacaine hydrochloride injection@2019-10-20,2023-10-13,month_year,2023-11-30,1,0,0,0,0
Sef436553c6ca,E85734b119faf,T0a62d8b6367d,etomidate injection@2022-10-06,2023-03-17,month_year,2023-12-31,0,0,0,0,0
Sef468e0cdc1e,E0b7eabb30234,Tc0ae027fa46f,lidocaine hydrochloride (xylocaine) and dextrose injection solution-premix bags@2019-10-20,2024-01-23,month_year,2024-02-29,0,0,0,0,0
Sef48fddbb44f,E18890cbe31dc,T16ff0303ff99,rocuronium bromide injection@2023-03-02,2023-04-28,month_year,2023-12-31,0,0,0,0,0
Sef5202b615fd,Ef1bc20a526c1,T2f160a5e83bf,lidocaine hydrochloride (xylocaine) injection with epinephrine@2019-10-20,2024-04-08,month_year,2024-04-30,0,0,0,0,0
Sef6e594843a6,Eac3b15c782a0,Tdad017df0351,lidocaine hydrochloride (xylocaine) and dextrose injection solution-premix bags@2019-10-20,2025-11-19,month_year,2025-12-31,0,0,0,0,0
Sef7a9f4f07c0,Ef620c580d084,Ta98a9ea5aefa,pantoprazole sodium for injection@2019-10-20,2023-01-20,month_year,2023-06-30,0,1,0,0,0
Sef7d1d9225ce,E1e64da5bba98,T47385153e5b5,lidocaine hydrochloride (xylocaine) injection with epinephrine@2019-10-20,2023-03-17,month_year,2023-09-30,0,0,0,0,0
Sef7ffc5a3e3e,E667b49d9e8a3,T1c553550a314,"methylphenidate hydrochloride tablet, extended release@2023-11-14",2024-07-08,month_year,2024-10-31,1,0,0,0,0
Sefbca663ef5a,E4a662f2c4113,T88d6ecb1417d,carboplatin injection@2023-05-14,2023-05-08,quarter,2023-12-31,0,0,0,0,0
Sefdae3c10265,Ed082b8a0c402,Tccbdf26e7d4c,dobutamine hydrochloride injection@2019-10-20,2025-06-09,month_year,2025-06-30,0,0,0,0,0
Sefdb46befae2,Eb089de7bf13e,T4e0f621504be,remifentanil (ultiva) lyophilized powder for solution injection@2022-10-04,2024-11-20,quarter,2024-12-31,0,1,0,0,0
Sefe19d42df8a,E2c85e693270a,T2e97501e2c03,dexamethasone sodium phosphate injection@2019-10-20,2024-04-08,month_year,2024-04-30,0,0,0,0,0
Seff059e4c91f,E8dedd3d9c0ab,T280b91db89c7,"valproate sodium injection, usp@2021-01-17",2025-01-21,month_year,2025-02-28,0,0,0,0,0
Sf0069b139599,E4a52595ab5bb,T21a48c1e7aa7,lidocaine hydrochloride (xylocaine) injection with epinephrine@2019-10-20,2023-01-20,month_year,2023-12-31,0,1,0,0,0
Sf006ee76a884,Ed1578684de6a,T66373c148c7f,"bupivacaine hydrochloride injection, usp@2019-10-20",2023-02-16,month_year,2023-09-30,0,0,0,0,0
Sf0084126c05a,E215aa7e12386,Tac901da4b51a,"methylphenidate hydrochloride tablet, extended release@2023-11-14",2025-03-04,part_of_month,2025-04-20,0,0,0,0,0
Sf01b927a6031,Ecb3bcf898878,T88c2c68f7058,lidocaine hydrochloride (xylocaine) injection with epinephrine@2019-10-20,2024-07-15,month_year,2025-03-31,0,0,0,0,0
Sf0253322c64e,E4a170cd8768b,T3c6eb3067c13,"morphine sulfate injection, usp@2019-10-20",2025-01-03,month_year,2025-04-30,0,0,1,0,0
Sf055358cc948,Ec88e27ef7d2d,T44cea6fb85de,methotrexate sodium injection@2023-03-25,2025-02-25,month_year,2026-03-31,0,0,0,0,0
Sf05c78bfc3cd,E49286748eaec,Tdaa4b6b5b185,methotrexate sodium injection@2023-03-25,2023-03-15,month_year,2023-06-30,0,0,1,0,0
Sf0788ee8f1d1,Ef8073ddeda05,T096334a72b24,dexmedetomidine injection@2020-06-12,2023-12-28,month_year,2024-03-31,0,1,0,0,0
Sf085247d6e6f,Ef7ed50dce2f8,Tbf96f0d92d1d,dexamethasone sodium phosphate injection@2019-10-20,2024-06-05,month_year,2024-06-30,1,0,0,0,0
Sf0b005701286,E3bb2b52ab664,T8562b68731c0,dextrose 25% injection@2022-10-04,2025-05-09,month_year,2025-09-30,0,0,0,0,0
Sf0d298d2bdb1,Ea5a0b1e49461,Te4c2da3a1d63,hydrocortisone sodium succinate injection@2023-03-25,2024-03-28,month_year,2024-03-31,0,0,0,1,0
Sf0e3833dcbd3,E9f430f8bcf01,Tafe07ae7d4b7,"bupivacaine hydrochloride and epinephrine injection, usp@2019-10-20",2024-02-27,quarter,2024-03-31,0,0,0,0,0
Sf0e424ef12f3,Ecbf84d602f0c,T5a0a3bd85dc9,sodium chloride 0.9% injection bags@2019-10-20,2023-01-09,month_year,2023-12-31,0,0,0,0,0
Sf11e852f7f5a,Eb8f4ee2e8187,Tee42bf5d56d1,lidocaine hydrochloride (xylocaine) injection with epinephrine@2019-10-20,2024-07-15,month_year,2025-09-30,0,0,0,0,0
Sf13004620ab9,E1ab0e23dba12,Taa919a978cec,"bupivacaine hydrochloride and epinephrine injection, usp@2019-10-20",2023-02-16,month_year,2024-06-30,0,0,0,0,0
Sf13eb2e39a4f,E39a118ed5338,T71229f65b0b5,cyclopentolate ophthalmic solution@2020-11-10,2023-10-26,quarter,2024-03-31,0,0,0,0,0
Sf1599be1b39e,E61dc8a42bbfa,T0baafc996c44,"bupivacaine hydrochloride and epinephrine injection, usp@2019-10-20",2023-04-28,month_year,2024-03-31,0,0,0,1,0
Sf15d66952be0,Efdea17cafad2,T13553e2997c1,fentanyl citrate (sublimaze) injection@2019-10-20,2023-04-28,month_year,2025-03-31,0,0,0,0,0
Sf1931219ebc8,Efca689f78be1,Taf6c4e4084ce,atropine sulfate injection@2019-10-20,2023-01-25,month_year,2023-06-30,0,0,0,0,0
Sf19931c40366,Ebc4c4e552524,T7f46f599a4ab,penicillin g benzathine injectable suspension@2023-05-14,2025-11-26,month_year,2025-12-31,0,0,0,0,0
Sf1a0fc929366,E37257bc6e24b,T947a9d34b2e2,sodium chloride 0.9% injection bags@2019-10-20,2024-04-08,quarter,2024-06-30,0,0,0,0,0
Sf1ab4c8384a8,E6440b2005ace,Tc4311c37cab9,"hydromorphone hydrochloride injection, usp@2019-10-20",2025-01-27,month_year,2025-03-31,0,0,0,1,0
Sf1c4feb33f51,E082d7cab1faa,T4b6c4152e302,dextrose 25% injection@2022-10-04,2024-05-24,month_year,2024-06-30,0,0,1,0,0
Sf1e0f90fdbb3,E223c47b9d66f,Tcbe963ffcb71,dobutamine hydrochloride injection@2019-10-20,2024-05-24,month_year,2024-09-30,0,0,1,1,0
Sf1f83156fd01,Ef0c2ab5593c2,T8ded85d642ea,lidocaine hydrochloride (xylocaine) and dextrose injection solution-premix bags@2019-10-20,2023-01-09,part_of_month,2023-01-20,0,1,0,0,0
Sf24f678d932f,Eefffeaec04af,Tf5b3a9043027,methylprednisolone acetate injection@2022-10-04,2025-03-11,month_year,2025-03-31,0,0,0,0,0
Sf256b4573010,E41e4ca72c98b,Tb018fe8f4c0d,somatropin (saizen) injection@2023-01-13,2023-11-02,month_year,2024-02-29,0,0,0,1,0
Sf257d026112d,E0d0e335f9af9,T4322499e9c76,cisplatin injection@2023-03-02,2023-04-28,part_of_month,2023-05-31,1,1,0,0,0
Sf2641dfeb566,Efe8ae3846a80,T3ebafc67249c,"bupivacaine hydrochloride and epinephrine injection, usp@2019-10-20",2025-05-23,month_year,2026-03-31,0,0,1,0,0
Sf266712a7d65,E306edfa2dce2,T1c553550a314,"methylphenidate hydrochloride tablet, extended release@2023-11-14",2025-03-11,month_year,2025-05-31,0,0,0,0,0
Sf2818ee48438,E9f65f336be83,Tb8b4b71b2611,sodium chloride 0.9% injection bags@2019-10-20,2025-05-20,month_year,2025-06-30,0,0,0,0,0
Sf28fb348d115,Ec116bfa240e2,T0baafc996c44,"bupivacaine hydrochloride and epinephrine injection, usp@2019-10-20",2023-02-16,month_year,2023-03-31,0,0,0,0,0
Sf2913a9f9728,E42e04be4e358,T82cb0781012b,lidocaine hydrochloride (xylocaine) and dextrose injection solution-premix bags@2019-10-20,2023-09-11,month_year,2024-03-31,0,0,0,0,0
Sf2c2f86b7722,E63153cfa24e1,T3ef6c83888f1,"hydromorphone hydrochloride injection, usp@2019-10-20",2024-05-06,month_year,2024-05-31,0,0,0,0,0
Sf2f786362d2a,E98afb174952d,T1ef81b2d4700,lisdexamfetamine dimesylate capsule@2023-11-14,2025-12-04,month_year,2025-12-31,0,1,0,0,0
Sf3008605b369,Ed33e2948765f,Tf78f13d89233,carboplatin injection@2023-05-14,2023-12-27,month_year,2023-12-31,0,1,0,0,0
Sf3175f41150f,E0565b1113720,Tb26fb47b393c,leucovorin calcium lyophilized powder for injection@2019-10-20,2024-07-11,month_year,2024-10-31,0,1,0,0,0
Sf323df741b34,E69c3a5433b4f,T86aa7fe2644c,indocyanine green injection@2024-09-29,2025-01-06,month_year,2025-03-31,0,0,0,0,0
Sf325e5af3369,E360e5582abba,T62316af05dfc,"bupivacaine hydrochloride and epinephrine injection, usp@2019-10-20",2023-01-09,month_year,2023-06-30,0,0,0,0,0
Sf33f9532617a,E6d04a28715ac,T25806ffd84e4,methotrexate sodium injection@2023-03-25,2025-01-14,month_year,2025-06-30,0,0,0,0,0
Sf35fb4c1ebf0,E275f9c650d09,Tf5b3a9043027,methylprednisolone acetate injection@2022-10-04,2025-07-31,month_year,2025-09-30,0,1,0,0,0
Sf3603d5a77f0,Ee9b979de6897,T88c2c68f7058,lidocaine hydrochloride (xylocaine) injection with epinephrine@2019-10-20,2025-03-11,month_year,2025-06-30,0,0,0,0,0
Sf371e7e998a0,E6704169c4c4f,T9ec46111073f,ropivacaine hydrochloride injection@2019-10-20,2023-01-24,month_year,2023-03-31,1,0,0,1,0
Sf3765d9d98fd,Eaf4a2912611d,T69fd1f150664,"bupivacaine hydrochloride injection, usp@2019-10-20",2023-12-27,month_year,2024-12-31,0,0,0,0,0
Sf38058a610f6,E21b5e08739df,T8c982dd3de9c,sodium chloride 0.9% injection bags@2019-10-20,2023-03-10,month_year,2023-04-30,0,0,0,0,0
Sf386804453e5,Ed1c96ab95614,T7ca9b1bc2485,sterile water@2021-11-30,2023-12-01,quarter,2024-03-31,0,1,1,1,0
Sf3d92f2bf964,E38d6acae4c86,Td06ce930fe95,"methylphenidate hydrochloride tablet, extended release@2023-11-14",2025-06-05,month_year,2025-06-30,0,0,0,0,0
Sf3eb2edda707,Ee127cbe02a59,T353ba1d40009,fentanyl citrate (sublimaze) injection@2019-10-20,2025-05-14,month_year,2025-07-31,0,0,0,0,0
Sf4072519097d,E4d2afb9c1ffa,T5a4892279feb,"enalaprilat injection, usp@2019-10-20",2023-06-15,range,2023-07-31,1,0,0,0,0
Sf40f4cce36cb,E9166bf503df1,Tda45238bfb4c,lisdexamfetamine dimesylate capsule@2023-11-14,2025-07-18,quarter,2025-09-30,0,0,1,0,0
Sf4370b87c569,E5ef28237c138,T44cea6fb85de,methotrexate sodium injection@2023-03-25,2025-02-14,month_year,2026-03-31,0,0,0,0,0
Sf43ee1cb7929,Edf8a0d860197,T040a68b1e1e6,"bupivacaine hydrochloride injection, usp@2019-10-20",2024-01-19,month_year,2024-06-30,0,0,0,0,0
Sf4713c877dc8,E62bc586a58fa,Tfa5d26c556c3,remifentanil (ultiva) lyophilized powder for solution injection@2022-10-04,2024-12-05,month_year,2024-12-31,0,0,1,0,0
Sf49066b12c5e,E437be9a2fef1,Tee42bf5d56d1,lidocaine hydrochloride (xylocaine) injection with epinephrine@2019-10-20,2024-12-13,month_year,2024-12-31,0,0,1,0,0
Sf4c35cd12ad3,E5c95f88a662d,Tbcd33ad8acd9,"bupivacaine hydrochloride injection, usp@2019-10-20",2023-01-20,month_year,2023-12-31,0,0,0,0,0
Sf4db16b64b4d,E2f5fd995c627,T3f1fb5adcb1e,sodium chloride 0.9% injection bags@2019-10-20,2024-12-13,month_year,2025-03-31,0,0,0,0,0
Sf4e121f97937,E9413aa65eafe,T50aad8833f55,lisdexamfetamine dimesylate capsule@2023-11-14,2024-11-15,part_of_month,2024-11-30,0,0,0,0,0
Sf4ec8e7801ad,E92d842d68b14,T0df2df0a1d4e,dexamethasone sodium phosphate injection@2019-10-20,2023-04-21,month_year,2023-06-30,0,0,0,0,0
Sf4efc186ff71,Efbe70a4a1ff1,T3f2f1df1d074,"morphine sulfate injection, usp@2019-10-20",2024-09-25,month_year,2024-10-31,0,0,0,0,0
Sf4f8ef75d7ed,Ec982c5eed3af,Tbc4f3b378a3c,"lorazepam injection, usp@2019-10-20",2024-01-19,month_year,2024-06-30,0,0,0,0,0
Sf4ffb68de56b,E450d9de39d43,Te9f0345efe32,clindamycin phosphate injection@2023-03-25,2023-03-21,month_year,2023-07-31,0,0,0,0,0
Sf50154687af0,E33c6a804a699,Tb421da0aff1a,methylprednisolone acetate injection@2022-10-04,2024-04-15,month_year,2024-06-30,0,0,0,0,0
Sf550bc5be257,E86155b6ea4ad,T9d6e46c25da0,sodium chloride 0.9% injection bags@2019-10-20,2024-11-19,month_year,2024-11-30,0,0,0,0,0
Sf566bf92a1f7,E429874a04a03,T2a79bd039e71,"bupivacaine hydrochloride and epinephrine injection, usp@2019-10-20",2023-02-16,month_year,2023-03-31,0,0,0,0,0
Sf5aaa4aa1268,E9bebc9f79d38,T0c00f93259f5,"bupivacaine hydrochloride injection, usp@2019-10-20",2023-01-09,month_year,2023-12-31,0,0,0,0,0
Sf5dba3b9b642,E9454ded9041c,T5369b905f0d2,"hydromorphone hydrochloride injection, usp@2019-10-20",2024-04-08,month_year,2024-06-30,1,0,0,0,0
Sf5f31dc6b04b,E674b8b221d6c,T50f9c1be8726,lidocaine hydrochloride (xylocaine) and dextrose injection solution-premix bags@2019-10-20,2024-02-22,range,2024-03-31,0,0,0,0,0
Sf63e24492296,E353ce3f410a2,Tdfbaf341fd57,fentanyl citrate (sublimaze) injection@2019-10-20,2023-02-16,month_year,2023-06-30,0,0,0,0,0
Sf681cd497f45,E71a0cd49cc3e,Td3a41beac066,"morphine sulfate injection, usp@2019-10-20",2024-02-27,quarter,2024-06-30,0,0,0,0,0
Sf685021f6118,E5e6f62043c89,T219a78735128,technetium tc-99m pyrophosphate kit injection@2024-01-12,2023-12-27,month_year,2024-02-29,0,0,0,0,0
Sf69423b41c3e,Edd11ff5d3a47,Ta0382fde30d5,leucovorin calcium lyophilized powder for injection@2019-10-20,2024-10-15,month_year,2024-11-30,0,0,0,0,0
Sf6a73a55f88d,Ed3398c511e46,Tfa3758a0afe1,"sodium bicarbonate injection, usp@2019-10-20",2024-07-15,month_year,2024-12-31,0,0,0,0,0
Sf6e4bd14e7c3,Ef7a0cb192581,T62316af05dfc,"bupivacaine hydrochloride and epinephrine injection, usp@2019-10-20",2023-02-16,month_year,2023-06-30,1,0,0,0,0
Sf6e8aaa63d9e,Edb3c6be66228,Tb065d66e02b9,sodium chloride 0.9% injection bags@2019-10-20,2025-05-20,month_year,2025-06-30,0,0,1,0,0
Sf6f1c72e5b5b,E1afb9bf2c1b1,T438350bc8e57,"midazolam injection, usp@2020-04-02",2024-01-23,month_year,2024-02-29,0,1,0,0,0
Sf702e530efe4,Ecebaf210a2c9,Td7e8faf165e9,hydrocortisone sodium succinate injection@2023-03-25,2024-10-28,month_year,2025-06-30,0,0,0,0,0
Sf705f8f6a5c6,E494371b377e4,Te9f0345efe32,clindamycin phosphate injection@2023-03-25,2023-12-19,month_year,2023-12-31,0,0,0,0,0
Sf71ed7a7da04,Eaa585a2552ed,Td3832af67ad1,"sodium bicarbonate injection, usp@2019-10-20",2025-05-23,month_year,2025-09-30,0,0,0,0,0
Sf735049ab6fa,E2fca5296bc40,T64e9ef84d9ad,lidocaine hydrochloride (xylocaine) and dextrose injection solution-premix bags@2019-10-20,2024-07-15,month_year,2025-06-30,0,0,0,0,0
Sf744bc7c44a2,Ea6dd75cd769b,Td7e8faf165e9,hydrocortisone sodium succinate injection@2023-03-25,2025-06-09,quarter,2025-09-30,0,1,0,0,1
Sf7550381bd92,E8fe2f05be055,T4f5b6350b6ff,lisdexamfetamine dimesylate capsule@2023-11-14,2024-12-02,month_year,2024-12-31,0,0,0,0,0
Sf7550dce99a7,E0bee81ac4a64,T2bc8838d69a4,lisdexamfetamine dimesylate capsule@2023-11-14,2024-11-01,month_no_year,2025-02-28,0,0,0,1,0
Sf7625b51f3f8,E0d4d803e1961,T5eb921801b0c,lidocaine hydrochloride (xylocaine) and dextrose injection solution-premix bags@2019-10-20,2023-04-28,month_year,2023-09-30,0,1,0,0,0
Sf76c229e2db3,Ef3e33c872572,Te4c2da3a1d63,hydrocortisone sodium succinate injection@2023-03-25,2023-12-27,month_year,2024-03-31,0,0,0,1,1
Sf778939b5552,Ed787ad156cbd,Tc1fb62dbd5e3,fentanyl citrate (sublimaze) injection@2019-10-20,2023-03-17,month_year,2023-12-31,1,0,0,0,0
Sf7a6a35c63f3,E42d2207ec8a3,T7a5ead366ee5,lidocaine hydrochloride (xylocaine) and dextrose injection solution-premix bags@2019-10-20,2023-03-17,month_year,2023-06-30,0,0,0,1,0
Sf7a95ac97fec,Eb1d255f9ba4b,Tca19a0417af3,lisdexamfetamine dimesylate capsule@2023-11-14,2023-12-19,month_year,2023-12-31,1,0,0,0,0
Sf7adfdb75144,Efbfca50cf890,Tdf97a96dba2f,mannitol injection@2021-10-06,2023-03-17,month_year,2023-12-31,0,0,0,0,0
Sf7af86ce9d86,Eebcbfa6aabc9,T015d369787bf,"hydromorphone hydrochloride injection, usp@2019-10-20",2025-03-11,month_year,2025-08-31,0,0,0,0,0
Sf7c26407b8a3,E4d8c06e9c09c,T95fcf5c308c1,methotrexate sodium injection@2023-03-25,2024-03-28,month_year,2024-09-30,1,0,0,0,0
Sf7d3aad4c3b8,E189213bde184,Tf70af3cc84f6,leucovorin calcium lyophilized powder for injection@2019-10-20,2023-01-17,month_year,2023-04-30,0,0,0,0,0
Sf82b9fb78047,Ea77af01309ee,T77b21e6bbb2d,methotrexate sodium injection@2023-03-25,2025-07-22,relative,2025-09-20,0,0,0,0,0
Sf82bc0a6f1bb,Ec43bfe57853c,T4e0f621504be,remifentanil (ultiva) lyophilized powder for solution injection@2022-10-04,2025-01-14,month_year,2025-02-28,0,0,0,0,0
Sf856319fdc11,E701174097c0a,T57aea3dbb27d,rocuronium bromide injection@2023-03-02,2023-04-26,month_year,2023-12-31,0,0,0,0,0
Sf89ba0ac4d27,E23a2e2fddf98,Td9af7c65970c,clindamycin phosphate injection@2023-03-25,2025-07-23,month_year,2025-09-30,0,0,0,0,0
Sf8af6233639c,E60ba7d207544,T3cc1a1de3d3e,"dacarbazine for injection, usp@2021-11-30",2024-02-22,range,2024-04-30,0,0,0,0,0
Sf8bb7372df21,Ebfc9c3e7f489,T13430dff20a8,sodium chloride 0.9% injection bags@2019-10-20,2024-05-08,month_year,2024-05-31,1,0,0,0,0
Sf9049dc894f8,Ece194505df5c,T6cafe9d8cc03,"sodium bicarbonate injection, usp@2019-10-20",2023-01-20,month_year,2024-03-31,0,0,0,0,0
Sf90f06fc2e40,E5390de5b835e,Tf8f821ebb2f4,amphetamine aspartate; amphetamine sulfate; dextroamphetamine saccharate; dextroamphetamine sulfate tablets@2023-01-13,2025-06-05,quarter,2025-09-30,0,0,0,0,0
Sf914022b48d7,E9c2c829cbb3c,Ta1620c0308aa,ketorolac tromethamine injection@2019-10-20,2023-03-10,month_year,2023-05-31,0,0,0,0,0
Sf93f6e4a5031,Ed42a5804f3d8,T5653b43073a7,sodium chloride 0.9% injection bags@2019-10-20,2024-05-13,quarter,2024-09-30,0,0,0,0,0
Sf94c42f25785,Ed9e0acac8d94,T2517e7d85e01,"sodium bicarbonate injection, usp@2019-10-20",2024-09-11,month_year,2025-06-30,0,0,1,1,0
Sf95b37030bd1,E95bbee44843c,T5c416106e84c,amino acids@2021-01-17,2025-02-20,month_year,2025-03-31,1,1,0,1,0
Sf97c845a96d8,Eec9833e7117d,T930ff704c452,methotrexate sodium injection@2023-03-25,2023-05-08,month_year,2023-06-30,0,0,0,0,0
Sf98fd988bb0e,E3067cbbfece7,T3e7822af61cf,naltrexone hydrochloride tablet@2024-03-01,2025-02-25,relative,2025-06-25,0,0,0,1,0
Sf99f6969de81,E7ab37ba145d2,Td94a3d573678,"bupivacaine hydrochloride injection, usp@2019-10-20",2023-11-01,month_year,2023-11-30,0,0,0,1,0
Sf9adca9802df,E1844254c48b8,T53b4e83a18fb,sterile water@2021-11-30,2023-01-09,month_year,2023-06-30,0,0,0,0,0
Sf9c993381ea4,Eacd4bd91f524,Tad98a263ea3a,lidocaine hydrochloride (xylocaine) injection with epinephrine@2019-10-20,2023-04-21,month_year,2023-05-31,1,0,0,1,0
Sfa18ba76073d,E5d1bc6335441,Tfb9eb95dd0cc,lisdexamfetamine dimesylate capsule@2023-11-14,2025-02-07,part_of_month,2025-02-28,0,0,0,0,0
Sfa329329e5a3,E29e199e0f6e3,T5653b43073a7,sodium chloride 0.9% injection bags@2019-10-20,2024-04-08,month_year,2024-04-30,0,0,0,0,0
Sfa4f7df876a0,Ee412c4bbfda0,Tbcd33ad8acd9,"bupivacaine hydrochloride injection, usp@2019-10-20",2023-01-09,month_year,2023-12-31,0,0,0,0,0
Sfa618abed85b,Eae08aea64446,T029a0b187f27,lisdexamfetamine dimesylate capsule@2023-11-14,2025-05-20,month_year,2025-06-30,0,0,0,0,0
Sfa7da7d80926,Ed5905843841a,Td424c1ded091,potassium chloride injection@2021-11-30,2023-09-11,month_year,2023-12-31,1,0,0,0,0
Sfa978cbc672d,E5298de173bd1,Tdf1dee538ae8,sodium chloride 0.9% injection bags@2019-10-20,2025-02-20,month_year,2025-05-31,0,0,0,0,1
Sfa9970908750,E6a4c1dc124a4,Tb70697d3b59f,"bumetanide injection, usp@2019-10-20",2023-05-16,range,2023-06-30,0,0,0,0,0
Sfab720e9e285,E975a8921a897,Taff0f00f17dc,methotrexate sodium injection@2023-03-25,2024-02-27,quarter,2024-09-30,0,0,0,0,0
Sfabd1cc71a00,E907bd3bd7459,Ta8000c6a2e2d,"bupivacaine hydrochloride and epinephrine injection, usp@2019-10-20",2025-03-11,month_year,2025-12-31,0,1,0,0,1
Sfb20d90b0dd0,E226f3afa1f1d,Td33cdc1e09b8,leucovorin calcium lyophilized powder for injection@2019-10-20,2023-11-29,month_year,2024-01-31,0,0,0,1,0
Sfb29de59a2be,E8422eead0ac9,Tb1fca5e03365,hydrocortisone sodium succinate injection@2023-03-25,2023-03-24,month_year,2023-06-30,0,0,0,0,0
Sfb2d095de5d1,E4397e993519e,Tb1968fba8011,lidocaine hydrochloride (xylocaine) and dextrose injection solution-premix bags@2019-10-20,2024-02-27,quarter,2024-06-30,0,0,0,0,0
Sfb33d1b8ec13,E41728ed5c950,Tf8f821ebb2f4,amphetamine aspartate; amphetamine sulfate; dextroamphetamine saccharate; dextroamphetamine sulfate tablets@2023-01-13,2023-03-01,month_year,2023-04-30,0,0,0,0,0
Sfb367b9e5685,E9712c50bd8fb,T0fb666419613,carboplatin injection@2023-05-14,2024-02-06,month_no_year,2024-02-29,0,0,0,0,0
Sfb41cfe00cdc,Ea5b4978a3bae,T5a5774d6e6ed,"midazolam injection, usp@2020-04-02",2024-02-27,quarter,2024-06-30,0,0,0,0,0
Sfb62e5ea33d4,E72c2973e0512,Tde7042e0afbb,"bupivacaine hydrochloride injection, usp@2019-10-20",2024-02-27,quarter,2024-03-31,0,1,0,0,0
Sfb6854d4fa5f,E457e78f68f88,T62316af05dfc,"bupivacaine hydrochloride and epinephrine injection, usp@2019-10-20",2023-12-27,month_year,2024-06-30,0,1,1,0,0
Sfb80c2a49357,E041577a85b7b,T096334a72b24,dexmedetomidine injection@2020-06-12,2023-09-11,month_year,2023-12-31,0,0,0,0,0
Sfb96a658ae1b,Ea5d8fb655476,T38b37fbd50b6,remifentanil (ultiva) lyophilized powder for solution injection@2022-10-04,2024-09-16,month_year,2024-10-31,0,0,0,1,0
Sfba01416018a,E41a04f963dd6,Teb2f87303712,mannitol injection@2021-10-06,2023-11-29,month_year,2023-12-31,0,0,0,0,0
Sfbad5d3f1014,E82e000e3eaaa,T7a36f20681e1,lidocaine hydrochloride (xylocaine) injection with epinephrine@2019-10-20,2023-01-04,month_year,2023-01-31,0,0,0,0,0
Sfbcc59c5b7b6,E8355fcde5c50,T7002932c8586,sulfasalazine tablets@2020-06-12,2023-09-11,month_year,2024-12-31,0,0,0,0,0
Sfbd07b231db1,E57f3fd34a8b9,Tab6518249eb7,methotrexate sodium injection@2023-03-25,2023-03-13,month_year,2023-09-30,1,0,0,0,1
Sfbd15b489914,E3041ac7dc916,T23f940b71b27,methylprednisolone acetate injection@2022-10-04,2023-01-09,month_year,2023-03-31,1,0,0,0,0
Sfbd5f8e69d66,E98f15a9f0d78,Ta7dae38c5d39,sodium phosphate injection@2021-10-06,2024-07-15,month_year,2024-09-30,0,0,0,0,0
Sfbd72730530d,E869bfd37fef8,T94e4e534d638,chloroprocaine hydrochloride injection@2021-05-21,2023-01-04,month_year,2023-02-28,0,0,0,0,0
Sfbede534bdee,E781222a06456,Ta1e5b17b3538,amphetamine aspartate; amphetamine sulfate; dextroamphetamine saccharate; dextroamphetamine sulfate tablets@2023-01-13,2023-01-13,month_year,2023-03-31,0,0,0,0,0
Sfc0524e4787b,Ea06a1a6ccb17,Ta7dae38c5d39,sodium phosphate injection@2021-10-06,2023-03-17,month_year,2023-06-30,1,0,0,0,0
Sfc1c657f960e,Ea7b330c2bf85,T5cbaa57973c8,heparin sodium and sodium chloride 0.9% injection@2019-10-20,2025-01-14,month_year,2025-03-31,0,1,0,1,0
Sfc23a1ae7dc2,Ea8ddd562ce33,Tdf97a96dba2f,mannitol injection@2021-10-06,2023-02-16,month_year,2023-12-31,1,0,0,1,0
Sfc6dc6781de0,E4fa2ef020e56,T0e8136553393,etomidate injection@2022-10-06,2025-05-19,month_year,2025-06-30,0,1,0,0,0
Sfc7efdcb2947,E9b4f6a027c8d,T9c91bbd0c11d,etomidate injection@2022-10-06,2025-01-14,month_year,2025-03-31,0,0,0,0,0
Sfc9cbceee0e7,E23d7e4c53f9a,T49d628d0408f,carboplatin injection@2023-05-14,2023-09-11,month_year,2023-12-31,0,1,0,0,0
Sfcb5c3eedc57,Ec607910cbc47,Tca19a0417af3,lisdexamfetamine dimesylate capsule@2023-11-14,2025-02-07,part_of_month,2025-02-28,0,0,0,0,0
Sfcc8a1af7666,E02028eadd2ec,T03444ba8796a,"furosemide injection, usp@2020-06-12",2025-01-14,month_year,2025-01-31,0,0,0,0,0
Sfccbfcac4aa0,E29a83cc2e4ae,Tbf96f0d92d1d,dexamethasone sodium phosphate injection@2019-10-20,2024-01-18,month_year,2024-02-29,0,0,0,0,0
Sfcf339a36691,E0e40ae2c6cd1,T99e956591e9e,amoxicillin oral powder for suspension@2023-01-13,2023-05-08,month_year,2023-05-31,0,1,0,0,0
Sfd3931b7402d,Eb962ba111372,T3c347b913209,heparin sodium and sodium chloride 0.9% injection@2019-10-20,2024-05-08,month_year,2024-05-31,0,0,0,0,0
Sfd4b8e5d49da,Ea28e204456e3,T851aebdbadbf,somatropin (saizen) injection@2023-01-13,2023-09-11,month_year,2023-12-31,0,0,0,0,0
Sfd4dcc7ab8f9,E85a7cbd0c8af,T53b4e83a18fb,sterile water@2021-11-30,2024-12-13,month_year,2024-12-31,0,1,0,0,0
Sfd8b0e61158c,E92f113b0d09e,T22cc2669eba2,sodium chloride 0.9% injection bags@2019-10-20,2023-12-12,month_year,2024-01-31,0,0,0,1,0
Sfd8efe330237,Eb4949ee09fd3,Tb1968fba8011,lidocaine hydrochloride (xylocaine) and dextrose injection solution-premix bags@2019-10-20,2023-02-22,month_year,2023-12-31,0,0,0,0,0
Sfd9c454381e2,E4a562c0051e5,T9e1fc74e4966,dextrose 25% injection@2022-10-04,2023-01-04,month_year,2023-01-31,0,0,0,0,0
Sfdc66035427d,E4443a0c13963,T62316af05dfc,"bupivacaine hydrochloride and epinephrine injection, usp@2019-10-20",2024-07-15,month_year,2024-12-31,0,0,0,0,0
Sfde07618aefb,E410202371862,T62fb4bd610d0,amino acids@2021-01-17,2025-03-14,month_year,2025-04-30,1,0,0,1,0
Sfe3a4fdc9cb3,Ea7745d9330c0,T5369b905f0d2,"hydromorphone hydrochloride injection, usp@2019-10-20",2024-02-27,quarter,2024-06-30,0,1,0,0,0
Sfe53d9492a74,E775b5fec0a5d,Tcca9f4907b81,somatropin (saizen) injection@2023-01-13,2023-12-27,quarter,2024-06-30,0,0,0,0,0
Sfe7758e79ef8,E8913855726d5,T68b3e3fc6e9a,dobutamine hydrochloride injection@2019-10-20,2023-03-17,month_year,2023-06-30,0,0,0,1,0
Sfe84a82ba305,Eb404d605390e,T7157fc237f3d,"methylphenidate hydrochloride tablet, extended release@2023-11-14",2023-12-06,month_year,2024-01-31,0,0,0,0,0
Sfeafea4056fe,E8b230261e701,T42aaae03ac91,naltrexone hydrochloride tablet@2024-03-01,2024-02-29,month_no_year,2024-03-31,0,0,0,0,0
Sfecb46b093aa,Ea82a596abf47,T219a78735128,technetium tc-99m pyrophosphate kit injection@2024-01-12,2024-11-25,quarter,2025-06-30,1,0,0,1,0
Sfecd876928e4,E08374548831f,T1c1fe40145b3,sulfasalazine tablets@2020-06-12,2023-02-16,quarter,2023-03-31,0,0,1,1,0
Sff278c876902,Ec43c103ad556,Td97d1c67e774,somatropin (saizen) injection@2023-01-13,2024-03-13,quarter,2024-09-30,0,1,0,1,0
Sff59bbd2f656,E314a79e4337a,T98ab9124ffcb,"hydromorphone hydrochloride injection, usp@2019-10-20",2024-09-11,month_year,2025-03-31,0,0,0,0,0
Sff7f20790ffd,E4e8caab1df06,T858d046154e1,"methylphenidate film, extended release@2025-03-17",2025-03-03,part_of_month,2025-05-31,0,0,0,0,0
Sff7fe05bc3de,E2700792c613f,Taf6fab5bf33e,methotrexate sodium injection@2023-03-25,2023-07-28,month_no_year,2023-08-31,0,0,0,0,0
Sffba674f9282,Ea9b9fbabf222,T8d2d707dba92,somatropin (saizen) injection@2023-01-13,2024-02-27,quarter,2024-09-30,0,0,0,0,0
Sffbbfac85a63,Ed234da037637,Tb421da0aff1a,methylprednisolone acetate injection@2022-10-04,2024-09-17,month_year,2024-11-30,1,0,0,0,0
Sffd23b5aa5a9,E5dcc3208963b,T2080e0dc61f3,"morphine sulfate injection, usp@2019-10-20",2023-04-28,month_year,2023-06-30,1,0,0,0,0
Sffd4847266cf,Ee04340f884dd,T86fbd150a972,penicillin g benzathine injectable suspension@2023-05-14,2025-12-19,month_year,2025-12-31,0,0,0,0,0
