call_id,arm_id,episode_id,period,model_id,prompt_hash,decoding_hash,attempt_index,outcome,input_tokens,output_tokens,latency_ms,usd_cost,cache_hit,physical
call-000001,arm8_spec_immediate,dev/f1/s1100000/no_alert,32,deepseek/deepseek-chat,sha256:7e9c0b82357afd4a8e1d374744f3a57b62f694ed442f47aed2d26fc851c772f1,det-v1,1,accepted,1961,87,0.003,0.0005935000,true,false
call-000002,arm8_spec_immediate,dev/f1/s1100000/no_alert,48,deepseek/deepseek-chat,sha256:0d050e1cd2999e6b288795270b185496cb5e7a2e8e7147507a046653e1373e14,det-v1,1,accepted,2569,87,0.002,0.0007497560,true,false
call-000003,arm10_spec_eprocess,dev/f1/s1100000/no_alert,32,deepseek/deepseek-chat,sha256:7e9c0b82357afd4a8e1d374744f3a57b62f694ed442f47aed2d26fc851c772f1,det-v1,1,accepted,1961,87,0.002,0.0005935000,true,false
call-000004,arm10_spec_eprocess,dev/f1/s1100000/no_alert,48,deepseek/deepseek-chat,sha256:0d050e1cd2999e6b288795270b185496cb5e7a2e8e7147507a046653e1373e14,det-v1,1,accepted,2569,87,0.002,0.0007497560,true,false
call-000005,arm12_cth,dev/f1/s1100000/no_alert,32,deepseek/deepseek-chat,sha256:7e9c0b82357afd4a8e1d374744f3a57b62f694ed442f47aed2d26fc851c772f1,det-v1,1,accepted,1961,87,0.002,0.0005935000,true,false
call-000006,arm12_cth,dev/f1/s1100000/no_alert,48,deepseek/deepseek-chat,sha256:0d050e1cd2999e6b288795270b185496cb5e7a2e8e7147507a046653e1373e14,det-v1,1,accepted,2569,87,0.002,0.0007497560,true,false
call-000007,arm12b_cth_llm,dev/f1/s1100000/no_alert,32,deepseek/deepseek-chat,sha256:7e9c0b82357afd4a8e1d374744f3a57b62f694ed442f47aed2d26fc851c772f1,det-v1,1,accepted,1961,87,0.001,0.0005935000,true,false
call-000008,arm12b_cth_llm,dev/f1/s1100000/no_alert,48,deepseek/deepseek-chat,sha256:0d050e1cd2999e6b288795270b185496cb5e7a2e8e7147507a046653e1373e14,det-v1,1,accepted,2569,87,0.001,0.0007497560,true,false
call-000009,arm8_spec_immediate,dev/f1/s1100000/early_accurate,20,deepseek/deepseek-chat,sha256:2455658fe130dd6f13919d893a526bc86f666c4ba9b4b4ec641f5a7f58e8ae53,det-v1,1,accepted,1541,124,0.002,0.0005236330,true,false
call-000010,arm8_spec_immediate,dev/f1/s1100000/early_accurate,32,deepseek/deepseek-chat,sha256:35ba87332a5aa2d7085f5baa32037a4af244e85fec4f59b161611f0d26804fd9,det-v1,1,accepted,1998,117,0.002,0.0006338790,true,false
call-000011,arm10_spec_eprocess,dev/f1/s1100000/early_accurate,20,deepseek/deepseek-chat,sha256:2455658fe130dd6f13919d893a526bc86f666c4ba9b4b4ec641f5a7f58e8ae53,det-v1,1,accepted,1541,124,0.002,0.0005236330,true,false
call-000012,arm10_spec_eprocess,dev/f1/s1100000/early_accurate,32,deepseek/deepseek-chat,sha256:3b3ff85ed86db155b8ae55cdd0edd89113839f4dc3ff48e83171240bef4f1591,det-v1,1,accepted,1998,112,0.002,0.0006287340,true,false
call-000013,arm12_cth,dev/f1/s1100000/early_accurate,20,deepseek/deepseek-chat,sha256:2455658fe130dd6f13919d893a526bc86f666c4ba9b4b4ec641f5a7f58e8ae53,det-v1,1,accepted,1541,124,0.002,0.0005236330,true,false
call-000014,arm12_cth,dev/f1/s1100000/early_accurate,32,deepseek/deepseek-chat,sha256:b571bcd617b7d2a34a31d7d7301da44448d3d9acf347adeef0d8300c9ccf4483,det-v1,1,accepted,1998,122,0.002,0.0006390240,true,false
call-000015,arm12b_cth_llm,dev/f1/s1100000/early_accurate,20,deepseek/deepseek-chat,sha256:2455658fe130dd6f13919d893a526bc86f666c4ba9b4b4ec641f5a7f58e8ae53,det-v1,1,accepted,1541,124,0.002,0.0005236330,true,false
call-000016,arm12b_cth_llm,dev/f1/s1100000/early_accurate,32,deepseek/deepseek-chat,sha256:b3ac21e6c96b3b34d07f051dc291f35fc9dc98f521af7fc263747679ff6cd4cf,det-v1,1,accepted,1998,122,0.002,0.0006390240,true,false
call-000017,arm8_spec_immediate,dev/f1/s1100000/late_accurate,23,deepseek/deepseek-chat,sha256:e22966938597da945101b68dcda471bb0a0a06527565524ac180f6404dc9a066,det-v1,1,accepted,1656,112,0.002,0.0005408400,true,false
call-000018,arm8_spec_immediate,dev/f1/s1100000/late_accurate,32,deepseek/deepseek-chat,sha256:95ea38cd1b3066db27e5bb7b78769df90520e9e84be80125a24370ebb9270053,det-v1,1,fallback,1998,117,0.001,0.0006338790,true,false
call-000019,arm8_spec_immediate,dev/f1/s1100000/late_accurate,32,deepseek/deepseek-chat,sha256:600afe8e7fdf98afa0d82ceca619d662df1474f654f1173c685ad0d8e0389a1d,det-v1,2,accepted_after_repair,2069,148,0.001,0.0006840250,true,false
call-000020,arm10_spec_eprocess,dev/f1/s1100000/late_accurate,23,deepseek/deepseek-chat,sha256:e22966938597da945101b68dcda471bb0a0a06527565524ac180f6404dc9a066,det-v1,1,accepted,1656,112,0.001,0.0005408400,true,false
call-000021,arm10_spec_eprocess,dev/f1/s1100000/late_accurate,32,deepseek/deepseek-chat,sha256:626fc64ab15906f7e15b310b7630908b71850cd13f9e0ba32109738bf4cadf06,det-v1,1,fallback,1998,152,0.002,0.0006698940,true,false
call-000022,arm10_spec_eprocess,dev/f1/s1100000/late_accurate,32,deepseek/deepseek-chat,sha256:e7d71c21365c0990305ff9b3b23b94e072d5ee14be211d1185b0a69d629ab911,det-v1,2,fallback,2070,152,0.001,0.0006883980,true,false
call-000023,arm12_cth,dev/f1/s1100000/late_accurate,23,deepseek/deepseek-chat,sha256:e22966938597da945101b68dcda471bb0a0a06527565524ac180f6404dc9a066,det-v1,1,accepted,1656,112,0.001,0.0005408400,true,false
call-000024,arm12_cth,dev/f1/s1100000/late_accurate,32,deepseek/deepseek-chat,sha256:0342877a062b0f1dbdcffe4150d80578b7ba0418ed8f0ff39006369ea1a6a1dc,det-v1,1,accepted,1997,116,0.002,0.0006325930,true,false
call-000025,arm12b_cth_llm,dev/f1/s1100000/late_accurate,23,deepseek/deepseek-chat,sha256:e22966938597da945101b68dcda471bb0a0a06527565524ac180f6404dc9a066,det-v1,1,accepted,1656,112,0.002,0.0005408400,true,false
call-000026,arm12b_cth_llm,dev/f1/s1100000/late_accurate,32,deepseek/deepseek-chat,sha256:dcc4a451428f0ebbc81b6c3ced32caa824c3eafd1ac28637bbece0dda76397ce,det-v1,1,accepted,1997,63,0.002,0.0005780560,true,false
call-000027,arm8_spec_immediate,dev/f1/s1100000/unreliable,20,deepseek/deepseek-chat,sha256:c034b07f4bc2045116d4fd3fa81205c39adf635da77bdc36d586a135f6e78637,det-v1,1,accepted,1528,87,0.002,0.0004822190,true,false
call-000028,arm8_spec_immediate,dev/f1/s1100000/unreliable,32,deepseek/deepseek-chat,sha256:8cb8a07311949a087b4880566ad16d3b4290f4c6f7d494543225d5b7cf96cffd,det-v1,1,accepted,1984,88,0.001,0.0006004400,true,false
call-000029,arm10_spec_eprocess,dev/f1/s1100000/unreliable,20,deepseek/deepseek-chat,sha256:c034b07f4bc2045116d4fd3fa81205c39adf635da77bdc36d586a135f6e78637,det-v1,1,accepted,1528,87,0.001,0.0004822190,true,false
call-000030,arm10_spec_eprocess,dev/f1/s1100000/unreliable,32,deepseek/deepseek-chat,sha256:8cb8a07311949a087b4880566ad16d3b4290f4c6f7d494543225d5b7cf96cffd,det-v1,1,accepted,1984,88,0.001,0.0006004400,true,false
call-000031,arm12_cth,dev/f1/s1100000/unreliable,20,deepseek/deepseek-chat,sha256:c034b07f4bc2045116d4fd3fa81205c39adf635da77bdc36d586a135f6e78637,det-v1,1,accepted,1528,87,0.001,0.0004822190,true,false
call-000032,arm12_cth,dev/f1/s1100000/unreliable,32,deepseek/deepseek-chat,sha256:cf832afce508a7517df58539d32174a9437362ad53f042e694a4b7a819961a25,det-v1,1,accepted,1984,87,0.002,0.0005994110,true,false
call-000033,arm12b_cth_llm,dev/f1/s1100000/unreliable,20,deepseek/deepseek-chat,sha256:c034b07f4bc2045116d4fd3fa81205c39adf635da77bdc36d586a135f6e78637,det-v1,1,accepted,1528,87,0.002,0.0004822190,true,false
call-000034,arm12b_cth_llm,dev/f1/s1100000/unreliable,32,deepseek/deepseek-chat,sha256:8cb8a07311949a087b4880566ad16d3b4290f4c6f7d494543225d5b7cf96cffd,det-v1,1,accepted,1984,88,0.001,0.0006004400,true,false
call-000035,arm8_spec_immediate,cal/f1/s1100001/no_alert,27,deepseek/deepseek-chat,sha256:3a26ecf5a9d3283e091fc1aab3c14df138e148830623e24b3e222ed2e3a1946f,det-v1,1,accepted,1771,87,0.002,0.0005446700,true,false
call-000036,arm8_spec_immediate,cal/f1/s1100001/no_alert,35,deepseek/deepseek-chat,sha256:375c28c7fd2bfdd6e829c2185a3463c0fd3521bb96bca8846a2a7c71e4c522e7,det-v1,1,accepted,2075,87,0.001,0.0006227980,true,false
call-000037,arm10_spec_eprocess,cal/f1/s1100001/no_alert,27,deepseek/deepseek-chat,sha256:3a26ecf5a9d3283e091fc1aab3c14df138e148830623e24b3e222ed2e3a1946f,det-v1,1,accepted,1771,87,0.001,0.0005446700,true,false
call-000038,arm10_spec_eprocess,cal/f1/s1100001/no_alert,35,deepseek/deepseek-chat,sha256:375c28c7fd2bfdd6e829c2185a3463c0fd3521bb96bca8846a2a7c71e4c522e7,det-v1,1,accepted,2075,87,0.001,0.0006227980,true,false
call-000039,arm12_cth,cal/f1/s1100001/no_alert,27,deepseek/deepseek-chat,sha256:3a26ecf5a9d3283e091fc1aab3c14df138e148830623e24b3e222ed2e3a1946f,det-v1,1,accepted,1771,87,0.002,0.0005446700,true,false
call-000040,arm12_cth,cal/f1/s1100001/no_alert,35,deepseek/deepseek-chat,sha256:be6af99726b4ce3520a827c6bfea2214c9b666fa8e17ba19b8e82d81a32e7e14,det-v1,1,accepted,2075,88,0.002,0.0006238270,true,false
call-000041,arm12b_cth_llm,cal/f1/s1100001/no_alert,27,deepseek/deepseek-chat,sha256:3a26ecf5a9d3283e091fc1aab3c14df138e148830623e24b3e222ed2e3a1946f,det-v1,1,accepted,1771,87,0.002,0.0005446700,true,false
call-000042,arm12b_cth_llm,cal/f1/s1100001/no_alert,35,deepseek/deepseek-chat,sha256:375c28c7fd2bfdd6e829c2185a3463c0fd3521bb96bca8846a2a7c71e4c522e7,det-v1,1,accepted,2075,87,0.001,0.0006227980,true,false
call-000043,arm8_spec_immediate,cal/f1/s1100001/early_accurate,17,deepseek/deepseek-chat,sha256:cac495ac371bcbd8917a99845f6abf440bf335cd3c02b8c1434a910fcf1b380f,det-v1,1,accepted,1434,127,0.002,0.0004992210,true,false
call-000044,arm8_spec_immediate,cal/f1/s1100001/early_accurate,27,deepseek/deepseek-chat,sha256:8397dfced44ee1e0648312598d59dc7ea6e0955cb302d4ea5e7e675b7a23d5a2,det-v1,1,accepted,1814,157,0.002,0.0006277510,true,false
call-000045,arm10_spec_eprocess,cal/f1/s1100001/early_accurate,17,deepseek/deepseek-chat,sha256:cac495ac371bcbd8917a99845f6abf440bf335cd3c02b8c1434a910fcf1b380f,det-v1,1,accepted,1434,127,0.001,0.0004992210,true,false
call-000046,arm10_spec_eprocess,cal/f1/s1100001/early_accurate,27,deepseek/deepseek-chat,sha256:a7a64473993942b00ac8abb7b3049e11da5692b88fc411015e8b0f17b5e73d72,det-v1,1,accepted,1814,157,0.002,0.0006277510,true,false
call-000047,arm12_cth,cal/f1/s1100001/early_accurate,17,deepseek/deepseek-chat,sha256:cac495ac371bcbd8917a99845f6abf440bf335cd3c02b8c1434a910fcf1b380f,det-v1,1,accepted,1434,127,0.002,0.0004992210,true,false
call-000048,arm12_cth,cal/f1/s1100001/early_accurate,27,deepseek/deepseek-chat,sha256:ad56ba20aa936f13930c17aa9bccebbece4e490aef4f91e627db0060fa6ef740,det-v1,1,accepted,1814,112,0.002,0.0005814460,true,false
call-000049,arm12b_cth_llm,cal/f1/s1100001/early_accurate,17,deepseek/deepseek-chat,sha256:cac495ac371bcbd8917a99845f6abf440bf335cd3c02b8c1434a910fcf1b380f,det-v1,1,accepted,1434,127,0.002,0.0004992210,true,false
call-000050,arm12b_cth_llm,cal/f1/s1100001/early_accurate,27,deepseek/deepseek-chat,sha256:23da792d230871c3af8d54b5eb508524a6a8f0a55751a8f841b8dd99c3eaf248,det-v1,1,accepted,1814,157,0.002,0.0006277510,true,false
call-000051,arm8_spec_immediate,cal/f1/s1100001/late_accurate,20,deepseek/deepseek-chat,sha256:53cdff1b02828a931896e12177ddd7eb410eb809e663f17c4061c9c4be73aa52,det-v1,1,accepted,1547,80,0.002,0.0004798990,true,false
call-000052,arm8_spec_immediate,cal/f1/s1100001/late_accurate,28,deepseek/deepseek-chat,sha256:3edcb9e550ace31648c216930a7333e8bfb22c36198478dbedee07f8125bd30d,det-v1,1,accepted,1851,112,0.001,0.0005909550,true,false
call-000053,arm10_spec_eprocess,cal/f1/s1100001/late_accurate,20,deepseek/deepseek-chat,sha256:53cdff1b02828a931896e12177ddd7eb410eb809e663f17c4061c9c4be73aa52,det-v1,1,accepted,1547,80,0.001,0.0004798990,true,false
call-000054,arm10_spec_eprocess,cal/f1/s1100001/late_accurate,28,deepseek/deepseek-chat,sha256:23e5ce0fde842f9b65d9d45e12ec6b84053c12c0ced805f4b7edaf3d2451128f,det-v1,1,accepted,1851,112,0.001,0.0005909550,true,false
call-000055,arm12_cth,cal/f1/s1100001/late_accurate,20,deepseek/deepseek-chat,sha256:53cdff1b02828a931896e12177ddd7eb410eb809e663f17c4061c9c4be73aa52,det-v1,1,accepted,1547,80,0.001,0.0004798990,true,false
call-000056,arm12_cth,cal/f1/s1100001/late_accurate,28,deepseek/deepseek-chat,sha256:83b51b8d2a78e9a649217077f1d322ba28a93f5b6a94d150ac259c6b554bfdc8,det-v1,1,accepted,1851,108,0.002,0.0005868390,true,false
call-000057,arm12b_cth_llm,cal/f1/s1100001/late_accurate,20,deepseek/deepseek-chat,sha256:53cdff1b02828a931896e12177ddd7eb410eb809e663f17c4061c9c4be73aa52,det-v1,1,accepted,1547,80,0.002,0.0004798990,true,false
call-000058,arm12b_cth_llm,cal/f1/s1100001/late_accurate,28,deepseek/deepseek-chat,sha256:b9c75d9e976d7135e76b65715556e46d0a5ebdd8b0b8300719a26fcb54a047fd,det-v1,1,accepted,1852,147,0.002,0.0006272270,true,false
call-000059,arm8_spec_immediate,cal/f1/s1100001/unreliable,17,deepseek/deepseek-chat,sha256:52c3ae5d77791a422f3abfaada553fa91e8b9cbad26390bcc5c58b82ba737c1a,det-v1,1,accepted,1431,102,0.002,0.0004727250,true,false
call-000060,arm8_spec_immediate,cal/f1/s1100001/unreliable,27,deepseek/deepseek-chat,sha256:4c2d46382b4d8eeaa19038caee909159ba1ecb7c929d71be7bda57b774ef82a3,det-v1,1,accepted,1811,157,0.002,0.0006269800,true,false
call-000061,arm10_spec_eprocess,cal/f1/s1100001/unreliable,17,deepseek/deepseek-chat,sha256:52c3ae5d77791a422f3abfaada553fa91e8b9cbad26390bcc5c58b82ba737c1a,det-v1,1,accepted,1431,102,0.001,0.0004727250,true,false
call-000062,arm10_spec_eprocess,cal/f1/s1100001/unreliable,27,deepseek/deepseek-chat,sha256:7a52c6c9e1bd61753a036ac32337d31030575267a1cdc079aa148f93919a0c24,det-v1,1,accepted,1811,157,0.002,0.0006269800,true,false
call-000063,arm12_cth,cal/f1/s1100001/unreliable,17,deepseek/deepseek-chat,sha256:52c3ae5d77791a422f3abfaada553fa91e8b9cbad26390bcc5c58b82ba737c1a,det-v1,1,accepted,1431,102,0.002,0.0004727250,true,false
call-000064,arm12_cth,cal/f1/s1100001/unreliable,27,deepseek/deepseek-chat,sha256:73d9371853a60e66b052202a38f8e20f85e6e398a0b74f3580d601e0967e5f7b,det-v1,1,accepted,1811,112,0.002,0.0005806750,true,false
call-000065,arm12b_cth_llm,cal/f1/s1100001/unreliable,17,deepseek/deepseek-chat,sha256:52c3ae5d77791a422f3abfaada553fa91e8b9cbad26390bcc5c58b82ba737c1a,det-v1,1,accepted,1431,102,0.002,0.0004727250,true,false
call-000066,arm12b_cth_llm,cal/f1/s1100001/unreliable,27,deepseek/deepseek-chat,sha256:9325b3f6114c3ff0565364518ee527dcb0e432a346f206b46f0ed4e29ef7cb60,det-v1,1,accepted,1811,112,0.002,0.0005806750,true,false
call-000067,arm8_spec_immediate,cal/f1/s1100001/no_alert__twin,10,deepseek/deepseek-chat,sha256:576342c2ceb4f9edbab7599a0d5ccae6a3718651f4ee127d75bafe656cc90f72,det-v1,1,accepted,1167,87,0.002,0.0003894420,true,false
call-000068,arm10_spec_eprocess,cal/f1/s1100001/no_alert__twin,10,deepseek/deepseek-chat,sha256:576342c2ceb4f9edbab7599a0d5ccae6a3718651f4ee127d75bafe656cc90f72,det-v1,1,accepted,1167,87,0.001,0.0003894420,true,false
call-000069,arm12_cth,cal/f1/s1100001/no_alert__twin,10,deepseek/deepseek-chat,sha256:576342c2ceb4f9edbab7599a0d5ccae6a3718651f4ee127d75bafe656cc90f72,det-v1,1,accepted,1167,87,0.001,0.0003894420,true,false
call-000070,arm12b_cth_llm,cal/f1/s1100001/no_alert__twin,10,deepseek/deepseek-chat,sha256:576342c2ceb4f9edbab7599a0d5ccae6a3718651f4ee127d75bafe656cc90f72,det-v1,1,accepted,1167,87,0.004,0.0003894420,true,false
call-000071,arm8_spec_immediate,dev/f1/s1100002/no_alert,20,deepseek/deepseek-chat,sha256:d9ec2d97743e3bd28e3f8416d6c3c0c861d55b6133a6a2878c87725f18831460,det-v1,1,accepted,1505,87,0.002,0.0004763080,true,false
call-000072,arm8_spec_immediate,dev/f1/s1100002/no_alert,34,deepseek/deepseek-chat,sha256:a3d6a688423f9385ad020e727bae929691350ee3febd9e560ad7d7a5bd695608,det-v1,1,accepted,2037,87,0.001,0.0006130320,true,false
call-000073,arm10_spec_eprocess,dev/f1/s1100002/no_alert,20,deepseek/deepseek-chat,sha256:d9ec2d97743e3bd28e3f8416d6c3c0c861d55b6133a6a2878c87725f18831460,det-v1,1,accepted,1505,87,0.001,0.0004763080,true,false
call-000074,arm10_spec_eprocess,dev/f1/s1100002/no_alert,34,deepseek/deepseek-chat,sha256:a3d6a688423f9385ad020e727bae929691350ee3febd9e560ad7d7a5bd695608,det-v1,1,accepted,2037,87,0.001,0.0006130320,true,false
call-000075,arm12_cth,dev/f1/s1100002/no_alert,20,deepseek/deepseek-chat,sha256:d9ec2d97743e3bd28e3f8416d6c3c0c861d55b6133a6a2878c87725f18831460,det-v1,1,accepted,1505,87,0.002,0.0004763080,true,false
call-000076,arm12_cth,dev/f1/s1100002/no_alert,34,deepseek/deepseek-chat,sha256:a1de8525dd572b74519f5fe48ca2361a967f334d32c0a48c46049455f1eaec0b,det-v1,1,accepted,2037,87,0.002,0.0006130320,true,false
call-000077,arm12b_cth_llm,dev/f1/s1100002/no_alert,20,deepseek/deepseek-chat,sha256:d9ec2d97743e3bd28e3f8416d6c3c0c861d55b6133a6a2878c87725f18831460,det-v1,1,accepted,1505,87,0.002,0.0004763080,true,false
call-000078,arm12b_cth_llm,dev/f1/s1100002/no_alert,34,deepseek/deepseek-chat,sha256:a3d6a688423f9385ad020e727bae929691350ee3febd9e560ad7d7a5bd695608,det-v1,1,accepted,2037,87,0.001,0.0006130320,true,false
call-000079,arm8_spec_immediate,dev/f1/s1100002/early_accurate,13,deepseek/deepseek-chat,sha256:906f66b700b1d4c1c0520903a5e3fd4e328fd4779fbe591f109aca4b62132ca4,det-v1,1,accepted,1276,80,0.002,0.0004102520,true,false
call-000080,arm8_spec_immediate,dev/f1/s1100002/early_accurate,20,deepseek/deepseek-chat,sha256:4fac1352cb47709bbb1713f14e08fc61192ded744345620e67bc888d2d95bf68,det-v1,1,accepted,1542,108,0.001,0.0005074260,true,false
call-000081,arm10_spec_eprocess,dev/f1/s1100002/early_accurate,13,deepseek/deepseek-chat,sha256:906f66b700b1d4c1c0520903a5e3fd4e328fd4779fbe591f109aca4b62132ca4,det-v1,1,accepted,1276,80,0.001,0.0004102520,true,false
call-000082,arm10_spec_eprocess,dev/f1/s1100002/early_accurate,20,deepseek/deepseek-chat,sha256:ad7645d3e5fe490101626af019edbc6bb5ed075d3cb16ea9dff9e2085a33c385,det-v1,1,accepted,1542,108,0.002,0.0005074260,true,false
call-000083,arm12_cth,dev/f1/s1100002/early_accurate,13,deepseek/deepseek-chat,sha256:906f66b700b1d4c1c0520903a5e3fd4e328fd4779fbe591f109aca4b62132ca4,det-v1,1,accepted,1276,80,0.002,0.0004102520,true,false
call-000084,arm12_cth,dev/f1/s1100002/early_accurate,20,deepseek/deepseek-chat,sha256:a1e7cc8ccdb3e71feda7506210fcdb347b6574ca062ecf4d2a727d3582d367a0,det-v1,1,accepted,1543,142,0.002,0.0005426690,true,false
call-000085,arm12b_cth_llm,dev/f1/s1100002/early_accurate,13,deepseek/deepseek-chat,sha256:906f66b700b1d4c1c0520903a5e3fd4e328fd4779fbe591f109aca4b62132ca4,det-v1,1,accepted,1276,80,0.002,0.0004102520,true,false
call-000086,arm12b_cth_llm,dev/f1/s1100002/early_accurate,20,deepseek/deepseek-chat,sha256:4dafe552a7a657f2f3567d8c418b5778c85832280f1f514c7ec120d16c41e4da,det-v1,1,accepted,1543,142,0.002,0.0005426690,true,false
call-000087,arm8_spec_immediate,dev/f1/s1100002/late_accurate,16,deepseek/deepseek-chat,sha256:12e4804201a104889ed0b91e9584ab5f758f37f672487f70ccd70e6098b148d7,det-v1,1,accepted,1391,117,0.002,0.0004778800,true,false
call-000088,arm8_spec_immediate,dev/f1/s1100002/late_accurate,22,deepseek/deepseek-chat,sha256:dff866271f0077500f2707e248a53bb705e9559e95521673162dbb76574d73c3,det-v1,1,accepted,1619,137,0.002,0.0005570560,true,false
call-000089,arm10_spec_eprocess,dev/f1/s1100002/late_accurate,16,deepseek/deepseek-chat,sha256:12e4804201a104889ed0b91e9584ab5f758f37f672487f70ccd70e6098b148d7,det-v1,1,accepted,1391,117,0.001,0.0004778800,true,false
call-000090,arm10_spec_eprocess,dev/f1/s1100002/late_accurate,22,deepseek/deepseek-chat,sha256:4bc414cf4ebe053713aaf37be5bc09cb1ddd5ae39e983abae70a96b5bebbc59d,det-v1,1,accepted,1619,137,0.002,0.0005570560,true,false
call-000091,arm12_cth,dev/f1/s1100002/late_accurate,16,deepseek/deepseek-chat,sha256:12e4804201a104889ed0b91e9584ab5f758f37f672487f70ccd70e6098b148d7,det-v1,1,accepted,1391,117,0.002,0.0004778800,true,false
call-000092,arm12_cth,dev/f1/s1100002/late_accurate,22,deepseek/deepseek-chat,sha256:db62862f99faa13ce7aaac2e5e2d0dac839b5bd685ff243059efdad08d3b2cf0,det-v1,1,accepted,1619,137,0.002,0.0005570560,true,false
call-000093,arm12b_cth_llm,dev/f1/s1100002/late_accurate,16,deepseek/deepseek-chat,sha256:12e4804201a104889ed0b91e9584ab5f758f37f672487f70ccd70e6098b148d7,det-v1,1,accepted,1391,117,0.002,0.0004778800,true,false
call-000094,arm12b_cth_llm,dev/f1/s1100002/late_accurate,22,deepseek/deepseek-chat,sha256:b942b165792b9d4b42b485a01e22d9030004d076a18b8b3b9a14cef9d9db4858,det-v1,1,accepted,1619,137,0.002,0.0005570560,true,false
call-000095,arm8_spec_immediate,dev/f1/s1100002/unreliable,13,deepseek/deepseek-chat,sha256:1ff962164008226253607cf1163f032c0e93b106ced1386f8d366db96e2e6f5d,det-v1,1,accepted,1279,63,0.002,0.0003935300,true,false
call-000096,arm8_spec_immediate,dev/f1/s1100002/unreliable,20,deepseek/deepseek-chat,sha256:531386e97f5c82c4aface2bc31af11520f07fda1da2aebdb9931b713c08b1428,det-v1,1,accepted,1545,63,0.001,0.0004618920,true,false
call-000097,arm10_spec_eprocess,dev/f1/s1100002/unreliable,13,deepseek/deepseek-chat,sha256:1ff962164008226253607cf1163f032c0e93b106ced1386f8d366db96e2e6f5d,det-v1,1,accepted,1279,63,0.002,0.0003935300,true,false
call-000098,arm10_spec_eprocess,dev/f1/s1100002/unreliable,20,deepseek/deepseek-chat,sha256:531386e97f5c82c4aface2bc31af11520f07fda1da2aebdb9931b713c08b1428,det-v1,1,accepted,1545,63,0.001,0.0004618920,true,false
call-000099,arm12_cth,dev/f1/s1100002/unreliable,13,deepseek/deepseek-chat,sha256:1ff962164008226253607cf1163f032c0e93b106ced1386f8d366db96e2e6f5d,det-v1,1,accepted,1279,63,0.001,0.0003935300,true,false
call-000100,arm12_cth,dev/f1/s1100002/unreliable,20,deepseek/deepseek-chat,sha256:8c7748ce2fbc8c9840603a3a9cf4ab56d79310bc3169782e92273499fa705692,det-v1,1,accepted,1545,59,0.002,0.0004577760,true,false
call-000101,arm12b_cth_llm,dev/f1/s1100002/unreliable,13,deepseek/deepseek-chat,sha256:1ff962164008226253607cf1163f032c0e93b106ced1386f8d366db96e2e6f5d,det-v1,1,accepted,1279,63,0.002,0.0003935300,true,false
call-000102,arm12b_cth_llm,dev/f1/s1100002/unreliable,20,deepseek/deepseek-chat,sha256:531386e97f5c82c4aface2bc31af11520f07fda1da2aebdb9931b713c08b1428,det-v1,1,accepted,1545,63,0.001,0.0004618920,true,false
call-000103,arm8_spec_immediate,dev/f1/s1100002/no_alert__twin,10,deepseek/deepseek-chat,sha256:07a0ef8f6aa483f4bcaa18404cde8c447cc39866801385d2c970b771eb560a53,det-v1,1,accepted,1165,80,0.002,0.0003817250,true,false
call-000104,arm10_spec_eprocess,dev/f1/s1100002/no_alert__twin,10,deepseek/deepseek-chat,sha256:07a0ef8f6aa483f4bcaa18404cde8c447cc39866801385d2c970b771eb560a53,det-v1,1,accepted,1165,80,0.002,0.0003817250,true,false
call-000105,arm12_cth,dev/f1/s1100002/no_alert__twin,10,deepseek/deepseek-chat,sha256:07a0ef8f6aa483f4bcaa18404cde8c447cc39866801385d2c970b771eb560a53,det-v1,1,accepted,1165,80,0.002,0.0003817250,true,false
call-000106,arm12b_cth_llm,dev/f1/s1100002/no_alert__twin,10,deepseek/deepseek-chat,sha256:07a0ef8f6aa483f4bcaa18404cde8c447cc39866801385d2c970b771eb560a53,det-v1,1,accepted,1165,80,0.002,0.0003817250,true,false
call-000107,arm8_spec_immediate,cal/f1/s1100003/no_alert,28,deepseek/deepseek-chat,sha256:ff74802f54e2e1fb4cc02d71af5c346f88b7a9d352346a05535aaff9134a58d1,det-v1,1,accepted,1809,87,0.002,0.0005544360,true,false
call-000108,arm8_spec_immediate,cal/f1/s1100003/no_alert,41,deepseek/deepseek-chat,sha256:2f7d2bef36ecabcf32eed152de8105b16e2546c195f197f8f4b4cda57c17f5c0,det-v1,1,accepted,2303,87,0.001,0.0006813940,true,false
call-000109,arm10_spec_eprocess,cal/f1/s1100003/no_alert,28,deepseek/deepseek-chat,sha256:ff74802f54e2e1fb4cc02d71af5c346f88b7a9d352346a05535aaff9134a58d1,det-v1,1,accepted,1809,87,0.001,0.0005544360,true,false
call-000110,arm10_spec_eprocess,cal/f1/s1100003/no_alert,41,deepseek/deepseek-chat,sha256:2f7d2bef36ecabcf32eed152de8105b16e2546c195f197f8f4b4cda57c17f5c0,det-v1,1,accepted,2303,87,0.001,0.0006813940,true,false
call-000111,arm12_cth,cal/f1/s1100003/no_alert,28,deepseek/deepseek-chat,sha256:ff74802f54e2e1fb4cc02d71af5c346f88b7a9d352346a05535aaff9134a58d1,det-v1,1,accepted,1809,87,0.001,0.0005544360,true,false
call-000112,arm12_cth,cal/f1/s1100003/no_alert,41,deepseek/deepseek-chat,sha256:5d6f6cb30a17a84936e4747f480cf65420d2fa22718170650c31d2fd99ba227c,det-v1,1,accepted,2303,87,0.002,0.0006813940,true,false
call-000113,arm12b_cth_llm,cal/f1/s1100003/no_alert,28,deepseek/deepseek-chat,sha256:ff74802f54e2e1fb4cc02d71af5c346f88b7a9d352346a05535aaff9134a58d1,det-v1,1,accepted,1809,87,0.002,0.0005544360,true,false
call-000114,arm12b_cth_llm,cal/f1/s1100003/no_alert,41,deepseek/deepseek-chat,sha256:2f7d2bef36ecabcf32eed152de8105b16e2546c195f197f8f4b4cda57c17f5c0,det-v1,1,accepted,2303,87,0.001,0.0006813940,true,false
call-000115,arm8_spec_immediate,cal/f1/s1100003/early_accurate,18,deepseek/deepseek-chat,sha256:aec1713d95c7bfbc68cadd442d3b0a9c559c7a3b2525bcfd4a5d65a86a3e90d4,det-v1,1,accepted,1469,102,0.002,0.0004824910,true,false
call-000116,arm8_spec_immediate,cal/f1/s1100003/early_accurate,28,deepseek/deepseek-chat,sha256:91d1730f5c16c787f1a96a909b31585ab24fb6f4eb2ee2cfc24baae19f293ee1,det-v1,1,accepted,1848,63,0.001,0.0005397630,true,false
call-000117,arm10_spec_eprocess,cal/f1/s1100003/early_accurate,18,deepseek/deepseek-chat,sha256:aec1713d95c7bfbc68cadd442d3b0a9c559c7a3b2525bcfd4a5d65a86a3e90d4,det-v1,1,accepted,1469,102,0.001,0.0004824910,true,false
call-000118,arm10_spec_eprocess,cal/f1/s1100003/early_accurate,28,deepseek/deepseek-chat,sha256:f0db1d2fe37fd3b710f64ca772d442c3be9ccb1b13e884103478088003dc30fe,det-v1,1,accepted,1848,59,0.002,0.0005356470,true,false
call-000119,arm12_cth,cal/f1/s1100003/early_accurate,18,deepseek/deepseek-chat,sha256:aec1713d95c7bfbc68cadd442d3b0a9c559c7a3b2525bcfd4a5d65a86a3e90d4,det-v1,1,accepted,1469,102,0.001,0.0004824910,true,false
call-000120,arm12_cth,cal/f1/s1100003/early_accurate,28,deepseek/deepseek-chat,sha256:ca339ffc97e39f6b4f3555ba02532b5cf5d3d3b6b4a576db1593f4731110acca,det-v1,1,accepted,1848,63,0.002,0.0005397630,true,false
call-000121,arm12b_cth_llm,cal/f1/s1100003/early_accurate,18,deepseek/deepseek-chat,sha256:aec1713d95c7bfbc68cadd442d3b0a9c559c7a3b2525bcfd4a5d65a86a3e90d4,det-v1,1,accepted,1469,102,0.002,0.0004824910,true,false
call-000122,arm12b_cth_llm,cal/f1/s1100003/early_accurate,28,deepseek/deepseek-chat,sha256:42f4c12acb48ad895a7192fe281d2f7b0f664aac785dcd3e1dcb474796237737,det-v1,1,accepted,1848,59,0.002,0.0005356470,true,false
call-000123,arm8_spec_immediate,cal/f1/s1100003/late_accurate,21,deepseek/deepseek-chat,sha256:68eaf5b46c28bc27acd3bab30c92e143128c5a772f59b2a4abf788e16eadae8d,det-v1,1,accepted,1583,112,0.002,0.0005220790,true,false
call-000124,arm8_spec_immediate,cal/f1/s1100003/late_accurate,28,deepseek/deepseek-chat,sha256:b2bdde205831c76152db0526eba37be06774258fdd518c118ee39001f592013f,det-v1,1,accepted,1849,142,0.001,0.0006213110,true,false
call-000125,arm10_spec_eprocess,cal/f1/s1100003/late_accurate,21,deepseek/deepseek-chat,sha256:68eaf5b46c28bc27acd3bab30c92e143128c5a772f59b2a4abf788e16eadae8d,det-v1,1,accepted,1583,112,0.001,0.0005220790,true,false
call-000126,arm10_spec_eprocess,cal/f1/s1100003/late_accurate,28,deepseek/deepseek-chat,sha256:8967ce0127e194a8b4473624256af60522f0048e7217032631a397ca6dfe24d5,det-v1,1,accepted,1849,142,0.002,0.0006213110,true,false
call-000127,arm12_cth,cal/f1/s1100003/late_accurate,21,deepseek/deepseek-chat,sha256:68eaf5b46c28bc27acd3bab30c92e143128c5a772f59b2a4abf788e16eadae8d,det-v1,1,accepted,1583,112,0.002,0.0005220790,true,false
call-000128,arm12_cth,cal/f1/s1100003/late_accurate,28,deepseek/deepseek-chat,sha256:58f696d6e5446bc5043a89ff7f0346b854593829754e9fa336899667f2c20b30,det-v1,1,accepted,1849,137,0.002,0.0006161660,true,false
call-000129,arm12b_cth_llm,cal/f1/s1100003/late_accurate,21,deepseek/deepseek-chat,sha256:68eaf5b46c28bc27acd3bab30c92e143128c5a772f59b2a4abf788e16eadae8d,det-v1,1,accepted,1583,112,0.002,0.0005220790,true,false
call-000130,arm12b_cth_llm,cal/f1/s1100003/late_accurate,28,deepseek/deepseek-chat,sha256:583c5bfc4d2c95f93d563344bbf717d41bab4c20765523a50bd34ba926979cf5,det-v1,1,accepted,1849,142,0.002,0.0006213110,true,false
call-000131,arm8_spec_immediate,cal/f1/s1100003/unreliable,18,deepseek/deepseek-chat,sha256:af6dcc4bb7457cf90836698a376eb1aed421bd8c98641180a2c2be69ad876d45,det-v1,1,accepted,1465,63,0.002,0.0004413320,true,false
call-000132,arm8_spec_immediate,cal/f1/s1100003/unreliable,28,deepseek/deepseek-chat,sha256:eaddff8febb31108d2af20a434633f3d93be511de2f5e88fd234cbf85a43f5c7,det-v1,1,accepted,1845,59,0.001,0.0005348760,true,false
call-000133,arm10_spec_eprocess,cal/f1/s1100003/unreliable,18,deepseek/deepseek-chat,sha256:af6dcc4bb7457cf90836698a376eb1aed421bd8c98641180a2c2be69ad876d45,det-v1,1,accepted,1465,63,0.001,0.0004413320,true,false
call-000134,arm10_spec_eprocess,cal/f1/s1100003/unreliable,28,deepseek/deepseek-chat,sha256:eaddff8febb31108d2af20a434633f3d93be511de2f5e88fd234cbf85a43f5c7,det-v1,1,accepted,1845,59,0.001,0.0005348760,true,false
call-000135,arm12_cth,cal/f1/s1100003/unreliable,18,deepseek/deepseek-chat,sha256:af6dcc4bb7457cf90836698a376eb1aed421bd8c98641180a2c2be69ad876d45,det-v1,1,accepted,1465,63,0.001,0.0004413320,true,false
call-000136,arm12_cth,cal/f1/s1100003/unreliable,28,deepseek/deepseek-chat,sha256:34dfb66adaf1feb8996bc267bb661444df8e4a0d3153ed7c3a428fa7c7999404,det-v1,1,accepted,1845,63,0.002,0.0005389920,true,false
call-000137,arm12b_cth_llm,cal/f1/s1100003/unreliable,18,deepseek/deepseek-chat,sha256:af6dcc4bb7457cf90836698a376eb1aed421bd8c98641180a2c2be69ad876d45,det-v1,1,accepted,1465,63,0.002,0.0004413320,true,false
call-000138,arm12b_cth_llm,cal/f1/s1100003/unreliable,28,deepseek/deepseek-chat,sha256:eaddff8febb31108d2af20a434633f3d93be511de2f5e88fd234cbf85a43f5c7,det-v1,1,accepted,1845,59,0.001,0.0005348760,true,false
call-000139,arm8_spec_immediate,dev/f1/s1100004/no_alert,30,deepseek/deepseek-chat,sha256:ad35575d6ff00764b181d08c01859d302af36611f9a0be9fa4f7abd75a302f38,det-v1,1,accepted,1885,87,0.002,0.0005739680,true,false
call-000140,arm8_spec_immediate,dev/f1/s1100004/no_alert,36,deepseek/deepseek-chat,sha256:84f44097ca9e5dfd626663ac3170ca361188a26293b4e418dead08e681f6a13f,det-v1,1,accepted,2113,87,0.001,0.0006325640,true,false
call-000141,arm10_spec_eprocess,dev/f1/s1100004/no_alert,30,deepseek/deepseek-chat,sha256:ad35575d6ff00764b181d08c01859d302af36611f9a0be9fa4f7abd75a302f38,det-v1,1,accepted,1885,87,0.001,0.0005739680,true,false
call-000142,arm10_spec_eprocess,dev/f1/s1100004/no_alert,36,deepseek/deepseek-chat,sha256:84f44097ca9e5dfd626663ac3170ca361188a26293b4e418dead08e681f6a13f,det-v1,1,accepted,2113,87,0.001,0.0006325640,true,false
call-000143,arm12_cth,dev/f1/s1100004/no_alert,30,deepseek/deepseek-chat,sha256:ad35575d6ff00764b181d08c01859d302af36611f9a0be9fa4f7abd75a302f38,det-v1,1,accepted,1885,87,0.002,0.0005739680,true,false
call-000144,arm12_cth,dev/f1/s1100004/no_alert,36,deepseek/deepseek-chat,sha256:6efee95080abc617e17dc8b5708800a63f5a3f673712943c47ebbe8b3ccde6d0,det-v1,1,accepted,2113,87,0.002,0.0006325640,true,false
call-000145,arm12b_cth_llm,dev/f1/s1100004/no_alert,30,deepseek/deepseek-chat,sha256:ad35575d6ff00764b181d08c01859d302af36611f9a0be9fa4f7abd75a302f38,det-v1,1,accepted,1885,87,0.002,0.0005739680,true,false
call-000146,arm12b_cth_llm,dev/f1/s1100004/no_alert,36,deepseek/deepseek-chat,sha256:84f44097ca9e5dfd626663ac3170ca361188a26293b4e418dead08e681f6a13f,det-v1,1,accepted,2113,87,0.001,0.0006325640,true,false
call-000147,arm8_spec_immediate,dev/f1/s1100004/early_accurate,20,deepseek/deepseek-chat,sha256:5e2759e38a4a23a45a92305b637eadcb6429d1e8232e4943e6de010f51e6f853,det-v1,1,accepted,1541,197,0.002,0.0005987500,true,false
call-000148,arm8_spec_immediate,dev/f1/s1100004/early_accurate,30,deepseek/deepseek-chat,sha256:01661a43daf9ac8c91baa39a41737f36273a7c7ba146d0a0a1b11477aeeebcc1,det-v1,1,accepted,1921,137,0.001,0.0006346700,true,false
call-000149,arm10_spec_eprocess,dev/f1/s1100004/early_accurate,20,deepseek/deepseek-chat,sha256:5e2759e38a4a23a45a92305b637eadcb6429d1e8232e4943e6de010f51e6f853,det-v1,1,accepted,1541,197,0.001,0.0005987500,true,false
call-000150,arm10_spec_eprocess,dev/f1/s1100004/early_accurate,30,deepseek/deepseek-chat,sha256:ca7b2963569dea379ac8cf6d7ced9f4c2ea14ca8d186f605413c72d90294cc69,det-v1,1,accepted,1921,127,0.002,0.0006243800,true,false
call-000151,arm12_cth,dev/f1/s1100004/early_accurate,20,deepseek/deepseek-chat,sha256:5e2759e38a4a23a45a92305b637eadcb6429d1e8232e4943e6de010f51e6f853,det-v1,1,accepted,1541,197,0.001,0.0005987500,true,false
call-000152,arm12_cth,dev/f1/s1100004/early_accurate,30,deepseek/deepseek-chat,sha256:39cbc21ad53afcf2be52fe3d1ebfe67fc3cf169cb0b7df1ddcb3d2b26934e255,det-v1,1,accepted,1920,63,0.002,0.0005582670,true,false
call-000153,arm12b_cth_llm,dev/f1/s1100004/early_accurate,20,deepseek/deepseek-chat,sha256:5e2759e38a4a23a45a92305b637eadcb6429d1e8232e4943e6de010f51e6f853,det-v1,1,accepted,1541,197,0.002,0.0005987500,true,false
call-000154,arm12b_cth_llm,dev/f1/s1100004/early_accurate,30,deepseek/deepseek-chat,sha256:27203c62ca3c2f62d740bce1248b78d35ca7cb1ccc530b8ca84a2649e5aadaeb,det-v1,1,accepted,1920,63,0.002,0.0005582670,true,false
call-000155,arm8_spec_immediate,dev/f1/s1100004/late_accurate,23,deepseek/deepseek-chat,sha256:81a7f137da20431ce9550fa0df7b8b2cf2c26ecf92eefc2f006a106dfb8e7832,det-v1,1,accepted,1654,63,0.002,0.0004899050,true,false
call-000156,arm8_spec_immediate,dev/f1/s1100004/late_accurate,30,deepseek/deepseek-chat,sha256:b0ba82e95f1fe3808b17680dcfe1a609be20d31a4ddbccd683fe04c560d86846,det-v1,1,accepted,1920,63,0.001,0.0005582670,true,false
call-000157,arm10_spec_eprocess,dev/f1/s1100004/late_accurate,23,deepseek/deepseek-chat,sha256:81a7f137da20431ce9550fa0df7b8b2cf2c26ecf92eefc2f006a106dfb8e7832,det-v1,1,accepted,1654,63,0.001,0.0004899050,true,false
call-000158,arm10_spec_eprocess,dev/f1/s1100004/late_accurate,30,deepseek/deepseek-chat,sha256:b0ba82e95f1fe3808b17680dcfe1a609be20d31a4ddbccd683fe04c560d86846,det-v1,1,accepted,1920,63,0.001,0.0005582670,true,false
call-000159,arm12_cth,dev/f1/s1100004/late_accurate,23,deepseek/deepseek-chat,sha256:81a7f137da20431ce9550fa0df7b8b2cf2c26ecf92eefc2f006a106dfb8e7832,det-v1,1,accepted,1654,63,0.001,0.0004899050,true,false
call-000160,arm12_cth,dev/f1/s1100004/late_accurate,30,deepseek/deepseek-chat,sha256:2ebd7734f0a2b00e09ae81d665255f4b87b6fa712b7a4f341c114b98ae9947eb,det-v1,1,accepted,1920,63,0.002,0.0005582670,true,false
call-000161,arm12b_cth_llm,dev/f1/s1100004/late_accurate,23,deepseek/deepseek-chat,sha256:81a7f137da20431ce9550fa0df7b8b2cf2c26ecf92eefc2f006a106dfb8e7832,det-v1,1,accepted,1654,63,0.002,0.0004899050,true,false
call-000162,arm12b_cth_llm,dev/f1/s1100004/late_accurate,30,deepseek/deepseek-chat,sha256:b0ba82e95f1fe3808b17680dcfe1a609be20d31a4ddbccd683fe04c560d86846,det-v1,1,accepted,1920,63,0.001,0.0005582670,true,false
call-000163,arm8_spec_immediate,dev/f1/s1100004/unreliable,20,deepseek/deepseek-chat,sha256:c481a2db2f072fe4002a2714651ab261cf30d326c506c2af6d25ecaacaf767d2,det-v1,1,accepted,1543,102,0.002,0.0005015090,true,false
call-000164,arm8_spec_immediate,dev/f1/s1100004/unreliable,30,deepseek/deepseek-chat,sha256:e5fcd04240d8d94b79f780d04ce84eb214e4bc21cbeef41256df5ae79b804fa3,det-v1,1,accepted,1923,147,0.001,0.0006454740,true,false
call-000165,arm10_spec_eprocess,dev/f1/s1100004/unreliable,20,deepseek/deepseek-chat,sha256:c481a2db2f072fe4002a2714651ab261cf30d326c506c2af6d25ecaacaf767d2,det-v1,1,accepted,1543,102,0.002,0.0005015090,true,false
call-000166,arm10_spec_eprocess,dev/f1/s1100004/unreliable,30,deepseek/deepseek-chat,sha256:f618ce25275a38af409a44aa38ee7775b9acef0440053895a0b8153de8ee4a7d,det-v1,1,fallback,1923,147,0.002,0.0006454740,true,false
call-000167,arm10_spec_eprocess,dev/f1/s1100004/unreliable,30,deepseek/deepseek-chat,sha256:4d8a45e0938a4a8d8ad4b5e98911a729322ce886a8dcdc694ccb16e4c5ea9dea,det-v1,2,accepted_after_repair,1995,127,0.001,0.0006433980,true,false
call-000168,arm12_cth,dev/f1/s1100004/unreliable,20,deepseek/deepseek-chat,sha256:c481a2db2f072fe4002a2714651ab261cf30d326c506c2af6d25ecaacaf767d2,det-v1,1,accepted,1543,102,0.001,0.0005015090,true,false
call-000169,arm12_cth,dev/f1/s1100004/unreliable,30,deepseek/deepseek-chat,sha256:d925e0ccc23ffa81898dcecff040262b6bf4bfb147fd86de70cee0f56c8d0bc1,det-v1,1,accepted,1923,132,0.002,0.0006300390,true,false
call-000170,arm12b_cth_llm,dev/f1/s1100004/unreliable,20,deepseek/deepseek-chat,sha256:c481a2db2f072fe4002a2714651ab261cf30d326c506c2af6d25ecaacaf767d2,det-v1,1,accepted,1543,102,0.002,0.0005015090,true,false
call-000171,arm12b_cth_llm,dev/f1/s1100004/unreliable,30,deepseek/deepseek-chat,sha256:231c669616d67c0a0d9fbb18b6197640b7e41ae2431a99376f082bb909c644b3,det-v1,1,accepted,1923,122,0.002,0.0006197490,true,false
call-000172,arm8_spec_immediate,cal/f1/s1100005/no_alert,31,deepseek/deepseek-chat,sha256:490952f87200826046f183607b7b1f280cfab855fafe8adb185859d540ca454f,det-v1,1,accepted,1923,87,0.002,0.0005837340,true,false
call-000173,arm8_spec_immediate,cal/f1/s1100005/no_alert,41,deepseek/deepseek-chat,sha256:0ec3136caf9a0a8c645fbe5f06c14e6d33d89165b055ab33060fa07ac4f69449,det-v1,1,accepted,2303,87,0.001,0.0006813940,true,false
call-000174,arm10_spec_eprocess,cal/f1/s1100005/no_alert,31,deepseek/deepseek-chat,sha256:490952f87200826046f183607b7b1f280cfab855fafe8adb185859d540ca454f,det-v1,1,accepted,1923,87,0.002,0.0005837340,true,false
call-000175,arm10_spec_eprocess,cal/f1/s1100005/no_alert,41,deepseek/deepseek-chat,sha256:0ec3136caf9a0a8c645fbe5f06c14e6d33d89165b055ab33060fa07ac4f69449,det-v1,1,accepted,2303,87,0.001,0.0006813940,true,false
call-000176,arm12_cth,cal/f1/s1100005/no_alert,31,deepseek/deepseek-chat,sha256:490952f87200826046f183607b7b1f280cfab855fafe8adb185859d540ca454f,det-v1,1,accepted,1923,87,0.002,0.0005837340,true,false
call-000177,arm12_cth,cal/f1/s1100005/no_alert,41,deepseek/deepseek-chat,sha256:0e15c7ccbe77ca34d2693bf1973803fdbfe2cb95a2fdcb0814d279c086e35294,det-v1,1,accepted,2303,87,0.002,0.0006813940,true,false
call-000178,arm12b_cth_llm,cal/f1/s1100005/no_alert,31,deepseek/deepseek-chat,sha256:490952f87200826046f183607b7b1f280cfab855fafe8adb185859d540ca454f,det-v1,1,accepted,1923,87,0.002,0.0005837340,true,false
call-000179,arm12b_cth_llm,cal/f1/s1100005/no_alert,41,deepseek/deepseek-chat,sha256:0ec3136caf9a0a8c645fbe5f06c14e6d33d89165b055ab33060fa07ac4f69449,det-v1,1,accepted,2303,87,0.001,0.0006813940,true,false
call-000180,arm8_spec_immediate,cal/f1/s1100005/early_accurate,20,deepseek/deepseek-chat,sha256:310a34371a7975dfa793ed14ba1644d8b1846e467abc7720e04da4e626773d40,det-v1,1,accepted,1543,87,0.002,0.0004860740,true,false
call-000181,arm8_spec_immediate,cal/f1/s1100005/early_accurate,31,deepseek/deepseek-chat,sha256:c96fd0be2cbed8f2ee5dff63757a88a145e949e686c9c28ea373d6b6eb22cf24,det-v1,1,accepted,1961,87,0.001,0.0005935000,true,false
call-000182,arm10_spec_eprocess,cal/f1/s1100005/early_accurate,20,deepseek/deepseek-chat,sha256:310a34371a7975dfa793ed14ba1644d8b1846e467abc7720e04da4e626773d40,det-v1,1,accepted,1543,87,0.001,0.0004860740,true,false
call-000183,arm10_spec_eprocess,cal/f1/s1100005/early_accurate,31,deepseek/deepseek-chat,sha256:c96fd0be2cbed8f2ee5dff63757a88a145e949e686c9c28ea373d6b6eb22cf24,det-v1,1,accepted,1961,87,0.001,0.0005935000,true,false
call-000184,arm12_cth,cal/f1/s1100005/early_accurate,20,deepseek/deepseek-chat,sha256:310a34371a7975dfa793ed14ba1644d8b1846e467abc7720e04da4e626773d40,det-v1,1,accepted,1543,87,0.001,0.0004860740,true,false
call-000185,arm12_cth,cal/f1/s1100005/early_accurate,31,deepseek/deepseek-chat,sha256:30cb5be2594ca6a57208ae092b53fdb460f5dec56d7939b10d1de5207e262196,det-v1,1,accepted,1961,87,0.002,0.0005935000,true,false
call-000186,arm12b_cth_llm,cal/f1/s1100005/early_accurate,20,deepseek/deepseek-chat,sha256:310a34371a7975dfa793ed14ba1644d8b1846e467abc7720e04da4e626773d40,det-v1,1,accepted,1543,87,0.002,0.0004860740,true,false
call-000187,arm12b_cth_llm,cal/f1/s1100005/early_accurate,31,deepseek/deepseek-chat,sha256:c96fd0be2cbed8f2ee5dff63757a88a145e949e686c9c28ea373d6b6eb22cf24,det-v1,1,accepted,1961,87,0.002,0.0005935000,true,false
call-000188,arm8_spec_immediate,cal/f1/s1100005/late_accurate,23,deepseek/deepseek-chat,sha256:5a3c900c137d5690cdb86a20ec260a2798e5d08097b0a0ca1df381a3d32b67ee,det-v1,1,accepted,1656,59,0.002,0.0004863030,true,false
call-000189,arm8_spec_immediate,cal/f1/s1100005/late_accurate,31,deepseek/deepseek-chat,sha256:f33bbe77c1b37885658b8c5148984a0718349ac955cd12b89a7e8d1e6fb18102,det-v1,1,accepted,1961,87,0.001,0.0005935000,true,false
call-000190,arm10_spec_eprocess,cal/f1/s1100005/late_accurate,23,deepseek/deepseek-chat,sha256:5a3c900c137d5690cdb86a20ec260a2798e5d08097b0a0ca1df381a3d32b67ee,det-v1,1,accepted,1656,59,0.001,0.0004863030,true,false
call-000191,arm10_spec_eprocess,cal/f1/s1100005/late_accurate,31,deepseek/deepseek-chat,sha256:f33bbe77c1b37885658b8c5148984a0718349ac955cd12b89a7e8d1e6fb18102,det-v1,1,accepted,1961,87,0.001,0.0005935000,true,false
call-000192,arm12_cth,cal/f1/s1100005/late_accurate,23,deepseek/deepseek-chat,sha256:5a3c900c137d5690cdb86a20ec260a2798e5d08097b0a0ca1df381a3d32b67ee,det-v1,1,accepted,1656,59,0.002,0.0004863030,true,false
call-000193,arm12_cth,cal/f1/s1100005/late_accurate,31,deepseek/deepseek-chat,sha256:6cca0606d144b3278d8c8bdd4180b6a9505179d84834cff7a033cb8ce25a2d4b,det-v1,1,accepted,1961,87,0.002,0.0005935000,true,false
call-000194,arm12b_cth_llm,cal/f1/s1100005/late_accurate,23,deepseek/deepseek-chat,sha256:5a3c900c137d5690cdb86a20ec260a2798e5d08097b0a0ca1df381a3d32b67ee,det-v1,1,accepted,1656,59,0.002,0.0004863030,true,false
call-000195,arm12b_cth_llm,cal/f1/s1100005/late_accurate,31,deepseek/deepseek-chat,sha256:f33bbe77c1b37885658b8c5148984a0718349ac955cd12b89a7e8d1e6fb18102,det-v1,1,accepted,1961,87,0.001,0.0005935000,true,false
call-000196,arm8_spec_immediate,cal/f1/s1100005/unreliable,20,deepseek/deepseek-chat,sha256:ee4edb7705bd8ef47c35dc0c36962c0b9bf378c1f2bb930037f5201e41002f60,det-v1,1,accepted,1549,87,0.002,0.0004876160,true,false
call-000197,arm8_spec_immediate,cal/f1/s1100005/unreliable,31,deepseek/deepseek-chat,sha256:f9cfad472eff2f4ed576e662d933cffb742a34136ba6582ab6773fd65d59a478,det-v1,1,accepted,1967,87,0.001,0.0005950420,true,false
call-000198,arm10_spec_eprocess,cal/f1/s1100005/unreliable,20,deepseek/deepseek-chat,sha256:ee4edb7705bd8ef47c35dc0c36962c0b9bf378c1f2bb930037f5201e41002f60,det-v1,1,accepted,1549,87,0.001,0.0004876160,true,false
call-000199,arm10_spec_eprocess,cal/f1/s1100005/unreliable,31,deepseek/deepseek-chat,sha256:f9cfad472eff2f4ed576e662d933cffb742a34136ba6582ab6773fd65d59a478,det-v1,1,accepted,1967,87,0.001,0.0005950420,true,false
call-000200,arm12_cth,cal/f1/s1100005/unreliable,20,deepseek/deepseek-chat,sha256:ee4edb7705bd8ef47c35dc0c36962c0b9bf378c1f2bb930037f5201e41002f60,det-v1,1,accepted,1549,87,0.001,0.0004876160,true,false
call-000201,arm12_cth,cal/f1/s1100005/unreliable,31,deepseek/deepseek-chat,sha256:f3e43e1ec2b73edc7ec9190dca46e0bcd9acb7f28da9ff326d9d5900add72b59,det-v1,1,accepted,1967,87,0.002,0.0005950420,true,false
call-000202,arm12b_cth_llm,cal/f1/s1100005/unreliable,20,deepseek/deepseek-chat,sha256:ee4edb7705bd8ef47c35dc0c36962c0b9bf378c1f2bb930037f5201e41002f60,det-v1,1,accepted,1549,87,0.002,0.0004876160,true,false
call-000203,arm12b_cth_llm,cal/f1/s1100005/unreliable,31,deepseek/deepseek-chat,sha256:f9cfad472eff2f4ed576e662d933cffb742a34136ba6582ab6773fd65d59a478,det-v1,1,accepted,1967,87,0.001,0.0005950420,true,false
call-000204,arm8_spec_immediate,cal/f1/s1100005/no_alert__twin,10,deepseek/deepseek-chat,sha256:b626db55018aacafa3ae9e6cca5e99901f5c456dd7856bb0b997cc1d50d0642c,det-v1,1,accepted,1167,102,0.002,0.0004048770,true,false
call-000205,arm10_spec_eprocess,cal/f1/s1100005/no_alert__twin,10,deepseek/deepseek-chat,sha256:b626db55018aacafa3ae9e6cca5e99901f5c456dd7856bb0b997cc1d50d0642c,det-v1,1,accepted,1167,102,0.001,0.0004048770,true,false
call-000206,arm12_cth,cal/f1/s1100005/no_alert__twin,10,deepseek/deepseek-chat,sha256:b626db55018aacafa3ae9e6cca5e99901f5c456dd7856bb0b997cc1d50d0642c,det-v1,1,accepted,1167,102,0.002,0.0004048770,true,false
call-000207,arm12b_cth_llm,cal/f1/s1100005/no_alert__twin,10,deepseek/deepseek-chat,sha256:b626db55018aacafa3ae9e6cca5e99901f5c456dd7856bb0b997cc1d50d0642c,det-v1,1,accepted,1167,102,0.002,0.0004048770,true,false
call-000208,arm8_spec_immediate,dev/f1/s1100006/no_alert,39,deepseek/deepseek-chat,sha256:1ecd9c955c876d5cc534f7305d235f2467b6e84962404f67384d24a8b2a10767,det-v1,1,accepted,2226,59,0.002,0.0006327930,true,false
call-000209,arm8_spec_immediate,dev/f1/s1100006/no_alert,47,deepseek/deepseek-chat,sha256:90089025fccdbf577e8fda7426e3a3897022870e3968e7a4df07156759d3af21,det-v1,1,accepted,2530,59,0.001,0.0007109210,true,false
call-000210,arm10_spec_eprocess,dev/f1/s1100006/no_alert,39,deepseek/deepseek-chat,sha256:1ecd9c955c876d5cc534f7305d235f2467b6e84962404f67384d24a8b2a10767,det-v1,1,accepted,2226,59,0.001,0.0006327930,true,false
call-000211,arm10_spec_eprocess,dev/f1/s1100006/no_alert,47,deepseek/deepseek-chat,sha256:90089025fccdbf577e8fda7426e3a3897022870e3968e7a4df07156759d3af21,det-v1,1,accepted,2530,59,0.001,0.0007109210,true,false
call-000212,arm12_cth,dev/f1/s1100006/no_alert,39,deepseek/deepseek-chat,sha256:1ecd9c955c876d5cc534f7305d235f2467b6e84962404f67384d24a8b2a10767,det-v1,1,accepted,2226,59,0.002,0.0006327930,true,false
call-000213,arm12_cth,dev/f1/s1100006/no_alert,47,deepseek/deepseek-chat,sha256:1ced2099f084f8cd3f1fb2d83af697ced56c8fa33f67081b992f28b70e53d149,det-v1,1,accepted,2530,59,0.002,0.0007109210,true,false
call-000214,arm12b_cth_llm,dev/f1/s1100006/no_alert,39,deepseek/deepseek-chat,sha256:1ecd9c955c876d5cc534f7305d235f2467b6e84962404f67384d24a8b2a10767,det-v1,1,accepted,2226,59,0.001,0.0006327930,true,false
call-000215,arm12b_cth_llm,dev/f1/s1100006/no_alert,47,deepseek/deepseek-chat,sha256:90089025fccdbf577e8fda7426e3a3897022870e3968e7a4df07156759d3af21,det-v1,1,accepted,2530,59,0.001,0.0007109210,true,false
call-000216,arm8_spec_immediate,dev/f1/s1100006/early_accurate,20,deepseek/deepseek-chat,sha256:e3d097c4fc3a2810e3086404ddfad7a9553b50f0adb2d04950c796f77f339ef9,det-v1,1,accepted,1546,83,0.002,0.0004827290,true,false
call-000217,arm8_spec_immediate,dev/f1/s1100006/early_accurate,39,deepseek/deepseek-chat,sha256:3fe4fc95b1257de2389c52706374b68c976e4b1f926cb3daf28bb3ca9a4b3676,det-v1,1,accepted,2268,59,0.001,0.0006435870,true,false
call-000218,arm10_spec_eprocess,dev/f1/s1100006/early_accurate,20,deepseek/deepseek-chat,sha256:e3d097c4fc3a2810e3086404ddfad7a9553b50f0adb2d04950c796f77f339ef9,det-v1,1,accepted,1546,83,0.001,0.0004827290,true,false
call-000219,arm10_spec_eprocess,dev/f1/s1100006/early_accurate,39,deepseek/deepseek-chat,sha256:3fe4fc95b1257de2389c52706374b68c976e4b1f926cb3daf28bb3ca9a4b3676,det-v1,1,accepted,2268,59,0.001,0.0006435870,true,false
call-000220,arm12_cth,dev/f1/s1100006/early_accurate,20,deepseek/deepseek-chat,sha256:e3d097c4fc3a2810e3086404ddfad7a9553b50f0adb2d04950c796f77f339ef9,det-v1,1,accepted,1546,83,0.001,0.0004827290,true,false
call-000221,arm12_cth,dev/f1/s1100006/early_accurate,39,deepseek/deepseek-chat,sha256:ab576f940695d5275a51a97b453d6571da70d056c24d6ddd44e77a2409ae1f40,det-v1,1,accepted,2269,202,0.002,0.0007909910,true,false
call-000222,arm12b_cth_llm,dev/f1/s1100006/early_accurate,20,deepseek/deepseek-chat,sha256:e3d097c4fc3a2810e3086404ddfad7a9553b50f0adb2d04950c796f77f339ef9,det-v1,1,accepted,1546,83,0.002,0.0004827290,true,false
call-000223,arm12b_cth_llm,dev/f1/s1100006/early_accurate,39,deepseek/deepseek-chat,sha256:3fe4fc95b1257de2389c52706374b68c976e4b1f926cb3daf28bb3ca9a4b3676,det-v1,1,accepted,2268,59,0.001,0.0006435870,true,false
call-000224,arm8_spec_immediate,dev/f1/s1100006/late_accurate,23,deepseek/deepseek-chat,sha256:6b972e381e7d58e1d06f324c8c18c90299d667749a11a9a91c61729081c8e7a8,det-v1,1,accepted,1661,102,0.002,0.0005318350,true,false
call-000225,arm8_spec_immediate,dev/f1/s1100006/late_accurate,39,deepseek/deepseek-chat,sha256:81ec1c5dbeeadf01a3e29009917a5bea186342cf6c22dbb8fde00c6839ce3b42,det-v1,1,accepted,2269,187,0.001,0.0007755560,true,false
call-000226,arm10_spec_eprocess,dev/f1/s1100006/late_accurate,23,deepseek/deepseek-chat,sha256:6b972e381e7d58e1d06f324c8c18c90299d667749a11a9a91c61729081c8e7a8,det-v1,1,accepted,1661,102,0.001,0.0005318350,true,false
call-000227,arm10_spec_eprocess,dev/f1/s1100006/late_accurate,39,deepseek/deepseek-chat,sha256:12f7d161d10e2faf6ef1e029eb6b713b0140d7f0d22f58ae5b79b02ab3509fc7,det-v1,1,accepted,2269,187,0.002,0.0007755560,true,false
call-000228,arm12_cth,dev/f1/s1100006/late_accurate,23,deepseek/deepseek-chat,sha256:6b972e381e7d58e1d06f324c8c18c90299d667749a11a9a91c61729081c8e7a8,det-v1,1,accepted,1661,102,0.002,0.0005318350,true,false
call-000229,arm12_cth,dev/f1/s1100006/late_accurate,39,deepseek/deepseek-chat,sha256:72aa92fb7c7cff5b3cd4c83a67dd8ffd460f9356544474236d75a8198bd64a00,det-v1,1,accepted,2269,187,0.002,0.0007755560,true,false
call-000230,arm12b_cth_llm,dev/f1/s1100006/late_accurate,23,deepseek/deepseek-chat,sha256:6b972e381e7d58e1d06f324c8c18c90299d667749a11a9a91c61729081c8e7a8,det-v1,1,accepted,1661,102,0.002,0.0005318350,true,false
call-000231,arm12b_cth_llm,dev/f1/s1100006/late_accurate,39,deepseek/deepseek-chat,sha256:126d414e44222cc364f5c568f75ec09f98ea0416b264a6664574b6ce24f7ad92,det-v1,1,accepted,2268,59,0.002,0.0006435870,true,false
call-000232,arm8_spec_immediate,dev/f1/s1100006/unreliable,20,deepseek/deepseek-chat,sha256:77775f655f7eb6dfdcf7234f94c31c3e07325f556c39cb12530f21dbf00ff546,det-v1,1,accepted,1530,63,0.002,0.0004580370,true,false
call-000233,arm8_spec_immediate,dev/f1/s1100006/unreliable,39,deepseek/deepseek-chat,sha256:8e41d56ef42a207ac76ea17fca1185030caee5382a51f812ecfb791250a17c10,det-v1,1,accepted,2252,63,0.001,0.0006435910,true,false
call-000234,arm10_spec_eprocess,dev/f1/s1100006/unreliable,20,deepseek/deepseek-chat,sha256:77775f655f7eb6dfdcf7234f94c31c3e07325f556c39cb12530f21dbf00ff546,det-v1,1,accepted,1530,63,0.002,0.0004580370,true,false
call-000235,arm10_spec_eprocess,dev/f1/s1100006/unreliable,39,deepseek/deepseek-chat,sha256:8e41d56ef42a207ac76ea17fca1185030caee5382a51f812ecfb791250a17c10,det-v1,1,accepted,2252,63,0.001,0.0006435910,true,false
call-000236,arm12_cth,dev/f1/s1100006/unreliable,20,deepseek/deepseek-chat,sha256:77775f655f7eb6dfdcf7234f94c31c3e07325f556c39cb12530f21dbf00ff546,det-v1,1,accepted,1530,63,0.001,0.0004580370,true,false
call-000237,arm12_cth,dev/f1/s1100006/unreliable,39,deepseek/deepseek-chat,sha256:5b9c380f9fa6a62e3a09b87294c7eab73e75b29cb4cc1f3c61bb7c8b0219e5b2,det-v1,1,accepted,2252,63,0.002,0.0006435910,true,false
call-000238,arm12b_cth_llm,dev/f1/s1100006/unreliable,20,deepseek/deepseek-chat,sha256:77775f655f7eb6dfdcf7234f94c31c3e07325f556c39cb12530f21dbf00ff546,det-v1,1,accepted,1530,63,0.002,0.0004580370,true,false
call-000239,arm12b_cth_llm,dev/f1/s1100006/unreliable,39,deepseek/deepseek-chat,sha256:8e41d56ef42a207ac76ea17fca1185030caee5382a51f812ecfb791250a17c10,det-v1,1,accepted,2252,63,0.001,0.0006435910,true,false
call-000240,arm8_spec_immediate,dev/f1/s1100006/no_alert__twin,10,deepseek/deepseek-chat,sha256:f9464a6a694671af04cb73311596a2a27e6e2187208ef296f74951ce431f709c,det-v1,1,accepted,1162,72,0.002,0.0003727220,true,false
call-000241,arm10_spec_eprocess,dev/f1/s1100006/no_alert__twin,10,deepseek/deepseek-chat,sha256:f9464a6a694671af04cb73311596a2a27e6e2187208ef296f74951ce431f709c,det-v1,1,accepted,1162,72,0.001,0.0003727220,true,false
call-000242,arm12_cth,dev/f1/s1100006/no_alert__twin,10,deepseek/deepseek-chat,sha256:f9464a6a694671af04cb73311596a2a27e6e2187208ef296f74951ce431f709c,det-v1,1,accepted,1162,72,0.001,0.0003727220,true,false
call-000243,arm12b_cth_llm,dev/f1/s1100006/no_alert__twin,10,deepseek/deepseek-chat,sha256:f9464a6a694671af04cb73311596a2a27e6e2187208ef296f74951ce431f709c,det-v1,1,accepted,1162,72,0.002,0.0003727220,true,false
call-000244,arm8_spec_immediate,cal/f1/s1100007/no_alert,23,deepseek/deepseek-chat,sha256:0a7e3e7a7fd78aeb135086d62eb0fda43cbfb623c2a0d75cd464f5f19c0e7e1a,det-v1,1,accepted,1618,59,0.002,0.0004765370,true,false
call-000245,arm8_spec_immediate,cal/f1/s1100007/no_alert,30,deepseek/deepseek-chat,sha256:cd9576e4829ec9322da99e65e15ef8831975ebf7b54788e5a0d89e5511ff28e6,det-v1,1,accepted,1885,87,0.001,0.0005739680,true,false
call-000246,arm10_spec_eprocess,cal/f1/s1100007/no_alert,23,deepseek/deepseek-chat,sha256:0a7e3e7a7fd78aeb135086d62eb0fda43cbfb623c2a0d75cd464f5f19c0e7e1a,det-v1,1,accepted,1618,59,0.002,0.0004765370,true,false
call-000247,arm10_spec_eprocess,cal/f1/s1100007/no_alert,30,deepseek/deepseek-chat,sha256:cd9576e4829ec9322da99e65e15ef8831975ebf7b54788e5a0d89e5511ff28e6,det-v1,1,accepted,1885,87,0.001,0.0005739680,true,false
call-000248,arm12_cth,cal/f1/s1100007/no_alert,23,deepseek/deepseek-chat,sha256:0a7e3e7a7fd78aeb135086d62eb0fda43cbfb623c2a0d75cd464f5f19c0e7e1a,det-v1,1,accepted,1618,59,0.002,0.0004765370,true,false
call-000249,arm12_cth,cal/f1/s1100007/no_alert,30,deepseek/deepseek-chat,sha256:01474cb2493c57f50693e98c793fdfef3d95be3389cfce8bdabc2a494075ca02,det-v1,1,accepted,1885,87,0.002,0.0005739680,true,false
call-000250,arm12b_cth_llm,cal/f1/s1100007/no_alert,23,deepseek/deepseek-chat,sha256:0a7e3e7a7fd78aeb135086d62eb0fda43cbfb623c2a0d75cd464f5f19c0e7e1a,det-v1,1,accepted,1618,59,0.002,0.0004765370,true,false
call-000251,arm12b_cth_llm,cal/f1/s1100007/no_alert,30,deepseek/deepseek-chat,sha256:cd9576e4829ec9322da99e65e15ef8831975ebf7b54788e5a0d89e5511ff28e6,det-v1,1,accepted,1885,87,0.001,0.0005739680,true,false
call-000252,arm8_spec_immediate,cal/f1/s1100007/early_accurate,13,deepseek/deepseek-chat,sha256:c99cdb88f034da140cbb949935d0685cd41f814effca6b9a77a9bf236240232a,det-v1,1,accepted,1282,162,0.002,0.0004961720,true,false
call-000253,arm8_spec_immediate,cal/f1/s1100007/early_accurate,23,deepseek/deepseek-chat,sha256:49e609a0430b1ec4371344cb569a64e22a1ea4c09408db34744e03d811ae37b9,det-v1,1,accepted,1662,87,0.001,0.0005166570,true,false
call-000254,arm10_spec_eprocess,cal/f1/s1100007/early_accurate,13,deepseek/deepseek-chat,sha256:c99cdb88f034da140cbb949935d0685cd41f814effca6b9a77a9bf236240232a,det-v1,1,accepted,1282,162,0.001,0.0004961720,true,false
call-000255,arm10_spec_eprocess,cal/f1/s1100007/early_accurate,23,deepseek/deepseek-chat,sha256:5e4dad5939860624fde46938d94f408998e7738b5c32d8b74b4eb8a21ae2c05d,det-v1,1,accepted,1662,87,0.002,0.0005166570,true,false
call-000256,arm12_cth,cal/f1/s1100007/early_accurate,13,deepseek/deepseek-chat,sha256:c99cdb88f034da140cbb949935d0685cd41f814effca6b9a77a9bf236240232a,det-v1,1,accepted,1282,162,0.002,0.0004961720,true,false
call-000257,arm12_cth,cal/f1/s1100007/early_accurate,23,deepseek/deepseek-chat,sha256:b648ea4ef0289062fd4ed6ed04b5c5c00ace1b40e1237214d21612a78bd932cd,det-v1,1,accepted,1662,117,0.002,0.0005475270,true,false
call-000258,arm12b_cth_llm,cal/f1/s1100007/early_accurate,13,deepseek/deepseek-chat,sha256:c99cdb88f034da140cbb949935d0685cd41f814effca6b9a77a9bf236240232a,det-v1,1,accepted,1282,162,0.002,0.0004961720,true,false
call-000259,arm12b_cth_llm,cal/f1/s1100007/early_accurate,23,deepseek/deepseek-chat,sha256:a6c06cb7804d127d816da56ce652554cd86578c8278562892d9beca3556ee056,det-v1,1,accepted,1662,88,0.002,0.0005176860,true,false
call-000260,arm8_spec_immediate,cal/f1/s1100007/late_accurate,16,deepseek/deepseek-chat,sha256:dc412ead57cf13d84cfde5b82dd704f99da9ba9e915911f26fdfbf04c8ced267,det-v1,1,accepted,1396,107,0.001,0.0004688750,true,false
call-000261,arm8_spec_immediate,cal/f1/s1100007/late_accurate,24,deepseek/deepseek-chat,sha256:40f2849add8b2285b8fb4bce44ff0d628d554471868893f7144083954f8252b1,det-v1,1,accepted,1699,59,0.001,0.0004973540,true,false
call-000262,arm10_spec_eprocess,cal/f1/s1100007/late_accurate,16,deepseek/deepseek-chat,sha256:dc412ead57cf13d84cfde5b82dd704f99da9ba9e915911f26fdfbf04c8ced267,det-v1,1,accepted,1396,107,0.001,0.0004688750,true,false
call-000263,arm10_spec_eprocess,cal/f1/s1100007/late_accurate,24,deepseek/deepseek-chat,sha256:3a75a83a1e01328382785747aa680d336292d622f94a9ca680246003b7771956,det-v1,1,accepted,1699,83,0.002,0.0005220500,true,false
call-000264,arm12_cth,cal/f1/s1100007/late_accurate,16,deepseek/deepseek-chat,sha256:dc412ead57cf13d84cfde5b82dd704f99da9ba9e915911f26fdfbf04c8ced267,det-v1,1,accepted,1396,107,0.001,0.0004688750,true,false
call-000265,arm12_cth,cal/f1/s1100007/late_accurate,24,deepseek/deepseek-chat,sha256:9d8a4f583b6be9cf4660564ba88782901c46c6c8bcb710e5ba89091548258b59,det-v1,1,accepted,1699,63,0.002,0.0005014700,true,false
call-000266,arm12b_cth_llm,cal/f1/s1100007/late_accurate,16,deepseek/deepseek-chat,sha256:dc412ead57cf13d84cfde5b82dd704f99da9ba9e915911f26fdfbf04c8ced267,det-v1,1,accepted,1396,107,0.002,0.0004688750,true,false
call-000267,arm12b_cth_llm,cal/f1/s1100007/late_accurate,24,deepseek/deepseek-chat,sha256:da5625eb2493e380a22a58c0f95bf182471bf2cbd53e4b97190f0ae2ed2c4f67,det-v1,1,accepted,1699,59,0.002,0.0004973540,true,false
call-000268,arm8_spec_immediate,cal/f1/s1100007/unreliable,13,deepseek/deepseek-chat,sha256:9cc6feddd35435c7768d389d1658bc7ceffa75043962f963541360c6ebb00bf5,det-v1,1,accepted,1278,98,0.002,0.0004292880,true,false
call-000269,arm8_spec_immediate,cal/f1/s1100007/unreliable,23,deepseek/deepseek-chat,sha256:32b79f6484ff1fecbef15a7d834dfb9f8ba7f181749a6163e3a246344f3fff50,det-v1,1,accepted,1659,117,0.002,0.0005467560,true,false
call-000270,arm10_spec_eprocess,cal/f1/s1100007/unreliable,13,deepseek/deepseek-chat,sha256:9cc6feddd35435c7768d389d1658bc7ceffa75043962f963541360c6ebb00bf5,det-v1,1,accepted,1278,98,0.001,0.0004292880,true,false
call-000271,arm10_spec_eprocess,cal/f1/s1100007/unreliable,23,deepseek/deepseek-chat,sha256:d4308647f33e9dfc59dbd714f111639c9ee48e70c267cb22ff334f8d23df60fa,det-v1,1,accepted,1659,117,0.002,0.0005467560,true,false
call-000272,arm12_cth,cal/f1/s1100007/unreliable,13,deepseek/deepseek-chat,sha256:9cc6feddd35435c7768d389d1658bc7ceffa75043962f963541360c6ebb00bf5,det-v1,1,accepted,1278,98,0.002,0.0004292880,true,false
call-000273,arm12_cth,cal/f1/s1100007/unreliable,23,deepseek/deepseek-chat,sha256:4b25cd7c3714613acd514d70124912f2f6e72655356972d084be7c3e0567ea19,det-v1,1,accepted,1659,157,0.002,0.0005879160,true,false
call-000274,arm12b_cth_llm,cal/f1/s1100007/unreliable,13,deepseek/deepseek-chat,sha256:9cc6feddd35435c7768d389d1658bc7ceffa75043962f963541360c6ebb00bf5,det-v1,1,accepted,1278,98,0.002,0.0004292880,true,false
call-000275,arm12b_cth_llm,cal/f1/s1100007/unreliable,23,deepseek/deepseek-chat,sha256:f37c88e6710a0544a6458dfe2602fca72191648f96461f421de63e2ae869b00f,det-v1,1,accepted,1659,112,0.002,0.0005416110,true,false
call-000276,arm8_spec_immediate,dev/f2/s2100000/no_alert,30,deepseek/deepseek-chat,sha256:01bf22c940c28146312e6d0d5b36809482e09871794e9233e6f2cea111700f6c,det-v1,1,accepted,1885,87,0.002,0.0005739680,true,false
call-000277,arm8_spec_immediate,dev/f2/s2100000/no_alert,44,deepseek/deepseek-chat,sha256:3af3e8004f651b3de0b43c170759cabe56a31ccebb8efb0709114185faebcb69,det-v1,1,accepted,2417,88,0.001,0.0007117210,true,false
call-000278,arm10_spec_eprocess,dev/f2/s2100000/no_alert,30,deepseek/deepseek-chat,sha256:01bf22c940c28146312e6d0d5b36809482e09871794e9233e6f2cea111700f6c,det-v1,1,accepted,1885,87,0.001,0.0005739680,true,false
call-000279,arm10_spec_eprocess,dev/f2/s2100000/no_alert,44,deepseek/deepseek-chat,sha256:3af3e8004f651b3de0b43c170759cabe56a31ccebb8efb0709114185faebcb69,det-v1,1,accepted,2417,88,0.001,0.0007117210,true,false
call-000280,arm12_cth,dev/f2/s2100000/no_alert,30,deepseek/deepseek-chat,sha256:01bf22c940c28146312e6d0d5b36809482e09871794e9233e6f2cea111700f6c,det-v1,1,accepted,1885,87,0.001,0.0005739680,true,false
call-000281,arm12_cth,dev/f2/s2100000/no_alert,44,deepseek/deepseek-chat,sha256:3114ccd63ae0f68297514f8705f2ce2404de70afb54a38657dbe304d2c630738,det-v1,1,accepted,2417,87,0.002,0.0007106920,true,false
call-000282,arm12b_cth_llm,dev/f2/s2100000/no_alert,30,deepseek/deepseek-chat,sha256:01bf22c940c28146312e6d0d5b36809482e09871794e9233e6f2cea111700f6c,det-v1,1,accepted,1885,87,0.002,0.0005739680,true,false
call-000283,arm12b_cth_llm,dev/f2/s2100000/no_alert,44,deepseek/deepseek-chat,sha256:3af3e8004f651b3de0b43c170759cabe56a31ccebb8efb0709114185faebcb69,det-v1,1,accepted,2417,88,0.001,0.0007117210,true,false
call-000284,arm8_spec_immediate,dev/f2/s2100000/early_accurate,30,deepseek/deepseek-chat,sha256:6a39032af47335cee9e9a532bfb33d81f8c56da695285d37cfc8c9a4ecc4f7d8,det-v1,1,accepted,1884,59,0.002,0.0005448990,true,false
call-000285,arm8_spec_immediate,dev/f2/s2100000/early_accurate,44,deepseek/deepseek-chat,sha256:07325522853c55593f66681dbe6dbc2c98afe005c547007eb8c5365ebe179c4d,det-v1,1,accepted,2417,88,0.001,0.0007117210,true,false
call-000286,arm10_spec_eprocess,dev/f2/s2100000/early_accurate,30,deepseek/deepseek-chat,sha256:6a39032af47335cee9e9a532bfb33d81f8c56da695285d37cfc8c9a4ecc4f7d8,det-v1,1,accepted,1884,59,0.001,0.0005448990,true,false
call-000287,arm10_spec_eprocess,dev/f2/s2100000/early_accurate,44,deepseek/deepseek-chat,sha256:07325522853c55593f66681dbe6dbc2c98afe005c547007eb8c5365ebe179c4d,det-v1,1,accepted,2417,88,0.001,0.0007117210,true,false
call-000288,arm12_cth,dev/f2/s2100000/early_accurate,30,deepseek/deepseek-chat,sha256:6a39032af47335cee9e9a532bfb33d81f8c56da695285d37cfc8c9a4ecc4f7d8,det-v1,1,accepted,1884,59,0.001,0.0005448990,true,false
call-000289,arm12_cth,dev/f2/s2100000/early_accurate,44,deepseek/deepseek-chat,sha256:e71c9fe07cbcf87f14778f0c572c65b27beba7a3f80418dd513c72c7b742fa24,det-v1,1,accepted,2417,87,0.002,0.0007106920,true,false
call-000290,arm12b_cth_llm,dev/f2/s2100000/early_accurate,30,deepseek/deepseek-chat,sha256:6a39032af47335cee9e9a532bfb33d81f8c56da695285d37cfc8c9a4ecc4f7d8,det-v1,1,accepted,1884,59,0.002,0.0005448990,true,false
call-000291,arm12b_cth_llm,dev/f2/s2100000/early_accurate,44,deepseek/deepseek-chat,sha256:07325522853c55593f66681dbe6dbc2c98afe005c547007eb8c5365ebe179c4d,det-v1,1,accepted,2417,88,0.001,0.0007117210,true,false
call-000292,arm8_spec_immediate,dev/f2/s2100000/late_accurate,30,deepseek/deepseek-chat,sha256:04469745af35c815921d4a9b4908f0c9ac0d8393334ef6fcdbfb4c4a2e0104ee,det-v1,1,accepted,1885,87,0.002,0.0005739680,true,false
call-000293,arm8_spec_immediate,dev/f2/s2100000/late_accurate,44,deepseek/deepseek-chat,sha256:6509fab19d12b4321817c3efce233f760ce710fb23ce6ed36e687f90a03ae4ee,det-v1,1,accepted,2417,87,0.002,0.0007106920,true,false
call-000294,arm10_spec_eprocess,dev/f2/s2100000/late_accurate,30,deepseek/deepseek-chat,sha256:04469745af35c815921d4a9b4908f0c9ac0d8393334ef6fcdbfb4c4a2e0104ee,det-v1,1,accepted,1885,87,0.001,0.0005739680,true,false
call-000295,arm10_spec_eprocess,dev/f2/s2100000/late_accurate,44,deepseek/deepseek-chat,sha256:6509fab19d12b4321817c3efce233f760ce710fb23ce6ed36e687f90a03ae4ee,det-v1,1,accepted,2417,87,0.001,0.0007106920,true,false
call-000296,arm12_cth,dev/f2/s2100000/late_accurate,30,deepseek/deepseek-chat,sha256:04469745af35c815921d4a9b4908f0c9ac0d8393334ef6fcdbfb4c4a2e0104ee,det-v1,1,accepted,1885,87,0.002,0.0005739680,true,false
call-000297,arm12_cth,dev/f2/s2100000/late_accurate,44,deepseek/deepseek-chat,sha256:ea056b700efa360cf2e21a3aa5a2060b58011658a485a84b37be5aa4d39b0d16,det-v1,1,accepted,2417,87,0.002,0.0007106920,true,false
call-000298,arm12b_cth_llm,dev/f2/s2100000/late_accurate,30,deepseek/deepseek-chat,sha256:04469745af35c815921d4a9b4908f0c9ac0d8393334ef6fcdbfb4c4a2e0104ee,det-v1,1,accepted,1885,87,0.002,0.0005739680,true,false
call-000299,arm12b_cth_llm,dev/f2/s2100000/late_accurate,44,deepseek/deepseek-chat,sha256:6509fab19d12b4321817c3efce233f760ce710fb23ce6ed36e687f90a03ae4ee,det-v1,1,accepted,2417,87,0.001,0.0007106920,true,false
call-000300,arm8_spec_immediate,dev/f2/s2100000/unreliable,30,deepseek/deepseek-chat,sha256:588fd3079c439b24923235d157d28bcb437ac2027f0cc276607ec59c47ae5162,det-v1,1,accepted,1884,59,0.002,0.0005448990,true,false
call-000301,arm8_spec_immediate,dev/f2/s2100000/unreliable,44,deepseek/deepseek-chat,sha256:b6a38bd908676e42e2ddea5b463617ff6673bf8b23e5410c10c844b481455aaf,det-v1,1,accepted,2416,59,0.001,0.0006816230,true,false
call-000302,arm10_spec_eprocess,dev/f2/s2100000/unreliable,30,deepseek/deepseek-chat,sha256:588fd3079c439b24923235d157d28bcb437ac2027f0cc276607ec59c47ae5162,det-v1,1,accepted,1884,59,0.001,0.0005448990,true,false
call-000303,arm10_spec_eprocess,dev/f2/s2100000/unreliable,44,deepseek/deepseek-chat,sha256:b6a38bd908676e42e2ddea5b463617ff6673bf8b23e5410c10c844b481455aaf,det-v1,1,accepted,2416,59,0.001,0.0006816230,true,false
call-000304,arm12_cth,dev/f2/s2100000/unreliable,30,deepseek/deepseek-chat,sha256:588fd3079c439b24923235d157d28bcb437ac2027f0cc276607ec59c47ae5162,det-v1,1,accepted,1884,59,0.002,0.0005448990,true,false
call-000305,arm12_cth,dev/f2/s2100000/unreliable,44,deepseek/deepseek-chat,sha256:ac2cbca0f0985123164cb5d15a295262f9f4ec337cb9bc240a11f57f53351343,det-v1,1,accepted,2417,88,0.002,0.0007117210,true,false
call-000306,arm12b_cth_llm,dev/f2/s2100000/unreliable,30,deepseek/deepseek-chat,sha256:588fd3079c439b24923235d157d28bcb437ac2027f0cc276607ec59c47ae5162,det-v1,1,accepted,1884,59,0.002,0.0005448990,true,false
call-000307,arm12b_cth_llm,dev/f2/s2100000/unreliable,44,deepseek/deepseek-chat,sha256:b6a38bd908676e42e2ddea5b463617ff6673bf8b23e5410c10c844b481455aaf,det-v1,1,accepted,2416,59,0.001,0.0006816230,true,false
call-000308,arm8_spec_immediate,cal/f2/s2100001/no_alert,36,deepseek/deepseek-chat,sha256:41921988ba8f7ba5ad72540cc5e8a6f3be60f777dd1e4cb82f68a8473badee50,det-v1,1,accepted,2113,88,0.002,0.0006335930,true,false
call-000309,arm8_spec_immediate,cal/f2/s2100001/no_alert,43,deepseek/deepseek-chat,sha256:8843ddab6d8cd8c1d17f11026415cb176c571fb677c039181266ca374dbc8fb1,det-v1,1,accepted,2379,87,0.002,0.0007009260,true,false
call-000310,arm10_spec_eprocess,cal/f2/s2100001/no_alert,36,deepseek/deepseek-chat,sha256:41921988ba8f7ba5ad72540cc5e8a6f3be60f777dd1e4cb82f68a8473badee50,det-v1,1,accepted,2113,88,0.002,0.0006335930,true,false
call-000311,arm10_spec_eprocess,cal/f2/s2100001/no_alert,43,deepseek/deepseek-chat,sha256:8843ddab6d8cd8c1d17f11026415cb176c571fb677c039181266ca374dbc8fb1,det-v1,1,accepted,2379,87,0.001,0.0007009260,true,false
call-000312,arm12_cth,cal/f2/s2100001/no_alert,36,deepseek/deepseek-chat,sha256:41921988ba8f7ba5ad72540cc5e8a6f3be60f777dd1e4cb82f68a8473badee50,det-v1,1,accepted,2113,88,0.002,0.0006335930,true,false
call-000313,arm12_cth,cal/f2/s2100001/no_alert,43,deepseek/deepseek-chat,sha256:8843ddab6d8cd8c1d17f11026415cb176c571fb677c039181266ca374dbc8fb1,det-v1,1,accepted,2379,87,0.002,0.0007009260,true,false
call-000314,arm12b_cth_llm,cal/f2/s2100001/no_alert,36,deepseek/deepseek-chat,sha256:41921988ba8f7ba5ad72540cc5e8a6f3be60f777dd1e4cb82f68a8473badee50,det-v1,1,accepted,2113,88,0.002,0.0006335930,true,false
call-000315,arm12b_cth_llm,cal/f2/s2100001/no_alert,43,deepseek/deepseek-chat,sha256:8843ddab6d8cd8c1d17f11026415cb176c571fb677c039181266ca374dbc8fb1,det-v1,1,accepted,2379,87,0.001,0.0007009260,true,false
call-000316,arm8_spec_immediate,cal/f2/s2100001/early_accurate,36,deepseek/deepseek-chat,sha256:3ae79c2ee628cd66c05cd3703e0fa251bfc7e146f52b30cd075a6e87f7592b03,det-v1,1,accepted,2112,59,0.002,0.0006034950,true,false
call-000317,arm8_spec_immediate,cal/f2/s2100001/early_accurate,43,deepseek/deepseek-chat,sha256:da6c645ab585b1b43f6744668c8d15e698a7857896e3b103a7d3b5b5474b90b5,det-v1,1,accepted,2378,59,0.001,0.0006718570,true,false
call-000318,arm10_spec_eprocess,cal/f2/s2100001/early_accurate,36,deepseek/deepseek-chat,sha256:3ae79c2ee628cd66c05cd3703e0fa251bfc7e146f52b30cd075a6e87f7592b03,det-v1,1,accepted,2112,59,0.001,0.0006034950,true,false
call-000319,arm10_spec_eprocess,cal/f2/s2100001/early_accurate,43,deepseek/deepseek-chat,sha256:da6c645ab585b1b43f6744668c8d15e698a7857896e3b103a7d3b5b5474b90b5,det-v1,1,accepted,2378,59,0.001,0.0006718570,true,false
call-000320,arm12_cth,cal/f2/s2100001/early_accurate,36,deepseek/deepseek-chat,sha256:3ae79c2ee628cd66c05cd3703e0fa251bfc7e146f52b30cd075a6e87f7592b03,det-v1,1,accepted,2112,59,0.001,0.0006034950,true,false
call-000321,arm12_cth,cal/f2/s2100001/early_accurate,43,deepseek/deepseek-chat,sha256:da6c645ab585b1b43f6744668c8d15e698a7857896e3b103a7d3b5b5474b90b5,det-v1,1,accepted,2378,59,0.002,0.0006718570,true,false
call-000322,arm12b_cth_llm,cal/f2/s2100001/early_accurate,36,deepseek/deepseek-chat,sha256:3ae79c2ee628cd66c05cd3703e0fa251bfc7e146f52b30cd075a6e87f7592b03,det-v1,1,accepted,2112,59,0.002,0.0006034950,true,false
call-000323,arm12b_cth_llm,cal/f2/s2100001/early_accurate,43,deepseek/deepseek-chat,sha256:da6c645ab585b1b43f6744668c8d15e698a7857896e3b103a7d3b5b5474b90b5,det-v1,1,accepted,2378,59,0.001,0.0006718570,true,false
call-000324,arm8_spec_immediate,cal/f2/s2100001/late_accurate,36,deepseek/deepseek-chat,sha256:7c0ea8c64716f116606ade39427ddf42f91a2ea2b28ded26bd8fba6fb9874491,det-v1,1,accepted,2112,63,0.001,0.0006076110,true,false
call-000325,arm8_spec_immediate,cal/f2/s2100001/late_accurate,43,deepseek/deepseek-chat,sha256:c3c48f1f6e2b75b63ffc7b4a97597f365f4aead429bf88a7402e811f5eea27ff,det-v1,1,accepted,2378,59,0.001,0.0006718570,true,false
call-000326,arm10_spec_eprocess,cal/f2/s2100001/late_accurate,36,deepseek/deepseek-chat,sha256:7c0ea8c64716f116606ade39427ddf42f91a2ea2b28ded26bd8fba6fb9874491,det-v1,1,accepted,2112,63,0.002,0.0006076110,true,false
call-000327,arm10_spec_eprocess,cal/f2/s2100001/late_accurate,43,deepseek/deepseek-chat,sha256:c3c48f1f6e2b75b63ffc7b4a97597f365f4aead429bf88a7402e811f5eea27ff,det-v1,1,accepted,2378,59,0.001,0.0006718570,true,false
call-000328,arm12_cth,cal/f2/s2100001/late_accurate,36,deepseek/deepseek-chat,sha256:7c0ea8c64716f116606ade39427ddf42f91a2ea2b28ded26bd8fba6fb9874491,det-v1,1,accepted,2112,63,0.002,0.0006076110,true,false
call-000329,arm12_cth,cal/f2/s2100001/late_accurate,43,deepseek/deepseek-chat,sha256:c3c48f1f6e2b75b63ffc7b4a97597f365f4aead429bf88a7402e811f5eea27ff,det-v1,1,accepted,2378,59,0.002,0.0006718570,true,false
call-000330,arm12b_cth_llm,cal/f2/s2100001/late_accurate,36,deepseek/deepseek-chat,sha256:7c0ea8c64716f116606ade39427ddf42f91a2ea2b28ded26bd8fba6fb9874491,det-v1,1,accepted,2112,63,0.002,0.0006076110,true,false
call-000331,arm12b_cth_llm,cal/f2/s2100001/late_accurate,43,deepseek/deepseek-chat,sha256:c3c48f1f6e2b75b63ffc7b4a97597f365f4aead429bf88a7402e811f5eea27ff,det-v1,1,accepted,2378,59,0.001,0.0006718570,true,false
call-000332,arm8_spec_immediate,cal/f2/s2100001/unreliable,36,deepseek/deepseek-chat,sha256:0d190b529c220ff342e794ea2e8f71c125a808b54fd477890d82aaf0d6427d3f,det-v1,1,accepted,2112,63,0.002,0.0006076110,true,false
call-000333,arm8_spec_immediate,cal/f2/s2100001/unreliable,43,deepseek/deepseek-chat,sha256:6b9e7bb173eaa34370e847ebbb080dc4c71f1f393cb44c8e95996d539846c073,det-v1,1,accepted,2379,87,0.001,0.0007009260,true,false
call-000334,arm10_spec_eprocess,cal/f2/s2100001/unreliable,36,deepseek/deepseek-chat,sha256:0d190b529c220ff342e794ea2e8f71c125a808b54fd477890d82aaf0d6427d3f,det-v1,1,accepted,2112,63,0.001,0.0006076110,true,false
call-000335,arm10_spec_eprocess,cal/f2/s2100001/unreliable,43,deepseek/deepseek-chat,sha256:6b9e7bb173eaa34370e847ebbb080dc4c71f1f393cb44c8e95996d539846c073,det-v1,1,accepted,2379,87,0.001,0.0007009260,true,false
call-000336,arm12_cth,cal/f2/s2100001/unreliable,36,deepseek/deepseek-chat,sha256:0d190b529c220ff342e794ea2e8f71c125a808b54fd477890d82aaf0d6427d3f,det-v1,1,accepted,2112,63,0.002,0.0006076110,true,false
call-000337,arm12_cth,cal/f2/s2100001/unreliable,43,deepseek/deepseek-chat,sha256:6b9e7bb173eaa34370e847ebbb080dc4c71f1f393cb44c8e95996d539846c073,det-v1,1,accepted,2379,87,0.002,0.0007009260,true,false
call-000338,arm12b_cth_llm,cal/f2/s2100001/unreliable,36,deepseek/deepseek-chat,sha256:0d190b529c220ff342e794ea2e8f71c125a808b54fd477890d82aaf0d6427d3f,det-v1,1,accepted,2112,63,0.002,0.0006076110,true,false
call-000339,arm12b_cth_llm,cal/f2/s2100001/unreliable,43,deepseek/deepseek-chat,sha256:6b9e7bb173eaa34370e847ebbb080dc4c71f1f393cb44c8e95996d539846c073,det-v1,1,accepted,2379,87,0.001,0.0007009260,true,false
call-000340,arm8_spec_immediate,cal/f2/s2100001/no_alert__twin,10,deepseek/deepseek-chat,sha256:bbf06708a070679713254931182b4c6c94a186ee51aff0510a575bc9f1f66f1e,det-v1,1,accepted,1163,87,0.002,0.0003884140,true,false
call-000341,arm10_spec_eprocess,cal/f2/s2100001/no_alert__twin,10,deepseek/deepseek-chat,sha256:bbf06708a070679713254931182b4c6c94a186ee51aff0510a575bc9f1f66f1e,det-v1,1,accepted,1163,87,0.001,0.0003884140,true,false
call-000342,arm12_cth,cal/f2/s2100001/no_alert__twin,10,deepseek/deepseek-chat,sha256:bbf06708a070679713254931182b4c6c94a186ee51aff0510a575bc9f1f66f1e,det-v1,1,accepted,1163,87,0.001,0.0003884140,true,false
call-000343,arm12b_cth_llm,cal/f2/s2100001/no_alert__twin,10,deepseek/deepseek-chat,sha256:bbf06708a070679713254931182b4c6c94a186ee51aff0510a575bc9f1f66f1e,det-v1,1,accepted,1163,87,0.002,0.0003884140,true,false
call-000344,arm8_spec_immediate,dev/f2/s2100002/no_alert,23,deepseek/deepseek-chat,sha256:0b9d50c3f3d8f98043bb6292ca728ce3207c1c4f536b8278fb773fac983b7a6e,det-v1,1,accepted,1619,87,0.002,0.0005056060,true,false
call-000345,arm8_spec_immediate,dev/f2/s2100002/no_alert,41,deepseek/deepseek-chat,sha256:aac5c91842c9b20449a07ac611215795560a924f352b0b916d01254b4afbaa1a,det-v1,1,accepted,2303,88,0.002,0.0006824230,true,false
call-000346,arm10_spec_eprocess,dev/f2/s2100002/no_alert,23,deepseek/deepseek-chat,sha256:0b9d50c3f3d8f98043bb6292ca728ce3207c1c4f536b8278fb773fac983b7a6e,det-v1,1,accepted,1619,87,0.001,0.0005056060,true,false
call-000347,arm10_spec_eprocess,dev/f2/s2100002/no_alert,41,deepseek/deepseek-chat,sha256:aac5c91842c9b20449a07ac611215795560a924f352b0b916d01254b4afbaa1a,det-v1,1,accepted,2303,88,0.001,0.0006824230,true,false
call-000348,arm12_cth,dev/f2/s2100002/no_alert,23,deepseek/deepseek-chat,sha256:0b9d50c3f3d8f98043bb6292ca728ce3207c1c4f536b8278fb773fac983b7a6e,det-v1,1,accepted,1619,87,0.001,0.0005056060,true,false
call-000349,arm12_cth,dev/f2/s2100002/no_alert,41,deepseek/deepseek-chat,sha256:51e02ca80508875710b9b36dc4b8a2f5ca337498efbf3b3cce04e3c40bab5f5a,det-v1,1,accepted,2303,87,0.002,0.0006813940,true,false
call-000350,arm12b_cth_llm,dev/f2/s2100002/no_alert,23,deepseek/deepseek-chat,sha256:0b9d50c3f3d8f98043bb6292ca728ce3207c1c4f536b8278fb773fac983b7a6e,det-v1,1,accepted,1619,87,0.002,0.0005056060,true,false
call-000351,arm12b_cth_llm,dev/f2/s2100002/no_alert,41,deepseek/deepseek-chat,sha256:aac5c91842c9b20449a07ac611215795560a924f352b0b916d01254b4afbaa1a,det-v1,1,accepted,2303,88,0.002,0.0006824230,true,false
call-000352,arm8_spec_immediate,dev/f2/s2100002/early_accurate,23,deepseek/deepseek-chat,sha256:ed04c3aea3c3e56e8d52c0ba2960d858b59b949ea13ac97c496121a778f264d8,det-v1,1,accepted,1619,87,0.002,0.0005056060,true,false
call-000353,arm8_spec_immediate,dev/f2/s2100002/early_accurate,41,deepseek/deepseek-chat,sha256:44b1e957e71888ee501674e9cb86dfa4a843394309908509b6645498ab96c2ea,det-v1,1,accepted,2303,87,0.001,0.0006813940,true,false
call-000354,arm10_spec_eprocess,dev/f2/s2100002/early_accurate,23,deepseek/deepseek-chat,sha256:ed04c3aea3c3e56e8d52c0ba2960d858b59b949ea13ac97c496121a778f264d8,det-v1,1,accepted,1619,87,0.002,0.0005056060,true,false
call-000355,arm10_spec_eprocess,dev/f2/s2100002/early_accurate,41,deepseek/deepseek-chat,sha256:44b1e957e71888ee501674e9cb86dfa4a843394309908509b6645498ab96c2ea,det-v1,1,accepted,2303,87,0.001,0.0006813940,true,false
call-000356,arm12_cth,dev/f2/s2100002/early_accurate,23,deepseek/deepseek-chat,sha256:ed04c3aea3c3e56e8d52c0ba2960d858b59b949ea13ac97c496121a778f264d8,det-v1,1,accepted,1619,87,0.002,0.0005056060,true,false
call-000357,arm12_cth,dev/f2/s2100002/early_accurate,41,deepseek/deepseek-chat,sha256:8a5cc18d5239665f637222c11059694a6d741fe736c7f168f01e0d1d5807e81f,det-v1,1,accepted,2303,88,0.002,0.0006824230,true,false
call-000358,arm12b_cth_llm,dev/f2/s2100002/early_accurate,23,deepseek/deepseek-chat,sha256:ed04c3aea3c3e56e8d52c0ba2960d858b59b949ea13ac97c496121a778f264d8,det-v1,1,accepted,1619,87,0.002,0.0005056060,true,false
call-000359,arm12b_cth_llm,dev/f2/s2100002/early_accurate,41,deepseek/deepseek-chat,sha256:44b1e957e71888ee501674e9cb86dfa4a843394309908509b6645498ab96c2ea,det-v1,1,accepted,2303,87,0.001,0.0006813940,true,false
call-000360,arm8_spec_immediate,dev/f2/s2100002/late_accurate,23,deepseek/deepseek-chat,sha256:81ee956448a222fd6a13ffc214264ccf418b5c2ad59249bb8725802caa3ed603,det-v1,1,accepted,1618,59,0.002,0.0004765370,true,false
call-000361,arm8_spec_immediate,dev/f2/s2100002/late_accurate,41,deepseek/deepseek-chat,sha256:f43e4ad91cc23c936001c6ac946110f28573e0045be647b56faa964a74d060ff,det-v1,1,accepted,2302,59,0.001,0.0006523250,true,false
call-000362,arm10_spec_eprocess,dev/f2/s2100002/late_accurate,23,deepseek/deepseek-chat,sha256:81ee956448a222fd6a13ffc214264ccf418b5c2ad59249bb8725802caa3ed603,det-v1,1,accepted,1618,59,0.002,0.0004765370,true,false
call-000363,arm10_spec_eprocess,dev/f2/s2100002/late_accurate,41,deepseek/deepseek-chat,sha256:f43e4ad91cc23c936001c6ac946110f28573e0045be647b56faa964a74d060ff,det-v1,1,accepted,2302,59,0.001,0.0006523250,true,false
call-000364,arm12_cth,dev/f2/s2100002/late_accurate,23,deepseek/deepseek-chat,sha256:81ee956448a222fd6a13ffc214264ccf418b5c2ad59249bb8725802caa3ed603,det-v1,1,accepted,1618,59,0.001,0.0004765370,true,false
call-000365,arm12_cth,dev/f2/s2100002/late_accurate,41,deepseek/deepseek-chat,sha256:78c98f87f521c64406ddefa23a24dd7220a3c45ba77a3bf958cca6363ce49e97,det-v1,1,accepted,2302,59,0.002,0.0006523250,true,false
call-000366,arm12b_cth_llm,dev/f2/s2100002/late_accurate,23,deepseek/deepseek-chat,sha256:81ee956448a222fd6a13ffc214264ccf418b5c2ad59249bb8725802caa3ed603,det-v1,1,accepted,1618,59,0.001,0.0004765370,true,false
call-000367,arm12b_cth_llm,dev/f2/s2100002/late_accurate,41,deepseek/deepseek-chat,sha256:f43e4ad91cc23c936001c6ac946110f28573e0045be647b56faa964a74d060ff,det-v1,1,accepted,2302,59,0.001,0.0006523250,true,false
call-000368,arm8_spec_immediate,dev/f2/s2100002/unreliable,23,deepseek/deepseek-chat,sha256:9e976d092f692a4001a070a86a73296a61e65f305f53542727e995fb33c9d407,det-v1,1,accepted,1618,63,0.002,0.0004806530,true,false
call-000369,arm8_spec_immediate,dev/f2/s2100002/unreliable,41,deepseek/deepseek-chat,sha256:21bfdbae54f53ab4a9af7e632a23af6a1b2d3cc2f0f309c9e04a998cdca25bc6,det-v1,1,accepted,2302,59,0.001,0.0006523250,true,false
call-000370,arm10_spec_eprocess,dev/f2/s2100002/unreliable,23,deepseek/deepseek-chat,sha256:9e976d092f692a4001a070a86a73296a61e65f305f53542727e995fb33c9d407,det-v1,1,accepted,1618,63,0.001,0.0004806530,true,false
call-000371,arm10_spec_eprocess,dev/f2/s2100002/unreliable,41,deepseek/deepseek-chat,sha256:21bfdbae54f53ab4a9af7e632a23af6a1b2d3cc2f0f309c9e04a998cdca25bc6,det-v1,1,accepted,2302,59,0.001,0.0006523250,true,false
call-000372,arm12_cth,dev/f2/s2100002/unreliable,23,deepseek/deepseek-chat,sha256:9e976d092f692a4001a070a86a73296a61e65f305f53542727e995fb33c9d407,det-v1,1,accepted,1618,63,0.001,0.0004806530,true,false
call-000373,arm12_cth,dev/f2/s2100002/unreliable,41,deepseek/deepseek-chat,sha256:4db724f262905e025f5ff7224087c7c30dfb49b4493bdee050bcce6b9bc34dd5,det-v1,1,accepted,2303,87,0.002,0.0006813940,true,false
call-000374,arm12b_cth_llm,dev/f2/s2100002/unreliable,23,deepseek/deepseek-chat,sha256:9e976d092f692a4001a070a86a73296a61e65f305f53542727e995fb33c9d407,det-v1,1,accepted,1618,63,0.002,0.0004806530,true,false
call-000375,arm12b_cth_llm,dev/f2/s2100002/unreliable,41,deepseek/deepseek-chat,sha256:21bfdbae54f53ab4a9af7e632a23af6a1b2d3cc2f0f309c9e04a998cdca25bc6,det-v1,1,accepted,2302,59,0.001,0.0006523250,true,false
call-000376,arm8_spec_immediate,dev/f2/s2100002/no_alert__twin,10,deepseek/deepseek-chat,sha256:0e033d7b409e48b6ac49fcd84c714c064140b0ffad17ce93cd0182e97253a3b8,det-v1,1,accepted,1162,147,0.002,0.0004498970,true,false
call-000377,arm10_spec_eprocess,dev/f2/s2100002/no_alert__twin,10,deepseek/deepseek-chat,sha256:0e033d7b409e48b6ac49fcd84c714c064140b0ffad17ce93cd0182e97253a3b8,det-v1,1,accepted,1162,147,0.001,0.0004498970,true,false
call-000378,arm12_cth,dev/f2/s2100002/no_alert__twin,10,deepseek/deepseek-chat,sha256:0e033d7b409e48b6ac49fcd84c714c064140b0ffad17ce93cd0182e97253a3b8,det-v1,1,accepted,1162,147,0.002,0.0004498970,true,false
call-000379,arm12b_cth_llm,dev/f2/s2100002/no_alert__twin,10,deepseek/deepseek-chat,sha256:0e033d7b409e48b6ac49fcd84c714c064140b0ffad17ce93cd0182e97253a3b8,det-v1,1,accepted,1162,147,0.002,0.0004498970,true,false
call-000380,arm8_spec_immediate,cal/f2/s2100003/no_alert,32,deepseek/deepseek-chat,sha256:d67f3e3ceca7b1db7240576f7efdb015df84db21775c88fae6a2345c3e4d1f40,det-v1,1,accepted,1961,88,0.002,0.0005945290,true,false
call-000381,arm8_spec_immediate,cal/f2/s2100003/no_alert,45,deepseek/deepseek-chat,sha256:d63fe03902285bf1b15ba72a88aebf5ec393e2c4c0abc4b035bf1d5e5fdea414,det-v1,1,accepted,2455,87,0.001,0.0007204580,true,false
call-000382,arm10_spec_eprocess,cal/f2/s2100003/no_alert,32,deepseek/deepseek-chat,sha256:d67f3e3ceca7b1db7240576f7efdb015df84db21775c88fae6a2345c3e4d1f40,det-v1,1,accepted,1961,88,0.001,0.0005945290,true,false
call-000383,arm10_spec_eprocess,cal/f2/s2100003/no_alert,45,deepseek/deepseek-chat,sha256:d63fe03902285bf1b15ba72a88aebf5ec393e2c4c0abc4b035bf1d5e5fdea414,det-v1,1,accepted,2455,87,0.002,0.0007204580,true,false
call-000384,arm12_cth,cal/f2/s2100003/no_alert,32,deepseek/deepseek-chat,sha256:d67f3e3ceca7b1db7240576f7efdb015df84db21775c88fae6a2345c3e4d1f40,det-v1,1,accepted,1961,88,0.002,0.0005945290,true,false
call-000385,arm12_cth,cal/f2/s2100003/no_alert,45,deepseek/deepseek-chat,sha256:f97e07a610092c902bfdd31f06597437eafae99409150b7e8f5ecfa3add2162e,det-v1,1,accepted,2455,87,0.002,0.0007204580,true,false
call-000386,arm12b_cth_llm,cal/f2/s2100003/no_alert,32,deepseek/deepseek-chat,sha256:d67f3e3ceca7b1db7240576f7efdb015df84db21775c88fae6a2345c3e4d1f40,det-v1,1,accepted,1961,88,0.002,0.0005945290,true,false
call-000387,arm12b_cth_llm,cal/f2/s2100003/no_alert,45,deepseek/deepseek-chat,sha256:d63fe03902285bf1b15ba72a88aebf5ec393e2c4c0abc4b035bf1d5e5fdea414,det-v1,1,accepted,2455,87,0.001,0.0007204580,true,false
call-000388,arm8_spec_immediate,cal/f2/s2100003/early_accurate,32,deepseek/deepseek-chat,sha256:91f3879ae26056c2e8a580e64d637fd24d8c3f5fe38f05899714e0a9c183ca7c,det-v1,1,accepted,1961,87,0.002,0.0005935000,true,false
call-000389,arm8_spec_immediate,cal/f2/s2100003/early_accurate,45,deepseek/deepseek-chat,sha256:c95572a5109170024045e6adbdd66464b5215391d71e5512c93c2ebaaf0d79df,det-v1,1,accepted,2455,88,0.001,0.0007214870,true,false
call-000390,arm10_spec_eprocess,cal/f2/s2100003/early_accurate,32,deepseek/deepseek-chat,sha256:91f3879ae26056c2e8a580e64d637fd24d8c3f5fe38f05899714e0a9c183ca7c,det-v1,1,accepted,1961,87,0.001,0.0005935000,true,false
call-000391,arm10_spec_eprocess,cal/f2/s2100003/early_accurate,45,deepseek/deepseek-chat,sha256:c95572a5109170024045e6adbdd66464b5215391d71e5512c93c2ebaaf0d79df,det-v1,1,accepted,2455,88,0.001,0.0007214870,true,false
call-000392,arm12_cth,cal/f2/s2100003/early_accurate,32,deepseek/deepseek-chat,sha256:91f3879ae26056c2e8a580e64d637fd24d8c3f5fe38f05899714e0a9c183ca7c,det-v1,1,accepted,1961,87,0.001,0.0005935000,true,false
call-000393,arm12_cth,cal/f2/s2100003/early_accurate,45,deepseek/deepseek-chat,sha256:ce3463129b44e8ddd9d8410275c7848885126b61e4d12efc1073903a70d7857b,det-v1,1,accepted,2455,87,0.002,0.0007204580,true,false
call-000394,arm12b_cth_llm,cal/f2/s2100003/early_accurate,32,deepseek/deepseek-chat,sha256:91f3879ae26056c2e8a580e64d637fd24d8c3f5fe38f05899714e0a9c183ca7c,det-v1,1,accepted,1961,87,0.002,0.0005935000,true,false
call-000395,arm12b_cth_llm,cal/f2/s2100003/early_accurate,45,deepseek/deepseek-chat,sha256:c95572a5109170024045e6adbdd66464b5215391d71e5512c93c2ebaaf0d79df,det-v1,1,accepted,2455,88,0.001,0.0007214870,true,false
call-000396,arm8_spec_immediate,cal/f2/s2100003/late_accurate,32,deepseek/deepseek-chat,sha256:b820e82b06ff281ec8d7f201d033d9a6bd0344612dd4697c724a634635008913,det-v1,1,accepted,1961,87,0.002,0.0005935000,true,false
call-000397,arm8_spec_immediate,cal/f2/s2100003/late_accurate,45,deepseek/deepseek-chat,sha256:78e5565fecb4a84b4168e7c7a9e78d57b36eaed6992f106783982453b5edc7d5,det-v1,1,accepted,2455,87,0.001,0.0007204580,true,false
call-000398,arm10_spec_eprocess,cal/f2/s2100003/late_accurate,32,deepseek/deepseek-chat,sha256:b820e82b06ff281ec8d7f201d033d9a6bd0344612dd4697c724a634635008913,det-v1,1,accepted,1961,87,0.002,0.0005935000,true,false
call-000399,arm10_spec_eprocess,cal/f2/s2100003/late_accurate,45,deepseek/deepseek-chat,sha256:78e5565fecb4a84b4168e7c7a9e78d57b36eaed6992f106783982453b5edc7d5,det-v1,1,accepted,2455,87,0.001,0.0007204580,true,false
call-000400,arm12_cth,cal/f2/s2100003/late_accurate,32,deepseek/deepseek-chat,sha256:b820e82b06ff281ec8d7f201d033d9a6bd0344612dd4697c724a634635008913,det-v1,1,accepted,1961,87,0.001,0.0005935000,true,false
call-000401,arm12_cth,cal/f2/s2100003/late_accurate,45,deepseek/deepseek-chat,sha256:bdde29caec08cfb4128b04077880c6cc2f520f5e06a607bbc59d6bbcb0662613,det-v1,1,accepted,2454,63,0.002,0.0006955050,true,false
call-000402,arm12b_cth_llm,cal/f2/s2100003/late_accurate,32,deepseek/deepseek-chat,sha256:b820e82b06ff281ec8d7f201d033d9a6bd0344612dd4697c724a634635008913,det-v1,1,accepted,1961,87,0.002,0.0005935000,true,false
call-000403,arm12b_cth_llm,cal/f2/s2100003/late_accurate,45,deepseek/deepseek-chat,sha256:78e5565fecb4a84b4168e7c7a9e78d57b36eaed6992f106783982453b5edc7d5,det-v1,1,accepted,2455,87,0.001,0.0007204580,true,false
call-000404,arm8_spec_immediate,cal/f2/s2100003/unreliable,32,deepseek/deepseek-chat,sha256:f6834c13e898bcdc33ab102dc9667c464fc5e22e2dd94f601d844b0bddf28ce2,det-v1,1,accepted,1960,59,0.002,0.0005644310,true,false
call-000405,arm8_spec_immediate,cal/f2/s2100003/unreliable,45,deepseek/deepseek-chat,sha256:58db029cd1c8aecdb27387595d207de6f3dab73e03b21fe1bc21c0fb5935a6c1,det-v1,1,accepted,2454,59,0.001,0.0006913890,true,false
call-000406,arm10_spec_eprocess,cal/f2/s2100003/unreliable,32,deepseek/deepseek-chat,sha256:f6834c13e898bcdc33ab102dc9667c464fc5e22e2dd94f601d844b0bddf28ce2,det-v1,1,accepted,1960,59,0.001,0.0005644310,true,false
call-000407,arm10_spec_eprocess,cal/f2/s2100003/unreliable,45,deepseek/deepseek-chat,sha256:58db029cd1c8aecdb27387595d207de6f3dab73e03b21fe1bc21c0fb5935a6c1,det-v1,1,accepted,2454,59,0.001,0.0006913890,true,false
call-000408,arm12_cth,cal/f2/s2100003/unreliable,32,deepseek/deepseek-chat,sha256:f6834c13e898bcdc33ab102dc9667c464fc5e22e2dd94f601d844b0bddf28ce2,det-v1,1,accepted,1960,59,0.002,0.0005644310,true,false
call-000409,arm12_cth,cal/f2/s2100003/unreliable,45,deepseek/deepseek-chat,sha256:d0705ec37c2ca2f1f1c874b3078a347703ca20cf22bf130811143e3e19d9d487,det-v1,1,accepted,2454,59,0.002,0.0006913890,true,false
call-000410,arm12b_cth_llm,cal/f2/s2100003/unreliable,32,deepseek/deepseek-chat,sha256:f6834c13e898bcdc33ab102dc9667c464fc5e22e2dd94f601d844b0bddf28ce2,det-v1,1,accepted,1960,59,0.002,0.0005644310,true,false
call-000411,arm12b_cth_llm,cal/f2/s2100003/unreliable,45,deepseek/deepseek-chat,sha256:58db029cd1c8aecdb27387595d207de6f3dab73e03b21fe1bc21c0fb5935a6c1,det-v1,1,accepted,2454,59,0.001,0.0006913890,true,false
call-000412,arm8_spec_immediate,dev/f2/s2100004/no_alert,24,deepseek/deepseek-chat,sha256:1878f9ce1f5ad20daa096b391819c0c675b0d063cbc6f25ae3a39ddff1fbc055,det-v1,1,accepted,1656,59,0.002,0.0004863030,true,false
call-000413,arm8_spec_immediate,dev/f2/s2100004/no_alert,34,deepseek/deepseek-chat,sha256:a575c8d4dcd7925198d63ab6cf3aa8b18dc2d56284e2077bc65e2c5096be393d,det-v1,1,accepted,2036,59,0.001,0.0005839630,true,false
call-000414,arm10_spec_eprocess,dev/f2/s2100004/no_alert,24,deepseek/deepseek-chat,sha256:1878f9ce1f5ad20daa096b391819c0c675b0d063cbc6f25ae3a39ddff1fbc055,det-v1,1,accepted,1656,59,0.001,0.0004863030,true,false
call-000415,arm10_spec_eprocess,dev/f2/s2100004/no_alert,34,deepseek/deepseek-chat,sha256:a575c8d4dcd7925198d63ab6cf3aa8b18dc2d56284e2077bc65e2c5096be393d,det-v1,1,accepted,2036,59,0.001,0.0005839630,true,false
call-000416,arm12_cth,dev/f2/s2100004/no_alert,24,deepseek/deepseek-chat,sha256:1878f9ce1f5ad20daa096b391819c0c675b0d063cbc6f25ae3a39ddff1fbc055,det-v1,1,accepted,1656,59,0.001,0.0004863030,true,false
call-000417,arm12_cth,dev/f2/s2100004/no_alert,34,deepseek/deepseek-chat,sha256:e3ba03cba53571b3ab67fee824aa10a5a7a761418179a6c84b2386d22bdfcecb,det-v1,1,accepted,2036,59,0.002,0.0005839630,true,false
call-000418,arm12b_cth_llm,dev/f2/s2100004/no_alert,24,deepseek/deepseek-chat,sha256:1878f9ce1f5ad20daa096b391819c0c675b0d063cbc6f25ae3a39ddff1fbc055,det-v1,1,accepted,1656,59,0.002,0.0004863030,true,false
call-000419,arm12b_cth_llm,dev/f2/s2100004/no_alert,34,deepseek/deepseek-chat,sha256:a575c8d4dcd7925198d63ab6cf3aa8b18dc2d56284e2077bc65e2c5096be393d,det-v1,1,accepted,2036,59,0.001,0.0005839630,true,false
call-000420,arm8_spec_immediate,dev/f2/s2100004/early_accurate,24,deepseek/deepseek-chat,sha256:318a62d06fa4f698f1d8f6a9eaeb2c6a0a9119f517a56d1edf682130683adb41,det-v1,1,accepted,1656,59,0.002,0.0004863030,true,false
call-000421,arm8_spec_immediate,dev/f2/s2100004/early_accurate,34,deepseek/deepseek-chat,sha256:27f633be13ed5dc106b9d3b70646f0614bbb95ac1f3f820af55963427d46f326,det-v1,1,accepted,2036,59,0.001,0.0005839630,true,false
call-000422,arm10_spec_eprocess,dev/f2/s2100004/early_accurate,24,deepseek/deepseek-chat,sha256:318a62d06fa4f698f1d8f6a9eaeb2c6a0a9119f517a56d1edf682130683adb41,det-v1,1,accepted,1656,59,0.001,0.0004863030,true,false
call-000423,arm10_spec_eprocess,dev/f2/s2100004/early_accurate,34,deepseek/deepseek-chat,sha256:27f633be13ed5dc106b9d3b70646f0614bbb95ac1f3f820af55963427d46f326,det-v1,1,accepted,2036,59,0.001,0.0005839630,true,false
call-000424,arm12_cth,dev/f2/s2100004/early_accurate,24,deepseek/deepseek-chat,sha256:318a62d06fa4f698f1d8f6a9eaeb2c6a0a9119f517a56d1edf682130683adb41,det-v1,1,accepted,1656,59,0.002,0.0004863030,true,false
call-000425,arm12_cth,dev/f2/s2100004/early_accurate,34,deepseek/deepseek-chat,sha256:384d3f73f0bc9af29596a0abbaf1bdfba1a24398bffd212f96e950832e4692ad,det-v1,1,accepted,2036,59,0.002,0.0005839630,true,false
call-000426,arm12b_cth_llm,dev/f2/s2100004/early_accurate,24,deepseek/deepseek-chat,sha256:318a62d06fa4f698f1d8f6a9eaeb2c6a0a9119f517a56d1edf682130683adb41,det-v1,1,accepted,1656,59,0.002,0.0004863030,true,false
call-000427,arm12b_cth_llm,dev/f2/s2100004/early_accurate,34,deepseek/deepseek-chat,sha256:27f633be13ed5dc106b9d3b70646f0614bbb95ac1f3f820af55963427d46f326,det-v1,1,accepted,2036,59,0.001,0.0005839630,true,false
call-000428,arm8_spec_immediate,dev/f2/s2100004/late_accurate,24,deepseek/deepseek-chat,sha256:9ca1e1c3d4ea1cf06524a59330540face27605e082da3ef6a6c93c7ddee293b6,det-v1,1,accepted,1656,59,0.002,0.0004863030,true,false
call-000429,arm8_spec_immediate,dev/f2/s2100004/late_accurate,34,deepseek/deepseek-chat,sha256:abfd5506c2acad79cbae79b706538298d299466a266c1a3ef2848a0135dea57e,det-v1,1,accepted,2036,59,0.001,0.0005839630,true,false
call-000430,arm10_spec_eprocess,dev/f2/s2100004/late_accurate,24,deepseek/deepseek-chat,sha256:9ca1e1c3d4ea1cf06524a59330540face27605e082da3ef6a6c93c7ddee293b6,det-v1,1,accepted,1656,59,0.002,0.0004863030,true,false
call-000431,arm10_spec_eprocess,dev/f2/s2100004/late_accurate,34,deepseek/deepseek-chat,sha256:abfd5506c2acad79cbae79b706538298d299466a266c1a3ef2848a0135dea57e,det-v1,1,accepted,2036,59,0.001,0.0005839630,true,false
call-000432,arm12_cth,dev/f2/s2100004/late_accurate,24,deepseek/deepseek-chat,sha256:9ca1e1c3d4ea1cf06524a59330540face27605e082da3ef6a6c93c7ddee293b6,det-v1,1,accepted,1656,59,0.001,0.0004863030,true,false
call-000433,arm12_cth,dev/f2/s2100004/late_accurate,34,deepseek/deepseek-chat,sha256:0e25aa646cc0e5e823b69d0c295d8cee4195c54af82b4bc6a59b1fecbddc342b,det-v1,1,accepted,2036,59,0.002,0.0005839630,true,false
call-000434,arm12b_cth_llm,dev/f2/s2100004/late_accurate,24,deepseek/deepseek-chat,sha256:9ca1e1c3d4ea1cf06524a59330540face27605e082da3ef6a6c93c7ddee293b6,det-v1,1,accepted,1656,59,0.002,0.0004863030,true,false
call-000435,arm12b_cth_llm,dev/f2/s2100004/late_accurate,34,deepseek/deepseek-chat,sha256:abfd5506c2acad79cbae79b706538298d299466a266c1a3ef2848a0135dea57e,det-v1,1,accepted,2036,59,0.001,0.0005839630,true,false
call-000436,arm8_spec_immediate,dev/f2/s2100004/unreliable,24,deepseek/deepseek-chat,sha256:0ae1d0ec2882706d8d89f58feec6ea7397639a8b57b9ded3887d677d9b5d8b0c,det-v1,1,accepted,1656,59,0.002,0.0004863030,true,false
call-000437,arm8_spec_immediate,dev/f2/s2100004/unreliable,34,deepseek/deepseek-chat,sha256:9c30c7bdddfae3f04bddcb36feef51eecea38bcdf82bc83e5f43eb378933b550,det-v1,1,accepted,2036,59,0.001,0.0005839630,true,false
call-000438,arm10_spec_eprocess,dev/f2/s2100004/unreliable,24,deepseek/deepseek-chat,sha256:0ae1d0ec2882706d8d89f58feec6ea7397639a8b57b9ded3887d677d9b5d8b0c,det-v1,1,accepted,1656,59,0.002,0.0004863030,true,false
call-000439,arm10_spec_eprocess,dev/f2/s2100004/unreliable,34,deepseek/deepseek-chat,sha256:9c30c7bdddfae3f04bddcb36feef51eecea38bcdf82bc83e5f43eb378933b550,det-v1,1,accepted,2036,59,0.001,0.0005839630,true,false
call-000440,arm12_cth,dev/f2/s2100004/unreliable,24,deepseek/deepseek-chat,sha256:0ae1d0ec2882706d8d89f58feec6ea7397639a8b57b9ded3887d677d9b5d8b0c,det-v1,1,accepted,1656,59,0.002,0.0004863030,true,false
call-000441,arm12_cth,dev/f2/s2100004/unreliable,34,deepseek/deepseek-chat,sha256:9a51c3d9ec9097789c4352419cf66a17b7128a411b7561bf869ac45cb2ded9ee,det-v1,1,accepted,2036,59,0.002,0.0005839630,true,false
call-000442,arm12b_cth_llm,dev/f2/s2100004/unreliable,24,deepseek/deepseek-chat,sha256:0ae1d0ec2882706d8d89f58feec6ea7397639a8b57b9ded3887d677d9b5d8b0c,det-v1,1,accepted,1656,59,0.002,0.0004863030,true,false
call-000443,arm12b_cth_llm,dev/f2/s2100004/unreliable,34,deepseek/deepseek-chat,sha256:9c30c7bdddfae3f04bddcb36feef51eecea38bcdf82bc83e5f43eb378933b550,det-v1,1,accepted,2036,59,0.001,0.0005839630,true,false
call-000444,arm8_spec_immediate,cal/f2/s2100005/no_alert,38,deepseek/deepseek-chat,sha256:4f2df3e8c0a8e72b2a0053e66bbd6e5ff6bb70f531e7daa147ff16ed1460105a,det-v1,1,accepted,2188,59,0.003,0.0006230270,true,false
call-000445,arm8_spec_immediate,cal/f2/s2100005/no_alert,47,deepseek/deepseek-chat,sha256:75696161da8a6f7eaf91009e4363c3715182054cb8ece3eea7eab2480e9d4242,det-v1,1,accepted,2530,63,0.001,0.0007150370,true,false
call-000446,arm10_spec_eprocess,cal/f2/s2100005/no_alert,38,deepseek/deepseek-chat,sha256:4f2df3e8c0a8e72b2a0053e66bbd6e5ff6bb70f531e7daa147ff16ed1460105a,det-v1,1,accepted,2188,59,0.001,0.0006230270,true,false
call-000447,arm10_spec_eprocess,cal/f2/s2100005/no_alert,47,deepseek/deepseek-chat,sha256:75696161da8a6f7eaf91009e4363c3715182054cb8ece3eea7eab2480e9d4242,det-v1,1,accepted,2530,63,0.001,0.0007150370,true,false
call-000448,arm12_cth,cal/f2/s2100005/no_alert,38,deepseek/deepseek-chat,sha256:4f2df3e8c0a8e72b2a0053e66bbd6e5ff6bb70f531e7daa147ff16ed1460105a,det-v1,1,accepted,2188,59,0.001,0.0006230270,true,false
call-000449,arm12_cth,cal/f2/s2100005/no_alert,47,deepseek/deepseek-chat,sha256:b60c5770e67d6ad037ad28aefd6b4d480caf0f301db709a838f5cdcdd3068e68,det-v1,1,accepted,2530,59,0.002,0.0007109210,true,false
call-000450,arm12b_cth_llm,cal/f2/s2100005/no_alert,38,deepseek/deepseek-chat,sha256:4f2df3e8c0a8e72b2a0053e66bbd6e5ff6bb70f531e7daa147ff16ed1460105a,det-v1,1,accepted,2188,59,0.002,0.0006230270,true,false
call-000451,arm12b_cth_llm,cal/f2/s2100005/no_alert,47,deepseek/deepseek-chat,sha256:75696161da8a6f7eaf91009e4363c3715182054cb8ece3eea7eab2480e9d4242,det-v1,1,accepted,2530,63,0.001,0.0007150370,true,false
call-000452,arm8_spec_immediate,cal/f2/s2100005/early_accurate,38,deepseek/deepseek-chat,sha256:f77af59bdcd1a51778f750ede3ab8e6c91468bfe0421d55efe6cd9b13ea414a6,det-v1,1,accepted,2188,59,0.002,0.0006230270,true,false
call-000453,arm8_spec_immediate,cal/f2/s2100005/early_accurate,47,deepseek/deepseek-chat,sha256:f4086ec09f49a2028cb637291e91418454622b49c7d27584802014ba6d1399cc,det-v1,1,accepted,2530,59,0.001,0.0007109210,true,false
call-000454,arm10_spec_eprocess,cal/f2/s2100005/early_accurate,38,deepseek/deepseek-chat,sha256:f77af59bdcd1a51778f750ede3ab8e6c91468bfe0421d55efe6cd9b13ea414a6,det-v1,1,accepted,2188,59,0.001,0.0006230270,true,false
call-000455,arm10_spec_eprocess,cal/f2/s2100005/early_accurate,47,deepseek/deepseek-chat,sha256:f4086ec09f49a2028cb637291e91418454622b49c7d27584802014ba6d1399cc,det-v1,1,accepted,2530,59,0.001,0.0007109210,true,false
call-000456,arm12_cth,cal/f2/s2100005/early_accurate,38,deepseek/deepseek-chat,sha256:f77af59bdcd1a51778f750ede3ab8e6c91468bfe0421d55efe6cd9b13ea414a6,det-v1,1,accepted,2188,59,0.001,0.0006230270,true,false
call-000457,arm12_cth,cal/f2/s2100005/early_accurate,47,deepseek/deepseek-chat,sha256:8713524aa7b170e02c26cf51400e055d73bd8b9d61925a46822ce016efe8a8fb,det-v1,1,accepted,2530,63,0.002,0.0007150370,true,false
call-000458,arm12b_cth_llm,cal/f2/s2100005/early_accurate,38,deepseek/deepseek-chat,sha256:f77af59bdcd1a51778f750ede3ab8e6c91468bfe0421d55efe6cd9b13ea414a6,det-v1,1,accepted,2188,59,0.002,0.0006230270,true,false
call-000459,arm12b_cth_llm,cal/f2/s2100005/early_accurate,47,deepseek/deepseek-chat,sha256:f4086ec09f49a2028cb637291e91418454622b49c7d27584802014ba6d1399cc,det-v1,1,accepted,2530,59,0.001,0.0007109210,true,false
call-000460,arm8_spec_immediate,cal/f2/s2100005/late_accurate,38,deepseek/deepseek-chat,sha256:726fd75a42adf81c7fa9488dacd5c7c3c895277c116a60b37110bc68b4fe05aa,det-v1,1,accepted,2188,59,0.002,0.0006230270,true,false
call-000461,arm8_spec_immediate,cal/f2/s2100005/late_accurate,47,deepseek/deepseek-chat,sha256:847f7701101c779ede6de450bdf0df781799de2cfd9dc77dc15b71ea1e478daf,det-v1,1,accepted,2530,63,0.001,0.0007150370,true,false
call-000462,arm10_spec_eprocess,cal/f2/s2100005/late_accurate,38,deepseek/deepseek-chat,sha256:726fd75a42adf81c7fa9488dacd5c7c3c895277c116a60b37110bc68b4fe05aa,det-v1,1,accepted,2188,59,0.001,0.0006230270,true,false
call-000463,arm10_spec_eprocess,cal/f2/s2100005/late_accurate,47,deepseek/deepseek-chat,sha256:847f7701101c779ede6de450bdf0df781799de2cfd9dc77dc15b71ea1e478daf,det-v1,1,accepted,2530,63,0.001,0.0007150370,true,false
call-000464,arm12_cth,cal/f2/s2100005/late_accurate,38,deepseek/deepseek-chat,sha256:726fd75a42adf81c7fa9488dacd5c7c3c895277c116a60b37110bc68b4fe05aa,det-v1,1,accepted,2188,59,0.001,0.0006230270,true,false
call-000465,arm12_cth,cal/f2/s2100005/late_accurate,47,deepseek/deepseek-chat,sha256:1d9b5b5571f7ef0846190e0fa8b409f82bc94870429203d2baf0adf4ce608eab,det-v1,1,accepted,2530,63,0.002,0.0007150370,true,false
call-000466,arm12b_cth_llm,cal/f2/s2100005/late_accurate,38,deepseek/deepseek-chat,sha256:726fd75a42adf81c7fa9488dacd5c7c3c895277c116a60b37110bc68b4fe05aa,det-v1,1,accepted,2188,59,0.002,0.0006230270,true,false
call-000467,arm12b_cth_llm,cal/f2/s2100005/late_accurate,47,deepseek/deepseek-chat,sha256:847f7701101c779ede6de450bdf0df781799de2cfd9dc77dc15b71ea1e478daf,det-v1,1,accepted,2530,63,0.001,0.0007150370,true,false
call-000468,arm8_spec_immediate,cal/f2/s2100005/unreliable,38,deepseek/deepseek-chat,sha256:5e22b660f1802c18c6fb019c3d9300e5b6a64918debf97e799cc5ffcbe43d76c,det-v1,1,accepted,2188,59,0.002,0.0006230270,true,false
call-000469,arm8_spec_immediate,cal/f2/s2100005/unreliable,47,deepseek/deepseek-chat,sha256:dec901daaa3589aa33355c48421ddb8bf996f848d6d5a677c21e9025b42363ea,det-v1,1,accepted,2531,87,0.002,0.0007399900,true,false
call-000470,arm10_spec_eprocess,cal/f2/s2100005/unreliable,38,deepseek/deepseek-chat,sha256:5e22b660f1802c18c6fb019c3d9300e5b6a64918debf97e799cc5ffcbe43d76c,det-v1,1,accepted,2188,59,0.002,0.0006230270,true,false
call-000471,arm10_spec_eprocess,cal/f2/s2100005/unreliable,47,deepseek/deepseek-chat,sha256:dec901daaa3589aa33355c48421ddb8bf996f848d6d5a677c21e9025b42363ea,det-v1,1,accepted,2531,87,0.001,0.0007399900,true,false
call-000472,arm12_cth,cal/f2/s2100005/unreliable,38,deepseek/deepseek-chat,sha256:5e22b660f1802c18c6fb019c3d9300e5b6a64918debf97e799cc5ffcbe43d76c,det-v1,1,accepted,2188,59,0.001,0.0006230270,true,false
call-000473,arm12_cth,cal/f2/s2100005/unreliable,47,deepseek/deepseek-chat,sha256:5da06997e5ade0dd95dc4484057b32eef1a041c09cb3b1115a830adfc81aed36,det-v1,1,accepted,2531,87,0.002,0.0007399900,true,false
call-000474,arm12b_cth_llm,cal/f2/s2100005/unreliable,38,deepseek/deepseek-chat,sha256:5e22b660f1802c18c6fb019c3d9300e5b6a64918debf97e799cc5ffcbe43d76c,det-v1,1,accepted,2188,59,0.001,0.0006230270,true,false
call-000475,arm12b_cth_llm,cal/f2/s2100005/unreliable,47,deepseek/deepseek-chat,sha256:dec901daaa3589aa33355c48421ddb8bf996f848d6d5a677c21e9025b42363ea,det-v1,1,accepted,2531,87,0.001,0.0007399900,true,false
call-000476,arm8_spec_immediate,cal/f2/s2100005/no_alert__twin,10,deepseek/deepseek-chat,sha256:e82cb04d24ed30ef068600e609d3881e1281988607895ad70511b1cfbd3097c7,det-v1,1,accepted,1163,122,0.002,0.0004244290,true,false
call-000477,arm8_spec_immediate,cal/f2/s2100005/no_alert__twin,30,deepseek/deepseek-chat,sha256:5bf1f1a22d462710dada109390f5fe2dd495bb3d48c67c1ecb86df8dd96f6a8e,det-v1,1,accepted,1923,122,0.001,0.0006197490,true,false
call-000478,arm10_spec_eprocess,cal/f2/s2100005/no_alert__twin,10,deepseek/deepseek-chat,sha256:e82cb04d24ed30ef068600e609d3881e1281988607895ad70511b1cfbd3097c7,det-v1,1,accepted,1163,122,0.002,0.0004244290,true,false
call-000479,arm10_spec_eprocess,cal/f2/s2100005/no_alert__twin,30,deepseek/deepseek-chat,sha256:7d84307b1597e7420f708235a6398eaafcae5a663a4cd291dbb9e4ab75adb7a0,det-v1,1,accepted,1923,112,0.002,0.0006094590,true,false
call-000480,arm12_cth,cal/f2/s2100005/no_alert__twin,10,deepseek/deepseek-chat,sha256:e82cb04d24ed30ef068600e609d3881e1281988607895ad70511b1cfbd3097c7,det-v1,1,accepted,1163,122,0.001,0.0004244290,true,false
call-000481,arm12_cth,cal/f2/s2100005/no_alert__twin,30,deepseek/deepseek-chat,sha256:8383995957fe92ec25c59754ecae6fee0b44896ca7684b4c5b86030231719a31,det-v1,1,accepted,1923,142,0.002,0.0006403290,true,false
call-000482,arm12b_cth_llm,cal/f2/s2100005/no_alert__twin,10,deepseek/deepseek-chat,sha256:e82cb04d24ed30ef068600e609d3881e1281988607895ad70511b1cfbd3097c7,det-v1,1,accepted,1163,122,0.002,0.0004244290,true,false
call-000483,arm12b_cth_llm,cal/f2/s2100005/no_alert__twin,30,deepseek/deepseek-chat,sha256:c6f4f46b1309c01ccf47aafb1e849d8a8be0aa6388db4f2a46acc470e84218ed,det-v1,1,accepted,1923,122,0.002,0.0006197490,true,false
call-000484,arm8_spec_immediate,dev/f2/s2100006/no_alert,31,deepseek/deepseek-chat,sha256:f3370f370df09991fbd6935135c703e699ac790c3a11c8600be9e74e6b2eb910,det-v1,1,accepted,1923,87,0.002,0.0005837340,true,false
call-000485,arm8_spec_immediate,dev/f2/s2100006/no_alert,42,deepseek/deepseek-chat,sha256:40ab8ac3c00a0162dcb2858e306bae357cb0425d15f93afe0f4580fbc7420166,det-v1,1,accepted,2341,87,0.001,0.0006911600,true,false
call-000486,arm10_spec_eprocess,dev/f2/s2100006/no_alert,31,deepseek/deepseek-chat,sha256:f3370f370df09991fbd6935135c703e699ac790c3a11c8600be9e74e6b2eb910,det-v1,1,accepted,1923,87,0.001,0.0005837340,true,false
call-000487,arm10_spec_eprocess,dev/f2/s2100006/no_alert,42,deepseek/deepseek-chat,sha256:40ab8ac3c00a0162dcb2858e306bae357cb0425d15f93afe0f4580fbc7420166,det-v1,1,accepted,2341,87,0.001,0.0006911600,true,false
call-000488,arm12_cth,dev/f2/s2100006/no_alert,31,deepseek/deepseek-chat,sha256:f3370f370df09991fbd6935135c703e699ac790c3a11c8600be9e74e6b2eb910,det-v1,1,accepted,1923,87,0.001,0.0005837340,true,false
call-000489,arm12_cth,dev/f2/s2100006/no_alert,42,deepseek/deepseek-chat,sha256:b2c88ed1d5614fa39f8a77cc64f5133c05e6b152bd60a74e0f14fda154c50cc3,det-v1,1,accepted,2341,88,0.002,0.0006921890,true,false
call-000490,arm12b_cth_llm,dev/f2/s2100006/no_alert,31,deepseek/deepseek-chat,sha256:f3370f370df09991fbd6935135c703e699ac790c3a11c8600be9e74e6b2eb910,det-v1,1,accepted,1923,87,0.002,0.0005837340,true,false
call-000491,arm12b_cth_llm,dev/f2/s2100006/no_alert,42,deepseek/deepseek-chat,sha256:40ab8ac3c00a0162dcb2858e306bae357cb0425d15f93afe0f4580fbc7420166,det-v1,1,accepted,2341,87,0.001,0.0006911600,true,false
call-000492,arm8_spec_immediate,dev/f2/s2100006/early_accurate,31,deepseek/deepseek-chat,sha256:52e545cb9b4ecd4278065c7e8f24fa1920705f6430ba4065510b9e697c63d63e,det-v1,1,accepted,1922,59,0.002,0.0005546650,true,false
call-000493,arm8_spec_immediate,dev/f2/s2100006/early_accurate,42,deepseek/deepseek-chat,sha256:af82a9e172792b536138fb139c972196300cc7e04c0bd1ceae90ea6432c351ee,det-v1,1,accepted,2341,88,0.002,0.0006921890,true,false
call-000494,arm10_spec_eprocess,dev/f2/s2100006/early_accurate,31,deepseek/deepseek-chat,sha256:52e545cb9b4ecd4278065c7e8f24fa1920705f6430ba4065510b9e697c63d63e,det-v1,1,accepted,1922,59,0.002,0.0005546650,true,false
call-000495,arm10_spec_eprocess,dev/f2/s2100006/early_accurate,42,deepseek/deepseek-chat,sha256:af82a9e172792b536138fb139c972196300cc7e04c0bd1ceae90ea6432c351ee,det-v1,1,accepted,2341,88,0.002,0.0006921890,true,false
call-000496,arm12_cth,dev/f2/s2100006/early_accurate,31,deepseek/deepseek-chat,sha256:52e545cb9b4ecd4278065c7e8f24fa1920705f6430ba4065510b9e697c63d63e,det-v1,1,accepted,1922,59,0.001,0.0005546650,true,false
call-000497,arm12_cth,dev/f2/s2100006/early_accurate,42,deepseek/deepseek-chat,sha256:0e2b88ac40d7c16bc7058a58dd92b04b38cee37a9298cc0490a25ed8f01f04d3,det-v1,1,,2340,59,6014.203,0.0006620910,false,true
call-000498,arm12_cth,dev/f2/s2100006/early_accurate,42,deepseek/deepseek-chat,sha256:0e2b88ac40d7c16bc7058a58dd92b04b38cee37a9298cc0490a25ed8f01f04d3,det-v1,1,accepted,2340,59,6014.203,0.0006620910,false,false
call-000499,arm12b_cth_llm,dev/f2/s2100006/early_accurate,31,deepseek/deepseek-chat,sha256:52e545cb9b4ecd4278065c7e8f24fa1920705f6430ba4065510b9e697c63d63e,det-v1,1,accepted,1922,59,0.002,0.0005546650,true,false
call-000500,arm12b_cth_llm,dev/f2/s2100006/early_accurate,42,deepseek/deepseek-chat,sha256:af82a9e172792b536138fb139c972196300cc7e04c0bd1ceae90ea6432c351ee,det-v1,1,accepted,2341,88,0.001,0.0006921890,true,false
call-000501,arm8_spec_immediate,dev/f2/s2100006/late_accurate,31,deepseek/deepseek-chat,sha256:e44f7f37e4f4a47e8fa8f02b453b7cc9a3ff6e6cdeecdc97c61dd9aebe855bb8,det-v1,1,,1923,88,2971.858,0.0005847630,false,true
call-000502,arm8_spec_immediate,dev/f2/s2100006/late_accurate,31,deepseek/deepseek-chat,sha256:e44f7f37e4f4a47e8fa8f02b453b7cc9a3ff6e6cdeecdc97c61dd9aebe855bb8,det-v1,1,accepted,1923,88,2971.858,0.0005847630,false,false
call-000503,arm8_spec_immediate,dev/f2/s2100006/late_accurate,42,deepseek/deepseek-chat,sha256:41d12f3f8f5661b6bb5e79b9518c3eccd07303bf97cd1634b8ce285c7cfe0bd3,det-v1,1,,2340,63,7879.649,0.0006662070,false,true
call-000504,arm8_spec_immediate,dev/f2/s2100006/late_accurate,42,deepseek/deepseek-chat,sha256:41d12f3f8f5661b6bb5e79b9518c3eccd07303bf97cd1634b8ce285c7cfe0bd3,det-v1,1,accepted,2340,63,7879.649,0.0006662070,false,false
call-000505,arm10_spec_eprocess,dev/f2/s2100006/late_accurate,31,deepseek/deepseek-chat,sha256:e44f7f37e4f4a47e8fa8f02b453b7cc9a3ff6e6cdeecdc97c61dd9aebe855bb8,det-v1,1,accepted,1923,88,0.004,0.0005847630,true,false
call-000506,arm10_spec_eprocess,dev/f2/s2100006/late_accurate,42,deepseek/deepseek-chat,sha256:41d12f3f8f5661b6bb5e79b9518c3eccd07303bf97cd1634b8ce285c7cfe0bd3,det-v1,1,accepted,2340,63,0.004,0.0006662070,true,false
call-000507,arm12_cth,dev/f2/s2100006/late_accurate,31,deepseek/deepseek-chat,sha256:e44f7f37e4f4a47e8fa8f02b453b7cc9a3ff6e6cdeecdc97c61dd9aebe855bb8,det-v1,1,accepted,1923,88,0.002,0.0005847630,true,false
call-000508,arm12_cth,dev/f2/s2100006/late_accurate,42,deepseek/deepseek-chat,sha256:474f377fb4fc03200eccc91109d188fb45f5c022dfcd390bae8add26e85eb892,det-v1,1,,2340,63,6149.036,0.0006662070,false,true
call-000509,arm12_cth,dev/f2/s2100006/late_accurate,42,deepseek/deepseek-chat,sha256:474f377fb4fc03200eccc91109d188fb45f5c022dfcd390bae8add26e85eb892,det-v1,1,accepted,2340,63,6149.036,0.0006662070,false,false
call-000510,arm12b_cth_llm,dev/f2/s2100006/late_accurate,31,deepseek/deepseek-chat,sha256:e44f7f37e4f4a47e8fa8f02b453b7cc9a3ff6e6cdeecdc97c61dd9aebe855bb8,det-v1,1,accepted,1923,88,0.002,0.0005847630,true,false
call-000511,arm12b_cth_llm,dev/f2/s2100006/late_accurate,42,deepseek/deepseek-chat,sha256:41d12f3f8f5661b6bb5e79b9518c3eccd07303bf97cd1634b8ce285c7cfe0bd3,det-v1,1,accepted,2340,63,0.001,0.0006662070,true,false
call-000512,arm8_spec_immediate,dev/f2/s2100006/unreliable,31,deepseek/deepseek-chat,sha256:c41ca3ecfe6161e61402ad9aa1c7d9c14b05d5e057f5efc10b1a5e479d4fb2c3,det-v1,1,,1922,63,3887.573,0.0005587810,false,true
call-000513,arm8_spec_immediate,dev/f2/s2100006/unreliable,31,deepseek/deepseek-chat,sha256:c41ca3ecfe6161e61402ad9aa1c7d9c14b05d5e057f5efc10b1a5e479d4fb2c3,det-v1,1,accepted,1922,63,3887.573,0.0005587810,false,false
call-000514,arm8_spec_immediate,dev/f2/s2100006/unreliable,42,deepseek/deepseek-chat,sha256:3fd2dfc41dd7973c184c39a99d94bb5e5d2ed82e83a2c44759f11122724863f2,det-v1,1,,2340,59,3905.093,0.0006620910,false,true
call-000515,arm8_spec_immediate,dev/f2/s2100006/unreliable,42,deepseek/deepseek-chat,sha256:3fd2dfc41dd7973c184c39a99d94bb5e5d2ed82e83a2c44759f11122724863f2,det-v1,1,accepted,2340,59,3905.093,0.0006620910,false,false
call-000516,arm10_spec_eprocess,dev/f2/s2100006/unreliable,31,deepseek/deepseek-chat,sha256:c41ca3ecfe6161e61402ad9aa1c7d9c14b05d5e057f5efc10b1a5e479d4fb2c3,det-v1,1,accepted,1922,63,0.003,0.0005587810,true,false
call-000517,arm10_spec_eprocess,dev/f2/s2100006/unreliable,42,deepseek/deepseek-chat,sha256:3fd2dfc41dd7973c184c39a99d94bb5e5d2ed82e83a2c44759f11122724863f2,det-v1,1,accepted,2340,59,0.003,0.0006620910,true,false
call-000518,arm12_cth,dev/f2/s2100006/unreliable,31,deepseek/deepseek-chat,sha256:c41ca3ecfe6161e61402ad9aa1c7d9c14b05d5e057f5efc10b1a5e479d4fb2c3,det-v1,1,accepted,1922,63,0.002,0.0005587810,true,false
call-000519,arm12_cth,dev/f2/s2100006/unreliable,42,deepseek/deepseek-chat,sha256:4e922d444edf9a17921b2b6b5aa964efd3548e886e7f81d22c2c2fd94443971c,det-v1,1,,2340,63,8165.669,0.0006662070,false,true
call-000520,arm12_cth,dev/f2/s2100006/unreliable,42,deepseek/deepseek-chat,sha256:4e922d444edf9a17921b2b6b5aa964efd3548e886e7f81d22c2c2fd94443971c,det-v1,1,accepted,2340,63,8165.669,0.0006662070,false,false
call-000521,arm12b_cth_llm,dev/f2/s2100006/unreliable,31,deepseek/deepseek-chat,sha256:c41ca3ecfe6161e61402ad9aa1c7d9c14b05d5e057f5efc10b1a5e479d4fb2c3,det-v1,1,accepted,1922,63,0.002,0.0005587810,true,false
call-000522,arm12b_cth_llm,dev/f2/s2100006/unreliable,42,deepseek/deepseek-chat,sha256:3fd2dfc41dd7973c184c39a99d94bb5e5d2ed82e83a2c44759f11122724863f2,det-v1,1,accepted,2340,59,0.001,0.0006620910,true,false
call-000523,arm8_spec_immediate,dev/f2/s2100006/no_alert__twin,10,deepseek/deepseek-chat,sha256:832b1890a5a3559219b97380d79c6de8ee904bf69e1762eb5f9d219150d28932,det-v1,1,,1162,76,305869.714,0.0003768380,false,true
call-000524,arm8_spec_immediate,dev/f2/s2100006/no_alert__twin,10,deepseek/deepseek-chat,sha256:832b1890a5a3559219b97380d79c6de8ee904bf69e1762eb5f9d219150d28932,det-v1,1,accepted,1162,76,305869.714,0.0003768380,false,false
call-000525,arm10_spec_eprocess,dev/f2/s2100006/no_alert__twin,10,deepseek/deepseek-chat,sha256:832b1890a5a3559219b97380d79c6de8ee904bf69e1762eb5f9d219150d28932,det-v1,1,accepted,1162,76,0.004,0.0003768380,true,false
call-000526,arm12_cth,dev/f2/s2100006/no_alert__twin,10,deepseek/deepseek-chat,sha256:832b1890a5a3559219b97380d79c6de8ee904bf69e1762eb5f9d219150d28932,det-v1,1,accepted,1162,76,0.002,0.0003768380,true,false
call-000527,arm12b_cth_llm,dev/f2/s2100006/no_alert__twin,10,deepseek/deepseek-chat,sha256:832b1890a5a3559219b97380d79c6de8ee904bf69e1762eb5f9d219150d28932,det-v1,1,accepted,1162,76,0.002,0.0003768380,true,false
call-000528,arm8_spec_immediate,cal/f2/s2100007/no_alert,24,deepseek/deepseek-chat,sha256:3f5c8beb86c8e67883ee98618a36950474ef935e95a556cdbe8a5e8892bc6125,det-v1,1,,1656,63,4920.209,0.0004904190,false,true
call-000529,arm8_spec_immediate,cal/f2/s2100007/no_alert,24,deepseek/deepseek-chat,sha256:3f5c8beb86c8e67883ee98618a36950474ef935e95a556cdbe8a5e8892bc6125,det-v1,1,accepted,1656,63,4920.209,0.0004904190,false,false
call-000530,arm8_spec_immediate,cal/f2/s2100007/no_alert,34,deepseek/deepseek-chat,sha256:3bb06743db4881129557c7e625b79c4a24eab26c7ff0b59e21d1b1d693da5d28,det-v1,1,,2037,88,3256.332,0.0006140610,false,true
call-000531,arm8_spec_immediate,cal/f2/s2100007/no_alert,34,deepseek/deepseek-chat,sha256:3bb06743db4881129557c7e625b79c4a24eab26c7ff0b59e21d1b1d693da5d28,det-v1,1,accepted,2037,88,3256.332,0.0006140610,false,false
call-000532,arm10_spec_eprocess,cal/f2/s2100007/no_alert,24,deepseek/deepseek-chat,sha256:3f5c8beb86c8e67883ee98618a36950474ef935e95a556cdbe8a5e8892bc6125,det-v1,1,accepted,1656,63,0.004,0.0004904190,true,false
call-000533,arm10_spec_eprocess,cal/f2/s2100007/no_alert,34,deepseek/deepseek-chat,sha256:3bb06743db4881129557c7e625b79c4a24eab26c7ff0b59e21d1b1d693da5d28,det-v1,1,accepted,2037,88,0.003,0.0006140610,true,false
call-000534,arm12_cth,cal/f2/s2100007/no_alert,24,deepseek/deepseek-chat,sha256:3f5c8beb86c8e67883ee98618a36950474ef935e95a556cdbe8a5e8892bc6125,det-v1,1,accepted,1656,63,0.002,0.0004904190,true,false
call-000535,arm12_cth,cal/f2/s2100007/no_alert,34,deepseek/deepseek-chat,sha256:d69adbe9a3b543f080459898ccefeb4ab5d85872c1eccd7fa274e26d7b3961d3,det-v1,1,,2036,59,6539.178,0.0005839630,false,true
call-000536,arm12_cth,cal/f2/s2100007/no_alert,34,deepseek/deepseek-chat,sha256:d69adbe9a3b543f080459898ccefeb4ab5d85872c1eccd7fa274e26d7b3961d3,det-v1,1,accepted,2036,59,6539.178,0.0005839630,false,false
call-000537,arm12b_cth_llm,cal/f2/s2100007/no_alert,24,deepseek/deepseek-chat,sha256:3f5c8beb86c8e67883ee98618a36950474ef935e95a556cdbe8a5e8892bc6125,det-v1,1,accepted,1656,63,0.002,0.0004904190,true,false
call-000538,arm12b_cth_llm,cal/f2/s2100007/no_alert,34,deepseek/deepseek-chat,sha256:3bb06743db4881129557c7e625b79c4a24eab26c7ff0b59e21d1b1d693da5d28,det-v1,1,accepted,2037,88,0.001,0.0006140610,true,false
call-000539,arm8_spec_immediate,cal/f2/s2100007/early_accurate,24,deepseek/deepseek-chat,sha256:691e4e96e5540bcd115323329950a6640a4a9354999e51ffad5056e15d8389c0,det-v1,1,,1656,87,7039.020,0.0005151150,false,true
call-000540,arm8_spec_immediate,cal/f2/s2100007/early_accurate,24,deepseek/deepseek-chat,sha256:691e4e96e5540bcd115323329950a6640a4a9354999e51ffad5056e15d8389c0,det-v1,1,accepted,1656,87,7039.020,0.0005151150,false,false
call-000541,arm8_spec_immediate,cal/f2/s2100007/early_accurate,34,deepseek/deepseek-chat,sha256:ae34d0d2467aa646156fde6848bb5958f5654c3d02f715df12e9c68488d04e7f,det-v1,1,,2036,63,5188.398,0.0005880790,false,true
call-000542,arm8_spec_immediate,cal/f2/s2100007/early_accurate,34,deepseek/deepseek-chat,sha256:ae34d0d2467aa646156fde6848bb5958f5654c3d02f715df12e9c68488d04e7f,det-v1,1,accepted,2036,63,5188.398,0.0005880790,false,false
call-000543,arm10_spec_eprocess,cal/f2/s2100007/early_accurate,24,deepseek/deepseek-chat,sha256:691e4e96e5540bcd115323329950a6640a4a9354999e51ffad5056e15d8389c0,det-v1,1,accepted,1656,87,0.003,0.0005151150,true,false
call-000544,arm10_spec_eprocess,cal/f2/s2100007/early_accurate,34,deepseek/deepseek-chat,sha256:ae34d0d2467aa646156fde6848bb5958f5654c3d02f715df12e9c68488d04e7f,det-v1,1,accepted,2036,63,0.004,0.0005880790,true,false
call-000545,arm12_cth,cal/f2/s2100007/early_accurate,24,deepseek/deepseek-chat,sha256:691e4e96e5540bcd115323329950a6640a4a9354999e51ffad5056e15d8389c0,det-v1,1,accepted,1656,87,0.002,0.0005151150,true,false
call-000546,arm12_cth,cal/f2/s2100007/early_accurate,34,deepseek/deepseek-chat,sha256:08db77df67e0bb6d8a97dea83f5d3bfe6f5eb50f8639d7fff55dd5cb3476e0fd,det-v1,1,,2037,88,2111.120,0.0006140610,false,true
call-000547,arm12_cth,cal/f2/s2100007/early_accurate,34,deepseek/deepseek-chat,sha256:08db77df67e0bb6d8a97dea83f5d3bfe6f5eb50f8639d7fff55dd5cb3476e0fd,det-v1,1,accepted,2037,88,2111.120,0.0006140610,false,false
call-000548,arm12b_cth_llm,cal/f2/s2100007/early_accurate,24,deepseek/deepseek-chat,sha256:691e4e96e5540bcd115323329950a6640a4a9354999e51ffad5056e15d8389c0,det-v1,1,accepted,1656,87,0.002,0.0005151150,true,false
call-000549,arm12b_cth_llm,cal/f2/s2100007/early_accurate,34,deepseek/deepseek-chat,sha256:ae34d0d2467aa646156fde6848bb5958f5654c3d02f715df12e9c68488d04e7f,det-v1,1,accepted,2036,63,0.001,0.0005880790,true,false
call-000550,arm8_spec_immediate,cal/f2/s2100007/late_accurate,24,deepseek/deepseek-chat,sha256:79ca73374c3e3be8b84a192597107f61e353e6fdbc8a3c954afee25024355bc8,det-v1,1,,1657,87,3108.718,0.0005153720,false,true
call-000551,arm8_spec_immediate,cal/f2/s2100007/late_accurate,24,deepseek/deepseek-chat,sha256:79ca73374c3e3be8b84a192597107f61e353e6fdbc8a3c954afee25024355bc8,det-v1,1,accepted,1657,87,3108.718,0.0005153720,false,false
call-000552,arm8_spec_immediate,cal/f2/s2100007/late_accurate,34,deepseek/deepseek-chat,sha256:abbe787ec5f69e56d5e5bc8a7572b0e99ad5f3a4682430c7ad22e02e9d076dcb,det-v1,1,,2036,59,3257.359,0.0005839630,false,true
call-000553,arm8_spec_immediate,cal/f2/s2100007/late_accurate,34,deepseek/deepseek-chat,sha256:abbe787ec5f69e56d5e5bc8a7572b0e99ad5f3a4682430c7ad22e02e9d076dcb,det-v1,1,accepted,2036,59,3257.359,0.0005839630,false,false
call-000554,arm10_spec_eprocess,cal/f2/s2100007/late_accurate,24,deepseek/deepseek-chat,sha256:79ca73374c3e3be8b84a192597107f61e353e6fdbc8a3c954afee25024355bc8,det-v1,1,accepted,1657,87,0.003,0.0005153720,true,false
call-000555,arm10_spec_eprocess,cal/f2/s2100007/late_accurate,34,deepseek/deepseek-chat,sha256:abbe787ec5f69e56d5e5bc8a7572b0e99ad5f3a4682430c7ad22e02e9d076dcb,det-v1,1,accepted,2036,59,0.003,0.0005839630,true,false
call-000556,arm12_cth,cal/f2/s2100007/late_accurate,24,deepseek/deepseek-chat,sha256:79ca73374c3e3be8b84a192597107f61e353e6fdbc8a3c954afee25024355bc8,det-v1,1,accepted,1657,87,0.002,0.0005153720,true,false
call-000557,arm12_cth,cal/f2/s2100007/late_accurate,34,deepseek/deepseek-chat,sha256:6956e28a27b77d7e153f0797d4b4ff45ed4c4974042fe5432148e23889e07a60,det-v1,1,,2036,63,4425.753,0.0005880790,false,true
call-000558,arm12_cth,cal/f2/s2100007/late_accurate,34,deepseek/deepseek-chat,sha256:6956e28a27b77d7e153f0797d4b4ff45ed4c4974042fe5432148e23889e07a60,det-v1,1,accepted,2036,63,4425.753,0.0005880790,false,false
call-000559,arm12b_cth_llm,cal/f2/s2100007/late_accurate,24,deepseek/deepseek-chat,sha256:79ca73374c3e3be8b84a192597107f61e353e6fdbc8a3c954afee25024355bc8,det-v1,1,accepted,1657,87,0.002,0.0005153720,true,false
call-000560,arm12b_cth_llm,cal/f2/s2100007/late_accurate,34,deepseek/deepseek-chat,sha256:abbe787ec5f69e56d5e5bc8a7572b0e99ad5f3a4682430c7ad22e02e9d076dcb,det-v1,1,accepted,2036,59,0.001,0.0005839630,true,false
call-000561,arm8_spec_immediate,cal/f2/s2100007/unreliable,24,deepseek/deepseek-chat,sha256:078238b29455a61ccb8489fc9b81aca30356fea2a690cd7c0fcd7af3cbacaa8f,det-v1,1,,1656,63,6457.060,0.0004904190,false,true
call-000562,arm8_spec_immediate,cal/f2/s2100007/unreliable,24,deepseek/deepseek-chat,sha256:078238b29455a61ccb8489fc9b81aca30356fea2a690cd7c0fcd7af3cbacaa8f,det-v1,1,accepted,1656,63,6457.060,0.0004904190,false,false
call-000563,arm8_spec_immediate,cal/f2/s2100007/unreliable,34,deepseek/deepseek-chat,sha256:909736b405633ee398ef6181dbba1cb12f0159456ef7218856e688f01d5885da,det-v1,1,,2036,59,6591.540,0.0005839630,false,true
call-000564,arm8_spec_immediate,cal/f2/s2100007/unreliable,34,deepseek/deepseek-chat,sha256:909736b405633ee398ef6181dbba1cb12f0159456ef7218856e688f01d5885da,det-v1,1,accepted,2036,59,6591.540,0.0005839630,false,false
call-000565,arm10_spec_eprocess,cal/f2/s2100007/unreliable,24,deepseek/deepseek-chat,sha256:078238b29455a61ccb8489fc9b81aca30356fea2a690cd7c0fcd7af3cbacaa8f,det-v1,1,accepted,1656,63,0.004,0.0004904190,true,false
call-000566,arm10_spec_eprocess,cal/f2/s2100007/unreliable,34,deepseek/deepseek-chat,sha256:909736b405633ee398ef6181dbba1cb12f0159456ef7218856e688f01d5885da,det-v1,1,accepted,2036,59,0.004,0.0005839630,true,false
call-000567,arm12_cth,cal/f2/s2100007/unreliable,24,deepseek/deepseek-chat,sha256:078238b29455a61ccb8489fc9b81aca30356fea2a690cd7c0fcd7af3cbacaa8f,det-v1,1,accepted,1656,63,0.002,0.0004904190,true,false
call-000568,arm12_cth,cal/f2/s2100007/unreliable,34,deepseek/deepseek-chat,sha256:aead0aada2ba39dc6be218cc2ade1881b39a6a0412ed34a95d6d04854ab5aebb,det-v1,1,,2037,88,3078.990,0.0006140610,false,true
call-000569,arm12_cth,cal/f2/s2100007/unreliable,34,deepseek/deepseek-chat,sha256:aead0aada2ba39dc6be218cc2ade1881b39a6a0412ed34a95d6d04854ab5aebb,det-v1,1,accepted,2037,88,3078.990,0.0006140610,false,false
call-000570,arm12b_cth_llm,cal/f2/s2100007/unreliable,24,deepseek/deepseek-chat,sha256:078238b29455a61ccb8489fc9b81aca30356fea2a690cd7c0fcd7af3cbacaa8f,det-v1,1,accepted,1656,63,0.002,0.0004904190,true,false
call-000571,arm12b_cth_llm,cal/f2/s2100007/unreliable,34,deepseek/deepseek-chat,sha256:909736b405633ee398ef6181dbba1cb12f0159456ef7218856e688f01d5885da,det-v1,1,accepted,2036,59,0.002,0.0005839630,true,false
call-000572,arm8_spec_immediate,dev/f3/s3100000/early_accurate,19,deepseek/deepseek-chat,sha256:66c2ad6b653ee86d15e064eeded70de5e36f346779ff47e45ab3650c9c6d9fd3,det-v1,1,,1506,78,8151.890,0.0004673040,false,true
call-000573,arm8_spec_immediate,dev/f3/s3100000/early_accurate,19,deepseek/deepseek-chat,sha256:66c2ad6b653ee86d15e064eeded70de5e36f346779ff47e45ab3650c9c6d9fd3,det-v1,1,accepted,1506,78,8151.890,0.0004673040,false,false
call-000574,arm10_spec_eprocess,dev/f3/s3100000/early_accurate,19,deepseek/deepseek-chat,sha256:66c2ad6b653ee86d15e064eeded70de5e36f346779ff47e45ab3650c9c6d9fd3,det-v1,1,accepted,1506,78,0.002,0.0004673040,true,false
call-000575,arm12_cth,dev/f3/s3100000/early_accurate,19,deepseek/deepseek-chat,sha256:66c2ad6b653ee86d15e064eeded70de5e36f346779ff47e45ab3650c9c6d9fd3,det-v1,1,accepted,1506,78,0.002,0.0004673040,true,false
call-000576,arm12b_cth_llm,dev/f3/s3100000/early_accurate,19,deepseek/deepseek-chat,sha256:66c2ad6b653ee86d15e064eeded70de5e36f346779ff47e45ab3650c9c6d9fd3,det-v1,1,accepted,1506,78,0.002,0.0004673040,true,false
call-000577,arm8_spec_immediate,dev/f3/s3100000/late_accurate,22,deepseek/deepseek-chat,sha256:37f8279b6760a6c3eb503eb346207f3d9c52dc1b87498be36b316930856bf842,det-v1,1,,1620,82,5752.983,0.0005007180,false,true
call-000578,arm8_spec_immediate,dev/f3/s3100000/late_accurate,22,deepseek/deepseek-chat,sha256:37f8279b6760a6c3eb503eb346207f3d9c52dc1b87498be36b316930856bf842,det-v1,1,accepted,1620,82,5752.983,0.0005007180,false,false
call-000579,arm10_spec_eprocess,dev/f3/s3100000/late_accurate,22,deepseek/deepseek-chat,sha256:37f8279b6760a6c3eb503eb346207f3d9c52dc1b87498be36b316930856bf842,det-v1,1,accepted,1620,82,0.002,0.0005007180,true,false
call-000580,arm12_cth,dev/f3/s3100000/late_accurate,22,deepseek/deepseek-chat,sha256:37f8279b6760a6c3eb503eb346207f3d9c52dc1b87498be36b316930856bf842,det-v1,1,accepted,1620,82,0.002,0.0005007180,true,false
call-000581,arm12b_cth_llm,dev/f3/s3100000/late_accurate,22,deepseek/deepseek-chat,sha256:37f8279b6760a6c3eb503eb346207f3d9c52dc1b87498be36b316930856bf842,det-v1,1,accepted,1620,82,0.002,0.0005007180,true,false
call-000582,arm8_spec_immediate,dev/f3/s3100000/unreliable,19,deepseek/deepseek-chat,sha256:ece771a9b59364454d2dd3ef7fa373ed29fb17ef23ca83a1624afade4beff5ed,det-v1,1,,1496,63,5445.189,0.0004492990,false,true
call-000583,arm8_spec_immediate,dev/f3/s3100000/unreliable,19,deepseek/deepseek-chat,sha256:ece771a9b59364454d2dd3ef7fa373ed29fb17ef23ca83a1624afade4beff5ed,det-v1,1,accepted,1496,63,5445.189,0.0004492990,false,false
call-000584,arm10_spec_eprocess,dev/f3/s3100000/unreliable,19,deepseek/deepseek-chat,sha256:ece771a9b59364454d2dd3ef7fa373ed29fb17ef23ca83a1624afade4beff5ed,det-v1,1,accepted,1496,63,0.002,0.0004492990,true,false
call-000585,arm12_cth,dev/f3/s3100000/unreliable,19,deepseek/deepseek-chat,sha256:ece771a9b59364454d2dd3ef7fa373ed29fb17ef23ca83a1624afade4beff5ed,det-v1,1,accepted,1496,63,0.002,0.0004492990,true,false
call-000586,arm12b_cth_llm,dev/f3/s3100000/unreliable,19,deepseek/deepseek-chat,sha256:ece771a9b59364454d2dd3ef7fa373ed29fb17ef23ca83a1624afade4beff5ed,det-v1,1,accepted,1496,63,0.002,0.0004492990,true,false
call-000587,arm8_spec_immediate,cal/f3/s3100001/no_alert,20,deepseek/deepseek-chat,sha256:43298e197963701070bebeb3316a2002ed8b24f28fce40ff25b4cc97aec26c46,det-v1,1,,1504,59,5749.831,0.0004472390,false,true
call-000588,arm8_spec_immediate,cal/f3/s3100001/no_alert,20,deepseek/deepseek-chat,sha256:43298e197963701070bebeb3316a2002ed8b24f28fce40ff25b4cc97aec26c46,det-v1,1,accepted,1504,59,5749.831,0.0004472390,false,false
call-000589,arm10_spec_eprocess,cal/f3/s3100001/no_alert,20,deepseek/deepseek-chat,sha256:43298e197963701070bebeb3316a2002ed8b24f28fce40ff25b4cc97aec26c46,det-v1,1,accepted,1504,59,0.002,0.0004472390,true,false
call-000590,arm12_cth,cal/f3/s3100001/no_alert,20,deepseek/deepseek-chat,sha256:43298e197963701070bebeb3316a2002ed8b24f28fce40ff25b4cc97aec26c46,det-v1,1,accepted,1504,59,0.002,0.0004472390,true,false
call-000591,arm12b_cth_llm,cal/f3/s3100001/no_alert,20,deepseek/deepseek-chat,sha256:43298e197963701070bebeb3316a2002ed8b24f28fce40ff25b4cc97aec26c46,det-v1,1,accepted,1504,59,0.002,0.0004472390,true,false
call-000592,arm8_spec_immediate,cal/f3/s3100001/early_accurate,17,deepseek/deepseek-chat,sha256:3bb3be5eaa6ba448d369fdfc9d8bb22de2d70bf88e659308c758ba2580cae371,det-v1,1,,1426,77,6883.649,0.0004457150,false,true
call-000593,arm8_spec_immediate,cal/f3/s3100001/early_accurate,17,deepseek/deepseek-chat,sha256:3bb3be5eaa6ba448d369fdfc9d8bb22de2d70bf88e659308c758ba2580cae371,det-v1,1,accepted,1426,77,6883.649,0.0004457150,false,false
call-000594,arm10_spec_eprocess,cal/f3/s3100001/early_accurate,17,deepseek/deepseek-chat,sha256:3bb3be5eaa6ba448d369fdfc9d8bb22de2d70bf88e659308c758ba2580cae371,det-v1,1,accepted,1426,77,0.003,0.0004457150,true,false
call-000595,arm12_cth,cal/f3/s3100001/early_accurate,17,deepseek/deepseek-chat,sha256:3bb3be5eaa6ba448d369fdfc9d8bb22de2d70bf88e659308c758ba2580cae371,det-v1,1,accepted,1426,77,0.002,0.0004457150,true,false
call-000596,arm12b_cth_llm,cal/f3/s3100001/early_accurate,17,deepseek/deepseek-chat,sha256:3bb3be5eaa6ba448d369fdfc9d8bb22de2d70bf88e659308c758ba2580cae371,det-v1,1,accepted,1426,77,0.003,0.0004457150,true,false
call-000597,arm8_spec_immediate,cal/f3/s3100001/late_accurate,20,deepseek/deepseek-chat,sha256:7ab2ad2c300a5631fcd3436067a4e5709a917dd90a66e9f42f94442715c33408,det-v1,1,,1541,87,2452.752,0.0004855600,false,true
call-000598,arm8_spec_immediate,cal/f3/s3100001/late_accurate,20,deepseek/deepseek-chat,sha256:7ab2ad2c300a5631fcd3436067a4e5709a917dd90a66e9f42f94442715c33408,det-v1,1,accepted,1541,87,2452.752,0.0004855600,false,false
call-000599,arm10_spec_eprocess,cal/f3/s3100001/late_accurate,20,deepseek/deepseek-chat,sha256:7ab2ad2c300a5631fcd3436067a4e5709a917dd90a66e9f42f94442715c33408,det-v1,1,accepted,1541,87,0.002,0.0004855600,true,false
call-000600,arm12_cth,cal/f3/s3100001/late_accurate,20,deepseek/deepseek-chat,sha256:7ab2ad2c300a5631fcd3436067a4e5709a917dd90a66e9f42f94442715c33408,det-v1,1,accepted,1541,87,0.001,0.0004855600,true,false
call-000601,arm12b_cth_llm,cal/f3/s3100001/late_accurate,20,deepseek/deepseek-chat,sha256:7ab2ad2c300a5631fcd3436067a4e5709a917dd90a66e9f42f94442715c33408,det-v1,1,accepted,1541,87,0.002,0.0004855600,true,false
call-000602,arm8_spec_immediate,cal/f3/s3100001/unreliable,17,deepseek/deepseek-chat,sha256:b8a28fb835aef108578ab341816413ff720605233840e9a4d7cb23cd910a9898,det-v1,1,,1421,78,5882.370,0.0004454590,false,true
call-000603,arm8_spec_immediate,cal/f3/s3100001/unreliable,17,deepseek/deepseek-chat,sha256:b8a28fb835aef108578ab341816413ff720605233840e9a4d7cb23cd910a9898,det-v1,1,accepted,1421,78,5882.370,0.0004454590,false,false
call-000604,arm10_spec_eprocess,cal/f3/s3100001/unreliable,17,deepseek/deepseek-chat,sha256:b8a28fb835aef108578ab341816413ff720605233840e9a4d7cb23cd910a9898,det-v1,1,accepted,1421,78,0.003,0.0004454590,true,false
call-000605,arm12_cth,cal/f3/s3100001/unreliable,17,deepseek/deepseek-chat,sha256:b8a28fb835aef108578ab341816413ff720605233840e9a4d7cb23cd910a9898,det-v1,1,accepted,1421,78,0.002,0.0004454590,true,false
call-000606,arm12b_cth_llm,cal/f3/s3100001/unreliable,17,deepseek/deepseek-chat,sha256:b8a28fb835aef108578ab341816413ff720605233840e9a4d7cb23cd910a9898,det-v1,1,accepted,1421,78,0.002,0.0004454590,true,false
call-000607,arm8_spec_immediate,cal/f3/s3100001/no_alert__twin,10,deepseek/deepseek-chat,sha256:31359d2adba5f6b01eee4072c18b76ff8ea28b80f169d6122d2ce28919342c17,det-v1,1,,1163,59,4960.927,0.0003596020,false,true
call-000608,arm8_spec_immediate,cal/f3/s3100001/no_alert__twin,10,deepseek/deepseek-chat,sha256:31359d2adba5f6b01eee4072c18b76ff8ea28b80f169d6122d2ce28919342c17,det-v1,1,accepted,1163,59,4960.927,0.0003596020,false,false
call-000609,arm10_spec_eprocess,cal/f3/s3100001/no_alert__twin,10,deepseek/deepseek-chat,sha256:31359d2adba5f6b01eee4072c18b76ff8ea28b80f169d6122d2ce28919342c17,det-v1,1,accepted,1163,59,0.002,0.0003596020,true,false
call-000610,arm12_cth,cal/f3/s3100001/no_alert__twin,10,deepseek/deepseek-chat,sha256:31359d2adba5f6b01eee4072c18b76ff8ea28b80f169d6122d2ce28919342c17,det-v1,1,accepted,1163,59,0.002,0.0003596020,true,false
call-000611,arm12b_cth_llm,cal/f3/s3100001/no_alert__twin,10,deepseek/deepseek-chat,sha256:31359d2adba5f6b01eee4072c18b76ff8ea28b80f169d6122d2ce28919342c17,det-v1,1,accepted,1163,59,0.002,0.0003596020,true,false
call-000612,arm8_spec_immediate,dev/f3/s3100002/early_accurate,13,deepseek/deepseek-chat,sha256:4a547ba10ebac65caf82de72fd320ce92928841fe02bf820448c8b90f9e96047,det-v1,1,,1273,74,6517.170,0.0004033070,false,true
call-000613,arm8_spec_immediate,dev/f3/s3100002/early_accurate,13,deepseek/deepseek-chat,sha256:4a547ba10ebac65caf82de72fd320ce92928841fe02bf820448c8b90f9e96047,det-v1,1,accepted,1273,74,6517.170,0.0004033070,false,false
call-000614,arm10_spec_eprocess,dev/f3/s3100002/early_accurate,13,deepseek/deepseek-chat,sha256:4a547ba10ebac65caf82de72fd320ce92928841fe02bf820448c8b90f9e96047,det-v1,1,accepted,1273,74,0.003,0.0004033070,true,false
call-000615,arm12_cth,dev/f3/s3100002/early_accurate,13,deepseek/deepseek-chat,sha256:4a547ba10ebac65caf82de72fd320ce92928841fe02bf820448c8b90f9e96047,det-v1,1,accepted,1273,74,0.002,0.0004033070,true,false
call-000616,arm12b_cth_llm,dev/f3/s3100002/early_accurate,13,deepseek/deepseek-chat,sha256:4a547ba10ebac65caf82de72fd320ce92928841fe02bf820448c8b90f9e96047,det-v1,1,accepted,1273,74,0.002,0.0004033070,true,false
call-000617,arm8_spec_immediate,dev/f3/s3100002/late_accurate,16,deepseek/deepseek-chat,sha256:e0187f73b7d3c1702bffd045b5ec41e82e1973e05fbf90f992048d936f0a8c5c,det-v1,1,,1387,78,7954.470,0.0004367210,false,true
call-000618,arm8_spec_immediate,dev/f3/s3100002/late_accurate,16,deepseek/deepseek-chat,sha256:e0187f73b7d3c1702bffd045b5ec41e82e1973e05fbf90f992048d936f0a8c5c,det-v1,1,accepted,1387,78,7954.470,0.0004367210,false,false
call-000619,arm10_spec_eprocess,dev/f3/s3100002/late_accurate,16,deepseek/deepseek-chat,sha256:e0187f73b7d3c1702bffd045b5ec41e82e1973e05fbf90f992048d936f0a8c5c,det-v1,1,accepted,1387,78,0.003,0.0004367210,true,false
call-000620,arm12_cth,dev/f3/s3100002/late_accurate,16,deepseek/deepseek-chat,sha256:e0187f73b7d3c1702bffd045b5ec41e82e1973e05fbf90f992048d936f0a8c5c,det-v1,1,accepted,1387,78,0.002,0.0004367210,true,false
call-000621,arm12b_cth_llm,dev/f3/s3100002/late_accurate,16,deepseek/deepseek-chat,sha256:e0187f73b7d3c1702bffd045b5ec41e82e1973e05fbf90f992048d936f0a8c5c,det-v1,1,accepted,1387,78,0.002,0.0004367210,true,false
call-000622,arm8_spec_immediate,dev/f3/s3100002/unreliable,13,deepseek/deepseek-chat,sha256:f81439c5409a6d259713f51b76887d946c09b717c7b1bf7efffdac69f6bfb6de,det-v1,1,,1277,63,4433.615,0.0003930160,false,true
call-000623,arm8_spec_immediate,dev/f3/s3100002/unreliable,13,deepseek/deepseek-chat,sha256:f81439c5409a6d259713f51b76887d946c09b717c7b1bf7efffdac69f6bfb6de,det-v1,1,accepted,1277,63,4433.615,0.0003930160,false,false
call-000624,arm10_spec_eprocess,dev/f3/s3100002/unreliable,13,deepseek/deepseek-chat,sha256:f81439c5409a6d259713f51b76887d946c09b717c7b1bf7efffdac69f6bfb6de,det-v1,1,accepted,1277,63,0.002,0.0003930160,true,false
call-000625,arm12_cth,dev/f3/s3100002/unreliable,13,deepseek/deepseek-chat,sha256:f81439c5409a6d259713f51b76887d946c09b717c7b1bf7efffdac69f6bfb6de,det-v1,1,accepted,1277,63,0.001,0.0003930160,true,false
call-000626,arm12b_cth_llm,dev/f3/s3100002/unreliable,13,deepseek/deepseek-chat,sha256:f81439c5409a6d259713f51b76887d946c09b717c7b1bf7efffdac69f6bfb6de,det-v1,1,accepted,1277,63,0.002,0.0003930160,true,false
call-000627,arm8_spec_immediate,dev/f3/s3100002/no_alert__twin,10,deepseek/deepseek-chat,sha256:af83b746fb082c69ae7cb3ef09ea3eafa99c786e83ac983d6008b8cde3ea4de8,det-v1,1,,1163,76,6877.862,0.0003770950,false,true
call-000628,arm8_spec_immediate,dev/f3/s3100002/no_alert__twin,10,deepseek/deepseek-chat,sha256:af83b746fb082c69ae7cb3ef09ea3eafa99c786e83ac983d6008b8cde3ea4de8,det-v1,1,accepted,1163,76,6877.862,0.0003770950,false,false
call-000629,arm10_spec_eprocess,dev/f3/s3100002/no_alert__twin,10,deepseek/deepseek-chat,sha256:af83b746fb082c69ae7cb3ef09ea3eafa99c786e83ac983d6008b8cde3ea4de8,det-v1,1,accepted,1163,76,0.002,0.0003770950,true,false
call-000630,arm12_cth,dev/f3/s3100002/no_alert__twin,10,deepseek/deepseek-chat,sha256:af83b746fb082c69ae7cb3ef09ea3eafa99c786e83ac983d6008b8cde3ea4de8,det-v1,1,accepted,1163,76,0.002,0.0003770950,true,false
call-000631,arm12b_cth_llm,dev/f3/s3100002/no_alert__twin,10,deepseek/deepseek-chat,sha256:af83b746fb082c69ae7cb3ef09ea3eafa99c786e83ac983d6008b8cde3ea4de8,det-v1,1,accepted,1163,76,0.002,0.0003770950,true,false
call-000632,arm8_spec_immediate,cal/f3/s3100003/early_accurate,15,deepseek/deepseek-chat,sha256:eaf2b59132c78b28397a50a523ab58c931525d6ffa9d0727cb4eb7f15364e372,det-v1,1,,1349,100,7004.127,0.0004495930,false,true
call-000633,arm8_spec_immediate,cal/f3/s3100003/early_accurate,15,deepseek/deepseek-chat,sha256:eaf2b59132c78b28397a50a523ab58c931525d6ffa9d0727cb4eb7f15364e372,det-v1,1,accepted,1349,100,7004.127,0.0004495930,false,false
call-000634,arm10_spec_eprocess,cal/f3/s3100003/early_accurate,15,deepseek/deepseek-chat,sha256:eaf2b59132c78b28397a50a523ab58c931525d6ffa9d0727cb4eb7f15364e372,det-v1,1,accepted,1349,100,0.003,0.0004495930,true,false
call-000635,arm12_cth,cal/f3/s3100003/early_accurate,15,deepseek/deepseek-chat,sha256:eaf2b59132c78b28397a50a523ab58c931525d6ffa9d0727cb4eb7f15364e372,det-v1,1,accepted,1349,100,0.002,0.0004495930,true,false
call-000636,arm12b_cth_llm,cal/f3/s3100003/early_accurate,15,deepseek/deepseek-chat,sha256:eaf2b59132c78b28397a50a523ab58c931525d6ffa9d0727cb4eb7f15364e372,det-v1,1,accepted,1349,100,0.002,0.0004495930,true,false
call-000637,arm8_spec_immediate,cal/f3/s3100003/late_accurate,18,deepseek/deepseek-chat,sha256:b2d9b366d4bdfb0438b115a5036a1657b7d270914e469f415d2f217db6254023,det-v1,1,,1463,78,6240.313,0.0004562530,false,true
call-000638,arm8_spec_immediate,cal/f3/s3100003/late_accurate,18,deepseek/deepseek-chat,sha256:b2d9b366d4bdfb0438b115a5036a1657b7d270914e469f415d2f217db6254023,det-v1,1,accepted,1463,78,6240.313,0.0004562530,false,false
call-000639,arm10_spec_eprocess,cal/f3/s3100003/late_accurate,18,deepseek/deepseek-chat,sha256:b2d9b366d4bdfb0438b115a5036a1657b7d270914e469f415d2f217db6254023,det-v1,1,accepted,1463,78,0.003,0.0004562530,true,false
call-000640,arm12_cth,cal/f3/s3100003/late_accurate,18,deepseek/deepseek-chat,sha256:b2d9b366d4bdfb0438b115a5036a1657b7d270914e469f415d2f217db6254023,det-v1,1,accepted,1463,78,0.002,0.0004562530,true,false
call-000641,arm12b_cth_llm,cal/f3/s3100003/late_accurate,18,deepseek/deepseek-chat,sha256:b2d9b366d4bdfb0438b115a5036a1657b7d270914e469f415d2f217db6254023,det-v1,1,accepted,1463,78,0.002,0.0004562530,true,false
call-000642,arm8_spec_immediate,cal/f3/s3100003/unreliable,15,deepseek/deepseek-chat,sha256:48bc38908b0cfc32719bba3f262f3ca8b60253ab61d2d8b1b8832c13ffd26877,det-v1,1,,1356,63,7026.534,0.0004133190,false,true
call-000643,arm8_spec_immediate,cal/f3/s3100003/unreliable,15,deepseek/deepseek-chat,sha256:48bc38908b0cfc32719bba3f262f3ca8b60253ab61d2d8b1b8832c13ffd26877,det-v1,1,accepted,1356,63,7026.534,0.0004133190,false,false
call-000644,arm10_spec_eprocess,cal/f3/s3100003/unreliable,15,deepseek/deepseek-chat,sha256:48bc38908b0cfc32719bba3f262f3ca8b60253ab61d2d8b1b8832c13ffd26877,det-v1,1,accepted,1356,63,0.003,0.0004133190,true,false
call-000645,arm12_cth,cal/f3/s3100003/unreliable,15,deepseek/deepseek-chat,sha256:48bc38908b0cfc32719bba3f262f3ca8b60253ab61d2d8b1b8832c13ffd26877,det-v1,1,accepted,1356,63,0.002,0.0004133190,true,false
call-000646,arm12b_cth_llm,cal/f3/s3100003/unreliable,15,deepseek/deepseek-chat,sha256:48bc38908b0cfc32719bba3f262f3ca8b60253ab61d2d8b1b8832c13ffd26877,det-v1,1,accepted,1356,63,0.002,0.0004133190,true,false
call-000647,arm8_spec_immediate,dev/f3/s3100004/no_alert,25,deepseek/deepseek-chat,sha256:95cbe3a33825e8f639709388a351dfc4aa00c4df6929d4fb2ceff46e5ee8a62d,det-v1,1,,1694,63,5346.847,0.0005001850,false,true
call-000648,arm8_spec_immediate,dev/f3/s3100004/no_alert,25,deepseek/deepseek-chat,sha256:95cbe3a33825e8f639709388a351dfc4aa00c4df6929d4fb2ceff46e5ee8a62d,det-v1,1,accepted,1694,63,5346.847,0.0005001850,false,false
call-000649,arm10_spec_eprocess,dev/f3/s3100004/no_alert,25,deepseek/deepseek-chat,sha256:95cbe3a33825e8f639709388a351dfc4aa00c4df6929d4fb2ceff46e5ee8a62d,det-v1,1,accepted,1694,63,0.002,0.0005001850,true,false
call-000650,arm12_cth,dev/f3/s3100004/no_alert,25,deepseek/deepseek-chat,sha256:95cbe3a33825e8f639709388a351dfc4aa00c4df6929d4fb2ceff46e5ee8a62d,det-v1,1,accepted,1694,63,0.002,0.0005001850,true,false
call-000651,arm12b_cth_llm,dev/f3/s3100004/no_alert,25,deepseek/deepseek-chat,sha256:95cbe3a33825e8f639709388a351dfc4aa00c4df6929d4fb2ceff46e5ee8a62d,det-v1,1,accepted,1694,63,0.002,0.0005001850,true,false
call-000652,arm8_spec_immediate,dev/f3/s3100004/early_accurate,20,deepseek/deepseek-chat,sha256:df250d1399f5f2fe09cd6f8391a138150c9722812bfe1f994ced3dec44c6f5d0,det-v1,1,,1542,82,8468.234,0.0004806720,false,true
call-000653,arm8_spec_immediate,dev/f3/s3100004/early_accurate,20,deepseek/deepseek-chat,sha256:df250d1399f5f2fe09cd6f8391a138150c9722812bfe1f994ced3dec44c6f5d0,det-v1,1,accepted,1542,82,8468.234,0.0004806720,false,false
call-000654,arm8_spec_immediate,dev/f3/s3100004/early_accurate,26,deepseek/deepseek-chat,sha256:203afcbac880b6e77e8563a9f8c5bcb5b72d9b56e79233e53c82e542266ded55,det-v1,1,,1770,63,6292.527,0.0005197170,false,true
call-000655,arm8_spec_immediate,dev/f3/s3100004/early_accurate,26,deepseek/deepseek-chat,sha256:203afcbac880b6e77e8563a9f8c5bcb5b72d9b56e79233e53c82e542266ded55,det-v1,1,accepted,1770,63,6292.527,0.0005197170,false,false
call-000656,arm10_spec_eprocess,dev/f3/s3100004/early_accurate,20,deepseek/deepseek-chat,sha256:df250d1399f5f2fe09cd6f8391a138150c9722812bfe1f994ced3dec44c6f5d0,det-v1,1,accepted,1542,82,0.004,0.0004806720,true,false
call-000657,arm10_spec_eprocess,dev/f3/s3100004/early_accurate,26,deepseek/deepseek-chat,sha256:79de399fdea604c798dc06b77fa9604239a1e90e3bdad113481b50c72638dff4,det-v1,1,,1771,87,2846.096,0.0005446700,false,true
call-000658,arm10_spec_eprocess,dev/f3/s3100004/early_accurate,26,deepseek/deepseek-chat,sha256:79de399fdea604c798dc06b77fa9604239a1e90e3bdad113481b50c72638dff4,det-v1,1,accepted,1771,87,2846.096,0.0005446700,false,false
call-000659,arm12_cth,dev/f3/s3100004/early_accurate,20,deepseek/deepseek-chat,sha256:df250d1399f5f2fe09cd6f8391a138150c9722812bfe1f994ced3dec44c6f5d0,det-v1,1,accepted,1542,82,0.002,0.0004806720,true,false
call-000660,arm12_cth,dev/f3/s3100004/early_accurate,26,deepseek/deepseek-chat,sha256:42c85f8ebe1b9cd775cee27849ab5081128b436ac47c5d1da82c3e461230082b,det-v1,1,,1770,86,6687.436,0.0005433840,false,true
call-000661,arm12_cth,dev/f3/s3100004/early_accurate,26,deepseek/deepseek-chat,sha256:42c85f8ebe1b9cd775cee27849ab5081128b436ac47c5d1da82c3e461230082b,det-v1,1,accepted,1770,86,6687.436,0.0005433840,false,false
call-000662,arm12b_cth_llm,dev/f3/s3100004/early_accurate,20,deepseek/deepseek-chat,sha256:df250d1399f5f2fe09cd6f8391a138150c9722812bfe1f994ced3dec44c6f5d0,det-v1,1,accepted,1542,82,0.002,0.0004806720,true,false
call-000663,arm12b_cth_llm,dev/f3/s3100004/early_accurate,26,deepseek/deepseek-chat,sha256:06316de1a49061f192c5109d732bb34bfa3409e2a84ba983f3a07bacd9d74d6c,det-v1,1,,1770,109,8147.376,0.0005670510,false,true
call-000664,arm12b_cth_llm,dev/f3/s3100004/early_accurate,26,deepseek/deepseek-chat,sha256:06316de1a49061f192c5109d732bb34bfa3409e2a84ba983f3a07bacd9d74d6c,det-v1,1,accepted,1770,109,8147.376,0.0005670510,false,false
call-000665,arm8_spec_immediate,dev/f3/s3100004/late_accurate,23,deepseek/deepseek-chat,sha256:9fabd97db86795151bca7d4f1a9e23a18784336a7d4db57ad8253436d3372ca7,det-v1,1,,1656,63,5168.724,0.0004904190,false,true
call-000666,arm8_spec_immediate,dev/f3/s3100004/late_accurate,23,deepseek/deepseek-chat,sha256:9fabd97db86795151bca7d4f1a9e23a18784336a7d4db57ad8253436d3372ca7,det-v1,1,accepted,1656,63,5168.724,0.0004904190,false,false
call-000667,arm8_spec_immediate,dev/f3/s3100004/late_accurate,31,deepseek/deepseek-chat,sha256:6b11e4a4e3732d83e39f958ce2ff8967a90d8f3b66f399610158062c794d5c0c,det-v1,1,,1960,63,4430.948,0.0005685470,false,true
call-000668,arm8_spec_immediate,dev/f3/s3100004/late_accurate,31,deepseek/deepseek-chat,sha256:6b11e4a4e3732d83e39f958ce2ff8967a90d8f3b66f399610158062c794d5c0c,det-v1,1,accepted,1960,63,4430.948,0.0005685470,false,false
call-000669,arm10_spec_eprocess,dev/f3/s3100004/late_accurate,23,deepseek/deepseek-chat,sha256:9fabd97db86795151bca7d4f1a9e23a18784336a7d4db57ad8253436d3372ca7,det-v1,1,accepted,1656,63,0.003,0.0004904190,true,false
call-000670,arm10_spec_eprocess,dev/f3/s3100004/late_accurate,31,deepseek/deepseek-chat,sha256:6b11e4a4e3732d83e39f958ce2ff8967a90d8f3b66f399610158062c794d5c0c,det-v1,1,accepted,1960,63,0.003,0.0005685470,true,false
call-000671,arm12_cth,dev/f3/s3100004/late_accurate,23,deepseek/deepseek-chat,sha256:9fabd97db86795151bca7d4f1a9e23a18784336a7d4db57ad8253436d3372ca7,det-v1,1,accepted,1656,63,0.002,0.0004904190,true,false
call-000672,arm12_cth,dev/f3/s3100004/late_accurate,31,deepseek/deepseek-chat,sha256:29ef785aa64595ca68d608975b55bb278f9c09de6fbeffd2b0a3735b1c9f2e00,det-v1,1,,1960,63,6099.133,0.0005685470,false,true
call-000673,arm12_cth,dev/f3/s3100004/late_accurate,31,deepseek/deepseek-chat,sha256:29ef785aa64595ca68d608975b55bb278f9c09de6fbeffd2b0a3735b1c9f2e00,det-v1,1,accepted,1960,63,6099.133,0.0005685470,false,false
call-000674,arm12b_cth_llm,dev/f3/s3100004/late_accurate,23,deepseek/deepseek-chat,sha256:9fabd97db86795151bca7d4f1a9e23a18784336a7d4db57ad8253436d3372ca7,det-v1,1,accepted,1656,63,0.003,0.0004904190,true,false
call-000675,arm12b_cth_llm,dev/f3/s3100004/late_accurate,31,deepseek/deepseek-chat,sha256:6b11e4a4e3732d83e39f958ce2ff8967a90d8f3b66f399610158062c794d5c0c,det-v1,1,accepted,1960,63,0.001,0.0005685470,true,false
call-000676,arm8_spec_immediate,dev/f3/s3100004/unreliable,20,deepseek/deepseek-chat,sha256:8048cd9ca0cfa59a4ba34d1b2bd82e54732623e9bde35dd38ae6c3c9ed1e32f5,det-v1,1,,1541,77,5292.073,0.0004752700,false,true
call-000677,arm8_spec_immediate,dev/f3/s3100004/unreliable,20,deepseek/deepseek-chat,sha256:8048cd9ca0cfa59a4ba34d1b2bd82e54732623e9bde35dd38ae6c3c9ed1e32f5,det-v1,1,accepted,1541,77,5292.073,0.0004752700,false,false
call-000678,arm8_spec_immediate,dev/f3/s3100004/unreliable,26,deepseek/deepseek-chat,sha256:814009728ca6e1829133da699159594a1065391ced3e86c758ba5eecff1d3913,det-v1,1,,1769,84,7027.310,0.0005410690,false,true
call-000679,arm8_spec_immediate,dev/f3/s3100004/unreliable,26,deepseek/deepseek-chat,sha256:814009728ca6e1829133da699159594a1065391ced3e86c758ba5eecff1d3913,det-v1,1,accepted,1769,84,7027.310,0.0005410690,false,false
call-000680,arm10_spec_eprocess,dev/f3/s3100004/unreliable,20,deepseek/deepseek-chat,sha256:8048cd9ca0cfa59a4ba34d1b2bd82e54732623e9bde35dd38ae6c3c9ed1e32f5,det-v1,1,accepted,1541,77,0.004,0.0004752700,true,false
call-000681,arm10_spec_eprocess,dev/f3/s3100004/unreliable,26,deepseek/deepseek-chat,sha256:3768c308ef083a9630e518bdd0b6ba80de1b5005e89facb87d0afa7ea69454ee,det-v1,1,,1769,86,7361.427,0.0005431270,false,true
call-000682,arm10_spec_eprocess,dev/f3/s3100004/unreliable,26,deepseek/deepseek-chat,sha256:3768c308ef083a9630e518bdd0b6ba80de1b5005e89facb87d0afa7ea69454ee,det-v1,1,accepted,1769,86,7361.427,0.0005431270,false,false
call-000683,arm12_cth,dev/f3/s3100004/unreliable,20,deepseek/deepseek-chat,sha256:8048cd9ca0cfa59a4ba34d1b2bd82e54732623e9bde35dd38ae6c3c9ed1e32f5,det-v1,1,accepted,1541,77,0.002,0.0004752700,true,false
call-000684,arm12_cth,dev/f3/s3100004/unreliable,26,deepseek/deepseek-chat,sha256:213475aaee2c554d1a3cd552172674b2bd6748e7aa8446a6d12f6c844092b340,det-v1,1,,1769,82,7586.420,0.0005390110,false,true
call-000685,arm12_cth,dev/f3/s3100004/unreliable,26,deepseek/deepseek-chat,sha256:213475aaee2c554d1a3cd552172674b2bd6748e7aa8446a6d12f6c844092b340,det-v1,1,accepted,1769,82,7586.420,0.0005390110,false,false
call-000686,arm12b_cth_llm,dev/f3/s3100004/unreliable,20,deepseek/deepseek-chat,sha256:8048cd9ca0cfa59a4ba34d1b2bd82e54732623e9bde35dd38ae6c3c9ed1e32f5,det-v1,1,accepted,1541,77,0.002,0.0004752700,true,false
call-000687,arm12b_cth_llm,dev/f3/s3100004/unreliable,26,deepseek/deepseek-chat,sha256:318d89a41fe13be7d1d746fb6f3da7dc6cf984e3f0799d371e6133f993985cfc,det-v1,1,,1769,100,6938.194,0.0005575330,false,true
call-000688,arm12b_cth_llm,dev/f3/s3100004/unreliable,26,deepseek/deepseek-chat,sha256:318d89a41fe13be7d1d746fb6f3da7dc6cf984e3f0799d371e6133f993985cfc,det-v1,1,accepted,1769,100,6938.194,0.0005575330,false,false
call-000689,arm8_spec_immediate,cal/f3/s3100005/early_accurate,13,deepseek/deepseek-chat,sha256:5069e3603c8d94d7397366c7d87331a890cce44701d82e02eab75b225c3b3cef,det-v1,1,,1270,87,2440.469,0.0004159130,false,true
call-000690,arm8_spec_immediate,cal/f3/s3100005/early_accurate,13,deepseek/deepseek-chat,sha256:5069e3603c8d94d7397366c7d87331a890cce44701d82e02eab75b225c3b3cef,det-v1,1,accepted,1270,87,2440.469,0.0004159130,false,false
call-000691,arm10_spec_eprocess,cal/f3/s3100005/early_accurate,13,deepseek/deepseek-chat,sha256:5069e3603c8d94d7397366c7d87331a890cce44701d82e02eab75b225c3b3cef,det-v1,1,accepted,1270,87,0.002,0.0004159130,true,false
call-000692,arm12_cth,cal/f3/s3100005/early_accurate,13,deepseek/deepseek-chat,sha256:5069e3603c8d94d7397366c7d87331a890cce44701d82e02eab75b225c3b3cef,det-v1,1,accepted,1270,87,0.002,0.0004159130,true,false
call-000693,arm12b_cth_llm,cal/f3/s3100005/early_accurate,13,deepseek/deepseek-chat,sha256:5069e3603c8d94d7397366c7d87331a890cce44701d82e02eab75b225c3b3cef,det-v1,1,accepted,1270,87,0.002,0.0004159130,true,false
call-000694,arm8_spec_immediate,cal/f3/s3100005/late_accurate,16,deepseek/deepseek-chat,sha256:df539a96a411c3b4d5b0ea008db4da805afffde8b13a708313c8e40f13d023a2,det-v1,1,,1383,87,7254.095,0.0004449540,false,true
call-000695,arm8_spec_immediate,cal/f3/s3100005/late_accurate,16,deepseek/deepseek-chat,sha256:df539a96a411c3b4d5b0ea008db4da805afffde8b13a708313c8e40f13d023a2,det-v1,1,accepted,1383,87,7254.095,0.0004449540,false,false
call-000696,arm10_spec_eprocess,cal/f3/s3100005/late_accurate,16,deepseek/deepseek-chat,sha256:df539a96a411c3b4d5b0ea008db4da805afffde8b13a708313c8e40f13d023a2,det-v1,1,accepted,1383,87,0.003,0.0004449540,true,false
call-000697,arm12_cth,cal/f3/s3100005/late_accurate,16,deepseek/deepseek-chat,sha256:df539a96a411c3b4d5b0ea008db4da805afffde8b13a708313c8e40f13d023a2,det-v1,1,accepted,1383,87,0.002,0.0004449540,true,false
call-000698,arm12b_cth_llm,cal/f3/s3100005/late_accurate,16,deepseek/deepseek-chat,sha256:df539a96a411c3b4d5b0ea008db4da805afffde8b13a708313c8e40f13d023a2,det-v1,1,accepted,1383,87,0.002,0.0004449540,true,false
call-000699,arm8_spec_immediate,cal/f3/s3100005/unreliable,13,deepseek/deepseek-chat,sha256:a6380098432c765b75e4f20e2d196e4eb2c2a36ad4639b050a488aff0949f749,det-v1,1,,1277,63,7395.127,0.0003930160,false,true
call-000700,arm8_spec_immediate,cal/f3/s3100005/unreliable,13,deepseek/deepseek-chat,sha256:a6380098432c765b75e4f20e2d196e4eb2c2a36ad4639b050a488aff0949f749,det-v1,1,accepted,1277,63,7395.127,0.0003930160,false,false
call-000701,arm10_spec_eprocess,cal/f3/s3100005/unreliable,13,deepseek/deepseek-chat,sha256:a6380098432c765b75e4f20e2d196e4eb2c2a36ad4639b050a488aff0949f749,det-v1,1,accepted,1277,63,0.002,0.0003930160,true,false
call-000702,arm12_cth,cal/f3/s3100005/unreliable,13,deepseek/deepseek-chat,sha256:a6380098432c765b75e4f20e2d196e4eb2c2a36ad4639b050a488aff0949f749,det-v1,1,accepted,1277,63,0.002,0.0003930160,true,false
call-000703,arm12b_cth_llm,cal/f3/s3100005/unreliable,13,deepseek/deepseek-chat,sha256:a6380098432c765b75e4f20e2d196e4eb2c2a36ad4639b050a488aff0949f749,det-v1,1,accepted,1277,63,0.002,0.0003930160,true,false
call-000704,arm8_spec_immediate,cal/f3/s3100005/no_alert__twin,10,deepseek/deepseek-chat,sha256:6092a2ea1d91067191fe09f8a648f27e46386935d0b0d4b2a5b534f2f090f900,det-v1,1,,1168,96,9561.910,0.0003989600,false,true
call-000705,arm8_spec_immediate,cal/f3/s3100005/no_alert__twin,10,deepseek/deepseek-chat,sha256:6092a2ea1d91067191fe09f8a648f27e46386935d0b0d4b2a5b534f2f090f900,det-v1,1,accepted,1168,96,9561.910,0.0003989600,false,false
call-000706,arm10_spec_eprocess,cal/f3/s3100005/no_alert__twin,10,deepseek/deepseek-chat,sha256:6092a2ea1d91067191fe09f8a648f27e46386935d0b0d4b2a5b534f2f090f900,det-v1,1,accepted,1168,96,0.003,0.0003989600,true,false
call-000707,arm12_cth,cal/f3/s3100005/no_alert__twin,10,deepseek/deepseek-chat,sha256:6092a2ea1d91067191fe09f8a648f27e46386935d0b0d4b2a5b534f2f090f900,det-v1,1,accepted,1168,96,0.002,0.0003989600,true,false
call-000708,arm12b_cth_llm,cal/f3/s3100005/no_alert__twin,10,deepseek/deepseek-chat,sha256:6092a2ea1d91067191fe09f8a648f27e46386935d0b0d4b2a5b534f2f090f900,det-v1,1,accepted,1168,96,0.002,0.0003989600,true,false
call-000709,arm8_spec_immediate,dev/f3/s3100006/no_alert,17,deepseek/deepseek-chat,sha256:20a6acbcb571cd1ce557f798d23a8948c4980eca884c02514a5dfa38302f1f49,det-v1,1,,1390,63,5509.917,0.0004220570,false,true
call-000710,arm8_spec_immediate,dev/f3/s3100006/no_alert,17,deepseek/deepseek-chat,sha256:20a6acbcb571cd1ce557f798d23a8948c4980eca884c02514a5dfa38302f1f49,det-v1,1,accepted,1390,63,5509.917,0.0004220570,false,false
call-000711,arm10_spec_eprocess,dev/f3/s3100006/no_alert,17,deepseek/deepseek-chat,sha256:20a6acbcb571cd1ce557f798d23a8948c4980eca884c02514a5dfa38302f1f49,det-v1,1,accepted,1390,63,0.002,0.0004220570,true,false
call-000712,arm12_cth,dev/f3/s3100006/no_alert,17,deepseek/deepseek-chat,sha256:20a6acbcb571cd1ce557f798d23a8948c4980eca884c02514a5dfa38302f1f49,det-v1,1,accepted,1390,63,0.001,0.0004220570,true,false
call-000713,arm12b_cth_llm,dev/f3/s3100006/no_alert,17,deepseek/deepseek-chat,sha256:20a6acbcb571cd1ce557f798d23a8948c4980eca884c02514a5dfa38302f1f49,det-v1,1,accepted,1390,63,0.002,0.0004220570,true,false
call-000714,arm8_spec_immediate,dev/f3/s3100006/early_accurate,15,deepseek/deepseek-chat,sha256:5bb1ba18ed538d09f66e145750c1a8e43aed5dc7e2bdec37116dc534d01fe716,det-v1,1,,1354,78,5880.708,0.0004282400,false,true
call-000715,arm8_spec_immediate,dev/f3/s3100006/early_accurate,15,deepseek/deepseek-chat,sha256:5bb1ba18ed538d09f66e145750c1a8e43aed5dc7e2bdec37116dc534d01fe716,det-v1,1,accepted,1354,78,5880.708,0.0004282400,false,false
call-000716,arm10_spec_eprocess,dev/f3/s3100006/early_accurate,15,deepseek/deepseek-chat,sha256:5bb1ba18ed538d09f66e145750c1a8e43aed5dc7e2bdec37116dc534d01fe716,det-v1,1,accepted,1354,78,0.002,0.0004282400,true,false
call-000717,arm12_cth,dev/f3/s3100006/early_accurate,15,deepseek/deepseek-chat,sha256:5bb1ba18ed538d09f66e145750c1a8e43aed5dc7e2bdec37116dc534d01fe716,det-v1,1,accepted,1354,78,0.001,0.0004282400,true,false
call-000718,arm12b_cth_llm,dev/f3/s3100006/early_accurate,15,deepseek/deepseek-chat,sha256:5bb1ba18ed538d09f66e145750c1a8e43aed5dc7e2bdec37116dc534d01fe716,det-v1,1,accepted,1354,78,0.002,0.0004282400,true,false
call-000719,arm8_spec_immediate,dev/f3/s3100006/late_accurate,17,deepseek/deepseek-chat,sha256:11a6bc2c1f5911a05a22ee48dd13d7229aa90964bae9c9ab81d17dccf15e9db8,det-v1,1,,1390,63,7121.027,0.0004220570,false,true
call-000720,arm8_spec_immediate,dev/f3/s3100006/late_accurate,17,deepseek/deepseek-chat,sha256:11a6bc2c1f5911a05a22ee48dd13d7229aa90964bae9c9ab81d17dccf15e9db8,det-v1,1,accepted,1390,63,7121.027,0.0004220570,false,false
call-000721,arm10_spec_eprocess,dev/f3/s3100006/late_accurate,17,deepseek/deepseek-chat,sha256:11a6bc2c1f5911a05a22ee48dd13d7229aa90964bae9c9ab81d17dccf15e9db8,det-v1,1,accepted,1390,63,0.002,0.0004220570,true,false
call-000722,arm12_cth,dev/f3/s3100006/late_accurate,17,deepseek/deepseek-chat,sha256:11a6bc2c1f5911a05a22ee48dd13d7229aa90964bae9c9ab81d17dccf15e9db8,det-v1,1,accepted,1390,63,0.002,0.0004220570,true,false
call-000723,arm12b_cth_llm,dev/f3/s3100006/late_accurate,17,deepseek/deepseek-chat,sha256:11a6bc2c1f5911a05a22ee48dd13d7229aa90964bae9c9ab81d17dccf15e9db8,det-v1,1,accepted,1390,63,0.002,0.0004220570,true,false
call-000724,arm8_spec_immediate,dev/f3/s3100006/unreliable,15,deepseek/deepseek-chat,sha256:62d74de8e8e9820d9022f6c49d93f8c888d018bfa12c2b4d25d65591e435068b,det-v1,1,,1341,63,7742.924,0.0004094640,false,true
call-000725,arm8_spec_immediate,dev/f3/s3100006/unreliable,15,deepseek/deepseek-chat,sha256:62d74de8e8e9820d9022f6c49d93f8c888d018bfa12c2b4d25d65591e435068b,det-v1,1,accepted,1341,63,7742.924,0.0004094640,false,false
call-000726,arm10_spec_eprocess,dev/f3/s3100006/unreliable,15,deepseek/deepseek-chat,sha256:62d74de8e8e9820d9022f6c49d93f8c888d018bfa12c2b4d25d65591e435068b,det-v1,1,accepted,1341,63,0.002,0.0004094640,true,false
call-000727,arm12_cth,dev/f3/s3100006/unreliable,15,deepseek/deepseek-chat,sha256:62d74de8e8e9820d9022f6c49d93f8c888d018bfa12c2b4d25d65591e435068b,det-v1,1,accepted,1341,63,0.002,0.0004094640,true,false
call-000728,arm12b_cth_llm,dev/f3/s3100006/unreliable,15,deepseek/deepseek-chat,sha256:62d74de8e8e9820d9022f6c49d93f8c888d018bfa12c2b4d25d65591e435068b,det-v1,1,accepted,1341,63,0.002,0.0004094640,true,false
call-000729,arm8_spec_immediate,dev/f3/s3100006/no_alert__twin,10,deepseek/deepseek-chat,sha256:dbf9f4f92fc3a2ec7a39eb5de51c4e015e6ceb9a26a1deeee7b1365d2a0c8d8d,det-v1,1,,1162,98,7631.452,0.0003994760,false,true
call-000730,arm8_spec_immediate,dev/f3/s3100006/no_alert__twin,10,deepseek/deepseek-chat,sha256:dbf9f4f92fc3a2ec7a39eb5de51c4e015e6ceb9a26a1deeee7b1365d2a0c8d8d,det-v1,1,accepted,1162,98,7631.452,0.0003994760,false,false
call-000731,arm10_spec_eprocess,dev/f3/s3100006/no_alert__twin,10,deepseek/deepseek-chat,sha256:dbf9f4f92fc3a2ec7a39eb5de51c4e015e6ceb9a26a1deeee7b1365d2a0c8d8d,det-v1,1,accepted,1162,98,0.003,0.0003994760,true,false
call-000732,arm12_cth,dev/f3/s3100006/no_alert__twin,10,deepseek/deepseek-chat,sha256:dbf9f4f92fc3a2ec7a39eb5de51c4e015e6ceb9a26a1deeee7b1365d2a0c8d8d,det-v1,1,accepted,1162,98,0.002,0.0003994760,true,false
call-000733,arm12b_cth_llm,dev/f3/s3100006/no_alert__twin,10,deepseek/deepseek-chat,sha256:dbf9f4f92fc3a2ec7a39eb5de51c4e015e6ceb9a26a1deeee7b1365d2a0c8d8d,det-v1,1,accepted,1162,98,0.002,0.0003994760,true,false
call-000734,arm8_spec_immediate,cal/f3/s3100007/no_alert,24,deepseek/deepseek-chat,sha256:4271ba645c85ba4d14a97f4db97b9fab417c32dbbf96041f2370792d9c4a5e55,det-v1,1,,1656,63,7507.633,0.0004904190,false,true
call-000735,arm8_spec_immediate,cal/f3/s3100007/no_alert,24,deepseek/deepseek-chat,sha256:4271ba645c85ba4d14a97f4db97b9fab417c32dbbf96041f2370792d9c4a5e55,det-v1,1,accepted,1656,63,7507.633,0.0004904190,false,false
call-000736,arm10_spec_eprocess,cal/f3/s3100007/no_alert,24,deepseek/deepseek-chat,sha256:4271ba645c85ba4d14a97f4db97b9fab417c32dbbf96041f2370792d9c4a5e55,det-v1,1,accepted,1656,63,0.003,0.0004904190,true,false
call-000737,arm12_cth,cal/f3/s3100007/no_alert,24,deepseek/deepseek-chat,sha256:4271ba645c85ba4d14a97f4db97b9fab417c32dbbf96041f2370792d9c4a5e55,det-v1,1,accepted,1656,63,0.002,0.0004904190,true,false
call-000738,arm12b_cth_llm,cal/f3/s3100007/no_alert,24,deepseek/deepseek-chat,sha256:4271ba645c85ba4d14a97f4db97b9fab417c32dbbf96041f2370792d9c4a5e55,det-v1,1,accepted,1656,63,0.002,0.0004904190,true,false
call-000739,arm8_spec_immediate,cal/f3/s3100007/early_accurate,21,deepseek/deepseek-chat,sha256:6ad45b9686623a60d920ebec890388e92bcb93ef6ff910a9254e59726b0c7a1f,det-v1,1,,1583,63,6271.206,0.0004716580,false,true
call-000740,arm8_spec_immediate,cal/f3/s3100007/early_accurate,21,deepseek/deepseek-chat,sha256:6ad45b9686623a60d920ebec890388e92bcb93ef6ff910a9254e59726b0c7a1f,det-v1,1,accepted,1583,63,6271.206,0.0004716580,false,false
call-000741,arm8_spec_immediate,cal/f3/s3100007/early_accurate,27,deepseek/deepseek-chat,sha256:efae61bc28cd55a450346b20179306cb13b167348e91fe0d655655bf749a6014,det-v1,1,,1811,87,5624.425,0.0005549500,false,true
call-000742,arm8_spec_immediate,cal/f3/s3100007/early_accurate,27,deepseek/deepseek-chat,sha256:efae61bc28cd55a450346b20179306cb13b167348e91fe0d655655bf749a6014,det-v1,1,accepted,1811,87,5624.425,0.0005549500,false,false
call-000743,arm10_spec_eprocess,cal/f3/s3100007/early_accurate,21,deepseek/deepseek-chat,sha256:6ad45b9686623a60d920ebec890388e92bcb93ef6ff910a9254e59726b0c7a1f,det-v1,1,accepted,1583,63,0.003,0.0004716580,true,false
call-000744,arm10_spec_eprocess,cal/f3/s3100007/early_accurate,27,deepseek/deepseek-chat,sha256:efae61bc28cd55a450346b20179306cb13b167348e91fe0d655655bf749a6014,det-v1,1,accepted,1811,87,0.003,0.0005549500,true,false
call-000745,arm12_cth,cal/f3/s3100007/early_accurate,21,deepseek/deepseek-chat,sha256:6ad45b9686623a60d920ebec890388e92bcb93ef6ff910a9254e59726b0c7a1f,det-v1,1,accepted,1583,63,0.002,0.0004716580,true,false
call-000746,arm12_cth,cal/f3/s3100007/early_accurate,27,deepseek/deepseek-chat,sha256:61c2f67b956a7dedd9a9275c1d09e90d0460f281c2fe331684b78d4244eed0f7,det-v1,1,,1811,63,4344.118,0.0005302540,false,true
call-000747,arm12_cth,cal/f3/s3100007/early_accurate,27,deepseek/deepseek-chat,sha256:61c2f67b956a7dedd9a9275c1d09e90d0460f281c2fe331684b78d4244eed0f7,det-v1,1,accepted,1811,63,4344.118,0.0005302540,false,false
call-000748,arm12b_cth_llm,cal/f3/s3100007/early_accurate,21,deepseek/deepseek-chat,sha256:6ad45b9686623a60d920ebec890388e92bcb93ef6ff910a9254e59726b0c7a1f,det-v1,1,accepted,1583,63,0.002,0.0004716580,true,false
call-000749,arm12b_cth_llm,cal/f3/s3100007/early_accurate,27,deepseek/deepseek-chat,sha256:efae61bc28cd55a450346b20179306cb13b167348e91fe0d655655bf749a6014,det-v1,1,accepted,1811,87,0.001,0.0005549500,true,false
call-000750,arm8_spec_immediate,cal/f3/s3100007/late_accurate,24,deepseek/deepseek-chat,sha256:314091db34da05bdd696fc865e86380dcad4385547db4ae9ea36c30b0cc2475e,det-v1,1,,1697,63,3194.365,0.0005009560,false,true
call-000751,arm8_spec_immediate,cal/f3/s3100007/late_accurate,24,deepseek/deepseek-chat,sha256:314091db34da05bdd696fc865e86380dcad4385547db4ae9ea36c30b0cc2475e,det-v1,1,accepted,1697,63,3194.365,0.0005009560,false,false
call-000752,arm10_spec_eprocess,cal/f3/s3100007/late_accurate,24,deepseek/deepseek-chat,sha256:314091db34da05bdd696fc865e86380dcad4385547db4ae9ea36c30b0cc2475e,det-v1,1,accepted,1697,63,0.002,0.0005009560,true,false
call-000753,arm12_cth,cal/f3/s3100007/late_accurate,24,deepseek/deepseek-chat,sha256:314091db34da05bdd696fc865e86380dcad4385547db4ae9ea36c30b0cc2475e,det-v1,1,accepted,1697,63,0.001,0.0005009560,true,false
call-000754,arm12b_cth_llm,cal/f3/s3100007/late_accurate,24,deepseek/deepseek-chat,sha256:314091db34da05bdd696fc865e86380dcad4385547db4ae9ea36c30b0cc2475e,det-v1,1,accepted,1697,63,0.002,0.0005009560,true,false
call-000755,arm8_spec_immediate,cal/f3/s3100007/unreliable,21,deepseek/deepseek-chat,sha256:70d03e7376a89f8607bf7492cb09e013cb59f24d0c3b5d0c87b3c48b9d8c1812,det-v1,1,,1588,84,5102.223,0.0004945520,false,true
call-000756,arm8_spec_immediate,cal/f3/s3100007/unreliable,21,deepseek/deepseek-chat,sha256:70d03e7376a89f8607bf7492cb09e013cb59f24d0c3b5d0c87b3c48b9d8c1812,det-v1,1,accepted,1588,84,5102.223,0.0004945520,false,false
call-000757,arm8_spec_immediate,cal/f3/s3100007/unreliable,27,deepseek/deepseek-chat,sha256:dd9240a4fa79fcf812cc66af765ba50cc9bae8e0aead713025079f9c749fa433,det-v1,1,,1816,133,8118.734,0.0006035690,false,true
call-000758,arm8_spec_immediate,cal/f3/s3100007/unreliable,27,deepseek/deepseek-chat,sha256:dd9240a4fa79fcf812cc66af765ba50cc9bae8e0aead713025079f9c749fa433,det-v1,1,accepted,1816,133,8118.734,0.0006035690,false,false
call-000759,arm10_spec_eprocess,cal/f3/s3100007/unreliable,21,deepseek/deepseek-chat,sha256:70d03e7376a89f8607bf7492cb09e013cb59f24d0c3b5d0c87b3c48b9d8c1812,det-v1,1,accepted,1588,84,0.004,0.0004945520,true,false
call-000760,arm10_spec_eprocess,cal/f3/s3100007/unreliable,27,deepseek/deepseek-chat,sha256:36658e734cd4b85478be8bf3aa800649a96e8382f94e95f4170c361597d3a206,det-v1,1,,1816,63,5270.684,0.0005315390,false,true
call-000761,arm10_spec_eprocess,cal/f3/s3100007/unreliable,27,deepseek/deepseek-chat,sha256:36658e734cd4b85478be8bf3aa800649a96e8382f94e95f4170c361597d3a206,det-v1,1,accepted,1816,63,5270.684,0.0005315390,false,false
call-000762,arm12_cth,cal/f3/s3100007/unreliable,21,deepseek/deepseek-chat,sha256:70d03e7376a89f8607bf7492cb09e013cb59f24d0c3b5d0c87b3c48b9d8c1812,det-v1,1,accepted,1588,84,0.002,0.0004945520,true,false
call-000763,arm12_cth,cal/f3/s3100007/unreliable,27,deepseek/deepseek-chat,sha256:813c0f9e1c5da11001dea81bb6ddc735a5d8faf7536cca2fbd146d2ad46b41f5,det-v1,1,,1816,63,4947.200,0.0005315390,false,true
call-000764,arm12_cth,cal/f3/s3100007/unreliable,27,deepseek/deepseek-chat,sha256:813c0f9e1c5da11001dea81bb6ddc735a5d8faf7536cca2fbd146d2ad46b41f5,det-v1,1,accepted,1816,63,4947.200,0.0005315390,false,false
call-000765,arm12b_cth_llm,cal/f3/s3100007/unreliable,21,deepseek/deepseek-chat,sha256:70d03e7376a89f8607bf7492cb09e013cb59f24d0c3b5d0c87b3c48b9d8c1812,det-v1,1,accepted,1588,84,0.002,0.0004945520,true,false
call-000766,arm12b_cth_llm,cal/f3/s3100007/unreliable,27,deepseek/deepseek-chat,sha256:83d5b005f0e241fa7306331d5e0d1b34505455413fdcf4710d02d9125b81893f,det-v1,1,,1816,63,6308.232,0.0005315390,false,true
call-000767,arm12b_cth_llm,cal/f3/s3100007/unreliable,27,deepseek/deepseek-chat,sha256:83d5b005f0e241fa7306331d5e0d1b34505455413fdcf4710d02d9125b81893f,det-v1,1,accepted,1816,63,6308.232,0.0005315390,false,false
call-000768,arm8_spec_immediate,dev/f4/s4100000/early_accurate,19,deepseek/deepseek-chat,sha256:b72060934272349ec2485f1a8d9547f2b0efe9584f6387e56d48b66ab31f84b1,det-v1,1,accepted,1503,104,0.003,0.0004932870,true,false
call-000769,arm10_spec_eprocess,dev/f4/s4100000/early_accurate,19,deepseek/deepseek-chat,sha256:b72060934272349ec2485f1a8d9547f2b0efe9584f6387e56d48b66ab31f84b1,det-v1,1,accepted,1503,104,0.002,0.0004932870,true,false
call-000770,arm12_cth,dev/f4/s4100000/early_accurate,19,deepseek/deepseek-chat,sha256:b72060934272349ec2485f1a8d9547f2b0efe9584f6387e56d48b66ab31f84b1,det-v1,1,accepted,1503,104,0.002,0.0004932870,true,false
call-000771,arm12b_cth_llm,dev/f4/s4100000/early_accurate,19,deepseek/deepseek-chat,sha256:b72060934272349ec2485f1a8d9547f2b0efe9584f6387e56d48b66ab31f84b1,det-v1,1,accepted,1503,104,0.002,0.0004932870,true,false
call-000772,arm8_spec_immediate,dev/f4/s4100000/late_accurate,22,deepseek/deepseek-chat,sha256:e138d776eb5c50f789b06733342e820bc1ca493a22898e9c1891e76883534b9f,det-v1,1,,1616,79,6776.767,0.0004966030,false,true
call-000773,arm8_spec_immediate,dev/f4/s4100000/late_accurate,22,deepseek/deepseek-chat,sha256:e138d776eb5c50f789b06733342e820bc1ca493a22898e9c1891e76883534b9f,det-v1,1,accepted,1616,79,6776.767,0.0004966030,false,false
call-000774,arm10_spec_eprocess,dev/f4/s4100000/late_accurate,22,deepseek/deepseek-chat,sha256:e138d776eb5c50f789b06733342e820bc1ca493a22898e9c1891e76883534b9f,det-v1,1,accepted,1616,79,0.002,0.0004966030,true,false
call-000775,arm12_cth,dev/f4/s4100000/late_accurate,22,deepseek/deepseek-chat,sha256:e138d776eb5c50f789b06733342e820bc1ca493a22898e9c1891e76883534b9f,det-v1,1,accepted,1616,79,0.002,0.0004966030,true,false
call-000776,arm12b_cth_llm,dev/f4/s4100000/late_accurate,22,deepseek/deepseek-chat,sha256:e138d776eb5c50f789b06733342e820bc1ca493a22898e9c1891e76883534b9f,det-v1,1,accepted,1616,79,0.002,0.0004966030,true,false
call-000777,arm8_spec_immediate,dev/f4/s4100000/unreliable,19,deepseek/deepseek-chat,sha256:f2c618c91d4feba241fe96df3c91d274477256466807673627db3d391edc23b6,det-v1,1,,1490,83,4460.869,0.0004683370,false,true
call-000778,arm8_spec_immediate,dev/f4/s4100000/unreliable,19,deepseek/deepseek-chat,sha256:f2c618c91d4feba241fe96df3c91d274477256466807673627db3d391edc23b6,det-v1,1,accepted,1490,83,4460.869,0.0004683370,false,false
call-000779,arm10_spec_eprocess,dev/f4/s4100000/unreliable,19,deepseek/deepseek-chat,sha256:f2c618c91d4feba241fe96df3c91d274477256466807673627db3d391edc23b6,det-v1,1,accepted,1490,83,0.003,0.0004683370,true,false
call-000780,arm12_cth,dev/f4/s4100000/unreliable,19,deepseek/deepseek-chat,sha256:f2c618c91d4feba241fe96df3c91d274477256466807673627db3d391edc23b6,det-v1,1,accepted,1490,83,0.002,0.0004683370,true,false
call-000781,arm12b_cth_llm,dev/f4/s4100000/unreliable,19,deepseek/deepseek-chat,sha256:f2c618c91d4feba241fe96df3c91d274477256466807673627db3d391edc23b6,det-v1,1,accepted,1490,83,0.002,0.0004683370,true,false
call-000782,arm8_spec_immediate,cal/f4/s4100001/early_accurate,19,deepseek/deepseek-chat,sha256:5154798f4f3758d77eab881eab6147a2238e11dfaf2d61e7089bc1236f3d2a5d,det-v1,1,,1502,80,5797.204,0.0004683340,false,true
call-000783,arm8_spec_immediate,cal/f4/s4100001/early_accurate,19,deepseek/deepseek-chat,sha256:5154798f4f3758d77eab881eab6147a2238e11dfaf2d61e7089bc1236f3d2a5d,det-v1,1,accepted,1502,80,5797.204,0.0004683340,false,false
call-000784,arm10_spec_eprocess,cal/f4/s4100001/early_accurate,19,deepseek/deepseek-chat,sha256:5154798f4f3758d77eab881eab6147a2238e11dfaf2d61e7089bc1236f3d2a5d,det-v1,1,accepted,1502,80,0.002,0.0004683340,true,false
call-000785,arm12_cth,cal/f4/s4100001/early_accurate,19,deepseek/deepseek-chat,sha256:5154798f4f3758d77eab881eab6147a2238e11dfaf2d61e7089bc1236f3d2a5d,det-v1,1,accepted,1502,80,0.002,0.0004683340,true,false
call-000786,arm12b_cth_llm,cal/f4/s4100001/early_accurate,19,deepseek/deepseek-chat,sha256:5154798f4f3758d77eab881eab6147a2238e11dfaf2d61e7089bc1236f3d2a5d,det-v1,1,accepted,1502,80,0.002,0.0004683340,true,false
call-000787,arm8_spec_immediate,cal/f4/s4100001/late_accurate,22,deepseek/deepseek-chat,sha256:2521a5fa839f84e5aa7e7998a56537095424388e7575c971f856d74df5993ecc,det-v1,1,,1616,80,4670.254,0.0004976320,false,true
call-000788,arm8_spec_immediate,cal/f4/s4100001/late_accurate,22,deepseek/deepseek-chat,sha256:2521a5fa839f84e5aa7e7998a56537095424388e7575c971f856d74df5993ecc,det-v1,1,accepted,1616,80,4670.254,0.0004976320,false,false
call-000789,arm10_spec_eprocess,cal/f4/s4100001/late_accurate,22,deepseek/deepseek-chat,sha256:2521a5fa839f84e5aa7e7998a56537095424388e7575c971f856d74df5993ecc,det-v1,1,accepted,1616,80,0.002,0.0004976320,true,false
call-000790,arm12_cth,cal/f4/s4100001/late_accurate,22,deepseek/deepseek-chat,sha256:2521a5fa839f84e5aa7e7998a56537095424388e7575c971f856d74df5993ecc,det-v1,1,accepted,1616,80,0.002,0.0004976320,true,false
call-000791,arm12b_cth_llm,cal/f4/s4100001/late_accurate,22,deepseek/deepseek-chat,sha256:2521a5fa839f84e5aa7e7998a56537095424388e7575c971f856d74df5993ecc,det-v1,1,accepted,1616,80,0.003,0.0004976320,true,false
call-000792,arm8_spec_immediate,cal/f4/s4100001/unreliable,19,deepseek/deepseek-chat,sha256:7b7e4405ce624503cf4f40fb4f60677adf006934c4425d2b2dc611252d2cca13,det-v1,1,,1505,104,1965.867,0.0004938010,false,true
call-000793,arm8_spec_immediate,cal/f4/s4100001/unreliable,19,deepseek/deepseek-chat,sha256:7b7e4405ce624503cf4f40fb4f60677adf006934c4425d2b2dc611252d2cca13,det-v1,1,accepted,1505,104,1965.867,0.0004938010,false,false
call-000794,arm10_spec_eprocess,cal/f4/s4100001/unreliable,19,deepseek/deepseek-chat,sha256:7b7e4405ce624503cf4f40fb4f60677adf006934c4425d2b2dc611252d2cca13,det-v1,1,accepted,1505,104,0.002,0.0004938010,true,false
call-000795,arm12_cth,cal/f4/s4100001/unreliable,19,deepseek/deepseek-chat,sha256:7b7e4405ce624503cf4f40fb4f60677adf006934c4425d2b2dc611252d2cca13,det-v1,1,accepted,1505,104,0.001,0.0004938010,true,false
call-000796,arm12b_cth_llm,cal/f4/s4100001/unreliable,19,deepseek/deepseek-chat,sha256:7b7e4405ce624503cf4f40fb4f60677adf006934c4425d2b2dc611252d2cca13,det-v1,1,accepted,1505,104,0.002,0.0004938010,true,false
call-000797,arm8_spec_immediate,cal/f4/s4100001/no_alert__twin,10,deepseek/deepseek-chat,sha256:c4bd986446557c33b1a4d8dad0893c9e4c38344a62fb05f96948b8ffb3867614,det-v1,1,,1160,83,5739.013,0.0003835270,false,true
call-000798,arm8_spec_immediate,cal/f4/s4100001/no_alert__twin,10,deepseek/deepseek-chat,sha256:c4bd986446557c33b1a4d8dad0893c9e4c38344a62fb05f96948b8ffb3867614,det-v1,1,accepted,1160,83,5739.013,0.0003835270,false,false
call-000799,arm10_spec_eprocess,cal/f4/s4100001/no_alert__twin,10,deepseek/deepseek-chat,sha256:c4bd986446557c33b1a4d8dad0893c9e4c38344a62fb05f96948b8ffb3867614,det-v1,1,accepted,1160,83,0.002,0.0003835270,true,false
call-000800,arm12_cth,cal/f4/s4100001/no_alert__twin,10,deepseek/deepseek-chat,sha256:c4bd986446557c33b1a4d8dad0893c9e4c38344a62fb05f96948b8ffb3867614,det-v1,1,accepted,1160,83,0.002,0.0003835270,true,false
call-000801,arm12b_cth_llm,cal/f4/s4100001/no_alert__twin,10,deepseek/deepseek-chat,sha256:c4bd986446557c33b1a4d8dad0893c9e4c38344a62fb05f96948b8ffb3867614,det-v1,1,accepted,1160,83,0.002,0.0003835270,true,false
call-000802,arm8_spec_immediate,dev/f4/s4100002/no_alert,13,deepseek/deepseek-chat,sha256:02859fd710dade7338518e7c68876f7b0aec7617c1864504951c5531d1b5e357,det-v1,1,,1239,88,1998.122,0.0004089750,false,true
call-000803,arm8_spec_immediate,dev/f4/s4100002/no_alert,13,deepseek/deepseek-chat,sha256:02859fd710dade7338518e7c68876f7b0aec7617c1864504951c5531d1b5e357,det-v1,1,accepted,1239,88,1998.122,0.0004089750,false,false
call-000804,arm10_spec_eprocess,dev/f4/s4100002/no_alert,13,deepseek/deepseek-chat,sha256:02859fd710dade7338518e7c68876f7b0aec7617c1864504951c5531d1b5e357,det-v1,1,accepted,1239,88,0.002,0.0004089750,true,false
call-000805,arm12_cth,dev/f4/s4100002/no_alert,13,deepseek/deepseek-chat,sha256:02859fd710dade7338518e7c68876f7b0aec7617c1864504951c5531d1b5e357,det-v1,1,accepted,1239,88,0.002,0.0004089750,true,false
call-000806,arm12b_cth_llm,dev/f4/s4100002/no_alert,13,deepseek/deepseek-chat,sha256:02859fd710dade7338518e7c68876f7b0aec7617c1864504951c5531d1b5e357,det-v1,1,accepted,1239,88,0.002,0.0004089750,true,false
call-000807,arm8_spec_immediate,dev/f4/s4100002/early_accurate,13,deepseek/deepseek-chat,sha256:b31e200a5c5944d1342c6ec29ac2e42e0e4cb077df011808f2772856831a128b,det-v1,1,,1238,63,6067.472,0.0003829930,false,true
call-000808,arm8_spec_immediate,dev/f4/s4100002/early_accurate,13,deepseek/deepseek-chat,sha256:b31e200a5c5944d1342c6ec29ac2e42e0e4cb077df011808f2772856831a128b,det-v1,1,accepted,1238,63,6067.472,0.0003829930,false,false
call-000809,arm10_spec_eprocess,dev/f4/s4100002/early_accurate,13,deepseek/deepseek-chat,sha256:b31e200a5c5944d1342c6ec29ac2e42e0e4cb077df011808f2772856831a128b,det-v1,1,accepted,1238,63,0.002,0.0003829930,true,false
call-000810,arm12_cth,dev/f4/s4100002/early_accurate,13,deepseek/deepseek-chat,sha256:b31e200a5c5944d1342c6ec29ac2e42e0e4cb077df011808f2772856831a128b,det-v1,1,accepted,1238,63,0.002,0.0003829930,true,false
call-000811,arm12b_cth_llm,dev/f4/s4100002/early_accurate,13,deepseek/deepseek-chat,sha256:b31e200a5c5944d1342c6ec29ac2e42e0e4cb077df011808f2772856831a128b,det-v1,1,accepted,1238,63,0.002,0.0003829930,true,false
call-000812,arm8_spec_immediate,dev/f4/s4100002/late_accurate,13,deepseek/deepseek-chat,sha256:fae64a0cfb9d84a5ddbbbc69b5f0dc944b385ae8e511088bae92257731de87b1,det-v1,1,,1239,87,2168.751,0.0004079460,false,true
call-000813,arm8_spec_immediate,dev/f4/s4100002/late_accurate,13,deepseek/deepseek-chat,sha256:fae64a0cfb9d84a5ddbbbc69b5f0dc944b385ae8e511088bae92257731de87b1,det-v1,1,accepted,1239,87,2168.751,0.0004079460,false,false
call-000814,arm10_spec_eprocess,dev/f4/s4100002/late_accurate,13,deepseek/deepseek-chat,sha256:fae64a0cfb9d84a5ddbbbc69b5f0dc944b385ae8e511088bae92257731de87b1,det-v1,1,accepted,1239,87,0.002,0.0004079460,true,false
call-000815,arm12_cth,dev/f4/s4100002/late_accurate,13,deepseek/deepseek-chat,sha256:fae64a0cfb9d84a5ddbbbc69b5f0dc944b385ae8e511088bae92257731de87b1,det-v1,1,accepted,1239,87,0.002,0.0004079460,true,false
call-000816,arm12b_cth_llm,dev/f4/s4100002/late_accurate,13,deepseek/deepseek-chat,sha256:fae64a0cfb9d84a5ddbbbc69b5f0dc944b385ae8e511088bae92257731de87b1,det-v1,1,accepted,1239,87,0.002,0.0004079460,true,false
call-000817,arm8_spec_immediate,dev/f4/s4100002/unreliable,13,deepseek/deepseek-chat,sha256:42181b1dbfed81193a1f3605b9e966b59d22b9f75f5ad8a8b1254b2843345eec,det-v1,1,,1238,63,5976.413,0.0003829930,false,true
call-000818,arm8_spec_immediate,dev/f4/s4100002/unreliable,13,deepseek/deepseek-chat,sha256:42181b1dbfed81193a1f3605b9e966b59d22b9f75f5ad8a8b1254b2843345eec,det-v1,1,accepted,1238,63,5976.413,0.0003829930,false,false
call-000819,arm10_spec_eprocess,dev/f4/s4100002/unreliable,13,deepseek/deepseek-chat,sha256:42181b1dbfed81193a1f3605b9e966b59d22b9f75f5ad8a8b1254b2843345eec,det-v1,1,accepted,1238,63,0.002,0.0003829930,true,false
call-000820,arm12_cth,dev/f4/s4100002/unreliable,13,deepseek/deepseek-chat,sha256:42181b1dbfed81193a1f3605b9e966b59d22b9f75f5ad8a8b1254b2843345eec,det-v1,1,accepted,1238,63,0.002,0.0003829930,true,false
call-000821,arm12b_cth_llm,dev/f4/s4100002/unreliable,13,deepseek/deepseek-chat,sha256:42181b1dbfed81193a1f3605b9e966b59d22b9f75f5ad8a8b1254b2843345eec,det-v1,1,accepted,1238,63,0.002,0.0003829930,true,false
call-000822,arm8_spec_immediate,dev/f4/s4100002/no_alert__twin,10,deepseek/deepseek-chat,sha256:e2f98a6fae8261043713faacc36d7ac18b77f3aa36dd47b0c9dbffe1b1390972,det-v1,1,,1163,83,5411.740,0.0003842980,false,true
call-000823,arm8_spec_immediate,dev/f4/s4100002/no_alert__twin,10,deepseek/deepseek-chat,sha256:e2f98a6fae8261043713faacc36d7ac18b77f3aa36dd47b0c9dbffe1b1390972,det-v1,1,accepted,1163,83,5411.740,0.0003842980,false,false
call-000824,arm10_spec_eprocess,dev/f4/s4100002/no_alert__twin,10,deepseek/deepseek-chat,sha256:e2f98a6fae8261043713faacc36d7ac18b77f3aa36dd47b0c9dbffe1b1390972,det-v1,1,accepted,1163,83,0.002,0.0003842980,true,false
call-000825,arm12_cth,dev/f4/s4100002/no_alert__twin,10,deepseek/deepseek-chat,sha256:e2f98a6fae8261043713faacc36d7ac18b77f3aa36dd47b0c9dbffe1b1390972,det-v1,1,accepted,1163,83,0.002,0.0003842980,true,false
call-000826,arm12b_cth_llm,dev/f4/s4100002/no_alert__twin,10,deepseek/deepseek-chat,sha256:e2f98a6fae8261043713faacc36d7ac18b77f3aa36dd47b0c9dbffe1b1390972,det-v1,1,accepted,1163,83,0.002,0.0003842980,true,false
call-000827,arm8_spec_immediate,cal/f4/s4100003/early_accurate,18,deepseek/deepseek-chat,sha256:8daee0a8fce166406dda06b9794f4a903b4dc2607d86ffcdc3ab9e66dcca824f,det-v1,1,,1467,79,4908.336,0.0004583100,false,true
call-000828,arm8_spec_immediate,cal/f4/s4100003/early_accurate,18,deepseek/deepseek-chat,sha256:8daee0a8fce166406dda06b9794f4a903b4dc2607d86ffcdc3ab9e66dcca824f,det-v1,1,accepted,1467,79,4908.336,0.0004583100,false,false
call-000829,arm10_spec_eprocess,cal/f4/s4100003/early_accurate,18,deepseek/deepseek-chat,sha256:8daee0a8fce166406dda06b9794f4a903b4dc2607d86ffcdc3ab9e66dcca824f,det-v1,1,accepted,1467,79,0.003,0.0004583100,true,false
call-000830,arm12_cth,cal/f4/s4100003/early_accurate,18,deepseek/deepseek-chat,sha256:8daee0a8fce166406dda06b9794f4a903b4dc2607d86ffcdc3ab9e66dcca824f,det-v1,1,accepted,1467,79,0.002,0.0004583100,true,false
call-000831,arm12b_cth_llm,cal/f4/s4100003/early_accurate,18,deepseek/deepseek-chat,sha256:8daee0a8fce166406dda06b9794f4a903b4dc2607d86ffcdc3ab9e66dcca824f,det-v1,1,accepted,1467,79,0.002,0.0004583100,true,false
call-000832,arm8_spec_immediate,cal/f4/s4100003/late_accurate,21,deepseek/deepseek-chat,sha256:c64f7746487193202733307d3fb73601facdf2b8b835385f70b34b48c96dcfbf,det-v1,1,,1581,79,4295.824,0.0004876080,false,true
call-000833,arm8_spec_immediate,cal/f4/s4100003/late_accurate,21,deepseek/deepseek-chat,sha256:c64f7746487193202733307d3fb73601facdf2b8b835385f70b34b48c96dcfbf,det-v1,1,accepted,1581,79,4295.824,0.0004876080,false,false
call-000834,arm10_spec_eprocess,cal/f4/s4100003/late_accurate,21,deepseek/deepseek-chat,sha256:c64f7746487193202733307d3fb73601facdf2b8b835385f70b34b48c96dcfbf,det-v1,1,accepted,1581,79,0.003,0.0004876080,true,false
call-000835,arm12_cth,cal/f4/s4100003/late_accurate,21,deepseek/deepseek-chat,sha256:c64f7746487193202733307d3fb73601facdf2b8b835385f70b34b48c96dcfbf,det-v1,1,accepted,1581,79,0.002,0.0004876080,true,false
call-000836,arm12b_cth_llm,cal/f4/s4100003/late_accurate,21,deepseek/deepseek-chat,sha256:c64f7746487193202733307d3fb73601facdf2b8b835385f70b34b48c96dcfbf,det-v1,1,accepted,1581,79,0.002,0.0004876080,true,false
call-000837,arm8_spec_immediate,cal/f4/s4100003/unreliable,18,deepseek/deepseek-chat,sha256:f7da630cdd32b90fb4097a479c15eb4a623fdd2af2f80c8f5e51f7bfbe4ab2a3,det-v1,1,,1469,63,3759.051,0.0004423600,false,true
call-000838,arm8_spec_immediate,cal/f4/s4100003/unreliable,18,deepseek/deepseek-chat,sha256:f7da630cdd32b90fb4097a479c15eb4a623fdd2af2f80c8f5e51f7bfbe4ab2a3,det-v1,1,accepted,1469,63,3759.051,0.0004423600,false,false
call-000839,arm10_spec_eprocess,cal/f4/s4100003/unreliable,18,deepseek/deepseek-chat,sha256:f7da630cdd32b90fb4097a479c15eb4a623fdd2af2f80c8f5e51f7bfbe4ab2a3,det-v1,1,accepted,1469,63,0.002,0.0004423600,true,false
call-000840,arm12_cth,cal/f4/s4100003/unreliable,18,deepseek/deepseek-chat,sha256:f7da630cdd32b90fb4097a479c15eb4a623fdd2af2f80c8f5e51f7bfbe4ab2a3,det-v1,1,accepted,1469,63,0.002,0.0004423600,true,false
call-000841,arm12b_cth_llm,cal/f4/s4100003/unreliable,18,deepseek/deepseek-chat,sha256:f7da630cdd32b90fb4097a479c15eb4a623fdd2af2f80c8f5e51f7bfbe4ab2a3,det-v1,1,accepted,1469,63,0.002,0.0004423600,true,false
call-000842,arm8_spec_immediate,dev/f4/s4100004/early_accurate,14,deepseek/deepseek-chat,sha256:29743a3b82299c1f4b89f4e15ee333c8cb73b9cc0825c337c108f6e1c5f4b374,det-v1,1,,1317,79,5616.833,0.0004197600,false,true
call-000843,arm8_spec_immediate,dev/f4/s4100004/early_accurate,14,deepseek/deepseek-chat,sha256:29743a3b82299c1f4b89f4e15ee333c8cb73b9cc0825c337c108f6e1c5f4b374,det-v1,1,accepted,1317,79,5616.833,0.0004197600,false,false
call-000844,arm10_spec_eprocess,dev/f4/s4100004/early_accurate,14,deepseek/deepseek-chat,sha256:29743a3b82299c1f4b89f4e15ee333c8cb73b9cc0825c337c108f6e1c5f4b374,det-v1,1,accepted,1317,79,0.002,0.0004197600,true,false
call-000845,arm12_cth,dev/f4/s4100004/early_accurate,14,deepseek/deepseek-chat,sha256:29743a3b82299c1f4b89f4e15ee333c8cb73b9cc0825c337c108f6e1c5f4b374,det-v1,1,accepted,1317,79,0.002,0.0004197600,true,false
call-000846,arm12b_cth_llm,dev/f4/s4100004/early_accurate,14,deepseek/deepseek-chat,sha256:29743a3b82299c1f4b89f4e15ee333c8cb73b9cc0825c337c108f6e1c5f4b374,det-v1,1,accepted,1317,79,0.003,0.0004197600,true,false
call-000847,arm8_spec_immediate,dev/f4/s4100004/late_accurate,17,deepseek/deepseek-chat,sha256:3a8da5971ea1f2ee8f33de0f468ae866c88325091bee90a5da291582dd176873,det-v1,1,,1431,78,5291.668,0.0004480290,false,true
call-000848,arm8_spec_immediate,dev/f4/s4100004/late_accurate,17,deepseek/deepseek-chat,sha256:3a8da5971ea1f2ee8f33de0f468ae866c88325091bee90a5da291582dd176873,det-v1,1,accepted,1431,78,5291.668,0.0004480290,false,false
call-000849,arm10_spec_eprocess,dev/f4/s4100004/late_accurate,17,deepseek/deepseek-chat,sha256:3a8da5971ea1f2ee8f33de0f468ae866c88325091bee90a5da291582dd176873,det-v1,1,accepted,1431,78,0.002,0.0004480290,true,false
call-000850,arm12_cth,dev/f4/s4100004/late_accurate,17,deepseek/deepseek-chat,sha256:3a8da5971ea1f2ee8f33de0f468ae866c88325091bee90a5da291582dd176873,det-v1,1,accepted,1431,78,0.002,0.0004480290,true,false
call-000851,arm12b_cth_llm,dev/f4/s4100004/late_accurate,17,deepseek/deepseek-chat,sha256:3a8da5971ea1f2ee8f33de0f468ae866c88325091bee90a5da291582dd176873,det-v1,1,accepted,1431,78,0.002,0.0004480290,true,false
call-000852,arm8_spec_immediate,dev/f4/s4100004/unreliable,14,deepseek/deepseek-chat,sha256:db482e371e60b7b07e4999289b04d3370c47b0ba5007ab42d3a8d380dacc8179,det-v1,1,,1314,105,6878.950,0.0004457430,false,true
call-000853,arm8_spec_immediate,dev/f4/s4100004/unreliable,14,deepseek/deepseek-chat,sha256:db482e371e60b7b07e4999289b04d3370c47b0ba5007ab42d3a8d380dacc8179,det-v1,1,accepted,1314,105,6878.950,0.0004457430,false,false
call-000854,arm10_spec_eprocess,dev/f4/s4100004/unreliable,14,deepseek/deepseek-chat,sha256:db482e371e60b7b07e4999289b04d3370c47b0ba5007ab42d3a8d380dacc8179,det-v1,1,accepted,1314,105,0.002,0.0004457430,true,false
call-000855,arm12_cth,dev/f4/s4100004/unreliable,14,deepseek/deepseek-chat,sha256:db482e371e60b7b07e4999289b04d3370c47b0ba5007ab42d3a8d380dacc8179,det-v1,1,accepted,1314,105,0.002,0.0004457430,true,false
call-000856,arm12b_cth_llm,dev/f4/s4100004/unreliable,14,deepseek/deepseek-chat,sha256:db482e371e60b7b07e4999289b04d3370c47b0ba5007ab42d3a8d380dacc8179,det-v1,1,accepted,1314,105,0.002,0.0004457430,true,false
call-000857,arm8_spec_immediate,cal/f4/s4100005/early_accurate,19,deepseek/deepseek-chat,sha256:07e809c0a96ec731ff3f7cab1a650e76bfb8401c7862a8289aa85354eda054ae,det-v1,1,,1502,80,5171.361,0.0004683340,false,true
call-000858,arm8_spec_immediate,cal/f4/s4100005/early_accurate,19,deepseek/deepseek-chat,sha256:07e809c0a96ec731ff3f7cab1a650e76bfb8401c7862a8289aa85354eda054ae,det-v1,1,accepted,1502,80,5171.361,0.0004683340,false,false
call-000859,arm10_spec_eprocess,cal/f4/s4100005/early_accurate,19,deepseek/deepseek-chat,sha256:07e809c0a96ec731ff3f7cab1a650e76bfb8401c7862a8289aa85354eda054ae,det-v1,1,accepted,1502,80,0.002,0.0004683340,true,false
call-000860,arm12_cth,cal/f4/s4100005/early_accurate,19,deepseek/deepseek-chat,sha256:07e809c0a96ec731ff3f7cab1a650e76bfb8401c7862a8289aa85354eda054ae,det-v1,1,accepted,1502,80,0.002,0.0004683340,true,false
call-000861,arm12b_cth_llm,cal/f4/s4100005/early_accurate,19,deepseek/deepseek-chat,sha256:07e809c0a96ec731ff3f7cab1a650e76bfb8401c7862a8289aa85354eda054ae,det-v1,1,accepted,1502,80,0.002,0.0004683340,true,false
call-000862,arm8_spec_immediate,cal/f4/s4100005/late_accurate,22,deepseek/deepseek-chat,sha256:ca9d6c0e95541506995d71e035a2df0dcf01956d6d41753912a28d7b2035be73,det-v1,1,,1616,78,6389.618,0.0004955740,false,true
call-000863,arm8_spec_immediate,cal/f4/s4100005/late_accurate,22,deepseek/deepseek-chat,sha256:ca9d6c0e95541506995d71e035a2df0dcf01956d6d41753912a28d7b2035be73,det-v1,1,accepted,1616,78,6389.618,0.0004955740,false,false
call-000864,arm10_spec_eprocess,cal/f4/s4100005/late_accurate,22,deepseek/deepseek-chat,sha256:ca9d6c0e95541506995d71e035a2df0dcf01956d6d41753912a28d7b2035be73,det-v1,1,accepted,1616,78,0.002,0.0004955740,true,false
call-000865,arm12_cth,cal/f4/s4100005/late_accurate,22,deepseek/deepseek-chat,sha256:ca9d6c0e95541506995d71e035a2df0dcf01956d6d41753912a28d7b2035be73,det-v1,1,accepted,1616,78,0.002,0.0004955740,true,false
call-000866,arm12b_cth_llm,cal/f4/s4100005/late_accurate,22,deepseek/deepseek-chat,sha256:ca9d6c0e95541506995d71e035a2df0dcf01956d6d41753912a28d7b2035be73,det-v1,1,accepted,1616,78,0.002,0.0004955740,true,false
call-000867,arm8_spec_immediate,cal/f4/s4100005/unreliable,19,deepseek/deepseek-chat,sha256:64a5ec9b6939f05cf1733f3a51ede3017c830c73a7a99d6f452e382c05fe765c,det-v1,1,,1507,63,3858.284,0.0004521260,false,true
call-000868,arm8_spec_immediate,cal/f4/s4100005/unreliable,19,deepseek/deepseek-chat,sha256:64a5ec9b6939f05cf1733f3a51ede3017c830c73a7a99d6f452e382c05fe765c,det-v1,1,accepted,1507,63,3858.284,0.0004521260,false,false
call-000869,arm10_spec_eprocess,cal/f4/s4100005/unreliable,19,deepseek/deepseek-chat,sha256:64a5ec9b6939f05cf1733f3a51ede3017c830c73a7a99d6f452e382c05fe765c,det-v1,1,accepted,1507,63,0.002,0.0004521260,true,false
call-000870,arm12_cth,cal/f4/s4100005/unreliable,19,deepseek/deepseek-chat,sha256:64a5ec9b6939f05cf1733f3a51ede3017c830c73a7a99d6f452e382c05fe765c,det-v1,1,accepted,1507,63,0.002,0.0004521260,true,false
call-000871,arm12b_cth_llm,cal/f4/s4100005/unreliable,19,deepseek/deepseek-chat,sha256:64a5ec9b6939f05cf1733f3a51ede3017c830c73a7a99d6f452e382c05fe765c,det-v1,1,accepted,1507,63,0.003,0.0004521260,true,false
call-000872,arm8_spec_immediate,cal/f4/s4100005/no_alert__twin,10,deepseek/deepseek-chat,sha256:771613305e101f3b9643a79c602e3256fd420c4f779273049f875b6f3ba99913,det-v1,1,,1169,112,2982.545,0.0004156810,false,true
call-000873,arm8_spec_immediate,cal/f4/s4100005/no_alert__twin,10,deepseek/deepseek-chat,sha256:771613305e101f3b9643a79c602e3256fd420c4f779273049f875b6f3ba99913,det-v1,1,accepted,1169,112,2982.545,0.0004156810,false,false
call-000874,arm10_spec_eprocess,cal/f4/s4100005/no_alert__twin,10,deepseek/deepseek-chat,sha256:771613305e101f3b9643a79c602e3256fd420c4f779273049f875b6f3ba99913,det-v1,1,accepted,1169,112,0.002,0.0004156810,true,false
call-000875,arm12_cth,cal/f4/s4100005/no_alert__twin,10,deepseek/deepseek-chat,sha256:771613305e101f3b9643a79c602e3256fd420c4f779273049f875b6f3ba99913,det-v1,1,accepted,1169,112,0.002,0.0004156810,true,false
call-000876,arm12b_cth_llm,cal/f4/s4100005/no_alert__twin,10,deepseek/deepseek-chat,sha256:771613305e101f3b9643a79c602e3256fd420c4f779273049f875b6f3ba99913,det-v1,1,accepted,1169,112,0.002,0.0004156810,true,false
call-000877,arm8_spec_immediate,dev/f4/s4100006/early_accurate,13,deepseek/deepseek-chat,sha256:03658ec672895861719c8ffa5a57197f64eb26a018128851007b6cc98ddf0791,det-v1,1,,1277,101,5572.518,0.0004321180,false,true
call-000878,arm8_spec_immediate,dev/f4/s4100006/early_accurate,13,deepseek/deepseek-chat,sha256:03658ec672895861719c8ffa5a57197f64eb26a018128851007b6cc98ddf0791,det-v1,1,accepted,1277,101,5572.518,0.0004321180,false,false
call-000879,arm10_spec_eprocess,dev/f4/s4100006/early_accurate,13,deepseek/deepseek-chat,sha256:03658ec672895861719c8ffa5a57197f64eb26a018128851007b6cc98ddf0791,det-v1,1,accepted,1277,101,0.002,0.0004321180,true,false
call-000880,arm12_cth,dev/f4/s4100006/early_accurate,13,deepseek/deepseek-chat,sha256:03658ec672895861719c8ffa5a57197f64eb26a018128851007b6cc98ddf0791,det-v1,1,accepted,1277,101,0.001,0.0004321180,true,false
call-000881,arm12b_cth_llm,dev/f4/s4100006/early_accurate,13,deepseek/deepseek-chat,sha256:03658ec672895861719c8ffa5a57197f64eb26a018128851007b6cc98ddf0791,det-v1,1,accepted,1277,101,0.004,0.0004321180,true,false
call-000882,arm8_spec_immediate,dev/f4/s4100006/late_accurate,16,deepseek/deepseek-chat,sha256:707c8898b52d8b15bdf32a5f5c73530e37ecdfd238712c2f7d4bff9b84581595,det-v1,1,,1392,105,3166.859,0.0004657890,false,true
call-000883,arm8_spec_immediate,dev/f4/s4100006/late_accurate,16,deepseek/deepseek-chat,sha256:707c8898b52d8b15bdf32a5f5c73530e37ecdfd238712c2f7d4bff9b84581595,det-v1,1,accepted,1392,105,3166.859,0.0004657890,false,false
call-000884,arm10_spec_eprocess,dev/f4/s4100006/late_accurate,16,deepseek/deepseek-chat,sha256:707c8898b52d8b15bdf32a5f5c73530e37ecdfd238712c2f7d4bff9b84581595,det-v1,1,accepted,1392,105,0.002,0.0004657890,true,false
call-000885,arm12_cth,dev/f4/s4100006/late_accurate,16,deepseek/deepseek-chat,sha256:707c8898b52d8b15bdf32a5f5c73530e37ecdfd238712c2f7d4bff9b84581595,det-v1,1,accepted,1392,105,0.002,0.0004657890,true,false
call-000886,arm12b_cth_llm,dev/f4/s4100006/late_accurate,16,deepseek/deepseek-chat,sha256:707c8898b52d8b15bdf32a5f5c73530e37ecdfd238712c2f7d4bff9b84581595,det-v1,1,accepted,1392,105,0.002,0.0004657890,true,false
call-000887,arm8_spec_immediate,dev/f4/s4100006/unreliable,13,deepseek/deepseek-chat,sha256:cd45b5f144b1973a5b11abec9d42bd5f2a403f610ab0243fecb9a1ab19cf76e0,det-v1,1,,1264,83,5098.314,0.0004102550,false,true
call-000888,arm8_spec_immediate,dev/f4/s4100006/unreliable,13,deepseek/deepseek-chat,sha256:cd45b5f144b1973a5b11abec9d42bd5f2a403f610ab0243fecb9a1ab19cf76e0,det-v1,1,accepted,1264,83,5098.314,0.0004102550,false,false
call-000889,arm10_spec_eprocess,dev/f4/s4100006/unreliable,13,deepseek/deepseek-chat,sha256:cd45b5f144b1973a5b11abec9d42bd5f2a403f610ab0243fecb9a1ab19cf76e0,det-v1,1,accepted,1264,83,0.002,0.0004102550,true,false
call-000890,arm12_cth,dev/f4/s4100006/unreliable,13,deepseek/deepseek-chat,sha256:cd45b5f144b1973a5b11abec9d42bd5f2a403f610ab0243fecb9a1ab19cf76e0,det-v1,1,accepted,1264,83,0.001,0.0004102550,true,false
call-000891,arm12b_cth_llm,dev/f4/s4100006/unreliable,13,deepseek/deepseek-chat,sha256:cd45b5f144b1973a5b11abec9d42bd5f2a403f610ab0243fecb9a1ab19cf76e0,det-v1,1,accepted,1264,83,0.002,0.0004102550,true,false
call-000892,arm8_spec_immediate,dev/f4/s4100006/no_alert__twin,10,deepseek/deepseek-chat,sha256:f871dd540f572affc0cdaa8854308ccaddc136bfc6edb75b7623a99f625e42e5,det-v1,1,,1163,102,2695.043,0.0004038490,false,true
call-000893,arm8_spec_immediate,dev/f4/s4100006/no_alert__twin,10,deepseek/deepseek-chat,sha256:f871dd540f572affc0cdaa8854308ccaddc136bfc6edb75b7623a99f625e42e5,det-v1,1,accepted,1163,102,2695.043,0.0004038490,false,false
call-000894,arm10_spec_eprocess,dev/f4/s4100006/no_alert__twin,10,deepseek/deepseek-chat,sha256:f871dd540f572affc0cdaa8854308ccaddc136bfc6edb75b7623a99f625e42e5,det-v1,1,accepted,1163,102,0.002,0.0004038490,true,false
call-000895,arm12_cth,dev/f4/s4100006/no_alert__twin,10,deepseek/deepseek-chat,sha256:f871dd540f572affc0cdaa8854308ccaddc136bfc6edb75b7623a99f625e42e5,det-v1,1,accepted,1163,102,0.002,0.0004038490,true,false
call-000896,arm12b_cth_llm,dev/f4/s4100006/no_alert__twin,10,deepseek/deepseek-chat,sha256:f871dd540f572affc0cdaa8854308ccaddc136bfc6edb75b7623a99f625e42e5,det-v1,1,accepted,1163,102,0.002,0.0004038490,true,false
call-000897,arm8_spec_immediate,cal/f4/s4100007/early_accurate,18,deepseek/deepseek-chat,sha256:56f85952cdd795640dd523691a7ee850adb7d19a336f5f640319ca37730d093f,det-v1,1,,1466,105,4104.905,0.0004848070,false,true
call-000898,arm8_spec_immediate,cal/f4/s4100007/early_accurate,18,deepseek/deepseek-chat,sha256:56f85952cdd795640dd523691a7ee850adb7d19a336f5f640319ca37730d093f,det-v1,1,accepted,1466,105,4104.905,0.0004848070,false,false
call-000899,arm10_spec_eprocess,cal/f4/s4100007/early_accurate,18,deepseek/deepseek-chat,sha256:56f85952cdd795640dd523691a7ee850adb7d19a336f5f640319ca37730d093f,det-v1,1,accepted,1466,105,0.002,0.0004848070,true,false
call-000900,arm12_cth,cal/f4/s4100007/early_accurate,18,deepseek/deepseek-chat,sha256:56f85952cdd795640dd523691a7ee850adb7d19a336f5f640319ca37730d093f,det-v1,1,accepted,1466,105,0.002,0.0004848070,true,false
call-000901,arm12b_cth_llm,cal/f4/s4100007/early_accurate,18,deepseek/deepseek-chat,sha256:56f85952cdd795640dd523691a7ee850adb7d19a336f5f640319ca37730d093f,det-v1,1,accepted,1466,105,0.002,0.0004848070,true,false
call-000902,arm8_spec_immediate,cal/f4/s4100007/late_accurate,21,deepseek/deepseek-chat,sha256:eb310974aef0d4c13311f47449c91824b492e9e647cc506ebcd585c9436f13e0,det-v1,1,,1579,78,7548.868,0.0004860650,false,true
call-000903,arm8_spec_immediate,cal/f4/s4100007/late_accurate,21,deepseek/deepseek-chat,sha256:eb310974aef0d4c13311f47449c91824b492e9e647cc506ebcd585c9436f13e0,det-v1,1,accepted,1579,78,7548.868,0.0004860650,false,false
call-000904,arm10_spec_eprocess,cal/f4/s4100007/late_accurate,21,deepseek/deepseek-chat,sha256:eb310974aef0d4c13311f47449c91824b492e9e647cc506ebcd585c9436f13e0,det-v1,1,accepted,1579,78,0.002,0.0004860650,true,false
call-000905,arm12_cth,cal/f4/s4100007/late_accurate,21,deepseek/deepseek-chat,sha256:eb310974aef0d4c13311f47449c91824b492e9e647cc506ebcd585c9436f13e0,det-v1,1,accepted,1579,78,0.002,0.0004860650,true,false
call-000906,arm12b_cth_llm,cal/f4/s4100007/late_accurate,21,deepseek/deepseek-chat,sha256:eb310974aef0d4c13311f47449c91824b492e9e647cc506ebcd585c9436f13e0,det-v1,1,accepted,1579,78,0.002,0.0004860650,true,false
call-000907,arm8_spec_immediate,cal/f4/s4100007/unreliable,18,deepseek/deepseek-chat,sha256:ba69edde29112c747e1c7f7b6a3ff2cc0d5b80065e3cfd2d7083b2f6f2501830,det-v1,1,,1468,78,7205.232,0.0004575380,false,true
call-000908,arm8_spec_immediate,cal/f4/s4100007/unreliable,18,deepseek/deepseek-chat,sha256:ba69edde29112c747e1c7f7b6a3ff2cc0d5b80065e3cfd2d7083b2f6f2501830,det-v1,1,accepted,1468,78,7205.232,0.0004575380,false,false
call-000909,arm10_spec_eprocess,cal/f4/s4100007/unreliable,18,deepseek/deepseek-chat,sha256:ba69edde29112c747e1c7f7b6a3ff2cc0d5b80065e3cfd2d7083b2f6f2501830,det-v1,1,accepted,1468,78,0.001,0.0004575380,true,false
call-000910,arm12_cth,cal/f4/s4100007/unreliable,18,deepseek/deepseek-chat,sha256:ba69edde29112c747e1c7f7b6a3ff2cc0d5b80065e3cfd2d7083b2f6f2501830,det-v1,1,accepted,1468,78,0.002,0.0004575380,true,false
call-000911,arm12b_cth_llm,cal/f4/s4100007/unreliable,18,deepseek/deepseek-chat,sha256:ba69edde29112c747e1c7f7b6a3ff2cc0d5b80065e3cfd2d7083b2f6f2501830,det-v1,1,accepted,1468,78,0.002,0.0004575380,true,false
call-000912,arm8_spec_immediate,dev/f5/s5100000/early_accurate,21,deepseek/deepseek-chat,sha256:d82fdae3bc1a1f8330a2d9652296a0a31f35778213d91595f62f9f2704137db2,det-v1,1,,1585,76,6552.221,0.0004855490,false,true
call-000913,arm8_spec_immediate,dev/f5/s5100000/early_accurate,21,deepseek/deepseek-chat,sha256:d82fdae3bc1a1f8330a2d9652296a0a31f35778213d91595f62f9f2704137db2,det-v1,1,accepted,1585,76,6552.221,0.0004855490,false,false
call-000914,arm10_spec_eprocess,dev/f5/s5100000/early_accurate,21,deepseek/deepseek-chat,sha256:d82fdae3bc1a1f8330a2d9652296a0a31f35778213d91595f62f9f2704137db2,det-v1,1,accepted,1585,76,0.003,0.0004855490,true,false
call-000915,arm12_cth,dev/f5/s5100000/early_accurate,21,deepseek/deepseek-chat,sha256:d82fdae3bc1a1f8330a2d9652296a0a31f35778213d91595f62f9f2704137db2,det-v1,1,accepted,1585,76,0.002,0.0004855490,true,false
call-000916,arm12b_cth_llm,dev/f5/s5100000/early_accurate,21,deepseek/deepseek-chat,sha256:d82fdae3bc1a1f8330a2d9652296a0a31f35778213d91595f62f9f2704137db2,det-v1,1,accepted,1585,76,0.002,0.0004855490,true,false
call-000917,arm8_spec_immediate,dev/f5/s5100000/late_accurate,24,deepseek/deepseek-chat,sha256:48a313d688ee41acb800e668fd3d4e84e845322df87617301a4fcab053f5d37e,det-v1,1,,1699,98,8904.000,0.0005374850,false,true
call-000918,arm8_spec_immediate,dev/f5/s5100000/late_accurate,24,deepseek/deepseek-chat,sha256:48a313d688ee41acb800e668fd3d4e84e845322df87617301a4fcab053f5d37e,det-v1,1,accepted,1699,98,8904.000,0.0005374850,false,false
call-000919,arm10_spec_eprocess,dev/f5/s5100000/late_accurate,24,deepseek/deepseek-chat,sha256:48a313d688ee41acb800e668fd3d4e84e845322df87617301a4fcab053f5d37e,det-v1,1,accepted,1699,98,0.002,0.0005374850,true,false
call-000920,arm12_cth,dev/f5/s5100000/late_accurate,24,deepseek/deepseek-chat,sha256:48a313d688ee41acb800e668fd3d4e84e845322df87617301a4fcab053f5d37e,det-v1,1,accepted,1699,98,0.002,0.0005374850,true,false
call-000921,arm12b_cth_llm,dev/f5/s5100000/late_accurate,24,deepseek/deepseek-chat,sha256:48a313d688ee41acb800e668fd3d4e84e845322df87617301a4fcab053f5d37e,det-v1,1,accepted,1699,98,0.002,0.0005374850,true,false
call-000922,arm8_spec_immediate,dev/f5/s5100000/unreliable,21,deepseek/deepseek-chat,sha256:b621a40209fd6ed4b4ff2f9e708d405f3fa4a461e66c1bf4f1ead148935d5a40,det-v1,1,,1564,83,6879.447,0.0004873550,false,true
call-000923,arm8_spec_immediate,dev/f5/s5100000/unreliable,21,deepseek/deepseek-chat,sha256:b621a40209fd6ed4b4ff2f9e708d405f3fa4a461e66c1bf4f1ead148935d5a40,det-v1,1,accepted,1564,83,6879.447,0.0004873550,false,false
call-000924,arm10_spec_eprocess,dev/f5/s5100000/unreliable,21,deepseek/deepseek-chat,sha256:b621a40209fd6ed4b4ff2f9e708d405f3fa4a461e66c1bf4f1ead148935d5a40,det-v1,1,accepted,1564,83,0.002,0.0004873550,true,false
call-000925,arm12_cth,dev/f5/s5100000/unreliable,21,deepseek/deepseek-chat,sha256:b621a40209fd6ed4b4ff2f9e708d405f3fa4a461e66c1bf4f1ead148935d5a40,det-v1,1,accepted,1564,83,0.002,0.0004873550,true,false
call-000926,arm12b_cth_llm,dev/f5/s5100000/unreliable,21,deepseek/deepseek-chat,sha256:b621a40209fd6ed4b4ff2f9e708d405f3fa4a461e66c1bf4f1ead148935d5a40,det-v1,1,accepted,1564,83,0.002,0.0004873550,true,false
call-000927,arm8_spec_immediate,cal/f5/s5100001/early_accurate,20,deepseek/deepseek-chat,sha256:d7892cd65137156d40519500ec1e4200fea8da6399629016bae76d619a00e4a2,det-v1,1,,1543,103,6859.087,0.0005025380,false,true
call-000928,arm8_spec_immediate,cal/f5/s5100001/early_accurate,20,deepseek/deepseek-chat,sha256:d7892cd65137156d40519500ec1e4200fea8da6399629016bae76d619a00e4a2,det-v1,1,accepted,1543,103,6859.087,0.0005025380,false,false
call-000929,arm10_spec_eprocess,cal/f5/s5100001/early_accurate,20,deepseek/deepseek-chat,sha256:d7892cd65137156d40519500ec1e4200fea8da6399629016bae76d619a00e4a2,det-v1,1,accepted,1543,103,0.002,0.0005025380,true,false
call-000930,arm12_cth,cal/f5/s5100001/early_accurate,20,deepseek/deepseek-chat,sha256:d7892cd65137156d40519500ec1e4200fea8da6399629016bae76d619a00e4a2,det-v1,1,accepted,1543,103,0.002,0.0005025380,true,false
call-000931,arm12b_cth_llm,cal/f5/s5100001/early_accurate,20,deepseek/deepseek-chat,sha256:d7892cd65137156d40519500ec1e4200fea8da6399629016bae76d619a00e4a2,det-v1,1,accepted,1543,103,0.002,0.0005025380,true,false
call-000932,arm8_spec_immediate,cal/f5/s5100001/late_accurate,23,deepseek/deepseek-chat,sha256:f6b722d4bb7c54d214750e7f24fb4d422523b06662cfe3dd8bd8be95d8465dfe,det-v1,1,,1657,76,5834.511,0.0005040530,false,true
call-000933,arm8_spec_immediate,cal/f5/s5100001/late_accurate,23,deepseek/deepseek-chat,sha256:f6b722d4bb7c54d214750e7f24fb4d422523b06662cfe3dd8bd8be95d8465dfe,det-v1,1,accepted,1657,76,5834.511,0.0005040530,false,false
call-000934,arm10_spec_eprocess,cal/f5/s5100001/late_accurate,23,deepseek/deepseek-chat,sha256:f6b722d4bb7c54d214750e7f24fb4d422523b06662cfe3dd8bd8be95d8465dfe,det-v1,1,accepted,1657,76,0.003,0.0005040530,true,false
call-000935,arm12_cth,cal/f5/s5100001/late_accurate,23,deepseek/deepseek-chat,sha256:f6b722d4bb7c54d214750e7f24fb4d422523b06662cfe3dd8bd8be95d8465dfe,det-v1,1,accepted,1657,76,0.002,0.0005040530,true,false
call-000936,arm12b_cth_llm,cal/f5/s5100001/late_accurate,23,deepseek/deepseek-chat,sha256:f6b722d4bb7c54d214750e7f24fb4d422523b06662cfe3dd8bd8be95d8465dfe,det-v1,1,accepted,1657,76,0.002,0.0005040530,true,false
call-000937,arm8_spec_immediate,cal/f5/s5100001/unreliable,20,deepseek/deepseek-chat,sha256:1f00aaffa4ea41d0f19f8f4527341000661fbb93a0c5f15acd9c5c1f20b06c19,det-v1,1,,1546,73,4085.245,0.0004724390,false,true
call-000938,arm8_spec_immediate,cal/f5/s5100001/unreliable,20,deepseek/deepseek-chat,sha256:1f00aaffa4ea41d0f19f8f4527341000661fbb93a0c5f15acd9c5c1f20b06c19,det-v1,1,accepted,1546,73,4085.245,0.0004724390,false,false
call-000939,arm10_spec_eprocess,cal/f5/s5100001/unreliable,20,deepseek/deepseek-chat,sha256:1f00aaffa4ea41d0f19f8f4527341000661fbb93a0c5f15acd9c5c1f20b06c19,det-v1,1,accepted,1546,73,0.002,0.0004724390,true,false
call-000940,arm12_cth,cal/f5/s5100001/unreliable,20,deepseek/deepseek-chat,sha256:1f00aaffa4ea41d0f19f8f4527341000661fbb93a0c5f15acd9c5c1f20b06c19,det-v1,1,accepted,1546,73,0.001,0.0004724390,true,false
call-000941,arm12b_cth_llm,cal/f5/s5100001/unreliable,20,deepseek/deepseek-chat,sha256:1f00aaffa4ea41d0f19f8f4527341000661fbb93a0c5f15acd9c5c1f20b06c19,det-v1,1,accepted,1546,73,0.002,0.0004724390,true,false
call-000942,arm8_spec_immediate,cal/f5/s5100001/no_alert__twin,10,deepseek/deepseek-chat,sha256:0184fd1958cbb19be29c6f59ec5e7793834d8b7a755fcd34ed3d6c77dde7681a,det-v1,1,,1163,83,5552.836,0.0003842980,false,true
call-000943,arm8_spec_immediate,cal/f5/s5100001/no_alert__twin,10,deepseek/deepseek-chat,sha256:0184fd1958cbb19be29c6f59ec5e7793834d8b7a755fcd34ed3d6c77dde7681a,det-v1,1,accepted,1163,83,5552.836,0.0003842980,false,false
call-000944,arm10_spec_eprocess,cal/f5/s5100001/no_alert__twin,10,deepseek/deepseek-chat,sha256:0184fd1958cbb19be29c6f59ec5e7793834d8b7a755fcd34ed3d6c77dde7681a,det-v1,1,accepted,1163,83,0.002,0.0003842980,true,false
call-000945,arm12_cth,cal/f5/s5100001/no_alert__twin,10,deepseek/deepseek-chat,sha256:0184fd1958cbb19be29c6f59ec5e7793834d8b7a755fcd34ed3d6c77dde7681a,det-v1,1,accepted,1163,83,0.002,0.0003842980,true,false
call-000946,arm12b_cth_llm,cal/f5/s5100001/no_alert__twin,10,deepseek/deepseek-chat,sha256:0184fd1958cbb19be29c6f59ec5e7793834d8b7a755fcd34ed3d6c77dde7681a,det-v1,1,accepted,1163,83,0.002,0.0003842980,true,false
call-000947,arm8_spec_immediate,dev/f5/s5100002/early_accurate,17,deepseek/deepseek-chat,sha256:ba54e0c5bcb72fe937a1f66ee3f5848676a32062d99977e4ad42d07c9486c768,det-v1,1,,1424,76,4906.184,0.0004441720,false,true
call-000948,arm8_spec_immediate,dev/f5/s5100002/early_accurate,17,deepseek/deepseek-chat,sha256:ba54e0c5bcb72fe937a1f66ee3f5848676a32062d99977e4ad42d07c9486c768,det-v1,1,accepted,1424,76,4906.184,0.0004441720,false,false
call-000949,arm10_spec_eprocess,dev/f5/s5100002/early_accurate,17,deepseek/deepseek-chat,sha256:ba54e0c5bcb72fe937a1f66ee3f5848676a32062d99977e4ad42d07c9486c768,det-v1,1,accepted,1424,76,0.002,0.0004441720,true,false
call-000950,arm12_cth,dev/f5/s5100002/early_accurate,17,deepseek/deepseek-chat,sha256:ba54e0c5bcb72fe937a1f66ee3f5848676a32062d99977e4ad42d07c9486c768,det-v1,1,accepted,1424,76,0.002,0.0004441720,true,false
call-000951,arm12b_cth_llm,dev/f5/s5100002/early_accurate,17,deepseek/deepseek-chat,sha256:ba54e0c5bcb72fe937a1f66ee3f5848676a32062d99977e4ad42d07c9486c768,det-v1,1,accepted,1424,76,0.002,0.0004441720,true,false
call-000952,arm8_spec_immediate,dev/f5/s5100002/late_accurate,20,deepseek/deepseek-chat,sha256:332d6be1d4f6a0a1f3d8f7a7d3414dba2996a608da12059f30e086806575e298,det-v1,1,,1538,76,4524.885,0.0004734700,false,true
call-000953,arm8_spec_immediate,dev/f5/s5100002/late_accurate,20,deepseek/deepseek-chat,sha256:332d6be1d4f6a0a1f3d8f7a7d3414dba2996a608da12059f30e086806575e298,det-v1,1,accepted,1538,76,4524.885,0.0004734700,false,false
call-000954,arm10_spec_eprocess,dev/f5/s5100002/late_accurate,20,deepseek/deepseek-chat,sha256:332d6be1d4f6a0a1f3d8f7a7d3414dba2996a608da12059f30e086806575e298,det-v1,1,accepted,1538,76,0.002,0.0004734700,true,false
call-000955,arm12_cth,dev/f5/s5100002/late_accurate,20,deepseek/deepseek-chat,sha256:332d6be1d4f6a0a1f3d8f7a7d3414dba2996a608da12059f30e086806575e298,det-v1,1,accepted,1538,76,0.002,0.0004734700,true,false
call-000956,arm12b_cth_llm,dev/f5/s5100002/late_accurate,20,deepseek/deepseek-chat,sha256:332d6be1d4f6a0a1f3d8f7a7d3414dba2996a608da12059f30e086806575e298,det-v1,1,accepted,1538,76,0.002,0.0004734700,true,false
call-000957,arm8_spec_immediate,dev/f5/s5100002/unreliable,17,deepseek/deepseek-chat,sha256:d661dd12c1e1d55026ea2df0fbe8fdf0fa0534231bb015da17f44a3ccda6ea95,det-v1,1,,1431,102,4892.760,0.0004727250,false,true
call-000958,arm8_spec_immediate,dev/f5/s5100002/unreliable,17,deepseek/deepseek-chat,sha256:d661dd12c1e1d55026ea2df0fbe8fdf0fa0534231bb015da17f44a3ccda6ea95,det-v1,1,accepted,1431,102,4892.760,0.0004727250,false,false
call-000959,arm10_spec_eprocess,dev/f5/s5100002/unreliable,17,deepseek/deepseek-chat,sha256:d661dd12c1e1d55026ea2df0fbe8fdf0fa0534231bb015da17f44a3ccda6ea95,det-v1,1,accepted,1431,102,0.002,0.0004727250,true,false
call-000960,arm12_cth,dev/f5/s5100002/unreliable,17,deepseek/deepseek-chat,sha256:d661dd12c1e1d55026ea2df0fbe8fdf0fa0534231bb015da17f44a3ccda6ea95,det-v1,1,accepted,1431,102,0.002,0.0004727250,true,false
call-000961,arm12b_cth_llm,dev/f5/s5100002/unreliable,17,deepseek/deepseek-chat,sha256:d661dd12c1e1d55026ea2df0fbe8fdf0fa0534231bb015da17f44a3ccda6ea95,det-v1,1,accepted,1431,102,0.002,0.0004727250,true,false
call-000962,arm8_spec_immediate,dev/f5/s5100002/no_alert__twin,10,deepseek/deepseek-chat,sha256:eac889f201698df1164395ca8552f42bb6a2a7f2dc82c0fe72a630cccc4c8883,det-v1,1,,1163,83,6206.987,0.0003842980,false,true
call-000963,arm8_spec_immediate,dev/f5/s5100002/no_alert__twin,10,deepseek/deepseek-chat,sha256:eac889f201698df1164395ca8552f42bb6a2a7f2dc82c0fe72a630cccc4c8883,det-v1,1,accepted,1163,83,6206.987,0.0003842980,false,false
call-000964,arm10_spec_eprocess,dev/f5/s5100002/no_alert__twin,10,deepseek/deepseek-chat,sha256:eac889f201698df1164395ca8552f42bb6a2a7f2dc82c0fe72a630cccc4c8883,det-v1,1,accepted,1163,83,0.002,0.0003842980,true,false
call-000965,arm12_cth,dev/f5/s5100002/no_alert__twin,10,deepseek/deepseek-chat,sha256:eac889f201698df1164395ca8552f42bb6a2a7f2dc82c0fe72a630cccc4c8883,det-v1,1,accepted,1163,83,0.001,0.0003842980,true,false
call-000966,arm12b_cth_llm,dev/f5/s5100002/no_alert__twin,10,deepseek/deepseek-chat,sha256:eac889f201698df1164395ca8552f42bb6a2a7f2dc82c0fe72a630cccc4c8883,det-v1,1,accepted,1163,83,0.002,0.0003842980,true,false
call-000967,arm8_spec_immediate,cal/f5/s5100003/early_accurate,20,deepseek/deepseek-chat,sha256:dc88a2b9a9c342774a8f26322a7767d30571f76105a33b8650b118c9389618f2,det-v1,1,,1537,75,4440.412,0.0004721840,false,true
call-000968,arm8_spec_immediate,cal/f5/s5100003/early_accurate,20,deepseek/deepseek-chat,sha256:dc88a2b9a9c342774a8f26322a7767d30571f76105a33b8650b118c9389618f2,det-v1,1,accepted,1537,75,4440.412,0.0004721840,false,false
call-000969,arm10_spec_eprocess,cal/f5/s5100003/early_accurate,20,deepseek/deepseek-chat,sha256:dc88a2b9a9c342774a8f26322a7767d30571f76105a33b8650b118c9389618f2,det-v1,1,accepted,1537,75,0.002,0.0004721840,true,false
call-000970,arm12_cth,cal/f5/s5100003/early_accurate,20,deepseek/deepseek-chat,sha256:dc88a2b9a9c342774a8f26322a7767d30571f76105a33b8650b118c9389618f2,det-v1,1,accepted,1537,75,0.002,0.0004721840,true,false
call-000971,arm12b_cth_llm,cal/f5/s5100003/early_accurate,20,deepseek/deepseek-chat,sha256:dc88a2b9a9c342774a8f26322a7767d30571f76105a33b8650b118c9389618f2,det-v1,1,accepted,1537,75,0.002,0.0004721840,true,false
call-000972,arm8_spec_immediate,cal/f5/s5100003/late_accurate,23,deepseek/deepseek-chat,sha256:236fcca38f93e54e21e3cc1d593595c52fba75323eb4783423e8c756b0e2ee2d,det-v1,1,,1651,76,4517.389,0.0005025110,false,true
call-000973,arm8_spec_immediate,cal/f5/s5100003/late_accurate,23,deepseek/deepseek-chat,sha256:236fcca38f93e54e21e3cc1d593595c52fba75323eb4783423e8c756b0e2ee2d,det-v1,1,accepted,1651,76,4517.389,0.0005025110,false,false
call-000974,arm10_spec_eprocess,cal/f5/s5100003/late_accurate,23,deepseek/deepseek-chat,sha256:236fcca38f93e54e21e3cc1d593595c52fba75323eb4783423e8c756b0e2ee2d,det-v1,1,accepted,1651,76,0.002,0.0005025110,true,false
call-000975,arm12_cth,cal/f5/s5100003/late_accurate,23,deepseek/deepseek-chat,sha256:236fcca38f93e54e21e3cc1d593595c52fba75323eb4783423e8c756b0e2ee2d,det-v1,1,accepted,1651,76,0.002,0.0005025110,true,false
call-000976,arm12b_cth_llm,cal/f5/s5100003/late_accurate,23,deepseek/deepseek-chat,sha256:236fcca38f93e54e21e3cc1d593595c52fba75323eb4783423e8c756b0e2ee2d,det-v1,1,accepted,1651,76,0.002,0.0005025110,true,false
call-000977,arm8_spec_immediate,cal/f5/s5100003/unreliable,20,deepseek/deepseek-chat,sha256:39c54134f99c2933b14ca5320c91d9e76d4489887374a67eb3524a9c4982eb00,det-v1,1,,1544,87,2738.001,0.0004863310,false,true
call-000978,arm8_spec_immediate,cal/f5/s5100003/unreliable,20,deepseek/deepseek-chat,sha256:39c54134f99c2933b14ca5320c91d9e76d4489887374a67eb3524a9c4982eb00,det-v1,1,accepted,1544,87,2738.001,0.0004863310,false,false
call-000979,arm10_spec_eprocess,cal/f5/s5100003/unreliable,20,deepseek/deepseek-chat,sha256:39c54134f99c2933b14ca5320c91d9e76d4489887374a67eb3524a9c4982eb00,det-v1,1,accepted,1544,87,0.001,0.0004863310,true,false
call-000980,arm12_cth,cal/f5/s5100003/unreliable,20,deepseek/deepseek-chat,sha256:39c54134f99c2933b14ca5320c91d9e76d4489887374a67eb3524a9c4982eb00,det-v1,1,accepted,1544,87,0.001,0.0004863310,true,false
call-000981,arm12b_cth_llm,cal/f5/s5100003/unreliable,20,deepseek/deepseek-chat,sha256:39c54134f99c2933b14ca5320c91d9e76d4489887374a67eb3524a9c4982eb00,det-v1,1,accepted,1544,87,0.002,0.0004863310,true,false
call-000982,arm8_spec_immediate,dev/f5/s5100004/early_accurate,14,deepseek/deepseek-chat,sha256:3e544cc5ae0e7910cda894904b9011b639a80fd808c106fc4936edc4d8686024,det-v1,1,,1314,76,6685.848,0.0004159020,false,true
call-000983,arm8_spec_immediate,dev/f5/s5100004/early_accurate,14,deepseek/deepseek-chat,sha256:3e544cc5ae0e7910cda894904b9011b639a80fd808c106fc4936edc4d8686024,det-v1,1,accepted,1314,76,6685.848,0.0004159020,false,false
call-000984,arm10_spec_eprocess,dev/f5/s5100004/early_accurate,14,deepseek/deepseek-chat,sha256:3e544cc5ae0e7910cda894904b9011b639a80fd808c106fc4936edc4d8686024,det-v1,1,accepted,1314,76,0.002,0.0004159020,true,false
call-000985,arm12_cth,dev/f5/s5100004/early_accurate,14,deepseek/deepseek-chat,sha256:3e544cc5ae0e7910cda894904b9011b639a80fd808c106fc4936edc4d8686024,det-v1,1,accepted,1314,76,0.003,0.0004159020,true,false
call-000986,arm12b_cth_llm,dev/f5/s5100004/early_accurate,14,deepseek/deepseek-chat,sha256:3e544cc5ae0e7910cda894904b9011b639a80fd808c106fc4936edc4d8686024,det-v1,1,accepted,1314,76,0.002,0.0004159020,true,false
call-000987,arm8_spec_immediate,dev/f5/s5100004/late_accurate,17,deepseek/deepseek-chat,sha256:7afad259f733d8be1d26eec45c46c8cf671952f5cb90ce9dc782b4f6b1a40d2a,det-v1,1,,1429,100,3044.489,0.0004701530,false,true
call-000988,arm8_spec_immediate,dev/f5/s5100004/late_accurate,17,deepseek/deepseek-chat,sha256:7afad259f733d8be1d26eec45c46c8cf671952f5cb90ce9dc782b4f6b1a40d2a,det-v1,1,accepted,1429,100,3044.489,0.0004701530,false,false
call-000989,arm10_spec_eprocess,dev/f5/s5100004/late_accurate,17,deepseek/deepseek-chat,sha256:7afad259f733d8be1d26eec45c46c8cf671952f5cb90ce9dc782b4f6b1a40d2a,det-v1,1,accepted,1429,100,0.002,0.0004701530,true,false
call-000990,arm12_cth,dev/f5/s5100004/late_accurate,17,deepseek/deepseek-chat,sha256:7afad259f733d8be1d26eec45c46c8cf671952f5cb90ce9dc782b4f6b1a40d2a,det-v1,1,accepted,1429,100,0.002,0.0004701530,true,false
call-000991,arm12b_cth_llm,dev/f5/s5100004/late_accurate,17,deepseek/deepseek-chat,sha256:7afad259f733d8be1d26eec45c46c8cf671952f5cb90ce9dc782b4f6b1a40d2a,det-v1,1,accepted,1429,100,0.002,0.0004701530,true,false
call-000992,arm8_spec_immediate,dev/f5/s5100004/unreliable,14,deepseek/deepseek-chat,sha256:3ffba80f7ce8c0ad7dddcfa31f9dc73bfcdc67dbb02c976dad22fd21f3240d31,det-v1,1,,1314,74,5617.054,0.0004138440,false,true
call-000993,arm8_spec_immediate,dev/f5/s5100004/unreliable,14,deepseek/deepseek-chat,sha256:3ffba80f7ce8c0ad7dddcfa31f9dc73bfcdc67dbb02c976dad22fd21f3240d31,det-v1,1,accepted,1314,74,5617.054,0.0004138440,false,false
call-000994,arm10_spec_eprocess,dev/f5/s5100004/unreliable,14,deepseek/deepseek-chat,sha256:3ffba80f7ce8c0ad7dddcfa31f9dc73bfcdc67dbb02c976dad22fd21f3240d31,det-v1,1,accepted,1314,74,0.002,0.0004138440,true,false
call-000995,arm12_cth,dev/f5/s5100004/unreliable,14,deepseek/deepseek-chat,sha256:3ffba80f7ce8c0ad7dddcfa31f9dc73bfcdc67dbb02c976dad22fd21f3240d31,det-v1,1,accepted,1314,74,0.002,0.0004138440,true,false
call-000996,arm12b_cth_llm,dev/f5/s5100004/unreliable,14,deepseek/deepseek-chat,sha256:3ffba80f7ce8c0ad7dddcfa31f9dc73bfcdc67dbb02c976dad22fd21f3240d31,det-v1,1,accepted,1314,74,0.002,0.0004138440,true,false
call-000997,arm8_spec_immediate,cal/f5/s5100005/early_accurate,17,deepseek/deepseek-chat,sha256:8f5294fca32c30fe17975b9034ac66c90f237e3b74c9fd34dc61410418b9f7f4,det-v1,1,,1429,76,5668.351,0.0004454570,false,true
call-000998,arm8_spec_immediate,cal/f5/s5100005/early_accurate,17,deepseek/deepseek-chat,sha256:8f5294fca32c30fe17975b9034ac66c90f237e3b74c9fd34dc61410418b9f7f4,det-v1,1,accepted,1429,76,5668.351,0.0004454570,false,false
call-000999,arm10_spec_eprocess,cal/f5/s5100005/early_accurate,17,deepseek/deepseek-chat,sha256:8f5294fca32c30fe17975b9034ac66c90f237e3b74c9fd34dc61410418b9f7f4,det-v1,1,accepted,1429,76,0.002,0.0004454570,true,false
call-001000,arm12_cth,cal/f5/s5100005/early_accurate,17,deepseek/deepseek-chat,sha256:8f5294fca32c30fe17975b9034ac66c90f237e3b74c9fd34dc61410418b9f7f4,det-v1,1,accepted,1429,76,0.002,0.0004454570,true,false
call-001001,arm12b_cth_llm,cal/f5/s5100005/early_accurate,17,deepseek/deepseek-chat,sha256:8f5294fca32c30fe17975b9034ac66c90f237e3b74c9fd34dc61410418b9f7f4,det-v1,1,accepted,1429,76,0.002,0.0004454570,true,false
call-001002,arm8_spec_immediate,cal/f5/s5100005/late_accurate,20,deepseek/deepseek-chat,sha256:fa5f6ab8b420013196575fbcdc0e0cb61ac8842d065e0f9af0649834b2107c72,det-v1,1,,1543,77,5529.908,0.0004757840,false,true
call-001003,arm8_spec_immediate,cal/f5/s5100005/late_accurate,20,deepseek/deepseek-chat,sha256:fa5f6ab8b420013196575fbcdc0e0cb61ac8842d065e0f9af0649834b2107c72,det-v1,1,accepted,1543,77,5529.908,0.0004757840,false,false
call-001004,arm10_spec_eprocess,cal/f5/s5100005/late_accurate,20,deepseek/deepseek-chat,sha256:fa5f6ab8b420013196575fbcdc0e0cb61ac8842d065e0f9af0649834b2107c72,det-v1,1,accepted,1543,77,0.002,0.0004757840,true,false
call-001005,arm12_cth,cal/f5/s5100005/late_accurate,20,deepseek/deepseek-chat,sha256:fa5f6ab8b420013196575fbcdc0e0cb61ac8842d065e0f9af0649834b2107c72,det-v1,1,accepted,1543,77,0.002,0.0004757840,true,false
call-001006,arm12b_cth_llm,cal/f5/s5100005/late_accurate,20,deepseek/deepseek-chat,sha256:fa5f6ab8b420013196575fbcdc0e0cb61ac8842d065e0f9af0649834b2107c72,det-v1,1,accepted,1543,77,0.002,0.0004757840,true,false
call-001007,arm8_spec_immediate,cal/f5/s5100005/unreliable,17,deepseek/deepseek-chat,sha256:c6d357a8a8f48f830ca3babce0d48a6883735171626a678901a197bdffa84352,det-v1,1,,1435,63,3501.537,0.0004336220,false,true
call-001008,arm8_spec_immediate,cal/f5/s5100005/unreliable,17,deepseek/deepseek-chat,sha256:c6d357a8a8f48f830ca3babce0d48a6883735171626a678901a197bdffa84352,det-v1,1,accepted,1435,63,3501.537,0.0004336220,false,false
call-001009,arm10_spec_eprocess,cal/f5/s5100005/unreliable,17,deepseek/deepseek-chat,sha256:c6d357a8a8f48f830ca3babce0d48a6883735171626a678901a197bdffa84352,det-v1,1,accepted,1435,63,0.002,0.0004336220,true,false
call-001010,arm12_cth,cal/f5/s5100005/unreliable,17,deepseek/deepseek-chat,sha256:c6d357a8a8f48f830ca3babce0d48a6883735171626a678901a197bdffa84352,det-v1,1,accepted,1435,63,0.002,0.0004336220,true,false
call-001011,arm12b_cth_llm,cal/f5/s5100005/unreliable,17,deepseek/deepseek-chat,sha256:c6d357a8a8f48f830ca3babce0d48a6883735171626a678901a197bdffa84352,det-v1,1,accepted,1435,63,0.002,0.0004336220,true,false
call-001012,arm8_spec_immediate,cal/f5/s5100005/no_alert__twin,10,deepseek/deepseek-chat,sha256:087cd6d42877db1db921be5f8d43b8178021945984a06dd4d27cd76e0e5d2d84,det-v1,1,,1166,83,6530.640,0.0003850690,false,true
call-001013,arm8_spec_immediate,cal/f5/s5100005/no_alert__twin,10,deepseek/deepseek-chat,sha256:087cd6d42877db1db921be5f8d43b8178021945984a06dd4d27cd76e0e5d2d84,det-v1,1,accepted,1166,83,6530.640,0.0003850690,false,false
call-001014,arm10_spec_eprocess,cal/f5/s5100005/no_alert__twin,10,deepseek/deepseek-chat,sha256:087cd6d42877db1db921be5f8d43b8178021945984a06dd4d27cd76e0e5d2d84,det-v1,1,accepted,1166,83,0.002,0.0003850690,true,false
call-001015,arm12_cth,cal/f5/s5100005/no_alert__twin,10,deepseek/deepseek-chat,sha256:087cd6d42877db1db921be5f8d43b8178021945984a06dd4d27cd76e0e5d2d84,det-v1,1,accepted,1166,83,0.002,0.0003850690,true,false
call-001016,arm12b_cth_llm,cal/f5/s5100005/no_alert__twin,10,deepseek/deepseek-chat,sha256:087cd6d42877db1db921be5f8d43b8178021945984a06dd4d27cd76e0e5d2d84,det-v1,1,accepted,1166,83,0.002,0.0003850690,true,false
call-001017,arm8_spec_immediate,dev/f5/s5100006/no_alert,38,deepseek/deepseek-chat,sha256:23221501887c848abe6804d4da540f4488ae4dbf9e010610cf87ba172b028290,det-v1,1,,2188,83,7576.271,0.0006477230,false,true
call-001018,arm8_spec_immediate,dev/f5/s5100006/no_alert,38,deepseek/deepseek-chat,sha256:23221501887c848abe6804d4da540f4488ae4dbf9e010610cf87ba172b028290,det-v1,1,accepted,2188,83,7576.271,0.0006477230,false,false
call-001019,arm10_spec_eprocess,dev/f5/s5100006/no_alert,38,deepseek/deepseek-chat,sha256:23221501887c848abe6804d4da540f4488ae4dbf9e010610cf87ba172b028290,det-v1,1,accepted,2188,83,0.003,0.0006477230,true,false
call-001020,arm12_cth,dev/f5/s5100006/no_alert,38,deepseek/deepseek-chat,sha256:23221501887c848abe6804d4da540f4488ae4dbf9e010610cf87ba172b028290,det-v1,1,accepted,2188,83,0.002,0.0006477230,true,false
call-001021,arm12b_cth_llm,dev/f5/s5100006/no_alert,38,deepseek/deepseek-chat,sha256:23221501887c848abe6804d4da540f4488ae4dbf9e010610cf87ba172b028290,det-v1,1,accepted,2188,83,0.002,0.0006477230,true,false
call-001022,arm8_spec_immediate,dev/f5/s5100006/early_accurate,13,deepseek/deepseek-chat,sha256:db1a8f03a05650c0335b8888fe6c7a462250914f593d27042b3e678e6837464e,det-v1,1,,1275,76,5581.046,0.0004058790,false,true
call-001023,arm8_spec_immediate,dev/f5/s5100006/early_accurate,13,deepseek/deepseek-chat,sha256:db1a8f03a05650c0335b8888fe6c7a462250914f593d27042b3e678e6837464e,det-v1,1,accepted,1275,76,5581.046,0.0004058790,false,false
call-001024,arm8_spec_immediate,dev/f5/s5100006/early_accurate,38,deepseek/deepseek-chat,sha256:07f13a308dce813fc2f4626c9a23753b33b84b54310500e5a1d9ca3efcfe6e51,det-v1,1,,2225,89,5672.401,0.0006634060,false,true
call-001025,arm8_spec_immediate,dev/f5/s5100006/early_accurate,38,deepseek/deepseek-chat,sha256:07f13a308dce813fc2f4626c9a23753b33b84b54310500e5a1d9ca3efcfe6e51,det-v1,1,accepted,2225,89,5672.401,0.0006634060,false,false
call-001026,arm10_spec_eprocess,dev/f5/s5100006/early_accurate,13,deepseek/deepseek-chat,sha256:db1a8f03a05650c0335b8888fe6c7a462250914f593d27042b3e678e6837464e,det-v1,1,accepted,1275,76,0.003,0.0004058790,true,false
call-001027,arm10_spec_eprocess,dev/f5/s5100006/early_accurate,38,deepseek/deepseek-chat,sha256:417bc6a447b6fe4eac6e5e49dc388edbaa0a22ed643520711bc44ff30e7591d9,det-v1,1,,2225,85,5725.416,0.0006592900,false,true
call-001028,arm10_spec_eprocess,dev/f5/s5100006/early_accurate,38,deepseek/deepseek-chat,sha256:417bc6a447b6fe4eac6e5e49dc388edbaa0a22ed643520711bc44ff30e7591d9,det-v1,1,accepted,2225,85,5725.416,0.0006592900,false,false
call-001029,arm12_cth,dev/f5/s5100006/early_accurate,13,deepseek/deepseek-chat,sha256:db1a8f03a05650c0335b8888fe6c7a462250914f593d27042b3e678e6837464e,det-v1,1,accepted,1275,76,0.002,0.0004058790,true,false
call-001030,arm12_cth,dev/f5/s5100006/early_accurate,38,deepseek/deepseek-chat,sha256:b3802f3ffc1ff8a4fde84811c6ae2e9a78d8c81dea048074d736feda1470d5b8,det-v1,1,,2226,113,3378.717,0.0006883590,false,true
call-001031,arm12_cth,dev/f5/s5100006/early_accurate,38,deepseek/deepseek-chat,sha256:b3802f3ffc1ff8a4fde84811c6ae2e9a78d8c81dea048074d736feda1470d5b8,det-v1,1,accepted,2226,113,3378.717,0.0006883590,false,false
call-001032,arm12b_cth_llm,dev/f5/s5100006/early_accurate,13,deepseek/deepseek-chat,sha256:db1a8f03a05650c0335b8888fe6c7a462250914f593d27042b3e678e6837464e,det-v1,1,accepted,1275,76,0.004,0.0004058790,true,false
call-001033,arm12b_cth_llm,dev/f5/s5100006/early_accurate,38,deepseek/deepseek-chat,sha256:417bc6a447b6fe4eac6e5e49dc388edbaa0a22ed643520711bc44ff30e7591d9,det-v1,1,accepted,2225,85,0.002,0.0006592900,true,false
call-001034,arm8_spec_immediate,dev/f5/s5100006/late_accurate,16,deepseek/deepseek-chat,sha256:16cec37d6e66bf9fb648f51fca4fe4bf5d6b7f6a85abf488c87cf621ffcb5b7c,det-v1,1,,1389,76,7178.816,0.0004351770,false,true
call-001035,arm8_spec_immediate,dev/f5/s5100006/late_accurate,16,deepseek/deepseek-chat,sha256:16cec37d6e66bf9fb648f51fca4fe4bf5d6b7f6a85abf488c87cf621ffcb5b7c,det-v1,1,accepted,1389,76,7178.816,0.0004351770,false,false
call-001036,arm8_spec_immediate,dev/f5/s5100006/late_accurate,38,deepseek/deepseek-chat,sha256:7d672064713f2357e3a56b1ccb1f5ac31817c2dca985e10548825865ab751329,det-v1,1,,2225,123,8390.427,0.0006983920,false,true
call-001037,arm8_spec_immediate,dev/f5/s5100006/late_accurate,38,deepseek/deepseek-chat,sha256:7d672064713f2357e3a56b1ccb1f5ac31817c2dca985e10548825865ab751329,det-v1,1,accepted,2225,123,8390.427,0.0006983920,false,false
call-001038,arm10_spec_eprocess,dev/f5/s5100006/late_accurate,16,deepseek/deepseek-chat,sha256:16cec37d6e66bf9fb648f51fca4fe4bf5d6b7f6a85abf488c87cf621ffcb5b7c,det-v1,1,accepted,1389,76,0.003,0.0004351770,true,false
call-001039,arm10_spec_eprocess,dev/f5/s5100006/late_accurate,38,deepseek/deepseek-chat,sha256:30ac02470dff05a7c0e6787dadde3cdb0b598265b4ae4e5bba341cad21348409,det-v1,1,,2225,114,6994.711,0.0006891310,false,true
call-001040,arm10_spec_eprocess,dev/f5/s5100006/late_accurate,38,deepseek/deepseek-chat,sha256:30ac02470dff05a7c0e6787dadde3cdb0b598265b4ae4e5bba341cad21348409,det-v1,1,accepted,2225,114,6994.711,0.0006891310,false,false
call-001041,arm12_cth,dev/f5/s5100006/late_accurate,16,deepseek/deepseek-chat,sha256:16cec37d6e66bf9fb648f51fca4fe4bf5d6b7f6a85abf488c87cf621ffcb5b7c,det-v1,1,accepted,1389,76,0.002,0.0004351770,true,false
call-001042,arm12_cth,dev/f5/s5100006/late_accurate,38,deepseek/deepseek-chat,sha256:fccda5493f58041031beec4178f58f71cca9d6370fd48885457b8df3d1a39fbd,det-v1,1,,2225,123,8162.121,0.0006983920,false,true
call-001043,arm12_cth,dev/f5/s5100006/late_accurate,38,deepseek/deepseek-chat,sha256:fccda5493f58041031beec4178f58f71cca9d6370fd48885457b8df3d1a39fbd,det-v1,1,accepted,2225,123,8162.121,0.0006983920,false,false
call-001044,arm12b_cth_llm,dev/f5/s5100006/late_accurate,16,deepseek/deepseek-chat,sha256:16cec37d6e66bf9fb648f51fca4fe4bf5d6b7f6a85abf488c87cf621ffcb5b7c,det-v1,1,accepted,1389,76,0.002,0.0004351770,true,false
call-001045,arm12b_cth_llm,dev/f5/s5100006/late_accurate,38,deepseek/deepseek-chat,sha256:30ac02470dff05a7c0e6787dadde3cdb0b598265b4ae4e5bba341cad21348409,det-v1,1,accepted,2225,114,0.001,0.0006891310,true,false
call-001046,arm8_spec_immediate,dev/f5/s5100006/unreliable,13,deepseek/deepseek-chat,sha256:5c15d6105efd07566af0dc49c49b10eac0c262f1e1e8b8e333f7f16c160f26a5,det-v1,1,,1264,88,1812.779,0.0004154000,false,true
call-001047,arm8_spec_immediate,dev/f5/s5100006/unreliable,13,deepseek/deepseek-chat,sha256:5c15d6105efd07566af0dc49c49b10eac0c262f1e1e8b8e333f7f16c160f26a5,det-v1,1,accepted,1264,88,1812.779,0.0004154000,false,false
call-001048,arm8_spec_immediate,dev/f5/s5100006/unreliable,38,deepseek/deepseek-chat,sha256:1e68bb146555f1527a794583437e4b018eefe0c7de62fa65a6418513e86bf4c9,det-v1,1,,2213,87,6033.144,0.0006582640,false,true
call-001049,arm8_spec_immediate,dev/f5/s5100006/unreliable,38,deepseek/deepseek-chat,sha256:1e68bb146555f1527a794583437e4b018eefe0c7de62fa65a6418513e86bf4c9,det-v1,1,accepted,2213,87,6033.144,0.0006582640,false,false
call-001050,arm10_spec_eprocess,dev/f5/s5100006/unreliable,13,deepseek/deepseek-chat,sha256:5c15d6105efd07566af0dc49c49b10eac0c262f1e1e8b8e333f7f16c160f26a5,det-v1,1,accepted,1264,88,0.004,0.0004154000,true,false
call-001051,arm10_spec_eprocess,dev/f5/s5100006/unreliable,38,deepseek/deepseek-chat,sha256:1e68bb146555f1527a794583437e4b018eefe0c7de62fa65a6418513e86bf4c9,det-v1,1,accepted,2213,87,0.003,0.0006582640,true,false
call-001052,arm12_cth,dev/f5/s5100006/unreliable,13,deepseek/deepseek-chat,sha256:5c15d6105efd07566af0dc49c49b10eac0c262f1e1e8b8e333f7f16c160f26a5,det-v1,1,accepted,1264,88,0.004,0.0004154000,true,false
call-001053,arm12_cth,dev/f5/s5100006/unreliable,38,deepseek/deepseek-chat,sha256:3e901a10e94dc0f23f4ee01ee455049830b0f05552a363bb4395b2c11fc30343,det-v1,1,,2213,63,4705.094,0.0006335680,false,true
call-001054,arm12_cth,dev/f5/s5100006/unreliable,38,deepseek/deepseek-chat,sha256:3e901a10e94dc0f23f4ee01ee455049830b0f05552a363bb4395b2c11fc30343,det-v1,1,accepted,2213,63,4705.094,0.0006335680,false,false
call-001055,arm12b_cth_llm,dev/f5/s5100006/unreliable,13,deepseek/deepseek-chat,sha256:5c15d6105efd07566af0dc49c49b10eac0c262f1e1e8b8e333f7f16c160f26a5,det-v1,1,accepted,1264,88,0.004,0.0004154000,true,false
call-001056,arm12b_cth_llm,dev/f5/s5100006/unreliable,38,deepseek/deepseek-chat,sha256:1e68bb146555f1527a794583437e4b018eefe0c7de62fa65a6418513e86bf4c9,det-v1,1,accepted,2213,87,0.002,0.0006582640,true,false
call-001057,arm8_spec_immediate,dev/f5/s5100006/no_alert__twin,10,deepseek/deepseek-chat,sha256:dfeb0d64126140cb1c40afdc860a293176fc670f207822c482d16d4643b95587,det-v1,1,,1162,98,5248.679,0.0003994760,false,true
call-001058,arm8_spec_immediate,dev/f5/s5100006/no_alert__twin,10,deepseek/deepseek-chat,sha256:dfeb0d64126140cb1c40afdc860a293176fc670f207822c482d16d4643b95587,det-v1,1,accepted,1162,98,5248.679,0.0003994760,false,false
call-001059,arm8_spec_immediate,dev/f5/s5100006/no_alert__twin,38,deepseek/deepseek-chat,sha256:b8f4cf8da60d2b87f1b3dad50e18af1e4696dd5584b15695dacadee80e862a77,det-v1,1,,2226,63,5337.275,0.0006369090,false,true
call-001060,arm8_spec_immediate,dev/f5/s5100006/no_alert__twin,38,deepseek/deepseek-chat,sha256:b8f4cf8da60d2b87f1b3dad50e18af1e4696dd5584b15695dacadee80e862a77,det-v1,1,accepted,2226,63,5337.275,0.0006369090,false,false
call-001061,arm10_spec_eprocess,dev/f5/s5100006/no_alert__twin,10,deepseek/deepseek-chat,sha256:dfeb0d64126140cb1c40afdc860a293176fc670f207822c482d16d4643b95587,det-v1,1,accepted,1162,98,0.004,0.0003994760,true,false
call-001062,arm10_spec_eprocess,dev/f5/s5100006/no_alert__twin,38,deepseek/deepseek-chat,sha256:e208e5d9b3ee53df594295543a1a0f9766e339284aa32fe662fbe40d5e4f2b54,det-v1,1,,2226,63,3058.083,0.0006369090,false,true
call-001063,arm10_spec_eprocess,dev/f5/s5100006/no_alert__twin,38,deepseek/deepseek-chat,sha256:e208e5d9b3ee53df594295543a1a0f9766e339284aa32fe662fbe40d5e4f2b54,det-v1,1,accepted,2226,63,3058.083,0.0006369090,false,false
call-001064,arm12_cth,dev/f5/s5100006/no_alert__twin,10,deepseek/deepseek-chat,sha256:dfeb0d64126140cb1c40afdc860a293176fc670f207822c482d16d4643b95587,det-v1,1,accepted,1162,98,0.003,0.0003994760,true,false
call-001065,arm12_cth,dev/f5/s5100006/no_alert__twin,38,deepseek/deepseek-chat,sha256:4bf377a8c698c1de1e76121e69f7a8dabdfbffaa6014c9388e3f1a83a9154a7d,det-v1,1,,2226,87,6032.659,0.0006616050,false,true
call-001066,arm12_cth,dev/f5/s5100006/no_alert__twin,38,deepseek/deepseek-chat,sha256:4bf377a8c698c1de1e76121e69f7a8dabdfbffaa6014c9388e3f1a83a9154a7d,det-v1,1,accepted,2226,87,6032.659,0.0006616050,false,false
call-001067,arm12b_cth_llm,dev/f5/s5100006/no_alert__twin,10,deepseek/deepseek-chat,sha256:dfeb0d64126140cb1c40afdc860a293176fc670f207822c482d16d4643b95587,det-v1,1,accepted,1162,98,0.005,0.0003994760,true,false
call-001068,arm12b_cth_llm,dev/f5/s5100006/no_alert__twin,38,deepseek/deepseek-chat,sha256:e706662776f6e1403ac5af8fe5eb0b918776bf2b8a875d7c8698a71154c18bd8,det-v1,1,,2226,83,4871.487,0.0006574890,false,true
call-001069,arm12b_cth_llm,dev/f5/s5100006/no_alert__twin,38,deepseek/deepseek-chat,sha256:e706662776f6e1403ac5af8fe5eb0b918776bf2b8a875d7c8698a71154c18bd8,det-v1,1,accepted,2226,83,4871.487,0.0006574890,false,false
call-001070,arm8_spec_immediate,cal/f5/s5100007/early_accurate,20,deepseek/deepseek-chat,sha256:f5889f828c901683ad75762a72ab25342ede728f5f836f20809e86793969abbe,det-v1,1,,1545,103,2358.831,0.0005030520,false,true
call-001071,arm8_spec_immediate,cal/f5/s5100007/early_accurate,20,deepseek/deepseek-chat,sha256:f5889f828c901683ad75762a72ab25342ede728f5f836f20809e86793969abbe,det-v1,1,accepted,1545,103,2358.831,0.0005030520,false,false
call-001072,arm10_spec_eprocess,cal/f5/s5100007/early_accurate,20,deepseek/deepseek-chat,sha256:f5889f828c901683ad75762a72ab25342ede728f5f836f20809e86793969abbe,det-v1,1,accepted,1545,103,0.002,0.0005030520,true,false
call-001073,arm12_cth,cal/f5/s5100007/early_accurate,20,deepseek/deepseek-chat,sha256:f5889f828c901683ad75762a72ab25342ede728f5f836f20809e86793969abbe,det-v1,1,accepted,1545,103,0.002,0.0005030520,true,false
call-001074,arm12b_cth_llm,cal/f5/s5100007/early_accurate,20,deepseek/deepseek-chat,sha256:f5889f828c901683ad75762a72ab25342ede728f5f836f20809e86793969abbe,det-v1,1,accepted,1545,103,0.002,0.0005030520,true,false
call-001075,arm8_spec_immediate,cal/f5/s5100007/late_accurate,23,deepseek/deepseek-chat,sha256:f4afc0da79f98724246861e9c3f397c480e14b8b1ca767804b77c16db2479cf2,det-v1,1,,1659,102,2872.799,0.0005313210,false,true
call-001076,arm8_spec_immediate,cal/f5/s5100007/late_accurate,23,deepseek/deepseek-chat,sha256:f4afc0da79f98724246861e9c3f397c480e14b8b1ca767804b77c16db2479cf2,det-v1,1,accepted,1659,102,2872.799,0.0005313210,false,false
call-001077,arm10_spec_eprocess,cal/f5/s5100007/late_accurate,23,deepseek/deepseek-chat,sha256:f4afc0da79f98724246861e9c3f397c480e14b8b1ca767804b77c16db2479cf2,det-v1,1,accepted,1659,102,0.004,0.0005313210,true,false
call-001078,arm12_cth,cal/f5/s5100007/late_accurate,23,deepseek/deepseek-chat,sha256:f4afc0da79f98724246861e9c3f397c480e14b8b1ca767804b77c16db2479cf2,det-v1,1,accepted,1659,102,0.003,0.0005313210,true,false
call-001079,arm12b_cth_llm,cal/f5/s5100007/late_accurate,23,deepseek/deepseek-chat,sha256:f4afc0da79f98724246861e9c3f397c480e14b8b1ca767804b77c16db2479cf2,det-v1,1,accepted,1659,102,0.003,0.0005313210,true,false
call-001080,arm8_spec_immediate,cal/f5/s5100007/unreliable,20,deepseek/deepseek-chat,sha256:cccca3f7e4e4e2d441a84185446b87eb94c2b2da0b072e8c235c7a531cd65ce7,det-v1,1,,1553,100,4309.103,0.0005020210,false,true
call-001081,arm8_spec_immediate,cal/f5/s5100007/unreliable,20,deepseek/deepseek-chat,sha256:cccca3f7e4e4e2d441a84185446b87eb94c2b2da0b072e8c235c7a531cd65ce7,det-v1,1,accepted,1553,100,4309.103,0.0005020210,false,false
call-001082,arm10_spec_eprocess,cal/f5/s5100007/unreliable,20,deepseek/deepseek-chat,sha256:cccca3f7e4e4e2d441a84185446b87eb94c2b2da0b072e8c235c7a531cd65ce7,det-v1,1,accepted,1553,100,0.002,0.0005020210,true,false
call-001083,arm12_cth,cal/f5/s5100007/unreliable,20,deepseek/deepseek-chat,sha256:cccca3f7e4e4e2d441a84185446b87eb94c2b2da0b072e8c235c7a531cd65ce7,det-v1,1,accepted,1553,100,0.003,0.0005020210,true,false
call-001084,arm12b_cth_llm,cal/f5/s5100007/unreliable,20,deepseek/deepseek-chat,sha256:cccca3f7e4e4e2d441a84185446b87eb94c2b2da0b072e8c235c7a531cd65ce7,det-v1,1,accepted,1553,100,0.002,0.0005020210,true,false
call-001085,arm8_spec_immediate,dev/f6/s6100000/no_alert,23,deepseek/deepseek-chat,sha256:a48f38047f7b4f2661cd7c0b5175ad790cb110b34278caaab0701a597a095854,det-v1,1,,1618,59,4029.114,0.0004765370,false,true
call-001086,arm8_spec_immediate,dev/f6/s6100000/no_alert,23,deepseek/deepseek-chat,sha256:a48f38047f7b4f2661cd7c0b5175ad790cb110b34278caaab0701a597a095854,det-v1,1,accepted,1618,59,4029.114,0.0004765370,false,false
call-001087,arm10_spec_eprocess,dev/f6/s6100000/no_alert,23,deepseek/deepseek-chat,sha256:a48f38047f7b4f2661cd7c0b5175ad790cb110b34278caaab0701a597a095854,det-v1,1,accepted,1618,59,0.004,0.0004765370,true,false
call-001088,arm12_cth,dev/f6/s6100000/no_alert,23,deepseek/deepseek-chat,sha256:a48f38047f7b4f2661cd7c0b5175ad790cb110b34278caaab0701a597a095854,det-v1,1,accepted,1618,59,0.002,0.0004765370,true,false
call-001089,arm12b_cth_llm,dev/f6/s6100000/no_alert,23,deepseek/deepseek-chat,sha256:a48f38047f7b4f2661cd7c0b5175ad790cb110b34278caaab0701a597a095854,det-v1,1,accepted,1618,59,0.004,0.0004765370,true,false
call-001090,arm8_spec_immediate,dev/f6/s6100000/early_accurate,16,deepseek/deepseek-chat,sha256:0a18dd79dc94923486460e9f0fb7b060b8d5d5beca71a1b4db25a5a2f8e83ed5,det-v1,1,,1391,73,8390.210,0.0004326040,false,true
call-001091,arm8_spec_immediate,dev/f6/s6100000/early_accurate,16,deepseek/deepseek-chat,sha256:0a18dd79dc94923486460e9f0fb7b060b8d5d5beca71a1b4db25a5a2f8e83ed5,det-v1,1,accepted,1391,73,8390.210,0.0004326040,false,false
call-001092,arm8_spec_immediate,dev/f6/s6100000/early_accurate,23,deepseek/deepseek-chat,sha256:6ee99f6be042a52379746fa06295cfe4af44d117888c6268dc1474e69b9859e8,det-v1,1,,1657,100,8519.340,0.0005287490,false,true
call-001093,arm8_spec_immediate,dev/f6/s6100000/early_accurate,23,deepseek/deepseek-chat,sha256:6ee99f6be042a52379746fa06295cfe4af44d117888c6268dc1474e69b9859e8,det-v1,1,accepted,1657,100,8519.340,0.0005287490,false,false
call-001094,arm10_spec_eprocess,dev/f6/s6100000/early_accurate,16,deepseek/deepseek-chat,sha256:0a18dd79dc94923486460e9f0fb7b060b8d5d5beca71a1b4db25a5a2f8e83ed5,det-v1,1,accepted,1391,73,0.003,0.0004326040,true,false
call-001095,arm10_spec_eprocess,dev/f6/s6100000/early_accurate,23,deepseek/deepseek-chat,sha256:f70b8d053df652cd96c642895b17fe51ebd6ba1ac56362cd73bab0837f78fab2,det-v1,1,,1657,131,8826.914,0.0005606480,false,true
call-001096,arm10_spec_eprocess,dev/f6/s6100000/early_accurate,23,deepseek/deepseek-chat,sha256:f70b8d053df652cd96c642895b17fe51ebd6ba1ac56362cd73bab0837f78fab2,det-v1,1,accepted,1657,131,8826.914,0.0005606480,false,false
call-001097,arm12_cth,dev/f6/s6100000/early_accurate,16,deepseek/deepseek-chat,sha256:0a18dd79dc94923486460e9f0fb7b060b8d5d5beca71a1b4db25a5a2f8e83ed5,det-v1,1,accepted,1391,73,0.005,0.0004326040,true,false
call-001098,arm12_cth,dev/f6/s6100000/early_accurate,23,deepseek/deepseek-chat,sha256:4a33fd5662f021fcfcc53d31db823c48d06255babeb6c1c69d9a7bff55afa954,det-v1,1,,1657,120,8083.069,0.0005493290,false,true
call-001099,arm12_cth,dev/f6/s6100000/early_accurate,23,deepseek/deepseek-chat,sha256:4a33fd5662f021fcfcc53d31db823c48d06255babeb6c1c69d9a7bff55afa954,det-v1,1,accepted,1657,120,8083.069,0.0005493290,false,false
call-001100,arm12b_cth_llm,dev/f6/s6100000/early_accurate,16,deepseek/deepseek-chat,sha256:0a18dd79dc94923486460e9f0fb7b060b8d5d5beca71a1b4db25a5a2f8e83ed5,det-v1,1,accepted,1391,73,0.003,0.0004326040,true,false
call-001101,arm12b_cth_llm,dev/f6/s6100000/early_accurate,23,deepseek/deepseek-chat,sha256:8608bd2bb113e62049d27ece84f6f63408ba5220637119c2a45ddedc5d7fad3c,det-v1,1,,1657,101,8417.165,0.0005297780,false,true
call-001102,arm12b_cth_llm,dev/f6/s6100000/early_accurate,23,deepseek/deepseek-chat,sha256:8608bd2bb113e62049d27ece84f6f63408ba5220637119c2a45ddedc5d7fad3c,det-v1,1,accepted,1657,101,8417.165,0.0005297780,false,false
call-001103,arm8_spec_immediate,dev/f6/s6100000/late_accurate,19,deepseek/deepseek-chat,sha256:0debed417453a1f15c9bd6d94dc9a91df030650ce02a0f8b47b12f5308ec9969,det-v1,1,,1505,100,5695.753,0.0004896850,false,true
call-001104,arm8_spec_immediate,dev/f6/s6100000/late_accurate,19,deepseek/deepseek-chat,sha256:0debed417453a1f15c9bd6d94dc9a91df030650ce02a0f8b47b12f5308ec9969,det-v1,1,accepted,1505,100,5695.753,0.0004896850,false,false
call-001105,arm10_spec_eprocess,dev/f6/s6100000/late_accurate,19,deepseek/deepseek-chat,sha256:0debed417453a1f15c9bd6d94dc9a91df030650ce02a0f8b47b12f5308ec9969,det-v1,1,accepted,1505,100,0.004,0.0004896850,true,false
call-001106,arm12_cth,dev/f6/s6100000/late_accurate,19,deepseek/deepseek-chat,sha256:0debed417453a1f15c9bd6d94dc9a91df030650ce02a0f8b47b12f5308ec9969,det-v1,1,accepted,1505,100,0.003,0.0004896850,true,false
call-001107,arm12b_cth_llm,dev/f6/s6100000/late_accurate,19,deepseek/deepseek-chat,sha256:0debed417453a1f15c9bd6d94dc9a91df030650ce02a0f8b47b12f5308ec9969,det-v1,1,accepted,1505,100,0.003,0.0004896850,true,false
call-001108,arm8_spec_immediate,dev/f6/s6100000/unreliable,16,deepseek/deepseek-chat,sha256:d6c2f019b5824dd96adee12662c2f44e74cf3ef8e3a576d261aae47d2f4a4657,det-v1,1,,1376,63,4070.999,0.0004184590,false,true
call-001109,arm8_spec_immediate,dev/f6/s6100000/unreliable,16,deepseek/deepseek-chat,sha256:d6c2f019b5824dd96adee12662c2f44e74cf3ef8e3a576d261aae47d2f4a4657,det-v1,1,accepted,1376,63,4070.999,0.0004184590,false,false
call-001110,arm8_spec_immediate,dev/f6/s6100000/unreliable,23,deepseek/deepseek-chat,sha256:a9f9a7aa7118cc915f0ff6beeefaddc06a61aa692572e4422102ca3846102546,det-v1,1,,1642,63,5587.563,0.0004868210,false,true
call-001111,arm8_spec_immediate,dev/f6/s6100000/unreliable,23,deepseek/deepseek-chat,sha256:a9f9a7aa7118cc915f0ff6beeefaddc06a61aa692572e4422102ca3846102546,det-v1,1,accepted,1642,63,5587.563,0.0004868210,false,false
call-001112,arm10_spec_eprocess,dev/f6/s6100000/unreliable,16,deepseek/deepseek-chat,sha256:d6c2f019b5824dd96adee12662c2f44e74cf3ef8e3a576d261aae47d2f4a4657,det-v1,1,accepted,1376,63,0.003,0.0004184590,true,false
call-001113,arm10_spec_eprocess,dev/f6/s6100000/unreliable,23,deepseek/deepseek-chat,sha256:a9f9a7aa7118cc915f0ff6beeefaddc06a61aa692572e4422102ca3846102546,det-v1,1,accepted,1642,63,0.004,0.0004868210,true,false
call-001114,arm12_cth,dev/f6/s6100000/unreliable,16,deepseek/deepseek-chat,sha256:d6c2f019b5824dd96adee12662c2f44e74cf3ef8e3a576d261aae47d2f4a4657,det-v1,1,accepted,1376,63,0.002,0.0004184590,true,false
call-001115,arm12_cth,dev/f6/s6100000/unreliable,23,deepseek/deepseek-chat,sha256:b94cce7bd72db5d17e3963624bb5434b20cec3455b0a6483b5b79b8c6f81c243,det-v1,1,,1642,63,5324.532,0.0004868210,false,true
call-001116,arm12_cth,dev/f6/s6100000/unreliable,23,deepseek/deepseek-chat,sha256:b94cce7bd72db5d17e3963624bb5434b20cec3455b0a6483b5b79b8c6f81c243,det-v1,1,accepted,1642,63,5324.532,0.0004868210,false,false
call-001117,arm12b_cth_llm,dev/f6/s6100000/unreliable,16,deepseek/deepseek-chat,sha256:d6c2f019b5824dd96adee12662c2f44e74cf3ef8e3a576d261aae47d2f4a4657,det-v1,1,accepted,1376,63,0.002,0.0004184590,true,false
call-001118,arm12b_cth_llm,dev/f6/s6100000/unreliable,23,deepseek/deepseek-chat,sha256:a9f9a7aa7118cc915f0ff6beeefaddc06a61aa692572e4422102ca3846102546,det-v1,1,accepted,1642,63,0.001,0.0004868210,true,false
call-001119,arm8_spec_immediate,cal/f6/s6100001/early_accurate,14,deepseek/deepseek-chat,sha256:4de899e0a94e39dd5d60c9d13a9225bdd67adaf686cf568ffbdbf61bbc5035fd,det-v1,1,,1316,72,5605.490,0.0004123000,false,true
call-001120,arm8_spec_immediate,cal/f6/s6100001/early_accurate,14,deepseek/deepseek-chat,sha256:4de899e0a94e39dd5d60c9d13a9225bdd67adaf686cf568ffbdbf61bbc5035fd,det-v1,1,accepted,1316,72,5605.490,0.0004123000,false,false
call-001121,arm10_spec_eprocess,cal/f6/s6100001/early_accurate,14,deepseek/deepseek-chat,sha256:4de899e0a94e39dd5d60c9d13a9225bdd67adaf686cf568ffbdbf61bbc5035fd,det-v1,1,accepted,1316,72,0.002,0.0004123000,true,false
call-001122,arm12_cth,cal/f6/s6100001/early_accurate,14,deepseek/deepseek-chat,sha256:4de899e0a94e39dd5d60c9d13a9225bdd67adaf686cf568ffbdbf61bbc5035fd,det-v1,1,accepted,1316,72,0.002,0.0004123000,true,false
call-001123,arm12b_cth_llm,cal/f6/s6100001/early_accurate,14,deepseek/deepseek-chat,sha256:4de899e0a94e39dd5d60c9d13a9225bdd67adaf686cf568ffbdbf61bbc5035fd,det-v1,1,accepted,1316,72,0.002,0.0004123000,true,false
call-001124,arm8_spec_immediate,cal/f6/s6100001/late_accurate,17,deepseek/deepseek-chat,sha256:f34d62118fa11c69c57e6f9676b12c3a2c84a70c52df63e067ed0a6ae511126b,det-v1,1,,1430,71,5297.737,0.0004405690,false,true
call-001125,arm8_spec_immediate,cal/f6/s6100001/late_accurate,17,deepseek/deepseek-chat,sha256:f34d62118fa11c69c57e6f9676b12c3a2c84a70c52df63e067ed0a6ae511126b,det-v1,1,accepted,1430,71,5297.737,0.0004405690,false,false
call-001126,arm10_spec_eprocess,cal/f6/s6100001/late_accurate,17,deepseek/deepseek-chat,sha256:f34d62118fa11c69c57e6f9676b12c3a2c84a70c52df63e067ed0a6ae511126b,det-v1,1,accepted,1430,71,0.002,0.0004405690,true,false
call-001127,arm12_cth,cal/f6/s6100001/late_accurate,17,deepseek/deepseek-chat,sha256:f34d62118fa11c69c57e6f9676b12c3a2c84a70c52df63e067ed0a6ae511126b,det-v1,1,accepted,1430,71,0.001,0.0004405690,true,false
call-001128,arm12b_cth_llm,cal/f6/s6100001/late_accurate,17,deepseek/deepseek-chat,sha256:f34d62118fa11c69c57e6f9676b12c3a2c84a70c52df63e067ed0a6ae511126b,det-v1,1,accepted,1430,71,0.002,0.0004405690,true,false
call-001129,arm8_spec_immediate,cal/f6/s6100001/unreliable,14,deepseek/deepseek-chat,sha256:211cf7296743d369d979aabae32222ac5b3d978bd41aa222a2fee1b18cce5c46,det-v1,1,,1313,68,3571.326,0.0004074130,false,true
call-001130,arm8_spec_immediate,cal/f6/s6100001/unreliable,14,deepseek/deepseek-chat,sha256:211cf7296743d369d979aabae32222ac5b3d978bd41aa222a2fee1b18cce5c46,det-v1,1,accepted,1313,68,3571.326,0.0004074130,false,false
call-001131,arm10_spec_eprocess,cal/f6/s6100001/unreliable,14,deepseek/deepseek-chat,sha256:211cf7296743d369d979aabae32222ac5b3d978bd41aa222a2fee1b18cce5c46,det-v1,1,accepted,1313,68,0.002,0.0004074130,true,false
call-001132,arm12_cth,cal/f6/s6100001/unreliable,14,deepseek/deepseek-chat,sha256:211cf7296743d369d979aabae32222ac5b3d978bd41aa222a2fee1b18cce5c46,det-v1,1,accepted,1313,68,0.002,0.0004074130,true,false
call-001133,arm12b_cth_llm,cal/f6/s6100001/unreliable,14,deepseek/deepseek-chat,sha256:211cf7296743d369d979aabae32222ac5b3d978bd41aa222a2fee1b18cce5c46,det-v1,1,accepted,1313,68,0.002,0.0004074130,true,false
call-001134,arm8_spec_immediate,cal/f6/s6100001/no_alert__twin,10,deepseek/deepseek-chat,sha256:b5c190ec2335f6688e054f5e4e2a6055778591468a2f5e40f4f5477d1fc4ccaf,det-v1,1,,1167,87,3086.341,0.0003894420,false,true
call-001135,arm8_spec_immediate,cal/f6/s6100001/no_alert__twin,10,deepseek/deepseek-chat,sha256:b5c190ec2335f6688e054f5e4e2a6055778591468a2f5e40f4f5477d1fc4ccaf,det-v1,1,accepted,1167,87,3086.341,0.0003894420,false,false
call-001136,arm10_spec_eprocess,cal/f6/s6100001/no_alert__twin,10,deepseek/deepseek-chat,sha256:b5c190ec2335f6688e054f5e4e2a6055778591468a2f5e40f4f5477d1fc4ccaf,det-v1,1,accepted,1167,87,0.002,0.0003894420,true,false
call-001137,arm12_cth,cal/f6/s6100001/no_alert__twin,10,deepseek/deepseek-chat,sha256:b5c190ec2335f6688e054f5e4e2a6055778591468a2f5e40f4f5477d1fc4ccaf,det-v1,1,accepted,1167,87,0.001,0.0003894420,true,false
call-001138,arm12b_cth_llm,cal/f6/s6100001/no_alert__twin,10,deepseek/deepseek-chat,sha256:b5c190ec2335f6688e054f5e4e2a6055778591468a2f5e40f4f5477d1fc4ccaf,det-v1,1,accepted,1167,87,0.002,0.0003894420,true,false
call-001139,arm8_spec_immediate,dev/f6/s6100002/early_accurate,19,deepseek/deepseek-chat,sha256:24e2dc0aa9cfef4eb802654f1576487585bb075f982e6551a8460ca5fdd8fa3d,det-v1,1,,1498,72,5249.151,0.0004590740,false,true
call-001140,arm8_spec_immediate,dev/f6/s6100002/early_accurate,19,deepseek/deepseek-chat,sha256:24e2dc0aa9cfef4eb802654f1576487585bb075f982e6551a8460ca5fdd8fa3d,det-v1,1,accepted,1498,72,5249.151,0.0004590740,false,false
call-001141,arm10_spec_eprocess,dev/f6/s6100002/early_accurate,19,deepseek/deepseek-chat,sha256:24e2dc0aa9cfef4eb802654f1576487585bb075f982e6551a8460ca5fdd8fa3d,det-v1,1,accepted,1498,72,0.002,0.0004590740,true,false
call-001142,arm12_cth,dev/f6/s6100002/early_accurate,19,deepseek/deepseek-chat,sha256:24e2dc0aa9cfef4eb802654f1576487585bb075f982e6551a8460ca5fdd8fa3d,det-v1,1,accepted,1498,72,0.002,0.0004590740,true,false
call-001143,arm12b_cth_llm,dev/f6/s6100002/early_accurate,19,deepseek/deepseek-chat,sha256:24e2dc0aa9cfef4eb802654f1576487585bb075f982e6551a8460ca5fdd8fa3d,det-v1,1,accepted,1498,72,0.003,0.0004590740,true,false
call-001144,arm8_spec_immediate,dev/f6/s6100002/late_accurate,22,deepseek/deepseek-chat,sha256:500de27c56e1bdd50f821bf689a7b07be14c90ce48f39c5944cf063d08859217,det-v1,1,,1612,72,4674.179,0.0004883720,false,true
call-001145,arm8_spec_immediate,dev/f6/s6100002/late_accurate,22,deepseek/deepseek-chat,sha256:500de27c56e1bdd50f821bf689a7b07be14c90ce48f39c5944cf063d08859217,det-v1,1,accepted,1612,72,4674.179,0.0004883720,false,false
call-001146,arm10_spec_eprocess,dev/f6/s6100002/late_accurate,22,deepseek/deepseek-chat,sha256:500de27c56e1bdd50f821bf689a7b07be14c90ce48f39c5944cf063d08859217,det-v1,1,accepted,1612,72,0.002,0.0004883720,true,false
call-001147,arm12_cth,dev/f6/s6100002/late_accurate,22,deepseek/deepseek-chat,sha256:500de27c56e1bdd50f821bf689a7b07be14c90ce48f39c5944cf063d08859217,det-v1,1,accepted,1612,72,0.002,0.0004883720,true,false
call-001148,arm12b_cth_llm,dev/f6/s6100002/late_accurate,22,deepseek/deepseek-chat,sha256:500de27c56e1bdd50f821bf689a7b07be14c90ce48f39c5944cf063d08859217,det-v1,1,accepted,1612,72,0.002,0.0004883720,true,false
call-001149,arm8_spec_immediate,dev/f6/s6100002/unreliable,19,deepseek/deepseek-chat,sha256:b2440c9af158845406f19e1058db1383096044467794c48a2945c7f6a9038c02,det-v1,1,,1505,93,8635.056,0.0004824820,false,true
call-001150,arm8_spec_immediate,dev/f6/s6100002/unreliable,19,deepseek/deepseek-chat,sha256:b2440c9af158845406f19e1058db1383096044467794c48a2945c7f6a9038c02,det-v1,1,accepted,1505,93,8635.056,0.0004824820,false,false
call-001151,arm10_spec_eprocess,dev/f6/s6100002/unreliable,19,deepseek/deepseek-chat,sha256:b2440c9af158845406f19e1058db1383096044467794c48a2945c7f6a9038c02,det-v1,1,accepted,1505,93,0.002,0.0004824820,true,false
call-001152,arm12_cth,dev/f6/s6100002/unreliable,19,deepseek/deepseek-chat,sha256:b2440c9af158845406f19e1058db1383096044467794c48a2945c7f6a9038c02,det-v1,1,accepted,1505,93,0.002,0.0004824820,true,false
call-001153,arm12b_cth_llm,dev/f6/s6100002/unreliable,19,deepseek/deepseek-chat,sha256:b2440c9af158845406f19e1058db1383096044467794c48a2945c7f6a9038c02,det-v1,1,accepted,1505,93,0.002,0.0004824820,true,false
call-001154,arm8_spec_immediate,dev/f6/s6100002/no_alert__twin,10,deepseek/deepseek-chat,sha256:1921807896d5e82f2283ffffbbc972eb0493aa677f19358c37aa425bef72155e,det-v1,1,,1165,63,9998.401,0.0003642320,false,true
call-001155,arm8_spec_immediate,dev/f6/s6100002/no_alert__twin,10,deepseek/deepseek-chat,sha256:1921807896d5e82f2283ffffbbc972eb0493aa677f19358c37aa425bef72155e,det-v1,1,accepted,1165,63,9998.401,0.0003642320,false,false
call-001156,arm10_spec_eprocess,dev/f6/s6100002/no_alert__twin,10,deepseek/deepseek-chat,sha256:1921807896d5e82f2283ffffbbc972eb0493aa677f19358c37aa425bef72155e,det-v1,1,accepted,1165,63,0.003,0.0003642320,true,false
call-001157,arm12_cth,dev/f6/s6100002/no_alert__twin,10,deepseek/deepseek-chat,sha256:1921807896d5e82f2283ffffbbc972eb0493aa677f19358c37aa425bef72155e,det-v1,1,accepted,1165,63,0.002,0.0003642320,true,false
call-001158,arm12b_cth_llm,dev/f6/s6100002/no_alert__twin,10,deepseek/deepseek-chat,sha256:1921807896d5e82f2283ffffbbc972eb0493aa677f19358c37aa425bef72155e,det-v1,1,accepted,1165,63,0.002,0.0003642320,true,false
call-001159,arm8_spec_immediate,cal/f6/s6100003/early_accurate,13,deepseek/deepseek-chat,sha256:3b872a8433c605349f3dfe2609edb10ad4d741cc422320a03e518fd37122a173,det-v1,1,,1277,67,9006.207,0.0003971320,false,true
call-001160,arm8_spec_immediate,cal/f6/s6100003/early_accurate,13,deepseek/deepseek-chat,sha256:3b872a8433c605349f3dfe2609edb10ad4d741cc422320a03e518fd37122a173,det-v1,1,accepted,1277,67,9006.207,0.0003971320,false,false
call-001161,arm10_spec_eprocess,cal/f6/s6100003/early_accurate,13,deepseek/deepseek-chat,sha256:3b872a8433c605349f3dfe2609edb10ad4d741cc422320a03e518fd37122a173,det-v1,1,accepted,1277,67,0.005,0.0003971320,true,false
call-001162,arm12_cth,cal/f6/s6100003/early_accurate,13,deepseek/deepseek-chat,sha256:3b872a8433c605349f3dfe2609edb10ad4d741cc422320a03e518fd37122a173,det-v1,1,accepted,1277,67,0.004,0.0003971320,true,false
call-001163,arm12b_cth_llm,cal/f6/s6100003/early_accurate,13,deepseek/deepseek-chat,sha256:3b872a8433c605349f3dfe2609edb10ad4d741cc422320a03e518fd37122a173,det-v1,1,accepted,1277,67,0.003,0.0003971320,true,false
call-001164,arm8_spec_immediate,cal/f6/s6100003/late_accurate,16,deepseek/deepseek-chat,sha256:7d3141c95d921ea794bda645ecf4a45c0824d205e3b5b7084657ae4558be5812,det-v1,1,,1391,89,6073.118,0.0004490680,false,true
call-001165,arm8_spec_immediate,cal/f6/s6100003/late_accurate,16,deepseek/deepseek-chat,sha256:7d3141c95d921ea794bda645ecf4a45c0824d205e3b5b7084657ae4558be5812,det-v1,1,accepted,1391,89,6073.118,0.0004490680,false,false
call-001166,arm10_spec_eprocess,cal/f6/s6100003/late_accurate,16,deepseek/deepseek-chat,sha256:7d3141c95d921ea794bda645ecf4a45c0824d205e3b5b7084657ae4558be5812,det-v1,1,accepted,1391,89,0.003,0.0004490680,true,false
call-001167,arm12_cth,cal/f6/s6100003/late_accurate,16,deepseek/deepseek-chat,sha256:7d3141c95d921ea794bda645ecf4a45c0824d205e3b5b7084657ae4558be5812,det-v1,1,accepted,1391,89,0.004,0.0004490680,true,false
call-001168,arm12b_cth_llm,cal/f6/s6100003/late_accurate,16,deepseek/deepseek-chat,sha256:7d3141c95d921ea794bda645ecf4a45c0824d205e3b5b7084657ae4558be5812,det-v1,1,accepted,1391,89,0.003,0.0004490680,true,false
call-001169,arm8_spec_immediate,cal/f6/s6100003/unreliable,13,deepseek/deepseek-chat,sha256:44dfd34c03b77eb16e155fc828bdfe363180301d31c79d30c8b324e1d741e4f2,det-v1,1,,1272,59,5579.169,0.0003876150,false,true
call-001170,arm8_spec_immediate,cal/f6/s6100003/unreliable,13,deepseek/deepseek-chat,sha256:44dfd34c03b77eb16e155fc828bdfe363180301d31c79d30c8b324e1d741e4f2,det-v1,1,accepted,1272,59,5579.169,0.0003876150,false,false
call-001171,arm10_spec_eprocess,cal/f6/s6100003/unreliable,13,deepseek/deepseek-chat,sha256:44dfd34c03b77eb16e155fc828bdfe363180301d31c79d30c8b324e1d741e4f2,det-v1,1,accepted,1272,59,0.002,0.0003876150,true,false
call-001172,arm12_cth,cal/f6/s6100003/unreliable,13,deepseek/deepseek-chat,sha256:44dfd34c03b77eb16e155fc828bdfe363180301d31c79d30c8b324e1d741e4f2,det-v1,1,accepted,1272,59,0.002,0.0003876150,true,false
call-001173,arm12b_cth_llm,cal/f6/s6100003/unreliable,13,deepseek/deepseek-chat,sha256:44dfd34c03b77eb16e155fc828bdfe363180301d31c79d30c8b324e1d741e4f2,det-v1,1,accepted,1272,59,0.003,0.0003876150,true,false
call-001174,arm8_spec_immediate,cal/f6/s6100003/no_alert__twin,16,deepseek/deepseek-chat,sha256:885bf58636479278b6252754e2435a68084f9e57c9cd97ea52baf597b65f16cd,det-v1,1,,1352,63,6091.322,0.0004122910,false,true
call-001175,arm8_spec_immediate,cal/f6/s6100003/no_alert__twin,16,deepseek/deepseek-chat,sha256:885bf58636479278b6252754e2435a68084f9e57c9cd97ea52baf597b65f16cd,det-v1,1,accepted,1352,63,6091.322,0.0004122910,false,false
call-001176,arm10_spec_eprocess,cal/f6/s6100003/no_alert__twin,16,deepseek/deepseek-chat,sha256:885bf58636479278b6252754e2435a68084f9e57c9cd97ea52baf597b65f16cd,det-v1,1,accepted,1352,63,0.002,0.0004122910,true,false
call-001177,arm12_cth,cal/f6/s6100003/no_alert__twin,16,deepseek/deepseek-chat,sha256:885bf58636479278b6252754e2435a68084f9e57c9cd97ea52baf597b65f16cd,det-v1,1,accepted,1352,63,0.002,0.0004122910,true,false
call-001178,arm12b_cth_llm,cal/f6/s6100003/no_alert__twin,16,deepseek/deepseek-chat,sha256:885bf58636479278b6252754e2435a68084f9e57c9cd97ea52baf597b65f16cd,det-v1,1,accepted,1352,63,0.002,0.0004122910,true,false
call-001179,arm8_spec_immediate,dev/f6/s6100004/no_alert,12,deepseek/deepseek-chat,sha256:535eda6fbdbd23c39cba2d88c0485e29d3491d9f810312c6d7dc0f820601b120,det-v1,1,,1200,63,6363.770,0.0003732270,false,true
call-001180,arm8_spec_immediate,dev/f6/s6100004/no_alert,12,deepseek/deepseek-chat,sha256:535eda6fbdbd23c39cba2d88c0485e29d3491d9f810312c6d7dc0f820601b120,det-v1,1,accepted,1200,63,6363.770,0.0003732270,false,false
call-001181,arm10_spec_eprocess,dev/f6/s6100004/no_alert,12,deepseek/deepseek-chat,sha256:535eda6fbdbd23c39cba2d88c0485e29d3491d9f810312c6d7dc0f820601b120,det-v1,1,accepted,1200,63,0.002,0.0003732270,true,false
call-001182,arm12_cth,dev/f6/s6100004/no_alert,12,deepseek/deepseek-chat,sha256:535eda6fbdbd23c39cba2d88c0485e29d3491d9f810312c6d7dc0f820601b120,det-v1,1,accepted,1200,63,0.002,0.0003732270,true,false
call-001183,arm12b_cth_llm,dev/f6/s6100004/no_alert,12,deepseek/deepseek-chat,sha256:535eda6fbdbd23c39cba2d88c0485e29d3491d9f810312c6d7dc0f820601b120,det-v1,1,accepted,1200,63,0.003,0.0003732270,true,false
call-001184,arm8_spec_immediate,dev/f6/s6100004/early_accurate,12,deepseek/deepseek-chat,sha256:ce52896e388262d08e52dd8bc094ff5f0db8a720f7a576859c7d28a5814f0c94,det-v1,1,,1200,83,4526.422,0.0003938070,false,true
call-001185,arm8_spec_immediate,dev/f6/s6100004/early_accurate,12,deepseek/deepseek-chat,sha256:ce52896e388262d08e52dd8bc094ff5f0db8a720f7a576859c7d28a5814f0c94,det-v1,1,accepted,1200,83,4526.422,0.0003938070,false,false
call-001186,arm10_spec_eprocess,dev/f6/s6100004/early_accurate,12,deepseek/deepseek-chat,sha256:ce52896e388262d08e52dd8bc094ff5f0db8a720f7a576859c7d28a5814f0c94,det-v1,1,accepted,1200,83,0.003,0.0003938070,true,false
call-001187,arm12_cth,dev/f6/s6100004/early_accurate,12,deepseek/deepseek-chat,sha256:ce52896e388262d08e52dd8bc094ff5f0db8a720f7a576859c7d28a5814f0c94,det-v1,1,accepted,1200,83,0.002,0.0003938070,true,false
call-001188,arm12b_cth_llm,dev/f6/s6100004/early_accurate,12,deepseek/deepseek-chat,sha256:ce52896e388262d08e52dd8bc094ff5f0db8a720f7a576859c7d28a5814f0c94,det-v1,1,accepted,1200,83,0.003,0.0003938070,true,false
call-001189,arm8_spec_immediate,dev/f6/s6100004/late_accurate,12,deepseek/deepseek-chat,sha256:d82eff50e245f109d49271f52198eaeb8fbe1791d24745c079c9dd840a08a820,det-v1,1,,1200,59,3151.847,0.0003691110,false,true
call-001190,arm8_spec_immediate,dev/f6/s6100004/late_accurate,12,deepseek/deepseek-chat,sha256:d82eff50e245f109d49271f52198eaeb8fbe1791d24745c079c9dd840a08a820,det-v1,1,accepted,1200,59,3151.847,0.0003691110,false,false
call-001191,arm8_spec_immediate,dev/f6/s6100004/late_accurate,19,deepseek/deepseek-chat,sha256:05b5ba585c8c62617d836b8ddc5bee106ef9fa33ac8000456814fd29be82f39b,det-v1,1,,1501,73,8221.723,0.0004608740,false,true
call-001192,arm8_spec_immediate,dev/f6/s6100004/late_accurate,19,deepseek/deepseek-chat,sha256:05b5ba585c8c62617d836b8ddc5bee106ef9fa33ac8000456814fd29be82f39b,det-v1,1,accepted,1501,73,8221.723,0.0004608740,false,false
call-001193,arm10_spec_eprocess,dev/f6/s6100004/late_accurate,12,deepseek/deepseek-chat,sha256:d82eff50e245f109d49271f52198eaeb8fbe1791d24745c079c9dd840a08a820,det-v1,1,accepted,1200,59,0.004,0.0003691110,true,false
call-001194,arm10_spec_eprocess,dev/f6/s6100004/late_accurate,19,deepseek/deepseek-chat,sha256:05b5ba585c8c62617d836b8ddc5bee106ef9fa33ac8000456814fd29be82f39b,det-v1,1,accepted,1501,73,0.003,0.0004608740,true,false
call-001195,arm12_cth,dev/f6/s6100004/late_accurate,12,deepseek/deepseek-chat,sha256:d82eff50e245f109d49271f52198eaeb8fbe1791d24745c079c9dd840a08a820,det-v1,1,accepted,1200,59,0.003,0.0003691110,true,false
call-001196,arm12_cth,dev/f6/s6100004/late_accurate,19,deepseek/deepseek-chat,sha256:70b812f3cd7f295db3a1b93e2281b636452c066d28dac53d008f20e81d5d739d,det-v1,1,,1501,73,6227.057,0.0004608740,false,true
call-001197,arm12_cth,dev/f6/s6100004/late_accurate,19,deepseek/deepseek-chat,sha256:70b812f3cd7f295db3a1b93e2281b636452c066d28dac53d008f20e81d5d739d,det-v1,1,accepted,1501,73,6227.057,0.0004608740,false,false
call-001198,arm12b_cth_llm,dev/f6/s6100004/late_accurate,12,deepseek/deepseek-chat,sha256:d82eff50e245f109d49271f52198eaeb8fbe1791d24745c079c9dd840a08a820,det-v1,1,accepted,1200,59,0.003,0.0003691110,true,false
call-001199,arm12b_cth_llm,dev/f6/s6100004/late_accurate,19,deepseek/deepseek-chat,sha256:05b5ba585c8c62617d836b8ddc5bee106ef9fa33ac8000456814fd29be82f39b,det-v1,1,accepted,1501,73,0.002,0.0004608740,true,false
call-001200,arm8_spec_immediate,dev/f6/s6100004/unreliable,12,deepseek/deepseek-chat,sha256:75cc50c0d2dcb22ff17199c81e7433de7a2ed67dd15834241cee3aa0eebe97d1,det-v1,1,,1200,63,16227.476,0.0003732270,false,true
call-001201,arm8_spec_immediate,dev/f6/s6100004/unreliable,12,deepseek/deepseek-chat,sha256:75cc50c0d2dcb22ff17199c81e7433de7a2ed67dd15834241cee3aa0eebe97d1,det-v1,1,accepted,1200,63,16227.476,0.0003732270,false,false
call-001202,arm10_spec_eprocess,dev/f6/s6100004/unreliable,12,deepseek/deepseek-chat,sha256:75cc50c0d2dcb22ff17199c81e7433de7a2ed67dd15834241cee3aa0eebe97d1,det-v1,1,accepted,1200,63,0.004,0.0003732270,true,false
call-001203,arm12_cth,dev/f6/s6100004/unreliable,12,deepseek/deepseek-chat,sha256:75cc50c0d2dcb22ff17199c81e7433de7a2ed67dd15834241cee3aa0eebe97d1,det-v1,1,accepted,1200,63,0.002,0.0003732270,true,false
call-001204,arm12b_cth_llm,dev/f6/s6100004/unreliable,12,deepseek/deepseek-chat,sha256:75cc50c0d2dcb22ff17199c81e7433de7a2ed67dd15834241cee3aa0eebe97d1,det-v1,1,accepted,1200,63,0.003,0.0003732270,true,false
call-001205,arm8_spec_immediate,dev/f6/s6100004/no_alert__twin,12,deepseek/deepseek-chat,sha256:97658ff92dc22f8871b72c5e08e5f1a9639072b43c0b725a080c79db37b60ad5,det-v1,1,,1201,87,9247.525,0.0003981800,false,true
call-001206,arm8_spec_immediate,dev/f6/s6100004/no_alert__twin,12,deepseek/deepseek-chat,sha256:97658ff92dc22f8871b72c5e08e5f1a9639072b43c0b725a080c79db37b60ad5,det-v1,1,accepted,1201,87,9247.525,0.0003981800,false,false
call-001207,arm10_spec_eprocess,dev/f6/s6100004/no_alert__twin,12,deepseek/deepseek-chat,sha256:97658ff92dc22f8871b72c5e08e5f1a9639072b43c0b725a080c79db37b60ad5,det-v1,1,accepted,1201,87,0.002,0.0003981800,true,false
call-001208,arm12_cth,dev/f6/s6100004/no_alert__twin,12,deepseek/deepseek-chat,sha256:97658ff92dc22f8871b72c5e08e5f1a9639072b43c0b725a080c79db37b60ad5,det-v1,1,accepted,1201,87,0.002,0.0003981800,true,false
call-001209,arm12b_cth_llm,dev/f6/s6100004/no_alert__twin,12,deepseek/deepseek-chat,sha256:97658ff92dc22f8871b72c5e08e5f1a9639072b43c0b725a080c79db37b60ad5,det-v1,1,accepted,1201,87,0.002,0.0003981800,true,false
call-001210,arm8_spec_immediate,cal/f6/s6100005/no_alert,20,deepseek/deepseek-chat,sha256:4272e7b8bad6c0129a2a4df03e34c9944976802c935afacc4153a675e0b80c15,det-v1,1,,1505,87,2904.943,0.0004763080,false,true
call-001211,arm8_spec_immediate,cal/f6/s6100005/no_alert,20,deepseek/deepseek-chat,sha256:4272e7b8bad6c0129a2a4df03e34c9944976802c935afacc4153a675e0b80c15,det-v1,1,accepted,1505,87,2904.943,0.0004763080,false,false
call-001212,arm10_spec_eprocess,cal/f6/s6100005/no_alert,20,deepseek/deepseek-chat,sha256:4272e7b8bad6c0129a2a4df03e34c9944976802c935afacc4153a675e0b80c15,det-v1,1,accepted,1505,87,0.002,0.0004763080,true,false
call-001213,arm12_cth,cal/f6/s6100005/no_alert,20,deepseek/deepseek-chat,sha256:4272e7b8bad6c0129a2a4df03e34c9944976802c935afacc4153a675e0b80c15,det-v1,1,accepted,1505,87,0.002,0.0004763080,true,false
call-001214,arm12b_cth_llm,cal/f6/s6100005/no_alert,20,deepseek/deepseek-chat,sha256:4272e7b8bad6c0129a2a4df03e34c9944976802c935afacc4153a675e0b80c15,det-v1,1,accepted,1505,87,0.003,0.0004763080,true,false
call-001215,arm8_spec_immediate,cal/f6/s6100005/early_accurate,13,deepseek/deepseek-chat,sha256:37fb42acba64043ef091d66336df71f49f6eb72b911af17308fb3aeab6d5a295,det-v1,1,,1274,96,3206.126,0.0004262020,false,true
call-001216,arm8_spec_immediate,cal/f6/s6100005/early_accurate,13,deepseek/deepseek-chat,sha256:37fb42acba64043ef091d66336df71f49f6eb72b911af17308fb3aeab6d5a295,det-v1,1,accepted,1274,96,3206.126,0.0004262020,false,false
call-001217,arm10_spec_eprocess,cal/f6/s6100005/early_accurate,13,deepseek/deepseek-chat,sha256:37fb42acba64043ef091d66336df71f49f6eb72b911af17308fb3aeab6d5a295,det-v1,1,accepted,1274,96,0.002,0.0004262020,true,false
call-001218,arm12_cth,cal/f6/s6100005/early_accurate,13,deepseek/deepseek-chat,sha256:37fb42acba64043ef091d66336df71f49f6eb72b911af17308fb3aeab6d5a295,det-v1,1,accepted,1274,96,0.002,0.0004262020,true,false
call-001219,arm12b_cth_llm,cal/f6/s6100005/early_accurate,13,deepseek/deepseek-chat,sha256:37fb42acba64043ef091d66336df71f49f6eb72b911af17308fb3aeab6d5a295,det-v1,1,accepted,1274,96,0.004,0.0004262020,true,false
call-001220,arm8_spec_immediate,cal/f6/s6100005/late_accurate,16,deepseek/deepseek-chat,sha256:edf5325396cb3821811c1968214c1bb3bd320135222022434b25b63749a072bd,det-v1,1,,1388,106,3679.425,0.0004657900,false,true
call-001221,arm8_spec_immediate,cal/f6/s6100005/late_accurate,16,deepseek/deepseek-chat,sha256:edf5325396cb3821811c1968214c1bb3bd320135222022434b25b63749a072bd,det-v1,1,accepted,1388,106,3679.425,0.0004657900,false,false
call-001222,arm10_spec_eprocess,cal/f6/s6100005/late_accurate,16,deepseek/deepseek-chat,sha256:edf5325396cb3821811c1968214c1bb3bd320135222022434b25b63749a072bd,det-v1,1,accepted,1388,106,0.002,0.0004657900,true,false
call-001223,arm12_cth,cal/f6/s6100005/late_accurate,16,deepseek/deepseek-chat,sha256:edf5325396cb3821811c1968214c1bb3bd320135222022434b25b63749a072bd,det-v1,1,accepted,1388,106,0.003,0.0004657900,true,false
call-001224,arm12b_cth_llm,cal/f6/s6100005/late_accurate,16,deepseek/deepseek-chat,sha256:edf5325396cb3821811c1968214c1bb3bd320135222022434b25b63749a072bd,det-v1,1,accepted,1388,106,0.003,0.0004657900,true,false
call-001225,arm8_spec_immediate,cal/f6/s6100005/unreliable,13,deepseek/deepseek-chat,sha256:7e656db62e7cf79edd91e28fdc76c0ec1e9e2c7fd2faee9b188b9e80f1b4af00,det-v1,1,,1280,93,8949.095,0.0004246570,false,true
call-001226,arm8_spec_immediate,cal/f6/s6100005/unreliable,13,deepseek/deepseek-chat,sha256:7e656db62e7cf79edd91e28fdc76c0ec1e9e2c7fd2faee9b188b9e80f1b4af00,det-v1,1,accepted,1280,93,8949.095,0.0004246570,false,false
call-001227,arm10_spec_eprocess,cal/f6/s6100005/unreliable,13,deepseek/deepseek-chat,sha256:7e656db62e7cf79edd91e28fdc76c0ec1e9e2c7fd2faee9b188b9e80f1b4af00,det-v1,1,accepted,1280,93,0.003,0.0004246570,true,false
call-001228,arm12_cth,cal/f6/s6100005/unreliable,13,deepseek/deepseek-chat,sha256:7e656db62e7cf79edd91e28fdc76c0ec1e9e2c7fd2faee9b188b9e80f1b4af00,det-v1,1,accepted,1280,93,0.003,0.0004246570,true,false
call-001229,arm12b_cth_llm,cal/f6/s6100005/unreliable,13,deepseek/deepseek-chat,sha256:7e656db62e7cf79edd91e28fdc76c0ec1e9e2c7fd2faee9b188b9e80f1b4af00,det-v1,1,accepted,1280,93,0.003,0.0004246570,true,false
call-001230,arm8_spec_immediate,cal/f6/s6100005/no_alert__twin,10,deepseek/deepseek-chat,sha256:e1e141296c0b5607cf62e6eb1bec0e67389035a0518370c6a8c6ad004e325bf4,det-v1,1,,1168,102,19082.933,0.0004051340,false,true
call-001231,arm8_spec_immediate,cal/f6/s6100005/no_alert__twin,10,deepseek/deepseek-chat,sha256:e1e141296c0b5607cf62e6eb1bec0e67389035a0518370c6a8c6ad004e325bf4,det-v1,1,accepted,1168,102,19082.933,0.0004051340,false,false
call-001232,arm10_spec_eprocess,cal/f6/s6100005/no_alert__twin,10,deepseek/deepseek-chat,sha256:e1e141296c0b5607cf62e6eb1bec0e67389035a0518370c6a8c6ad004e325bf4,det-v1,1,accepted,1168,102,0.003,0.0004051340,true,false
call-001233,arm12_cth,cal/f6/s6100005/no_alert__twin,10,deepseek/deepseek-chat,sha256:e1e141296c0b5607cf62e6eb1bec0e67389035a0518370c6a8c6ad004e325bf4,det-v1,1,accepted,1168,102,0.002,0.0004051340,true,false
call-001234,arm12b_cth_llm,cal/f6/s6100005/no_alert__twin,10,deepseek/deepseek-chat,sha256:e1e141296c0b5607cf62e6eb1bec0e67389035a0518370c6a8c6ad004e325bf4,det-v1,1,accepted,1168,102,0.002,0.0004051340,true,false
call-001235,arm8_spec_immediate,dev/f6/s6100006/early_accurate,18,deepseek/deepseek-chat,sha256:5e4ea97dcedbd3ceeb8859683739a3d10afe985b5533c3953825b5db693062fc,det-v1,1,,1468,93,2722.710,0.0004729730,false,true
call-001236,arm8_spec_immediate,dev/f6/s6100006/early_accurate,18,deepseek/deepseek-chat,sha256:5e4ea97dcedbd3ceeb8859683739a3d10afe985b5533c3953825b5db693062fc,det-v1,1,accepted,1468,93,2722.710,0.0004729730,false,false
call-001237,arm10_spec_eprocess,dev/f6/s6100006/early_accurate,18,deepseek/deepseek-chat,sha256:5e4ea97dcedbd3ceeb8859683739a3d10afe985b5533c3953825b5db693062fc,det-v1,1,accepted,1468,93,0.002,0.0004729730,true,false
call-001238,arm12_cth,dev/f6/s6100006/early_accurate,18,deepseek/deepseek-chat,sha256:5e4ea97dcedbd3ceeb8859683739a3d10afe985b5533c3953825b5db693062fc,det-v1,1,accepted,1468,93,0.002,0.0004729730,true,false
call-001239,arm12b_cth_llm,dev/f6/s6100006/early_accurate,18,deepseek/deepseek-chat,sha256:5e4ea97dcedbd3ceeb8859683739a3d10afe985b5533c3953825b5db693062fc,det-v1,1,accepted,1468,93,0.002,0.0004729730,true,false
call-001240,arm8_spec_immediate,dev/f6/s6100006/late_accurate,21,deepseek/deepseek-chat,sha256:56784b1b913d5ea5aab71234459addb1331fd8ad46927afb0a2bb34c166cd5ff,det-v1,1,,1582,93,2800.233,0.0005022710,false,true
call-001241,arm8_spec_immediate,dev/f6/s6100006/late_accurate,21,deepseek/deepseek-chat,sha256:56784b1b913d5ea5aab71234459addb1331fd8ad46927afb0a2bb34c166cd5ff,det-v1,1,accepted,1582,93,2800.233,0.0005022710,false,false
call-001242,arm10_spec_eprocess,dev/f6/s6100006/late_accurate,21,deepseek/deepseek-chat,sha256:56784b1b913d5ea5aab71234459addb1331fd8ad46927afb0a2bb34c166cd5ff,det-v1,1,accepted,1582,93,0.002,0.0005022710,true,false
call-001243,arm12_cth,dev/f6/s6100006/late_accurate,21,deepseek/deepseek-chat,sha256:56784b1b913d5ea5aab71234459addb1331fd8ad46927afb0a2bb34c166cd5ff,det-v1,1,accepted,1582,93,0.002,0.0005022710,true,false
call-001244,arm12b_cth_llm,dev/f6/s6100006/late_accurate,21,deepseek/deepseek-chat,sha256:56784b1b913d5ea5aab71234459addb1331fd8ad46927afb0a2bb34c166cd5ff,det-v1,1,accepted,1582,93,0.002,0.0005022710,true,false
call-001245,arm8_spec_immediate,dev/f6/s6100006/unreliable,18,deepseek/deepseek-chat,sha256:d47e37baff7954ca6cb1b05998fc235dce14c6265a262b6d4f61404681129bd4,det-v1,1,,1456,87,2730.245,0.0004637150,false,true
call-001246,arm8_spec_immediate,dev/f6/s6100006/unreliable,18,deepseek/deepseek-chat,sha256:d47e37baff7954ca6cb1b05998fc235dce14c6265a262b6d4f61404681129bd4,det-v1,1,accepted,1456,87,2730.245,0.0004637150,false,false
call-001247,arm10_spec_eprocess,dev/f6/s6100006/unreliable,18,deepseek/deepseek-chat,sha256:d47e37baff7954ca6cb1b05998fc235dce14c6265a262b6d4f61404681129bd4,det-v1,1,accepted,1456,87,0.002,0.0004637150,true,false
call-001248,arm12_cth,dev/f6/s6100006/unreliable,18,deepseek/deepseek-chat,sha256:d47e37baff7954ca6cb1b05998fc235dce14c6265a262b6d4f61404681129bd4,det-v1,1,accepted,1456,87,0.002,0.0004637150,true,false
call-001249,arm12b_cth_llm,dev/f6/s6100006/unreliable,18,deepseek/deepseek-chat,sha256:d47e37baff7954ca6cb1b05998fc235dce14c6265a262b6d4f61404681129bd4,det-v1,1,accepted,1456,87,0.004,0.0004637150,true,false
call-001250,arm8_spec_immediate,dev/f6/s6100006/no_alert__twin,10,deepseek/deepseek-chat,sha256:d92a3e62e5e00aec4907b89d03983cbc23f5b40352c1b512b7f2d7788fec8430,det-v1,1,,1163,102,8951.226,0.0004038490,false,true
call-001251,arm8_spec_immediate,dev/f6/s6100006/no_alert__twin,10,deepseek/deepseek-chat,sha256:d92a3e62e5e00aec4907b89d03983cbc23f5b40352c1b512b7f2d7788fec8430,det-v1,1,accepted,1163,102,8951.226,0.0004038490,false,false
call-001252,arm10_spec_eprocess,dev/f6/s6100006/no_alert__twin,10,deepseek/deepseek-chat,sha256:d92a3e62e5e00aec4907b89d03983cbc23f5b40352c1b512b7f2d7788fec8430,det-v1,1,accepted,1163,102,0.002,0.0004038490,true,false
call-001253,arm12_cth,dev/f6/s6100006/no_alert__twin,10,deepseek/deepseek-chat,sha256:d92a3e62e5e00aec4907b89d03983cbc23f5b40352c1b512b7f2d7788fec8430,det-v1,1,accepted,1163,102,0.002,0.0004038490,true,false
call-001254,arm12b_cth_llm,dev/f6/s6100006/no_alert__twin,10,deepseek/deepseek-chat,sha256:d92a3e62e5e00aec4907b89d03983cbc23f5b40352c1b512b7f2d7788fec8430,det-v1,1,accepted,1163,102,0.002,0.0004038490,true,false
call-001255,arm8_spec_immediate,cal/f6/s6100007/no_alert,47,deepseek/deepseek-chat,sha256:587a975a751c9bbc5591c0e90b22b89c24cdab4ec46f3c13704f5d40f1e376a2,det-v1,1,,2531,88,2898.281,0.0007410190,false,true
call-001256,arm8_spec_immediate,cal/f6/s6100007/no_alert,47,deepseek/deepseek-chat,sha256:587a975a751c9bbc5591c0e90b22b89c24cdab4ec46f3c13704f5d40f1e376a2,det-v1,1,accepted,2531,88,2898.281,0.0007410190,false,false
call-001257,arm10_spec_eprocess,cal/f6/s6100007/no_alert,47,deepseek/deepseek-chat,sha256:587a975a751c9bbc5591c0e90b22b89c24cdab4ec46f3c13704f5d40f1e376a2,det-v1,1,accepted,2531,88,0.002,0.0007410190,true,false
call-001258,arm12_cth,cal/f6/s6100007/no_alert,47,deepseek/deepseek-chat,sha256:587a975a751c9bbc5591c0e90b22b89c24cdab4ec46f3c13704f5d40f1e376a2,det-v1,1,accepted,2531,88,0.002,0.0007410190,true,false
call-001259,arm12b_cth_llm,cal/f6/s6100007/no_alert,47,deepseek/deepseek-chat,sha256:587a975a751c9bbc5591c0e90b22b89c24cdab4ec46f3c13704f5d40f1e376a2,det-v1,1,accepted,2531,88,0.002,0.0007410190,true,false
call-001260,arm8_spec_immediate,cal/f6/s6100007/early_accurate,13,deepseek/deepseek-chat,sha256:47427940ee765d778f928288e3d5675d97d1940b09686b54584fe3b9e4b151a1,det-v1,1,,1287,95,2799.505,0.0004285140,false,true
call-001261,arm8_spec_immediate,cal/f6/s6100007/early_accurate,13,deepseek/deepseek-chat,sha256:47427940ee765d778f928288e3d5675d97d1940b09686b54584fe3b9e4b151a1,det-v1,1,accepted,1287,95,2799.505,0.0004285140,false,false
call-001262,arm8_spec_immediate,cal/f6/s6100007/early_accurate,47,deepseek/deepseek-chat,sha256:d0cebd22f0aad7afa6625f96a629b77757c38a6407055828da0226fbc982a762,det-v1,1,,2579,135,3629.248,0.0008017180,false,true
call-001263,arm8_spec_immediate,cal/f6/s6100007/early_accurate,47,deepseek/deepseek-chat,sha256:d0cebd22f0aad7afa6625f96a629b77757c38a6407055828da0226fbc982a762,det-v1,1,accepted,2579,135,3629.248,0.0008017180,false,false
call-001264,arm10_spec_eprocess,cal/f6/s6100007/early_accurate,13,deepseek/deepseek-chat,sha256:47427940ee765d778f928288e3d5675d97d1940b09686b54584fe3b9e4b151a1,det-v1,1,accepted,1287,95,0.003,0.0004285140,true,false
call-001265,arm10_spec_eprocess,cal/f6/s6100007/early_accurate,47,deepseek/deepseek-chat,sha256:cc01af9aaf9e1c4b60b558726a50784aa0316f7cbaa2226a27f60d69ba0be537,det-v1,1,,2579,268,30241.955,0.0009385750,false,true
call-001266,arm10_spec_eprocess,cal/f6/s6100007/early_accurate,47,deepseek/deepseek-chat,sha256:cc01af9aaf9e1c4b60b558726a50784aa0316f7cbaa2226a27f60d69ba0be537,det-v1,1,accepted,2579,268,30241.955,0.0009385750,false,false
call-001267,arm12_cth,cal/f6/s6100007/early_accurate,13,deepseek/deepseek-chat,sha256:47427940ee765d778f928288e3d5675d97d1940b09686b54584fe3b9e4b151a1,det-v1,1,accepted,1287,95,0.002,0.0004285140,true,false
call-001268,arm12_cth,cal/f6/s6100007/early_accurate,47,deepseek/deepseek-chat,sha256:f55dc10fbee2f5d0b89ff2faded5bc7d0391c27ef22653470cb3414eca0787b0,det-v1,1,,2579,268,5353.275,0.0009385750,false,true
call-001269,arm12_cth,cal/f6/s6100007/early_accurate,47,deepseek/deepseek-chat,sha256:f55dc10fbee2f5d0b89ff2faded5bc7d0391c27ef22653470cb3414eca0787b0,det-v1,1,accepted,2579,268,5353.275,0.0009385750,false,false
call-001270,arm12b_cth_llm,cal/f6/s6100007/early_accurate,13,deepseek/deepseek-chat,sha256:47427940ee765d778f928288e3d5675d97d1940b09686b54584fe3b9e4b151a1,det-v1,1,accepted,1287,95,0.002,0.0004285140,true,false
call-001271,arm12b_cth_llm,cal/f6/s6100007/early_accurate,47,deepseek/deepseek-chat,sha256:cc01af9aaf9e1c4b60b558726a50784aa0316f7cbaa2226a27f60d69ba0be537,det-v1,1,accepted,2579,268,0.001,0.0009385750,true,false
call-001272,arm8_spec_immediate,cal/f6/s6100007/late_accurate,16,deepseek/deepseek-chat,sha256:f2c0b778a2b7a420a1b3bd54a880b9de186c4fffb315bc87ea10d40be874814f,det-v1,1,,1401,100,4238.284,0.0004629570,false,true
call-001273,arm8_spec_immediate,cal/f6/s6100007/late_accurate,16,deepseek/deepseek-chat,sha256:f2c0b778a2b7a420a1b3bd54a880b9de186c4fffb315bc87ea10d40be874814f,det-v1,1,accepted,1401,100,4238.284,0.0004629570,false,false
call-001274,arm8_spec_immediate,cal/f6/s6100007/late_accurate,47,deepseek/deepseek-chat,sha256:e19757649cace145e0be32482b336712611b911d46f5badac67f3b5bc52b98ac,det-v1,1,,2579,120,4408.731,0.0007862830,false,true
call-001275,arm8_spec_immediate,cal/f6/s6100007/late_accurate,47,deepseek/deepseek-chat,sha256:e19757649cace145e0be32482b336712611b911d46f5badac67f3b5bc52b98ac,det-v1,1,accepted,2579,120,4408.731,0.0007862830,false,false
call-001276,arm10_spec_eprocess,cal/f6/s6100007/late_accurate,16,deepseek/deepseek-chat,sha256:f2c0b778a2b7a420a1b3bd54a880b9de186c4fffb315bc87ea10d40be874814f,det-v1,1,accepted,1401,100,0.004,0.0004629570,true,false
call-001277,arm10_spec_eprocess,cal/f6/s6100007/late_accurate,47,deepseek/deepseek-chat,sha256:a3edc69d033c41d77d71d92bdffa89c8cee6a46cf72d900d3570b7619838ee03,det-v1,1,,2579,118,10512.528,0.0007842250,false,true
call-001278,arm10_spec_eprocess,cal/f6/s6100007/late_accurate,47,deepseek/deepseek-chat,sha256:a3edc69d033c41d77d71d92bdffa89c8cee6a46cf72d900d3570b7619838ee03,det-v1,1,accepted,2579,118,10512.528,0.0007842250,false,false
call-001279,arm12_cth,cal/f6/s6100007/late_accurate,16,deepseek/deepseek-chat,sha256:f2c0b778a2b7a420a1b3bd54a880b9de186c4fffb315bc87ea10d40be874814f,det-v1,1,accepted,1401,100,0.002,0.0004629570,true,false
call-001280,arm12_cth,cal/f6/s6100007/late_accurate,47,deepseek/deepseek-chat,sha256:8278a32e4c192d3359bc756f7cadd7a939891e79973d96f3d94c8050abf961fb,det-v1,1,,2579,140,10709.227,0.0008068630,false,true
call-001281,arm12_cth,cal/f6/s6100007/late_accurate,47,deepseek/deepseek-chat,sha256:8278a32e4c192d3359bc756f7cadd7a939891e79973d96f3d94c8050abf961fb,det-v1,1,accepted,2579,140,10709.227,0.0008068630,false,false
call-001282,arm12b_cth_llm,cal/f6/s6100007/late_accurate,16,deepseek/deepseek-chat,sha256:f2c0b778a2b7a420a1b3bd54a880b9de186c4fffb315bc87ea10d40be874814f,det-v1,1,accepted,1401,100,0.002,0.0004629570,true,false
call-001283,arm12b_cth_llm,cal/f6/s6100007/late_accurate,47,deepseek/deepseek-chat,sha256:a3edc69d033c41d77d71d92bdffa89c8cee6a46cf72d900d3570b7619838ee03,det-v1,1,accepted,2579,118,0.002,0.0007842250,true,false
call-001284,arm8_spec_immediate,cal/f6/s6100007/unreliable,13,deepseek/deepseek-chat,sha256:b9a18a63366336f0fa9137356e69714e13f34a94e4efc2a0000ee0c1551349db,det-v1,1,,1278,94,16314.047,0.0004251720,false,true
call-001285,arm8_spec_immediate,cal/f6/s6100007/unreliable,13,deepseek/deepseek-chat,sha256:b9a18a63366336f0fa9137356e69714e13f34a94e4efc2a0000ee0c1551349db,det-v1,1,accepted,1278,94,16314.047,0.0004251720,false,false
call-001286,arm8_spec_immediate,cal/f6/s6100007/unreliable,47,deepseek/deepseek-chat,sha256:6e376c29c57fdf9e48d9d3905c9fdc3729d3291682a172d01f1b2212c9613b22,det-v1,1,,2570,134,3994.636,0.0007983760,false,true
call-001287,arm8_spec_immediate,cal/f6/s6100007/unreliable,47,deepseek/deepseek-chat,sha256:6e376c29c57fdf9e48d9d3905c9fdc3729d3291682a172d01f1b2212c9613b22,det-v1,1,accepted,2570,134,3994.636,0.0007983760,false,false
call-001288,arm10_spec_eprocess,cal/f6/s6100007/unreliable,13,deepseek/deepseek-chat,sha256:b9a18a63366336f0fa9137356e69714e13f34a94e4efc2a0000ee0c1551349db,det-v1,1,accepted,1278,94,0.002,0.0004251720,true,false
call-001289,arm10_spec_eprocess,cal/f6/s6100007/unreliable,47,deepseek/deepseek-chat,sha256:8e8d441438f9d327171181c2a802a679de6b71b61482b664584dfb61a170a431,det-v1,1,,2570,269,7090.675,0.0009372910,false,true
call-001290,arm10_spec_eprocess,cal/f6/s6100007/unreliable,47,deepseek/deepseek-chat,sha256:8e8d441438f9d327171181c2a802a679de6b71b61482b664584dfb61a170a431,det-v1,1,accepted,2570,269,7090.675,0.0009372910,false,false
call-001291,arm12_cth,cal/f6/s6100007/unreliable,13,deepseek/deepseek-chat,sha256:b9a18a63366336f0fa9137356e69714e13f34a94e4efc2a0000ee0c1551349db,det-v1,1,accepted,1278,94,0.002,0.0004251720,true,false
call-001292,arm12_cth,cal/f6/s6100007/unreliable,47,deepseek/deepseek-chat,sha256:646687be286caa3266f7ec6e2937623f26aeaf84d1077d08e2bfaeae40087aaa,det-v1,1,,2570,269,6670.033,0.0009372910,false,true
call-001293,arm12_cth,cal/f6/s6100007/unreliable,47,deepseek/deepseek-chat,sha256:646687be286caa3266f7ec6e2937623f26aeaf84d1077d08e2bfaeae40087aaa,det-v1,1,accepted,2570,269,6670.033,0.0009372910,false,false
call-001294,arm12b_cth_llm,cal/f6/s6100007/unreliable,13,deepseek/deepseek-chat,sha256:b9a18a63366336f0fa9137356e69714e13f34a94e4efc2a0000ee0c1551349db,det-v1,1,accepted,1278,94,0.002,0.0004251720,true,false
call-001295,arm12b_cth_llm,cal/f6/s6100007/unreliable,47,deepseek/deepseek-chat,sha256:8e8d441438f9d327171181c2a802a679de6b71b61482b664584dfb61a170a431,det-v1,1,accepted,2570,269,0.001,0.0009372910,true,false
call-001296,arm8_spec_immediate,cal/f6/s6100007/no_alert__twin,47,deepseek/deepseek-chat,sha256:72514da84c2e19ffadf198b8a9cda602038d76618baea911d502824abbb0913e,det-v1,1,,2531,87,3174.318,0.0007399900,false,true
call-001297,arm8_spec_immediate,cal/f6/s6100007/no_alert__twin,47,deepseek/deepseek-chat,sha256:72514da84c2e19ffadf198b8a9cda602038d76618baea911d502824abbb0913e,det-v1,1,accepted,2531,87,3174.318,0.0007399900,false,false
call-001298,arm10_spec_eprocess,cal/f6/s6100007/no_alert__twin,47,deepseek/deepseek-chat,sha256:72514da84c2e19ffadf198b8a9cda602038d76618baea911d502824abbb0913e,det-v1,1,accepted,2531,87,0.002,0.0007399900,true,false
call-001299,arm12_cth,cal/f6/s6100007/no_alert__twin,47,deepseek/deepseek-chat,sha256:72514da84c2e19ffadf198b8a9cda602038d76618baea911d502824abbb0913e,det-v1,1,accepted,2531,87,0.002,0.0007399900,true,false
call-001300,arm12b_cth_llm,cal/f6/s6100007/no_alert__twin,47,deepseek/deepseek-chat,sha256:72514da84c2e19ffadf198b8a9cda602038d76618baea911d502824abbb0913e,det-v1,1,accepted,2531,87,0.002,0.0007399900,true,false
