call_id,arm_id,episode_id,period,model_id,prompt_hash,decoding_hash,attempt_index,outcome,input_tokens,output_tokens,latency_ms,usd_cost,cache_hit,physical
call-000001,arm8_spec_immediate,dev/f1/s1050000/no_alert,25,step-3.7-flash,sha256:44bf1eefa2b7d715c0d7b3ca73223fdebf436e74c85aa12898aff8fe01db1d6c,det-v1,1,,1703,12149,48715.069,0.0143119500,false,true
call-000002,arm8_spec_immediate,dev/f1/s1050000/no_alert,25,step-3.7-flash,sha256:44bf1eefa2b7d715c0d7b3ca73223fdebf436e74c85aa12898aff8fe01db1d6c,det-v1,1,accepted,1703,12149,48715.069,0.0143119500,false,false
call-000003,arm8_spec_immediate,dev/f1/s1050000/no_alert,31,step-3.7-flash,sha256:47ad355a5311562897f4f94fdf777e8c5e1ea2efd86e4bab1ca623a31aeae227,det-v1,1,,1931,28640,118786.225,0.0333222000,false,true
call-000004,arm8_spec_immediate,dev/f1/s1050000/no_alert,31,step-3.7-flash,sha256:47ad355a5311562897f4f94fdf777e8c5e1ea2efd86e4bab1ca623a31aeae227,det-v1,1,accepted,1931,28640,118786.225,0.0333222000,false,false
call-000005,arm9_spec_heuristic_rollback,dev/f1/s1050000/no_alert,25,step-3.7-flash,sha256:44bf1eefa2b7d715c0d7b3ca73223fdebf436e74c85aa12898aff8fe01db1d6c,det-v1,1,accepted,1703,12149,0.004,0.0143119500,true,false
call-000006,arm9_spec_heuristic_rollback,dev/f1/s1050000/no_alert,31,step-3.7-flash,sha256:47ad355a5311562897f4f94fdf777e8c5e1ea2efd86e4bab1ca623a31aeae227,det-v1,1,accepted,1931,28640,0.003,0.0333222000,true,false
call-000007,arm10_spec_eprocess,dev/f1/s1050000/no_alert,25,step-3.7-flash,sha256:44bf1eefa2b7d715c0d7b3ca73223fdebf436e74c85aa12898aff8fe01db1d6c,det-v1,1,accepted,1703,12149,0.003,0.0143119500,true,false
call-000008,arm10_spec_eprocess,dev/f1/s1050000/no_alert,31,step-3.7-flash,sha256:47ad355a5311562897f4f94fdf777e8c5e1ea2efd86e4bab1ca623a31aeae227,det-v1,1,accepted,1931,28640,0.003,0.0333222000,true,false
call-000009,arm8_spec_immediate,cal/f1/s1060000/no_alert,21,step-3.7-flash,sha256:249789656ae5417cddd9c2d50aefe2953eb2dfd6712e4fc8ffef296ff8bd630b,det-v1,1,,1551,5441,25214.614,0.0065673500,false,true
call-000010,arm8_spec_immediate,cal/f1/s1060000/no_alert,21,step-3.7-flash,sha256:249789656ae5417cddd9c2d50aefe2953eb2dfd6712e4fc8ffef296ff8bd630b,det-v1,1,accepted,1551,5441,25214.614,0.0065673500,false,false
call-000011,arm8_spec_immediate,cal/f1/s1060000/no_alert,49,step-3.7-flash,sha256:f31378609f866110e5d991446cbfece37023a1283ebc08ee6cf5330f042ebef8,det-v1,1,,2615,2339,20232.181,0.0032128500,false,true
call-000012,arm8_spec_immediate,cal/f1/s1060000/no_alert,49,step-3.7-flash,sha256:f31378609f866110e5d991446cbfece37023a1283ebc08ee6cf5330f042ebef8,det-v1,1,accepted,2615,2339,20232.181,0.0032128500,false,false
call-000013,arm9_spec_heuristic_rollback,cal/f1/s1060000/no_alert,21,step-3.7-flash,sha256:249789656ae5417cddd9c2d50aefe2953eb2dfd6712e4fc8ffef296ff8bd630b,det-v1,1,accepted,1551,5441,0.004,0.0065673500,true,false
call-000014,arm9_spec_heuristic_rollback,cal/f1/s1060000/no_alert,49,step-3.7-flash,sha256:f31378609f866110e5d991446cbfece37023a1283ebc08ee6cf5330f042ebef8,det-v1,1,accepted,2615,2339,0.003,0.0032128500,true,false
call-000015,arm10_spec_eprocess,cal/f1/s1060000/no_alert,21,step-3.7-flash,sha256:249789656ae5417cddd9c2d50aefe2953eb2dfd6712e4fc8ffef296ff8bd630b,det-v1,1,accepted,1551,5441,0.003,0.0065673500,true,false
call-000016,arm10_spec_eprocess,cal/f1/s1060000/no_alert,49,step-3.7-flash,sha256:b95839bc6fd3f0f4128260b59e34d6027501e878bab5e62dd5ab5a2e1380fd28,det-v1,1,,2615,30393,128002.168,0.0354749500,false,true
call-000017,arm10_spec_eprocess,cal/f1/s1060000/no_alert,49,step-3.7-flash,sha256:b95839bc6fd3f0f4128260b59e34d6027501e878bab5e62dd5ab5a2e1380fd28,det-v1,1,accepted,2615,30393,128002.168,0.0354749500,false,false
call-000018,arm8_spec_immediate,dev/f1/s1050001/no_alert,23,step-3.7-flash,sha256:f60d59ed7e2f36138301f870e0acb2ca2ff2083246ef93312c3282f5219aea45,det-v1,1,,1627,5866,27032.815,0.0070713000,false,true
call-000019,arm8_spec_immediate,dev/f1/s1050001/no_alert,23,step-3.7-flash,sha256:f60d59ed7e2f36138301f870e0acb2ca2ff2083246ef93312c3282f5219aea45,det-v1,1,accepted,1627,5866,27032.815,0.0070713000,false,false
call-000020,arm8_spec_immediate,dev/f1/s1050001/no_alert,32,step-3.7-flash,sha256:66165df63f080a05a67a487af0cb6fedb81ce1b675f926baee069f3b8e64c172,det-v1,1,,1969,2668,13620.495,0.0034620000,false,true
call-000021,arm8_spec_immediate,dev/f1/s1050001/no_alert,32,step-3.7-flash,sha256:66165df63f080a05a67a487af0cb6fedb81ce1b675f926baee069f3b8e64c172,det-v1,1,accepted,1969,2668,13620.495,0.0034620000,false,false
call-000022,arm9_spec_heuristic_rollback,dev/f1/s1050001/no_alert,23,step-3.7-flash,sha256:f60d59ed7e2f36138301f870e0acb2ca2ff2083246ef93312c3282f5219aea45,det-v1,1,accepted,1627,5866,0.003,0.0070713000,true,false
call-000023,arm9_spec_heuristic_rollback,dev/f1/s1050001/no_alert,32,step-3.7-flash,sha256:66165df63f080a05a67a487af0cb6fedb81ce1b675f926baee069f3b8e64c172,det-v1,1,accepted,1969,2668,0.003,0.0034620000,true,false
call-000024,arm10_spec_eprocess,dev/f1/s1050001/no_alert,23,step-3.7-flash,sha256:f60d59ed7e2f36138301f870e0acb2ca2ff2083246ef93312c3282f5219aea45,det-v1,1,accepted,1627,5866,0.003,0.0070713000,true,false
call-000025,arm10_spec_eprocess,dev/f1/s1050001/no_alert,32,step-3.7-flash,sha256:da90a80bac057f5b907a7121cd94ede88e465dd7ae9a8403a5dadc641e5a8370,det-v1,1,,1969,3781,16082.888,0.0047419500,false,true
call-000026,arm10_spec_eprocess,dev/f1/s1050001/no_alert,32,step-3.7-flash,sha256:da90a80bac057f5b907a7121cd94ede88e465dd7ae9a8403a5dadc641e5a8370,det-v1,1,accepted,1969,3781,16082.888,0.0047419500,false,false
call-000027,arm8_spec_immediate,cal/f1/s1060001/no_alert,36,step-3.7-flash,sha256:4bf626d5f449c9b3ea81b95644440fc3d8ca0b18d886cb0fd70ed1eaed6dfa18,det-v1,1,,2121,11036,46768.294,0.0131156000,false,true
call-000028,arm8_spec_immediate,cal/f1/s1060001/no_alert,36,step-3.7-flash,sha256:4bf626d5f449c9b3ea81b95644440fc3d8ca0b18d886cb0fd70ed1eaed6dfa18,det-v1,1,accepted,2121,11036,46768.294,0.0131156000,false,false
call-000029,arm8_spec_immediate,cal/f1/s1060001/no_alert,46,step-3.7-flash,sha256:8d8d841384d75db7c6043815c640bf984dc4119088fb66ae3a35c15f30839e9f,det-v1,1,,2501,9901,41930.025,0.0118863500,false,true
call-000030,arm8_spec_immediate,cal/f1/s1060001/no_alert,46,step-3.7-flash,sha256:8d8d841384d75db7c6043815c640bf984dc4119088fb66ae3a35c15f30839e9f,det-v1,1,accepted,2501,9901,41930.025,0.0118863500,false,false
call-000031,arm9_spec_heuristic_rollback,cal/f1/s1060001/no_alert,36,step-3.7-flash,sha256:4bf626d5f449c9b3ea81b95644440fc3d8ca0b18d886cb0fd70ed1eaed6dfa18,det-v1,1,accepted,2121,11036,0.005,0.0131156000,true,false
call-000032,arm9_spec_heuristic_rollback,cal/f1/s1060001/no_alert,46,step-3.7-flash,sha256:8d8d841384d75db7c6043815c640bf984dc4119088fb66ae3a35c15f30839e9f,det-v1,1,accepted,2501,9901,0.004,0.0118863500,true,false
call-000033,arm10_spec_eprocess,cal/f1/s1060001/no_alert,36,step-3.7-flash,sha256:4bf626d5f449c9b3ea81b95644440fc3d8ca0b18d886cb0fd70ed1eaed6dfa18,det-v1,1,accepted,2121,11036,0.005,0.0131156000,true,false
call-000034,arm10_spec_eprocess,cal/f1/s1060001/no_alert,46,step-3.7-flash,sha256:8d8d841384d75db7c6043815c640bf984dc4119088fb66ae3a35c15f30839e9f,det-v1,1,accepted,2501,9901,0.004,0.0118863500,true,false
call-000035,arm8_spec_immediate,dev/f1/s1050000/early_accurate,16,step-3.7-flash,sha256:3e0fcc5f06e1f7c5308dad3634972b7d5a503058b9612969149b5f066ab404c9,det-v1,1,accepted,1399,6313,0.004,0.0075397500,true,false
call-000036,arm8_spec_immediate,dev/f1/s1050000/early_accurate,25,step-3.7-flash,sha256:146013516c4ffb821258bb380bd5b5217b105ea81dfbd427dffa4d92fd262648,det-v1,1,accepted,1741,7681,0.002,0.0091813500,true,false
call-000037,arm9_spec_heuristic_rollback,dev/f1/s1050000/early_accurate,16,step-3.7-flash,sha256:3e0fcc5f06e1f7c5308dad3634972b7d5a503058b9612969149b5f066ab404c9,det-v1,1,accepted,1399,6313,0.002,0.0075397500,true,false
call-000038,arm9_spec_heuristic_rollback,dev/f1/s1050000/early_accurate,25,step-3.7-flash,sha256:146013516c4ffb821258bb380bd5b5217b105ea81dfbd427dffa4d92fd262648,det-v1,1,accepted,1741,7681,0.001,0.0091813500,true,false
call-000039,arm10_spec_eprocess,dev/f1/s1050000/early_accurate,16,step-3.7-flash,sha256:3e0fcc5f06e1f7c5308dad3634972b7d5a503058b9612969149b5f066ab404c9,det-v1,1,accepted,1399,6313,0.002,0.0075397500,true,false
call-000040,arm10_spec_eprocess,dev/f1/s1050000/early_accurate,25,step-3.7-flash,sha256:9d670095093bdfd2566eb92a2b4dc0b6843ac5bd28e85e10440f318a50a8ab09,det-v1,1,accepted,1741,22204,0.001,0.0258828000,true,false
call-000041,arm8_spec_immediate,cal/f1/s1060000/early_accurate,17,step-3.7-flash,sha256:6dbf50d926d5ef39eb2b0d59cff5fd631b9d8181d45cd7a2c10162edb354ade6,det-v1,1,,1441,4621,23719.592,0.0056023500,false,true
call-000042,arm8_spec_immediate,cal/f1/s1060000/early_accurate,17,step-3.7-flash,sha256:6dbf50d926d5ef39eb2b0d59cff5fd631b9d8181d45cd7a2c10162edb354ade6,det-v1,1,accepted,1441,4621,23719.592,0.0056023500,false,false
call-000043,arm8_spec_immediate,cal/f1/s1060000/early_accurate,23,step-3.7-flash,sha256:41a97311a6e8427f19dc64f308e99b9f0e7691ff69626205e8ff9035bc7a6d46,det-v1,1,,1669,11133,49486.249,0.0131367500,false,true
call-000044,arm8_spec_immediate,cal/f1/s1060000/early_accurate,23,step-3.7-flash,sha256:41a97311a6e8427f19dc64f308e99b9f0e7691ff69626205e8ff9035bc7a6d46,det-v1,1,accepted,1669,11133,49486.249,0.0131367500,false,false
call-000045,arm9_spec_heuristic_rollback,cal/f1/s1060000/early_accurate,17,step-3.7-flash,sha256:6dbf50d926d5ef39eb2b0d59cff5fd631b9d8181d45cd7a2c10162edb354ade6,det-v1,1,accepted,1441,4621,0.004,0.0056023500,true,false
call-000046,arm9_spec_heuristic_rollback,cal/f1/s1060000/early_accurate,23,step-3.7-flash,sha256:41a97311a6e8427f19dc64f308e99b9f0e7691ff69626205e8ff9035bc7a6d46,det-v1,1,accepted,1669,11133,0.003,0.0131367500,true,false
call-000047,arm10_spec_eprocess,cal/f1/s1060000/early_accurate,17,step-3.7-flash,sha256:6dbf50d926d5ef39eb2b0d59cff5fd631b9d8181d45cd7a2c10162edb354ade6,det-v1,1,accepted,1441,4621,0.004,0.0056023500,true,false
call-000048,arm10_spec_eprocess,cal/f1/s1060000/early_accurate,23,step-3.7-flash,sha256:b8880e241df6be08e78678131fbe42f366871f1937323b0a527dc777a6598be6,det-v1,1,,1669,8340,39105.774,0.0099248000,false,true
call-000049,arm10_spec_eprocess,cal/f1/s1060000/early_accurate,23,step-3.7-flash,sha256:b8880e241df6be08e78678131fbe42f366871f1937323b0a527dc777a6598be6,det-v1,1,accepted,1669,8340,39105.774,0.0099248000,false,false
call-000050,arm8_spec_immediate,dev/f1/s1050001/early_accurate,15,step-3.7-flash,sha256:db96d658dc118100c74e8ba91570eacac83054f65a470feb0c031cd66cd3b99d,det-v1,1,,1361,4798,28251.014,0.0057899000,false,true
call-000051,arm8_spec_immediate,dev/f1/s1050001/early_accurate,15,step-3.7-flash,sha256:db96d658dc118100c74e8ba91570eacac83054f65a470feb0c031cd66cd3b99d,det-v1,1,accepted,1361,4798,28251.014,0.0057899000,false,false
call-000052,arm8_spec_immediate,dev/f1/s1050001/early_accurate,23,step-3.7-flash,sha256:541798bf33e4c49842b031a1b5b2f7b676744903c698f362ba199152b10e9ab4,det-v1,1,,1665,12990,58796.308,0.0152715000,false,true
call-000053,arm8_spec_immediate,dev/f1/s1050001/early_accurate,23,step-3.7-flash,sha256:541798bf33e4c49842b031a1b5b2f7b676744903c698f362ba199152b10e9ab4,det-v1,1,accepted,1665,12990,58796.308,0.0152715000,false,false
call-000054,arm9_spec_heuristic_rollback,dev/f1/s1050001/early_accurate,15,step-3.7-flash,sha256:db96d658dc118100c74e8ba91570eacac83054f65a470feb0c031cd66cd3b99d,det-v1,1,accepted,1361,4798,0.003,0.0057899000,true,false
call-000055,arm9_spec_heuristic_rollback,dev/f1/s1050001/early_accurate,23,step-3.7-flash,sha256:541798bf33e4c49842b031a1b5b2f7b676744903c698f362ba199152b10e9ab4,det-v1,1,accepted,1665,12990,0.003,0.0152715000,true,false
call-000056,arm10_spec_eprocess,dev/f1/s1050001/early_accurate,15,step-3.7-flash,sha256:db96d658dc118100c74e8ba91570eacac83054f65a470feb0c031cd66cd3b99d,det-v1,1,accepted,1361,4798,0.003,0.0057899000,true,false
call-000057,arm10_spec_eprocess,dev/f1/s1050001/early_accurate,23,step-3.7-flash,sha256:defeec7f2dd3246ba345a58541cf88106c0dfa0c18d4321d875a429b5715bc88,det-v1,1,,1665,5535,33103.650,0.0066982500,false,true
call-000058,arm10_spec_eprocess,dev/f1/s1050001/early_accurate,23,step-3.7-flash,sha256:defeec7f2dd3246ba345a58541cf88106c0dfa0c18d4321d875a429b5715bc88,det-v1,1,accepted,1665,5535,33103.650,0.0066982500,false,false
call-000059,arm8_spec_immediate,cal/f1/s1060001/early_accurate,21,step-3.7-flash,sha256:c92d94c346d891eb3d9ee418774283e9994129a1c6a6c575db4b41fd6d9e3663,det-v1,1,,1592,6835,33490.360,0.0081786500,false,true
call-000060,arm8_spec_immediate,cal/f1/s1060001/early_accurate,21,step-3.7-flash,sha256:c92d94c346d891eb3d9ee418774283e9994129a1c6a6c575db4b41fd6d9e3663,det-v1,1,accepted,1592,6835,33490.360,0.0081786500,false,false
call-000061,arm8_spec_immediate,cal/f1/s1060001/early_accurate,36,step-3.7-flash,sha256:7a09a250d97ab696398ed996e28c89e1ea8b2b26dd7687140cfa40f6487b0e62,det-v1,1,,2162,4407,23561.448,0.0055004500,false,true
call-000062,arm8_spec_immediate,cal/f1/s1060001/early_accurate,36,step-3.7-flash,sha256:7a09a250d97ab696398ed996e28c89e1ea8b2b26dd7687140cfa40f6487b0e62,det-v1,1,accepted,2162,4407,23561.448,0.0055004500,false,false
call-000063,arm9_spec_heuristic_rollback,cal/f1/s1060001/early_accurate,21,step-3.7-flash,sha256:c92d94c346d891eb3d9ee418774283e9994129a1c6a6c575db4b41fd6d9e3663,det-v1,1,accepted,1592,6835,0.003,0.0081786500,true,false
call-000064,arm9_spec_heuristic_rollback,cal/f1/s1060001/early_accurate,36,step-3.7-flash,sha256:7a09a250d97ab696398ed996e28c89e1ea8b2b26dd7687140cfa40f6487b0e62,det-v1,1,accepted,2162,4407,0.003,0.0055004500,true,false
call-000065,arm10_spec_eprocess,cal/f1/s1060001/early_accurate,21,step-3.7-flash,sha256:c92d94c346d891eb3d9ee418774283e9994129a1c6a6c575db4b41fd6d9e3663,det-v1,1,accepted,1592,6835,0.003,0.0081786500,true,false
call-000066,arm10_spec_eprocess,cal/f1/s1060001/early_accurate,36,step-3.7-flash,sha256:3003dac493e10cb415ae2cbcae6ffcd5164733cbd7dd4ef37aee569836d130c1,det-v1,1,,2162,3660,16927.846,0.0046414000,false,true
call-000067,arm10_spec_eprocess,cal/f1/s1060001/early_accurate,36,step-3.7-flash,sha256:3003dac493e10cb415ae2cbcae6ffcd5164733cbd7dd4ef37aee569836d130c1,det-v1,1,accepted,2162,3660,16927.846,0.0046414000,false,false
call-000068,arm8_spec_immediate,dev/f1/s1050000/late_accurate,19,step-3.7-flash,sha256:ac01ea1af9082fc9ab121f94c08192fe410f8daad7fb6cc7239d79eefc8550e9,det-v1,1,,1513,2923,15109.305,0.0036640500,false,true
call-000069,arm8_spec_immediate,dev/f1/s1050000/late_accurate,19,step-3.7-flash,sha256:ac01ea1af9082fc9ab121f94c08192fe410f8daad7fb6cc7239d79eefc8550e9,det-v1,1,accepted,1513,2923,15109.305,0.0036640500,false,false
call-000070,arm8_spec_immediate,dev/f1/s1050000/late_accurate,25,step-3.7-flash,sha256:00dd998a5097bb57bb5045e49079d17fb53da39f6eb3c54be7f5bebb5ea100d4,det-v1,1,,1741,6735,30090.324,0.0080934500,false,true
call-000071,arm8_spec_immediate,dev/f1/s1050000/late_accurate,25,step-3.7-flash,sha256:00dd998a5097bb57bb5045e49079d17fb53da39f6eb3c54be7f5bebb5ea100d4,det-v1,1,accepted,1741,6735,30090.324,0.0080934500,false,false
call-000072,arm9_spec_heuristic_rollback,dev/f1/s1050000/late_accurate,19,step-3.7-flash,sha256:ac01ea1af9082fc9ab121f94c08192fe410f8daad7fb6cc7239d79eefc8550e9,det-v1,1,accepted,1513,2923,0.003,0.0036640500,true,false
call-000073,arm9_spec_heuristic_rollback,dev/f1/s1050000/late_accurate,25,step-3.7-flash,sha256:00dd998a5097bb57bb5045e49079d17fb53da39f6eb3c54be7f5bebb5ea100d4,det-v1,1,accepted,1741,6735,0.003,0.0080934500,true,false
call-000074,arm10_spec_eprocess,dev/f1/s1050000/late_accurate,19,step-3.7-flash,sha256:ac01ea1af9082fc9ab121f94c08192fe410f8daad7fb6cc7239d79eefc8550e9,det-v1,1,accepted,1513,2923,0.003,0.0036640500,true,false
call-000075,arm10_spec_eprocess,dev/f1/s1050000/late_accurate,25,step-3.7-flash,sha256:00dd998a5097bb57bb5045e49079d17fb53da39f6eb3c54be7f5bebb5ea100d4,det-v1,1,accepted,1741,6735,0.003,0.0080934500,true,false
call-000076,arm8_spec_immediate,cal/f1/s1060000/late_accurate,20,step-3.7-flash,sha256:7e45ea7bed35dd5c9c7031e7b6eebaf36a146fb322d57e37c531a67b27d547ba,det-v1,1,,1555,3273,14714.556,0.0040749500,false,true
call-000077,arm8_spec_immediate,cal/f1/s1060000/late_accurate,20,step-3.7-flash,sha256:7e45ea7bed35dd5c9c7031e7b6eebaf36a146fb322d57e37c531a67b27d547ba,det-v1,1,accepted,1555,3273,14714.556,0.0040749500,false,false
call-000078,arm8_spec_immediate,cal/f1/s1060000/late_accurate,49,step-3.7-flash,sha256:d730f5813e252f7dc5560ecee080e909427f8618817cfa4f37f7c10792e5fdbc,det-v1,1,,2657,13005,55800.195,0.0154871500,false,true
call-000079,arm8_spec_immediate,cal/f1/s1060000/late_accurate,49,step-3.7-flash,sha256:d730f5813e252f7dc5560ecee080e909427f8618817cfa4f37f7c10792e5fdbc,det-v1,1,accepted,2657,13005,55800.195,0.0154871500,false,false
call-000080,arm9_spec_heuristic_rollback,cal/f1/s1060000/late_accurate,20,step-3.7-flash,sha256:7e45ea7bed35dd5c9c7031e7b6eebaf36a146fb322d57e37c531a67b27d547ba,det-v1,1,accepted,1555,3273,0.003,0.0040749500,true,false
call-000081,arm9_spec_heuristic_rollback,cal/f1/s1060000/late_accurate,49,step-3.7-flash,sha256:d730f5813e252f7dc5560ecee080e909427f8618817cfa4f37f7c10792e5fdbc,det-v1,1,accepted,2657,13005,0.004,0.0154871500,true,false
call-000082,arm10_spec_eprocess,cal/f1/s1060000/late_accurate,20,step-3.7-flash,sha256:7e45ea7bed35dd5c9c7031e7b6eebaf36a146fb322d57e37c531a67b27d547ba,det-v1,1,accepted,1555,3273,0.003,0.0040749500,true,false
call-000083,arm10_spec_eprocess,cal/f1/s1060000/late_accurate,49,step-3.7-flash,sha256:bbac5bb93249fac6f23821aefa7fe0e738216a9a7b277a41169e601b5890f15b,det-v1,1,,2657,6137,33408.415,0.0075889500,false,true
call-000084,arm10_spec_eprocess,cal/f1/s1060000/late_accurate,49,step-3.7-flash,sha256:bbac5bb93249fac6f23821aefa7fe0e738216a9a7b277a41169e601b5890f15b,det-v1,1,accepted,2657,6137,33408.415,0.0075889500,false,false
call-000085,arm8_spec_immediate,dev/f1/s1050001/late_accurate,18,step-3.7-flash,sha256:9421ed081917eb19e1b3af87579f48f32b70982256c8b3ddc4cedd419cfc2ffb,det-v1,1,,1475,8001,34190.298,0.0094961500,false,true
call-000086,arm8_spec_immediate,dev/f1/s1050001/late_accurate,18,step-3.7-flash,sha256:9421ed081917eb19e1b3af87579f48f32b70982256c8b3ddc4cedd419cfc2ffb,det-v1,1,accepted,1475,8001,34190.298,0.0094961500,false,false
call-000087,arm8_spec_immediate,dev/f1/s1050001/late_accurate,25,step-3.7-flash,sha256:73a8c617e10a8cdfc1a316bff602d83d2c51c80750e8f39644fa9878b547137f,det-v1,1,,1741,5321,20473.318,0.0064673500,false,true
call-000088,arm8_spec_immediate,dev/f1/s1050001/late_accurate,25,step-3.7-flash,sha256:73a8c617e10a8cdfc1a316bff602d83d2c51c80750e8f39644fa9878b547137f,det-v1,1,accepted,1741,5321,20473.318,0.0064673500,false,false
call-000089,arm9_spec_heuristic_rollback,dev/f1/s1050001/late_accurate,18,step-3.7-flash,sha256:9421ed081917eb19e1b3af87579f48f32b70982256c8b3ddc4cedd419cfc2ffb,det-v1,1,accepted,1475,8001,0.003,0.0094961500,true,false
call-000090,arm9_spec_heuristic_rollback,dev/f1/s1050001/late_accurate,25,step-3.7-flash,sha256:73a8c617e10a8cdfc1a316bff602d83d2c51c80750e8f39644fa9878b547137f,det-v1,1,accepted,1741,5321,0.003,0.0064673500,true,false
call-000091,arm10_spec_eprocess,dev/f1/s1050001/late_accurate,18,step-3.7-flash,sha256:9421ed081917eb19e1b3af87579f48f32b70982256c8b3ddc4cedd419cfc2ffb,det-v1,1,accepted,1475,8001,0.003,0.0094961500,true,false
call-000092,arm10_spec_eprocess,dev/f1/s1050001/late_accurate,25,step-3.7-flash,sha256:658ab093efb75363058c50a0dc365b280b670ddb951134cfe82fb73628ae0eeb,det-v1,1,,1741,6858,26707.297,0.0082349000,false,true
call-000093,arm10_spec_eprocess,dev/f1/s1050001/late_accurate,25,step-3.7-flash,sha256:658ab093efb75363058c50a0dc365b280b670ddb951134cfe82fb73628ae0eeb,det-v1,1,accepted,1741,6858,26707.297,0.0082349000,false,false
call-000094,arm8_spec_immediate,cal/f1/s1060001/late_accurate,24,step-3.7-flash,sha256:6e112f273806720122a5c12656569dc9b29c9ad58a027e36edb10dcd43a90bb4,det-v1,1,,1706,8016,31191.831,0.0095596000,false,true
call-000095,arm8_spec_immediate,cal/f1/s1060001/late_accurate,24,step-3.7-flash,sha256:6e112f273806720122a5c12656569dc9b29c9ad58a027e36edb10dcd43a90bb4,det-v1,1,accepted,1706,8016,31191.831,0.0095596000,false,false
call-000096,arm8_spec_immediate,cal/f1/s1060001/late_accurate,36,step-3.7-flash,sha256:93ca96ed8603e7a2aeb7440d2105f767e1ab20a335ae98b6dd024beab815db61,det-v1,1,,2162,8889,41412.465,0.0106547500,false,true
call-000097,arm8_spec_immediate,cal/f1/s1060001/late_accurate,36,step-3.7-flash,sha256:93ca96ed8603e7a2aeb7440d2105f767e1ab20a335ae98b6dd024beab815db61,det-v1,1,accepted,2162,8889,41412.465,0.0106547500,false,false
call-000098,arm9_spec_heuristic_rollback,cal/f1/s1060001/late_accurate,24,step-3.7-flash,sha256:6e112f273806720122a5c12656569dc9b29c9ad58a027e36edb10dcd43a90bb4,det-v1,1,accepted,1706,8016,0.011,0.0095596000,true,false
call-000099,arm9_spec_heuristic_rollback,cal/f1/s1060001/late_accurate,36,step-3.7-flash,sha256:93ca96ed8603e7a2aeb7440d2105f767e1ab20a335ae98b6dd024beab815db61,det-v1,1,accepted,2162,8889,0.003,0.0106547500,true,false
call-000100,arm10_spec_eprocess,cal/f1/s1060001/late_accurate,24,step-3.7-flash,sha256:6e112f273806720122a5c12656569dc9b29c9ad58a027e36edb10dcd43a90bb4,det-v1,1,accepted,1706,8016,0.003,0.0095596000,true,false
call-000101,arm10_spec_eprocess,cal/f1/s1060001/late_accurate,36,step-3.7-flash,sha256:ec1f73e11060ffd3cd1685e3f62351118889994711e4045b5443ca48eb084ced,det-v1,1,,2162,3095,14499.990,0.0039916500,false,true
call-000102,arm10_spec_eprocess,cal/f1/s1060001/late_accurate,36,step-3.7-flash,sha256:ec1f73e11060ffd3cd1685e3f62351118889994711e4045b5443ca48eb084ced,det-v1,1,accepted,2162,3095,14499.990,0.0039916500,false,false
call-000103,arm8_spec_immediate,dev/f1/s1050000/unreliable,16,step-3.7-flash,sha256:4a66ab39da4baeff9e37a92af87c22945321871c70dd84283a46b3890c1b4f85,det-v1,1,,1401,4134,17070.311,0.0050343000,false,true
call-000104,arm8_spec_immediate,dev/f1/s1050000/unreliable,16,step-3.7-flash,sha256:4a66ab39da4baeff9e37a92af87c22945321871c70dd84283a46b3890c1b4f85,det-v1,1,accepted,1401,4134,17070.311,0.0050343000,false,false
call-000105,arm8_spec_immediate,dev/f1/s1050000/unreliable,25,step-3.7-flash,sha256:3d2519b11cf59568c7a01a4b7806af6ece74ebdf2c71a1fc1d195d0d3709d47a,det-v1,1,,1743,4027,22618.055,0.0049796500,false,true
call-000106,arm8_spec_immediate,dev/f1/s1050000/unreliable,25,step-3.7-flash,sha256:3d2519b11cf59568c7a01a4b7806af6ece74ebdf2c71a1fc1d195d0d3709d47a,det-v1,1,accepted,1743,4027,22618.055,0.0049796500,false,false
call-000107,arm9_spec_heuristic_rollback,dev/f1/s1050000/unreliable,16,step-3.7-flash,sha256:4a66ab39da4baeff9e37a92af87c22945321871c70dd84283a46b3890c1b4f85,det-v1,1,accepted,1401,4134,0.002,0.0050343000,true,false
call-000108,arm9_spec_heuristic_rollback,dev/f1/s1050000/unreliable,25,step-3.7-flash,sha256:3d2519b11cf59568c7a01a4b7806af6ece74ebdf2c71a1fc1d195d0d3709d47a,det-v1,1,accepted,1743,4027,0.002,0.0049796500,true,false
call-000109,arm10_spec_eprocess,dev/f1/s1050000/unreliable,16,step-3.7-flash,sha256:4a66ab39da4baeff9e37a92af87c22945321871c70dd84283a46b3890c1b4f85,det-v1,1,accepted,1401,4134,0.002,0.0050343000,true,false
call-000110,arm10_spec_eprocess,dev/f1/s1050000/unreliable,25,step-3.7-flash,sha256:e19e6354cdedf983e5f01858c0044708983308339dc75de62fd3450c2720785a,det-v1,1,,1743,3250,13604.399,0.0040861000,false,true
call-000111,arm10_spec_eprocess,dev/f1/s1050000/unreliable,25,step-3.7-flash,sha256:e19e6354cdedf983e5f01858c0044708983308339dc75de62fd3450c2720785a,det-v1,1,accepted,1743,3250,13604.399,0.0040861000,false,false
call-000112,arm8_spec_immediate,dev/f1/s1050000/unreliable__twin,10,step-3.7-flash,sha256:2e1427c67adc9c0dac3e8199277871939734505a204318ba016a4ec6254e355b,det-v1,1,accepted,1169,8471,0.002,0.0099754500,true,false
call-000113,arm9_spec_heuristic_rollback,dev/f1/s1050000/unreliable__twin,10,step-3.7-flash,sha256:2e1427c67adc9c0dac3e8199277871939734505a204318ba016a4ec6254e355b,det-v1,1,accepted,1169,8471,0.001,0.0099754500,true,false
call-000114,arm10_spec_eprocess,dev/f1/s1050000/unreliable__twin,10,step-3.7-flash,sha256:2e1427c67adc9c0dac3e8199277871939734505a204318ba016a4ec6254e355b,det-v1,1,accepted,1169,8471,0.001,0.0099754500,true,false
call-000115,arm8_spec_immediate,cal/f1/s1060000/unreliable,17,step-3.7-flash,sha256:013c3bfb9bb1c8a0b8de13bc560bfdc7d6208a8374b3a1447688f78dbe7cf524,det-v1,1,,1444,1810,8971.184,0.0023703000,false,true
call-000116,arm8_spec_immediate,cal/f1/s1060000/unreliable,17,step-3.7-flash,sha256:013c3bfb9bb1c8a0b8de13bc560bfdc7d6208a8374b3a1447688f78dbe7cf524,det-v1,1,accepted,1444,1810,8971.184,0.0023703000,false,false
call-000117,arm8_spec_immediate,cal/f1/s1060000/unreliable,23,step-3.7-flash,sha256:c4f6789ac637c9a3bca5c6f0c2c7c90fbcbe001533e5ba279187c84fec6e17e7,det-v1,1,,1672,11755,54311.015,0.0138526500,false,true
call-000118,arm8_spec_immediate,cal/f1/s1060000/unreliable,23,step-3.7-flash,sha256:c4f6789ac637c9a3bca5c6f0c2c7c90fbcbe001533e5ba279187c84fec6e17e7,det-v1,1,accepted,1672,11755,54311.015,0.0138526500,false,false
call-000119,arm9_spec_heuristic_rollback,cal/f1/s1060000/unreliable,17,step-3.7-flash,sha256:013c3bfb9bb1c8a0b8de13bc560bfdc7d6208a8374b3a1447688f78dbe7cf524,det-v1,1,accepted,1444,1810,0.003,0.0023703000,true,false
call-000120,arm9_spec_heuristic_rollback,cal/f1/s1060000/unreliable,23,step-3.7-flash,sha256:c4f6789ac637c9a3bca5c6f0c2c7c90fbcbe001533e5ba279187c84fec6e17e7,det-v1,1,accepted,1672,11755,0.003,0.0138526500,true,false
call-000121,arm10_spec_eprocess,cal/f1/s1060000/unreliable,17,step-3.7-flash,sha256:013c3bfb9bb1c8a0b8de13bc560bfdc7d6208a8374b3a1447688f78dbe7cf524,det-v1,1,accepted,1444,1810,0.003,0.0023703000,true,false
call-000122,arm10_spec_eprocess,cal/f1/s1060000/unreliable,23,step-3.7-flash,sha256:c4f6789ac637c9a3bca5c6f0c2c7c90fbcbe001533e5ba279187c84fec6e17e7,det-v1,1,accepted,1672,11755,0.003,0.0138526500,true,false
call-000123,arm8_spec_immediate,cal/f1/s1060000/unreliable__twin,10,step-3.7-flash,sha256:51af409975e390e5587a3af457c65ed30bc4403972781a632fed2bf6558e9ed6,det-v1,1,,1173,9229,53161.649,0.0108479500,false,true
call-000124,arm8_spec_immediate,cal/f1/s1060000/unreliable__twin,10,step-3.7-flash,sha256:51af409975e390e5587a3af457c65ed30bc4403972781a632fed2bf6558e9ed6,det-v1,1,accepted,1173,9229,53161.649,0.0108479500,false,false
call-000125,arm9_spec_heuristic_rollback,cal/f1/s1060000/unreliable__twin,10,step-3.7-flash,sha256:51af409975e390e5587a3af457c65ed30bc4403972781a632fed2bf6558e9ed6,det-v1,1,accepted,1173,9229,0.002,0.0108479500,true,false
call-000126,arm10_spec_eprocess,cal/f1/s1060000/unreliable__twin,10,step-3.7-flash,sha256:51af409975e390e5587a3af457c65ed30bc4403972781a632fed2bf6558e9ed6,det-v1,1,accepted,1173,9229,0.002,0.0108479500,true,false
call-000127,arm8_spec_immediate,dev/f1/s1050001/unreliable,15,step-3.7-flash,sha256:5cbbacb324abf968283d6bca7e065dd53778fd848cafe8bc2194763e4a54d1c9,det-v1,1,,1349,4038,20658.364,0.0049135000,false,true
call-000128,arm8_spec_immediate,dev/f1/s1050001/unreliable,15,step-3.7-flash,sha256:5cbbacb324abf968283d6bca7e065dd53778fd848cafe8bc2194763e4a54d1c9,det-v1,1,accepted,1349,4038,20658.364,0.0049135000,false,false
call-000129,arm8_spec_immediate,dev/f1/s1050001/unreliable,23,step-3.7-flash,sha256:d660f3106f86b33d50ecd3659462c5a25a96960664d54360463824c7244dacfb,det-v1,1,,1653,7158,33144.849,0.0085623000,false,true
call-000130,arm8_spec_immediate,dev/f1/s1050001/unreliable,23,step-3.7-flash,sha256:d660f3106f86b33d50ecd3659462c5a25a96960664d54360463824c7244dacfb,det-v1,1,accepted,1653,7158,33144.849,0.0085623000,false,false
call-000131,arm9_spec_heuristic_rollback,dev/f1/s1050001/unreliable,15,step-3.7-flash,sha256:5cbbacb324abf968283d6bca7e065dd53778fd848cafe8bc2194763e4a54d1c9,det-v1,1,accepted,1349,4038,0.003,0.0049135000,true,false
call-000132,arm9_spec_heuristic_rollback,dev/f1/s1050001/unreliable,23,step-3.7-flash,sha256:d660f3106f86b33d50ecd3659462c5a25a96960664d54360463824c7244dacfb,det-v1,1,accepted,1653,7158,0.003,0.0085623000,true,false
call-000133,arm10_spec_eprocess,dev/f1/s1050001/unreliable,15,step-3.7-flash,sha256:5cbbacb324abf968283d6bca7e065dd53778fd848cafe8bc2194763e4a54d1c9,det-v1,1,accepted,1349,4038,0.003,0.0049135000,true,false
call-000134,arm10_spec_eprocess,dev/f1/s1050001/unreliable,23,step-3.7-flash,sha256:d660f3106f86b33d50ecd3659462c5a25a96960664d54360463824c7244dacfb,det-v1,1,accepted,1653,7158,0.003,0.0085623000,true,false
call-000135,arm8_spec_immediate,dev/f1/s1050001/unreliable__twin,10,step-3.7-flash,sha256:c3b4e22d713a3085231849055ecfd2f58fc48b87f6275ed84daf8a4491cefa38,det-v1,1,,1173,5976,37335.269,0.0071070000,false,true
call-000136,arm8_spec_immediate,dev/f1/s1050001/unreliable__twin,10,step-3.7-flash,sha256:c3b4e22d713a3085231849055ecfd2f58fc48b87f6275ed84daf8a4491cefa38,det-v1,1,accepted,1173,5976,37335.269,0.0071070000,false,false
call-000137,arm9_spec_heuristic_rollback,dev/f1/s1050001/unreliable__twin,10,step-3.7-flash,sha256:c3b4e22d713a3085231849055ecfd2f58fc48b87f6275ed84daf8a4491cefa38,det-v1,1,accepted,1173,5976,0.002,0.0071070000,true,false
call-000138,arm10_spec_eprocess,dev/f1/s1050001/unreliable__twin,10,step-3.7-flash,sha256:c3b4e22d713a3085231849055ecfd2f58fc48b87f6275ed84daf8a4491cefa38,det-v1,1,accepted,1173,5976,0.001,0.0071070000,true,false
call-000139,arm8_spec_immediate,cal/f1/s1060001/unreliable,21,step-3.7-flash,sha256:f86439480ff46fd8abc313576670a1f6c87d835e3a841dc94cedd578c0d7cedc,det-v1,1,,1590,3811,18607.431,0.0047006500,false,true
call-000140,arm8_spec_immediate,cal/f1/s1060001/unreliable,21,step-3.7-flash,sha256:f86439480ff46fd8abc313576670a1f6c87d835e3a841dc94cedd578c0d7cedc,det-v1,1,accepted,1590,3811,18607.431,0.0047006500,false,false
call-000141,arm8_spec_immediate,cal/f1/s1060001/unreliable,36,step-3.7-flash,sha256:6e81109eb84b23ddf42812301dc4501785616ea11308377d538987f90f43489a,det-v1,1,,2160,5286,30263.770,0.0065109000,false,true
call-000142,arm8_spec_immediate,cal/f1/s1060001/unreliable,36,step-3.7-flash,sha256:6e81109eb84b23ddf42812301dc4501785616ea11308377d538987f90f43489a,det-v1,1,accepted,2160,5286,30263.770,0.0065109000,false,false
call-000143,arm9_spec_heuristic_rollback,cal/f1/s1060001/unreliable,21,step-3.7-flash,sha256:f86439480ff46fd8abc313576670a1f6c87d835e3a841dc94cedd578c0d7cedc,det-v1,1,accepted,1590,3811,0.003,0.0047006500,true,false
call-000144,arm9_spec_heuristic_rollback,cal/f1/s1060001/unreliable,36,step-3.7-flash,sha256:6e81109eb84b23ddf42812301dc4501785616ea11308377d538987f90f43489a,det-v1,1,accepted,2160,5286,0.003,0.0065109000,true,false
call-000145,arm10_spec_eprocess,cal/f1/s1060001/unreliable,21,step-3.7-flash,sha256:f86439480ff46fd8abc313576670a1f6c87d835e3a841dc94cedd578c0d7cedc,det-v1,1,accepted,1590,3811,0.003,0.0047006500,true,false
call-000146,arm10_spec_eprocess,cal/f1/s1060001/unreliable,36,step-3.7-flash,sha256:7401fc429664eba4a0c55d2911d4c425d271add0c8079625108898d0fdaed8ea,det-v1,1,,2160,7130,43133.064,0.0086315000,false,true
call-000147,arm10_spec_eprocess,cal/f1/s1060001/unreliable,36,step-3.7-flash,sha256:7401fc429664eba4a0c55d2911d4c425d271add0c8079625108898d0fdaed8ea,det-v1,1,accepted,2160,7130,43133.064,0.0086315000,false,false
call-000148,arm8_spec_immediate,cal/f1/s1060001/unreliable__twin,10,step-3.7-flash,sha256:ed706a0b3ce0219a1170aafc9d46cb2888e9150c040fab5def52c79dfdb10cde,det-v1,1,,1175,7975,39849.125,0.0094062500,false,true
call-000149,arm8_spec_immediate,cal/f1/s1060001/unreliable__twin,10,step-3.7-flash,sha256:ed706a0b3ce0219a1170aafc9d46cb2888e9150c040fab5def52c79dfdb10cde,det-v1,1,accepted,1175,7975,39849.125,0.0094062500,false,false
call-000150,arm9_spec_heuristic_rollback,cal/f1/s1060001/unreliable__twin,10,step-3.7-flash,sha256:ed706a0b3ce0219a1170aafc9d46cb2888e9150c040fab5def52c79dfdb10cde,det-v1,1,accepted,1175,7975,0.003,0.0094062500,true,false
call-000151,arm10_spec_eprocess,cal/f1/s1060001/unreliable__twin,10,step-3.7-flash,sha256:ed706a0b3ce0219a1170aafc9d46cb2888e9150c040fab5def52c79dfdb10cde,det-v1,1,accepted,1175,7975,0.002,0.0094062500,true,false
call-000152,arm8_spec_immediate,dev/f2/s2050000/no_alert,28,step-3.7-flash,sha256:af0af233ab28e81f106ed84d82763dd24a0439b8931c6f17e0ce25f004c40d59,det-v1,1,,1817,4505,23051.342,0.0055441500,false,true
call-000153,arm8_spec_immediate,dev/f2/s2050000/no_alert,28,step-3.7-flash,sha256:af0af233ab28e81f106ed84d82763dd24a0439b8931c6f17e0ce25f004c40d59,det-v1,1,accepted,1817,4505,23051.342,0.0055441500,false,false
call-000154,arm8_spec_immediate,dev/f2/s2050000/no_alert,37,step-3.7-flash,sha256:4c204553c388bd5569db8b07a106e16564dd9bb1d82129cfd57801acabefb8e9,det-v1,1,,2159,3302,17087.161,0.0042291000,false,true
call-000155,arm8_spec_immediate,dev/f2/s2050000/no_alert,37,step-3.7-flash,sha256:4c204553c388bd5569db8b07a106e16564dd9bb1d82129cfd57801acabefb8e9,det-v1,1,accepted,2159,3302,17087.161,0.0042291000,false,false
call-000156,arm9_spec_heuristic_rollback,dev/f2/s2050000/no_alert,28,step-3.7-flash,sha256:af0af233ab28e81f106ed84d82763dd24a0439b8931c6f17e0ce25f004c40d59,det-v1,1,accepted,1817,4505,0.002,0.0055441500,true,false
call-000157,arm9_spec_heuristic_rollback,dev/f2/s2050000/no_alert,37,step-3.7-flash,sha256:4c204553c388bd5569db8b07a106e16564dd9bb1d82129cfd57801acabefb8e9,det-v1,1,accepted,2159,3302,0.003,0.0042291000,true,false
call-000158,arm10_spec_eprocess,dev/f2/s2050000/no_alert,28,step-3.7-flash,sha256:af0af233ab28e81f106ed84d82763dd24a0439b8931c6f17e0ce25f004c40d59,det-v1,1,accepted,1817,4505,0.003,0.0055441500,true,false
call-000159,arm10_spec_eprocess,dev/f2/s2050000/no_alert,37,step-3.7-flash,sha256:4c204553c388bd5569db8b07a106e16564dd9bb1d82129cfd57801acabefb8e9,det-v1,1,accepted,2159,3302,0.003,0.0042291000,true,false
call-000160,arm8_spec_immediate,dev/f2/s2050000/no_alert__twin,10,step-3.7-flash,sha256:289a94a42594a454caf6eaed34a5210d0f5f56f70908e8914d0bc63d549cbba7,det-v1,1,,1170,13990,57925.732,0.0163225000,false,true
call-000161,arm8_spec_immediate,dev/f2/s2050000/no_alert__twin,10,step-3.7-flash,sha256:289a94a42594a454caf6eaed34a5210d0f5f56f70908e8914d0bc63d549cbba7,det-v1,1,accepted,1170,13990,57925.732,0.0163225000,false,false
call-000162,arm8_spec_immediate,dev/f2/s2050000/no_alert__twin,43,step-3.7-flash,sha256:56a0e8cf4bc9b86b3955f449b875818a0f59b3cce43bc80cbec4dd56c2f273b5,det-v1,1,,2424,12964,60013.288,0.0153934000,false,true
call-000163,arm8_spec_immediate,dev/f2/s2050000/no_alert__twin,43,step-3.7-flash,sha256:56a0e8cf4bc9b86b3955f449b875818a0f59b3cce43bc80cbec4dd56c2f273b5,det-v1,1,accepted,2424,12964,60013.288,0.0153934000,false,false
call-000164,arm9_spec_heuristic_rollback,dev/f2/s2050000/no_alert__twin,10,step-3.7-flash,sha256:289a94a42594a454caf6eaed34a5210d0f5f56f70908e8914d0bc63d549cbba7,det-v1,1,accepted,1170,13990,0.003,0.0163225000,true,false
call-000165,arm9_spec_heuristic_rollback,dev/f2/s2050000/no_alert__twin,43,step-3.7-flash,sha256:975075d25ea71140965b97dd04855a3bbe8d6578384f7fffd70840b03bc8898b,det-v1,1,,2424,10962,44130.017,0.0130911000,false,true
call-000166,arm9_spec_heuristic_rollback,dev/f2/s2050000/no_alert__twin,43,step-3.7-flash,sha256:975075d25ea71140965b97dd04855a3bbe8d6578384f7fffd70840b03bc8898b,det-v1,1,accepted,2424,10962,44130.017,0.0130911000,false,false
call-000167,arm10_spec_eprocess,dev/f2/s2050000/no_alert__twin,10,step-3.7-flash,sha256:289a94a42594a454caf6eaed34a5210d0f5f56f70908e8914d0bc63d549cbba7,det-v1,1,accepted,1170,13990,0.003,0.0163225000,true,false
call-000168,arm10_spec_eprocess,dev/f2/s2050000/no_alert__twin,43,step-3.7-flash,sha256:d9d1e1bc4c337e8b8e5ad8b351e14d1225e90e55eaa381f7f81a5d25e19dcb5f,det-v1,1,,2424,4053,16630.887,0.0051457500,false,true
call-000169,arm10_spec_eprocess,dev/f2/s2050000/no_alert__twin,43,step-3.7-flash,sha256:d9d1e1bc4c337e8b8e5ad8b351e14d1225e90e55eaa381f7f81a5d25e19dcb5f,det-v1,1,accepted,2424,4053,16630.887,0.0051457500,false,false
call-000170,arm8_spec_immediate,cal/f2/s2060000/no_alert,22,step-3.7-flash,sha256:684217c88d63ef39fc8102f84de8a32e1357955c3d09d1bfd70129526fe83a05,det-v1,1,,1589,3871,20528.419,0.0047694500,false,true
call-000171,arm8_spec_immediate,cal/f2/s2060000/no_alert,22,step-3.7-flash,sha256:684217c88d63ef39fc8102f84de8a32e1357955c3d09d1bfd70129526fe83a05,det-v1,1,accepted,1589,3871,20528.419,0.0047694500,false,false
call-000172,arm8_spec_immediate,cal/f2/s2060000/no_alert,37,step-3.7-flash,sha256:19281758d40fdf50a1fbfd7518f23283448cd1594536488dc2d4969e92a569b7,det-v1,1,,2159,2701,21063.316,0.0035379500,false,true
call-000173,arm8_spec_immediate,cal/f2/s2060000/no_alert,37,step-3.7-flash,sha256:19281758d40fdf50a1fbfd7518f23283448cd1594536488dc2d4969e92a569b7,det-v1,1,accepted,2159,2701,21063.316,0.0035379500,false,false
call-000174,arm9_spec_heuristic_rollback,cal/f2/s2060000/no_alert,22,step-3.7-flash,sha256:684217c88d63ef39fc8102f84de8a32e1357955c3d09d1bfd70129526fe83a05,det-v1,1,accepted,1589,3871,0.003,0.0047694500,true,false
call-000175,arm9_spec_heuristic_rollback,cal/f2/s2060000/no_alert,37,step-3.7-flash,sha256:19281758d40fdf50a1fbfd7518f23283448cd1594536488dc2d4969e92a569b7,det-v1,1,accepted,2159,2701,0.003,0.0035379500,true,false
call-000176,arm10_spec_eprocess,cal/f2/s2060000/no_alert,22,step-3.7-flash,sha256:684217c88d63ef39fc8102f84de8a32e1357955c3d09d1bfd70129526fe83a05,det-v1,1,accepted,1589,3871,0.003,0.0047694500,true,false
call-000177,arm10_spec_eprocess,cal/f2/s2060000/no_alert,37,step-3.7-flash,sha256:19281758d40fdf50a1fbfd7518f23283448cd1594536488dc2d4969e92a569b7,det-v1,1,accepted,2159,2701,0.003,0.0035379500,true,false
call-000178,arm8_spec_immediate,cal/f2/s2060000/no_alert__twin,10,step-3.7-flash,sha256:4c3275f47e8f19c6bc12f5a421eb87e787dbdb65a41bfdcaf7dbdc7cd3ff51bb,det-v1,1,,1175,6758,29844.296,0.0080067000,false,true
call-000179,arm8_spec_immediate,cal/f2/s2060000/no_alert__twin,10,step-3.7-flash,sha256:4c3275f47e8f19c6bc12f5a421eb87e787dbdb65a41bfdcaf7dbdc7cd3ff51bb,det-v1,1,accepted,1175,6758,29844.296,0.0080067000,false,false
call-000180,arm9_spec_heuristic_rollback,cal/f2/s2060000/no_alert__twin,10,step-3.7-flash,sha256:4c3275f47e8f19c6bc12f5a421eb87e787dbdb65a41bfdcaf7dbdc7cd3ff51bb,det-v1,1,accepted,1175,6758,0.001,0.0080067000,true,false
call-000181,arm10_spec_eprocess,cal/f2/s2060000/no_alert__twin,10,step-3.7-flash,sha256:4c3275f47e8f19c6bc12f5a421eb87e787dbdb65a41bfdcaf7dbdc7cd3ff51bb,det-v1,1,accepted,1175,6758,0.001,0.0080067000,true,false
call-000182,arm8_spec_immediate,dev/f2/s2050001/no_alert,27,step-3.7-flash,sha256:fa02755b5aedabdbc0441184ea48467deafe8bdff17d27f39faaea575ccbd4ad,det-v1,1,,1779,4507,22419.472,0.0055388500,false,true
call-000183,arm8_spec_immediate,dev/f2/s2050001/no_alert,27,step-3.7-flash,sha256:fa02755b5aedabdbc0441184ea48467deafe8bdff17d27f39faaea575ccbd4ad,det-v1,1,accepted,1779,4507,22419.472,0.0055388500,false,false
call-000184,arm8_spec_immediate,dev/f2/s2050001/no_alert,44,step-3.7-flash,sha256:07ec965ee4677ce0ec4c76ec98c185dc51adae65f607687fa84bde0655e1832d,det-v1,1,,2425,3740,19512.817,0.0047860000,false,true
call-000185,arm8_spec_immediate,dev/f2/s2050001/no_alert,44,step-3.7-flash,sha256:07ec965ee4677ce0ec4c76ec98c185dc51adae65f607687fa84bde0655e1832d,det-v1,1,accepted,2425,3740,19512.817,0.0047860000,false,false
call-000186,arm9_spec_heuristic_rollback,dev/f2/s2050001/no_alert,27,step-3.7-flash,sha256:fa02755b5aedabdbc0441184ea48467deafe8bdff17d27f39faaea575ccbd4ad,det-v1,1,accepted,1779,4507,0.004,0.0055388500,true,false
call-000187,arm9_spec_heuristic_rollback,dev/f2/s2050001/no_alert,44,step-3.7-flash,sha256:07ec965ee4677ce0ec4c76ec98c185dc51adae65f607687fa84bde0655e1832d,det-v1,1,accepted,2425,3740,0.003,0.0047860000,true,false
call-000188,arm10_spec_eprocess,dev/f2/s2050001/no_alert,27,step-3.7-flash,sha256:fa02755b5aedabdbc0441184ea48467deafe8bdff17d27f39faaea575ccbd4ad,det-v1,1,accepted,1779,4507,0.003,0.0055388500,true,false
call-000189,arm10_spec_eprocess,dev/f2/s2050001/no_alert,44,step-3.7-flash,sha256:bfed48d6ed96c9035f4f64d3cd7fbd908531c5d1b353a0901bb2fd59b6951174,det-v1,1,,2425,6821,27460.464,0.0083291500,false,true
call-000190,arm10_spec_eprocess,dev/f2/s2050001/no_alert,44,step-3.7-flash,sha256:bfed48d6ed96c9035f4f64d3cd7fbd908531c5d1b353a0901bb2fd59b6951174,det-v1,1,accepted,2425,6821,27460.464,0.0083291500,false,false
call-000191,arm8_spec_immediate,dev/f2/s2050001/no_alert__twin,10,step-3.7-flash,sha256:b2a9c674bbb26d818364c884d0fc511d6823a135efc10c02a8f3a5af1a0f1e58,det-v1,1,,1177,9825,44614.888,0.0115341500,false,true
call-000192,arm8_spec_immediate,dev/f2/s2050001/no_alert__twin,10,step-3.7-flash,sha256:b2a9c674bbb26d818364c884d0fc511d6823a135efc10c02a8f3a5af1a0f1e58,det-v1,1,accepted,1177,9825,44614.888,0.0115341500,false,false
call-000193,arm9_spec_heuristic_rollback,dev/f2/s2050001/no_alert__twin,10,step-3.7-flash,sha256:b2a9c674bbb26d818364c884d0fc511d6823a135efc10c02a8f3a5af1a0f1e58,det-v1,1,accepted,1177,9825,0.004,0.0115341500,true,false
call-000194,arm10_spec_eprocess,dev/f2/s2050001/no_alert__twin,10,step-3.7-flash,sha256:b2a9c674bbb26d818364c884d0fc511d6823a135efc10c02a8f3a5af1a0f1e58,det-v1,1,accepted,1177,9825,0.003,0.0115341500,true,false
call-000195,arm8_spec_immediate,cal/f2/s2060001/no_alert,37,step-3.7-flash,sha256:f5751902a7bf4c8d5d64034311c6c099484f5744a92c37d0d154ef93cfe2a018,det-v1,1,,2159,2944,12707.114,0.0038174000,false,true
call-000196,arm8_spec_immediate,cal/f2/s2060001/no_alert,37,step-3.7-flash,sha256:f5751902a7bf4c8d5d64034311c6c099484f5744a92c37d0d154ef93cfe2a018,det-v1,1,accepted,2159,2944,12707.114,0.0038174000,false,false
call-000197,arm8_spec_immediate,cal/f2/s2060001/no_alert,46,step-3.7-flash,sha256:cfdab99e744f08f7c030ba5893083e916bf058ca7269364b7ccbdeb47ddd9209,det-v1,1,,2501,3549,14956.799,0.0045815500,false,true
call-000198,arm8_spec_immediate,cal/f2/s2060001/no_alert,46,step-3.7-flash,sha256:cfdab99e744f08f7c030ba5893083e916bf058ca7269364b7ccbdeb47ddd9209,det-v1,1,accepted,2501,3549,14956.799,0.0045815500,false,false
call-000199,arm9_spec_heuristic_rollback,cal/f2/s2060001/no_alert,37,step-3.7-flash,sha256:f5751902a7bf4c8d5d64034311c6c099484f5744a92c37d0d154ef93cfe2a018,det-v1,1,accepted,2159,2944,0.003,0.0038174000,true,false
call-000200,arm9_spec_heuristic_rollback,cal/f2/s2060001/no_alert,46,step-3.7-flash,sha256:cfdab99e744f08f7c030ba5893083e916bf058ca7269364b7ccbdeb47ddd9209,det-v1,1,accepted,2501,3549,0.002,0.0045815500,true,false
call-000201,arm10_spec_eprocess,cal/f2/s2060001/no_alert,37,step-3.7-flash,sha256:f5751902a7bf4c8d5d64034311c6c099484f5744a92c37d0d154ef93cfe2a018,det-v1,1,accepted,2159,2944,0.002,0.0038174000,true,false
call-000202,arm10_spec_eprocess,cal/f2/s2060001/no_alert,46,step-3.7-flash,sha256:cfdab99e744f08f7c030ba5893083e916bf058ca7269364b7ccbdeb47ddd9209,det-v1,1,accepted,2501,3549,0.002,0.0045815500,true,false
call-000203,arm8_spec_immediate,cal/f2/s2060001/no_alert__twin,10,step-3.7-flash,sha256:58bd188f6a32a50a5a554340f99ae48e5b9a33f17f66b9112cfbd6af106b46b8,det-v1,1,,1175,7121,44116.260,0.0084241500,false,true
call-000204,arm8_spec_immediate,cal/f2/s2060001/no_alert__twin,10,step-3.7-flash,sha256:58bd188f6a32a50a5a554340f99ae48e5b9a33f17f66b9112cfbd6af106b46b8,det-v1,1,accepted,1175,7121,44116.260,0.0084241500,false,false
call-000205,arm9_spec_heuristic_rollback,cal/f2/s2060001/no_alert__twin,10,step-3.7-flash,sha256:58bd188f6a32a50a5a554340f99ae48e5b9a33f17f66b9112cfbd6af106b46b8,det-v1,1,accepted,1175,7121,0.002,0.0084241500,true,false
call-000206,arm10_spec_eprocess,cal/f2/s2060001/no_alert__twin,10,step-3.7-flash,sha256:58bd188f6a32a50a5a554340f99ae48e5b9a33f17f66b9112cfbd6af106b46b8,det-v1,1,accepted,1175,7121,0.002,0.0084241500,true,false
call-000207,arm8_spec_immediate,dev/f2/s2050000/early_accurate,28,step-3.7-flash,sha256:fde173d7d183b817ae3cdccd98d10ebb262b0d0cdd0cc33684c367e3eb1f42e9,det-v1,1,,1817,6039,31639.185,0.0073082500,false,true
call-000208,arm8_spec_immediate,dev/f2/s2050000/early_accurate,28,step-3.7-flash,sha256:fde173d7d183b817ae3cdccd98d10ebb262b0d0cdd0cc33684c367e3eb1f42e9,det-v1,1,accepted,1817,6039,31639.185,0.0073082500,false,false
call-000209,arm8_spec_immediate,dev/f2/s2050000/early_accurate,37,step-3.7-flash,sha256:8ece392d1e703f86e358ccdbdc210b081005e8dc1a709bcaf5387523e52ee65c,det-v1,1,,2159,1680,13005.521,0.0023638000,false,true
call-000210,arm8_spec_immediate,dev/f2/s2050000/early_accurate,37,step-3.7-flash,sha256:8ece392d1e703f86e358ccdbdc210b081005e8dc1a709bcaf5387523e52ee65c,det-v1,1,accepted,2159,1680,13005.521,0.0023638000,false,false
call-000211,arm9_spec_heuristic_rollback,dev/f2/s2050000/early_accurate,28,step-3.7-flash,sha256:fde173d7d183b817ae3cdccd98d10ebb262b0d0cdd0cc33684c367e3eb1f42e9,det-v1,1,accepted,1817,6039,0.003,0.0073082500,true,false
call-000212,arm9_spec_heuristic_rollback,dev/f2/s2050000/early_accurate,37,step-3.7-flash,sha256:8ece392d1e703f86e358ccdbdc210b081005e8dc1a709bcaf5387523e52ee65c,det-v1,1,accepted,2159,1680,0.003,0.0023638000,true,false
call-000213,arm10_spec_eprocess,dev/f2/s2050000/early_accurate,28,step-3.7-flash,sha256:fde173d7d183b817ae3cdccd98d10ebb262b0d0cdd0cc33684c367e3eb1f42e9,det-v1,1,accepted,1817,6039,0.003,0.0073082500,true,false
call-000214,arm10_spec_eprocess,dev/f2/s2050000/early_accurate,37,step-3.7-flash,sha256:8ece392d1e703f86e358ccdbdc210b081005e8dc1a709bcaf5387523e52ee65c,det-v1,1,accepted,2159,1680,0.003,0.0023638000,true,false
call-000215,arm8_spec_immediate,dev/f2/s2050000/early_accurate__twin,10,step-3.7-flash,sha256:9e175f101258fc7c293274a4b6fc412ec4cc52c2948c6098a7e4cfa19aa5432c,det-v1,1,,1170,12143,58152.163,0.0141984500,false,true
call-000216,arm8_spec_immediate,dev/f2/s2050000/early_accurate__twin,10,step-3.7-flash,sha256:9e175f101258fc7c293274a4b6fc412ec4cc52c2948c6098a7e4cfa19aa5432c,det-v1,1,accepted,1170,12143,58152.163,0.0141984500,false,false
call-000217,arm8_spec_immediate,dev/f2/s2050000/early_accurate__twin,43,step-3.7-flash,sha256:7b8ac5fd55bb072bfae8ff18cd1533bc75c48df3494051a8397a3fcf2520292c,det-v1,1,,2424,13750,54877.725,0.0162973000,false,true
call-000218,arm8_spec_immediate,dev/f2/s2050000/early_accurate__twin,43,step-3.7-flash,sha256:7b8ac5fd55bb072bfae8ff18cd1533bc75c48df3494051a8397a3fcf2520292c,det-v1,1,accepted,2424,13750,54877.725,0.0162973000,false,false
call-000219,arm9_spec_heuristic_rollback,dev/f2/s2050000/early_accurate__twin,10,step-3.7-flash,sha256:9e175f101258fc7c293274a4b6fc412ec4cc52c2948c6098a7e4cfa19aa5432c,det-v1,1,accepted,1170,12143,0.003,0.0141984500,true,false
call-000220,arm9_spec_heuristic_rollback,dev/f2/s2050000/early_accurate__twin,43,step-3.7-flash,sha256:8f980efb4358bd9d7eae918c792318d3b49f54fd80b625fea6f284a9b0c5800a,det-v1,1,,2424,8101,45597.795,0.0098009500,false,true
call-000221,arm9_spec_heuristic_rollback,dev/f2/s2050000/early_accurate__twin,43,step-3.7-flash,sha256:8f980efb4358bd9d7eae918c792318d3b49f54fd80b625fea6f284a9b0c5800a,det-v1,1,accepted,2424,8101,45597.795,0.0098009500,false,false
call-000222,arm10_spec_eprocess,dev/f2/s2050000/early_accurate__twin,10,step-3.7-flash,sha256:9e175f101258fc7c293274a4b6fc412ec4cc52c2948c6098a7e4cfa19aa5432c,det-v1,1,accepted,1170,12143,0.003,0.0141984500,true,false
call-000223,arm10_spec_eprocess,dev/f2/s2050000/early_accurate__twin,43,step-3.7-flash,sha256:ae04f64ee252bcb926e69cc41c8e247f76eb8905312db665baa26572acbfbdc3,det-v1,1,,2424,8774,37173.251,0.0105749000,false,true
call-000224,arm10_spec_eprocess,dev/f2/s2050000/early_accurate__twin,43,step-3.7-flash,sha256:ae04f64ee252bcb926e69cc41c8e247f76eb8905312db665baa26572acbfbdc3,det-v1,1,accepted,2424,8774,37173.251,0.0105749000,false,false
call-000225,arm8_spec_immediate,cal/f2/s2060000/early_accurate,22,step-3.7-flash,sha256:846c62516fdc87fecc5f159594cc699221526718f811b26c95f4a351254a6aaa,det-v1,1,,1589,9407,39932.443,0.0111358500,false,true
call-000226,arm8_spec_immediate,cal/f2/s2060000/early_accurate,22,step-3.7-flash,sha256:846c62516fdc87fecc5f159594cc699221526718f811b26c95f4a351254a6aaa,det-v1,1,accepted,1589,9407,39932.443,0.0111358500,false,false
call-000227,arm8_spec_immediate,cal/f2/s2060000/early_accurate,37,step-3.7-flash,sha256:19983827861874b374b89f1bb9e1d014a0e38c8fc00961c7494ae2450ccac4d6,det-v1,1,,2159,9020,38995.224,0.0108048000,false,true
call-000228,arm8_spec_immediate,cal/f2/s2060000/early_accurate,37,step-3.7-flash,sha256:19983827861874b374b89f1bb9e1d014a0e38c8fc00961c7494ae2450ccac4d6,det-v1,1,accepted,2159,9020,38995.224,0.0108048000,false,false
call-000229,arm9_spec_heuristic_rollback,cal/f2/s2060000/early_accurate,22,step-3.7-flash,sha256:846c62516fdc87fecc5f159594cc699221526718f811b26c95f4a351254a6aaa,det-v1,1,accepted,1589,9407,0.003,0.0111358500,true,false
call-000230,arm9_spec_heuristic_rollback,cal/f2/s2060000/early_accurate,37,step-3.7-flash,sha256:19983827861874b374b89f1bb9e1d014a0e38c8fc00961c7494ae2450ccac4d6,det-v1,1,accepted,2159,9020,0.003,0.0108048000,true,false
call-000231,arm10_spec_eprocess,cal/f2/s2060000/early_accurate,22,step-3.7-flash,sha256:846c62516fdc87fecc5f159594cc699221526718f811b26c95f4a351254a6aaa,det-v1,1,accepted,1589,9407,0.003,0.0111358500,true,false
call-000232,arm10_spec_eprocess,cal/f2/s2060000/early_accurate,37,step-3.7-flash,sha256:904bc03d975247efe5e36492414922c815a7de91adda04869322a3e093811bab,det-v1,1,,2159,7073,39723.641,0.0085657500,false,true
call-000233,arm10_spec_eprocess,cal/f2/s2060000/early_accurate,37,step-3.7-flash,sha256:904bc03d975247efe5e36492414922c815a7de91adda04869322a3e093811bab,det-v1,1,accepted,2159,7073,39723.641,0.0085657500,false,false
call-000234,arm8_spec_immediate,cal/f2/s2060000/early_accurate__twin,10,step-3.7-flash,sha256:6c2e690daf7f84c7d6818548417f1b580168e1188a638ad581c3a95ce671c2b1,det-v1,1,,1175,5271,29436.212,0.0062966500,false,true
call-000235,arm8_spec_immediate,cal/f2/s2060000/early_accurate__twin,10,step-3.7-flash,sha256:6c2e690daf7f84c7d6818548417f1b580168e1188a638ad581c3a95ce671c2b1,det-v1,1,accepted,1175,5271,29436.212,0.0062966500,false,false
call-000236,arm9_spec_heuristic_rollback,cal/f2/s2060000/early_accurate__twin,10,step-3.7-flash,sha256:6c2e690daf7f84c7d6818548417f1b580168e1188a638ad581c3a95ce671c2b1,det-v1,1,accepted,1175,5271,0.002,0.0062966500,true,false
call-000237,arm10_spec_eprocess,cal/f2/s2060000/early_accurate__twin,10,step-3.7-flash,sha256:6c2e690daf7f84c7d6818548417f1b580168e1188a638ad581c3a95ce671c2b1,det-v1,1,accepted,1175,5271,0.001,0.0062966500,true,false
call-000238,arm8_spec_immediate,dev/f2/s2050001/early_accurate,27,step-3.7-flash,sha256:c7d8bc0121d22c872aa0cb2ab7e1b8e2264a4315e0ebf4d74a7b1e53875bece6,det-v1,1,,1779,4443,22938.566,0.0054652500,false,true
call-000239,arm8_spec_immediate,dev/f2/s2050001/early_accurate,27,step-3.7-flash,sha256:c7d8bc0121d22c872aa0cb2ab7e1b8e2264a4315e0ebf4d74a7b1e53875bece6,det-v1,1,accepted,1779,4443,22938.566,0.0054652500,false,false
call-000240,arm8_spec_immediate,dev/f2/s2050001/early_accurate,44,step-3.7-flash,sha256:baf5e1108733005e1a011e1c7003de90f550f61a79ecf69583461e08c8a071c1,det-v1,1,,2425,3484,17425.914,0.0044916000,false,true
call-000241,arm8_spec_immediate,dev/f2/s2050001/early_accurate,44,step-3.7-flash,sha256:baf5e1108733005e1a011e1c7003de90f550f61a79ecf69583461e08c8a071c1,det-v1,1,accepted,2425,3484,17425.914,0.0044916000,false,false
call-000242,arm9_spec_heuristic_rollback,dev/f2/s2050001/early_accurate,27,step-3.7-flash,sha256:c7d8bc0121d22c872aa0cb2ab7e1b8e2264a4315e0ebf4d74a7b1e53875bece6,det-v1,1,accepted,1779,4443,0.003,0.0054652500,true,false
call-000243,arm9_spec_heuristic_rollback,dev/f2/s2050001/early_accurate,44,step-3.7-flash,sha256:baf5e1108733005e1a011e1c7003de90f550f61a79ecf69583461e08c8a071c1,det-v1,1,accepted,2425,3484,0.003,0.0044916000,true,false
call-000244,arm10_spec_eprocess,dev/f2/s2050001/early_accurate,27,step-3.7-flash,sha256:c7d8bc0121d22c872aa0cb2ab7e1b8e2264a4315e0ebf4d74a7b1e53875bece6,det-v1,1,accepted,1779,4443,0.003,0.0054652500,true,false
call-000245,arm10_spec_eprocess,dev/f2/s2050001/early_accurate,44,step-3.7-flash,sha256:baf5e1108733005e1a011e1c7003de90f550f61a79ecf69583461e08c8a071c1,det-v1,1,accepted,2425,3484,0.003,0.0044916000,true,false
call-000246,arm8_spec_immediate,dev/f2/s2050001/early_accurate__twin,10,step-3.7-flash,sha256:94b5152d3d8fed49565ecef5a54d53ba4d96294b08b2a724abd029c30e1f3553,det-v1,1,,1177,7052,34664.018,0.0083452000,false,true
call-000247,arm8_spec_immediate,dev/f2/s2050001/early_accurate__twin,10,step-3.7-flash,sha256:94b5152d3d8fed49565ecef5a54d53ba4d96294b08b2a724abd029c30e1f3553,det-v1,1,accepted,1177,7052,34664.018,0.0083452000,false,false
call-000248,arm9_spec_heuristic_rollback,dev/f2/s2050001/early_accurate__twin,10,step-3.7-flash,sha256:94b5152d3d8fed49565ecef5a54d53ba4d96294b08b2a724abd029c30e1f3553,det-v1,1,accepted,1177,7052,0.001,0.0083452000,true,false
call-000249,arm10_spec_eprocess,dev/f2/s2050001/early_accurate__twin,10,step-3.7-flash,sha256:94b5152d3d8fed49565ecef5a54d53ba4d96294b08b2a724abd029c30e1f3553,det-v1,1,accepted,1177,7052,0.001,0.0083452000,true,false
call-000250,arm8_spec_immediate,cal/f2/s2060001/early_accurate,37,step-3.7-flash,sha256:65e5c7393eb87fcfd1fd87ab3dc145cc5c9b3bd8687f6450c04e9d7856f4b086,det-v1,1,,2159,5579,24786.872,0.0068476500,false,true
call-000251,arm8_spec_immediate,cal/f2/s2060001/early_accurate,37,step-3.7-flash,sha256:65e5c7393eb87fcfd1fd87ab3dc145cc5c9b3bd8687f6450c04e9d7856f4b086,det-v1,1,accepted,2159,5579,24786.872,0.0068476500,false,false
call-000252,arm8_spec_immediate,cal/f2/s2060001/early_accurate,46,step-3.7-flash,sha256:ba2e4029e4e590eae939ef2863162ec0bf2cd79b6c8648a5b8bd35d52400b654,det-v1,1,,2501,4024,22792.011,0.0051278000,false,true
call-000253,arm8_spec_immediate,cal/f2/s2060001/early_accurate,46,step-3.7-flash,sha256:ba2e4029e4e590eae939ef2863162ec0bf2cd79b6c8648a5b8bd35d52400b654,det-v1,1,accepted,2501,4024,22792.011,0.0051278000,false,false
call-000254,arm9_spec_heuristic_rollback,cal/f2/s2060001/early_accurate,37,step-3.7-flash,sha256:65e5c7393eb87fcfd1fd87ab3dc145cc5c9b3bd8687f6450c04e9d7856f4b086,det-v1,1,accepted,2159,5579,0.003,0.0068476500,true,false
call-000255,arm9_spec_heuristic_rollback,cal/f2/s2060001/early_accurate,46,step-3.7-flash,sha256:ba2e4029e4e590eae939ef2863162ec0bf2cd79b6c8648a5b8bd35d52400b654,det-v1,1,accepted,2501,4024,0.003,0.0051278000,true,false
call-000256,arm10_spec_eprocess,cal/f2/s2060001/early_accurate,37,step-3.7-flash,sha256:65e5c7393eb87fcfd1fd87ab3dc145cc5c9b3bd8687f6450c04e9d7856f4b086,det-v1,1,accepted,2159,5579,0.003,0.0068476500,true,false
call-000257,arm10_spec_eprocess,cal/f2/s2060001/early_accurate,46,step-3.7-flash,sha256:ba2e4029e4e590eae939ef2863162ec0bf2cd79b6c8648a5b8bd35d52400b654,det-v1,1,accepted,2501,4024,0.003,0.0051278000,true,false
call-000258,arm8_spec_immediate,cal/f2/s2060001/early_accurate__twin,10,step-3.7-flash,sha256:830c1000e43bf17eda1efed7b197d2dc2ee7ae36bba50abede25dcacabd6a272,det-v1,1,,1175,14801,73043.072,0.0172561500,false,true
call-000259,arm8_spec_immediate,cal/f2/s2060001/early_accurate__twin,10,step-3.7-flash,sha256:830c1000e43bf17eda1efed7b197d2dc2ee7ae36bba50abede25dcacabd6a272,det-v1,1,accepted,1175,14801,73043.072,0.0172561500,false,false
call-000260,arm9_spec_heuristic_rollback,cal/f2/s2060001/early_accurate__twin,10,step-3.7-flash,sha256:830c1000e43bf17eda1efed7b197d2dc2ee7ae36bba50abede25dcacabd6a272,det-v1,1,accepted,1175,14801,0.003,0.0172561500,true,false
call-000261,arm10_spec_eprocess,cal/f2/s2060001/early_accurate__twin,10,step-3.7-flash,sha256:830c1000e43bf17eda1efed7b197d2dc2ee7ae36bba50abede25dcacabd6a272,det-v1,1,accepted,1175,14801,0.002,0.0172561500,true,false
call-000262,arm8_spec_immediate,dev/f2/s2050000/late_accurate,28,step-3.7-flash,sha256:9f9ec50960611867d305c270e99b61d483a4b0722415aef660bc18f29fba5936,det-v1,1,,1817,4974,22480.639,0.0060835000,false,true
call-000263,arm8_spec_immediate,dev/f2/s2050000/late_accurate,28,step-3.7-flash,sha256:9f9ec50960611867d305c270e99b61d483a4b0722415aef660bc18f29fba5936,det-v1,1,accepted,1817,4974,22480.639,0.0060835000,false,false
call-000264,arm8_spec_immediate,dev/f2/s2050000/late_accurate,37,step-3.7-flash,sha256:13a365ee77d218be78a87a19aab9ec91d476a4f6f53c17faf88134a89364556e,det-v1,1,,2159,1534,9411.303,0.0021959000,false,true
call-000265,arm8_spec_immediate,dev/f2/s2050000/late_accurate,37,step-3.7-flash,sha256:13a365ee77d218be78a87a19aab9ec91d476a4f6f53c17faf88134a89364556e,det-v1,1,accepted,2159,1534,9411.303,0.0021959000,false,false
call-000266,arm9_spec_heuristic_rollback,dev/f2/s2050000/late_accurate,28,step-3.7-flash,sha256:9f9ec50960611867d305c270e99b61d483a4b0722415aef660bc18f29fba5936,det-v1,1,accepted,1817,4974,0.004,0.0060835000,true,false
call-000267,arm9_spec_heuristic_rollback,dev/f2/s2050000/late_accurate,37,step-3.7-flash,sha256:13a365ee77d218be78a87a19aab9ec91d476a4f6f53c17faf88134a89364556e,det-v1,1,accepted,2159,1534,0.003,0.0021959000,true,false
call-000268,arm10_spec_eprocess,dev/f2/s2050000/late_accurate,28,step-3.7-flash,sha256:9f9ec50960611867d305c270e99b61d483a4b0722415aef660bc18f29fba5936,det-v1,1,accepted,1817,4974,0.003,0.0060835000,true,false
call-000269,arm10_spec_eprocess,dev/f2/s2050000/late_accurate,37,step-3.7-flash,sha256:13a365ee77d218be78a87a19aab9ec91d476a4f6f53c17faf88134a89364556e,det-v1,1,accepted,2159,1534,0.003,0.0021959000,true,false
call-000270,arm8_spec_immediate,cal/f2/s2060000/late_accurate,22,step-3.7-flash,sha256:128b6596472dc46b24e5109432bee96cd8cd7a1d431cd94782c0eb28309e9890,det-v1,1,,1589,13705,57756.872,0.0160785500,false,true
call-000271,arm8_spec_immediate,cal/f2/s2060000/late_accurate,22,step-3.7-flash,sha256:128b6596472dc46b24e5109432bee96cd8cd7a1d431cd94782c0eb28309e9890,det-v1,1,accepted,1589,13705,57756.872,0.0160785500,false,false
call-000272,arm8_spec_immediate,cal/f2/s2060000/late_accurate,37,step-3.7-flash,sha256:a68b3d9893d63d3e1268807649b974ba862b305892a9aa16e5827ecbd4dadeaa,det-v1,1,,2159,3428,14797.852,0.0043740000,false,true
call-000273,arm8_spec_immediate,cal/f2/s2060000/late_accurate,37,step-3.7-flash,sha256:a68b3d9893d63d3e1268807649b974ba862b305892a9aa16e5827ecbd4dadeaa,det-v1,1,accepted,2159,3428,14797.852,0.0043740000,false,false
call-000274,arm9_spec_heuristic_rollback,cal/f2/s2060000/late_accurate,22,step-3.7-flash,sha256:128b6596472dc46b24e5109432bee96cd8cd7a1d431cd94782c0eb28309e9890,det-v1,1,accepted,1589,13705,0.003,0.0160785500,true,false
call-000275,arm9_spec_heuristic_rollback,cal/f2/s2060000/late_accurate,37,step-3.7-flash,sha256:a68b3d9893d63d3e1268807649b974ba862b305892a9aa16e5827ecbd4dadeaa,det-v1,1,accepted,2159,3428,0.003,0.0043740000,true,false
call-000276,arm10_spec_eprocess,cal/f2/s2060000/late_accurate,22,step-3.7-flash,sha256:128b6596472dc46b24e5109432bee96cd8cd7a1d431cd94782c0eb28309e9890,det-v1,1,accepted,1589,13705,0.003,0.0160785500,true,false
call-000277,arm10_spec_eprocess,cal/f2/s2060000/late_accurate,37,step-3.7-flash,sha256:3a96df0ace2eda53335ee05c1c75239c26430a78e4884547d472821e17818e59,det-v1,1,,2159,4721,24828.265,0.0058609500,false,true
call-000278,arm10_spec_eprocess,cal/f2/s2060000/late_accurate,37,step-3.7-flash,sha256:3a96df0ace2eda53335ee05c1c75239c26430a78e4884547d472821e17818e59,det-v1,1,accepted,2159,4721,24828.265,0.0058609500,false,false
call-000279,arm8_spec_immediate,dev/f2/s2050001/late_accurate,27,step-3.7-flash,sha256:e51a62bf379400881b1262d3bacdda28b4f1804bd227d9cbd1b65212f7282f01,det-v1,1,,1779,11404,51453.538,0.0134704000,false,true
call-000280,arm8_spec_immediate,dev/f2/s2050001/late_accurate,27,step-3.7-flash,sha256:e51a62bf379400881b1262d3bacdda28b4f1804bd227d9cbd1b65212f7282f01,det-v1,1,accepted,1779,11404,51453.538,0.0134704000,false,false
call-000281,arm8_spec_immediate,dev/f2/s2050001/late_accurate,44,step-3.7-flash,sha256:0ef1caddb8481ec7962a6961319f7504dba1f29270d7cda1ed8b1345477cfa89,det-v1,1,,2425,8790,50008.720,0.0105935000,false,true
call-000282,arm8_spec_immediate,dev/f2/s2050001/late_accurate,44,step-3.7-flash,sha256:0ef1caddb8481ec7962a6961319f7504dba1f29270d7cda1ed8b1345477cfa89,det-v1,1,accepted,2425,8790,50008.720,0.0105935000,false,false
call-000283,arm9_spec_heuristic_rollback,dev/f2/s2050001/late_accurate,27,step-3.7-flash,sha256:e51a62bf379400881b1262d3bacdda28b4f1804bd227d9cbd1b65212f7282f01,det-v1,1,accepted,1779,11404,0.005,0.0134704000,true,false
call-000284,arm9_spec_heuristic_rollback,dev/f2/s2050001/late_accurate,44,step-3.7-flash,sha256:0ef1caddb8481ec7962a6961319f7504dba1f29270d7cda1ed8b1345477cfa89,det-v1,1,accepted,2425,8790,0.005,0.0105935000,true,false
call-000285,arm10_spec_eprocess,dev/f2/s2050001/late_accurate,27,step-3.7-flash,sha256:e51a62bf379400881b1262d3bacdda28b4f1804bd227d9cbd1b65212f7282f01,det-v1,1,accepted,1779,11404,0.004,0.0134704000,true,false
call-000286,arm10_spec_eprocess,dev/f2/s2050001/late_accurate,44,step-3.7-flash,sha256:0ef1caddb8481ec7962a6961319f7504dba1f29270d7cda1ed8b1345477cfa89,det-v1,1,accepted,2425,8790,0.004,0.0105935000,true,false
call-000287,arm8_spec_immediate,cal/f2/s2060001/late_accurate,37,step-3.7-flash,sha256:3638d9446cd369cb0ea266d7d68dc5e70ceb9e28b54c56045fbd19633628a1e5,det-v1,1,,2159,3648,15156.196,0.0046270000,false,true
call-000288,arm8_spec_immediate,cal/f2/s2060001/late_accurate,37,step-3.7-flash,sha256:3638d9446cd369cb0ea266d7d68dc5e70ceb9e28b54c56045fbd19633628a1e5,det-v1,1,accepted,2159,3648,15156.196,0.0046270000,false,false
call-000289,arm8_spec_immediate,cal/f2/s2060001/late_accurate,46,step-3.7-flash,sha256:25a52c462dbb0f045ccd2154432b24dd7bf8a127c247d7f9ad1108b6771d0a08,det-v1,1,,2501,5789,34067.399,0.0071575500,false,true
call-000290,arm8_spec_immediate,cal/f2/s2060001/late_accurate,46,step-3.7-flash,sha256:25a52c462dbb0f045ccd2154432b24dd7bf8a127c247d7f9ad1108b6771d0a08,det-v1,1,accepted,2501,5789,34067.399,0.0071575500,false,false
call-000291,arm9_spec_heuristic_rollback,cal/f2/s2060001/late_accurate,37,step-3.7-flash,sha256:3638d9446cd369cb0ea266d7d68dc5e70ceb9e28b54c56045fbd19633628a1e5,det-v1,1,accepted,2159,3648,0.003,0.0046270000,true,false
call-000292,arm9_spec_heuristic_rollback,cal/f2/s2060001/late_accurate,46,step-3.7-flash,sha256:25a52c462dbb0f045ccd2154432b24dd7bf8a127c247d7f9ad1108b6771d0a08,det-v1,1,accepted,2501,5789,0.003,0.0071575500,true,false
call-000293,arm10_spec_eprocess,cal/f2/s2060001/late_accurate,37,step-3.7-flash,sha256:3638d9446cd369cb0ea266d7d68dc5e70ceb9e28b54c56045fbd19633628a1e5,det-v1,1,accepted,2159,3648,0.003,0.0046270000,true,false
call-000294,arm10_spec_eprocess,cal/f2/s2060001/late_accurate,46,step-3.7-flash,sha256:25a52c462dbb0f045ccd2154432b24dd7bf8a127c247d7f9ad1108b6771d0a08,det-v1,1,accepted,2501,5789,0.002,0.0071575500,true,false
call-000295,arm8_spec_immediate,dev/f2/s2050000/unreliable,28,step-3.7-flash,sha256:111e3b72f7af7428bdfe414006f733a250e3ffeb764a3035d21b008f7f8fd092,det-v1,1,,1817,2253,12043.099,0.0029543500,false,true
call-000296,arm8_spec_immediate,dev/f2/s2050000/unreliable,28,step-3.7-flash,sha256:111e3b72f7af7428bdfe414006f733a250e3ffeb764a3035d21b008f7f8fd092,det-v1,1,accepted,1817,2253,12043.099,0.0029543500,false,false
call-000297,arm8_spec_immediate,dev/f2/s2050000/unreliable,37,step-3.7-flash,sha256:4483ed669434b5fa286c01213ae5f3ee9e9dcf46548ddacb90fd709bd276a49d,det-v1,1,,2159,2013,12686.338,0.0027467500,false,true
call-000298,arm8_spec_immediate,dev/f2/s2050000/unreliable,37,step-3.7-flash,sha256:4483ed669434b5fa286c01213ae5f3ee9e9dcf46548ddacb90fd709bd276a49d,det-v1,1,accepted,2159,2013,12686.338,0.0027467500,false,false
call-000299,arm9_spec_heuristic_rollback,dev/f2/s2050000/unreliable,28,step-3.7-flash,sha256:111e3b72f7af7428bdfe414006f733a250e3ffeb764a3035d21b008f7f8fd092,det-v1,1,accepted,1817,2253,0.003,0.0029543500,true,false
call-000300,arm9_spec_heuristic_rollback,dev/f2/s2050000/unreliable,37,step-3.7-flash,sha256:4483ed669434b5fa286c01213ae5f3ee9e9dcf46548ddacb90fd709bd276a49d,det-v1,1,accepted,2159,2013,0.002,0.0027467500,true,false
call-000301,arm10_spec_eprocess,dev/f2/s2050000/unreliable,28,step-3.7-flash,sha256:111e3b72f7af7428bdfe414006f733a250e3ffeb764a3035d21b008f7f8fd092,det-v1,1,accepted,1817,2253,0.003,0.0029543500,true,false
call-000302,arm10_spec_eprocess,dev/f2/s2050000/unreliable,37,step-3.7-flash,sha256:4483ed669434b5fa286c01213ae5f3ee9e9dcf46548ddacb90fd709bd276a49d,det-v1,1,accepted,2159,2013,0.002,0.0027467500,true,false
call-000303,arm8_spec_immediate,cal/f2/s2060000/unreliable,22,step-3.7-flash,sha256:9db39262b6908af452079aafdd2a8b5bf3ece0235e539070701beb0f6a55efed,det-v1,1,,1589,7829,41281.626,0.0093211500,false,true
call-000304,arm8_spec_immediate,cal/f2/s2060000/unreliable,22,step-3.7-flash,sha256:9db39262b6908af452079aafdd2a8b5bf3ece0235e539070701beb0f6a55efed,det-v1,1,accepted,1589,7829,41281.626,0.0093211500,false,false
call-000305,arm8_spec_immediate,cal/f2/s2060000/unreliable,37,step-3.7-flash,sha256:3be35d2bd4b79c6cfb4c5e17123fcc4fbc933bdd2a47e8981acc9134c49f2b06,det-v1,1,,2159,11389,52500.236,0.0135291500,false,true
call-000306,arm8_spec_immediate,cal/f2/s2060000/unreliable,37,step-3.7-flash,sha256:3be35d2bd4b79c6cfb4c5e17123fcc4fbc933bdd2a47e8981acc9134c49f2b06,det-v1,1,accepted,2159,11389,52500.236,0.0135291500,false,false
call-000307,arm9_spec_heuristic_rollback,cal/f2/s2060000/unreliable,22,step-3.7-flash,sha256:9db39262b6908af452079aafdd2a8b5bf3ece0235e539070701beb0f6a55efed,det-v1,1,accepted,1589,7829,0.003,0.0093211500,true,false
call-000308,arm9_spec_heuristic_rollback,cal/f2/s2060000/unreliable,37,step-3.7-flash,sha256:3be35d2bd4b79c6cfb4c5e17123fcc4fbc933bdd2a47e8981acc9134c49f2b06,det-v1,1,accepted,2159,11389,0.003,0.0135291500,true,false
call-000309,arm10_spec_eprocess,cal/f2/s2060000/unreliable,22,step-3.7-flash,sha256:9db39262b6908af452079aafdd2a8b5bf3ece0235e539070701beb0f6a55efed,det-v1,1,accepted,1589,7829,0.003,0.0093211500,true,false
call-000310,arm10_spec_eprocess,cal/f2/s2060000/unreliable,37,step-3.7-flash,sha256:d0f340afb052a487b1de727c1a0d91a1656be4dd988e200df6e97d6ee55d8903,det-v1,1,,2159,2490,12091.438,0.0032953000,false,true
call-000311,arm10_spec_eprocess,cal/f2/s2060000/unreliable,37,step-3.7-flash,sha256:d0f340afb052a487b1de727c1a0d91a1656be4dd988e200df6e97d6ee55d8903,det-v1,1,accepted,2159,2490,12091.438,0.0032953000,false,false
call-000312,arm8_spec_immediate,dev/f2/s2050001/unreliable,27,step-3.7-flash,sha256:5ede9a9178c1cc3b24958a0bcf9b282606a76041397bc0fbcc4cf94b9d5c27f8,det-v1,1,,1779,16029,72063.799,0.0187891500,false,true
call-000313,arm8_spec_immediate,dev/f2/s2050001/unreliable,27,step-3.7-flash,sha256:5ede9a9178c1cc3b24958a0bcf9b282606a76041397bc0fbcc4cf94b9d5c27f8,det-v1,1,accepted,1779,16029,72063.799,0.0187891500,false,false
call-000314,arm8_spec_immediate,dev/f2/s2050001/unreliable,44,step-3.7-flash,sha256:3a371db44b0cd984c574fc715555220f7af5bd8b84cd127a2564867b762310a5,det-v1,1,,2425,3551,19494.064,0.0045686500,false,true
call-000315,arm8_spec_immediate,dev/f2/s2050001/unreliable,44,step-3.7-flash,sha256:3a371db44b0cd984c574fc715555220f7af5bd8b84cd127a2564867b762310a5,det-v1,1,accepted,2425,3551,19494.064,0.0045686500,false,false
call-000316,arm9_spec_heuristic_rollback,dev/f2/s2050001/unreliable,27,step-3.7-flash,sha256:5ede9a9178c1cc3b24958a0bcf9b282606a76041397bc0fbcc4cf94b9d5c27f8,det-v1,1,accepted,1779,16029,0.003,0.0187891500,true,false
call-000317,arm9_spec_heuristic_rollback,dev/f2/s2050001/unreliable,44,step-3.7-flash,sha256:3a371db44b0cd984c574fc715555220f7af5bd8b84cd127a2564867b762310a5,det-v1,1,accepted,2425,3551,0.003,0.0045686500,true,false
call-000318,arm10_spec_eprocess,dev/f2/s2050001/unreliable,27,step-3.7-flash,sha256:5ede9a9178c1cc3b24958a0bcf9b282606a76041397bc0fbcc4cf94b9d5c27f8,det-v1,1,accepted,1779,16029,0.003,0.0187891500,true,false
call-000319,arm10_spec_eprocess,dev/f2/s2050001/unreliable,44,step-3.7-flash,sha256:3a371db44b0cd984c574fc715555220f7af5bd8b84cd127a2564867b762310a5,det-v1,1,accepted,2425,3551,0.003,0.0045686500,true,false
call-000320,arm8_spec_immediate,cal/f2/s2060001/unreliable,37,step-3.7-flash,sha256:5deb1e7a73fae9fe4ddc1eb542304ce4141e6186019c33d5531fad6dda899452,det-v1,1,,2159,2404,16874.975,0.0031964000,false,true
call-000321,arm8_spec_immediate,cal/f2/s2060001/unreliable,37,step-3.7-flash,sha256:5deb1e7a73fae9fe4ddc1eb542304ce4141e6186019c33d5531fad6dda899452,det-v1,1,accepted,2159,2404,16874.975,0.0031964000,false,false
call-000322,arm8_spec_immediate,cal/f2/s2060001/unreliable,46,step-3.7-flash,sha256:228bdf8a914bc387a3acfbe004b6db9845dfa43a855674f2e73c5173ba8861b5,det-v1,1,,2501,2237,10538.943,0.0030727500,false,true
call-000323,arm8_spec_immediate,cal/f2/s2060001/unreliable,46,step-3.7-flash,sha256:228bdf8a914bc387a3acfbe004b6db9845dfa43a855674f2e73c5173ba8861b5,det-v1,1,accepted,2501,2237,10538.943,0.0030727500,false,false
call-000324,arm9_spec_heuristic_rollback,cal/f2/s2060001/unreliable,37,step-3.7-flash,sha256:5deb1e7a73fae9fe4ddc1eb542304ce4141e6186019c33d5531fad6dda899452,det-v1,1,accepted,2159,2404,0.003,0.0031964000,true,false
call-000325,arm9_spec_heuristic_rollback,cal/f2/s2060001/unreliable,46,step-3.7-flash,sha256:228bdf8a914bc387a3acfbe004b6db9845dfa43a855674f2e73c5173ba8861b5,det-v1,1,accepted,2501,2237,0.003,0.0030727500,true,false
call-000326,arm10_spec_eprocess,cal/f2/s2060001/unreliable,37,step-3.7-flash,sha256:5deb1e7a73fae9fe4ddc1eb542304ce4141e6186019c33d5531fad6dda899452,det-v1,1,accepted,2159,2404,0.003,0.0031964000,true,false
call-000327,arm10_spec_eprocess,cal/f2/s2060001/unreliable,46,step-3.7-flash,sha256:228bdf8a914bc387a3acfbe004b6db9845dfa43a855674f2e73c5173ba8861b5,det-v1,1,accepted,2501,2237,0.003,0.0030727500,true,false
call-000328,arm8_spec_immediate,cal/f3/s3060000/no_alert,15,step-3.7-flash,sha256:c99e5d02e075691420d24cc7a898daabbaf2a7cf9fb2717de21ee3bd07c43206,det-v1,1,,1323,14787,67601.450,0.0172696500,false,true
call-000329,arm8_spec_immediate,cal/f3/s3060000/no_alert,15,step-3.7-flash,sha256:c99e5d02e075691420d24cc7a898daabbaf2a7cf9fb2717de21ee3bd07c43206,det-v1,1,accepted,1323,14787,67601.450,0.0172696500,false,false
call-000330,arm9_spec_heuristic_rollback,cal/f3/s3060000/no_alert,15,step-3.7-flash,sha256:c99e5d02e075691420d24cc7a898daabbaf2a7cf9fb2717de21ee3bd07c43206,det-v1,1,accepted,1323,14787,0.003,0.0172696500,true,false
call-000331,arm10_spec_eprocess,cal/f3/s3060000/no_alert,15,step-3.7-flash,sha256:c99e5d02e075691420d24cc7a898daabbaf2a7cf9fb2717de21ee3bd07c43206,det-v1,1,accepted,1323,14787,0.003,0.0172696500,true,false
call-000332,arm8_spec_immediate,cal/f3/s3060001/no_alert,23,step-3.7-flash,sha256:b415624369a624d3875795113cebed726c158c59bba2e63aaf158941416390ec,det-v1,1,,1627,20770,100142.115,0.0242109000,false,true
call-000333,arm8_spec_immediate,cal/f3/s3060001/no_alert,23,step-3.7-flash,sha256:b415624369a624d3875795113cebed726c158c59bba2e63aaf158941416390ec,det-v1,1,accepted,1627,20770,100142.115,0.0242109000,false,false
call-000334,arm9_spec_heuristic_rollback,cal/f3/s3060001/no_alert,23,step-3.7-flash,sha256:b415624369a624d3875795113cebed726c158c59bba2e63aaf158941416390ec,det-v1,1,accepted,1627,20770,0.003,0.0242109000,true,false
call-000335,arm10_spec_eprocess,cal/f3/s3060001/no_alert,23,step-3.7-flash,sha256:b415624369a624d3875795113cebed726c158c59bba2e63aaf158941416390ec,det-v1,1,accepted,1627,20770,0.003,0.0242109000,true,false
call-000336,arm8_spec_immediate,dev/f3/s3050000/early_accurate,14,step-3.7-flash,sha256:18327836b8550036b41be9f8058fa0f6d19a64cd9298ed8151207e701a789df1,det-v1,1,,1325,3885,18362.557,0.0047327500,false,true
call-000337,arm8_spec_immediate,dev/f3/s3050000/early_accurate,14,step-3.7-flash,sha256:18327836b8550036b41be9f8058fa0f6d19a64cd9298ed8151207e701a789df1,det-v1,1,accepted,1325,3885,18362.557,0.0047327500,false,false
call-000338,arm9_spec_heuristic_rollback,dev/f3/s3050000/early_accurate,14,step-3.7-flash,sha256:18327836b8550036b41be9f8058fa0f6d19a64cd9298ed8151207e701a789df1,det-v1,1,accepted,1325,3885,0.005,0.0047327500,true,false
call-000339,arm10_spec_eprocess,dev/f3/s3050000/early_accurate,14,step-3.7-flash,sha256:18327836b8550036b41be9f8058fa0f6d19a64cd9298ed8151207e701a789df1,det-v1,1,accepted,1325,3885,0.003,0.0047327500,true,false
call-000340,arm8_spec_immediate,cal/f3/s3060000/early_accurate,13,step-3.7-flash,sha256:3bb8b5b640fed888a22ebbd41dbb47e434d4803833f529c260862b5e76e49156,det-v1,1,,1286,3979,19801.053,0.0048330500,false,true
call-000341,arm8_spec_immediate,cal/f3/s3060000/early_accurate,13,step-3.7-flash,sha256:3bb8b5b640fed888a22ebbd41dbb47e434d4803833f529c260862b5e76e49156,det-v1,1,accepted,1286,3979,19801.053,0.0048330500,false,false
call-000342,arm8_spec_immediate,cal/f3/s3060000/early_accurate,19,step-3.7-flash,sha256:eb9abec39016f7af18cd233a6b3eb9e79516cbd64e1f9031da9f219ba8925234,det-v1,1,,1514,6537,31409.079,0.0078203500,false,true
call-000343,arm8_spec_immediate,cal/f3/s3060000/early_accurate,19,step-3.7-flash,sha256:eb9abec39016f7af18cd233a6b3eb9e79516cbd64e1f9031da9f219ba8925234,det-v1,1,accepted,1514,6537,31409.079,0.0078203500,false,false
call-000344,arm9_spec_heuristic_rollback,cal/f3/s3060000/early_accurate,13,step-3.7-flash,sha256:3bb8b5b640fed888a22ebbd41dbb47e434d4803833f529c260862b5e76e49156,det-v1,1,accepted,1286,3979,0.003,0.0048330500,true,false
call-000345,arm9_spec_heuristic_rollback,cal/f3/s3060000/early_accurate,19,step-3.7-flash,sha256:eb9abec39016f7af18cd233a6b3eb9e79516cbd64e1f9031da9f219ba8925234,det-v1,1,accepted,1514,6537,0.003,0.0078203500,true,false
call-000346,arm10_spec_eprocess,cal/f3/s3060000/early_accurate,13,step-3.7-flash,sha256:3bb8b5b640fed888a22ebbd41dbb47e434d4803833f529c260862b5e76e49156,det-v1,1,accepted,1286,3979,0.003,0.0048330500,true,false
call-000347,arm10_spec_eprocess,cal/f3/s3060000/early_accurate,19,step-3.7-flash,sha256:6f540387ffdfe56c0ebe8420ee4475d6fbc85bb8aca60ca648a3ff5709a3abd1,det-v1,1,,1514,17233,79600.254,0.0201207500,false,true
call-000348,arm10_spec_eprocess,cal/f3/s3060000/early_accurate,19,step-3.7-flash,sha256:6f540387ffdfe56c0ebe8420ee4475d6fbc85bb8aca60ca648a3ff5709a3abd1,det-v1,1,accepted,1514,17233,79600.254,0.0201207500,false,false
call-000349,arm8_spec_immediate,dev/f3/s3050001/early_accurate,17,step-3.7-flash,sha256:c0ee090e9dc6b81193e78f4ef3c86077c0225327d455a2bf2a2ef9b5ce1f99bc,det-v1,1,,1437,4266,21732.487,0.0051933000,false,true
call-000350,arm8_spec_immediate,dev/f3/s3050001/early_accurate,17,step-3.7-flash,sha256:c0ee090e9dc6b81193e78f4ef3c86077c0225327d455a2bf2a2ef9b5ce1f99bc,det-v1,1,accepted,1437,4266,21732.487,0.0051933000,false,false
call-000351,arm9_spec_heuristic_rollback,dev/f3/s3050001/early_accurate,17,step-3.7-flash,sha256:c0ee090e9dc6b81193e78f4ef3c86077c0225327d455a2bf2a2ef9b5ce1f99bc,det-v1,1,accepted,1437,4266,0.002,0.0051933000,true,false
call-000352,arm10_spec_eprocess,dev/f3/s3050001/early_accurate,17,step-3.7-flash,sha256:c0ee090e9dc6b81193e78f4ef3c86077c0225327d455a2bf2a2ef9b5ce1f99bc,det-v1,1,accepted,1437,4266,0.002,0.0051933000,true,false
call-000353,arm8_spec_immediate,cal/f3/s3060001/early_accurate,19,step-3.7-flash,sha256:1e1de52f595214312c5c0de2d4db633097097dfc8a7829d17cf56bbd09b6a9a6,det-v1,1,,1509,2705,15376.961,0.0034125500,false,true
call-000354,arm8_spec_immediate,cal/f3/s3060001/early_accurate,19,step-3.7-flash,sha256:1e1de52f595214312c5c0de2d4db633097097dfc8a7829d17cf56bbd09b6a9a6,det-v1,1,accepted,1509,2705,15376.961,0.0034125500,false,false
call-000355,arm8_spec_immediate,cal/f3/s3060001/early_accurate,25,step-3.7-flash,sha256:7a72474719f7101225605d1539acae2f802b5ec14bd094d4534473cadc178a81,det-v1,1,,1737,12235,57508.963,0.0144176500,false,true
call-000356,arm8_spec_immediate,cal/f3/s3060001/early_accurate,25,step-3.7-flash,sha256:7a72474719f7101225605d1539acae2f802b5ec14bd094d4534473cadc178a81,det-v1,1,accepted,1737,12235,57508.963,0.0144176500,false,false
call-000357,arm9_spec_heuristic_rollback,cal/f3/s3060001/early_accurate,19,step-3.7-flash,sha256:1e1de52f595214312c5c0de2d4db633097097dfc8a7829d17cf56bbd09b6a9a6,det-v1,1,accepted,1509,2705,0.003,0.0034125500,true,false
call-000358,arm9_spec_heuristic_rollback,cal/f3/s3060001/early_accurate,25,step-3.7-flash,sha256:7a72474719f7101225605d1539acae2f802b5ec14bd094d4534473cadc178a81,det-v1,1,accepted,1737,12235,0.002,0.0144176500,true,false
call-000359,arm10_spec_eprocess,cal/f3/s3060001/early_accurate,19,step-3.7-flash,sha256:1e1de52f595214312c5c0de2d4db633097097dfc8a7829d17cf56bbd09b6a9a6,det-v1,1,accepted,1509,2705,0.004,0.0034125500,true,false
call-000360,arm10_spec_eprocess,cal/f3/s3060001/early_accurate,25,step-3.7-flash,sha256:bbc68ff05503d1bb30db4e82492a846cf4958eb40ef987ace552abcee515a739,det-v1,1,,1737,9613,45302.402,0.0114023500,false,true
call-000361,arm10_spec_eprocess,cal/f3/s3060001/early_accurate,25,step-3.7-flash,sha256:bbc68ff05503d1bb30db4e82492a846cf4958eb40ef987ace552abcee515a739,det-v1,1,accepted,1737,9613,45302.402,0.0114023500,false,false
call-000362,arm8_spec_immediate,dev/f3/s3050000/late_accurate,17,step-3.7-flash,sha256:fa7aa128c241567e45226d10a3b2758c2c62e3181cdb5a3f8f0399609410cc16,det-v1,1,,1439,3806,19542.999,0.0046647000,false,true
call-000363,arm8_spec_immediate,dev/f3/s3050000/late_accurate,17,step-3.7-flash,sha256:fa7aa128c241567e45226d10a3b2758c2c62e3181cdb5a3f8f0399609410cc16,det-v1,1,accepted,1439,3806,19542.999,0.0046647000,false,false
call-000364,arm9_spec_heuristic_rollback,dev/f3/s3050000/late_accurate,17,step-3.7-flash,sha256:fa7aa128c241567e45226d10a3b2758c2c62e3181cdb5a3f8f0399609410cc16,det-v1,1,accepted,1439,3806,0.003,0.0046647000,true,false
call-000365,arm10_spec_eprocess,dev/f3/s3050000/late_accurate,17,step-3.7-flash,sha256:fa7aa128c241567e45226d10a3b2758c2c62e3181cdb5a3f8f0399609410cc16,det-v1,1,accepted,1439,3806,0.003,0.0046647000,true,false
call-000366,arm8_spec_immediate,cal/f3/s3060000/late_accurate,15,step-3.7-flash,sha256:e7fc4b3cea8ed8b43b9989c96e4257e796ae31f0159d1e457bf7b94dacef2228,det-v1,1,,1323,13952,79047.970,0.0163094000,false,true
call-000367,arm8_spec_immediate,cal/f3/s3060000/late_accurate,15,step-3.7-flash,sha256:e7fc4b3cea8ed8b43b9989c96e4257e796ae31f0159d1e457bf7b94dacef2228,det-v1,1,accepted,1323,13952,79047.970,0.0163094000,false,false
call-000368,arm9_spec_heuristic_rollback,cal/f3/s3060000/late_accurate,15,step-3.7-flash,sha256:e7fc4b3cea8ed8b43b9989c96e4257e796ae31f0159d1e457bf7b94dacef2228,det-v1,1,accepted,1323,13952,0.004,0.0163094000,true,false
call-000369,arm10_spec_eprocess,cal/f3/s3060000/late_accurate,15,step-3.7-flash,sha256:e7fc4b3cea8ed8b43b9989c96e4257e796ae31f0159d1e457bf7b94dacef2228,det-v1,1,accepted,1323,13952,0.003,0.0163094000,true,false
call-000370,arm8_spec_immediate,dev/f3/s3050001/late_accurate,20,step-3.7-flash,sha256:23543fe6d81e5f971aa146191650eec1754b8352b30588ed574f9371bd8c9074,det-v1,1,,1551,8224,33071.610,0.0097678000,false,true
call-000371,arm8_spec_immediate,dev/f3/s3050001/late_accurate,20,step-3.7-flash,sha256:23543fe6d81e5f971aa146191650eec1754b8352b30588ed574f9371bd8c9074,det-v1,1,accepted,1551,8224,33071.610,0.0097678000,false,false
call-000372,arm9_spec_heuristic_rollback,dev/f3/s3050001/late_accurate,20,step-3.7-flash,sha256:23543fe6d81e5f971aa146191650eec1754b8352b30588ed574f9371bd8c9074,det-v1,1,accepted,1551,8224,0.002,0.0097678000,true,false
call-000373,arm10_spec_eprocess,dev/f3/s3050001/late_accurate,20,step-3.7-flash,sha256:23543fe6d81e5f971aa146191650eec1754b8352b30588ed574f9371bd8c9074,det-v1,1,accepted,1551,8224,0.002,0.0097678000,true,false
call-000374,arm8_spec_immediate,cal/f3/s3060001/late_accurate,22,step-3.7-flash,sha256:1ebc6081b112f6d007698f31ddbde1df017aef15c5bd6666b35a99c4910a35ff,det-v1,1,,1623,13371,64950.675,0.0157012500,false,true
call-000375,arm8_spec_immediate,cal/f3/s3060001/late_accurate,22,step-3.7-flash,sha256:1ebc6081b112f6d007698f31ddbde1df017aef15c5bd6666b35a99c4910a35ff,det-v1,1,accepted,1623,13371,64950.675,0.0157012500,false,false
call-000376,arm9_spec_heuristic_rollback,cal/f3/s3060001/late_accurate,22,step-3.7-flash,sha256:1ebc6081b112f6d007698f31ddbde1df017aef15c5bd6666b35a99c4910a35ff,det-v1,1,accepted,1623,13371,0.003,0.0157012500,true,false
call-000377,arm10_spec_eprocess,cal/f3/s3060001/late_accurate,22,step-3.7-flash,sha256:1ebc6081b112f6d007698f31ddbde1df017aef15c5bd6666b35a99c4910a35ff,det-v1,1,accepted,1623,13371,0.003,0.0157012500,true,false
call-000378,arm8_spec_immediate,dev/f3/s3050000/unreliable,14,step-3.7-flash,sha256:4dc022d218126af3a587fb3f7167ad5741f6653c8d9fdc8024e0e78f38ce018b,det-v1,1,,1320,7217,37589.828,0.0085635500,false,true
call-000379,arm8_spec_immediate,dev/f3/s3050000/unreliable,14,step-3.7-flash,sha256:4dc022d218126af3a587fb3f7167ad5741f6653c8d9fdc8024e0e78f38ce018b,det-v1,1,accepted,1320,7217,37589.828,0.0085635500,false,false
call-000380,arm9_spec_heuristic_rollback,dev/f3/s3050000/unreliable,14,step-3.7-flash,sha256:4dc022d218126af3a587fb3f7167ad5741f6653c8d9fdc8024e0e78f38ce018b,det-v1,1,accepted,1320,7217,0.001,0.0085635500,true,false
call-000381,arm10_spec_eprocess,dev/f3/s3050000/unreliable,14,step-3.7-flash,sha256:4dc022d218126af3a587fb3f7167ad5741f6653c8d9fdc8024e0e78f38ce018b,det-v1,1,accepted,1320,7217,0.001,0.0085635500,true,false
call-000382,arm8_spec_immediate,cal/f3/s3060000/unreliable,13,step-3.7-flash,sha256:8b2b6bb29102d5e1cbea5c16ec9f9db17d629f8ac0461e26806c3c71307f1ad3,det-v1,1,,1291,7026,50845.741,0.0083381000,false,true
call-000383,arm8_spec_immediate,cal/f3/s3060000/unreliable,13,step-3.7-flash,sha256:8b2b6bb29102d5e1cbea5c16ec9f9db17d629f8ac0461e26806c3c71307f1ad3,det-v1,1,accepted,1291,7026,50845.741,0.0083381000,false,false
call-000384,arm8_spec_immediate,cal/f3/s3060000/unreliable,19,step-3.7-flash,sha256:2454de99092e71233644d1f1f5ac1a9338dfc5152e73b908b01e1d691fe5066b,det-v1,1,,1519,3994,22340.724,0.0048969000,false,true
call-000385,arm8_spec_immediate,cal/f3/s3060000/unreliable,19,step-3.7-flash,sha256:2454de99092e71233644d1f1f5ac1a9338dfc5152e73b908b01e1d691fe5066b,det-v1,1,accepted,1519,3994,22340.724,0.0048969000,false,false
call-000386,arm9_spec_heuristic_rollback,cal/f3/s3060000/unreliable,13,step-3.7-flash,sha256:8b2b6bb29102d5e1cbea5c16ec9f9db17d629f8ac0461e26806c3c71307f1ad3,det-v1,1,accepted,1291,7026,0.003,0.0083381000,true,false
call-000387,arm9_spec_heuristic_rollback,cal/f3/s3060000/unreliable,19,step-3.7-flash,sha256:2454de99092e71233644d1f1f5ac1a9338dfc5152e73b908b01e1d691fe5066b,det-v1,1,accepted,1519,3994,0.003,0.0048969000,true,false
call-000388,arm10_spec_eprocess,cal/f3/s3060000/unreliable,13,step-3.7-flash,sha256:8b2b6bb29102d5e1cbea5c16ec9f9db17d629f8ac0461e26806c3c71307f1ad3,det-v1,1,accepted,1291,7026,0.003,0.0083381000,true,false
call-000389,arm10_spec_eprocess,cal/f3/s3060000/unreliable,19,step-3.7-flash,sha256:2454de99092e71233644d1f1f5ac1a9338dfc5152e73b908b01e1d691fe5066b,det-v1,1,accepted,1519,3994,0.003,0.0048969000,true,false
call-000390,arm8_spec_immediate,dev/f3/s3050001/unreliable,17,step-3.7-flash,sha256:97d1df13964f5c1f5bb343278dbf41ec94c01c1dfa857edd683760d2128f0852,det-v1,1,,1426,1567,9549.300,0.0020872500,false,true
call-000391,arm8_spec_immediate,dev/f3/s3050001/unreliable,17,step-3.7-flash,sha256:97d1df13964f5c1f5bb343278dbf41ec94c01c1dfa857edd683760d2128f0852,det-v1,1,accepted,1426,1567,9549.300,0.0020872500,false,false
call-000392,arm9_spec_heuristic_rollback,dev/f3/s3050001/unreliable,17,step-3.7-flash,sha256:97d1df13964f5c1f5bb343278dbf41ec94c01c1dfa857edd683760d2128f0852,det-v1,1,accepted,1426,1567,0.002,0.0020872500,true,false
call-000393,arm10_spec_eprocess,dev/f3/s3050001/unreliable,17,step-3.7-flash,sha256:97d1df13964f5c1f5bb343278dbf41ec94c01c1dfa857edd683760d2128f0852,det-v1,1,accepted,1426,1567,0.002,0.0020872500,true,false
call-000394,arm8_spec_immediate,cal/f3/s3060001/unreliable,19,step-3.7-flash,sha256:92e1d0174595c8ba6e91d04a393c797a3629fa2754ec16ea6ad63ec0f9fca354,det-v1,1,,1520,5126,25033.538,0.0061989000,false,true
call-000395,arm8_spec_immediate,cal/f3/s3060001/unreliable,19,step-3.7-flash,sha256:92e1d0174595c8ba6e91d04a393c797a3629fa2754ec16ea6ad63ec0f9fca354,det-v1,1,accepted,1520,5126,25033.538,0.0061989000,false,false
call-000396,arm8_spec_immediate,cal/f3/s3060001/unreliable,25,step-3.7-flash,sha256:b75cb7a72e3857aca10af515c883e7daac0c4bfae8f3a298729e624ac56b7936,det-v1,1,,1748,18884,87716.571,0.0220662000,false,true
call-000397,arm8_spec_immediate,cal/f3/s3060001/unreliable,25,step-3.7-flash,sha256:b75cb7a72e3857aca10af515c883e7daac0c4bfae8f3a298729e624ac56b7936,det-v1,1,accepted,1748,18884,87716.571,0.0220662000,false,false
call-000398,arm9_spec_heuristic_rollback,cal/f3/s3060001/unreliable,19,step-3.7-flash,sha256:92e1d0174595c8ba6e91d04a393c797a3629fa2754ec16ea6ad63ec0f9fca354,det-v1,1,accepted,1520,5126,0.003,0.0061989000,true,false
call-000399,arm9_spec_heuristic_rollback,cal/f3/s3060001/unreliable,25,step-3.7-flash,sha256:b75cb7a72e3857aca10af515c883e7daac0c4bfae8f3a298729e624ac56b7936,det-v1,1,accepted,1748,18884,0.003,0.0220662000,true,false
call-000400,arm10_spec_eprocess,cal/f3/s3060001/unreliable,19,step-3.7-flash,sha256:92e1d0174595c8ba6e91d04a393c797a3629fa2754ec16ea6ad63ec0f9fca354,det-v1,1,accepted,1520,5126,0.003,0.0061989000,true,false
call-000401,arm10_spec_eprocess,cal/f3/s3060001/unreliable,25,step-3.7-flash,sha256:0f80462f967fe16bd8a805c4ed17dc8f2f760e53e138e99477e955e629afe50c,det-v1,1,,1748,20254,100178.684,0.0236417000,false,true
call-000402,arm10_spec_eprocess,cal/f3/s3060001/unreliable,25,step-3.7-flash,sha256:0f80462f967fe16bd8a805c4ed17dc8f2f760e53e138e99477e955e629afe50c,det-v1,1,accepted,1748,20254,100178.684,0.0236417000,false,false
call-000403,arm8_spec_immediate,dev/f4/s4050000/early_accurate,19,step-3.7-flash,sha256:5785f55b4c80183ead104bbd2676f4bfb78f5f30146e72f9a45c819a298688e3,det-v1,1,,1511,7613,38087.413,0.0090571500,false,true
call-000404,arm8_spec_immediate,dev/f4/s4050000/early_accurate,19,step-3.7-flash,sha256:5785f55b4c80183ead104bbd2676f4bfb78f5f30146e72f9a45c819a298688e3,det-v1,1,fallback,1511,7613,38087.413,0.0090571500,false,false
call-000405,arm8_spec_immediate,dev/f4/s4050000/early_accurate,19,step-3.7-flash,sha256:2e2afa4af883c3dc8c311035b8a130cdc8e1f8c20e61916c69278dd80cc8bda0,det-v1,2,,1583,3342,16984.207,0.0041599000,false,true
call-000406,arm8_spec_immediate,dev/f4/s4050000/early_accurate,19,step-3.7-flash,sha256:2e2afa4af883c3dc8c311035b8a130cdc8e1f8c20e61916c69278dd80cc8bda0,det-v1,2,accepted_after_repair,1583,3342,16984.207,0.0041599000,false,false
call-000407,arm9_spec_heuristic_rollback,dev/f4/s4050000/early_accurate,19,step-3.7-flash,sha256:5785f55b4c80183ead104bbd2676f4bfb78f5f30146e72f9a45c819a298688e3,det-v1,1,fallback,1511,7613,0.002,0.0090571500,true,false
call-000408,arm9_spec_heuristic_rollback,dev/f4/s4050000/early_accurate,19,step-3.7-flash,sha256:2e2afa4af883c3dc8c311035b8a130cdc8e1f8c20e61916c69278dd80cc8bda0,det-v1,2,accepted_after_repair,1583,3342,0.002,0.0041599000,true,false
call-000409,arm10_spec_eprocess,dev/f4/s4050000/early_accurate,19,step-3.7-flash,sha256:5785f55b4c80183ead104bbd2676f4bfb78f5f30146e72f9a45c819a298688e3,det-v1,1,fallback,1511,7613,0.002,0.0090571500,true,false
call-000410,arm10_spec_eprocess,dev/f4/s4050000/early_accurate,19,step-3.7-flash,sha256:2e2afa4af883c3dc8c311035b8a130cdc8e1f8c20e61916c69278dd80cc8bda0,det-v1,2,accepted_after_repair,1583,3342,0.001,0.0041599000,true,false
call-000411,arm8_spec_immediate,cal/f4/s4060000/early_accurate,15,step-3.7-flash,sha256:4fb7cec89823e83f4a3403876ad253ef591ffc13109e22073295f708d70d0473,det-v1,1,,1358,11220,44687.230,0.0131746000,false,true
call-000412,arm8_spec_immediate,cal/f4/s4060000/early_accurate,15,step-3.7-flash,sha256:4fb7cec89823e83f4a3403876ad253ef591ffc13109e22073295f708d70d0473,det-v1,1,accepted,1358,11220,44687.230,0.0131746000,false,false
call-000413,arm9_spec_heuristic_rollback,cal/f4/s4060000/early_accurate,15,step-3.7-flash,sha256:4fb7cec89823e83f4a3403876ad253ef591ffc13109e22073295f708d70d0473,det-v1,1,accepted,1358,11220,0.001,0.0131746000,true,false
call-000414,arm10_spec_eprocess,cal/f4/s4060000/early_accurate,15,step-3.7-flash,sha256:4fb7cec89823e83f4a3403876ad253ef591ffc13109e22073295f708d70d0473,det-v1,1,accepted,1358,11220,0.001,0.0131746000,true,false
call-000415,arm8_spec_immediate,dev/f4/s4050001/early_accurate,17,step-3.7-flash,sha256:a1edc8a412ccaefd75e4dca42ac10016c2265f8aa9f25435aba468518d73389a,det-v1,1,,1437,11297,58365.128,0.0132789500,false,true
call-000416,arm8_spec_immediate,dev/f4/s4050001/early_accurate,17,step-3.7-flash,sha256:a1edc8a412ccaefd75e4dca42ac10016c2265f8aa9f25435aba468518d73389a,det-v1,1,accepted,1437,11297,58365.128,0.0132789500,false,false
call-000417,arm9_spec_heuristic_rollback,dev/f4/s4050001/early_accurate,17,step-3.7-flash,sha256:a1edc8a412ccaefd75e4dca42ac10016c2265f8aa9f25435aba468518d73389a,det-v1,1,accepted,1437,11297,0.002,0.0132789500,true,false
call-000418,arm10_spec_eprocess,dev/f4/s4050001/early_accurate,17,step-3.7-flash,sha256:a1edc8a412ccaefd75e4dca42ac10016c2265f8aa9f25435aba468518d73389a,det-v1,1,accepted,1437,11297,0.001,0.0132789500,true,false
call-000419,arm8_spec_immediate,cal/f4/s4060001/early_accurate,15,step-3.7-flash,sha256:77eb8f7d166d7a044f6d18372681ec086b61b396b3652212efdd9272193717c5,det-v1,1,,1363,12450,50579.101,0.0145901000,false,true
call-000420,arm8_spec_immediate,cal/f4/s4060001/early_accurate,15,step-3.7-flash,sha256:77eb8f7d166d7a044f6d18372681ec086b61b396b3652212efdd9272193717c5,det-v1,1,accepted,1363,12450,50579.101,0.0145901000,false,false
call-000421,arm9_spec_heuristic_rollback,cal/f4/s4060001/early_accurate,15,step-3.7-flash,sha256:77eb8f7d166d7a044f6d18372681ec086b61b396b3652212efdd9272193717c5,det-v1,1,accepted,1363,12450,0.003,0.0145901000,true,false
call-000422,arm10_spec_eprocess,cal/f4/s4060001/early_accurate,15,step-3.7-flash,sha256:77eb8f7d166d7a044f6d18372681ec086b61b396b3652212efdd9272193717c5,det-v1,1,accepted,1363,12450,0.003,0.0145901000,true,false
call-000423,arm8_spec_immediate,dev/f4/s4050000/late_accurate,22,step-3.7-flash,sha256:2b1cc0481bd0641eb2657f77e0336231cf5263cf6b92aa18050fd74eafdd55fd,det-v1,1,,1625,5695,26063.062,0.0068742500,false,true
call-000424,arm8_spec_immediate,dev/f4/s4050000/late_accurate,22,step-3.7-flash,sha256:2b1cc0481bd0641eb2657f77e0336231cf5263cf6b92aa18050fd74eafdd55fd,det-v1,1,accepted,1625,5695,26063.062,0.0068742500,false,false
call-000425,arm9_spec_heuristic_rollback,dev/f4/s4050000/late_accurate,22,step-3.7-flash,sha256:2b1cc0481bd0641eb2657f77e0336231cf5263cf6b92aa18050fd74eafdd55fd,det-v1,1,accepted,1625,5695,0.002,0.0068742500,true,false
call-000426,arm10_spec_eprocess,dev/f4/s4050000/late_accurate,22,step-3.7-flash,sha256:2b1cc0481bd0641eb2657f77e0336231cf5263cf6b92aa18050fd74eafdd55fd,det-v1,1,accepted,1625,5695,0.001,0.0068742500,true,false
call-000427,arm8_spec_immediate,cal/f4/s4060000/late_accurate,18,step-3.7-flash,sha256:c308ce335771fa8d7bc0f53925a9fb33ea517be1208b8597d902a6cb90dbf3b8,det-v1,1,,1472,9672,57256.621,0.0114172000,false,true
call-000428,arm8_spec_immediate,cal/f4/s4060000/late_accurate,18,step-3.7-flash,sha256:c308ce335771fa8d7bc0f53925a9fb33ea517be1208b8597d902a6cb90dbf3b8,det-v1,1,accepted,1472,9672,57256.621,0.0114172000,false,false
call-000429,arm9_spec_heuristic_rollback,cal/f4/s4060000/late_accurate,18,step-3.7-flash,sha256:c308ce335771fa8d7bc0f53925a9fb33ea517be1208b8597d902a6cb90dbf3b8,det-v1,1,accepted,1472,9672,0.003,0.0114172000,true,false
call-000430,arm10_spec_eprocess,cal/f4/s4060000/late_accurate,18,step-3.7-flash,sha256:c308ce335771fa8d7bc0f53925a9fb33ea517be1208b8597d902a6cb90dbf3b8,det-v1,1,accepted,1472,9672,0.003,0.0114172000,true,false
call-000431,arm8_spec_immediate,dev/f4/s4050001/late_accurate,20,step-3.7-flash,sha256:02cfddd7640134557480e04924de5380c2a478232fce1ce39402aacd651826da,det-v1,1,,1551,6571,37284.456,0.0078668500,false,true
call-000432,arm8_spec_immediate,dev/f4/s4050001/late_accurate,20,step-3.7-flash,sha256:02cfddd7640134557480e04924de5380c2a478232fce1ce39402aacd651826da,det-v1,1,accepted,1551,6571,37284.456,0.0078668500,false,false
call-000433,arm9_spec_heuristic_rollback,dev/f4/s4050001/late_accurate,20,step-3.7-flash,sha256:02cfddd7640134557480e04924de5380c2a478232fce1ce39402aacd651826da,det-v1,1,accepted,1551,6571,0.001,0.0078668500,true,false
call-000434,arm10_spec_eprocess,dev/f4/s4050001/late_accurate,20,step-3.7-flash,sha256:02cfddd7640134557480e04924de5380c2a478232fce1ce39402aacd651826da,det-v1,1,accepted,1551,6571,0.001,0.0078668500,true,false
call-000435,arm8_spec_immediate,cal/f4/s4060001/late_accurate,18,step-3.7-flash,sha256:d787b6e319b609d3c5ba5f57a6e7175faf18d1ffbec749d1bcfa17e2adeb6ce3,det-v1,1,,1477,3258,19265.956,0.0040421000,false,true
call-000436,arm8_spec_immediate,cal/f4/s4060001/late_accurate,18,step-3.7-flash,sha256:d787b6e319b609d3c5ba5f57a6e7175faf18d1ffbec749d1bcfa17e2adeb6ce3,det-v1,1,accepted,1477,3258,19265.956,0.0040421000,false,false
call-000437,arm9_spec_heuristic_rollback,cal/f4/s4060001/late_accurate,18,step-3.7-flash,sha256:d787b6e319b609d3c5ba5f57a6e7175faf18d1ffbec749d1bcfa17e2adeb6ce3,det-v1,1,accepted,1477,3258,0.002,0.0040421000,true,false
call-000438,arm10_spec_eprocess,cal/f4/s4060001/late_accurate,18,step-3.7-flash,sha256:d787b6e319b609d3c5ba5f57a6e7175faf18d1ffbec749d1bcfa17e2adeb6ce3,det-v1,1,accepted,1477,3258,0.002,0.0040421000,true,false
call-000439,arm8_spec_immediate,dev/f4/s4050000/unreliable,19,step-3.7-flash,sha256:e95fa03776b92625e473bdeb9799e88a6f72a0f30b4dc3e19a9f0818083fe811,det-v1,1,,1515,4505,19877.642,0.0054837500,false,true
call-000440,arm8_spec_immediate,dev/f4/s4050000/unreliable,19,step-3.7-flash,sha256:e95fa03776b92625e473bdeb9799e88a6f72a0f30b4dc3e19a9f0818083fe811,det-v1,1,accepted,1515,4505,19877.642,0.0054837500,false,false
call-000441,arm9_spec_heuristic_rollback,dev/f4/s4050000/unreliable,19,step-3.7-flash,sha256:e95fa03776b92625e473bdeb9799e88a6f72a0f30b4dc3e19a9f0818083fe811,det-v1,1,accepted,1515,4505,0.001,0.0054837500,true,false
call-000442,arm10_spec_eprocess,dev/f4/s4050000/unreliable,19,step-3.7-flash,sha256:e95fa03776b92625e473bdeb9799e88a6f72a0f30b4dc3e19a9f0818083fe811,det-v1,1,accepted,1515,4505,0.001,0.0054837500,true,false
call-000443,arm8_spec_immediate,cal/f4/s4060000/unreliable,15,step-3.7-flash,sha256:f6b9a8c7142221c06e55e58a080680dfcf4e77f58bc6dae95a5ad1497050798a,det-v1,1,,1364,2099,13737.366,0.0026866500,false,true
call-000444,arm8_spec_immediate,cal/f4/s4060000/unreliable,15,step-3.7-flash,sha256:f6b9a8c7142221c06e55e58a080680dfcf4e77f58bc6dae95a5ad1497050798a,det-v1,1,accepted,1364,2099,13737.366,0.0026866500,false,false
call-000445,arm9_spec_heuristic_rollback,cal/f4/s4060000/unreliable,15,step-3.7-flash,sha256:f6b9a8c7142221c06e55e58a080680dfcf4e77f58bc6dae95a5ad1497050798a,det-v1,1,accepted,1364,2099,0.002,0.0026866500,true,false
call-000446,arm10_spec_eprocess,cal/f4/s4060000/unreliable,15,step-3.7-flash,sha256:f6b9a8c7142221c06e55e58a080680dfcf4e77f58bc6dae95a5ad1497050798a,det-v1,1,accepted,1364,2099,0.001,0.0026866500,true,false
call-000447,arm8_spec_immediate,dev/f4/s4050001/unreliable,17,step-3.7-flash,sha256:c4dc1ac71684dcedfdc4c878c1a2cba28c5c5df18a7dcffb03cc059ea1ea18e0,det-v1,1,,1425,1349,6853.804,0.0018363500,false,true
call-000448,arm8_spec_immediate,dev/f4/s4050001/unreliable,17,step-3.7-flash,sha256:c4dc1ac71684dcedfdc4c878c1a2cba28c5c5df18a7dcffb03cc059ea1ea18e0,det-v1,1,accepted,1425,1349,6853.804,0.0018363500,false,false
call-000449,arm9_spec_heuristic_rollback,dev/f4/s4050001/unreliable,17,step-3.7-flash,sha256:c4dc1ac71684dcedfdc4c878c1a2cba28c5c5df18a7dcffb03cc059ea1ea18e0,det-v1,1,accepted,1425,1349,0.001,0.0018363500,true,false
call-000450,arm10_spec_eprocess,dev/f4/s4050001/unreliable,17,step-3.7-flash,sha256:c4dc1ac71684dcedfdc4c878c1a2cba28c5c5df18a7dcffb03cc059ea1ea18e0,det-v1,1,accepted,1425,1349,0.001,0.0018363500,true,false
call-000451,arm8_spec_immediate,cal/f4/s4060001/unreliable,15,step-3.7-flash,sha256:deb35502f933890df1d013adc0f5028892ec2ff253d762f9cffd8f28704291ed,det-v1,1,,1363,3477,16783.295,0.0042711500,false,true
call-000452,arm8_spec_immediate,cal/f4/s4060001/unreliable,15,step-3.7-flash,sha256:deb35502f933890df1d013adc0f5028892ec2ff253d762f9cffd8f28704291ed,det-v1,1,accepted,1363,3477,16783.295,0.0042711500,false,false
call-000453,arm9_spec_heuristic_rollback,cal/f4/s4060001/unreliable,15,step-3.7-flash,sha256:deb35502f933890df1d013adc0f5028892ec2ff253d762f9cffd8f28704291ed,det-v1,1,accepted,1363,3477,0.001,0.0042711500,true,false
call-000454,arm10_spec_eprocess,cal/f4/s4060001/unreliable,15,step-3.7-flash,sha256:deb35502f933890df1d013adc0f5028892ec2ff253d762f9cffd8f28704291ed,det-v1,1,accepted,1363,3477,0.001,0.0042711500,true,false
call-000455,arm8_spec_immediate,dev/f5/s5050000/early_accurate,20,step-3.7-flash,sha256:0e8743c5434e3c4818c1a50e807b683f24ce7b728520e497a5dfbe2c46b587c2,det-v1,1,,1558,13927,70388.726,0.0163276500,false,true
call-000456,arm8_spec_immediate,dev/f5/s5050000/early_accurate,20,step-3.7-flash,sha256:0e8743c5434e3c4818c1a50e807b683f24ce7b728520e497a5dfbe2c46b587c2,det-v1,1,accepted,1558,13927,70388.726,0.0163276500,false,false
call-000457,arm9_spec_heuristic_rollback,dev/f5/s5050000/early_accurate,20,step-3.7-flash,sha256:0e8743c5434e3c4818c1a50e807b683f24ce7b728520e497a5dfbe2c46b587c2,det-v1,1,accepted,1558,13927,0.003,0.0163276500,true,false
call-000458,arm10_spec_eprocess,dev/f5/s5050000/early_accurate,20,step-3.7-flash,sha256:0e8743c5434e3c4818c1a50e807b683f24ce7b728520e497a5dfbe2c46b587c2,det-v1,1,accepted,1558,13927,0.003,0.0163276500,true,false
call-000459,arm8_spec_immediate,cal/f5/s5060000/early_accurate,18,step-3.7-flash,sha256:02eb3858711ad73015dc43788fbb57a7d64121d911e27fed6941848ee83edb6a,det-v1,1,,1477,15439,70334.509,0.0180502500,false,true
call-000460,arm8_spec_immediate,cal/f5/s5060000/early_accurate,18,step-3.7-flash,sha256:02eb3858711ad73015dc43788fbb57a7d64121d911e27fed6941848ee83edb6a,det-v1,1,accepted,1477,15439,70334.509,0.0180502500,false,false
call-000461,arm9_spec_heuristic_rollback,cal/f5/s5060000/early_accurate,18,step-3.7-flash,sha256:02eb3858711ad73015dc43788fbb57a7d64121d911e27fed6941848ee83edb6a,det-v1,1,accepted,1477,15439,0.004,0.0180502500,true,false
call-000462,arm10_spec_eprocess,cal/f5/s5060000/early_accurate,18,step-3.7-flash,sha256:02eb3858711ad73015dc43788fbb57a7d64121d911e27fed6941848ee83edb6a,det-v1,1,accepted,1477,15439,0.003,0.0180502500,true,false
call-000463,arm8_spec_immediate,dev/f5/s5050001/early_accurate,15,step-3.7-flash,sha256:d1fc752cf024d39a50f1ee9b4062a110eeef94959d5474bba436c5ac73df5aa7,det-v1,1,,1358,10470,45080.824,0.0123121000,false,true
call-000464,arm8_spec_immediate,dev/f5/s5050001/early_accurate,15,step-3.7-flash,sha256:d1fc752cf024d39a50f1ee9b4062a110eeef94959d5474bba436c5ac73df5aa7,det-v1,1,accepted,1358,10470,45080.824,0.0123121000,false,false
call-000465,arm9_spec_heuristic_rollback,dev/f5/s5050001/early_accurate,15,step-3.7-flash,sha256:d1fc752cf024d39a50f1ee9b4062a110eeef94959d5474bba436c5ac73df5aa7,det-v1,1,accepted,1358,10470,0.002,0.0123121000,true,false
call-000466,arm10_spec_eprocess,dev/f5/s5050001/early_accurate,15,step-3.7-flash,sha256:d1fc752cf024d39a50f1ee9b4062a110eeef94959d5474bba436c5ac73df5aa7,det-v1,1,accepted,1358,10470,0.001,0.0123121000,true,false
call-000467,arm8_spec_immediate,cal/f5/s5060001/early_accurate,21,step-3.7-flash,sha256:332b802f20e049a7cdcba4b0b624f62dabc907ca81afcec3aeaa6d2d03fcee1e,det-v1,1,,1593,4297,21915.479,0.0052601500,false,true
call-000468,arm8_spec_immediate,cal/f5/s5060001/early_accurate,21,step-3.7-flash,sha256:332b802f20e049a7cdcba4b0b624f62dabc907ca81afcec3aeaa6d2d03fcee1e,det-v1,1,accepted,1593,4297,21915.479,0.0052601500,false,false
call-000469,arm9_spec_heuristic_rollback,cal/f5/s5060001/early_accurate,21,step-3.7-flash,sha256:332b802f20e049a7cdcba4b0b624f62dabc907ca81afcec3aeaa6d2d03fcee1e,det-v1,1,accepted,1593,4297,0.003,0.0052601500,true,false
call-000470,arm10_spec_eprocess,cal/f5/s5060001/early_accurate,21,step-3.7-flash,sha256:332b802f20e049a7cdcba4b0b624f62dabc907ca81afcec3aeaa6d2d03fcee1e,det-v1,1,accepted,1593,4297,0.003,0.0052601500,true,false
call-000471,arm8_spec_immediate,dev/f5/s5050000/late_accurate,23,step-3.7-flash,sha256:9301f90d37941b9cb8a9ebc8537f394ad68f210e9a1397130527d6e4f712ec13,det-v1,1,,1672,9062,53042.522,0.0107557000,false,true
call-000472,arm8_spec_immediate,dev/f5/s5050000/late_accurate,23,step-3.7-flash,sha256:9301f90d37941b9cb8a9ebc8537f394ad68f210e9a1397130527d6e4f712ec13,det-v1,1,accepted,1672,9062,53042.522,0.0107557000,false,false
call-000473,arm9_spec_heuristic_rollback,dev/f5/s5050000/late_accurate,23,step-3.7-flash,sha256:9301f90d37941b9cb8a9ebc8537f394ad68f210e9a1397130527d6e4f712ec13,det-v1,1,accepted,1672,9062,0.003,0.0107557000,true,false
call-000474,arm10_spec_eprocess,dev/f5/s5050000/late_accurate,23,step-3.7-flash,sha256:9301f90d37941b9cb8a9ebc8537f394ad68f210e9a1397130527d6e4f712ec13,det-v1,1,accepted,1672,9062,0.003,0.0107557000,true,false
call-000475,arm8_spec_immediate,cal/f5/s5060000/late_accurate,21,step-3.7-flash,sha256:21c2432ee7a01454f6a0b77e0e7fa97e3b7d9c5327287ba83e3ba71db123a722,det-v1,1,,1591,13802,59595.608,0.0161905000,false,true
call-000476,arm8_spec_immediate,cal/f5/s5060000/late_accurate,21,step-3.7-flash,sha256:21c2432ee7a01454f6a0b77e0e7fa97e3b7d9c5327287ba83e3ba71db123a722,det-v1,1,accepted,1591,13802,59595.608,0.0161905000,false,false
call-000477,arm9_spec_heuristic_rollback,cal/f5/s5060000/late_accurate,21,step-3.7-flash,sha256:21c2432ee7a01454f6a0b77e0e7fa97e3b7d9c5327287ba83e3ba71db123a722,det-v1,1,accepted,1591,13802,0.003,0.0161905000,true,false
call-000478,arm10_spec_eprocess,cal/f5/s5060000/late_accurate,21,step-3.7-flash,sha256:21c2432ee7a01454f6a0b77e0e7fa97e3b7d9c5327287ba83e3ba71db123a722,det-v1,1,accepted,1591,13802,0.002,0.0161905000,true,false
call-000479,arm8_spec_immediate,dev/f5/s5050001/late_accurate,18,step-3.7-flash,sha256:bb498b205003732ab181cc91bba56f76a7c16e6776edaed6487abf6ee1026384,det-v1,1,,1472,8280,36684.475,0.0098164000,false,true
call-000480,arm8_spec_immediate,dev/f5/s5050001/late_accurate,18,step-3.7-flash,sha256:bb498b205003732ab181cc91bba56f76a7c16e6776edaed6487abf6ee1026384,det-v1,1,accepted,1472,8280,36684.475,0.0098164000,false,false
call-000481,arm9_spec_heuristic_rollback,dev/f5/s5050001/late_accurate,18,step-3.7-flash,sha256:bb498b205003732ab181cc91bba56f76a7c16e6776edaed6487abf6ee1026384,det-v1,1,accepted,1472,8280,0.003,0.0098164000,true,false
call-000482,arm10_spec_eprocess,dev/f5/s5050001/late_accurate,18,step-3.7-flash,sha256:bb498b205003732ab181cc91bba56f76a7c16e6776edaed6487abf6ee1026384,det-v1,1,accepted,1472,8280,0.002,0.0098164000,true,false
call-000483,arm8_spec_immediate,cal/f5/s5060001/late_accurate,24,step-3.7-flash,sha256:f4aacd4f3d9b9a57ca75cbe7054ea24dfaa4a78c8aaef39468ab8092c393cf1f,det-v1,1,,1707,5617,23764.008,0.0068009500,false,true
call-000484,arm8_spec_immediate,cal/f5/s5060001/late_accurate,24,step-3.7-flash,sha256:f4aacd4f3d9b9a57ca75cbe7054ea24dfaa4a78c8aaef39468ab8092c393cf1f,det-v1,1,accepted,1707,5617,23764.008,0.0068009500,false,false
call-000485,arm9_spec_heuristic_rollback,cal/f5/s5060001/late_accurate,24,step-3.7-flash,sha256:f4aacd4f3d9b9a57ca75cbe7054ea24dfaa4a78c8aaef39468ab8092c393cf1f,det-v1,1,accepted,1707,5617,0.001,0.0068009500,true,false
call-000486,arm10_spec_eprocess,cal/f5/s5060001/late_accurate,24,step-3.7-flash,sha256:f4aacd4f3d9b9a57ca75cbe7054ea24dfaa4a78c8aaef39468ab8092c393cf1f,det-v1,1,accepted,1707,5617,0.001,0.0068009500,true,false
call-000487,arm8_spec_immediate,dev/f5/s5050000/unreliable,20,step-3.7-flash,sha256:96ca9ea0fe5781537b547777e8b71c0dcae5d9ce2ac6a125fbd8da465c644465,det-v1,1,,1551,2919,13505.692,0.0036670500,false,true
call-000488,arm8_spec_immediate,dev/f5/s5050000/unreliable,20,step-3.7-flash,sha256:96ca9ea0fe5781537b547777e8b71c0dcae5d9ce2ac6a125fbd8da465c644465,det-v1,1,accepted,1551,2919,13505.692,0.0036670500,false,false
call-000489,arm9_spec_heuristic_rollback,dev/f5/s5050000/unreliable,20,step-3.7-flash,sha256:96ca9ea0fe5781537b547777e8b71c0dcae5d9ce2ac6a125fbd8da465c644465,det-v1,1,accepted,1551,2919,0.001,0.0036670500,true,false
call-000490,arm10_spec_eprocess,dev/f5/s5050000/unreliable,20,step-3.7-flash,sha256:96ca9ea0fe5781537b547777e8b71c0dcae5d9ce2ac6a125fbd8da465c644465,det-v1,1,accepted,1551,2919,0.001,0.0036670500,true,false
call-000491,arm8_spec_immediate,cal/f5/s5060000/unreliable,18,step-3.7-flash,sha256:40ee2b18285ee860fa25914cd83abe161ee67ce6c1a5450e3dda1674b969c6f6,det-v1,1,,1482,9601,47739.731,0.0113375500,false,true
call-000492,arm8_spec_immediate,cal/f5/s5060000/unreliable,18,step-3.7-flash,sha256:40ee2b18285ee860fa25914cd83abe161ee67ce6c1a5450e3dda1674b969c6f6,det-v1,1,accepted,1482,9601,47739.731,0.0113375500,false,false
call-000493,arm9_spec_heuristic_rollback,cal/f5/s5060000/unreliable,18,step-3.7-flash,sha256:40ee2b18285ee860fa25914cd83abe161ee67ce6c1a5450e3dda1674b969c6f6,det-v1,1,accepted,1482,9601,0.002,0.0113375500,true,false
call-000494,arm10_spec_eprocess,cal/f5/s5060000/unreliable,18,step-3.7-flash,sha256:40ee2b18285ee860fa25914cd83abe161ee67ce6c1a5450e3dda1674b969c6f6,det-v1,1,accepted,1482,9601,0.002,0.0113375500,true,false
call-000495,arm8_spec_immediate,dev/f5/s5050001/unreliable,15,step-3.7-flash,sha256:5d2fb8b97eec19e72081ebf485812b1fd407aec6c92c9fb91c23d7a413e41695,det-v1,1,,1348,1247,7339.225,0.0017036500,false,true
call-000496,arm8_spec_immediate,dev/f5/s5050001/unreliable,15,step-3.7-flash,sha256:5d2fb8b97eec19e72081ebf485812b1fd407aec6c92c9fb91c23d7a413e41695,det-v1,1,accepted,1348,1247,7339.225,0.0017036500,false,false
call-000497,arm9_spec_heuristic_rollback,dev/f5/s5050001/unreliable,15,step-3.7-flash,sha256:5d2fb8b97eec19e72081ebf485812b1fd407aec6c92c9fb91c23d7a413e41695,det-v1,1,accepted,1348,1247,0.002,0.0017036500,true,false
call-000498,arm10_spec_eprocess,dev/f5/s5050001/unreliable,15,step-3.7-flash,sha256:5d2fb8b97eec19e72081ebf485812b1fd407aec6c92c9fb91c23d7a413e41695,det-v1,1,accepted,1348,1247,0.002,0.0017036500,true,false
call-000499,arm8_spec_immediate,cal/f5/s5060001/unreliable,21,step-3.7-flash,sha256:9f3fd0ee23d7707a5720df72eba8b64b52453384744fb064734662e7c047881d,det-v1,1,,1602,9871,51308.701,0.0116720500,false,true
call-000500,arm8_spec_immediate,cal/f5/s5060001/unreliable,21,step-3.7-flash,sha256:9f3fd0ee23d7707a5720df72eba8b64b52453384744fb064734662e7c047881d,det-v1,1,accepted,1602,9871,51308.701,0.0116720500,false,false
call-000501,arm9_spec_heuristic_rollback,cal/f5/s5060001/unreliable,21,step-3.7-flash,sha256:9f3fd0ee23d7707a5720df72eba8b64b52453384744fb064734662e7c047881d,det-v1,1,accepted,1602,9871,0.003,0.0116720500,true,false
call-000502,arm10_spec_eprocess,cal/f5/s5060001/unreliable,21,step-3.7-flash,sha256:9f3fd0ee23d7707a5720df72eba8b64b52453384744fb064734662e7c047881d,det-v1,1,accepted,1602,9871,0.003,0.0116720500,true,false
call-000503,arm8_spec_immediate,dev/f6/s6050000/no_alert,22,step-3.7-flash,sha256:d32420f588ef070de29e37b36ecbbaaacf044aa7f869d1d43a24761f94b3bc55,det-v1,1,,1589,8522,38870.690,0.0101181000,false,true
call-000504,arm8_spec_immediate,dev/f6/s6050000/no_alert,22,step-3.7-flash,sha256:d32420f588ef070de29e37b36ecbbaaacf044aa7f869d1d43a24761f94b3bc55,det-v1,1,accepted,1589,8522,38870.690,0.0101181000,false,false
call-000505,arm9_spec_heuristic_rollback,dev/f6/s6050000/no_alert,22,step-3.7-flash,sha256:d32420f588ef070de29e37b36ecbbaaacf044aa7f869d1d43a24761f94b3bc55,det-v1,1,accepted,1589,8522,0.003,0.0101181000,true,false
call-000506,arm10_spec_eprocess,dev/f6/s6050000/no_alert,22,step-3.7-flash,sha256:d32420f588ef070de29e37b36ecbbaaacf044aa7f869d1d43a24761f94b3bc55,det-v1,1,accepted,1589,8522,0.004,0.0101181000,true,false
call-000507,arm8_spec_immediate,cal/f6/s6060000/no_alert,18,step-3.7-flash,sha256:e65abadeb3a96f2a20d59775020a9c29bae05a05ffbb6522bf3c6169d7682b20,det-v1,1,,1437,19323,81763.375,0.0225088500,false,true
call-000508,arm8_spec_immediate,cal/f6/s6060000/no_alert,18,step-3.7-flash,sha256:e65abadeb3a96f2a20d59775020a9c29bae05a05ffbb6522bf3c6169d7682b20,det-v1,1,accepted,1437,19323,81763.375,0.0225088500,false,false
call-000509,arm9_spec_heuristic_rollback,cal/f6/s6060000/no_alert,18,step-3.7-flash,sha256:e65abadeb3a96f2a20d59775020a9c29bae05a05ffbb6522bf3c6169d7682b20,det-v1,1,accepted,1437,19323,0.003,0.0225088500,true,false
call-000510,arm10_spec_eprocess,cal/f6/s6060000/no_alert,18,step-3.7-flash,sha256:e65abadeb3a96f2a20d59775020a9c29bae05a05ffbb6522bf3c6169d7682b20,det-v1,1,accepted,1437,19323,0.002,0.0225088500,true,false
call-000511,arm8_spec_immediate,dev/f6/s6050001/no_alert,25,step-3.7-flash,sha256:00b7d590060b3273255b4919a18049cc28a44cfbde4a7679cf8b2cfac16c2521,det-v1,1,,1703,13929,74936.545,0.0163589500,false,true
call-000512,arm8_spec_immediate,dev/f6/s6050001/no_alert,25,step-3.7-flash,sha256:00b7d590060b3273255b4919a18049cc28a44cfbde4a7679cf8b2cfac16c2521,det-v1,1,accepted,1703,13929,74936.545,0.0163589500,false,false
call-000513,arm9_spec_heuristic_rollback,dev/f6/s6050001/no_alert,25,step-3.7-flash,sha256:00b7d590060b3273255b4919a18049cc28a44cfbde4a7679cf8b2cfac16c2521,det-v1,1,accepted,1703,13929,0.003,0.0163589500,true,false
call-000514,arm10_spec_eprocess,dev/f6/s6050001/no_alert,25,step-3.7-flash,sha256:00b7d590060b3273255b4919a18049cc28a44cfbde4a7679cf8b2cfac16c2521,det-v1,1,accepted,1703,13929,0.003,0.0163589500,true,false
call-000515,arm8_spec_immediate,cal/f6/s6060001/no_alert,23,step-3.7-flash,sha256:89430cfe4de655f753f2469b6a34b5c9b0169432c5af3a6dcfc807ec4ebdefc9,det-v1,1,,1627,34267,145998.194,0.0397324500,false,true
call-000516,arm8_spec_immediate,cal/f6/s6060001/no_alert,23,step-3.7-flash,sha256:89430cfe4de655f753f2469b6a34b5c9b0169432c5af3a6dcfc807ec4ebdefc9,det-v1,1,accepted,1627,34267,145998.194,0.0397324500,false,false
call-000517,arm9_spec_heuristic_rollback,cal/f6/s6060001/no_alert,23,step-3.7-flash,sha256:89430cfe4de655f753f2469b6a34b5c9b0169432c5af3a6dcfc807ec4ebdefc9,det-v1,1,accepted,1627,34267,0.003,0.0397324500,true,false
call-000518,arm10_spec_eprocess,cal/f6/s6060001/no_alert,23,step-3.7-flash,sha256:89430cfe4de655f753f2469b6a34b5c9b0169432c5af3a6dcfc807ec4ebdefc9,det-v1,1,accepted,1627,34267,0.002,0.0397324500,true,false
call-000519,arm8_spec_immediate,dev/f6/s6050000/early_accurate,18,step-3.7-flash,sha256:bf3101a82ef116c2f609d1121e37e005ccb887e6e7c763ef8f24bf5729506fbc,det-v1,1,,1476,6768,44230.693,0.0080784000,false,true
call-000520,arm8_spec_immediate,dev/f6/s6050000/early_accurate,18,step-3.7-flash,sha256:bf3101a82ef116c2f609d1121e37e005ccb887e6e7c763ef8f24bf5729506fbc,det-v1,1,accepted,1476,6768,44230.693,0.0080784000,false,false
call-000521,arm9_spec_heuristic_rollback,dev/f6/s6050000/early_accurate,18,step-3.7-flash,sha256:bf3101a82ef116c2f609d1121e37e005ccb887e6e7c763ef8f24bf5729506fbc,det-v1,1,accepted,1476,6768,0.001,0.0080784000,true,false
call-000522,arm10_spec_eprocess,dev/f6/s6050000/early_accurate,18,step-3.7-flash,sha256:bf3101a82ef116c2f609d1121e37e005ccb887e6e7c763ef8f24bf5729506fbc,det-v1,1,accepted,1476,6768,0.001,0.0080784000,true,false
call-000523,arm8_spec_immediate,cal/f6/s6060000/early_accurate,13,step-3.7-flash,sha256:424eeeb58902295fe95b927d226c7eec0e0e7c778647d48575fd2abc949a9782,det-v1,1,,1290,11259,45901.640,0.0132058500,false,true
call-000524,arm8_spec_immediate,cal/f6/s6060000/early_accurate,13,step-3.7-flash,sha256:424eeeb58902295fe95b927d226c7eec0e0e7c778647d48575fd2abc949a9782,det-v1,1,accepted,1290,11259,45901.640,0.0132058500,false,false
call-000525,arm8_spec_immediate,cal/f6/s6060000/early_accurate,19,step-3.7-flash,sha256:a59f7d34b6f8324c99a8425d2fcc520c88b5ab19736c93a3ecd6251aa6d87db9,det-v1,1,,1518,21754,88848.592,0.0253207000,false,true
call-000526,arm8_spec_immediate,cal/f6/s6060000/early_accurate,19,step-3.7-flash,sha256:a59f7d34b6f8324c99a8425d2fcc520c88b5ab19736c93a3ecd6251aa6d87db9,det-v1,1,accepted,1518,21754,88848.592,0.0253207000,false,false
call-000527,arm9_spec_heuristic_rollback,cal/f6/s6060000/early_accurate,13,step-3.7-flash,sha256:424eeeb58902295fe95b927d226c7eec0e0e7c778647d48575fd2abc949a9782,det-v1,1,accepted,1290,11259,0.002,0.0132058500,true,false
call-000528,arm9_spec_heuristic_rollback,cal/f6/s6060000/early_accurate,19,step-3.7-flash,sha256:a59f7d34b6f8324c99a8425d2fcc520c88b5ab19736c93a3ecd6251aa6d87db9,det-v1,1,accepted,1518,21754,0.002,0.0253207000,true,false
call-000529,arm10_spec_eprocess,cal/f6/s6060000/early_accurate,13,step-3.7-flash,sha256:424eeeb58902295fe95b927d226c7eec0e0e7c778647d48575fd2abc949a9782,det-v1,1,accepted,1290,11259,0.002,0.0132058500,true,false
call-000530,arm10_spec_eprocess,cal/f6/s6060000/early_accurate,19,step-3.7-flash,sha256:dbf802c8161c6e80b5411d5cc4d71b63ac9f8dec73e386fbde2a4d3e5dce926c,det-v1,1,,1518,22656,107563.154,0.0263580000,false,true
call-000531,arm10_spec_eprocess,cal/f6/s6060000/early_accurate,19,step-3.7-flash,sha256:dbf802c8161c6e80b5411d5cc4d71b63ac9f8dec73e386fbde2a4d3e5dce926c,det-v1,1,accepted,1518,22656,107563.154,0.0263580000,false,false
call-000532,arm8_spec_immediate,dev/f6/s6050001/early_accurate,19,step-3.7-flash,sha256:6595d9b800a44d9f6ce241eb675c25ef83088c6d376ad17fc8d4d8c116b3b897,det-v1,1,,1508,7197,31124.341,0.0085781500,false,true
call-000533,arm8_spec_immediate,dev/f6/s6050001/early_accurate,19,step-3.7-flash,sha256:6595d9b800a44d9f6ce241eb675c25ef83088c6d376ad17fc8d4d8c116b3b897,det-v1,1,accepted,1508,7197,31124.341,0.0085781500,false,false
call-000534,arm8_spec_immediate,dev/f6/s6050001/early_accurate,25,step-3.7-flash,sha256:c719b6c69abe0c65027ed5199279e1fff0ffe57dd9d7acadcc9c00d41ec479f1,det-v1,1,,1736,5830,24993.976,0.0070517000,false,true
call-000535,arm8_spec_immediate,dev/f6/s6050001/early_accurate,25,step-3.7-flash,sha256:c719b6c69abe0c65027ed5199279e1fff0ffe57dd9d7acadcc9c00d41ec479f1,det-v1,1,accepted,1736,5830,24993.976,0.0070517000,false,false
call-000536,arm9_spec_heuristic_rollback,dev/f6/s6050001/early_accurate,19,step-3.7-flash,sha256:6595d9b800a44d9f6ce241eb675c25ef83088c6d376ad17fc8d4d8c116b3b897,det-v1,1,accepted,1508,7197,0.005,0.0085781500,true,false
call-000537,arm9_spec_heuristic_rollback,dev/f6/s6050001/early_accurate,25,step-3.7-flash,sha256:c719b6c69abe0c65027ed5199279e1fff0ffe57dd9d7acadcc9c00d41ec479f1,det-v1,1,accepted,1736,5830,0.003,0.0070517000,true,false
call-000538,arm10_spec_eprocess,dev/f6/s6050001/early_accurate,19,step-3.7-flash,sha256:6595d9b800a44d9f6ce241eb675c25ef83088c6d376ad17fc8d4d8c116b3b897,det-v1,1,accepted,1508,7197,0.004,0.0085781500,true,false
call-000539,arm10_spec_eprocess,dev/f6/s6050001/early_accurate,25,step-3.7-flash,sha256:bb7bd53e971e5f62bb920cc054786f5b93c7dc25287e9e0780b97a391b80925f,det-v1,1,,1736,11195,54833.341,0.0132214500,false,true
call-000540,arm10_spec_eprocess,dev/f6/s6050001/early_accurate,25,step-3.7-flash,sha256:bb7bd53e971e5f62bb920cc054786f5b93c7dc25287e9e0780b97a391b80925f,det-v1,1,accepted,1736,11195,54833.341,0.0132214500,false,false
call-000541,arm8_spec_immediate,cal/f6/s6060001/early_accurate,17,step-3.7-flash,sha256:b70ff109feb1ea27a942cdbd0dc7e8bf77f79b774651aaf7fcce573e70bba544,det-v1,1,,1442,4933,28153.181,0.0059613500,false,true
call-000542,arm8_spec_immediate,cal/f6/s6060001/early_accurate,17,step-3.7-flash,sha256:b70ff109feb1ea27a942cdbd0dc7e8bf77f79b774651aaf7fcce573e70bba544,det-v1,1,accepted,1442,4933,28153.181,0.0059613500,false,false
call-000543,arm8_spec_immediate,cal/f6/s6060001/early_accurate,23,step-3.7-flash,sha256:1e29d00e03d0372c13bf62dfab6081cb5280e3f5eedba2e9179036e824cc9497,det-v1,1,,1670,10138,52157.586,0.0119927000,false,true
call-000544,arm8_spec_immediate,cal/f6/s6060001/early_accurate,23,step-3.7-flash,sha256:1e29d00e03d0372c13bf62dfab6081cb5280e3f5eedba2e9179036e824cc9497,det-v1,1,accepted,1670,10138,52157.586,0.0119927000,false,false
call-000545,arm9_spec_heuristic_rollback,cal/f6/s6060001/early_accurate,17,step-3.7-flash,sha256:b70ff109feb1ea27a942cdbd0dc7e8bf77f79b774651aaf7fcce573e70bba544,det-v1,1,accepted,1442,4933,0.003,0.0059613500,true,false
call-000546,arm9_spec_heuristic_rollback,cal/f6/s6060001/early_accurate,23,step-3.7-flash,sha256:1e29d00e03d0372c13bf62dfab6081cb5280e3f5eedba2e9179036e824cc9497,det-v1,1,accepted,1670,10138,0.003,0.0119927000,true,false
call-000547,arm10_spec_eprocess,cal/f6/s6060001/early_accurate,17,step-3.7-flash,sha256:b70ff109feb1ea27a942cdbd0dc7e8bf77f79b774651aaf7fcce573e70bba544,det-v1,1,accepted,1442,4933,0.003,0.0059613500,true,false
call-000548,arm10_spec_eprocess,cal/f6/s6060001/early_accurate,23,step-3.7-flash,sha256:a24b909aded71e94e53021fa08b06f930a23aee6cea5dcc37a2d140408dd4f52,det-v1,1,,1670,11147,51372.553,0.0131530500,false,true
call-000549,arm10_spec_eprocess,cal/f6/s6060001/early_accurate,23,step-3.7-flash,sha256:a24b909aded71e94e53021fa08b06f930a23aee6cea5dcc37a2d140408dd4f52,det-v1,1,accepted,1670,11147,51372.553,0.0131530500,false,false
call-000550,arm8_spec_immediate,dev/f6/s6050000/late_accurate,21,step-3.7-flash,sha256:f526c5485274b8f9a415114236ae74fe92405cc8922f5b8f9209bf87ccc0f2db,det-v1,1,,1590,6179,35792.604,0.0074238500,false,true
call-000551,arm8_spec_immediate,dev/f6/s6050000/late_accurate,21,step-3.7-flash,sha256:f526c5485274b8f9a415114236ae74fe92405cc8922f5b8f9209bf87ccc0f2db,det-v1,1,accepted,1590,6179,35792.604,0.0074238500,false,false
call-000552,arm9_spec_heuristic_rollback,dev/f6/s6050000/late_accurate,21,step-3.7-flash,sha256:f526c5485274b8f9a415114236ae74fe92405cc8922f5b8f9209bf87ccc0f2db,det-v1,1,accepted,1590,6179,0.002,0.0074238500,true,false
call-000553,arm10_spec_eprocess,dev/f6/s6050000/late_accurate,21,step-3.7-flash,sha256:f526c5485274b8f9a415114236ae74fe92405cc8922f5b8f9209bf87ccc0f2db,det-v1,1,accepted,1590,6179,0.002,0.0074238500,true,false
call-000554,arm8_spec_immediate,cal/f6/s6060000/late_accurate,16,step-3.7-flash,sha256:031f0dd17db9e499a74091eef7cc4a44a18d10fde6cf14bcff5126f15c4f49ab,det-v1,1,,1404,9676,41354.634,0.0114082000,false,true
call-000555,arm8_spec_immediate,cal/f6/s6060000/late_accurate,16,step-3.7-flash,sha256:031f0dd17db9e499a74091eef7cc4a44a18d10fde6cf14bcff5126f15c4f49ab,det-v1,1,accepted,1404,9676,41354.634,0.0114082000,false,false
call-000556,arm9_spec_heuristic_rollback,cal/f6/s6060000/late_accurate,16,step-3.7-flash,sha256:031f0dd17db9e499a74091eef7cc4a44a18d10fde6cf14bcff5126f15c4f49ab,det-v1,1,accepted,1404,9676,0.003,0.0114082000,true,false
call-000557,arm10_spec_eprocess,cal/f6/s6060000/late_accurate,16,step-3.7-flash,sha256:031f0dd17db9e499a74091eef7cc4a44a18d10fde6cf14bcff5126f15c4f49ab,det-v1,1,accepted,1404,9676,0.002,0.0114082000,true,false
call-000558,arm8_spec_immediate,dev/f6/s6050001/late_accurate,22,step-3.7-flash,sha256:9dc04f18a4ea4885e769a6d3fa308da04fcd130d14d768f5f4fff0fa6849d60a,det-v1,1,,1622,10345,45977.532,0.0122211500,false,true
call-000559,arm8_spec_immediate,dev/f6/s6050001/late_accurate,22,step-3.7-flash,sha256:9dc04f18a4ea4885e769a6d3fa308da04fcd130d14d768f5f4fff0fa6849d60a,det-v1,1,accepted,1622,10345,45977.532,0.0122211500,false,false
call-000560,arm8_spec_immediate,dev/f6/s6050001/late_accurate,28,step-3.7-flash,sha256:59ff79373d0d7529f6f06952e75b384419ba45eef110b3fe6aefe17b0bc772af,det-v1,1,,1850,12830,66317.802,0.0151245000,false,true
call-000561,arm8_spec_immediate,dev/f6/s6050001/late_accurate,28,step-3.7-flash,sha256:59ff79373d0d7529f6f06952e75b384419ba45eef110b3fe6aefe17b0bc772af,det-v1,1,accepted,1850,12830,66317.802,0.0151245000,false,false
call-000562,arm9_spec_heuristic_rollback,dev/f6/s6050001/late_accurate,22,step-3.7-flash,sha256:9dc04f18a4ea4885e769a6d3fa308da04fcd130d14d768f5f4fff0fa6849d60a,det-v1,1,accepted,1622,10345,0.004,0.0122211500,true,false
call-000563,arm9_spec_heuristic_rollback,dev/f6/s6050001/late_accurate,28,step-3.7-flash,sha256:59ff79373d0d7529f6f06952e75b384419ba45eef110b3fe6aefe17b0bc772af,det-v1,1,accepted,1850,12830,0.003,0.0151245000,true,false
call-000564,arm10_spec_eprocess,dev/f6/s6050001/late_accurate,22,step-3.7-flash,sha256:9dc04f18a4ea4885e769a6d3fa308da04fcd130d14d768f5f4fff0fa6849d60a,det-v1,1,accepted,1622,10345,0.003,0.0122211500,true,false
call-000565,arm10_spec_eprocess,dev/f6/s6050001/late_accurate,28,step-3.7-flash,sha256:ac310ef2f3a31dc1cfb1bc6df73ace505de18926345810e4fd2cb424ed207224,det-v1,1,,1850,8658,38359.109,0.0103267000,false,true
call-000566,arm10_spec_eprocess,dev/f6/s6050001/late_accurate,28,step-3.7-flash,sha256:ac310ef2f3a31dc1cfb1bc6df73ace505de18926345810e4fd2cb424ed207224,det-v1,1,accepted,1850,8658,38359.109,0.0103267000,false,false
call-000567,arm8_spec_immediate,cal/f6/s6060001/late_accurate,20,step-3.7-flash,sha256:66894edefd7dfa9576110ba00725e6783357ddfe72873e4e419b75838746085c,det-v1,1,,1556,6550,36068.664,0.0078437000,false,true
call-000568,arm8_spec_immediate,cal/f6/s6060001/late_accurate,20,step-3.7-flash,sha256:66894edefd7dfa9576110ba00725e6783357ddfe72873e4e419b75838746085c,det-v1,1,accepted,1556,6550,36068.664,0.0078437000,false,false
call-000569,arm9_spec_heuristic_rollback,cal/f6/s6060001/late_accurate,20,step-3.7-flash,sha256:66894edefd7dfa9576110ba00725e6783357ddfe72873e4e419b75838746085c,det-v1,1,accepted,1556,6550,0.002,0.0078437000,true,false
call-000570,arm10_spec_eprocess,cal/f6/s6060001/late_accurate,20,step-3.7-flash,sha256:66894edefd7dfa9576110ba00725e6783357ddfe72873e4e419b75838746085c,det-v1,1,accepted,1556,6550,0.001,0.0078437000,true,false
call-000571,arm8_spec_immediate,dev/f6/s6050000/unreliable,18,step-3.7-flash,sha256:b3f15e56d91ab25148fbe281e37b254d454b2c5ff70c6351e0fb4b81c2fe7265,det-v1,1,,1472,5167,26469.117,0.0062364500,false,true
call-000572,arm8_spec_immediate,dev/f6/s6050000/unreliable,18,step-3.7-flash,sha256:b3f15e56d91ab25148fbe281e37b254d454b2c5ff70c6351e0fb4b81c2fe7265,det-v1,1,accepted,1472,5167,26469.117,0.0062364500,false,false
call-000573,arm9_spec_heuristic_rollback,dev/f6/s6050000/unreliable,18,step-3.7-flash,sha256:b3f15e56d91ab25148fbe281e37b254d454b2c5ff70c6351e0fb4b81c2fe7265,det-v1,1,accepted,1472,5167,0.001,0.0062364500,true,false
call-000574,arm10_spec_eprocess,dev/f6/s6050000/unreliable,18,step-3.7-flash,sha256:b3f15e56d91ab25148fbe281e37b254d454b2c5ff70c6351e0fb4b81c2fe7265,det-v1,1,accepted,1472,5167,0.001,0.0062364500,true,false
call-000575,arm8_spec_immediate,cal/f6/s6060000/unreliable,13,step-3.7-flash,sha256:96bfc3841766493265ceefed10bc248b4aa9443614d5a6343c3a4c87a1a947a7,det-v1,1,accepted,1286,2445,0.003,0.0030689500,true,false
call-000576,arm8_spec_immediate,cal/f6/s6060000/unreliable,19,step-3.7-flash,sha256:f0e732181398727cded3e829c0fdc0e4eb27274401411756b64221021034c9fb,det-v1,1,accepted,1514,28645,0.001,0.0332445500,true,false
call-000577,arm9_spec_heuristic_rollback,cal/f6/s6060000/unreliable,13,step-3.7-flash,sha256:96bfc3841766493265ceefed10bc248b4aa9443614d5a6343c3a4c87a1a947a7,det-v1,1,accepted,1286,2445,0.001,0.0030689500,true,false
call-000578,arm9_spec_heuristic_rollback,cal/f6/s6060000/unreliable,19,step-3.7-flash,sha256:f0e732181398727cded3e829c0fdc0e4eb27274401411756b64221021034c9fb,det-v1,1,accepted,1514,28645,0.001,0.0332445500,true,false
call-000579,arm10_spec_eprocess,cal/f6/s6060000/unreliable,13,step-3.7-flash,sha256:96bfc3841766493265ceefed10bc248b4aa9443614d5a6343c3a4c87a1a947a7,det-v1,1,accepted,1286,2445,0.001,0.0030689500,true,false
call-000580,arm10_spec_eprocess,cal/f6/s6060000/unreliable,19,step-3.7-flash,sha256:f0e732181398727cded3e829c0fdc0e4eb27274401411756b64221021034c9fb,det-v1,1,accepted,1514,28645,0.001,0.0332445500,true,false
call-000581,arm8_spec_immediate,dev/f6/s6050001/unreliable,19,step-3.7-flash,sha256:353e7c2b0a94806700518f17e7cfe698bcf2e4a0516010e8ffb548dcbf263684,det-v1,1,,1501,1138,5974.195,0.0016089000,false,true
call-000582,arm8_spec_immediate,dev/f6/s6050001/unreliable,19,step-3.7-flash,sha256:353e7c2b0a94806700518f17e7cfe698bcf2e4a0516010e8ffb548dcbf263684,det-v1,1,accepted,1501,1138,5974.195,0.0016089000,false,false
call-000583,arm8_spec_immediate,dev/f6/s6050001/unreliable,25,step-3.7-flash,sha256:194c3c12010a781d211a753074f33a5e4ac80d3bdcd297cbb784302a9308dc7d,det-v1,1,,1729,27004,116544.799,0.0314004000,false,true
call-000584,arm8_spec_immediate,dev/f6/s6050001/unreliable,25,step-3.7-flash,sha256:194c3c12010a781d211a753074f33a5e4ac80d3bdcd297cbb784302a9308dc7d,det-v1,1,accepted,1729,27004,116544.799,0.0314004000,false,false
call-000585,arm9_spec_heuristic_rollback,dev/f6/s6050001/unreliable,19,step-3.7-flash,sha256:353e7c2b0a94806700518f17e7cfe698bcf2e4a0516010e8ffb548dcbf263684,det-v1,1,accepted,1501,1138,0.003,0.0016089000,true,false
call-000586,arm9_spec_heuristic_rollback,dev/f6/s6050001/unreliable,25,step-3.7-flash,sha256:194c3c12010a781d211a753074f33a5e4ac80d3bdcd297cbb784302a9308dc7d,det-v1,1,accepted,1729,27004,0.003,0.0314004000,true,false
call-000587,arm10_spec_eprocess,dev/f6/s6050001/unreliable,19,step-3.7-flash,sha256:353e7c2b0a94806700518f17e7cfe698bcf2e4a0516010e8ffb548dcbf263684,det-v1,1,accepted,1501,1138,0.003,0.0016089000,true,false
call-000588,arm10_spec_eprocess,dev/f6/s6050001/unreliable,25,step-3.7-flash,sha256:194c3c12010a781d211a753074f33a5e4ac80d3bdcd297cbb784302a9308dc7d,det-v1,1,accepted,1729,27004,0.002,0.0314004000,true,false
call-000589,arm8_spec_immediate,cal/f6/s6060001/unreliable,17,step-3.7-flash,sha256:f257b8faa88b2ba9705dc47bdd7f8f31c444ec8a903fbfffc8b6eff2f586ff01,det-v1,1,,1436,12130,49964.318,0.0142367000,false,true
call-000590,arm8_spec_immediate,cal/f6/s6060001/unreliable,17,step-3.7-flash,sha256:f257b8faa88b2ba9705dc47bdd7f8f31c444ec8a903fbfffc8b6eff2f586ff01,det-v1,1,accepted,1436,12130,49964.318,0.0142367000,false,false
call-000591,arm8_spec_immediate,cal/f6/s6060001/unreliable,23,step-3.7-flash,sha256:e8e5d5ea1c35ac80b877e3437ac11021e11b85e03c077585074b97f2fb30b83a,det-v1,1,,1664,14024,79291.367,0.0164604000,false,true
call-000592,arm8_spec_immediate,cal/f6/s6060001/unreliable,23,step-3.7-flash,sha256:e8e5d5ea1c35ac80b877e3437ac11021e11b85e03c077585074b97f2fb30b83a,det-v1,1,accepted,1664,14024,79291.367,0.0164604000,false,false
call-000593,arm9_spec_heuristic_rollback,cal/f6/s6060001/unreliable,17,step-3.7-flash,sha256:f257b8faa88b2ba9705dc47bdd7f8f31c444ec8a903fbfffc8b6eff2f586ff01,det-v1,1,accepted,1436,12130,0.003,0.0142367000,true,false
call-000594,arm9_spec_heuristic_rollback,cal/f6/s6060001/unreliable,23,step-3.7-flash,sha256:e8e5d5ea1c35ac80b877e3437ac11021e11b85e03c077585074b97f2fb30b83a,det-v1,1,accepted,1664,14024,0.003,0.0164604000,true,false
call-000595,arm10_spec_eprocess,cal/f6/s6060001/unreliable,17,step-3.7-flash,sha256:f257b8faa88b2ba9705dc47bdd7f8f31c444ec8a903fbfffc8b6eff2f586ff01,det-v1,1,accepted,1436,12130,0.003,0.0142367000,true,false
call-000596,arm10_spec_eprocess,cal/f6/s6060001/unreliable,23,step-3.7-flash,sha256:ba26a19283ce1eb68d2229fcf10984da156015d5457229625904d624f4103112,det-v1,1,,1664,23073,105073.015,0.0268667500,false,true
call-000597,arm10_spec_eprocess,cal/f6/s6060001/unreliable,23,step-3.7-flash,sha256:ba26a19283ce1eb68d2229fcf10984da156015d5457229625904d624f4103112,det-v1,1,accepted,1664,23073,105073.015,0.0268667500,false,false
