call_id,arm_id,episode_id,period,model_id,prompt_hash,decoding_hash,attempt_index,outcome,input_tokens,output_tokens,latency_ms,usd_cost,cache_hit,physical
call-000001,arm8_spec_immediate,dev/f1/s1200000/no_alert,22,grok-4.20-0309-non-reasoning,sha256:efa7c50038d8c421e857189c1da7de5d6c25dddc33de078765157addc4434ae7,det-v1,1,,1671,74,1010.729,0.0022737500,false,true
call-000002,arm8_spec_immediate,dev/f1/s1200000/no_alert,22,grok-4.20-0309-non-reasoning,sha256:efa7c50038d8c421e857189c1da7de5d6c25dddc33de078765157addc4434ae7,det-v1,1,accepted,1671,74,1010.729,0.0022737500,false,false
call-000003,arm8_spec_immediate,dev/f1/s1200000/no_alert,45,grok-4.20-0309-non-reasoning,sha256:1802956a5c9b26c9fc263bba495b9ff2f09ce956bab1fdc3981dd5417f17ed64,det-v1,1,,2545,50,790.767,0.0033062500,false,true
call-000004,arm8_spec_immediate,dev/f1/s1200000/no_alert,45,grok-4.20-0309-non-reasoning,sha256:1802956a5c9b26c9fc263bba495b9ff2f09ce956bab1fdc3981dd5417f17ed64,det-v1,1,accepted,2545,50,790.767,0.0033062500,false,false
call-000005,arm10_spec_eprocess,dev/f1/s1200000/no_alert,22,grok-4.20-0309-non-reasoning,sha256:efa7c50038d8c421e857189c1da7de5d6c25dddc33de078765157addc4434ae7,det-v1,1,accepted,1671,74,0.002,0.0022737500,true,false
call-000006,arm10_spec_eprocess,dev/f1/s1200000/no_alert,45,grok-4.20-0309-non-reasoning,sha256:bb01e070b53265c01953637fb02a61b23b0985cc3565436f6910e49baabb5aa5,det-v1,1,,2545,90,1033.850,0.0034062500,false,true
call-000007,arm10_spec_eprocess,dev/f1/s1200000/no_alert,45,grok-4.20-0309-non-reasoning,sha256:bb01e070b53265c01953637fb02a61b23b0985cc3565436f6910e49baabb5aa5,det-v1,1,accepted,2545,90,1033.850,0.0034062500,false,false
call-000008,arm12_cth,dev/f1/s1200000/no_alert,22,grok-4.20-0309-non-reasoning,sha256:efa7c50038d8c421e857189c1da7de5d6c25dddc33de078765157addc4434ae7,det-v1,1,accepted,1671,74,0.002,0.0022737500,true,false
call-000009,arm12_cth,dev/f1/s1200000/no_alert,45,grok-4.20-0309-non-reasoning,sha256:785f6caf21cae47eb44439aa69913f9f5a9bfd638d3a324bca89cc67b7641c58,det-v1,1,,2545,50,882.584,0.0033062500,false,true
call-000010,arm12_cth,dev/f1/s1200000/no_alert,45,grok-4.20-0309-non-reasoning,sha256:785f6caf21cae47eb44439aa69913f9f5a9bfd638d3a324bca89cc67b7641c58,det-v1,1,accepted,2545,50,882.584,0.0033062500,false,false
call-000011,arm12b_cth_llm,dev/f1/s1200000/no_alert,22,grok-4.20-0309-non-reasoning,sha256:efa7c50038d8c421e857189c1da7de5d6c25dddc33de078765157addc4434ae7,det-v1,1,accepted,1671,74,0.004,0.0022737500,true,false
call-000012,arm12b_cth_llm,dev/f1/s1200000/no_alert,45,grok-4.20-0309-non-reasoning,sha256:f16420c855f7b8599efc743665cb064cd21ea14650558d859ff82b49f4f7d93b,det-v1,1,,2545,76,947.278,0.0033712500,false,true
call-000013,arm12b_cth_llm,dev/f1/s1200000/no_alert,45,grok-4.20-0309-non-reasoning,sha256:f16420c855f7b8599efc743665cb064cd21ea14650558d859ff82b49f4f7d93b,det-v1,1,accepted,2545,76,947.278,0.0033712500,false,false
call-000014,arm8_spec_immediate,dev/f1/s1200000/early_accurate,14,grok-4.20-0309-non-reasoning,sha256:b8b5ba6ce73448ff1277408fc38ca3270c5413d9ff399b440522d098559020e2,det-v1,1,,1402,59,855.845,0.0019000000,false,true
call-000015,arm8_spec_immediate,dev/f1/s1200000/early_accurate,14,grok-4.20-0309-non-reasoning,sha256:b8b5ba6ce73448ff1277408fc38ca3270c5413d9ff399b440522d098559020e2,det-v1,1,accepted,1402,59,855.845,0.0019000000,false,false
call-000016,arm8_spec_immediate,dev/f1/s1200000/early_accurate,22,grok-4.20-0309-non-reasoning,sha256:4ca84e77db30ae198649055302854718d65b5ae69f6370e9e49349bac2207427,det-v1,1,,1706,79,1255.721,0.0023300000,false,true
call-000017,arm8_spec_immediate,dev/f1/s1200000/early_accurate,22,grok-4.20-0309-non-reasoning,sha256:4ca84e77db30ae198649055302854718d65b5ae69f6370e9e49349bac2207427,det-v1,1,accepted,1706,79,1255.721,0.0023300000,false,false
call-000018,arm10_spec_eprocess,dev/f1/s1200000/early_accurate,14,grok-4.20-0309-non-reasoning,sha256:b8b5ba6ce73448ff1277408fc38ca3270c5413d9ff399b440522d098559020e2,det-v1,1,accepted,1402,59,0.002,0.0019000000,true,false
call-000019,arm10_spec_eprocess,dev/f1/s1200000/early_accurate,22,grok-4.20-0309-non-reasoning,sha256:f99b5f87ed83b8b5d2a54f9e6bd21dcbfbe8966be2dfd5a6419fce188eaa7339,det-v1,1,,1706,79,954.900,0.0023300000,false,true
call-000020,arm10_spec_eprocess,dev/f1/s1200000/early_accurate,22,grok-4.20-0309-non-reasoning,sha256:f99b5f87ed83b8b5d2a54f9e6bd21dcbfbe8966be2dfd5a6419fce188eaa7339,det-v1,1,accepted,1706,79,954.900,0.0023300000,false,false
call-000021,arm12_cth,dev/f1/s1200000/early_accurate,14,grok-4.20-0309-non-reasoning,sha256:b8b5ba6ce73448ff1277408fc38ca3270c5413d9ff399b440522d098559020e2,det-v1,1,accepted,1402,59,0.002,0.0019000000,true,false
call-000022,arm12_cth,dev/f1/s1200000/early_accurate,22,grok-4.20-0309-non-reasoning,sha256:991d215a5a9cdb05d50813d9262690d95a4a60787be949ff55b0d2f9e50328e2,det-v1,1,,1706,79,1013.711,0.0023300000,false,true
call-000023,arm12_cth,dev/f1/s1200000/early_accurate,22,grok-4.20-0309-non-reasoning,sha256:991d215a5a9cdb05d50813d9262690d95a4a60787be949ff55b0d2f9e50328e2,det-v1,1,accepted,1706,79,1013.711,0.0023300000,false,false
call-000024,arm12b_cth_llm,dev/f1/s1200000/early_accurate,14,grok-4.20-0309-non-reasoning,sha256:b8b5ba6ce73448ff1277408fc38ca3270c5413d9ff399b440522d098559020e2,det-v1,1,accepted,1402,59,0.003,0.0019000000,true,false
call-000025,arm12b_cth_llm,dev/f1/s1200000/early_accurate,22,grok-4.20-0309-non-reasoning,sha256:991d215a5a9cdb05d50813d9262690d95a4a60787be949ff55b0d2f9e50328e2,det-v1,1,accepted,1706,79,0.002,0.0023300000,true,false
call-000026,arm8_spec_immediate,dev/f1/s1200000/late_accurate,17,grok-4.20-0309-non-reasoning,sha256:204e3d22a33a55723b89585783ebc9fb243f667a2d21ae6b523ddc303ed7f80a,det-v1,1,,1516,59,958.700,0.0020425000,false,true
call-000027,arm8_spec_immediate,dev/f1/s1200000/late_accurate,17,grok-4.20-0309-non-reasoning,sha256:204e3d22a33a55723b89585783ebc9fb243f667a2d21ae6b523ddc303ed7f80a,det-v1,1,accepted,1516,59,958.700,0.0020425000,false,false
call-000028,arm8_spec_immediate,dev/f1/s1200000/late_accurate,23,grok-4.20-0309-non-reasoning,sha256:3a5223a44f8a982a3d47ad0c98dac55d71fbdbe4250b8280d204f2b38b1d008e,det-v1,1,,1744,83,1072.831,0.0023875000,false,true
call-000029,arm8_spec_immediate,dev/f1/s1200000/late_accurate,23,grok-4.20-0309-non-reasoning,sha256:3a5223a44f8a982a3d47ad0c98dac55d71fbdbe4250b8280d204f2b38b1d008e,det-v1,1,accepted,1744,83,1072.831,0.0023875000,false,false
call-000030,arm10_spec_eprocess,dev/f1/s1200000/late_accurate,17,grok-4.20-0309-non-reasoning,sha256:204e3d22a33a55723b89585783ebc9fb243f667a2d21ae6b523ddc303ed7f80a,det-v1,1,accepted,1516,59,0.002,0.0020425000,true,false
call-000031,arm10_spec_eprocess,dev/f1/s1200000/late_accurate,23,grok-4.20-0309-non-reasoning,sha256:6074ad03b40964f3113009aefcc1e91cb307e0d1e1df235b263a0425774dacf1,det-v1,1,,1744,83,935.451,0.0023875000,false,true
call-000032,arm10_spec_eprocess,dev/f1/s1200000/late_accurate,23,grok-4.20-0309-non-reasoning,sha256:6074ad03b40964f3113009aefcc1e91cb307e0d1e1df235b263a0425774dacf1,det-v1,1,accepted,1744,83,935.451,0.0023875000,false,false
call-000033,arm12_cth,dev/f1/s1200000/late_accurate,17,grok-4.20-0309-non-reasoning,sha256:204e3d22a33a55723b89585783ebc9fb243f667a2d21ae6b523ddc303ed7f80a,det-v1,1,accepted,1516,59,0.002,0.0020425000,true,false
call-000034,arm12_cth,dev/f1/s1200000/late_accurate,23,grok-4.20-0309-non-reasoning,sha256:6074ad03b40964f3113009aefcc1e91cb307e0d1e1df235b263a0425774dacf1,det-v1,1,accepted,1744,83,0.002,0.0023875000,true,false
call-000035,arm12b_cth_llm,dev/f1/s1200000/late_accurate,17,grok-4.20-0309-non-reasoning,sha256:204e3d22a33a55723b89585783ebc9fb243f667a2d21ae6b523ddc303ed7f80a,det-v1,1,accepted,1516,59,0.002,0.0020425000,true,false
call-000036,arm12b_cth_llm,dev/f1/s1200000/late_accurate,23,grok-4.20-0309-non-reasoning,sha256:6074ad03b40964f3113009aefcc1e91cb307e0d1e1df235b263a0425774dacf1,det-v1,1,accepted,1744,83,0.002,0.0023875000,true,false
call-000037,arm8_spec_immediate,dev/f1/s1200000/unreliable,14,grok-4.20-0309-non-reasoning,sha256:150d294e6172ff948566de031360238db0d02a2bbf2e38b3fc9d03d3c7703ffc,det-v1,1,accepted,1391,76,0.003,0.0019287500,true,false
call-000038,arm8_spec_immediate,dev/f1/s1200000/unreliable,22,grok-4.20-0309-non-reasoning,sha256:e39f9042fb7766a319dcdf35622cb643a34fef3caf27f86021d398f6c0ecef60,det-v1,1,accepted,1695,74,0.001,0.0023037500,true,false
call-000039,arm10_spec_eprocess,dev/f1/s1200000/unreliable,14,grok-4.20-0309-non-reasoning,sha256:150d294e6172ff948566de031360238db0d02a2bbf2e38b3fc9d03d3c7703ffc,det-v1,1,accepted,1391,76,0.002,0.0019287500,true,false
call-000040,arm10_spec_eprocess,dev/f1/s1200000/unreliable,22,grok-4.20-0309-non-reasoning,sha256:e39f9042fb7766a319dcdf35622cb643a34fef3caf27f86021d398f6c0ecef60,det-v1,1,accepted,1695,74,0.001,0.0023037500,true,false
call-000041,arm12_cth,dev/f1/s1200000/unreliable,14,grok-4.20-0309-non-reasoning,sha256:150d294e6172ff948566de031360238db0d02a2bbf2e38b3fc9d03d3c7703ffc,det-v1,1,accepted,1391,76,0.002,0.0019287500,true,false
call-000042,arm12_cth,dev/f1/s1200000/unreliable,22,grok-4.20-0309-non-reasoning,sha256:e1b89cfc40f8f7c9b0e8dda3c181f706d5db9b34e19270c6ad7ffdc72a37cc44,det-v1,1,accepted,1695,74,0.002,0.0023037500,true,false
call-000043,arm12b_cth_llm,dev/f1/s1200000/unreliable,14,grok-4.20-0309-non-reasoning,sha256:150d294e6172ff948566de031360238db0d02a2bbf2e38b3fc9d03d3c7703ffc,det-v1,1,accepted,1391,76,0.002,0.0019287500,true,false
call-000044,arm12b_cth_llm,dev/f1/s1200000/unreliable,22,grok-4.20-0309-non-reasoning,sha256:e39f9042fb7766a319dcdf35622cb643a34fef3caf27f86021d398f6c0ecef60,det-v1,1,accepted,1695,74,0.002,0.0023037500,true,false
call-000045,arm8_spec_immediate,cal/f1/s1200001/no_alert,22,grok-4.20-0309-non-reasoning,sha256:956ca695f9212ee9311586803485271add110f57546638a04acfb4ff854db4db,det-v1,1,,1671,66,1045.316,0.0022537500,false,true
call-000046,arm8_spec_immediate,cal/f1/s1200001/no_alert,22,grok-4.20-0309-non-reasoning,sha256:956ca695f9212ee9311586803485271add110f57546638a04acfb4ff854db4db,det-v1,1,accepted,1671,66,1045.316,0.0022537500,false,false
call-000047,arm8_spec_immediate,cal/f1/s1200001/no_alert,36,grok-4.20-0309-non-reasoning,sha256:9de675dac1fc60fb1a9fc8f058dcb5ff50786c4b81054c2e29900dbf5a721920,det-v1,1,,2203,50,828.819,0.0028787500,false,true
call-000048,arm8_spec_immediate,cal/f1/s1200001/no_alert,36,grok-4.20-0309-non-reasoning,sha256:9de675dac1fc60fb1a9fc8f058dcb5ff50786c4b81054c2e29900dbf5a721920,det-v1,1,accepted,2203,50,828.819,0.0028787500,false,false
call-000049,arm10_spec_eprocess,cal/f1/s1200001/no_alert,22,grok-4.20-0309-non-reasoning,sha256:956ca695f9212ee9311586803485271add110f57546638a04acfb4ff854db4db,det-v1,1,accepted,1671,66,0.002,0.0022537500,true,false
call-000050,arm10_spec_eprocess,cal/f1/s1200001/no_alert,36,grok-4.20-0309-non-reasoning,sha256:58ca4bb66b89e6f00a3d382da702f09996d2ef2cb45478c33be7c6df1348333b,det-v1,1,,2203,78,1045.976,0.0029487500,false,true
call-000051,arm10_spec_eprocess,cal/f1/s1200001/no_alert,36,grok-4.20-0309-non-reasoning,sha256:58ca4bb66b89e6f00a3d382da702f09996d2ef2cb45478c33be7c6df1348333b,det-v1,1,accepted,2203,78,1045.976,0.0029487500,false,false
call-000052,arm12_cth,cal/f1/s1200001/no_alert,22,grok-4.20-0309-non-reasoning,sha256:956ca695f9212ee9311586803485271add110f57546638a04acfb4ff854db4db,det-v1,1,accepted,1671,66,0.002,0.0022537500,true,false
call-000053,arm12_cth,cal/f1/s1200001/no_alert,36,grok-4.20-0309-non-reasoning,sha256:560b015dee3978d8926a62cb818fb5e3700c8ee937a95263ecf5917bd2c6add5,det-v1,1,,2203,50,866.391,0.0028787500,false,true
call-000054,arm12_cth,cal/f1/s1200001/no_alert,36,grok-4.20-0309-non-reasoning,sha256:560b015dee3978d8926a62cb818fb5e3700c8ee937a95263ecf5917bd2c6add5,det-v1,1,accepted,2203,50,866.391,0.0028787500,false,false
call-000055,arm12b_cth_llm,cal/f1/s1200001/no_alert,22,grok-4.20-0309-non-reasoning,sha256:956ca695f9212ee9311586803485271add110f57546638a04acfb4ff854db4db,det-v1,1,accepted,1671,66,0.003,0.0022537500,true,false
call-000056,arm12b_cth_llm,cal/f1/s1200001/no_alert,36,grok-4.20-0309-non-reasoning,sha256:91e3ff32a276da0e801c4e4ad252e2d89fd308631d79f5ac1ba15ea306bda8b4,det-v1,1,,2203,86,1156.534,0.0029687500,false,true
call-000057,arm12b_cth_llm,cal/f1/s1200001/no_alert,36,grok-4.20-0309-non-reasoning,sha256:91e3ff32a276da0e801c4e4ad252e2d89fd308631d79f5ac1ba15ea306bda8b4,det-v1,1,accepted,2203,86,1156.534,0.0029687500,false,false
call-000058,arm8_spec_immediate,cal/f1/s1200001/early_accurate,18,grok-4.20-0309-non-reasoning,sha256:452d7d5a783945dcc2f152f4bd8442fb397d31fd6ca9b3111aa9aa8902d0e43a,det-v1,1,,1562,59,1096.283,0.0021000000,false,true
call-000059,arm8_spec_immediate,cal/f1/s1200001/early_accurate,18,grok-4.20-0309-non-reasoning,sha256:452d7d5a783945dcc2f152f4bd8442fb397d31fd6ca9b3111aa9aa8902d0e43a,det-v1,1,accepted,1562,59,1096.283,0.0021000000,false,false
call-000060,arm8_spec_immediate,cal/f1/s1200001/early_accurate,24,grok-4.20-0309-non-reasoning,sha256:7a38cfa21de9902a55c99b9d372484bd1b65f4a8e55a671445d9ceeaaab3e508,det-v1,1,,1790,75,1251.349,0.0024250000,false,true
call-000061,arm8_spec_immediate,cal/f1/s1200001/early_accurate,24,grok-4.20-0309-non-reasoning,sha256:7a38cfa21de9902a55c99b9d372484bd1b65f4a8e55a671445d9ceeaaab3e508,det-v1,1,accepted,1790,75,1251.349,0.0024250000,false,false
call-000062,arm10_spec_eprocess,cal/f1/s1200001/early_accurate,18,grok-4.20-0309-non-reasoning,sha256:452d7d5a783945dcc2f152f4bd8442fb397d31fd6ca9b3111aa9aa8902d0e43a,det-v1,1,accepted,1562,59,0.002,0.0021000000,true,false
call-000063,arm10_spec_eprocess,cal/f1/s1200001/early_accurate,24,grok-4.20-0309-non-reasoning,sha256:c5827b18a50ca0eb1347bbfa4ae7ed759211ba9e1dce2c8093b955a1459d118f,det-v1,1,,1790,79,1277.360,0.0024350000,false,true
call-000064,arm10_spec_eprocess,cal/f1/s1200001/early_accurate,24,grok-4.20-0309-non-reasoning,sha256:c5827b18a50ca0eb1347bbfa4ae7ed759211ba9e1dce2c8093b955a1459d118f,det-v1,1,accepted,1790,79,1277.360,0.0024350000,false,false
call-000065,arm12_cth,cal/f1/s1200001/early_accurate,18,grok-4.20-0309-non-reasoning,sha256:452d7d5a783945dcc2f152f4bd8442fb397d31fd6ca9b3111aa9aa8902d0e43a,det-v1,1,accepted,1562,59,0.003,0.0021000000,true,false
call-000066,arm12_cth,cal/f1/s1200001/early_accurate,24,grok-4.20-0309-non-reasoning,sha256:3adbe72f2520ba260e31ec14225abc558bb45e5752166b97629bcb6267ba6696,det-v1,1,,1790,79,981.366,0.0024350000,false,true
call-000067,arm12_cth,cal/f1/s1200001/early_accurate,24,grok-4.20-0309-non-reasoning,sha256:3adbe72f2520ba260e31ec14225abc558bb45e5752166b97629bcb6267ba6696,det-v1,1,accepted,1790,79,981.366,0.0024350000,false,false
call-000068,arm12b_cth_llm,cal/f1/s1200001/early_accurate,18,grok-4.20-0309-non-reasoning,sha256:452d7d5a783945dcc2f152f4bd8442fb397d31fd6ca9b3111aa9aa8902d0e43a,det-v1,1,accepted,1562,59,0.003,0.0021000000,true,false
call-000069,arm12b_cth_llm,cal/f1/s1200001/early_accurate,24,grok-4.20-0309-non-reasoning,sha256:e960069577a32e4f711fb296e7a5a9b1d5d66e771af2374b7f92bbd8476e85b5,det-v1,1,,1790,79,922.508,0.0024350000,false,true
call-000070,arm12b_cth_llm,cal/f1/s1200001/early_accurate,24,grok-4.20-0309-non-reasoning,sha256:e960069577a32e4f711fb296e7a5a9b1d5d66e771af2374b7f92bbd8476e85b5,det-v1,1,accepted,1790,79,922.508,0.0024350000,false,false
call-000071,arm8_spec_immediate,cal/f1/s1200001/late_accurate,21,grok-4.20-0309-non-reasoning,sha256:227973cf01ba13b6c622f179853787a46d6e56a49c197adb28381a7bfbc2d72f,det-v1,1,,1676,97,1077.333,0.0023375000,false,true
call-000072,arm8_spec_immediate,cal/f1/s1200001/late_accurate,21,grok-4.20-0309-non-reasoning,sha256:227973cf01ba13b6c622f179853787a46d6e56a49c197adb28381a7bfbc2d72f,det-v1,1,accepted,1676,97,1077.333,0.0023375000,false,false
call-000073,arm8_spec_immediate,cal/f1/s1200001/late_accurate,34,grok-4.20-0309-non-reasoning,sha256:ddca54c87812f9782386269a93af3a572a13941193351c33d2b15fd4c2c593fa,det-v1,1,,2170,103,1555.117,0.0029700000,false,true
call-000074,arm8_spec_immediate,cal/f1/s1200001/late_accurate,34,grok-4.20-0309-non-reasoning,sha256:ddca54c87812f9782386269a93af3a572a13941193351c33d2b15fd4c2c593fa,det-v1,1,accepted,2170,103,1555.117,0.0029700000,false,false
call-000075,arm10_spec_eprocess,cal/f1/s1200001/late_accurate,21,grok-4.20-0309-non-reasoning,sha256:227973cf01ba13b6c622f179853787a46d6e56a49c197adb28381a7bfbc2d72f,det-v1,1,accepted,1676,97,0.002,0.0023375000,true,false
call-000076,arm10_spec_eprocess,cal/f1/s1200001/late_accurate,34,grok-4.20-0309-non-reasoning,sha256:6f4da18447025ad19f34dc8a57154381232b06b12cbca7785b9df5cabb248266,det-v1,1,,2170,95,1199.652,0.0029500000,false,true
call-000077,arm10_spec_eprocess,cal/f1/s1200001/late_accurate,34,grok-4.20-0309-non-reasoning,sha256:6f4da18447025ad19f34dc8a57154381232b06b12cbca7785b9df5cabb248266,det-v1,1,accepted,2170,95,1199.652,0.0029500000,false,false
call-000078,arm12_cth,cal/f1/s1200001/late_accurate,21,grok-4.20-0309-non-reasoning,sha256:227973cf01ba13b6c622f179853787a46d6e56a49c197adb28381a7bfbc2d72f,det-v1,1,accepted,1676,97,0.003,0.0023375000,true,false
call-000079,arm12_cth,cal/f1/s1200001/late_accurate,34,grok-4.20-0309-non-reasoning,sha256:bab867410fedbecd948fc9dddac97cda958aa7c96498f7caac1f7f59c7f0e65c,det-v1,1,,2170,95,1071.367,0.0029500000,false,true
call-000080,arm12_cth,cal/f1/s1200001/late_accurate,34,grok-4.20-0309-non-reasoning,sha256:bab867410fedbecd948fc9dddac97cda958aa7c96498f7caac1f7f59c7f0e65c,det-v1,1,accepted,2170,95,1071.367,0.0029500000,false,false
call-000081,arm12b_cth_llm,cal/f1/s1200001/late_accurate,21,grok-4.20-0309-non-reasoning,sha256:227973cf01ba13b6c622f179853787a46d6e56a49c197adb28381a7bfbc2d72f,det-v1,1,accepted,1676,97,0.002,0.0023375000,true,false
call-000082,arm12b_cth_llm,cal/f1/s1200001/late_accurate,34,grok-4.20-0309-non-reasoning,sha256:c00bfbdcb476851d4713ac4edeac2f4cb2f6229b4439b010b3eddb15002dbaec,det-v1,1,,2170,95,1067.618,0.0029500000,false,true
call-000083,arm12b_cth_llm,cal/f1/s1200001/late_accurate,34,grok-4.20-0309-non-reasoning,sha256:c00bfbdcb476851d4713ac4edeac2f4cb2f6229b4439b010b3eddb15002dbaec,det-v1,1,accepted,2170,95,1067.618,0.0029500000,false,false
call-000084,arm8_spec_immediate,cal/f1/s1200001/unreliable,18,grok-4.20-0309-non-reasoning,sha256:43951f2f825c1e75cb1e61b4f2f7ce3b43568ad8a25b18dad0839fd27566b248,det-v1,1,,1557,59,885.602,0.0020937500,false,true
call-000085,arm8_spec_immediate,cal/f1/s1200001/unreliable,18,grok-4.20-0309-non-reasoning,sha256:43951f2f825c1e75cb1e61b4f2f7ce3b43568ad8a25b18dad0839fd27566b248,det-v1,1,accepted,1557,59,885.602,0.0020937500,false,false
call-000086,arm8_spec_immediate,cal/f1/s1200001/unreliable,24,grok-4.20-0309-non-reasoning,sha256:a5ad9f2159bf2499c9ccba141773759bdef62ede9207da9f078c9a28db57c462,det-v1,1,,1785,75,968.414,0.0024187500,false,true
call-000087,arm8_spec_immediate,cal/f1/s1200001/unreliable,24,grok-4.20-0309-non-reasoning,sha256:a5ad9f2159bf2499c9ccba141773759bdef62ede9207da9f078c9a28db57c462,det-v1,1,accepted,1785,75,968.414,0.0024187500,false,false
call-000088,arm10_spec_eprocess,cal/f1/s1200001/unreliable,18,grok-4.20-0309-non-reasoning,sha256:43951f2f825c1e75cb1e61b4f2f7ce3b43568ad8a25b18dad0839fd27566b248,det-v1,1,accepted,1557,59,0.002,0.0020937500,true,false
call-000089,arm10_spec_eprocess,cal/f1/s1200001/unreliable,24,grok-4.20-0309-non-reasoning,sha256:bcebe191eea709644371e8e3b0c7f945a397500c4f5358a5a9122fba29303e73,det-v1,1,,1785,79,971.749,0.0024287500,false,true
call-000090,arm10_spec_eprocess,cal/f1/s1200001/unreliable,24,grok-4.20-0309-non-reasoning,sha256:bcebe191eea709644371e8e3b0c7f945a397500c4f5358a5a9122fba29303e73,det-v1,1,accepted,1785,79,971.749,0.0024287500,false,false
call-000091,arm12_cth,cal/f1/s1200001/unreliable,18,grok-4.20-0309-non-reasoning,sha256:43951f2f825c1e75cb1e61b4f2f7ce3b43568ad8a25b18dad0839fd27566b248,det-v1,1,accepted,1557,59,0.002,0.0020937500,true,false
call-000092,arm12_cth,cal/f1/s1200001/unreliable,24,grok-4.20-0309-non-reasoning,sha256:b00fd554637ccedefa1462e8aa8b15678e485fdd28c43e0a8dc77a3ab8c54075,det-v1,1,,1785,79,936.141,0.0024287500,false,true
call-000093,arm12_cth,cal/f1/s1200001/unreliable,24,grok-4.20-0309-non-reasoning,sha256:b00fd554637ccedefa1462e8aa8b15678e485fdd28c43e0a8dc77a3ab8c54075,det-v1,1,accepted,1785,79,936.141,0.0024287500,false,false
call-000094,arm12b_cth_llm,cal/f1/s1200001/unreliable,18,grok-4.20-0309-non-reasoning,sha256:43951f2f825c1e75cb1e61b4f2f7ce3b43568ad8a25b18dad0839fd27566b248,det-v1,1,accepted,1557,59,0.003,0.0020937500,true,false
call-000095,arm12b_cth_llm,cal/f1/s1200001/unreliable,24,grok-4.20-0309-non-reasoning,sha256:7d1eeaadef89324fa17b29553e99395e163175a2f19a80b538df33aed35d38e1,det-v1,1,,1785,79,911.573,0.0024287500,false,true
call-000096,arm12b_cth_llm,cal/f1/s1200001/unreliable,24,grok-4.20-0309-non-reasoning,sha256:7d1eeaadef89324fa17b29553e99395e163175a2f19a80b538df33aed35d38e1,det-v1,1,accepted,1785,79,911.573,0.0024287500,false,false
call-000097,arm8_spec_immediate,cal/f1/s1200001/no_alert__twin,10,grok-4.20-0309-non-reasoning,sha256:3184e50f0769573536ed7c205490c7d3d75c7b6fcf1321493dc4cbc26ff55e07,det-v1,1,,1258,76,1685.496,0.0017625000,false,true
call-000098,arm8_spec_immediate,cal/f1/s1200001/no_alert__twin,10,grok-4.20-0309-non-reasoning,sha256:3184e50f0769573536ed7c205490c7d3d75c7b6fcf1321493dc4cbc26ff55e07,det-v1,1,accepted,1258,76,1685.496,0.0017625000,false,false
call-000099,arm10_spec_eprocess,cal/f1/s1200001/no_alert__twin,10,grok-4.20-0309-non-reasoning,sha256:3184e50f0769573536ed7c205490c7d3d75c7b6fcf1321493dc4cbc26ff55e07,det-v1,1,accepted,1258,76,0.002,0.0017625000,true,false
call-000100,arm12_cth,cal/f1/s1200001/no_alert__twin,10,grok-4.20-0309-non-reasoning,sha256:3184e50f0769573536ed7c205490c7d3d75c7b6fcf1321493dc4cbc26ff55e07,det-v1,1,accepted,1258,76,0.002,0.0017625000,true,false
call-000101,arm12b_cth_llm,cal/f1/s1200001/no_alert__twin,10,grok-4.20-0309-non-reasoning,sha256:3184e50f0769573536ed7c205490c7d3d75c7b6fcf1321493dc4cbc26ff55e07,det-v1,1,accepted,1258,76,0.002,0.0017625000,true,false
call-000102,arm8_spec_immediate,dev/f1/s1200002/no_alert,31,grok-4.20-0309-non-reasoning,sha256:27971c2e4082c797c9c313f0b8ce21a00252d98cf7dc311cd050fe3e889d0ef7,det-v1,1,,2013,70,1170.029,0.0026912500,false,true
call-000103,arm8_spec_immediate,dev/f1/s1200002/no_alert,31,grok-4.20-0309-non-reasoning,sha256:27971c2e4082c797c9c313f0b8ce21a00252d98cf7dc311cd050fe3e889d0ef7,det-v1,1,accepted,2013,70,1170.029,0.0026912500,false,false
call-000104,arm10_spec_eprocess,dev/f1/s1200002/no_alert,31,grok-4.20-0309-non-reasoning,sha256:27971c2e4082c797c9c313f0b8ce21a00252d98cf7dc311cd050fe3e889d0ef7,det-v1,1,accepted,2013,70,0.002,0.0026912500,true,false
call-000105,arm12_cth,dev/f1/s1200002/no_alert,31,grok-4.20-0309-non-reasoning,sha256:27971c2e4082c797c9c313f0b8ce21a00252d98cf7dc311cd050fe3e889d0ef7,det-v1,1,accepted,2013,70,0.002,0.0026912500,true,false
call-000106,arm12b_cth_llm,dev/f1/s1200002/no_alert,31,grok-4.20-0309-non-reasoning,sha256:27971c2e4082c797c9c313f0b8ce21a00252d98cf7dc311cd050fe3e889d0ef7,det-v1,1,accepted,2013,70,0.002,0.0026912500,true,false
call-000107,arm8_spec_immediate,dev/f1/s1200002/early_accurate,14,grok-4.20-0309-non-reasoning,sha256:d36c52f53b53b73f10150da7330ff6e341dd92d50132903ede9d97278831e902,det-v1,1,,1405,59,1045.629,0.0019037500,false,true
call-000108,arm8_spec_immediate,dev/f1/s1200002/early_accurate,14,grok-4.20-0309-non-reasoning,sha256:d36c52f53b53b73f10150da7330ff6e341dd92d50132903ede9d97278831e902,det-v1,1,accepted,1405,59,1045.629,0.0019037500,false,false
call-000109,arm8_spec_immediate,dev/f1/s1200002/early_accurate,31,grok-4.20-0309-non-reasoning,sha256:8c381a40115d5e456a3b06a37867b514f095304064963fc189a4ea9f4286d34d,det-v1,1,,2051,75,1105.823,0.0027512500,false,true
call-000110,arm8_spec_immediate,dev/f1/s1200002/early_accurate,31,grok-4.20-0309-non-reasoning,sha256:8c381a40115d5e456a3b06a37867b514f095304064963fc189a4ea9f4286d34d,det-v1,1,accepted,2051,75,1105.823,0.0027512500,false,false
call-000111,arm10_spec_eprocess,dev/f1/s1200002/early_accurate,14,grok-4.20-0309-non-reasoning,sha256:d36c52f53b53b73f10150da7330ff6e341dd92d50132903ede9d97278831e902,det-v1,1,accepted,1405,59,0.002,0.0019037500,true,false
call-000112,arm10_spec_eprocess,dev/f1/s1200002/early_accurate,31,grok-4.20-0309-non-reasoning,sha256:46526db9bacfa5dcb98404da76a6481760215e666aabb7a4d033e868c78fd411,det-v1,1,,2051,75,925.522,0.0027512500,false,true
call-000113,arm10_spec_eprocess,dev/f1/s1200002/early_accurate,31,grok-4.20-0309-non-reasoning,sha256:46526db9bacfa5dcb98404da76a6481760215e666aabb7a4d033e868c78fd411,det-v1,1,accepted,2051,75,925.522,0.0027512500,false,false
call-000114,arm12_cth,dev/f1/s1200002/early_accurate,14,grok-4.20-0309-non-reasoning,sha256:d36c52f53b53b73f10150da7330ff6e341dd92d50132903ede9d97278831e902,det-v1,1,accepted,1405,59,0.002,0.0019037500,true,false
call-000115,arm12_cth,dev/f1/s1200002/early_accurate,31,grok-4.20-0309-non-reasoning,sha256:121fe0277d0b893f796928582328fc53a9b609902923e30b26d5138d6edf81b4,det-v1,1,,2051,75,935.348,0.0027512500,false,true
call-000116,arm12_cth,dev/f1/s1200002/early_accurate,31,grok-4.20-0309-non-reasoning,sha256:121fe0277d0b893f796928582328fc53a9b609902923e30b26d5138d6edf81b4,det-v1,1,accepted,2051,75,935.348,0.0027512500,false,false
call-000117,arm12b_cth_llm,dev/f1/s1200002/early_accurate,14,grok-4.20-0309-non-reasoning,sha256:d36c52f53b53b73f10150da7330ff6e341dd92d50132903ede9d97278831e902,det-v1,1,accepted,1405,59,0.003,0.0019037500,true,false
call-000118,arm12b_cth_llm,dev/f1/s1200002/early_accurate,31,grok-4.20-0309-non-reasoning,sha256:f5d39b061ad0651d2cdcb2f4f6ecc37b9c5b9351eaa14bd3e317e39f2862641e,det-v1,1,,2051,75,1026.799,0.0027512500,false,true
call-000119,arm12b_cth_llm,dev/f1/s1200002/early_accurate,31,grok-4.20-0309-non-reasoning,sha256:f5d39b061ad0651d2cdcb2f4f6ecc37b9c5b9351eaa14bd3e317e39f2862641e,det-v1,1,accepted,2051,75,1026.799,0.0027512500,false,false
call-000120,arm8_spec_immediate,dev/f1/s1200002/late_accurate,17,grok-4.20-0309-non-reasoning,sha256:ee03eb745db63d03eaf0b4a760f28fdb614ff6bf5344770692ae8101526da3b1,det-v1,1,,1519,86,998.185,0.0021137500,false,true
call-000121,arm8_spec_immediate,dev/f1/s1200002/late_accurate,17,grok-4.20-0309-non-reasoning,sha256:ee03eb745db63d03eaf0b4a760f28fdb614ff6bf5344770692ae8101526da3b1,det-v1,1,accepted,1519,86,998.185,0.0021137500,false,false
call-000122,arm8_spec_immediate,dev/f1/s1200002/late_accurate,31,grok-4.20-0309-non-reasoning,sha256:f6bfda9b86f25923cea763875acafe0072b190737c7a3fac72dc40fdefd11f07,det-v1,1,,2051,75,1003.139,0.0027512500,false,true
call-000123,arm8_spec_immediate,dev/f1/s1200002/late_accurate,31,grok-4.20-0309-non-reasoning,sha256:f6bfda9b86f25923cea763875acafe0072b190737c7a3fac72dc40fdefd11f07,det-v1,1,accepted,2051,75,1003.139,0.0027512500,false,false
call-000124,arm10_spec_eprocess,dev/f1/s1200002/late_accurate,17,grok-4.20-0309-non-reasoning,sha256:ee03eb745db63d03eaf0b4a760f28fdb614ff6bf5344770692ae8101526da3b1,det-v1,1,accepted,1519,86,0.002,0.0021137500,true,false
call-000125,arm10_spec_eprocess,dev/f1/s1200002/late_accurate,31,grok-4.20-0309-non-reasoning,sha256:f42a76302fecb5eac94e15e690d0b50d76243b012b9df1406eea0d93c4b12f68,det-v1,1,,2051,75,997.619,0.0027512500,false,true
call-000126,arm10_spec_eprocess,dev/f1/s1200002/late_accurate,31,grok-4.20-0309-non-reasoning,sha256:f42a76302fecb5eac94e15e690d0b50d76243b012b9df1406eea0d93c4b12f68,det-v1,1,accepted,2051,75,997.619,0.0027512500,false,false
call-000127,arm12_cth,dev/f1/s1200002/late_accurate,17,grok-4.20-0309-non-reasoning,sha256:ee03eb745db63d03eaf0b4a760f28fdb614ff6bf5344770692ae8101526da3b1,det-v1,1,accepted,1519,86,0.002,0.0021137500,true,false
call-000128,arm12_cth,dev/f1/s1200002/late_accurate,31,grok-4.20-0309-non-reasoning,sha256:c474584de6c19c413cdad8ecb58a45d1426e75ebb3ca43495e15036261f539b0,det-v1,1,,2051,75,1937.259,0.0027512500,false,true
call-000129,arm12_cth,dev/f1/s1200002/late_accurate,31,grok-4.20-0309-non-reasoning,sha256:c474584de6c19c413cdad8ecb58a45d1426e75ebb3ca43495e15036261f539b0,det-v1,1,accepted,2051,75,1937.259,0.0027512500,false,false
call-000130,arm12b_cth_llm,dev/f1/s1200002/late_accurate,17,grok-4.20-0309-non-reasoning,sha256:ee03eb745db63d03eaf0b4a760f28fdb614ff6bf5344770692ae8101526da3b1,det-v1,1,accepted,1519,86,0.003,0.0021137500,true,false
call-000131,arm12b_cth_llm,dev/f1/s1200002/late_accurate,31,grok-4.20-0309-non-reasoning,sha256:33efb4ab8266c2477e4f1fe257c22a16058dc5e3bc2328eedf640f32ffa9bd52,det-v1,1,,2051,75,935.136,0.0027512500,false,true
call-000132,arm12b_cth_llm,dev/f1/s1200002/late_accurate,31,grok-4.20-0309-non-reasoning,sha256:33efb4ab8266c2477e4f1fe257c22a16058dc5e3bc2328eedf640f32ffa9bd52,det-v1,1,accepted,2051,75,935.136,0.0027512500,false,false
call-000133,arm8_spec_immediate,dev/f1/s1200002/unreliable,14,grok-4.20-0309-non-reasoning,sha256:659b218e3af0375fb2778550801eafe4a85eae11db9f95feee13bcc9ec3abcd8,det-v1,1,,1407,76,977.110,0.0019487500,false,true
call-000134,arm8_spec_immediate,dev/f1/s1200002/unreliable,14,grok-4.20-0309-non-reasoning,sha256:659b218e3af0375fb2778550801eafe4a85eae11db9f95feee13bcc9ec3abcd8,det-v1,1,accepted,1407,76,977.110,0.0019487500,false,false
call-000135,arm8_spec_immediate,dev/f1/s1200002/unreliable,31,grok-4.20-0309-non-reasoning,sha256:0d36a68f108aa412b642d2a5244664dfef8263c10dd8f47df76512b6cdf6818f,det-v1,1,,2053,74,939.756,0.0027512500,false,true
call-000136,arm8_spec_immediate,dev/f1/s1200002/unreliable,31,grok-4.20-0309-non-reasoning,sha256:0d36a68f108aa412b642d2a5244664dfef8263c10dd8f47df76512b6cdf6818f,det-v1,1,accepted,2053,74,939.756,0.0027512500,false,false
call-000137,arm10_spec_eprocess,dev/f1/s1200002/unreliable,14,grok-4.20-0309-non-reasoning,sha256:659b218e3af0375fb2778550801eafe4a85eae11db9f95feee13bcc9ec3abcd8,det-v1,1,accepted,1407,76,0.002,0.0019487500,true,false
call-000138,arm10_spec_eprocess,dev/f1/s1200002/unreliable,31,grok-4.20-0309-non-reasoning,sha256:0d36a68f108aa412b642d2a5244664dfef8263c10dd8f47df76512b6cdf6818f,det-v1,1,accepted,2053,74,0.001,0.0027512500,true,false
call-000139,arm12_cth,dev/f1/s1200002/unreliable,14,grok-4.20-0309-non-reasoning,sha256:659b218e3af0375fb2778550801eafe4a85eae11db9f95feee13bcc9ec3abcd8,det-v1,1,accepted,1407,76,0.002,0.0019487500,true,false
call-000140,arm12_cth,dev/f1/s1200002/unreliable,31,grok-4.20-0309-non-reasoning,sha256:4493171eef8bdf69a2b0b7c3a757569e52cde67d84f65a364037af13520838e5,det-v1,1,,2053,74,1014.259,0.0027512500,false,true
call-000141,arm12_cth,dev/f1/s1200002/unreliable,31,grok-4.20-0309-non-reasoning,sha256:4493171eef8bdf69a2b0b7c3a757569e52cde67d84f65a364037af13520838e5,det-v1,1,accepted,2053,74,1014.259,0.0027512500,false,false
call-000142,arm12b_cth_llm,dev/f1/s1200002/unreliable,14,grok-4.20-0309-non-reasoning,sha256:659b218e3af0375fb2778550801eafe4a85eae11db9f95feee13bcc9ec3abcd8,det-v1,1,accepted,1407,76,0.003,0.0019487500,true,false
call-000143,arm12b_cth_llm,dev/f1/s1200002/unreliable,31,grok-4.20-0309-non-reasoning,sha256:0d36a68f108aa412b642d2a5244664dfef8263c10dd8f47df76512b6cdf6818f,det-v1,1,accepted,2053,74,0.002,0.0027512500,true,false
call-000144,arm8_spec_immediate,dev/f1/s1200002/no_alert__twin,10,grok-4.20-0309-non-reasoning,sha256:394b13c50a7031e6132f0d5098e4dcd229d80bc89e0daf5b302500ec320d92c0,det-v1,1,,1252,71,1004.937,0.0017425000,false,true
call-000145,arm8_spec_immediate,dev/f1/s1200002/no_alert__twin,10,grok-4.20-0309-non-reasoning,sha256:394b13c50a7031e6132f0d5098e4dcd229d80bc89e0daf5b302500ec320d92c0,det-v1,1,accepted,1252,71,1004.937,0.0017425000,false,false
call-000146,arm10_spec_eprocess,dev/f1/s1200002/no_alert__twin,10,grok-4.20-0309-non-reasoning,sha256:394b13c50a7031e6132f0d5098e4dcd229d80bc89e0daf5b302500ec320d92c0,det-v1,1,accepted,1252,71,0.002,0.0017425000,true,false
call-000147,arm12_cth,dev/f1/s1200002/no_alert__twin,10,grok-4.20-0309-non-reasoning,sha256:394b13c50a7031e6132f0d5098e4dcd229d80bc89e0daf5b302500ec320d92c0,det-v1,1,accepted,1252,71,0.002,0.0017425000,true,false
call-000148,arm12b_cth_llm,dev/f1/s1200002/no_alert__twin,10,grok-4.20-0309-non-reasoning,sha256:394b13c50a7031e6132f0d5098e4dcd229d80bc89e0daf5b302500ec320d92c0,det-v1,1,accepted,1252,71,0.002,0.0017425000,true,false
call-000149,arm8_spec_immediate,cal/f1/s1200003/no_alert,23,grok-4.20-0309-non-reasoning,sha256:e51000715ccc6535cf24554e572343ae26f4bcd3ced86718e480483f4e595c7a,det-v1,1,,1709,74,1053.648,0.0023212500,false,true
call-000150,arm8_spec_immediate,cal/f1/s1200003/no_alert,23,grok-4.20-0309-non-reasoning,sha256:e51000715ccc6535cf24554e572343ae26f4bcd3ced86718e480483f4e595c7a,det-v1,1,accepted,1709,74,1053.648,0.0023212500,false,false
call-000151,arm8_spec_immediate,cal/f1/s1200003/no_alert,34,grok-4.20-0309-non-reasoning,sha256:2faf2f7f1525eee44a1d4ad1c5c1793521cb631a0e2e4fde6e264f38750b00a0,det-v1,1,,2127,50,862.569,0.0027837500,false,true
call-000152,arm8_spec_immediate,cal/f1/s1200003/no_alert,34,grok-4.20-0309-non-reasoning,sha256:2faf2f7f1525eee44a1d4ad1c5c1793521cb631a0e2e4fde6e264f38750b00a0,det-v1,1,accepted,2127,50,862.569,0.0027837500,false,false
call-000153,arm10_spec_eprocess,cal/f1/s1200003/no_alert,23,grok-4.20-0309-non-reasoning,sha256:e51000715ccc6535cf24554e572343ae26f4bcd3ced86718e480483f4e595c7a,det-v1,1,accepted,1709,74,0.002,0.0023212500,true,false
call-000154,arm10_spec_eprocess,cal/f1/s1200003/no_alert,34,grok-4.20-0309-non-reasoning,sha256:83edb19c698a1d0854c55f8a9017f04e77d21581bad37aa6fd706b3513f9fd6d,det-v1,1,,2127,76,942.953,0.0028487500,false,true
call-000155,arm10_spec_eprocess,cal/f1/s1200003/no_alert,34,grok-4.20-0309-non-reasoning,sha256:83edb19c698a1d0854c55f8a9017f04e77d21581bad37aa6fd706b3513f9fd6d,det-v1,1,accepted,2127,76,942.953,0.0028487500,false,false
call-000156,arm12_cth,cal/f1/s1200003/no_alert,23,grok-4.20-0309-non-reasoning,sha256:e51000715ccc6535cf24554e572343ae26f4bcd3ced86718e480483f4e595c7a,det-v1,1,accepted,1709,74,0.002,0.0023212500,true,false
call-000157,arm12_cth,cal/f1/s1200003/no_alert,34,grok-4.20-0309-non-reasoning,sha256:6c89c75b830433c60529c1927b9b7ed108b3882b830c0b5eb0a8f43b1be1fc3e,det-v1,1,,2127,50,743.495,0.0027837500,false,true
call-000158,arm12_cth,cal/f1/s1200003/no_alert,34,grok-4.20-0309-non-reasoning,sha256:6c89c75b830433c60529c1927b9b7ed108b3882b830c0b5eb0a8f43b1be1fc3e,det-v1,1,accepted,2127,50,743.495,0.0027837500,false,false
call-000159,arm12b_cth_llm,cal/f1/s1200003/no_alert,23,grok-4.20-0309-non-reasoning,sha256:e51000715ccc6535cf24554e572343ae26f4bcd3ced86718e480483f4e595c7a,det-v1,1,accepted,1709,74,0.003,0.0023212500,true,false
call-000160,arm12b_cth_llm,cal/f1/s1200003/no_alert,34,grok-4.20-0309-non-reasoning,sha256:c8c0875a6933e3d2141df1d292fa6effe4a1df04dd313bb09178d6ef2d5b05c2,det-v1,1,,2127,50,778.013,0.0027837500,false,true
call-000161,arm12b_cth_llm,cal/f1/s1200003/no_alert,34,grok-4.20-0309-non-reasoning,sha256:c8c0875a6933e3d2141df1d292fa6effe4a1df04dd313bb09178d6ef2d5b05c2,det-v1,1,accepted,2127,50,778.013,0.0027837500,false,false
call-000162,arm8_spec_immediate,cal/f1/s1200003/early_accurate,14,grok-4.20-0309-non-reasoning,sha256:2d23870b2ec153cb25359c392e6fccba7009c5df3a049f496de6f83edcd3e92f,det-v1,1,,1408,59,919.414,0.0019075000,false,true
call-000163,arm8_spec_immediate,cal/f1/s1200003/early_accurate,14,grok-4.20-0309-non-reasoning,sha256:2d23870b2ec153cb25359c392e6fccba7009c5df3a049f496de6f83edcd3e92f,det-v1,1,accepted,1408,59,919.414,0.0019075000,false,false
call-000164,arm8_spec_immediate,cal/f1/s1200003/early_accurate,23,grok-4.20-0309-non-reasoning,sha256:f22e1155795e4afed4dca7216ad4d9e5007b8c1ace61cb02ebfa82b906258f4c,det-v1,1,,1750,132,1387.823,0.0025175000,false,true
call-000165,arm8_spec_immediate,cal/f1/s1200003/early_accurate,23,grok-4.20-0309-non-reasoning,sha256:f22e1155795e4afed4dca7216ad4d9e5007b8c1ace61cb02ebfa82b906258f4c,det-v1,1,accepted,1750,132,1387.823,0.0025175000,false,false
call-000166,arm10_spec_eprocess,cal/f1/s1200003/early_accurate,14,grok-4.20-0309-non-reasoning,sha256:2d23870b2ec153cb25359c392e6fccba7009c5df3a049f496de6f83edcd3e92f,det-v1,1,accepted,1408,59,0.002,0.0019075000,true,false
call-000167,arm10_spec_eprocess,cal/f1/s1200003/early_accurate,23,grok-4.20-0309-non-reasoning,sha256:7a743d768fb8ffe10d5d805cfa6f2f941d21232b5724f9c96c4504ec469eff0e,det-v1,1,,1750,95,1171.715,0.0024250000,false,true
call-000168,arm10_spec_eprocess,cal/f1/s1200003/early_accurate,23,grok-4.20-0309-non-reasoning,sha256:7a743d768fb8ffe10d5d805cfa6f2f941d21232b5724f9c96c4504ec469eff0e,det-v1,1,accepted,1750,95,1171.715,0.0024250000,false,false
call-000169,arm12_cth,cal/f1/s1200003/early_accurate,14,grok-4.20-0309-non-reasoning,sha256:2d23870b2ec153cb25359c392e6fccba7009c5df3a049f496de6f83edcd3e92f,det-v1,1,accepted,1408,59,0.003,0.0019075000,true,false
call-000170,arm12_cth,cal/f1/s1200003/early_accurate,23,grok-4.20-0309-non-reasoning,sha256:a391ef3ebad039253aa38c318ee217bd404d45ae94405d86fce30b5c265b9a61,det-v1,1,,1750,94,1086.249,0.0024225000,false,true
call-000171,arm12_cth,cal/f1/s1200003/early_accurate,23,grok-4.20-0309-non-reasoning,sha256:a391ef3ebad039253aa38c318ee217bd404d45ae94405d86fce30b5c265b9a61,det-v1,1,accepted,1750,94,1086.249,0.0024225000,false,false
call-000172,arm12b_cth_llm,cal/f1/s1200003/early_accurate,14,grok-4.20-0309-non-reasoning,sha256:2d23870b2ec153cb25359c392e6fccba7009c5df3a049f496de6f83edcd3e92f,det-v1,1,accepted,1408,59,0.002,0.0019075000,true,false
call-000173,arm12b_cth_llm,cal/f1/s1200003/early_accurate,23,grok-4.20-0309-non-reasoning,sha256:ede2426fde430c1821a1fcb6dd9404ff98f54827b6c7857b592dc0d95c97ffaa,det-v1,1,,1750,95,1064.413,0.0024250000,false,true
call-000174,arm12b_cth_llm,cal/f1/s1200003/early_accurate,23,grok-4.20-0309-non-reasoning,sha256:ede2426fde430c1821a1fcb6dd9404ff98f54827b6c7857b592dc0d95c97ffaa,det-v1,1,accepted,1750,95,1064.413,0.0024250000,false,false
call-000175,arm8_spec_immediate,cal/f1/s1200003/late_accurate,17,grok-4.20-0309-non-reasoning,sha256:2b2f2c66347bb39a3f274f1e6ce04af59f7682498a66b0b264a936794b80c9a7,det-v1,1,,1522,102,1245.442,0.0021575000,false,true
call-000176,arm8_spec_immediate,cal/f1/s1200003/late_accurate,17,grok-4.20-0309-non-reasoning,sha256:2b2f2c66347bb39a3f274f1e6ce04af59f7682498a66b0b264a936794b80c9a7,det-v1,1,accepted,1522,102,1245.442,0.0021575000,false,false
call-000177,arm8_spec_immediate,cal/f1/s1200003/late_accurate,23,grok-4.20-0309-non-reasoning,sha256:ad43e5a0eafee49ed110dba587a345828dd8a195f002792afb265593c825db7a,det-v1,1,,1750,87,1205.609,0.0024050000,false,true
call-000178,arm8_spec_immediate,cal/f1/s1200003/late_accurate,23,grok-4.20-0309-non-reasoning,sha256:ad43e5a0eafee49ed110dba587a345828dd8a195f002792afb265593c825db7a,det-v1,1,accepted,1750,87,1205.609,0.0024050000,false,false
call-000179,arm10_spec_eprocess,cal/f1/s1200003/late_accurate,17,grok-4.20-0309-non-reasoning,sha256:2b2f2c66347bb39a3f274f1e6ce04af59f7682498a66b0b264a936794b80c9a7,det-v1,1,accepted,1522,102,0.002,0.0021575000,true,false
call-000180,arm10_spec_eprocess,cal/f1/s1200003/late_accurate,23,grok-4.20-0309-non-reasoning,sha256:78ab59345ac2b449c4144e422b247acfad5bdaef7ee6164e051711f519359125,det-v1,1,,1750,117,1346.483,0.0024800000,false,true
call-000181,arm10_spec_eprocess,cal/f1/s1200003/late_accurate,23,grok-4.20-0309-non-reasoning,sha256:78ab59345ac2b449c4144e422b247acfad5bdaef7ee6164e051711f519359125,det-v1,1,accepted,1750,117,1346.483,0.0024800000,false,false
call-000182,arm12_cth,cal/f1/s1200003/late_accurate,17,grok-4.20-0309-non-reasoning,sha256:2b2f2c66347bb39a3f274f1e6ce04af59f7682498a66b0b264a936794b80c9a7,det-v1,1,accepted,1522,102,0.002,0.0021575000,true,false
call-000183,arm12_cth,cal/f1/s1200003/late_accurate,23,grok-4.20-0309-non-reasoning,sha256:96717e3625e073067fe0981ca21fc3ceaf4ca09121f560f233826dce79673fc2,det-v1,1,,1750,83,1987.310,0.0023950000,false,true
call-000184,arm12_cth,cal/f1/s1200003/late_accurate,23,grok-4.20-0309-non-reasoning,sha256:96717e3625e073067fe0981ca21fc3ceaf4ca09121f560f233826dce79673fc2,det-v1,1,accepted,1750,83,1987.310,0.0023950000,false,false
call-000185,arm12b_cth_llm,cal/f1/s1200003/late_accurate,17,grok-4.20-0309-non-reasoning,sha256:2b2f2c66347bb39a3f274f1e6ce04af59f7682498a66b0b264a936794b80c9a7,det-v1,1,accepted,1522,102,0.002,0.0021575000,true,false
call-000186,arm12b_cth_llm,cal/f1/s1200003/late_accurate,23,grok-4.20-0309-non-reasoning,sha256:07fd868ece1ab9a42196a7ae6aeab242fbec9f1c29597cb94edb1e51c6de0a77,det-v1,1,,1750,117,1314.907,0.0024800000,false,true
call-000187,arm12b_cth_llm,cal/f1/s1200003/late_accurate,23,grok-4.20-0309-non-reasoning,sha256:07fd868ece1ab9a42196a7ae6aeab242fbec9f1c29597cb94edb1e51c6de0a77,det-v1,1,accepted,1750,117,1314.907,0.0024800000,false,false
call-000188,arm8_spec_immediate,cal/f1/s1200003/unreliable,14,grok-4.20-0309-non-reasoning,sha256:158660a171f7fc66ceac295f06f64ed6b135787cd7f7a2ee00aadb260505be9e,det-v1,1,,1405,76,1027.089,0.0019462500,false,true
call-000189,arm8_spec_immediate,cal/f1/s1200003/unreliable,14,grok-4.20-0309-non-reasoning,sha256:158660a171f7fc66ceac295f06f64ed6b135787cd7f7a2ee00aadb260505be9e,det-v1,1,accepted,1405,76,1027.089,0.0019462500,false,false
call-000190,arm8_spec_immediate,cal/f1/s1200003/unreliable,23,grok-4.20-0309-non-reasoning,sha256:8b3ba29c488cfce8a0528d8be7a42041e36186cfdd140730486f0501ac9773a7,det-v1,1,,1747,74,947.835,0.0023687500,false,true
call-000191,arm8_spec_immediate,cal/f1/s1200003/unreliable,23,grok-4.20-0309-non-reasoning,sha256:8b3ba29c488cfce8a0528d8be7a42041e36186cfdd140730486f0501ac9773a7,det-v1,1,accepted,1747,74,947.835,0.0023687500,false,false
call-000192,arm10_spec_eprocess,cal/f1/s1200003/unreliable,14,grok-4.20-0309-non-reasoning,sha256:158660a171f7fc66ceac295f06f64ed6b135787cd7f7a2ee00aadb260505be9e,det-v1,1,accepted,1405,76,0.001,0.0019462500,true,false
call-000193,arm10_spec_eprocess,cal/f1/s1200003/unreliable,23,grok-4.20-0309-non-reasoning,sha256:8b3ba29c488cfce8a0528d8be7a42041e36186cfdd140730486f0501ac9773a7,det-v1,1,accepted,1747,74,0.002,0.0023687500,true,false
call-000194,arm12_cth,cal/f1/s1200003/unreliable,14,grok-4.20-0309-non-reasoning,sha256:158660a171f7fc66ceac295f06f64ed6b135787cd7f7a2ee00aadb260505be9e,det-v1,1,accepted,1405,76,0.002,0.0019462500,true,false
call-000195,arm12_cth,cal/f1/s1200003/unreliable,23,grok-4.20-0309-non-reasoning,sha256:62c22cfeb4123dc8d728e6a7c8e422c47b9bf60efe55e15d3a8553455f02f7bc,det-v1,1,,1747,74,965.896,0.0023687500,false,true
call-000196,arm12_cth,cal/f1/s1200003/unreliable,23,grok-4.20-0309-non-reasoning,sha256:62c22cfeb4123dc8d728e6a7c8e422c47b9bf60efe55e15d3a8553455f02f7bc,det-v1,1,accepted,1747,74,965.896,0.0023687500,false,false
call-000197,arm12b_cth_llm,cal/f1/s1200003/unreliable,14,grok-4.20-0309-non-reasoning,sha256:158660a171f7fc66ceac295f06f64ed6b135787cd7f7a2ee00aadb260505be9e,det-v1,1,accepted,1405,76,0.003,0.0019462500,true,false
call-000198,arm12b_cth_llm,cal/f1/s1200003/unreliable,23,grok-4.20-0309-non-reasoning,sha256:8b3ba29c488cfce8a0528d8be7a42041e36186cfdd140730486f0501ac9773a7,det-v1,1,accepted,1747,74,0.002,0.0023687500,true,false
call-000199,arm8_spec_immediate,dev/f1/s1200004/no_alert,23,grok-4.20-0309-non-reasoning,sha256:9c75bcb28006b76917dc811c2a2d1a29b987f0391d74a563c6d511b0ee05941b,det-v1,1,,1709,70,970.065,0.0023112500,false,true
call-000200,arm8_spec_immediate,dev/f1/s1200004/no_alert,23,grok-4.20-0309-non-reasoning,sha256:9c75bcb28006b76917dc811c2a2d1a29b987f0391d74a563c6d511b0ee05941b,det-v1,1,accepted,1709,70,970.065,0.0023112500,false,false
call-000201,arm8_spec_immediate,dev/f1/s1200004/no_alert,38,grok-4.20-0309-non-reasoning,sha256:452808c588fc4ce88032958e1f8e2e8ea292ab180c305c4ff528d9b42d1acda1,det-v1,1,,2279,86,1055.422,0.0030637500,false,true
call-000202,arm8_spec_immediate,dev/f1/s1200004/no_alert,38,grok-4.20-0309-non-reasoning,sha256:452808c588fc4ce88032958e1f8e2e8ea292ab180c305c4ff528d9b42d1acda1,det-v1,1,accepted,2279,86,1055.422,0.0030637500,false,false
call-000203,arm10_spec_eprocess,dev/f1/s1200004/no_alert,23,grok-4.20-0309-non-reasoning,sha256:9c75bcb28006b76917dc811c2a2d1a29b987f0391d74a563c6d511b0ee05941b,det-v1,1,accepted,1709,70,0.001,0.0023112500,true,false
call-000204,arm10_spec_eprocess,dev/f1/s1200004/no_alert,38,grok-4.20-0309-non-reasoning,sha256:041e2b1e186f92554abf0e4639f34fc494102c3e7d49a268954544c4af4881ae,det-v1,1,,2279,50,882.249,0.0029737500,false,true
call-000205,arm10_spec_eprocess,dev/f1/s1200004/no_alert,38,grok-4.20-0309-non-reasoning,sha256:041e2b1e186f92554abf0e4639f34fc494102c3e7d49a268954544c4af4881ae,det-v1,1,accepted,2279,50,882.249,0.0029737500,false,false
call-000206,arm12_cth,dev/f1/s1200004/no_alert,23,grok-4.20-0309-non-reasoning,sha256:9c75bcb28006b76917dc811c2a2d1a29b987f0391d74a563c6d511b0ee05941b,det-v1,1,accepted,1709,70,0.002,0.0023112500,true,false
call-000207,arm12_cth,dev/f1/s1200004/no_alert,38,grok-4.20-0309-non-reasoning,sha256:95efec8afdf05addc209381ae36912cd329b8577aefd0c8c3ac5558a147c3881,det-v1,1,,2279,50,867.246,0.0029737500,false,true
call-000208,arm12_cth,dev/f1/s1200004/no_alert,38,grok-4.20-0309-non-reasoning,sha256:95efec8afdf05addc209381ae36912cd329b8577aefd0c8c3ac5558a147c3881,det-v1,1,accepted,2279,50,867.246,0.0029737500,false,false
call-000209,arm12b_cth_llm,dev/f1/s1200004/no_alert,23,grok-4.20-0309-non-reasoning,sha256:9c75bcb28006b76917dc811c2a2d1a29b987f0391d74a563c6d511b0ee05941b,det-v1,1,accepted,1709,70,0.003,0.0023112500,true,false
call-000210,arm12b_cth_llm,dev/f1/s1200004/no_alert,38,grok-4.20-0309-non-reasoning,sha256:3717df9629dd3461688804e588272397fe99b690e3fbafd1d1c251a7801c0399,det-v1,1,,2279,86,1072.374,0.0030637500,false,true
call-000211,arm12b_cth_llm,dev/f1/s1200004/no_alert,38,grok-4.20-0309-non-reasoning,sha256:3717df9629dd3461688804e588272397fe99b690e3fbafd1d1c251a7801c0399,det-v1,1,accepted,2279,86,1072.374,0.0030637500,false,false
call-000212,arm8_spec_immediate,dev/f1/s1200004/early_accurate,13,grok-4.20-0309-non-reasoning,sha256:77fb3c83e390acd13a9cf8275eb816da1c2c5c8538a86f2296c1cf721f0b9057,det-v1,1,,1365,86,1087.145,0.0019212500,false,true
call-000213,arm8_spec_immediate,dev/f1/s1200004/early_accurate,13,grok-4.20-0309-non-reasoning,sha256:77fb3c83e390acd13a9cf8275eb816da1c2c5c8538a86f2296c1cf721f0b9057,det-v1,1,accepted,1365,86,1087.145,0.0019212500,false,false
call-000214,arm8_spec_immediate,dev/f1/s1200004/early_accurate,23,grok-4.20-0309-non-reasoning,sha256:cf8162a86302884c0b376bcd5164f1e9abdb78ba0feb3641ccd2b5b82fa2c3c7,det-v1,1,,1745,71,1051.827,0.0023587500,false,true
call-000215,arm8_spec_immediate,dev/f1/s1200004/early_accurate,23,grok-4.20-0309-non-reasoning,sha256:cf8162a86302884c0b376bcd5164f1e9abdb78ba0feb3641ccd2b5b82fa2c3c7,det-v1,1,accepted,1745,71,1051.827,0.0023587500,false,false
call-000216,arm10_spec_eprocess,dev/f1/s1200004/early_accurate,13,grok-4.20-0309-non-reasoning,sha256:77fb3c83e390acd13a9cf8275eb816da1c2c5c8538a86f2296c1cf721f0b9057,det-v1,1,accepted,1365,86,0.001,0.0019212500,true,false
call-000217,arm10_spec_eprocess,dev/f1/s1200004/early_accurate,23,grok-4.20-0309-non-reasoning,sha256:5a23b856be7f7111cf2f0c0f9138d00abb619f2f4d285c6be300d99d8604af10,det-v1,1,,1745,75,970.138,0.0023687500,false,true
call-000218,arm10_spec_eprocess,dev/f1/s1200004/early_accurate,23,grok-4.20-0309-non-reasoning,sha256:5a23b856be7f7111cf2f0c0f9138d00abb619f2f4d285c6be300d99d8604af10,det-v1,1,accepted,1745,75,970.138,0.0023687500,false,false
call-000219,arm12_cth,dev/f1/s1200004/early_accurate,13,grok-4.20-0309-non-reasoning,sha256:77fb3c83e390acd13a9cf8275eb816da1c2c5c8538a86f2296c1cf721f0b9057,det-v1,1,accepted,1365,86,0.002,0.0019212500,true,false
call-000220,arm12_cth,dev/f1/s1200004/early_accurate,23,grok-4.20-0309-non-reasoning,sha256:a22490e0abdfcf22bc6d97f63174737d0a29e037c4d16639864f83588481f090,det-v1,1,,1745,75,1129.517,0.0023687500,false,true
call-000221,arm12_cth,dev/f1/s1200004/early_accurate,23,grok-4.20-0309-non-reasoning,sha256:a22490e0abdfcf22bc6d97f63174737d0a29e037c4d16639864f83588481f090,det-v1,1,accepted,1745,75,1129.517,0.0023687500,false,false
call-000222,arm12b_cth_llm,dev/f1/s1200004/early_accurate,13,grok-4.20-0309-non-reasoning,sha256:77fb3c83e390acd13a9cf8275eb816da1c2c5c8538a86f2296c1cf721f0b9057,det-v1,1,accepted,1365,86,0.004,0.0019212500,true,false
call-000223,arm12b_cth_llm,dev/f1/s1200004/early_accurate,23,grok-4.20-0309-non-reasoning,sha256:3d4982c57d869cc2f94c8ddcbd63f444039908ef39d63fe8b10bc68639f68903,det-v1,1,,1745,75,935.658,0.0023687500,false,true
call-000224,arm12b_cth_llm,dev/f1/s1200004/early_accurate,23,grok-4.20-0309-non-reasoning,sha256:3d4982c57d869cc2f94c8ddcbd63f444039908ef39d63fe8b10bc68639f68903,det-v1,1,accepted,1745,75,935.658,0.0023687500,false,false
call-000225,arm8_spec_immediate,dev/f1/s1200004/late_accurate,16,grok-4.20-0309-non-reasoning,sha256:cdd7d8ee38f53853ab5f287fadeaee6722a320e6f4abda8f970cb303e18fa0a5,det-v1,1,,1479,86,1023.175,0.0020637500,false,true
call-000226,arm8_spec_immediate,dev/f1/s1200004/late_accurate,16,grok-4.20-0309-non-reasoning,sha256:cdd7d8ee38f53853ab5f287fadeaee6722a320e6f4abda8f970cb303e18fa0a5,det-v1,1,accepted,1479,86,1023.175,0.0020637500,false,false
call-000227,arm8_spec_immediate,dev/f1/s1200004/late_accurate,23,grok-4.20-0309-non-reasoning,sha256:da1bc7b4eacac99bee6f993acd53e470e076f58317c09689dcda60af06452aa9,det-v1,1,,1745,71,999.379,0.0023587500,false,true
call-000228,arm8_spec_immediate,dev/f1/s1200004/late_accurate,23,grok-4.20-0309-non-reasoning,sha256:da1bc7b4eacac99bee6f993acd53e470e076f58317c09689dcda60af06452aa9,det-v1,1,accepted,1745,71,999.379,0.0023587500,false,false
call-000229,arm10_spec_eprocess,dev/f1/s1200004/late_accurate,16,grok-4.20-0309-non-reasoning,sha256:cdd7d8ee38f53853ab5f287fadeaee6722a320e6f4abda8f970cb303e18fa0a5,det-v1,1,accepted,1479,86,0.002,0.0020637500,true,false
call-000230,arm10_spec_eprocess,dev/f1/s1200004/late_accurate,23,grok-4.20-0309-non-reasoning,sha256:930694b641bb609b69afcdc3de853219fe43734c4321f5cb42e1ee2b65f84ae1,det-v1,1,,1745,71,933.850,0.0023587500,false,true
call-000231,arm10_spec_eprocess,dev/f1/s1200004/late_accurate,23,grok-4.20-0309-non-reasoning,sha256:930694b641bb609b69afcdc3de853219fe43734c4321f5cb42e1ee2b65f84ae1,det-v1,1,accepted,1745,71,933.850,0.0023587500,false,false
call-000232,arm12_cth,dev/f1/s1200004/late_accurate,16,grok-4.20-0309-non-reasoning,sha256:cdd7d8ee38f53853ab5f287fadeaee6722a320e6f4abda8f970cb303e18fa0a5,det-v1,1,accepted,1479,86,0.003,0.0020637500,true,false
call-000233,arm12_cth,dev/f1/s1200004/late_accurate,23,grok-4.20-0309-non-reasoning,sha256:86f1c1b3c2398c7f267dc9defb71aa0c8c0b54e1ac9907c62c43a929eb8df4e8,det-v1,1,,1745,71,1225.292,0.0023587500,false,true
call-000234,arm12_cth,dev/f1/s1200004/late_accurate,23,grok-4.20-0309-non-reasoning,sha256:86f1c1b3c2398c7f267dc9defb71aa0c8c0b54e1ac9907c62c43a929eb8df4e8,det-v1,1,accepted,1745,71,1225.292,0.0023587500,false,false
call-000235,arm12b_cth_llm,dev/f1/s1200004/late_accurate,16,grok-4.20-0309-non-reasoning,sha256:cdd7d8ee38f53853ab5f287fadeaee6722a320e6f4abda8f970cb303e18fa0a5,det-v1,1,accepted,1479,86,0.002,0.0020637500,true,false
call-000236,arm12b_cth_llm,dev/f1/s1200004/late_accurate,23,grok-4.20-0309-non-reasoning,sha256:2a3d3567d1536ead49cdefde16304b76cc124833b62a9b8f43c7d9746d771924,det-v1,1,,1745,71,1072.164,0.0023587500,false,true
call-000237,arm12b_cth_llm,dev/f1/s1200004/late_accurate,23,grok-4.20-0309-non-reasoning,sha256:2a3d3567d1536ead49cdefde16304b76cc124833b62a9b8f43c7d9746d771924,det-v1,1,accepted,1745,71,1072.164,0.0023587500,false,false
call-000238,arm8_spec_immediate,dev/f1/s1200004/unreliable,13,grok-4.20-0309-non-reasoning,sha256:7b308680744fcfd12a8b989da9bedeb34cde7b6e464370eb01af48f10e0d7f7a,det-v1,1,,1369,59,877.676,0.0018587500,false,true
call-000239,arm8_spec_immediate,dev/f1/s1200004/unreliable,13,grok-4.20-0309-non-reasoning,sha256:7b308680744fcfd12a8b989da9bedeb34cde7b6e464370eb01af48f10e0d7f7a,det-v1,1,accepted,1369,59,877.676,0.0018587500,false,false
call-000240,arm8_spec_immediate,dev/f1/s1200004/unreliable,23,grok-4.20-0309-non-reasoning,sha256:93a5494f91e15f3a7c81641655dbea1f4d58370ba082fb7e4eb2ec9fdb48eada,det-v1,1,,1749,71,988.701,0.0023637500,false,true
call-000241,arm8_spec_immediate,dev/f1/s1200004/unreliable,23,grok-4.20-0309-non-reasoning,sha256:93a5494f91e15f3a7c81641655dbea1f4d58370ba082fb7e4eb2ec9fdb48eada,det-v1,1,accepted,1749,71,988.701,0.0023637500,false,false
call-000242,arm10_spec_eprocess,dev/f1/s1200004/unreliable,13,grok-4.20-0309-non-reasoning,sha256:7b308680744fcfd12a8b989da9bedeb34cde7b6e464370eb01af48f10e0d7f7a,det-v1,1,accepted,1369,59,0.002,0.0018587500,true,false
call-000243,arm10_spec_eprocess,dev/f1/s1200004/unreliable,23,grok-4.20-0309-non-reasoning,sha256:a709bff4308f283de68887496c36942195e152fc5c4aa4607529bdac56ef8656,det-v1,1,,1749,75,995.067,0.0023737500,false,true
call-000244,arm10_spec_eprocess,dev/f1/s1200004/unreliable,23,grok-4.20-0309-non-reasoning,sha256:a709bff4308f283de68887496c36942195e152fc5c4aa4607529bdac56ef8656,det-v1,1,accepted,1749,75,995.067,0.0023737500,false,false
call-000245,arm12_cth,dev/f1/s1200004/unreliable,13,grok-4.20-0309-non-reasoning,sha256:7b308680744fcfd12a8b989da9bedeb34cde7b6e464370eb01af48f10e0d7f7a,det-v1,1,accepted,1369,59,0.002,0.0018587500,true,false
call-000246,arm12_cth,dev/f1/s1200004/unreliable,23,grok-4.20-0309-non-reasoning,sha256:7b13b2bb97dfff32b3aed3f017c8a68d5a54b2ae54b777de797dd767f8e6b0fc,det-v1,1,,1749,75,1085.178,0.0023737500,false,true
call-000247,arm12_cth,dev/f1/s1200004/unreliable,23,grok-4.20-0309-non-reasoning,sha256:7b13b2bb97dfff32b3aed3f017c8a68d5a54b2ae54b777de797dd767f8e6b0fc,det-v1,1,accepted,1749,75,1085.178,0.0023737500,false,false
call-000248,arm12b_cth_llm,dev/f1/s1200004/unreliable,13,grok-4.20-0309-non-reasoning,sha256:7b308680744fcfd12a8b989da9bedeb34cde7b6e464370eb01af48f10e0d7f7a,det-v1,1,accepted,1369,59,0.002,0.0018587500,true,false
call-000249,arm12b_cth_llm,dev/f1/s1200004/unreliable,23,grok-4.20-0309-non-reasoning,sha256:ea7e3cb27717fb64480c62954fb28497b2cbd78efe6e1beb95ed693471ea84b9,det-v1,1,,1749,107,1229.506,0.0024537500,false,true
call-000250,arm12b_cth_llm,dev/f1/s1200004/unreliable,23,grok-4.20-0309-non-reasoning,sha256:ea7e3cb27717fb64480c62954fb28497b2cbd78efe6e1beb95ed693471ea84b9,det-v1,1,accepted,1749,107,1229.506,0.0024537500,false,false
call-000251,arm8_spec_immediate,cal/f1/s1200005/no_alert,22,grok-4.20-0309-non-reasoning,sha256:2efad45cef52fc05952afcb0194fd64ba859659d2b99dbcb81eecaba6185db67,det-v1,1,,1671,76,963.474,0.0022787500,false,true
call-000252,arm8_spec_immediate,cal/f1/s1200005/no_alert,22,grok-4.20-0309-non-reasoning,sha256:2efad45cef52fc05952afcb0194fd64ba859659d2b99dbcb81eecaba6185db67,det-v1,1,accepted,1671,76,963.474,0.0022787500,false,false
call-000253,arm8_spec_immediate,cal/f1/s1200005/no_alert,50,grok-4.20-0309-non-reasoning,sha256:df0209edfd6896c7674438e0587e21b854707dbf65530184a1160ae7fb1e8333,det-v1,1,,2735,67,1915.143,0.0035862500,false,true
call-000254,arm8_spec_immediate,cal/f1/s1200005/no_alert,50,grok-4.20-0309-non-reasoning,sha256:df0209edfd6896c7674438e0587e21b854707dbf65530184a1160ae7fb1e8333,det-v1,1,accepted,2735,67,1915.143,0.0035862500,false,false
call-000255,arm10_spec_eprocess,cal/f1/s1200005/no_alert,22,grok-4.20-0309-non-reasoning,sha256:2efad45cef52fc05952afcb0194fd64ba859659d2b99dbcb81eecaba6185db67,det-v1,1,accepted,1671,76,0.002,0.0022787500,true,false
call-000256,arm10_spec_eprocess,cal/f1/s1200005/no_alert,50,grok-4.20-0309-non-reasoning,sha256:df0209edfd6896c7674438e0587e21b854707dbf65530184a1160ae7fb1e8333,det-v1,1,accepted,2735,67,0.002,0.0035862500,true,false
call-000257,arm12_cth,cal/f1/s1200005/no_alert,22,grok-4.20-0309-non-reasoning,sha256:2efad45cef52fc05952afcb0194fd64ba859659d2b99dbcb81eecaba6185db67,det-v1,1,accepted,1671,76,0.002,0.0022787500,true,false
call-000258,arm12_cth,cal/f1/s1200005/no_alert,50,grok-4.20-0309-non-reasoning,sha256:e16ee02f78d62ae7e6ebc2a1e5d79855cc4997074f4be662e8a170f48cc7e70b,det-v1,1,,2735,67,1227.740,0.0035862500,false,true
call-000259,arm12_cth,cal/f1/s1200005/no_alert,50,grok-4.20-0309-non-reasoning,sha256:e16ee02f78d62ae7e6ebc2a1e5d79855cc4997074f4be662e8a170f48cc7e70b,det-v1,1,accepted,2735,67,1227.740,0.0035862500,false,false
call-000260,arm12b_cth_llm,cal/f1/s1200005/no_alert,22,grok-4.20-0309-non-reasoning,sha256:2efad45cef52fc05952afcb0194fd64ba859659d2b99dbcb81eecaba6185db67,det-v1,1,accepted,1671,76,0.002,0.0022787500,true,false
call-000261,arm12b_cth_llm,cal/f1/s1200005/no_alert,50,grok-4.20-0309-non-reasoning,sha256:df0209edfd6896c7674438e0587e21b854707dbf65530184a1160ae7fb1e8333,det-v1,1,accepted,2735,67,0.001,0.0035862500,true,false
call-000262,arm8_spec_immediate,cal/f1/s1200005/early_accurate,13,grok-4.20-0309-non-reasoning,sha256:a216e669bd45e928246921d60a5397aeb7ab9a17dfa7eb2f48204ddf1ec237c1,det-v1,1,,1371,50,816.275,0.0018387500,false,true
call-000263,arm8_spec_immediate,cal/f1/s1200005/early_accurate,13,grok-4.20-0309-non-reasoning,sha256:a216e669bd45e928246921d60a5397aeb7ab9a17dfa7eb2f48204ddf1ec237c1,det-v1,1,accepted,1371,50,816.275,0.0018387500,false,false
call-000264,arm8_spec_immediate,cal/f1/s1200005/early_accurate,22,grok-4.20-0309-non-reasoning,sha256:2f8736e1755a1d1c0ad4aa51ecfb0e0710b024d0ad7acd868c0d2aaf81805dd1,det-v1,1,,1713,87,1144.842,0.0023587500,false,true
call-000265,arm8_spec_immediate,cal/f1/s1200005/early_accurate,22,grok-4.20-0309-non-reasoning,sha256:2f8736e1755a1d1c0ad4aa51ecfb0e0710b024d0ad7acd868c0d2aaf81805dd1,det-v1,1,accepted,1713,87,1144.842,0.0023587500,false,false
call-000266,arm10_spec_eprocess,cal/f1/s1200005/early_accurate,13,grok-4.20-0309-non-reasoning,sha256:a216e669bd45e928246921d60a5397aeb7ab9a17dfa7eb2f48204ddf1ec237c1,det-v1,1,accepted,1371,50,0.002,0.0018387500,true,false
call-000267,arm10_spec_eprocess,cal/f1/s1200005/early_accurate,22,grok-4.20-0309-non-reasoning,sha256:2f8736e1755a1d1c0ad4aa51ecfb0e0710b024d0ad7acd868c0d2aaf81805dd1,det-v1,1,accepted,1713,87,0.001,0.0023587500,true,false
call-000268,arm12_cth,cal/f1/s1200005/early_accurate,13,grok-4.20-0309-non-reasoning,sha256:a216e669bd45e928246921d60a5397aeb7ab9a17dfa7eb2f48204ddf1ec237c1,det-v1,1,accepted,1371,50,0.002,0.0018387500,true,false
call-000269,arm12_cth,cal/f1/s1200005/early_accurate,22,grok-4.20-0309-non-reasoning,sha256:ef73b506f85752cb43cbb4589521cd9274ef3aa72c81199191c88a3f35e520d9,det-v1,1,,1713,87,1109.122,0.0023587500,false,true
call-000270,arm12_cth,cal/f1/s1200005/early_accurate,22,grok-4.20-0309-non-reasoning,sha256:ef73b506f85752cb43cbb4589521cd9274ef3aa72c81199191c88a3f35e520d9,det-v1,1,accepted,1713,87,1109.122,0.0023587500,false,false
call-000271,arm12b_cth_llm,cal/f1/s1200005/early_accurate,13,grok-4.20-0309-non-reasoning,sha256:a216e669bd45e928246921d60a5397aeb7ab9a17dfa7eb2f48204ddf1ec237c1,det-v1,1,accepted,1371,50,0.003,0.0018387500,true,false
call-000272,arm12b_cth_llm,cal/f1/s1200005/early_accurate,22,grok-4.20-0309-non-reasoning,sha256:2f8736e1755a1d1c0ad4aa51ecfb0e0710b024d0ad7acd868c0d2aaf81805dd1,det-v1,1,accepted,1713,87,0.002,0.0023587500,true,false
call-000273,arm8_spec_immediate,cal/f1/s1200005/late_accurate,16,grok-4.20-0309-non-reasoning,sha256:718f45fcd856cb9681fb05c66b3d8359770b2c798fd36e8113c2ee4b9dd1c34f,det-v1,1,,1485,50,843.311,0.0019812500,false,true
call-000274,arm8_spec_immediate,cal/f1/s1200005/late_accurate,16,grok-4.20-0309-non-reasoning,sha256:718f45fcd856cb9681fb05c66b3d8359770b2c798fd36e8113c2ee4b9dd1c34f,det-v1,1,accepted,1485,50,843.311,0.0019812500,false,false
call-000275,arm8_spec_immediate,cal/f1/s1200005/late_accurate,50,grok-4.20-0309-non-reasoning,sha256:1847d3298de2bf65f5248407204901e6f4b3b8d4a77e127707b93d1c819c44d1,det-v1,1,,2777,71,1271.354,0.0036487500,false,true
call-000276,arm8_spec_immediate,cal/f1/s1200005/late_accurate,50,grok-4.20-0309-non-reasoning,sha256:1847d3298de2bf65f5248407204901e6f4b3b8d4a77e127707b93d1c819c44d1,det-v1,1,accepted,2777,71,1271.354,0.0036487500,false,false
call-000277,arm10_spec_eprocess,cal/f1/s1200005/late_accurate,16,grok-4.20-0309-non-reasoning,sha256:718f45fcd856cb9681fb05c66b3d8359770b2c798fd36e8113c2ee4b9dd1c34f,det-v1,1,accepted,1485,50,0.002,0.0019812500,true,false
call-000278,arm10_spec_eprocess,cal/f1/s1200005/late_accurate,50,grok-4.20-0309-non-reasoning,sha256:1847d3298de2bf65f5248407204901e6f4b3b8d4a77e127707b93d1c819c44d1,det-v1,1,accepted,2777,71,0.002,0.0036487500,true,false
call-000279,arm12_cth,cal/f1/s1200005/late_accurate,16,grok-4.20-0309-non-reasoning,sha256:718f45fcd856cb9681fb05c66b3d8359770b2c798fd36e8113c2ee4b9dd1c34f,det-v1,1,accepted,1485,50,0.001,0.0019812500,true,false
call-000280,arm12_cth,cal/f1/s1200005/late_accurate,50,grok-4.20-0309-non-reasoning,sha256:6110fa061b07681f54dc977a11ab5d4b934e3cc7ad311c0e21233066027cd11f,det-v1,1,,2777,102,1283.461,0.0037262500,false,true
call-000281,arm12_cth,cal/f1/s1200005/late_accurate,50,grok-4.20-0309-non-reasoning,sha256:6110fa061b07681f54dc977a11ab5d4b934e3cc7ad311c0e21233066027cd11f,det-v1,1,accepted,2777,102,1283.461,0.0037262500,false,false
call-000282,arm12b_cth_llm,cal/f1/s1200005/late_accurate,16,grok-4.20-0309-non-reasoning,sha256:718f45fcd856cb9681fb05c66b3d8359770b2c798fd36e8113c2ee4b9dd1c34f,det-v1,1,accepted,1485,50,0.002,0.0019812500,true,false
call-000283,arm12b_cth_llm,cal/f1/s1200005/late_accurate,50,grok-4.20-0309-non-reasoning,sha256:1847d3298de2bf65f5248407204901e6f4b3b8d4a77e127707b93d1c819c44d1,det-v1,1,accepted,2777,71,0.001,0.0036487500,true,false
call-000284,arm8_spec_immediate,cal/f1/s1200005/unreliable,13,grok-4.20-0309-non-reasoning,sha256:f3914c55e8ba0db8b549d60b903f7069d6e36bd1839133fe2e3c7d7089292839,det-v1,1,,1370,63,976.084,0.0018700000,false,true
call-000285,arm8_spec_immediate,cal/f1/s1200005/unreliable,13,grok-4.20-0309-non-reasoning,sha256:f3914c55e8ba0db8b549d60b903f7069d6e36bd1839133fe2e3c7d7089292839,det-v1,1,accepted,1370,63,976.084,0.0018700000,false,false
call-000286,arm8_spec_immediate,cal/f1/s1200005/unreliable,22,grok-4.20-0309-non-reasoning,sha256:57038695cd80d3422e0012d734ff9905e2ea6025588cbd922c13fc1c65d3caab,det-v1,1,,1712,83,1104.142,0.0023475000,false,true
call-000287,arm8_spec_immediate,cal/f1/s1200005/unreliable,22,grok-4.20-0309-non-reasoning,sha256:57038695cd80d3422e0012d734ff9905e2ea6025588cbd922c13fc1c65d3caab,det-v1,1,accepted,1712,83,1104.142,0.0023475000,false,false
call-000288,arm10_spec_eprocess,cal/f1/s1200005/unreliable,13,grok-4.20-0309-non-reasoning,sha256:f3914c55e8ba0db8b549d60b903f7069d6e36bd1839133fe2e3c7d7089292839,det-v1,1,accepted,1370,63,0.002,0.0018700000,true,false
call-000289,arm10_spec_eprocess,cal/f1/s1200005/unreliable,22,grok-4.20-0309-non-reasoning,sha256:6a831aa79c46e13b87aed299bf3f49c53e0ef437b968fad81c2f57e52fc3335e,det-v1,1,,1712,83,1146.036,0.0023475000,false,true
call-000290,arm10_spec_eprocess,cal/f1/s1200005/unreliable,22,grok-4.20-0309-non-reasoning,sha256:6a831aa79c46e13b87aed299bf3f49c53e0ef437b968fad81c2f57e52fc3335e,det-v1,1,accepted,1712,83,1146.036,0.0023475000,false,false
call-000291,arm12_cth,cal/f1/s1200005/unreliable,13,grok-4.20-0309-non-reasoning,sha256:f3914c55e8ba0db8b549d60b903f7069d6e36bd1839133fe2e3c7d7089292839,det-v1,1,accepted,1370,63,0.002,0.0018700000,true,false
call-000292,arm12_cth,cal/f1/s1200005/unreliable,22,grok-4.20-0309-non-reasoning,sha256:5ebb1e953c028fc84eb09c659c533eace9f77c7608c5d7ec6174037c9fc5d401,det-v1,1,,1712,83,1190.838,0.0023475000,false,true
call-000293,arm12_cth,cal/f1/s1200005/unreliable,22,grok-4.20-0309-non-reasoning,sha256:5ebb1e953c028fc84eb09c659c533eace9f77c7608c5d7ec6174037c9fc5d401,det-v1,1,accepted,1712,83,1190.838,0.0023475000,false,false
call-000294,arm12b_cth_llm,cal/f1/s1200005/unreliable,13,grok-4.20-0309-non-reasoning,sha256:f3914c55e8ba0db8b549d60b903f7069d6e36bd1839133fe2e3c7d7089292839,det-v1,1,accepted,1370,63,0.004,0.0018700000,true,false
call-000295,arm12b_cth_llm,cal/f1/s1200005/unreliable,22,grok-4.20-0309-non-reasoning,sha256:35e7efbe872cb81c8e662799306a3afd8eb026217dd7c74beaa08f70934ea01c,det-v1,1,,1712,83,1106.604,0.0023475000,false,true
call-000296,arm12b_cth_llm,cal/f1/s1200005/unreliable,22,grok-4.20-0309-non-reasoning,sha256:35e7efbe872cb81c8e662799306a3afd8eb026217dd7c74beaa08f70934ea01c,det-v1,1,accepted,1712,83,1106.604,0.0023475000,false,false
call-000297,arm8_spec_immediate,cal/f1/s1200005/no_alert__twin,10,grok-4.20-0309-non-reasoning,sha256:2c17124579759927f6c634a98ab0cd42e312871de124cf98a30c842424dc04d4,det-v1,1,,1258,86,1081.652,0.0017875000,false,true
call-000298,arm8_spec_immediate,cal/f1/s1200005/no_alert__twin,10,grok-4.20-0309-non-reasoning,sha256:2c17124579759927f6c634a98ab0cd42e312871de124cf98a30c842424dc04d4,det-v1,1,accepted,1258,86,1081.652,0.0017875000,false,false
call-000299,arm10_spec_eprocess,cal/f1/s1200005/no_alert__twin,10,grok-4.20-0309-non-reasoning,sha256:2c17124579759927f6c634a98ab0cd42e312871de124cf98a30c842424dc04d4,det-v1,1,accepted,1258,86,0.001,0.0017875000,true,false
call-000300,arm12_cth,cal/f1/s1200005/no_alert__twin,10,grok-4.20-0309-non-reasoning,sha256:2c17124579759927f6c634a98ab0cd42e312871de124cf98a30c842424dc04d4,det-v1,1,accepted,1258,86,0.002,0.0017875000,true,false
call-000301,arm12b_cth_llm,cal/f1/s1200005/no_alert__twin,10,grok-4.20-0309-non-reasoning,sha256:2c17124579759927f6c634a98ab0cd42e312871de124cf98a30c842424dc04d4,det-v1,1,accepted,1258,86,0.003,0.0017875000,true,false
call-000302,arm8_spec_immediate,dev/f1/s1200006/no_alert,21,grok-4.20-0309-non-reasoning,sha256:94945a671d721a7d195ad8765d963aaf65e872b792138d41b19c8cbbac82dcd2,det-v1,1,,1633,66,949.536,0.0022062500,false,true
call-000303,arm8_spec_immediate,dev/f1/s1200006/no_alert,21,grok-4.20-0309-non-reasoning,sha256:94945a671d721a7d195ad8765d963aaf65e872b792138d41b19c8cbbac82dcd2,det-v1,1,accepted,1633,66,949.536,0.0022062500,false,false
call-000304,arm8_spec_immediate,dev/f1/s1200006/no_alert,33,grok-4.20-0309-non-reasoning,sha256:959372bb982989c2b5c8d260f9e7e7ca0f8f635d6aaca85747fb25dcd12dff2b,det-v1,1,,2089,79,1060.613,0.0028087500,false,true
call-000305,arm8_spec_immediate,dev/f1/s1200006/no_alert,33,grok-4.20-0309-non-reasoning,sha256:959372bb982989c2b5c8d260f9e7e7ca0f8f635d6aaca85747fb25dcd12dff2b,det-v1,1,accepted,2089,79,1060.613,0.0028087500,false,false
call-000306,arm10_spec_eprocess,dev/f1/s1200006/no_alert,21,grok-4.20-0309-non-reasoning,sha256:94945a671d721a7d195ad8765d963aaf65e872b792138d41b19c8cbbac82dcd2,det-v1,1,accepted,1633,66,0.002,0.0022062500,true,false
call-000307,arm10_spec_eprocess,dev/f1/s1200006/no_alert,33,grok-4.20-0309-non-reasoning,sha256:3686a5fb788d45251c32e992d4f98232870c48eaf10b79ee00651512aa58511a,det-v1,1,,2089,75,995.726,0.0027987500,false,true
call-000308,arm10_spec_eprocess,dev/f1/s1200006/no_alert,33,grok-4.20-0309-non-reasoning,sha256:3686a5fb788d45251c32e992d4f98232870c48eaf10b79ee00651512aa58511a,det-v1,1,accepted,2089,75,995.726,0.0027987500,false,false
call-000309,arm12_cth,dev/f1/s1200006/no_alert,21,grok-4.20-0309-non-reasoning,sha256:94945a671d721a7d195ad8765d963aaf65e872b792138d41b19c8cbbac82dcd2,det-v1,1,accepted,1633,66,0.003,0.0022062500,true,false
call-000310,arm12_cth,dev/f1/s1200006/no_alert,33,grok-4.20-0309-non-reasoning,sha256:7d3b02a7d4a6019a8bf986b53b2fc1352cd4ea3234d60b20ad492fb7922413f9,det-v1,1,,2089,75,1042.281,0.0027987500,false,true
call-000311,arm12_cth,dev/f1/s1200006/no_alert,33,grok-4.20-0309-non-reasoning,sha256:7d3b02a7d4a6019a8bf986b53b2fc1352cd4ea3234d60b20ad492fb7922413f9,det-v1,1,accepted,2089,75,1042.281,0.0027987500,false,false
call-000312,arm12b_cth_llm,dev/f1/s1200006/no_alert,21,grok-4.20-0309-non-reasoning,sha256:94945a671d721a7d195ad8765d963aaf65e872b792138d41b19c8cbbac82dcd2,det-v1,1,accepted,1633,66,0.002,0.0022062500,true,false
call-000313,arm12b_cth_llm,dev/f1/s1200006/no_alert,33,grok-4.20-0309-non-reasoning,sha256:7fd0db47f7999f81de79a021fafbb488394b2303c12c7ce8d0bf2c59e4c24d2f,det-v1,1,,2089,50,826.531,0.0027362500,false,true
call-000314,arm12b_cth_llm,dev/f1/s1200006/no_alert,33,grok-4.20-0309-non-reasoning,sha256:7fd0db47f7999f81de79a021fafbb488394b2303c12c7ce8d0bf2c59e4c24d2f,det-v1,1,accepted,2089,50,826.531,0.0027362500,false,false
call-000315,arm8_spec_immediate,dev/f1/s1200006/early_accurate,14,grok-4.20-0309-non-reasoning,sha256:590dc848556e025ea0bc3fc53a421eec4d32f879107ceaddd239617115d167d3,det-v1,1,,1408,67,976.835,0.0019275000,false,true
call-000316,arm8_spec_immediate,dev/f1/s1200006/early_accurate,14,grok-4.20-0309-non-reasoning,sha256:590dc848556e025ea0bc3fc53a421eec4d32f879107ceaddd239617115d167d3,det-v1,1,accepted,1408,67,976.835,0.0019275000,false,false
call-000317,arm8_spec_immediate,dev/f1/s1200006/early_accurate,28,grok-4.20-0309-non-reasoning,sha256:d0f1e25dc7f33a9a6d71bfa9de6ee295429bd84d7fb09e8300f81bbf7bb3f287,det-v1,1,,1940,67,994.588,0.0025925000,false,true
call-000318,arm8_spec_immediate,dev/f1/s1200006/early_accurate,28,grok-4.20-0309-non-reasoning,sha256:d0f1e25dc7f33a9a6d71bfa9de6ee295429bd84d7fb09e8300f81bbf7bb3f287,det-v1,1,accepted,1940,67,994.588,0.0025925000,false,false
call-000319,arm10_spec_eprocess,dev/f1/s1200006/early_accurate,14,grok-4.20-0309-non-reasoning,sha256:590dc848556e025ea0bc3fc53a421eec4d32f879107ceaddd239617115d167d3,det-v1,1,accepted,1408,67,0.002,0.0019275000,true,false
call-000320,arm10_spec_eprocess,dev/f1/s1200006/early_accurate,28,grok-4.20-0309-non-reasoning,sha256:afa425b92132e1ab242bfed470da677c16ba4c506a69ffac60fb3dc1f5e1eb4b,det-v1,1,,1940,67,1249.324,0.0025925000,false,true
call-000321,arm10_spec_eprocess,dev/f1/s1200006/early_accurate,28,grok-4.20-0309-non-reasoning,sha256:afa425b92132e1ab242bfed470da677c16ba4c506a69ffac60fb3dc1f5e1eb4b,det-v1,1,accepted,1940,67,1249.324,0.0025925000,false,false
call-000322,arm12_cth,dev/f1/s1200006/early_accurate,14,grok-4.20-0309-non-reasoning,sha256:590dc848556e025ea0bc3fc53a421eec4d32f879107ceaddd239617115d167d3,det-v1,1,accepted,1408,67,0.002,0.0019275000,true,false
call-000323,arm12_cth,dev/f1/s1200006/early_accurate,28,grok-4.20-0309-non-reasoning,sha256:b1976c8c9ab58cbeb9f34b1bbe1773cc74e8fc532da432cd060bc8a5e2fe9028,det-v1,1,,1940,71,1007.517,0.0026025000,false,true
call-000324,arm12_cth,dev/f1/s1200006/early_accurate,28,grok-4.20-0309-non-reasoning,sha256:b1976c8c9ab58cbeb9f34b1bbe1773cc74e8fc532da432cd060bc8a5e2fe9028,det-v1,1,accepted,1940,71,1007.517,0.0026025000,false,false
call-000325,arm12b_cth_llm,dev/f1/s1200006/early_accurate,14,grok-4.20-0309-non-reasoning,sha256:590dc848556e025ea0bc3fc53a421eec4d32f879107ceaddd239617115d167d3,det-v1,1,accepted,1408,67,0.003,0.0019275000,true,false
call-000326,arm12b_cth_llm,dev/f1/s1200006/early_accurate,28,grok-4.20-0309-non-reasoning,sha256:683e6cc8c86f0bd55750fa90edbe074ee1f287ceceb96a4b34cd6af6fcfd2f16,det-v1,1,,1940,71,993.493,0.0026025000,false,true
call-000327,arm12b_cth_llm,dev/f1/s1200006/early_accurate,28,grok-4.20-0309-non-reasoning,sha256:683e6cc8c86f0bd55750fa90edbe074ee1f287ceceb96a4b34cd6af6fcfd2f16,det-v1,1,accepted,1940,71,993.493,0.0026025000,false,false
call-000328,arm8_spec_immediate,dev/f1/s1200006/late_accurate,17,grok-4.20-0309-non-reasoning,sha256:5c8ae502821624d672a839d9ebf6afd96db6aa275b31add88661afe3e1dfb69b,det-v1,1,,1522,63,964.934,0.0020600000,false,true
call-000329,arm8_spec_immediate,dev/f1/s1200006/late_accurate,17,grok-4.20-0309-non-reasoning,sha256:5c8ae502821624d672a839d9ebf6afd96db6aa275b31add88661afe3e1dfb69b,det-v1,1,accepted,1522,63,964.934,0.0020600000,false,false
call-000330,arm8_spec_immediate,dev/f1/s1200006/late_accurate,33,grok-4.20-0309-non-reasoning,sha256:8c9b17f532fe9a1a6246b2bd112da4fdc48daa6d4c6137f3ff039de10a7981f9,det-v1,1,,2130,91,1243.747,0.0028900000,false,true
call-000331,arm8_spec_immediate,dev/f1/s1200006/late_accurate,33,grok-4.20-0309-non-reasoning,sha256:8c9b17f532fe9a1a6246b2bd112da4fdc48daa6d4c6137f3ff039de10a7981f9,det-v1,1,accepted,2130,91,1243.747,0.0028900000,false,false
call-000332,arm10_spec_eprocess,dev/f1/s1200006/late_accurate,17,grok-4.20-0309-non-reasoning,sha256:5c8ae502821624d672a839d9ebf6afd96db6aa275b31add88661afe3e1dfb69b,det-v1,1,accepted,1522,63,0.002,0.0020600000,true,false
call-000333,arm10_spec_eprocess,dev/f1/s1200006/late_accurate,33,grok-4.20-0309-non-reasoning,sha256:cfc0f8ce2ede600d7fa54ec9518ece091dcfb2e54cd0561abbd0a016f9177595,det-v1,1,,2130,79,1038.603,0.0028600000,false,true
call-000334,arm10_spec_eprocess,dev/f1/s1200006/late_accurate,33,grok-4.20-0309-non-reasoning,sha256:cfc0f8ce2ede600d7fa54ec9518ece091dcfb2e54cd0561abbd0a016f9177595,det-v1,1,accepted,2130,79,1038.603,0.0028600000,false,false
call-000335,arm12_cth,dev/f1/s1200006/late_accurate,17,grok-4.20-0309-non-reasoning,sha256:5c8ae502821624d672a839d9ebf6afd96db6aa275b31add88661afe3e1dfb69b,det-v1,1,accepted,1522,63,0.002,0.0020600000,true,false
call-000336,arm12_cth,dev/f1/s1200006/late_accurate,33,grok-4.20-0309-non-reasoning,sha256:e22a482bcedc7ba80c5bff1e3ac8caf9cd984d9dc1866f5895982611f8245776,det-v1,1,,2130,79,1500.923,0.0028600000,false,true
call-000337,arm12_cth,dev/f1/s1200006/late_accurate,33,grok-4.20-0309-non-reasoning,sha256:e22a482bcedc7ba80c5bff1e3ac8caf9cd984d9dc1866f5895982611f8245776,det-v1,1,accepted,2130,79,1500.923,0.0028600000,false,false
call-000338,arm12b_cth_llm,dev/f1/s1200006/late_accurate,17,grok-4.20-0309-non-reasoning,sha256:5c8ae502821624d672a839d9ebf6afd96db6aa275b31add88661afe3e1dfb69b,det-v1,1,accepted,1522,63,0.002,0.0020600000,true,false
call-000339,arm12b_cth_llm,dev/f1/s1200006/late_accurate,33,grok-4.20-0309-non-reasoning,sha256:17fa6a5509fc934b1df91f943fc503616819d6ea2c9671531ec66d6d24a78fa9,det-v1,1,,2130,79,1052.411,0.0028600000,false,true
call-000340,arm12b_cth_llm,dev/f1/s1200006/late_accurate,33,grok-4.20-0309-non-reasoning,sha256:17fa6a5509fc934b1df91f943fc503616819d6ea2c9671531ec66d6d24a78fa9,det-v1,1,accepted,2130,79,1052.411,0.0028600000,false,false
call-000341,arm8_spec_immediate,dev/f1/s1200006/unreliable,14,grok-4.20-0309-non-reasoning,sha256:8de69522aebeb7dc39c055768f953cc4dde5a7e376ec7de1bc80356fe2efe475,det-v1,1,,1393,50,785.549,0.0018662500,false,true
call-000342,arm8_spec_immediate,dev/f1/s1200006/unreliable,14,grok-4.20-0309-non-reasoning,sha256:8de69522aebeb7dc39c055768f953cc4dde5a7e376ec7de1bc80356fe2efe475,det-v1,1,accepted,1393,50,785.549,0.0018662500,false,false
call-000343,arm8_spec_immediate,dev/f1/s1200006/unreliable,28,grok-4.20-0309-non-reasoning,sha256:1608d5f25e8eae53e277ba70a5037c979784664e88749a76a215759018d9758c,det-v1,1,,1925,66,976.709,0.0025712500,false,true
call-000344,arm8_spec_immediate,dev/f1/s1200006/unreliable,28,grok-4.20-0309-non-reasoning,sha256:1608d5f25e8eae53e277ba70a5037c979784664e88749a76a215759018d9758c,det-v1,1,accepted,1925,66,976.709,0.0025712500,false,false
call-000345,arm10_spec_eprocess,dev/f1/s1200006/unreliable,14,grok-4.20-0309-non-reasoning,sha256:8de69522aebeb7dc39c055768f953cc4dde5a7e376ec7de1bc80356fe2efe475,det-v1,1,accepted,1393,50,0.002,0.0018662500,true,false
call-000346,arm10_spec_eprocess,dev/f1/s1200006/unreliable,28,grok-4.20-0309-non-reasoning,sha256:1608d5f25e8eae53e277ba70a5037c979784664e88749a76a215759018d9758c,det-v1,1,accepted,1925,66,0.001,0.0025712500,true,false
call-000347,arm12_cth,dev/f1/s1200006/unreliable,14,grok-4.20-0309-non-reasoning,sha256:8de69522aebeb7dc39c055768f953cc4dde5a7e376ec7de1bc80356fe2efe475,det-v1,1,accepted,1393,50,0.002,0.0018662500,true,false
call-000348,arm12_cth,dev/f1/s1200006/unreliable,28,grok-4.20-0309-non-reasoning,sha256:9433ac1de97b6f874cd410fd9b64a4304c100590446cb0625ed3ea8cdce6de29,det-v1,1,,1925,66,958.458,0.0025712500,false,true
call-000349,arm12_cth,dev/f1/s1200006/unreliable,28,grok-4.20-0309-non-reasoning,sha256:9433ac1de97b6f874cd410fd9b64a4304c100590446cb0625ed3ea8cdce6de29,det-v1,1,accepted,1925,66,958.458,0.0025712500,false,false
call-000350,arm12b_cth_llm,dev/f1/s1200006/unreliable,14,grok-4.20-0309-non-reasoning,sha256:8de69522aebeb7dc39c055768f953cc4dde5a7e376ec7de1bc80356fe2efe475,det-v1,1,accepted,1393,50,0.002,0.0018662500,true,false
call-000351,arm12b_cth_llm,dev/f1/s1200006/unreliable,28,grok-4.20-0309-non-reasoning,sha256:1608d5f25e8eae53e277ba70a5037c979784664e88749a76a215759018d9758c,det-v1,1,accepted,1925,66,0.002,0.0025712500,true,false
call-000352,arm8_spec_immediate,dev/f1/s1200006/no_alert__twin,10,grok-4.20-0309-non-reasoning,sha256:5e637056903867c81945d6b9b0b76c81906792b72c57915e1902909d6367dd61,det-v1,1,,1253,86,1036.554,0.0017812500,false,true
call-000353,arm8_spec_immediate,dev/f1/s1200006/no_alert__twin,10,grok-4.20-0309-non-reasoning,sha256:5e637056903867c81945d6b9b0b76c81906792b72c57915e1902909d6367dd61,det-v1,1,accepted,1253,86,1036.554,0.0017812500,false,false
call-000354,arm10_spec_eprocess,dev/f1/s1200006/no_alert__twin,10,grok-4.20-0309-non-reasoning,sha256:5e637056903867c81945d6b9b0b76c81906792b72c57915e1902909d6367dd61,det-v1,1,accepted,1253,86,0.002,0.0017812500,true,false
call-000355,arm12_cth,dev/f1/s1200006/no_alert__twin,10,grok-4.20-0309-non-reasoning,sha256:5e637056903867c81945d6b9b0b76c81906792b72c57915e1902909d6367dd61,det-v1,1,accepted,1253,86,0.002,0.0017812500,true,false
call-000356,arm12b_cth_llm,dev/f1/s1200006/no_alert__twin,10,grok-4.20-0309-non-reasoning,sha256:5e637056903867c81945d6b9b0b76c81906792b72c57915e1902909d6367dd61,det-v1,1,accepted,1253,86,0.002,0.0017812500,true,false
call-000357,arm8_spec_immediate,cal/f1/s1200007/no_alert,19,grok-4.20-0309-non-reasoning,sha256:a3f8b238250b3dc3645a93b8746f47cd8b82f1b2d467bf0fa5c35f04a05db7f5,det-v1,1,,1557,50,834.645,0.0020712500,false,true
call-000358,arm8_spec_immediate,cal/f1/s1200007/no_alert,19,grok-4.20-0309-non-reasoning,sha256:a3f8b238250b3dc3645a93b8746f47cd8b82f1b2d467bf0fa5c35f04a05db7f5,det-v1,1,accepted,1557,50,834.645,0.0020712500,false,false
call-000359,arm8_spec_immediate,cal/f1/s1200007/no_alert,39,grok-4.20-0309-non-reasoning,sha256:4c6b0deb82936200a00b90ea7ba7ae51a93f9a4374080daf04e3df436ba7f66d,det-v1,1,,2317,50,988.622,0.0030212500,false,true
call-000360,arm8_spec_immediate,cal/f1/s1200007/no_alert,39,grok-4.20-0309-non-reasoning,sha256:4c6b0deb82936200a00b90ea7ba7ae51a93f9a4374080daf04e3df436ba7f66d,det-v1,1,accepted,2317,50,988.622,0.0030212500,false,false
call-000361,arm10_spec_eprocess,cal/f1/s1200007/no_alert,19,grok-4.20-0309-non-reasoning,sha256:a3f8b238250b3dc3645a93b8746f47cd8b82f1b2d467bf0fa5c35f04a05db7f5,det-v1,1,accepted,1557,50,0.002,0.0020712500,true,false
call-000362,arm10_spec_eprocess,cal/f1/s1200007/no_alert,39,grok-4.20-0309-non-reasoning,sha256:4c6b0deb82936200a00b90ea7ba7ae51a93f9a4374080daf04e3df436ba7f66d,det-v1,1,accepted,2317,50,0.002,0.0030212500,true,false
call-000363,arm12_cth,cal/f1/s1200007/no_alert,19,grok-4.20-0309-non-reasoning,sha256:a3f8b238250b3dc3645a93b8746f47cd8b82f1b2d467bf0fa5c35f04a05db7f5,det-v1,1,accepted,1557,50,0.001,0.0020712500,true,false
call-000364,arm12_cth,cal/f1/s1200007/no_alert,39,grok-4.20-0309-non-reasoning,sha256:baee1516ad42d83462bdb2a5dd03db555c50ab80685a9c25e544b75841528844,det-v1,1,,2317,91,1176.730,0.0031237500,false,true
call-000365,arm12_cth,cal/f1/s1200007/no_alert,39,grok-4.20-0309-non-reasoning,sha256:baee1516ad42d83462bdb2a5dd03db555c50ab80685a9c25e544b75841528844,det-v1,1,accepted,2317,91,1176.730,0.0031237500,false,false
call-000366,arm12b_cth_llm,cal/f1/s1200007/no_alert,19,grok-4.20-0309-non-reasoning,sha256:a3f8b238250b3dc3645a93b8746f47cd8b82f1b2d467bf0fa5c35f04a05db7f5,det-v1,1,accepted,1557,50,0.002,0.0020712500,true,false
call-000367,arm12b_cth_llm,cal/f1/s1200007/no_alert,39,grok-4.20-0309-non-reasoning,sha256:4c6b0deb82936200a00b90ea7ba7ae51a93f9a4374080daf04e3df436ba7f66d,det-v1,1,accepted,2317,50,0.001,0.0030212500,true,false
call-000368,arm8_spec_immediate,cal/f1/s1200007/early_accurate,13,grok-4.20-0309-non-reasoning,sha256:c5bf8e5e72a18893a17bb02f3ce42bcb6eb0b28d5c1aabb024dbf4b763f6d273,det-v1,1,,1371,71,1231.142,0.0018912500,false,true
call-000369,arm8_spec_immediate,cal/f1/s1200007/early_accurate,13,grok-4.20-0309-non-reasoning,sha256:c5bf8e5e72a18893a17bb02f3ce42bcb6eb0b28d5c1aabb024dbf4b763f6d273,det-v1,1,accepted,1371,71,1231.142,0.0018912500,false,false
call-000370,arm8_spec_immediate,cal/f1/s1200007/early_accurate,19,grok-4.20-0309-non-reasoning,sha256:745cc19973304afa4f62839c7c6c7daa8c2fb95e83e7b2f33b65dd7c902affae,det-v1,1,,1599,71,999.162,0.0021762500,false,true
call-000371,arm8_spec_immediate,cal/f1/s1200007/early_accurate,19,grok-4.20-0309-non-reasoning,sha256:745cc19973304afa4f62839c7c6c7daa8c2fb95e83e7b2f33b65dd7c902affae,det-v1,1,accepted,1599,71,999.162,0.0021762500,false,false
call-000372,arm10_spec_eprocess,cal/f1/s1200007/early_accurate,13,grok-4.20-0309-non-reasoning,sha256:c5bf8e5e72a18893a17bb02f3ce42bcb6eb0b28d5c1aabb024dbf4b763f6d273,det-v1,1,accepted,1371,71,0.001,0.0018912500,true,false
call-000373,arm10_spec_eprocess,cal/f1/s1200007/early_accurate,19,grok-4.20-0309-non-reasoning,sha256:2addd11eac305030faaa7909a5393b18ec610283357373a2dada2ce4aa2835c8,det-v1,1,,1599,71,950.580,0.0021762500,false,true
call-000374,arm10_spec_eprocess,cal/f1/s1200007/early_accurate,19,grok-4.20-0309-non-reasoning,sha256:2addd11eac305030faaa7909a5393b18ec610283357373a2dada2ce4aa2835c8,det-v1,1,accepted,1599,71,950.580,0.0021762500,false,false
call-000375,arm12_cth,cal/f1/s1200007/early_accurate,13,grok-4.20-0309-non-reasoning,sha256:c5bf8e5e72a18893a17bb02f3ce42bcb6eb0b28d5c1aabb024dbf4b763f6d273,det-v1,1,accepted,1371,71,0.002,0.0018912500,true,false
call-000376,arm12_cth,cal/f1/s1200007/early_accurate,19,grok-4.20-0309-non-reasoning,sha256:fe979802ca4dc8294d4544640d7dd547ef8d204f9e96a2cc64aac9d81da9c861,det-v1,1,,1599,71,968.586,0.0021762500,false,true
call-000377,arm12_cth,cal/f1/s1200007/early_accurate,19,grok-4.20-0309-non-reasoning,sha256:fe979802ca4dc8294d4544640d7dd547ef8d204f9e96a2cc64aac9d81da9c861,det-v1,1,accepted,1599,71,968.586,0.0021762500,false,false
call-000378,arm12b_cth_llm,cal/f1/s1200007/early_accurate,13,grok-4.20-0309-non-reasoning,sha256:c5bf8e5e72a18893a17bb02f3ce42bcb6eb0b28d5c1aabb024dbf4b763f6d273,det-v1,1,accepted,1371,71,0.003,0.0018912500,true,false
call-000379,arm12b_cth_llm,cal/f1/s1200007/early_accurate,19,grok-4.20-0309-non-reasoning,sha256:ed28fc02cf46b791f7af05a275176e7aba142556f8d9d2901678aef538ce2125,det-v1,1,,1599,71,1016.651,0.0021762500,false,true
call-000380,arm12b_cth_llm,cal/f1/s1200007/early_accurate,19,grok-4.20-0309-non-reasoning,sha256:ed28fc02cf46b791f7af05a275176e7aba142556f8d9d2901678aef538ce2125,det-v1,1,accepted,1599,71,1016.651,0.0021762500,false,false
call-000381,arm8_spec_immediate,cal/f1/s1200007/late_accurate,16,grok-4.20-0309-non-reasoning,sha256:90ddf5908ff23373f0f04f79a7de345a1a8d658144f36a9c7fe6ec8a79eb7ead,det-v1,1,,1485,67,1231.778,0.0020237500,false,true
call-000382,arm8_spec_immediate,cal/f1/s1200007/late_accurate,16,grok-4.20-0309-non-reasoning,sha256:90ddf5908ff23373f0f04f79a7de345a1a8d658144f36a9c7fe6ec8a79eb7ead,det-v1,1,accepted,1485,67,1231.778,0.0020237500,false,false
call-000383,arm8_spec_immediate,cal/f1/s1200007/late_accurate,23,grok-4.20-0309-non-reasoning,sha256:5129a54d538fbf8ae19386d9b4c43f322e5a7e84caef501a922c6b421092b9bd,det-v1,1,,1751,75,1110.562,0.0023762500,false,true
call-000384,arm8_spec_immediate,cal/f1/s1200007/late_accurate,23,grok-4.20-0309-non-reasoning,sha256:5129a54d538fbf8ae19386d9b4c43f322e5a7e84caef501a922c6b421092b9bd,det-v1,1,accepted,1751,75,1110.562,0.0023762500,false,false
call-000385,arm10_spec_eprocess,cal/f1/s1200007/late_accurate,16,grok-4.20-0309-non-reasoning,sha256:90ddf5908ff23373f0f04f79a7de345a1a8d658144f36a9c7fe6ec8a79eb7ead,det-v1,1,accepted,1485,67,0.002,0.0020237500,true,false
call-000386,arm10_spec_eprocess,cal/f1/s1200007/late_accurate,23,grok-4.20-0309-non-reasoning,sha256:2a2e0027952bf6a8f1e0af60eb5a34982b01b35b64bf61ba523f606d2731dcd4,det-v1,1,,1751,75,1086.014,0.0023762500,false,true
call-000387,arm10_spec_eprocess,cal/f1/s1200007/late_accurate,23,grok-4.20-0309-non-reasoning,sha256:2a2e0027952bf6a8f1e0af60eb5a34982b01b35b64bf61ba523f606d2731dcd4,det-v1,1,accepted,1751,75,1086.014,0.0023762500,false,false
call-000388,arm12_cth,cal/f1/s1200007/late_accurate,16,grok-4.20-0309-non-reasoning,sha256:90ddf5908ff23373f0f04f79a7de345a1a8d658144f36a9c7fe6ec8a79eb7ead,det-v1,1,accepted,1485,67,0.002,0.0020237500,true,false
call-000389,arm12_cth,cal/f1/s1200007/late_accurate,23,grok-4.20-0309-non-reasoning,sha256:261219e42ba8429be568b44b3258bd58a4c2107622a083aa11f6be684bc6d669,det-v1,1,,1751,75,1021.271,0.0023762500,false,true
call-000390,arm12_cth,cal/f1/s1200007/late_accurate,23,grok-4.20-0309-non-reasoning,sha256:261219e42ba8429be568b44b3258bd58a4c2107622a083aa11f6be684bc6d669,det-v1,1,accepted,1751,75,1021.271,0.0023762500,false,false
call-000391,arm12b_cth_llm,cal/f1/s1200007/late_accurate,16,grok-4.20-0309-non-reasoning,sha256:90ddf5908ff23373f0f04f79a7de345a1a8d658144f36a9c7fe6ec8a79eb7ead,det-v1,1,accepted,1485,67,0.002,0.0020237500,true,false
call-000392,arm12b_cth_llm,cal/f1/s1200007/late_accurate,23,grok-4.20-0309-non-reasoning,sha256:1ab698d182668b21ba1a2fc440049cf4f3a4d2c0865492761ead9d0cf31b363b,det-v1,1,,1751,75,1021.367,0.0023762500,false,true
call-000393,arm12b_cth_llm,cal/f1/s1200007/late_accurate,23,grok-4.20-0309-non-reasoning,sha256:1ab698d182668b21ba1a2fc440049cf4f3a4d2c0865492761ead9d0cf31b363b,det-v1,1,accepted,1751,75,1021.367,0.0023762500,false,false
call-000394,arm8_spec_immediate,cal/f1/s1200007/unreliable,13,grok-4.20-0309-non-reasoning,sha256:61836f4822b56902a24bf25087076fe30388498382a6b888f2297ce17570418a,det-v1,1,,1363,59,887.980,0.0018512500,false,true
call-000395,arm8_spec_immediate,cal/f1/s1200007/unreliable,13,grok-4.20-0309-non-reasoning,sha256:61836f4822b56902a24bf25087076fe30388498382a6b888f2297ce17570418a,det-v1,1,accepted,1363,59,887.980,0.0018512500,false,false
call-000396,arm8_spec_immediate,cal/f1/s1200007/unreliable,19,grok-4.20-0309-non-reasoning,sha256:88c4295e7eb0997cf582eaaa0a21d7bfb8787fc9308c5969b949680bfaea99e4,det-v1,1,,1591,97,1167.431,0.0022312500,false,true
call-000397,arm8_spec_immediate,cal/f1/s1200007/unreliable,19,grok-4.20-0309-non-reasoning,sha256:88c4295e7eb0997cf582eaaa0a21d7bfb8787fc9308c5969b949680bfaea99e4,det-v1,1,accepted,1591,97,1167.431,0.0022312500,false,false
call-000398,arm10_spec_eprocess,cal/f1/s1200007/unreliable,13,grok-4.20-0309-non-reasoning,sha256:61836f4822b56902a24bf25087076fe30388498382a6b888f2297ce17570418a,det-v1,1,accepted,1363,59,0.002,0.0018512500,true,false
call-000399,arm10_spec_eprocess,cal/f1/s1200007/unreliable,19,grok-4.20-0309-non-reasoning,sha256:2ea3ce0d20b5846da6b1932f78d6c0bc62541a927054ba28d06800449f2a8db0,det-v1,1,,1591,71,906.680,0.0021662500,false,true
call-000400,arm10_spec_eprocess,cal/f1/s1200007/unreliable,19,grok-4.20-0309-non-reasoning,sha256:2ea3ce0d20b5846da6b1932f78d6c0bc62541a927054ba28d06800449f2a8db0,det-v1,1,accepted,1591,71,906.680,0.0021662500,false,false
call-000401,arm12_cth,cal/f1/s1200007/unreliable,13,grok-4.20-0309-non-reasoning,sha256:61836f4822b56902a24bf25087076fe30388498382a6b888f2297ce17570418a,det-v1,1,accepted,1363,59,0.002,0.0018512500,true,false
call-000402,arm12_cth,cal/f1/s1200007/unreliable,19,grok-4.20-0309-non-reasoning,sha256:b01985e2598c3a509ac668aaeedf03f19a7c4d4558bca1a3a0cc0b7cfafbc9b0,det-v1,1,,1591,71,923.618,0.0021662500,false,true
call-000403,arm12_cth,cal/f1/s1200007/unreliable,19,grok-4.20-0309-non-reasoning,sha256:b01985e2598c3a509ac668aaeedf03f19a7c4d4558bca1a3a0cc0b7cfafbc9b0,det-v1,1,accepted,1591,71,923.618,0.0021662500,false,false
call-000404,arm12b_cth_llm,cal/f1/s1200007/unreliable,13,grok-4.20-0309-non-reasoning,sha256:61836f4822b56902a24bf25087076fe30388498382a6b888f2297ce17570418a,det-v1,1,accepted,1363,59,0.002,0.0018512500,true,false
call-000405,arm12b_cth_llm,cal/f1/s1200007/unreliable,19,grok-4.20-0309-non-reasoning,sha256:50403a4b26055abceceb58d26a50dfb8b10e890e9fec380a4df10838b58d1395,det-v1,1,,1591,102,1255.268,0.0022437500,false,true
call-000406,arm12b_cth_llm,cal/f1/s1200007/unreliable,19,grok-4.20-0309-non-reasoning,sha256:50403a4b26055abceceb58d26a50dfb8b10e890e9fec380a4df10838b58d1395,det-v1,1,accepted,1591,102,1255.268,0.0022437500,false,false
call-000407,arm8_spec_immediate,dev/f2/s2200000/no_alert,24,grok-4.20-0309-non-reasoning,sha256:12f5470b472fdfad478e4361a09af2361f4312cac7c13edc394a0d56370a1f3a,det-v1,1,,1747,50,751.512,0.0023087500,false,true
call-000408,arm8_spec_immediate,dev/f2/s2200000/no_alert,24,grok-4.20-0309-non-reasoning,sha256:12f5470b472fdfad478e4361a09af2361f4312cac7c13edc394a0d56370a1f3a,det-v1,1,accepted,1747,50,751.512,0.0023087500,false,false
call-000409,arm8_spec_immediate,dev/f2/s2200000/no_alert,33,grok-4.20-0309-non-reasoning,sha256:deb7635c5531526488352ac2412387e69d9aababa382c0b1b1603c6e588b983f,det-v1,1,,2089,50,784.178,0.0027362500,false,true
call-000410,arm8_spec_immediate,dev/f2/s2200000/no_alert,33,grok-4.20-0309-non-reasoning,sha256:deb7635c5531526488352ac2412387e69d9aababa382c0b1b1603c6e588b983f,det-v1,1,accepted,2089,50,784.178,0.0027362500,false,false
call-000411,arm10_spec_eprocess,dev/f2/s2200000/no_alert,24,grok-4.20-0309-non-reasoning,sha256:12f5470b472fdfad478e4361a09af2361f4312cac7c13edc394a0d56370a1f3a,det-v1,1,accepted,1747,50,0.002,0.0023087500,true,false
call-000412,arm10_spec_eprocess,dev/f2/s2200000/no_alert,33,grok-4.20-0309-non-reasoning,sha256:deb7635c5531526488352ac2412387e69d9aababa382c0b1b1603c6e588b983f,det-v1,1,accepted,2089,50,0.001,0.0027362500,true,false
call-000413,arm12_cth,dev/f2/s2200000/no_alert,24,grok-4.20-0309-non-reasoning,sha256:12f5470b472fdfad478e4361a09af2361f4312cac7c13edc394a0d56370a1f3a,det-v1,1,accepted,1747,50,0.002,0.0023087500,true,false
call-000414,arm12_cth,dev/f2/s2200000/no_alert,33,grok-4.20-0309-non-reasoning,sha256:18727184eda1d6e1f49ba73d12a8ce07a0067af61d73d4cd1f491edb935b25f7,det-v1,1,,2089,50,893.695,0.0027362500,false,true
call-000415,arm12_cth,dev/f2/s2200000/no_alert,33,grok-4.20-0309-non-reasoning,sha256:18727184eda1d6e1f49ba73d12a8ce07a0067af61d73d4cd1f491edb935b25f7,det-v1,1,accepted,2089,50,893.695,0.0027362500,false,false
call-000416,arm12b_cth_llm,dev/f2/s2200000/no_alert,24,grok-4.20-0309-non-reasoning,sha256:12f5470b472fdfad478e4361a09af2361f4312cac7c13edc394a0d56370a1f3a,det-v1,1,accepted,1747,50,0.002,0.0023087500,true,false
call-000417,arm12b_cth_llm,dev/f2/s2200000/no_alert,33,grok-4.20-0309-non-reasoning,sha256:deb7635c5531526488352ac2412387e69d9aababa382c0b1b1603c6e588b983f,det-v1,1,accepted,2089,50,0.001,0.0027362500,true,false
call-000418,arm8_spec_immediate,dev/f2/s2200000/early_accurate,24,grok-4.20-0309-non-reasoning,sha256:e1802c9137192cd06c262b99a082519bc12ee05f8e7821e316ea8fef045848ff,det-v1,1,,1747,76,1077.181,0.0023737500,false,true
call-000419,arm8_spec_immediate,dev/f2/s2200000/early_accurate,24,grok-4.20-0309-non-reasoning,sha256:e1802c9137192cd06c262b99a082519bc12ee05f8e7821e316ea8fef045848ff,det-v1,1,accepted,1747,76,1077.181,0.0023737500,false,false
call-000420,arm8_spec_immediate,dev/f2/s2200000/early_accurate,33,grok-4.20-0309-non-reasoning,sha256:7cfeccd2f5ef95a0d47b41c5845d358a5d118b9c811d4ac1ccc18bc1128b4d87,det-v1,1,,2089,50,1117.602,0.0027362500,false,true
call-000421,arm8_spec_immediate,dev/f2/s2200000/early_accurate,33,grok-4.20-0309-non-reasoning,sha256:7cfeccd2f5ef95a0d47b41c5845d358a5d118b9c811d4ac1ccc18bc1128b4d87,det-v1,1,accepted,2089,50,1117.602,0.0027362500,false,false
call-000422,arm10_spec_eprocess,dev/f2/s2200000/early_accurate,24,grok-4.20-0309-non-reasoning,sha256:e1802c9137192cd06c262b99a082519bc12ee05f8e7821e316ea8fef045848ff,det-v1,1,accepted,1747,76,0.002,0.0023737500,true,false
call-000423,arm10_spec_eprocess,dev/f2/s2200000/early_accurate,33,grok-4.20-0309-non-reasoning,sha256:7cfeccd2f5ef95a0d47b41c5845d358a5d118b9c811d4ac1ccc18bc1128b4d87,det-v1,1,accepted,2089,50,0.001,0.0027362500,true,false
call-000424,arm12_cth,dev/f2/s2200000/early_accurate,24,grok-4.20-0309-non-reasoning,sha256:e1802c9137192cd06c262b99a082519bc12ee05f8e7821e316ea8fef045848ff,det-v1,1,accepted,1747,76,0.001,0.0023737500,true,false
call-000425,arm12_cth,dev/f2/s2200000/early_accurate,33,grok-4.20-0309-non-reasoning,sha256:76ec87c273319e15236f7263175bee4a195a20d80ac8d22e89ddd15b7dace001,det-v1,1,,2089,50,1074.444,0.0027362500,false,true
call-000426,arm12_cth,dev/f2/s2200000/early_accurate,33,grok-4.20-0309-non-reasoning,sha256:76ec87c273319e15236f7263175bee4a195a20d80ac8d22e89ddd15b7dace001,det-v1,1,accepted,2089,50,1074.444,0.0027362500,false,false
call-000427,arm12b_cth_llm,dev/f2/s2200000/early_accurate,24,grok-4.20-0309-non-reasoning,sha256:e1802c9137192cd06c262b99a082519bc12ee05f8e7821e316ea8fef045848ff,det-v1,1,accepted,1747,76,0.002,0.0023737500,true,false
call-000428,arm12b_cth_llm,dev/f2/s2200000/early_accurate,33,grok-4.20-0309-non-reasoning,sha256:7cfeccd2f5ef95a0d47b41c5845d358a5d118b9c811d4ac1ccc18bc1128b4d87,det-v1,1,accepted,2089,50,0.001,0.0027362500,true,false
call-000429,arm8_spec_immediate,dev/f2/s2200000/late_accurate,24,grok-4.20-0309-non-reasoning,sha256:e469a328bacb97270612b0c7ac642f6878aa190e8618d1a9cb42ba4a287a3f9c,det-v1,1,,1747,50,850.655,0.0023087500,false,true
call-000430,arm8_spec_immediate,dev/f2/s2200000/late_accurate,24,grok-4.20-0309-non-reasoning,sha256:e469a328bacb97270612b0c7ac642f6878aa190e8618d1a9cb42ba4a287a3f9c,det-v1,1,accepted,1747,50,850.655,0.0023087500,false,false
call-000431,arm8_spec_immediate,dev/f2/s2200000/late_accurate,33,grok-4.20-0309-non-reasoning,sha256:42bf76eb0d6e74e24b2de430f6ffe4b0f10c9cc23120dc33df038fde8c066237,det-v1,1,,2089,50,902.719,0.0027362500,false,true
call-000432,arm8_spec_immediate,dev/f2/s2200000/late_accurate,33,grok-4.20-0309-non-reasoning,sha256:42bf76eb0d6e74e24b2de430f6ffe4b0f10c9cc23120dc33df038fde8c066237,det-v1,1,accepted,2089,50,902.719,0.0027362500,false,false
call-000433,arm10_spec_eprocess,dev/f2/s2200000/late_accurate,24,grok-4.20-0309-non-reasoning,sha256:e469a328bacb97270612b0c7ac642f6878aa190e8618d1a9cb42ba4a287a3f9c,det-v1,1,accepted,1747,50,0.002,0.0023087500,true,false
call-000434,arm10_spec_eprocess,dev/f2/s2200000/late_accurate,33,grok-4.20-0309-non-reasoning,sha256:42bf76eb0d6e74e24b2de430f6ffe4b0f10c9cc23120dc33df038fde8c066237,det-v1,1,accepted,2089,50,0.001,0.0027362500,true,false
call-000435,arm12_cth,dev/f2/s2200000/late_accurate,24,grok-4.20-0309-non-reasoning,sha256:e469a328bacb97270612b0c7ac642f6878aa190e8618d1a9cb42ba4a287a3f9c,det-v1,1,accepted,1747,50,0.002,0.0023087500,true,false
call-000436,arm12_cth,dev/f2/s2200000/late_accurate,33,grok-4.20-0309-non-reasoning,sha256:a8bb98d59edf8f5968e2c9ae400dacfc12578145729cdcedeb2898cc009ba147,det-v1,1,,2089,50,837.898,0.0027362500,false,true
call-000437,arm12_cth,dev/f2/s2200000/late_accurate,33,grok-4.20-0309-non-reasoning,sha256:a8bb98d59edf8f5968e2c9ae400dacfc12578145729cdcedeb2898cc009ba147,det-v1,1,accepted,2089,50,837.898,0.0027362500,false,false
call-000438,arm12b_cth_llm,dev/f2/s2200000/late_accurate,24,grok-4.20-0309-non-reasoning,sha256:e469a328bacb97270612b0c7ac642f6878aa190e8618d1a9cb42ba4a287a3f9c,det-v1,1,accepted,1747,50,0.003,0.0023087500,true,false
call-000439,arm12b_cth_llm,dev/f2/s2200000/late_accurate,33,grok-4.20-0309-non-reasoning,sha256:42bf76eb0d6e74e24b2de430f6ffe4b0f10c9cc23120dc33df038fde8c066237,det-v1,1,accepted,2089,50,0.001,0.0027362500,true,false
call-000440,arm8_spec_immediate,dev/f2/s2200000/unreliable,24,grok-4.20-0309-non-reasoning,sha256:b8467a24f5d0f52c4bc599affec29aae7af4eb58848a7debfe524f9ef8c0b59a,det-v1,1,,1747,50,1011.096,0.0023087500,false,true
call-000441,arm8_spec_immediate,dev/f2/s2200000/unreliable,24,grok-4.20-0309-non-reasoning,sha256:b8467a24f5d0f52c4bc599affec29aae7af4eb58848a7debfe524f9ef8c0b59a,det-v1,1,accepted,1747,50,1011.096,0.0023087500,false,false
call-000442,arm8_spec_immediate,dev/f2/s2200000/unreliable,33,grok-4.20-0309-non-reasoning,sha256:8f35e99eea3dc4eceee92aebc52e4ccd0de73234b1046533ea65fb751574d6c4,det-v1,1,,2089,50,834.447,0.0027362500,false,true
call-000443,arm8_spec_immediate,dev/f2/s2200000/unreliable,33,grok-4.20-0309-non-reasoning,sha256:8f35e99eea3dc4eceee92aebc52e4ccd0de73234b1046533ea65fb751574d6c4,det-v1,1,accepted,2089,50,834.447,0.0027362500,false,false
call-000444,arm10_spec_eprocess,dev/f2/s2200000/unreliable,24,grok-4.20-0309-non-reasoning,sha256:b8467a24f5d0f52c4bc599affec29aae7af4eb58848a7debfe524f9ef8c0b59a,det-v1,1,accepted,1747,50,0.001,0.0023087500,true,false
call-000445,arm10_spec_eprocess,dev/f2/s2200000/unreliable,33,grok-4.20-0309-non-reasoning,sha256:8f35e99eea3dc4eceee92aebc52e4ccd0de73234b1046533ea65fb751574d6c4,det-v1,1,accepted,2089,50,0.001,0.0027362500,true,false
call-000446,arm12_cth,dev/f2/s2200000/unreliable,24,grok-4.20-0309-non-reasoning,sha256:b8467a24f5d0f52c4bc599affec29aae7af4eb58848a7debfe524f9ef8c0b59a,det-v1,1,accepted,1747,50,0.001,0.0023087500,true,false
call-000447,arm12_cth,dev/f2/s2200000/unreliable,33,grok-4.20-0309-non-reasoning,sha256:4a58b2d61b0869c00656b9e55a8aa549d2bc4eb922f9cb62008b8822e9c6fb7f,det-v1,1,,2089,50,988.146,0.0027362500,false,true
call-000448,arm12_cth,dev/f2/s2200000/unreliable,33,grok-4.20-0309-non-reasoning,sha256:4a58b2d61b0869c00656b9e55a8aa549d2bc4eb922f9cb62008b8822e9c6fb7f,det-v1,1,accepted,2089,50,988.146,0.0027362500,false,false
call-000449,arm12b_cth_llm,dev/f2/s2200000/unreliable,24,grok-4.20-0309-non-reasoning,sha256:b8467a24f5d0f52c4bc599affec29aae7af4eb58848a7debfe524f9ef8c0b59a,det-v1,1,accepted,1747,50,0.001,0.0023087500,true,false
call-000450,arm12b_cth_llm,dev/f2/s2200000/unreliable,33,grok-4.20-0309-non-reasoning,sha256:8f35e99eea3dc4eceee92aebc52e4ccd0de73234b1046533ea65fb751574d6c4,det-v1,1,accepted,2089,50,0.001,0.0027362500,true,false
call-000451,arm8_spec_immediate,cal/f2/s2200001/no_alert,30,grok-4.20-0309-non-reasoning,sha256:da21c09741578a8acdb862d7545343737cf387e1c2f8d87ab3594503df246640,det-v1,1,,1975,50,849.237,0.0025937500,false,true
call-000452,arm8_spec_immediate,cal/f2/s2200001/no_alert,30,grok-4.20-0309-non-reasoning,sha256:da21c09741578a8acdb862d7545343737cf387e1c2f8d87ab3594503df246640,det-v1,1,accepted,1975,50,849.237,0.0025937500,false,false
call-000453,arm10_spec_eprocess,cal/f2/s2200001/no_alert,30,grok-4.20-0309-non-reasoning,sha256:da21c09741578a8acdb862d7545343737cf387e1c2f8d87ab3594503df246640,det-v1,1,accepted,1975,50,0.001,0.0025937500,true,false
call-000454,arm12_cth,cal/f2/s2200001/no_alert,30,grok-4.20-0309-non-reasoning,sha256:da21c09741578a8acdb862d7545343737cf387e1c2f8d87ab3594503df246640,det-v1,1,accepted,1975,50,0.001,0.0025937500,true,false
call-000455,arm12b_cth_llm,cal/f2/s2200001/no_alert,30,grok-4.20-0309-non-reasoning,sha256:da21c09741578a8acdb862d7545343737cf387e1c2f8d87ab3594503df246640,det-v1,1,accepted,1975,50,0.002,0.0025937500,true,false
call-000456,arm8_spec_immediate,cal/f2/s2200001/early_accurate,30,grok-4.20-0309-non-reasoning,sha256:0ebf4ffe8aa22ef204ae5b70e52bc214eea455ed67d811128759caaa03600ebd,det-v1,1,,1975,50,827.680,0.0025937500,false,true
call-000457,arm8_spec_immediate,cal/f2/s2200001/early_accurate,30,grok-4.20-0309-non-reasoning,sha256:0ebf4ffe8aa22ef204ae5b70e52bc214eea455ed67d811128759caaa03600ebd,det-v1,1,accepted,1975,50,827.680,0.0025937500,false,false
call-000458,arm10_spec_eprocess,cal/f2/s2200001/early_accurate,30,grok-4.20-0309-non-reasoning,sha256:0ebf4ffe8aa22ef204ae5b70e52bc214eea455ed67d811128759caaa03600ebd,det-v1,1,accepted,1975,50,0.001,0.0025937500,true,false
call-000459,arm12_cth,cal/f2/s2200001/early_accurate,30,grok-4.20-0309-non-reasoning,sha256:0ebf4ffe8aa22ef204ae5b70e52bc214eea455ed67d811128759caaa03600ebd,det-v1,1,accepted,1975,50,0.001,0.0025937500,true,false
call-000460,arm12b_cth_llm,cal/f2/s2200001/early_accurate,30,grok-4.20-0309-non-reasoning,sha256:0ebf4ffe8aa22ef204ae5b70e52bc214eea455ed67d811128759caaa03600ebd,det-v1,1,accepted,1975,50,0.002,0.0025937500,true,false
call-000461,arm8_spec_immediate,cal/f2/s2200001/late_accurate,30,grok-4.20-0309-non-reasoning,sha256:3c1871800fc3cae277d71ebb4bda1ea8da8c49d414fc52f442039290009b139c,det-v1,1,,1975,50,943.458,0.0025937500,false,true
call-000462,arm8_spec_immediate,cal/f2/s2200001/late_accurate,30,grok-4.20-0309-non-reasoning,sha256:3c1871800fc3cae277d71ebb4bda1ea8da8c49d414fc52f442039290009b139c,det-v1,1,accepted,1975,50,943.458,0.0025937500,false,false
call-000463,arm10_spec_eprocess,cal/f2/s2200001/late_accurate,30,grok-4.20-0309-non-reasoning,sha256:3c1871800fc3cae277d71ebb4bda1ea8da8c49d414fc52f442039290009b139c,det-v1,1,accepted,1975,50,0.002,0.0025937500,true,false
call-000464,arm12_cth,cal/f2/s2200001/late_accurate,30,grok-4.20-0309-non-reasoning,sha256:3c1871800fc3cae277d71ebb4bda1ea8da8c49d414fc52f442039290009b139c,det-v1,1,accepted,1975,50,0.002,0.0025937500,true,false
call-000465,arm12b_cth_llm,cal/f2/s2200001/late_accurate,30,grok-4.20-0309-non-reasoning,sha256:3c1871800fc3cae277d71ebb4bda1ea8da8c49d414fc52f442039290009b139c,det-v1,1,accepted,1975,50,0.002,0.0025937500,true,false
call-000466,arm8_spec_immediate,cal/f2/s2200001/unreliable,30,grok-4.20-0309-non-reasoning,sha256:1c8f085954857106037b26d8f2649338c50cd9d3e6db0a545b3b9e679b83f677,det-v1,1,,1975,50,941.603,0.0025937500,false,true
call-000467,arm8_spec_immediate,cal/f2/s2200001/unreliable,30,grok-4.20-0309-non-reasoning,sha256:1c8f085954857106037b26d8f2649338c50cd9d3e6db0a545b3b9e679b83f677,det-v1,1,accepted,1975,50,941.603,0.0025937500,false,false
call-000468,arm10_spec_eprocess,cal/f2/s2200001/unreliable,30,grok-4.20-0309-non-reasoning,sha256:1c8f085954857106037b26d8f2649338c50cd9d3e6db0a545b3b9e679b83f677,det-v1,1,accepted,1975,50,0.002,0.0025937500,true,false
call-000469,arm12_cth,cal/f2/s2200001/unreliable,30,grok-4.20-0309-non-reasoning,sha256:1c8f085954857106037b26d8f2649338c50cd9d3e6db0a545b3b9e679b83f677,det-v1,1,accepted,1975,50,0.002,0.0025937500,true,false
call-000470,arm12b_cth_llm,cal/f2/s2200001/unreliable,30,grok-4.20-0309-non-reasoning,sha256:1c8f085954857106037b26d8f2649338c50cd9d3e6db0a545b3b9e679b83f677,det-v1,1,accepted,1975,50,0.002,0.0025937500,true,false
call-000471,arm8_spec_immediate,cal/f2/s2200001/no_alert__twin,10,grok-4.20-0309-non-reasoning,sha256:daa30be9babd3ad0926671ddb7a01b06d7c38782164fe138b1a6aea92079a86d,det-v1,1,,1256,106,1368.442,0.0018350000,false,true
call-000472,arm8_spec_immediate,cal/f2/s2200001/no_alert__twin,10,grok-4.20-0309-non-reasoning,sha256:daa30be9babd3ad0926671ddb7a01b06d7c38782164fe138b1a6aea92079a86d,det-v1,1,accepted,1256,106,1368.442,0.0018350000,false,false
call-000473,arm8_spec_immediate,cal/f2/s2200001/no_alert__twin,48,grok-4.20-0309-non-reasoning,sha256:18bede6cc6e5d915e0cdc61e279f6f671635ada7682882267eace618464f4fbf,det-v1,1,,2700,83,1135.377,0.0035825000,false,true
call-000474,arm8_spec_immediate,cal/f2/s2200001/no_alert__twin,48,grok-4.20-0309-non-reasoning,sha256:18bede6cc6e5d915e0cdc61e279f6f671635ada7682882267eace618464f4fbf,det-v1,1,accepted,2700,83,1135.377,0.0035825000,false,false
call-000475,arm10_spec_eprocess,cal/f2/s2200001/no_alert__twin,10,grok-4.20-0309-non-reasoning,sha256:daa30be9babd3ad0926671ddb7a01b06d7c38782164fe138b1a6aea92079a86d,det-v1,1,accepted,1256,106,0.002,0.0018350000,true,false
call-000476,arm10_spec_eprocess,cal/f2/s2200001/no_alert__twin,48,grok-4.20-0309-non-reasoning,sha256:6b0d5b28bbc61eefaf1eaf749a6c88ba8f649ad0489dc79c0d452f8fe9165c92,det-v1,1,,2700,87,1283.136,0.0035925000,false,true
call-000477,arm10_spec_eprocess,cal/f2/s2200001/no_alert__twin,48,grok-4.20-0309-non-reasoning,sha256:6b0d5b28bbc61eefaf1eaf749a6c88ba8f649ad0489dc79c0d452f8fe9165c92,det-v1,1,accepted,2700,87,1283.136,0.0035925000,false,false
call-000478,arm12_cth,cal/f2/s2200001/no_alert__twin,10,grok-4.20-0309-non-reasoning,sha256:daa30be9babd3ad0926671ddb7a01b06d7c38782164fe138b1a6aea92079a86d,det-v1,1,accepted,1256,106,0.001,0.0018350000,true,false
call-000479,arm12_cth,cal/f2/s2200001/no_alert__twin,48,grok-4.20-0309-non-reasoning,sha256:f752cf512dc20b9128a09e6ac6acd82d8b79d33d987d1a71a0a2328668aa4935,det-v1,1,,2700,87,2438.509,0.0035925000,false,true
call-000480,arm12_cth,cal/f2/s2200001/no_alert__twin,48,grok-4.20-0309-non-reasoning,sha256:f752cf512dc20b9128a09e6ac6acd82d8b79d33d987d1a71a0a2328668aa4935,det-v1,1,accepted,2700,87,2438.509,0.0035925000,false,false
call-000481,arm12b_cth_llm,cal/f2/s2200001/no_alert__twin,10,grok-4.20-0309-non-reasoning,sha256:daa30be9babd3ad0926671ddb7a01b06d7c38782164fe138b1a6aea92079a86d,det-v1,1,accepted,1256,106,0.002,0.0018350000,true,false
call-000482,arm12b_cth_llm,cal/f2/s2200001/no_alert__twin,48,grok-4.20-0309-non-reasoning,sha256:4e581972708b082d0705e71eb0ccdd7e2263ff77ff9924d91b0f26d867097f90,det-v1,1,,2700,95,1310.883,0.0036125000,false,true
call-000483,arm12b_cth_llm,cal/f2/s2200001/no_alert__twin,48,grok-4.20-0309-non-reasoning,sha256:4e581972708b082d0705e71eb0ccdd7e2263ff77ff9924d91b0f26d867097f90,det-v1,1,accepted,2700,95,1310.883,0.0036125000,false,false
call-000484,arm8_spec_immediate,dev/f2/s2200002/no_alert,25,grok-4.20-0309-non-reasoning,sha256:d097b2f57b25dddd0186d092b9d9f06237dde5febdb5f16483022518578373db,det-v1,1,,1785,50,903.433,0.0023562500,false,true
call-000485,arm8_spec_immediate,dev/f2/s2200002/no_alert,25,grok-4.20-0309-non-reasoning,sha256:d097b2f57b25dddd0186d092b9d9f06237dde5febdb5f16483022518578373db,det-v1,1,accepted,1785,50,903.433,0.0023562500,false,false
call-000486,arm8_spec_immediate,dev/f2/s2200002/no_alert,42,grok-4.20-0309-non-reasoning,sha256:1e3c78202b14ac5d131aaca5014ab6f9831185174b72b10daf67b3d771febf38,det-v1,1,,2431,50,987.999,0.0031637500,false,true
call-000487,arm8_spec_immediate,dev/f2/s2200002/no_alert,42,grok-4.20-0309-non-reasoning,sha256:1e3c78202b14ac5d131aaca5014ab6f9831185174b72b10daf67b3d771febf38,det-v1,1,accepted,2431,50,987.999,0.0031637500,false,false
call-000488,arm10_spec_eprocess,dev/f2/s2200002/no_alert,25,grok-4.20-0309-non-reasoning,sha256:d097b2f57b25dddd0186d092b9d9f06237dde5febdb5f16483022518578373db,det-v1,1,accepted,1785,50,0.001,0.0023562500,true,false
call-000489,arm10_spec_eprocess,dev/f2/s2200002/no_alert,42,grok-4.20-0309-non-reasoning,sha256:1e3c78202b14ac5d131aaca5014ab6f9831185174b72b10daf67b3d771febf38,det-v1,1,accepted,2431,50,0.001,0.0031637500,true,false
call-000490,arm12_cth,dev/f2/s2200002/no_alert,25,grok-4.20-0309-non-reasoning,sha256:d097b2f57b25dddd0186d092b9d9f06237dde5febdb5f16483022518578373db,det-v1,1,accepted,1785,50,0.001,0.0023562500,true,false
call-000491,arm12_cth,dev/f2/s2200002/no_alert,42,grok-4.20-0309-non-reasoning,sha256:589943ca48404410f31c5bc56002effdd84e98b96d6559ce714db08f4581f209,det-v1,1,,2431,50,961.979,0.0031637500,false,true
call-000492,arm12_cth,dev/f2/s2200002/no_alert,42,grok-4.20-0309-non-reasoning,sha256:589943ca48404410f31c5bc56002effdd84e98b96d6559ce714db08f4581f209,det-v1,1,accepted,2431,50,961.979,0.0031637500,false,false
call-000493,arm12b_cth_llm,dev/f2/s2200002/no_alert,25,grok-4.20-0309-non-reasoning,sha256:d097b2f57b25dddd0186d092b9d9f06237dde5febdb5f16483022518578373db,det-v1,1,accepted,1785,50,0.002,0.0023562500,true,false
call-000494,arm12b_cth_llm,dev/f2/s2200002/no_alert,42,grok-4.20-0309-non-reasoning,sha256:1e3c78202b14ac5d131aaca5014ab6f9831185174b72b10daf67b3d771febf38,det-v1,1,accepted,2431,50,0.001,0.0031637500,true,false
call-000495,arm8_spec_immediate,dev/f2/s2200002/early_accurate,25,grok-4.20-0309-non-reasoning,sha256:30bb5b5f39ba4633e81e77f346f8e7b3e7199bf227cf44a1fcde99971ecd9d10,det-v1,1,,1785,50,899.107,0.0023562500,false,true
call-000496,arm8_spec_immediate,dev/f2/s2200002/early_accurate,25,grok-4.20-0309-non-reasoning,sha256:30bb5b5f39ba4633e81e77f346f8e7b3e7199bf227cf44a1fcde99971ecd9d10,det-v1,1,accepted,1785,50,899.107,0.0023562500,false,false
call-000497,arm8_spec_immediate,dev/f2/s2200002/early_accurate,42,grok-4.20-0309-non-reasoning,sha256:c69a994d18d9a0f13b9e003c7450a704378c24426f53dafe825b0abbbf6e1f50,det-v1,1,,2431,50,1052.845,0.0031637500,false,true
call-000498,arm8_spec_immediate,dev/f2/s2200002/early_accurate,42,grok-4.20-0309-non-reasoning,sha256:c69a994d18d9a0f13b9e003c7450a704378c24426f53dafe825b0abbbf6e1f50,det-v1,1,accepted,2431,50,1052.845,0.0031637500,false,false
call-000499,arm10_spec_eprocess,dev/f2/s2200002/early_accurate,25,grok-4.20-0309-non-reasoning,sha256:30bb5b5f39ba4633e81e77f346f8e7b3e7199bf227cf44a1fcde99971ecd9d10,det-v1,1,accepted,1785,50,0.002,0.0023562500,true,false
call-000500,arm10_spec_eprocess,dev/f2/s2200002/early_accurate,42,grok-4.20-0309-non-reasoning,sha256:c69a994d18d9a0f13b9e003c7450a704378c24426f53dafe825b0abbbf6e1f50,det-v1,1,accepted,2431,50,0.001,0.0031637500,true,false
call-000501,arm12_cth,dev/f2/s2200002/early_accurate,25,grok-4.20-0309-non-reasoning,sha256:30bb5b5f39ba4633e81e77f346f8e7b3e7199bf227cf44a1fcde99971ecd9d10,det-v1,1,accepted,1785,50,0.002,0.0023562500,true,false
call-000502,arm12_cth,dev/f2/s2200002/early_accurate,42,grok-4.20-0309-non-reasoning,sha256:01b4d97296cfada57197de164768f844017548ca792d4234f7d2b1c0016bc98e,det-v1,1,,2431,50,857.161,0.0031637500,false,true
call-000503,arm12_cth,dev/f2/s2200002/early_accurate,42,grok-4.20-0309-non-reasoning,sha256:01b4d97296cfada57197de164768f844017548ca792d4234f7d2b1c0016bc98e,det-v1,1,accepted,2431,50,857.161,0.0031637500,false,false
call-000504,arm12b_cth_llm,dev/f2/s2200002/early_accurate,25,grok-4.20-0309-non-reasoning,sha256:30bb5b5f39ba4633e81e77f346f8e7b3e7199bf227cf44a1fcde99971ecd9d10,det-v1,1,accepted,1785,50,0.002,0.0023562500,true,false
call-000505,arm12b_cth_llm,dev/f2/s2200002/early_accurate,42,grok-4.20-0309-non-reasoning,sha256:c69a994d18d9a0f13b9e003c7450a704378c24426f53dafe825b0abbbf6e1f50,det-v1,1,accepted,2431,50,0.001,0.0031637500,true,false
call-000506,arm8_spec_immediate,dev/f2/s2200002/late_accurate,25,grok-4.20-0309-non-reasoning,sha256:989ea481640a6662073b612138433d7d88fe71569cf4723ea5d79ed83b36424e,det-v1,1,,1785,50,1062.799,0.0023562500,false,true
call-000507,arm8_spec_immediate,dev/f2/s2200002/late_accurate,25,grok-4.20-0309-non-reasoning,sha256:989ea481640a6662073b612138433d7d88fe71569cf4723ea5d79ed83b36424e,det-v1,1,accepted,1785,50,1062.799,0.0023562500,false,false
call-000508,arm8_spec_immediate,dev/f2/s2200002/late_accurate,42,grok-4.20-0309-non-reasoning,sha256:31290ef4f569987ed5f42142e9be056da33dc4a5337964e229f3ae9065e816b1,det-v1,1,,2431,76,1132.159,0.0032287500,false,true
call-000509,arm8_spec_immediate,dev/f2/s2200002/late_accurate,42,grok-4.20-0309-non-reasoning,sha256:31290ef4f569987ed5f42142e9be056da33dc4a5337964e229f3ae9065e816b1,det-v1,1,accepted,2431,76,1132.159,0.0032287500,false,false
call-000510,arm10_spec_eprocess,dev/f2/s2200002/late_accurate,25,grok-4.20-0309-non-reasoning,sha256:989ea481640a6662073b612138433d7d88fe71569cf4723ea5d79ed83b36424e,det-v1,1,accepted,1785,50,0.002,0.0023562500,true,false
call-000511,arm10_spec_eprocess,dev/f2/s2200002/late_accurate,42,grok-4.20-0309-non-reasoning,sha256:31290ef4f569987ed5f42142e9be056da33dc4a5337964e229f3ae9065e816b1,det-v1,1,accepted,2431,76,0.001,0.0032287500,true,false
call-000512,arm12_cth,dev/f2/s2200002/late_accurate,25,grok-4.20-0309-non-reasoning,sha256:989ea481640a6662073b612138433d7d88fe71569cf4723ea5d79ed83b36424e,det-v1,1,accepted,1785,50,0.001,0.0023562500,true,false
call-000513,arm12_cth,dev/f2/s2200002/late_accurate,42,grok-4.20-0309-non-reasoning,sha256:202a9e4a91e14f0a4ac8659b0a141c524c99d69945f1751eb076b4c3c1abd71e,det-v1,1,,2431,50,848.390,0.0031637500,false,true
call-000514,arm12_cth,dev/f2/s2200002/late_accurate,42,grok-4.20-0309-non-reasoning,sha256:202a9e4a91e14f0a4ac8659b0a141c524c99d69945f1751eb076b4c3c1abd71e,det-v1,1,accepted,2431,50,848.390,0.0031637500,false,false
call-000515,arm12b_cth_llm,dev/f2/s2200002/late_accurate,25,grok-4.20-0309-non-reasoning,sha256:989ea481640a6662073b612138433d7d88fe71569cf4723ea5d79ed83b36424e,det-v1,1,accepted,1785,50,0.002,0.0023562500,true,false
call-000516,arm12b_cth_llm,dev/f2/s2200002/late_accurate,42,grok-4.20-0309-non-reasoning,sha256:31290ef4f569987ed5f42142e9be056da33dc4a5337964e229f3ae9065e816b1,det-v1,1,accepted,2431,76,0.001,0.0032287500,true,false
call-000517,arm8_spec_immediate,dev/f2/s2200002/unreliable,25,grok-4.20-0309-non-reasoning,sha256:b8f5e0e74fb4150a7c0739f5749d7a9096ecd7dc6904800f1f8a0c0a83c9983f,det-v1,1,,1785,50,1029.417,0.0023562500,false,true
call-000518,arm8_spec_immediate,dev/f2/s2200002/unreliable,25,grok-4.20-0309-non-reasoning,sha256:b8f5e0e74fb4150a7c0739f5749d7a9096ecd7dc6904800f1f8a0c0a83c9983f,det-v1,1,accepted,1785,50,1029.417,0.0023562500,false,false
call-000519,arm8_spec_immediate,dev/f2/s2200002/unreliable,42,grok-4.20-0309-non-reasoning,sha256:fc57d2b6066c0be370da6ed61ef30ef346fe2be2eea7ca47243e8ef5d9d03b90,det-v1,1,,2431,50,1011.702,0.0031637500,false,true
call-000520,arm8_spec_immediate,dev/f2/s2200002/unreliable,42,grok-4.20-0309-non-reasoning,sha256:fc57d2b6066c0be370da6ed61ef30ef346fe2be2eea7ca47243e8ef5d9d03b90,det-v1,1,accepted,2431,50,1011.702,0.0031637500,false,false
call-000521,arm10_spec_eprocess,dev/f2/s2200002/unreliable,25,grok-4.20-0309-non-reasoning,sha256:b8f5e0e74fb4150a7c0739f5749d7a9096ecd7dc6904800f1f8a0c0a83c9983f,det-v1,1,accepted,1785,50,0.002,0.0023562500,true,false
call-000522,arm10_spec_eprocess,dev/f2/s2200002/unreliable,42,grok-4.20-0309-non-reasoning,sha256:fc57d2b6066c0be370da6ed61ef30ef346fe2be2eea7ca47243e8ef5d9d03b90,det-v1,1,accepted,2431,50,0.001,0.0031637500,true,false
call-000523,arm12_cth,dev/f2/s2200002/unreliable,25,grok-4.20-0309-non-reasoning,sha256:b8f5e0e74fb4150a7c0739f5749d7a9096ecd7dc6904800f1f8a0c0a83c9983f,det-v1,1,accepted,1785,50,0.001,0.0023562500,true,false
call-000524,arm12_cth,dev/f2/s2200002/unreliable,42,grok-4.20-0309-non-reasoning,sha256:20ea679b6cb533d61fd1d9a35feb7b2d90b0219e5d3d0e86198263b2d43ebe02,det-v1,1,,2431,50,1196.815,0.0031637500,false,true
call-000525,arm12_cth,dev/f2/s2200002/unreliable,42,grok-4.20-0309-non-reasoning,sha256:20ea679b6cb533d61fd1d9a35feb7b2d90b0219e5d3d0e86198263b2d43ebe02,det-v1,1,accepted,2431,50,1196.815,0.0031637500,false,false
call-000526,arm12b_cth_llm,dev/f2/s2200002/unreliable,25,grok-4.20-0309-non-reasoning,sha256:b8f5e0e74fb4150a7c0739f5749d7a9096ecd7dc6904800f1f8a0c0a83c9983f,det-v1,1,accepted,1785,50,0.002,0.0023562500,true,false
call-000527,arm12b_cth_llm,dev/f2/s2200002/unreliable,42,grok-4.20-0309-non-reasoning,sha256:fc57d2b6066c0be370da6ed61ef30ef346fe2be2eea7ca47243e8ef5d9d03b90,det-v1,1,accepted,2431,50,0.002,0.0031637500,true,false
call-000528,arm8_spec_immediate,dev/f2/s2200002/no_alert__twin,10,grok-4.20-0309-non-reasoning,sha256:d643b94422882af4c7b07c0f26cb413ea9600ef98d0803ede5f43b4b508bd44a,det-v1,1,,1253,94,1226.604,0.0018012500,false,true
call-000529,arm8_spec_immediate,dev/f2/s2200002/no_alert__twin,10,grok-4.20-0309-non-reasoning,sha256:d643b94422882af4c7b07c0f26cb413ea9600ef98d0803ede5f43b4b508bd44a,det-v1,1,accepted,1253,94,1226.604,0.0018012500,false,false
call-000530,arm10_spec_eprocess,dev/f2/s2200002/no_alert__twin,10,grok-4.20-0309-non-reasoning,sha256:d643b94422882af4c7b07c0f26cb413ea9600ef98d0803ede5f43b4b508bd44a,det-v1,1,accepted,1253,94,0.002,0.0018012500,true,false
call-000531,arm12_cth,dev/f2/s2200002/no_alert__twin,10,grok-4.20-0309-non-reasoning,sha256:d643b94422882af4c7b07c0f26cb413ea9600ef98d0803ede5f43b4b508bd44a,det-v1,1,accepted,1253,94,0.002,0.0018012500,true,false
call-000532,arm12b_cth_llm,dev/f2/s2200002/no_alert__twin,10,grok-4.20-0309-non-reasoning,sha256:d643b94422882af4c7b07c0f26cb413ea9600ef98d0803ede5f43b4b508bd44a,det-v1,1,accepted,1253,94,0.002,0.0018012500,true,false
call-000533,arm8_spec_immediate,cal/f2/s2200003/no_alert,26,grok-4.20-0309-non-reasoning,sha256:879a973d9bccc64a876048df8829ad6efb00b284447320a6ab7dca83f2cf6dd8,det-v1,1,,1823,50,937.979,0.0024037500,false,true
call-000534,arm8_spec_immediate,cal/f2/s2200003/no_alert,26,grok-4.20-0309-non-reasoning,sha256:879a973d9bccc64a876048df8829ad6efb00b284447320a6ab7dca83f2cf6dd8,det-v1,1,accepted,1823,50,937.979,0.0024037500,false,false
call-000535,arm8_spec_immediate,cal/f2/s2200003/no_alert,38,grok-4.20-0309-non-reasoning,sha256:1bf102be13dd9a9825c2dd91676f91bf8e08657c2ff8c727608fce9598682e5a,det-v1,1,,2279,50,856.461,0.0029737500,false,true
call-000536,arm8_spec_immediate,cal/f2/s2200003/no_alert,38,grok-4.20-0309-non-reasoning,sha256:1bf102be13dd9a9825c2dd91676f91bf8e08657c2ff8c727608fce9598682e5a,det-v1,1,accepted,2279,50,856.461,0.0029737500,false,false
call-000537,arm10_spec_eprocess,cal/f2/s2200003/no_alert,26,grok-4.20-0309-non-reasoning,sha256:879a973d9bccc64a876048df8829ad6efb00b284447320a6ab7dca83f2cf6dd8,det-v1,1,accepted,1823,50,0.001,0.0024037500,true,false
call-000538,arm10_spec_eprocess,cal/f2/s2200003/no_alert,38,grok-4.20-0309-non-reasoning,sha256:1bf102be13dd9a9825c2dd91676f91bf8e08657c2ff8c727608fce9598682e5a,det-v1,1,accepted,2279,50,0.001,0.0029737500,true,false
call-000539,arm12_cth,cal/f2/s2200003/no_alert,26,grok-4.20-0309-non-reasoning,sha256:879a973d9bccc64a876048df8829ad6efb00b284447320a6ab7dca83f2cf6dd8,det-v1,1,accepted,1823,50,0.002,0.0024037500,true,false
call-000540,arm12_cth,cal/f2/s2200003/no_alert,38,grok-4.20-0309-non-reasoning,sha256:1a1f38ca9330b1d7940798f718c40a412df25db292970e5faa0349280b260baa,det-v1,1,,2279,50,916.540,0.0029737500,false,true
call-000541,arm12_cth,cal/f2/s2200003/no_alert,38,grok-4.20-0309-non-reasoning,sha256:1a1f38ca9330b1d7940798f718c40a412df25db292970e5faa0349280b260baa,det-v1,1,accepted,2279,50,916.540,0.0029737500,false,false
call-000542,arm12b_cth_llm,cal/f2/s2200003/no_alert,26,grok-4.20-0309-non-reasoning,sha256:879a973d9bccc64a876048df8829ad6efb00b284447320a6ab7dca83f2cf6dd8,det-v1,1,accepted,1823,50,0.002,0.0024037500,true,false
call-000543,arm12b_cth_llm,cal/f2/s2200003/no_alert,38,grok-4.20-0309-non-reasoning,sha256:1bf102be13dd9a9825c2dd91676f91bf8e08657c2ff8c727608fce9598682e5a,det-v1,1,accepted,2279,50,0.001,0.0029737500,true,false
call-000544,arm8_spec_immediate,cal/f2/s2200003/early_accurate,26,grok-4.20-0309-non-reasoning,sha256:01eda556500d92595425273f7fb3815f9e2d95732cf0dc2628c412f003ff5b90,det-v1,1,,1823,50,918.126,0.0024037500,false,true
call-000545,arm8_spec_immediate,cal/f2/s2200003/early_accurate,26,grok-4.20-0309-non-reasoning,sha256:01eda556500d92595425273f7fb3815f9e2d95732cf0dc2628c412f003ff5b90,det-v1,1,accepted,1823,50,918.126,0.0024037500,false,false
call-000546,arm8_spec_immediate,cal/f2/s2200003/early_accurate,38,grok-4.20-0309-non-reasoning,sha256:663a82685c0499dcea9ea787dc278e4a4c5e43850188eb3afc9c32dcc80ea7db,det-v1,1,,2279,50,1042.392,0.0029737500,false,true
call-000547,arm8_spec_immediate,cal/f2/s2200003/early_accurate,38,grok-4.20-0309-non-reasoning,sha256:663a82685c0499dcea9ea787dc278e4a4c5e43850188eb3afc9c32dcc80ea7db,det-v1,1,accepted,2279,50,1042.392,0.0029737500,false,false
call-000548,arm10_spec_eprocess,cal/f2/s2200003/early_accurate,26,grok-4.20-0309-non-reasoning,sha256:01eda556500d92595425273f7fb3815f9e2d95732cf0dc2628c412f003ff5b90,det-v1,1,accepted,1823,50,0.001,0.0024037500,true,false
call-000549,arm10_spec_eprocess,cal/f2/s2200003/early_accurate,38,grok-4.20-0309-non-reasoning,sha256:663a82685c0499dcea9ea787dc278e4a4c5e43850188eb3afc9c32dcc80ea7db,det-v1,1,accepted,2279,50,0.001,0.0029737500,true,false
call-000550,arm12_cth,cal/f2/s2200003/early_accurate,26,grok-4.20-0309-non-reasoning,sha256:01eda556500d92595425273f7fb3815f9e2d95732cf0dc2628c412f003ff5b90,det-v1,1,accepted,1823,50,0.001,0.0024037500,true,false
call-000551,arm12_cth,cal/f2/s2200003/early_accurate,38,grok-4.20-0309-non-reasoning,sha256:8cec10a4d007b5ab00e6637f190434309f8dc68d95b529037c98e152c6e9feca,det-v1,1,,2279,50,914.994,0.0029737500,false,true
call-000552,arm12_cth,cal/f2/s2200003/early_accurate,38,grok-4.20-0309-non-reasoning,sha256:8cec10a4d007b5ab00e6637f190434309f8dc68d95b529037c98e152c6e9feca,det-v1,1,accepted,2279,50,914.994,0.0029737500,false,false
call-000553,arm12b_cth_llm,cal/f2/s2200003/early_accurate,26,grok-4.20-0309-non-reasoning,sha256:01eda556500d92595425273f7fb3815f9e2d95732cf0dc2628c412f003ff5b90,det-v1,1,accepted,1823,50,0.002,0.0024037500,true,false
call-000554,arm12b_cth_llm,cal/f2/s2200003/early_accurate,38,grok-4.20-0309-non-reasoning,sha256:663a82685c0499dcea9ea787dc278e4a4c5e43850188eb3afc9c32dcc80ea7db,det-v1,1,accepted,2279,50,0.001,0.0029737500,true,false
call-000555,arm8_spec_immediate,cal/f2/s2200003/late_accurate,26,grok-4.20-0309-non-reasoning,sha256:017e35e2eeecc7d1ade6ce38db63ec96b3e22259442bf8e308ab3e6db2b6db11,det-v1,1,,1823,50,861.984,0.0024037500,false,true
call-000556,arm8_spec_immediate,cal/f2/s2200003/late_accurate,26,grok-4.20-0309-non-reasoning,sha256:017e35e2eeecc7d1ade6ce38db63ec96b3e22259442bf8e308ab3e6db2b6db11,det-v1,1,accepted,1823,50,861.984,0.0024037500,false,false
call-000557,arm8_spec_immediate,cal/f2/s2200003/late_accurate,38,grok-4.20-0309-non-reasoning,sha256:e4cc0c0fbf7f2dffc0d7e395e4d37f35fa8481a292f9661dbce23e0d02a852bd,det-v1,1,,2279,50,1008.823,0.0029737500,false,true
call-000558,arm8_spec_immediate,cal/f2/s2200003/late_accurate,38,grok-4.20-0309-non-reasoning,sha256:e4cc0c0fbf7f2dffc0d7e395e4d37f35fa8481a292f9661dbce23e0d02a852bd,det-v1,1,accepted,2279,50,1008.823,0.0029737500,false,false
call-000559,arm10_spec_eprocess,cal/f2/s2200003/late_accurate,26,grok-4.20-0309-non-reasoning,sha256:017e35e2eeecc7d1ade6ce38db63ec96b3e22259442bf8e308ab3e6db2b6db11,det-v1,1,accepted,1823,50,0.002,0.0024037500,true,false
call-000560,arm10_spec_eprocess,cal/f2/s2200003/late_accurate,38,grok-4.20-0309-non-reasoning,sha256:e4cc0c0fbf7f2dffc0d7e395e4d37f35fa8481a292f9661dbce23e0d02a852bd,det-v1,1,accepted,2279,50,0.001,0.0029737500,true,false
call-000561,arm12_cth,cal/f2/s2200003/late_accurate,26,grok-4.20-0309-non-reasoning,sha256:017e35e2eeecc7d1ade6ce38db63ec96b3e22259442bf8e308ab3e6db2b6db11,det-v1,1,accepted,1823,50,0.002,0.0024037500,true,false
call-000562,arm12_cth,cal/f2/s2200003/late_accurate,38,grok-4.20-0309-non-reasoning,sha256:aae5111926f2c345854424be35049c7c66474ec8ca6c8f5f47734d0418b93280,det-v1,1,,2279,50,940.027,0.0029737500,false,true
call-000563,arm12_cth,cal/f2/s2200003/late_accurate,38,grok-4.20-0309-non-reasoning,sha256:aae5111926f2c345854424be35049c7c66474ec8ca6c8f5f47734d0418b93280,det-v1,1,accepted,2279,50,940.027,0.0029737500,false,false
call-000564,arm12b_cth_llm,cal/f2/s2200003/late_accurate,26,grok-4.20-0309-non-reasoning,sha256:017e35e2eeecc7d1ade6ce38db63ec96b3e22259442bf8e308ab3e6db2b6db11,det-v1,1,accepted,1823,50,0.002,0.0024037500,true,false
call-000565,arm12b_cth_llm,cal/f2/s2200003/late_accurate,38,grok-4.20-0309-non-reasoning,sha256:e4cc0c0fbf7f2dffc0d7e395e4d37f35fa8481a292f9661dbce23e0d02a852bd,det-v1,1,accepted,2279,50,0.001,0.0029737500,true,false
call-000566,arm8_spec_immediate,cal/f2/s2200003/unreliable,26,grok-4.20-0309-non-reasoning,sha256:ce3f474d6adaa4b1fcad66c19a38892993f3a4abb1fb140c6d2400186f474b41,det-v1,1,,1823,50,965.571,0.0024037500,false,true
call-000567,arm8_spec_immediate,cal/f2/s2200003/unreliable,26,grok-4.20-0309-non-reasoning,sha256:ce3f474d6adaa4b1fcad66c19a38892993f3a4abb1fb140c6d2400186f474b41,det-v1,1,accepted,1823,50,965.571,0.0024037500,false,false
call-000568,arm8_spec_immediate,cal/f2/s2200003/unreliable,38,grok-4.20-0309-non-reasoning,sha256:a9dc7ef3c0af8657b7693b055cb8b5b810c3f3e017158261ce0b33b9c9a2ca35,det-v1,1,,2279,50,852.318,0.0029737500,false,true
call-000569,arm8_spec_immediate,cal/f2/s2200003/unreliable,38,grok-4.20-0309-non-reasoning,sha256:a9dc7ef3c0af8657b7693b055cb8b5b810c3f3e017158261ce0b33b9c9a2ca35,det-v1,1,accepted,2279,50,852.318,0.0029737500,false,false
call-000570,arm10_spec_eprocess,cal/f2/s2200003/unreliable,26,grok-4.20-0309-non-reasoning,sha256:ce3f474d6adaa4b1fcad66c19a38892993f3a4abb1fb140c6d2400186f474b41,det-v1,1,accepted,1823,50,0.002,0.0024037500,true,false
call-000571,arm10_spec_eprocess,cal/f2/s2200003/unreliable,38,grok-4.20-0309-non-reasoning,sha256:a9dc7ef3c0af8657b7693b055cb8b5b810c3f3e017158261ce0b33b9c9a2ca35,det-v1,1,accepted,2279,50,0.001,0.0029737500,true,false
call-000572,arm12_cth,cal/f2/s2200003/unreliable,26,grok-4.20-0309-non-reasoning,sha256:ce3f474d6adaa4b1fcad66c19a38892993f3a4abb1fb140c6d2400186f474b41,det-v1,1,accepted,1823,50,0.002,0.0024037500,true,false
call-000573,arm12_cth,cal/f2/s2200003/unreliable,38,grok-4.20-0309-non-reasoning,sha256:13dafc26f0c8fed8e60419a5d25c19a60fc59fea0c335b60600af4ab551f7f12,det-v1,1,,2279,50,1081.338,0.0029737500,false,true
call-000574,arm12_cth,cal/f2/s2200003/unreliable,38,grok-4.20-0309-non-reasoning,sha256:13dafc26f0c8fed8e60419a5d25c19a60fc59fea0c335b60600af4ab551f7f12,det-v1,1,accepted,2279,50,1081.338,0.0029737500,false,false
call-000575,arm12b_cth_llm,cal/f2/s2200003/unreliable,26,grok-4.20-0309-non-reasoning,sha256:ce3f474d6adaa4b1fcad66c19a38892993f3a4abb1fb140c6d2400186f474b41,det-v1,1,accepted,1823,50,0.002,0.0024037500,true,false
call-000576,arm12b_cth_llm,cal/f2/s2200003/unreliable,38,grok-4.20-0309-non-reasoning,sha256:a9dc7ef3c0af8657b7693b055cb8b5b810c3f3e017158261ce0b33b9c9a2ca35,det-v1,1,accepted,2279,50,0.001,0.0029737500,true,false
call-000577,arm8_spec_immediate,dev/f2/s2200004/no_alert,31,grok-4.20-0309-non-reasoning,sha256:0b3807fd6262d5d7d4462ff0164bb5fecc751a4b6fb77c2006ee0cb7004e9a73,det-v1,1,,2013,50,864.639,0.0026412500,false,true
call-000578,arm8_spec_immediate,dev/f2/s2200004/no_alert,31,grok-4.20-0309-non-reasoning,sha256:0b3807fd6262d5d7d4462ff0164bb5fecc751a4b6fb77c2006ee0cb7004e9a73,det-v1,1,accepted,2013,50,864.639,0.0026412500,false,false
call-000579,arm8_spec_immediate,dev/f2/s2200004/no_alert,38,grok-4.20-0309-non-reasoning,sha256:7f9a9fad3268bc0e08079d8b88adb2d2eddcdbdd3cb0ab512247bc8ba7c552f2,det-v1,1,,2279,50,821.632,0.0029737500,false,true
call-000580,arm8_spec_immediate,dev/f2/s2200004/no_alert,38,grok-4.20-0309-non-reasoning,sha256:7f9a9fad3268bc0e08079d8b88adb2d2eddcdbdd3cb0ab512247bc8ba7c552f2,det-v1,1,accepted,2279,50,821.632,0.0029737500,false,false
call-000581,arm10_spec_eprocess,dev/f2/s2200004/no_alert,31,grok-4.20-0309-non-reasoning,sha256:0b3807fd6262d5d7d4462ff0164bb5fecc751a4b6fb77c2006ee0cb7004e9a73,det-v1,1,accepted,2013,50,0.002,0.0026412500,true,false
call-000582,arm10_spec_eprocess,dev/f2/s2200004/no_alert,38,grok-4.20-0309-non-reasoning,sha256:7f9a9fad3268bc0e08079d8b88adb2d2eddcdbdd3cb0ab512247bc8ba7c552f2,det-v1,1,accepted,2279,50,0.001,0.0029737500,true,false
call-000583,arm12_cth,dev/f2/s2200004/no_alert,31,grok-4.20-0309-non-reasoning,sha256:0b3807fd6262d5d7d4462ff0164bb5fecc751a4b6fb77c2006ee0cb7004e9a73,det-v1,1,accepted,2013,50,0.002,0.0026412500,true,false
call-000584,arm12_cth,dev/f2/s2200004/no_alert,38,grok-4.20-0309-non-reasoning,sha256:17780f3177abcce8ff1279c2dbe5a7519578f8cce0e5e9be1580324100383dc5,det-v1,1,,2279,50,1544.068,0.0029737500,false,true
call-000585,arm12_cth,dev/f2/s2200004/no_alert,38,grok-4.20-0309-non-reasoning,sha256:17780f3177abcce8ff1279c2dbe5a7519578f8cce0e5e9be1580324100383dc5,det-v1,1,accepted,2279,50,1544.068,0.0029737500,false,false
call-000586,arm12b_cth_llm,dev/f2/s2200004/no_alert,31,grok-4.20-0309-non-reasoning,sha256:0b3807fd6262d5d7d4462ff0164bb5fecc751a4b6fb77c2006ee0cb7004e9a73,det-v1,1,accepted,2013,50,0.002,0.0026412500,true,false
call-000587,arm12b_cth_llm,dev/f2/s2200004/no_alert,38,grok-4.20-0309-non-reasoning,sha256:7f9a9fad3268bc0e08079d8b88adb2d2eddcdbdd3cb0ab512247bc8ba7c552f2,det-v1,1,accepted,2279,50,0.001,0.0029737500,true,false
call-000588,arm8_spec_immediate,dev/f2/s2200004/early_accurate,31,grok-4.20-0309-non-reasoning,sha256:b8bf8a82607b8d64ff31aab781ff6f11399305b6ec0d9523144607062aa7751d,det-v1,1,,2013,50,1643.184,0.0026412500,false,true
call-000589,arm8_spec_immediate,dev/f2/s2200004/early_accurate,31,grok-4.20-0309-non-reasoning,sha256:b8bf8a82607b8d64ff31aab781ff6f11399305b6ec0d9523144607062aa7751d,det-v1,1,accepted,2013,50,1643.184,0.0026412500,false,false
call-000590,arm8_spec_immediate,dev/f2/s2200004/early_accurate,38,grok-4.20-0309-non-reasoning,sha256:19e667aed1cde6f1cd11cfd5724702a69a0fd10f3ee985dcc9391d37a04bcc69,det-v1,1,,2279,50,825.462,0.0029737500,false,true
call-000591,arm8_spec_immediate,dev/f2/s2200004/early_accurate,38,grok-4.20-0309-non-reasoning,sha256:19e667aed1cde6f1cd11cfd5724702a69a0fd10f3ee985dcc9391d37a04bcc69,det-v1,1,accepted,2279,50,825.462,0.0029737500,false,false
call-000592,arm10_spec_eprocess,dev/f2/s2200004/early_accurate,31,grok-4.20-0309-non-reasoning,sha256:b8bf8a82607b8d64ff31aab781ff6f11399305b6ec0d9523144607062aa7751d,det-v1,1,accepted,2013,50,0.002,0.0026412500,true,false
call-000593,arm10_spec_eprocess,dev/f2/s2200004/early_accurate,38,grok-4.20-0309-non-reasoning,sha256:19e667aed1cde6f1cd11cfd5724702a69a0fd10f3ee985dcc9391d37a04bcc69,det-v1,1,accepted,2279,50,0.001,0.0029737500,true,false
call-000594,arm12_cth,dev/f2/s2200004/early_accurate,31,grok-4.20-0309-non-reasoning,sha256:b8bf8a82607b8d64ff31aab781ff6f11399305b6ec0d9523144607062aa7751d,det-v1,1,accepted,2013,50,0.002,0.0026412500,true,false
call-000595,arm12_cth,dev/f2/s2200004/early_accurate,38,grok-4.20-0309-non-reasoning,sha256:5b4514da09bdd679345b440320700bc91cab59682671c02db5bd51bbf03c7c0c,det-v1,1,,2279,50,804.842,0.0029737500,false,true
call-000596,arm12_cth,dev/f2/s2200004/early_accurate,38,grok-4.20-0309-non-reasoning,sha256:5b4514da09bdd679345b440320700bc91cab59682671c02db5bd51bbf03c7c0c,det-v1,1,accepted,2279,50,804.842,0.0029737500,false,false
call-000597,arm12b_cth_llm,dev/f2/s2200004/early_accurate,31,grok-4.20-0309-non-reasoning,sha256:b8bf8a82607b8d64ff31aab781ff6f11399305b6ec0d9523144607062aa7751d,det-v1,1,accepted,2013,50,0.002,0.0026412500,true,false
call-000598,arm12b_cth_llm,dev/f2/s2200004/early_accurate,38,grok-4.20-0309-non-reasoning,sha256:19e667aed1cde6f1cd11cfd5724702a69a0fd10f3ee985dcc9391d37a04bcc69,det-v1,1,accepted,2279,50,0.001,0.0029737500,true,false
call-000599,arm8_spec_immediate,dev/f2/s2200004/late_accurate,31,grok-4.20-0309-non-reasoning,sha256:2d0a1d9111fddb0b9ad4f6c5d9963cfb20434a5d4490adf68c1e52548e6a5880,det-v1,1,,2013,50,831.742,0.0026412500,false,true
call-000600,arm8_spec_immediate,dev/f2/s2200004/late_accurate,31,grok-4.20-0309-non-reasoning,sha256:2d0a1d9111fddb0b9ad4f6c5d9963cfb20434a5d4490adf68c1e52548e6a5880,det-v1,1,accepted,2013,50,831.742,0.0026412500,false,false
call-000601,arm8_spec_immediate,dev/f2/s2200004/late_accurate,38,grok-4.20-0309-non-reasoning,sha256:edb1b678814e3921bdcf6b9ff1771d5c7e87d8c5973cf08082f03efcdf7c507f,det-v1,1,,2279,50,847.035,0.0029737500,false,true
call-000602,arm8_spec_immediate,dev/f2/s2200004/late_accurate,38,grok-4.20-0309-non-reasoning,sha256:edb1b678814e3921bdcf6b9ff1771d5c7e87d8c5973cf08082f03efcdf7c507f,det-v1,1,accepted,2279,50,847.035,0.0029737500,false,false
call-000603,arm10_spec_eprocess,dev/f2/s2200004/late_accurate,31,grok-4.20-0309-non-reasoning,sha256:2d0a1d9111fddb0b9ad4f6c5d9963cfb20434a5d4490adf68c1e52548e6a5880,det-v1,1,accepted,2013,50,0.002,0.0026412500,true,false
call-000604,arm10_spec_eprocess,dev/f2/s2200004/late_accurate,38,grok-4.20-0309-non-reasoning,sha256:edb1b678814e3921bdcf6b9ff1771d5c7e87d8c5973cf08082f03efcdf7c507f,det-v1,1,accepted,2279,50,0.001,0.0029737500,true,false
call-000605,arm12_cth,dev/f2/s2200004/late_accurate,31,grok-4.20-0309-non-reasoning,sha256:2d0a1d9111fddb0b9ad4f6c5d9963cfb20434a5d4490adf68c1e52548e6a5880,det-v1,1,accepted,2013,50,0.002,0.0026412500,true,false
call-000606,arm12_cth,dev/f2/s2200004/late_accurate,38,grok-4.20-0309-non-reasoning,sha256:2da486d9cf2b8df3b7cbe6c7b1c000e4dbc5c6bff5a81c80f2c9c3a81a649c3a,det-v1,1,,2279,50,863.985,0.0029737500,false,true
call-000607,arm12_cth,dev/f2/s2200004/late_accurate,38,grok-4.20-0309-non-reasoning,sha256:2da486d9cf2b8df3b7cbe6c7b1c000e4dbc5c6bff5a81c80f2c9c3a81a649c3a,det-v1,1,accepted,2279,50,863.985,0.0029737500,false,false
call-000608,arm12b_cth_llm,dev/f2/s2200004/late_accurate,31,grok-4.20-0309-non-reasoning,sha256:2d0a1d9111fddb0b9ad4f6c5d9963cfb20434a5d4490adf68c1e52548e6a5880,det-v1,1,accepted,2013,50,0.002,0.0026412500,true,false
call-000609,arm12b_cth_llm,dev/f2/s2200004/late_accurate,38,grok-4.20-0309-non-reasoning,sha256:edb1b678814e3921bdcf6b9ff1771d5c7e87d8c5973cf08082f03efcdf7c507f,det-v1,1,accepted,2279,50,0.001,0.0029737500,true,false
call-000610,arm8_spec_immediate,dev/f2/s2200004/unreliable,31,grok-4.20-0309-non-reasoning,sha256:1427cea2b5f283354d1aadea57fde058afbd0a7d24d610105fb986b277d5365a,det-v1,1,,2013,50,939.409,0.0026412500,false,true
call-000611,arm8_spec_immediate,dev/f2/s2200004/unreliable,31,grok-4.20-0309-non-reasoning,sha256:1427cea2b5f283354d1aadea57fde058afbd0a7d24d610105fb986b277d5365a,det-v1,1,accepted,2013,50,939.409,0.0026412500,false,false
call-000612,arm8_spec_immediate,dev/f2/s2200004/unreliable,38,grok-4.20-0309-non-reasoning,sha256:d5de037265df1baa49c5af2170312d4ddf505d1d01eadfed4ac2806310cb6fd0,det-v1,1,,2279,50,812.278,0.0029737500,false,true
call-000613,arm8_spec_immediate,dev/f2/s2200004/unreliable,38,grok-4.20-0309-non-reasoning,sha256:d5de037265df1baa49c5af2170312d4ddf505d1d01eadfed4ac2806310cb6fd0,det-v1,1,accepted,2279,50,812.278,0.0029737500,false,false
call-000614,arm10_spec_eprocess,dev/f2/s2200004/unreliable,31,grok-4.20-0309-non-reasoning,sha256:1427cea2b5f283354d1aadea57fde058afbd0a7d24d610105fb986b277d5365a,det-v1,1,accepted,2013,50,0.001,0.0026412500,true,false
call-000615,arm10_spec_eprocess,dev/f2/s2200004/unreliable,38,grok-4.20-0309-non-reasoning,sha256:d5de037265df1baa49c5af2170312d4ddf505d1d01eadfed4ac2806310cb6fd0,det-v1,1,accepted,2279,50,0.002,0.0029737500,true,false
call-000616,arm12_cth,dev/f2/s2200004/unreliable,31,grok-4.20-0309-non-reasoning,sha256:1427cea2b5f283354d1aadea57fde058afbd0a7d24d610105fb986b277d5365a,det-v1,1,accepted,2013,50,0.002,0.0026412500,true,false
call-000617,arm12_cth,dev/f2/s2200004/unreliable,38,grok-4.20-0309-non-reasoning,sha256:e68f720a8ddc500a4c1595a4d78406d1daf8e49b8ff25adc4f81c97a64f7aca7,det-v1,1,,2279,87,1091.606,0.0030662500,false,true
call-000618,arm12_cth,dev/f2/s2200004/unreliable,38,grok-4.20-0309-non-reasoning,sha256:e68f720a8ddc500a4c1595a4d78406d1daf8e49b8ff25adc4f81c97a64f7aca7,det-v1,1,accepted,2279,87,1091.606,0.0030662500,false,false
call-000619,arm12b_cth_llm,dev/f2/s2200004/unreliable,31,grok-4.20-0309-non-reasoning,sha256:1427cea2b5f283354d1aadea57fde058afbd0a7d24d610105fb986b277d5365a,det-v1,1,accepted,2013,50,0.003,0.0026412500,true,false
call-000620,arm12b_cth_llm,dev/f2/s2200004/unreliable,38,grok-4.20-0309-non-reasoning,sha256:d5de037265df1baa49c5af2170312d4ddf505d1d01eadfed4ac2806310cb6fd0,det-v1,1,accepted,2279,50,0.002,0.0029737500,true,false
call-000621,arm8_spec_immediate,cal/f2/s2200005/no_alert__twin,10,grok-4.20-0309-non-reasoning,sha256:8a25dac404354b403e3abe434582398c2b603633454e9d88a9746a504b12c797,det-v1,1,,1254,86,1306.310,0.0017825000,false,true
call-000622,arm8_spec_immediate,cal/f2/s2200005/no_alert__twin,10,grok-4.20-0309-non-reasoning,sha256:8a25dac404354b403e3abe434582398c2b603633454e9d88a9746a504b12c797,det-v1,1,accepted,1254,86,1306.310,0.0017825000,false,false
call-000623,arm10_spec_eprocess,cal/f2/s2200005/no_alert__twin,10,grok-4.20-0309-non-reasoning,sha256:8a25dac404354b403e3abe434582398c2b603633454e9d88a9746a504b12c797,det-v1,1,accepted,1254,86,0.002,0.0017825000,true,false
call-000624,arm12_cth,cal/f2/s2200005/no_alert__twin,10,grok-4.20-0309-non-reasoning,sha256:8a25dac404354b403e3abe434582398c2b603633454e9d88a9746a504b12c797,det-v1,1,accepted,1254,86,0.002,0.0017825000,true,false
call-000625,arm12b_cth_llm,cal/f2/s2200005/no_alert__twin,10,grok-4.20-0309-non-reasoning,sha256:8a25dac404354b403e3abe434582398c2b603633454e9d88a9746a504b12c797,det-v1,1,accepted,1254,86,0.002,0.0017825000,true,false
call-000626,arm8_spec_immediate,dev/f2/s2200006/no_alert,25,grok-4.20-0309-non-reasoning,sha256:144576d4f5bcebb35a15478bd2b88534b63c5292491ff984fe7d697947343a33,det-v1,1,,1785,112,1430.755,0.0025112500,false,true
call-000627,arm8_spec_immediate,dev/f2/s2200006/no_alert,25,grok-4.20-0309-non-reasoning,sha256:144576d4f5bcebb35a15478bd2b88534b63c5292491ff984fe7d697947343a33,det-v1,1,accepted,1785,112,1430.755,0.0025112500,false,false
call-000628,arm8_spec_immediate,dev/f2/s2200006/no_alert,32,grok-4.20-0309-non-reasoning,sha256:b1da95e2fd0bd6935a677adcfb07264467e04244588be2d72ba50f77fafa73d9,det-v1,1,,2051,107,1430.630,0.0028312500,false,true
call-000629,arm8_spec_immediate,dev/f2/s2200006/no_alert,32,grok-4.20-0309-non-reasoning,sha256:b1da95e2fd0bd6935a677adcfb07264467e04244588be2d72ba50f77fafa73d9,det-v1,1,accepted,2051,107,1430.630,0.0028312500,false,false
call-000630,arm10_spec_eprocess,dev/f2/s2200006/no_alert,25,grok-4.20-0309-non-reasoning,sha256:144576d4f5bcebb35a15478bd2b88534b63c5292491ff984fe7d697947343a33,det-v1,1,accepted,1785,112,0.002,0.0025112500,true,false
call-000631,arm10_spec_eprocess,dev/f2/s2200006/no_alert,32,grok-4.20-0309-non-reasoning,sha256:678c0b9eb6a46a14675a9157bdeff6702f9e492f677f264e1c0710307198886c,det-v1,1,,2051,91,1321.735,0.0027912500,false,true
call-000632,arm10_spec_eprocess,dev/f2/s2200006/no_alert,32,grok-4.20-0309-non-reasoning,sha256:678c0b9eb6a46a14675a9157bdeff6702f9e492f677f264e1c0710307198886c,det-v1,1,accepted,2051,91,1321.735,0.0027912500,false,false
call-000633,arm12_cth,dev/f2/s2200006/no_alert,25,grok-4.20-0309-non-reasoning,sha256:144576d4f5bcebb35a15478bd2b88534b63c5292491ff984fe7d697947343a33,det-v1,1,accepted,1785,112,0.002,0.0025112500,true,false
call-000634,arm12_cth,dev/f2/s2200006/no_alert,32,grok-4.20-0309-non-reasoning,sha256:f631f68ee871e88e6e547e4dc9a197bdba236a42c3f07a92453f5e2ea53601bd,det-v1,1,,2051,107,1477.843,0.0028312500,false,true
call-000635,arm12_cth,dev/f2/s2200006/no_alert,32,grok-4.20-0309-non-reasoning,sha256:f631f68ee871e88e6e547e4dc9a197bdba236a42c3f07a92453f5e2ea53601bd,det-v1,1,accepted,2051,107,1477.843,0.0028312500,false,false
call-000636,arm12b_cth_llm,dev/f2/s2200006/no_alert,25,grok-4.20-0309-non-reasoning,sha256:144576d4f5bcebb35a15478bd2b88534b63c5292491ff984fe7d697947343a33,det-v1,1,accepted,1785,112,0.003,0.0025112500,true,false
call-000637,arm12b_cth_llm,dev/f2/s2200006/no_alert,32,grok-4.20-0309-non-reasoning,sha256:beb5c21fe97b1d69892937698eb1414f76af4e3195a6382cd5f06dd63de4f2a2,det-v1,1,,2051,50,801.592,0.0026887500,false,true
call-000638,arm12b_cth_llm,dev/f2/s2200006/no_alert,32,grok-4.20-0309-non-reasoning,sha256:beb5c21fe97b1d69892937698eb1414f76af4e3195a6382cd5f06dd63de4f2a2,det-v1,1,accepted,2051,50,801.592,0.0026887500,false,false
call-000639,arm8_spec_immediate,dev/f2/s2200006/early_accurate,25,grok-4.20-0309-non-reasoning,sha256:2babca74d71e3456a73d6a3d33511a53a0e309c9a566e82e49c1c6137fb1d9de,det-v1,1,,1785,79,1025.994,0.0024287500,false,true
call-000640,arm8_spec_immediate,dev/f2/s2200006/early_accurate,25,grok-4.20-0309-non-reasoning,sha256:2babca74d71e3456a73d6a3d33511a53a0e309c9a566e82e49c1c6137fb1d9de,det-v1,1,accepted,1785,79,1025.994,0.0024287500,false,false
call-000641,arm8_spec_immediate,dev/f2/s2200006/early_accurate,32,grok-4.20-0309-non-reasoning,sha256:1c5ade96fef383856eb6e5810a9981633d03e537afaecf8897562de3c0cb090b,det-v1,1,,2051,107,1267.735,0.0028312500,false,true
call-000642,arm8_spec_immediate,dev/f2/s2200006/early_accurate,32,grok-4.20-0309-non-reasoning,sha256:1c5ade96fef383856eb6e5810a9981633d03e537afaecf8897562de3c0cb090b,det-v1,1,accepted,2051,107,1267.735,0.0028312500,false,false
call-000643,arm10_spec_eprocess,dev/f2/s2200006/early_accurate,25,grok-4.20-0309-non-reasoning,sha256:2babca74d71e3456a73d6a3d33511a53a0e309c9a566e82e49c1c6137fb1d9de,det-v1,1,accepted,1785,79,0.001,0.0024287500,true,false
call-000644,arm10_spec_eprocess,dev/f2/s2200006/early_accurate,32,grok-4.20-0309-non-reasoning,sha256:017361149579c59c6350163d7ac7b3522d631ff1f0c4d0c3aa7db5bd3a5c3bca,det-v1,1,,2051,107,1342.825,0.0028312500,false,true
call-000645,arm10_spec_eprocess,dev/f2/s2200006/early_accurate,32,grok-4.20-0309-non-reasoning,sha256:017361149579c59c6350163d7ac7b3522d631ff1f0c4d0c3aa7db5bd3a5c3bca,det-v1,1,accepted,2051,107,1342.825,0.0028312500,false,false
call-000646,arm12_cth,dev/f2/s2200006/early_accurate,25,grok-4.20-0309-non-reasoning,sha256:2babca74d71e3456a73d6a3d33511a53a0e309c9a566e82e49c1c6137fb1d9de,det-v1,1,accepted,1785,79,0.002,0.0024287500,true,false
call-000647,arm12_cth,dev/f2/s2200006/early_accurate,32,grok-4.20-0309-non-reasoning,sha256:c5191489782b28235673cc3fae67f65e164a8b7af6ff934391fdea0088e31543,det-v1,1,,2051,107,1217.095,0.0028312500,false,true
call-000648,arm12_cth,dev/f2/s2200006/early_accurate,32,grok-4.20-0309-non-reasoning,sha256:c5191489782b28235673cc3fae67f65e164a8b7af6ff934391fdea0088e31543,det-v1,1,accepted,2051,107,1217.095,0.0028312500,false,false
call-000649,arm12b_cth_llm,dev/f2/s2200006/early_accurate,25,grok-4.20-0309-non-reasoning,sha256:2babca74d71e3456a73d6a3d33511a53a0e309c9a566e82e49c1c6137fb1d9de,det-v1,1,accepted,1785,79,0.002,0.0024287500,true,false
call-000650,arm12b_cth_llm,dev/f2/s2200006/early_accurate,32,grok-4.20-0309-non-reasoning,sha256:12354713194e0b6f15f3680a3a3bb93b2395eba23fc33f2b53b94bd4dd9ada4e,det-v1,1,,2051,107,1607.604,0.0028312500,false,true
call-000651,arm12b_cth_llm,dev/f2/s2200006/early_accurate,32,grok-4.20-0309-non-reasoning,sha256:12354713194e0b6f15f3680a3a3bb93b2395eba23fc33f2b53b94bd4dd9ada4e,det-v1,1,accepted,2051,107,1607.604,0.0028312500,false,false
call-000652,arm8_spec_immediate,dev/f2/s2200006/late_accurate,25,grok-4.20-0309-non-reasoning,sha256:5a06e17c182567def3c89b3e6bbfcb18429665e87b824ece64140b446daf11fb,det-v1,1,,1785,50,1021.812,0.0023562500,false,true
call-000653,arm8_spec_immediate,dev/f2/s2200006/late_accurate,25,grok-4.20-0309-non-reasoning,sha256:5a06e17c182567def3c89b3e6bbfcb18429665e87b824ece64140b446daf11fb,det-v1,1,accepted,1785,50,1021.812,0.0023562500,false,false
call-000654,arm8_spec_immediate,dev/f2/s2200006/late_accurate,32,grok-4.20-0309-non-reasoning,sha256:faa9f99038fc12ce47a59ae622298efca258990ca685298edf43e243a7af4947,det-v1,1,,2051,107,1386.502,0.0028312500,false,true
call-000655,arm8_spec_immediate,dev/f2/s2200006/late_accurate,32,grok-4.20-0309-non-reasoning,sha256:faa9f99038fc12ce47a59ae622298efca258990ca685298edf43e243a7af4947,det-v1,1,accepted,2051,107,1386.502,0.0028312500,false,false
call-000656,arm10_spec_eprocess,dev/f2/s2200006/late_accurate,25,grok-4.20-0309-non-reasoning,sha256:5a06e17c182567def3c89b3e6bbfcb18429665e87b824ece64140b446daf11fb,det-v1,1,accepted,1785,50,0.002,0.0023562500,true,false
call-000657,arm10_spec_eprocess,dev/f2/s2200006/late_accurate,32,grok-4.20-0309-non-reasoning,sha256:faa9f99038fc12ce47a59ae622298efca258990ca685298edf43e243a7af4947,det-v1,1,accepted,2051,107,0.001,0.0028312500,true,false
call-000658,arm12_cth,dev/f2/s2200006/late_accurate,25,grok-4.20-0309-non-reasoning,sha256:5a06e17c182567def3c89b3e6bbfcb18429665e87b824ece64140b446daf11fb,det-v1,1,accepted,1785,50,0.002,0.0023562500,true,false
call-000659,arm12_cth,dev/f2/s2200006/late_accurate,32,grok-4.20-0309-non-reasoning,sha256:b196112623a4e72261b80346b0a665e823289e8e1938cb35a75b98bdac7c0d22,det-v1,1,,2051,107,1228.912,0.0028312500,false,true
call-000660,arm12_cth,dev/f2/s2200006/late_accurate,32,grok-4.20-0309-non-reasoning,sha256:b196112623a4e72261b80346b0a665e823289e8e1938cb35a75b98bdac7c0d22,det-v1,1,accepted,2051,107,1228.912,0.0028312500,false,false
call-000661,arm12b_cth_llm,dev/f2/s2200006/late_accurate,25,grok-4.20-0309-non-reasoning,sha256:5a06e17c182567def3c89b3e6bbfcb18429665e87b824ece64140b446daf11fb,det-v1,1,accepted,1785,50,0.002,0.0023562500,true,false
call-000662,arm12b_cth_llm,dev/f2/s2200006/late_accurate,32,grok-4.20-0309-non-reasoning,sha256:faa9f99038fc12ce47a59ae622298efca258990ca685298edf43e243a7af4947,det-v1,1,accepted,2051,107,0.002,0.0028312500,true,false
call-000663,arm8_spec_immediate,dev/f2/s2200006/unreliable,25,grok-4.20-0309-non-reasoning,sha256:ba9d27e75d3a9d042b88ed9f7932a4878d9483c5377c987435cf1a9838108fdd,det-v1,1,,1785,79,1156.200,0.0024287500,false,true
call-000664,arm8_spec_immediate,dev/f2/s2200006/unreliable,25,grok-4.20-0309-non-reasoning,sha256:ba9d27e75d3a9d042b88ed9f7932a4878d9483c5377c987435cf1a9838108fdd,det-v1,1,accepted,1785,79,1156.200,0.0024287500,false,false
call-000665,arm8_spec_immediate,dev/f2/s2200006/unreliable,32,grok-4.20-0309-non-reasoning,sha256:a69cbdd8f51981e353c89a1d39f5475a70a6d4ce47db5b094922b449dc943d4a,det-v1,1,,2051,76,1067.258,0.0027537500,false,true
call-000666,arm8_spec_immediate,dev/f2/s2200006/unreliable,32,grok-4.20-0309-non-reasoning,sha256:a69cbdd8f51981e353c89a1d39f5475a70a6d4ce47db5b094922b449dc943d4a,det-v1,1,accepted,2051,76,1067.258,0.0027537500,false,false
call-000667,arm10_spec_eprocess,dev/f2/s2200006/unreliable,25,grok-4.20-0309-non-reasoning,sha256:ba9d27e75d3a9d042b88ed9f7932a4878d9483c5377c987435cf1a9838108fdd,det-v1,1,accepted,1785,79,0.002,0.0024287500,true,false
call-000668,arm10_spec_eprocess,dev/f2/s2200006/unreliable,32,grok-4.20-0309-non-reasoning,sha256:ca4d66589af30710858e58313bcfbe94ac33c1080d07d6a1d2840cc9cba56ca8,det-v1,1,,2051,91,1261.113,0.0027912500,false,true
call-000669,arm10_spec_eprocess,dev/f2/s2200006/unreliable,32,grok-4.20-0309-non-reasoning,sha256:ca4d66589af30710858e58313bcfbe94ac33c1080d07d6a1d2840cc9cba56ca8,det-v1,1,accepted,2051,91,1261.113,0.0027912500,false,false
call-000670,arm12_cth,dev/f2/s2200006/unreliable,25,grok-4.20-0309-non-reasoning,sha256:ba9d27e75d3a9d042b88ed9f7932a4878d9483c5377c987435cf1a9838108fdd,det-v1,1,accepted,1785,79,0.002,0.0024287500,true,false
call-000671,arm12_cth,dev/f2/s2200006/unreliable,32,grok-4.20-0309-non-reasoning,sha256:d47fa2deafc4c226a9cc3132d768c78ca2dccba04a824aa8015bbfa3845c3e1f,det-v1,1,,2051,91,1197.907,0.0027912500,false,true
call-000672,arm12_cth,dev/f2/s2200006/unreliable,32,grok-4.20-0309-non-reasoning,sha256:d47fa2deafc4c226a9cc3132d768c78ca2dccba04a824aa8015bbfa3845c3e1f,det-v1,1,accepted,2051,91,1197.907,0.0027912500,false,false
call-000673,arm12b_cth_llm,dev/f2/s2200006/unreliable,25,grok-4.20-0309-non-reasoning,sha256:ba9d27e75d3a9d042b88ed9f7932a4878d9483c5377c987435cf1a9838108fdd,det-v1,1,accepted,1785,79,0.002,0.0024287500,true,false
call-000674,arm12b_cth_llm,dev/f2/s2200006/unreliable,32,grok-4.20-0309-non-reasoning,sha256:8b6b5f56e4e4e0cf01a83538d8973c8c1755303635b65c96338ea8c6849c7b70,det-v1,1,,2051,107,1629.586,0.0028312500,false,true
call-000675,arm12b_cth_llm,dev/f2/s2200006/unreliable,32,grok-4.20-0309-non-reasoning,sha256:8b6b5f56e4e4e0cf01a83538d8973c8c1755303635b65c96338ea8c6849c7b70,det-v1,1,accepted,2051,107,1629.586,0.0028312500,false,false
call-000676,arm8_spec_immediate,dev/f2/s2200006/no_alert__twin,10,grok-4.20-0309-non-reasoning,sha256:54243c46d41928d46d159f2a16a614bfd64ce764fd0eaec0bf4a35fc19b1fd00,det-v1,1,,1253,86,1100.089,0.0017812500,false,true
call-000677,arm8_spec_immediate,dev/f2/s2200006/no_alert__twin,10,grok-4.20-0309-non-reasoning,sha256:54243c46d41928d46d159f2a16a614bfd64ce764fd0eaec0bf4a35fc19b1fd00,det-v1,1,accepted,1253,86,1100.089,0.0017812500,false,false
call-000678,arm10_spec_eprocess,dev/f2/s2200006/no_alert__twin,10,grok-4.20-0309-non-reasoning,sha256:54243c46d41928d46d159f2a16a614bfd64ce764fd0eaec0bf4a35fc19b1fd00,det-v1,1,accepted,1253,86,0.002,0.0017812500,true,false
call-000679,arm12_cth,dev/f2/s2200006/no_alert__twin,10,grok-4.20-0309-non-reasoning,sha256:54243c46d41928d46d159f2a16a614bfd64ce764fd0eaec0bf4a35fc19b1fd00,det-v1,1,accepted,1253,86,0.001,0.0017812500,true,false
call-000680,arm12b_cth_llm,dev/f2/s2200006/no_alert__twin,10,grok-4.20-0309-non-reasoning,sha256:54243c46d41928d46d159f2a16a614bfd64ce764fd0eaec0bf4a35fc19b1fd00,det-v1,1,accepted,1253,86,0.002,0.0017812500,true,false
call-000681,arm8_spec_immediate,cal/f2/s2200007/no_alert,29,grok-4.20-0309-non-reasoning,sha256:beb6748274dd9d97d76e642e71ba76e25f65f387073f30431abc19704f815e1a,det-v1,1,,1937,107,1351.297,0.0026887500,false,true
call-000682,arm8_spec_immediate,cal/f2/s2200007/no_alert,29,grok-4.20-0309-non-reasoning,sha256:beb6748274dd9d97d76e642e71ba76e25f65f387073f30431abc19704f815e1a,det-v1,1,accepted,1937,107,1351.297,0.0026887500,false,false
call-000683,arm8_spec_immediate,cal/f2/s2200007/no_alert,37,grok-4.20-0309-non-reasoning,sha256:ad49ae9532735830c00b0c9e9aca27bc8faf9d59a3cfdcc65bba59580c2831d8,det-v1,1,,2241,50,938.738,0.0029262500,false,true
call-000684,arm8_spec_immediate,cal/f2/s2200007/no_alert,37,grok-4.20-0309-non-reasoning,sha256:ad49ae9532735830c00b0c9e9aca27bc8faf9d59a3cfdcc65bba59580c2831d8,det-v1,1,accepted,2241,50,938.738,0.0029262500,false,false
call-000685,arm10_spec_eprocess,cal/f2/s2200007/no_alert,29,grok-4.20-0309-non-reasoning,sha256:beb6748274dd9d97d76e642e71ba76e25f65f387073f30431abc19704f815e1a,det-v1,1,accepted,1937,107,0.002,0.0026887500,true,false
call-000686,arm10_spec_eprocess,cal/f2/s2200007/no_alert,37,grok-4.20-0309-non-reasoning,sha256:3df87a6056792507815780503652b3130db79ef3f3e0250bcfad0e96ef7c12e4,det-v1,1,,2241,50,1107.747,0.0029262500,false,true
call-000687,arm10_spec_eprocess,cal/f2/s2200007/no_alert,37,grok-4.20-0309-non-reasoning,sha256:3df87a6056792507815780503652b3130db79ef3f3e0250bcfad0e96ef7c12e4,det-v1,1,accepted,2241,50,1107.747,0.0029262500,false,false
call-000688,arm12_cth,cal/f2/s2200007/no_alert,29,grok-4.20-0309-non-reasoning,sha256:beb6748274dd9d97d76e642e71ba76e25f65f387073f30431abc19704f815e1a,det-v1,1,accepted,1937,107,0.002,0.0026887500,true,false
call-000689,arm12_cth,cal/f2/s2200007/no_alert,37,grok-4.20-0309-non-reasoning,sha256:d6884bc96b4f07b8bc04b3ea2d275e4788bd789f6dacf07fae3d43bdb3676052,det-v1,1,,2241,50,852.849,0.0029262500,false,true
call-000690,arm12_cth,cal/f2/s2200007/no_alert,37,grok-4.20-0309-non-reasoning,sha256:d6884bc96b4f07b8bc04b3ea2d275e4788bd789f6dacf07fae3d43bdb3676052,det-v1,1,accepted,2241,50,852.849,0.0029262500,false,false
call-000691,arm12b_cth_llm,cal/f2/s2200007/no_alert,29,grok-4.20-0309-non-reasoning,sha256:beb6748274dd9d97d76e642e71ba76e25f65f387073f30431abc19704f815e1a,det-v1,1,accepted,1937,107,0.002,0.0026887500,true,false
call-000692,arm12b_cth_llm,cal/f2/s2200007/no_alert,37,grok-4.20-0309-non-reasoning,sha256:d168ece5dad54935d1e38744233ea98c7cfdce706e3b68625d26b800a729a8b3,det-v1,1,,2241,50,1001.911,0.0029262500,false,true
call-000693,arm12b_cth_llm,cal/f2/s2200007/no_alert,37,grok-4.20-0309-non-reasoning,sha256:d168ece5dad54935d1e38744233ea98c7cfdce706e3b68625d26b800a729a8b3,det-v1,1,accepted,2241,50,1001.911,0.0029262500,false,false
call-000694,arm8_spec_immediate,cal/f2/s2200007/early_accurate,29,grok-4.20-0309-non-reasoning,sha256:4d653dc69d9d9db7959480a847252c2945d3f0be330d3701345b02d0b4d3305d,det-v1,1,,1937,107,1150.225,0.0026887500,false,true
call-000695,arm8_spec_immediate,cal/f2/s2200007/early_accurate,29,grok-4.20-0309-non-reasoning,sha256:4d653dc69d9d9db7959480a847252c2945d3f0be330d3701345b02d0b4d3305d,det-v1,1,accepted,1937,107,1150.225,0.0026887500,false,false
call-000696,arm8_spec_immediate,cal/f2/s2200007/early_accurate,37,grok-4.20-0309-non-reasoning,sha256:2b6b5173043a6651fdc346c641a1abbac58f05084d8a2485feb2493cce976952,det-v1,1,,2241,50,755.277,0.0029262500,false,true
call-000697,arm8_spec_immediate,cal/f2/s2200007/early_accurate,37,grok-4.20-0309-non-reasoning,sha256:2b6b5173043a6651fdc346c641a1abbac58f05084d8a2485feb2493cce976952,det-v1,1,accepted,2241,50,755.277,0.0029262500,false,false
call-000698,arm10_spec_eprocess,cal/f2/s2200007/early_accurate,29,grok-4.20-0309-non-reasoning,sha256:4d653dc69d9d9db7959480a847252c2945d3f0be330d3701345b02d0b4d3305d,det-v1,1,accepted,1937,107,0.002,0.0026887500,true,false
call-000699,arm10_spec_eprocess,cal/f2/s2200007/early_accurate,37,grok-4.20-0309-non-reasoning,sha256:c58283e3327c32f9d23f1969052bdd1d8e1aa0f9238acbfe9a1b723a3f859588,det-v1,1,,2241,111,1309.378,0.0030787500,false,true
call-000700,arm10_spec_eprocess,cal/f2/s2200007/early_accurate,37,grok-4.20-0309-non-reasoning,sha256:c58283e3327c32f9d23f1969052bdd1d8e1aa0f9238acbfe9a1b723a3f859588,det-v1,1,accepted,2241,111,1309.378,0.0030787500,false,false
call-000701,arm12_cth,cal/f2/s2200007/early_accurate,29,grok-4.20-0309-non-reasoning,sha256:4d653dc69d9d9db7959480a847252c2945d3f0be330d3701345b02d0b4d3305d,det-v1,1,accepted,1937,107,0.002,0.0026887500,true,false
call-000702,arm12_cth,cal/f2/s2200007/early_accurate,37,grok-4.20-0309-non-reasoning,sha256:b51ec8aca66b0563c2b70b38684a1792a1edfd6c44a565b338c6c23a59260097,det-v1,1,,2241,50,901.158,0.0029262500,false,true
call-000703,arm12_cth,cal/f2/s2200007/early_accurate,37,grok-4.20-0309-non-reasoning,sha256:b51ec8aca66b0563c2b70b38684a1792a1edfd6c44a565b338c6c23a59260097,det-v1,1,accepted,2241,50,901.158,0.0029262500,false,false
call-000704,arm12b_cth_llm,cal/f2/s2200007/early_accurate,29,grok-4.20-0309-non-reasoning,sha256:4d653dc69d9d9db7959480a847252c2945d3f0be330d3701345b02d0b4d3305d,det-v1,1,accepted,1937,107,0.003,0.0026887500,true,false
call-000705,arm12b_cth_llm,cal/f2/s2200007/early_accurate,37,grok-4.20-0309-non-reasoning,sha256:8f217e8281a9ddfe23e245d4c6a3cde5875f260170e25f5348aa1380ff9dc381,det-v1,1,,2241,50,790.942,0.0029262500,false,true
call-000706,arm12b_cth_llm,cal/f2/s2200007/early_accurate,37,grok-4.20-0309-non-reasoning,sha256:8f217e8281a9ddfe23e245d4c6a3cde5875f260170e25f5348aa1380ff9dc381,det-v1,1,accepted,2241,50,790.942,0.0029262500,false,false
call-000707,arm8_spec_immediate,cal/f2/s2200007/late_accurate,29,grok-4.20-0309-non-reasoning,sha256:00f3a8bbd0b790a93c9be3d352daa4f603247ecaf67d398aa515b6dbd659cf88,det-v1,1,,1937,99,1227.381,0.0026687500,false,true
call-000708,arm8_spec_immediate,cal/f2/s2200007/late_accurate,29,grok-4.20-0309-non-reasoning,sha256:00f3a8bbd0b790a93c9be3d352daa4f603247ecaf67d398aa515b6dbd659cf88,det-v1,1,accepted,1937,99,1227.381,0.0026687500,false,false
call-000709,arm8_spec_immediate,cal/f2/s2200007/late_accurate,37,grok-4.20-0309-non-reasoning,sha256:07b0cff1f58baa83a4832e6cadef9689af033b1205732387bd793da1eb12549e,det-v1,1,,2241,115,1294.009,0.0030887500,false,true
call-000710,arm8_spec_immediate,cal/f2/s2200007/late_accurate,37,grok-4.20-0309-non-reasoning,sha256:07b0cff1f58baa83a4832e6cadef9689af033b1205732387bd793da1eb12549e,det-v1,1,accepted,2241,115,1294.009,0.0030887500,false,false
call-000711,arm10_spec_eprocess,cal/f2/s2200007/late_accurate,29,grok-4.20-0309-non-reasoning,sha256:00f3a8bbd0b790a93c9be3d352daa4f603247ecaf67d398aa515b6dbd659cf88,det-v1,1,accepted,1937,99,0.001,0.0026687500,true,false
call-000712,arm10_spec_eprocess,cal/f2/s2200007/late_accurate,37,grok-4.20-0309-non-reasoning,sha256:ac4e1244f087ef59483838f788ad5b1b139abc25544a231ce4c6243834e95bc6,det-v1,1,,2241,50,831.242,0.0029262500,false,true
call-000713,arm10_spec_eprocess,cal/f2/s2200007/late_accurate,37,grok-4.20-0309-non-reasoning,sha256:ac4e1244f087ef59483838f788ad5b1b139abc25544a231ce4c6243834e95bc6,det-v1,1,accepted,2241,50,831.242,0.0029262500,false,false
call-000714,arm12_cth,cal/f2/s2200007/late_accurate,29,grok-4.20-0309-non-reasoning,sha256:00f3a8bbd0b790a93c9be3d352daa4f603247ecaf67d398aa515b6dbd659cf88,det-v1,1,accepted,1937,99,0.002,0.0026687500,true,false
call-000715,arm12_cth,cal/f2/s2200007/late_accurate,37,grok-4.20-0309-non-reasoning,sha256:a0208601f6b98aece1f269471f7a6479afdeefc136cd4c39fb1d85fbe212a663,det-v1,1,,2241,50,832.025,0.0029262500,false,true
call-000716,arm12_cth,cal/f2/s2200007/late_accurate,37,grok-4.20-0309-non-reasoning,sha256:a0208601f6b98aece1f269471f7a6479afdeefc136cd4c39fb1d85fbe212a663,det-v1,1,accepted,2241,50,832.025,0.0029262500,false,false
call-000717,arm12b_cth_llm,cal/f2/s2200007/late_accurate,29,grok-4.20-0309-non-reasoning,sha256:00f3a8bbd0b790a93c9be3d352daa4f603247ecaf67d398aa515b6dbd659cf88,det-v1,1,accepted,1937,99,0.002,0.0026687500,true,false
call-000718,arm12b_cth_llm,cal/f2/s2200007/late_accurate,37,grok-4.20-0309-non-reasoning,sha256:367dbe3fd3399f122670a195c81d7031af8c6cab2fe7bfe3afacc6fd38cb2c45,det-v1,1,,2241,50,824.868,0.0029262500,false,true
call-000719,arm12b_cth_llm,cal/f2/s2200007/late_accurate,37,grok-4.20-0309-non-reasoning,sha256:367dbe3fd3399f122670a195c81d7031af8c6cab2fe7bfe3afacc6fd38cb2c45,det-v1,1,accepted,2241,50,824.868,0.0029262500,false,false
call-000720,arm8_spec_immediate,cal/f2/s2200007/unreliable,29,grok-4.20-0309-non-reasoning,sha256:3fcffd4e6fc81d66f9ec3a6dfa90a1f7c90e4ccffbdc977b0bcebc41fb5fdc1a,det-v1,1,,1937,99,1175.928,0.0026687500,false,true
call-000721,arm8_spec_immediate,cal/f2/s2200007/unreliable,29,grok-4.20-0309-non-reasoning,sha256:3fcffd4e6fc81d66f9ec3a6dfa90a1f7c90e4ccffbdc977b0bcebc41fb5fdc1a,det-v1,1,accepted,1937,99,1175.928,0.0026687500,false,false
call-000722,arm8_spec_immediate,cal/f2/s2200007/unreliable,37,grok-4.20-0309-non-reasoning,sha256:c38677336a79e3a95d46702eaa272dbea8ab49c33fbbaeeb74555cab0b1e52f8,det-v1,1,,2241,50,822.823,0.0029262500,false,true
call-000723,arm8_spec_immediate,cal/f2/s2200007/unreliable,37,grok-4.20-0309-non-reasoning,sha256:c38677336a79e3a95d46702eaa272dbea8ab49c33fbbaeeb74555cab0b1e52f8,det-v1,1,accepted,2241,50,822.823,0.0029262500,false,false
call-000724,arm10_spec_eprocess,cal/f2/s2200007/unreliable,29,grok-4.20-0309-non-reasoning,sha256:3fcffd4e6fc81d66f9ec3a6dfa90a1f7c90e4ccffbdc977b0bcebc41fb5fdc1a,det-v1,1,accepted,1937,99,0.001,0.0026687500,true,false
call-000725,arm10_spec_eprocess,cal/f2/s2200007/unreliable,37,grok-4.20-0309-non-reasoning,sha256:9f757999ea9d572d77e101655f047940cdd066f366acdc1a63fd78fa8b54c60e,det-v1,1,,2241,76,1055.985,0.0029912500,false,true
call-000726,arm10_spec_eprocess,cal/f2/s2200007/unreliable,37,grok-4.20-0309-non-reasoning,sha256:9f757999ea9d572d77e101655f047940cdd066f366acdc1a63fd78fa8b54c60e,det-v1,1,accepted,2241,76,1055.985,0.0029912500,false,false
call-000727,arm12_cth,cal/f2/s2200007/unreliable,29,grok-4.20-0309-non-reasoning,sha256:3fcffd4e6fc81d66f9ec3a6dfa90a1f7c90e4ccffbdc977b0bcebc41fb5fdc1a,det-v1,1,accepted,1937,99,0.002,0.0026687500,true,false
call-000728,arm12_cth,cal/f2/s2200007/unreliable,37,grok-4.20-0309-non-reasoning,sha256:96e6c6fb701887f2a35b038b8b2afb20063acb58414b8f4dfff61d0e51576292,det-v1,1,,2241,50,745.051,0.0029262500,false,true
call-000729,arm12_cth,cal/f2/s2200007/unreliable,37,grok-4.20-0309-non-reasoning,sha256:96e6c6fb701887f2a35b038b8b2afb20063acb58414b8f4dfff61d0e51576292,det-v1,1,accepted,2241,50,745.051,0.0029262500,false,false
call-000730,arm12b_cth_llm,cal/f2/s2200007/unreliable,29,grok-4.20-0309-non-reasoning,sha256:3fcffd4e6fc81d66f9ec3a6dfa90a1f7c90e4ccffbdc977b0bcebc41fb5fdc1a,det-v1,1,accepted,1937,99,0.002,0.0026687500,true,false
call-000731,arm12b_cth_llm,cal/f2/s2200007/unreliable,37,grok-4.20-0309-non-reasoning,sha256:91afa200c2945011123bdbe23c777715c39a4e9984d75e130233fbe2a03532d7,det-v1,1,,2241,50,817.096,0.0029262500,false,true
call-000732,arm12b_cth_llm,cal/f2/s2200007/unreliable,37,grok-4.20-0309-non-reasoning,sha256:91afa200c2945011123bdbe23c777715c39a4e9984d75e130233fbe2a03532d7,det-v1,1,accepted,2241,50,817.096,0.0029262500,false,false
call-000733,arm8_spec_immediate,dev/f3/s3200000/early_accurate,13,grok-4.20-0309-non-reasoning,sha256:95cacf83484dfd6dd9b00612bc676d14d171c0df6a732b7dc69149effb463afc,det-v1,1,,1369,89,1050.496,0.0019337500,false,true
call-000734,arm8_spec_immediate,dev/f3/s3200000/early_accurate,13,grok-4.20-0309-non-reasoning,sha256:95cacf83484dfd6dd9b00612bc676d14d171c0df6a732b7dc69149effb463afc,det-v1,1,accepted,1369,89,1050.496,0.0019337500,false,false
call-000735,arm10_spec_eprocess,dev/f3/s3200000/early_accurate,13,grok-4.20-0309-non-reasoning,sha256:95cacf83484dfd6dd9b00612bc676d14d171c0df6a732b7dc69149effb463afc,det-v1,1,accepted,1369,89,0.001,0.0019337500,true,false
call-000736,arm12_cth,dev/f3/s3200000/early_accurate,13,grok-4.20-0309-non-reasoning,sha256:95cacf83484dfd6dd9b00612bc676d14d171c0df6a732b7dc69149effb463afc,det-v1,1,accepted,1369,89,0.001,0.0019337500,true,false
call-000737,arm12b_cth_llm,dev/f3/s3200000/early_accurate,13,grok-4.20-0309-non-reasoning,sha256:95cacf83484dfd6dd9b00612bc676d14d171c0df6a732b7dc69149effb463afc,det-v1,1,accepted,1369,89,0.002,0.0019337500,true,false
call-000738,arm8_spec_immediate,dev/f3/s3200000/late_accurate,16,grok-4.20-0309-non-reasoning,sha256:bbb6c9373d17d85947c75e8cc2700bf26bebeb50d621a8809c46ab6b23a8f0c3,det-v1,1,,1483,94,1025.096,0.0020887500,false,true
call-000739,arm8_spec_immediate,dev/f3/s3200000/late_accurate,16,grok-4.20-0309-non-reasoning,sha256:bbb6c9373d17d85947c75e8cc2700bf26bebeb50d621a8809c46ab6b23a8f0c3,det-v1,1,accepted,1483,94,1025.096,0.0020887500,false,false
call-000740,arm10_spec_eprocess,dev/f3/s3200000/late_accurate,16,grok-4.20-0309-non-reasoning,sha256:bbb6c9373d17d85947c75e8cc2700bf26bebeb50d621a8809c46ab6b23a8f0c3,det-v1,1,accepted,1483,94,0.002,0.0020887500,true,false
call-000741,arm12_cth,dev/f3/s3200000/late_accurate,16,grok-4.20-0309-non-reasoning,sha256:bbb6c9373d17d85947c75e8cc2700bf26bebeb50d621a8809c46ab6b23a8f0c3,det-v1,1,accepted,1483,94,0.002,0.0020887500,true,false
call-000742,arm12b_cth_llm,dev/f3/s3200000/late_accurate,16,grok-4.20-0309-non-reasoning,sha256:bbb6c9373d17d85947c75e8cc2700bf26bebeb50d621a8809c46ab6b23a8f0c3,det-v1,1,accepted,1483,94,0.002,0.0020887500,true,false
call-000743,arm8_spec_immediate,dev/f3/s3200000/unreliable,13,grok-4.20-0309-non-reasoning,sha256:d47618a73fe8bea8c647d76ff114f1f7d152174f9d8836fc26d1ca361e92e368,det-v1,1,,1356,76,984.398,0.0018850000,false,true
call-000744,arm8_spec_immediate,dev/f3/s3200000/unreliable,13,grok-4.20-0309-non-reasoning,sha256:d47618a73fe8bea8c647d76ff114f1f7d152174f9d8836fc26d1ca361e92e368,det-v1,1,accepted,1356,76,984.398,0.0018850000,false,false
call-000745,arm10_spec_eprocess,dev/f3/s3200000/unreliable,13,grok-4.20-0309-non-reasoning,sha256:d47618a73fe8bea8c647d76ff114f1f7d152174f9d8836fc26d1ca361e92e368,det-v1,1,accepted,1356,76,0.001,0.0018850000,true,false
call-000746,arm12_cth,dev/f3/s3200000/unreliable,13,grok-4.20-0309-non-reasoning,sha256:d47618a73fe8bea8c647d76ff114f1f7d152174f9d8836fc26d1ca361e92e368,det-v1,1,accepted,1356,76,0.001,0.0018850000,true,false
call-000747,arm12b_cth_llm,dev/f3/s3200000/unreliable,13,grok-4.20-0309-non-reasoning,sha256:d47618a73fe8bea8c647d76ff114f1f7d152174f9d8836fc26d1ca361e92e368,det-v1,1,accepted,1356,76,0.002,0.0018850000,true,false
call-000748,arm8_spec_immediate,cal/f3/s3200001/early_accurate,15,grok-4.20-0309-non-reasoning,sha256:7fafe0ae8dfd4b0e8c5ebf5be35d21eb85777918549093fa3a82565ce1b24b80,det-v1,1,,1444,76,878.221,0.0019950000,false,true
call-000749,arm8_spec_immediate,cal/f3/s3200001/early_accurate,15,grok-4.20-0309-non-reasoning,sha256:7fafe0ae8dfd4b0e8c5ebf5be35d21eb85777918549093fa3a82565ce1b24b80,det-v1,1,accepted,1444,76,878.221,0.0019950000,false,false
call-000750,arm10_spec_eprocess,cal/f3/s3200001/early_accurate,15,grok-4.20-0309-non-reasoning,sha256:7fafe0ae8dfd4b0e8c5ebf5be35d21eb85777918549093fa3a82565ce1b24b80,det-v1,1,accepted,1444,76,0.002,0.0019950000,true,false
call-000751,arm12_cth,cal/f3/s3200001/early_accurate,15,grok-4.20-0309-non-reasoning,sha256:7fafe0ae8dfd4b0e8c5ebf5be35d21eb85777918549093fa3a82565ce1b24b80,det-v1,1,accepted,1444,76,0.001,0.0019950000,true,false
call-000752,arm12b_cth_llm,cal/f3/s3200001/early_accurate,15,grok-4.20-0309-non-reasoning,sha256:7fafe0ae8dfd4b0e8c5ebf5be35d21eb85777918549093fa3a82565ce1b24b80,det-v1,1,accepted,1444,76,0.002,0.0019950000,true,false
call-000753,arm8_spec_immediate,cal/f3/s3200001/late_accurate,18,grok-4.20-0309-non-reasoning,sha256:2a556cffe274749e10d04b23050bfafede9c4bcd6058c91b4ae86690cba39d97,det-v1,1,,1558,68,891.842,0.0021175000,false,true
call-000754,arm8_spec_immediate,cal/f3/s3200001/late_accurate,18,grok-4.20-0309-non-reasoning,sha256:2a556cffe274749e10d04b23050bfafede9c4bcd6058c91b4ae86690cba39d97,det-v1,1,accepted,1558,68,891.842,0.0021175000,false,false
call-000755,arm10_spec_eprocess,cal/f3/s3200001/late_accurate,18,grok-4.20-0309-non-reasoning,sha256:2a556cffe274749e10d04b23050bfafede9c4bcd6058c91b4ae86690cba39d97,det-v1,1,accepted,1558,68,0.001,0.0021175000,true,false
call-000756,arm12_cth,cal/f3/s3200001/late_accurate,18,grok-4.20-0309-non-reasoning,sha256:2a556cffe274749e10d04b23050bfafede9c4bcd6058c91b4ae86690cba39d97,det-v1,1,accepted,1558,68,0.002,0.0021175000,true,false
call-000757,arm12b_cth_llm,cal/f3/s3200001/late_accurate,18,grok-4.20-0309-non-reasoning,sha256:2a556cffe274749e10d04b23050bfafede9c4bcd6058c91b4ae86690cba39d97,det-v1,1,accepted,1558,68,0.003,0.0021175000,true,false
call-000758,arm8_spec_immediate,cal/f3/s3200001/unreliable,15,grok-4.20-0309-non-reasoning,sha256:b769dde93de7458d04e1bb8a2158e71bd37aff276f58c769d9cbac383ddb746a,det-v1,1,,1440,60,892.276,0.0019500000,false,true
call-000759,arm8_spec_immediate,cal/f3/s3200001/unreliable,15,grok-4.20-0309-non-reasoning,sha256:b769dde93de7458d04e1bb8a2158e71bd37aff276f58c769d9cbac383ddb746a,det-v1,1,accepted,1440,60,892.276,0.0019500000,false,false
call-000760,arm10_spec_eprocess,cal/f3/s3200001/unreliable,15,grok-4.20-0309-non-reasoning,sha256:b769dde93de7458d04e1bb8a2158e71bd37aff276f58c769d9cbac383ddb746a,det-v1,1,accepted,1440,60,0.001,0.0019500000,true,false
call-000761,arm12_cth,cal/f3/s3200001/unreliable,15,grok-4.20-0309-non-reasoning,sha256:b769dde93de7458d04e1bb8a2158e71bd37aff276f58c769d9cbac383ddb746a,det-v1,1,accepted,1440,60,0.001,0.0019500000,true,false
call-000762,arm12b_cth_llm,cal/f3/s3200001/unreliable,15,grok-4.20-0309-non-reasoning,sha256:b769dde93de7458d04e1bb8a2158e71bd37aff276f58c769d9cbac383ddb746a,det-v1,1,accepted,1440,60,0.002,0.0019500000,true,false
call-000763,arm8_spec_immediate,cal/f3/s3200001/no_alert__twin,10,grok-4.20-0309-non-reasoning,sha256:c7e77d56c965310737d7a17d2b64a374c8aed21fea6e545e65188e20975771db,det-v1,1,,1256,50,699.104,0.0016950000,false,true
call-000764,arm8_spec_immediate,cal/f3/s3200001/no_alert__twin,10,grok-4.20-0309-non-reasoning,sha256:c7e77d56c965310737d7a17d2b64a374c8aed21fea6e545e65188e20975771db,det-v1,1,accepted,1256,50,699.104,0.0016950000,false,false
call-000765,arm10_spec_eprocess,cal/f3/s3200001/no_alert__twin,10,grok-4.20-0309-non-reasoning,sha256:c7e77d56c965310737d7a17d2b64a374c8aed21fea6e545e65188e20975771db,det-v1,1,accepted,1256,50,0.002,0.0016950000,true,false
call-000766,arm12_cth,cal/f3/s3200001/no_alert__twin,10,grok-4.20-0309-non-reasoning,sha256:c7e77d56c965310737d7a17d2b64a374c8aed21fea6e545e65188e20975771db,det-v1,1,accepted,1256,50,0.002,0.0016950000,true,false
call-000767,arm12b_cth_llm,cal/f3/s3200001/no_alert__twin,10,grok-4.20-0309-non-reasoning,sha256:c7e77d56c965310737d7a17d2b64a374c8aed21fea6e545e65188e20975771db,det-v1,1,accepted,1256,50,0.002,0.0016950000,true,false
call-000768,arm8_spec_immediate,dev/f3/s3200002/early_accurate,20,grok-4.20-0309-non-reasoning,sha256:6aad1f013bc4f79380e2ae71f897f9e7fffed3706b1981dacfb6af5e69783c9e,det-v1,1,,1631,69,1766.954,0.0022112500,false,true
call-000769,arm8_spec_immediate,dev/f3/s3200002/early_accurate,20,grok-4.20-0309-non-reasoning,sha256:6aad1f013bc4f79380e2ae71f897f9e7fffed3706b1981dacfb6af5e69783c9e,det-v1,1,accepted,1631,69,1766.954,0.0022112500,false,false
call-000770,arm10_spec_eprocess,dev/f3/s3200002/early_accurate,20,grok-4.20-0309-non-reasoning,sha256:6aad1f013bc4f79380e2ae71f897f9e7fffed3706b1981dacfb6af5e69783c9e,det-v1,1,accepted,1631,69,0.002,0.0022112500,true,false
call-000771,arm12_cth,dev/f3/s3200002/early_accurate,20,grok-4.20-0309-non-reasoning,sha256:6aad1f013bc4f79380e2ae71f897f9e7fffed3706b1981dacfb6af5e69783c9e,det-v1,1,accepted,1631,69,0.002,0.0022112500,true,false
call-000772,arm12b_cth_llm,dev/f3/s3200002/early_accurate,20,grok-4.20-0309-non-reasoning,sha256:6aad1f013bc4f79380e2ae71f897f9e7fffed3706b1981dacfb6af5e69783c9e,det-v1,1,accepted,1631,69,0.002,0.0022112500,true,false
call-000773,arm8_spec_immediate,dev/f3/s3200002/late_accurate,23,grok-4.20-0309-non-reasoning,sha256:c565ce79cc8b274d4b12f8710873906df99312c5f3841dec7b14ce91f78286ef,det-v1,1,,1745,60,753.364,0.0023312500,false,true
call-000774,arm8_spec_immediate,dev/f3/s3200002/late_accurate,23,grok-4.20-0309-non-reasoning,sha256:c565ce79cc8b274d4b12f8710873906df99312c5f3841dec7b14ce91f78286ef,det-v1,1,accepted,1745,60,753.364,0.0023312500,false,false
call-000775,arm10_spec_eprocess,dev/f3/s3200002/late_accurate,23,grok-4.20-0309-non-reasoning,sha256:c565ce79cc8b274d4b12f8710873906df99312c5f3841dec7b14ce91f78286ef,det-v1,1,accepted,1745,60,0.002,0.0023312500,true,false
call-000776,arm12_cth,dev/f3/s3200002/late_accurate,23,grok-4.20-0309-non-reasoning,sha256:c565ce79cc8b274d4b12f8710873906df99312c5f3841dec7b14ce91f78286ef,det-v1,1,accepted,1745,60,0.001,0.0023312500,true,false
call-000777,arm12b_cth_llm,dev/f3/s3200002/late_accurate,23,grok-4.20-0309-non-reasoning,sha256:c565ce79cc8b274d4b12f8710873906df99312c5f3841dec7b14ce91f78286ef,det-v1,1,accepted,1745,60,0.002,0.0023312500,true,false
call-000778,arm8_spec_immediate,dev/f3/s3200002/unreliable,20,grok-4.20-0309-non-reasoning,sha256:463fc6eb5beabfd1dd76f24da0ee3aef2485a697e54ae9d4a6c53b1b0646f4ea,det-v1,1,,1636,58,800.441,0.0021900000,false,true
call-000779,arm8_spec_immediate,dev/f3/s3200002/unreliable,20,grok-4.20-0309-non-reasoning,sha256:463fc6eb5beabfd1dd76f24da0ee3aef2485a697e54ae9d4a6c53b1b0646f4ea,det-v1,1,accepted,1636,58,800.441,0.0021900000,false,false
call-000780,arm10_spec_eprocess,dev/f3/s3200002/unreliable,20,grok-4.20-0309-non-reasoning,sha256:463fc6eb5beabfd1dd76f24da0ee3aef2485a697e54ae9d4a6c53b1b0646f4ea,det-v1,1,accepted,1636,58,0.002,0.0021900000,true,false
call-000781,arm12_cth,dev/f3/s3200002/unreliable,20,grok-4.20-0309-non-reasoning,sha256:463fc6eb5beabfd1dd76f24da0ee3aef2485a697e54ae9d4a6c53b1b0646f4ea,det-v1,1,accepted,1636,58,0.001,0.0021900000,true,false
call-000782,arm12b_cth_llm,dev/f3/s3200002/unreliable,20,grok-4.20-0309-non-reasoning,sha256:463fc6eb5beabfd1dd76f24da0ee3aef2485a697e54ae9d4a6c53b1b0646f4ea,det-v1,1,accepted,1636,58,0.002,0.0021900000,true,false
call-000783,arm8_spec_immediate,dev/f3/s3200002/no_alert__twin,10,grok-4.20-0309-non-reasoning,sha256:76cb99240d8d5da2761f67371b4b0ec2252924a4eb9bba255e610c0b98e2bf12,det-v1,1,,1256,71,1036.581,0.0017475000,false,true
call-000784,arm8_spec_immediate,dev/f3/s3200002/no_alert__twin,10,grok-4.20-0309-non-reasoning,sha256:76cb99240d8d5da2761f67371b4b0ec2252924a4eb9bba255e610c0b98e2bf12,det-v1,1,accepted,1256,71,1036.581,0.0017475000,false,false
call-000785,arm10_spec_eprocess,dev/f3/s3200002/no_alert__twin,10,grok-4.20-0309-non-reasoning,sha256:76cb99240d8d5da2761f67371b4b0ec2252924a4eb9bba255e610c0b98e2bf12,det-v1,1,accepted,1256,71,0.001,0.0017475000,true,false
call-000786,arm12_cth,dev/f3/s3200002/no_alert__twin,10,grok-4.20-0309-non-reasoning,sha256:76cb99240d8d5da2761f67371b4b0ec2252924a4eb9bba255e610c0b98e2bf12,det-v1,1,accepted,1256,71,0.002,0.0017475000,true,false
call-000787,arm12b_cth_llm,dev/f3/s3200002/no_alert__twin,10,grok-4.20-0309-non-reasoning,sha256:76cb99240d8d5da2761f67371b4b0ec2252924a4eb9bba255e610c0b98e2bf12,det-v1,1,accepted,1256,71,0.002,0.0017475000,true,false
call-000788,arm8_spec_immediate,cal/f3/s3200003/no_alert,22,grok-4.20-0309-non-reasoning,sha256:175e95daaf816c9517afbffcd6bcb4c7567ca77bcaacfe48ee0bd8169aef8c53,det-v1,1,,1671,62,844.123,0.0022437500,false,true
call-000789,arm8_spec_immediate,cal/f3/s3200003/no_alert,22,grok-4.20-0309-non-reasoning,sha256:175e95daaf816c9517afbffcd6bcb4c7567ca77bcaacfe48ee0bd8169aef8c53,det-v1,1,accepted,1671,62,844.123,0.0022437500,false,false
call-000790,arm10_spec_eprocess,cal/f3/s3200003/no_alert,22,grok-4.20-0309-non-reasoning,sha256:175e95daaf816c9517afbffcd6bcb4c7567ca77bcaacfe48ee0bd8169aef8c53,det-v1,1,accepted,1671,62,0.001,0.0022437500,true,false
call-000791,arm12_cth,cal/f3/s3200003/no_alert,22,grok-4.20-0309-non-reasoning,sha256:175e95daaf816c9517afbffcd6bcb4c7567ca77bcaacfe48ee0bd8169aef8c53,det-v1,1,accepted,1671,62,0.001,0.0022437500,true,false
call-000792,arm12b_cth_llm,cal/f3/s3200003/no_alert,22,grok-4.20-0309-non-reasoning,sha256:175e95daaf816c9517afbffcd6bcb4c7567ca77bcaacfe48ee0bd8169aef8c53,det-v1,1,accepted,1671,62,0.002,0.0022437500,true,false
call-000793,arm8_spec_immediate,cal/f3/s3200003/early_accurate,18,grok-4.20-0309-non-reasoning,sha256:b114fb84fc40554c72960a317287b09bacdf9b71fc9477afe2332800986ab094,det-v1,1,,1552,79,1773.091,0.0021375000,false,true
call-000794,arm8_spec_immediate,cal/f3/s3200003/early_accurate,18,grok-4.20-0309-non-reasoning,sha256:b114fb84fc40554c72960a317287b09bacdf9b71fc9477afe2332800986ab094,det-v1,1,accepted,1552,79,1773.091,0.0021375000,false,false
call-000795,arm8_spec_immediate,cal/f3/s3200003/early_accurate,24,grok-4.20-0309-non-reasoning,sha256:69a81ab7f8dfc9ae4980068621182c1d913bca448e16b15708866805748460f9,det-v1,1,,1780,66,1052.421,0.0023900000,false,true
call-000796,arm8_spec_immediate,cal/f3/s3200003/early_accurate,24,grok-4.20-0309-non-reasoning,sha256:69a81ab7f8dfc9ae4980068621182c1d913bca448e16b15708866805748460f9,det-v1,1,accepted,1780,66,1052.421,0.0023900000,false,false
call-000797,arm10_spec_eprocess,cal/f3/s3200003/early_accurate,18,grok-4.20-0309-non-reasoning,sha256:b114fb84fc40554c72960a317287b09bacdf9b71fc9477afe2332800986ab094,det-v1,1,accepted,1552,79,0.002,0.0021375000,true,false
call-000798,arm10_spec_eprocess,cal/f3/s3200003/early_accurate,24,grok-4.20-0309-non-reasoning,sha256:6cc6fb9a6ce0a6fdd7a59c2db0191f938dcc447aed62b646f57282cfec435a40,det-v1,1,,1780,66,1193.546,0.0023900000,false,true
call-000799,arm10_spec_eprocess,cal/f3/s3200003/early_accurate,24,grok-4.20-0309-non-reasoning,sha256:6cc6fb9a6ce0a6fdd7a59c2db0191f938dcc447aed62b646f57282cfec435a40,det-v1,1,accepted,1780,66,1193.546,0.0023900000,false,false
call-000800,arm12_cth,cal/f3/s3200003/early_accurate,18,grok-4.20-0309-non-reasoning,sha256:b114fb84fc40554c72960a317287b09bacdf9b71fc9477afe2332800986ab094,det-v1,1,accepted,1552,79,0.003,0.0021375000,true,false
call-000801,arm12_cth,cal/f3/s3200003/early_accurate,24,grok-4.20-0309-non-reasoning,sha256:d1861f54dd9871aff96d00fe9b832c18ca5e2c9671c5101d9c68ce88b6fc57d6,det-v1,1,,1780,66,1019.234,0.0023900000,false,true
call-000802,arm12_cth,cal/f3/s3200003/early_accurate,24,grok-4.20-0309-non-reasoning,sha256:d1861f54dd9871aff96d00fe9b832c18ca5e2c9671c5101d9c68ce88b6fc57d6,det-v1,1,accepted,1780,66,1019.234,0.0023900000,false,false
call-000803,arm12b_cth_llm,cal/f3/s3200003/early_accurate,18,grok-4.20-0309-non-reasoning,sha256:b114fb84fc40554c72960a317287b09bacdf9b71fc9477afe2332800986ab094,det-v1,1,accepted,1552,79,0.002,0.0021375000,true,false
call-000804,arm12b_cth_llm,cal/f3/s3200003/early_accurate,24,grok-4.20-0309-non-reasoning,sha256:317c7c365bc4f5e0b870c6d2ff48bf593d37aaf7521731081f406d7055eb317b,det-v1,1,,1780,66,1441.058,0.0023900000,false,true
call-000805,arm12b_cth_llm,cal/f3/s3200003/early_accurate,24,grok-4.20-0309-non-reasoning,sha256:317c7c365bc4f5e0b870c6d2ff48bf593d37aaf7521731081f406d7055eb317b,det-v1,1,accepted,1780,66,1441.058,0.0023900000,false,false
call-000806,arm8_spec_immediate,cal/f3/s3200003/late_accurate,21,grok-4.20-0309-non-reasoning,sha256:70b654b83aac9fad51d700e799052b633855e3a1c036c35120b324262cc8d066,det-v1,1,,1666,62,952.469,0.0022375000,false,true
call-000807,arm8_spec_immediate,cal/f3/s3200003/late_accurate,21,grok-4.20-0309-non-reasoning,sha256:70b654b83aac9fad51d700e799052b633855e3a1c036c35120b324262cc8d066,det-v1,1,accepted,1666,62,952.469,0.0022375000,false,false
call-000808,arm10_spec_eprocess,cal/f3/s3200003/late_accurate,21,grok-4.20-0309-non-reasoning,sha256:70b654b83aac9fad51d700e799052b633855e3a1c036c35120b324262cc8d066,det-v1,1,accepted,1666,62,0.001,0.0022375000,true,false
call-000809,arm12_cth,cal/f3/s3200003/late_accurate,21,grok-4.20-0309-non-reasoning,sha256:70b654b83aac9fad51d700e799052b633855e3a1c036c35120b324262cc8d066,det-v1,1,accepted,1666,62,0.001,0.0022375000,true,false
call-000810,arm12b_cth_llm,cal/f3/s3200003/late_accurate,21,grok-4.20-0309-non-reasoning,sha256:70b654b83aac9fad51d700e799052b633855e3a1c036c35120b324262cc8d066,det-v1,1,accepted,1666,62,0.002,0.0022375000,true,false
call-000811,arm8_spec_immediate,cal/f3/s3200003/unreliable,18,grok-4.20-0309-non-reasoning,sha256:9464c119f84a04efddc34d3ba5c8505b4f258617b3ef734ec498d0fcbd93e167,det-v1,1,,1562,76,1089.819,0.0021425000,false,true
call-000812,arm8_spec_immediate,cal/f3/s3200003/unreliable,18,grok-4.20-0309-non-reasoning,sha256:9464c119f84a04efddc34d3ba5c8505b4f258617b3ef734ec498d0fcbd93e167,det-v1,1,accepted,1562,76,1089.819,0.0021425000,false,false
call-000813,arm8_spec_immediate,cal/f3/s3200003/unreliable,24,grok-4.20-0309-non-reasoning,sha256:e9f10dec2b44a76aa4d2f1d68a79418b25ba7e7682fd50df27152999e374acfa,det-v1,1,,1790,66,864.714,0.0024025000,false,true
call-000814,arm8_spec_immediate,cal/f3/s3200003/unreliable,24,grok-4.20-0309-non-reasoning,sha256:e9f10dec2b44a76aa4d2f1d68a79418b25ba7e7682fd50df27152999e374acfa,det-v1,1,accepted,1790,66,864.714,0.0024025000,false,false
call-000815,arm10_spec_eprocess,cal/f3/s3200003/unreliable,18,grok-4.20-0309-non-reasoning,sha256:9464c119f84a04efddc34d3ba5c8505b4f258617b3ef734ec498d0fcbd93e167,det-v1,1,accepted,1562,76,0.001,0.0021425000,true,false
call-000816,arm10_spec_eprocess,cal/f3/s3200003/unreliable,24,grok-4.20-0309-non-reasoning,sha256:e9f10dec2b44a76aa4d2f1d68a79418b25ba7e7682fd50df27152999e374acfa,det-v1,1,accepted,1790,66,0.001,0.0024025000,true,false
call-000817,arm12_cth,cal/f3/s3200003/unreliable,18,grok-4.20-0309-non-reasoning,sha256:9464c119f84a04efddc34d3ba5c8505b4f258617b3ef734ec498d0fcbd93e167,det-v1,1,accepted,1562,76,0.001,0.0021425000,true,false
call-000818,arm12_cth,cal/f3/s3200003/unreliable,24,grok-4.20-0309-non-reasoning,sha256:0356c6b664f4870b301ac0a6854c62fbf2af0fcfa9dbf2fdd5eae58414258d23,det-v1,1,,1790,66,955.497,0.0024025000,false,true
call-000819,arm12_cth,cal/f3/s3200003/unreliable,24,grok-4.20-0309-non-reasoning,sha256:0356c6b664f4870b301ac0a6854c62fbf2af0fcfa9dbf2fdd5eae58414258d23,det-v1,1,accepted,1790,66,955.497,0.0024025000,false,false
call-000820,arm12b_cth_llm,cal/f3/s3200003/unreliable,18,grok-4.20-0309-non-reasoning,sha256:9464c119f84a04efddc34d3ba5c8505b4f258617b3ef734ec498d0fcbd93e167,det-v1,1,accepted,1562,76,0.002,0.0021425000,true,false
call-000821,arm12b_cth_llm,cal/f3/s3200003/unreliable,24,grok-4.20-0309-non-reasoning,sha256:e9f10dec2b44a76aa4d2f1d68a79418b25ba7e7682fd50df27152999e374acfa,det-v1,1,accepted,1790,66,0.001,0.0024025000,true,false
call-000822,arm8_spec_immediate,dev/f3/s3200004/early_accurate,17,grok-4.20-0309-non-reasoning,sha256:6d24c4f8c321cd0a17d17b22af035a3d8654e3066d7d4e8c00765a07533769bc,det-v1,1,,1515,60,1014.421,0.0020437500,false,true
call-000823,arm8_spec_immediate,dev/f3/s3200004/early_accurate,17,grok-4.20-0309-non-reasoning,sha256:6d24c4f8c321cd0a17d17b22af035a3d8654e3066d7d4e8c00765a07533769bc,det-v1,1,accepted,1515,60,1014.421,0.0020437500,false,false
call-000824,arm10_spec_eprocess,dev/f3/s3200004/early_accurate,17,grok-4.20-0309-non-reasoning,sha256:6d24c4f8c321cd0a17d17b22af035a3d8654e3066d7d4e8c00765a07533769bc,det-v1,1,accepted,1515,60,0.001,0.0020437500,true,false
call-000825,arm12_cth,dev/f3/s3200004/early_accurate,17,grok-4.20-0309-non-reasoning,sha256:6d24c4f8c321cd0a17d17b22af035a3d8654e3066d7d4e8c00765a07533769bc,det-v1,1,accepted,1515,60,0.002,0.0020437500,true,false
call-000826,arm12b_cth_llm,dev/f3/s3200004/early_accurate,17,grok-4.20-0309-non-reasoning,sha256:6d24c4f8c321cd0a17d17b22af035a3d8654e3066d7d4e8c00765a07533769bc,det-v1,1,accepted,1515,60,0.002,0.0020437500,true,false
call-000827,arm8_spec_immediate,dev/f3/s3200004/late_accurate,20,grok-4.20-0309-non-reasoning,sha256:7a7021c6390517dce87648cf920af2d1a22806e59db46e14d1dd286a3d661fae,det-v1,1,,1629,60,886.765,0.0021862500,false,true
call-000828,arm8_spec_immediate,dev/f3/s3200004/late_accurate,20,grok-4.20-0309-non-reasoning,sha256:7a7021c6390517dce87648cf920af2d1a22806e59db46e14d1dd286a3d661fae,det-v1,1,accepted,1629,60,886.765,0.0021862500,false,false
call-000829,arm10_spec_eprocess,dev/f3/s3200004/late_accurate,20,grok-4.20-0309-non-reasoning,sha256:7a7021c6390517dce87648cf920af2d1a22806e59db46e14d1dd286a3d661fae,det-v1,1,accepted,1629,60,0.002,0.0021862500,true,false
call-000830,arm12_cth,dev/f3/s3200004/late_accurate,20,grok-4.20-0309-non-reasoning,sha256:7a7021c6390517dce87648cf920af2d1a22806e59db46e14d1dd286a3d661fae,det-v1,1,accepted,1629,60,0.001,0.0021862500,true,false
call-000831,arm12b_cth_llm,dev/f3/s3200004/late_accurate,20,grok-4.20-0309-non-reasoning,sha256:7a7021c6390517dce87648cf920af2d1a22806e59db46e14d1dd286a3d661fae,det-v1,1,accepted,1629,60,0.002,0.0021862500,true,false
call-000832,arm8_spec_immediate,dev/f3/s3200004/unreliable,17,grok-4.20-0309-non-reasoning,sha256:ed4fdfe17d34cda8bca4a8fdcf5e8e7420d796f4c07cca9ab1688798710c4e51,det-v1,1,,1517,88,1223.147,0.0021162500,false,true
call-000833,arm8_spec_immediate,dev/f3/s3200004/unreliable,17,grok-4.20-0309-non-reasoning,sha256:ed4fdfe17d34cda8bca4a8fdcf5e8e7420d796f4c07cca9ab1688798710c4e51,det-v1,1,accepted,1517,88,1223.147,0.0021162500,false,false
call-000834,arm10_spec_eprocess,dev/f3/s3200004/unreliable,17,grok-4.20-0309-non-reasoning,sha256:ed4fdfe17d34cda8bca4a8fdcf5e8e7420d796f4c07cca9ab1688798710c4e51,det-v1,1,accepted,1517,88,0.001,0.0021162500,true,false
call-000835,arm12_cth,dev/f3/s3200004/unreliable,17,grok-4.20-0309-non-reasoning,sha256:ed4fdfe17d34cda8bca4a8fdcf5e8e7420d796f4c07cca9ab1688798710c4e51,det-v1,1,accepted,1517,88,0.002,0.0021162500,true,false
call-000836,arm12b_cth_llm,dev/f3/s3200004/unreliable,17,grok-4.20-0309-non-reasoning,sha256:ed4fdfe17d34cda8bca4a8fdcf5e8e7420d796f4c07cca9ab1688798710c4e51,det-v1,1,accepted,1517,88,0.002,0.0021162500,true,false
call-000837,arm8_spec_immediate,cal/f3/s3200005/no_alert,22,grok-4.20-0309-non-reasoning,sha256:8e9133b2d54f6464789493babcfe7792530a317226fd788e91c90accf2e93a7e,det-v1,1,,1671,66,1008.579,0.0022537500,false,true
call-000838,arm8_spec_immediate,cal/f3/s3200005/no_alert,22,grok-4.20-0309-non-reasoning,sha256:8e9133b2d54f6464789493babcfe7792530a317226fd788e91c90accf2e93a7e,det-v1,1,accepted,1671,66,1008.579,0.0022537500,false,false
call-000839,arm10_spec_eprocess,cal/f3/s3200005/no_alert,22,grok-4.20-0309-non-reasoning,sha256:8e9133b2d54f6464789493babcfe7792530a317226fd788e91c90accf2e93a7e,det-v1,1,accepted,1671,66,0.001,0.0022537500,true,false
call-000840,arm12_cth,cal/f3/s3200005/no_alert,22,grok-4.20-0309-non-reasoning,sha256:8e9133b2d54f6464789493babcfe7792530a317226fd788e91c90accf2e93a7e,det-v1,1,accepted,1671,66,0.002,0.0022537500,true,false
call-000841,arm12b_cth_llm,cal/f3/s3200005/no_alert,22,grok-4.20-0309-non-reasoning,sha256:8e9133b2d54f6464789493babcfe7792530a317226fd788e91c90accf2e93a7e,det-v1,1,accepted,1671,66,0.002,0.0022537500,true,false
call-000842,arm8_spec_immediate,cal/f3/s3200005/early_accurate,18,grok-4.20-0309-non-reasoning,sha256:43b2e43b3f6c0a7b5b0b98dd68d1ac9cbd31448e04ef2e03f08d767f06e1c9ce,det-v1,1,,1549,50,850.834,0.0020612500,false,true
call-000843,arm8_spec_immediate,cal/f3/s3200005/early_accurate,18,grok-4.20-0309-non-reasoning,sha256:43b2e43b3f6c0a7b5b0b98dd68d1ac9cbd31448e04ef2e03f08d767f06e1c9ce,det-v1,1,accepted,1549,50,850.834,0.0020612500,false,false
call-000844,arm8_spec_immediate,cal/f3/s3200005/early_accurate,24,grok-4.20-0309-non-reasoning,sha256:abc08fc03aa584060efdef4b3ea99c034451532f5881e0e719c9205f3fac04e1,det-v1,1,,1777,50,942.820,0.0023462500,false,true
call-000845,arm8_spec_immediate,cal/f3/s3200005/early_accurate,24,grok-4.20-0309-non-reasoning,sha256:abc08fc03aa584060efdef4b3ea99c034451532f5881e0e719c9205f3fac04e1,det-v1,1,accepted,1777,50,942.820,0.0023462500,false,false
call-000846,arm10_spec_eprocess,cal/f3/s3200005/early_accurate,18,grok-4.20-0309-non-reasoning,sha256:43b2e43b3f6c0a7b5b0b98dd68d1ac9cbd31448e04ef2e03f08d767f06e1c9ce,det-v1,1,accepted,1549,50,0.001,0.0020612500,true,false
call-000847,arm10_spec_eprocess,cal/f3/s3200005/early_accurate,24,grok-4.20-0309-non-reasoning,sha256:abc08fc03aa584060efdef4b3ea99c034451532f5881e0e719c9205f3fac04e1,det-v1,1,accepted,1777,50,0.001,0.0023462500,true,false
call-000848,arm12_cth,cal/f3/s3200005/early_accurate,18,grok-4.20-0309-non-reasoning,sha256:43b2e43b3f6c0a7b5b0b98dd68d1ac9cbd31448e04ef2e03f08d767f06e1c9ce,det-v1,1,accepted,1549,50,0.001,0.0020612500,true,false
call-000849,arm12_cth,cal/f3/s3200005/early_accurate,24,grok-4.20-0309-non-reasoning,sha256:27d7087066dbca53833f3eea6d251ffc96db2a21f6308125b4f042c39ec77a29,det-v1,1,,1777,50,875.002,0.0023462500,false,true
call-000850,arm12_cth,cal/f3/s3200005/early_accurate,24,grok-4.20-0309-non-reasoning,sha256:27d7087066dbca53833f3eea6d251ffc96db2a21f6308125b4f042c39ec77a29,det-v1,1,accepted,1777,50,875.002,0.0023462500,false,false
call-000851,arm12b_cth_llm,cal/f3/s3200005/early_accurate,18,grok-4.20-0309-non-reasoning,sha256:43b2e43b3f6c0a7b5b0b98dd68d1ac9cbd31448e04ef2e03f08d767f06e1c9ce,det-v1,1,accepted,1549,50,0.002,0.0020612500,true,false
call-000852,arm12b_cth_llm,cal/f3/s3200005/early_accurate,24,grok-4.20-0309-non-reasoning,sha256:abc08fc03aa584060efdef4b3ea99c034451532f5881e0e719c9205f3fac04e1,det-v1,1,accepted,1777,50,0.001,0.0023462500,true,false
call-000853,arm8_spec_immediate,cal/f3/s3200005/late_accurate,21,grok-4.20-0309-non-reasoning,sha256:1da4dbafaa4bb36e2a786c44f7b34757a9d2110570819f20c9f2d95ab7f2ea2e,det-v1,1,,1663,50,1567.629,0.0022037500,false,true
call-000854,arm8_spec_immediate,cal/f3/s3200005/late_accurate,21,grok-4.20-0309-non-reasoning,sha256:1da4dbafaa4bb36e2a786c44f7b34757a9d2110570819f20c9f2d95ab7f2ea2e,det-v1,1,accepted,1663,50,1567.629,0.0022037500,false,false
call-000855,arm10_spec_eprocess,cal/f3/s3200005/late_accurate,21,grok-4.20-0309-non-reasoning,sha256:1da4dbafaa4bb36e2a786c44f7b34757a9d2110570819f20c9f2d95ab7f2ea2e,det-v1,1,accepted,1663,50,0.001,0.0022037500,true,false
call-000856,arm12_cth,cal/f3/s3200005/late_accurate,21,grok-4.20-0309-non-reasoning,sha256:1da4dbafaa4bb36e2a786c44f7b34757a9d2110570819f20c9f2d95ab7f2ea2e,det-v1,1,accepted,1663,50,0.001,0.0022037500,true,false
call-000857,arm12b_cth_llm,cal/f3/s3200005/late_accurate,21,grok-4.20-0309-non-reasoning,sha256:1da4dbafaa4bb36e2a786c44f7b34757a9d2110570819f20c9f2d95ab7f2ea2e,det-v1,1,accepted,1663,50,0.002,0.0022037500,true,false
call-000858,arm8_spec_immediate,cal/f3/s3200005/unreliable,18,grok-4.20-0309-non-reasoning,sha256:c2aedce215797bd2d8d95c594de5f3f9a3ac463b957722f16bbd6503a4c744a3,det-v1,1,,1557,58,1018.528,0.0020912500,false,true
call-000859,arm8_spec_immediate,cal/f3/s3200005/unreliable,18,grok-4.20-0309-non-reasoning,sha256:c2aedce215797bd2d8d95c594de5f3f9a3ac463b957722f16bbd6503a4c744a3,det-v1,1,accepted,1557,58,1018.528,0.0020912500,false,false
call-000860,arm8_spec_immediate,cal/f3/s3200005/unreliable,24,grok-4.20-0309-non-reasoning,sha256:294e1921a0d4ae4d9e60dc037ca01a4042be6bbadfa4474c281ab652173ceeda,det-v1,1,,1785,74,1048.759,0.0024162500,false,true
call-000861,arm8_spec_immediate,cal/f3/s3200005/unreliable,24,grok-4.20-0309-non-reasoning,sha256:294e1921a0d4ae4d9e60dc037ca01a4042be6bbadfa4474c281ab652173ceeda,det-v1,1,accepted,1785,74,1048.759,0.0024162500,false,false
call-000862,arm10_spec_eprocess,cal/f3/s3200005/unreliable,18,grok-4.20-0309-non-reasoning,sha256:c2aedce215797bd2d8d95c594de5f3f9a3ac463b957722f16bbd6503a4c744a3,det-v1,1,accepted,1557,58,0.001,0.0020912500,true,false
call-000863,arm10_spec_eprocess,cal/f3/s3200005/unreliable,24,grok-4.20-0309-non-reasoning,sha256:abd42bcc5c8c166f4f64b14f31bdc14e54353041d72f4228d587a94af6ce1ec6,det-v1,1,,1785,75,1010.193,0.0024187500,false,true
call-000864,arm10_spec_eprocess,cal/f3/s3200005/unreliable,24,grok-4.20-0309-non-reasoning,sha256:abd42bcc5c8c166f4f64b14f31bdc14e54353041d72f4228d587a94af6ce1ec6,det-v1,1,accepted,1785,75,1010.193,0.0024187500,false,false
call-000865,arm12_cth,cal/f3/s3200005/unreliable,18,grok-4.20-0309-non-reasoning,sha256:c2aedce215797bd2d8d95c594de5f3f9a3ac463b957722f16bbd6503a4c744a3,det-v1,1,accepted,1557,58,0.002,0.0020912500,true,false
call-000866,arm12_cth,cal/f3/s3200005/unreliable,24,grok-4.20-0309-non-reasoning,sha256:2d82e529b5db146b3c052a92aa4b1ab35bd26ff616afd5c0345a4a4865db0543,det-v1,1,,1785,74,1767.748,0.0024162500,false,true
call-000867,arm12_cth,cal/f3/s3200005/unreliable,24,grok-4.20-0309-non-reasoning,sha256:2d82e529b5db146b3c052a92aa4b1ab35bd26ff616afd5c0345a4a4865db0543,det-v1,1,accepted,1785,74,1767.748,0.0024162500,false,false
call-000868,arm12b_cth_llm,cal/f3/s3200005/unreliable,18,grok-4.20-0309-non-reasoning,sha256:c2aedce215797bd2d8d95c594de5f3f9a3ac463b957722f16bbd6503a4c744a3,det-v1,1,accepted,1557,58,0.002,0.0020912500,true,false
call-000869,arm12b_cth_llm,cal/f3/s3200005/unreliable,24,grok-4.20-0309-non-reasoning,sha256:2d82e529b5db146b3c052a92aa4b1ab35bd26ff616afd5c0345a4a4865db0543,det-v1,1,accepted,1785,74,0.002,0.0024162500,true,false
call-000870,arm8_spec_immediate,cal/f3/s3200005/no_alert__twin,10,grok-4.20-0309-non-reasoning,sha256:887ae6a5ebb1176a0f3a00411c8400c6a16289a067e9908188f1d2fba38d4c55,det-v1,1,,1257,86,1023.127,0.0017862500,false,true
call-000871,arm8_spec_immediate,cal/f3/s3200005/no_alert__twin,10,grok-4.20-0309-non-reasoning,sha256:887ae6a5ebb1176a0f3a00411c8400c6a16289a067e9908188f1d2fba38d4c55,det-v1,1,accepted,1257,86,1023.127,0.0017862500,false,false
call-000872,arm10_spec_eprocess,cal/f3/s3200005/no_alert__twin,10,grok-4.20-0309-non-reasoning,sha256:887ae6a5ebb1176a0f3a00411c8400c6a16289a067e9908188f1d2fba38d4c55,det-v1,1,accepted,1257,86,0.002,0.0017862500,true,false
call-000873,arm12_cth,cal/f3/s3200005/no_alert__twin,10,grok-4.20-0309-non-reasoning,sha256:887ae6a5ebb1176a0f3a00411c8400c6a16289a067e9908188f1d2fba38d4c55,det-v1,1,accepted,1257,86,0.002,0.0017862500,true,false
call-000874,arm12b_cth_llm,cal/f3/s3200005/no_alert__twin,10,grok-4.20-0309-non-reasoning,sha256:887ae6a5ebb1176a0f3a00411c8400c6a16289a067e9908188f1d2fba38d4c55,det-v1,1,accepted,1257,86,0.002,0.0017862500,true,false
call-000875,arm8_spec_immediate,dev/f3/s3200006/early_accurate,19,grok-4.20-0309-non-reasoning,sha256:608995a56aef90ed22e03200ae0b756ea7fcbf54c5ce47f9953982882d8ebfe2,det-v1,1,,1595,65,951.223,0.0021562500,false,true
call-000876,arm8_spec_immediate,dev/f3/s3200006/early_accurate,19,grok-4.20-0309-non-reasoning,sha256:608995a56aef90ed22e03200ae0b756ea7fcbf54c5ce47f9953982882d8ebfe2,det-v1,1,accepted,1595,65,951.223,0.0021562500,false,false
call-000877,arm10_spec_eprocess,dev/f3/s3200006/early_accurate,19,grok-4.20-0309-non-reasoning,sha256:608995a56aef90ed22e03200ae0b756ea7fcbf54c5ce47f9953982882d8ebfe2,det-v1,1,accepted,1595,65,0.002,0.0021562500,true,false
call-000878,arm12_cth,dev/f3/s3200006/early_accurate,19,grok-4.20-0309-non-reasoning,sha256:608995a56aef90ed22e03200ae0b756ea7fcbf54c5ce47f9953982882d8ebfe2,det-v1,1,accepted,1595,65,0.001,0.0021562500,true,false
call-000879,arm12b_cth_llm,dev/f3/s3200006/early_accurate,19,grok-4.20-0309-non-reasoning,sha256:608995a56aef90ed22e03200ae0b756ea7fcbf54c5ce47f9953982882d8ebfe2,det-v1,1,accepted,1595,65,0.002,0.0021562500,true,false
call-000880,arm8_spec_immediate,dev/f3/s3200006/late_accurate,22,grok-4.20-0309-non-reasoning,sha256:38abd884810f122cb64eb2695f2db8cf2be0c09b8d5c0bcbd0dac05e16e733be,det-v1,1,,1709,60,877.715,0.0022862500,false,true
call-000881,arm8_spec_immediate,dev/f3/s3200006/late_accurate,22,grok-4.20-0309-non-reasoning,sha256:38abd884810f122cb64eb2695f2db8cf2be0c09b8d5c0bcbd0dac05e16e733be,det-v1,1,accepted,1709,60,877.715,0.0022862500,false,false
call-000882,arm10_spec_eprocess,dev/f3/s3200006/late_accurate,22,grok-4.20-0309-non-reasoning,sha256:38abd884810f122cb64eb2695f2db8cf2be0c09b8d5c0bcbd0dac05e16e733be,det-v1,1,accepted,1709,60,0.001,0.0022862500,true,false
call-000883,arm12_cth,dev/f3/s3200006/late_accurate,22,grok-4.20-0309-non-reasoning,sha256:38abd884810f122cb64eb2695f2db8cf2be0c09b8d5c0bcbd0dac05e16e733be,det-v1,1,accepted,1709,60,0.001,0.0022862500,true,false
call-000884,arm12b_cth_llm,dev/f3/s3200006/late_accurate,22,grok-4.20-0309-non-reasoning,sha256:38abd884810f122cb64eb2695f2db8cf2be0c09b8d5c0bcbd0dac05e16e733be,det-v1,1,accepted,1709,60,0.002,0.0022862500,true,false
call-000885,arm8_spec_immediate,dev/f3/s3200006/unreliable,19,grok-4.20-0309-non-reasoning,sha256:647a09b0f64c6e7432f3ab7d06d0f320e19f18712c6bb72bd960726ed0d53cf9,det-v1,1,,1583,50,973.569,0.0021037500,false,true
call-000886,arm8_spec_immediate,dev/f3/s3200006/unreliable,19,grok-4.20-0309-non-reasoning,sha256:647a09b0f64c6e7432f3ab7d06d0f320e19f18712c6bb72bd960726ed0d53cf9,det-v1,1,accepted,1583,50,973.569,0.0021037500,false,false
call-000887,arm10_spec_eprocess,dev/f3/s3200006/unreliable,19,grok-4.20-0309-non-reasoning,sha256:647a09b0f64c6e7432f3ab7d06d0f320e19f18712c6bb72bd960726ed0d53cf9,det-v1,1,accepted,1583,50,0.001,0.0021037500,true,false
call-000888,arm12_cth,dev/f3/s3200006/unreliable,19,grok-4.20-0309-non-reasoning,sha256:647a09b0f64c6e7432f3ab7d06d0f320e19f18712c6bb72bd960726ed0d53cf9,det-v1,1,accepted,1583,50,0.001,0.0021037500,true,false
call-000889,arm12b_cth_llm,dev/f3/s3200006/unreliable,19,grok-4.20-0309-non-reasoning,sha256:647a09b0f64c6e7432f3ab7d06d0f320e19f18712c6bb72bd960726ed0d53cf9,det-v1,1,accepted,1583,50,0.002,0.0021037500,true,false
call-000890,arm8_spec_immediate,dev/f3/s3200006/no_alert__twin,10,grok-4.20-0309-non-reasoning,sha256:1aa076a04e599bc7ca081db8537dd48142eea4b8acf97d4706c83a0a3de2de37,det-v1,1,,1253,86,1024.784,0.0017812500,false,true
call-000891,arm8_spec_immediate,dev/f3/s3200006/no_alert__twin,10,grok-4.20-0309-non-reasoning,sha256:1aa076a04e599bc7ca081db8537dd48142eea4b8acf97d4706c83a0a3de2de37,det-v1,1,accepted,1253,86,1024.784,0.0017812500,false,false
call-000892,arm10_spec_eprocess,dev/f3/s3200006/no_alert__twin,10,grok-4.20-0309-non-reasoning,sha256:1aa076a04e599bc7ca081db8537dd48142eea4b8acf97d4706c83a0a3de2de37,det-v1,1,accepted,1253,86,0.002,0.0017812500,true,false
call-000893,arm12_cth,dev/f3/s3200006/no_alert__twin,10,grok-4.20-0309-non-reasoning,sha256:1aa076a04e599bc7ca081db8537dd48142eea4b8acf97d4706c83a0a3de2de37,det-v1,1,accepted,1253,86,0.002,0.0017812500,true,false
call-000894,arm12b_cth_llm,dev/f3/s3200006/no_alert__twin,10,grok-4.20-0309-non-reasoning,sha256:1aa076a04e599bc7ca081db8537dd48142eea4b8acf97d4706c83a0a3de2de37,det-v1,1,accepted,1253,86,0.002,0.0017812500,true,false
call-000895,arm8_spec_immediate,cal/f3/s3200007/no_alert,22,grok-4.20-0309-non-reasoning,sha256:2db3863ab523db6108eb1d791d8d1288fa74b7dd6b3ed43ae644e5cdee83add7,det-v1,1,,1671,50,810.481,0.0022137500,false,true
call-000896,arm8_spec_immediate,cal/f3/s3200007/no_alert,22,grok-4.20-0309-non-reasoning,sha256:2db3863ab523db6108eb1d791d8d1288fa74b7dd6b3ed43ae644e5cdee83add7,det-v1,1,accepted,1671,50,810.481,0.0022137500,false,false
call-000897,arm10_spec_eprocess,cal/f3/s3200007/no_alert,22,grok-4.20-0309-non-reasoning,sha256:2db3863ab523db6108eb1d791d8d1288fa74b7dd6b3ed43ae644e5cdee83add7,det-v1,1,accepted,1671,50,0.002,0.0022137500,true,false
call-000898,arm12_cth,cal/f3/s3200007/no_alert,22,grok-4.20-0309-non-reasoning,sha256:2db3863ab523db6108eb1d791d8d1288fa74b7dd6b3ed43ae644e5cdee83add7,det-v1,1,accepted,1671,50,0.002,0.0022137500,true,false
call-000899,arm12b_cth_llm,cal/f3/s3200007/no_alert,22,grok-4.20-0309-non-reasoning,sha256:2db3863ab523db6108eb1d791d8d1288fa74b7dd6b3ed43ae644e5cdee83add7,det-v1,1,accepted,1671,50,0.002,0.0022137500,true,false
call-000900,arm8_spec_immediate,cal/f3/s3200007/early_accurate,20,grok-4.20-0309-non-reasoning,sha256:686a3056939b945287e62b59ac9f26ed805b4a0aad8c650b26fcc7bcf79c6eb9,det-v1,1,,1634,60,1126.101,0.0021925000,false,true
call-000901,arm8_spec_immediate,cal/f3/s3200007/early_accurate,20,grok-4.20-0309-non-reasoning,sha256:686a3056939b945287e62b59ac9f26ed805b4a0aad8c650b26fcc7bcf79c6eb9,det-v1,1,accepted,1634,60,1126.101,0.0021925000,false,false
call-000902,arm8_spec_immediate,cal/f3/s3200007/early_accurate,26,grok-4.20-0309-non-reasoning,sha256:f60868aa4f2c7d5f74c50b29154f79b5dd0a044650d935f7d81c41a5b875383b,det-v1,1,,1862,68,943.487,0.0024975000,false,true
call-000903,arm8_spec_immediate,cal/f3/s3200007/early_accurate,26,grok-4.20-0309-non-reasoning,sha256:f60868aa4f2c7d5f74c50b29154f79b5dd0a044650d935f7d81c41a5b875383b,det-v1,1,accepted,1862,68,943.487,0.0024975000,false,false
call-000904,arm10_spec_eprocess,cal/f3/s3200007/early_accurate,20,grok-4.20-0309-non-reasoning,sha256:686a3056939b945287e62b59ac9f26ed805b4a0aad8c650b26fcc7bcf79c6eb9,det-v1,1,accepted,1634,60,0.001,0.0021925000,true,false
call-000905,arm10_spec_eprocess,cal/f3/s3200007/early_accurate,26,grok-4.20-0309-non-reasoning,sha256:09e48aa33d9b3b384a75bbfc14b3e2a90dbd624619a8f9494cb3e705f68ce4b2,det-v1,1,,1862,66,894.004,0.0024925000,false,true
call-000906,arm10_spec_eprocess,cal/f3/s3200007/early_accurate,26,grok-4.20-0309-non-reasoning,sha256:09e48aa33d9b3b384a75bbfc14b3e2a90dbd624619a8f9494cb3e705f68ce4b2,det-v1,1,accepted,1862,66,894.004,0.0024925000,false,false
call-000907,arm12_cth,cal/f3/s3200007/early_accurate,20,grok-4.20-0309-non-reasoning,sha256:686a3056939b945287e62b59ac9f26ed805b4a0aad8c650b26fcc7bcf79c6eb9,det-v1,1,accepted,1634,60,0.003,0.0021925000,true,false
call-000908,arm12_cth,cal/f3/s3200007/early_accurate,26,grok-4.20-0309-non-reasoning,sha256:6507f99831501edbe5a81adccfff8562d5f354961ca6840944ad63676b5cc863,det-v1,1,,1862,68,986.542,0.0024975000,false,true
call-000909,arm12_cth,cal/f3/s3200007/early_accurate,26,grok-4.20-0309-non-reasoning,sha256:6507f99831501edbe5a81adccfff8562d5f354961ca6840944ad63676b5cc863,det-v1,1,accepted,1862,68,986.542,0.0024975000,false,false
call-000910,arm12b_cth_llm,cal/f3/s3200007/early_accurate,20,grok-4.20-0309-non-reasoning,sha256:686a3056939b945287e62b59ac9f26ed805b4a0aad8c650b26fcc7bcf79c6eb9,det-v1,1,accepted,1634,60,0.003,0.0021925000,true,false
call-000911,arm12b_cth_llm,cal/f3/s3200007/early_accurate,26,grok-4.20-0309-non-reasoning,sha256:e3a6e4268c83f04eab297d08f6a3149fd60c741d0f660b2d7eae24289bfe6901,det-v1,1,,1862,64,856.900,0.0024875000,false,true
call-000912,arm12b_cth_llm,cal/f3/s3200007/early_accurate,26,grok-4.20-0309-non-reasoning,sha256:e3a6e4268c83f04eab297d08f6a3149fd60c741d0f660b2d7eae24289bfe6901,det-v1,1,accepted,1862,64,856.900,0.0024875000,false,false
call-000913,arm8_spec_immediate,cal/f3/s3200007/late_accurate,22,grok-4.20-0309-non-reasoning,sha256:dc1f4596f574a9d2dceac331d4dda0730fddbb8194868074031e641aad927c10,det-v1,1,,1671,50,781.776,0.0022137500,false,true
call-000914,arm8_spec_immediate,cal/f3/s3200007/late_accurate,22,grok-4.20-0309-non-reasoning,sha256:dc1f4596f574a9d2dceac331d4dda0730fddbb8194868074031e641aad927c10,det-v1,1,accepted,1671,50,781.776,0.0022137500,false,false
call-000915,arm10_spec_eprocess,cal/f3/s3200007/late_accurate,22,grok-4.20-0309-non-reasoning,sha256:dc1f4596f574a9d2dceac331d4dda0730fddbb8194868074031e641aad927c10,det-v1,1,accepted,1671,50,0.002,0.0022137500,true,false
call-000916,arm12_cth,cal/f3/s3200007/late_accurate,22,grok-4.20-0309-non-reasoning,sha256:dc1f4596f574a9d2dceac331d4dda0730fddbb8194868074031e641aad927c10,det-v1,1,accepted,1671,50,0.002,0.0022137500,true,false
call-000917,arm12b_cth_llm,cal/f3/s3200007/late_accurate,22,grok-4.20-0309-non-reasoning,sha256:dc1f4596f574a9d2dceac331d4dda0730fddbb8194868074031e641aad927c10,det-v1,1,accepted,1671,50,0.002,0.0022137500,true,false
call-000918,arm8_spec_immediate,cal/f3/s3200007/unreliable,20,grok-4.20-0309-non-reasoning,sha256:eb76971293dc5f661122536f21b78292237be3c828f5b772063502cd4856ca1f,det-v1,1,,1639,102,1187.031,0.0023037500,false,true
call-000919,arm8_spec_immediate,cal/f3/s3200007/unreliable,20,grok-4.20-0309-non-reasoning,sha256:eb76971293dc5f661122536f21b78292237be3c828f5b772063502cd4856ca1f,det-v1,1,accepted,1639,102,1187.031,0.0023037500,false,false
call-000920,arm8_spec_immediate,cal/f3/s3200007/unreliable,26,grok-4.20-0309-non-reasoning,sha256:f8cf45268c9ff4d7148c40df0379ef3858ebdfdb0798d645081554478ee0099f,det-v1,1,,1867,66,960.979,0.0024987500,false,true
call-000921,arm8_spec_immediate,cal/f3/s3200007/unreliable,26,grok-4.20-0309-non-reasoning,sha256:f8cf45268c9ff4d7148c40df0379ef3858ebdfdb0798d645081554478ee0099f,det-v1,1,accepted,1867,66,960.979,0.0024987500,false,false
call-000922,arm10_spec_eprocess,cal/f3/s3200007/unreliable,20,grok-4.20-0309-non-reasoning,sha256:eb76971293dc5f661122536f21b78292237be3c828f5b772063502cd4856ca1f,det-v1,1,accepted,1639,102,0.001,0.0023037500,true,false
call-000923,arm10_spec_eprocess,cal/f3/s3200007/unreliable,26,grok-4.20-0309-non-reasoning,sha256:d6490a34a6874be9ecbf8e4fe558ca820d0bdf91b36ec03670f0d5d49186bd77,det-v1,1,,1867,66,876.206,0.0024987500,false,true
call-000924,arm10_spec_eprocess,cal/f3/s3200007/unreliable,26,grok-4.20-0309-non-reasoning,sha256:d6490a34a6874be9ecbf8e4fe558ca820d0bdf91b36ec03670f0d5d49186bd77,det-v1,1,accepted,1867,66,876.206,0.0024987500,false,false
call-000925,arm12_cth,cal/f3/s3200007/unreliable,20,grok-4.20-0309-non-reasoning,sha256:eb76971293dc5f661122536f21b78292237be3c828f5b772063502cd4856ca1f,det-v1,1,accepted,1639,102,0.002,0.0023037500,true,false
call-000926,arm12_cth,cal/f3/s3200007/unreliable,26,grok-4.20-0309-non-reasoning,sha256:330339a167ea8d85f3633ace9a40166ac4b193e4c9f1c547a61d3e5c1deec516,det-v1,1,,1867,66,878.585,0.0024987500,false,true
call-000927,arm12_cth,cal/f3/s3200007/unreliable,26,grok-4.20-0309-non-reasoning,sha256:330339a167ea8d85f3633ace9a40166ac4b193e4c9f1c547a61d3e5c1deec516,det-v1,1,accepted,1867,66,878.585,0.0024987500,false,false
call-000928,arm12b_cth_llm,cal/f3/s3200007/unreliable,20,grok-4.20-0309-non-reasoning,sha256:eb76971293dc5f661122536f21b78292237be3c828f5b772063502cd4856ca1f,det-v1,1,accepted,1639,102,0.002,0.0023037500,true,false
call-000929,arm12b_cth_llm,cal/f3/s3200007/unreliable,26,grok-4.20-0309-non-reasoning,sha256:b35293aed6a8453ad93beeb4fc3e83d2cc8a0974bf8140dcad38e326bab72ea3,det-v1,1,,1867,66,881.327,0.0024987500,false,true
call-000930,arm12b_cth_llm,cal/f3/s3200007/unreliable,26,grok-4.20-0309-non-reasoning,sha256:b35293aed6a8453ad93beeb4fc3e83d2cc8a0974bf8140dcad38e326bab72ea3,det-v1,1,accepted,1867,66,881.327,0.0024987500,false,false
call-000931,arm8_spec_immediate,dev/f4/s4200000/early_accurate,16,grok-4.20-0309-non-reasoning,sha256:4ed75e88f15b98048f3afd3787e64056c7500379287e6ca29694e008564d81aa,det-v1,1,accepted,1477,88,0.003,0.0020662500,true,false
call-000932,arm10_spec_eprocess,dev/f4/s4200000/early_accurate,16,grok-4.20-0309-non-reasoning,sha256:4ed75e88f15b98048f3afd3787e64056c7500379287e6ca29694e008564d81aa,det-v1,1,accepted,1477,88,0.001,0.0020662500,true,false
call-000933,arm12_cth,dev/f4/s4200000/early_accurate,16,grok-4.20-0309-non-reasoning,sha256:4ed75e88f15b98048f3afd3787e64056c7500379287e6ca29694e008564d81aa,det-v1,1,accepted,1477,88,0.003,0.0020662500,true,false
call-000934,arm12b_cth_llm,dev/f4/s4200000/early_accurate,16,grok-4.20-0309-non-reasoning,sha256:4ed75e88f15b98048f3afd3787e64056c7500379287e6ca29694e008564d81aa,det-v1,1,accepted,1477,88,0.002,0.0020662500,true,false
call-000935,arm8_spec_immediate,dev/f4/s4200000/late_accurate,19,grok-4.20-0309-non-reasoning,sha256:edec48b7f6db11d2fd528afac909613437c490a951c11da451424c51d3ba55c5,det-v1,1,,1591,59,833.076,0.0021362500,false,true
call-000936,arm8_spec_immediate,dev/f4/s4200000/late_accurate,19,grok-4.20-0309-non-reasoning,sha256:edec48b7f6db11d2fd528afac909613437c490a951c11da451424c51d3ba55c5,det-v1,1,accepted,1591,59,833.076,0.0021362500,false,false
call-000937,arm10_spec_eprocess,dev/f4/s4200000/late_accurate,19,grok-4.20-0309-non-reasoning,sha256:edec48b7f6db11d2fd528afac909613437c490a951c11da451424c51d3ba55c5,det-v1,1,accepted,1591,59,0.002,0.0021362500,true,false
call-000938,arm12_cth,dev/f4/s4200000/late_accurate,19,grok-4.20-0309-non-reasoning,sha256:edec48b7f6db11d2fd528afac909613437c490a951c11da451424c51d3ba55c5,det-v1,1,accepted,1591,59,0.002,0.0021362500,true,false
call-000939,arm12b_cth_llm,dev/f4/s4200000/late_accurate,19,grok-4.20-0309-non-reasoning,sha256:edec48b7f6db11d2fd528afac909613437c490a951c11da451424c51d3ba55c5,det-v1,1,accepted,1591,59,0.002,0.0021362500,true,false
call-000940,arm8_spec_immediate,dev/f4/s4200000/unreliable,16,grok-4.20-0309-non-reasoning,sha256:e51040caf01e502f80e4dc6fb71b7096710b2a3f4b8d28aa9214cb4ea90ef0f1,det-v1,1,,1467,50,789.052,0.0019587500,false,true
call-000941,arm8_spec_immediate,dev/f4/s4200000/unreliable,16,grok-4.20-0309-non-reasoning,sha256:e51040caf01e502f80e4dc6fb71b7096710b2a3f4b8d28aa9214cb4ea90ef0f1,det-v1,1,accepted,1467,50,789.052,0.0019587500,false,false
call-000942,arm10_spec_eprocess,dev/f4/s4200000/unreliable,16,grok-4.20-0309-non-reasoning,sha256:e51040caf01e502f80e4dc6fb71b7096710b2a3f4b8d28aa9214cb4ea90ef0f1,det-v1,1,accepted,1467,50,0.002,0.0019587500,true,false
call-000943,arm12_cth,dev/f4/s4200000/unreliable,16,grok-4.20-0309-non-reasoning,sha256:e51040caf01e502f80e4dc6fb71b7096710b2a3f4b8d28aa9214cb4ea90ef0f1,det-v1,1,accepted,1467,50,0.002,0.0019587500,true,false
call-000944,arm12b_cth_llm,dev/f4/s4200000/unreliable,16,grok-4.20-0309-non-reasoning,sha256:e51040caf01e502f80e4dc6fb71b7096710b2a3f4b8d28aa9214cb4ea90ef0f1,det-v1,1,accepted,1467,50,0.002,0.0019587500,true,false
call-000945,arm8_spec_immediate,cal/f4/s4200001/early_accurate,20,grok-4.20-0309-non-reasoning,sha256:310a14dd70beca8bd386c075f6f4bd501790058f84f72c4de6d4a33be6590e43,det-v1,1,,1629,59,950.760,0.0021837500,false,true
call-000946,arm8_spec_immediate,cal/f4/s4200001/early_accurate,20,grok-4.20-0309-non-reasoning,sha256:310a14dd70beca8bd386c075f6f4bd501790058f84f72c4de6d4a33be6590e43,det-v1,1,accepted,1629,59,950.760,0.0021837500,false,false
call-000947,arm10_spec_eprocess,cal/f4/s4200001/early_accurate,20,grok-4.20-0309-non-reasoning,sha256:310a14dd70beca8bd386c075f6f4bd501790058f84f72c4de6d4a33be6590e43,det-v1,1,accepted,1629,59,0.002,0.0021837500,true,false
call-000948,arm12_cth,cal/f4/s4200001/early_accurate,20,grok-4.20-0309-non-reasoning,sha256:310a14dd70beca8bd386c075f6f4bd501790058f84f72c4de6d4a33be6590e43,det-v1,1,accepted,1629,59,0.002,0.0021837500,true,false
call-000949,arm12b_cth_llm,cal/f4/s4200001/early_accurate,20,grok-4.20-0309-non-reasoning,sha256:310a14dd70beca8bd386c075f6f4bd501790058f84f72c4de6d4a33be6590e43,det-v1,1,accepted,1629,59,0.004,0.0021837500,true,false
call-000950,arm8_spec_immediate,cal/f4/s4200001/late_accurate,23,grok-4.20-0309-non-reasoning,sha256:bcdb05cd228a83547a3a7af619475596b3d61345b208747f03e6e9aa45e39d27,det-v1,1,,1743,59,885.165,0.0023262500,false,true
call-000951,arm8_spec_immediate,cal/f4/s4200001/late_accurate,23,grok-4.20-0309-non-reasoning,sha256:bcdb05cd228a83547a3a7af619475596b3d61345b208747f03e6e9aa45e39d27,det-v1,1,accepted,1743,59,885.165,0.0023262500,false,false
call-000952,arm10_spec_eprocess,cal/f4/s4200001/late_accurate,23,grok-4.20-0309-non-reasoning,sha256:bcdb05cd228a83547a3a7af619475596b3d61345b208747f03e6e9aa45e39d27,det-v1,1,accepted,1743,59,0.002,0.0023262500,true,false
call-000953,arm12_cth,cal/f4/s4200001/late_accurate,23,grok-4.20-0309-non-reasoning,sha256:bcdb05cd228a83547a3a7af619475596b3d61345b208747f03e6e9aa45e39d27,det-v1,1,accepted,1743,59,0.002,0.0023262500,true,false
call-000954,arm12b_cth_llm,cal/f4/s4200001/late_accurate,23,grok-4.20-0309-non-reasoning,sha256:bcdb05cd228a83547a3a7af619475596b3d61345b208747f03e6e9aa45e39d27,det-v1,1,accepted,1743,59,0.002,0.0023262500,true,false
call-000955,arm8_spec_immediate,cal/f4/s4200001/unreliable,20,grok-4.20-0309-non-reasoning,sha256:32ca6895efc1af363d8635fa0875815c069f945046d999c1c5a0d9f29ef3fe6b,det-v1,1,,1628,61,874.884,0.0021875000,false,true
call-000956,arm8_spec_immediate,cal/f4/s4200001/unreliable,20,grok-4.20-0309-non-reasoning,sha256:32ca6895efc1af363d8635fa0875815c069f945046d999c1c5a0d9f29ef3fe6b,det-v1,1,accepted,1628,61,874.884,0.0021875000,false,false
call-000957,arm10_spec_eprocess,cal/f4/s4200001/unreliable,20,grok-4.20-0309-non-reasoning,sha256:32ca6895efc1af363d8635fa0875815c069f945046d999c1c5a0d9f29ef3fe6b,det-v1,1,accepted,1628,61,0.002,0.0021875000,true,false
call-000958,arm12_cth,cal/f4/s4200001/unreliable,20,grok-4.20-0309-non-reasoning,sha256:32ca6895efc1af363d8635fa0875815c069f945046d999c1c5a0d9f29ef3fe6b,det-v1,1,accepted,1628,61,0.002,0.0021875000,true,false
call-000959,arm12b_cth_llm,cal/f4/s4200001/unreliable,20,grok-4.20-0309-non-reasoning,sha256:32ca6895efc1af363d8635fa0875815c069f945046d999c1c5a0d9f29ef3fe6b,det-v1,1,accepted,1628,61,0.002,0.0021875000,true,false
call-000960,arm8_spec_immediate,cal/f4/s4200001/no_alert__twin,10,grok-4.20-0309-non-reasoning,sha256:47f0aad1e834bb1c8f4da99b1ac6680950b39d77936b68bf6825ac9bd051924e,det-v1,1,,1255,83,1086.858,0.0017762500,false,true
call-000961,arm8_spec_immediate,cal/f4/s4200001/no_alert__twin,10,grok-4.20-0309-non-reasoning,sha256:47f0aad1e834bb1c8f4da99b1ac6680950b39d77936b68bf6825ac9bd051924e,det-v1,1,accepted,1255,83,1086.858,0.0017762500,false,false
call-000962,arm10_spec_eprocess,cal/f4/s4200001/no_alert__twin,10,grok-4.20-0309-non-reasoning,sha256:47f0aad1e834bb1c8f4da99b1ac6680950b39d77936b68bf6825ac9bd051924e,det-v1,1,accepted,1255,83,0.002,0.0017762500,true,false
call-000963,arm12_cth,cal/f4/s4200001/no_alert__twin,10,grok-4.20-0309-non-reasoning,sha256:47f0aad1e834bb1c8f4da99b1ac6680950b39d77936b68bf6825ac9bd051924e,det-v1,1,accepted,1255,83,0.002,0.0017762500,true,false
call-000964,arm12b_cth_llm,cal/f4/s4200001/no_alert__twin,10,grok-4.20-0309-non-reasoning,sha256:47f0aad1e834bb1c8f4da99b1ac6680950b39d77936b68bf6825ac9bd051924e,det-v1,1,accepted,1255,83,0.002,0.0017762500,true,false
call-000965,arm8_spec_immediate,dev/f4/s4200002/early_accurate,19,grok-4.20-0309-non-reasoning,sha256:1890a74d9042653a39ee047c0b8a28dcdd11af599f6deebb6d0f8420e70cd0b2,det-v1,1,,1596,61,1010.411,0.0021475000,false,true
call-000966,arm8_spec_immediate,dev/f4/s4200002/early_accurate,19,grok-4.20-0309-non-reasoning,sha256:1890a74d9042653a39ee047c0b8a28dcdd11af599f6deebb6d0f8420e70cd0b2,det-v1,1,accepted,1596,61,1010.411,0.0021475000,false,false
call-000967,arm10_spec_eprocess,dev/f4/s4200002/early_accurate,19,grok-4.20-0309-non-reasoning,sha256:1890a74d9042653a39ee047c0b8a28dcdd11af599f6deebb6d0f8420e70cd0b2,det-v1,1,accepted,1596,61,0.002,0.0021475000,true,false
call-000968,arm12_cth,dev/f4/s4200002/early_accurate,19,grok-4.20-0309-non-reasoning,sha256:1890a74d9042653a39ee047c0b8a28dcdd11af599f6deebb6d0f8420e70cd0b2,det-v1,1,accepted,1596,61,0.002,0.0021475000,true,false
call-000969,arm12b_cth_llm,dev/f4/s4200002/early_accurate,19,grok-4.20-0309-non-reasoning,sha256:1890a74d9042653a39ee047c0b8a28dcdd11af599f6deebb6d0f8420e70cd0b2,det-v1,1,accepted,1596,61,0.002,0.0021475000,true,false
call-000970,arm8_spec_immediate,dev/f4/s4200002/late_accurate,22,grok-4.20-0309-non-reasoning,sha256:1b4715982114d53b4c000d22ae05e9c8799bb962cc67173258971ea28385845c,det-v1,1,,1710,60,869.694,0.0022875000,false,true
call-000971,arm8_spec_immediate,dev/f4/s4200002/late_accurate,22,grok-4.20-0309-non-reasoning,sha256:1b4715982114d53b4c000d22ae05e9c8799bb962cc67173258971ea28385845c,det-v1,1,accepted,1710,60,869.694,0.0022875000,false,false
call-000972,arm10_spec_eprocess,dev/f4/s4200002/late_accurate,22,grok-4.20-0309-non-reasoning,sha256:1b4715982114d53b4c000d22ae05e9c8799bb962cc67173258971ea28385845c,det-v1,1,accepted,1710,60,0.002,0.0022875000,true,false
call-000973,arm12_cth,dev/f4/s4200002/late_accurate,22,grok-4.20-0309-non-reasoning,sha256:1b4715982114d53b4c000d22ae05e9c8799bb962cc67173258971ea28385845c,det-v1,1,accepted,1710,60,0.002,0.0022875000,true,false
call-000974,arm12b_cth_llm,dev/f4/s4200002/late_accurate,22,grok-4.20-0309-non-reasoning,sha256:1b4715982114d53b4c000d22ae05e9c8799bb962cc67173258971ea28385845c,det-v1,1,accepted,1710,60,0.002,0.0022875000,true,false
call-000975,arm8_spec_immediate,dev/f4/s4200002/unreliable,19,grok-4.20-0309-non-reasoning,sha256:5839b65c40a2ebc86f891bcd0f3b69f1b1d76593e2e672c15d3d01e551be5677,det-v1,1,,1597,59,861.809,0.0021437500,false,true
call-000976,arm8_spec_immediate,dev/f4/s4200002/unreliable,19,grok-4.20-0309-non-reasoning,sha256:5839b65c40a2ebc86f891bcd0f3b69f1b1d76593e2e672c15d3d01e551be5677,det-v1,1,accepted,1597,59,861.809,0.0021437500,false,false
call-000977,arm10_spec_eprocess,dev/f4/s4200002/unreliable,19,grok-4.20-0309-non-reasoning,sha256:5839b65c40a2ebc86f891bcd0f3b69f1b1d76593e2e672c15d3d01e551be5677,det-v1,1,accepted,1597,59,0.002,0.0021437500,true,false
call-000978,arm12_cth,dev/f4/s4200002/unreliable,19,grok-4.20-0309-non-reasoning,sha256:5839b65c40a2ebc86f891bcd0f3b69f1b1d76593e2e672c15d3d01e551be5677,det-v1,1,accepted,1597,59,0.002,0.0021437500,true,false
call-000979,arm12b_cth_llm,dev/f4/s4200002/unreliable,19,grok-4.20-0309-non-reasoning,sha256:5839b65c40a2ebc86f891bcd0f3b69f1b1d76593e2e672c15d3d01e551be5677,det-v1,1,accepted,1597,59,0.002,0.0021437500,true,false
call-000980,arm8_spec_immediate,dev/f4/s4200002/no_alert__twin,10,grok-4.20-0309-non-reasoning,sha256:b21348e63ba122331e12d13b28ac1553eaecb12a6e4069314b2c63215fedcf2e,det-v1,1,,1253,71,1111.734,0.0017437500,false,true
call-000981,arm8_spec_immediate,dev/f4/s4200002/no_alert__twin,10,grok-4.20-0309-non-reasoning,sha256:b21348e63ba122331e12d13b28ac1553eaecb12a6e4069314b2c63215fedcf2e,det-v1,1,accepted,1253,71,1111.734,0.0017437500,false,false
call-000982,arm10_spec_eprocess,dev/f4/s4200002/no_alert__twin,10,grok-4.20-0309-non-reasoning,sha256:b21348e63ba122331e12d13b28ac1553eaecb12a6e4069314b2c63215fedcf2e,det-v1,1,accepted,1253,71,0.002,0.0017437500,true,false
call-000983,arm12_cth,dev/f4/s4200002/no_alert__twin,10,grok-4.20-0309-non-reasoning,sha256:b21348e63ba122331e12d13b28ac1553eaecb12a6e4069314b2c63215fedcf2e,det-v1,1,accepted,1253,71,0.002,0.0017437500,true,false
call-000984,arm12b_cth_llm,dev/f4/s4200002/no_alert__twin,10,grok-4.20-0309-non-reasoning,sha256:b21348e63ba122331e12d13b28ac1553eaecb12a6e4069314b2c63215fedcf2e,det-v1,1,accepted,1253,71,0.001,0.0017437500,true,false
call-000985,arm8_spec_immediate,cal/f4/s4200003/no_alert,34,grok-4.20-0309-non-reasoning,sha256:a72f5a98b7a4343523b5dd1033b7705209effb67909e850d6c279c069c142a73,det-v1,1,,2127,66,824.332,0.0028237500,false,true
call-000986,arm8_spec_immediate,cal/f4/s4200003/no_alert,34,grok-4.20-0309-non-reasoning,sha256:a72f5a98b7a4343523b5dd1033b7705209effb67909e850d6c279c069c142a73,det-v1,1,accepted,2127,66,824.332,0.0028237500,false,false
call-000987,arm10_spec_eprocess,cal/f4/s4200003/no_alert,34,grok-4.20-0309-non-reasoning,sha256:a72f5a98b7a4343523b5dd1033b7705209effb67909e850d6c279c069c142a73,det-v1,1,accepted,2127,66,0.002,0.0028237500,true,false
call-000988,arm12_cth,cal/f4/s4200003/no_alert,34,grok-4.20-0309-non-reasoning,sha256:a72f5a98b7a4343523b5dd1033b7705209effb67909e850d6c279c069c142a73,det-v1,1,accepted,2127,66,0.002,0.0028237500,true,false
call-000989,arm12b_cth_llm,cal/f4/s4200003/no_alert,34,grok-4.20-0309-non-reasoning,sha256:a72f5a98b7a4343523b5dd1033b7705209effb67909e850d6c279c069c142a73,det-v1,1,accepted,2127,66,0.002,0.0028237500,true,false
call-000990,arm8_spec_immediate,cal/f4/s4200003/early_accurate,13,grok-4.20-0309-non-reasoning,sha256:8d2ef03d26bed2dfeee0549225c2d7471665bf22d6483bf6babdb4d29ee12232,det-v1,1,,1369,59,835.485,0.0018587500,false,true
call-000991,arm8_spec_immediate,cal/f4/s4200003/early_accurate,13,grok-4.20-0309-non-reasoning,sha256:8d2ef03d26bed2dfeee0549225c2d7471665bf22d6483bf6babdb4d29ee12232,det-v1,1,accepted,1369,59,835.485,0.0018587500,false,false
call-000992,arm8_spec_immediate,cal/f4/s4200003/early_accurate,34,grok-4.20-0309-non-reasoning,sha256:6632e8150b8a0347965f2746bc602b854f450850dfc6d28dfd5ce875036b6dc2,det-v1,1,,2167,76,996.474,0.0028987500,false,true
call-000993,arm8_spec_immediate,cal/f4/s4200003/early_accurate,34,grok-4.20-0309-non-reasoning,sha256:6632e8150b8a0347965f2746bc602b854f450850dfc6d28dfd5ce875036b6dc2,det-v1,1,accepted,2167,76,996.474,0.0028987500,false,false
call-000994,arm10_spec_eprocess,cal/f4/s4200003/early_accurate,13,grok-4.20-0309-non-reasoning,sha256:8d2ef03d26bed2dfeee0549225c2d7471665bf22d6483bf6babdb4d29ee12232,det-v1,1,accepted,1369,59,0.002,0.0018587500,true,false
call-000995,arm10_spec_eprocess,cal/f4/s4200003/early_accurate,34,grok-4.20-0309-non-reasoning,sha256:fb421acf793599deb4f4fcff3b25c2ec84ddd685246baa9f84392d4a79b9ef7e,det-v1,1,,2167,60,935.680,0.0028587500,false,true
call-000996,arm10_spec_eprocess,cal/f4/s4200003/early_accurate,34,grok-4.20-0309-non-reasoning,sha256:fb421acf793599deb4f4fcff3b25c2ec84ddd685246baa9f84392d4a79b9ef7e,det-v1,1,accepted,2167,60,935.680,0.0028587500,false,false
call-000997,arm12_cth,cal/f4/s4200003/early_accurate,13,grok-4.20-0309-non-reasoning,sha256:8d2ef03d26bed2dfeee0549225c2d7471665bf22d6483bf6babdb4d29ee12232,det-v1,1,accepted,1369,59,0.003,0.0018587500,true,false
call-000998,arm12_cth,cal/f4/s4200003/early_accurate,34,grok-4.20-0309-non-reasoning,sha256:c12b8a4932407802606d6e1d2d3c871dd5070cd25732cb963fbe5ed4cbe4182b,det-v1,1,,2167,60,1501.573,0.0028587500,false,true
call-000999,arm12_cth,cal/f4/s4200003/early_accurate,34,grok-4.20-0309-non-reasoning,sha256:c12b8a4932407802606d6e1d2d3c871dd5070cd25732cb963fbe5ed4cbe4182b,det-v1,1,accepted,2167,60,1501.573,0.0028587500,false,false
call-001000,arm12b_cth_llm,cal/f4/s4200003/early_accurate,13,grok-4.20-0309-non-reasoning,sha256:8d2ef03d26bed2dfeee0549225c2d7471665bf22d6483bf6babdb4d29ee12232,det-v1,1,accepted,1369,59,0.003,0.0018587500,true,false
call-001001,arm12b_cth_llm,cal/f4/s4200003/early_accurate,34,grok-4.20-0309-non-reasoning,sha256:b8354f763f6a11d5963918d76413945dd6861c7009200c73e1ff5f407b62b120,det-v1,1,,2167,60,874.283,0.0028587500,false,true
call-001002,arm12b_cth_llm,cal/f4/s4200003/early_accurate,34,grok-4.20-0309-non-reasoning,sha256:b8354f763f6a11d5963918d76413945dd6861c7009200c73e1ff5f407b62b120,det-v1,1,accepted,2167,60,874.283,0.0028587500,false,false
call-001003,arm8_spec_immediate,cal/f4/s4200003/late_accurate,16,grok-4.20-0309-non-reasoning,sha256:26238be56e3b0a7835c06fbf53fa9accd6be4017ae92b1fc7847e35cd57fdd87,det-v1,1,,1483,87,1071.101,0.0020712500,false,true
call-001004,arm8_spec_immediate,cal/f4/s4200003/late_accurate,16,grok-4.20-0309-non-reasoning,sha256:26238be56e3b0a7835c06fbf53fa9accd6be4017ae92b1fc7847e35cd57fdd87,det-v1,1,accepted,1483,87,1071.101,0.0020712500,false,false
call-001005,arm8_spec_immediate,cal/f4/s4200003/late_accurate,34,grok-4.20-0309-non-reasoning,sha256:6411ec1ae5066d67d0456ea311932c2621e61b0d07e9b5756ad74841789c3075,det-v1,1,,2167,59,904.738,0.0028562500,false,true
call-001006,arm8_spec_immediate,cal/f4/s4200003/late_accurate,34,grok-4.20-0309-non-reasoning,sha256:6411ec1ae5066d67d0456ea311932c2621e61b0d07e9b5756ad74841789c3075,det-v1,1,accepted,2167,59,904.738,0.0028562500,false,false
call-001007,arm10_spec_eprocess,cal/f4/s4200003/late_accurate,16,grok-4.20-0309-non-reasoning,sha256:26238be56e3b0a7835c06fbf53fa9accd6be4017ae92b1fc7847e35cd57fdd87,det-v1,1,accepted,1483,87,0.001,0.0020712500,true,false
call-001008,arm10_spec_eprocess,cal/f4/s4200003/late_accurate,34,grok-4.20-0309-non-reasoning,sha256:b6efa9c8f495a680defb1eddd0579da122c294441f422a038d3924f333d16021,det-v1,1,,2167,76,1280.526,0.0028987500,false,true
call-001009,arm10_spec_eprocess,cal/f4/s4200003/late_accurate,34,grok-4.20-0309-non-reasoning,sha256:b6efa9c8f495a680defb1eddd0579da122c294441f422a038d3924f333d16021,det-v1,1,accepted,2167,76,1280.526,0.0028987500,false,false
call-001010,arm12_cth,cal/f4/s4200003/late_accurate,16,grok-4.20-0309-non-reasoning,sha256:26238be56e3b0a7835c06fbf53fa9accd6be4017ae92b1fc7847e35cd57fdd87,det-v1,1,accepted,1483,87,0.002,0.0020712500,true,false
call-001011,arm12_cth,cal/f4/s4200003/late_accurate,34,grok-4.20-0309-non-reasoning,sha256:3e30e5bfc9b2ca17de3bbdac48ce314d50267edf5a1d075bddfe6aa519950fe3,det-v1,1,,2167,63,942.180,0.0028662500,false,true
call-001012,arm12_cth,cal/f4/s4200003/late_accurate,34,grok-4.20-0309-non-reasoning,sha256:3e30e5bfc9b2ca17de3bbdac48ce314d50267edf5a1d075bddfe6aa519950fe3,det-v1,1,accepted,2167,63,942.180,0.0028662500,false,false
call-001013,arm12b_cth_llm,cal/f4/s4200003/late_accurate,16,grok-4.20-0309-non-reasoning,sha256:26238be56e3b0a7835c06fbf53fa9accd6be4017ae92b1fc7847e35cd57fdd87,det-v1,1,accepted,1483,87,0.002,0.0020712500,true,false
call-001014,arm12b_cth_llm,cal/f4/s4200003/late_accurate,34,grok-4.20-0309-non-reasoning,sha256:e04c661b5ef9f50df76c16f99a6c316581081c9b51a3183b17129820ac7b0dc0,det-v1,1,,2167,63,1149.062,0.0028662500,false,true
call-001015,arm12b_cth_llm,cal/f4/s4200003/late_accurate,34,grok-4.20-0309-non-reasoning,sha256:e04c661b5ef9f50df76c16f99a6c316581081c9b51a3183b17129820ac7b0dc0,det-v1,1,accepted,2167,63,1149.062,0.0028662500,false,false
call-001016,arm8_spec_immediate,cal/f4/s4200003/unreliable,13,grok-4.20-0309-non-reasoning,sha256:e49cf26f5c6fab934f20bce8340b5e6bd34f987b23101c31c52b31f2fc4cee77,det-v1,1,,1371,76,981.556,0.0019037500,false,true
call-001017,arm8_spec_immediate,cal/f4/s4200003/unreliable,13,grok-4.20-0309-non-reasoning,sha256:e49cf26f5c6fab934f20bce8340b5e6bd34f987b23101c31c52b31f2fc4cee77,det-v1,1,accepted,1371,76,981.556,0.0019037500,false,false
call-001018,arm8_spec_immediate,cal/f4/s4200003/unreliable,34,grok-4.20-0309-non-reasoning,sha256:b48b78225b398d5da7c7cdf0d2d9067507bf19e5c68697fd4b8c347af9f209a8,det-v1,1,,2169,58,859.630,0.0028562500,false,true
call-001019,arm8_spec_immediate,cal/f4/s4200003/unreliable,34,grok-4.20-0309-non-reasoning,sha256:b48b78225b398d5da7c7cdf0d2d9067507bf19e5c68697fd4b8c347af9f209a8,det-v1,1,accepted,2169,58,859.630,0.0028562500,false,false
call-001020,arm10_spec_eprocess,cal/f4/s4200003/unreliable,13,grok-4.20-0309-non-reasoning,sha256:e49cf26f5c6fab934f20bce8340b5e6bd34f987b23101c31c52b31f2fc4cee77,det-v1,1,accepted,1371,76,0.002,0.0019037500,true,false
call-001021,arm10_spec_eprocess,cal/f4/s4200003/unreliable,34,grok-4.20-0309-non-reasoning,sha256:b48b78225b398d5da7c7cdf0d2d9067507bf19e5c68697fd4b8c347af9f209a8,det-v1,1,accepted,2169,58,0.001,0.0028562500,true,false
call-001022,arm12_cth,cal/f4/s4200003/unreliable,13,grok-4.20-0309-non-reasoning,sha256:e49cf26f5c6fab934f20bce8340b5e6bd34f987b23101c31c52b31f2fc4cee77,det-v1,1,accepted,1371,76,0.002,0.0019037500,true,false
call-001023,arm12_cth,cal/f4/s4200003/unreliable,34,grok-4.20-0309-non-reasoning,sha256:ac25d3d3e893b42f2bd598db922a89901ad7dd6103582bc6a6b037c8140198dc,det-v1,1,,2169,58,1312.253,0.0028562500,false,true
call-001024,arm12_cth,cal/f4/s4200003/unreliable,34,grok-4.20-0309-non-reasoning,sha256:ac25d3d3e893b42f2bd598db922a89901ad7dd6103582bc6a6b037c8140198dc,det-v1,1,accepted,2169,58,1312.253,0.0028562500,false,false
call-001025,arm12b_cth_llm,cal/f4/s4200003/unreliable,13,grok-4.20-0309-non-reasoning,sha256:e49cf26f5c6fab934f20bce8340b5e6bd34f987b23101c31c52b31f2fc4cee77,det-v1,1,accepted,1371,76,0.002,0.0019037500,true,false
call-001026,arm12b_cth_llm,cal/f4/s4200003/unreliable,34,grok-4.20-0309-non-reasoning,sha256:b48b78225b398d5da7c7cdf0d2d9067507bf19e5c68697fd4b8c347af9f209a8,det-v1,1,accepted,2169,58,0.001,0.0028562500,true,false
call-001027,arm8_spec_immediate,cal/f4/s4200003/no_alert__twin,34,grok-4.20-0309-non-reasoning,sha256:7e493a714cbf63e67ac3dbc1d612db49bef247a173e91674c92dc369fb5cb592,det-v1,1,,2127,58,946.067,0.0028037500,false,true
call-001028,arm8_spec_immediate,cal/f4/s4200003/no_alert__twin,34,grok-4.20-0309-non-reasoning,sha256:7e493a714cbf63e67ac3dbc1d612db49bef247a173e91674c92dc369fb5cb592,det-v1,1,accepted,2127,58,946.067,0.0028037500,false,false
call-001029,arm10_spec_eprocess,cal/f4/s4200003/no_alert__twin,34,grok-4.20-0309-non-reasoning,sha256:7e493a714cbf63e67ac3dbc1d612db49bef247a173e91674c92dc369fb5cb592,det-v1,1,accepted,2127,58,0.002,0.0028037500,true,false
call-001030,arm12_cth,cal/f4/s4200003/no_alert__twin,34,grok-4.20-0309-non-reasoning,sha256:7e493a714cbf63e67ac3dbc1d612db49bef247a173e91674c92dc369fb5cb592,det-v1,1,accepted,2127,58,0.002,0.0028037500,true,false
call-001031,arm12b_cth_llm,cal/f4/s4200003/no_alert__twin,34,grok-4.20-0309-non-reasoning,sha256:7e493a714cbf63e67ac3dbc1d612db49bef247a173e91674c92dc369fb5cb592,det-v1,1,accepted,2127,58,0.002,0.0028037500,true,false
call-001032,arm8_spec_immediate,dev/f4/s4200004/early_accurate,15,grok-4.20-0309-non-reasoning,sha256:9e3de91fe94ffe4bba537af9d4d67a129cfcdac6727ce9941856387626c7a291,det-v1,1,,1445,87,1187.426,0.0020237500,false,true
call-001033,arm8_spec_immediate,dev/f4/s4200004/early_accurate,15,grok-4.20-0309-non-reasoning,sha256:9e3de91fe94ffe4bba537af9d4d67a129cfcdac6727ce9941856387626c7a291,det-v1,1,accepted,1445,87,1187.426,0.0020237500,false,false
call-001034,arm10_spec_eprocess,dev/f4/s4200004/early_accurate,15,grok-4.20-0309-non-reasoning,sha256:9e3de91fe94ffe4bba537af9d4d67a129cfcdac6727ce9941856387626c7a291,det-v1,1,accepted,1445,87,0.002,0.0020237500,true,false
call-001035,arm12_cth,dev/f4/s4200004/early_accurate,15,grok-4.20-0309-non-reasoning,sha256:9e3de91fe94ffe4bba537af9d4d67a129cfcdac6727ce9941856387626c7a291,det-v1,1,accepted,1445,87,0.002,0.0020237500,true,false
call-001036,arm12b_cth_llm,dev/f4/s4200004/early_accurate,15,grok-4.20-0309-non-reasoning,sha256:9e3de91fe94ffe4bba537af9d4d67a129cfcdac6727ce9941856387626c7a291,det-v1,1,accepted,1445,87,0.002,0.0020237500,true,false
call-001037,arm8_spec_immediate,dev/f4/s4200004/late_accurate,18,grok-4.20-0309-non-reasoning,sha256:88901d67f78787b5c879a7be9550b7520bbb9356f0cb475f6f9ba0940b1e67a5,det-v1,1,,1559,88,1145.710,0.0021687500,false,true
call-001038,arm8_spec_immediate,dev/f4/s4200004/late_accurate,18,grok-4.20-0309-non-reasoning,sha256:88901d67f78787b5c879a7be9550b7520bbb9356f0cb475f6f9ba0940b1e67a5,det-v1,1,accepted,1559,88,1145.710,0.0021687500,false,false
call-001039,arm10_spec_eprocess,dev/f4/s4200004/late_accurate,18,grok-4.20-0309-non-reasoning,sha256:88901d67f78787b5c879a7be9550b7520bbb9356f0cb475f6f9ba0940b1e67a5,det-v1,1,accepted,1559,88,0.002,0.0021687500,true,false
call-001040,arm12_cth,dev/f4/s4200004/late_accurate,18,grok-4.20-0309-non-reasoning,sha256:88901d67f78787b5c879a7be9550b7520bbb9356f0cb475f6f9ba0940b1e67a5,det-v1,1,accepted,1559,88,0.002,0.0021687500,true,false
call-001041,arm12b_cth_llm,dev/f4/s4200004/late_accurate,18,grok-4.20-0309-non-reasoning,sha256:88901d67f78787b5c879a7be9550b7520bbb9356f0cb475f6f9ba0940b1e67a5,det-v1,1,accepted,1559,88,0.002,0.0021687500,true,false
call-001042,arm8_spec_immediate,dev/f4/s4200004/unreliable,15,grok-4.20-0309-non-reasoning,sha256:4305eadc69619f28a30ff165e9a3b561cef5320743ffbca161e6657dabecd960,det-v1,1,,1439,88,1076.019,0.0020187500,false,true
call-001043,arm8_spec_immediate,dev/f4/s4200004/unreliable,15,grok-4.20-0309-non-reasoning,sha256:4305eadc69619f28a30ff165e9a3b561cef5320743ffbca161e6657dabecd960,det-v1,1,accepted,1439,88,1076.019,0.0020187500,false,false
call-001044,arm10_spec_eprocess,dev/f4/s4200004/unreliable,15,grok-4.20-0309-non-reasoning,sha256:4305eadc69619f28a30ff165e9a3b561cef5320743ffbca161e6657dabecd960,det-v1,1,accepted,1439,88,0.002,0.0020187500,true,false
call-001045,arm12_cth,dev/f4/s4200004/unreliable,15,grok-4.20-0309-non-reasoning,sha256:4305eadc69619f28a30ff165e9a3b561cef5320743ffbca161e6657dabecd960,det-v1,1,accepted,1439,88,0.002,0.0020187500,true,false
call-001046,arm12b_cth_llm,dev/f4/s4200004/unreliable,15,grok-4.20-0309-non-reasoning,sha256:4305eadc69619f28a30ff165e9a3b561cef5320743ffbca161e6657dabecd960,det-v1,1,accepted,1439,88,0.003,0.0020187500,true,false
call-001047,arm8_spec_immediate,cal/f4/s4200005/early_accurate,18,grok-4.20-0309-non-reasoning,sha256:b0a7e662dc4d7fad23665dff56acbcd4b87600fdf92211dacab4411181ca8799,det-v1,1,,1557,62,887.283,0.0021012500,false,true
call-001048,arm8_spec_immediate,cal/f4/s4200005/early_accurate,18,grok-4.20-0309-non-reasoning,sha256:b0a7e662dc4d7fad23665dff56acbcd4b87600fdf92211dacab4411181ca8799,det-v1,1,accepted,1557,62,887.283,0.0021012500,false,false
call-001049,arm10_spec_eprocess,cal/f4/s4200005/early_accurate,18,grok-4.20-0309-non-reasoning,sha256:b0a7e662dc4d7fad23665dff56acbcd4b87600fdf92211dacab4411181ca8799,det-v1,1,accepted,1557,62,0.002,0.0021012500,true,false
call-001050,arm12_cth,cal/f4/s4200005/early_accurate,18,grok-4.20-0309-non-reasoning,sha256:b0a7e662dc4d7fad23665dff56acbcd4b87600fdf92211dacab4411181ca8799,det-v1,1,accepted,1557,62,0.002,0.0021012500,true,false
call-001051,arm12b_cth_llm,cal/f4/s4200005/early_accurate,18,grok-4.20-0309-non-reasoning,sha256:b0a7e662dc4d7fad23665dff56acbcd4b87600fdf92211dacab4411181ca8799,det-v1,1,accepted,1557,62,0.002,0.0021012500,true,false
call-001052,arm8_spec_immediate,cal/f4/s4200005/late_accurate,21,grok-4.20-0309-non-reasoning,sha256:96c106fd01667237203497e2f041d2e7309f1e6236274b0368d3aeeb83577e4d,det-v1,1,,1671,65,1290.035,0.0022512500,false,true
call-001053,arm8_spec_immediate,cal/f4/s4200005/late_accurate,21,grok-4.20-0309-non-reasoning,sha256:96c106fd01667237203497e2f041d2e7309f1e6236274b0368d3aeeb83577e4d,det-v1,1,accepted,1671,65,1290.035,0.0022512500,false,false
call-001054,arm10_spec_eprocess,cal/f4/s4200005/late_accurate,21,grok-4.20-0309-non-reasoning,sha256:96c106fd01667237203497e2f041d2e7309f1e6236274b0368d3aeeb83577e4d,det-v1,1,accepted,1671,65,0.002,0.0022512500,true,false
call-001055,arm12_cth,cal/f4/s4200005/late_accurate,21,grok-4.20-0309-non-reasoning,sha256:96c106fd01667237203497e2f041d2e7309f1e6236274b0368d3aeeb83577e4d,det-v1,1,accepted,1671,65,0.002,0.0022512500,true,false
call-001056,arm12b_cth_llm,cal/f4/s4200005/late_accurate,21,grok-4.20-0309-non-reasoning,sha256:96c106fd01667237203497e2f041d2e7309f1e6236274b0368d3aeeb83577e4d,det-v1,1,accepted,1671,65,0.002,0.0022512500,true,false
call-001057,arm8_spec_immediate,cal/f4/s4200005/unreliable,18,grok-4.20-0309-non-reasoning,sha256:f00c7ae5d1c271d527e3d7fb1497076563760967b0647e968ed4c9373ae9838e,det-v1,1,,1560,60,1196.252,0.0021000000,false,true
call-001058,arm8_spec_immediate,cal/f4/s4200005/unreliable,18,grok-4.20-0309-non-reasoning,sha256:f00c7ae5d1c271d527e3d7fb1497076563760967b0647e968ed4c9373ae9838e,det-v1,1,accepted,1560,60,1196.252,0.0021000000,false,false
call-001059,arm10_spec_eprocess,cal/f4/s4200005/unreliable,18,grok-4.20-0309-non-reasoning,sha256:f00c7ae5d1c271d527e3d7fb1497076563760967b0647e968ed4c9373ae9838e,det-v1,1,accepted,1560,60,0.002,0.0021000000,true,false
call-001060,arm12_cth,cal/f4/s4200005/unreliable,18,grok-4.20-0309-non-reasoning,sha256:f00c7ae5d1c271d527e3d7fb1497076563760967b0647e968ed4c9373ae9838e,det-v1,1,accepted,1560,60,0.002,0.0021000000,true,false
call-001061,arm12b_cth_llm,cal/f4/s4200005/unreliable,18,grok-4.20-0309-non-reasoning,sha256:f00c7ae5d1c271d527e3d7fb1497076563760967b0647e968ed4c9373ae9838e,det-v1,1,accepted,1560,60,0.002,0.0021000000,true,false
call-001062,arm8_spec_immediate,cal/f4/s4200005/no_alert__twin,10,grok-4.20-0309-non-reasoning,sha256:9a423f1705bcf01a460274a683172cf2ce45dc048b2c77eb10496966bd76c37e,det-v1,1,,1258,79,1092.650,0.0017700000,false,true
call-001063,arm8_spec_immediate,cal/f4/s4200005/no_alert__twin,10,grok-4.20-0309-non-reasoning,sha256:9a423f1705bcf01a460274a683172cf2ce45dc048b2c77eb10496966bd76c37e,det-v1,1,accepted,1258,79,1092.650,0.0017700000,false,false
call-001064,arm10_spec_eprocess,cal/f4/s4200005/no_alert__twin,10,grok-4.20-0309-non-reasoning,sha256:9a423f1705bcf01a460274a683172cf2ce45dc048b2c77eb10496966bd76c37e,det-v1,1,accepted,1258,79,0.002,0.0017700000,true,false
call-001065,arm12_cth,cal/f4/s4200005/no_alert__twin,10,grok-4.20-0309-non-reasoning,sha256:9a423f1705bcf01a460274a683172cf2ce45dc048b2c77eb10496966bd76c37e,det-v1,1,accepted,1258,79,0.002,0.0017700000,true,false
call-001066,arm12b_cth_llm,cal/f4/s4200005/no_alert__twin,10,grok-4.20-0309-non-reasoning,sha256:9a423f1705bcf01a460274a683172cf2ce45dc048b2c77eb10496966bd76c37e,det-v1,1,accepted,1258,79,0.002,0.0017700000,true,false
call-001067,arm8_spec_immediate,dev/f4/s4200006/early_accurate,14,grok-4.20-0309-non-reasoning,sha256:f4fc2e030261853b0179d43c2f92db4a1ad900bced95e6edfe5f9accdfbc2d40,det-v1,1,,1404,87,1048.571,0.0019725000,false,true
call-001068,arm8_spec_immediate,dev/f4/s4200006/early_accurate,14,grok-4.20-0309-non-reasoning,sha256:f4fc2e030261853b0179d43c2f92db4a1ad900bced95e6edfe5f9accdfbc2d40,det-v1,1,accepted,1404,87,1048.571,0.0019725000,false,false
call-001069,arm10_spec_eprocess,dev/f4/s4200006/early_accurate,14,grok-4.20-0309-non-reasoning,sha256:f4fc2e030261853b0179d43c2f92db4a1ad900bced95e6edfe5f9accdfbc2d40,det-v1,1,accepted,1404,87,0.002,0.0019725000,true,false
call-001070,arm12_cth,dev/f4/s4200006/early_accurate,14,grok-4.20-0309-non-reasoning,sha256:f4fc2e030261853b0179d43c2f92db4a1ad900bced95e6edfe5f9accdfbc2d40,det-v1,1,accepted,1404,87,0.002,0.0019725000,true,false
call-001071,arm12b_cth_llm,dev/f4/s4200006/early_accurate,14,grok-4.20-0309-non-reasoning,sha256:f4fc2e030261853b0179d43c2f92db4a1ad900bced95e6edfe5f9accdfbc2d40,det-v1,1,accepted,1404,87,0.002,0.0019725000,true,false
call-001072,arm8_spec_immediate,dev/f4/s4200006/late_accurate,17,grok-4.20-0309-non-reasoning,sha256:36a81ea8e4106e6f0b6a3757b942fdf392ca0713c25b0c93d502d681ba4da28c,det-v1,1,,1518,87,1202.341,0.0021150000,false,true
call-001073,arm8_spec_immediate,dev/f4/s4200006/late_accurate,17,grok-4.20-0309-non-reasoning,sha256:36a81ea8e4106e6f0b6a3757b942fdf392ca0713c25b0c93d502d681ba4da28c,det-v1,1,accepted,1518,87,1202.341,0.0021150000,false,false
call-001074,arm10_spec_eprocess,dev/f4/s4200006/late_accurate,17,grok-4.20-0309-non-reasoning,sha256:36a81ea8e4106e6f0b6a3757b942fdf392ca0713c25b0c93d502d681ba4da28c,det-v1,1,accepted,1518,87,0.002,0.0021150000,true,false
call-001075,arm12_cth,dev/f4/s4200006/late_accurate,17,grok-4.20-0309-non-reasoning,sha256:36a81ea8e4106e6f0b6a3757b942fdf392ca0713c25b0c93d502d681ba4da28c,det-v1,1,accepted,1518,87,0.002,0.0021150000,true,false
call-001076,arm12b_cth_llm,dev/f4/s4200006/late_accurate,17,grok-4.20-0309-non-reasoning,sha256:36a81ea8e4106e6f0b6a3757b942fdf392ca0713c25b0c93d502d681ba4da28c,det-v1,1,accepted,1518,87,0.002,0.0021150000,true,false
call-001077,arm8_spec_immediate,dev/f4/s4200006/unreliable,14,grok-4.20-0309-non-reasoning,sha256:6f4dd52ffc2a67dc390b6e305382acd104560a487e807244594b8b2321620ea0,det-v1,1,,1393,76,1002.924,0.0019312500,false,true
call-001078,arm8_spec_immediate,dev/f4/s4200006/unreliable,14,grok-4.20-0309-non-reasoning,sha256:6f4dd52ffc2a67dc390b6e305382acd104560a487e807244594b8b2321620ea0,det-v1,1,accepted,1393,76,1002.924,0.0019312500,false,false
call-001079,arm10_spec_eprocess,dev/f4/s4200006/unreliable,14,grok-4.20-0309-non-reasoning,sha256:6f4dd52ffc2a67dc390b6e305382acd104560a487e807244594b8b2321620ea0,det-v1,1,accepted,1393,76,0.002,0.0019312500,true,false
call-001080,arm12_cth,dev/f4/s4200006/unreliable,14,grok-4.20-0309-non-reasoning,sha256:6f4dd52ffc2a67dc390b6e305382acd104560a487e807244594b8b2321620ea0,det-v1,1,accepted,1393,76,0.001,0.0019312500,true,false
call-001081,arm12b_cth_llm,dev/f4/s4200006/unreliable,14,grok-4.20-0309-non-reasoning,sha256:6f4dd52ffc2a67dc390b6e305382acd104560a487e807244594b8b2321620ea0,det-v1,1,accepted,1393,76,0.002,0.0019312500,true,false
call-001082,arm8_spec_immediate,dev/f4/s4200006/no_alert__twin,10,grok-4.20-0309-non-reasoning,sha256:3ffb7ea251817c42ee9f71da0a335602afbcb7181d10ca20a2f77d21c1ccfb26,det-v1,1,,1253,86,1080.657,0.0017812500,false,true
call-001083,arm8_spec_immediate,dev/f4/s4200006/no_alert__twin,10,grok-4.20-0309-non-reasoning,sha256:3ffb7ea251817c42ee9f71da0a335602afbcb7181d10ca20a2f77d21c1ccfb26,det-v1,1,accepted,1253,86,1080.657,0.0017812500,false,false
call-001084,arm10_spec_eprocess,dev/f4/s4200006/no_alert__twin,10,grok-4.20-0309-non-reasoning,sha256:3ffb7ea251817c42ee9f71da0a335602afbcb7181d10ca20a2f77d21c1ccfb26,det-v1,1,accepted,1253,86,0.002,0.0017812500,true,false
call-001085,arm12_cth,dev/f4/s4200006/no_alert__twin,10,grok-4.20-0309-non-reasoning,sha256:3ffb7ea251817c42ee9f71da0a335602afbcb7181d10ca20a2f77d21c1ccfb26,det-v1,1,accepted,1253,86,0.001,0.0017812500,true,false
call-001086,arm12b_cth_llm,dev/f4/s4200006/no_alert__twin,10,grok-4.20-0309-non-reasoning,sha256:3ffb7ea251817c42ee9f71da0a335602afbcb7181d10ca20a2f77d21c1ccfb26,det-v1,1,accepted,1253,86,0.002,0.0017812500,true,false
call-001087,arm8_spec_immediate,cal/f4/s4200007/early_accurate,19,grok-4.20-0309-non-reasoning,sha256:a2e546cd99a1551a414fcfb7e45c948ba3c7cff4f42d340aeb4ee2df27389e72,det-v1,1,,1593,50,805.267,0.0021162500,false,true
call-001088,arm8_spec_immediate,cal/f4/s4200007/early_accurate,19,grok-4.20-0309-non-reasoning,sha256:a2e546cd99a1551a414fcfb7e45c948ba3c7cff4f42d340aeb4ee2df27389e72,det-v1,1,accepted,1593,50,805.267,0.0021162500,false,false
call-001089,arm10_spec_eprocess,cal/f4/s4200007/early_accurate,19,grok-4.20-0309-non-reasoning,sha256:a2e546cd99a1551a414fcfb7e45c948ba3c7cff4f42d340aeb4ee2df27389e72,det-v1,1,accepted,1593,50,0.002,0.0021162500,true,false
call-001090,arm12_cth,cal/f4/s4200007/early_accurate,19,grok-4.20-0309-non-reasoning,sha256:a2e546cd99a1551a414fcfb7e45c948ba3c7cff4f42d340aeb4ee2df27389e72,det-v1,1,accepted,1593,50,0.002,0.0021162500,true,false
call-001091,arm12b_cth_llm,cal/f4/s4200007/early_accurate,19,grok-4.20-0309-non-reasoning,sha256:a2e546cd99a1551a414fcfb7e45c948ba3c7cff4f42d340aeb4ee2df27389e72,det-v1,1,accepted,1593,50,0.002,0.0021162500,true,false
call-001092,arm8_spec_immediate,cal/f4/s4200007/late_accurate,22,grok-4.20-0309-non-reasoning,sha256:205980a5a8f21e0de5dcb4a9182bab3c42edb791ade4b50e4ace512336aa9fab,det-v1,1,,1707,50,890.680,0.0022587500,false,true
call-001093,arm8_spec_immediate,cal/f4/s4200007/late_accurate,22,grok-4.20-0309-non-reasoning,sha256:205980a5a8f21e0de5dcb4a9182bab3c42edb791ade4b50e4ace512336aa9fab,det-v1,1,accepted,1707,50,890.680,0.0022587500,false,false
call-001094,arm10_spec_eprocess,cal/f4/s4200007/late_accurate,22,grok-4.20-0309-non-reasoning,sha256:205980a5a8f21e0de5dcb4a9182bab3c42edb791ade4b50e4ace512336aa9fab,det-v1,1,accepted,1707,50,0.002,0.0022587500,true,false
call-001095,arm12_cth,cal/f4/s4200007/late_accurate,22,grok-4.20-0309-non-reasoning,sha256:205980a5a8f21e0de5dcb4a9182bab3c42edb791ade4b50e4ace512336aa9fab,det-v1,1,accepted,1707,50,0.002,0.0022587500,true,false
call-001096,arm12b_cth_llm,cal/f4/s4200007/late_accurate,22,grok-4.20-0309-non-reasoning,sha256:205980a5a8f21e0de5dcb4a9182bab3c42edb791ade4b50e4ace512336aa9fab,det-v1,1,accepted,1707,50,0.002,0.0022587500,true,false
call-001097,arm8_spec_immediate,cal/f4/s4200007/unreliable,19,grok-4.20-0309-non-reasoning,sha256:e39ee8445a21c81ec7d8db28e9ff784d145ceee40821f024da6d9377968fd438,det-v1,1,,1597,60,940.628,0.0021462500,false,true
call-001098,arm8_spec_immediate,cal/f4/s4200007/unreliable,19,grok-4.20-0309-non-reasoning,sha256:e39ee8445a21c81ec7d8db28e9ff784d145ceee40821f024da6d9377968fd438,det-v1,1,accepted,1597,60,940.628,0.0021462500,false,false
call-001099,arm10_spec_eprocess,cal/f4/s4200007/unreliable,19,grok-4.20-0309-non-reasoning,sha256:e39ee8445a21c81ec7d8db28e9ff784d145ceee40821f024da6d9377968fd438,det-v1,1,accepted,1597,60,0.002,0.0021462500,true,false
call-001100,arm12_cth,cal/f4/s4200007/unreliable,19,grok-4.20-0309-non-reasoning,sha256:e39ee8445a21c81ec7d8db28e9ff784d145ceee40821f024da6d9377968fd438,det-v1,1,accepted,1597,60,0.002,0.0021462500,true,false
call-001101,arm12b_cth_llm,cal/f4/s4200007/unreliable,19,grok-4.20-0309-non-reasoning,sha256:e39ee8445a21c81ec7d8db28e9ff784d145ceee40821f024da6d9377968fd438,det-v1,1,accepted,1597,60,0.002,0.0021462500,true,false
call-001102,arm8_spec_immediate,dev/f5/s5200000/no_alert,12,grok-4.20-0309-non-reasoning,sha256:d0e53c4e13c17d9a92ca1a202fdc2936c97994af71dcaae212f3dddf51012b48,det-v1,1,,1291,50,1207.130,0.0017387500,false,true
call-001103,arm8_spec_immediate,dev/f5/s5200000/no_alert,12,grok-4.20-0309-non-reasoning,sha256:d0e53c4e13c17d9a92ca1a202fdc2936c97994af71dcaae212f3dddf51012b48,det-v1,1,accepted,1291,50,1207.130,0.0017387500,false,false
call-001104,arm10_spec_eprocess,dev/f5/s5200000/no_alert,12,grok-4.20-0309-non-reasoning,sha256:d0e53c4e13c17d9a92ca1a202fdc2936c97994af71dcaae212f3dddf51012b48,det-v1,1,accepted,1291,50,0.002,0.0017387500,true,false
call-001105,arm12_cth,dev/f5/s5200000/no_alert,12,grok-4.20-0309-non-reasoning,sha256:d0e53c4e13c17d9a92ca1a202fdc2936c97994af71dcaae212f3dddf51012b48,det-v1,1,accepted,1291,50,0.002,0.0017387500,true,false
call-001106,arm12b_cth_llm,dev/f5/s5200000/no_alert,12,grok-4.20-0309-non-reasoning,sha256:d0e53c4e13c17d9a92ca1a202fdc2936c97994af71dcaae212f3dddf51012b48,det-v1,1,accepted,1291,50,0.002,0.0017387500,true,false
call-001107,arm8_spec_immediate,dev/f5/s5200000/early_accurate,12,grok-4.20-0309-non-reasoning,sha256:b22d20002db9be1134a9edb9be4550fe58e2c356194a2dc4b501288e386b1fde,det-v1,1,,1291,76,1088.067,0.0018037500,false,true
call-001108,arm8_spec_immediate,dev/f5/s5200000/early_accurate,12,grok-4.20-0309-non-reasoning,sha256:b22d20002db9be1134a9edb9be4550fe58e2c356194a2dc4b501288e386b1fde,det-v1,1,accepted,1291,76,1088.067,0.0018037500,false,false
call-001109,arm8_spec_immediate,dev/f5/s5200000/early_accurate,21,grok-4.20-0309-non-reasoning,sha256:160e5068eccc74898d34675b48cb96344a949063552acf67fb4f8cef24706fd6,det-v1,1,,1672,60,1052.424,0.0022400000,false,true
call-001110,arm8_spec_immediate,dev/f5/s5200000/early_accurate,21,grok-4.20-0309-non-reasoning,sha256:160e5068eccc74898d34675b48cb96344a949063552acf67fb4f8cef24706fd6,det-v1,1,accepted,1672,60,1052.424,0.0022400000,false,false
call-001111,arm10_spec_eprocess,dev/f5/s5200000/early_accurate,12,grok-4.20-0309-non-reasoning,sha256:b22d20002db9be1134a9edb9be4550fe58e2c356194a2dc4b501288e386b1fde,det-v1,1,accepted,1291,76,0.002,0.0018037500,true,false
call-001112,arm10_spec_eprocess,dev/f5/s5200000/early_accurate,21,grok-4.20-0309-non-reasoning,sha256:160e5068eccc74898d34675b48cb96344a949063552acf67fb4f8cef24706fd6,det-v1,1,accepted,1672,60,0.002,0.0022400000,true,false
call-001113,arm12_cth,dev/f5/s5200000/early_accurate,12,grok-4.20-0309-non-reasoning,sha256:b22d20002db9be1134a9edb9be4550fe58e2c356194a2dc4b501288e386b1fde,det-v1,1,accepted,1291,76,0.002,0.0018037500,true,false
call-001114,arm12_cth,dev/f5/s5200000/early_accurate,21,grok-4.20-0309-non-reasoning,sha256:3496089f6866cf1b7a75cf1c8dec0a67ab48e6cc146b473b4270f0d8733a7c1c,det-v1,1,,1672,87,990.918,0.0023075000,false,true
call-001115,arm12_cth,dev/f5/s5200000/early_accurate,21,grok-4.20-0309-non-reasoning,sha256:3496089f6866cf1b7a75cf1c8dec0a67ab48e6cc146b473b4270f0d8733a7c1c,det-v1,1,accepted,1672,87,990.918,0.0023075000,false,false
call-001116,arm12b_cth_llm,dev/f5/s5200000/early_accurate,12,grok-4.20-0309-non-reasoning,sha256:b22d20002db9be1134a9edb9be4550fe58e2c356194a2dc4b501288e386b1fde,det-v1,1,accepted,1291,76,0.002,0.0018037500,true,false
call-001117,arm12b_cth_llm,dev/f5/s5200000/early_accurate,21,grok-4.20-0309-non-reasoning,sha256:160e5068eccc74898d34675b48cb96344a949063552acf67fb4f8cef24706fd6,det-v1,1,accepted,1672,60,0.001,0.0022400000,true,false
call-001118,arm8_spec_immediate,dev/f5/s5200000/late_accurate,12,grok-4.20-0309-non-reasoning,sha256:4f64d1023a7cc2edfc2ebdca6f72ea35193020502edf89d200c72bfea56a5f59,det-v1,1,,1291,50,1096.804,0.0017387500,false,true
call-001119,arm8_spec_immediate,dev/f5/s5200000/late_accurate,12,grok-4.20-0309-non-reasoning,sha256:4f64d1023a7cc2edfc2ebdca6f72ea35193020502edf89d200c72bfea56a5f59,det-v1,1,accepted,1291,50,1096.804,0.0017387500,false,false
call-001120,arm8_spec_immediate,dev/f5/s5200000/late_accurate,24,grok-4.20-0309-non-reasoning,sha256:00eb438728132511da9cb85ef58821d1c336bd2864e96aed212745c1f80cec29,det-v1,1,,1786,58,883.521,0.0023775000,false,true
call-001121,arm8_spec_immediate,dev/f5/s5200000/late_accurate,24,grok-4.20-0309-non-reasoning,sha256:00eb438728132511da9cb85ef58821d1c336bd2864e96aed212745c1f80cec29,det-v1,1,accepted,1786,58,883.521,0.0023775000,false,false
call-001122,arm10_spec_eprocess,dev/f5/s5200000/late_accurate,12,grok-4.20-0309-non-reasoning,sha256:4f64d1023a7cc2edfc2ebdca6f72ea35193020502edf89d200c72bfea56a5f59,det-v1,1,accepted,1291,50,0.002,0.0017387500,true,false
call-001123,arm10_spec_eprocess,dev/f5/s5200000/late_accurate,24,grok-4.20-0309-non-reasoning,sha256:00eb438728132511da9cb85ef58821d1c336bd2864e96aed212745c1f80cec29,det-v1,1,accepted,1786,58,0.002,0.0023775000,true,false
call-001124,arm12_cth,dev/f5/s5200000/late_accurate,12,grok-4.20-0309-non-reasoning,sha256:4f64d1023a7cc2edfc2ebdca6f72ea35193020502edf89d200c72bfea56a5f59,det-v1,1,accepted,1291,50,0.002,0.0017387500,true,false
call-001125,arm12_cth,dev/f5/s5200000/late_accurate,24,grok-4.20-0309-non-reasoning,sha256:837f588d0de5876cae589ccf3d056d399215775a22fb308233f86a3ec12457f8,det-v1,1,,1786,58,818.087,0.0023775000,false,true
call-001126,arm12_cth,dev/f5/s5200000/late_accurate,24,grok-4.20-0309-non-reasoning,sha256:837f588d0de5876cae589ccf3d056d399215775a22fb308233f86a3ec12457f8,det-v1,1,accepted,1786,58,818.087,0.0023775000,false,false
call-001127,arm12b_cth_llm,dev/f5/s5200000/late_accurate,12,grok-4.20-0309-non-reasoning,sha256:4f64d1023a7cc2edfc2ebdca6f72ea35193020502edf89d200c72bfea56a5f59,det-v1,1,accepted,1291,50,0.003,0.0017387500,true,false
call-001128,arm12b_cth_llm,dev/f5/s5200000/late_accurate,24,grok-4.20-0309-non-reasoning,sha256:00eb438728132511da9cb85ef58821d1c336bd2864e96aed212745c1f80cec29,det-v1,1,accepted,1786,58,0.001,0.0023775000,true,false
call-001129,arm8_spec_immediate,dev/f5/s5200000/unreliable,12,grok-4.20-0309-non-reasoning,sha256:86a227f6fc9a975897c86b47144ae252b8379e5d4549d200e80a442447514522,det-v1,1,,1291,50,726.838,0.0017387500,false,true
call-001130,arm8_spec_immediate,dev/f5/s5200000/unreliable,12,grok-4.20-0309-non-reasoning,sha256:86a227f6fc9a975897c86b47144ae252b8379e5d4549d200e80a442447514522,det-v1,1,accepted,1291,50,726.838,0.0017387500,false,false
call-001131,arm8_spec_immediate,dev/f5/s5200000/unreliable,21,grok-4.20-0309-non-reasoning,sha256:2a5959d072dd8392d524af6d9a97193f968bda464d4cfd788ae7ae44e125a8cf,det-v1,1,,1654,50,805.763,0.0021925000,false,true
call-001132,arm8_spec_immediate,dev/f5/s5200000/unreliable,21,grok-4.20-0309-non-reasoning,sha256:2a5959d072dd8392d524af6d9a97193f968bda464d4cfd788ae7ae44e125a8cf,det-v1,1,accepted,1654,50,805.763,0.0021925000,false,false
call-001133,arm10_spec_eprocess,dev/f5/s5200000/unreliable,12,grok-4.20-0309-non-reasoning,sha256:86a227f6fc9a975897c86b47144ae252b8379e5d4549d200e80a442447514522,det-v1,1,accepted,1291,50,0.002,0.0017387500,true,false
call-001134,arm10_spec_eprocess,dev/f5/s5200000/unreliable,21,grok-4.20-0309-non-reasoning,sha256:2a5959d072dd8392d524af6d9a97193f968bda464d4cfd788ae7ae44e125a8cf,det-v1,1,accepted,1654,50,0.001,0.0021925000,true,false
call-001135,arm12_cth,dev/f5/s5200000/unreliable,12,grok-4.20-0309-non-reasoning,sha256:86a227f6fc9a975897c86b47144ae252b8379e5d4549d200e80a442447514522,det-v1,1,accepted,1291,50,0.002,0.0017387500,true,false
call-001136,arm12_cth,dev/f5/s5200000/unreliable,21,grok-4.20-0309-non-reasoning,sha256:21962540219ec1904d6ff04795b0ae296e924034c18a54ff428273b08776e27c,det-v1,1,,1654,50,738.200,0.0021925000,false,true
call-001137,arm12_cth,dev/f5/s5200000/unreliable,21,grok-4.20-0309-non-reasoning,sha256:21962540219ec1904d6ff04795b0ae296e924034c18a54ff428273b08776e27c,det-v1,1,accepted,1654,50,738.200,0.0021925000,false,false
call-001138,arm12b_cth_llm,dev/f5/s5200000/unreliable,12,grok-4.20-0309-non-reasoning,sha256:86a227f6fc9a975897c86b47144ae252b8379e5d4549d200e80a442447514522,det-v1,1,accepted,1291,50,0.002,0.0017387500,true,false
call-001139,arm12b_cth_llm,dev/f5/s5200000/unreliable,21,grok-4.20-0309-non-reasoning,sha256:2a5959d072dd8392d524af6d9a97193f968bda464d4cfd788ae7ae44e125a8cf,det-v1,1,accepted,1654,50,0.001,0.0021925000,true,false
call-001140,arm8_spec_immediate,dev/f5/s5200000/no_alert__twin,12,grok-4.20-0309-non-reasoning,sha256:a7dcc5982307ed1efdf16d0474127a472e14207f3f58eb9a899c2682a45a40a5,det-v1,1,,1291,76,880.722,0.0018037500,false,true
call-001141,arm8_spec_immediate,dev/f5/s5200000/no_alert__twin,12,grok-4.20-0309-non-reasoning,sha256:a7dcc5982307ed1efdf16d0474127a472e14207f3f58eb9a899c2682a45a40a5,det-v1,1,accepted,1291,76,880.722,0.0018037500,false,false
call-001142,arm10_spec_eprocess,dev/f5/s5200000/no_alert__twin,12,grok-4.20-0309-non-reasoning,sha256:a7dcc5982307ed1efdf16d0474127a472e14207f3f58eb9a899c2682a45a40a5,det-v1,1,accepted,1291,76,0.002,0.0018037500,true,false
call-001143,arm12_cth,dev/f5/s5200000/no_alert__twin,12,grok-4.20-0309-non-reasoning,sha256:a7dcc5982307ed1efdf16d0474127a472e14207f3f58eb9a899c2682a45a40a5,det-v1,1,accepted,1291,76,0.002,0.0018037500,true,false
call-001144,arm12b_cth_llm,dev/f5/s5200000/no_alert__twin,12,grok-4.20-0309-non-reasoning,sha256:a7dcc5982307ed1efdf16d0474127a472e14207f3f58eb9a899c2682a45a40a5,det-v1,1,accepted,1291,76,0.002,0.0018037500,true,false
call-001145,arm8_spec_immediate,cal/f5/s5200001/early_accurate,14,grok-4.20-0309-non-reasoning,sha256:b363d2ea9053b16f21bbc833b1ba2ed8c824c6555c5a869a28c3aa585ef529b8,det-v1,1,,1406,60,926.348,0.0019075000,false,true
call-001146,arm8_spec_immediate,cal/f5/s5200001/early_accurate,14,grok-4.20-0309-non-reasoning,sha256:b363d2ea9053b16f21bbc833b1ba2ed8c824c6555c5a869a28c3aa585ef529b8,det-v1,1,accepted,1406,60,926.348,0.0019075000,false,false
call-001147,arm10_spec_eprocess,cal/f5/s5200001/early_accurate,14,grok-4.20-0309-non-reasoning,sha256:b363d2ea9053b16f21bbc833b1ba2ed8c824c6555c5a869a28c3aa585ef529b8,det-v1,1,accepted,1406,60,0.002,0.0019075000,true,false
call-001148,arm12_cth,cal/f5/s5200001/early_accurate,14,grok-4.20-0309-non-reasoning,sha256:b363d2ea9053b16f21bbc833b1ba2ed8c824c6555c5a869a28c3aa585ef529b8,det-v1,1,accepted,1406,60,0.002,0.0019075000,true,false
call-001149,arm12b_cth_llm,cal/f5/s5200001/early_accurate,14,grok-4.20-0309-non-reasoning,sha256:b363d2ea9053b16f21bbc833b1ba2ed8c824c6555c5a869a28c3aa585ef529b8,det-v1,1,accepted,1406,60,0.002,0.0019075000,true,false
call-001150,arm8_spec_immediate,cal/f5/s5200001/late_accurate,17,grok-4.20-0309-non-reasoning,sha256:88230cfffa21c79e15d72463ac1ca3bd1992873005e162ca596f3376d3ce8012,det-v1,1,,1520,87,1125.578,0.0021175000,false,true
call-001151,arm8_spec_immediate,cal/f5/s5200001/late_accurate,17,grok-4.20-0309-non-reasoning,sha256:88230cfffa21c79e15d72463ac1ca3bd1992873005e162ca596f3376d3ce8012,det-v1,1,accepted,1520,87,1125.578,0.0021175000,false,false
call-001152,arm10_spec_eprocess,cal/f5/s5200001/late_accurate,17,grok-4.20-0309-non-reasoning,sha256:88230cfffa21c79e15d72463ac1ca3bd1992873005e162ca596f3376d3ce8012,det-v1,1,accepted,1520,87,0.002,0.0021175000,true,false
call-001153,arm12_cth,cal/f5/s5200001/late_accurate,17,grok-4.20-0309-non-reasoning,sha256:88230cfffa21c79e15d72463ac1ca3bd1992873005e162ca596f3376d3ce8012,det-v1,1,accepted,1520,87,0.002,0.0021175000,true,false
call-001154,arm12b_cth_llm,cal/f5/s5200001/late_accurate,17,grok-4.20-0309-non-reasoning,sha256:88230cfffa21c79e15d72463ac1ca3bd1992873005e162ca596f3376d3ce8012,det-v1,1,accepted,1520,87,0.002,0.0021175000,true,false
call-001155,arm8_spec_immediate,cal/f5/s5200001/unreliable,14,grok-4.20-0309-non-reasoning,sha256:75e3738acdf19c2985fd158de94ec336ba3313ffcab199b12c2d4e5da8866f02,det-v1,1,,1406,87,1427.798,0.0019750000,false,true
call-001156,arm8_spec_immediate,cal/f5/s5200001/unreliable,14,grok-4.20-0309-non-reasoning,sha256:75e3738acdf19c2985fd158de94ec336ba3313ffcab199b12c2d4e5da8866f02,det-v1,1,accepted,1406,87,1427.798,0.0019750000,false,false
call-001157,arm10_spec_eprocess,cal/f5/s5200001/unreliable,14,grok-4.20-0309-non-reasoning,sha256:75e3738acdf19c2985fd158de94ec336ba3313ffcab199b12c2d4e5da8866f02,det-v1,1,accepted,1406,87,0.002,0.0019750000,true,false
call-001158,arm12_cth,cal/f5/s5200001/unreliable,14,grok-4.20-0309-non-reasoning,sha256:75e3738acdf19c2985fd158de94ec336ba3313ffcab199b12c2d4e5da8866f02,det-v1,1,accepted,1406,87,0.002,0.0019750000,true,false
call-001159,arm12b_cth_llm,cal/f5/s5200001/unreliable,14,grok-4.20-0309-non-reasoning,sha256:75e3738acdf19c2985fd158de94ec336ba3313ffcab199b12c2d4e5da8866f02,det-v1,1,accepted,1406,87,0.002,0.0019750000,true,false
call-001160,arm8_spec_immediate,cal/f5/s5200001/no_alert__twin,10,grok-4.20-0309-non-reasoning,sha256:d9cfc55e3600ed15882715523b736dbd4340c2466fa4b09f1369f6c654fc22c3,det-v1,1,,1254,79,1006.119,0.0017650000,false,true
call-001161,arm8_spec_immediate,cal/f5/s5200001/no_alert__twin,10,grok-4.20-0309-non-reasoning,sha256:d9cfc55e3600ed15882715523b736dbd4340c2466fa4b09f1369f6c654fc22c3,det-v1,1,accepted,1254,79,1006.119,0.0017650000,false,false
call-001162,arm10_spec_eprocess,cal/f5/s5200001/no_alert__twin,10,grok-4.20-0309-non-reasoning,sha256:d9cfc55e3600ed15882715523b736dbd4340c2466fa4b09f1369f6c654fc22c3,det-v1,1,accepted,1254,79,0.002,0.0017650000,true,false
call-001163,arm12_cth,cal/f5/s5200001/no_alert__twin,10,grok-4.20-0309-non-reasoning,sha256:d9cfc55e3600ed15882715523b736dbd4340c2466fa4b09f1369f6c654fc22c3,det-v1,1,accepted,1254,79,0.002,0.0017650000,true,false
call-001164,arm12b_cth_llm,cal/f5/s5200001/no_alert__twin,10,grok-4.20-0309-non-reasoning,sha256:d9cfc55e3600ed15882715523b736dbd4340c2466fa4b09f1369f6c654fc22c3,det-v1,1,accepted,1254,79,0.003,0.0017650000,true,false
call-001165,arm8_spec_immediate,dev/f5/s5200002/early_accurate,13,grok-4.20-0309-non-reasoning,sha256:44ea0ccf1d54dde89f39591e0cb9aad7284b4e89676284054bf2ad215628db92,det-v1,1,,1366,60,893.447,0.0018575000,false,true
call-001166,arm8_spec_immediate,dev/f5/s5200002/early_accurate,13,grok-4.20-0309-non-reasoning,sha256:44ea0ccf1d54dde89f39591e0cb9aad7284b4e89676284054bf2ad215628db92,det-v1,1,accepted,1366,60,893.447,0.0018575000,false,false
call-001167,arm10_spec_eprocess,dev/f5/s5200002/early_accurate,13,grok-4.20-0309-non-reasoning,sha256:44ea0ccf1d54dde89f39591e0cb9aad7284b4e89676284054bf2ad215628db92,det-v1,1,accepted,1366,60,0.002,0.0018575000,true,false
call-001168,arm12_cth,dev/f5/s5200002/early_accurate,13,grok-4.20-0309-non-reasoning,sha256:44ea0ccf1d54dde89f39591e0cb9aad7284b4e89676284054bf2ad215628db92,det-v1,1,accepted,1366,60,0.002,0.0018575000,true,false
call-001169,arm12b_cth_llm,dev/f5/s5200002/early_accurate,13,grok-4.20-0309-non-reasoning,sha256:44ea0ccf1d54dde89f39591e0cb9aad7284b4e89676284054bf2ad215628db92,det-v1,1,accepted,1366,60,0.002,0.0018575000,true,false
call-001170,arm8_spec_immediate,dev/f5/s5200002/late_accurate,16,grok-4.20-0309-non-reasoning,sha256:8644e29592040646b550772f0638a637170df2af620a93fa63b03b8bd4183d39,det-v1,1,,1480,60,969.103,0.0020000000,false,true
call-001171,arm8_spec_immediate,dev/f5/s5200002/late_accurate,16,grok-4.20-0309-non-reasoning,sha256:8644e29592040646b550772f0638a637170df2af620a93fa63b03b8bd4183d39,det-v1,1,accepted,1480,60,969.103,0.0020000000,false,false
call-001172,arm10_spec_eprocess,dev/f5/s5200002/late_accurate,16,grok-4.20-0309-non-reasoning,sha256:8644e29592040646b550772f0638a637170df2af620a93fa63b03b8bd4183d39,det-v1,1,accepted,1480,60,0.002,0.0020000000,true,false
call-001173,arm12_cth,dev/f5/s5200002/late_accurate,16,grok-4.20-0309-non-reasoning,sha256:8644e29592040646b550772f0638a637170df2af620a93fa63b03b8bd4183d39,det-v1,1,accepted,1480,60,0.002,0.0020000000,true,false
call-001174,arm12b_cth_llm,dev/f5/s5200002/late_accurate,16,grok-4.20-0309-non-reasoning,sha256:8644e29592040646b550772f0638a637170df2af620a93fa63b03b8bd4183d39,det-v1,1,accepted,1480,60,0.002,0.0020000000,true,false
call-001175,arm8_spec_immediate,dev/f5/s5200002/unreliable,13,grok-4.20-0309-non-reasoning,sha256:a10ce721fecc0bcfa7a1dfde683e14158b5456d054b6e3ba65285bef9c63fd2e,det-v1,1,,1367,87,1130.629,0.0019262500,false,true
call-001176,arm8_spec_immediate,dev/f5/s5200002/unreliable,13,grok-4.20-0309-non-reasoning,sha256:a10ce721fecc0bcfa7a1dfde683e14158b5456d054b6e3ba65285bef9c63fd2e,det-v1,1,accepted,1367,87,1130.629,0.0019262500,false,false
call-001177,arm10_spec_eprocess,dev/f5/s5200002/unreliable,13,grok-4.20-0309-non-reasoning,sha256:a10ce721fecc0bcfa7a1dfde683e14158b5456d054b6e3ba65285bef9c63fd2e,det-v1,1,accepted,1367,87,0.002,0.0019262500,true,false
call-001178,arm12_cth,dev/f5/s5200002/unreliable,13,grok-4.20-0309-non-reasoning,sha256:a10ce721fecc0bcfa7a1dfde683e14158b5456d054b6e3ba65285bef9c63fd2e,det-v1,1,accepted,1367,87,0.002,0.0019262500,true,false
call-001179,arm12b_cth_llm,dev/f5/s5200002/unreliable,13,grok-4.20-0309-non-reasoning,sha256:a10ce721fecc0bcfa7a1dfde683e14158b5456d054b6e3ba65285bef9c63fd2e,det-v1,1,accepted,1367,87,0.004,0.0019262500,true,false
call-001180,arm8_spec_immediate,dev/f5/s5200002/no_alert__twin,10,grok-4.20-0309-non-reasoning,sha256:443a8936c7be8b0858b313d991f07096ae88c3dfea8443ca409c8ff2240054c2,det-v1,1,,1252,63,1059.668,0.0017225000,false,true
call-001181,arm8_spec_immediate,dev/f5/s5200002/no_alert__twin,10,grok-4.20-0309-non-reasoning,sha256:443a8936c7be8b0858b313d991f07096ae88c3dfea8443ca409c8ff2240054c2,det-v1,1,accepted,1252,63,1059.668,0.0017225000,false,false
call-001182,arm10_spec_eprocess,dev/f5/s5200002/no_alert__twin,10,grok-4.20-0309-non-reasoning,sha256:443a8936c7be8b0858b313d991f07096ae88c3dfea8443ca409c8ff2240054c2,det-v1,1,accepted,1252,63,0.002,0.0017225000,true,false
call-001183,arm12_cth,dev/f5/s5200002/no_alert__twin,10,grok-4.20-0309-non-reasoning,sha256:443a8936c7be8b0858b313d991f07096ae88c3dfea8443ca409c8ff2240054c2,det-v1,1,accepted,1252,63,0.002,0.0017225000,true,false
call-001184,arm12b_cth_llm,dev/f5/s5200002/no_alert__twin,10,grok-4.20-0309-non-reasoning,sha256:443a8936c7be8b0858b313d991f07096ae88c3dfea8443ca409c8ff2240054c2,det-v1,1,accepted,1252,63,0.002,0.0017225000,true,false
call-001185,arm8_spec_immediate,cal/f5/s5200003/early_accurate,16,grok-4.20-0309-non-reasoning,sha256:859caffbcca7231777c92d233ba43c6974d634fb88f5104c7c56e11b058a3f62,det-v1,1,,1481,60,979.147,0.0020012500,false,true
call-001186,arm8_spec_immediate,cal/f5/s5200003/early_accurate,16,grok-4.20-0309-non-reasoning,sha256:859caffbcca7231777c92d233ba43c6974d634fb88f5104c7c56e11b058a3f62,det-v1,1,accepted,1481,60,979.147,0.0020012500,false,false
call-001187,arm10_spec_eprocess,cal/f5/s5200003/early_accurate,16,grok-4.20-0309-non-reasoning,sha256:859caffbcca7231777c92d233ba43c6974d634fb88f5104c7c56e11b058a3f62,det-v1,1,accepted,1481,60,0.002,0.0020012500,true,false
call-001188,arm12_cth,cal/f5/s5200003/early_accurate,16,grok-4.20-0309-non-reasoning,sha256:859caffbcca7231777c92d233ba43c6974d634fb88f5104c7c56e11b058a3f62,det-v1,1,accepted,1481,60,0.002,0.0020012500,true,false
call-001189,arm12b_cth_llm,cal/f5/s5200003/early_accurate,16,grok-4.20-0309-non-reasoning,sha256:859caffbcca7231777c92d233ba43c6974d634fb88f5104c7c56e11b058a3f62,det-v1,1,accepted,1481,60,0.002,0.0020012500,true,false
call-001190,arm8_spec_immediate,cal/f5/s5200003/late_accurate,19,grok-4.20-0309-non-reasoning,sha256:e122d12fb48f158065b4c58171b43c7a3a04a11d5f27b51988b73ad915ca7771,det-v1,1,,1595,60,919.713,0.0021437500,false,true
call-001191,arm8_spec_immediate,cal/f5/s5200003/late_accurate,19,grok-4.20-0309-non-reasoning,sha256:e122d12fb48f158065b4c58171b43c7a3a04a11d5f27b51988b73ad915ca7771,det-v1,1,accepted,1595,60,919.713,0.0021437500,false,false
call-001192,arm10_spec_eprocess,cal/f5/s5200003/late_accurate,19,grok-4.20-0309-non-reasoning,sha256:e122d12fb48f158065b4c58171b43c7a3a04a11d5f27b51988b73ad915ca7771,det-v1,1,accepted,1595,60,0.002,0.0021437500,true,false
call-001193,arm12_cth,cal/f5/s5200003/late_accurate,19,grok-4.20-0309-non-reasoning,sha256:e122d12fb48f158065b4c58171b43c7a3a04a11d5f27b51988b73ad915ca7771,det-v1,1,accepted,1595,60,0.002,0.0021437500,true,false
call-001194,arm12b_cth_llm,cal/f5/s5200003/late_accurate,19,grok-4.20-0309-non-reasoning,sha256:e122d12fb48f158065b4c58171b43c7a3a04a11d5f27b51988b73ad915ca7771,det-v1,1,accepted,1595,60,0.002,0.0021437500,true,false
call-001195,arm8_spec_immediate,cal/f5/s5200003/unreliable,16,grok-4.20-0309-non-reasoning,sha256:320cad000e81b5ced38f066dbf53eb41a9e2b716f554e6e5572d969d16215172,det-v1,1,,1478,50,825.034,0.0019725000,false,true
call-001196,arm8_spec_immediate,cal/f5/s5200003/unreliable,16,grok-4.20-0309-non-reasoning,sha256:320cad000e81b5ced38f066dbf53eb41a9e2b716f554e6e5572d969d16215172,det-v1,1,accepted,1478,50,825.034,0.0019725000,false,false
call-001197,arm10_spec_eprocess,cal/f5/s5200003/unreliable,16,grok-4.20-0309-non-reasoning,sha256:320cad000e81b5ced38f066dbf53eb41a9e2b716f554e6e5572d969d16215172,det-v1,1,accepted,1478,50,0.001,0.0019725000,true,false
call-001198,arm12_cth,cal/f5/s5200003/unreliable,16,grok-4.20-0309-non-reasoning,sha256:320cad000e81b5ced38f066dbf53eb41a9e2b716f554e6e5572d969d16215172,det-v1,1,accepted,1478,50,0.001,0.0019725000,true,false
call-001199,arm12b_cth_llm,cal/f5/s5200003/unreliable,16,grok-4.20-0309-non-reasoning,sha256:320cad000e81b5ced38f066dbf53eb41a9e2b716f554e6e5572d969d16215172,det-v1,1,accepted,1478,50,0.002,0.0019725000,true,false
call-001200,arm8_spec_immediate,dev/f5/s5200004/early_accurate,21,grok-4.20-0309-non-reasoning,sha256:f2551ad48e085ff598115c2bff9b73855a1f377c4b8c5ac3b14dff32cf2be438,det-v1,1,,1670,87,1257.286,0.0023050000,false,true
call-001201,arm8_spec_immediate,dev/f5/s5200004/early_accurate,21,grok-4.20-0309-non-reasoning,sha256:f2551ad48e085ff598115c2bff9b73855a1f377c4b8c5ac3b14dff32cf2be438,det-v1,1,accepted,1670,87,1257.286,0.0023050000,false,false
call-001202,arm10_spec_eprocess,dev/f5/s5200004/early_accurate,21,grok-4.20-0309-non-reasoning,sha256:f2551ad48e085ff598115c2bff9b73855a1f377c4b8c5ac3b14dff32cf2be438,det-v1,1,accepted,1670,87,0.002,0.0023050000,true,false
call-001203,arm12_cth,dev/f5/s5200004/early_accurate,21,grok-4.20-0309-non-reasoning,sha256:f2551ad48e085ff598115c2bff9b73855a1f377c4b8c5ac3b14dff32cf2be438,det-v1,1,accepted,1670,87,0.002,0.0023050000,true,false
call-001204,arm12b_cth_llm,dev/f5/s5200004/early_accurate,21,grok-4.20-0309-non-reasoning,sha256:f2551ad48e085ff598115c2bff9b73855a1f377c4b8c5ac3b14dff32cf2be438,det-v1,1,accepted,1670,87,0.002,0.0023050000,true,false
call-001205,arm8_spec_immediate,dev/f5/s5200004/late_accurate,24,grok-4.20-0309-non-reasoning,sha256:910ea09c1f8dc8bfe78f31755f98457b4e55a5487b6efabf812736ace80ce89e,det-v1,1,,1784,60,936.890,0.0023800000,false,true
call-001206,arm8_spec_immediate,dev/f5/s5200004/late_accurate,24,grok-4.20-0309-non-reasoning,sha256:910ea09c1f8dc8bfe78f31755f98457b4e55a5487b6efabf812736ace80ce89e,det-v1,1,accepted,1784,60,936.890,0.0023800000,false,false
call-001207,arm10_spec_eprocess,dev/f5/s5200004/late_accurate,24,grok-4.20-0309-non-reasoning,sha256:910ea09c1f8dc8bfe78f31755f98457b4e55a5487b6efabf812736ace80ce89e,det-v1,1,accepted,1784,60,0.002,0.0023800000,true,false
call-001208,arm12_cth,dev/f5/s5200004/late_accurate,24,grok-4.20-0309-non-reasoning,sha256:910ea09c1f8dc8bfe78f31755f98457b4e55a5487b6efabf812736ace80ce89e,det-v1,1,accepted,1784,60,0.002,0.0023800000,true,false
call-001209,arm12b_cth_llm,dev/f5/s5200004/late_accurate,24,grok-4.20-0309-non-reasoning,sha256:910ea09c1f8dc8bfe78f31755f98457b4e55a5487b6efabf812736ace80ce89e,det-v1,1,accepted,1784,60,0.002,0.0023800000,true,false
call-001210,arm8_spec_immediate,dev/f5/s5200004/unreliable,21,grok-4.20-0309-non-reasoning,sha256:66f798b02dbaae804b8c47bc14fc92b8f7206b574b93e5a945d8500774f2aefb,det-v1,1,,1668,59,1019.891,0.0022325000,false,true
call-001211,arm8_spec_immediate,dev/f5/s5200004/unreliable,21,grok-4.20-0309-non-reasoning,sha256:66f798b02dbaae804b8c47bc14fc92b8f7206b574b93e5a945d8500774f2aefb,det-v1,1,accepted,1668,59,1019.891,0.0022325000,false,false
call-001212,arm10_spec_eprocess,dev/f5/s5200004/unreliable,21,grok-4.20-0309-non-reasoning,sha256:66f798b02dbaae804b8c47bc14fc92b8f7206b574b93e5a945d8500774f2aefb,det-v1,1,accepted,1668,59,0.002,0.0022325000,true,false
call-001213,arm12_cth,dev/f5/s5200004/unreliable,21,grok-4.20-0309-non-reasoning,sha256:66f798b02dbaae804b8c47bc14fc92b8f7206b574b93e5a945d8500774f2aefb,det-v1,1,accepted,1668,59,0.002,0.0022325000,true,false
call-001214,arm12b_cth_llm,dev/f5/s5200004/unreliable,21,grok-4.20-0309-non-reasoning,sha256:66f798b02dbaae804b8c47bc14fc92b8f7206b574b93e5a945d8500774f2aefb,det-v1,1,accepted,1668,59,0.002,0.0022325000,true,false
call-001215,arm8_spec_immediate,cal/f5/s5200005/early_accurate,18,grok-4.20-0309-non-reasoning,sha256:eb7aaefeed5bede8d84e3d5664122a7f0feaf7eee34a7622983f517658710c17,det-v1,1,,1556,60,1041.655,0.0020950000,false,true
call-001216,arm8_spec_immediate,cal/f5/s5200005/early_accurate,18,grok-4.20-0309-non-reasoning,sha256:eb7aaefeed5bede8d84e3d5664122a7f0feaf7eee34a7622983f517658710c17,det-v1,1,accepted,1556,60,1041.655,0.0020950000,false,false
call-001217,arm10_spec_eprocess,cal/f5/s5200005/early_accurate,18,grok-4.20-0309-non-reasoning,sha256:eb7aaefeed5bede8d84e3d5664122a7f0feaf7eee34a7622983f517658710c17,det-v1,1,accepted,1556,60,0.002,0.0020950000,true,false
call-001218,arm12_cth,cal/f5/s5200005/early_accurate,18,grok-4.20-0309-non-reasoning,sha256:eb7aaefeed5bede8d84e3d5664122a7f0feaf7eee34a7622983f517658710c17,det-v1,1,accepted,1556,60,0.002,0.0020950000,true,false
call-001219,arm12b_cth_llm,cal/f5/s5200005/early_accurate,18,grok-4.20-0309-non-reasoning,sha256:eb7aaefeed5bede8d84e3d5664122a7f0feaf7eee34a7622983f517658710c17,det-v1,1,accepted,1556,60,0.002,0.0020950000,true,false
call-001220,arm8_spec_immediate,cal/f5/s5200005/late_accurate,21,grok-4.20-0309-non-reasoning,sha256:759c65d0ddbc3111a605f44876488ef373fe7876d450d65f4f54885cc91543d7,det-v1,1,,1670,64,883.952,0.0022475000,false,true
call-001221,arm8_spec_immediate,cal/f5/s5200005/late_accurate,21,grok-4.20-0309-non-reasoning,sha256:759c65d0ddbc3111a605f44876488ef373fe7876d450d65f4f54885cc91543d7,det-v1,1,accepted,1670,64,883.952,0.0022475000,false,false
call-001222,arm10_spec_eprocess,cal/f5/s5200005/late_accurate,21,grok-4.20-0309-non-reasoning,sha256:759c65d0ddbc3111a605f44876488ef373fe7876d450d65f4f54885cc91543d7,det-v1,1,accepted,1670,64,0.002,0.0022475000,true,false
call-001223,arm12_cth,cal/f5/s5200005/late_accurate,21,grok-4.20-0309-non-reasoning,sha256:759c65d0ddbc3111a605f44876488ef373fe7876d450d65f4f54885cc91543d7,det-v1,1,accepted,1670,64,0.002,0.0022475000,true,false
call-001224,arm12b_cth_llm,cal/f5/s5200005/late_accurate,21,grok-4.20-0309-non-reasoning,sha256:759c65d0ddbc3111a605f44876488ef373fe7876d450d65f4f54885cc91543d7,det-v1,1,accepted,1670,64,0.002,0.0022475000,true,false
call-001225,arm8_spec_immediate,cal/f5/s5200005/unreliable,18,grok-4.20-0309-non-reasoning,sha256:896d07c7f8343173803137a929bc690bc94083c19071b42dc978b29eb77f0153,det-v1,1,,1563,50,850.665,0.0020787500,false,true
call-001226,arm8_spec_immediate,cal/f5/s5200005/unreliable,18,grok-4.20-0309-non-reasoning,sha256:896d07c7f8343173803137a929bc690bc94083c19071b42dc978b29eb77f0153,det-v1,1,accepted,1563,50,850.665,0.0020787500,false,false
call-001227,arm10_spec_eprocess,cal/f5/s5200005/unreliable,18,grok-4.20-0309-non-reasoning,sha256:896d07c7f8343173803137a929bc690bc94083c19071b42dc978b29eb77f0153,det-v1,1,accepted,1563,50,0.002,0.0020787500,true,false
call-001228,arm12_cth,cal/f5/s5200005/unreliable,18,grok-4.20-0309-non-reasoning,sha256:896d07c7f8343173803137a929bc690bc94083c19071b42dc978b29eb77f0153,det-v1,1,accepted,1563,50,0.002,0.0020787500,true,false
call-001229,arm12b_cth_llm,cal/f5/s5200005/unreliable,18,grok-4.20-0309-non-reasoning,sha256:896d07c7f8343173803137a929bc690bc94083c19071b42dc978b29eb77f0153,det-v1,1,accepted,1563,50,0.002,0.0020787500,true,false
call-001230,arm8_spec_immediate,cal/f5/s5200005/no_alert__twin,10,grok-4.20-0309-non-reasoning,sha256:e270360d808bf71b998615e0a09c35b0efcb5d38bc6c1bf3affc33cf20de5686,det-v1,1,,1256,59,1352.182,0.0017175000,false,true
call-001231,arm8_spec_immediate,cal/f5/s5200005/no_alert__twin,10,grok-4.20-0309-non-reasoning,sha256:e270360d808bf71b998615e0a09c35b0efcb5d38bc6c1bf3affc33cf20de5686,det-v1,1,accepted,1256,59,1352.182,0.0017175000,false,false
call-001232,arm10_spec_eprocess,cal/f5/s5200005/no_alert__twin,10,grok-4.20-0309-non-reasoning,sha256:e270360d808bf71b998615e0a09c35b0efcb5d38bc6c1bf3affc33cf20de5686,det-v1,1,accepted,1256,59,0.002,0.0017175000,true,false
call-001233,arm12_cth,cal/f5/s5200005/no_alert__twin,10,grok-4.20-0309-non-reasoning,sha256:e270360d808bf71b998615e0a09c35b0efcb5d38bc6c1bf3affc33cf20de5686,det-v1,1,accepted,1256,59,0.002,0.0017175000,true,false
call-001234,arm12b_cth_llm,cal/f5/s5200005/no_alert__twin,10,grok-4.20-0309-non-reasoning,sha256:e270360d808bf71b998615e0a09c35b0efcb5d38bc6c1bf3affc33cf20de5686,det-v1,1,accepted,1256,59,0.002,0.0017175000,true,false
call-001235,arm8_spec_immediate,dev/f5/s5200006/early_accurate,18,grok-4.20-0309-non-reasoning,sha256:e95534d32e3feb54adbf962f2699afd3b9da4c6b20d43b6ac1cdbdd50da0ebae,det-v1,1,,1556,60,935.566,0.0020950000,false,true
call-001236,arm8_spec_immediate,dev/f5/s5200006/early_accurate,18,grok-4.20-0309-non-reasoning,sha256:e95534d32e3feb54adbf962f2699afd3b9da4c6b20d43b6ac1cdbdd50da0ebae,det-v1,1,accepted,1556,60,935.566,0.0020950000,false,false
call-001237,arm10_spec_eprocess,dev/f5/s5200006/early_accurate,18,grok-4.20-0309-non-reasoning,sha256:e95534d32e3feb54adbf962f2699afd3b9da4c6b20d43b6ac1cdbdd50da0ebae,det-v1,1,accepted,1556,60,0.002,0.0020950000,true,false
call-001238,arm12_cth,dev/f5/s5200006/early_accurate,18,grok-4.20-0309-non-reasoning,sha256:e95534d32e3feb54adbf962f2699afd3b9da4c6b20d43b6ac1cdbdd50da0ebae,det-v1,1,accepted,1556,60,0.002,0.0020950000,true,false
call-001239,arm12b_cth_llm,dev/f5/s5200006/early_accurate,18,grok-4.20-0309-non-reasoning,sha256:e95534d32e3feb54adbf962f2699afd3b9da4c6b20d43b6ac1cdbdd50da0ebae,det-v1,1,accepted,1556,60,0.002,0.0020950000,true,false
call-001240,arm8_spec_immediate,dev/f5/s5200006/late_accurate,21,grok-4.20-0309-non-reasoning,sha256:891552256b96b755521b43675d75f59ccae87edb81b1e13096844d6f0655052d,det-v1,1,,1670,60,904.456,0.0022375000,false,true
call-001241,arm8_spec_immediate,dev/f5/s5200006/late_accurate,21,grok-4.20-0309-non-reasoning,sha256:891552256b96b755521b43675d75f59ccae87edb81b1e13096844d6f0655052d,det-v1,1,accepted,1670,60,904.456,0.0022375000,false,false
call-001242,arm10_spec_eprocess,dev/f5/s5200006/late_accurate,21,grok-4.20-0309-non-reasoning,sha256:891552256b96b755521b43675d75f59ccae87edb81b1e13096844d6f0655052d,det-v1,1,accepted,1670,60,0.002,0.0022375000,true,false
call-001243,arm12_cth,dev/f5/s5200006/late_accurate,21,grok-4.20-0309-non-reasoning,sha256:891552256b96b755521b43675d75f59ccae87edb81b1e13096844d6f0655052d,det-v1,1,accepted,1670,60,0.002,0.0022375000,true,false
call-001244,arm12b_cth_llm,dev/f5/s5200006/late_accurate,21,grok-4.20-0309-non-reasoning,sha256:891552256b96b755521b43675d75f59ccae87edb81b1e13096844d6f0655052d,det-v1,1,accepted,1670,60,0.002,0.0022375000,true,false
call-001245,arm8_spec_immediate,dev/f5/s5200006/unreliable,18,grok-4.20-0309-non-reasoning,sha256:d75ad95090a4efe647bc021ff3fe45cc79284a2c5b463533d1d60b6a16c5975a,det-v1,1,,1544,50,763.850,0.0020550000,false,true
call-001246,arm8_spec_immediate,dev/f5/s5200006/unreliable,18,grok-4.20-0309-non-reasoning,sha256:d75ad95090a4efe647bc021ff3fe45cc79284a2c5b463533d1d60b6a16c5975a,det-v1,1,accepted,1544,50,763.850,0.0020550000,false,false
call-001247,arm10_spec_eprocess,dev/f5/s5200006/unreliable,18,grok-4.20-0309-non-reasoning,sha256:d75ad95090a4efe647bc021ff3fe45cc79284a2c5b463533d1d60b6a16c5975a,det-v1,1,accepted,1544,50,0.002,0.0020550000,true,false
call-001248,arm12_cth,dev/f5/s5200006/unreliable,18,grok-4.20-0309-non-reasoning,sha256:d75ad95090a4efe647bc021ff3fe45cc79284a2c5b463533d1d60b6a16c5975a,det-v1,1,accepted,1544,50,0.002,0.0020550000,true,false
call-001249,arm12b_cth_llm,dev/f5/s5200006/unreliable,18,grok-4.20-0309-non-reasoning,sha256:d75ad95090a4efe647bc021ff3fe45cc79284a2c5b463533d1d60b6a16c5975a,det-v1,1,accepted,1544,50,0.003,0.0020550000,true,false
call-001250,arm8_spec_immediate,dev/f5/s5200006/no_alert__twin,10,grok-4.20-0309-non-reasoning,sha256:b750bb8014922a2fea26732c2dea7c67a3a66f17efcad9d3dc53ba74d20235da,det-v1,1,,1253,86,995.190,0.0017812500,false,true
call-001251,arm8_spec_immediate,dev/f5/s5200006/no_alert__twin,10,grok-4.20-0309-non-reasoning,sha256:b750bb8014922a2fea26732c2dea7c67a3a66f17efcad9d3dc53ba74d20235da,det-v1,1,accepted,1253,86,995.190,0.0017812500,false,false
call-001252,arm10_spec_eprocess,dev/f5/s5200006/no_alert__twin,10,grok-4.20-0309-non-reasoning,sha256:b750bb8014922a2fea26732c2dea7c67a3a66f17efcad9d3dc53ba74d20235da,det-v1,1,accepted,1253,86,0.002,0.0017812500,true,false
call-001253,arm12_cth,dev/f5/s5200006/no_alert__twin,10,grok-4.20-0309-non-reasoning,sha256:b750bb8014922a2fea26732c2dea7c67a3a66f17efcad9d3dc53ba74d20235da,det-v1,1,accepted,1253,86,0.002,0.0017812500,true,false
call-001254,arm12b_cth_llm,dev/f5/s5200006/no_alert__twin,10,grok-4.20-0309-non-reasoning,sha256:b750bb8014922a2fea26732c2dea7c67a3a66f17efcad9d3dc53ba74d20235da,det-v1,1,accepted,1253,86,0.003,0.0017812500,true,false
call-001255,arm8_spec_immediate,cal/f5/s5200007/early_accurate,16,grok-4.20-0309-non-reasoning,sha256:e360d1eb3151770f65d3c3dac0e5c8b1439fea83b0c84f9754949ac8e452ff7b,det-v1,1,,1487,60,872.836,0.0020087500,false,true
call-001256,arm8_spec_immediate,cal/f5/s5200007/early_accurate,16,grok-4.20-0309-non-reasoning,sha256:e360d1eb3151770f65d3c3dac0e5c8b1439fea83b0c84f9754949ac8e452ff7b,det-v1,1,accepted,1487,60,872.836,0.0020087500,false,false
call-001257,arm10_spec_eprocess,cal/f5/s5200007/early_accurate,16,grok-4.20-0309-non-reasoning,sha256:e360d1eb3151770f65d3c3dac0e5c8b1439fea83b0c84f9754949ac8e452ff7b,det-v1,1,accepted,1487,60,0.003,0.0020087500,true,false
call-001258,arm12_cth,cal/f5/s5200007/early_accurate,16,grok-4.20-0309-non-reasoning,sha256:e360d1eb3151770f65d3c3dac0e5c8b1439fea83b0c84f9754949ac8e452ff7b,det-v1,1,accepted,1487,60,0.002,0.0020087500,true,false
call-001259,arm12b_cth_llm,cal/f5/s5200007/early_accurate,16,grok-4.20-0309-non-reasoning,sha256:e360d1eb3151770f65d3c3dac0e5c8b1439fea83b0c84f9754949ac8e452ff7b,det-v1,1,accepted,1487,60,0.003,0.0020087500,true,false
call-001260,arm8_spec_immediate,cal/f5/s5200007/late_accurate,19,grok-4.20-0309-non-reasoning,sha256:068169147710ab42937946db113e4e2a49c9100bc6386d16577004b0d59e57de,det-v1,1,,1601,64,988.063,0.0021612500,false,true
call-001261,arm8_spec_immediate,cal/f5/s5200007/late_accurate,19,grok-4.20-0309-non-reasoning,sha256:068169147710ab42937946db113e4e2a49c9100bc6386d16577004b0d59e57de,det-v1,1,accepted,1601,64,988.063,0.0021612500,false,false
call-001262,arm10_spec_eprocess,cal/f5/s5200007/late_accurate,19,grok-4.20-0309-non-reasoning,sha256:068169147710ab42937946db113e4e2a49c9100bc6386d16577004b0d59e57de,det-v1,1,accepted,1601,64,0.002,0.0021612500,true,false
call-001263,arm12_cth,cal/f5/s5200007/late_accurate,19,grok-4.20-0309-non-reasoning,sha256:068169147710ab42937946db113e4e2a49c9100bc6386d16577004b0d59e57de,det-v1,1,accepted,1601,64,0.002,0.0021612500,true,false
call-001264,arm12b_cth_llm,cal/f5/s5200007/late_accurate,19,grok-4.20-0309-non-reasoning,sha256:068169147710ab42937946db113e4e2a49c9100bc6386d16577004b0d59e57de,det-v1,1,accepted,1601,64,0.002,0.0021612500,true,false
call-001265,arm8_spec_immediate,cal/f5/s5200007/unreliable,16,grok-4.20-0309-non-reasoning,sha256:f2431acd544a13ed687516e81f5ac3f025446c78856ba9804202a70074079d60,det-v1,1,,1491,73,944.417,0.0020462500,false,true
call-001266,arm8_spec_immediate,cal/f5/s5200007/unreliable,16,grok-4.20-0309-non-reasoning,sha256:f2431acd544a13ed687516e81f5ac3f025446c78856ba9804202a70074079d60,det-v1,1,accepted,1491,73,944.417,0.0020462500,false,false
call-001267,arm10_spec_eprocess,cal/f5/s5200007/unreliable,16,grok-4.20-0309-non-reasoning,sha256:f2431acd544a13ed687516e81f5ac3f025446c78856ba9804202a70074079d60,det-v1,1,accepted,1491,73,0.002,0.0020462500,true,false
call-001268,arm12_cth,cal/f5/s5200007/unreliable,16,grok-4.20-0309-non-reasoning,sha256:f2431acd544a13ed687516e81f5ac3f025446c78856ba9804202a70074079d60,det-v1,1,accepted,1491,73,0.003,0.0020462500,true,false
call-001269,arm12b_cth_llm,cal/f5/s5200007/unreliable,16,grok-4.20-0309-non-reasoning,sha256:f2431acd544a13ed687516e81f5ac3f025446c78856ba9804202a70074079d60,det-v1,1,accepted,1491,73,0.002,0.0020462500,true,false
call-001270,arm8_spec_immediate,dev/f6/s6200000/no_alert,20,grok-4.20-0309-non-reasoning,sha256:b6fb0b3593300b54c15b4706713338dce0741ce9ce2f7ac7290ea9171b3a1416,det-v1,1,,1595,76,1848.309,0.0021837500,false,true
call-001271,arm8_spec_immediate,dev/f6/s6200000/no_alert,20,grok-4.20-0309-non-reasoning,sha256:b6fb0b3593300b54c15b4706713338dce0741ce9ce2f7ac7290ea9171b3a1416,det-v1,1,accepted,1595,76,1848.309,0.0021837500,false,false
call-001272,arm10_spec_eprocess,dev/f6/s6200000/no_alert,20,grok-4.20-0309-non-reasoning,sha256:b6fb0b3593300b54c15b4706713338dce0741ce9ce2f7ac7290ea9171b3a1416,det-v1,1,accepted,1595,76,0.002,0.0021837500,true,false
call-001273,arm12_cth,dev/f6/s6200000/no_alert,20,grok-4.20-0309-non-reasoning,sha256:b6fb0b3593300b54c15b4706713338dce0741ce9ce2f7ac7290ea9171b3a1416,det-v1,1,accepted,1595,76,0.002,0.0021837500,true,false
call-001274,arm12b_cth_llm,dev/f6/s6200000/no_alert,20,grok-4.20-0309-non-reasoning,sha256:b6fb0b3593300b54c15b4706713338dce0741ce9ce2f7ac7290ea9171b3a1416,det-v1,1,accepted,1595,76,0.002,0.0021837500,true,false
call-001275,arm8_spec_immediate,dev/f6/s6200000/early_accurate,13,grok-4.20-0309-non-reasoning,sha256:1c5db637e5977a331ed3babc296279d7adb35540d34604cf7a75c2e72075c699,det-v1,1,,1368,56,860.031,0.0018500000,false,true
call-001276,arm8_spec_immediate,dev/f6/s6200000/early_accurate,13,grok-4.20-0309-non-reasoning,sha256:1c5db637e5977a331ed3babc296279d7adb35540d34604cf7a75c2e72075c699,det-v1,1,accepted,1368,56,860.031,0.0018500000,false,false
call-001277,arm8_spec_immediate,dev/f6/s6200000/early_accurate,22,grok-4.20-0309-non-reasoning,sha256:a1c561ec005f845ccc75fbac3b06d8d7154be7862d5fbf51e412f2713ed31246,det-v1,1,,1710,76,1071.544,0.0023275000,false,true
call-001278,arm8_spec_immediate,dev/f6/s6200000/early_accurate,22,grok-4.20-0309-non-reasoning,sha256:a1c561ec005f845ccc75fbac3b06d8d7154be7862d5fbf51e412f2713ed31246,det-v1,1,accepted,1710,76,1071.544,0.0023275000,false,false
call-001279,arm10_spec_eprocess,dev/f6/s6200000/early_accurate,13,grok-4.20-0309-non-reasoning,sha256:1c5db637e5977a331ed3babc296279d7adb35540d34604cf7a75c2e72075c699,det-v1,1,accepted,1368,56,0.002,0.0018500000,true,false
call-001280,arm10_spec_eprocess,dev/f6/s6200000/early_accurate,22,grok-4.20-0309-non-reasoning,sha256:7ed4efe64656b334eef4bc8f63838209755873ec9af3fef0098a0e8283500991,det-v1,1,,1710,76,974.385,0.0023275000,false,true
call-001281,arm10_spec_eprocess,dev/f6/s6200000/early_accurate,22,grok-4.20-0309-non-reasoning,sha256:7ed4efe64656b334eef4bc8f63838209755873ec9af3fef0098a0e8283500991,det-v1,1,accepted,1710,76,974.385,0.0023275000,false,false
call-001282,arm12_cth,dev/f6/s6200000/early_accurate,13,grok-4.20-0309-non-reasoning,sha256:1c5db637e5977a331ed3babc296279d7adb35540d34604cf7a75c2e72075c699,det-v1,1,accepted,1368,56,0.003,0.0018500000,true,false
call-001283,arm12_cth,dev/f6/s6200000/early_accurate,22,grok-4.20-0309-non-reasoning,sha256:dd6b8f2dd877a07e6809daa044aab6806533443648aa43241bffeb385049235c,det-v1,1,,1710,83,1089.594,0.0023450000,false,true
call-001284,arm12_cth,dev/f6/s6200000/early_accurate,22,grok-4.20-0309-non-reasoning,sha256:dd6b8f2dd877a07e6809daa044aab6806533443648aa43241bffeb385049235c,det-v1,1,accepted,1710,83,1089.594,0.0023450000,false,false
call-001285,arm12b_cth_llm,dev/f6/s6200000/early_accurate,13,grok-4.20-0309-non-reasoning,sha256:1c5db637e5977a331ed3babc296279d7adb35540d34604cf7a75c2e72075c699,det-v1,1,accepted,1368,56,0.002,0.0018500000,true,false
call-001286,arm12b_cth_llm,dev/f6/s6200000/early_accurate,22,grok-4.20-0309-non-reasoning,sha256:7ed4efe64656b334eef4bc8f63838209755873ec9af3fef0098a0e8283500991,det-v1,1,accepted,1710,76,0.001,0.0023275000,true,false
call-001287,arm8_spec_immediate,dev/f6/s6200000/late_accurate,16,grok-4.20-0309-non-reasoning,sha256:38d661744a65244a9ee4e36d45faf65cd0dfdec4024e5283ee5a19c6ff6024ba,det-v1,1,,1482,56,779.734,0.0019925000,false,true
call-001288,arm8_spec_immediate,dev/f6/s6200000/late_accurate,16,grok-4.20-0309-non-reasoning,sha256:38d661744a65244a9ee4e36d45faf65cd0dfdec4024e5283ee5a19c6ff6024ba,det-v1,1,accepted,1482,56,779.734,0.0019925000,false,false
call-001289,arm10_spec_eprocess,dev/f6/s6200000/late_accurate,16,grok-4.20-0309-non-reasoning,sha256:38d661744a65244a9ee4e36d45faf65cd0dfdec4024e5283ee5a19c6ff6024ba,det-v1,1,accepted,1482,56,0.002,0.0019925000,true,false
call-001290,arm12_cth,dev/f6/s6200000/late_accurate,16,grok-4.20-0309-non-reasoning,sha256:38d661744a65244a9ee4e36d45faf65cd0dfdec4024e5283ee5a19c6ff6024ba,det-v1,1,accepted,1482,56,0.003,0.0019925000,true,false
call-001291,arm12b_cth_llm,dev/f6/s6200000/late_accurate,16,grok-4.20-0309-non-reasoning,sha256:38d661744a65244a9ee4e36d45faf65cd0dfdec4024e5283ee5a19c6ff6024ba,det-v1,1,accepted,1482,56,0.003,0.0019925000,true,false
call-001292,arm8_spec_immediate,dev/f6/s6200000/unreliable,13,grok-4.20-0309-non-reasoning,sha256:d155f5a0622f15787498434739c207125adaff68bdbae21c64def776fffbab2a,det-v1,1,,1356,50,959.415,0.0018200000,false,true
call-001293,arm8_spec_immediate,dev/f6/s6200000/unreliable,13,grok-4.20-0309-non-reasoning,sha256:d155f5a0622f15787498434739c207125adaff68bdbae21c64def776fffbab2a,det-v1,1,accepted,1356,50,959.415,0.0018200000,false,false
call-001294,arm8_spec_immediate,dev/f6/s6200000/unreliable,22,grok-4.20-0309-non-reasoning,sha256:1d32963082834b5154652c672aa21ff0316c064c6ecb8811356abceddd454d64,det-v1,1,,1698,50,799.050,0.0022475000,false,true
call-001295,arm8_spec_immediate,dev/f6/s6200000/unreliable,22,grok-4.20-0309-non-reasoning,sha256:1d32963082834b5154652c672aa21ff0316c064c6ecb8811356abceddd454d64,det-v1,1,accepted,1698,50,799.050,0.0022475000,false,false
call-001296,arm10_spec_eprocess,dev/f6/s6200000/unreliable,13,grok-4.20-0309-non-reasoning,sha256:d155f5a0622f15787498434739c207125adaff68bdbae21c64def776fffbab2a,det-v1,1,accepted,1356,50,0.002,0.0018200000,true,false
call-001297,arm10_spec_eprocess,dev/f6/s6200000/unreliable,22,grok-4.20-0309-non-reasoning,sha256:1d32963082834b5154652c672aa21ff0316c064c6ecb8811356abceddd454d64,det-v1,1,accepted,1698,50,0.002,0.0022475000,true,false
call-001298,arm12_cth,dev/f6/s6200000/unreliable,13,grok-4.20-0309-non-reasoning,sha256:d155f5a0622f15787498434739c207125adaff68bdbae21c64def776fffbab2a,det-v1,1,accepted,1356,50,0.002,0.0018200000,true,false
call-001299,arm12_cth,dev/f6/s6200000/unreliable,22,grok-4.20-0309-non-reasoning,sha256:956f80e194a0b2f7ca592f595f9e9fa2d424a1251fe3fd8dd2421840c27a1cb1,det-v1,1,,1698,50,714.398,0.0022475000,false,true
call-001300,arm12_cth,dev/f6/s6200000/unreliable,22,grok-4.20-0309-non-reasoning,sha256:956f80e194a0b2f7ca592f595f9e9fa2d424a1251fe3fd8dd2421840c27a1cb1,det-v1,1,accepted,1698,50,714.398,0.0022475000,false,false
call-001301,arm12b_cth_llm,dev/f6/s6200000/unreliable,13,grok-4.20-0309-non-reasoning,sha256:d155f5a0622f15787498434739c207125adaff68bdbae21c64def776fffbab2a,det-v1,1,accepted,1356,50,0.002,0.0018200000,true,false
call-001302,arm12b_cth_llm,dev/f6/s6200000/unreliable,22,grok-4.20-0309-non-reasoning,sha256:1d32963082834b5154652c672aa21ff0316c064c6ecb8811356abceddd454d64,det-v1,1,accepted,1698,50,0.001,0.0022475000,true,false
call-001303,arm8_spec_immediate,cal/f6/s6200001/early_accurate,21,grok-4.20-0309-non-reasoning,sha256:94efb34902fd385bba56554750a0a6c78059207467acf59de913523ed68d45b7,det-v1,1,,1674,72,1228.922,0.0022725000,false,true
call-001304,arm8_spec_immediate,cal/f6/s6200001/early_accurate,21,grok-4.20-0309-non-reasoning,sha256:94efb34902fd385bba56554750a0a6c78059207467acf59de913523ed68d45b7,det-v1,1,accepted,1674,72,1228.922,0.0022725000,false,false
call-001305,arm10_spec_eprocess,cal/f6/s6200001/early_accurate,21,grok-4.20-0309-non-reasoning,sha256:94efb34902fd385bba56554750a0a6c78059207467acf59de913523ed68d45b7,det-v1,1,accepted,1674,72,0.002,0.0022725000,true,false
call-001306,arm12_cth,cal/f6/s6200001/early_accurate,21,grok-4.20-0309-non-reasoning,sha256:94efb34902fd385bba56554750a0a6c78059207467acf59de913523ed68d45b7,det-v1,1,accepted,1674,72,0.003,0.0022725000,true,false
call-001307,arm12b_cth_llm,cal/f6/s6200001/early_accurate,21,grok-4.20-0309-non-reasoning,sha256:94efb34902fd385bba56554750a0a6c78059207467acf59de913523ed68d45b7,det-v1,1,accepted,1674,72,0.005,0.0022725000,true,false
call-001308,arm8_spec_immediate,cal/f6/s6200001/late_accurate,24,grok-4.20-0309-non-reasoning,sha256:2c31c677ebd568f2b1914d312fbb8897cabb7a06963ddf3d9f5256dea368aa5a,det-v1,1,,1788,60,851.920,0.0023850000,false,true
call-001309,arm8_spec_immediate,cal/f6/s6200001/late_accurate,24,grok-4.20-0309-non-reasoning,sha256:2c31c677ebd568f2b1914d312fbb8897cabb7a06963ddf3d9f5256dea368aa5a,det-v1,1,accepted,1788,60,851.920,0.0023850000,false,false
call-001310,arm10_spec_eprocess,cal/f6/s6200001/late_accurate,24,grok-4.20-0309-non-reasoning,sha256:2c31c677ebd568f2b1914d312fbb8897cabb7a06963ddf3d9f5256dea368aa5a,det-v1,1,accepted,1788,60,0.002,0.0023850000,true,false
call-001311,arm12_cth,cal/f6/s6200001/late_accurate,24,grok-4.20-0309-non-reasoning,sha256:2c31c677ebd568f2b1914d312fbb8897cabb7a06963ddf3d9f5256dea368aa5a,det-v1,1,accepted,1788,60,0.003,0.0023850000,true,false
call-001312,arm12b_cth_llm,cal/f6/s6200001/late_accurate,24,grok-4.20-0309-non-reasoning,sha256:2c31c677ebd568f2b1914d312fbb8897cabb7a06963ddf3d9f5256dea368aa5a,det-v1,1,accepted,1788,60,0.003,0.0023850000,true,false
call-001313,arm8_spec_immediate,cal/f6/s6200001/unreliable,21,grok-4.20-0309-non-reasoning,sha256:8980a7d52b78bbee7bc5b008cf92e8c7ed215dd1ed094c01c6510b8c79daf8b9,det-v1,1,,1668,55,950.278,0.0022225000,false,true
call-001314,arm8_spec_immediate,cal/f6/s6200001/unreliable,21,grok-4.20-0309-non-reasoning,sha256:8980a7d52b78bbee7bc5b008cf92e8c7ed215dd1ed094c01c6510b8c79daf8b9,det-v1,1,accepted,1668,55,950.278,0.0022225000,false,false
call-001315,arm10_spec_eprocess,cal/f6/s6200001/unreliable,21,grok-4.20-0309-non-reasoning,sha256:8980a7d52b78bbee7bc5b008cf92e8c7ed215dd1ed094c01c6510b8c79daf8b9,det-v1,1,accepted,1668,55,0.002,0.0022225000,true,false
call-001316,arm12_cth,cal/f6/s6200001/unreliable,21,grok-4.20-0309-non-reasoning,sha256:8980a7d52b78bbee7bc5b008cf92e8c7ed215dd1ed094c01c6510b8c79daf8b9,det-v1,1,accepted,1668,55,0.004,0.0022225000,true,false
call-001317,arm12b_cth_llm,cal/f6/s6200001/unreliable,21,grok-4.20-0309-non-reasoning,sha256:8980a7d52b78bbee7bc5b008cf92e8c7ed215dd1ed094c01c6510b8c79daf8b9,det-v1,1,accepted,1668,55,0.004,0.0022225000,true,false
call-001318,arm8_spec_immediate,cal/f6/s6200001/no_alert__twin,10,grok-4.20-0309-non-reasoning,sha256:b133d4575a0e37dd5161a2f57c5c114864b7017926b3c25289682f1ac3711141,det-v1,1,,1255,71,965.061,0.0017462500,false,true
call-001319,arm8_spec_immediate,cal/f6/s6200001/no_alert__twin,10,grok-4.20-0309-non-reasoning,sha256:b133d4575a0e37dd5161a2f57c5c114864b7017926b3c25289682f1ac3711141,det-v1,1,accepted,1255,71,965.061,0.0017462500,false,false
call-001320,arm10_spec_eprocess,cal/f6/s6200001/no_alert__twin,10,grok-4.20-0309-non-reasoning,sha256:b133d4575a0e37dd5161a2f57c5c114864b7017926b3c25289682f1ac3711141,det-v1,1,accepted,1255,71,0.003,0.0017462500,true,false
call-001321,arm12_cth,cal/f6/s6200001/no_alert__twin,10,grok-4.20-0309-non-reasoning,sha256:b133d4575a0e37dd5161a2f57c5c114864b7017926b3c25289682f1ac3711141,det-v1,1,accepted,1255,71,0.003,0.0017462500,true,false
call-001322,arm12b_cth_llm,cal/f6/s6200001/no_alert__twin,10,grok-4.20-0309-non-reasoning,sha256:b133d4575a0e37dd5161a2f57c5c114864b7017926b3c25289682f1ac3711141,det-v1,1,accepted,1255,71,0.002,0.0017462500,true,false
call-001323,arm8_spec_immediate,dev/f6/s6200002/no_alert,27,grok-4.20-0309-non-reasoning,sha256:b7828497a26a27230bc527143c785fdc39738425cd88c044f1e00ae09b5bd677,det-v1,1,,1861,74,990.287,0.0025112500,false,true
call-001324,arm8_spec_immediate,dev/f6/s6200002/no_alert,27,grok-4.20-0309-non-reasoning,sha256:b7828497a26a27230bc527143c785fdc39738425cd88c044f1e00ae09b5bd677,det-v1,1,accepted,1861,74,990.287,0.0025112500,false,false
call-001325,arm10_spec_eprocess,dev/f6/s6200002/no_alert,27,grok-4.20-0309-non-reasoning,sha256:b7828497a26a27230bc527143c785fdc39738425cd88c044f1e00ae09b5bd677,det-v1,1,accepted,1861,74,0.002,0.0025112500,true,false
call-001326,arm12_cth,dev/f6/s6200002/no_alert,27,grok-4.20-0309-non-reasoning,sha256:b7828497a26a27230bc527143c785fdc39738425cd88c044f1e00ae09b5bd677,det-v1,1,accepted,1861,74,0.002,0.0025112500,true,false
call-001327,arm12b_cth_llm,dev/f6/s6200002/no_alert,27,grok-4.20-0309-non-reasoning,sha256:b7828497a26a27230bc527143c785fdc39738425cd88c044f1e00ae09b5bd677,det-v1,1,accepted,1861,74,0.002,0.0025112500,true,false
call-001328,arm8_spec_immediate,dev/f6/s6200002/early_accurate,20,grok-4.20-0309-non-reasoning,sha256:68b2b78ca427d49db7eec51544ededadeca8f97559c71c747b4a29d18f17c3a6,det-v1,1,,1628,55,847.154,0.0021725000,false,true
call-001329,arm8_spec_immediate,dev/f6/s6200002/early_accurate,20,grok-4.20-0309-non-reasoning,sha256:68b2b78ca427d49db7eec51544ededadeca8f97559c71c747b4a29d18f17c3a6,det-v1,1,accepted,1628,55,847.154,0.0021725000,false,false
call-001330,arm8_spec_immediate,dev/f6/s6200002/early_accurate,27,grok-4.20-0309-non-reasoning,sha256:793bcc5fd5d57fa9e18b43796d11a25c0fe31073dbf9df8d635aa5d3dd2b05c8,det-v1,1,,1894,74,1041.981,0.0025525000,false,true
call-001331,arm8_spec_immediate,dev/f6/s6200002/early_accurate,27,grok-4.20-0309-non-reasoning,sha256:793bcc5fd5d57fa9e18b43796d11a25c0fe31073dbf9df8d635aa5d3dd2b05c8,det-v1,1,accepted,1894,74,1041.981,0.0025525000,false,false
call-001332,arm10_spec_eprocess,dev/f6/s6200002/early_accurate,20,grok-4.20-0309-non-reasoning,sha256:68b2b78ca427d49db7eec51544ededadeca8f97559c71c747b4a29d18f17c3a6,det-v1,1,accepted,1628,55,0.002,0.0021725000,true,false
call-001333,arm10_spec_eprocess,dev/f6/s6200002/early_accurate,27,grok-4.20-0309-non-reasoning,sha256:5e3b01e4f5199c94f2e5bfe94f0a1967e257106f24a343a357e56bfb203aace8,det-v1,1,,1894,108,2197.928,0.0026375000,false,true
call-001334,arm10_spec_eprocess,dev/f6/s6200002/early_accurate,27,grok-4.20-0309-non-reasoning,sha256:5e3b01e4f5199c94f2e5bfe94f0a1967e257106f24a343a357e56bfb203aace8,det-v1,1,accepted,1894,108,2197.928,0.0026375000,false,false
call-001335,arm12_cth,dev/f6/s6200002/early_accurate,20,grok-4.20-0309-non-reasoning,sha256:68b2b78ca427d49db7eec51544ededadeca8f97559c71c747b4a29d18f17c3a6,det-v1,1,accepted,1628,55,0.003,0.0021725000,true,false
call-001336,arm12_cth,dev/f6/s6200002/early_accurate,27,grok-4.20-0309-non-reasoning,sha256:7385c7118b1b82f8ad54391bfd7d568c5abd186a874047724775e5033802b33f,det-v1,1,,1894,108,1221.417,0.0026375000,false,true
call-001337,arm12_cth,dev/f6/s6200002/early_accurate,27,grok-4.20-0309-non-reasoning,sha256:7385c7118b1b82f8ad54391bfd7d568c5abd186a874047724775e5033802b33f,det-v1,1,accepted,1894,108,1221.417,0.0026375000,false,false
call-001338,arm12b_cth_llm,dev/f6/s6200002/early_accurate,20,grok-4.20-0309-non-reasoning,sha256:68b2b78ca427d49db7eec51544ededadeca8f97559c71c747b4a29d18f17c3a6,det-v1,1,accepted,1628,55,0.003,0.0021725000,true,false
call-001339,arm12b_cth_llm,dev/f6/s6200002/early_accurate,27,grok-4.20-0309-non-reasoning,sha256:5e3b01e4f5199c94f2e5bfe94f0a1967e257106f24a343a357e56bfb203aace8,det-v1,1,accepted,1894,108,0.001,0.0026375000,true,false
call-001340,arm8_spec_immediate,dev/f6/s6200002/late_accurate,23,grok-4.20-0309-non-reasoning,sha256:447bf3325f0c4ac1246f312a805e8e1710475975d1bd8aed1781da459bea73c9,det-v1,1,,1742,87,1012.119,0.0023950000,false,true
call-001341,arm8_spec_immediate,dev/f6/s6200002/late_accurate,23,grok-4.20-0309-non-reasoning,sha256:447bf3325f0c4ac1246f312a805e8e1710475975d1bd8aed1781da459bea73c9,det-v1,1,accepted,1742,87,1012.119,0.0023950000,false,false
call-001342,arm10_spec_eprocess,dev/f6/s6200002/late_accurate,23,grok-4.20-0309-non-reasoning,sha256:447bf3325f0c4ac1246f312a805e8e1710475975d1bd8aed1781da459bea73c9,det-v1,1,accepted,1742,87,0.002,0.0023950000,true,false
call-001343,arm12_cth,dev/f6/s6200002/late_accurate,23,grok-4.20-0309-non-reasoning,sha256:447bf3325f0c4ac1246f312a805e8e1710475975d1bd8aed1781da459bea73c9,det-v1,1,accepted,1742,87,0.003,0.0023950000,true,false
call-001344,arm12b_cth_llm,dev/f6/s6200002/late_accurate,23,grok-4.20-0309-non-reasoning,sha256:447bf3325f0c4ac1246f312a805e8e1710475975d1bd8aed1781da459bea73c9,det-v1,1,accepted,1742,87,0.003,0.0023950000,true,false
call-001345,arm8_spec_immediate,dev/f6/s6200002/unreliable,20,grok-4.20-0309-non-reasoning,sha256:aee825cf0a7f412fe7556ac6c31f37d6759e11bc5c6042b12fd28bee6bff6759,det-v1,1,,1632,54,869.313,0.0021750000,false,true
call-001346,arm8_spec_immediate,dev/f6/s6200002/unreliable,20,grok-4.20-0309-non-reasoning,sha256:aee825cf0a7f412fe7556ac6c31f37d6759e11bc5c6042b12fd28bee6bff6759,det-v1,1,accepted,1632,54,869.313,0.0021750000,false,false
call-001347,arm8_spec_immediate,dev/f6/s6200002/unreliable,27,grok-4.20-0309-non-reasoning,sha256:4e90d4b3764963dc88b0787db1dda3e273fd543c6185e1774e63ce423e33af0e,det-v1,1,,1898,75,1095.230,0.0025600000,false,true
call-001348,arm8_spec_immediate,dev/f6/s6200002/unreliable,27,grok-4.20-0309-non-reasoning,sha256:4e90d4b3764963dc88b0787db1dda3e273fd543c6185e1774e63ce423e33af0e,det-v1,1,accepted,1898,75,1095.230,0.0025600000,false,false
call-001349,arm10_spec_eprocess,dev/f6/s6200002/unreliable,20,grok-4.20-0309-non-reasoning,sha256:aee825cf0a7f412fe7556ac6c31f37d6759e11bc5c6042b12fd28bee6bff6759,det-v1,1,accepted,1632,54,0.001,0.0021750000,true,false
call-001350,arm10_spec_eprocess,dev/f6/s6200002/unreliable,27,grok-4.20-0309-non-reasoning,sha256:ba2c60980bb162ed6a5ef7b1259656c7b40e1c6f77cc32e5906a14dd5a41edb0,det-v1,1,,1898,75,975.508,0.0025600000,false,true
call-001351,arm10_spec_eprocess,dev/f6/s6200002/unreliable,27,grok-4.20-0309-non-reasoning,sha256:ba2c60980bb162ed6a5ef7b1259656c7b40e1c6f77cc32e5906a14dd5a41edb0,det-v1,1,accepted,1898,75,975.508,0.0025600000,false,false
call-001352,arm12_cth,dev/f6/s6200002/unreliable,20,grok-4.20-0309-non-reasoning,sha256:aee825cf0a7f412fe7556ac6c31f37d6759e11bc5c6042b12fd28bee6bff6759,det-v1,1,accepted,1632,54,0.003,0.0021750000,true,false
call-001353,arm12_cth,dev/f6/s6200002/unreliable,27,grok-4.20-0309-non-reasoning,sha256:a68d9916f7eb52c365b9ad0fad99aafd30c4bcc8b50671e79d0cf63c47191aa4,det-v1,1,,1898,107,1560.818,0.0026400000,false,true
call-001354,arm12_cth,dev/f6/s6200002/unreliable,27,grok-4.20-0309-non-reasoning,sha256:a68d9916f7eb52c365b9ad0fad99aafd30c4bcc8b50671e79d0cf63c47191aa4,det-v1,1,accepted,1898,107,1560.818,0.0026400000,false,false
call-001355,arm12b_cth_llm,dev/f6/s6200002/unreliable,20,grok-4.20-0309-non-reasoning,sha256:aee825cf0a7f412fe7556ac6c31f37d6759e11bc5c6042b12fd28bee6bff6759,det-v1,1,accepted,1632,54,0.003,0.0021750000,true,false
call-001356,arm12b_cth_llm,dev/f6/s6200002/unreliable,27,grok-4.20-0309-non-reasoning,sha256:ba2c60980bb162ed6a5ef7b1259656c7b40e1c6f77cc32e5906a14dd5a41edb0,det-v1,1,accepted,1898,75,0.002,0.0025600000,true,false
call-001357,arm8_spec_immediate,dev/f6/s6200002/no_alert__twin,10,grok-4.20-0309-non-reasoning,sha256:8a28745a9711c4859786d5183fbbb15ef0659febe9b46e68ece92addfa601e7e,det-v1,1,,1254,87,960.050,0.0017850000,false,true
call-001358,arm8_spec_immediate,dev/f6/s6200002/no_alert__twin,10,grok-4.20-0309-non-reasoning,sha256:8a28745a9711c4859786d5183fbbb15ef0659febe9b46e68ece92addfa601e7e,det-v1,1,accepted,1254,87,960.050,0.0017850000,false,false
call-001359,arm10_spec_eprocess,dev/f6/s6200002/no_alert__twin,10,grok-4.20-0309-non-reasoning,sha256:8a28745a9711c4859786d5183fbbb15ef0659febe9b46e68ece92addfa601e7e,det-v1,1,accepted,1254,87,0.002,0.0017850000,true,false
call-001360,arm12_cth,dev/f6/s6200002/no_alert__twin,10,grok-4.20-0309-non-reasoning,sha256:8a28745a9711c4859786d5183fbbb15ef0659febe9b46e68ece92addfa601e7e,det-v1,1,accepted,1254,87,0.002,0.0017850000,true,false
call-001361,arm12b_cth_llm,dev/f6/s6200002/no_alert__twin,10,grok-4.20-0309-non-reasoning,sha256:8a28745a9711c4859786d5183fbbb15ef0659febe9b46e68ece92addfa601e7e,det-v1,1,accepted,1254,87,0.002,0.0017850000,true,false
call-001362,arm8_spec_immediate,cal/f6/s6200003/early_accurate,17,grok-4.20-0309-non-reasoning,sha256:c56acb823a6715d040e11abe52f9fc84ef880956109b632f8494380619d259dd,det-v1,1,,1522,83,996.898,0.0021100000,false,true
call-001363,arm8_spec_immediate,cal/f6/s6200003/early_accurate,17,grok-4.20-0309-non-reasoning,sha256:c56acb823a6715d040e11abe52f9fc84ef880956109b632f8494380619d259dd,det-v1,1,accepted,1522,83,996.898,0.0021100000,false,false
call-001364,arm10_spec_eprocess,cal/f6/s6200003/early_accurate,17,grok-4.20-0309-non-reasoning,sha256:c56acb823a6715d040e11abe52f9fc84ef880956109b632f8494380619d259dd,det-v1,1,accepted,1522,83,0.002,0.0021100000,true,false
call-001365,arm12_cth,cal/f6/s6200003/early_accurate,17,grok-4.20-0309-non-reasoning,sha256:c56acb823a6715d040e11abe52f9fc84ef880956109b632f8494380619d259dd,det-v1,1,accepted,1522,83,0.002,0.0021100000,true,false
call-001366,arm12b_cth_llm,cal/f6/s6200003/early_accurate,17,grok-4.20-0309-non-reasoning,sha256:c56acb823a6715d040e11abe52f9fc84ef880956109b632f8494380619d259dd,det-v1,1,accepted,1522,83,0.004,0.0021100000,true,false
call-001367,arm8_spec_immediate,cal/f6/s6200003/late_accurate,20,grok-4.20-0309-non-reasoning,sha256:16609413956c232eb83ffdc757049132a0f27c52a9fd531e54c2b8c4effd75aa,det-v1,1,,1636,99,1136.194,0.0022925000,false,true
call-001368,arm8_spec_immediate,cal/f6/s6200003/late_accurate,20,grok-4.20-0309-non-reasoning,sha256:16609413956c232eb83ffdc757049132a0f27c52a9fd531e54c2b8c4effd75aa,det-v1,1,accepted,1636,99,1136.194,0.0022925000,false,false
call-001369,arm10_spec_eprocess,cal/f6/s6200003/late_accurate,20,grok-4.20-0309-non-reasoning,sha256:16609413956c232eb83ffdc757049132a0f27c52a9fd531e54c2b8c4effd75aa,det-v1,1,accepted,1636,99,0.002,0.0022925000,true,false
call-001370,arm12_cth,cal/f6/s6200003/late_accurate,20,grok-4.20-0309-non-reasoning,sha256:16609413956c232eb83ffdc757049132a0f27c52a9fd531e54c2b8c4effd75aa,det-v1,1,accepted,1636,99,0.002,0.0022925000,true,false
call-001371,arm12b_cth_llm,cal/f6/s6200003/late_accurate,20,grok-4.20-0309-non-reasoning,sha256:16609413956c232eb83ffdc757049132a0f27c52a9fd531e54c2b8c4effd75aa,det-v1,1,accepted,1636,99,0.003,0.0022925000,true,false
call-001372,arm8_spec_immediate,cal/f6/s6200003/unreliable,17,grok-4.20-0309-non-reasoning,sha256:28ebbb5beb8d287b0eed2f92faed7ceb5c5e373b78d270b07ec2d5f25773348b,det-v1,1,,1515,76,936.916,0.0020837500,false,true
call-001373,arm8_spec_immediate,cal/f6/s6200003/unreliable,17,grok-4.20-0309-non-reasoning,sha256:28ebbb5beb8d287b0eed2f92faed7ceb5c5e373b78d270b07ec2d5f25773348b,det-v1,1,accepted,1515,76,936.916,0.0020837500,false,false
call-001374,arm10_spec_eprocess,cal/f6/s6200003/unreliable,17,grok-4.20-0309-non-reasoning,sha256:28ebbb5beb8d287b0eed2f92faed7ceb5c5e373b78d270b07ec2d5f25773348b,det-v1,1,accepted,1515,76,0.002,0.0020837500,true,false
call-001375,arm12_cth,cal/f6/s6200003/unreliable,17,grok-4.20-0309-non-reasoning,sha256:28ebbb5beb8d287b0eed2f92faed7ceb5c5e373b78d270b07ec2d5f25773348b,det-v1,1,accepted,1515,76,0.002,0.0020837500,true,false
call-001376,arm12b_cth_llm,cal/f6/s6200003/unreliable,17,grok-4.20-0309-non-reasoning,sha256:28ebbb5beb8d287b0eed2f92faed7ceb5c5e373b78d270b07ec2d5f25773348b,det-v1,1,accepted,1515,76,0.003,0.0020837500,true,false
call-001377,arm8_spec_immediate,dev/f6/s6200004/no_alert,25,grok-4.20-0309-non-reasoning,sha256:0cbeff988185f50e0939686178978124bccbbca342250ffbdf49bda36e2f8972,det-v1,1,,1785,66,1009.115,0.0023962500,false,true
call-001378,arm8_spec_immediate,dev/f6/s6200004/no_alert,25,grok-4.20-0309-non-reasoning,sha256:0cbeff988185f50e0939686178978124bccbbca342250ffbdf49bda36e2f8972,det-v1,1,accepted,1785,66,1009.115,0.0023962500,false,false
call-001379,arm10_spec_eprocess,dev/f6/s6200004/no_alert,25,grok-4.20-0309-non-reasoning,sha256:0cbeff988185f50e0939686178978124bccbbca342250ffbdf49bda36e2f8972,det-v1,1,accepted,1785,66,0.002,0.0023962500,true,false
call-001380,arm12_cth,dev/f6/s6200004/no_alert,25,grok-4.20-0309-non-reasoning,sha256:0cbeff988185f50e0939686178978124bccbbca342250ffbdf49bda36e2f8972,det-v1,1,accepted,1785,66,0.002,0.0023962500,true,false
call-001381,arm12b_cth_llm,dev/f6/s6200004/no_alert,25,grok-4.20-0309-non-reasoning,sha256:0cbeff988185f50e0939686178978124bccbbca342250ffbdf49bda36e2f8972,det-v1,1,accepted,1785,66,0.003,0.0023962500,true,false
call-001382,arm8_spec_immediate,dev/f6/s6200004/early_accurate,20,grok-4.20-0309-non-reasoning,sha256:e81b288c6e080953a30f8446c124e122c34e60475caf1927f1108c6f9d4944a3,det-v1,1,,1632,55,909.031,0.0021775000,false,true
call-001383,arm8_spec_immediate,dev/f6/s6200004/early_accurate,20,grok-4.20-0309-non-reasoning,sha256:e81b288c6e080953a30f8446c124e122c34e60475caf1927f1108c6f9d4944a3,det-v1,1,accepted,1632,55,909.031,0.0021775000,false,false
call-001384,arm8_spec_immediate,dev/f6/s6200004/early_accurate,26,grok-4.20-0309-non-reasoning,sha256:6d13f30fe8f2306323a78a9a38a9b55ccb92fe530ada71452d86272d9639b8af,det-v1,1,,1860,70,932.330,0.0025000000,false,true
call-001385,arm8_spec_immediate,dev/f6/s6200004/early_accurate,26,grok-4.20-0309-non-reasoning,sha256:6d13f30fe8f2306323a78a9a38a9b55ccb92fe530ada71452d86272d9639b8af,det-v1,1,accepted,1860,70,932.330,0.0025000000,false,false
call-001386,arm10_spec_eprocess,dev/f6/s6200004/early_accurate,20,grok-4.20-0309-non-reasoning,sha256:e81b288c6e080953a30f8446c124e122c34e60475caf1927f1108c6f9d4944a3,det-v1,1,accepted,1632,55,0.002,0.0021775000,true,false
call-001387,arm10_spec_eprocess,dev/f6/s6200004/early_accurate,26,grok-4.20-0309-non-reasoning,sha256:a8b98ef69537427c0c9c538d39ab80c7e1f906685eea69b1ea93c7cb15049794,det-v1,1,,1860,103,1072.677,0.0025825000,false,true
call-001388,arm10_spec_eprocess,dev/f6/s6200004/early_accurate,26,grok-4.20-0309-non-reasoning,sha256:a8b98ef69537427c0c9c538d39ab80c7e1f906685eea69b1ea93c7cb15049794,det-v1,1,accepted,1860,103,1072.677,0.0025825000,false,false
call-001389,arm12_cth,dev/f6/s6200004/early_accurate,20,grok-4.20-0309-non-reasoning,sha256:e81b288c6e080953a30f8446c124e122c34e60475caf1927f1108c6f9d4944a3,det-v1,1,accepted,1632,55,0.003,0.0021775000,true,false
call-001390,arm12_cth,dev/f6/s6200004/early_accurate,26,grok-4.20-0309-non-reasoning,sha256:71550fdbd942f6d2b07623e63e93785145bedd67fbead78fd642a673611ed126,det-v1,1,,1860,70,992.799,0.0025000000,false,true
call-001391,arm12_cth,dev/f6/s6200004/early_accurate,26,grok-4.20-0309-non-reasoning,sha256:71550fdbd942f6d2b07623e63e93785145bedd67fbead78fd642a673611ed126,det-v1,1,accepted,1860,70,992.799,0.0025000000,false,false
call-001392,arm12b_cth_llm,dev/f6/s6200004/early_accurate,20,grok-4.20-0309-non-reasoning,sha256:e81b288c6e080953a30f8446c124e122c34e60475caf1927f1108c6f9d4944a3,det-v1,1,accepted,1632,55,0.003,0.0021775000,true,false
call-001393,arm12b_cth_llm,dev/f6/s6200004/early_accurate,26,grok-4.20-0309-non-reasoning,sha256:26b9c7df0531c6ecf7d0a535a7d531c3c44a568843387b34d53f56374795e8d6,det-v1,1,,1860,70,977.487,0.0025000000,false,true
call-001394,arm12b_cth_llm,dev/f6/s6200004/early_accurate,26,grok-4.20-0309-non-reasoning,sha256:26b9c7df0531c6ecf7d0a535a7d531c3c44a568843387b34d53f56374795e8d6,det-v1,1,accepted,1860,70,977.487,0.0025000000,false,false
call-001395,arm8_spec_immediate,dev/f6/s6200004/late_accurate,23,grok-4.20-0309-non-reasoning,sha256:2e252f015dd15349683a2d3332bfa8440abd59ecdddd6d6ae91af20dcc906b05,det-v1,1,,1746,59,945.534,0.0023300000,false,true
call-001396,arm8_spec_immediate,dev/f6/s6200004/late_accurate,23,grok-4.20-0309-non-reasoning,sha256:2e252f015dd15349683a2d3332bfa8440abd59ecdddd6d6ae91af20dcc906b05,det-v1,1,accepted,1746,59,945.534,0.0023300000,false,false
call-001397,arm10_spec_eprocess,dev/f6/s6200004/late_accurate,23,grok-4.20-0309-non-reasoning,sha256:2e252f015dd15349683a2d3332bfa8440abd59ecdddd6d6ae91af20dcc906b05,det-v1,1,accepted,1746,59,0.002,0.0023300000,true,false
call-001398,arm12_cth,dev/f6/s6200004/late_accurate,23,grok-4.20-0309-non-reasoning,sha256:2e252f015dd15349683a2d3332bfa8440abd59ecdddd6d6ae91af20dcc906b05,det-v1,1,accepted,1746,59,0.003,0.0023300000,true,false
call-001399,arm12b_cth_llm,dev/f6/s6200004/late_accurate,23,grok-4.20-0309-non-reasoning,sha256:2e252f015dd15349683a2d3332bfa8440abd59ecdddd6d6ae91af20dcc906b05,det-v1,1,accepted,1746,59,0.003,0.0023300000,true,false
call-001400,arm8_spec_immediate,dev/f6/s6200004/unreliable,20,grok-4.20-0309-non-reasoning,sha256:a330eda6436a0d7e8bd4a563b12f7d7f8653d8f76cc34ae6b17692e71608acbf,det-v1,1,,1631,83,1020.315,0.0022462500,false,true
call-001401,arm8_spec_immediate,dev/f6/s6200004/unreliable,20,grok-4.20-0309-non-reasoning,sha256:a330eda6436a0d7e8bd4a563b12f7d7f8653d8f76cc34ae6b17692e71608acbf,det-v1,1,accepted,1631,83,1020.315,0.0022462500,false,false
call-001402,arm8_spec_immediate,dev/f6/s6200004/unreliable,26,grok-4.20-0309-non-reasoning,sha256:c515ef9ec2abb553addb526db387b8742d69c0b7fd03f3551bb41e8994762783,det-v1,1,,1859,70,966.299,0.0024987500,false,true
call-001403,arm8_spec_immediate,dev/f6/s6200004/unreliable,26,grok-4.20-0309-non-reasoning,sha256:c515ef9ec2abb553addb526db387b8742d69c0b7fd03f3551bb41e8994762783,det-v1,1,accepted,1859,70,966.299,0.0024987500,false,false
call-001404,arm10_spec_eprocess,dev/f6/s6200004/unreliable,20,grok-4.20-0309-non-reasoning,sha256:a330eda6436a0d7e8bd4a563b12f7d7f8653d8f76cc34ae6b17692e71608acbf,det-v1,1,accepted,1631,83,0.002,0.0022462500,true,false
call-001405,arm10_spec_eprocess,dev/f6/s6200004/unreliable,26,grok-4.20-0309-non-reasoning,sha256:e110c97d09175a801b8223673302648fba1f2c8fed9e676a9a12fb0c0cc18891,det-v1,1,,1859,103,1996.043,0.0025812500,false,true
call-001406,arm10_spec_eprocess,dev/f6/s6200004/unreliable,26,grok-4.20-0309-non-reasoning,sha256:e110c97d09175a801b8223673302648fba1f2c8fed9e676a9a12fb0c0cc18891,det-v1,1,accepted,1859,103,1996.043,0.0025812500,false,false
call-001407,arm12_cth,dev/f6/s6200004/unreliable,20,grok-4.20-0309-non-reasoning,sha256:a330eda6436a0d7e8bd4a563b12f7d7f8653d8f76cc34ae6b17692e71608acbf,det-v1,1,accepted,1631,83,0.003,0.0022462500,true,false
call-001408,arm12_cth,dev/f6/s6200004/unreliable,26,grok-4.20-0309-non-reasoning,sha256:ab17719a05b930d66dff0d3ab3ed37cbb826743cbb8e12cad4487e62cfda1e4e,det-v1,1,,1859,70,1038.339,0.0024987500,false,true
call-001409,arm12_cth,dev/f6/s6200004/unreliable,26,grok-4.20-0309-non-reasoning,sha256:ab17719a05b930d66dff0d3ab3ed37cbb826743cbb8e12cad4487e62cfda1e4e,det-v1,1,accepted,1859,70,1038.339,0.0024987500,false,false
call-001410,arm12b_cth_llm,dev/f6/s6200004/unreliable,20,grok-4.20-0309-non-reasoning,sha256:a330eda6436a0d7e8bd4a563b12f7d7f8653d8f76cc34ae6b17692e71608acbf,det-v1,1,accepted,1631,83,0.003,0.0022462500,true,false
call-001411,arm12b_cth_llm,dev/f6/s6200004/unreliable,26,grok-4.20-0309-non-reasoning,sha256:668d546c451f86a877e429b5217fa607d7b5ad8b41804f41938cb79eb45441ae,det-v1,1,,1859,71,935.594,0.0025012500,false,true
call-001412,arm12b_cth_llm,dev/f6/s6200004/unreliable,26,grok-4.20-0309-non-reasoning,sha256:668d546c451f86a877e429b5217fa607d7b5ad8b41804f41938cb79eb45441ae,det-v1,1,accepted,1859,71,935.594,0.0025012500,false,false
call-001413,arm8_spec_immediate,cal/f6/s6200005/no_alert,25,grok-4.20-0309-non-reasoning,sha256:73aac31acd1d60f7b4df55a6a45c23eadf0b411cc0c28319f3540772617edf8d,det-v1,1,,1785,66,998.816,0.0023962500,false,true
call-001414,arm8_spec_immediate,cal/f6/s6200005/no_alert,25,grok-4.20-0309-non-reasoning,sha256:73aac31acd1d60f7b4df55a6a45c23eadf0b411cc0c28319f3540772617edf8d,det-v1,1,accepted,1785,66,998.816,0.0023962500,false,false
call-001415,arm10_spec_eprocess,cal/f6/s6200005/no_alert,25,grok-4.20-0309-non-reasoning,sha256:73aac31acd1d60f7b4df55a6a45c23eadf0b411cc0c28319f3540772617edf8d,det-v1,1,accepted,1785,66,0.002,0.0023962500,true,false
call-001416,arm12_cth,cal/f6/s6200005/no_alert,25,grok-4.20-0309-non-reasoning,sha256:73aac31acd1d60f7b4df55a6a45c23eadf0b411cc0c28319f3540772617edf8d,det-v1,1,accepted,1785,66,0.002,0.0023962500,true,false
call-001417,arm12b_cth_llm,cal/f6/s6200005/no_alert,25,grok-4.20-0309-non-reasoning,sha256:73aac31acd1d60f7b4df55a6a45c23eadf0b411cc0c28319f3540772617edf8d,det-v1,1,accepted,1785,66,0.003,0.0023962500,true,false
call-001418,arm8_spec_immediate,cal/f6/s6200005/early_accurate,20,grok-4.20-0309-non-reasoning,sha256:c237edc3c3ab064cad5bc362717e88199f8323eb84cb56b66ca3ab5c73b39879,det-v1,1,,1631,56,871.408,0.0021787500,false,true
call-001419,arm8_spec_immediate,cal/f6/s6200005/early_accurate,20,grok-4.20-0309-non-reasoning,sha256:c237edc3c3ab064cad5bc362717e88199f8323eb84cb56b66ca3ab5c73b39879,det-v1,1,accepted,1631,56,871.408,0.0021787500,false,false
call-001420,arm8_spec_immediate,cal/f6/s6200005/early_accurate,26,grok-4.20-0309-non-reasoning,sha256:30f013489464a1c6d3180f78c6b8946b6cb6bfb060daa5d5811381485441ef49,det-v1,1,,1859,72,927.884,0.0025037500,false,true
call-001421,arm8_spec_immediate,cal/f6/s6200005/early_accurate,26,grok-4.20-0309-non-reasoning,sha256:30f013489464a1c6d3180f78c6b8946b6cb6bfb060daa5d5811381485441ef49,det-v1,1,accepted,1859,72,927.884,0.0025037500,false,false
call-001422,arm10_spec_eprocess,cal/f6/s6200005/early_accurate,20,grok-4.20-0309-non-reasoning,sha256:c237edc3c3ab064cad5bc362717e88199f8323eb84cb56b66ca3ab5c73b39879,det-v1,1,accepted,1631,56,0.002,0.0021787500,true,false
call-001423,arm10_spec_eprocess,cal/f6/s6200005/early_accurate,26,grok-4.20-0309-non-reasoning,sha256:e7f4a67d3af58c9aa50253388d917528ac113b4e61917b7e062a0f398e2f3b8b,det-v1,1,,1859,71,953.663,0.0025012500,false,true
call-001424,arm10_spec_eprocess,cal/f6/s6200005/early_accurate,26,grok-4.20-0309-non-reasoning,sha256:e7f4a67d3af58c9aa50253388d917528ac113b4e61917b7e062a0f398e2f3b8b,det-v1,1,accepted,1859,71,953.663,0.0025012500,false,false
call-001425,arm12_cth,cal/f6/s6200005/early_accurate,20,grok-4.20-0309-non-reasoning,sha256:c237edc3c3ab064cad5bc362717e88199f8323eb84cb56b66ca3ab5c73b39879,det-v1,1,accepted,1631,56,0.003,0.0021787500,true,false
call-001426,arm12_cth,cal/f6/s6200005/early_accurate,26,grok-4.20-0309-non-reasoning,sha256:21906a0fa35bc798dd4a76998bc9958953ff617f3d13d8d1f2fbb48092731c56,det-v1,1,,1859,72,953.276,0.0025037500,false,true
call-001427,arm12_cth,cal/f6/s6200005/early_accurate,26,grok-4.20-0309-non-reasoning,sha256:21906a0fa35bc798dd4a76998bc9958953ff617f3d13d8d1f2fbb48092731c56,det-v1,1,accepted,1859,72,953.276,0.0025037500,false,false
call-001428,arm12b_cth_llm,cal/f6/s6200005/early_accurate,20,grok-4.20-0309-non-reasoning,sha256:c237edc3c3ab064cad5bc362717e88199f8323eb84cb56b66ca3ab5c73b39879,det-v1,1,accepted,1631,56,0.003,0.0021787500,true,false
call-001429,arm12b_cth_llm,cal/f6/s6200005/early_accurate,26,grok-4.20-0309-non-reasoning,sha256:e7f4a67d3af58c9aa50253388d917528ac113b4e61917b7e062a0f398e2f3b8b,det-v1,1,accepted,1859,71,0.002,0.0025012500,true,false
call-001430,arm8_spec_immediate,cal/f6/s6200005/late_accurate,23,grok-4.20-0309-non-reasoning,sha256:3a166b93027a92be7ac154aeb6c1a9fa5bd4bc47f169140b3f266d916821be9f,det-v1,1,,1745,88,940.576,0.0024012500,false,true
call-001431,arm8_spec_immediate,cal/f6/s6200005/late_accurate,23,grok-4.20-0309-non-reasoning,sha256:3a166b93027a92be7ac154aeb6c1a9fa5bd4bc47f169140b3f266d916821be9f,det-v1,1,accepted,1745,88,940.576,0.0024012500,false,false
call-001432,arm10_spec_eprocess,cal/f6/s6200005/late_accurate,23,grok-4.20-0309-non-reasoning,sha256:3a166b93027a92be7ac154aeb6c1a9fa5bd4bc47f169140b3f266d916821be9f,det-v1,1,accepted,1745,88,0.002,0.0024012500,true,false
call-001433,arm12_cth,cal/f6/s6200005/late_accurate,23,grok-4.20-0309-non-reasoning,sha256:3a166b93027a92be7ac154aeb6c1a9fa5bd4bc47f169140b3f266d916821be9f,det-v1,1,accepted,1745,88,0.003,0.0024012500,true,false
call-001434,arm12b_cth_llm,cal/f6/s6200005/late_accurate,23,grok-4.20-0309-non-reasoning,sha256:3a166b93027a92be7ac154aeb6c1a9fa5bd4bc47f169140b3f266d916821be9f,det-v1,1,accepted,1745,88,0.003,0.0024012500,true,false
call-001435,arm8_spec_immediate,cal/f6/s6200005/unreliable,20,grok-4.20-0309-non-reasoning,sha256:5ec605657eb79c6755fdfbcdcc051bcc7146a6916e4332a014ca66a2c37f894b,det-v1,1,,1634,72,996.558,0.0022225000,false,true
call-001436,arm8_spec_immediate,cal/f6/s6200005/unreliable,20,grok-4.20-0309-non-reasoning,sha256:5ec605657eb79c6755fdfbcdcc051bcc7146a6916e4332a014ca66a2c37f894b,det-v1,1,accepted,1634,72,996.558,0.0022225000,false,false
call-001437,arm8_spec_immediate,cal/f6/s6200005/unreliable,26,grok-4.20-0309-non-reasoning,sha256:76c64f16db3e102b663c2ea869602803eca9dfd1595497dd7d772abbd86a6fda,det-v1,1,,1862,70,1223.212,0.0025025000,false,true
call-001438,arm8_spec_immediate,cal/f6/s6200005/unreliable,26,grok-4.20-0309-non-reasoning,sha256:76c64f16db3e102b663c2ea869602803eca9dfd1595497dd7d772abbd86a6fda,det-v1,1,accepted,1862,70,1223.212,0.0025025000,false,false
call-001439,arm10_spec_eprocess,cal/f6/s6200005/unreliable,20,grok-4.20-0309-non-reasoning,sha256:5ec605657eb79c6755fdfbcdcc051bcc7146a6916e4332a014ca66a2c37f894b,det-v1,1,accepted,1634,72,0.002,0.0022225000,true,false
call-001440,arm10_spec_eprocess,cal/f6/s6200005/unreliable,26,grok-4.20-0309-non-reasoning,sha256:55029b4d4a3531dcf44f531c8c089dde5bca13576e48cd45f1736ad0d5fc0e6e,det-v1,1,,1862,70,915.847,0.0025025000,false,true
call-001441,arm10_spec_eprocess,cal/f6/s6200005/unreliable,26,grok-4.20-0309-non-reasoning,sha256:55029b4d4a3531dcf44f531c8c089dde5bca13576e48cd45f1736ad0d5fc0e6e,det-v1,1,accepted,1862,70,915.847,0.0025025000,false,false
call-001442,arm12_cth,cal/f6/s6200005/unreliable,20,grok-4.20-0309-non-reasoning,sha256:5ec605657eb79c6755fdfbcdcc051bcc7146a6916e4332a014ca66a2c37f894b,det-v1,1,accepted,1634,72,0.004,0.0022225000,true,false
call-001443,arm12_cth,cal/f6/s6200005/unreliable,26,grok-4.20-0309-non-reasoning,sha256:6a5024e2d020638fdedefdc3e39a4876051ae8706ae5a80e2df5e95889a96846,det-v1,1,,1862,70,950.980,0.0025025000,false,true
call-001444,arm12_cth,cal/f6/s6200005/unreliable,26,grok-4.20-0309-non-reasoning,sha256:6a5024e2d020638fdedefdc3e39a4876051ae8706ae5a80e2df5e95889a96846,det-v1,1,accepted,1862,70,950.980,0.0025025000,false,false
call-001445,arm12b_cth_llm,cal/f6/s6200005/unreliable,20,grok-4.20-0309-non-reasoning,sha256:5ec605657eb79c6755fdfbcdcc051bcc7146a6916e4332a014ca66a2c37f894b,det-v1,1,accepted,1634,72,0.003,0.0022225000,true,false
call-001446,arm12b_cth_llm,cal/f6/s6200005/unreliable,26,grok-4.20-0309-non-reasoning,sha256:8ba2c2c0836a52b5c3a6ad79864e1314364d2a1d089941286dfa28d492e59986,det-v1,1,,1862,70,1160.034,0.0025025000,false,true
call-001447,arm12b_cth_llm,cal/f6/s6200005/unreliable,26,grok-4.20-0309-non-reasoning,sha256:8ba2c2c0836a52b5c3a6ad79864e1314364d2a1d089941286dfa28d492e59986,det-v1,1,accepted,1862,70,1160.034,0.0025025000,false,false
call-001448,arm8_spec_immediate,cal/f6/s6200005/no_alert__twin,10,grok-4.20-0309-non-reasoning,sha256:7bd0cefcd8807eb8a543bebc7ff3b4be66ed1a5ff5b9e88a9a931518f402bc88,det-v1,1,,1257,86,1022.934,0.0017862500,false,true
call-001449,arm8_spec_immediate,cal/f6/s6200005/no_alert__twin,10,grok-4.20-0309-non-reasoning,sha256:7bd0cefcd8807eb8a543bebc7ff3b4be66ed1a5ff5b9e88a9a931518f402bc88,det-v1,1,accepted,1257,86,1022.934,0.0017862500,false,false
call-001450,arm10_spec_eprocess,cal/f6/s6200005/no_alert__twin,10,grok-4.20-0309-non-reasoning,sha256:7bd0cefcd8807eb8a543bebc7ff3b4be66ed1a5ff5b9e88a9a931518f402bc88,det-v1,1,accepted,1257,86,0.001,0.0017862500,true,false
call-001451,arm12_cth,cal/f6/s6200005/no_alert__twin,10,grok-4.20-0309-non-reasoning,sha256:7bd0cefcd8807eb8a543bebc7ff3b4be66ed1a5ff5b9e88a9a931518f402bc88,det-v1,1,accepted,1257,86,0.002,0.0017862500,true,false
call-001452,arm12b_cth_llm,cal/f6/s6200005/no_alert__twin,10,grok-4.20-0309-non-reasoning,sha256:7bd0cefcd8807eb8a543bebc7ff3b4be66ed1a5ff5b9e88a9a931518f402bc88,det-v1,1,accepted,1257,86,0.002,0.0017862500,true,false
call-001453,arm8_spec_immediate,dev/f6/s6200006/no_alert,29,grok-4.20-0309-non-reasoning,sha256:3b9f195b47ea252c4492222718db75340a2334801975ac9afeaa039bac6e4d28,det-v1,1,,1937,50,923.331,0.0025462500,false,true
call-001454,arm8_spec_immediate,dev/f6/s6200006/no_alert,29,grok-4.20-0309-non-reasoning,sha256:3b9f195b47ea252c4492222718db75340a2334801975ac9afeaa039bac6e4d28,det-v1,1,accepted,1937,50,923.331,0.0025462500,false,false
call-001455,arm10_spec_eprocess,dev/f6/s6200006/no_alert,29,grok-4.20-0309-non-reasoning,sha256:3b9f195b47ea252c4492222718db75340a2334801975ac9afeaa039bac6e4d28,det-v1,1,accepted,1937,50,0.002,0.0025462500,true,false
call-001456,arm12_cth,dev/f6/s6200006/no_alert,29,grok-4.20-0309-non-reasoning,sha256:3b9f195b47ea252c4492222718db75340a2334801975ac9afeaa039bac6e4d28,det-v1,1,accepted,1937,50,0.002,0.0025462500,true,false
call-001457,arm12b_cth_llm,dev/f6/s6200006/no_alert,29,grok-4.20-0309-non-reasoning,sha256:3b9f195b47ea252c4492222718db75340a2334801975ac9afeaa039bac6e4d28,det-v1,1,accepted,1937,50,0.003,0.0025462500,true,false
call-001458,arm8_spec_immediate,dev/f6/s6200006/early_accurate,17,grok-4.20-0309-non-reasoning,sha256:a98e2a4f9714663262b9653159a71b8c16a3ed1b9fbbc05cf130a2f11ac51ddb,det-v1,1,,1517,64,860.396,0.0020562500,false,true
call-001459,arm8_spec_immediate,dev/f6/s6200006/early_accurate,17,grok-4.20-0309-non-reasoning,sha256:a98e2a4f9714663262b9653159a71b8c16a3ed1b9fbbc05cf130a2f11ac51ddb,det-v1,1,accepted,1517,64,860.396,0.0020562500,false,false
call-001460,arm8_spec_immediate,dev/f6/s6200006/early_accurate,29,grok-4.20-0309-non-reasoning,sha256:23467e494cb1b063754bbebca9f183dfdaf022606c81aa5b51e81094cdf16a8b,det-v1,1,,1973,75,1166.600,0.0026537500,false,true
call-001461,arm8_spec_immediate,dev/f6/s6200006/early_accurate,29,grok-4.20-0309-non-reasoning,sha256:23467e494cb1b063754bbebca9f183dfdaf022606c81aa5b51e81094cdf16a8b,det-v1,1,accepted,1973,75,1166.600,0.0026537500,false,false
call-001462,arm10_spec_eprocess,dev/f6/s6200006/early_accurate,17,grok-4.20-0309-non-reasoning,sha256:a98e2a4f9714663262b9653159a71b8c16a3ed1b9fbbc05cf130a2f11ac51ddb,det-v1,1,accepted,1517,64,0.002,0.0020562500,true,false
call-001463,arm10_spec_eprocess,dev/f6/s6200006/early_accurate,29,grok-4.20-0309-non-reasoning,sha256:357a709d123f67a912c80fb719f6ab142315d742b02cd13d3de1dbe045210d84,det-v1,1,,1973,75,940.846,0.0026537500,false,true
call-001464,arm10_spec_eprocess,dev/f6/s6200006/early_accurate,29,grok-4.20-0309-non-reasoning,sha256:357a709d123f67a912c80fb719f6ab142315d742b02cd13d3de1dbe045210d84,det-v1,1,accepted,1973,75,940.846,0.0026537500,false,false
call-001465,arm12_cth,dev/f6/s6200006/early_accurate,17,grok-4.20-0309-non-reasoning,sha256:a98e2a4f9714663262b9653159a71b8c16a3ed1b9fbbc05cf130a2f11ac51ddb,det-v1,1,accepted,1517,64,0.002,0.0020562500,true,false
call-001466,arm12_cth,dev/f6/s6200006/early_accurate,29,grok-4.20-0309-non-reasoning,sha256:eef110f70dd7af105451c0ef08e3f586962c26a05542010315ac9c047675ec50,det-v1,1,,1973,75,1010.907,0.0026537500,false,true
call-001467,arm12_cth,dev/f6/s6200006/early_accurate,29,grok-4.20-0309-non-reasoning,sha256:eef110f70dd7af105451c0ef08e3f586962c26a05542010315ac9c047675ec50,det-v1,1,accepted,1973,75,1010.907,0.0026537500,false,false
call-001468,arm12b_cth_llm,dev/f6/s6200006/early_accurate,17,grok-4.20-0309-non-reasoning,sha256:a98e2a4f9714663262b9653159a71b8c16a3ed1b9fbbc05cf130a2f11ac51ddb,det-v1,1,accepted,1517,64,0.002,0.0020562500,true,false
call-001469,arm12b_cth_llm,dev/f6/s6200006/early_accurate,29,grok-4.20-0309-non-reasoning,sha256:357a709d123f67a912c80fb719f6ab142315d742b02cd13d3de1dbe045210d84,det-v1,1,accepted,1973,75,0.001,0.0026537500,true,false
call-001470,arm8_spec_immediate,dev/f6/s6200006/late_accurate,20,grok-4.20-0309-non-reasoning,sha256:7a597685222e8db9234bd09b6eacd973660e97c54d63e4103dc9ae9d119a4bad,det-v1,1,,1631,60,1584.386,0.0021887500,false,true
call-001471,arm8_spec_immediate,dev/f6/s6200006/late_accurate,20,grok-4.20-0309-non-reasoning,sha256:7a597685222e8db9234bd09b6eacd973660e97c54d63e4103dc9ae9d119a4bad,det-v1,1,accepted,1631,60,1584.386,0.0021887500,false,false
call-001472,arm8_spec_immediate,dev/f6/s6200006/late_accurate,33,grok-4.20-0309-non-reasoning,sha256:b1cf85b1ec7e812187260a1a33a6659b477f89cfbdc3bdd8246b32746ff4c84a,det-v1,1,,2125,72,1342.780,0.0028362500,false,true
call-001473,arm8_spec_immediate,dev/f6/s6200006/late_accurate,33,grok-4.20-0309-non-reasoning,sha256:b1cf85b1ec7e812187260a1a33a6659b477f89cfbdc3bdd8246b32746ff4c84a,det-v1,1,accepted,2125,72,1342.780,0.0028362500,false,false
call-001474,arm10_spec_eprocess,dev/f6/s6200006/late_accurate,20,grok-4.20-0309-non-reasoning,sha256:7a597685222e8db9234bd09b6eacd973660e97c54d63e4103dc9ae9d119a4bad,det-v1,1,accepted,1631,60,0.002,0.0021887500,true,false
call-001475,arm10_spec_eprocess,dev/f6/s6200006/late_accurate,33,grok-4.20-0309-non-reasoning,sha256:62c66b4ae677a7532c5d2b11dfe8d6737e30bbf5ede60937e69fc4c2d0be1c9d,det-v1,1,,2125,71,932.213,0.0028337500,false,true
call-001476,arm10_spec_eprocess,dev/f6/s6200006/late_accurate,33,grok-4.20-0309-non-reasoning,sha256:62c66b4ae677a7532c5d2b11dfe8d6737e30bbf5ede60937e69fc4c2d0be1c9d,det-v1,1,accepted,2125,71,932.213,0.0028337500,false,false
call-001477,arm12_cth,dev/f6/s6200006/late_accurate,20,grok-4.20-0309-non-reasoning,sha256:7a597685222e8db9234bd09b6eacd973660e97c54d63e4103dc9ae9d119a4bad,det-v1,1,accepted,1631,60,0.002,0.0021887500,true,false
call-001478,arm12_cth,dev/f6/s6200006/late_accurate,33,grok-4.20-0309-non-reasoning,sha256:6fd6bf8a016d1c0143e00f3d4194989ef1c94d43e2aa4ddebad057f9baffedfd,det-v1,1,,2125,71,959.144,0.0028337500,false,true
call-001479,arm12_cth,dev/f6/s6200006/late_accurate,33,grok-4.20-0309-non-reasoning,sha256:6fd6bf8a016d1c0143e00f3d4194989ef1c94d43e2aa4ddebad057f9baffedfd,det-v1,1,accepted,2125,71,959.144,0.0028337500,false,false
call-001480,arm12b_cth_llm,dev/f6/s6200006/late_accurate,20,grok-4.20-0309-non-reasoning,sha256:7a597685222e8db9234bd09b6eacd973660e97c54d63e4103dc9ae9d119a4bad,det-v1,1,accepted,1631,60,0.002,0.0021887500,true,false
call-001481,arm12b_cth_llm,dev/f6/s6200006/late_accurate,33,grok-4.20-0309-non-reasoning,sha256:62c66b4ae677a7532c5d2b11dfe8d6737e30bbf5ede60937e69fc4c2d0be1c9d,det-v1,1,accepted,2125,71,0.001,0.0028337500,true,false
call-001482,arm8_spec_immediate,dev/f6/s6200006/unreliable,17,grok-4.20-0309-non-reasoning,sha256:0c26f50a7246b0c95bb7d1fb9aaf577e5f0552b934a2410715651b2d5255424b,det-v1,1,,1508,50,770.050,0.0020100000,false,true
call-001483,arm8_spec_immediate,dev/f6/s6200006/unreliable,17,grok-4.20-0309-non-reasoning,sha256:0c26f50a7246b0c95bb7d1fb9aaf577e5f0552b934a2410715651b2d5255424b,det-v1,1,accepted,1508,50,770.050,0.0020100000,false,false
call-001484,arm8_spec_immediate,dev/f6/s6200006/unreliable,29,grok-4.20-0309-non-reasoning,sha256:58045557de4fd35691438d8a0add078b271d5e5a8e95d16bcf5e23c6301dd8ec,det-v1,1,,1964,50,842.249,0.0025800000,false,true
call-001485,arm8_spec_immediate,dev/f6/s6200006/unreliable,29,grok-4.20-0309-non-reasoning,sha256:58045557de4fd35691438d8a0add078b271d5e5a8e95d16bcf5e23c6301dd8ec,det-v1,1,accepted,1964,50,842.249,0.0025800000,false,false
call-001486,arm10_spec_eprocess,dev/f6/s6200006/unreliable,17,grok-4.20-0309-non-reasoning,sha256:0c26f50a7246b0c95bb7d1fb9aaf577e5f0552b934a2410715651b2d5255424b,det-v1,1,accepted,1508,50,0.002,0.0020100000,true,false
call-001487,arm10_spec_eprocess,dev/f6/s6200006/unreliable,29,grok-4.20-0309-non-reasoning,sha256:58045557de4fd35691438d8a0add078b271d5e5a8e95d16bcf5e23c6301dd8ec,det-v1,1,accepted,1964,50,0.002,0.0025800000,true,false
call-001488,arm12_cth,dev/f6/s6200006/unreliable,17,grok-4.20-0309-non-reasoning,sha256:0c26f50a7246b0c95bb7d1fb9aaf577e5f0552b934a2410715651b2d5255424b,det-v1,1,accepted,1508,50,0.002,0.0020100000,true,false
call-001489,arm12_cth,dev/f6/s6200006/unreliable,29,grok-4.20-0309-non-reasoning,sha256:28318934458356a5f2356d441852ef82cb33a18097cef63d0ed2addcd678c10f,det-v1,1,,1964,50,855.328,0.0025800000,false,true
call-001490,arm12_cth,dev/f6/s6200006/unreliable,29,grok-4.20-0309-non-reasoning,sha256:28318934458356a5f2356d441852ef82cb33a18097cef63d0ed2addcd678c10f,det-v1,1,accepted,1964,50,855.328,0.0025800000,false,false
call-001491,arm12b_cth_llm,dev/f6/s6200006/unreliable,17,grok-4.20-0309-non-reasoning,sha256:0c26f50a7246b0c95bb7d1fb9aaf577e5f0552b934a2410715651b2d5255424b,det-v1,1,accepted,1508,50,0.002,0.0020100000,true,false
call-001492,arm12b_cth_llm,dev/f6/s6200006/unreliable,29,grok-4.20-0309-non-reasoning,sha256:58045557de4fd35691438d8a0add078b271d5e5a8e95d16bcf5e23c6301dd8ec,det-v1,1,accepted,1964,50,0.002,0.0025800000,true,false
call-001493,arm8_spec_immediate,dev/f6/s6200006/no_alert__twin,10,grok-4.20-0309-non-reasoning,sha256:05a79506f543991ed7dffec0db5f0742d7a763aeadb4ae564fb4760bae333563,det-v1,1,,1253,86,1095.729,0.0017812500,false,true
call-001494,arm8_spec_immediate,dev/f6/s6200006/no_alert__twin,10,grok-4.20-0309-non-reasoning,sha256:05a79506f543991ed7dffec0db5f0742d7a763aeadb4ae564fb4760bae333563,det-v1,1,accepted,1253,86,1095.729,0.0017812500,false,false
call-001495,arm10_spec_eprocess,dev/f6/s6200006/no_alert__twin,10,grok-4.20-0309-non-reasoning,sha256:05a79506f543991ed7dffec0db5f0742d7a763aeadb4ae564fb4760bae333563,det-v1,1,accepted,1253,86,0.002,0.0017812500,true,false
call-001496,arm12_cth,dev/f6/s6200006/no_alert__twin,10,grok-4.20-0309-non-reasoning,sha256:05a79506f543991ed7dffec0db5f0742d7a763aeadb4ae564fb4760bae333563,det-v1,1,accepted,1253,86,0.002,0.0017812500,true,false
call-001497,arm12b_cth_llm,dev/f6/s6200006/no_alert__twin,10,grok-4.20-0309-non-reasoning,sha256:05a79506f543991ed7dffec0db5f0742d7a763aeadb4ae564fb4760bae333563,det-v1,1,accepted,1253,86,0.003,0.0017812500,true,false
call-001498,arm8_spec_immediate,cal/f6/s6200007/no_alert,18,grok-4.20-0309-non-reasoning,sha256:610919ef1548136c7a4dc0a548e9f4144f89cce43e943ecc471bc3b5bc2bb6f1,det-v1,1,,1519,67,1248.145,0.0020662500,false,true
call-001499,arm8_spec_immediate,cal/f6/s6200007/no_alert,18,grok-4.20-0309-non-reasoning,sha256:610919ef1548136c7a4dc0a548e9f4144f89cce43e943ecc471bc3b5bc2bb6f1,det-v1,1,accepted,1519,67,1248.145,0.0020662500,false,false
call-001500,arm10_spec_eprocess,cal/f6/s6200007/no_alert,18,grok-4.20-0309-non-reasoning,sha256:610919ef1548136c7a4dc0a548e9f4144f89cce43e943ecc471bc3b5bc2bb6f1,det-v1,1,accepted,1519,67,0.002,0.0020662500,true,false
call-001501,arm12_cth,cal/f6/s6200007/no_alert,18,grok-4.20-0309-non-reasoning,sha256:610919ef1548136c7a4dc0a548e9f4144f89cce43e943ecc471bc3b5bc2bb6f1,det-v1,1,accepted,1519,67,0.002,0.0020662500,true,false
call-001502,arm12b_cth_llm,cal/f6/s6200007/no_alert,18,grok-4.20-0309-non-reasoning,sha256:610919ef1548136c7a4dc0a548e9f4144f89cce43e943ecc471bc3b5bc2bb6f1,det-v1,1,accepted,1519,67,0.003,0.0020662500,true,false
call-001503,arm8_spec_immediate,cal/f6/s6200007/early_accurate,13,grok-4.20-0309-non-reasoning,sha256:44912eaf86185adb6f7a3674b19096b44a7664e854704be70369719d164e95bb,det-v1,1,,1372,71,936.236,0.0018925000,false,true
call-001504,arm8_spec_immediate,cal/f6/s6200007/early_accurate,13,grok-4.20-0309-non-reasoning,sha256:44912eaf86185adb6f7a3674b19096b44a7664e854704be70369719d164e95bb,det-v1,1,accepted,1372,71,936.236,0.0018925000,false,false
call-001505,arm8_spec_immediate,cal/f6/s6200007/early_accurate,19,grok-4.20-0309-non-reasoning,sha256:b476900bba818f8ced63e175e9cd7251d48ab1cd1b70300658a06f3465d02844,det-v1,1,,1600,87,1111.249,0.0022175000,false,true
call-001506,arm8_spec_immediate,cal/f6/s6200007/early_accurate,19,grok-4.20-0309-non-reasoning,sha256:b476900bba818f8ced63e175e9cd7251d48ab1cd1b70300658a06f3465d02844,det-v1,1,accepted,1600,87,1111.249,0.0022175000,false,false
call-001507,arm10_spec_eprocess,cal/f6/s6200007/early_accurate,13,grok-4.20-0309-non-reasoning,sha256:44912eaf86185adb6f7a3674b19096b44a7664e854704be70369719d164e95bb,det-v1,1,accepted,1372,71,0.002,0.0018925000,true,false
call-001508,arm10_spec_eprocess,cal/f6/s6200007/early_accurate,19,grok-4.20-0309-non-reasoning,sha256:b122cafbefbe4377359921c3145863c021d9ec3a88568c2e1c21b3f30ccaacb7,det-v1,1,,1600,75,1052.858,0.0021875000,false,true
call-001509,arm10_spec_eprocess,cal/f6/s6200007/early_accurate,19,grok-4.20-0309-non-reasoning,sha256:b122cafbefbe4377359921c3145863c021d9ec3a88568c2e1c21b3f30ccaacb7,det-v1,1,accepted,1600,75,1052.858,0.0021875000,false,false
call-001510,arm12_cth,cal/f6/s6200007/early_accurate,13,grok-4.20-0309-non-reasoning,sha256:44912eaf86185adb6f7a3674b19096b44a7664e854704be70369719d164e95bb,det-v1,1,accepted,1372,71,0.003,0.0018925000,true,false
call-001511,arm12_cth,cal/f6/s6200007/early_accurate,19,grok-4.20-0309-non-reasoning,sha256:b71bc279c876a6ef043711b1d7210007a28701ec0c7a02d4af0849f37009a7ca,det-v1,1,,1600,83,1039.084,0.0022075000,false,true
call-001512,arm12_cth,cal/f6/s6200007/early_accurate,19,grok-4.20-0309-non-reasoning,sha256:b71bc279c876a6ef043711b1d7210007a28701ec0c7a02d4af0849f37009a7ca,det-v1,1,accepted,1600,83,1039.084,0.0022075000,false,false
call-001513,arm12b_cth_llm,cal/f6/s6200007/early_accurate,13,grok-4.20-0309-non-reasoning,sha256:44912eaf86185adb6f7a3674b19096b44a7664e854704be70369719d164e95bb,det-v1,1,accepted,1372,71,0.003,0.0018925000,true,false
call-001514,arm12b_cth_llm,cal/f6/s6200007/early_accurate,19,grok-4.20-0309-non-reasoning,sha256:8d8dd0f371f661bd2642d91fdcb07ddfed608d1e75e523fc7c1a482790321157,det-v1,1,,1600,75,998.849,0.0021875000,false,true
call-001515,arm12b_cth_llm,cal/f6/s6200007/early_accurate,19,grok-4.20-0309-non-reasoning,sha256:8d8dd0f371f661bd2642d91fdcb07ddfed608d1e75e523fc7c1a482790321157,det-v1,1,accepted,1600,75,998.849,0.0021875000,false,false
call-001516,arm8_spec_immediate,cal/f6/s6200007/late_accurate,16,grok-4.20-0309-non-reasoning,sha256:aeeab9ed9e399c642fb8f604ddd3a3d675e847a934441739ccac6084e82482a3,det-v1,1,,1486,74,932.022,0.0020425000,false,true
call-001517,arm8_spec_immediate,cal/f6/s6200007/late_accurate,16,grok-4.20-0309-non-reasoning,sha256:aeeab9ed9e399c642fb8f604ddd3a3d675e847a934441739ccac6084e82482a3,det-v1,1,accepted,1486,74,932.022,0.0020425000,false,false
call-001518,arm10_spec_eprocess,cal/f6/s6200007/late_accurate,16,grok-4.20-0309-non-reasoning,sha256:aeeab9ed9e399c642fb8f604ddd3a3d675e847a934441739ccac6084e82482a3,det-v1,1,accepted,1486,74,0.002,0.0020425000,true,false
call-001519,arm12_cth,cal/f6/s6200007/late_accurate,16,grok-4.20-0309-non-reasoning,sha256:aeeab9ed9e399c642fb8f604ddd3a3d675e847a934441739ccac6084e82482a3,det-v1,1,accepted,1486,74,0.002,0.0020425000,true,false
call-001520,arm12b_cth_llm,cal/f6/s6200007/late_accurate,16,grok-4.20-0309-non-reasoning,sha256:aeeab9ed9e399c642fb8f604ddd3a3d675e847a934441739ccac6084e82482a3,det-v1,1,accepted,1486,74,0.004,0.0020425000,true,false
call-001521,arm8_spec_immediate,cal/f6/s6200007/unreliable,13,grok-4.20-0309-non-reasoning,sha256:2860dda71f183fac7b449df1cb38fde10a3961f21784833033e92b538f2399ea,det-v1,1,,1370,55,856.565,0.0018500000,false,true
call-001522,arm8_spec_immediate,cal/f6/s6200007/unreliable,13,grok-4.20-0309-non-reasoning,sha256:2860dda71f183fac7b449df1cb38fde10a3961f21784833033e92b538f2399ea,det-v1,1,accepted,1370,55,856.565,0.0018500000,false,false
call-001523,arm8_spec_immediate,cal/f6/s6200007/unreliable,19,grok-4.20-0309-non-reasoning,sha256:43e376fa65469ce7f25553adc8d9a2e289c86080e6ce70f9118c773765c7951b,det-v1,1,,1598,75,1002.477,0.0021850000,false,true
call-001524,arm8_spec_immediate,cal/f6/s6200007/unreliable,19,grok-4.20-0309-non-reasoning,sha256:43e376fa65469ce7f25553adc8d9a2e289c86080e6ce70f9118c773765c7951b,det-v1,1,accepted,1598,75,1002.477,0.0021850000,false,false
call-001525,arm10_spec_eprocess,cal/f6/s6200007/unreliable,13,grok-4.20-0309-non-reasoning,sha256:2860dda71f183fac7b449df1cb38fde10a3961f21784833033e92b538f2399ea,det-v1,1,accepted,1370,55,0.002,0.0018500000,true,false
call-001526,arm10_spec_eprocess,cal/f6/s6200007/unreliable,19,grok-4.20-0309-non-reasoning,sha256:12ed94655a17cc4767201731bd6689bb005bc7dfdfb4be3271c9293a00011005,det-v1,1,,1598,75,999.478,0.0021850000,false,true
call-001527,arm10_spec_eprocess,cal/f6/s6200007/unreliable,19,grok-4.20-0309-non-reasoning,sha256:12ed94655a17cc4767201731bd6689bb005bc7dfdfb4be3271c9293a00011005,det-v1,1,accepted,1598,75,999.478,0.0021850000,false,false
call-001528,arm12_cth,cal/f6/s6200007/unreliable,13,grok-4.20-0309-non-reasoning,sha256:2860dda71f183fac7b449df1cb38fde10a3961f21784833033e92b538f2399ea,det-v1,1,accepted,1370,55,0.002,0.0018500000,true,false
call-001529,arm12_cth,cal/f6/s6200007/unreliable,19,grok-4.20-0309-non-reasoning,sha256:cb460cd6d78d623b8d8beaba704f017ae1b61a713310461d63e185c9dbb01b51,det-v1,1,,1598,75,1039.652,0.0021850000,false,true
call-001530,arm12_cth,cal/f6/s6200007/unreliable,19,grok-4.20-0309-non-reasoning,sha256:cb460cd6d78d623b8d8beaba704f017ae1b61a713310461d63e185c9dbb01b51,det-v1,1,accepted,1598,75,1039.652,0.0021850000,false,false
call-001531,arm12b_cth_llm,cal/f6/s6200007/unreliable,13,grok-4.20-0309-non-reasoning,sha256:2860dda71f183fac7b449df1cb38fde10a3961f21784833033e92b538f2399ea,det-v1,1,accepted,1370,55,0.003,0.0018500000,true,false
call-001532,arm12b_cth_llm,cal/f6/s6200007/unreliable,19,grok-4.20-0309-non-reasoning,sha256:9e77142a787e2bdd69546b7281aed392b476b775ee4445ed896ecdb537de3400,det-v1,1,,1598,75,1006.997,0.0021850000,false,true
call-001533,arm12b_cth_llm,cal/f6/s6200007/unreliable,19,grok-4.20-0309-non-reasoning,sha256:9e77142a787e2bdd69546b7281aed392b476b775ee4445ed896ecdb537de3400,det-v1,1,accepted,1598,75,1006.997,0.0021850000,false,false
