call_id,arm_id,episode_id,period,model_id,prompt_hash,decoding_hash,attempt_index,outcome,input_tokens,output_tokens,latency_ms,usd_cost,cache_hit,physical
call-000001,arm8_spec_immediate,dev/f1/s1050000/no_alert,25,grok-4.20-0309-non-reasoning,sha256:1954b2db83a8cbc6240e17f11962c565b5b80aeea6f0c9c9655b963c7a71397a,det-v1,1,,1785,70,1024.053,0.0024062500,false,true
call-000002,arm8_spec_immediate,dev/f1/s1050000/no_alert,25,grok-4.20-0309-non-reasoning,sha256:1954b2db83a8cbc6240e17f11962c565b5b80aeea6f0c9c9655b963c7a71397a,det-v1,1,accepted,1785,70,1024.053,0.0024062500,false,false
call-000003,arm8_spec_immediate,dev/f1/s1050000/no_alert,31,grok-4.20-0309-non-reasoning,sha256:27e4c998615aee89cdcb667da1dc01ce62494cf2e48f18523fad9738ce5be4d2,det-v1,1,,2013,87,966.779,0.0027337500,false,true
call-000004,arm8_spec_immediate,dev/f1/s1050000/no_alert,31,grok-4.20-0309-non-reasoning,sha256:27e4c998615aee89cdcb667da1dc01ce62494cf2e48f18523fad9738ce5be4d2,det-v1,1,accepted,2013,87,966.779,0.0027337500,false,false
call-000005,arm9_spec_heuristic_rollback,dev/f1/s1050000/no_alert,25,grok-4.20-0309-non-reasoning,sha256:1954b2db83a8cbc6240e17f11962c565b5b80aeea6f0c9c9655b963c7a71397a,det-v1,1,accepted,1785,70,0.002,0.0024062500,true,false
call-000006,arm9_spec_heuristic_rollback,dev/f1/s1050000/no_alert,31,grok-4.20-0309-non-reasoning,sha256:27e4c998615aee89cdcb667da1dc01ce62494cf2e48f18523fad9738ce5be4d2,det-v1,1,accepted,2013,87,0.002,0.0027337500,true,false
call-000007,arm10_spec_eprocess,dev/f1/s1050000/no_alert,25,grok-4.20-0309-non-reasoning,sha256:1954b2db83a8cbc6240e17f11962c565b5b80aeea6f0c9c9655b963c7a71397a,det-v1,1,accepted,1785,70,0.002,0.0024062500,true,false
call-000008,arm10_spec_eprocess,dev/f1/s1050000/no_alert,31,grok-4.20-0309-non-reasoning,sha256:25734bce34b9a45b551b896473cf6fe7213165b5b940be734485fcf007176825,det-v1,1,,2013,87,1020.257,0.0027337500,false,true
call-000009,arm10_spec_eprocess,dev/f1/s1050000/no_alert,31,grok-4.20-0309-non-reasoning,sha256:25734bce34b9a45b551b896473cf6fe7213165b5b940be734485fcf007176825,det-v1,1,accepted,2013,87,1020.257,0.0027337500,false,false
call-000010,arm8_spec_immediate,cal/f1/s1060000/no_alert,21,grok-4.20-0309-non-reasoning,sha256:68126c7d2a35669c1e0af6cbf806b42a7e8f14bb2c1a33fe2994c1c9cd4dfe4f,det-v1,1,,1633,67,877.990,0.0022087500,false,true
call-000011,arm8_spec_immediate,cal/f1/s1060000/no_alert,21,grok-4.20-0309-non-reasoning,sha256:68126c7d2a35669c1e0af6cbf806b42a7e8f14bb2c1a33fe2994c1c9cd4dfe4f,det-v1,1,accepted,1633,67,877.990,0.0022087500,false,false
call-000012,arm8_spec_immediate,cal/f1/s1060000/no_alert,49,grok-4.20-0309-non-reasoning,sha256:b0a75aaf94fa1922ed6ec9202ff657167c24b6765e96d5a9d74d4cf81dc5375d,det-v1,1,,2697,95,1085.190,0.0036087500,false,true
call-000013,arm8_spec_immediate,cal/f1/s1060000/no_alert,49,grok-4.20-0309-non-reasoning,sha256:b0a75aaf94fa1922ed6ec9202ff657167c24b6765e96d5a9d74d4cf81dc5375d,det-v1,1,accepted,2697,95,1085.190,0.0036087500,false,false
call-000014,arm9_spec_heuristic_rollback,cal/f1/s1060000/no_alert,21,grok-4.20-0309-non-reasoning,sha256:68126c7d2a35669c1e0af6cbf806b42a7e8f14bb2c1a33fe2994c1c9cd4dfe4f,det-v1,1,accepted,1633,67,0.001,0.0022087500,true,false
call-000015,arm9_spec_heuristic_rollback,cal/f1/s1060000/no_alert,49,grok-4.20-0309-non-reasoning,sha256:b0a75aaf94fa1922ed6ec9202ff657167c24b6765e96d5a9d74d4cf81dc5375d,det-v1,1,accepted,2697,95,0.001,0.0036087500,true,false
call-000016,arm10_spec_eprocess,cal/f1/s1060000/no_alert,21,grok-4.20-0309-non-reasoning,sha256:68126c7d2a35669c1e0af6cbf806b42a7e8f14bb2c1a33fe2994c1c9cd4dfe4f,det-v1,1,accepted,1633,67,0.002,0.0022087500,true,false
call-000017,arm10_spec_eprocess,cal/f1/s1060000/no_alert,49,grok-4.20-0309-non-reasoning,sha256:71750e924c4977dd367a250e65b1533f4a402c0e1e177920225603c7839af76e,det-v1,1,,2697,94,1058.074,0.0036062500,false,true
call-000018,arm10_spec_eprocess,cal/f1/s1060000/no_alert,49,grok-4.20-0309-non-reasoning,sha256:71750e924c4977dd367a250e65b1533f4a402c0e1e177920225603c7839af76e,det-v1,1,accepted,2697,94,1058.074,0.0036062500,false,false
call-000019,arm8_spec_immediate,dev/f1/s1050001/no_alert,23,grok-4.20-0309-non-reasoning,sha256:c5ee258676640077c11e727e8f37aefa5cdcd3639cfa61cddbfb250cd41076cd,det-v1,1,,1709,70,881.553,0.0023112500,false,true
call-000020,arm8_spec_immediate,dev/f1/s1050001/no_alert,23,grok-4.20-0309-non-reasoning,sha256:c5ee258676640077c11e727e8f37aefa5cdcd3639cfa61cddbfb250cd41076cd,det-v1,1,accepted,1709,70,881.553,0.0023112500,false,false
call-000021,arm8_spec_immediate,dev/f1/s1050001/no_alert,32,grok-4.20-0309-non-reasoning,sha256:d9fc0a70d5a367997dcb95fc81c949b20da440c76d8f0e40f33efe682f444751,det-v1,1,,2051,78,986.942,0.0027587500,false,true
call-000022,arm8_spec_immediate,dev/f1/s1050001/no_alert,32,grok-4.20-0309-non-reasoning,sha256:d9fc0a70d5a367997dcb95fc81c949b20da440c76d8f0e40f33efe682f444751,det-v1,1,accepted,2051,78,986.942,0.0027587500,false,false
call-000023,arm9_spec_heuristic_rollback,dev/f1/s1050001/no_alert,23,grok-4.20-0309-non-reasoning,sha256:c5ee258676640077c11e727e8f37aefa5cdcd3639cfa61cddbfb250cd41076cd,det-v1,1,accepted,1709,70,0.002,0.0023112500,true,false
call-000024,arm9_spec_heuristic_rollback,dev/f1/s1050001/no_alert,32,grok-4.20-0309-non-reasoning,sha256:d9fc0a70d5a367997dcb95fc81c949b20da440c76d8f0e40f33efe682f444751,det-v1,1,accepted,2051,78,0.002,0.0027587500,true,false
call-000025,arm10_spec_eprocess,dev/f1/s1050001/no_alert,23,grok-4.20-0309-non-reasoning,sha256:c5ee258676640077c11e727e8f37aefa5cdcd3639cfa61cddbfb250cd41076cd,det-v1,1,accepted,1709,70,0.002,0.0023112500,true,false
call-000026,arm10_spec_eprocess,dev/f1/s1050001/no_alert,32,grok-4.20-0309-non-reasoning,sha256:07545ddc8eb924608ac86be382a7bad7a7f71553bfea65485a4c90b7f37462dc,det-v1,1,,2051,75,923.504,0.0027512500,false,true
call-000027,arm10_spec_eprocess,dev/f1/s1050001/no_alert,32,grok-4.20-0309-non-reasoning,sha256:07545ddc8eb924608ac86be382a7bad7a7f71553bfea65485a4c90b7f37462dc,det-v1,1,accepted,2051,75,923.504,0.0027512500,false,false
call-000028,arm8_spec_immediate,cal/f1/s1060001/no_alert,36,grok-4.20-0309-non-reasoning,sha256:192f045319443fc0aae1b06ee6521639dffa995ec92077aa623af3c13a8ee74d,det-v1,1,,2203,58,1155.086,0.0028987500,false,true
call-000029,arm8_spec_immediate,cal/f1/s1060001/no_alert,36,grok-4.20-0309-non-reasoning,sha256:192f045319443fc0aae1b06ee6521639dffa995ec92077aa623af3c13a8ee74d,det-v1,1,accepted,2203,58,1155.086,0.0028987500,false,false
call-000030,arm8_spec_immediate,cal/f1/s1060001/no_alert,46,grok-4.20-0309-non-reasoning,sha256:bca4fc54f96a12329d3f877f73a41be66a1e554e3004b250a6cc1b70c545c1a6,det-v1,1,,2583,98,1102.791,0.0034737500,false,true
call-000031,arm8_spec_immediate,cal/f1/s1060001/no_alert,46,grok-4.20-0309-non-reasoning,sha256:bca4fc54f96a12329d3f877f73a41be66a1e554e3004b250a6cc1b70c545c1a6,det-v1,1,accepted,2583,98,1102.791,0.0034737500,false,false
call-000032,arm9_spec_heuristic_rollback,cal/f1/s1060001/no_alert,36,grok-4.20-0309-non-reasoning,sha256:192f045319443fc0aae1b06ee6521639dffa995ec92077aa623af3c13a8ee74d,det-v1,1,accepted,2203,58,0.002,0.0028987500,true,false
call-000033,arm9_spec_heuristic_rollback,cal/f1/s1060001/no_alert,46,grok-4.20-0309-non-reasoning,sha256:bca4fc54f96a12329d3f877f73a41be66a1e554e3004b250a6cc1b70c545c1a6,det-v1,1,accepted,2583,98,0.001,0.0034737500,true,false
call-000034,arm10_spec_eprocess,cal/f1/s1060001/no_alert,36,grok-4.20-0309-non-reasoning,sha256:192f045319443fc0aae1b06ee6521639dffa995ec92077aa623af3c13a8ee74d,det-v1,1,accepted,2203,58,0.001,0.0028987500,true,false
call-000035,arm10_spec_eprocess,cal/f1/s1060001/no_alert,46,grok-4.20-0309-non-reasoning,sha256:6aac165297717b10bf155bb75541239b68737630bebd1de36fa902aeabb1fac7,det-v1,1,,2583,66,867.378,0.0033937500,false,true
call-000036,arm10_spec_eprocess,cal/f1/s1060001/no_alert,46,grok-4.20-0309-non-reasoning,sha256:6aac165297717b10bf155bb75541239b68737630bebd1de36fa902aeabb1fac7,det-v1,1,accepted,2583,66,867.378,0.0033937500,false,false
call-000037,arm8_spec_immediate,dev/f1/s1050000/early_accurate,16,grok-4.20-0309-non-reasoning,sha256:66863193cbadc13569de3d75bd6483f459180370b0ed8b7fadacebb7c168b865,det-v1,1,accepted,1480,59,0.002,0.0019975000,true,false
call-000038,arm8_spec_immediate,dev/f1/s1050000/early_accurate,25,grok-4.20-0309-non-reasoning,sha256:c9226aa45842a20ef94b1c050133af0a1b704cd3e3e364188ccacc8697b384a9,det-v1,1,accepted,1822,75,0.001,0.0024650000,true,false
call-000039,arm9_spec_heuristic_rollback,dev/f1/s1050000/early_accurate,16,grok-4.20-0309-non-reasoning,sha256:66863193cbadc13569de3d75bd6483f459180370b0ed8b7fadacebb7c168b865,det-v1,1,accepted,1480,59,0.001,0.0019975000,true,false
call-000040,arm9_spec_heuristic_rollback,dev/f1/s1050000/early_accurate,25,grok-4.20-0309-non-reasoning,sha256:c9226aa45842a20ef94b1c050133af0a1b704cd3e3e364188ccacc8697b384a9,det-v1,1,accepted,1822,75,0.001,0.0024650000,true,false
call-000041,arm10_spec_eprocess,dev/f1/s1050000/early_accurate,16,grok-4.20-0309-non-reasoning,sha256:66863193cbadc13569de3d75bd6483f459180370b0ed8b7fadacebb7c168b865,det-v1,1,accepted,1480,59,0.001,0.0019975000,true,false
call-000042,arm10_spec_eprocess,dev/f1/s1050000/early_accurate,25,grok-4.20-0309-non-reasoning,sha256:c4ee5ba23abf6fa3fa5827480327dc4085424e9e304a58111b8cdf3b4f44bee4,det-v1,1,accepted,1822,75,0.002,0.0024650000,true,false
call-000043,arm8_spec_immediate,cal/f1/s1060000/early_accurate,17,grok-4.20-0309-non-reasoning,sha256:5baef5fd09cbd22225191704b7305e89527a0b491d02b75391ec030c93d7e87c,det-v1,1,,1523,59,1159.255,0.0020512500,false,true
call-000044,arm8_spec_immediate,cal/f1/s1060000/early_accurate,17,grok-4.20-0309-non-reasoning,sha256:5baef5fd09cbd22225191704b7305e89527a0b491d02b75391ec030c93d7e87c,det-v1,1,accepted,1523,59,1159.255,0.0020512500,false,false
call-000045,arm8_spec_immediate,cal/f1/s1060000/early_accurate,23,grok-4.20-0309-non-reasoning,sha256:f94a239995d81e5fb945feef715707886b18e34ac81807bc663e60c220ed0e94,det-v1,1,,1751,106,1052.378,0.0024537500,false,true
call-000046,arm8_spec_immediate,cal/f1/s1060000/early_accurate,23,grok-4.20-0309-non-reasoning,sha256:f94a239995d81e5fb945feef715707886b18e34ac81807bc663e60c220ed0e94,det-v1,1,accepted,1751,106,1052.378,0.0024537500,false,false
call-000047,arm9_spec_heuristic_rollback,cal/f1/s1060000/early_accurate,17,grok-4.20-0309-non-reasoning,sha256:5baef5fd09cbd22225191704b7305e89527a0b491d02b75391ec030c93d7e87c,det-v1,1,accepted,1523,59,0.002,0.0020512500,true,false
call-000048,arm9_spec_heuristic_rollback,cal/f1/s1060000/early_accurate,23,grok-4.20-0309-non-reasoning,sha256:f94a239995d81e5fb945feef715707886b18e34ac81807bc663e60c220ed0e94,det-v1,1,accepted,1751,106,0.001,0.0024537500,true,false
call-000049,arm10_spec_eprocess,cal/f1/s1060000/early_accurate,17,grok-4.20-0309-non-reasoning,sha256:5baef5fd09cbd22225191704b7305e89527a0b491d02b75391ec030c93d7e87c,det-v1,1,accepted,1523,59,0.001,0.0020512500,true,false
call-000050,arm10_spec_eprocess,cal/f1/s1060000/early_accurate,23,grok-4.20-0309-non-reasoning,sha256:08aaf5e48ca617a9aee43c80f3ca33f6610073c59c4914cd0bc4d68bce5c05f3,det-v1,1,,1751,75,1021.307,0.0023762500,false,true
call-000051,arm10_spec_eprocess,cal/f1/s1060000/early_accurate,23,grok-4.20-0309-non-reasoning,sha256:08aaf5e48ca617a9aee43c80f3ca33f6610073c59c4914cd0bc4d68bce5c05f3,det-v1,1,accepted,1751,75,1021.307,0.0023762500,false,false
call-000052,arm8_spec_immediate,dev/f1/s1050001/early_accurate,15,grok-4.20-0309-non-reasoning,sha256:7ce8e2ac97885d6ce5f757c5e667570c062f878a00bae51394d519363ee6aab4,det-v1,1,,1443,86,1063.416,0.0020187500,false,true
call-000053,arm8_spec_immediate,dev/f1/s1050001/early_accurate,15,grok-4.20-0309-non-reasoning,sha256:7ce8e2ac97885d6ce5f757c5e667570c062f878a00bae51394d519363ee6aab4,det-v1,1,accepted,1443,86,1063.416,0.0020187500,false,false
call-000054,arm8_spec_immediate,dev/f1/s1050001/early_accurate,23,grok-4.20-0309-non-reasoning,sha256:670419dfbbb162b0b877d0eb5b8562b6a4e41df5cc7ae685c2eaad06ab147194,det-v1,1,,1747,75,1267.521,0.0023712500,false,true
call-000055,arm8_spec_immediate,dev/f1/s1050001/early_accurate,23,grok-4.20-0309-non-reasoning,sha256:670419dfbbb162b0b877d0eb5b8562b6a4e41df5cc7ae685c2eaad06ab147194,det-v1,1,accepted,1747,75,1267.521,0.0023712500,false,false
call-000056,arm9_spec_heuristic_rollback,dev/f1/s1050001/early_accurate,15,grok-4.20-0309-non-reasoning,sha256:7ce8e2ac97885d6ce5f757c5e667570c062f878a00bae51394d519363ee6aab4,det-v1,1,accepted,1443,86,0.001,0.0020187500,true,false
call-000057,arm9_spec_heuristic_rollback,dev/f1/s1050001/early_accurate,23,grok-4.20-0309-non-reasoning,sha256:670419dfbbb162b0b877d0eb5b8562b6a4e41df5cc7ae685c2eaad06ab147194,det-v1,1,accepted,1747,75,0.001,0.0023712500,true,false
call-000058,arm10_spec_eprocess,dev/f1/s1050001/early_accurate,15,grok-4.20-0309-non-reasoning,sha256:7ce8e2ac97885d6ce5f757c5e667570c062f878a00bae51394d519363ee6aab4,det-v1,1,accepted,1443,86,0.001,0.0020187500,true,false
call-000059,arm10_spec_eprocess,dev/f1/s1050001/early_accurate,23,grok-4.20-0309-non-reasoning,sha256:9694cac42729598ca1027f905d710a87a32948c6ebb59f8334ccfd5b9b12db21,det-v1,1,,1747,75,1146.772,0.0023712500,false,true
call-000060,arm10_spec_eprocess,dev/f1/s1050001/early_accurate,23,grok-4.20-0309-non-reasoning,sha256:9694cac42729598ca1027f905d710a87a32948c6ebb59f8334ccfd5b9b12db21,det-v1,1,accepted,1747,75,1146.772,0.0023712500,false,false
call-000061,arm8_spec_immediate,cal/f1/s1060001/early_accurate,21,grok-4.20-0309-non-reasoning,sha256:c23fd9ad218d0fd21b61fef58b97a7e54ab26c6fdb0c3345dc8860ec89551a46,det-v1,1,,1674,67,1142.745,0.0022600000,false,true
call-000062,arm8_spec_immediate,cal/f1/s1060001/early_accurate,21,grok-4.20-0309-non-reasoning,sha256:c23fd9ad218d0fd21b61fef58b97a7e54ab26c6fdb0c3345dc8860ec89551a46,det-v1,1,accepted,1674,67,1142.745,0.0022600000,false,false
call-000063,arm8_spec_immediate,cal/f1/s1060001/early_accurate,36,grok-4.20-0309-non-reasoning,sha256:7835e64525d586fccc2d4db8dec521b11291704742e609a7ebc509529562a720,det-v1,1,,2244,62,775.627,0.0029600000,false,true
call-000064,arm8_spec_immediate,cal/f1/s1060001/early_accurate,36,grok-4.20-0309-non-reasoning,sha256:7835e64525d586fccc2d4db8dec521b11291704742e609a7ebc509529562a720,det-v1,1,accepted,2244,62,775.627,0.0029600000,false,false
call-000065,arm9_spec_heuristic_rollback,cal/f1/s1060001/early_accurate,21,grok-4.20-0309-non-reasoning,sha256:c23fd9ad218d0fd21b61fef58b97a7e54ab26c6fdb0c3345dc8860ec89551a46,det-v1,1,accepted,1674,67,0.001,0.0022600000,true,false
call-000066,arm9_spec_heuristic_rollback,cal/f1/s1060001/early_accurate,36,grok-4.20-0309-non-reasoning,sha256:7835e64525d586fccc2d4db8dec521b11291704742e609a7ebc509529562a720,det-v1,1,accepted,2244,62,0.001,0.0029600000,true,false
call-000067,arm10_spec_eprocess,cal/f1/s1060001/early_accurate,21,grok-4.20-0309-non-reasoning,sha256:c23fd9ad218d0fd21b61fef58b97a7e54ab26c6fdb0c3345dc8860ec89551a46,det-v1,1,accepted,1674,67,0.001,0.0022600000,true,false
call-000068,arm10_spec_eprocess,cal/f1/s1060001/early_accurate,36,grok-4.20-0309-non-reasoning,sha256:5682112fbb4cb4a7ef168b5287a23ab575172b9015db9c3f8a68bae872a11820,det-v1,1,,2244,62,798.545,0.0029600000,false,true
call-000069,arm10_spec_eprocess,cal/f1/s1060001/early_accurate,36,grok-4.20-0309-non-reasoning,sha256:5682112fbb4cb4a7ef168b5287a23ab575172b9015db9c3f8a68bae872a11820,det-v1,1,accepted,2244,62,798.545,0.0029600000,false,false
call-000070,arm8_spec_immediate,dev/f1/s1050000/late_accurate,19,grok-4.20-0309-non-reasoning,sha256:5f35d3f2f5c17c45cb4d25fe63fbbbe779134f9144f4458435e2ce2d8bb4b038,det-v1,1,,1594,86,1047.136,0.0022075000,false,true
call-000071,arm8_spec_immediate,dev/f1/s1050000/late_accurate,19,grok-4.20-0309-non-reasoning,sha256:5f35d3f2f5c17c45cb4d25fe63fbbbe779134f9144f4458435e2ce2d8bb4b038,det-v1,1,accepted,1594,86,1047.136,0.0022075000,false,false
call-000072,arm8_spec_immediate,dev/f1/s1050000/late_accurate,25,grok-4.20-0309-non-reasoning,sha256:5eeac2c190bf442fd25b3edfcdfc06914d40d5e30ec0069c768a4f524601845b,det-v1,1,,1822,75,900.826,0.0024650000,false,true
call-000073,arm8_spec_immediate,dev/f1/s1050000/late_accurate,25,grok-4.20-0309-non-reasoning,sha256:5eeac2c190bf442fd25b3edfcdfc06914d40d5e30ec0069c768a4f524601845b,det-v1,1,accepted,1822,75,900.826,0.0024650000,false,false
call-000074,arm9_spec_heuristic_rollback,dev/f1/s1050000/late_accurate,19,grok-4.20-0309-non-reasoning,sha256:5f35d3f2f5c17c45cb4d25fe63fbbbe779134f9144f4458435e2ce2d8bb4b038,det-v1,1,accepted,1594,86,0.001,0.0022075000,true,false
call-000075,arm9_spec_heuristic_rollback,dev/f1/s1050000/late_accurate,25,grok-4.20-0309-non-reasoning,sha256:5eeac2c190bf442fd25b3edfcdfc06914d40d5e30ec0069c768a4f524601845b,det-v1,1,accepted,1822,75,0.001,0.0024650000,true,false
call-000076,arm10_spec_eprocess,dev/f1/s1050000/late_accurate,19,grok-4.20-0309-non-reasoning,sha256:5f35d3f2f5c17c45cb4d25fe63fbbbe779134f9144f4458435e2ce2d8bb4b038,det-v1,1,accepted,1594,86,0.001,0.0022075000,true,false
call-000077,arm10_spec_eprocess,dev/f1/s1050000/late_accurate,25,grok-4.20-0309-non-reasoning,sha256:77ca8c26147bfb9187cdd88dc5132fc9ae52eae963e6be410f85315085a7631e,det-v1,1,,1822,75,1134.030,0.0024650000,false,true
call-000078,arm10_spec_eprocess,dev/f1/s1050000/late_accurate,25,grok-4.20-0309-non-reasoning,sha256:77ca8c26147bfb9187cdd88dc5132fc9ae52eae963e6be410f85315085a7631e,det-v1,1,accepted,1822,75,1134.030,0.0024650000,false,false
call-000079,arm8_spec_immediate,cal/f1/s1060000/late_accurate,20,grok-4.20-0309-non-reasoning,sha256:4fb5f6e2a93727a6e40c7dfacd2a43e1694d13c78f00ee11564eaa73d36fd8d9,det-v1,1,,1637,67,815.073,0.0022137500,false,true
call-000080,arm8_spec_immediate,cal/f1/s1060000/late_accurate,20,grok-4.20-0309-non-reasoning,sha256:4fb5f6e2a93727a6e40c7dfacd2a43e1694d13c78f00ee11564eaa73d36fd8d9,det-v1,1,accepted,1637,67,815.073,0.0022137500,false,false
call-000081,arm8_spec_immediate,cal/f1/s1060000/late_accurate,49,grok-4.20-0309-non-reasoning,sha256:1989a1298962b9156d29fe4a47f4ef3ca8ce46cca6033bc5bb0fc9cd7a456e81,det-v1,1,,2739,99,1124.983,0.0036712500,false,true
call-000082,arm8_spec_immediate,cal/f1/s1060000/late_accurate,49,grok-4.20-0309-non-reasoning,sha256:1989a1298962b9156d29fe4a47f4ef3ca8ce46cca6033bc5bb0fc9cd7a456e81,det-v1,1,accepted,2739,99,1124.983,0.0036712500,false,false
call-000083,arm9_spec_heuristic_rollback,cal/f1/s1060000/late_accurate,20,grok-4.20-0309-non-reasoning,sha256:4fb5f6e2a93727a6e40c7dfacd2a43e1694d13c78f00ee11564eaa73d36fd8d9,det-v1,1,accepted,1637,67,0.001,0.0022137500,true,false
call-000084,arm9_spec_heuristic_rollback,cal/f1/s1060000/late_accurate,49,grok-4.20-0309-non-reasoning,sha256:1989a1298962b9156d29fe4a47f4ef3ca8ce46cca6033bc5bb0fc9cd7a456e81,det-v1,1,accepted,2739,99,0.002,0.0036712500,true,false
call-000085,arm10_spec_eprocess,cal/f1/s1060000/late_accurate,20,grok-4.20-0309-non-reasoning,sha256:4fb5f6e2a93727a6e40c7dfacd2a43e1694d13c78f00ee11564eaa73d36fd8d9,det-v1,1,accepted,1637,67,0.001,0.0022137500,true,false
call-000086,arm10_spec_eprocess,cal/f1/s1060000/late_accurate,49,grok-4.20-0309-non-reasoning,sha256:f392e66758f4dc8d469f82f97f5724c29dedcea63fa3675c779791684b41301e,det-v1,1,,2739,107,1184.415,0.0036912500,false,true
call-000087,arm10_spec_eprocess,cal/f1/s1060000/late_accurate,49,grok-4.20-0309-non-reasoning,sha256:f392e66758f4dc8d469f82f97f5724c29dedcea63fa3675c779791684b41301e,det-v1,1,accepted,2739,107,1184.415,0.0036912500,false,false
call-000088,arm8_spec_immediate,dev/f1/s1050001/late_accurate,18,grok-4.20-0309-non-reasoning,sha256:b9c5cf55639aa3bd6b16fb3af090371ee6c6919d64f2f7f6c5c3acc9d5fa64db,det-v1,1,,1557,86,924.476,0.0021612500,false,true
call-000089,arm8_spec_immediate,dev/f1/s1050001/late_accurate,18,grok-4.20-0309-non-reasoning,sha256:b9c5cf55639aa3bd6b16fb3af090371ee6c6919d64f2f7f6c5c3acc9d5fa64db,det-v1,1,accepted,1557,86,924.476,0.0021612500,false,false
call-000090,arm8_spec_immediate,dev/f1/s1050001/late_accurate,25,grok-4.20-0309-non-reasoning,sha256:5b07f134612fde80794757572a192e17b06df66f4839f209b71ceeb30edbd7d9,det-v1,1,,1823,71,933.712,0.0024562500,false,true
call-000091,arm8_spec_immediate,dev/f1/s1050001/late_accurate,25,grok-4.20-0309-non-reasoning,sha256:5b07f134612fde80794757572a192e17b06df66f4839f209b71ceeb30edbd7d9,det-v1,1,accepted,1823,71,933.712,0.0024562500,false,false
call-000092,arm9_spec_heuristic_rollback,dev/f1/s1050001/late_accurate,18,grok-4.20-0309-non-reasoning,sha256:b9c5cf55639aa3bd6b16fb3af090371ee6c6919d64f2f7f6c5c3acc9d5fa64db,det-v1,1,accepted,1557,86,0.001,0.0021612500,true,false
call-000093,arm9_spec_heuristic_rollback,dev/f1/s1050001/late_accurate,25,grok-4.20-0309-non-reasoning,sha256:5b07f134612fde80794757572a192e17b06df66f4839f209b71ceeb30edbd7d9,det-v1,1,accepted,1823,71,0.001,0.0024562500,true,false
call-000094,arm10_spec_eprocess,dev/f1/s1050001/late_accurate,18,grok-4.20-0309-non-reasoning,sha256:b9c5cf55639aa3bd6b16fb3af090371ee6c6919d64f2f7f6c5c3acc9d5fa64db,det-v1,1,accepted,1557,86,0.001,0.0021612500,true,false
call-000095,arm10_spec_eprocess,dev/f1/s1050001/late_accurate,25,grok-4.20-0309-non-reasoning,sha256:e23219c3df2a405999d2acb8783105abb0f51073b858cb3a3a73acc0dd564839,det-v1,1,,1823,75,1019.323,0.0024662500,false,true
call-000096,arm10_spec_eprocess,dev/f1/s1050001/late_accurate,25,grok-4.20-0309-non-reasoning,sha256:e23219c3df2a405999d2acb8783105abb0f51073b858cb3a3a73acc0dd564839,det-v1,1,accepted,1823,75,1019.323,0.0024662500,false,false
call-000097,arm8_spec_immediate,cal/f1/s1060001/late_accurate,24,grok-4.20-0309-non-reasoning,sha256:1d6ead92bb1e3d305db11fa2c4e351ecf593d1043ffb474f3ae034ad33da1ad1,det-v1,1,,1788,59,871.821,0.0023825000,false,true
call-000098,arm8_spec_immediate,cal/f1/s1060001/late_accurate,24,grok-4.20-0309-non-reasoning,sha256:1d6ead92bb1e3d305db11fa2c4e351ecf593d1043ffb474f3ae034ad33da1ad1,det-v1,1,accepted,1788,59,871.821,0.0023825000,false,false
call-000099,arm8_spec_immediate,cal/f1/s1060001/late_accurate,36,grok-4.20-0309-non-reasoning,sha256:28ab11f907fad252a5668b8042527cf112e58440799fd574ea181c8da45f50de,det-v1,1,,2244,63,993.432,0.0029625000,false,true
call-000100,arm8_spec_immediate,cal/f1/s1060001/late_accurate,36,grok-4.20-0309-non-reasoning,sha256:28ab11f907fad252a5668b8042527cf112e58440799fd574ea181c8da45f50de,det-v1,1,accepted,2244,63,993.432,0.0029625000,false,false
call-000101,arm9_spec_heuristic_rollback,cal/f1/s1060001/late_accurate,24,grok-4.20-0309-non-reasoning,sha256:1d6ead92bb1e3d305db11fa2c4e351ecf593d1043ffb474f3ae034ad33da1ad1,det-v1,1,accepted,1788,59,0.002,0.0023825000,true,false
call-000102,arm9_spec_heuristic_rollback,cal/f1/s1060001/late_accurate,36,grok-4.20-0309-non-reasoning,sha256:28ab11f907fad252a5668b8042527cf112e58440799fd574ea181c8da45f50de,det-v1,1,accepted,2244,63,0.001,0.0029625000,true,false
call-000103,arm10_spec_eprocess,cal/f1/s1060001/late_accurate,24,grok-4.20-0309-non-reasoning,sha256:1d6ead92bb1e3d305db11fa2c4e351ecf593d1043ffb474f3ae034ad33da1ad1,det-v1,1,accepted,1788,59,0.001,0.0023825000,true,false
call-000104,arm10_spec_eprocess,cal/f1/s1060001/late_accurate,36,grok-4.20-0309-non-reasoning,sha256:94be6d41abfd226459ded87712aa17e01d8f4f7c5ec07861fb71e440314f468f,det-v1,1,,2244,62,898.246,0.0029600000,false,true
call-000105,arm10_spec_eprocess,cal/f1/s1060001/late_accurate,36,grok-4.20-0309-non-reasoning,sha256:94be6d41abfd226459ded87712aa17e01d8f4f7c5ec07861fb71e440314f468f,det-v1,1,accepted,2244,62,898.246,0.0029600000,false,false
call-000106,arm8_spec_immediate,dev/f1/s1050000/unreliable,16,grok-4.20-0309-non-reasoning,sha256:083e0c454d466bdc4d856369f49f557c216dac393265cca02c9cc3cdb8b8c4ba,det-v1,1,,1483,87,1025.553,0.0020712500,false,true
call-000107,arm8_spec_immediate,dev/f1/s1050000/unreliable,16,grok-4.20-0309-non-reasoning,sha256:083e0c454d466bdc4d856369f49f557c216dac393265cca02c9cc3cdb8b8c4ba,det-v1,1,accepted,1483,87,1025.553,0.0020712500,false,false
call-000108,arm8_spec_immediate,dev/f1/s1050000/unreliable,25,grok-4.20-0309-non-reasoning,sha256:f02365dcce30f19dd05210686f17c566d31a14e1cdc9163753f47ee78d271f6d,det-v1,1,,1825,107,1150.247,0.0025487500,false,true
call-000109,arm8_spec_immediate,dev/f1/s1050000/unreliable,25,grok-4.20-0309-non-reasoning,sha256:f02365dcce30f19dd05210686f17c566d31a14e1cdc9163753f47ee78d271f6d,det-v1,1,accepted,1825,107,1150.247,0.0025487500,false,false
call-000110,arm9_spec_heuristic_rollback,dev/f1/s1050000/unreliable,16,grok-4.20-0309-non-reasoning,sha256:083e0c454d466bdc4d856369f49f557c216dac393265cca02c9cc3cdb8b8c4ba,det-v1,1,accepted,1483,87,0.001,0.0020712500,true,false
call-000111,arm9_spec_heuristic_rollback,dev/f1/s1050000/unreliable,25,grok-4.20-0309-non-reasoning,sha256:f02365dcce30f19dd05210686f17c566d31a14e1cdc9163753f47ee78d271f6d,det-v1,1,accepted,1825,107,0.001,0.0025487500,true,false
call-000112,arm10_spec_eprocess,dev/f1/s1050000/unreliable,16,grok-4.20-0309-non-reasoning,sha256:083e0c454d466bdc4d856369f49f557c216dac393265cca02c9cc3cdb8b8c4ba,det-v1,1,accepted,1483,87,0.001,0.0020712500,true,false
call-000113,arm10_spec_eprocess,dev/f1/s1050000/unreliable,25,grok-4.20-0309-non-reasoning,sha256:40ae522c2accadbbcc99342c84020ec9abba7c8f95a872426fe3c5bce0b9889e,det-v1,1,,1825,75,989.481,0.0024687500,false,true
call-000114,arm10_spec_eprocess,dev/f1/s1050000/unreliable,25,grok-4.20-0309-non-reasoning,sha256:40ae522c2accadbbcc99342c84020ec9abba7c8f95a872426fe3c5bce0b9889e,det-v1,1,accepted,1825,75,989.481,0.0024687500,false,false
call-000115,arm8_spec_immediate,dev/f1/s1050000/unreliable__twin,10,grok-4.20-0309-non-reasoning,sha256:6862a1f7d08e7eb0e2c910ef5786d64f9d4f401f12aa799ee58bc8d2f82d5579,det-v1,1,accepted,1251,86,0.001,0.0017787500,true,false
call-000116,arm9_spec_heuristic_rollback,dev/f1/s1050000/unreliable__twin,10,grok-4.20-0309-non-reasoning,sha256:6862a1f7d08e7eb0e2c910ef5786d64f9d4f401f12aa799ee58bc8d2f82d5579,det-v1,1,accepted,1251,86,0.001,0.0017787500,true,false
call-000117,arm10_spec_eprocess,dev/f1/s1050000/unreliable__twin,10,grok-4.20-0309-non-reasoning,sha256:6862a1f7d08e7eb0e2c910ef5786d64f9d4f401f12aa799ee58bc8d2f82d5579,det-v1,1,accepted,1251,86,0.001,0.0017787500,true,false
call-000118,arm8_spec_immediate,cal/f1/s1060000/unreliable,17,grok-4.20-0309-non-reasoning,sha256:04d23a72ef02e2cb3b1c4cd6b2aa609e52648853bf53720227e3aa548b3ffd65,det-v1,1,,1526,59,813.714,0.0020550000,false,true
call-000119,arm8_spec_immediate,cal/f1/s1060000/unreliable,17,grok-4.20-0309-non-reasoning,sha256:04d23a72ef02e2cb3b1c4cd6b2aa609e52648853bf53720227e3aa548b3ffd65,det-v1,1,accepted,1526,59,813.714,0.0020550000,false,false
call-000120,arm8_spec_immediate,cal/f1/s1060000/unreliable,23,grok-4.20-0309-non-reasoning,sha256:c672034089ee4d04b619cd168ff6895bfa475ab7adcb820e44c12d166e8bd6d9,det-v1,1,,1754,74,1017.339,0.0023775000,false,true
call-000121,arm8_spec_immediate,cal/f1/s1060000/unreliable,23,grok-4.20-0309-non-reasoning,sha256:c672034089ee4d04b619cd168ff6895bfa475ab7adcb820e44c12d166e8bd6d9,det-v1,1,accepted,1754,74,1017.339,0.0023775000,false,false
call-000122,arm9_spec_heuristic_rollback,cal/f1/s1060000/unreliable,17,grok-4.20-0309-non-reasoning,sha256:04d23a72ef02e2cb3b1c4cd6b2aa609e52648853bf53720227e3aa548b3ffd65,det-v1,1,accepted,1526,59,0.001,0.0020550000,true,false
call-000123,arm9_spec_heuristic_rollback,cal/f1/s1060000/unreliable,23,grok-4.20-0309-non-reasoning,sha256:c672034089ee4d04b619cd168ff6895bfa475ab7adcb820e44c12d166e8bd6d9,det-v1,1,accepted,1754,74,0.001,0.0023775000,true,false
call-000124,arm10_spec_eprocess,cal/f1/s1060000/unreliable,17,grok-4.20-0309-non-reasoning,sha256:04d23a72ef02e2cb3b1c4cd6b2aa609e52648853bf53720227e3aa548b3ffd65,det-v1,1,accepted,1526,59,0.001,0.0020550000,true,false
call-000125,arm10_spec_eprocess,cal/f1/s1060000/unreliable,23,grok-4.20-0309-non-reasoning,sha256:146652e8ef90831c44e7ffec153698cc08a50d58b4a8d95e189523b5de2dac3e,det-v1,1,,1754,75,1010.147,0.0023800000,false,true
call-000126,arm10_spec_eprocess,cal/f1/s1060000/unreliable,23,grok-4.20-0309-non-reasoning,sha256:146652e8ef90831c44e7ffec153698cc08a50d58b4a8d95e189523b5de2dac3e,det-v1,1,accepted,1754,75,1010.147,0.0023800000,false,false
call-000127,arm8_spec_immediate,cal/f1/s1060000/unreliable__twin,10,grok-4.20-0309-non-reasoning,sha256:76c1e7a5337b23ef631716b74cc362a08046bd265231762bcbf9f38e07291d1b,det-v1,1,,1254,107,1119.836,0.0018350000,false,true
call-000128,arm8_spec_immediate,cal/f1/s1060000/unreliable__twin,10,grok-4.20-0309-non-reasoning,sha256:76c1e7a5337b23ef631716b74cc362a08046bd265231762bcbf9f38e07291d1b,det-v1,1,accepted,1254,107,1119.836,0.0018350000,false,false
call-000129,arm9_spec_heuristic_rollback,cal/f1/s1060000/unreliable__twin,10,grok-4.20-0309-non-reasoning,sha256:76c1e7a5337b23ef631716b74cc362a08046bd265231762bcbf9f38e07291d1b,det-v1,1,accepted,1254,107,0.001,0.0018350000,true,false
call-000130,arm10_spec_eprocess,cal/f1/s1060000/unreliable__twin,10,grok-4.20-0309-non-reasoning,sha256:76c1e7a5337b23ef631716b74cc362a08046bd265231762bcbf9f38e07291d1b,det-v1,1,accepted,1254,107,0.001,0.0018350000,true,false
call-000131,arm8_spec_immediate,dev/f1/s1050001/unreliable,15,grok-4.20-0309-non-reasoning,sha256:b6d6754c8a1324d0b92d80b0b8a1788405103fdd1729cae4509acc0571c5db8a,det-v1,1,,1431,76,932.801,0.0019787500,false,true
call-000132,arm8_spec_immediate,dev/f1/s1050001/unreliable,15,grok-4.20-0309-non-reasoning,sha256:b6d6754c8a1324d0b92d80b0b8a1788405103fdd1729cae4509acc0571c5db8a,det-v1,1,accepted,1431,76,932.801,0.0019787500,false,false
call-000133,arm8_spec_immediate,dev/f1/s1050001/unreliable,23,grok-4.20-0309-non-reasoning,sha256:0bafe4bb73e0dd328d5483f0dc08bb21588d2599ee5bce7e6d767695b9a818ac,det-v1,1,,1735,70,848.153,0.0023437500,false,true
call-000134,arm8_spec_immediate,dev/f1/s1050001/unreliable,23,grok-4.20-0309-non-reasoning,sha256:0bafe4bb73e0dd328d5483f0dc08bb21588d2599ee5bce7e6d767695b9a818ac,det-v1,1,accepted,1735,70,848.153,0.0023437500,false,false
call-000135,arm9_spec_heuristic_rollback,dev/f1/s1050001/unreliable,15,grok-4.20-0309-non-reasoning,sha256:b6d6754c8a1324d0b92d80b0b8a1788405103fdd1729cae4509acc0571c5db8a,det-v1,1,accepted,1431,76,0.002,0.0019787500,true,false
call-000136,arm9_spec_heuristic_rollback,dev/f1/s1050001/unreliable,23,grok-4.20-0309-non-reasoning,sha256:0bafe4bb73e0dd328d5483f0dc08bb21588d2599ee5bce7e6d767695b9a818ac,det-v1,1,accepted,1735,70,0.002,0.0023437500,true,false
call-000137,arm10_spec_eprocess,dev/f1/s1050001/unreliable,15,grok-4.20-0309-non-reasoning,sha256:b6d6754c8a1324d0b92d80b0b8a1788405103fdd1729cae4509acc0571c5db8a,det-v1,1,accepted,1431,76,0.002,0.0019787500,true,false
call-000138,arm10_spec_eprocess,dev/f1/s1050001/unreliable,23,grok-4.20-0309-non-reasoning,sha256:0bafe4bb73e0dd328d5483f0dc08bb21588d2599ee5bce7e6d767695b9a818ac,det-v1,1,accepted,1735,70,0.002,0.0023437500,true,false
call-000139,arm8_spec_immediate,dev/f1/s1050001/unreliable__twin,10,grok-4.20-0309-non-reasoning,sha256:1560d892b417cdb6ed21832bf154f1274685270922b7403c6d34d3432f9acd34,det-v1,1,,1254,86,1059.446,0.0017825000,false,true
call-000140,arm8_spec_immediate,dev/f1/s1050001/unreliable__twin,10,grok-4.20-0309-non-reasoning,sha256:1560d892b417cdb6ed21832bf154f1274685270922b7403c6d34d3432f9acd34,det-v1,1,accepted,1254,86,1059.446,0.0017825000,false,false
call-000141,arm9_spec_heuristic_rollback,dev/f1/s1050001/unreliable__twin,10,grok-4.20-0309-non-reasoning,sha256:1560d892b417cdb6ed21832bf154f1274685270922b7403c6d34d3432f9acd34,det-v1,1,accepted,1254,86,0.001,0.0017825000,true,false
call-000142,arm10_spec_eprocess,dev/f1/s1050001/unreliable__twin,10,grok-4.20-0309-non-reasoning,sha256:1560d892b417cdb6ed21832bf154f1274685270922b7403c6d34d3432f9acd34,det-v1,1,accepted,1254,86,0.001,0.0017825000,true,false
call-000143,arm8_spec_immediate,cal/f1/s1060001/unreliable,21,grok-4.20-0309-non-reasoning,sha256:efa267d60f24dd85c5d4cfbe61b304eafac6f2854d522709fc05c3404c0177d2,det-v1,1,,1672,97,1186.957,0.0023325000,false,true
call-000144,arm8_spec_immediate,cal/f1/s1060001/unreliable,21,grok-4.20-0309-non-reasoning,sha256:efa267d60f24dd85c5d4cfbe61b304eafac6f2854d522709fc05c3404c0177d2,det-v1,1,accepted,1672,97,1186.957,0.0023325000,false,false
call-000145,arm8_spec_immediate,cal/f1/s1060001/unreliable,36,grok-4.20-0309-non-reasoning,sha256:f68d820c2739878abde3691c1a0e0d80fbfe3d867de38589f51aa8dd9ff516c3,det-v1,1,,2242,63,808.951,0.0029600000,false,true
call-000146,arm8_spec_immediate,cal/f1/s1060001/unreliable,36,grok-4.20-0309-non-reasoning,sha256:f68d820c2739878abde3691c1a0e0d80fbfe3d867de38589f51aa8dd9ff516c3,det-v1,1,accepted,2242,63,808.951,0.0029600000,false,false
call-000147,arm9_spec_heuristic_rollback,cal/f1/s1060001/unreliable,21,grok-4.20-0309-non-reasoning,sha256:efa267d60f24dd85c5d4cfbe61b304eafac6f2854d522709fc05c3404c0177d2,det-v1,1,accepted,1672,97,0.002,0.0023325000,true,false
call-000148,arm9_spec_heuristic_rollback,cal/f1/s1060001/unreliable,36,grok-4.20-0309-non-reasoning,sha256:f68d820c2739878abde3691c1a0e0d80fbfe3d867de38589f51aa8dd9ff516c3,det-v1,1,accepted,2242,63,0.002,0.0029600000,true,false
call-000149,arm10_spec_eprocess,cal/f1/s1060001/unreliable,21,grok-4.20-0309-non-reasoning,sha256:efa267d60f24dd85c5d4cfbe61b304eafac6f2854d522709fc05c3404c0177d2,det-v1,1,accepted,1672,97,0.002,0.0023325000,true,false
call-000150,arm10_spec_eprocess,cal/f1/s1060001/unreliable,36,grok-4.20-0309-non-reasoning,sha256:fdb094a69113a357ec4f4d3e8557c25954fd3a4270e34c49d8a2a85ac1293672,det-v1,1,,2242,63,916.040,0.0029600000,false,true
call-000151,arm10_spec_eprocess,cal/f1/s1060001/unreliable,36,grok-4.20-0309-non-reasoning,sha256:fdb094a69113a357ec4f4d3e8557c25954fd3a4270e34c49d8a2a85ac1293672,det-v1,1,accepted,2242,63,916.040,0.0029600000,false,false
call-000152,arm8_spec_immediate,cal/f1/s1060001/unreliable__twin,10,grok-4.20-0309-non-reasoning,sha256:6964b978abadf69aa6e394dcd04a719dc2158744cdcaaa890e7f64fa5a01eb19,det-v1,1,,1256,76,989.885,0.0017600000,false,true
call-000153,arm8_spec_immediate,cal/f1/s1060001/unreliable__twin,10,grok-4.20-0309-non-reasoning,sha256:6964b978abadf69aa6e394dcd04a719dc2158744cdcaaa890e7f64fa5a01eb19,det-v1,1,accepted,1256,76,989.885,0.0017600000,false,false
call-000154,arm9_spec_heuristic_rollback,cal/f1/s1060001/unreliable__twin,10,grok-4.20-0309-non-reasoning,sha256:6964b978abadf69aa6e394dcd04a719dc2158744cdcaaa890e7f64fa5a01eb19,det-v1,1,accepted,1256,76,0.002,0.0017600000,true,false
call-000155,arm10_spec_eprocess,cal/f1/s1060001/unreliable__twin,10,grok-4.20-0309-non-reasoning,sha256:6964b978abadf69aa6e394dcd04a719dc2158744cdcaaa890e7f64fa5a01eb19,det-v1,1,accepted,1256,76,0.001,0.0017600000,true,false
call-000156,arm8_spec_immediate,dev/f2/s2050000/no_alert,28,grok-4.20-0309-non-reasoning,sha256:c37eb642562d9e4e2e717caa508ef59b969a125cea3244ade19c2fbed3683383,det-v1,1,,1899,50,832.779,0.0024987500,false,true
call-000157,arm8_spec_immediate,dev/f2/s2050000/no_alert,28,grok-4.20-0309-non-reasoning,sha256:c37eb642562d9e4e2e717caa508ef59b969a125cea3244ade19c2fbed3683383,det-v1,1,accepted,1899,50,832.779,0.0024987500,false,false
call-000158,arm8_spec_immediate,dev/f2/s2050000/no_alert,37,grok-4.20-0309-non-reasoning,sha256:e4a856828e4c5e53283388f7e9a7fc24464c05ed7b0f29b5b8afee960a57f686,det-v1,1,,2241,50,824.497,0.0029262500,false,true
call-000159,arm8_spec_immediate,dev/f2/s2050000/no_alert,37,grok-4.20-0309-non-reasoning,sha256:e4a856828e4c5e53283388f7e9a7fc24464c05ed7b0f29b5b8afee960a57f686,det-v1,1,accepted,2241,50,824.497,0.0029262500,false,false
call-000160,arm9_spec_heuristic_rollback,dev/f2/s2050000/no_alert,28,grok-4.20-0309-non-reasoning,sha256:c37eb642562d9e4e2e717caa508ef59b969a125cea3244ade19c2fbed3683383,det-v1,1,accepted,1899,50,0.002,0.0024987500,true,false
call-000161,arm9_spec_heuristic_rollback,dev/f2/s2050000/no_alert,37,grok-4.20-0309-non-reasoning,sha256:e4a856828e4c5e53283388f7e9a7fc24464c05ed7b0f29b5b8afee960a57f686,det-v1,1,accepted,2241,50,0.002,0.0029262500,true,false
call-000162,arm10_spec_eprocess,dev/f2/s2050000/no_alert,28,grok-4.20-0309-non-reasoning,sha256:c37eb642562d9e4e2e717caa508ef59b969a125cea3244ade19c2fbed3683383,det-v1,1,accepted,1899,50,0.002,0.0024987500,true,false
call-000163,arm10_spec_eprocess,dev/f2/s2050000/no_alert,37,grok-4.20-0309-non-reasoning,sha256:e4a856828e4c5e53283388f7e9a7fc24464c05ed7b0f29b5b8afee960a57f686,det-v1,1,accepted,2241,50,0.002,0.0029262500,true,false
call-000164,arm8_spec_immediate,dev/f2/s2050000/no_alert__twin,10,grok-4.20-0309-non-reasoning,sha256:d2666316e19173d2a885de303c1368ad5e4829bd560a0895a3829747b3b8cf57,det-v1,1,,1251,112,1166.015,0.0018437500,false,true
call-000165,arm8_spec_immediate,dev/f2/s2050000/no_alert__twin,10,grok-4.20-0309-non-reasoning,sha256:d2666316e19173d2a885de303c1368ad5e4829bd560a0895a3829747b3b8cf57,det-v1,1,accepted,1251,112,1166.015,0.0018437500,false,false
call-000166,arm8_spec_immediate,dev/f2/s2050000/no_alert__twin,43,grok-4.20-0309-non-reasoning,sha256:9ce0352df2de2ae00d6eaf7461f184b383297dbf94f31307cb092ddbfaa0b7fa,det-v1,1,,2505,78,1082.545,0.0033262500,false,true
call-000167,arm8_spec_immediate,dev/f2/s2050000/no_alert__twin,43,grok-4.20-0309-non-reasoning,sha256:9ce0352df2de2ae00d6eaf7461f184b383297dbf94f31307cb092ddbfaa0b7fa,det-v1,1,accepted,2505,78,1082.545,0.0033262500,false,false
call-000168,arm9_spec_heuristic_rollback,dev/f2/s2050000/no_alert__twin,10,grok-4.20-0309-non-reasoning,sha256:d2666316e19173d2a885de303c1368ad5e4829bd560a0895a3829747b3b8cf57,det-v1,1,accepted,1251,112,0.002,0.0018437500,true,false
call-000169,arm9_spec_heuristic_rollback,dev/f2/s2050000/no_alert__twin,43,grok-4.20-0309-non-reasoning,sha256:1187390c344624036f801e4b40e7d6b80022fa2fddcba6c67e52c5e48b3e6edd,det-v1,1,,2505,86,1035.020,0.0033462500,false,true
call-000170,arm9_spec_heuristic_rollback,dev/f2/s2050000/no_alert__twin,43,grok-4.20-0309-non-reasoning,sha256:1187390c344624036f801e4b40e7d6b80022fa2fddcba6c67e52c5e48b3e6edd,det-v1,1,accepted,2505,86,1035.020,0.0033462500,false,false
call-000171,arm10_spec_eprocess,dev/f2/s2050000/no_alert__twin,10,grok-4.20-0309-non-reasoning,sha256:d2666316e19173d2a885de303c1368ad5e4829bd560a0895a3829747b3b8cf57,det-v1,1,accepted,1251,112,0.002,0.0018437500,true,false
call-000172,arm10_spec_eprocess,dev/f2/s2050000/no_alert__twin,43,grok-4.20-0309-non-reasoning,sha256:3de94b3f02b465db699d5c7dad99e624583ebfbd248ece3d8f6fdb239fa7a87e,det-v1,1,,2505,59,876.286,0.0032787500,false,true
call-000173,arm10_spec_eprocess,dev/f2/s2050000/no_alert__twin,43,grok-4.20-0309-non-reasoning,sha256:3de94b3f02b465db699d5c7dad99e624583ebfbd248ece3d8f6fdb239fa7a87e,det-v1,1,accepted,2505,59,876.286,0.0032787500,false,false
call-000174,arm8_spec_immediate,cal/f2/s2060000/no_alert,22,grok-4.20-0309-non-reasoning,sha256:102acd644c496b6b2fdea6d7ad3d2cce853d88117200038c5828ec3ea794af5e,det-v1,1,,1671,50,904.150,0.0022137500,false,true
call-000175,arm8_spec_immediate,cal/f2/s2060000/no_alert,22,grok-4.20-0309-non-reasoning,sha256:102acd644c496b6b2fdea6d7ad3d2cce853d88117200038c5828ec3ea794af5e,det-v1,1,accepted,1671,50,904.150,0.0022137500,false,false
call-000176,arm8_spec_immediate,cal/f2/s2060000/no_alert,37,grok-4.20-0309-non-reasoning,sha256:7f369adc3a5a85e21a25077506bd957735bc94cc56a6f9422b0acf2ff7a8e4bd,det-v1,1,,2241,50,859.137,0.0029262500,false,true
call-000177,arm8_spec_immediate,cal/f2/s2060000/no_alert,37,grok-4.20-0309-non-reasoning,sha256:7f369adc3a5a85e21a25077506bd957735bc94cc56a6f9422b0acf2ff7a8e4bd,det-v1,1,accepted,2241,50,859.137,0.0029262500,false,false
call-000178,arm9_spec_heuristic_rollback,cal/f2/s2060000/no_alert,22,grok-4.20-0309-non-reasoning,sha256:102acd644c496b6b2fdea6d7ad3d2cce853d88117200038c5828ec3ea794af5e,det-v1,1,accepted,1671,50,0.003,0.0022137500,true,false
call-000179,arm9_spec_heuristic_rollback,cal/f2/s2060000/no_alert,37,grok-4.20-0309-non-reasoning,sha256:7f369adc3a5a85e21a25077506bd957735bc94cc56a6f9422b0acf2ff7a8e4bd,det-v1,1,accepted,2241,50,0.003,0.0029262500,true,false
call-000180,arm10_spec_eprocess,cal/f2/s2060000/no_alert,22,grok-4.20-0309-non-reasoning,sha256:102acd644c496b6b2fdea6d7ad3d2cce853d88117200038c5828ec3ea794af5e,det-v1,1,accepted,1671,50,0.003,0.0022137500,true,false
call-000181,arm10_spec_eprocess,cal/f2/s2060000/no_alert,37,grok-4.20-0309-non-reasoning,sha256:7f369adc3a5a85e21a25077506bd957735bc94cc56a6f9422b0acf2ff7a8e4bd,det-v1,1,accepted,2241,50,0.003,0.0029262500,true,false
call-000182,arm8_spec_immediate,cal/f2/s2060000/no_alert__twin,10,grok-4.20-0309-non-reasoning,sha256:53f3cb4604a0708595a5ef6429e452969403311662fc99d0996c86e16593d731,det-v1,1,,1256,97,1208.520,0.0018125000,false,true
call-000183,arm8_spec_immediate,cal/f2/s2060000/no_alert__twin,10,grok-4.20-0309-non-reasoning,sha256:53f3cb4604a0708595a5ef6429e452969403311662fc99d0996c86e16593d731,det-v1,1,accepted,1256,97,1208.520,0.0018125000,false,false
call-000184,arm9_spec_heuristic_rollback,cal/f2/s2060000/no_alert__twin,10,grok-4.20-0309-non-reasoning,sha256:53f3cb4604a0708595a5ef6429e452969403311662fc99d0996c86e16593d731,det-v1,1,accepted,1256,97,0.002,0.0018125000,true,false
call-000185,arm10_spec_eprocess,cal/f2/s2060000/no_alert__twin,10,grok-4.20-0309-non-reasoning,sha256:53f3cb4604a0708595a5ef6429e452969403311662fc99d0996c86e16593d731,det-v1,1,accepted,1256,97,0.001,0.0018125000,true,false
call-000186,arm8_spec_immediate,dev/f2/s2050001/no_alert,27,grok-4.20-0309-non-reasoning,sha256:85a25c6983464ff262357955afdeac70be93104d1c7d57f331a94d5fe2896e01,det-v1,1,,1861,71,1356.368,0.0025037500,false,true
call-000187,arm8_spec_immediate,dev/f2/s2050001/no_alert,27,grok-4.20-0309-non-reasoning,sha256:85a25c6983464ff262357955afdeac70be93104d1c7d57f331a94d5fe2896e01,det-v1,1,accepted,1861,71,1356.368,0.0025037500,false,false
call-000188,arm8_spec_immediate,dev/f2/s2050001/no_alert,44,grok-4.20-0309-non-reasoning,sha256:0d27f2a01f94151a78333b0f041be772776ada603d86d1d20afde99004e8b399,det-v1,1,,2507,50,880.857,0.0032587500,false,true
call-000189,arm8_spec_immediate,dev/f2/s2050001/no_alert,44,grok-4.20-0309-non-reasoning,sha256:0d27f2a01f94151a78333b0f041be772776ada603d86d1d20afde99004e8b399,det-v1,1,accepted,2507,50,880.857,0.0032587500,false,false
call-000190,arm9_spec_heuristic_rollback,dev/f2/s2050001/no_alert,27,grok-4.20-0309-non-reasoning,sha256:85a25c6983464ff262357955afdeac70be93104d1c7d57f331a94d5fe2896e01,det-v1,1,accepted,1861,71,0.002,0.0025037500,true,false
call-000191,arm9_spec_heuristic_rollback,dev/f2/s2050001/no_alert,44,grok-4.20-0309-non-reasoning,sha256:0d27f2a01f94151a78333b0f041be772776ada603d86d1d20afde99004e8b399,det-v1,1,accepted,2507,50,0.002,0.0032587500,true,false
call-000192,arm10_spec_eprocess,dev/f2/s2050001/no_alert,27,grok-4.20-0309-non-reasoning,sha256:85a25c6983464ff262357955afdeac70be93104d1c7d57f331a94d5fe2896e01,det-v1,1,accepted,1861,71,0.001,0.0025037500,true,false
call-000193,arm10_spec_eprocess,dev/f2/s2050001/no_alert,44,grok-4.20-0309-non-reasoning,sha256:b264dd6642947c15280e0a8a1c72778a822a08c541a3c4d76cb061a8bb47ee54,det-v1,1,,2507,50,904.975,0.0032587500,false,true
call-000194,arm10_spec_eprocess,dev/f2/s2050001/no_alert,44,grok-4.20-0309-non-reasoning,sha256:b264dd6642947c15280e0a8a1c72778a822a08c541a3c4d76cb061a8bb47ee54,det-v1,1,accepted,2507,50,904.975,0.0032587500,false,false
call-000195,arm8_spec_immediate,dev/f2/s2050001/no_alert__twin,10,grok-4.20-0309-non-reasoning,sha256:a6a775b67e385cffc3c3ddc9a2781e0cfb45c959ad9368ce38c860fec060099e,det-v1,1,,1257,101,1208.506,0.0018237500,false,true
call-000196,arm8_spec_immediate,dev/f2/s2050001/no_alert__twin,10,grok-4.20-0309-non-reasoning,sha256:a6a775b67e385cffc3c3ddc9a2781e0cfb45c959ad9368ce38c860fec060099e,det-v1,1,accepted,1257,101,1208.506,0.0018237500,false,false
call-000197,arm9_spec_heuristic_rollback,dev/f2/s2050001/no_alert__twin,10,grok-4.20-0309-non-reasoning,sha256:a6a775b67e385cffc3c3ddc9a2781e0cfb45c959ad9368ce38c860fec060099e,det-v1,1,accepted,1257,101,0.002,0.0018237500,true,false
call-000198,arm10_spec_eprocess,dev/f2/s2050001/no_alert__twin,10,grok-4.20-0309-non-reasoning,sha256:a6a775b67e385cffc3c3ddc9a2781e0cfb45c959ad9368ce38c860fec060099e,det-v1,1,accepted,1257,101,0.002,0.0018237500,true,false
call-000199,arm8_spec_immediate,cal/f2/s2060001/no_alert,37,grok-4.20-0309-non-reasoning,sha256:6604465ed5b85eb58beee5a4157e8466d9e581d2f2dc0d12cc690f4d0a0a2ed8,det-v1,1,,2241,50,800.848,0.0029262500,false,true
call-000200,arm8_spec_immediate,cal/f2/s2060001/no_alert,37,grok-4.20-0309-non-reasoning,sha256:6604465ed5b85eb58beee5a4157e8466d9e581d2f2dc0d12cc690f4d0a0a2ed8,det-v1,1,accepted,2241,50,800.848,0.0029262500,false,false
call-000201,arm8_spec_immediate,cal/f2/s2060001/no_alert,46,grok-4.20-0309-non-reasoning,sha256:8a7f99021c8fb1fbb6f2fb7001cb87101d9cb0355abe0591c6f0a56ee8dbf77e,det-v1,1,,2583,50,786.594,0.0033537500,false,true
call-000202,arm8_spec_immediate,cal/f2/s2060001/no_alert,46,grok-4.20-0309-non-reasoning,sha256:8a7f99021c8fb1fbb6f2fb7001cb87101d9cb0355abe0591c6f0a56ee8dbf77e,det-v1,1,accepted,2583,50,786.594,0.0033537500,false,false
call-000203,arm9_spec_heuristic_rollback,cal/f2/s2060001/no_alert,37,grok-4.20-0309-non-reasoning,sha256:6604465ed5b85eb58beee5a4157e8466d9e581d2f2dc0d12cc690f4d0a0a2ed8,det-v1,1,accepted,2241,50,0.001,0.0029262500,true,false
call-000204,arm9_spec_heuristic_rollback,cal/f2/s2060001/no_alert,46,grok-4.20-0309-non-reasoning,sha256:8a7f99021c8fb1fbb6f2fb7001cb87101d9cb0355abe0591c6f0a56ee8dbf77e,det-v1,1,accepted,2583,50,0.001,0.0033537500,true,false
call-000205,arm10_spec_eprocess,cal/f2/s2060001/no_alert,37,grok-4.20-0309-non-reasoning,sha256:6604465ed5b85eb58beee5a4157e8466d9e581d2f2dc0d12cc690f4d0a0a2ed8,det-v1,1,accepted,2241,50,0.002,0.0029262500,true,false
call-000206,arm10_spec_eprocess,cal/f2/s2060001/no_alert,46,grok-4.20-0309-non-reasoning,sha256:8a7f99021c8fb1fbb6f2fb7001cb87101d9cb0355abe0591c6f0a56ee8dbf77e,det-v1,1,accepted,2583,50,0.001,0.0033537500,true,false
call-000207,arm8_spec_immediate,cal/f2/s2060001/no_alert__twin,10,grok-4.20-0309-non-reasoning,sha256:422bf4e41047a944b2f9f2b2543127c53e1bf074a779004553d0d13fafade015,det-v1,1,,1256,76,871.689,0.0017600000,false,true
call-000208,arm8_spec_immediate,cal/f2/s2060001/no_alert__twin,10,grok-4.20-0309-non-reasoning,sha256:422bf4e41047a944b2f9f2b2543127c53e1bf074a779004553d0d13fafade015,det-v1,1,accepted,1256,76,871.689,0.0017600000,false,false
call-000209,arm9_spec_heuristic_rollback,cal/f2/s2060001/no_alert__twin,10,grok-4.20-0309-non-reasoning,sha256:422bf4e41047a944b2f9f2b2543127c53e1bf074a779004553d0d13fafade015,det-v1,1,accepted,1256,76,0.001,0.0017600000,true,false
call-000210,arm10_spec_eprocess,cal/f2/s2060001/no_alert__twin,10,grok-4.20-0309-non-reasoning,sha256:422bf4e41047a944b2f9f2b2543127c53e1bf074a779004553d0d13fafade015,det-v1,1,accepted,1256,76,0.001,0.0017600000,true,false
call-000211,arm8_spec_immediate,dev/f2/s2050000/early_accurate,28,grok-4.20-0309-non-reasoning,sha256:25ec838c5bcb2fa9f68dd43d45c34f859b636f902e841735263f8e86ee4c2c5b,det-v1,1,,1899,74,972.554,0.0025587500,false,true
call-000212,arm8_spec_immediate,dev/f2/s2050000/early_accurate,28,grok-4.20-0309-non-reasoning,sha256:25ec838c5bcb2fa9f68dd43d45c34f859b636f902e841735263f8e86ee4c2c5b,det-v1,1,accepted,1899,74,972.554,0.0025587500,false,false
call-000213,arm8_spec_immediate,dev/f2/s2050000/early_accurate,37,grok-4.20-0309-non-reasoning,sha256:eb7a01a67d488bb0fd8023ec70b95bbad7aac887c1ca155f115f5f5e886129d1,det-v1,1,,2241,50,785.088,0.0029262500,false,true
call-000214,arm8_spec_immediate,dev/f2/s2050000/early_accurate,37,grok-4.20-0309-non-reasoning,sha256:eb7a01a67d488bb0fd8023ec70b95bbad7aac887c1ca155f115f5f5e886129d1,det-v1,1,accepted,2241,50,785.088,0.0029262500,false,false
call-000215,arm9_spec_heuristic_rollback,dev/f2/s2050000/early_accurate,28,grok-4.20-0309-non-reasoning,sha256:25ec838c5bcb2fa9f68dd43d45c34f859b636f902e841735263f8e86ee4c2c5b,det-v1,1,accepted,1899,74,0.002,0.0025587500,true,false
call-000216,arm9_spec_heuristic_rollback,dev/f2/s2050000/early_accurate,37,grok-4.20-0309-non-reasoning,sha256:eb7a01a67d488bb0fd8023ec70b95bbad7aac887c1ca155f115f5f5e886129d1,det-v1,1,accepted,2241,50,0.002,0.0029262500,true,false
call-000217,arm10_spec_eprocess,dev/f2/s2050000/early_accurate,28,grok-4.20-0309-non-reasoning,sha256:25ec838c5bcb2fa9f68dd43d45c34f859b636f902e841735263f8e86ee4c2c5b,det-v1,1,accepted,1899,74,0.002,0.0025587500,true,false
call-000218,arm10_spec_eprocess,dev/f2/s2050000/early_accurate,37,grok-4.20-0309-non-reasoning,sha256:8aec43b50501e3e38d34ab86239c739d3c0ea529052be7080f9d23c4449a6462,det-v1,1,,2241,50,804.830,0.0029262500,false,true
call-000219,arm10_spec_eprocess,dev/f2/s2050000/early_accurate,37,grok-4.20-0309-non-reasoning,sha256:8aec43b50501e3e38d34ab86239c739d3c0ea529052be7080f9d23c4449a6462,det-v1,1,accepted,2241,50,804.830,0.0029262500,false,false
call-000220,arm8_spec_immediate,dev/f2/s2050000/early_accurate__twin,10,grok-4.20-0309-non-reasoning,sha256:c49058efe02338edf2878e113bf11445bbfd1df38d8bf5a859d5742b8405b74b,det-v1,1,,1251,86,984.915,0.0017787500,false,true
call-000221,arm8_spec_immediate,dev/f2/s2050000/early_accurate__twin,10,grok-4.20-0309-non-reasoning,sha256:c49058efe02338edf2878e113bf11445bbfd1df38d8bf5a859d5742b8405b74b,det-v1,1,accepted,1251,86,984.915,0.0017787500,false,false
call-000222,arm8_spec_immediate,dev/f2/s2050000/early_accurate__twin,43,grok-4.20-0309-non-reasoning,sha256:e79c6809b76a896aab8165b699e84df8ec8c3c8584b346c53ec0c74235de9f06,det-v1,1,,2505,78,1301.089,0.0033262500,false,true
call-000223,arm8_spec_immediate,dev/f2/s2050000/early_accurate__twin,43,grok-4.20-0309-non-reasoning,sha256:e79c6809b76a896aab8165b699e84df8ec8c3c8584b346c53ec0c74235de9f06,det-v1,1,accepted,2505,78,1301.089,0.0033262500,false,false
call-000224,arm9_spec_heuristic_rollback,dev/f2/s2050000/early_accurate__twin,10,grok-4.20-0309-non-reasoning,sha256:c49058efe02338edf2878e113bf11445bbfd1df38d8bf5a859d5742b8405b74b,det-v1,1,accepted,1251,86,0.002,0.0017787500,true,false
call-000225,arm9_spec_heuristic_rollback,dev/f2/s2050000/early_accurate__twin,43,grok-4.20-0309-non-reasoning,sha256:a1a92b861b0f41f42b60e12e537deb13e9767c39cefc93028960d3a0eea3029d,det-v1,1,,2505,78,1025.182,0.0033262500,false,true
call-000226,arm9_spec_heuristic_rollback,dev/f2/s2050000/early_accurate__twin,43,grok-4.20-0309-non-reasoning,sha256:a1a92b861b0f41f42b60e12e537deb13e9767c39cefc93028960d3a0eea3029d,det-v1,1,accepted,2505,78,1025.182,0.0033262500,false,false
call-000227,arm10_spec_eprocess,dev/f2/s2050000/early_accurate__twin,10,grok-4.20-0309-non-reasoning,sha256:c49058efe02338edf2878e113bf11445bbfd1df38d8bf5a859d5742b8405b74b,det-v1,1,accepted,1251,86,0.002,0.0017787500,true,false
call-000228,arm10_spec_eprocess,dev/f2/s2050000/early_accurate__twin,43,grok-4.20-0309-non-reasoning,sha256:e77b5eeadadefaf39c73595936c07dcb9704058c7e9bfd146afe0738a626b885,det-v1,1,,2505,59,920.443,0.0032787500,false,true
call-000229,arm10_spec_eprocess,dev/f2/s2050000/early_accurate__twin,43,grok-4.20-0309-non-reasoning,sha256:e77b5eeadadefaf39c73595936c07dcb9704058c7e9bfd146afe0738a626b885,det-v1,1,accepted,2505,59,920.443,0.0032787500,false,false
call-000230,arm8_spec_immediate,cal/f2/s2060000/early_accurate,22,grok-4.20-0309-non-reasoning,sha256:78cb08d23dd9d26a46787739076202723dcf62275e588ac1a511fd68d5c621ab,det-v1,1,,1671,50,954.581,0.0022137500,false,true
call-000231,arm8_spec_immediate,cal/f2/s2060000/early_accurate,22,grok-4.20-0309-non-reasoning,sha256:78cb08d23dd9d26a46787739076202723dcf62275e588ac1a511fd68d5c621ab,det-v1,1,accepted,1671,50,954.581,0.0022137500,false,false
call-000232,arm8_spec_immediate,cal/f2/s2060000/early_accurate,37,grok-4.20-0309-non-reasoning,sha256:9a34748ee004341f145e5863e8d9365def3e98a561ec439dbc80342061e24861,det-v1,1,,2241,50,755.141,0.0029262500,false,true
call-000233,arm8_spec_immediate,cal/f2/s2060000/early_accurate,37,grok-4.20-0309-non-reasoning,sha256:9a34748ee004341f145e5863e8d9365def3e98a561ec439dbc80342061e24861,det-v1,1,accepted,2241,50,755.141,0.0029262500,false,false
call-000234,arm9_spec_heuristic_rollback,cal/f2/s2060000/early_accurate,22,grok-4.20-0309-non-reasoning,sha256:78cb08d23dd9d26a46787739076202723dcf62275e588ac1a511fd68d5c621ab,det-v1,1,accepted,1671,50,0.003,0.0022137500,true,false
call-000235,arm9_spec_heuristic_rollback,cal/f2/s2060000/early_accurate,37,grok-4.20-0309-non-reasoning,sha256:9a34748ee004341f145e5863e8d9365def3e98a561ec439dbc80342061e24861,det-v1,1,accepted,2241,50,0.002,0.0029262500,true,false
call-000236,arm10_spec_eprocess,cal/f2/s2060000/early_accurate,22,grok-4.20-0309-non-reasoning,sha256:78cb08d23dd9d26a46787739076202723dcf62275e588ac1a511fd68d5c621ab,det-v1,1,accepted,1671,50,0.003,0.0022137500,true,false
call-000237,arm10_spec_eprocess,cal/f2/s2060000/early_accurate,37,grok-4.20-0309-non-reasoning,sha256:9a34748ee004341f145e5863e8d9365def3e98a561ec439dbc80342061e24861,det-v1,1,accepted,2241,50,0.003,0.0029262500,true,false
call-000238,arm8_spec_immediate,cal/f2/s2060000/early_accurate__twin,10,grok-4.20-0309-non-reasoning,sha256:c535db4e2b6041b3ef526945226df1e0b64e8b1b54d8947cd844bc3e48159ad7,det-v1,1,,1256,97,1604.670,0.0018125000,false,true
call-000239,arm8_spec_immediate,cal/f2/s2060000/early_accurate__twin,10,grok-4.20-0309-non-reasoning,sha256:c535db4e2b6041b3ef526945226df1e0b64e8b1b54d8947cd844bc3e48159ad7,det-v1,1,accepted,1256,97,1604.670,0.0018125000,false,false
call-000240,arm9_spec_heuristic_rollback,cal/f2/s2060000/early_accurate__twin,10,grok-4.20-0309-non-reasoning,sha256:c535db4e2b6041b3ef526945226df1e0b64e8b1b54d8947cd844bc3e48159ad7,det-v1,1,accepted,1256,97,0.002,0.0018125000,true,false
call-000241,arm10_spec_eprocess,cal/f2/s2060000/early_accurate__twin,10,grok-4.20-0309-non-reasoning,sha256:c535db4e2b6041b3ef526945226df1e0b64e8b1b54d8947cd844bc3e48159ad7,det-v1,1,accepted,1256,97,0.002,0.0018125000,true,false
call-000242,arm8_spec_immediate,dev/f2/s2050001/early_accurate,27,grok-4.20-0309-non-reasoning,sha256:2675af96c309001676ed8ba3a895673c690cb36745d4e43edf74ec881f4e0726,det-v1,1,,1861,50,1514.204,0.0024512500,false,true
call-000243,arm8_spec_immediate,dev/f2/s2050001/early_accurate,27,grok-4.20-0309-non-reasoning,sha256:2675af96c309001676ed8ba3a895673c690cb36745d4e43edf74ec881f4e0726,det-v1,1,accepted,1861,50,1514.204,0.0024512500,false,false
call-000244,arm8_spec_immediate,dev/f2/s2050001/early_accurate,44,grok-4.20-0309-non-reasoning,sha256:7d999ea8fbdb8301404244e3586a17dd8447722e5e4c47dbbeb172fcb1501c13,det-v1,1,,2507,50,748.360,0.0032587500,false,true
call-000245,arm8_spec_immediate,dev/f2/s2050001/early_accurate,44,grok-4.20-0309-non-reasoning,sha256:7d999ea8fbdb8301404244e3586a17dd8447722e5e4c47dbbeb172fcb1501c13,det-v1,1,accepted,2507,50,748.360,0.0032587500,false,false
call-000246,arm9_spec_heuristic_rollback,dev/f2/s2050001/early_accurate,27,grok-4.20-0309-non-reasoning,sha256:2675af96c309001676ed8ba3a895673c690cb36745d4e43edf74ec881f4e0726,det-v1,1,accepted,1861,50,0.002,0.0024512500,true,false
call-000247,arm9_spec_heuristic_rollback,dev/f2/s2050001/early_accurate,44,grok-4.20-0309-non-reasoning,sha256:7d999ea8fbdb8301404244e3586a17dd8447722e5e4c47dbbeb172fcb1501c13,det-v1,1,accepted,2507,50,0.002,0.0032587500,true,false
call-000248,arm10_spec_eprocess,dev/f2/s2050001/early_accurate,27,grok-4.20-0309-non-reasoning,sha256:2675af96c309001676ed8ba3a895673c690cb36745d4e43edf74ec881f4e0726,det-v1,1,accepted,1861,50,0.002,0.0024512500,true,false
call-000249,arm10_spec_eprocess,dev/f2/s2050001/early_accurate,44,grok-4.20-0309-non-reasoning,sha256:7d999ea8fbdb8301404244e3586a17dd8447722e5e4c47dbbeb172fcb1501c13,det-v1,1,accepted,2507,50,0.002,0.0032587500,true,false
call-000250,arm8_spec_immediate,dev/f2/s2050001/early_accurate__twin,10,grok-4.20-0309-non-reasoning,sha256:ca21bf5998c5a7b6e2b7e03484ec37b009fcd6eef1dbe0e8bc2d00d3e84ad939,det-v1,1,,1257,62,840.514,0.0017262500,false,true
call-000251,arm8_spec_immediate,dev/f2/s2050001/early_accurate__twin,10,grok-4.20-0309-non-reasoning,sha256:ca21bf5998c5a7b6e2b7e03484ec37b009fcd6eef1dbe0e8bc2d00d3e84ad939,det-v1,1,accepted,1257,62,840.514,0.0017262500,false,false
call-000252,arm9_spec_heuristic_rollback,dev/f2/s2050001/early_accurate__twin,10,grok-4.20-0309-non-reasoning,sha256:ca21bf5998c5a7b6e2b7e03484ec37b009fcd6eef1dbe0e8bc2d00d3e84ad939,det-v1,1,accepted,1257,62,0.001,0.0017262500,true,false
call-000253,arm10_spec_eprocess,dev/f2/s2050001/early_accurate__twin,10,grok-4.20-0309-non-reasoning,sha256:ca21bf5998c5a7b6e2b7e03484ec37b009fcd6eef1dbe0e8bc2d00d3e84ad939,det-v1,1,accepted,1257,62,0.001,0.0017262500,true,false
call-000254,arm8_spec_immediate,cal/f2/s2060001/early_accurate,37,grok-4.20-0309-non-reasoning,sha256:6398e558cfe26ab2d8960e32ef49fccd595200f1eea31a5f5cd9103fe2299d61,det-v1,1,,2241,50,722.846,0.0029262500,false,true
call-000255,arm8_spec_immediate,cal/f2/s2060001/early_accurate,37,grok-4.20-0309-non-reasoning,sha256:6398e558cfe26ab2d8960e32ef49fccd595200f1eea31a5f5cd9103fe2299d61,det-v1,1,accepted,2241,50,722.846,0.0029262500,false,false
call-000256,arm8_spec_immediate,cal/f2/s2060001/early_accurate,46,grok-4.20-0309-non-reasoning,sha256:407f5e274b0214863baaf27d755c51f54086ca72dd4b07ecf07885a4056a43e9,det-v1,1,,2583,50,778.134,0.0033537500,false,true
call-000257,arm8_spec_immediate,cal/f2/s2060001/early_accurate,46,grok-4.20-0309-non-reasoning,sha256:407f5e274b0214863baaf27d755c51f54086ca72dd4b07ecf07885a4056a43e9,det-v1,1,accepted,2583,50,778.134,0.0033537500,false,false
call-000258,arm9_spec_heuristic_rollback,cal/f2/s2060001/early_accurate,37,grok-4.20-0309-non-reasoning,sha256:6398e558cfe26ab2d8960e32ef49fccd595200f1eea31a5f5cd9103fe2299d61,det-v1,1,accepted,2241,50,0.002,0.0029262500,true,false
call-000259,arm9_spec_heuristic_rollback,cal/f2/s2060001/early_accurate,46,grok-4.20-0309-non-reasoning,sha256:407f5e274b0214863baaf27d755c51f54086ca72dd4b07ecf07885a4056a43e9,det-v1,1,accepted,2583,50,0.001,0.0033537500,true,false
call-000260,arm10_spec_eprocess,cal/f2/s2060001/early_accurate,37,grok-4.20-0309-non-reasoning,sha256:6398e558cfe26ab2d8960e32ef49fccd595200f1eea31a5f5cd9103fe2299d61,det-v1,1,accepted,2241,50,0.002,0.0029262500,true,false
call-000261,arm10_spec_eprocess,cal/f2/s2060001/early_accurate,46,grok-4.20-0309-non-reasoning,sha256:407f5e274b0214863baaf27d755c51f54086ca72dd4b07ecf07885a4056a43e9,det-v1,1,accepted,2583,50,0.001,0.0033537500,true,false
call-000262,arm8_spec_immediate,cal/f2/s2060001/early_accurate__twin,10,grok-4.20-0309-non-reasoning,sha256:cf2c395afeaf28fa7cfc9ab13b8f70ae22e265bfe8555bb2dbee32992799983d,det-v1,1,,1256,76,866.146,0.0017600000,false,true
call-000263,arm8_spec_immediate,cal/f2/s2060001/early_accurate__twin,10,grok-4.20-0309-non-reasoning,sha256:cf2c395afeaf28fa7cfc9ab13b8f70ae22e265bfe8555bb2dbee32992799983d,det-v1,1,accepted,1256,76,866.146,0.0017600000,false,false
call-000264,arm9_spec_heuristic_rollback,cal/f2/s2060001/early_accurate__twin,10,grok-4.20-0309-non-reasoning,sha256:cf2c395afeaf28fa7cfc9ab13b8f70ae22e265bfe8555bb2dbee32992799983d,det-v1,1,accepted,1256,76,0.001,0.0017600000,true,false
call-000265,arm10_spec_eprocess,cal/f2/s2060001/early_accurate__twin,10,grok-4.20-0309-non-reasoning,sha256:cf2c395afeaf28fa7cfc9ab13b8f70ae22e265bfe8555bb2dbee32992799983d,det-v1,1,accepted,1256,76,0.001,0.0017600000,true,false
call-000266,arm8_spec_immediate,dev/f2/s2050000/late_accurate,28,grok-4.20-0309-non-reasoning,sha256:5cd4b23c22f0da1290a0f2adfc1b7bcd46c34c857ac3fa9c98ea395e02fc70df,det-v1,1,,1899,50,916.468,0.0024987500,false,true
call-000267,arm8_spec_immediate,dev/f2/s2050000/late_accurate,28,grok-4.20-0309-non-reasoning,sha256:5cd4b23c22f0da1290a0f2adfc1b7bcd46c34c857ac3fa9c98ea395e02fc70df,det-v1,1,accepted,1899,50,916.468,0.0024987500,false,false
call-000268,arm8_spec_immediate,dev/f2/s2050000/late_accurate,37,grok-4.20-0309-non-reasoning,sha256:44f15b9226e7ebefd61e45c12ac26de965b12453b284f2e4f6b887d000e6f09b,det-v1,1,,2241,50,801.741,0.0029262500,false,true
call-000269,arm8_spec_immediate,dev/f2/s2050000/late_accurate,37,grok-4.20-0309-non-reasoning,sha256:44f15b9226e7ebefd61e45c12ac26de965b12453b284f2e4f6b887d000e6f09b,det-v1,1,accepted,2241,50,801.741,0.0029262500,false,false
call-000270,arm9_spec_heuristic_rollback,dev/f2/s2050000/late_accurate,28,grok-4.20-0309-non-reasoning,sha256:5cd4b23c22f0da1290a0f2adfc1b7bcd46c34c857ac3fa9c98ea395e02fc70df,det-v1,1,accepted,1899,50,0.002,0.0024987500,true,false
call-000271,arm9_spec_heuristic_rollback,dev/f2/s2050000/late_accurate,37,grok-4.20-0309-non-reasoning,sha256:44f15b9226e7ebefd61e45c12ac26de965b12453b284f2e4f6b887d000e6f09b,det-v1,1,accepted,2241,50,0.002,0.0029262500,true,false
call-000272,arm10_spec_eprocess,dev/f2/s2050000/late_accurate,28,grok-4.20-0309-non-reasoning,sha256:5cd4b23c22f0da1290a0f2adfc1b7bcd46c34c857ac3fa9c98ea395e02fc70df,det-v1,1,accepted,1899,50,0.002,0.0024987500,true,false
call-000273,arm10_spec_eprocess,dev/f2/s2050000/late_accurate,37,grok-4.20-0309-non-reasoning,sha256:44f15b9226e7ebefd61e45c12ac26de965b12453b284f2e4f6b887d000e6f09b,det-v1,1,accepted,2241,50,0.002,0.0029262500,true,false
call-000274,arm8_spec_immediate,cal/f2/s2060000/late_accurate,22,grok-4.20-0309-non-reasoning,sha256:088114c6a1d6b0940739b1292c9e8534fde6c0f60dec9e432b160d882200ac51,det-v1,1,,1671,50,779.985,0.0022137500,false,true
call-000275,arm8_spec_immediate,cal/f2/s2060000/late_accurate,22,grok-4.20-0309-non-reasoning,sha256:088114c6a1d6b0940739b1292c9e8534fde6c0f60dec9e432b160d882200ac51,det-v1,1,accepted,1671,50,779.985,0.0022137500,false,false
call-000276,arm8_spec_immediate,cal/f2/s2060000/late_accurate,37,grok-4.20-0309-non-reasoning,sha256:de1057f6826e6088faf77c7e6beda03d1eef8dbacf4c40b7c19bbed11cea2c0a,det-v1,1,,2241,50,819.694,0.0029262500,false,true
call-000277,arm8_spec_immediate,cal/f2/s2060000/late_accurate,37,grok-4.20-0309-non-reasoning,sha256:de1057f6826e6088faf77c7e6beda03d1eef8dbacf4c40b7c19bbed11cea2c0a,det-v1,1,accepted,2241,50,819.694,0.0029262500,false,false
call-000278,arm9_spec_heuristic_rollback,cal/f2/s2060000/late_accurate,22,grok-4.20-0309-non-reasoning,sha256:088114c6a1d6b0940739b1292c9e8534fde6c0f60dec9e432b160d882200ac51,det-v1,1,accepted,1671,50,0.002,0.0022137500,true,false
call-000279,arm9_spec_heuristic_rollback,cal/f2/s2060000/late_accurate,37,grok-4.20-0309-non-reasoning,sha256:de1057f6826e6088faf77c7e6beda03d1eef8dbacf4c40b7c19bbed11cea2c0a,det-v1,1,accepted,2241,50,0.002,0.0029262500,true,false
call-000280,arm10_spec_eprocess,cal/f2/s2060000/late_accurate,22,grok-4.20-0309-non-reasoning,sha256:088114c6a1d6b0940739b1292c9e8534fde6c0f60dec9e432b160d882200ac51,det-v1,1,accepted,1671,50,0.002,0.0022137500,true,false
call-000281,arm10_spec_eprocess,cal/f2/s2060000/late_accurate,37,grok-4.20-0309-non-reasoning,sha256:de1057f6826e6088faf77c7e6beda03d1eef8dbacf4c40b7c19bbed11cea2c0a,det-v1,1,accepted,2241,50,0.002,0.0029262500,true,false
call-000282,arm8_spec_immediate,dev/f2/s2050001/late_accurate,27,grok-4.20-0309-non-reasoning,sha256:c8b568ce6a94726849dcec436c48cfae1172d261bfacb91565bc7d887b0c1d13,det-v1,1,,1861,70,910.123,0.0025012500,false,true
call-000283,arm8_spec_immediate,dev/f2/s2050001/late_accurate,27,grok-4.20-0309-non-reasoning,sha256:c8b568ce6a94726849dcec436c48cfae1172d261bfacb91565bc7d887b0c1d13,det-v1,1,accepted,1861,70,910.123,0.0025012500,false,false
call-000284,arm8_spec_immediate,dev/f2/s2050001/late_accurate,44,grok-4.20-0309-non-reasoning,sha256:7b42ef999026e6304a6f024ee3b09502f1c9a3b9d8980621475994a0fea05109,det-v1,1,,2507,50,721.421,0.0032587500,false,true
call-000285,arm8_spec_immediate,dev/f2/s2050001/late_accurate,44,grok-4.20-0309-non-reasoning,sha256:7b42ef999026e6304a6f024ee3b09502f1c9a3b9d8980621475994a0fea05109,det-v1,1,accepted,2507,50,721.421,0.0032587500,false,false
call-000286,arm9_spec_heuristic_rollback,dev/f2/s2050001/late_accurate,27,grok-4.20-0309-non-reasoning,sha256:c8b568ce6a94726849dcec436c48cfae1172d261bfacb91565bc7d887b0c1d13,det-v1,1,accepted,1861,70,0.002,0.0025012500,true,false
call-000287,arm9_spec_heuristic_rollback,dev/f2/s2050001/late_accurate,44,grok-4.20-0309-non-reasoning,sha256:7b42ef999026e6304a6f024ee3b09502f1c9a3b9d8980621475994a0fea05109,det-v1,1,accepted,2507,50,0.002,0.0032587500,true,false
call-000288,arm10_spec_eprocess,dev/f2/s2050001/late_accurate,27,grok-4.20-0309-non-reasoning,sha256:c8b568ce6a94726849dcec436c48cfae1172d261bfacb91565bc7d887b0c1d13,det-v1,1,accepted,1861,70,0.002,0.0025012500,true,false
call-000289,arm10_spec_eprocess,dev/f2/s2050001/late_accurate,44,grok-4.20-0309-non-reasoning,sha256:87dec18129ffb76cdb886c6d0d8bd39542af94509812968c2477ce1020dffbef,det-v1,1,,2507,50,741.049,0.0032587500,false,true
call-000290,arm10_spec_eprocess,dev/f2/s2050001/late_accurate,44,grok-4.20-0309-non-reasoning,sha256:87dec18129ffb76cdb886c6d0d8bd39542af94509812968c2477ce1020dffbef,det-v1,1,accepted,2507,50,741.049,0.0032587500,false,false
call-000291,arm8_spec_immediate,cal/f2/s2060001/late_accurate,37,grok-4.20-0309-non-reasoning,sha256:6e69ca407736254d3f3f67bab47de317191c806d5bb384ecf4737271fe0f5d8e,det-v1,1,,2241,71,860.248,0.0029787500,false,true
call-000292,arm8_spec_immediate,cal/f2/s2060001/late_accurate,37,grok-4.20-0309-non-reasoning,sha256:6e69ca407736254d3f3f67bab47de317191c806d5bb384ecf4737271fe0f5d8e,det-v1,1,accepted,2241,71,860.248,0.0029787500,false,false
call-000293,arm8_spec_immediate,cal/f2/s2060001/late_accurate,46,grok-4.20-0309-non-reasoning,sha256:85453a7ca5c2effb3bca1d9892c740451fc8d845106ae0beed20b58455690d62,det-v1,1,,2583,50,751.377,0.0033537500,false,true
call-000294,arm8_spec_immediate,cal/f2/s2060001/late_accurate,46,grok-4.20-0309-non-reasoning,sha256:85453a7ca5c2effb3bca1d9892c740451fc8d845106ae0beed20b58455690d62,det-v1,1,accepted,2583,50,751.377,0.0033537500,false,false
call-000295,arm9_spec_heuristic_rollback,cal/f2/s2060001/late_accurate,37,grok-4.20-0309-non-reasoning,sha256:6e69ca407736254d3f3f67bab47de317191c806d5bb384ecf4737271fe0f5d8e,det-v1,1,accepted,2241,71,0.002,0.0029787500,true,false
call-000296,arm9_spec_heuristic_rollback,cal/f2/s2060001/late_accurate,46,grok-4.20-0309-non-reasoning,sha256:85453a7ca5c2effb3bca1d9892c740451fc8d845106ae0beed20b58455690d62,det-v1,1,accepted,2583,50,0.002,0.0033537500,true,false
call-000297,arm10_spec_eprocess,cal/f2/s2060001/late_accurate,37,grok-4.20-0309-non-reasoning,sha256:6e69ca407736254d3f3f67bab47de317191c806d5bb384ecf4737271fe0f5d8e,det-v1,1,accepted,2241,71,0.002,0.0029787500,true,false
call-000298,arm10_spec_eprocess,cal/f2/s2060001/late_accurate,46,grok-4.20-0309-non-reasoning,sha256:5a6b8654d054b857ede6ac460f9ff3bcf49c6cbd52ed24b28252b44ab1e5cb60,det-v1,1,,2583,50,1025.641,0.0033537500,false,true
call-000299,arm10_spec_eprocess,cal/f2/s2060001/late_accurate,46,grok-4.20-0309-non-reasoning,sha256:5a6b8654d054b857ede6ac460f9ff3bcf49c6cbd52ed24b28252b44ab1e5cb60,det-v1,1,accepted,2583,50,1025.641,0.0033537500,false,false
call-000300,arm8_spec_immediate,dev/f2/s2050000/unreliable,28,grok-4.20-0309-non-reasoning,sha256:89bf91e6bc55a75250ec982f4c0fca1590782199521a9ed9557cf0818590c9b5,det-v1,1,,1899,50,719.093,0.0024987500,false,true
call-000301,arm8_spec_immediate,dev/f2/s2050000/unreliable,28,grok-4.20-0309-non-reasoning,sha256:89bf91e6bc55a75250ec982f4c0fca1590782199521a9ed9557cf0818590c9b5,det-v1,1,accepted,1899,50,719.093,0.0024987500,false,false
call-000302,arm8_spec_immediate,dev/f2/s2050000/unreliable,37,grok-4.20-0309-non-reasoning,sha256:61add883a956dcd8a3762811119b5c2eb8b4fe3ef43a3c96f6f33977713db454,det-v1,1,,2241,50,747.660,0.0029262500,false,true
call-000303,arm8_spec_immediate,dev/f2/s2050000/unreliable,37,grok-4.20-0309-non-reasoning,sha256:61add883a956dcd8a3762811119b5c2eb8b4fe3ef43a3c96f6f33977713db454,det-v1,1,accepted,2241,50,747.660,0.0029262500,false,false
call-000304,arm9_spec_heuristic_rollback,dev/f2/s2050000/unreliable,28,grok-4.20-0309-non-reasoning,sha256:89bf91e6bc55a75250ec982f4c0fca1590782199521a9ed9557cf0818590c9b5,det-v1,1,accepted,1899,50,0.002,0.0024987500,true,false
call-000305,arm9_spec_heuristic_rollback,dev/f2/s2050000/unreliable,37,grok-4.20-0309-non-reasoning,sha256:61add883a956dcd8a3762811119b5c2eb8b4fe3ef43a3c96f6f33977713db454,det-v1,1,accepted,2241,50,0.002,0.0029262500,true,false
call-000306,arm10_spec_eprocess,dev/f2/s2050000/unreliable,28,grok-4.20-0309-non-reasoning,sha256:89bf91e6bc55a75250ec982f4c0fca1590782199521a9ed9557cf0818590c9b5,det-v1,1,accepted,1899,50,0.002,0.0024987500,true,false
call-000307,arm10_spec_eprocess,dev/f2/s2050000/unreliable,37,grok-4.20-0309-non-reasoning,sha256:61add883a956dcd8a3762811119b5c2eb8b4fe3ef43a3c96f6f33977713db454,det-v1,1,accepted,2241,50,0.002,0.0029262500,true,false
call-000308,arm8_spec_immediate,cal/f2/s2060000/unreliable,22,grok-4.20-0309-non-reasoning,sha256:da496a72b524122ce9944c0fd24b6982f1f9cb2bdfd179be8fa984d37303abb0,det-v1,1,,1671,50,728.343,0.0022137500,false,true
call-000309,arm8_spec_immediate,cal/f2/s2060000/unreliable,22,grok-4.20-0309-non-reasoning,sha256:da496a72b524122ce9944c0fd24b6982f1f9cb2bdfd179be8fa984d37303abb0,det-v1,1,accepted,1671,50,728.343,0.0022137500,false,false
call-000310,arm8_spec_immediate,cal/f2/s2060000/unreliable,37,grok-4.20-0309-non-reasoning,sha256:b6f73b0ca8a4227f863d54d1e2a5ca8dc193d79a14421506684ec064d6fea76e,det-v1,1,,2241,50,768.252,0.0029262500,false,true
call-000311,arm8_spec_immediate,cal/f2/s2060000/unreliable,37,grok-4.20-0309-non-reasoning,sha256:b6f73b0ca8a4227f863d54d1e2a5ca8dc193d79a14421506684ec064d6fea76e,det-v1,1,accepted,2241,50,768.252,0.0029262500,false,false
call-000312,arm9_spec_heuristic_rollback,cal/f2/s2060000/unreliable,22,grok-4.20-0309-non-reasoning,sha256:da496a72b524122ce9944c0fd24b6982f1f9cb2bdfd179be8fa984d37303abb0,det-v1,1,accepted,1671,50,0.002,0.0022137500,true,false
call-000313,arm9_spec_heuristic_rollback,cal/f2/s2060000/unreliable,37,grok-4.20-0309-non-reasoning,sha256:b6f73b0ca8a4227f863d54d1e2a5ca8dc193d79a14421506684ec064d6fea76e,det-v1,1,accepted,2241,50,0.002,0.0029262500,true,false
call-000314,arm10_spec_eprocess,cal/f2/s2060000/unreliable,22,grok-4.20-0309-non-reasoning,sha256:da496a72b524122ce9944c0fd24b6982f1f9cb2bdfd179be8fa984d37303abb0,det-v1,1,accepted,1671,50,0.002,0.0022137500,true,false
call-000315,arm10_spec_eprocess,cal/f2/s2060000/unreliable,37,grok-4.20-0309-non-reasoning,sha256:b6f73b0ca8a4227f863d54d1e2a5ca8dc193d79a14421506684ec064d6fea76e,det-v1,1,accepted,2241,50,0.002,0.0029262500,true,false
call-000316,arm8_spec_immediate,dev/f2/s2050001/unreliable,27,grok-4.20-0309-non-reasoning,sha256:cea47204c79d987cdd84b263ad2678f6c2134890ac98b0efb529682fe24aefe7,det-v1,1,,1861,70,954.669,0.0025012500,false,true
call-000317,arm8_spec_immediate,dev/f2/s2050001/unreliable,27,grok-4.20-0309-non-reasoning,sha256:cea47204c79d987cdd84b263ad2678f6c2134890ac98b0efb529682fe24aefe7,det-v1,1,accepted,1861,70,954.669,0.0025012500,false,false
call-000318,arm8_spec_immediate,dev/f2/s2050001/unreliable,44,grok-4.20-0309-non-reasoning,sha256:2c7d1ee5ad28d57813b6b084eb562d1912ecb76fb4d8d2f8194f10e8f97aac38,det-v1,1,,2507,50,780.127,0.0032587500,false,true
call-000319,arm8_spec_immediate,dev/f2/s2050001/unreliable,44,grok-4.20-0309-non-reasoning,sha256:2c7d1ee5ad28d57813b6b084eb562d1912ecb76fb4d8d2f8194f10e8f97aac38,det-v1,1,accepted,2507,50,780.127,0.0032587500,false,false
call-000320,arm9_spec_heuristic_rollback,dev/f2/s2050001/unreliable,27,grok-4.20-0309-non-reasoning,sha256:cea47204c79d987cdd84b263ad2678f6c2134890ac98b0efb529682fe24aefe7,det-v1,1,accepted,1861,70,0.002,0.0025012500,true,false
call-000321,arm9_spec_heuristic_rollback,dev/f2/s2050001/unreliable,44,grok-4.20-0309-non-reasoning,sha256:2c7d1ee5ad28d57813b6b084eb562d1912ecb76fb4d8d2f8194f10e8f97aac38,det-v1,1,accepted,2507,50,0.002,0.0032587500,true,false
call-000322,arm10_spec_eprocess,dev/f2/s2050001/unreliable,27,grok-4.20-0309-non-reasoning,sha256:cea47204c79d987cdd84b263ad2678f6c2134890ac98b0efb529682fe24aefe7,det-v1,1,accepted,1861,70,0.002,0.0025012500,true,false
call-000323,arm10_spec_eprocess,dev/f2/s2050001/unreliable,44,grok-4.20-0309-non-reasoning,sha256:ebfd8b66bcc6aaebfadfc23b2e545b65cc4e814cef612b82956c7b48aa553039,det-v1,1,,2507,50,825.673,0.0032587500,false,true
call-000324,arm10_spec_eprocess,dev/f2/s2050001/unreliable,44,grok-4.20-0309-non-reasoning,sha256:ebfd8b66bcc6aaebfadfc23b2e545b65cc4e814cef612b82956c7b48aa553039,det-v1,1,accepted,2507,50,825.673,0.0032587500,false,false
call-000325,arm8_spec_immediate,cal/f2/s2060001/unreliable,37,grok-4.20-0309-non-reasoning,sha256:f37ab777f6e6871f52964e51227ac699809f1aaeb169ab59b59529a1f8d0704f,det-v1,1,,2241,71,928.464,0.0029787500,false,true
call-000326,arm8_spec_immediate,cal/f2/s2060001/unreliable,37,grok-4.20-0309-non-reasoning,sha256:f37ab777f6e6871f52964e51227ac699809f1aaeb169ab59b59529a1f8d0704f,det-v1,1,accepted,2241,71,928.464,0.0029787500,false,false
call-000327,arm8_spec_immediate,cal/f2/s2060001/unreliable,46,grok-4.20-0309-non-reasoning,sha256:1d1a4e52e39a179f2354fc9c0ce635c8e574c4f5c68e4398f3f52bdd2e8d84b4,det-v1,1,,2583,50,777.394,0.0033537500,false,true
call-000328,arm8_spec_immediate,cal/f2/s2060001/unreliable,46,grok-4.20-0309-non-reasoning,sha256:1d1a4e52e39a179f2354fc9c0ce635c8e574c4f5c68e4398f3f52bdd2e8d84b4,det-v1,1,accepted,2583,50,777.394,0.0033537500,false,false
call-000329,arm9_spec_heuristic_rollback,cal/f2/s2060001/unreliable,37,grok-4.20-0309-non-reasoning,sha256:f37ab777f6e6871f52964e51227ac699809f1aaeb169ab59b59529a1f8d0704f,det-v1,1,accepted,2241,71,0.002,0.0029787500,true,false
call-000330,arm9_spec_heuristic_rollback,cal/f2/s2060001/unreliable,46,grok-4.20-0309-non-reasoning,sha256:1d1a4e52e39a179f2354fc9c0ce635c8e574c4f5c68e4398f3f52bdd2e8d84b4,det-v1,1,accepted,2583,50,0.002,0.0033537500,true,false
call-000331,arm10_spec_eprocess,cal/f2/s2060001/unreliable,37,grok-4.20-0309-non-reasoning,sha256:f37ab777f6e6871f52964e51227ac699809f1aaeb169ab59b59529a1f8d0704f,det-v1,1,accepted,2241,71,0.002,0.0029787500,true,false
call-000332,arm10_spec_eprocess,cal/f2/s2060001/unreliable,46,grok-4.20-0309-non-reasoning,sha256:a3c1e5ca80cfe1100e3096cc5b1b52b3b6ca0568411d68063343a4b9fd97d49d,det-v1,1,,2583,50,746.398,0.0033537500,false,true
call-000333,arm10_spec_eprocess,cal/f2/s2060001/unreliable,46,grok-4.20-0309-non-reasoning,sha256:a3c1e5ca80cfe1100e3096cc5b1b52b3b6ca0568411d68063343a4b9fd97d49d,det-v1,1,accepted,2583,50,746.398,0.0033537500,false,false
call-000334,arm8_spec_immediate,cal/f3/s3060000/no_alert,15,grok-4.20-0309-non-reasoning,sha256:7191028a4b75b1953358ba38681e2be3b63a2ee8416baeef95b8ae35039cec0c,det-v1,1,,1405,86,1187.773,0.0019712500,false,true
call-000335,arm8_spec_immediate,cal/f3/s3060000/no_alert,15,grok-4.20-0309-non-reasoning,sha256:7191028a4b75b1953358ba38681e2be3b63a2ee8416baeef95b8ae35039cec0c,det-v1,1,accepted,1405,86,1187.773,0.0019712500,false,false
call-000336,arm9_spec_heuristic_rollback,cal/f3/s3060000/no_alert,15,grok-4.20-0309-non-reasoning,sha256:7191028a4b75b1953358ba38681e2be3b63a2ee8416baeef95b8ae35039cec0c,det-v1,1,accepted,1405,86,0.001,0.0019712500,true,false
call-000337,arm10_spec_eprocess,cal/f3/s3060000/no_alert,15,grok-4.20-0309-non-reasoning,sha256:7191028a4b75b1953358ba38681e2be3b63a2ee8416baeef95b8ae35039cec0c,det-v1,1,accepted,1405,86,0.001,0.0019712500,true,false
call-000338,arm8_spec_immediate,cal/f3/s3060001/no_alert,23,grok-4.20-0309-non-reasoning,sha256:738c2f11c0affdfd2e5eba10debc80a33a4c765d624cd08ec6513cf412f13aff,det-v1,1,,1709,92,1099.656,0.0023662500,false,true
call-000339,arm8_spec_immediate,cal/f3/s3060001/no_alert,23,grok-4.20-0309-non-reasoning,sha256:738c2f11c0affdfd2e5eba10debc80a33a4c765d624cd08ec6513cf412f13aff,det-v1,1,accepted,1709,92,1099.656,0.0023662500,false,false
call-000340,arm9_spec_heuristic_rollback,cal/f3/s3060001/no_alert,23,grok-4.20-0309-non-reasoning,sha256:738c2f11c0affdfd2e5eba10debc80a33a4c765d624cd08ec6513cf412f13aff,det-v1,1,accepted,1709,92,0.001,0.0023662500,true,false
call-000341,arm10_spec_eprocess,cal/f3/s3060001/no_alert,23,grok-4.20-0309-non-reasoning,sha256:738c2f11c0affdfd2e5eba10debc80a33a4c765d624cd08ec6513cf412f13aff,det-v1,1,accepted,1709,92,0.001,0.0023662500,true,false
call-000342,arm8_spec_immediate,dev/f3/s3050000/early_accurate,14,grok-4.20-0309-non-reasoning,sha256:a04ad19326be4a021b27b805cd6606dc1b67a8e8a774c63bfb83d2c4528cc8c7,det-v1,1,,1407,88,1026.554,0.0019787500,false,true
call-000343,arm8_spec_immediate,dev/f3/s3050000/early_accurate,14,grok-4.20-0309-non-reasoning,sha256:a04ad19326be4a021b27b805cd6606dc1b67a8e8a774c63bfb83d2c4528cc8c7,det-v1,1,accepted,1407,88,1026.554,0.0019787500,false,false
call-000344,arm9_spec_heuristic_rollback,dev/f3/s3050000/early_accurate,14,grok-4.20-0309-non-reasoning,sha256:a04ad19326be4a021b27b805cd6606dc1b67a8e8a774c63bfb83d2c4528cc8c7,det-v1,1,accepted,1407,88,0.001,0.0019787500,true,false
call-000345,arm10_spec_eprocess,dev/f3/s3050000/early_accurate,14,grok-4.20-0309-non-reasoning,sha256:a04ad19326be4a021b27b805cd6606dc1b67a8e8a774c63bfb83d2c4528cc8c7,det-v1,1,accepted,1407,88,0.001,0.0019787500,true,false
call-000346,arm8_spec_immediate,cal/f3/s3060000/early_accurate,13,grok-4.20-0309-non-reasoning,sha256:880a1113f7ad342933f60ed50290cfc4a7e8d76c7065c2b205bf6c319c6274dc,det-v1,1,,1368,73,1092.060,0.0018925000,false,true
call-000347,arm8_spec_immediate,cal/f3/s3060000/early_accurate,13,grok-4.20-0309-non-reasoning,sha256:880a1113f7ad342933f60ed50290cfc4a7e8d76c7065c2b205bf6c319c6274dc,det-v1,1,accepted,1368,73,1092.060,0.0018925000,false,false
call-000348,arm8_spec_immediate,cal/f3/s3060000/early_accurate,19,grok-4.20-0309-non-reasoning,sha256:f629bc9f108fd28a12a02fa03fffcccd753bc9e331a03c2739570f1728479dda,det-v1,1,,1596,64,916.287,0.0021550000,false,true
call-000349,arm8_spec_immediate,cal/f3/s3060000/early_accurate,19,grok-4.20-0309-non-reasoning,sha256:f629bc9f108fd28a12a02fa03fffcccd753bc9e331a03c2739570f1728479dda,det-v1,1,accepted,1596,64,916.287,0.0021550000,false,false
call-000350,arm9_spec_heuristic_rollback,cal/f3/s3060000/early_accurate,13,grok-4.20-0309-non-reasoning,sha256:880a1113f7ad342933f60ed50290cfc4a7e8d76c7065c2b205bf6c319c6274dc,det-v1,1,accepted,1368,73,0.002,0.0018925000,true,false
call-000351,arm9_spec_heuristic_rollback,cal/f3/s3060000/early_accurate,19,grok-4.20-0309-non-reasoning,sha256:f629bc9f108fd28a12a02fa03fffcccd753bc9e331a03c2739570f1728479dda,det-v1,1,accepted,1596,64,0.001,0.0021550000,true,false
call-000352,arm10_spec_eprocess,cal/f3/s3060000/early_accurate,13,grok-4.20-0309-non-reasoning,sha256:880a1113f7ad342933f60ed50290cfc4a7e8d76c7065c2b205bf6c319c6274dc,det-v1,1,accepted,1368,73,0.002,0.0018925000,true,false
call-000353,arm10_spec_eprocess,cal/f3/s3060000/early_accurate,19,grok-4.20-0309-non-reasoning,sha256:1f1f53e134917286e396f6794a13a724e181ce49b5989f68c83aa6dcbb1727d3,det-v1,1,,1596,98,1092.429,0.0022400000,false,true
call-000354,arm10_spec_eprocess,cal/f3/s3060000/early_accurate,19,grok-4.20-0309-non-reasoning,sha256:1f1f53e134917286e396f6794a13a724e181ce49b5989f68c83aa6dcbb1727d3,det-v1,1,accepted,1596,98,1092.429,0.0022400000,false,false
call-000355,arm8_spec_immediate,dev/f3/s3050001/early_accurate,17,grok-4.20-0309-non-reasoning,sha256:8e89222c077e5580f56c2d3a793c8e0c1e04f10127d178a59f125ae7e6dd253c,det-v1,1,,1519,89,1074.079,0.0021212500,false,true
call-000356,arm8_spec_immediate,dev/f3/s3050001/early_accurate,17,grok-4.20-0309-non-reasoning,sha256:8e89222c077e5580f56c2d3a793c8e0c1e04f10127d178a59f125ae7e6dd253c,det-v1,1,accepted,1519,89,1074.079,0.0021212500,false,false
call-000357,arm9_spec_heuristic_rollback,dev/f3/s3050001/early_accurate,17,grok-4.20-0309-non-reasoning,sha256:8e89222c077e5580f56c2d3a793c8e0c1e04f10127d178a59f125ae7e6dd253c,det-v1,1,accepted,1519,89,0.001,0.0021212500,true,false
call-000358,arm10_spec_eprocess,dev/f3/s3050001/early_accurate,17,grok-4.20-0309-non-reasoning,sha256:8e89222c077e5580f56c2d3a793c8e0c1e04f10127d178a59f125ae7e6dd253c,det-v1,1,accepted,1519,89,0.001,0.0021212500,true,false
call-000359,arm8_spec_immediate,cal/f3/s3060001/early_accurate,19,grok-4.20-0309-non-reasoning,sha256:056573fda08080607b413acfd431bf65b776111faa7aaaed4157bf2d13df1119,det-v1,1,,1591,87,1622.970,0.0022062500,false,true
call-000360,arm8_spec_immediate,cal/f3/s3060001/early_accurate,19,grok-4.20-0309-non-reasoning,sha256:056573fda08080607b413acfd431bf65b776111faa7aaaed4157bf2d13df1119,det-v1,1,accepted,1591,87,1622.970,0.0022062500,false,false
call-000361,arm8_spec_immediate,cal/f3/s3060001/early_accurate,25,grok-4.20-0309-non-reasoning,sha256:0c7acb742cdaaca125bf61fbfa963f05a5f24abd7a220e9eb779533203ba3fd1,det-v1,1,,1819,66,835.993,0.0024387500,false,true
call-000362,arm8_spec_immediate,cal/f3/s3060001/early_accurate,25,grok-4.20-0309-non-reasoning,sha256:0c7acb742cdaaca125bf61fbfa963f05a5f24abd7a220e9eb779533203ba3fd1,det-v1,1,accepted,1819,66,835.993,0.0024387500,false,false
call-000363,arm9_spec_heuristic_rollback,cal/f3/s3060001/early_accurate,19,grok-4.20-0309-non-reasoning,sha256:056573fda08080607b413acfd431bf65b776111faa7aaaed4157bf2d13df1119,det-v1,1,accepted,1591,87,0.001,0.0022062500,true,false
call-000364,arm9_spec_heuristic_rollback,cal/f3/s3060001/early_accurate,25,grok-4.20-0309-non-reasoning,sha256:0c7acb742cdaaca125bf61fbfa963f05a5f24abd7a220e9eb779533203ba3fd1,det-v1,1,accepted,1819,66,0.001,0.0024387500,true,false
call-000365,arm10_spec_eprocess,cal/f3/s3060001/early_accurate,19,grok-4.20-0309-non-reasoning,sha256:056573fda08080607b413acfd431bf65b776111faa7aaaed4157bf2d13df1119,det-v1,1,accepted,1591,87,0.001,0.0022062500,true,false
call-000366,arm10_spec_eprocess,cal/f3/s3060001/early_accurate,25,grok-4.20-0309-non-reasoning,sha256:5ef16dc4ad8e21bc4c9ab67112d95cabdbbd68aba683265b42a7a317d2ae9816,det-v1,1,,1819,66,868.322,0.0024387500,false,true
call-000367,arm10_spec_eprocess,cal/f3/s3060001/early_accurate,25,grok-4.20-0309-non-reasoning,sha256:5ef16dc4ad8e21bc4c9ab67112d95cabdbbd68aba683265b42a7a317d2ae9816,det-v1,1,accepted,1819,66,868.322,0.0024387500,false,false
call-000368,arm8_spec_immediate,dev/f3/s3050000/late_accurate,17,grok-4.20-0309-non-reasoning,sha256:2c791755a3bf8c8630f04b778f85b304d9ce9c9eda617ce7883269b7dfbf1748,det-v1,1,,1521,93,1032.381,0.0021337500,false,true
call-000369,arm8_spec_immediate,dev/f3/s3050000/late_accurate,17,grok-4.20-0309-non-reasoning,sha256:2c791755a3bf8c8630f04b778f85b304d9ce9c9eda617ce7883269b7dfbf1748,det-v1,1,accepted,1521,93,1032.381,0.0021337500,false,false
call-000370,arm9_spec_heuristic_rollback,dev/f3/s3050000/late_accurate,17,grok-4.20-0309-non-reasoning,sha256:2c791755a3bf8c8630f04b778f85b304d9ce9c9eda617ce7883269b7dfbf1748,det-v1,1,accepted,1521,93,0.002,0.0021337500,true,false
call-000371,arm10_spec_eprocess,dev/f3/s3050000/late_accurate,17,grok-4.20-0309-non-reasoning,sha256:2c791755a3bf8c8630f04b778f85b304d9ce9c9eda617ce7883269b7dfbf1748,det-v1,1,accepted,1521,93,0.001,0.0021337500,true,false
call-000372,arm8_spec_immediate,cal/f3/s3060000/late_accurate,15,grok-4.20-0309-non-reasoning,sha256:74d435388f4973c9c44838a1a1aaa14834fbc8ba805196dc7a2765ff7e3c9472,det-v1,1,,1405,58,754.281,0.0019012500,false,true
call-000373,arm8_spec_immediate,cal/f3/s3060000/late_accurate,15,grok-4.20-0309-non-reasoning,sha256:74d435388f4973c9c44838a1a1aaa14834fbc8ba805196dc7a2765ff7e3c9472,det-v1,1,accepted,1405,58,754.281,0.0019012500,false,false
call-000374,arm9_spec_heuristic_rollback,cal/f3/s3060000/late_accurate,15,grok-4.20-0309-non-reasoning,sha256:74d435388f4973c9c44838a1a1aaa14834fbc8ba805196dc7a2765ff7e3c9472,det-v1,1,accepted,1405,58,0.001,0.0019012500,true,false
call-000375,arm10_spec_eprocess,cal/f3/s3060000/late_accurate,15,grok-4.20-0309-non-reasoning,sha256:74d435388f4973c9c44838a1a1aaa14834fbc8ba805196dc7a2765ff7e3c9472,det-v1,1,accepted,1405,58,0.001,0.0019012500,true,false
call-000376,arm8_spec_immediate,dev/f3/s3050001/late_accurate,20,grok-4.20-0309-non-reasoning,sha256:db2c4818589f3120b15510675b33b80b5bbf23d7ff3b2f82697a5e9a59a6d97f,det-v1,1,,1633,89,1235.044,0.0022637500,false,true
call-000377,arm8_spec_immediate,dev/f3/s3050001/late_accurate,20,grok-4.20-0309-non-reasoning,sha256:db2c4818589f3120b15510675b33b80b5bbf23d7ff3b2f82697a5e9a59a6d97f,det-v1,1,accepted,1633,89,1235.044,0.0022637500,false,false
call-000378,arm9_spec_heuristic_rollback,dev/f3/s3050001/late_accurate,20,grok-4.20-0309-non-reasoning,sha256:db2c4818589f3120b15510675b33b80b5bbf23d7ff3b2f82697a5e9a59a6d97f,det-v1,1,accepted,1633,89,0.002,0.0022637500,true,false
call-000379,arm10_spec_eprocess,dev/f3/s3050001/late_accurate,20,grok-4.20-0309-non-reasoning,sha256:db2c4818589f3120b15510675b33b80b5bbf23d7ff3b2f82697a5e9a59a6d97f,det-v1,1,accepted,1633,89,0.001,0.0022637500,true,false
call-000380,arm8_spec_immediate,cal/f3/s3060001/late_accurate,22,grok-4.20-0309-non-reasoning,sha256:f18b8777e35d90c82ec6ac8005b35c39d251106b363432ce1722bd947fc799ff,det-v1,1,,1705,62,820.540,0.0022862500,false,true
call-000381,arm8_spec_immediate,cal/f3/s3060001/late_accurate,22,grok-4.20-0309-non-reasoning,sha256:f18b8777e35d90c82ec6ac8005b35c39d251106b363432ce1722bd947fc799ff,det-v1,1,accepted,1705,62,820.540,0.0022862500,false,false
call-000382,arm9_spec_heuristic_rollback,cal/f3/s3060001/late_accurate,22,grok-4.20-0309-non-reasoning,sha256:f18b8777e35d90c82ec6ac8005b35c39d251106b363432ce1722bd947fc799ff,det-v1,1,accepted,1705,62,0.002,0.0022862500,true,false
call-000383,arm10_spec_eprocess,cal/f3/s3060001/late_accurate,22,grok-4.20-0309-non-reasoning,sha256:f18b8777e35d90c82ec6ac8005b35c39d251106b363432ce1722bd947fc799ff,det-v1,1,accepted,1705,62,0.002,0.0022862500,true,false
call-000384,arm8_spec_immediate,dev/f3/s3050000/unreliable,14,grok-4.20-0309-non-reasoning,sha256:f47d50a1151d1b3b458443e481bdec69fa0e78cdf0212cf2d7924d49a7ef5d41,det-v1,1,,1402,59,865.011,0.0019000000,false,true
call-000385,arm8_spec_immediate,dev/f3/s3050000/unreliable,14,grok-4.20-0309-non-reasoning,sha256:f47d50a1151d1b3b458443e481bdec69fa0e78cdf0212cf2d7924d49a7ef5d41,det-v1,1,accepted,1402,59,865.011,0.0019000000,false,false
call-000386,arm9_spec_heuristic_rollback,dev/f3/s3050000/unreliable,14,grok-4.20-0309-non-reasoning,sha256:f47d50a1151d1b3b458443e481bdec69fa0e78cdf0212cf2d7924d49a7ef5d41,det-v1,1,accepted,1402,59,0.002,0.0019000000,true,false
call-000387,arm10_spec_eprocess,dev/f3/s3050000/unreliable,14,grok-4.20-0309-non-reasoning,sha256:f47d50a1151d1b3b458443e481bdec69fa0e78cdf0212cf2d7924d49a7ef5d41,det-v1,1,accepted,1402,59,0.002,0.0019000000,true,false
call-000388,arm8_spec_immediate,cal/f3/s3060000/unreliable,13,grok-4.20-0309-non-reasoning,sha256:05268bf442699779809ffa40800840e6ddc30823a3b9a79eb88d2e1e8eebc2e7,det-v1,1,,1373,72,900.968,0.0018962500,false,true
call-000389,arm8_spec_immediate,cal/f3/s3060000/unreliable,13,grok-4.20-0309-non-reasoning,sha256:05268bf442699779809ffa40800840e6ddc30823a3b9a79eb88d2e1e8eebc2e7,det-v1,1,accepted,1373,72,900.968,0.0018962500,false,false
call-000390,arm8_spec_immediate,cal/f3/s3060000/unreliable,19,grok-4.20-0309-non-reasoning,sha256:090a131f879208a879bf732af4b751c6eb7d19103e1670771cac28c2b7468da1,det-v1,1,,1601,80,967.327,0.0022012500,false,true
call-000391,arm8_spec_immediate,cal/f3/s3060000/unreliable,19,grok-4.20-0309-non-reasoning,sha256:090a131f879208a879bf732af4b751c6eb7d19103e1670771cac28c2b7468da1,det-v1,1,accepted,1601,80,967.327,0.0022012500,false,false
call-000392,arm9_spec_heuristic_rollback,cal/f3/s3060000/unreliable,13,grok-4.20-0309-non-reasoning,sha256:05268bf442699779809ffa40800840e6ddc30823a3b9a79eb88d2e1e8eebc2e7,det-v1,1,accepted,1373,72,0.002,0.0018962500,true,false
call-000393,arm9_spec_heuristic_rollback,cal/f3/s3060000/unreliable,19,grok-4.20-0309-non-reasoning,sha256:090a131f879208a879bf732af4b751c6eb7d19103e1670771cac28c2b7468da1,det-v1,1,accepted,1601,80,0.001,0.0022012500,true,false
call-000394,arm10_spec_eprocess,cal/f3/s3060000/unreliable,13,grok-4.20-0309-non-reasoning,sha256:05268bf442699779809ffa40800840e6ddc30823a3b9a79eb88d2e1e8eebc2e7,det-v1,1,accepted,1373,72,0.001,0.0018962500,true,false
call-000395,arm10_spec_eprocess,cal/f3/s3060000/unreliable,19,grok-4.20-0309-non-reasoning,sha256:e3c8b03b73b6847c797a26412a93fe3c6c395d1c64e98989ebcfef4f6a912c33,det-v1,1,,1601,79,897.750,0.0021987500,false,true
call-000396,arm10_spec_eprocess,cal/f3/s3060000/unreliable,19,grok-4.20-0309-non-reasoning,sha256:e3c8b03b73b6847c797a26412a93fe3c6c395d1c64e98989ebcfef4f6a912c33,det-v1,1,accepted,1601,79,897.750,0.0021987500,false,false
call-000397,arm8_spec_immediate,dev/f3/s3050001/unreliable,17,grok-4.20-0309-non-reasoning,sha256:7b07116c06cef50894232f47ff57e0a9dbb44b2d0a002dfbb0f7efc0e3fd542e,det-v1,1,,1508,76,831.314,0.0020750000,false,true
call-000398,arm8_spec_immediate,dev/f3/s3050001/unreliable,17,grok-4.20-0309-non-reasoning,sha256:7b07116c06cef50894232f47ff57e0a9dbb44b2d0a002dfbb0f7efc0e3fd542e,det-v1,1,accepted,1508,76,831.314,0.0020750000,false,false
call-000399,arm9_spec_heuristic_rollback,dev/f3/s3050001/unreliable,17,grok-4.20-0309-non-reasoning,sha256:7b07116c06cef50894232f47ff57e0a9dbb44b2d0a002dfbb0f7efc0e3fd542e,det-v1,1,accepted,1508,76,0.001,0.0020750000,true,false
call-000400,arm10_spec_eprocess,dev/f3/s3050001/unreliable,17,grok-4.20-0309-non-reasoning,sha256:7b07116c06cef50894232f47ff57e0a9dbb44b2d0a002dfbb0f7efc0e3fd542e,det-v1,1,accepted,1508,76,0.001,0.0020750000,true,false
call-000401,arm8_spec_immediate,cal/f3/s3060001/unreliable,19,grok-4.20-0309-non-reasoning,sha256:c217e0293c9a7f96523ca8392fc4f5ba3e5287026656b14c6c10a0115542738c,det-v1,1,,1602,59,864.429,0.0021500000,false,true
call-000402,arm8_spec_immediate,cal/f3/s3060001/unreliable,19,grok-4.20-0309-non-reasoning,sha256:c217e0293c9a7f96523ca8392fc4f5ba3e5287026656b14c6c10a0115542738c,det-v1,1,accepted,1602,59,864.429,0.0021500000,false,false
call-000403,arm8_spec_immediate,cal/f3/s3060001/unreliable,25,grok-4.20-0309-non-reasoning,sha256:9b59152467283573555cd19d5a94ebcf3f9e5460a01b0f6db15f28bebef17216,det-v1,1,,1830,66,869.226,0.0024525000,false,true
call-000404,arm8_spec_immediate,cal/f3/s3060001/unreliable,25,grok-4.20-0309-non-reasoning,sha256:9b59152467283573555cd19d5a94ebcf3f9e5460a01b0f6db15f28bebef17216,det-v1,1,accepted,1830,66,869.226,0.0024525000,false,false
call-000405,arm9_spec_heuristic_rollback,cal/f3/s3060001/unreliable,19,grok-4.20-0309-non-reasoning,sha256:c217e0293c9a7f96523ca8392fc4f5ba3e5287026656b14c6c10a0115542738c,det-v1,1,accepted,1602,59,0.002,0.0021500000,true,false
call-000406,arm9_spec_heuristic_rollback,cal/f3/s3060001/unreliable,25,grok-4.20-0309-non-reasoning,sha256:9b59152467283573555cd19d5a94ebcf3f9e5460a01b0f6db15f28bebef17216,det-v1,1,accepted,1830,66,0.002,0.0024525000,true,false
call-000407,arm10_spec_eprocess,cal/f3/s3060001/unreliable,19,grok-4.20-0309-non-reasoning,sha256:c217e0293c9a7f96523ca8392fc4f5ba3e5287026656b14c6c10a0115542738c,det-v1,1,accepted,1602,59,0.002,0.0021500000,true,false
call-000408,arm10_spec_eprocess,cal/f3/s3060001/unreliable,25,grok-4.20-0309-non-reasoning,sha256:730336182ce5364738f9104917ca65bb57bf756679f2a5470fba2bbaf415bde0,det-v1,1,,1830,66,876.129,0.0024525000,false,true
call-000409,arm10_spec_eprocess,cal/f3/s3060001/unreliable,25,grok-4.20-0309-non-reasoning,sha256:730336182ce5364738f9104917ca65bb57bf756679f2a5470fba2bbaf415bde0,det-v1,1,accepted,1830,66,876.129,0.0024525000,false,false
call-000410,arm8_spec_immediate,dev/f4/s4050000/early_accurate,19,grok-4.20-0309-non-reasoning,sha256:6b4658c65a3dd1d29778eefec24b3b3d47b8498ecd197ed323769f58cb3b2a63,det-v1,1,,1593,59,837.640,0.0021387500,false,true
call-000411,arm8_spec_immediate,dev/f4/s4050000/early_accurate,19,grok-4.20-0309-non-reasoning,sha256:6b4658c65a3dd1d29778eefec24b3b3d47b8498ecd197ed323769f58cb3b2a63,det-v1,1,accepted,1593,59,837.640,0.0021387500,false,false
call-000412,arm9_spec_heuristic_rollback,dev/f4/s4050000/early_accurate,19,grok-4.20-0309-non-reasoning,sha256:6b4658c65a3dd1d29778eefec24b3b3d47b8498ecd197ed323769f58cb3b2a63,det-v1,1,accepted,1593,59,0.002,0.0021387500,true,false
call-000413,arm10_spec_eprocess,dev/f4/s4050000/early_accurate,19,grok-4.20-0309-non-reasoning,sha256:6b4658c65a3dd1d29778eefec24b3b3d47b8498ecd197ed323769f58cb3b2a63,det-v1,1,accepted,1593,59,0.002,0.0021387500,true,false
call-000414,arm8_spec_immediate,cal/f4/s4060000/early_accurate,15,grok-4.20-0309-non-reasoning,sha256:ef8c8971f3d8aa735b8a520124a4cd5ff932681c566ab697a56135b7ec8bc248,det-v1,1,,1438,60,939.330,0.0019475000,false,true
call-000415,arm8_spec_immediate,cal/f4/s4060000/early_accurate,15,grok-4.20-0309-non-reasoning,sha256:ef8c8971f3d8aa735b8a520124a4cd5ff932681c566ab697a56135b7ec8bc248,det-v1,1,accepted,1438,60,939.330,0.0019475000,false,false
call-000416,arm9_spec_heuristic_rollback,cal/f4/s4060000/early_accurate,15,grok-4.20-0309-non-reasoning,sha256:ef8c8971f3d8aa735b8a520124a4cd5ff932681c566ab697a56135b7ec8bc248,det-v1,1,accepted,1438,60,0.001,0.0019475000,true,false
call-000417,arm10_spec_eprocess,cal/f4/s4060000/early_accurate,15,grok-4.20-0309-non-reasoning,sha256:ef8c8971f3d8aa735b8a520124a4cd5ff932681c566ab697a56135b7ec8bc248,det-v1,1,accepted,1438,60,0.002,0.0019475000,true,false
call-000418,arm8_spec_immediate,dev/f4/s4050001/early_accurate,17,grok-4.20-0309-non-reasoning,sha256:ef837f41ed257639ea2c722fb360050e4134c3358a0131c6d0a982bb55e7ac9f,det-v1,1,,1519,61,885.866,0.0020512500,false,true
call-000419,arm8_spec_immediate,dev/f4/s4050001/early_accurate,17,grok-4.20-0309-non-reasoning,sha256:ef837f41ed257639ea2c722fb360050e4134c3358a0131c6d0a982bb55e7ac9f,det-v1,1,accepted,1519,61,885.866,0.0020512500,false,false
call-000420,arm9_spec_heuristic_rollback,dev/f4/s4050001/early_accurate,17,grok-4.20-0309-non-reasoning,sha256:ef837f41ed257639ea2c722fb360050e4134c3358a0131c6d0a982bb55e7ac9f,det-v1,1,accepted,1519,61,0.002,0.0020512500,true,false
call-000421,arm10_spec_eprocess,dev/f4/s4050001/early_accurate,17,grok-4.20-0309-non-reasoning,sha256:ef837f41ed257639ea2c722fb360050e4134c3358a0131c6d0a982bb55e7ac9f,det-v1,1,accepted,1519,61,0.001,0.0020512500,true,false
call-000422,arm8_spec_immediate,cal/f4/s4060001/early_accurate,15,grok-4.20-0309-non-reasoning,sha256:47349fdd2e8382ebf21f13a7eec0c6468290a7380f44e85a4712fe58da6c633f,det-v1,1,,1445,87,1072.018,0.0020237500,false,true
call-000423,arm8_spec_immediate,cal/f4/s4060001/early_accurate,15,grok-4.20-0309-non-reasoning,sha256:47349fdd2e8382ebf21f13a7eec0c6468290a7380f44e85a4712fe58da6c633f,det-v1,1,accepted,1445,87,1072.018,0.0020237500,false,false
call-000424,arm9_spec_heuristic_rollback,cal/f4/s4060001/early_accurate,15,grok-4.20-0309-non-reasoning,sha256:47349fdd2e8382ebf21f13a7eec0c6468290a7380f44e85a4712fe58da6c633f,det-v1,1,accepted,1445,87,0.002,0.0020237500,true,false
call-000425,arm10_spec_eprocess,cal/f4/s4060001/early_accurate,15,grok-4.20-0309-non-reasoning,sha256:47349fdd2e8382ebf21f13a7eec0c6468290a7380f44e85a4712fe58da6c633f,det-v1,1,accepted,1445,87,0.001,0.0020237500,true,false
call-000426,arm8_spec_immediate,dev/f4/s4050000/late_accurate,22,grok-4.20-0309-non-reasoning,sha256:cf1c7e560753b47326f5135b2d04c0ca10268b824882047b7dd7cd3e0f5e7810,det-v1,1,,1707,59,925.612,0.0022812500,false,true
call-000427,arm8_spec_immediate,dev/f4/s4050000/late_accurate,22,grok-4.20-0309-non-reasoning,sha256:cf1c7e560753b47326f5135b2d04c0ca10268b824882047b7dd7cd3e0f5e7810,det-v1,1,accepted,1707,59,925.612,0.0022812500,false,false
call-000428,arm9_spec_heuristic_rollback,dev/f4/s4050000/late_accurate,22,grok-4.20-0309-non-reasoning,sha256:cf1c7e560753b47326f5135b2d04c0ca10268b824882047b7dd7cd3e0f5e7810,det-v1,1,accepted,1707,59,0.002,0.0022812500,true,false
call-000429,arm10_spec_eprocess,dev/f4/s4050000/late_accurate,22,grok-4.20-0309-non-reasoning,sha256:cf1c7e560753b47326f5135b2d04c0ca10268b824882047b7dd7cd3e0f5e7810,det-v1,1,accepted,1707,59,0.001,0.0022812500,true,false
call-000430,arm8_spec_immediate,cal/f4/s4060000/late_accurate,18,grok-4.20-0309-non-reasoning,sha256:7cf1f9ecab3fd3bb0e18b0bf4d95ca8eb2e501e8a39eb10b2f323c6c1b13f9fb,det-v1,1,,1552,60,944.663,0.0020900000,false,true
call-000431,arm8_spec_immediate,cal/f4/s4060000/late_accurate,18,grok-4.20-0309-non-reasoning,sha256:7cf1f9ecab3fd3bb0e18b0bf4d95ca8eb2e501e8a39eb10b2f323c6c1b13f9fb,det-v1,1,accepted,1552,60,944.663,0.0020900000,false,false
call-000432,arm9_spec_heuristic_rollback,cal/f4/s4060000/late_accurate,18,grok-4.20-0309-non-reasoning,sha256:7cf1f9ecab3fd3bb0e18b0bf4d95ca8eb2e501e8a39eb10b2f323c6c1b13f9fb,det-v1,1,accepted,1552,60,0.001,0.0020900000,true,false
call-000433,arm10_spec_eprocess,cal/f4/s4060000/late_accurate,18,grok-4.20-0309-non-reasoning,sha256:7cf1f9ecab3fd3bb0e18b0bf4d95ca8eb2e501e8a39eb10b2f323c6c1b13f9fb,det-v1,1,accepted,1552,60,0.001,0.0020900000,true,false
call-000434,arm8_spec_immediate,dev/f4/s4050001/late_accurate,20,grok-4.20-0309-non-reasoning,sha256:7b399aee81b7e81aba2bc98830faa4d5ba2ed783f226360524ca8ef0d77c9753,det-v1,1,,1633,59,843.599,0.0021887500,false,true
call-000435,arm8_spec_immediate,dev/f4/s4050001/late_accurate,20,grok-4.20-0309-non-reasoning,sha256:7b399aee81b7e81aba2bc98830faa4d5ba2ed783f226360524ca8ef0d77c9753,det-v1,1,accepted,1633,59,843.599,0.0021887500,false,false
call-000436,arm9_spec_heuristic_rollback,dev/f4/s4050001/late_accurate,20,grok-4.20-0309-non-reasoning,sha256:7b399aee81b7e81aba2bc98830faa4d5ba2ed783f226360524ca8ef0d77c9753,det-v1,1,accepted,1633,59,0.002,0.0021887500,true,false
call-000437,arm10_spec_eprocess,dev/f4/s4050001/late_accurate,20,grok-4.20-0309-non-reasoning,sha256:7b399aee81b7e81aba2bc98830faa4d5ba2ed783f226360524ca8ef0d77c9753,det-v1,1,accepted,1633,59,0.002,0.0021887500,true,false
call-000438,arm8_spec_immediate,cal/f4/s4060001/late_accurate,18,grok-4.20-0309-non-reasoning,sha256:1657cd6c852c5db3557f55da0d404459ff307874bac25b1a7ad70715a4966ad3,det-v1,1,,1559,88,1035.961,0.0021687500,false,true
call-000439,arm8_spec_immediate,cal/f4/s4060001/late_accurate,18,grok-4.20-0309-non-reasoning,sha256:1657cd6c852c5db3557f55da0d404459ff307874bac25b1a7ad70715a4966ad3,det-v1,1,accepted,1559,88,1035.961,0.0021687500,false,false
call-000440,arm9_spec_heuristic_rollback,cal/f4/s4060001/late_accurate,18,grok-4.20-0309-non-reasoning,sha256:1657cd6c852c5db3557f55da0d404459ff307874bac25b1a7ad70715a4966ad3,det-v1,1,accepted,1559,88,0.002,0.0021687500,true,false
call-000441,arm10_spec_eprocess,cal/f4/s4060001/late_accurate,18,grok-4.20-0309-non-reasoning,sha256:1657cd6c852c5db3557f55da0d404459ff307874bac25b1a7ad70715a4966ad3,det-v1,1,accepted,1559,88,0.002,0.0021687500,true,false
call-000442,arm8_spec_immediate,dev/f4/s4050000/unreliable,19,grok-4.20-0309-non-reasoning,sha256:79a871c2929c235c34979eb98131ff9603452b4e064bdfe35177c8d7e93b5405,det-v1,1,,1597,61,975.642,0.0021487500,false,true
call-000443,arm8_spec_immediate,dev/f4/s4050000/unreliable,19,grok-4.20-0309-non-reasoning,sha256:79a871c2929c235c34979eb98131ff9603452b4e064bdfe35177c8d7e93b5405,det-v1,1,accepted,1597,61,975.642,0.0021487500,false,false
call-000444,arm9_spec_heuristic_rollback,dev/f4/s4050000/unreliable,19,grok-4.20-0309-non-reasoning,sha256:79a871c2929c235c34979eb98131ff9603452b4e064bdfe35177c8d7e93b5405,det-v1,1,accepted,1597,61,0.002,0.0021487500,true,false
call-000445,arm10_spec_eprocess,dev/f4/s4050000/unreliable,19,grok-4.20-0309-non-reasoning,sha256:79a871c2929c235c34979eb98131ff9603452b4e064bdfe35177c8d7e93b5405,det-v1,1,accepted,1597,61,0.002,0.0021487500,true,false
call-000446,arm8_spec_immediate,cal/f4/s4060000/unreliable,15,grok-4.20-0309-non-reasoning,sha256:ae382ab855f3f140bc7195560d13433b4370181607a24ba7300c2dc1b592dd2b,det-v1,1,,1446,50,737.878,0.0019325000,false,true
call-000447,arm8_spec_immediate,cal/f4/s4060000/unreliable,15,grok-4.20-0309-non-reasoning,sha256:ae382ab855f3f140bc7195560d13433b4370181607a24ba7300c2dc1b592dd2b,det-v1,1,accepted,1446,50,737.878,0.0019325000,false,false
call-000448,arm9_spec_heuristic_rollback,cal/f4/s4060000/unreliable,15,grok-4.20-0309-non-reasoning,sha256:ae382ab855f3f140bc7195560d13433b4370181607a24ba7300c2dc1b592dd2b,det-v1,1,accepted,1446,50,0.002,0.0019325000,true,false
call-000449,arm10_spec_eprocess,cal/f4/s4060000/unreliable,15,grok-4.20-0309-non-reasoning,sha256:ae382ab855f3f140bc7195560d13433b4370181607a24ba7300c2dc1b592dd2b,det-v1,1,accepted,1446,50,0.001,0.0019325000,true,false
call-000450,arm8_spec_immediate,dev/f4/s4050001/unreliable,17,grok-4.20-0309-non-reasoning,sha256:e877e605fb62e8622c1e1dfd1b65f944cc3ea7996203bf8caee9962d57cb971f,det-v1,1,,1507,50,770.410,0.0020087500,false,true
call-000451,arm8_spec_immediate,dev/f4/s4050001/unreliable,17,grok-4.20-0309-non-reasoning,sha256:e877e605fb62e8622c1e1dfd1b65f944cc3ea7996203bf8caee9962d57cb971f,det-v1,1,accepted,1507,50,770.410,0.0020087500,false,false
call-000452,arm9_spec_heuristic_rollback,dev/f4/s4050001/unreliable,17,grok-4.20-0309-non-reasoning,sha256:e877e605fb62e8622c1e1dfd1b65f944cc3ea7996203bf8caee9962d57cb971f,det-v1,1,accepted,1507,50,0.002,0.0020087500,true,false
call-000453,arm10_spec_eprocess,dev/f4/s4050001/unreliable,17,grok-4.20-0309-non-reasoning,sha256:e877e605fb62e8622c1e1dfd1b65f944cc3ea7996203bf8caee9962d57cb971f,det-v1,1,accepted,1507,50,0.002,0.0020087500,true,false
call-000454,arm8_spec_immediate,cal/f4/s4060001/unreliable,15,grok-4.20-0309-non-reasoning,sha256:d64701103798df5521a4f823e2a4602f396e1d12d826bcc91c0aaddbf1af9690,det-v1,1,,1445,60,874.039,0.0019562500,false,true
call-000455,arm8_spec_immediate,cal/f4/s4060001/unreliable,15,grok-4.20-0309-non-reasoning,sha256:d64701103798df5521a4f823e2a4602f396e1d12d826bcc91c0aaddbf1af9690,det-v1,1,accepted,1445,60,874.039,0.0019562500,false,false
call-000456,arm9_spec_heuristic_rollback,cal/f4/s4060001/unreliable,15,grok-4.20-0309-non-reasoning,sha256:d64701103798df5521a4f823e2a4602f396e1d12d826bcc91c0aaddbf1af9690,det-v1,1,accepted,1445,60,0.001,0.0019562500,true,false
call-000457,arm10_spec_eprocess,cal/f4/s4060001/unreliable,15,grok-4.20-0309-non-reasoning,sha256:d64701103798df5521a4f823e2a4602f396e1d12d826bcc91c0aaddbf1af9690,det-v1,1,accepted,1445,60,0.001,0.0019562500,true,false
call-000458,arm8_spec_immediate,dev/f5/s5050000/early_accurate,20,grok-4.20-0309-non-reasoning,sha256:120393c66b93aa6d66d9107be3eb8b617b1edabe0eda4acbba305eae71f7749a,det-v1,1,,1639,88,1038.677,0.0022687500,false,true
call-000459,arm8_spec_immediate,dev/f5/s5050000/early_accurate,20,grok-4.20-0309-non-reasoning,sha256:120393c66b93aa6d66d9107be3eb8b617b1edabe0eda4acbba305eae71f7749a,det-v1,1,accepted,1639,88,1038.677,0.0022687500,false,false
call-000460,arm9_spec_heuristic_rollback,dev/f5/s5050000/early_accurate,20,grok-4.20-0309-non-reasoning,sha256:120393c66b93aa6d66d9107be3eb8b617b1edabe0eda4acbba305eae71f7749a,det-v1,1,accepted,1639,88,0.002,0.0022687500,true,false
call-000461,arm10_spec_eprocess,dev/f5/s5050000/early_accurate,20,grok-4.20-0309-non-reasoning,sha256:120393c66b93aa6d66d9107be3eb8b617b1edabe0eda4acbba305eae71f7749a,det-v1,1,accepted,1639,88,0.002,0.0022687500,true,false
call-000462,arm8_spec_immediate,cal/f5/s5060000/early_accurate,18,grok-4.20-0309-non-reasoning,sha256:6dd1cd7127b1def94d925263964229269f69769eef6c84c942b52439aa4bce87,det-v1,1,,1558,60,848.354,0.0020975000,false,true
call-000463,arm8_spec_immediate,cal/f5/s5060000/early_accurate,18,grok-4.20-0309-non-reasoning,sha256:6dd1cd7127b1def94d925263964229269f69769eef6c84c942b52439aa4bce87,det-v1,1,accepted,1558,60,848.354,0.0020975000,false,false
call-000464,arm9_spec_heuristic_rollback,cal/f5/s5060000/early_accurate,18,grok-4.20-0309-non-reasoning,sha256:6dd1cd7127b1def94d925263964229269f69769eef6c84c942b52439aa4bce87,det-v1,1,accepted,1558,60,0.002,0.0020975000,true,false
call-000465,arm10_spec_eprocess,cal/f5/s5060000/early_accurate,18,grok-4.20-0309-non-reasoning,sha256:6dd1cd7127b1def94d925263964229269f69769eef6c84c942b52439aa4bce87,det-v1,1,accepted,1558,60,0.001,0.0020975000,true,false
call-000466,arm8_spec_immediate,dev/f5/s5050001/early_accurate,15,grok-4.20-0309-non-reasoning,sha256:af28b162cd17a12f5bea2452c54e07606329c7f5b05666e0a25529dffe2a8e51,det-v1,1,,1440,87,946.811,0.0020175000,false,true
call-000467,arm8_spec_immediate,dev/f5/s5050001/early_accurate,15,grok-4.20-0309-non-reasoning,sha256:af28b162cd17a12f5bea2452c54e07606329c7f5b05666e0a25529dffe2a8e51,det-v1,1,accepted,1440,87,946.811,0.0020175000,false,false
call-000468,arm9_spec_heuristic_rollback,dev/f5/s5050001/early_accurate,15,grok-4.20-0309-non-reasoning,sha256:af28b162cd17a12f5bea2452c54e07606329c7f5b05666e0a25529dffe2a8e51,det-v1,1,accepted,1440,87,0.002,0.0020175000,true,false
call-000469,arm10_spec_eprocess,dev/f5/s5050001/early_accurate,15,grok-4.20-0309-non-reasoning,sha256:af28b162cd17a12f5bea2452c54e07606329c7f5b05666e0a25529dffe2a8e51,det-v1,1,accepted,1440,87,0.002,0.0020175000,true,false
call-000470,arm8_spec_immediate,cal/f5/s5060001/early_accurate,21,grok-4.20-0309-non-reasoning,sha256:fb139d3b2bcddfa9e7477c424276d4505e91b3cf8befd5ebf1465e504cd64019,det-v1,1,,1673,60,857.784,0.0022412500,false,true
call-000471,arm8_spec_immediate,cal/f5/s5060001/early_accurate,21,grok-4.20-0309-non-reasoning,sha256:fb139d3b2bcddfa9e7477c424276d4505e91b3cf8befd5ebf1465e504cd64019,det-v1,1,accepted,1673,60,857.784,0.0022412500,false,false
call-000472,arm9_spec_heuristic_rollback,cal/f5/s5060001/early_accurate,21,grok-4.20-0309-non-reasoning,sha256:fb139d3b2bcddfa9e7477c424276d4505e91b3cf8befd5ebf1465e504cd64019,det-v1,1,accepted,1673,60,0.001,0.0022412500,true,false
call-000473,arm10_spec_eprocess,cal/f5/s5060001/early_accurate,21,grok-4.20-0309-non-reasoning,sha256:fb139d3b2bcddfa9e7477c424276d4505e91b3cf8befd5ebf1465e504cd64019,det-v1,1,accepted,1673,60,0.001,0.0022412500,true,false
call-000474,arm8_spec_immediate,dev/f5/s5050000/late_accurate,23,grok-4.20-0309-non-reasoning,sha256:b4287eb211dea2678f7488a1ae1383ebd0d786f46291cc30329b11285bc7c72e,det-v1,1,,1753,87,1415.192,0.0024087500,false,true
call-000475,arm8_spec_immediate,dev/f5/s5050000/late_accurate,23,grok-4.20-0309-non-reasoning,sha256:b4287eb211dea2678f7488a1ae1383ebd0d786f46291cc30329b11285bc7c72e,det-v1,1,accepted,1753,87,1415.192,0.0024087500,false,false
call-000476,arm9_spec_heuristic_rollback,dev/f5/s5050000/late_accurate,23,grok-4.20-0309-non-reasoning,sha256:b4287eb211dea2678f7488a1ae1383ebd0d786f46291cc30329b11285bc7c72e,det-v1,1,accepted,1753,87,0.002,0.0024087500,true,false
call-000477,arm10_spec_eprocess,dev/f5/s5050000/late_accurate,23,grok-4.20-0309-non-reasoning,sha256:b4287eb211dea2678f7488a1ae1383ebd0d786f46291cc30329b11285bc7c72e,det-v1,1,accepted,1753,87,0.002,0.0024087500,true,false
call-000478,arm8_spec_immediate,cal/f5/s5060000/late_accurate,21,grok-4.20-0309-non-reasoning,sha256:d9fd9d6e83343a77b1d90d3c0e8a01274f6b188b2d013e371255502e1ccb0dc2,det-v1,1,,1672,60,1103.345,0.0022400000,false,true
call-000479,arm8_spec_immediate,cal/f5/s5060000/late_accurate,21,grok-4.20-0309-non-reasoning,sha256:d9fd9d6e83343a77b1d90d3c0e8a01274f6b188b2d013e371255502e1ccb0dc2,det-v1,1,accepted,1672,60,1103.345,0.0022400000,false,false
call-000480,arm9_spec_heuristic_rollback,cal/f5/s5060000/late_accurate,21,grok-4.20-0309-non-reasoning,sha256:d9fd9d6e83343a77b1d90d3c0e8a01274f6b188b2d013e371255502e1ccb0dc2,det-v1,1,accepted,1672,60,0.002,0.0022400000,true,false
call-000481,arm10_spec_eprocess,cal/f5/s5060000/late_accurate,21,grok-4.20-0309-non-reasoning,sha256:d9fd9d6e83343a77b1d90d3c0e8a01274f6b188b2d013e371255502e1ccb0dc2,det-v1,1,accepted,1672,60,0.001,0.0022400000,true,false
call-000482,arm8_spec_immediate,dev/f5/s5050001/late_accurate,18,grok-4.20-0309-non-reasoning,sha256:be1a7366fd5a657b4fcf106ae96f8864bedc2556fb4437735363f4333cf0d454,det-v1,1,,1554,87,1086.826,0.0021600000,false,true
call-000483,arm8_spec_immediate,dev/f5/s5050001/late_accurate,18,grok-4.20-0309-non-reasoning,sha256:be1a7366fd5a657b4fcf106ae96f8864bedc2556fb4437735363f4333cf0d454,det-v1,1,accepted,1554,87,1086.826,0.0021600000,false,false
call-000484,arm9_spec_heuristic_rollback,dev/f5/s5050001/late_accurate,18,grok-4.20-0309-non-reasoning,sha256:be1a7366fd5a657b4fcf106ae96f8864bedc2556fb4437735363f4333cf0d454,det-v1,1,accepted,1554,87,0.002,0.0021600000,true,false
call-000485,arm10_spec_eprocess,dev/f5/s5050001/late_accurate,18,grok-4.20-0309-non-reasoning,sha256:be1a7366fd5a657b4fcf106ae96f8864bedc2556fb4437735363f4333cf0d454,det-v1,1,accepted,1554,87,0.001,0.0021600000,true,false
call-000486,arm8_spec_immediate,cal/f5/s5060001/late_accurate,24,grok-4.20-0309-non-reasoning,sha256:105c2fe798f87a11d1856318d182c65cd77e41fde7d0f691aab1a7e2929e2b77,det-v1,1,,1787,60,885.222,0.0023837500,false,true
call-000487,arm8_spec_immediate,cal/f5/s5060001/late_accurate,24,grok-4.20-0309-non-reasoning,sha256:105c2fe798f87a11d1856318d182c65cd77e41fde7d0f691aab1a7e2929e2b77,det-v1,1,accepted,1787,60,885.222,0.0023837500,false,false
call-000488,arm9_spec_heuristic_rollback,cal/f5/s5060001/late_accurate,24,grok-4.20-0309-non-reasoning,sha256:105c2fe798f87a11d1856318d182c65cd77e41fde7d0f691aab1a7e2929e2b77,det-v1,1,accepted,1787,60,0.002,0.0023837500,true,false
call-000489,arm10_spec_eprocess,cal/f5/s5060001/late_accurate,24,grok-4.20-0309-non-reasoning,sha256:105c2fe798f87a11d1856318d182c65cd77e41fde7d0f691aab1a7e2929e2b77,det-v1,1,accepted,1787,60,0.002,0.0023837500,true,false
call-000490,arm8_spec_immediate,dev/f5/s5050000/unreliable,20,grok-4.20-0309-non-reasoning,sha256:02a5ce04e70b8b9284c934387c6e80b4efbaa046bfaed62df7b18decdb0e914d,det-v1,1,,1632,59,802.312,0.0021875000,false,true
call-000491,arm8_spec_immediate,dev/f5/s5050000/unreliable,20,grok-4.20-0309-non-reasoning,sha256:02a5ce04e70b8b9284c934387c6e80b4efbaa046bfaed62df7b18decdb0e914d,det-v1,1,accepted,1632,59,802.312,0.0021875000,false,false
call-000492,arm9_spec_heuristic_rollback,dev/f5/s5050000/unreliable,20,grok-4.20-0309-non-reasoning,sha256:02a5ce04e70b8b9284c934387c6e80b4efbaa046bfaed62df7b18decdb0e914d,det-v1,1,accepted,1632,59,0.002,0.0021875000,true,false
call-000493,arm10_spec_eprocess,dev/f5/s5050000/unreliable,20,grok-4.20-0309-non-reasoning,sha256:02a5ce04e70b8b9284c934387c6e80b4efbaa046bfaed62df7b18decdb0e914d,det-v1,1,accepted,1632,59,0.002,0.0021875000,true,false
call-000494,arm8_spec_immediate,cal/f5/s5060000/unreliable,18,grok-4.20-0309-non-reasoning,sha256:da1017a14620c983415566e9732cc38ca2aae4771d827ab0986e48908dccad10,det-v1,1,,1564,50,815.104,0.0020800000,false,true
call-000495,arm8_spec_immediate,cal/f5/s5060000/unreliable,18,grok-4.20-0309-non-reasoning,sha256:da1017a14620c983415566e9732cc38ca2aae4771d827ab0986e48908dccad10,det-v1,1,accepted,1564,50,815.104,0.0020800000,false,false
call-000496,arm9_spec_heuristic_rollback,cal/f5/s5060000/unreliable,18,grok-4.20-0309-non-reasoning,sha256:da1017a14620c983415566e9732cc38ca2aae4771d827ab0986e48908dccad10,det-v1,1,accepted,1564,50,0.002,0.0020800000,true,false
call-000497,arm10_spec_eprocess,cal/f5/s5060000/unreliable,18,grok-4.20-0309-non-reasoning,sha256:da1017a14620c983415566e9732cc38ca2aae4771d827ab0986e48908dccad10,det-v1,1,accepted,1564,50,0.002,0.0020800000,true,false
call-000498,arm8_spec_immediate,dev/f5/s5050001/unreliable,15,grok-4.20-0309-non-reasoning,sha256:25c876448caeb86ee8490900b5955c80a871af6d4ff4cd8457b665e6fe8cef54,det-v1,1,,1430,50,759.887,0.0019125000,false,true
call-000499,arm8_spec_immediate,dev/f5/s5050001/unreliable,15,grok-4.20-0309-non-reasoning,sha256:25c876448caeb86ee8490900b5955c80a871af6d4ff4cd8457b665e6fe8cef54,det-v1,1,accepted,1430,50,759.887,0.0019125000,false,false
call-000500,arm9_spec_heuristic_rollback,dev/f5/s5050001/unreliable,15,grok-4.20-0309-non-reasoning,sha256:25c876448caeb86ee8490900b5955c80a871af6d4ff4cd8457b665e6fe8cef54,det-v1,1,accepted,1430,50,0.002,0.0019125000,true,false
call-000501,arm10_spec_eprocess,dev/f5/s5050001/unreliable,15,grok-4.20-0309-non-reasoning,sha256:25c876448caeb86ee8490900b5955c80a871af6d4ff4cd8457b665e6fe8cef54,det-v1,1,accepted,1430,50,0.002,0.0019125000,true,false
call-000502,arm8_spec_immediate,cal/f5/s5060001/unreliable,21,grok-4.20-0309-non-reasoning,sha256:54c51496bd3ac426e145b81621d4e542f1ba68f609b5cf3e70268810e089370d,det-v1,1,,1682,61,791.537,0.0022550000,false,true
call-000503,arm8_spec_immediate,cal/f5/s5060001/unreliable,21,grok-4.20-0309-non-reasoning,sha256:54c51496bd3ac426e145b81621d4e542f1ba68f609b5cf3e70268810e089370d,det-v1,1,accepted,1682,61,791.537,0.0022550000,false,false
call-000504,arm9_spec_heuristic_rollback,cal/f5/s5060001/unreliable,21,grok-4.20-0309-non-reasoning,sha256:54c51496bd3ac426e145b81621d4e542f1ba68f609b5cf3e70268810e089370d,det-v1,1,accepted,1682,61,0.001,0.0022550000,true,false
call-000505,arm10_spec_eprocess,cal/f5/s5060001/unreliable,21,grok-4.20-0309-non-reasoning,sha256:54c51496bd3ac426e145b81621d4e542f1ba68f609b5cf3e70268810e089370d,det-v1,1,accepted,1682,61,0.001,0.0022550000,true,false
call-000506,arm8_spec_immediate,dev/f6/s6050000/no_alert,22,grok-4.20-0309-non-reasoning,sha256:4ead79b7d514bac10c201fdc049c484c7ceb5c7350faeefac7f0cf5e6d28581f,det-v1,1,,1671,50,778.522,0.0022137500,false,true
call-000507,arm8_spec_immediate,dev/f6/s6050000/no_alert,22,grok-4.20-0309-non-reasoning,sha256:4ead79b7d514bac10c201fdc049c484c7ceb5c7350faeefac7f0cf5e6d28581f,det-v1,1,accepted,1671,50,778.522,0.0022137500,false,false
call-000508,arm9_spec_heuristic_rollback,dev/f6/s6050000/no_alert,22,grok-4.20-0309-non-reasoning,sha256:4ead79b7d514bac10c201fdc049c484c7ceb5c7350faeefac7f0cf5e6d28581f,det-v1,1,accepted,1671,50,0.001,0.0022137500,true,false
call-000509,arm10_spec_eprocess,dev/f6/s6050000/no_alert,22,grok-4.20-0309-non-reasoning,sha256:4ead79b7d514bac10c201fdc049c484c7ceb5c7350faeefac7f0cf5e6d28581f,det-v1,1,accepted,1671,50,0.001,0.0022137500,true,false
call-000510,arm8_spec_immediate,cal/f6/s6060000/no_alert,18,grok-4.20-0309-non-reasoning,sha256:af5888093be64014a88ca8adb5dfecf3bd5474ec58f954cf32652608b37a1561,det-v1,1,,1519,50,912.643,0.0020237500,false,true
call-000511,arm8_spec_immediate,cal/f6/s6060000/no_alert,18,grok-4.20-0309-non-reasoning,sha256:af5888093be64014a88ca8adb5dfecf3bd5474ec58f954cf32652608b37a1561,det-v1,1,accepted,1519,50,912.643,0.0020237500,false,false
call-000512,arm9_spec_heuristic_rollback,cal/f6/s6060000/no_alert,18,grok-4.20-0309-non-reasoning,sha256:af5888093be64014a88ca8adb5dfecf3bd5474ec58f954cf32652608b37a1561,det-v1,1,accepted,1519,50,0.001,0.0020237500,true,false
call-000513,arm10_spec_eprocess,cal/f6/s6060000/no_alert,18,grok-4.20-0309-non-reasoning,sha256:af5888093be64014a88ca8adb5dfecf3bd5474ec58f954cf32652608b37a1561,det-v1,1,accepted,1519,50,0.002,0.0020237500,true,false
call-000514,arm8_spec_immediate,dev/f6/s6050001/no_alert,25,grok-4.20-0309-non-reasoning,sha256:9852f25eb46bd8f1fb7879cb3bbc3fbbebc02cc5a86a19952282b1ce071a1d71,det-v1,1,,1785,66,1033.550,0.0023962500,false,true
call-000515,arm8_spec_immediate,dev/f6/s6050001/no_alert,25,grok-4.20-0309-non-reasoning,sha256:9852f25eb46bd8f1fb7879cb3bbc3fbbebc02cc5a86a19952282b1ce071a1d71,det-v1,1,accepted,1785,66,1033.550,0.0023962500,false,false
call-000516,arm9_spec_heuristic_rollback,dev/f6/s6050001/no_alert,25,grok-4.20-0309-non-reasoning,sha256:9852f25eb46bd8f1fb7879cb3bbc3fbbebc02cc5a86a19952282b1ce071a1d71,det-v1,1,accepted,1785,66,0.002,0.0023962500,true,false
call-000517,arm10_spec_eprocess,dev/f6/s6050001/no_alert,25,grok-4.20-0309-non-reasoning,sha256:9852f25eb46bd8f1fb7879cb3bbc3fbbebc02cc5a86a19952282b1ce071a1d71,det-v1,1,accepted,1785,66,0.001,0.0023962500,true,false
call-000518,arm8_spec_immediate,cal/f6/s6060001/no_alert,23,grok-4.20-0309-non-reasoning,sha256:4cba19d36404e66bb05fc7856a9c8535744dc4689944c7cffb072c77498fd490,det-v1,1,,1709,50,1067.662,0.0022612500,false,true
call-000519,arm8_spec_immediate,cal/f6/s6060001/no_alert,23,grok-4.20-0309-non-reasoning,sha256:4cba19d36404e66bb05fc7856a9c8535744dc4689944c7cffb072c77498fd490,det-v1,1,accepted,1709,50,1067.662,0.0022612500,false,false
call-000520,arm9_spec_heuristic_rollback,cal/f6/s6060001/no_alert,23,grok-4.20-0309-non-reasoning,sha256:4cba19d36404e66bb05fc7856a9c8535744dc4689944c7cffb072c77498fd490,det-v1,1,accepted,1709,50,0.001,0.0022612500,true,false
call-000521,arm10_spec_eprocess,cal/f6/s6060001/no_alert,23,grok-4.20-0309-non-reasoning,sha256:4cba19d36404e66bb05fc7856a9c8535744dc4689944c7cffb072c77498fd490,det-v1,1,accepted,1709,50,0.001,0.0022612500,true,false
call-000522,arm8_spec_immediate,dev/f6/s6050000/early_accurate,18,grok-4.20-0309-non-reasoning,sha256:caeb14e012b788a38c98da042d280f68328eff25eef74f18dfce6228fc6b664f,det-v1,1,,1558,83,882.108,0.0021550000,false,true
call-000523,arm8_spec_immediate,dev/f6/s6050000/early_accurate,18,grok-4.20-0309-non-reasoning,sha256:caeb14e012b788a38c98da042d280f68328eff25eef74f18dfce6228fc6b664f,det-v1,1,accepted,1558,83,882.108,0.0021550000,false,false
call-000524,arm9_spec_heuristic_rollback,dev/f6/s6050000/early_accurate,18,grok-4.20-0309-non-reasoning,sha256:caeb14e012b788a38c98da042d280f68328eff25eef74f18dfce6228fc6b664f,det-v1,1,accepted,1558,83,0.002,0.0021550000,true,false
call-000525,arm10_spec_eprocess,dev/f6/s6050000/early_accurate,18,grok-4.20-0309-non-reasoning,sha256:caeb14e012b788a38c98da042d280f68328eff25eef74f18dfce6228fc6b664f,det-v1,1,accepted,1558,83,0.002,0.0021550000,true,false
call-000526,arm8_spec_immediate,cal/f6/s6060000/early_accurate,13,grok-4.20-0309-non-reasoning,sha256:edf48b216bfbe7c14eb40bcd86a1b6f4825ef7d00315c0fbcecbca246428bd71,det-v1,1,,1370,64,798.726,0.0018725000,false,true
call-000527,arm8_spec_immediate,cal/f6/s6060000/early_accurate,13,grok-4.20-0309-non-reasoning,sha256:edf48b216bfbe7c14eb40bcd86a1b6f4825ef7d00315c0fbcecbca246428bd71,det-v1,1,accepted,1370,64,798.726,0.0018725000,false,false
call-000528,arm8_spec_immediate,cal/f6/s6060000/early_accurate,19,grok-4.20-0309-non-reasoning,sha256:132c58c991d0109a34223f9519a8c750bae81d72c67673fe28e23e6d52a29320,det-v1,1,,1598,75,890.527,0.0021850000,false,true
call-000529,arm8_spec_immediate,cal/f6/s6060000/early_accurate,19,grok-4.20-0309-non-reasoning,sha256:132c58c991d0109a34223f9519a8c750bae81d72c67673fe28e23e6d52a29320,det-v1,1,accepted,1598,75,890.527,0.0021850000,false,false
call-000530,arm9_spec_heuristic_rollback,cal/f6/s6060000/early_accurate,13,grok-4.20-0309-non-reasoning,sha256:edf48b216bfbe7c14eb40bcd86a1b6f4825ef7d00315c0fbcecbca246428bd71,det-v1,1,accepted,1370,64,0.002,0.0018725000,true,false
call-000531,arm9_spec_heuristic_rollback,cal/f6/s6060000/early_accurate,19,grok-4.20-0309-non-reasoning,sha256:132c58c991d0109a34223f9519a8c750bae81d72c67673fe28e23e6d52a29320,det-v1,1,accepted,1598,75,0.002,0.0021850000,true,false
call-000532,arm10_spec_eprocess,cal/f6/s6060000/early_accurate,13,grok-4.20-0309-non-reasoning,sha256:edf48b216bfbe7c14eb40bcd86a1b6f4825ef7d00315c0fbcecbca246428bd71,det-v1,1,accepted,1370,64,0.002,0.0018725000,true,false
call-000533,arm10_spec_eprocess,cal/f6/s6060000/early_accurate,19,grok-4.20-0309-non-reasoning,sha256:37f305875719a261d2239b4bc702440e7163b9f346a01a6085b76b3df0015632,det-v1,1,,1598,76,939.631,0.0021875000,false,true
call-000534,arm10_spec_eprocess,cal/f6/s6060000/early_accurate,19,grok-4.20-0309-non-reasoning,sha256:37f305875719a261d2239b4bc702440e7163b9f346a01a6085b76b3df0015632,det-v1,1,accepted,1598,76,939.631,0.0021875000,false,false
call-000535,arm8_spec_immediate,dev/f6/s6050001/early_accurate,19,grok-4.20-0309-non-reasoning,sha256:ff44a8d97f1d3bb177fc13171da344e0438420ba04092b46ffc35c71e02a78ba,det-v1,1,,1590,56,1246.983,0.0021275000,false,true
call-000536,arm8_spec_immediate,dev/f6/s6050001/early_accurate,19,grok-4.20-0309-non-reasoning,sha256:ff44a8d97f1d3bb177fc13171da344e0438420ba04092b46ffc35c71e02a78ba,det-v1,1,accepted,1590,56,1246.983,0.0021275000,false,false
call-000537,arm8_spec_immediate,dev/f6/s6050001/early_accurate,25,grok-4.20-0309-non-reasoning,sha256:d0ee73863b7c26a36c238bef09f48e7170e95e161bfb494ea8f6e03e34d4cb7f,det-v1,1,,1818,71,1008.629,0.0024500000,false,true
call-000538,arm8_spec_immediate,dev/f6/s6050001/early_accurate,25,grok-4.20-0309-non-reasoning,sha256:d0ee73863b7c26a36c238bef09f48e7170e95e161bfb494ea8f6e03e34d4cb7f,det-v1,1,accepted,1818,71,1008.629,0.0024500000,false,false
call-000539,arm9_spec_heuristic_rollback,dev/f6/s6050001/early_accurate,19,grok-4.20-0309-non-reasoning,sha256:ff44a8d97f1d3bb177fc13171da344e0438420ba04092b46ffc35c71e02a78ba,det-v1,1,accepted,1590,56,0.002,0.0021275000,true,false
call-000540,arm9_spec_heuristic_rollback,dev/f6/s6050001/early_accurate,25,grok-4.20-0309-non-reasoning,sha256:d0ee73863b7c26a36c238bef09f48e7170e95e161bfb494ea8f6e03e34d4cb7f,det-v1,1,accepted,1818,71,0.001,0.0024500000,true,false
call-000541,arm10_spec_eprocess,dev/f6/s6050001/early_accurate,19,grok-4.20-0309-non-reasoning,sha256:ff44a8d97f1d3bb177fc13171da344e0438420ba04092b46ffc35c71e02a78ba,det-v1,1,accepted,1590,56,0.002,0.0021275000,true,false
call-000542,arm10_spec_eprocess,dev/f6/s6050001/early_accurate,25,grok-4.20-0309-non-reasoning,sha256:6795f1c04ff87c36b95784ddf710bed944d677751044d6d4e7c127642b84f9c1,det-v1,1,,1818,67,1506.890,0.0024400000,false,true
call-000543,arm10_spec_eprocess,dev/f6/s6050001/early_accurate,25,grok-4.20-0309-non-reasoning,sha256:6795f1c04ff87c36b95784ddf710bed944d677751044d6d4e7c127642b84f9c1,det-v1,1,accepted,1818,67,1506.890,0.0024400000,false,false
call-000544,arm8_spec_immediate,cal/f6/s6060001/early_accurate,17,grok-4.20-0309-non-reasoning,sha256:d4b55d4dc1241cee4597aa89d5e05e5b93b2be87fc87eb6a66bcf28d2224c268,det-v1,1,,1522,83,1038.233,0.0021100000,false,true
call-000545,arm8_spec_immediate,cal/f6/s6060001/early_accurate,17,grok-4.20-0309-non-reasoning,sha256:d4b55d4dc1241cee4597aa89d5e05e5b93b2be87fc87eb6a66bcf28d2224c268,det-v1,1,accepted,1522,83,1038.233,0.0021100000,false,false
call-000546,arm8_spec_immediate,cal/f6/s6060001/early_accurate,23,grok-4.20-0309-non-reasoning,sha256:534119a35d7d16c5a50c9f9dad14de0f89f59a4526786e1917554668d34dfb2b,det-v1,1,,1750,75,985.982,0.0023750000,false,true
call-000547,arm8_spec_immediate,cal/f6/s6060001/early_accurate,23,grok-4.20-0309-non-reasoning,sha256:534119a35d7d16c5a50c9f9dad14de0f89f59a4526786e1917554668d34dfb2b,det-v1,1,accepted,1750,75,985.982,0.0023750000,false,false
call-000548,arm9_spec_heuristic_rollback,cal/f6/s6060001/early_accurate,17,grok-4.20-0309-non-reasoning,sha256:d4b55d4dc1241cee4597aa89d5e05e5b93b2be87fc87eb6a66bcf28d2224c268,det-v1,1,accepted,1522,83,0.002,0.0021100000,true,false
call-000549,arm9_spec_heuristic_rollback,cal/f6/s6060001/early_accurate,23,grok-4.20-0309-non-reasoning,sha256:534119a35d7d16c5a50c9f9dad14de0f89f59a4526786e1917554668d34dfb2b,det-v1,1,accepted,1750,75,0.001,0.0023750000,true,false
call-000550,arm10_spec_eprocess,cal/f6/s6060001/early_accurate,17,grok-4.20-0309-non-reasoning,sha256:d4b55d4dc1241cee4597aa89d5e05e5b93b2be87fc87eb6a66bcf28d2224c268,det-v1,1,accepted,1522,83,0.002,0.0021100000,true,false
call-000551,arm10_spec_eprocess,cal/f6/s6060001/early_accurate,23,grok-4.20-0309-non-reasoning,sha256:ac25bbc7f3a84885aaecd61ea988d1d828a02bb9d5fec5d73e1326d8d418fd35,det-v1,1,,1750,108,1172.575,0.0024575000,false,true
call-000552,arm10_spec_eprocess,cal/f6/s6060001/early_accurate,23,grok-4.20-0309-non-reasoning,sha256:ac25bbc7f3a84885aaecd61ea988d1d828a02bb9d5fec5d73e1326d8d418fd35,det-v1,1,accepted,1750,108,1172.575,0.0024575000,false,false
call-000553,arm8_spec_immediate,dev/f6/s6050000/late_accurate,21,grok-4.20-0309-non-reasoning,sha256:44076e1b8c9df9f3b8088f4be1322c922626e2a01c0d08b6e583c505b8175f8d,det-v1,1,,1672,72,988.189,0.0022700000,false,true
call-000554,arm8_spec_immediate,dev/f6/s6050000/late_accurate,21,grok-4.20-0309-non-reasoning,sha256:44076e1b8c9df9f3b8088f4be1322c922626e2a01c0d08b6e583c505b8175f8d,det-v1,1,accepted,1672,72,988.189,0.0022700000,false,false
call-000555,arm9_spec_heuristic_rollback,dev/f6/s6050000/late_accurate,21,grok-4.20-0309-non-reasoning,sha256:44076e1b8c9df9f3b8088f4be1322c922626e2a01c0d08b6e583c505b8175f8d,det-v1,1,accepted,1672,72,0.001,0.0022700000,true,false
call-000556,arm10_spec_eprocess,dev/f6/s6050000/late_accurate,21,grok-4.20-0309-non-reasoning,sha256:44076e1b8c9df9f3b8088f4be1322c922626e2a01c0d08b6e583c505b8175f8d,det-v1,1,accepted,1672,72,0.002,0.0022700000,true,false
call-000557,arm8_spec_immediate,cal/f6/s6060000/late_accurate,16,grok-4.20-0309-non-reasoning,sha256:f7c105411e4c8abc24c851a8c965582b121455218271369633bb64a877b49f52,det-v1,1,,1484,93,1150.636,0.0020875000,false,true
call-000558,arm8_spec_immediate,cal/f6/s6060000/late_accurate,16,grok-4.20-0309-non-reasoning,sha256:f7c105411e4c8abc24c851a8c965582b121455218271369633bb64a877b49f52,det-v1,1,accepted,1484,93,1150.636,0.0020875000,false,false
call-000559,arm9_spec_heuristic_rollback,cal/f6/s6060000/late_accurate,16,grok-4.20-0309-non-reasoning,sha256:f7c105411e4c8abc24c851a8c965582b121455218271369633bb64a877b49f52,det-v1,1,accepted,1484,93,0.002,0.0020875000,true,false
call-000560,arm10_spec_eprocess,cal/f6/s6060000/late_accurate,16,grok-4.20-0309-non-reasoning,sha256:f7c105411e4c8abc24c851a8c965582b121455218271369633bb64a877b49f52,det-v1,1,accepted,1484,93,0.002,0.0020875000,true,false
call-000561,arm8_spec_immediate,dev/f6/s6050001/late_accurate,22,grok-4.20-0309-non-reasoning,sha256:ea03680422527c795ec7f6ee3ac4adf6234d5c5a8916823938828501cd3b6f31,det-v1,1,,1704,60,834.462,0.0022800000,false,true
call-000562,arm8_spec_immediate,dev/f6/s6050001/late_accurate,22,grok-4.20-0309-non-reasoning,sha256:ea03680422527c795ec7f6ee3ac4adf6234d5c5a8916823938828501cd3b6f31,det-v1,1,accepted,1704,60,834.462,0.0022800000,false,false
call-000563,arm8_spec_immediate,dev/f6/s6050001/late_accurate,28,grok-4.20-0309-non-reasoning,sha256:1f55508f84673acca14c3a0edc6b95363cf77866973b6ed335e99df18bbc7c08,det-v1,1,,1932,99,1099.678,0.0026625000,false,true
call-000564,arm8_spec_immediate,dev/f6/s6050001/late_accurate,28,grok-4.20-0309-non-reasoning,sha256:1f55508f84673acca14c3a0edc6b95363cf77866973b6ed335e99df18bbc7c08,det-v1,1,accepted,1932,99,1099.678,0.0026625000,false,false
call-000565,arm9_spec_heuristic_rollback,dev/f6/s6050001/late_accurate,22,grok-4.20-0309-non-reasoning,sha256:ea03680422527c795ec7f6ee3ac4adf6234d5c5a8916823938828501cd3b6f31,det-v1,1,accepted,1704,60,0.002,0.0022800000,true,false
call-000566,arm9_spec_heuristic_rollback,dev/f6/s6050001/late_accurate,28,grok-4.20-0309-non-reasoning,sha256:1f55508f84673acca14c3a0edc6b95363cf77866973b6ed335e99df18bbc7c08,det-v1,1,accepted,1932,99,0.001,0.0026625000,true,false
call-000567,arm10_spec_eprocess,dev/f6/s6050001/late_accurate,22,grok-4.20-0309-non-reasoning,sha256:ea03680422527c795ec7f6ee3ac4adf6234d5c5a8916823938828501cd3b6f31,det-v1,1,accepted,1704,60,0.002,0.0022800000,true,false
call-000568,arm10_spec_eprocess,dev/f6/s6050001/late_accurate,28,grok-4.20-0309-non-reasoning,sha256:c6cd23c27c74702f20f6cfa196a178b1fc0a76c6b5fc6b73c2626c0c42fd3850,det-v1,1,,1932,67,930.307,0.0025825000,false,true
call-000569,arm10_spec_eprocess,dev/f6/s6050001/late_accurate,28,grok-4.20-0309-non-reasoning,sha256:c6cd23c27c74702f20f6cfa196a178b1fc0a76c6b5fc6b73c2626c0c42fd3850,det-v1,1,accepted,1932,67,930.307,0.0025825000,false,false
call-000570,arm8_spec_immediate,cal/f6/s6060001/late_accurate,20,grok-4.20-0309-non-reasoning,sha256:80dfceaf44615f959fb09d0954de0205e4e6df72fda07f51e48963eb3372865b,det-v1,1,,1636,63,998.006,0.0022025000,false,true
call-000571,arm8_spec_immediate,cal/f6/s6060001/late_accurate,20,grok-4.20-0309-non-reasoning,sha256:80dfceaf44615f959fb09d0954de0205e4e6df72fda07f51e48963eb3372865b,det-v1,1,accepted,1636,63,998.006,0.0022025000,false,false
call-000572,arm9_spec_heuristic_rollback,cal/f6/s6060001/late_accurate,20,grok-4.20-0309-non-reasoning,sha256:80dfceaf44615f959fb09d0954de0205e4e6df72fda07f51e48963eb3372865b,det-v1,1,accepted,1636,63,0.002,0.0022025000,true,false
call-000573,arm10_spec_eprocess,cal/f6/s6060001/late_accurate,20,grok-4.20-0309-non-reasoning,sha256:80dfceaf44615f959fb09d0954de0205e4e6df72fda07f51e48963eb3372865b,det-v1,1,accepted,1636,63,0.002,0.0022025000,true,false
call-000574,arm8_spec_immediate,dev/f6/s6050000/unreliable,18,grok-4.20-0309-non-reasoning,sha256:e8a9aba5c679675d43f8428ddef0ff3ed7af142a895e5e47cad8fb2364f1eabb,det-v1,1,,1554,83,1098.932,0.0021500000,false,true
call-000575,arm8_spec_immediate,dev/f6/s6050000/unreliable,18,grok-4.20-0309-non-reasoning,sha256:e8a9aba5c679675d43f8428ddef0ff3ed7af142a895e5e47cad8fb2364f1eabb,det-v1,1,accepted,1554,83,1098.932,0.0021500000,false,false
call-000576,arm9_spec_heuristic_rollback,dev/f6/s6050000/unreliable,18,grok-4.20-0309-non-reasoning,sha256:e8a9aba5c679675d43f8428ddef0ff3ed7af142a895e5e47cad8fb2364f1eabb,det-v1,1,accepted,1554,83,0.002,0.0021500000,true,false
call-000577,arm10_spec_eprocess,dev/f6/s6050000/unreliable,18,grok-4.20-0309-non-reasoning,sha256:e8a9aba5c679675d43f8428ddef0ff3ed7af142a895e5e47cad8fb2364f1eabb,det-v1,1,accepted,1554,83,0.002,0.0021500000,true,false
call-000578,arm8_spec_immediate,cal/f6/s6060000/unreliable,13,grok-4.20-0309-non-reasoning,sha256:4a3adc48c155a3aac6f790642ddb0f4d21f9dfeaef83036e8cd285dc08488434,det-v1,1,accepted,1368,82,0.003,0.0019150000,true,false
call-000579,arm8_spec_immediate,cal/f6/s6060000/unreliable,19,grok-4.20-0309-non-reasoning,sha256:21f124667bda64a5ff6f8aab74b1a596acfb6c617f65307fc05eb05f82e86312,det-v1,1,accepted,1596,71,0.001,0.0021725000,true,false
call-000580,arm9_spec_heuristic_rollback,cal/f6/s6060000/unreliable,13,grok-4.20-0309-non-reasoning,sha256:4a3adc48c155a3aac6f790642ddb0f4d21f9dfeaef83036e8cd285dc08488434,det-v1,1,accepted,1368,82,0.001,0.0019150000,true,false
call-000581,arm9_spec_heuristic_rollback,cal/f6/s6060000/unreliable,19,grok-4.20-0309-non-reasoning,sha256:21f124667bda64a5ff6f8aab74b1a596acfb6c617f65307fc05eb05f82e86312,det-v1,1,accepted,1596,71,0.001,0.0021725000,true,false
call-000582,arm10_spec_eprocess,cal/f6/s6060000/unreliable,13,grok-4.20-0309-non-reasoning,sha256:4a3adc48c155a3aac6f790642ddb0f4d21f9dfeaef83036e8cd285dc08488434,det-v1,1,accepted,1368,82,0.001,0.0019150000,true,false
call-000583,arm10_spec_eprocess,cal/f6/s6060000/unreliable,19,grok-4.20-0309-non-reasoning,sha256:be6befc0757a0a9d34072614f45a02d4627db5f541951f2e4ecf5f086dc80c54,det-v1,1,accepted,1596,71,0.001,0.0021725000,true,false
call-000584,arm8_spec_immediate,dev/f6/s6050001/unreliable,19,grok-4.20-0309-non-reasoning,sha256:fd0e5fa599d40839fb8be782fb6d35b194e880ffe8f6321c4863a82601496c17,det-v1,1,,1583,50,852.178,0.0021037500,false,true
call-000585,arm8_spec_immediate,dev/f6/s6050001/unreliable,19,grok-4.20-0309-non-reasoning,sha256:fd0e5fa599d40839fb8be782fb6d35b194e880ffe8f6321c4863a82601496c17,det-v1,1,accepted,1583,50,852.178,0.0021037500,false,false
call-000586,arm8_spec_immediate,dev/f6/s6050001/unreliable,25,grok-4.20-0309-non-reasoning,sha256:f1ceb7cca327b07d2f1473f3e137040ee185e78413b92c03acfd583194d3203b,det-v1,1,,1811,66,879.924,0.0024287500,false,true
call-000587,arm8_spec_immediate,dev/f6/s6050001/unreliable,25,grok-4.20-0309-non-reasoning,sha256:f1ceb7cca327b07d2f1473f3e137040ee185e78413b92c03acfd583194d3203b,det-v1,1,accepted,1811,66,879.924,0.0024287500,false,false
call-000588,arm9_spec_heuristic_rollback,dev/f6/s6050001/unreliable,19,grok-4.20-0309-non-reasoning,sha256:fd0e5fa599d40839fb8be782fb6d35b194e880ffe8f6321c4863a82601496c17,det-v1,1,accepted,1583,50,0.001,0.0021037500,true,false
call-000589,arm9_spec_heuristic_rollback,dev/f6/s6050001/unreliable,25,grok-4.20-0309-non-reasoning,sha256:f1ceb7cca327b07d2f1473f3e137040ee185e78413b92c03acfd583194d3203b,det-v1,1,accepted,1811,66,0.001,0.0024287500,true,false
call-000590,arm10_spec_eprocess,dev/f6/s6050001/unreliable,19,grok-4.20-0309-non-reasoning,sha256:fd0e5fa599d40839fb8be782fb6d35b194e880ffe8f6321c4863a82601496c17,det-v1,1,accepted,1583,50,0.001,0.0021037500,true,false
call-000591,arm10_spec_eprocess,dev/f6/s6050001/unreliable,25,grok-4.20-0309-non-reasoning,sha256:f1ceb7cca327b07d2f1473f3e137040ee185e78413b92c03acfd583194d3203b,det-v1,1,accepted,1811,66,0.001,0.0024287500,true,false
call-000592,arm8_spec_immediate,cal/f6/s6060001/unreliable,17,grok-4.20-0309-non-reasoning,sha256:611a6c3578b3c174ce3898381c5e11c6c3fed6e0888964938d5bb5d4e0d63278,det-v1,1,,1517,55,844.358,0.0020337500,false,true
call-000593,arm8_spec_immediate,cal/f6/s6060001/unreliable,17,grok-4.20-0309-non-reasoning,sha256:611a6c3578b3c174ce3898381c5e11c6c3fed6e0888964938d5bb5d4e0d63278,det-v1,1,accepted,1517,55,844.358,0.0020337500,false,false
call-000594,arm8_spec_immediate,cal/f6/s6060001/unreliable,23,grok-4.20-0309-non-reasoning,sha256:60e13bdd27180647aef2af4969c06b64b85cfb1916a23f9a9b2758a1579048a2,det-v1,1,,1745,75,948.528,0.0023687500,false,true
call-000595,arm8_spec_immediate,cal/f6/s6060001/unreliable,23,grok-4.20-0309-non-reasoning,sha256:60e13bdd27180647aef2af4969c06b64b85cfb1916a23f9a9b2758a1579048a2,det-v1,1,accepted,1745,75,948.528,0.0023687500,false,false
call-000596,arm9_spec_heuristic_rollback,cal/f6/s6060001/unreliable,17,grok-4.20-0309-non-reasoning,sha256:611a6c3578b3c174ce3898381c5e11c6c3fed6e0888964938d5bb5d4e0d63278,det-v1,1,accepted,1517,55,0.002,0.0020337500,true,false
call-000597,arm9_spec_heuristic_rollback,cal/f6/s6060001/unreliable,23,grok-4.20-0309-non-reasoning,sha256:60e13bdd27180647aef2af4969c06b64b85cfb1916a23f9a9b2758a1579048a2,det-v1,1,accepted,1745,75,0.001,0.0023687500,true,false
call-000598,arm10_spec_eprocess,cal/f6/s6060001/unreliable,17,grok-4.20-0309-non-reasoning,sha256:611a6c3578b3c174ce3898381c5e11c6c3fed6e0888964938d5bb5d4e0d63278,det-v1,1,accepted,1517,55,0.001,0.0020337500,true,false
call-000599,arm10_spec_eprocess,cal/f6/s6060001/unreliable,23,grok-4.20-0309-non-reasoning,sha256:a8ba24564a25d32efae7c7a5d033baa32977b294cc22ff8d5b0f469c1071cc64,det-v1,1,,1745,75,920.470,0.0023687500,false,true
call-000600,arm10_spec_eprocess,cal/f6/s6060001/unreliable,23,grok-4.20-0309-non-reasoning,sha256:a8ba24564a25d32efae7c7a5d033baa32977b294cc22ff8d5b0f469c1071cc64,det-v1,1,accepted,1745,75,920.470,0.0023687500,false,false
