call_id,arm_id,episode_id,period,model_id,prompt_hash,decoding_hash,attempt_index,outcome,input_tokens,output_tokens,latency_ms,usd_cost,cache_hit,physical
call-000001,arm8_spec_immediate,dev/f1/s1100000/no_alert,32,meta-llama/llama-3.1-8b-instruct,sha256:cfababb2238f2e0cd5add3b0faeca8d318af81856191d3717d477639fd6a62ae,det-v1,1,,1871,101,642.883,0.0001016300,false,true
call-000002,arm8_spec_immediate,dev/f1/s1100000/no_alert,32,meta-llama/llama-3.1-8b-instruct,sha256:cfababb2238f2e0cd5add3b0faeca8d318af81856191d3717d477639fd6a62ae,det-v1,1,accepted,1871,101,642.883,0.0001016300,false,false
call-000003,arm8_spec_immediate,dev/f1/s1100000/no_alert,48,meta-llama/llama-3.1-8b-instruct,sha256:f68b3227f7eab8ff1aaa380810a0df9839f7f48822345c95510ed1c7e28a10c8,det-v1,1,,2439,320,2272.108,0.0001475500,false,true
call-000004,arm8_spec_immediate,dev/f1/s1100000/no_alert,48,meta-llama/llama-3.1-8b-instruct,sha256:f68b3227f7eab8ff1aaa380810a0df9839f7f48822345c95510ed1c7e28a10c8,det-v1,1,fallback,2439,320,2272.108,0.0001475500,false,false
call-000005,arm8_spec_immediate,dev/f1/s1100000/no_alert,48,meta-llama/llama-3.1-8b-instruct,sha256:59593792d50dc40506c07618e4e20dc58b42ab3356f51bc4fd5e23def24a2aa8,det-v1,2,,2533,98,648.869,0.0001344900,false,true
call-000006,arm8_spec_immediate,dev/f1/s1100000/no_alert,48,meta-llama/llama-3.1-8b-instruct,sha256:59593792d50dc40506c07618e4e20dc58b42ab3356f51bc4fd5e23def24a2aa8,det-v1,2,fallback,2533,98,648.869,0.0001344900,false,false
call-000007,arm10_spec_eprocess,dev/f1/s1100000/no_alert,32,meta-llama/llama-3.1-8b-instruct,sha256:cfababb2238f2e0cd5add3b0faeca8d318af81856191d3717d477639fd6a62ae,det-v1,1,accepted,1871,101,0.004,0.0001016300,true,false
call-000008,arm10_spec_eprocess,dev/f1/s1100000/no_alert,48,meta-llama/llama-3.1-8b-instruct,sha256:e52653ac66460eeebe2a92c369ef027f885c99e78d19bf3cca65354a9070699e,det-v1,1,,2439,320,2499.823,0.0001475500,false,true
call-000009,arm10_spec_eprocess,dev/f1/s1100000/no_alert,48,meta-llama/llama-3.1-8b-instruct,sha256:e52653ac66460eeebe2a92c369ef027f885c99e78d19bf3cca65354a9070699e,det-v1,1,fallback,2439,320,2499.823,0.0001475500,false,false
call-000010,arm10_spec_eprocess,dev/f1/s1100000/no_alert,48,meta-llama/llama-3.1-8b-instruct,sha256:af538b8f55e709ca8350368c8dcc74454ebc93b7f18c454ac1e02b3ac4d9a2ab,det-v1,2,,2533,100,439.492,0.0001346500,false,true
call-000011,arm10_spec_eprocess,dev/f1/s1100000/no_alert,48,meta-llama/llama-3.1-8b-instruct,sha256:af538b8f55e709ca8350368c8dcc74454ebc93b7f18c454ac1e02b3ac4d9a2ab,det-v1,2,fallback,2533,100,439.492,0.0001346500,false,false
call-000012,arm12_cth,dev/f1/s1100000/no_alert,32,meta-llama/llama-3.1-8b-instruct,sha256:cfababb2238f2e0cd5add3b0faeca8d318af81856191d3717d477639fd6a62ae,det-v1,1,accepted,1871,101,0.003,0.0001016300,true,false
call-000013,arm12_cth,dev/f1/s1100000/no_alert,48,meta-llama/llama-3.1-8b-instruct,sha256:fd669bb8d2215844f2c55a05e5ab345e43a89ec3cae08c884edd26ddcefa0bc2,det-v1,1,,2463,321,903.073,0.0001488300,false,true
call-000014,arm12_cth,dev/f1/s1100000/no_alert,48,meta-llama/llama-3.1-8b-instruct,sha256:fd669bb8d2215844f2c55a05e5ab345e43a89ec3cae08c884edd26ddcefa0bc2,det-v1,1,accepted,2463,321,903.073,0.0001488300,false,false
call-000015,arm12b_cth_llm,dev/f1/s1100000/no_alert,32,meta-llama/llama-3.1-8b-instruct,sha256:cfababb2238f2e0cd5add3b0faeca8d318af81856191d3717d477639fd6a62ae,det-v1,1,accepted,1871,101,0.002,0.0001016300,true,false
call-000016,arm12b_cth_llm,dev/f1/s1100000/no_alert,48,meta-llama/llama-3.1-8b-instruct,sha256:4605e0107136d8df12f39566dc8c562a50c8bf2db32eb9812cc20eec15bb2ac3,det-v1,1,,2463,321,600.392,0.0001488300,false,true
call-000017,arm12b_cth_llm,dev/f1/s1100000/no_alert,48,meta-llama/llama-3.1-8b-instruct,sha256:4605e0107136d8df12f39566dc8c562a50c8bf2db32eb9812cc20eec15bb2ac3,det-v1,1,accepted,2463,321,600.392,0.0001488300,false,false
call-000018,arm8_spec_immediate,dev/f1/s1100000/early_accurate,20,meta-llama/llama-3.1-8b-instruct,sha256:4d1204bb774577e4de8251de6a385e25028a12849c03d01b51cc2ea34efc7a84,det-v1,1,,1464,185,935.785,0.0000880000,false,true
call-000019,arm8_spec_immediate,dev/f1/s1100000/early_accurate,20,meta-llama/llama-3.1-8b-instruct,sha256:4d1204bb774577e4de8251de6a385e25028a12849c03d01b51cc2ea34efc7a84,det-v1,1,fallback,1464,185,935.785,0.0000880000,false,false
call-000020,arm8_spec_immediate,dev/f1/s1100000/early_accurate,20,meta-llama/llama-3.1-8b-instruct,sha256:923afb4de0908ce74158a3699a6652e0f901e790739364d16cb0e585c566a830,det-v1,2,,1534,122,317.727,0.0000864600,false,true
call-000021,arm8_spec_immediate,dev/f1/s1100000/early_accurate,20,meta-llama/llama-3.1-8b-instruct,sha256:923afb4de0908ce74158a3699a6652e0f901e790739364d16cb0e585c566a830,det-v1,2,fallback,1534,122,317.727,0.0000864600,false,false
call-000022,arm8_spec_immediate,dev/f1/s1100000/early_accurate,32,meta-llama/llama-3.1-8b-instruct,sha256:6320983c1b0a8352493c6128f0ef78570696c6f7dcd44668a7e47a521d45a0e5,det-v1,1,,1908,246,507.375,0.0001150800,false,true
call-000023,arm8_spec_immediate,dev/f1/s1100000/early_accurate,32,meta-llama/llama-3.1-8b-instruct,sha256:6320983c1b0a8352493c6128f0ef78570696c6f7dcd44668a7e47a521d45a0e5,det-v1,1,accepted,1908,246,507.375,0.0001150800,false,false
call-000024,arm10_spec_eprocess,dev/f1/s1100000/early_accurate,20,meta-llama/llama-3.1-8b-instruct,sha256:4d1204bb774577e4de8251de6a385e25028a12849c03d01b51cc2ea34efc7a84,det-v1,1,fallback,1464,185,0.004,0.0000880000,true,false
call-000025,arm10_spec_eprocess,dev/f1/s1100000/early_accurate,20,meta-llama/llama-3.1-8b-instruct,sha256:923afb4de0908ce74158a3699a6652e0f901e790739364d16cb0e585c566a830,det-v1,2,fallback,1534,122,0.003,0.0000864600,true,false
call-000026,arm10_spec_eprocess,dev/f1/s1100000/early_accurate,32,meta-llama/llama-3.1-8b-instruct,sha256:6320983c1b0a8352493c6128f0ef78570696c6f7dcd44668a7e47a521d45a0e5,det-v1,1,accepted,1908,246,0.003,0.0001150800,true,false
call-000027,arm12_cth,dev/f1/s1100000/early_accurate,20,meta-llama/llama-3.1-8b-instruct,sha256:4d1204bb774577e4de8251de6a385e25028a12849c03d01b51cc2ea34efc7a84,det-v1,1,fallback,1464,185,0.002,0.0000880000,true,false
call-000028,arm12_cth,dev/f1/s1100000/early_accurate,20,meta-llama/llama-3.1-8b-instruct,sha256:923afb4de0908ce74158a3699a6652e0f901e790739364d16cb0e585c566a830,det-v1,2,fallback,1534,122,0.001,0.0000864600,true,false
call-000029,arm12_cth,dev/f1/s1100000/early_accurate,32,meta-llama/llama-3.1-8b-instruct,sha256:a634c081da69fdb52587d19802032522f67f7683851c7f161cd57b287e0d955a,det-v1,1,,1908,246,666.748,0.0001150800,false,true
call-000030,arm12_cth,dev/f1/s1100000/early_accurate,32,meta-llama/llama-3.1-8b-instruct,sha256:a634c081da69fdb52587d19802032522f67f7683851c7f161cd57b287e0d955a,det-v1,1,accepted,1908,246,666.748,0.0001150800,false,false
call-000031,arm12b_cth_llm,dev/f1/s1100000/early_accurate,20,meta-llama/llama-3.1-8b-instruct,sha256:4d1204bb774577e4de8251de6a385e25028a12849c03d01b51cc2ea34efc7a84,det-v1,1,fallback,1464,185,0.002,0.0000880000,true,false
call-000032,arm12b_cth_llm,dev/f1/s1100000/early_accurate,20,meta-llama/llama-3.1-8b-instruct,sha256:923afb4de0908ce74158a3699a6652e0f901e790739364d16cb0e585c566a830,det-v1,2,fallback,1534,122,0.001,0.0000864600,true,false
call-000033,arm12b_cth_llm,dev/f1/s1100000/early_accurate,32,meta-llama/llama-3.1-8b-instruct,sha256:6320983c1b0a8352493c6128f0ef78570696c6f7dcd44668a7e47a521d45a0e5,det-v1,1,accepted,1908,246,0.001,0.0001150800,true,false
call-000034,arm8_spec_immediate,dev/f1/s1100000/late_accurate,23,meta-llama/llama-3.1-8b-instruct,sha256:ef669a343d132c37ff082e4d24dc58c6fd2b996861a2fddd22fc6ce12db2794d,det-v1,1,,1575,201,503.439,0.0000948300,false,true
call-000035,arm8_spec_immediate,dev/f1/s1100000/late_accurate,23,meta-llama/llama-3.1-8b-instruct,sha256:ef669a343d132c37ff082e4d24dc58c6fd2b996861a2fddd22fc6ce12db2794d,det-v1,1,accepted,1575,201,503.439,0.0000948300,false,false
call-000036,arm8_spec_immediate,dev/f1/s1100000/late_accurate,32,meta-llama/llama-3.1-8b-instruct,sha256:d4e020697f20c6306068d07008293e0da2b302d62de19fe23b9596c22bcfa7ca,det-v1,1,,1908,246,508.462,0.0001150800,false,true
call-000037,arm8_spec_immediate,dev/f1/s1100000/late_accurate,32,meta-llama/llama-3.1-8b-instruct,sha256:d4e020697f20c6306068d07008293e0da2b302d62de19fe23b9596c22bcfa7ca,det-v1,1,accepted,1908,246,508.462,0.0001150800,false,false
call-000038,arm10_spec_eprocess,dev/f1/s1100000/late_accurate,23,meta-llama/llama-3.1-8b-instruct,sha256:ef669a343d132c37ff082e4d24dc58c6fd2b996861a2fddd22fc6ce12db2794d,det-v1,1,accepted,1575,201,0.003,0.0000948300,true,false
call-000039,arm10_spec_eprocess,dev/f1/s1100000/late_accurate,32,meta-llama/llama-3.1-8b-instruct,sha256:e7f6a91a26d6d60c33f571d3f84505eb5198337a4e5b8e4efbd239fa6c29ade1,det-v1,1,,1908,214,787.771,0.0001125200,false,true
call-000040,arm10_spec_eprocess,dev/f1/s1100000/late_accurate,32,meta-llama/llama-3.1-8b-instruct,sha256:e7f6a91a26d6d60c33f571d3f84505eb5198337a4e5b8e4efbd239fa6c29ade1,det-v1,1,accepted,1908,214,787.771,0.0001125200,false,false
call-000041,arm12_cth,dev/f1/s1100000/late_accurate,23,meta-llama/llama-3.1-8b-instruct,sha256:ef669a343d132c37ff082e4d24dc58c6fd2b996861a2fddd22fc6ce12db2794d,det-v1,1,accepted,1575,201,0.002,0.0000948300,true,false
call-000042,arm12_cth,dev/f1/s1100000/late_accurate,32,meta-llama/llama-3.1-8b-instruct,sha256:0bbc92af95a205cc3b47a5af11292041f300adcdaaebe73b2d232c0c2c76d347,det-v1,1,,1908,246,611.750,0.0001150800,false,true
call-000043,arm12_cth,dev/f1/s1100000/late_accurate,32,meta-llama/llama-3.1-8b-instruct,sha256:0bbc92af95a205cc3b47a5af11292041f300adcdaaebe73b2d232c0c2c76d347,det-v1,1,accepted,1908,246,611.750,0.0001150800,false,false
call-000044,arm12b_cth_llm,dev/f1/s1100000/late_accurate,23,meta-llama/llama-3.1-8b-instruct,sha256:ef669a343d132c37ff082e4d24dc58c6fd2b996861a2fddd22fc6ce12db2794d,det-v1,1,accepted,1575,201,0.002,0.0000948300,true,false
call-000045,arm12b_cth_llm,dev/f1/s1100000/late_accurate,32,meta-llama/llama-3.1-8b-instruct,sha256:188e0b35fa789544d04f34e841917e8f655b59190f54ecc8d82dbeebb3ddb86b,det-v1,1,,1908,246,550.468,0.0001150800,false,true
call-000046,arm12b_cth_llm,dev/f1/s1100000/late_accurate,32,meta-llama/llama-3.1-8b-instruct,sha256:188e0b35fa789544d04f34e841917e8f655b59190f54ecc8d82dbeebb3ddb86b,det-v1,1,accepted,1908,246,550.468,0.0001150800,false,false
call-000047,arm8_spec_immediate,dev/f1/s1100000/unreliable,20,meta-llama/llama-3.1-8b-instruct,sha256:dfbf1d4ac6c25beaf709972303b32fb2ad8d49edd307803d3998850488865b3f,det-v1,1,accepted,1425,100,0.002,0.0000792500,true,false
call-000048,arm8_spec_immediate,dev/f1/s1100000/unreliable,32,meta-llama/llama-3.1-8b-instruct,sha256:abfbfd99dc2ffbf43e1f4f2a73a7ebae667cea0d69c1306d12de2d63941901d0,det-v1,1,fallback,1870,81,0.001,0.0000999800,true,false
call-000049,arm8_spec_immediate,dev/f1/s1100000/unreliable,32,meta-llama/llama-3.1-8b-instruct,sha256:462f065e95d5f3d06c731cd86db30182ce0e25a6b738bb8378258f8490efca92,det-v1,2,fallback,1940,85,0.001,0.0001038000,true,false
call-000050,arm10_spec_eprocess,dev/f1/s1100000/unreliable,20,meta-llama/llama-3.1-8b-instruct,sha256:dfbf1d4ac6c25beaf709972303b32fb2ad8d49edd307803d3998850488865b3f,det-v1,1,accepted,1425,100,0.001,0.0000792500,true,false
call-000051,arm10_spec_eprocess,dev/f1/s1100000/unreliable,32,meta-llama/llama-3.1-8b-instruct,sha256:d87b55a8ca77620199e263914e85bd50e8da87a6800c7415dcc6540c91204e08,det-v1,1,accepted,1870,79,0.001,0.0000998200,true,false
call-000052,arm12_cth,dev/f1/s1100000/unreliable,20,meta-llama/llama-3.1-8b-instruct,sha256:dfbf1d4ac6c25beaf709972303b32fb2ad8d49edd307803d3998850488865b3f,det-v1,1,accepted,1425,100,0.002,0.0000792500,true,false
call-000053,arm12_cth,dev/f1/s1100000/unreliable,32,meta-llama/llama-3.1-8b-instruct,sha256:e4d88cdeb411524681bf53e1aca1d049dbb2ce9617b76dc42b271915f1c0c488,det-v1,1,accepted,1870,79,0.002,0.0000998200,true,false
call-000054,arm12b_cth_llm,dev/f1/s1100000/unreliable,20,meta-llama/llama-3.1-8b-instruct,sha256:dfbf1d4ac6c25beaf709972303b32fb2ad8d49edd307803d3998850488865b3f,det-v1,1,accepted,1425,100,0.002,0.0000792500,true,false
call-000055,arm12b_cth_llm,dev/f1/s1100000/unreliable,32,meta-llama/llama-3.1-8b-instruct,sha256:475288871ed470c7229f6843198aa8ae35487a9985e360618c9c4783be2723c0,det-v1,1,fallback,1870,81,0.002,0.0000999800,true,false
call-000056,arm12b_cth_llm,dev/f1/s1100000/unreliable,32,meta-llama/llama-3.1-8b-instruct,sha256:d4c91223e18d62a5489f344ef875f37faeafe90d7e0c0cac99156374395edf8c,det-v1,2,fallback,1940,85,0.001,0.0001038000,true,false
call-000057,arm8_spec_immediate,cal/f1/s1100001/no_alert,27,meta-llama/llama-3.1-8b-instruct,sha256:bd14ef5cb4bc97d4d0eaf6a6d97ca2951385b66f32fa4d9e0d5519421fdf6680,det-v1,1,,1686,216,519.352,0.0001015800,false,true
call-000058,arm8_spec_immediate,cal/f1/s1100001/no_alert,27,meta-llama/llama-3.1-8b-instruct,sha256:bd14ef5cb4bc97d4d0eaf6a6d97ca2951385b66f32fa4d9e0d5519421fdf6680,det-v1,1,accepted,1686,216,519.352,0.0001015800,false,false
call-000059,arm8_spec_immediate,cal/f1/s1100001/no_alert,35,meta-llama/llama-3.1-8b-instruct,sha256:a7415051b912d98ef2d5e9e533a9c61d58d05aafb19faba8a152735fdb23c56e,det-v1,1,,1982,101,584.993,0.0001071800,false,true
call-000060,arm8_spec_immediate,cal/f1/s1100001/no_alert,35,meta-llama/llama-3.1-8b-instruct,sha256:a7415051b912d98ef2d5e9e533a9c61d58d05aafb19faba8a152735fdb23c56e,det-v1,1,accepted,1982,101,584.993,0.0001071800,false,false
call-000061,arm10_spec_eprocess,cal/f1/s1100001/no_alert,27,meta-llama/llama-3.1-8b-instruct,sha256:bd14ef5cb4bc97d4d0eaf6a6d97ca2951385b66f32fa4d9e0d5519421fdf6680,det-v1,1,accepted,1686,216,0.002,0.0001015800,true,false
call-000062,arm10_spec_eprocess,cal/f1/s1100001/no_alert,35,meta-llama/llama-3.1-8b-instruct,sha256:721659438fea35a709e534d36d3924472781d11a30b04e21a55b54ffa1ead3a1,det-v1,1,,1982,101,374.538,0.0001071800,false,true
call-000063,arm10_spec_eprocess,cal/f1/s1100001/no_alert,35,meta-llama/llama-3.1-8b-instruct,sha256:721659438fea35a709e534d36d3924472781d11a30b04e21a55b54ffa1ead3a1,det-v1,1,accepted,1982,101,374.538,0.0001071800,false,false
call-000064,arm12_cth,cal/f1/s1100001/no_alert,27,meta-llama/llama-3.1-8b-instruct,sha256:bd14ef5cb4bc97d4d0eaf6a6d97ca2951385b66f32fa4d9e0d5519421fdf6680,det-v1,1,accepted,1686,216,0.002,0.0001015800,true,false
call-000065,arm12_cth,cal/f1/s1100001/no_alert,35,meta-llama/llama-3.1-8b-instruct,sha256:599a00a55fc69364f5e5182b7b4fe4e557130f5ad6cbe7c66f0b41a5eb55dfe6,det-v1,1,,1982,101,419.468,0.0001071800,false,true
call-000066,arm12_cth,cal/f1/s1100001/no_alert,35,meta-llama/llama-3.1-8b-instruct,sha256:599a00a55fc69364f5e5182b7b4fe4e557130f5ad6cbe7c66f0b41a5eb55dfe6,det-v1,1,accepted,1982,101,419.468,0.0001071800,false,false
call-000067,arm12b_cth_llm,cal/f1/s1100001/no_alert,27,meta-llama/llama-3.1-8b-instruct,sha256:bd14ef5cb4bc97d4d0eaf6a6d97ca2951385b66f32fa4d9e0d5519421fdf6680,det-v1,1,accepted,1686,216,0.002,0.0001015800,true,false
call-000068,arm12b_cth_llm,cal/f1/s1100001/no_alert,35,meta-llama/llama-3.1-8b-instruct,sha256:7b21ea76e09ea81c1778ef6ee2a79767194855165b06a5f89d3513a916b355c8,det-v1,1,,1982,101,481.701,0.0001071800,false,true
call-000069,arm12b_cth_llm,cal/f1/s1100001/no_alert,35,meta-llama/llama-3.1-8b-instruct,sha256:7b21ea76e09ea81c1778ef6ee2a79767194855165b06a5f89d3513a916b355c8,det-v1,1,accepted,1982,101,481.701,0.0001071800,false,false
call-000070,arm8_spec_immediate,cal/f1/s1100001/early_accurate,17,meta-llama/llama-3.1-8b-instruct,sha256:02198bcd4219549d299dcb2bcec4e934d55a43c68bd4bd84518ad0d0177333cd,det-v1,1,,1359,171,381.126,0.0000816300,false,true
call-000071,arm8_spec_immediate,cal/f1/s1100001/early_accurate,17,meta-llama/llama-3.1-8b-instruct,sha256:02198bcd4219549d299dcb2bcec4e934d55a43c68bd4bd84518ad0d0177333cd,det-v1,1,accepted,1359,171,381.126,0.0000816300,false,false
call-000072,arm8_spec_immediate,cal/f1/s1100001/early_accurate,27,meta-llama/llama-3.1-8b-instruct,sha256:2e4b42f2a73ad9698446475abb26022bb747b2bab6a257b7116761df0b37cc9f,det-v1,1,,1729,221,770.839,0.0001041300,false,true
call-000073,arm8_spec_immediate,cal/f1/s1100001/early_accurate,27,meta-llama/llama-3.1-8b-instruct,sha256:2e4b42f2a73ad9698446475abb26022bb747b2bab6a257b7116761df0b37cc9f,det-v1,1,accepted,1729,221,770.839,0.0001041300,false,false
call-000074,arm10_spec_eprocess,cal/f1/s1100001/early_accurate,17,meta-llama/llama-3.1-8b-instruct,sha256:02198bcd4219549d299dcb2bcec4e934d55a43c68bd4bd84518ad0d0177333cd,det-v1,1,accepted,1359,171,0.003,0.0000816300,true,false
call-000075,arm10_spec_eprocess,cal/f1/s1100001/early_accurate,27,meta-llama/llama-3.1-8b-instruct,sha256:dd044dc50faf44c5dce07801baf93ed09785db5bdfa4700b8959f3bc98347065,det-v1,1,,1729,221,425.401,0.0001041300,false,true
call-000076,arm10_spec_eprocess,cal/f1/s1100001/early_accurate,27,meta-llama/llama-3.1-8b-instruct,sha256:dd044dc50faf44c5dce07801baf93ed09785db5bdfa4700b8959f3bc98347065,det-v1,1,accepted,1729,221,425.401,0.0001041300,false,false
call-000077,arm12_cth,cal/f1/s1100001/early_accurate,17,meta-llama/llama-3.1-8b-instruct,sha256:02198bcd4219549d299dcb2bcec4e934d55a43c68bd4bd84518ad0d0177333cd,det-v1,1,accepted,1359,171,0.002,0.0000816300,true,false
call-000078,arm12_cth,cal/f1/s1100001/early_accurate,27,meta-llama/llama-3.1-8b-instruct,sha256:6d12311a8c009db1d17192edc5579c35653bbd6f9b16548faaefd2b998743961,det-v1,1,,1729,221,713.463,0.0001041300,false,true
call-000079,arm12_cth,cal/f1/s1100001/early_accurate,27,meta-llama/llama-3.1-8b-instruct,sha256:6d12311a8c009db1d17192edc5579c35653bbd6f9b16548faaefd2b998743961,det-v1,1,accepted,1729,221,713.463,0.0001041300,false,false
call-000080,arm12b_cth_llm,cal/f1/s1100001/early_accurate,17,meta-llama/llama-3.1-8b-instruct,sha256:02198bcd4219549d299dcb2bcec4e934d55a43c68bd4bd84518ad0d0177333cd,det-v1,1,accepted,1359,171,0.002,0.0000816300,true,false
call-000081,arm12b_cth_llm,cal/f1/s1100001/early_accurate,27,meta-llama/llama-3.1-8b-instruct,sha256:adb2198c53441eba1774e996d9aa0e7585804a70500d1c80c20108dddf63bab0,det-v1,1,,1729,221,543.276,0.0001041300,false,true
call-000082,arm12b_cth_llm,cal/f1/s1100001/early_accurate,27,meta-llama/llama-3.1-8b-instruct,sha256:adb2198c53441eba1774e996d9aa0e7585804a70500d1c80c20108dddf63bab0,det-v1,1,accepted,1729,221,543.276,0.0001041300,false,false
call-000083,arm8_spec_immediate,cal/f1/s1100001/late_accurate,20,meta-llama/llama-3.1-8b-instruct,sha256:42e8e3f6b4ba7238e9e1b254f263d239337b3335aac862aabe24fa46d26dbe98,det-v1,1,,1470,185,457.696,0.0000883000,false,true
call-000084,arm8_spec_immediate,cal/f1/s1100001/late_accurate,20,meta-llama/llama-3.1-8b-instruct,sha256:42e8e3f6b4ba7238e9e1b254f263d239337b3335aac862aabe24fa46d26dbe98,det-v1,1,fallback,1470,185,457.696,0.0000883000,false,false
call-000085,arm8_spec_immediate,cal/f1/s1100001/late_accurate,20,meta-llama/llama-3.1-8b-instruct,sha256:17a664ebe72afe1b315b0b25e6e4e19652d37e5060d08b740e60d60a02ecda9a,det-v1,2,,1540,127,691.516,0.0000871600,false,true
call-000086,arm8_spec_immediate,cal/f1/s1100001/late_accurate,20,meta-llama/llama-3.1-8b-instruct,sha256:17a664ebe72afe1b315b0b25e6e4e19652d37e5060d08b740e60d60a02ecda9a,det-v1,2,fallback,1540,127,691.516,0.0000871600,false,false
call-000087,arm8_spec_immediate,cal/f1/s1100001/late_accurate,28,meta-llama/llama-3.1-8b-instruct,sha256:27570b8b31ffab5d42518f9afb94c5c0b8e0158e8aa68d8acafcd7f8f1ce3159,det-v1,1,,1766,226,544.087,0.0001063800,false,true
call-000088,arm8_spec_immediate,cal/f1/s1100001/late_accurate,28,meta-llama/llama-3.1-8b-instruct,sha256:27570b8b31ffab5d42518f9afb94c5c0b8e0158e8aa68d8acafcd7f8f1ce3159,det-v1,1,accepted,1766,226,544.087,0.0001063800,false,false
call-000089,arm10_spec_eprocess,cal/f1/s1100001/late_accurate,20,meta-llama/llama-3.1-8b-instruct,sha256:42e8e3f6b4ba7238e9e1b254f263d239337b3335aac862aabe24fa46d26dbe98,det-v1,1,fallback,1470,185,0.004,0.0000883000,true,false
call-000090,arm10_spec_eprocess,cal/f1/s1100001/late_accurate,20,meta-llama/llama-3.1-8b-instruct,sha256:17a664ebe72afe1b315b0b25e6e4e19652d37e5060d08b740e60d60a02ecda9a,det-v1,2,fallback,1540,127,0.003,0.0000871600,true,false
call-000091,arm10_spec_eprocess,cal/f1/s1100001/late_accurate,28,meta-llama/llama-3.1-8b-instruct,sha256:27570b8b31ffab5d42518f9afb94c5c0b8e0158e8aa68d8acafcd7f8f1ce3159,det-v1,1,accepted,1766,226,0.003,0.0001063800,true,false
call-000092,arm12_cth,cal/f1/s1100001/late_accurate,20,meta-llama/llama-3.1-8b-instruct,sha256:42e8e3f6b4ba7238e9e1b254f263d239337b3335aac862aabe24fa46d26dbe98,det-v1,1,fallback,1470,185,0.002,0.0000883000,true,false
call-000093,arm12_cth,cal/f1/s1100001/late_accurate,20,meta-llama/llama-3.1-8b-instruct,sha256:17a664ebe72afe1b315b0b25e6e4e19652d37e5060d08b740e60d60a02ecda9a,det-v1,2,fallback,1540,127,0.001,0.0000871600,true,false
call-000094,arm12_cth,cal/f1/s1100001/late_accurate,28,meta-llama/llama-3.1-8b-instruct,sha256:b155d2c90c81c9c2e083af294511ed3fb55451d273d3f2f44fe446f48a996c31,det-v1,1,,1766,198,554.901,0.0001041400,false,true
call-000095,arm12_cth,cal/f1/s1100001/late_accurate,28,meta-llama/llama-3.1-8b-instruct,sha256:b155d2c90c81c9c2e083af294511ed3fb55451d273d3f2f44fe446f48a996c31,det-v1,1,accepted,1766,198,554.901,0.0001041400,false,false
call-000096,arm12b_cth_llm,cal/f1/s1100001/late_accurate,20,meta-llama/llama-3.1-8b-instruct,sha256:42e8e3f6b4ba7238e9e1b254f263d239337b3335aac862aabe24fa46d26dbe98,det-v1,1,fallback,1470,185,0.002,0.0000883000,true,false
call-000097,arm12b_cth_llm,cal/f1/s1100001/late_accurate,20,meta-llama/llama-3.1-8b-instruct,sha256:17a664ebe72afe1b315b0b25e6e4e19652d37e5060d08b740e60d60a02ecda9a,det-v1,2,fallback,1540,127,0.001,0.0000871600,true,false
call-000098,arm12b_cth_llm,cal/f1/s1100001/late_accurate,28,meta-llama/llama-3.1-8b-instruct,sha256:27570b8b31ffab5d42518f9afb94c5c0b8e0158e8aa68d8acafcd7f8f1ce3159,det-v1,1,accepted,1766,226,0.001,0.0001063800,true,false
call-000099,arm8_spec_immediate,cal/f1/s1100001/unreliable,17,meta-llama/llama-3.1-8b-instruct,sha256:ba70c3757db443e3543008ba174a0fce305dbbac0e71af0aa1907ee651256390,det-v1,1,,1356,171,410.608,0.0000814800,false,true
call-000100,arm8_spec_immediate,cal/f1/s1100001/unreliable,17,meta-llama/llama-3.1-8b-instruct,sha256:ba70c3757db443e3543008ba174a0fce305dbbac0e71af0aa1907ee651256390,det-v1,1,accepted,1356,171,410.608,0.0000814800,false,false
call-000101,arm8_spec_immediate,cal/f1/s1100001/unreliable,27,meta-llama/llama-3.1-8b-instruct,sha256:06b07429cb442e1ab30be5be23be3b0d5c6117b4dccdf1bf1c634533ab6f1cac,det-v1,1,,1726,194,419.069,0.0001018200,false,true
call-000102,arm8_spec_immediate,cal/f1/s1100001/unreliable,27,meta-llama/llama-3.1-8b-instruct,sha256:06b07429cb442e1ab30be5be23be3b0d5c6117b4dccdf1bf1c634533ab6f1cac,det-v1,1,accepted,1726,194,419.069,0.0001018200,false,false
call-000103,arm10_spec_eprocess,cal/f1/s1100001/unreliable,17,meta-llama/llama-3.1-8b-instruct,sha256:ba70c3757db443e3543008ba174a0fce305dbbac0e71af0aa1907ee651256390,det-v1,1,accepted,1356,171,0.003,0.0000814800,true,false
call-000104,arm10_spec_eprocess,cal/f1/s1100001/unreliable,27,meta-llama/llama-3.1-8b-instruct,sha256:261fb1a25fe00f8e104b59aacc522373037c62a01822154262292f5641d98a83,det-v1,1,,1726,194,613.950,0.0001018200,false,true
call-000105,arm10_spec_eprocess,cal/f1/s1100001/unreliable,27,meta-llama/llama-3.1-8b-instruct,sha256:261fb1a25fe00f8e104b59aacc522373037c62a01822154262292f5641d98a83,det-v1,1,accepted,1726,194,613.950,0.0001018200,false,false
call-000106,arm12_cth,cal/f1/s1100001/unreliable,17,meta-llama/llama-3.1-8b-instruct,sha256:ba70c3757db443e3543008ba174a0fce305dbbac0e71af0aa1907ee651256390,det-v1,1,accepted,1356,171,0.002,0.0000814800,true,false
call-000107,arm12_cth,cal/f1/s1100001/unreliable,27,meta-llama/llama-3.1-8b-instruct,sha256:29c7216af946ff349419ca0af10f3f359cae532cbfab7ca1950d0bb7dd410a5c,det-v1,1,,1726,194,439.243,0.0001018200,false,true
call-000108,arm12_cth,cal/f1/s1100001/unreliable,27,meta-llama/llama-3.1-8b-instruct,sha256:29c7216af946ff349419ca0af10f3f359cae532cbfab7ca1950d0bb7dd410a5c,det-v1,1,accepted,1726,194,439.243,0.0001018200,false,false
call-000109,arm12b_cth_llm,cal/f1/s1100001/unreliable,17,meta-llama/llama-3.1-8b-instruct,sha256:ba70c3757db443e3543008ba174a0fce305dbbac0e71af0aa1907ee651256390,det-v1,1,accepted,1356,171,0.002,0.0000814800,true,false
call-000110,arm12b_cth_llm,cal/f1/s1100001/unreliable,27,meta-llama/llama-3.1-8b-instruct,sha256:fa0538770c7a2bea0154ac4a4ce4501e4e8e49b520f710618e26934ea66875d0,det-v1,1,,1726,194,748.671,0.0001018200,false,true
call-000111,arm12b_cth_llm,cal/f1/s1100001/unreliable,27,meta-llama/llama-3.1-8b-instruct,sha256:fa0538770c7a2bea0154ac4a4ce4501e4e8e49b520f710618e26934ea66875d0,det-v1,1,accepted,1726,194,748.671,0.0001018200,false,false
call-000112,arm8_spec_immediate,cal/f1/s1100001/no_alert__twin,10,meta-llama/llama-3.1-8b-instruct,sha256:2e04abac44012396fea0bc5e725f82e4af51dc290fa123f3fa00e05b6241891b,det-v1,1,,1099,131,364.036,0.0000654300,false,true
call-000113,arm8_spec_immediate,cal/f1/s1100001/no_alert__twin,10,meta-llama/llama-3.1-8b-instruct,sha256:2e04abac44012396fea0bc5e725f82e4af51dc290fa123f3fa00e05b6241891b,det-v1,1,accepted,1099,131,364.036,0.0000654300,false,false
call-000114,arm10_spec_eprocess,cal/f1/s1100001/no_alert__twin,10,meta-llama/llama-3.1-8b-instruct,sha256:2e04abac44012396fea0bc5e725f82e4af51dc290fa123f3fa00e05b6241891b,det-v1,1,accepted,1099,131,0.002,0.0000654300,true,false
call-000115,arm12_cth,cal/f1/s1100001/no_alert__twin,10,meta-llama/llama-3.1-8b-instruct,sha256:2e04abac44012396fea0bc5e725f82e4af51dc290fa123f3fa00e05b6241891b,det-v1,1,accepted,1099,131,0.001,0.0000654300,true,false
call-000116,arm12b_cth_llm,cal/f1/s1100001/no_alert__twin,10,meta-llama/llama-3.1-8b-instruct,sha256:2e04abac44012396fea0bc5e725f82e4af51dc290fa123f3fa00e05b6241891b,det-v1,1,accepted,1099,131,0.002,0.0000654300,true,false
call-000117,arm8_spec_immediate,dev/f1/s1100002/no_alert,20,meta-llama/llama-3.1-8b-instruct,sha256:e0d38875d3d13e51b692a9b82c693d4cd1758a91a727300c0b5c1962bc0e427f,det-v1,1,,1427,100,511.100,0.0000793500,false,true
call-000118,arm8_spec_immediate,dev/f1/s1100002/no_alert,20,meta-llama/llama-3.1-8b-instruct,sha256:e0d38875d3d13e51b692a9b82c693d4cd1758a91a727300c0b5c1962bc0e427f,det-v1,1,fallback,1427,100,511.100,0.0000793500,false,false
call-000119,arm8_spec_immediate,dev/f1/s1100002/no_alert,20,meta-llama/llama-3.1-8b-instruct,sha256:f17bbfc21497a13d770bd318b9d6e977c06318ccf5fb50da9c8d7b229e9b160b,det-v1,2,,1497,96,741.949,0.0000825300,false,true
call-000120,arm8_spec_immediate,dev/f1/s1100002/no_alert,20,meta-llama/llama-3.1-8b-instruct,sha256:f17bbfc21497a13d770bd318b9d6e977c06318ccf5fb50da9c8d7b229e9b160b,det-v1,2,fallback,1497,96,741.949,0.0000825300,false,false
call-000121,arm8_spec_immediate,dev/f1/s1100002/no_alert,34,meta-llama/llama-3.1-8b-instruct,sha256:0240a2ad09d9009897279c24e87725393967ca4673e772126cd647d1ddf2319e,det-v1,1,,1945,101,616.841,0.0001053300,false,true
call-000122,arm8_spec_immediate,dev/f1/s1100002/no_alert,34,meta-llama/llama-3.1-8b-instruct,sha256:0240a2ad09d9009897279c24e87725393967ca4673e772126cd647d1ddf2319e,det-v1,1,accepted,1945,101,616.841,0.0001053300,false,false
call-000123,arm10_spec_eprocess,dev/f1/s1100002/no_alert,20,meta-llama/llama-3.1-8b-instruct,sha256:e0d38875d3d13e51b692a9b82c693d4cd1758a91a727300c0b5c1962bc0e427f,det-v1,1,fallback,1427,100,0.004,0.0000793500,true,false
call-000124,arm10_spec_eprocess,dev/f1/s1100002/no_alert,20,meta-llama/llama-3.1-8b-instruct,sha256:f17bbfc21497a13d770bd318b9d6e977c06318ccf5fb50da9c8d7b229e9b160b,det-v1,2,fallback,1497,96,0.003,0.0000825300,true,false
call-000125,arm10_spec_eprocess,dev/f1/s1100002/no_alert,34,meta-llama/llama-3.1-8b-instruct,sha256:0240a2ad09d9009897279c24e87725393967ca4673e772126cd647d1ddf2319e,det-v1,1,accepted,1945,101,0.004,0.0001053300,true,false
call-000126,arm12_cth,dev/f1/s1100002/no_alert,20,meta-llama/llama-3.1-8b-instruct,sha256:e0d38875d3d13e51b692a9b82c693d4cd1758a91a727300c0b5c1962bc0e427f,det-v1,1,fallback,1427,100,0.002,0.0000793500,true,false
call-000127,arm12_cth,dev/f1/s1100002/no_alert,20,meta-llama/llama-3.1-8b-instruct,sha256:f17bbfc21497a13d770bd318b9d6e977c06318ccf5fb50da9c8d7b229e9b160b,det-v1,2,fallback,1497,96,0.001,0.0000825300,true,false
call-000128,arm12_cth,dev/f1/s1100002/no_alert,34,meta-llama/llama-3.1-8b-instruct,sha256:2aba2471c34bec3c2481e438ee99a86f4ba63edafd2de729d350784bc612c53b,det-v1,1,,1945,101,357.277,0.0001053300,false,true
call-000129,arm12_cth,dev/f1/s1100002/no_alert,34,meta-llama/llama-3.1-8b-instruct,sha256:2aba2471c34bec3c2481e438ee99a86f4ba63edafd2de729d350784bc612c53b,det-v1,1,accepted,1945,101,357.277,0.0001053300,false,false
call-000130,arm12b_cth_llm,dev/f1/s1100002/no_alert,20,meta-llama/llama-3.1-8b-instruct,sha256:e0d38875d3d13e51b692a9b82c693d4cd1758a91a727300c0b5c1962bc0e427f,det-v1,1,fallback,1427,100,0.002,0.0000793500,true,false
call-000131,arm12b_cth_llm,dev/f1/s1100002/no_alert,20,meta-llama/llama-3.1-8b-instruct,sha256:f17bbfc21497a13d770bd318b9d6e977c06318ccf5fb50da9c8d7b229e9b160b,det-v1,2,fallback,1497,96,0.001,0.0000825300,true,false
call-000132,arm12b_cth_llm,dev/f1/s1100002/no_alert,34,meta-llama/llama-3.1-8b-instruct,sha256:0240a2ad09d9009897279c24e87725393967ca4673e772126cd647d1ddf2319e,det-v1,1,accepted,1945,101,0.001,0.0001053300,true,false
call-000133,arm8_spec_immediate,dev/f1/s1100002/early_accurate,13,meta-llama/llama-3.1-8b-instruct,sha256:eef143335ead6de7fc3f72de4b2c39f5d480d182a1f75d3daaf900d6e4be5d01,det-v1,1,,1206,146,607.615,0.0000719800,false,true
call-000134,arm8_spec_immediate,dev/f1/s1100002/early_accurate,13,meta-llama/llama-3.1-8b-instruct,sha256:eef143335ead6de7fc3f72de4b2c39f5d480d182a1f75d3daaf900d6e4be5d01,det-v1,1,accepted,1206,146,607.615,0.0000719800,false,false
call-000135,arm8_spec_immediate,dev/f1/s1100002/early_accurate,20,meta-llama/llama-3.1-8b-instruct,sha256:6528039bfc7f87bf288ccff3e04987122b409eb26975b89e63a1221e8ae24a4e,det-v1,1,,1465,140,517.102,0.0000844500,false,true
call-000136,arm8_spec_immediate,dev/f1/s1100002/early_accurate,20,meta-llama/llama-3.1-8b-instruct,sha256:6528039bfc7f87bf288ccff3e04987122b409eb26975b89e63a1221e8ae24a4e,det-v1,1,fallback,1465,140,517.102,0.0000844500,false,false
call-000137,arm8_spec_immediate,dev/f1/s1100002/early_accurate,20,meta-llama/llama-3.1-8b-instruct,sha256:89979f9d9deb55ebb186fb5d1c1bfcc31b2a4a5e7b1961f78dcb0781918f9ef3,det-v1,2,,1535,100,446.699,0.0000847500,false,true
call-000138,arm8_spec_immediate,dev/f1/s1100002/early_accurate,20,meta-llama/llama-3.1-8b-instruct,sha256:89979f9d9deb55ebb186fb5d1c1bfcc31b2a4a5e7b1961f78dcb0781918f9ef3,det-v1,2,fallback,1535,100,446.699,0.0000847500,false,false
call-000139,arm10_spec_eprocess,dev/f1/s1100002/early_accurate,13,meta-llama/llama-3.1-8b-instruct,sha256:eef143335ead6de7fc3f72de4b2c39f5d480d182a1f75d3daaf900d6e4be5d01,det-v1,1,accepted,1206,146,0.004,0.0000719800,true,false
call-000140,arm10_spec_eprocess,dev/f1/s1100002/early_accurate,20,meta-llama/llama-3.1-8b-instruct,sha256:0879115b492686f63f84bd3d34ea7a17d7ac4e2b45be5c87e95495dc70e72b3e,det-v1,1,,1465,140,371.829,0.0000844500,false,true
call-000141,arm10_spec_eprocess,dev/f1/s1100002/early_accurate,20,meta-llama/llama-3.1-8b-instruct,sha256:0879115b492686f63f84bd3d34ea7a17d7ac4e2b45be5c87e95495dc70e72b3e,det-v1,1,fallback,1465,140,371.829,0.0000844500,false,false
call-000142,arm10_spec_eprocess,dev/f1/s1100002/early_accurate,20,meta-llama/llama-3.1-8b-instruct,sha256:83927c7557cea162ac9ef354f885721f59849e38856ac1c771b3e523a52700c8,det-v1,2,,1535,100,369.915,0.0000847500,false,true
call-000143,arm10_spec_eprocess,dev/f1/s1100002/early_accurate,20,meta-llama/llama-3.1-8b-instruct,sha256:83927c7557cea162ac9ef354f885721f59849e38856ac1c771b3e523a52700c8,det-v1,2,fallback,1535,100,369.915,0.0000847500,false,false
call-000144,arm12_cth,dev/f1/s1100002/early_accurate,13,meta-llama/llama-3.1-8b-instruct,sha256:eef143335ead6de7fc3f72de4b2c39f5d480d182a1f75d3daaf900d6e4be5d01,det-v1,1,accepted,1206,146,0.002,0.0000719800,true,false
call-000145,arm12_cth,dev/f1/s1100002/early_accurate,20,meta-llama/llama-3.1-8b-instruct,sha256:c309f9b44adbbc338b8e5f400800e54388e14a783ff59d535138697b2edf3895,det-v1,1,,1465,140,816.328,0.0000844500,false,true
call-000146,arm12_cth,dev/f1/s1100002/early_accurate,20,meta-llama/llama-3.1-8b-instruct,sha256:c309f9b44adbbc338b8e5f400800e54388e14a783ff59d535138697b2edf3895,det-v1,1,fallback,1465,140,816.328,0.0000844500,false,false
call-000147,arm12_cth,dev/f1/s1100002/early_accurate,20,meta-llama/llama-3.1-8b-instruct,sha256:c409f0bad88f8b73f70f95c868e3c631cf7183214217f817f35bbbd9e515131f,det-v1,2,,1535,100,562.389,0.0000847500,false,true
call-000148,arm12_cth,dev/f1/s1100002/early_accurate,20,meta-llama/llama-3.1-8b-instruct,sha256:c409f0bad88f8b73f70f95c868e3c631cf7183214217f817f35bbbd9e515131f,det-v1,2,fallback,1535,100,562.389,0.0000847500,false,false
call-000149,arm12b_cth_llm,dev/f1/s1100002/early_accurate,13,meta-llama/llama-3.1-8b-instruct,sha256:eef143335ead6de7fc3f72de4b2c39f5d480d182a1f75d3daaf900d6e4be5d01,det-v1,1,accepted,1206,146,0.002,0.0000719800,true,false
call-000150,arm12b_cth_llm,dev/f1/s1100002/early_accurate,20,meta-llama/llama-3.1-8b-instruct,sha256:a26c94f08e4f0b070c25c4c8f05e20e22a82c3389f867eb3055769096f4edcf4,det-v1,1,,1465,140,371.753,0.0000844500,false,true
call-000151,arm12b_cth_llm,dev/f1/s1100002/early_accurate,20,meta-llama/llama-3.1-8b-instruct,sha256:a26c94f08e4f0b070c25c4c8f05e20e22a82c3389f867eb3055769096f4edcf4,det-v1,1,fallback,1465,140,371.753,0.0000844500,false,false
call-000152,arm12b_cth_llm,dev/f1/s1100002/early_accurate,20,meta-llama/llama-3.1-8b-instruct,sha256:3c127643600587c9ad8643ce100b5d3b7a12b0439f7962aebd71005a5219df3c,det-v1,2,,1535,100,410.838,0.0000847500,false,true
call-000153,arm12b_cth_llm,dev/f1/s1100002/early_accurate,20,meta-llama/llama-3.1-8b-instruct,sha256:3c127643600587c9ad8643ce100b5d3b7a12b0439f7962aebd71005a5219df3c,det-v1,2,fallback,1535,100,410.838,0.0000847500,false,false
call-000154,arm8_spec_immediate,dev/f1/s1100002/late_accurate,16,meta-llama/llama-3.1-8b-instruct,sha256:e4c7fe4fe65af742190ee6bdbaf18f6c1524edad4ce0a4f4bc1b1a433972be5c,det-v1,1,,1317,166,422.176,0.0000791300,false,true
call-000155,arm8_spec_immediate,dev/f1/s1100002/late_accurate,16,meta-llama/llama-3.1-8b-instruct,sha256:e4c7fe4fe65af742190ee6bdbaf18f6c1524edad4ce0a4f4bc1b1a433972be5c,det-v1,1,accepted,1317,166,422.176,0.0000791300,false,false
call-000156,arm8_spec_immediate,dev/f1/s1100002/late_accurate,22,meta-llama/llama-3.1-8b-instruct,sha256:48a4afcd4e40acd2649b5d5dd1d6a7858dffe33188186359baba45cda3bb1d6f,det-v1,1,,1539,196,521.492,0.0000926300,false,true
call-000157,arm8_spec_immediate,dev/f1/s1100002/late_accurate,22,meta-llama/llama-3.1-8b-instruct,sha256:48a4afcd4e40acd2649b5d5dd1d6a7858dffe33188186359baba45cda3bb1d6f,det-v1,1,accepted,1539,196,521.492,0.0000926300,false,false
call-000158,arm10_spec_eprocess,dev/f1/s1100002/late_accurate,16,meta-llama/llama-3.1-8b-instruct,sha256:e4c7fe4fe65af742190ee6bdbaf18f6c1524edad4ce0a4f4bc1b1a433972be5c,det-v1,1,accepted,1317,166,0.003,0.0000791300,true,false
call-000159,arm10_spec_eprocess,dev/f1/s1100002/late_accurate,22,meta-llama/llama-3.1-8b-instruct,sha256:b4d59f44a12936700273b5e209901f52d1861bcb134f645f4bc97f2a2c0c09e2,det-v1,1,,1539,196,416.147,0.0000926300,false,true
call-000160,arm10_spec_eprocess,dev/f1/s1100002/late_accurate,22,meta-llama/llama-3.1-8b-instruct,sha256:b4d59f44a12936700273b5e209901f52d1861bcb134f645f4bc97f2a2c0c09e2,det-v1,1,accepted,1539,196,416.147,0.0000926300,false,false
call-000161,arm12_cth,dev/f1/s1100002/late_accurate,16,meta-llama/llama-3.1-8b-instruct,sha256:e4c7fe4fe65af742190ee6bdbaf18f6c1524edad4ce0a4f4bc1b1a433972be5c,det-v1,1,accepted,1317,166,0.002,0.0000791300,true,false
call-000162,arm12_cth,dev/f1/s1100002/late_accurate,22,meta-llama/llama-3.1-8b-instruct,sha256:3efd373f236e7cdfd0a0c011d2f143014fcc15eb37943699a4774a99642a9fc9,det-v1,1,,1539,196,484.694,0.0000926300,false,true
call-000163,arm12_cth,dev/f1/s1100002/late_accurate,22,meta-llama/llama-3.1-8b-instruct,sha256:3efd373f236e7cdfd0a0c011d2f143014fcc15eb37943699a4774a99642a9fc9,det-v1,1,accepted,1539,196,484.694,0.0000926300,false,false
call-000164,arm12b_cth_llm,dev/f1/s1100002/late_accurate,16,meta-llama/llama-3.1-8b-instruct,sha256:e4c7fe4fe65af742190ee6bdbaf18f6c1524edad4ce0a4f4bc1b1a433972be5c,det-v1,1,accepted,1317,166,0.003,0.0000791300,true,false
call-000165,arm12b_cth_llm,dev/f1/s1100002/late_accurate,22,meta-llama/llama-3.1-8b-instruct,sha256:24edf51775fdf3c289d8a6f38bfc4cf106f2a3769177b81c614739ce6a712eef,det-v1,1,,1539,196,545.557,0.0000926300,false,true
call-000166,arm12b_cth_llm,dev/f1/s1100002/late_accurate,22,meta-llama/llama-3.1-8b-instruct,sha256:24edf51775fdf3c289d8a6f38bfc4cf106f2a3769177b81c614739ce6a712eef,det-v1,1,accepted,1539,196,545.557,0.0000926300,false,false
call-000167,arm8_spec_immediate,dev/f1/s1100002/unreliable,13,meta-llama/llama-3.1-8b-instruct,sha256:5c5e4974fbd18fa0e6c1df09819af0da2b2256897e0868d2abe42ed7ba487ba6,det-v1,1,,1209,146,442.213,0.0000721300,false,true
call-000168,arm8_spec_immediate,dev/f1/s1100002/unreliable,13,meta-llama/llama-3.1-8b-instruct,sha256:5c5e4974fbd18fa0e6c1df09819af0da2b2256897e0868d2abe42ed7ba487ba6,det-v1,1,accepted,1209,146,442.213,0.0000721300,false,false
call-000169,arm8_spec_immediate,dev/f1/s1100002/unreliable,20,meta-llama/llama-3.1-8b-instruct,sha256:ba7af3db2c8e350b53bdc81c3eac829a7c00afc34d11b8d439c3e53c907e3323,det-v1,1,,1468,186,733.773,0.0000882800,false,true
call-000170,arm8_spec_immediate,dev/f1/s1100002/unreliable,20,meta-llama/llama-3.1-8b-instruct,sha256:ba7af3db2c8e350b53bdc81c3eac829a7c00afc34d11b8d439c3e53c907e3323,det-v1,1,accepted,1468,186,733.773,0.0000882800,false,false
call-000171,arm10_spec_eprocess,dev/f1/s1100002/unreliable,13,meta-llama/llama-3.1-8b-instruct,sha256:5c5e4974fbd18fa0e6c1df09819af0da2b2256897e0868d2abe42ed7ba487ba6,det-v1,1,accepted,1209,146,0.004,0.0000721300,true,false
call-000172,arm10_spec_eprocess,dev/f1/s1100002/unreliable,20,meta-llama/llama-3.1-8b-instruct,sha256:9819639a3f8ea5cc1470f6c9c3acf058ecc30d634e49f035385fa45e14d13ddb,det-v1,1,,1468,186,395.930,0.0000882800,false,true
call-000173,arm10_spec_eprocess,dev/f1/s1100002/unreliable,20,meta-llama/llama-3.1-8b-instruct,sha256:9819639a3f8ea5cc1470f6c9c3acf058ecc30d634e49f035385fa45e14d13ddb,det-v1,1,accepted,1468,186,395.930,0.0000882800,false,false
call-000174,arm12_cth,dev/f1/s1100002/unreliable,13,meta-llama/llama-3.1-8b-instruct,sha256:5c5e4974fbd18fa0e6c1df09819af0da2b2256897e0868d2abe42ed7ba487ba6,det-v1,1,accepted,1209,146,0.002,0.0000721300,true,false
call-000175,arm12_cth,dev/f1/s1100002/unreliable,20,meta-llama/llama-3.1-8b-instruct,sha256:0e5e048b5951cddc5da6b690888f81639011de6a0c67ec49bcf4c526ff1cb567,det-v1,1,,1468,186,464.838,0.0000882800,false,true
call-000176,arm12_cth,dev/f1/s1100002/unreliable,20,meta-llama/llama-3.1-8b-instruct,sha256:0e5e048b5951cddc5da6b690888f81639011de6a0c67ec49bcf4c526ff1cb567,det-v1,1,accepted,1468,186,464.838,0.0000882800,false,false
call-000177,arm12b_cth_llm,dev/f1/s1100002/unreliable,13,meta-llama/llama-3.1-8b-instruct,sha256:5c5e4974fbd18fa0e6c1df09819af0da2b2256897e0868d2abe42ed7ba487ba6,det-v1,1,accepted,1209,146,0.002,0.0000721300,true,false
call-000178,arm12b_cth_llm,dev/f1/s1100002/unreliable,20,meta-llama/llama-3.1-8b-instruct,sha256:6eb21d45fa8b3d41e9e65aa6397a160ca513c1f365a9943fda388690ade1d19e,det-v1,1,,1468,186,386.879,0.0000882800,false,true
call-000179,arm12b_cth_llm,dev/f1/s1100002/unreliable,20,meta-llama/llama-3.1-8b-instruct,sha256:6eb21d45fa8b3d41e9e65aa6397a160ca513c1f365a9943fda388690ade1d19e,det-v1,1,accepted,1468,186,386.879,0.0000882800,false,false
call-000180,arm8_spec_immediate,dev/f1/s1100002/no_alert__twin,10,meta-llama/llama-3.1-8b-instruct,sha256:c07250b0dc23a35381321bac7439906c4e2e223e79c8e4e2f372ef3dc9b23168,det-v1,1,,1098,136,322.153,0.0000657800,false,true
call-000181,arm8_spec_immediate,dev/f1/s1100002/no_alert__twin,10,meta-llama/llama-3.1-8b-instruct,sha256:c07250b0dc23a35381321bac7439906c4e2e223e79c8e4e2f372ef3dc9b23168,det-v1,1,accepted,1098,136,322.153,0.0000657800,false,false
call-000182,arm10_spec_eprocess,dev/f1/s1100002/no_alert__twin,10,meta-llama/llama-3.1-8b-instruct,sha256:c07250b0dc23a35381321bac7439906c4e2e223e79c8e4e2f372ef3dc9b23168,det-v1,1,accepted,1098,136,0.002,0.0000657800,true,false
call-000183,arm12_cth,dev/f1/s1100002/no_alert__twin,10,meta-llama/llama-3.1-8b-instruct,sha256:c07250b0dc23a35381321bac7439906c4e2e223e79c8e4e2f372ef3dc9b23168,det-v1,1,accepted,1098,136,0.002,0.0000657800,true,false
call-000184,arm12b_cth_llm,dev/f1/s1100002/no_alert__twin,10,meta-llama/llama-3.1-8b-instruct,sha256:c07250b0dc23a35381321bac7439906c4e2e223e79c8e4e2f372ef3dc9b23168,det-v1,1,accepted,1098,136,0.002,0.0000657800,true,false
call-000185,arm8_spec_immediate,cal/f1/s1100003/no_alert,28,meta-llama/llama-3.1-8b-instruct,sha256:599a1f4cb36173bca5f77e465c48bd1dad93d60328e5fde4f51952510d86e76b,det-v1,1,,1723,221,555.170,0.0001038300,false,true
call-000186,arm8_spec_immediate,cal/f1/s1100003/no_alert,28,meta-llama/llama-3.1-8b-instruct,sha256:599a1f4cb36173bca5f77e465c48bd1dad93d60328e5fde4f51952510d86e76b,det-v1,1,accepted,1723,221,555.170,0.0001038300,false,false
call-000187,arm8_spec_immediate,cal/f1/s1100003/no_alert,41,meta-llama/llama-3.1-8b-instruct,sha256:8b8cf00128efe3d77acfda313aedd0327c9e6fe54291c06bd86bac5c80734212,det-v1,1,,2204,246,575.249,0.0001298800,false,true
call-000188,arm8_spec_immediate,cal/f1/s1100003/no_alert,41,meta-llama/llama-3.1-8b-instruct,sha256:8b8cf00128efe3d77acfda313aedd0327c9e6fe54291c06bd86bac5c80734212,det-v1,1,fallback,2204,246,575.249,0.0001298800,false,false
call-000189,arm8_spec_immediate,cal/f1/s1100003/no_alert,41,meta-llama/llama-3.1-8b-instruct,sha256:8df9723027542662c28bc65d80b73f2dbf5ed8c3ed7580bcf1bb36782252f82a,det-v1,2,,2274,246,565.080,0.0001333800,false,true
call-000190,arm8_spec_immediate,cal/f1/s1100003/no_alert,41,meta-llama/llama-3.1-8b-instruct,sha256:8df9723027542662c28bc65d80b73f2dbf5ed8c3ed7580bcf1bb36782252f82a,det-v1,2,accepted_after_repair,2274,246,565.080,0.0001333800,false,false
call-000191,arm10_spec_eprocess,cal/f1/s1100003/no_alert,28,meta-llama/llama-3.1-8b-instruct,sha256:599a1f4cb36173bca5f77e465c48bd1dad93d60328e5fde4f51952510d86e76b,det-v1,1,accepted,1723,221,0.003,0.0001038300,true,false
call-000192,arm10_spec_eprocess,cal/f1/s1100003/no_alert,41,meta-llama/llama-3.1-8b-instruct,sha256:c858111a5be4ab659f5d3e87d447f16e34961bee0f3d415e110fb2579ed9e6e2,det-v1,1,,2204,246,739.107,0.0001298800,false,true
call-000193,arm10_spec_eprocess,cal/f1/s1100003/no_alert,41,meta-llama/llama-3.1-8b-instruct,sha256:c858111a5be4ab659f5d3e87d447f16e34961bee0f3d415e110fb2579ed9e6e2,det-v1,1,accepted,2204,246,739.107,0.0001298800,false,false
call-000194,arm12_cth,cal/f1/s1100003/no_alert,28,meta-llama/llama-3.1-8b-instruct,sha256:599a1f4cb36173bca5f77e465c48bd1dad93d60328e5fde4f51952510d86e76b,det-v1,1,accepted,1723,221,0.002,0.0001038300,true,false
call-000195,arm12_cth,cal/f1/s1100003/no_alert,41,meta-llama/llama-3.1-8b-instruct,sha256:407877d5c351b17311fd2094b97db3cd5797a7226ef617a5cdae6b03623a0bde,det-v1,1,,2204,286,571.802,0.0001330800,false,true
call-000196,arm12_cth,cal/f1/s1100003/no_alert,41,meta-llama/llama-3.1-8b-instruct,sha256:407877d5c351b17311fd2094b97db3cd5797a7226ef617a5cdae6b03623a0bde,det-v1,1,accepted,2204,286,571.802,0.0001330800,false,false
call-000197,arm12b_cth_llm,cal/f1/s1100003/no_alert,28,meta-llama/llama-3.1-8b-instruct,sha256:599a1f4cb36173bca5f77e465c48bd1dad93d60328e5fde4f51952510d86e76b,det-v1,1,accepted,1723,221,0.002,0.0001038300,true,false
call-000198,arm12b_cth_llm,cal/f1/s1100003/no_alert,41,meta-llama/llama-3.1-8b-instruct,sha256:c6a497b9e6d5c5a97e89a82c6847bcb3c3fa45204d2af10b42e2b59cc56fc7d1,det-v1,1,,2204,246,690.110,0.0001298800,false,true
call-000199,arm12b_cth_llm,cal/f1/s1100003/no_alert,41,meta-llama/llama-3.1-8b-instruct,sha256:c6a497b9e6d5c5a97e89a82c6847bcb3c3fa45204d2af10b42e2b59cc56fc7d1,det-v1,1,accepted,2204,246,690.110,0.0001298800,false,false
call-000200,arm8_spec_immediate,cal/f1/s1100003/early_accurate,18,meta-llama/llama-3.1-8b-instruct,sha256:dcff41fcc3ab902ccb7fe78e4616209f8d9063fa21d61613921c93a856fbcaca,det-v1,1,,1393,111,348.567,0.0000785300,false,true
call-000201,arm8_spec_immediate,cal/f1/s1100003/early_accurate,18,meta-llama/llama-3.1-8b-instruct,sha256:dcff41fcc3ab902ccb7fe78e4616209f8d9063fa21d61613921c93a856fbcaca,det-v1,1,accepted,1393,111,348.567,0.0000785300,false,false
call-000202,arm8_spec_immediate,cal/f1/s1100003/early_accurate,28,meta-llama/llama-3.1-8b-instruct,sha256:5171ad12eba513b7196a542e4b60db0007fee993e327906423df612f87bb7bb9,det-v1,1,,1763,226,477.581,0.0001062300,false,true
call-000203,arm8_spec_immediate,cal/f1/s1100003/early_accurate,28,meta-llama/llama-3.1-8b-instruct,sha256:5171ad12eba513b7196a542e4b60db0007fee993e327906423df612f87bb7bb9,det-v1,1,accepted,1763,226,477.581,0.0001062300,false,false
call-000204,arm10_spec_eprocess,cal/f1/s1100003/early_accurate,18,meta-llama/llama-3.1-8b-instruct,sha256:dcff41fcc3ab902ccb7fe78e4616209f8d9063fa21d61613921c93a856fbcaca,det-v1,1,accepted,1393,111,0.003,0.0000785300,true,false
call-000205,arm10_spec_eprocess,cal/f1/s1100003/early_accurate,28,meta-llama/llama-3.1-8b-instruct,sha256:222ded57528ad6234c2a08e0765b4b0b0dbe7ae49155680288fb23d393998cb7,det-v1,1,,1763,226,495.853,0.0001062300,false,true
call-000206,arm10_spec_eprocess,cal/f1/s1100003/early_accurate,28,meta-llama/llama-3.1-8b-instruct,sha256:222ded57528ad6234c2a08e0765b4b0b0dbe7ae49155680288fb23d393998cb7,det-v1,1,accepted,1763,226,495.853,0.0001062300,false,false
call-000207,arm12_cth,cal/f1/s1100003/early_accurate,18,meta-llama/llama-3.1-8b-instruct,sha256:dcff41fcc3ab902ccb7fe78e4616209f8d9063fa21d61613921c93a856fbcaca,det-v1,1,accepted,1393,111,0.002,0.0000785300,true,false
call-000208,arm12_cth,cal/f1/s1100003/early_accurate,28,meta-llama/llama-3.1-8b-instruct,sha256:9bbc8469afb2534b3d0c35e61cf0f2f71acc325c30f9dd38673ce75222391d0d,det-v1,1,,1763,226,520.893,0.0001062300,false,true
call-000209,arm12_cth,cal/f1/s1100003/early_accurate,28,meta-llama/llama-3.1-8b-instruct,sha256:9bbc8469afb2534b3d0c35e61cf0f2f71acc325c30f9dd38673ce75222391d0d,det-v1,1,accepted,1763,226,520.893,0.0001062300,false,false
call-000210,arm12b_cth_llm,cal/f1/s1100003/early_accurate,18,meta-llama/llama-3.1-8b-instruct,sha256:dcff41fcc3ab902ccb7fe78e4616209f8d9063fa21d61613921c93a856fbcaca,det-v1,1,accepted,1393,111,0.002,0.0000785300,true,false
call-000211,arm12b_cth_llm,cal/f1/s1100003/early_accurate,28,meta-llama/llama-3.1-8b-instruct,sha256:e480380ef2ec77a2203fe6ee3e186775930f0eca59af5f5f9546c16d31b28fc5,det-v1,1,,1763,226,527.676,0.0001062300,false,true
call-000212,arm12b_cth_llm,cal/f1/s1100003/early_accurate,28,meta-llama/llama-3.1-8b-instruct,sha256:e480380ef2ec77a2203fe6ee3e186775930f0eca59af5f5f9546c16d31b28fc5,det-v1,1,accepted,1763,226,527.676,0.0001062300,false,false
call-000213,arm8_spec_immediate,cal/f1/s1100003/late_accurate,21,meta-llama/llama-3.1-8b-instruct,sha256:7382361837c2953417044af170c269b597c3e8ba317bc54ce7597d59eb0b85c3,det-v1,1,,1504,191,669.162,0.0000904800,false,true
call-000214,arm8_spec_immediate,cal/f1/s1100003/late_accurate,21,meta-llama/llama-3.1-8b-instruct,sha256:7382361837c2953417044af170c269b597c3e8ba317bc54ce7597d59eb0b85c3,det-v1,1,accepted,1504,191,669.162,0.0000904800,false,false
call-000215,arm8_spec_immediate,cal/f1/s1100003/late_accurate,28,meta-llama/llama-3.1-8b-instruct,sha256:0a385cba5172fdaa02f43f06e01fcd632fe922b5c76153bc12976c6fb150ca75,det-v1,1,,1763,226,521.124,0.0001062300,false,true
call-000216,arm8_spec_immediate,cal/f1/s1100003/late_accurate,28,meta-llama/llama-3.1-8b-instruct,sha256:0a385cba5172fdaa02f43f06e01fcd632fe922b5c76153bc12976c6fb150ca75,det-v1,1,accepted,1763,226,521.124,0.0001062300,false,false
call-000217,arm10_spec_eprocess,cal/f1/s1100003/late_accurate,21,meta-llama/llama-3.1-8b-instruct,sha256:7382361837c2953417044af170c269b597c3e8ba317bc54ce7597d59eb0b85c3,det-v1,1,accepted,1504,191,0.003,0.0000904800,true,false
call-000218,arm10_spec_eprocess,cal/f1/s1100003/late_accurate,28,meta-llama/llama-3.1-8b-instruct,sha256:719936b6065df1c55137c690737aaa69499cf2921ae45eacae7424c1a898a682,det-v1,1,,1763,226,556.760,0.0001062300,false,true
call-000219,arm10_spec_eprocess,cal/f1/s1100003/late_accurate,28,meta-llama/llama-3.1-8b-instruct,sha256:719936b6065df1c55137c690737aaa69499cf2921ae45eacae7424c1a898a682,det-v1,1,accepted,1763,226,556.760,0.0001062300,false,false
call-000220,arm12_cth,cal/f1/s1100003/late_accurate,21,meta-llama/llama-3.1-8b-instruct,sha256:7382361837c2953417044af170c269b597c3e8ba317bc54ce7597d59eb0b85c3,det-v1,1,accepted,1504,191,0.002,0.0000904800,true,false
call-000221,arm12_cth,cal/f1/s1100003/late_accurate,28,meta-llama/llama-3.1-8b-instruct,sha256:d85209fbbe83a8bf570c93806378acfbd94ab0b789f9c4c30b6c6d5842015516,det-v1,1,,1763,226,518.137,0.0001062300,false,true
call-000222,arm12_cth,cal/f1/s1100003/late_accurate,28,meta-llama/llama-3.1-8b-instruct,sha256:d85209fbbe83a8bf570c93806378acfbd94ab0b789f9c4c30b6c6d5842015516,det-v1,1,accepted,1763,226,518.137,0.0001062300,false,false
call-000223,arm12b_cth_llm,cal/f1/s1100003/late_accurate,21,meta-llama/llama-3.1-8b-instruct,sha256:7382361837c2953417044af170c269b597c3e8ba317bc54ce7597d59eb0b85c3,det-v1,1,accepted,1504,191,0.002,0.0000904800,true,false
call-000224,arm12b_cth_llm,cal/f1/s1100003/late_accurate,28,meta-llama/llama-3.1-8b-instruct,sha256:30fb6b426afb9dd3c1002bd4d2b5a6a5dbd247c7e3c8fbcd6f83e3d835f862bb,det-v1,1,,1763,226,695.464,0.0001062300,false,true
call-000225,arm12b_cth_llm,cal/f1/s1100003/late_accurate,28,meta-llama/llama-3.1-8b-instruct,sha256:30fb6b426afb9dd3c1002bd4d2b5a6a5dbd247c7e3c8fbcd6f83e3d835f862bb,det-v1,1,accepted,1763,226,695.464,0.0001062300,false,false
call-000226,arm8_spec_immediate,cal/f1/s1100003/unreliable,18,meta-llama/llama-3.1-8b-instruct,sha256:edae92ebacbf05c82662ac7268101d3381c94ce867df9652d1c725a61ee11417,det-v1,1,,1390,171,418.056,0.0000831800,false,true
call-000227,arm8_spec_immediate,cal/f1/s1100003/unreliable,18,meta-llama/llama-3.1-8b-instruct,sha256:edae92ebacbf05c82662ac7268101d3381c94ce867df9652d1c725a61ee11417,det-v1,1,accepted,1390,171,418.056,0.0000831800,false,false
call-000228,arm8_spec_immediate,cal/f1/s1100003/unreliable,28,meta-llama/llama-3.1-8b-instruct,sha256:1b14744d42e7eb74ad7077257d9a583b70b061ea7959b691c5ab966df58670e4,det-v1,1,,1760,101,416.813,0.0000960800,false,true
call-000229,arm8_spec_immediate,cal/f1/s1100003/unreliable,28,meta-llama/llama-3.1-8b-instruct,sha256:1b14744d42e7eb74ad7077257d9a583b70b061ea7959b691c5ab966df58670e4,det-v1,1,accepted,1760,101,416.813,0.0000960800,false,false
call-000230,arm10_spec_eprocess,cal/f1/s1100003/unreliable,18,meta-llama/llama-3.1-8b-instruct,sha256:edae92ebacbf05c82662ac7268101d3381c94ce867df9652d1c725a61ee11417,det-v1,1,accepted,1390,171,0.003,0.0000831800,true,false
call-000231,arm10_spec_eprocess,cal/f1/s1100003/unreliable,28,meta-llama/llama-3.1-8b-instruct,sha256:78dd1a101fc5b918ffc032a429653f04e0dd51a4d297bcd6a0d2aa74c3e7cb20,det-v1,1,,1760,226,787.019,0.0001060800,false,true
call-000232,arm10_spec_eprocess,cal/f1/s1100003/unreliable,28,meta-llama/llama-3.1-8b-instruct,sha256:78dd1a101fc5b918ffc032a429653f04e0dd51a4d297bcd6a0d2aa74c3e7cb20,det-v1,1,accepted,1760,226,787.019,0.0001060800,false,false
call-000233,arm12_cth,cal/f1/s1100003/unreliable,18,meta-llama/llama-3.1-8b-instruct,sha256:edae92ebacbf05c82662ac7268101d3381c94ce867df9652d1c725a61ee11417,det-v1,1,accepted,1390,171,0.002,0.0000831800,true,false
call-000234,arm12_cth,cal/f1/s1100003/unreliable,28,meta-llama/llama-3.1-8b-instruct,sha256:c7e3c98ab6ab74714bfedd95d882ba73c8e41f81f46f8f9a2285c310de10c3d3,det-v1,1,,1760,226,801.727,0.0001060800,false,true
call-000235,arm12_cth,cal/f1/s1100003/unreliable,28,meta-llama/llama-3.1-8b-instruct,sha256:c7e3c98ab6ab74714bfedd95d882ba73c8e41f81f46f8f9a2285c310de10c3d3,det-v1,1,accepted,1760,226,801.727,0.0001060800,false,false
call-000236,arm12b_cth_llm,cal/f1/s1100003/unreliable,18,meta-llama/llama-3.1-8b-instruct,sha256:edae92ebacbf05c82662ac7268101d3381c94ce867df9652d1c725a61ee11417,det-v1,1,accepted,1390,171,0.002,0.0000831800,true,false
call-000237,arm12b_cth_llm,cal/f1/s1100003/unreliable,28,meta-llama/llama-3.1-8b-instruct,sha256:ffed1882a7109b976cacb6a3018cb095a7a922dc774cf0e9e010c9409174e9c5,det-v1,1,,1760,226,526.421,0.0001060800,false,true
call-000238,arm12b_cth_llm,cal/f1/s1100003/unreliable,28,meta-llama/llama-3.1-8b-instruct,sha256:ffed1882a7109b976cacb6a3018cb095a7a922dc774cf0e9e010c9409174e9c5,det-v1,1,accepted,1760,226,526.421,0.0001060800,false,false
call-000239,arm8_spec_immediate,dev/f1/s1100004/no_alert,30,meta-llama/llama-3.1-8b-instruct,sha256:67fa18e00486ecae1c7e5b858eea52d7a5c3d8c9fb8b92d8c333f9be8548c352,det-v1,1,,1797,101,829.729,0.0000979300,false,true
call-000240,arm8_spec_immediate,dev/f1/s1100004/no_alert,30,meta-llama/llama-3.1-8b-instruct,sha256:67fa18e00486ecae1c7e5b858eea52d7a5c3d8c9fb8b92d8c333f9be8548c352,det-v1,1,accepted,1797,101,829.729,0.0000979300,false,false
call-000241,arm8_spec_immediate,dev/f1/s1100004/no_alert,36,meta-llama/llama-3.1-8b-instruct,sha256:bec1fdc3b51861d751c8821c97211efb58e46313c1a6b72360b4e8e950db20a6,det-v1,1,,2019,101,535.263,0.0001090300,false,true
call-000242,arm8_spec_immediate,dev/f1/s1100004/no_alert,36,meta-llama/llama-3.1-8b-instruct,sha256:bec1fdc3b51861d751c8821c97211efb58e46313c1a6b72360b4e8e950db20a6,det-v1,1,accepted,2019,101,535.263,0.0001090300,false,false
call-000243,arm10_spec_eprocess,dev/f1/s1100004/no_alert,30,meta-llama/llama-3.1-8b-instruct,sha256:67fa18e00486ecae1c7e5b858eea52d7a5c3d8c9fb8b92d8c333f9be8548c352,det-v1,1,accepted,1797,101,0.003,0.0000979300,true,false
call-000244,arm10_spec_eprocess,dev/f1/s1100004/no_alert,36,meta-llama/llama-3.1-8b-instruct,sha256:296102f99ccdd8b3a8f296ffeb898b82ae79427039c6312918648989f36cda12,det-v1,1,,2019,101,451.804,0.0001090300,false,true
call-000245,arm10_spec_eprocess,dev/f1/s1100004/no_alert,36,meta-llama/llama-3.1-8b-instruct,sha256:296102f99ccdd8b3a8f296ffeb898b82ae79427039c6312918648989f36cda12,det-v1,1,accepted,2019,101,451.804,0.0001090300,false,false
call-000246,arm12_cth,dev/f1/s1100004/no_alert,30,meta-llama/llama-3.1-8b-instruct,sha256:67fa18e00486ecae1c7e5b858eea52d7a5c3d8c9fb8b92d8c333f9be8548c352,det-v1,1,accepted,1797,101,0.002,0.0000979300,true,false
call-000247,arm12_cth,dev/f1/s1100004/no_alert,36,meta-llama/llama-3.1-8b-instruct,sha256:ce89b492f2a52588c4a7924889c3b17d0b2edcc4e5f5356b45e239b4161c7b5b,det-v1,1,,2019,101,325.051,0.0001090300,false,true
call-000248,arm12_cth,dev/f1/s1100004/no_alert,36,meta-llama/llama-3.1-8b-instruct,sha256:ce89b492f2a52588c4a7924889c3b17d0b2edcc4e5f5356b45e239b4161c7b5b,det-v1,1,accepted,2019,101,325.051,0.0001090300,false,false
call-000249,arm12b_cth_llm,dev/f1/s1100004/no_alert,30,meta-llama/llama-3.1-8b-instruct,sha256:67fa18e00486ecae1c7e5b858eea52d7a5c3d8c9fb8b92d8c333f9be8548c352,det-v1,1,accepted,1797,101,0.002,0.0000979300,true,false
call-000250,arm12b_cth_llm,dev/f1/s1100004/no_alert,36,meta-llama/llama-3.1-8b-instruct,sha256:5fbfbc485d0d692932899f375e66ff1f18cf72121ce1040049caf108f5e10853,det-v1,1,,2019,101,467.999,0.0001090300,false,true
call-000251,arm12b_cth_llm,dev/f1/s1100004/no_alert,36,meta-llama/llama-3.1-8b-instruct,sha256:5fbfbc485d0d692932899f375e66ff1f18cf72121ce1040049caf108f5e10853,det-v1,1,accepted,2019,101,467.999,0.0001090300,false,false
call-000252,arm8_spec_immediate,dev/f1/s1100004/early_accurate,20,meta-llama/llama-3.1-8b-instruct,sha256:49f29704a6ff4ce8b9421e11e7fc3a28304d36ae6c4f71d92d0a30a4aa5c70c6,det-v1,1,,1463,185,447.637,0.0000879500,false,true
call-000253,arm8_spec_immediate,dev/f1/s1100004/early_accurate,20,meta-llama/llama-3.1-8b-instruct,sha256:49f29704a6ff4ce8b9421e11e7fc3a28304d36ae6c4f71d92d0a30a4aa5c70c6,det-v1,1,fallback,1463,185,447.637,0.0000879500,false,false
call-000254,arm8_spec_immediate,dev/f1/s1100004/early_accurate,20,meta-llama/llama-3.1-8b-instruct,sha256:87c6b50fa4e126b2e8d3970968b7bc7048420dcce5a131c54a23ca0937e51c08,det-v1,2,,1533,105,362.148,0.0000850500,false,true
call-000255,arm8_spec_immediate,dev/f1/s1100004/early_accurate,20,meta-llama/llama-3.1-8b-instruct,sha256:87c6b50fa4e126b2e8d3970968b7bc7048420dcce5a131c54a23ca0937e51c08,det-v1,2,fallback,1533,105,362.148,0.0000850500,false,false
call-000256,arm8_spec_immediate,dev/f1/s1100004/early_accurate,30,meta-llama/llama-3.1-8b-instruct,sha256:185ce319ba0d8f3f2038690b61e796891148926f65352d90defc86982c1c05c2,det-v1,1,,1833,101,497.315,0.0000997300,false,true
call-000257,arm8_spec_immediate,dev/f1/s1100004/early_accurate,30,meta-llama/llama-3.1-8b-instruct,sha256:185ce319ba0d8f3f2038690b61e796891148926f65352d90defc86982c1c05c2,det-v1,1,accepted,1833,101,497.315,0.0000997300,false,false
call-000258,arm10_spec_eprocess,dev/f1/s1100004/early_accurate,20,meta-llama/llama-3.1-8b-instruct,sha256:49f29704a6ff4ce8b9421e11e7fc3a28304d36ae6c4f71d92d0a30a4aa5c70c6,det-v1,1,fallback,1463,185,0.004,0.0000879500,true,false
call-000259,arm10_spec_eprocess,dev/f1/s1100004/early_accurate,20,meta-llama/llama-3.1-8b-instruct,sha256:87c6b50fa4e126b2e8d3970968b7bc7048420dcce5a131c54a23ca0937e51c08,det-v1,2,fallback,1533,105,0.003,0.0000850500,true,false
call-000260,arm10_spec_eprocess,dev/f1/s1100004/early_accurate,30,meta-llama/llama-3.1-8b-instruct,sha256:185ce319ba0d8f3f2038690b61e796891148926f65352d90defc86982c1c05c2,det-v1,1,accepted,1833,101,0.003,0.0000997300,true,false
call-000261,arm12_cth,dev/f1/s1100004/early_accurate,20,meta-llama/llama-3.1-8b-instruct,sha256:49f29704a6ff4ce8b9421e11e7fc3a28304d36ae6c4f71d92d0a30a4aa5c70c6,det-v1,1,fallback,1463,185,0.002,0.0000879500,true,false
call-000262,arm12_cth,dev/f1/s1100004/early_accurate,20,meta-llama/llama-3.1-8b-instruct,sha256:87c6b50fa4e126b2e8d3970968b7bc7048420dcce5a131c54a23ca0937e51c08,det-v1,2,fallback,1533,105,0.001,0.0000850500,true,false
call-000263,arm12_cth,dev/f1/s1100004/early_accurate,30,meta-llama/llama-3.1-8b-instruct,sha256:3598c7ff6a9a397d37dad568ff1bcd73b31e00e96b3ea8f3593a4d20e364e0e7,det-v1,1,,1833,101,345.951,0.0000997300,false,true
call-000264,arm12_cth,dev/f1/s1100004/early_accurate,30,meta-llama/llama-3.1-8b-instruct,sha256:3598c7ff6a9a397d37dad568ff1bcd73b31e00e96b3ea8f3593a4d20e364e0e7,det-v1,1,accepted,1833,101,345.951,0.0000997300,false,false
call-000265,arm12b_cth_llm,dev/f1/s1100004/early_accurate,20,meta-llama/llama-3.1-8b-instruct,sha256:49f29704a6ff4ce8b9421e11e7fc3a28304d36ae6c4f71d92d0a30a4aa5c70c6,det-v1,1,fallback,1463,185,0.002,0.0000879500,true,false
call-000266,arm12b_cth_llm,dev/f1/s1100004/early_accurate,20,meta-llama/llama-3.1-8b-instruct,sha256:87c6b50fa4e126b2e8d3970968b7bc7048420dcce5a131c54a23ca0937e51c08,det-v1,2,fallback,1533,105,0.001,0.0000850500,true,false
call-000267,arm12b_cth_llm,dev/f1/s1100004/early_accurate,30,meta-llama/llama-3.1-8b-instruct,sha256:185ce319ba0d8f3f2038690b61e796891148926f65352d90defc86982c1c05c2,det-v1,1,accepted,1833,101,0.001,0.0000997300,true,false
call-000268,arm8_spec_immediate,dev/f1/s1100004/late_accurate,23,meta-llama/llama-3.1-8b-instruct,sha256:e6b75a0ecb235a33d7895357824990c440d178056263d090f8c5bf5dd185850a,det-v1,1,,1574,96,407.009,0.0000863800,false,true
call-000269,arm8_spec_immediate,dev/f1/s1100004/late_accurate,23,meta-llama/llama-3.1-8b-instruct,sha256:e6b75a0ecb235a33d7895357824990c440d178056263d090f8c5bf5dd185850a,det-v1,1,accepted,1574,96,407.009,0.0000863800,false,false
call-000270,arm8_spec_immediate,dev/f1/s1100004/late_accurate,30,meta-llama/llama-3.1-8b-instruct,sha256:025f3eef4e579641ee3a7d7cdc6cafd3fb9e866512da3b1e47bf628e1e2e5a84,det-v1,1,,1833,236,697.350,0.0001105300,false,true
call-000271,arm8_spec_immediate,dev/f1/s1100004/late_accurate,30,meta-llama/llama-3.1-8b-instruct,sha256:025f3eef4e579641ee3a7d7cdc6cafd3fb9e866512da3b1e47bf628e1e2e5a84,det-v1,1,accepted,1833,236,697.350,0.0001105300,false,false
call-000272,arm10_spec_eprocess,dev/f1/s1100004/late_accurate,23,meta-llama/llama-3.1-8b-instruct,sha256:e6b75a0ecb235a33d7895357824990c440d178056263d090f8c5bf5dd185850a,det-v1,1,accepted,1574,96,0.003,0.0000863800,true,false
call-000273,arm10_spec_eprocess,dev/f1/s1100004/late_accurate,30,meta-llama/llama-3.1-8b-instruct,sha256:6c57abd85e0446d1fc82797f46363191963676d10fa77a07dc64701e493f9d7d,det-v1,1,,1833,101,368.100,0.0000997300,false,true
call-000274,arm10_spec_eprocess,dev/f1/s1100004/late_accurate,30,meta-llama/llama-3.1-8b-instruct,sha256:6c57abd85e0446d1fc82797f46363191963676d10fa77a07dc64701e493f9d7d,det-v1,1,accepted,1833,101,368.100,0.0000997300,false,false
call-000275,arm12_cth,dev/f1/s1100004/late_accurate,23,meta-llama/llama-3.1-8b-instruct,sha256:e6b75a0ecb235a33d7895357824990c440d178056263d090f8c5bf5dd185850a,det-v1,1,accepted,1574,96,0.002,0.0000863800,true,false
call-000276,arm12_cth,dev/f1/s1100004/late_accurate,30,meta-llama/llama-3.1-8b-instruct,sha256:69050eca7f34a3a9f407b89d96d92684ba264d9d9b6df90fecb679f0c4736935,det-v1,1,,1833,236,488.363,0.0001105300,false,true
call-000277,arm12_cth,dev/f1/s1100004/late_accurate,30,meta-llama/llama-3.1-8b-instruct,sha256:69050eca7f34a3a9f407b89d96d92684ba264d9d9b6df90fecb679f0c4736935,det-v1,1,accepted,1833,236,488.363,0.0001105300,false,false
call-000278,arm12b_cth_llm,dev/f1/s1100004/late_accurate,23,meta-llama/llama-3.1-8b-instruct,sha256:e6b75a0ecb235a33d7895357824990c440d178056263d090f8c5bf5dd185850a,det-v1,1,accepted,1574,96,0.002,0.0000863800,true,false
call-000279,arm12b_cth_llm,dev/f1/s1100004/late_accurate,30,meta-llama/llama-3.1-8b-instruct,sha256:945991fdfd4d420b5484a9aacf884585998e011de167df6c08df5ea684cd6d96,det-v1,1,,1833,236,521.421,0.0001105300,false,true
call-000280,arm12b_cth_llm,dev/f1/s1100004/late_accurate,30,meta-llama/llama-3.1-8b-instruct,sha256:945991fdfd4d420b5484a9aacf884585998e011de167df6c08df5ea684cd6d96,det-v1,1,accepted,1833,236,521.421,0.0001105300,false,false
call-000281,arm8_spec_immediate,dev/f1/s1100004/unreliable,20,meta-llama/llama-3.1-8b-instruct,sha256:5c7e217f17cd94c1cd7d9f89b48031b2cc59a474c7996ff735e3fe6d18956bbf,det-v1,1,,1465,185,398.408,0.0000880500,false,true
call-000282,arm8_spec_immediate,dev/f1/s1100004/unreliable,20,meta-llama/llama-3.1-8b-instruct,sha256:5c7e217f17cd94c1cd7d9f89b48031b2cc59a474c7996ff735e3fe6d18956bbf,det-v1,1,fallback,1465,185,398.408,0.0000880500,false,false
call-000283,arm8_spec_immediate,dev/f1/s1100004/unreliable,20,meta-llama/llama-3.1-8b-instruct,sha256:4576723422160c1216f07a669ebe682c575725bf6f394070339e5f3a71a04300,det-v1,2,,1535,105,411.745,0.0000851500,false,true
call-000284,arm8_spec_immediate,dev/f1/s1100004/unreliable,20,meta-llama/llama-3.1-8b-instruct,sha256:4576723422160c1216f07a669ebe682c575725bf6f394070339e5f3a71a04300,det-v1,2,fallback,1535,105,411.745,0.0000851500,false,false
call-000285,arm8_spec_immediate,dev/f1/s1100004/unreliable,30,meta-llama/llama-3.1-8b-instruct,sha256:1e60a6af7879dbdf8e9f8d7694eeafcde0b1fd3e7a5e9fc397e01bc95a34aa1d,det-v1,1,,1835,101,343.772,0.0000998300,false,true
call-000286,arm8_spec_immediate,dev/f1/s1100004/unreliable,30,meta-llama/llama-3.1-8b-instruct,sha256:1e60a6af7879dbdf8e9f8d7694eeafcde0b1fd3e7a5e9fc397e01bc95a34aa1d,det-v1,1,accepted,1835,101,343.772,0.0000998300,false,false
call-000287,arm10_spec_eprocess,dev/f1/s1100004/unreliable,20,meta-llama/llama-3.1-8b-instruct,sha256:5c7e217f17cd94c1cd7d9f89b48031b2cc59a474c7996ff735e3fe6d18956bbf,det-v1,1,fallback,1465,185,0.004,0.0000880500,true,false
call-000288,arm10_spec_eprocess,dev/f1/s1100004/unreliable,20,meta-llama/llama-3.1-8b-instruct,sha256:4576723422160c1216f07a669ebe682c575725bf6f394070339e5f3a71a04300,det-v1,2,fallback,1535,105,0.003,0.0000851500,true,false
call-000289,arm10_spec_eprocess,dev/f1/s1100004/unreliable,30,meta-llama/llama-3.1-8b-instruct,sha256:1e60a6af7879dbdf8e9f8d7694eeafcde0b1fd3e7a5e9fc397e01bc95a34aa1d,det-v1,1,accepted,1835,101,0.003,0.0000998300,true,false
call-000290,arm12_cth,dev/f1/s1100004/unreliable,20,meta-llama/llama-3.1-8b-instruct,sha256:5c7e217f17cd94c1cd7d9f89b48031b2cc59a474c7996ff735e3fe6d18956bbf,det-v1,1,fallback,1465,185,0.002,0.0000880500,true,false
call-000291,arm12_cth,dev/f1/s1100004/unreliable,20,meta-llama/llama-3.1-8b-instruct,sha256:4576723422160c1216f07a669ebe682c575725bf6f394070339e5f3a71a04300,det-v1,2,fallback,1535,105,0.001,0.0000851500,true,false
call-000292,arm12_cth,dev/f1/s1100004/unreliable,30,meta-llama/llama-3.1-8b-instruct,sha256:90098ffa5b4714f1e71863172d96f6396d69cca3521261fda8f7aa26c38ad3c5,det-v1,1,,1835,101,1451.734,0.0000998300,false,true
call-000293,arm12_cth,dev/f1/s1100004/unreliable,30,meta-llama/llama-3.1-8b-instruct,sha256:90098ffa5b4714f1e71863172d96f6396d69cca3521261fda8f7aa26c38ad3c5,det-v1,1,accepted,1835,101,1451.734,0.0000998300,false,false
call-000294,arm12b_cth_llm,dev/f1/s1100004/unreliable,20,meta-llama/llama-3.1-8b-instruct,sha256:5c7e217f17cd94c1cd7d9f89b48031b2cc59a474c7996ff735e3fe6d18956bbf,det-v1,1,fallback,1465,185,0.002,0.0000880500,true,false
call-000295,arm12b_cth_llm,dev/f1/s1100004/unreliable,20,meta-llama/llama-3.1-8b-instruct,sha256:4576723422160c1216f07a669ebe682c575725bf6f394070339e5f3a71a04300,det-v1,2,fallback,1535,105,0.001,0.0000851500,true,false
call-000296,arm12b_cth_llm,dev/f1/s1100004/unreliable,30,meta-llama/llama-3.1-8b-instruct,sha256:1e60a6af7879dbdf8e9f8d7694eeafcde0b1fd3e7a5e9fc397e01bc95a34aa1d,det-v1,1,accepted,1835,101,0.001,0.0000998300,true,false
call-000297,arm8_spec_immediate,cal/f1/s1100005/no_alert,31,meta-llama/llama-3.1-8b-instruct,sha256:51f6b609919fbde0957d030b1ac2fab6eca7feed9292d63b2eec81a7905d2705,det-v1,1,,1834,101,396.044,0.0000997800,false,true
call-000298,arm8_spec_immediate,cal/f1/s1100005/no_alert,31,meta-llama/llama-3.1-8b-instruct,sha256:51f6b609919fbde0957d030b1ac2fab6eca7feed9292d63b2eec81a7905d2705,det-v1,1,accepted,1834,101,396.044,0.0000997800,false,false
call-000299,arm8_spec_immediate,cal/f1/s1100005/no_alert,41,meta-llama/llama-3.1-8b-instruct,sha256:820d8726173630bd60af554bd82839b07bc227dd0b32b3f46de594fc987f7a25,det-v1,1,,2204,101,447.943,0.0001182800,false,true
call-000300,arm8_spec_immediate,cal/f1/s1100005/no_alert,41,meta-llama/llama-3.1-8b-instruct,sha256:820d8726173630bd60af554bd82839b07bc227dd0b32b3f46de594fc987f7a25,det-v1,1,accepted,2204,101,447.943,0.0001182800,false,false
call-000301,arm10_spec_eprocess,cal/f1/s1100005/no_alert,31,meta-llama/llama-3.1-8b-instruct,sha256:51f6b609919fbde0957d030b1ac2fab6eca7feed9292d63b2eec81a7905d2705,det-v1,1,accepted,1834,101,0.002,0.0000997800,true,false
call-000302,arm10_spec_eprocess,cal/f1/s1100005/no_alert,41,meta-llama/llama-3.1-8b-instruct,sha256:90b0a78ff2800b6b24e302e49999358085a175fe80aef2ff54f02dc435cea739,det-v1,1,,2204,286,555.368,0.0001330800,false,true
call-000303,arm10_spec_eprocess,cal/f1/s1100005/no_alert,41,meta-llama/llama-3.1-8b-instruct,sha256:90b0a78ff2800b6b24e302e49999358085a175fe80aef2ff54f02dc435cea739,det-v1,1,accepted,2204,286,555.368,0.0001330800,false,false
call-000304,arm12_cth,cal/f1/s1100005/no_alert,31,meta-llama/llama-3.1-8b-instruct,sha256:51f6b609919fbde0957d030b1ac2fab6eca7feed9292d63b2eec81a7905d2705,det-v1,1,accepted,1834,101,0.002,0.0000997800,true,false
call-000305,arm12_cth,cal/f1/s1100005/no_alert,41,meta-llama/llama-3.1-8b-instruct,sha256:5bcf9724807cbac58c218658a6158d8324b7a0c7087808f3893f9722130028a6,det-v1,1,,2204,286,607.653,0.0001330800,false,true
call-000306,arm12_cth,cal/f1/s1100005/no_alert,41,meta-llama/llama-3.1-8b-instruct,sha256:5bcf9724807cbac58c218658a6158d8324b7a0c7087808f3893f9722130028a6,det-v1,1,accepted,2204,286,607.653,0.0001330800,false,false
call-000307,arm12b_cth_llm,cal/f1/s1100005/no_alert,31,meta-llama/llama-3.1-8b-instruct,sha256:51f6b609919fbde0957d030b1ac2fab6eca7feed9292d63b2eec81a7905d2705,det-v1,1,accepted,1834,101,0.002,0.0000997800,true,false
call-000308,arm12b_cth_llm,cal/f1/s1100005/no_alert,41,meta-llama/llama-3.1-8b-instruct,sha256:dbb2e3292565b3782ff3b52fa9b3e089d34d077df4ca3d371a9c4e691e18b3f3,det-v1,1,,2204,286,785.255,0.0001330800,false,true
call-000309,arm12b_cth_llm,cal/f1/s1100005/no_alert,41,meta-llama/llama-3.1-8b-instruct,sha256:dbb2e3292565b3782ff3b52fa9b3e089d34d077df4ca3d371a9c4e691e18b3f3,det-v1,1,accepted,2204,286,785.255,0.0001330800,false,false
call-000310,arm8_spec_immediate,cal/f1/s1100005/early_accurate,20,meta-llama/llama-3.1-8b-instruct,sha256:30dbc7a1d05f19147b27ab958519edbce3de00df209e851c0aa10a9b1d9f11ff,det-v1,1,,1465,135,842.782,0.0000840500,false,true
call-000311,arm8_spec_immediate,cal/f1/s1100005/early_accurate,20,meta-llama/llama-3.1-8b-instruct,sha256:30dbc7a1d05f19147b27ab958519edbce3de00df209e851c0aa10a9b1d9f11ff,det-v1,1,fallback,1465,135,842.782,0.0000840500,false,false
call-000312,arm8_spec_immediate,cal/f1/s1100005/early_accurate,20,meta-llama/llama-3.1-8b-instruct,sha256:5f00f80d5c860a904dbeacae14e65fa093f423ba9f565ac5c2eeb43334c891d9,det-v1,2,,1535,100,361.921,0.0000847500,false,true
call-000313,arm8_spec_immediate,cal/f1/s1100005/early_accurate,20,meta-llama/llama-3.1-8b-instruct,sha256:5f00f80d5c860a904dbeacae14e65fa093f423ba9f565ac5c2eeb43334c891d9,det-v1,2,fallback,1535,100,361.921,0.0000847500,false,false
call-000314,arm8_spec_immediate,cal/f1/s1100005/early_accurate,31,meta-llama/llama-3.1-8b-instruct,sha256:b468523239a4a0e0f68430dfe22904dc3d24a908d3e15ec7ead9a4de38f5782b,det-v1,1,,1872,101,401.056,0.0001016800,false,true
call-000315,arm8_spec_immediate,cal/f1/s1100005/early_accurate,31,meta-llama/llama-3.1-8b-instruct,sha256:b468523239a4a0e0f68430dfe22904dc3d24a908d3e15ec7ead9a4de38f5782b,det-v1,1,accepted,1872,101,401.056,0.0001016800,false,false
call-000316,arm10_spec_eprocess,cal/f1/s1100005/early_accurate,20,meta-llama/llama-3.1-8b-instruct,sha256:30dbc7a1d05f19147b27ab958519edbce3de00df209e851c0aa10a9b1d9f11ff,det-v1,1,fallback,1465,135,0.003,0.0000840500,true,false
call-000317,arm10_spec_eprocess,cal/f1/s1100005/early_accurate,20,meta-llama/llama-3.1-8b-instruct,sha256:5f00f80d5c860a904dbeacae14e65fa093f423ba9f565ac5c2eeb43334c891d9,det-v1,2,fallback,1535,100,0.003,0.0000847500,true,false
call-000318,arm10_spec_eprocess,cal/f1/s1100005/early_accurate,31,meta-llama/llama-3.1-8b-instruct,sha256:b468523239a4a0e0f68430dfe22904dc3d24a908d3e15ec7ead9a4de38f5782b,det-v1,1,accepted,1872,101,0.003,0.0001016800,true,false
call-000319,arm12_cth,cal/f1/s1100005/early_accurate,20,meta-llama/llama-3.1-8b-instruct,sha256:30dbc7a1d05f19147b27ab958519edbce3de00df209e851c0aa10a9b1d9f11ff,det-v1,1,fallback,1465,135,0.002,0.0000840500,true,false
call-000320,arm12_cth,cal/f1/s1100005/early_accurate,20,meta-llama/llama-3.1-8b-instruct,sha256:5f00f80d5c860a904dbeacae14e65fa093f423ba9f565ac5c2eeb43334c891d9,det-v1,2,fallback,1535,100,0.001,0.0000847500,true,false
call-000321,arm12_cth,cal/f1/s1100005/early_accurate,31,meta-llama/llama-3.1-8b-instruct,sha256:075031dc7ef46cf9ffa6cb5858ce35ef4480f16bbaff308063e67ce62f089877,det-v1,1,,1872,101,577.059,0.0001016800,false,true
call-000322,arm12_cth,cal/f1/s1100005/early_accurate,31,meta-llama/llama-3.1-8b-instruct,sha256:075031dc7ef46cf9ffa6cb5858ce35ef4480f16bbaff308063e67ce62f089877,det-v1,1,accepted,1872,101,577.059,0.0001016800,false,false
call-000323,arm12b_cth_llm,cal/f1/s1100005/early_accurate,20,meta-llama/llama-3.1-8b-instruct,sha256:30dbc7a1d05f19147b27ab958519edbce3de00df209e851c0aa10a9b1d9f11ff,det-v1,1,fallback,1465,135,0.002,0.0000840500,true,false
call-000324,arm12b_cth_llm,cal/f1/s1100005/early_accurate,20,meta-llama/llama-3.1-8b-instruct,sha256:5f00f80d5c860a904dbeacae14e65fa093f423ba9f565ac5c2eeb43334c891d9,det-v1,2,fallback,1535,100,0.001,0.0000847500,true,false
call-000325,arm12b_cth_llm,cal/f1/s1100005/early_accurate,31,meta-llama/llama-3.1-8b-instruct,sha256:b468523239a4a0e0f68430dfe22904dc3d24a908d3e15ec7ead9a4de38f5782b,det-v1,1,accepted,1872,101,0.001,0.0001016800,true,false
call-000326,arm8_spec_immediate,cal/f1/s1100005/late_accurate,23,meta-llama/llama-3.1-8b-instruct,sha256:428ea91138f0edfa5921852d1521b3ca96afa7603aa2f153ea829f44e2cddd5b,det-v1,1,,1576,196,490.022,0.0000944800,false,true
call-000327,arm8_spec_immediate,cal/f1/s1100005/late_accurate,23,meta-llama/llama-3.1-8b-instruct,sha256:428ea91138f0edfa5921852d1521b3ca96afa7603aa2f153ea829f44e2cddd5b,det-v1,1,accepted,1576,196,490.022,0.0000944800,false,false
call-000328,arm8_spec_immediate,cal/f1/s1100005/late_accurate,31,meta-llama/llama-3.1-8b-instruct,sha256:cc9c4c277176059acbc0fc440b63d943c0b347bcc33ff34f2095b147361956c5,det-v1,1,,1872,101,773.978,0.0001016800,false,true
call-000329,arm8_spec_immediate,cal/f1/s1100005/late_accurate,31,meta-llama/llama-3.1-8b-instruct,sha256:cc9c4c277176059acbc0fc440b63d943c0b347bcc33ff34f2095b147361956c5,det-v1,1,accepted,1872,101,773.978,0.0001016800,false,false
call-000330,arm10_spec_eprocess,cal/f1/s1100005/late_accurate,23,meta-llama/llama-3.1-8b-instruct,sha256:428ea91138f0edfa5921852d1521b3ca96afa7603aa2f153ea829f44e2cddd5b,det-v1,1,accepted,1576,196,0.004,0.0000944800,true,false
call-000331,arm10_spec_eprocess,cal/f1/s1100005/late_accurate,31,meta-llama/llama-3.1-8b-instruct,sha256:fa95c67168fa7414e57a3052f021f00ab62588c0393acb55770ada7456dd9b13,det-v1,1,,1872,101,395.305,0.0001016800,false,true
call-000332,arm10_spec_eprocess,cal/f1/s1100005/late_accurate,31,meta-llama/llama-3.1-8b-instruct,sha256:fa95c67168fa7414e57a3052f021f00ab62588c0393acb55770ada7456dd9b13,det-v1,1,accepted,1872,101,395.305,0.0001016800,false,false
call-000333,arm12_cth,cal/f1/s1100005/late_accurate,23,meta-llama/llama-3.1-8b-instruct,sha256:428ea91138f0edfa5921852d1521b3ca96afa7603aa2f153ea829f44e2cddd5b,det-v1,1,accepted,1576,196,0.002,0.0000944800,true,false
call-000334,arm12_cth,cal/f1/s1100005/late_accurate,31,meta-llama/llama-3.1-8b-instruct,sha256:c42604f338ad57f95f3340728047b0005b1f303d802f20a687fbeafdbba14c64,det-v1,1,,1872,101,327.761,0.0001016800,false,true
call-000335,arm12_cth,cal/f1/s1100005/late_accurate,31,meta-llama/llama-3.1-8b-instruct,sha256:c42604f338ad57f95f3340728047b0005b1f303d802f20a687fbeafdbba14c64,det-v1,1,accepted,1872,101,327.761,0.0001016800,false,false
call-000336,arm12b_cth_llm,cal/f1/s1100005/late_accurate,23,meta-llama/llama-3.1-8b-instruct,sha256:428ea91138f0edfa5921852d1521b3ca96afa7603aa2f153ea829f44e2cddd5b,det-v1,1,accepted,1576,196,0.002,0.0000944800,true,false
call-000337,arm12b_cth_llm,cal/f1/s1100005/late_accurate,31,meta-llama/llama-3.1-8b-instruct,sha256:0a0804972d9764db02ce0893b12097718734647ba59e9ded96405785d46ccfcc,det-v1,1,,1872,101,501.254,0.0001016800,false,true
call-000338,arm12b_cth_llm,cal/f1/s1100005/late_accurate,31,meta-llama/llama-3.1-8b-instruct,sha256:0a0804972d9764db02ce0893b12097718734647ba59e9ded96405785d46ccfcc,det-v1,1,accepted,1872,101,501.254,0.0001016800,false,false
call-000339,arm8_spec_immediate,cal/f1/s1100005/unreliable,20,meta-llama/llama-3.1-8b-instruct,sha256:7dda99f90b20d1716fe079d1743f58c2e06241f9fcb9a8b836a120305c2129a5,det-v1,1,,1471,110,474.122,0.0000823500,false,true
call-000340,arm8_spec_immediate,cal/f1/s1100005/unreliable,20,meta-llama/llama-3.1-8b-instruct,sha256:7dda99f90b20d1716fe079d1743f58c2e06241f9fcb9a8b836a120305c2129a5,det-v1,1,fallback,1471,110,474.122,0.0000823500,false,false
call-000341,arm8_spec_immediate,cal/f1/s1100005/unreliable,20,meta-llama/llama-3.1-8b-instruct,sha256:bf2234d542813938d33b438dbea0ad18daf18b17c28f38b78fff72595aa5244c,det-v1,2,,1541,97,358.379,0.0000848100,false,true
call-000342,arm8_spec_immediate,cal/f1/s1100005/unreliable,20,meta-llama/llama-3.1-8b-instruct,sha256:bf2234d542813938d33b438dbea0ad18daf18b17c28f38b78fff72595aa5244c,det-v1,2,fallback,1541,97,358.379,0.0000848100,false,false
call-000343,arm8_spec_immediate,cal/f1/s1100005/unreliable,31,meta-llama/llama-3.1-8b-instruct,sha256:9bda9721fdd42cad750c04b5d79b1fc133c0a083258154d9936ad41a05e2c4ef,det-v1,1,,1878,101,344.801,0.0001019800,false,true
call-000344,arm8_spec_immediate,cal/f1/s1100005/unreliable,31,meta-llama/llama-3.1-8b-instruct,sha256:9bda9721fdd42cad750c04b5d79b1fc133c0a083258154d9936ad41a05e2c4ef,det-v1,1,accepted,1878,101,344.801,0.0001019800,false,false
call-000345,arm10_spec_eprocess,cal/f1/s1100005/unreliable,20,meta-llama/llama-3.1-8b-instruct,sha256:7dda99f90b20d1716fe079d1743f58c2e06241f9fcb9a8b836a120305c2129a5,det-v1,1,fallback,1471,110,0.003,0.0000823500,true,false
call-000346,arm10_spec_eprocess,cal/f1/s1100005/unreliable,20,meta-llama/llama-3.1-8b-instruct,sha256:bf2234d542813938d33b438dbea0ad18daf18b17c28f38b78fff72595aa5244c,det-v1,2,fallback,1541,97,0.002,0.0000848100,true,false
call-000347,arm10_spec_eprocess,cal/f1/s1100005/unreliable,31,meta-llama/llama-3.1-8b-instruct,sha256:9bda9721fdd42cad750c04b5d79b1fc133c0a083258154d9936ad41a05e2c4ef,det-v1,1,accepted,1878,101,0.003,0.0001019800,true,false
call-000348,arm12_cth,cal/f1/s1100005/unreliable,20,meta-llama/llama-3.1-8b-instruct,sha256:7dda99f90b20d1716fe079d1743f58c2e06241f9fcb9a8b836a120305c2129a5,det-v1,1,fallback,1471,110,0.002,0.0000823500,true,false
call-000349,arm12_cth,cal/f1/s1100005/unreliable,20,meta-llama/llama-3.1-8b-instruct,sha256:bf2234d542813938d33b438dbea0ad18daf18b17c28f38b78fff72595aa5244c,det-v1,2,fallback,1541,97,0.001,0.0000848100,true,false
call-000350,arm12_cth,cal/f1/s1100005/unreliable,31,meta-llama/llama-3.1-8b-instruct,sha256:87e058e0d29f602f5376136930958500181bc8bd4c24dc8b42fa9e4e22a45c37,det-v1,1,,1878,241,573.190,0.0001131800,false,true
call-000351,arm12_cth,cal/f1/s1100005/unreliable,31,meta-llama/llama-3.1-8b-instruct,sha256:87e058e0d29f602f5376136930958500181bc8bd4c24dc8b42fa9e4e22a45c37,det-v1,1,accepted,1878,241,573.190,0.0001131800,false,false
call-000352,arm12b_cth_llm,cal/f1/s1100005/unreliable,20,meta-llama/llama-3.1-8b-instruct,sha256:7dda99f90b20d1716fe079d1743f58c2e06241f9fcb9a8b836a120305c2129a5,det-v1,1,fallback,1471,110,0.002,0.0000823500,true,false
call-000353,arm12b_cth_llm,cal/f1/s1100005/unreliable,20,meta-llama/llama-3.1-8b-instruct,sha256:bf2234d542813938d33b438dbea0ad18daf18b17c28f38b78fff72595aa5244c,det-v1,2,fallback,1541,97,0.001,0.0000848100,true,false
call-000354,arm12b_cth_llm,cal/f1/s1100005/unreliable,31,meta-llama/llama-3.1-8b-instruct,sha256:9bda9721fdd42cad750c04b5d79b1fc133c0a083258154d9936ad41a05e2c4ef,det-v1,1,accepted,1878,101,0.001,0.0001019800,true,false
call-000355,arm8_spec_immediate,cal/f1/s1100005/no_alert__twin,10,meta-llama/llama-3.1-8b-instruct,sha256:68f77aa34b73e6308bbe0eb5c043f669d43547e1c95433ef46a62707589bc879,det-v1,1,,1099,106,381.219,0.0000634300,false,true
call-000356,arm8_spec_immediate,cal/f1/s1100005/no_alert__twin,10,meta-llama/llama-3.1-8b-instruct,sha256:68f77aa34b73e6308bbe0eb5c043f669d43547e1c95433ef46a62707589bc879,det-v1,1,accepted,1099,106,381.219,0.0000634300,false,false
call-000357,arm10_spec_eprocess,cal/f1/s1100005/no_alert__twin,10,meta-llama/llama-3.1-8b-instruct,sha256:68f77aa34b73e6308bbe0eb5c043f669d43547e1c95433ef46a62707589bc879,det-v1,1,accepted,1099,106,0.002,0.0000634300,true,false
call-000358,arm12_cth,cal/f1/s1100005/no_alert__twin,10,meta-llama/llama-3.1-8b-instruct,sha256:68f77aa34b73e6308bbe0eb5c043f669d43547e1c95433ef46a62707589bc879,det-v1,1,accepted,1099,106,0.002,0.0000634300,true,false
call-000359,arm12b_cth_llm,cal/f1/s1100005/no_alert__twin,10,meta-llama/llama-3.1-8b-instruct,sha256:68f77aa34b73e6308bbe0eb5c043f669d43547e1c95433ef46a62707589bc879,det-v1,1,accepted,1099,106,0.002,0.0000634300,true,false
call-000360,arm8_spec_immediate,dev/f1/s1100006/no_alert,39,meta-llama/llama-3.1-8b-instruct,sha256:0694e52cbaf85cd7e84d3ac57f60f2e3eed08556812003f7e8af0339b663e916,det-v1,1,,2130,276,719.315,0.0001285800,false,true
call-000361,arm8_spec_immediate,dev/f1/s1100006/no_alert,39,meta-llama/llama-3.1-8b-instruct,sha256:0694e52cbaf85cd7e84d3ac57f60f2e3eed08556812003f7e8af0339b663e916,det-v1,1,accepted,2130,276,719.315,0.0001285800,false,false
call-000362,arm8_spec_immediate,dev/f1/s1100006/no_alert,47,meta-llama/llama-3.1-8b-instruct,sha256:e81edf6513cf2f7ba4e9b2f138a661c7231f29b4fabca05beb5732d71a927681,det-v1,1,,2426,316,1046.787,0.0001465800,false,true
call-000363,arm8_spec_immediate,dev/f1/s1100006/no_alert,47,meta-llama/llama-3.1-8b-instruct,sha256:e81edf6513cf2f7ba4e9b2f138a661c7231f29b4fabca05beb5732d71a927681,det-v1,1,accepted,2426,316,1046.787,0.0001465800,false,false
call-000364,arm10_spec_eprocess,dev/f1/s1100006/no_alert,39,meta-llama/llama-3.1-8b-instruct,sha256:0694e52cbaf85cd7e84d3ac57f60f2e3eed08556812003f7e8af0339b663e916,det-v1,1,accepted,2130,276,0.003,0.0001285800,true,false
call-000365,arm10_spec_eprocess,dev/f1/s1100006/no_alert,47,meta-llama/llama-3.1-8b-instruct,sha256:0eee7b4eec797bc843d5d09e605c5037f6b8e82bb8593a99d2261dc19f344b3e,det-v1,1,,2426,270,792.111,0.0001429000,false,true
call-000366,arm10_spec_eprocess,dev/f1/s1100006/no_alert,47,meta-llama/llama-3.1-8b-instruct,sha256:0eee7b4eec797bc843d5d09e605c5037f6b8e82bb8593a99d2261dc19f344b3e,det-v1,1,fallback,2426,270,792.111,0.0001429000,false,false
call-000367,arm10_spec_eprocess,dev/f1/s1100006/no_alert,47,meta-llama/llama-3.1-8b-instruct,sha256:9c6c35c9aff301f85553b666ff468d40923ea257778e4e7b9090ac58c6b9e1b8,det-v1,2,,2496,100,1113.350,0.0001328000,false,true
call-000368,arm10_spec_eprocess,dev/f1/s1100006/no_alert,47,meta-llama/llama-3.1-8b-instruct,sha256:9c6c35c9aff301f85553b666ff468d40923ea257778e4e7b9090ac58c6b9e1b8,det-v1,2,fallback,2496,100,1113.350,0.0001328000,false,false
call-000369,arm12_cth,dev/f1/s1100006/no_alert,39,meta-llama/llama-3.1-8b-instruct,sha256:0694e52cbaf85cd7e84d3ac57f60f2e3eed08556812003f7e8af0339b663e916,det-v1,1,accepted,2130,276,0.002,0.0001285800,true,false
call-000370,arm12_cth,dev/f1/s1100006/no_alert,47,meta-llama/llama-3.1-8b-instruct,sha256:e624b2d4f14356afa4ceeb01dce1ef4195ca019f34f2770f8ec5384c60133778,det-v1,1,,2426,270,818.689,0.0001429000,false,true
call-000371,arm12_cth,dev/f1/s1100006/no_alert,47,meta-llama/llama-3.1-8b-instruct,sha256:e624b2d4f14356afa4ceeb01dce1ef4195ca019f34f2770f8ec5384c60133778,det-v1,1,fallback,2426,270,818.689,0.0001429000,false,false
call-000372,arm12_cth,dev/f1/s1100006/no_alert,47,meta-llama/llama-3.1-8b-instruct,sha256:bae635071e2c38f7776d432c1d881428384904ed464ef5b8c77bc560b60b1aa6,det-v1,2,,2496,100,439.165,0.0001328000,false,true
call-000373,arm12_cth,dev/f1/s1100006/no_alert,47,meta-llama/llama-3.1-8b-instruct,sha256:bae635071e2c38f7776d432c1d881428384904ed464ef5b8c77bc560b60b1aa6,det-v1,2,fallback,2496,100,439.165,0.0001328000,false,false
call-000374,arm12b_cth_llm,dev/f1/s1100006/no_alert,39,meta-llama/llama-3.1-8b-instruct,sha256:0694e52cbaf85cd7e84d3ac57f60f2e3eed08556812003f7e8af0339b663e916,det-v1,1,accepted,2130,276,0.002,0.0001285800,true,false
call-000375,arm12b_cth_llm,dev/f1/s1100006/no_alert,47,meta-llama/llama-3.1-8b-instruct,sha256:e624b2d4f14356afa4ceeb01dce1ef4195ca019f34f2770f8ec5384c60133778,det-v1,1,fallback,2426,270,0.001,0.0001429000,true,false
call-000376,arm12b_cth_llm,dev/f1/s1100006/no_alert,47,meta-llama/llama-3.1-8b-instruct,sha256:bae635071e2c38f7776d432c1d881428384904ed464ef5b8c77bc560b60b1aa6,det-v1,2,fallback,2496,100,0.001,0.0001328000,true,false
call-000377,arm8_spec_immediate,dev/f1/s1100006/early_accurate,20,meta-llama/llama-3.1-8b-instruct,sha256:35917ec98a2ac1e39b87e00dd0668262f05a0ab440a797d38f8709c4c9e23a75,det-v1,1,,1469,116,347.483,0.0000827300,false,true
call-000378,arm8_spec_immediate,dev/f1/s1100006/early_accurate,20,meta-llama/llama-3.1-8b-instruct,sha256:35917ec98a2ac1e39b87e00dd0668262f05a0ab440a797d38f8709c4c9e23a75,det-v1,1,accepted,1469,116,347.483,0.0000827300,false,false
call-000379,arm8_spec_immediate,dev/f1/s1100006/early_accurate,39,meta-llama/llama-3.1-8b-instruct,sha256:aa061d9c9e283673261d7c708a310f220a17fd071360680413b9b61e6042d0cf,det-v1,1,,2172,281,667.213,0.0001310800,false,true
call-000380,arm8_spec_immediate,dev/f1/s1100006/early_accurate,39,meta-llama/llama-3.1-8b-instruct,sha256:aa061d9c9e283673261d7c708a310f220a17fd071360680413b9b61e6042d0cf,det-v1,1,accepted,2172,281,667.213,0.0001310800,false,false
call-000381,arm10_spec_eprocess,dev/f1/s1100006/early_accurate,20,meta-llama/llama-3.1-8b-instruct,sha256:35917ec98a2ac1e39b87e00dd0668262f05a0ab440a797d38f8709c4c9e23a75,det-v1,1,accepted,1469,116,0.003,0.0000827300,true,false
call-000382,arm10_spec_eprocess,dev/f1/s1100006/early_accurate,39,meta-llama/llama-3.1-8b-instruct,sha256:36e4a7635e39e2e110b93e42e3e383ab07a3d428704c2975462e0b85f4c718f9,det-v1,1,,2172,281,726.579,0.0001310800,false,true
call-000383,arm10_spec_eprocess,dev/f1/s1100006/early_accurate,39,meta-llama/llama-3.1-8b-instruct,sha256:36e4a7635e39e2e110b93e42e3e383ab07a3d428704c2975462e0b85f4c718f9,det-v1,1,accepted,2172,281,726.579,0.0001310800,false,false
call-000384,arm12_cth,dev/f1/s1100006/early_accurate,20,meta-llama/llama-3.1-8b-instruct,sha256:35917ec98a2ac1e39b87e00dd0668262f05a0ab440a797d38f8709c4c9e23a75,det-v1,1,accepted,1469,116,0.002,0.0000827300,true,false
call-000385,arm12_cth,dev/f1/s1100006/early_accurate,39,meta-llama/llama-3.1-8b-instruct,sha256:b1a1974a0ec1e40e444afdac081aaef6e4f496304dfb0fb86bfe5f7e5e62e952,det-v1,1,,2172,281,540.880,0.0001310800,false,true
call-000386,arm12_cth,dev/f1/s1100006/early_accurate,39,meta-llama/llama-3.1-8b-instruct,sha256:b1a1974a0ec1e40e444afdac081aaef6e4f496304dfb0fb86bfe5f7e5e62e952,det-v1,1,accepted,2172,281,540.880,0.0001310800,false,false
call-000387,arm12b_cth_llm,dev/f1/s1100006/early_accurate,20,meta-llama/llama-3.1-8b-instruct,sha256:35917ec98a2ac1e39b87e00dd0668262f05a0ab440a797d38f8709c4c9e23a75,det-v1,1,accepted,1469,116,0.002,0.0000827300,true,false
call-000388,arm12b_cth_llm,dev/f1/s1100006/early_accurate,39,meta-llama/llama-3.1-8b-instruct,sha256:3a5056744f8ca11602e325341312b3c351dcbed92069445c4a034b7fb6308f92,det-v1,1,,2172,281,616.358,0.0001310800,false,true
call-000389,arm12b_cth_llm,dev/f1/s1100006/early_accurate,39,meta-llama/llama-3.1-8b-instruct,sha256:3a5056744f8ca11602e325341312b3c351dcbed92069445c4a034b7fb6308f92,det-v1,1,accepted,2172,281,616.358,0.0001310800,false,false
call-000390,arm8_spec_immediate,dev/f1/s1100006/late_accurate,23,meta-llama/llama-3.1-8b-instruct,sha256:65271686d5fac9862eecca044f640e635f3f97b9ee22859cec3b2e30b1da5a23,det-v1,1,,1580,201,468.671,0.0000950800,false,true
call-000391,arm8_spec_immediate,dev/f1/s1100006/late_accurate,23,meta-llama/llama-3.1-8b-instruct,sha256:65271686d5fac9862eecca044f640e635f3f97b9ee22859cec3b2e30b1da5a23,det-v1,1,accepted,1580,201,468.671,0.0000950800,false,false
call-000392,arm8_spec_immediate,dev/f1/s1100006/late_accurate,39,meta-llama/llama-3.1-8b-instruct,sha256:199d97de93c273ce2876d178913df7c313e8f98664f0b50bd7a7c228db6f1e63,det-v1,1,,2172,281,889.181,0.0001310800,false,true
call-000393,arm8_spec_immediate,dev/f1/s1100006/late_accurate,39,meta-llama/llama-3.1-8b-instruct,sha256:199d97de93c273ce2876d178913df7c313e8f98664f0b50bd7a7c228db6f1e63,det-v1,1,accepted,2172,281,889.181,0.0001310800,false,false
call-000394,arm10_spec_eprocess,dev/f1/s1100006/late_accurate,23,meta-llama/llama-3.1-8b-instruct,sha256:65271686d5fac9862eecca044f640e635f3f97b9ee22859cec3b2e30b1da5a23,det-v1,1,accepted,1580,201,0.003,0.0000950800,true,false
call-000395,arm10_spec_eprocess,dev/f1/s1100006/late_accurate,39,meta-llama/llama-3.1-8b-instruct,sha256:64bed25ca13774038988e58d687e47fa93fdfb268add5f873815a272ad401dcb,det-v1,1,,2172,281,576.152,0.0001310800,false,true
call-000396,arm10_spec_eprocess,dev/f1/s1100006/late_accurate,39,meta-llama/llama-3.1-8b-instruct,sha256:64bed25ca13774038988e58d687e47fa93fdfb268add5f873815a272ad401dcb,det-v1,1,accepted,2172,281,576.152,0.0001310800,false,false
call-000397,arm12_cth,dev/f1/s1100006/late_accurate,23,meta-llama/llama-3.1-8b-instruct,sha256:65271686d5fac9862eecca044f640e635f3f97b9ee22859cec3b2e30b1da5a23,det-v1,1,accepted,1580,201,0.002,0.0000950800,true,false
call-000398,arm12_cth,dev/f1/s1100006/late_accurate,39,meta-llama/llama-3.1-8b-instruct,sha256:85b938ba119293196f35d67add576b47dbead3216380001484f589830638ee28,det-v1,1,,2172,281,626.629,0.0001310800,false,true
call-000399,arm12_cth,dev/f1/s1100006/late_accurate,39,meta-llama/llama-3.1-8b-instruct,sha256:85b938ba119293196f35d67add576b47dbead3216380001484f589830638ee28,det-v1,1,accepted,2172,281,626.629,0.0001310800,false,false
call-000400,arm12b_cth_llm,dev/f1/s1100006/late_accurate,23,meta-llama/llama-3.1-8b-instruct,sha256:65271686d5fac9862eecca044f640e635f3f97b9ee22859cec3b2e30b1da5a23,det-v1,1,accepted,1580,201,0.001,0.0000950800,true,false
call-000401,arm12b_cth_llm,dev/f1/s1100006/late_accurate,39,meta-llama/llama-3.1-8b-instruct,sha256:73b9704b15f1c544e7377e1974f6d3a6d8ae86f03e7154fab90fd621096de795,det-v1,1,,2172,242,684.207,0.0001279600,false,true
call-000402,arm12b_cth_llm,dev/f1/s1100006/late_accurate,39,meta-llama/llama-3.1-8b-instruct,sha256:73b9704b15f1c544e7377e1974f6d3a6d8ae86f03e7154fab90fd621096de795,det-v1,1,accepted,2172,242,684.207,0.0001279600,false,false
call-000403,arm8_spec_immediate,dev/f1/s1100006/unreliable,20,meta-llama/llama-3.1-8b-instruct,sha256:5462ab57f47a925b84531313b946f8166dafda81d08fc4b8e1bb17a1716f0491,det-v1,1,,1453,180,352.562,0.0000870500,false,true
call-000404,arm8_spec_immediate,dev/f1/s1100006/unreliable,20,meta-llama/llama-3.1-8b-instruct,sha256:5462ab57f47a925b84531313b946f8166dafda81d08fc4b8e1bb17a1716f0491,det-v1,1,fallback,1453,180,352.562,0.0000870500,false,false
call-000405,arm8_spec_immediate,dev/f1/s1100006/unreliable,20,meta-llama/llama-3.1-8b-instruct,sha256:afd992e2ac110ccc1407288de450325d68b8e0a9647b13d96f80afceb036ee69,det-v1,2,,1523,100,356.515,0.0000841500,false,true
call-000406,arm8_spec_immediate,dev/f1/s1100006/unreliable,20,meta-llama/llama-3.1-8b-instruct,sha256:afd992e2ac110ccc1407288de450325d68b8e0a9647b13d96f80afceb036ee69,det-v1,2,fallback,1523,100,356.515,0.0000841500,false,false
call-000407,arm8_spec_immediate,dev/f1/s1100006/unreliable,39,meta-llama/llama-3.1-8b-instruct,sha256:7de2f34cc0ed46100bceecb008ebe568771d8f52923fed6cd1e783496b071123,det-v1,1,,2156,276,668.140,0.0001298800,false,true
call-000408,arm8_spec_immediate,dev/f1/s1100006/unreliable,39,meta-llama/llama-3.1-8b-instruct,sha256:7de2f34cc0ed46100bceecb008ebe568771d8f52923fed6cd1e783496b071123,det-v1,1,accepted,2156,276,668.140,0.0001298800,false,false
call-000409,arm10_spec_eprocess,dev/f1/s1100006/unreliable,20,meta-llama/llama-3.1-8b-instruct,sha256:5462ab57f47a925b84531313b946f8166dafda81d08fc4b8e1bb17a1716f0491,det-v1,1,fallback,1453,180,0.004,0.0000870500,true,false
call-000410,arm10_spec_eprocess,dev/f1/s1100006/unreliable,20,meta-llama/llama-3.1-8b-instruct,sha256:afd992e2ac110ccc1407288de450325d68b8e0a9647b13d96f80afceb036ee69,det-v1,2,fallback,1523,100,0.002,0.0000841500,true,false
call-000411,arm10_spec_eprocess,dev/f1/s1100006/unreliable,39,meta-llama/llama-3.1-8b-instruct,sha256:7de2f34cc0ed46100bceecb008ebe568771d8f52923fed6cd1e783496b071123,det-v1,1,accepted,2156,276,0.003,0.0001298800,true,false
call-000412,arm12_cth,dev/f1/s1100006/unreliable,20,meta-llama/llama-3.1-8b-instruct,sha256:5462ab57f47a925b84531313b946f8166dafda81d08fc4b8e1bb17a1716f0491,det-v1,1,fallback,1453,180,0.002,0.0000870500,true,false
call-000413,arm12_cth,dev/f1/s1100006/unreliable,20,meta-llama/llama-3.1-8b-instruct,sha256:afd992e2ac110ccc1407288de450325d68b8e0a9647b13d96f80afceb036ee69,det-v1,2,fallback,1523,100,0.001,0.0000841500,true,false
call-000414,arm12_cth,dev/f1/s1100006/unreliable,39,meta-llama/llama-3.1-8b-instruct,sha256:9f2597c293ae1f625b36fff3f57e9f3f222eab20f78f68a56ce5482c2bc42075,det-v1,1,,2156,276,662.937,0.0001298800,false,true
call-000415,arm12_cth,dev/f1/s1100006/unreliable,39,meta-llama/llama-3.1-8b-instruct,sha256:9f2597c293ae1f625b36fff3f57e9f3f222eab20f78f68a56ce5482c2bc42075,det-v1,1,accepted,2156,276,662.937,0.0001298800,false,false
call-000416,arm12b_cth_llm,dev/f1/s1100006/unreliable,20,meta-llama/llama-3.1-8b-instruct,sha256:5462ab57f47a925b84531313b946f8166dafda81d08fc4b8e1bb17a1716f0491,det-v1,1,fallback,1453,180,0.002,0.0000870500,true,false
call-000417,arm12b_cth_llm,dev/f1/s1100006/unreliable,20,meta-llama/llama-3.1-8b-instruct,sha256:afd992e2ac110ccc1407288de450325d68b8e0a9647b13d96f80afceb036ee69,det-v1,2,fallback,1523,100,0.001,0.0000841500,true,false
call-000418,arm12b_cth_llm,dev/f1/s1100006/unreliable,39,meta-llama/llama-3.1-8b-instruct,sha256:7de2f34cc0ed46100bceecb008ebe568771d8f52923fed6cd1e783496b071123,det-v1,1,accepted,2156,276,0.001,0.0001298800,true,false
call-000419,arm8_spec_immediate,dev/f1/s1100006/no_alert__twin,10,meta-llama/llama-3.1-8b-instruct,sha256:07955597029dd48b24e0c4cec9a349924db532bf51cd3eae7c23490a0f6c5e37,det-v1,1,,1095,131,305.198,0.0000652300,false,true
call-000420,arm8_spec_immediate,dev/f1/s1100006/no_alert__twin,10,meta-llama/llama-3.1-8b-instruct,sha256:07955597029dd48b24e0c4cec9a349924db532bf51cd3eae7c23490a0f6c5e37,det-v1,1,accepted,1095,131,305.198,0.0000652300,false,false
call-000421,arm10_spec_eprocess,dev/f1/s1100006/no_alert__twin,10,meta-llama/llama-3.1-8b-instruct,sha256:07955597029dd48b24e0c4cec9a349924db532bf51cd3eae7c23490a0f6c5e37,det-v1,1,accepted,1095,131,0.002,0.0000652300,true,false
call-000422,arm12_cth,dev/f1/s1100006/no_alert__twin,10,meta-llama/llama-3.1-8b-instruct,sha256:07955597029dd48b24e0c4cec9a349924db532bf51cd3eae7c23490a0f6c5e37,det-v1,1,accepted,1095,131,0.001,0.0000652300,true,false
call-000423,arm12b_cth_llm,dev/f1/s1100006/no_alert__twin,10,meta-llama/llama-3.1-8b-instruct,sha256:07955597029dd48b24e0c4cec9a349924db532bf51cd3eae7c23490a0f6c5e37,det-v1,1,accepted,1095,131,0.002,0.0000652300,true,false
call-000424,arm8_spec_immediate,cal/f1/s1100007/no_alert,23,meta-llama/llama-3.1-8b-instruct,sha256:9d6c492568065402eeec41fad4003ee677ad01611cda64dd6e896cffdca30cad,det-v1,1,,1538,101,424.128,0.0000849800,false,true
call-000425,arm8_spec_immediate,cal/f1/s1100007/no_alert,23,meta-llama/llama-3.1-8b-instruct,sha256:9d6c492568065402eeec41fad4003ee677ad01611cda64dd6e896cffdca30cad,det-v1,1,accepted,1538,101,424.128,0.0000849800,false,false
call-000426,arm8_spec_immediate,cal/f1/s1100007/no_alert,30,meta-llama/llama-3.1-8b-instruct,sha256:8beccf2f3d23ec78a043c6d724d93e2324e772c386030c79f1f2eb667ada632f,det-v1,1,,1797,98,346.187,0.0000976900,false,true
call-000427,arm8_spec_immediate,cal/f1/s1100007/no_alert,30,meta-llama/llama-3.1-8b-instruct,sha256:8beccf2f3d23ec78a043c6d724d93e2324e772c386030c79f1f2eb667ada632f,det-v1,1,accepted,1797,98,346.187,0.0000976900,false,false
call-000428,arm10_spec_eprocess,cal/f1/s1100007/no_alert,23,meta-llama/llama-3.1-8b-instruct,sha256:9d6c492568065402eeec41fad4003ee677ad01611cda64dd6e896cffdca30cad,det-v1,1,accepted,1538,101,0.002,0.0000849800,true,false
call-000429,arm10_spec_eprocess,cal/f1/s1100007/no_alert,30,meta-llama/llama-3.1-8b-instruct,sha256:1865eac5cce2e09b515a8133e4fe4c4cab962b17db6693500845eefc44bd6e9f,det-v1,1,,1797,98,376.083,0.0000976900,false,true
call-000430,arm10_spec_eprocess,cal/f1/s1100007/no_alert,30,meta-llama/llama-3.1-8b-instruct,sha256:1865eac5cce2e09b515a8133e4fe4c4cab962b17db6693500845eefc44bd6e9f,det-v1,1,accepted,1797,98,376.083,0.0000976900,false,false
call-000431,arm12_cth,cal/f1/s1100007/no_alert,23,meta-llama/llama-3.1-8b-instruct,sha256:9d6c492568065402eeec41fad4003ee677ad01611cda64dd6e896cffdca30cad,det-v1,1,accepted,1538,101,0.003,0.0000849800,true,false
call-000432,arm12_cth,cal/f1/s1100007/no_alert,30,meta-llama/llama-3.1-8b-instruct,sha256:60a4e1f6f15b221de74d501ac6e9ebf88c5d81d6046cf3eb16bd0f00ba7bd672,det-v1,1,,1797,98,302.754,0.0000976900,false,true
call-000433,arm12_cth,cal/f1/s1100007/no_alert,30,meta-llama/llama-3.1-8b-instruct,sha256:60a4e1f6f15b221de74d501ac6e9ebf88c5d81d6046cf3eb16bd0f00ba7bd672,det-v1,1,accepted,1797,98,302.754,0.0000976900,false,false
call-000434,arm12b_cth_llm,cal/f1/s1100007/no_alert,23,meta-llama/llama-3.1-8b-instruct,sha256:9d6c492568065402eeec41fad4003ee677ad01611cda64dd6e896cffdca30cad,det-v1,1,accepted,1538,101,0.003,0.0000849800,true,false
call-000435,arm12b_cth_llm,cal/f1/s1100007/no_alert,30,meta-llama/llama-3.1-8b-instruct,sha256:60a4e1f6f15b221de74d501ac6e9ebf88c5d81d6046cf3eb16bd0f00ba7bd672,det-v1,1,accepted,1797,98,0.002,0.0000976900,true,false
call-000436,arm8_spec_immediate,cal/f1/s1100007/early_accurate,13,meta-llama/llama-3.1-8b-instruct,sha256:c2aee19d4a34fdaab86e177297ddc782fc8de7766c852ff14ad02c2ac4e71d2f,det-v1,1,,1211,146,375.541,0.0000722300,false,true
call-000437,arm8_spec_immediate,cal/f1/s1100007/early_accurate,13,meta-llama/llama-3.1-8b-instruct,sha256:c2aee19d4a34fdaab86e177297ddc782fc8de7766c852ff14ad02c2ac4e71d2f,det-v1,1,accepted,1211,146,375.541,0.0000722300,false,false
call-000438,arm8_spec_immediate,cal/f1/s1100007/early_accurate,23,meta-llama/llama-3.1-8b-instruct,sha256:24cfc1a206006c7b8811da41c3a139adb106534b30e3849f8c877215334cc5c4,det-v1,1,,1581,201,484.819,0.0000951300,false,true
call-000439,arm8_spec_immediate,cal/f1/s1100007/early_accurate,23,meta-llama/llama-3.1-8b-instruct,sha256:24cfc1a206006c7b8811da41c3a139adb106534b30e3849f8c877215334cc5c4,det-v1,1,accepted,1581,201,484.819,0.0000951300,false,false
call-000440,arm10_spec_eprocess,cal/f1/s1100007/early_accurate,13,meta-llama/llama-3.1-8b-instruct,sha256:c2aee19d4a34fdaab86e177297ddc782fc8de7766c852ff14ad02c2ac4e71d2f,det-v1,1,accepted,1211,146,0.002,0.0000722300,true,false
call-000441,arm10_spec_eprocess,cal/f1/s1100007/early_accurate,23,meta-llama/llama-3.1-8b-instruct,sha256:4ac2c8d65b0ef3faba6f89ca438ecd1f9c581e40c4073cc3d63c3ba8928ce61a,det-v1,1,,1581,201,508.885,0.0000951300,false,true
call-000442,arm10_spec_eprocess,cal/f1/s1100007/early_accurate,23,meta-llama/llama-3.1-8b-instruct,sha256:4ac2c8d65b0ef3faba6f89ca438ecd1f9c581e40c4073cc3d63c3ba8928ce61a,det-v1,1,accepted,1581,201,508.885,0.0000951300,false,false
call-000443,arm12_cth,cal/f1/s1100007/early_accurate,13,meta-llama/llama-3.1-8b-instruct,sha256:c2aee19d4a34fdaab86e177297ddc782fc8de7766c852ff14ad02c2ac4e71d2f,det-v1,1,accepted,1211,146,0.002,0.0000722300,true,false
call-000444,arm12_cth,cal/f1/s1100007/early_accurate,23,meta-llama/llama-3.1-8b-instruct,sha256:f25229519106dff329f3f083d0f0d5c2725a123dc1c372a74a57b83997835357,det-v1,1,,1557,81,1380.977,0.0000843300,false,true
call-000445,arm12_cth,cal/f1/s1100007/early_accurate,23,meta-llama/llama-3.1-8b-instruct,sha256:f25229519106dff329f3f083d0f0d5c2725a123dc1c372a74a57b83997835357,det-v1,1,fallback,1557,81,1380.977,0.0000843300,false,false
call-000446,arm12_cth,cal/f1/s1100007/early_accurate,23,meta-llama/llama-3.1-8b-instruct,sha256:772105d5f135925b5cd3614822df77ec5881ea515699c3c072f3157163dd4fe5,det-v1,2,,1627,85,2238.700,0.0000881500,false,true
call-000447,arm12_cth,cal/f1/s1100007/early_accurate,23,meta-llama/llama-3.1-8b-instruct,sha256:772105d5f135925b5cd3614822df77ec5881ea515699c3c072f3157163dd4fe5,det-v1,2,fallback,1627,85,2238.700,0.0000881500,false,false
call-000448,arm12b_cth_llm,cal/f1/s1100007/early_accurate,13,meta-llama/llama-3.1-8b-instruct,sha256:c2aee19d4a34fdaab86e177297ddc782fc8de7766c852ff14ad02c2ac4e71d2f,det-v1,1,accepted,1211,146,0.002,0.0000722300,true,false
call-000449,arm12b_cth_llm,cal/f1/s1100007/early_accurate,23,meta-llama/llama-3.1-8b-instruct,sha256:4b71f387a0cb8d40757cbeaf8e4c21f3513a77156a7cd74f9b6679d5dc9f9b1b,det-v1,1,,1557,79,920.884,0.0000841700,false,true
call-000450,arm12b_cth_llm,cal/f1/s1100007/early_accurate,23,meta-llama/llama-3.1-8b-instruct,sha256:4b71f387a0cb8d40757cbeaf8e4c21f3513a77156a7cd74f9b6679d5dc9f9b1b,det-v1,1,accepted,1557,79,920.884,0.0000841700,false,false
call-000451,arm8_spec_immediate,cal/f1/s1100007/late_accurate,16,meta-llama/llama-3.1-8b-instruct,sha256:d4985b3e15ed596f94d99a636f6c58f19648210c67e872c162aeaa3a9068ea5c,det-v1,1,,1322,161,706.366,0.0000789800,false,true
call-000452,arm8_spec_immediate,cal/f1/s1100007/late_accurate,16,meta-llama/llama-3.1-8b-instruct,sha256:d4985b3e15ed596f94d99a636f6c58f19648210c67e872c162aeaa3a9068ea5c,det-v1,1,accepted,1322,161,706.366,0.0000789800,false,false
call-000453,arm8_spec_immediate,cal/f1/s1100007/late_accurate,24,meta-llama/llama-3.1-8b-instruct,sha256:aa0930fd99c8e5c5ebc61387ea11ae47a8d723bae6cc017108167c2fffb665db,det-v1,1,,1618,182,530.899,0.0000954600,false,true
call-000454,arm8_spec_immediate,cal/f1/s1100007/late_accurate,24,meta-llama/llama-3.1-8b-instruct,sha256:aa0930fd99c8e5c5ebc61387ea11ae47a8d723bae6cc017108167c2fffb665db,det-v1,1,accepted,1618,182,530.899,0.0000954600,false,false
call-000455,arm10_spec_eprocess,cal/f1/s1100007/late_accurate,16,meta-llama/llama-3.1-8b-instruct,sha256:d4985b3e15ed596f94d99a636f6c58f19648210c67e872c162aeaa3a9068ea5c,det-v1,1,accepted,1322,161,0.004,0.0000789800,true,false
call-000456,arm10_spec_eprocess,cal/f1/s1100007/late_accurate,24,meta-llama/llama-3.1-8b-instruct,sha256:fe05651916b6dcdb9580978327c06f0d52d3032fbbd6fd3d490e08a98ae11e9a,det-v1,1,,1618,182,415.600,0.0000954600,false,true
call-000457,arm10_spec_eprocess,cal/f1/s1100007/late_accurate,24,meta-llama/llama-3.1-8b-instruct,sha256:fe05651916b6dcdb9580978327c06f0d52d3032fbbd6fd3d490e08a98ae11e9a,det-v1,1,accepted,1618,182,415.600,0.0000954600,false,false
call-000458,arm12_cth,cal/f1/s1100007/late_accurate,16,meta-llama/llama-3.1-8b-instruct,sha256:d4985b3e15ed596f94d99a636f6c58f19648210c67e872c162aeaa3a9068ea5c,det-v1,1,accepted,1322,161,0.002,0.0000789800,true,false
call-000459,arm12_cth,cal/f1/s1100007/late_accurate,24,meta-llama/llama-3.1-8b-instruct,sha256:7c628587f5da3a6070be0ddb5e5bbcde0edcff47e69860f11d2fcb439080882e,det-v1,1,,1594,81,1049.197,0.0000861800,false,true
call-000460,arm12_cth,cal/f1/s1100007/late_accurate,24,meta-llama/llama-3.1-8b-instruct,sha256:7c628587f5da3a6070be0ddb5e5bbcde0edcff47e69860f11d2fcb439080882e,det-v1,1,fallback,1594,81,1049.197,0.0000861800,false,false
call-000461,arm12_cth,cal/f1/s1100007/late_accurate,24,meta-llama/llama-3.1-8b-instruct,sha256:183608534448c2b242f53221b540b6a3b9005ab5962e43146f1b71962b5419ce,det-v1,2,,1664,81,1139.909,0.0000896800,false,true
call-000462,arm12_cth,cal/f1/s1100007/late_accurate,24,meta-llama/llama-3.1-8b-instruct,sha256:183608534448c2b242f53221b540b6a3b9005ab5962e43146f1b71962b5419ce,det-v1,2,fallback,1664,81,1139.909,0.0000896800,false,false
call-000463,arm12b_cth_llm,cal/f1/s1100007/late_accurate,16,meta-llama/llama-3.1-8b-instruct,sha256:d4985b3e15ed596f94d99a636f6c58f19648210c67e872c162aeaa3a9068ea5c,det-v1,1,accepted,1322,161,0.002,0.0000789800,true,false
call-000464,arm12b_cth_llm,cal/f1/s1100007/late_accurate,24,meta-llama/llama-3.1-8b-instruct,sha256:4372ac42db1369509908f5458acec7f20728a631210c6aa3836bc4c41be4c44d,det-v1,1,,1594,81,874.306,0.0000861800,false,true
call-000465,arm12b_cth_llm,cal/f1/s1100007/late_accurate,24,meta-llama/llama-3.1-8b-instruct,sha256:4372ac42db1369509908f5458acec7f20728a631210c6aa3836bc4c41be4c44d,det-v1,1,fallback,1594,81,874.306,0.0000861800,false,false
call-000466,arm12b_cth_llm,cal/f1/s1100007/late_accurate,24,meta-llama/llama-3.1-8b-instruct,sha256:292f71ed2a1e007f7b504e69b76c0f974ce6d6a500b876f4a51229583bb4539d,det-v1,2,,1664,209,1613.079,0.0000999200,false,true
call-000467,arm12b_cth_llm,cal/f1/s1100007/late_accurate,24,meta-llama/llama-3.1-8b-instruct,sha256:292f71ed2a1e007f7b504e69b76c0f974ce6d6a500b876f4a51229583bb4539d,det-v1,2,fallback,1664,209,1613.079,0.0000999200,false,false
call-000468,arm8_spec_immediate,cal/f1/s1100007/unreliable,13,meta-llama/llama-3.1-8b-instruct,sha256:420fff143a6e6ad290ac311579538eab5668065c45a1abf57ae8afd76afe937c,det-v1,1,,1184,81,1352.541,0.0000656800,false,true
call-000469,arm8_spec_immediate,cal/f1/s1100007/unreliable,13,meta-llama/llama-3.1-8b-instruct,sha256:420fff143a6e6ad290ac311579538eab5668065c45a1abf57ae8afd76afe937c,det-v1,1,fallback,1184,81,1352.541,0.0000656800,false,false
call-000470,arm8_spec_immediate,cal/f1/s1100007/unreliable,13,meta-llama/llama-3.1-8b-instruct,sha256:a3b5da20ea8ccd3cbd7e7b201e8241b0d3efa38662c0a5ea47d2b3f682ab992f,det-v1,2,,1254,89,1134.327,0.0000698200,false,true
call-000471,arm8_spec_immediate,cal/f1/s1100007/unreliable,13,meta-llama/llama-3.1-8b-instruct,sha256:a3b5da20ea8ccd3cbd7e7b201e8241b0d3efa38662c0a5ea47d2b3f682ab992f,det-v1,2,fallback,1254,89,1134.327,0.0000698200,false,false
call-000472,arm8_spec_immediate,cal/f1/s1100007/unreliable,23,meta-llama/llama-3.1-8b-instruct,sha256:9165deeabcc251a2a08c906a74ccea0017ea61d7690b1eebc7a86f211a1353d4,det-v1,1,,1578,146,568.687,0.0000905800,false,true
call-000473,arm8_spec_immediate,cal/f1/s1100007/unreliable,23,meta-llama/llama-3.1-8b-instruct,sha256:9165deeabcc251a2a08c906a74ccea0017ea61d7690b1eebc7a86f211a1353d4,det-v1,1,accepted,1578,146,568.687,0.0000905800,false,false
call-000474,arm10_spec_eprocess,cal/f1/s1100007/unreliable,13,meta-llama/llama-3.1-8b-instruct,sha256:420fff143a6e6ad290ac311579538eab5668065c45a1abf57ae8afd76afe937c,det-v1,1,fallback,1184,81,0.003,0.0000656800,true,false
call-000475,arm10_spec_eprocess,cal/f1/s1100007/unreliable,13,meta-llama/llama-3.1-8b-instruct,sha256:a3b5da20ea8ccd3cbd7e7b201e8241b0d3efa38662c0a5ea47d2b3f682ab992f,det-v1,2,fallback,1254,89,0.003,0.0000698200,true,false
call-000476,arm10_spec_eprocess,cal/f1/s1100007/unreliable,23,meta-llama/llama-3.1-8b-instruct,sha256:9165deeabcc251a2a08c906a74ccea0017ea61d7690b1eebc7a86f211a1353d4,det-v1,1,accepted,1578,146,0.003,0.0000905800,true,false
call-000477,arm12_cth,cal/f1/s1100007/unreliable,13,meta-llama/llama-3.1-8b-instruct,sha256:420fff143a6e6ad290ac311579538eab5668065c45a1abf57ae8afd76afe937c,det-v1,1,fallback,1184,81,0.001,0.0000656800,true,false
call-000478,arm12_cth,cal/f1/s1100007/unreliable,13,meta-llama/llama-3.1-8b-instruct,sha256:a3b5da20ea8ccd3cbd7e7b201e8241b0d3efa38662c0a5ea47d2b3f682ab992f,det-v1,2,fallback,1254,89,0.001,0.0000698200,true,false
call-000479,arm12_cth,cal/f1/s1100007/unreliable,23,meta-llama/llama-3.1-8b-instruct,sha256:1ad83f006a6de030f6c2e48797770a8f1868371eefde3dc888b2055bf3bdbc93,det-v1,1,,1554,79,1028.922,0.0000840200,false,true
call-000480,arm12_cth,cal/f1/s1100007/unreliable,23,meta-llama/llama-3.1-8b-instruct,sha256:1ad83f006a6de030f6c2e48797770a8f1868371eefde3dc888b2055bf3bdbc93,det-v1,1,accepted,1554,79,1028.922,0.0000840200,false,false
call-000481,arm12b_cth_llm,cal/f1/s1100007/unreliable,13,meta-llama/llama-3.1-8b-instruct,sha256:420fff143a6e6ad290ac311579538eab5668065c45a1abf57ae8afd76afe937c,det-v1,1,fallback,1184,81,0.002,0.0000656800,true,false
call-000482,arm12b_cth_llm,cal/f1/s1100007/unreliable,13,meta-llama/llama-3.1-8b-instruct,sha256:a3b5da20ea8ccd3cbd7e7b201e8241b0d3efa38662c0a5ea47d2b3f682ab992f,det-v1,2,fallback,1254,89,0.001,0.0000698200,true,false
call-000483,arm12b_cth_llm,cal/f1/s1100007/unreliable,23,meta-llama/llama-3.1-8b-instruct,sha256:9165deeabcc251a2a08c906a74ccea0017ea61d7690b1eebc7a86f211a1353d4,det-v1,1,accepted,1578,146,0.001,0.0000905800,true,false
call-000484,arm8_spec_immediate,dev/f2/s2100000/no_alert,30,meta-llama/llama-3.1-8b-instruct,sha256:6d70237af014244cd372cb1ad18c73bd4251f0a799f20f576c9d7c380a0872bb,det-v1,1,,1773,81,1198.430,0.0000951300,false,true
call-000485,arm8_spec_immediate,dev/f2/s2100000/no_alert,30,meta-llama/llama-3.1-8b-instruct,sha256:6d70237af014244cd372cb1ad18c73bd4251f0a799f20f576c9d7c380a0872bb,det-v1,1,fallback,1773,81,1198.430,0.0000951300,false,false
call-000486,arm8_spec_immediate,dev/f2/s2100000/no_alert,30,meta-llama/llama-3.1-8b-instruct,sha256:0005ee67d4f2b76bd11b9f8d32cc41e8bc60ed2c2f7203554c9db6d1be8201bb,det-v1,2,,1843,85,961.662,0.0000989500,false,true
call-000487,arm8_spec_immediate,dev/f2/s2100000/no_alert,30,meta-llama/llama-3.1-8b-instruct,sha256:0005ee67d4f2b76bd11b9f8d32cc41e8bc60ed2c2f7203554c9db6d1be8201bb,det-v1,2,fallback,1843,85,961.662,0.0000989500,false,false
call-000488,arm8_spec_immediate,dev/f2/s2100000/no_alert,44,meta-llama/llama-3.1-8b-instruct,sha256:326a60025d2413ec3f6f56963e82b2d0708df5b5ce0d6e669d83d613c14cef67,det-v1,1,,2315,301,762.736,0.0001398300,false,true
call-000489,arm8_spec_immediate,dev/f2/s2100000/no_alert,44,meta-llama/llama-3.1-8b-instruct,sha256:326a60025d2413ec3f6f56963e82b2d0708df5b5ce0d6e669d83d613c14cef67,det-v1,1,accepted,2315,301,762.736,0.0001398300,false,false
call-000490,arm10_spec_eprocess,dev/f2/s2100000/no_alert,30,meta-llama/llama-3.1-8b-instruct,sha256:6d70237af014244cd372cb1ad18c73bd4251f0a799f20f576c9d7c380a0872bb,det-v1,1,fallback,1773,81,0.004,0.0000951300,true,false
call-000491,arm10_spec_eprocess,dev/f2/s2100000/no_alert,30,meta-llama/llama-3.1-8b-instruct,sha256:0005ee67d4f2b76bd11b9f8d32cc41e8bc60ed2c2f7203554c9db6d1be8201bb,det-v1,2,fallback,1843,85,0.003,0.0000989500,true,false
call-000492,arm10_spec_eprocess,dev/f2/s2100000/no_alert,44,meta-llama/llama-3.1-8b-instruct,sha256:326a60025d2413ec3f6f56963e82b2d0708df5b5ce0d6e669d83d613c14cef67,det-v1,1,accepted,2315,301,0.003,0.0001398300,true,false
call-000493,arm12_cth,dev/f2/s2100000/no_alert,30,meta-llama/llama-3.1-8b-instruct,sha256:6d70237af014244cd372cb1ad18c73bd4251f0a799f20f576c9d7c380a0872bb,det-v1,1,fallback,1773,81,0.002,0.0000951300,true,false
call-000494,arm12_cth,dev/f2/s2100000/no_alert,30,meta-llama/llama-3.1-8b-instruct,sha256:0005ee67d4f2b76bd11b9f8d32cc41e8bc60ed2c2f7203554c9db6d1be8201bb,det-v1,2,fallback,1843,85,0.001,0.0000989500,true,false
call-000495,arm12_cth,dev/f2/s2100000/no_alert,44,meta-llama/llama-3.1-8b-instruct,sha256:fba9201fa0df3e1987627300070c47912797634a0e2791fe4fefdf38605fb74a,det-v1,1,,2291,79,1045.127,0.0001208700,false,true
call-000496,arm12_cth,dev/f2/s2100000/no_alert,44,meta-llama/llama-3.1-8b-instruct,sha256:fba9201fa0df3e1987627300070c47912797634a0e2791fe4fefdf38605fb74a,det-v1,1,accepted,2291,79,1045.127,0.0001208700,false,false
call-000497,arm12b_cth_llm,dev/f2/s2100000/no_alert,30,meta-llama/llama-3.1-8b-instruct,sha256:6d70237af014244cd372cb1ad18c73bd4251f0a799f20f576c9d7c380a0872bb,det-v1,1,fallback,1773,81,0.002,0.0000951300,true,false
call-000498,arm12b_cth_llm,dev/f2/s2100000/no_alert,30,meta-llama/llama-3.1-8b-instruct,sha256:0005ee67d4f2b76bd11b9f8d32cc41e8bc60ed2c2f7203554c9db6d1be8201bb,det-v1,2,fallback,1843,85,0.001,0.0000989500,true,false
call-000499,arm12b_cth_llm,dev/f2/s2100000/no_alert,44,meta-llama/llama-3.1-8b-instruct,sha256:326a60025d2413ec3f6f56963e82b2d0708df5b5ce0d6e669d83d613c14cef67,det-v1,1,accepted,2315,301,0.001,0.0001398300,true,false
call-000500,arm8_spec_immediate,dev/f2/s2100000/early_accurate,30,meta-llama/llama-3.1-8b-instruct,sha256:92f16794ba615121d90b73b7508fbb877fbf9cf5dc7a5776e12631b77f685c50,det-v1,1,,1797,101,416.113,0.0000979300,false,true
call-000501,arm8_spec_immediate,dev/f2/s2100000/early_accurate,30,meta-llama/llama-3.1-8b-instruct,sha256:92f16794ba615121d90b73b7508fbb877fbf9cf5dc7a5776e12631b77f685c50,det-v1,1,accepted,1797,101,416.113,0.0000979300,false,false
call-000502,arm8_spec_immediate,dev/f2/s2100000/early_accurate,44,meta-llama/llama-3.1-8b-instruct,sha256:5fdae30e35f144e4cd37f106ab941bc4a131bebe4f2f4bbf80e445ca67adb0d4,det-v1,1,,2291,79,1257.394,0.0001208700,false,true
call-000503,arm8_spec_immediate,dev/f2/s2100000/early_accurate,44,meta-llama/llama-3.1-8b-instruct,sha256:5fdae30e35f144e4cd37f106ab941bc4a131bebe4f2f4bbf80e445ca67adb0d4,det-v1,1,accepted,2291,79,1257.394,0.0001208700,false,false
call-000504,arm10_spec_eprocess,dev/f2/s2100000/early_accurate,30,meta-llama/llama-3.1-8b-instruct,sha256:92f16794ba615121d90b73b7508fbb877fbf9cf5dc7a5776e12631b77f685c50,det-v1,1,accepted,1797,101,0.001,0.0000979300,true,false
call-000505,arm10_spec_eprocess,dev/f2/s2100000/early_accurate,44,meta-llama/llama-3.1-8b-instruct,sha256:9f5420e00ca7220a94171ca4fdb3a8e2ac95bb4047750377c5d4380c366f8df7,det-v1,1,,2291,79,1172.440,0.0001208700,false,true
call-000506,arm10_spec_eprocess,dev/f2/s2100000/early_accurate,44,meta-llama/llama-3.1-8b-instruct,sha256:9f5420e00ca7220a94171ca4fdb3a8e2ac95bb4047750377c5d4380c366f8df7,det-v1,1,accepted,2291,79,1172.440,0.0001208700,false,false
call-000507,arm12_cth,dev/f2/s2100000/early_accurate,30,meta-llama/llama-3.1-8b-instruct,sha256:92f16794ba615121d90b73b7508fbb877fbf9cf5dc7a5776e12631b77f685c50,det-v1,1,accepted,1797,101,0.002,0.0000979300,true,false
call-000508,arm12_cth,dev/f2/s2100000/early_accurate,44,meta-llama/llama-3.1-8b-instruct,sha256:af0073df7f0f062d93fd9ee6888ddfe9af2b9670defae7cd9f24250b3da20b36,det-v1,1,,2291,81,966.105,0.0001210300,false,true
call-000509,arm12_cth,dev/f2/s2100000/early_accurate,44,meta-llama/llama-3.1-8b-instruct,sha256:af0073df7f0f062d93fd9ee6888ddfe9af2b9670defae7cd9f24250b3da20b36,det-v1,1,fallback,2291,81,966.105,0.0001210300,false,false
call-000510,arm12_cth,dev/f2/s2100000/early_accurate,44,meta-llama/llama-3.1-8b-instruct,sha256:2c787739d3e2e73b60af75f6941645b4a6f11a2d3d0ce937d3cdcc7dbbdd24ff,det-v1,2,,2361,81,1114.871,0.0001245300,false,true
call-000511,arm12_cth,dev/f2/s2100000/early_accurate,44,meta-llama/llama-3.1-8b-instruct,sha256:2c787739d3e2e73b60af75f6941645b4a6f11a2d3d0ce937d3cdcc7dbbdd24ff,det-v1,2,fallback,2361,81,1114.871,0.0001245300,false,false
call-000512,arm12b_cth_llm,dev/f2/s2100000/early_accurate,30,meta-llama/llama-3.1-8b-instruct,sha256:92f16794ba615121d90b73b7508fbb877fbf9cf5dc7a5776e12631b77f685c50,det-v1,1,accepted,1797,101,0.002,0.0000979300,true,false
call-000513,arm12b_cth_llm,dev/f2/s2100000/early_accurate,44,meta-llama/llama-3.1-8b-instruct,sha256:5861e54e3b81b6d5e612ab3ea09a109f4774b89490c064067bf37dc4939a948f,det-v1,1,,2291,79,1057.851,0.0001208700,false,true
call-000514,arm12b_cth_llm,dev/f2/s2100000/early_accurate,44,meta-llama/llama-3.1-8b-instruct,sha256:5861e54e3b81b6d5e612ab3ea09a109f4774b89490c064067bf37dc4939a948f,det-v1,1,accepted,2291,79,1057.851,0.0001208700,false,false
call-000515,arm8_spec_immediate,dev/f2/s2100000/late_accurate,30,meta-llama/llama-3.1-8b-instruct,sha256:c3376815b76c453ee0967740c0263c87435e16833c8e52d617cded1e4d009ef1,det-v1,1,,1773,81,1084.724,0.0000951300,false,true
call-000516,arm8_spec_immediate,dev/f2/s2100000/late_accurate,30,meta-llama/llama-3.1-8b-instruct,sha256:c3376815b76c453ee0967740c0263c87435e16833c8e52d617cded1e4d009ef1,det-v1,1,fallback,1773,81,1084.724,0.0000951300,false,false
call-000517,arm8_spec_immediate,dev/f2/s2100000/late_accurate,30,meta-llama/llama-3.1-8b-instruct,sha256:98e36826ddb1706ee2b43b0d4e76c6ff5eeda64b9694af62d4824c32182f3d63,det-v1,2,,1843,85,1262.273,0.0000989500,false,true
call-000518,arm8_spec_immediate,dev/f2/s2100000/late_accurate,30,meta-llama/llama-3.1-8b-instruct,sha256:98e36826ddb1706ee2b43b0d4e76c6ff5eeda64b9694af62d4824c32182f3d63,det-v1,2,fallback,1843,85,1262.273,0.0000989500,false,false
call-000519,arm8_spec_immediate,dev/f2/s2100000/late_accurate,44,meta-llama/llama-3.1-8b-instruct,sha256:b23d5418622d63d4537bfbdf390ad9012d573e6638fa1cfb368a2ebcacce88eb,det-v1,1,,2291,79,980.549,0.0001208700,false,true
call-000520,arm8_spec_immediate,dev/f2/s2100000/late_accurate,44,meta-llama/llama-3.1-8b-instruct,sha256:b23d5418622d63d4537bfbdf390ad9012d573e6638fa1cfb368a2ebcacce88eb,det-v1,1,accepted,2291,79,980.549,0.0001208700,false,false
call-000521,arm10_spec_eprocess,dev/f2/s2100000/late_accurate,30,meta-llama/llama-3.1-8b-instruct,sha256:c3376815b76c453ee0967740c0263c87435e16833c8e52d617cded1e4d009ef1,det-v1,1,fallback,1773,81,0.004,0.0000951300,true,false
call-000522,arm10_spec_eprocess,dev/f2/s2100000/late_accurate,30,meta-llama/llama-3.1-8b-instruct,sha256:98e36826ddb1706ee2b43b0d4e76c6ff5eeda64b9694af62d4824c32182f3d63,det-v1,2,fallback,1843,85,0.003,0.0000989500,true,false
call-000523,arm10_spec_eprocess,dev/f2/s2100000/late_accurate,44,meta-llama/llama-3.1-8b-instruct,sha256:b23d5418622d63d4537bfbdf390ad9012d573e6638fa1cfb368a2ebcacce88eb,det-v1,1,accepted,2291,79,0.003,0.0001208700,true,false
call-000524,arm12_cth,dev/f2/s2100000/late_accurate,30,meta-llama/llama-3.1-8b-instruct,sha256:c3376815b76c453ee0967740c0263c87435e16833c8e52d617cded1e4d009ef1,det-v1,1,fallback,1773,81,0.002,0.0000951300,true,false
call-000525,arm12_cth,dev/f2/s2100000/late_accurate,30,meta-llama/llama-3.1-8b-instruct,sha256:98e36826ddb1706ee2b43b0d4e76c6ff5eeda64b9694af62d4824c32182f3d63,det-v1,2,fallback,1843,85,0.001,0.0000989500,true,false
call-000526,arm12_cth,dev/f2/s2100000/late_accurate,44,meta-llama/llama-3.1-8b-instruct,sha256:e46f7bfbd1b7f864d4486149a0471a8233e800ec6ad00f57e2f89e8ab25f38e0,det-v1,1,,2315,301,555.336,0.0001398300,false,true
call-000527,arm12_cth,dev/f2/s2100000/late_accurate,44,meta-llama/llama-3.1-8b-instruct,sha256:e46f7bfbd1b7f864d4486149a0471a8233e800ec6ad00f57e2f89e8ab25f38e0,det-v1,1,accepted,2315,301,555.336,0.0001398300,false,false
call-000528,arm12b_cth_llm,dev/f2/s2100000/late_accurate,30,meta-llama/llama-3.1-8b-instruct,sha256:c3376815b76c453ee0967740c0263c87435e16833c8e52d617cded1e4d009ef1,det-v1,1,fallback,1773,81,0.002,0.0000951300,true,false
call-000529,arm12b_cth_llm,dev/f2/s2100000/late_accurate,30,meta-llama/llama-3.1-8b-instruct,sha256:98e36826ddb1706ee2b43b0d4e76c6ff5eeda64b9694af62d4824c32182f3d63,det-v1,2,fallback,1843,85,0.001,0.0000989500,true,false
call-000530,arm12b_cth_llm,dev/f2/s2100000/late_accurate,44,meta-llama/llama-3.1-8b-instruct,sha256:b23d5418622d63d4537bfbdf390ad9012d573e6638fa1cfb368a2ebcacce88eb,det-v1,1,accepted,2291,79,0.001,0.0001208700,true,false
call-000531,arm8_spec_immediate,dev/f2/s2100000/unreliable,30,meta-llama/llama-3.1-8b-instruct,sha256:bc02009d659ebf8334cfbf56c33c19074c2bb48d0f6b6fc5611014e58f4ffbec,det-v1,1,,1797,202,532.087,0.0001060100,false,true
call-000532,arm8_spec_immediate,dev/f2/s2100000/unreliable,30,meta-llama/llama-3.1-8b-instruct,sha256:bc02009d659ebf8334cfbf56c33c19074c2bb48d0f6b6fc5611014e58f4ffbec,det-v1,1,accepted,1797,202,532.087,0.0001060100,false,false
call-000533,arm8_spec_immediate,dev/f2/s2100000/unreliable,44,meta-llama/llama-3.1-8b-instruct,sha256:c563e948331fcb3885f013a11c3de9cfa6acd2be52c5324577f34775ae778efa,det-v1,1,,2315,301,683.124,0.0001398300,false,true
call-000534,arm8_spec_immediate,dev/f2/s2100000/unreliable,44,meta-llama/llama-3.1-8b-instruct,sha256:c563e948331fcb3885f013a11c3de9cfa6acd2be52c5324577f34775ae778efa,det-v1,1,accepted,2315,301,683.124,0.0001398300,false,false
call-000535,arm10_spec_eprocess,dev/f2/s2100000/unreliable,30,meta-llama/llama-3.1-8b-instruct,sha256:bc02009d659ebf8334cfbf56c33c19074c2bb48d0f6b6fc5611014e58f4ffbec,det-v1,1,accepted,1797,202,0.004,0.0001060100,true,false
call-000536,arm10_spec_eprocess,dev/f2/s2100000/unreliable,44,meta-llama/llama-3.1-8b-instruct,sha256:a9415f5bc8a57b3e60d829d00d17e056f977b5526e1a088a78493aec1b0982aa,det-v1,1,,2315,301,618.896,0.0001398300,false,true
call-000537,arm10_spec_eprocess,dev/f2/s2100000/unreliable,44,meta-llama/llama-3.1-8b-instruct,sha256:a9415f5bc8a57b3e60d829d00d17e056f977b5526e1a088a78493aec1b0982aa,det-v1,1,accepted,2315,301,618.896,0.0001398300,false,false
call-000538,arm12_cth,dev/f2/s2100000/unreliable,30,meta-llama/llama-3.1-8b-instruct,sha256:bc02009d659ebf8334cfbf56c33c19074c2bb48d0f6b6fc5611014e58f4ffbec,det-v1,1,accepted,1797,202,0.002,0.0001060100,true,false
call-000539,arm12_cth,dev/f2/s2100000/unreliable,44,meta-llama/llama-3.1-8b-instruct,sha256:bea507a0700f6d69307167ef4fa645b3f2179465978aff230671be962cb3139f,det-v1,1,,2315,301,757.437,0.0001398300,false,true
call-000540,arm12_cth,dev/f2/s2100000/unreliable,44,meta-llama/llama-3.1-8b-instruct,sha256:bea507a0700f6d69307167ef4fa645b3f2179465978aff230671be962cb3139f,det-v1,1,accepted,2315,301,757.437,0.0001398300,false,false
call-000541,arm12b_cth_llm,dev/f2/s2100000/unreliable,30,meta-llama/llama-3.1-8b-instruct,sha256:bc02009d659ebf8334cfbf56c33c19074c2bb48d0f6b6fc5611014e58f4ffbec,det-v1,1,accepted,1797,202,0.002,0.0001060100,true,false
call-000542,arm12b_cth_llm,dev/f2/s2100000/unreliable,44,meta-llama/llama-3.1-8b-instruct,sha256:d1ed54073f6369e697fdfa330dc2c4fe8aad2044527f57b7aece6e53aec1304a,det-v1,1,,2315,301,689.555,0.0001398300,false,true
call-000543,arm12b_cth_llm,dev/f2/s2100000/unreliable,44,meta-llama/llama-3.1-8b-instruct,sha256:d1ed54073f6369e697fdfa330dc2c4fe8aad2044527f57b7aece6e53aec1304a,det-v1,1,accepted,2315,301,689.555,0.0001398300,false,false
call-000544,arm8_spec_immediate,cal/f2/s2100001/no_alert,36,meta-llama/llama-3.1-8b-instruct,sha256:9e23137b37d63bec815af69e363cf027a3cbb566e9f8140ee2e4d36c29934327,det-v1,1,,2019,101,411.042,0.0001090300,false,true
call-000545,arm8_spec_immediate,cal/f2/s2100001/no_alert,36,meta-llama/llama-3.1-8b-instruct,sha256:9e23137b37d63bec815af69e363cf027a3cbb566e9f8140ee2e4d36c29934327,det-v1,1,accepted,2019,101,411.042,0.0001090300,false,false
call-000546,arm8_spec_immediate,cal/f2/s2100001/no_alert,43,meta-llama/llama-3.1-8b-instruct,sha256:89fb3263e035137f0e8920b6088fb2805c13748bc749e4061cf07ca4f0cc4101,det-v1,1,,2278,296,599.666,0.0001375800,false,true
call-000547,arm8_spec_immediate,cal/f2/s2100001/no_alert,43,meta-llama/llama-3.1-8b-instruct,sha256:89fb3263e035137f0e8920b6088fb2805c13748bc749e4061cf07ca4f0cc4101,det-v1,1,accepted,2278,296,599.666,0.0001375800,false,false
call-000548,arm10_spec_eprocess,cal/f2/s2100001/no_alert,36,meta-llama/llama-3.1-8b-instruct,sha256:9e23137b37d63bec815af69e363cf027a3cbb566e9f8140ee2e4d36c29934327,det-v1,1,accepted,2019,101,0.003,0.0001090300,true,false
call-000549,arm10_spec_eprocess,cal/f2/s2100001/no_alert,43,meta-llama/llama-3.1-8b-instruct,sha256:6b2b2169f25b2f7f84a9226e62e98d33ab6d63a7f293abb2a692a8cac24eb3bd,det-v1,1,,2278,101,417.512,0.0001219800,false,true
call-000550,arm10_spec_eprocess,cal/f2/s2100001/no_alert,43,meta-llama/llama-3.1-8b-instruct,sha256:6b2b2169f25b2f7f84a9226e62e98d33ab6d63a7f293abb2a692a8cac24eb3bd,det-v1,1,accepted,2278,101,417.512,0.0001219800,false,false
call-000551,arm12_cth,cal/f2/s2100001/no_alert,36,meta-llama/llama-3.1-8b-instruct,sha256:9e23137b37d63bec815af69e363cf027a3cbb566e9f8140ee2e4d36c29934327,det-v1,1,accepted,2019,101,0.002,0.0001090300,true,false
call-000552,arm12_cth,cal/f2/s2100001/no_alert,43,meta-llama/llama-3.1-8b-instruct,sha256:1b2ca78570e088c614e57cbba067904402daf82bf1a81431c0b7f96bea6f9657,det-v1,1,,2278,101,382.677,0.0001219800,false,true
call-000553,arm12_cth,cal/f2/s2100001/no_alert,43,meta-llama/llama-3.1-8b-instruct,sha256:1b2ca78570e088c614e57cbba067904402daf82bf1a81431c0b7f96bea6f9657,det-v1,1,accepted,2278,101,382.677,0.0001219800,false,false
call-000554,arm12b_cth_llm,cal/f2/s2100001/no_alert,36,meta-llama/llama-3.1-8b-instruct,sha256:9e23137b37d63bec815af69e363cf027a3cbb566e9f8140ee2e4d36c29934327,det-v1,1,accepted,2019,101,0.002,0.0001090300,true,false
call-000555,arm12b_cth_llm,cal/f2/s2100001/no_alert,43,meta-llama/llama-3.1-8b-instruct,sha256:1b2ca78570e088c614e57cbba067904402daf82bf1a81431c0b7f96bea6f9657,det-v1,1,accepted,2278,101,0.002,0.0001219800,true,false
call-000556,arm8_spec_immediate,cal/f2/s2100001/early_accurate,36,meta-llama/llama-3.1-8b-instruct,sha256:a181f718de4aceda0f0c0e04bb3e68f6c359d7a6504533022def96553357c454,det-v1,1,,2019,101,333.146,0.0001090300,false,true
call-000557,arm8_spec_immediate,cal/f2/s2100001/early_accurate,36,meta-llama/llama-3.1-8b-instruct,sha256:a181f718de4aceda0f0c0e04bb3e68f6c359d7a6504533022def96553357c454,det-v1,1,accepted,2019,101,333.146,0.0001090300,false,false
call-000558,arm8_spec_immediate,cal/f2/s2100001/early_accurate,43,meta-llama/llama-3.1-8b-instruct,sha256:97e15c9c435262f7e243c1a0175f688d822f1b488d697e6ac2004bc008855be4,det-v1,1,,2278,296,597.314,0.0001375800,false,true
call-000559,arm8_spec_immediate,cal/f2/s2100001/early_accurate,43,meta-llama/llama-3.1-8b-instruct,sha256:97e15c9c435262f7e243c1a0175f688d822f1b488d697e6ac2004bc008855be4,det-v1,1,accepted,2278,296,597.314,0.0001375800,false,false
call-000560,arm10_spec_eprocess,cal/f2/s2100001/early_accurate,36,meta-llama/llama-3.1-8b-instruct,sha256:a181f718de4aceda0f0c0e04bb3e68f6c359d7a6504533022def96553357c454,det-v1,1,accepted,2019,101,0.002,0.0001090300,true,false
call-000561,arm10_spec_eprocess,cal/f2/s2100001/early_accurate,43,meta-llama/llama-3.1-8b-instruct,sha256:2404802d804c5e56cf928218a1ac573570868c372772b5791acd936e6c43603a,det-v1,1,,2278,101,415.447,0.0001219800,false,true
call-000562,arm10_spec_eprocess,cal/f2/s2100001/early_accurate,43,meta-llama/llama-3.1-8b-instruct,sha256:2404802d804c5e56cf928218a1ac573570868c372772b5791acd936e6c43603a,det-v1,1,accepted,2278,101,415.447,0.0001219800,false,false
call-000563,arm12_cth,cal/f2/s2100001/early_accurate,36,meta-llama/llama-3.1-8b-instruct,sha256:a181f718de4aceda0f0c0e04bb3e68f6c359d7a6504533022def96553357c454,det-v1,1,accepted,2019,101,0.002,0.0001090300,true,false
call-000564,arm12_cth,cal/f2/s2100001/early_accurate,43,meta-llama/llama-3.1-8b-instruct,sha256:0392ebc017cc267c0365d64b5d4ec5b8746ba2aa3155b24c5b9134d677de2634,det-v1,1,,2278,101,403.551,0.0001219800,false,true
call-000565,arm12_cth,cal/f2/s2100001/early_accurate,43,meta-llama/llama-3.1-8b-instruct,sha256:0392ebc017cc267c0365d64b5d4ec5b8746ba2aa3155b24c5b9134d677de2634,det-v1,1,accepted,2278,101,403.551,0.0001219800,false,false
call-000566,arm12b_cth_llm,cal/f2/s2100001/early_accurate,36,meta-llama/llama-3.1-8b-instruct,sha256:a181f718de4aceda0f0c0e04bb3e68f6c359d7a6504533022def96553357c454,det-v1,1,accepted,2019,101,0.002,0.0001090300,true,false
call-000567,arm12b_cth_llm,cal/f2/s2100001/early_accurate,43,meta-llama/llama-3.1-8b-instruct,sha256:0392ebc017cc267c0365d64b5d4ec5b8746ba2aa3155b24c5b9134d677de2634,det-v1,1,accepted,2278,101,0.001,0.0001219800,true,false
call-000568,arm8_spec_immediate,cal/f2/s2100001/late_accurate,36,meta-llama/llama-3.1-8b-instruct,sha256:5190def7c75f9a5c526edcfdc81b36b0eb7bc165f5a76c7e0a521fc5b6c523de,det-v1,1,,2019,101,352.269,0.0001090300,false,true
call-000569,arm8_spec_immediate,cal/f2/s2100001/late_accurate,36,meta-llama/llama-3.1-8b-instruct,sha256:5190def7c75f9a5c526edcfdc81b36b0eb7bc165f5a76c7e0a521fc5b6c523de,det-v1,1,accepted,2019,101,352.269,0.0001090300,false,false
call-000570,arm8_spec_immediate,cal/f2/s2100001/late_accurate,43,meta-llama/llama-3.1-8b-instruct,sha256:e65ba59a66eccd6446f5c9fcbfd16859ad3ddab74713a1c0a57e84188f69dfdc,det-v1,1,,2278,296,1432.634,0.0001375800,false,true
call-000571,arm8_spec_immediate,cal/f2/s2100001/late_accurate,43,meta-llama/llama-3.1-8b-instruct,sha256:e65ba59a66eccd6446f5c9fcbfd16859ad3ddab74713a1c0a57e84188f69dfdc,det-v1,1,accepted,2278,296,1432.634,0.0001375800,false,false
call-000572,arm10_spec_eprocess,cal/f2/s2100001/late_accurate,36,meta-llama/llama-3.1-8b-instruct,sha256:5190def7c75f9a5c526edcfdc81b36b0eb7bc165f5a76c7e0a521fc5b6c523de,det-v1,1,accepted,2019,101,0.003,0.0001090300,true,false
call-000573,arm10_spec_eprocess,cal/f2/s2100001/late_accurate,43,meta-llama/llama-3.1-8b-instruct,sha256:fb2cc89b2cb94b2d58486f1564f5cc3814467d440a86bc9a636c95bb8e6b3fb3,det-v1,1,,2278,101,408.325,0.0001219800,false,true
call-000574,arm10_spec_eprocess,cal/f2/s2100001/late_accurate,43,meta-llama/llama-3.1-8b-instruct,sha256:fb2cc89b2cb94b2d58486f1564f5cc3814467d440a86bc9a636c95bb8e6b3fb3,det-v1,1,accepted,2278,101,408.325,0.0001219800,false,false
call-000575,arm12_cth,cal/f2/s2100001/late_accurate,36,meta-llama/llama-3.1-8b-instruct,sha256:5190def7c75f9a5c526edcfdc81b36b0eb7bc165f5a76c7e0a521fc5b6c523de,det-v1,1,accepted,2019,101,0.002,0.0001090300,true,false
call-000576,arm12_cth,cal/f2/s2100001/late_accurate,43,meta-llama/llama-3.1-8b-instruct,sha256:393bef1110fec5193d1d22e88f0036a0b2601d95864944694ef84068e9daa02e,det-v1,1,,2278,101,708.652,0.0001219800,false,true
call-000577,arm12_cth,cal/f2/s2100001/late_accurate,43,meta-llama/llama-3.1-8b-instruct,sha256:393bef1110fec5193d1d22e88f0036a0b2601d95864944694ef84068e9daa02e,det-v1,1,accepted,2278,101,708.652,0.0001219800,false,false
call-000578,arm12b_cth_llm,cal/f2/s2100001/late_accurate,36,meta-llama/llama-3.1-8b-instruct,sha256:5190def7c75f9a5c526edcfdc81b36b0eb7bc165f5a76c7e0a521fc5b6c523de,det-v1,1,accepted,2019,101,0.002,0.0001090300,true,false
call-000579,arm12b_cth_llm,cal/f2/s2100001/late_accurate,43,meta-llama/llama-3.1-8b-instruct,sha256:393bef1110fec5193d1d22e88f0036a0b2601d95864944694ef84068e9daa02e,det-v1,1,accepted,2278,101,0.002,0.0001219800,true,false
call-000580,arm8_spec_immediate,cal/f2/s2100001/unreliable,36,meta-llama/llama-3.1-8b-instruct,sha256:86252bcb27b5ca1b62a00c12caf843abac8263c7919a43561ed85f415f43b602,det-v1,1,,2019,101,383.747,0.0001090300,false,true
call-000581,arm8_spec_immediate,cal/f2/s2100001/unreliable,36,meta-llama/llama-3.1-8b-instruct,sha256:86252bcb27b5ca1b62a00c12caf843abac8263c7919a43561ed85f415f43b602,det-v1,1,accepted,2019,101,383.747,0.0001090300,false,false
call-000582,arm8_spec_immediate,cal/f2/s2100001/unreliable,43,meta-llama/llama-3.1-8b-instruct,sha256:1c5cdd9a17eeef9e1dbb24a27fe5cf07eb633d83101ffebbf603b698cba99651,det-v1,1,,2278,296,686.708,0.0001375800,false,true
call-000583,arm8_spec_immediate,cal/f2/s2100001/unreliable,43,meta-llama/llama-3.1-8b-instruct,sha256:1c5cdd9a17eeef9e1dbb24a27fe5cf07eb633d83101ffebbf603b698cba99651,det-v1,1,accepted,2278,296,686.708,0.0001375800,false,false
call-000584,arm10_spec_eprocess,cal/f2/s2100001/unreliable,36,meta-llama/llama-3.1-8b-instruct,sha256:86252bcb27b5ca1b62a00c12caf843abac8263c7919a43561ed85f415f43b602,det-v1,1,accepted,2019,101,0.003,0.0001090300,true,false
call-000585,arm10_spec_eprocess,cal/f2/s2100001/unreliable,43,meta-llama/llama-3.1-8b-instruct,sha256:e4517cad453ff8feb317588e9ab3998a08ed750f15a49ddd8a26de49a37d7b7e,det-v1,1,,2278,101,452.821,0.0001219800,false,true
call-000586,arm10_spec_eprocess,cal/f2/s2100001/unreliable,43,meta-llama/llama-3.1-8b-instruct,sha256:e4517cad453ff8feb317588e9ab3998a08ed750f15a49ddd8a26de49a37d7b7e,det-v1,1,accepted,2278,101,452.821,0.0001219800,false,false
call-000587,arm12_cth,cal/f2/s2100001/unreliable,36,meta-llama/llama-3.1-8b-instruct,sha256:86252bcb27b5ca1b62a00c12caf843abac8263c7919a43561ed85f415f43b602,det-v1,1,accepted,2019,101,0.002,0.0001090300,true,false
call-000588,arm12_cth,cal/f2/s2100001/unreliable,43,meta-llama/llama-3.1-8b-instruct,sha256:c43ab216602040928e3b4f846e6c752c3210327552d7594722c84371f1b69d5f,det-v1,1,,2278,101,403.641,0.0001219800,false,true
call-000589,arm12_cth,cal/f2/s2100001/unreliable,43,meta-llama/llama-3.1-8b-instruct,sha256:c43ab216602040928e3b4f846e6c752c3210327552d7594722c84371f1b69d5f,det-v1,1,accepted,2278,101,403.641,0.0001219800,false,false
call-000590,arm12b_cth_llm,cal/f2/s2100001/unreliable,36,meta-llama/llama-3.1-8b-instruct,sha256:86252bcb27b5ca1b62a00c12caf843abac8263c7919a43561ed85f415f43b602,det-v1,1,accepted,2019,101,0.002,0.0001090300,true,false
call-000591,arm12b_cth_llm,cal/f2/s2100001/unreliable,43,meta-llama/llama-3.1-8b-instruct,sha256:c43ab216602040928e3b4f846e6c752c3210327552d7594722c84371f1b69d5f,det-v1,1,accepted,2278,101,0.002,0.0001219800,true,false
call-000592,arm8_spec_immediate,cal/f2/s2100001/no_alert__twin,10,meta-llama/llama-3.1-8b-instruct,sha256:fc3ca6363bcdbfa1218710e4e03bd38166006e06bc6f342e1ed065ec84bfe623,det-v1,1,,1095,130,360.229,0.0000651500,false,true
call-000593,arm8_spec_immediate,cal/f2/s2100001/no_alert__twin,10,meta-llama/llama-3.1-8b-instruct,sha256:fc3ca6363bcdbfa1218710e4e03bd38166006e06bc6f342e1ed065ec84bfe623,det-v1,1,fallback,1095,130,360.229,0.0000651500,false,false
call-000594,arm8_spec_immediate,cal/f2/s2100001/no_alert__twin,10,meta-llama/llama-3.1-8b-instruct,sha256:ed79aecc7434c5890f1ec7e4c8cbedb96f75b5a7524253530d47b0a162b0ff38,det-v1,2,,1165,126,288.065,0.0000683300,false,true
call-000595,arm8_spec_immediate,cal/f2/s2100001/no_alert__twin,10,meta-llama/llama-3.1-8b-instruct,sha256:ed79aecc7434c5890f1ec7e4c8cbedb96f75b5a7524253530d47b0a162b0ff38,det-v1,2,fallback,1165,126,288.065,0.0000683300,false,false
call-000596,arm10_spec_eprocess,cal/f2/s2100001/no_alert__twin,10,meta-llama/llama-3.1-8b-instruct,sha256:fc3ca6363bcdbfa1218710e4e03bd38166006e06bc6f342e1ed065ec84bfe623,det-v1,1,fallback,1095,130,0.002,0.0000651500,true,false
call-000597,arm10_spec_eprocess,cal/f2/s2100001/no_alert__twin,10,meta-llama/llama-3.1-8b-instruct,sha256:ed79aecc7434c5890f1ec7e4c8cbedb96f75b5a7524253530d47b0a162b0ff38,det-v1,2,fallback,1165,126,0.001,0.0000683300,true,false
call-000598,arm12_cth,cal/f2/s2100001/no_alert__twin,10,meta-llama/llama-3.1-8b-instruct,sha256:fc3ca6363bcdbfa1218710e4e03bd38166006e06bc6f342e1ed065ec84bfe623,det-v1,1,fallback,1095,130,0.002,0.0000651500,true,false
call-000599,arm12_cth,cal/f2/s2100001/no_alert__twin,10,meta-llama/llama-3.1-8b-instruct,sha256:ed79aecc7434c5890f1ec7e4c8cbedb96f75b5a7524253530d47b0a162b0ff38,det-v1,2,fallback,1165,126,0.001,0.0000683300,true,false
call-000600,arm12b_cth_llm,cal/f2/s2100001/no_alert__twin,10,meta-llama/llama-3.1-8b-instruct,sha256:fc3ca6363bcdbfa1218710e4e03bd38166006e06bc6f342e1ed065ec84bfe623,det-v1,1,fallback,1095,130,0.002,0.0000651500,true,false
call-000601,arm12b_cth_llm,cal/f2/s2100001/no_alert__twin,10,meta-llama/llama-3.1-8b-instruct,sha256:ed79aecc7434c5890f1ec7e4c8cbedb96f75b5a7524253530d47b0a162b0ff38,det-v1,2,fallback,1165,126,0.001,0.0000683300,true,false
call-000602,arm8_spec_immediate,dev/f2/s2100002/no_alert,23,meta-llama/llama-3.1-8b-instruct,sha256:88060d09d628f4accd6b743eb6270075e55e96fefae82380d178527f5c64655c,det-v1,1,,1538,100,467.086,0.0000849000,false,true
call-000603,arm8_spec_immediate,dev/f2/s2100002/no_alert,23,meta-llama/llama-3.1-8b-instruct,sha256:88060d09d628f4accd6b743eb6270075e55e96fefae82380d178527f5c64655c,det-v1,1,fallback,1538,100,467.086,0.0000849000,false,false
call-000604,arm8_spec_immediate,dev/f2/s2100002/no_alert,23,meta-llama/llama-3.1-8b-instruct,sha256:eba8a7dda81aa7e70972b6bf20da7e341dee3906d2e2d9d62e65c8c7b346a7b7,det-v1,2,,1608,91,350.190,0.0000876800,false,true
call-000605,arm8_spec_immediate,dev/f2/s2100002/no_alert,23,meta-llama/llama-3.1-8b-instruct,sha256:eba8a7dda81aa7e70972b6bf20da7e341dee3906d2e2d9d62e65c8c7b346a7b7,det-v1,2,fallback,1608,91,350.190,0.0000876800,false,false
call-000606,arm8_spec_immediate,dev/f2/s2100002/no_alert,41,meta-llama/llama-3.1-8b-instruct,sha256:9a4f439d5072b48bd3648c33ffe9d13d106d4a34f6757a4e97db3bc65c51e2a9,det-v1,1,,2204,116,433.766,0.0001194800,false,true
call-000607,arm8_spec_immediate,dev/f2/s2100002/no_alert,41,meta-llama/llama-3.1-8b-instruct,sha256:9a4f439d5072b48bd3648c33ffe9d13d106d4a34f6757a4e97db3bc65c51e2a9,det-v1,1,accepted,2204,116,433.766,0.0001194800,false,false
call-000608,arm10_spec_eprocess,dev/f2/s2100002/no_alert,23,meta-llama/llama-3.1-8b-instruct,sha256:88060d09d628f4accd6b743eb6270075e55e96fefae82380d178527f5c64655c,det-v1,1,fallback,1538,100,0.003,0.0000849000,true,false
call-000609,arm10_spec_eprocess,dev/f2/s2100002/no_alert,23,meta-llama/llama-3.1-8b-instruct,sha256:eba8a7dda81aa7e70972b6bf20da7e341dee3906d2e2d9d62e65c8c7b346a7b7,det-v1,2,fallback,1608,91,0.003,0.0000876800,true,false
call-000610,arm10_spec_eprocess,dev/f2/s2100002/no_alert,41,meta-llama/llama-3.1-8b-instruct,sha256:9a4f439d5072b48bd3648c33ffe9d13d106d4a34f6757a4e97db3bc65c51e2a9,det-v1,1,accepted,2204,116,0.003,0.0001194800,true,false
call-000611,arm12_cth,dev/f2/s2100002/no_alert,23,meta-llama/llama-3.1-8b-instruct,sha256:88060d09d628f4accd6b743eb6270075e55e96fefae82380d178527f5c64655c,det-v1,1,fallback,1538,100,0.002,0.0000849000,true,false
call-000612,arm12_cth,dev/f2/s2100002/no_alert,23,meta-llama/llama-3.1-8b-instruct,sha256:eba8a7dda81aa7e70972b6bf20da7e341dee3906d2e2d9d62e65c8c7b346a7b7,det-v1,2,fallback,1608,91,0.001,0.0000876800,true,false
call-000613,arm12_cth,dev/f2/s2100002/no_alert,41,meta-llama/llama-3.1-8b-instruct,sha256:3aafa461e375f00336a8a2b29c777e6823368a2aa23aacbc597ea9a9ba05017e,det-v1,1,,2204,151,494.972,0.0001222800,false,true
call-000614,arm12_cth,dev/f2/s2100002/no_alert,41,meta-llama/llama-3.1-8b-instruct,sha256:3aafa461e375f00336a8a2b29c777e6823368a2aa23aacbc597ea9a9ba05017e,det-v1,1,accepted,2204,151,494.972,0.0001222800,false,false
call-000615,arm12b_cth_llm,dev/f2/s2100002/no_alert,23,meta-llama/llama-3.1-8b-instruct,sha256:88060d09d628f4accd6b743eb6270075e55e96fefae82380d178527f5c64655c,det-v1,1,fallback,1538,100,0.002,0.0000849000,true,false
call-000616,arm12b_cth_llm,dev/f2/s2100002/no_alert,23,meta-llama/llama-3.1-8b-instruct,sha256:eba8a7dda81aa7e70972b6bf20da7e341dee3906d2e2d9d62e65c8c7b346a7b7,det-v1,2,fallback,1608,91,0.001,0.0000876800,true,false
call-000617,arm12b_cth_llm,dev/f2/s2100002/no_alert,41,meta-llama/llama-3.1-8b-instruct,sha256:9a4f439d5072b48bd3648c33ffe9d13d106d4a34f6757a4e97db3bc65c51e2a9,det-v1,1,accepted,2204,116,0.001,0.0001194800,true,false
call-000618,arm8_spec_immediate,dev/f2/s2100002/early_accurate,23,meta-llama/llama-3.1-8b-instruct,sha256:19d1a067225a5f580ce596625525a880c0fb18d1f96e7468d059ffa8ee8ac419,det-v1,1,,1538,100,352.829,0.0000849000,false,true
call-000619,arm8_spec_immediate,dev/f2/s2100002/early_accurate,23,meta-llama/llama-3.1-8b-instruct,sha256:19d1a067225a5f580ce596625525a880c0fb18d1f96e7468d059ffa8ee8ac419,det-v1,1,fallback,1538,100,352.829,0.0000849000,false,false
call-000620,arm8_spec_immediate,dev/f2/s2100002/early_accurate,23,meta-llama/llama-3.1-8b-instruct,sha256:9dbfa0706944f6d2739eff70ffc88adabe5f13ef34e5988961d7dae0bdf0f640,det-v1,2,,1608,91,302.766,0.0000876800,false,true
call-000621,arm8_spec_immediate,dev/f2/s2100002/early_accurate,23,meta-llama/llama-3.1-8b-instruct,sha256:9dbfa0706944f6d2739eff70ffc88adabe5f13ef34e5988961d7dae0bdf0f640,det-v1,2,fallback,1608,91,302.766,0.0000876800,false,false
call-000622,arm8_spec_immediate,dev/f2/s2100002/early_accurate,41,meta-llama/llama-3.1-8b-instruct,sha256:20a1e4661a04b404e02f2cdf07ced1a75d82b9add5c55c2062939510bab887f1,det-v1,1,,2204,116,451.216,0.0001194800,false,true
call-000623,arm8_spec_immediate,dev/f2/s2100002/early_accurate,41,meta-llama/llama-3.1-8b-instruct,sha256:20a1e4661a04b404e02f2cdf07ced1a75d82b9add5c55c2062939510bab887f1,det-v1,1,accepted,2204,116,451.216,0.0001194800,false,false
call-000624,arm10_spec_eprocess,dev/f2/s2100002/early_accurate,23,meta-llama/llama-3.1-8b-instruct,sha256:19d1a067225a5f580ce596625525a880c0fb18d1f96e7468d059ffa8ee8ac419,det-v1,1,fallback,1538,100,0.004,0.0000849000,true,false
call-000625,arm10_spec_eprocess,dev/f2/s2100002/early_accurate,23,meta-llama/llama-3.1-8b-instruct,sha256:9dbfa0706944f6d2739eff70ffc88adabe5f13ef34e5988961d7dae0bdf0f640,det-v1,2,fallback,1608,91,0.003,0.0000876800,true,false
call-000626,arm10_spec_eprocess,dev/f2/s2100002/early_accurate,41,meta-llama/llama-3.1-8b-instruct,sha256:20a1e4661a04b404e02f2cdf07ced1a75d82b9add5c55c2062939510bab887f1,det-v1,1,accepted,2204,116,0.003,0.0001194800,true,false
call-000627,arm12_cth,dev/f2/s2100002/early_accurate,23,meta-llama/llama-3.1-8b-instruct,sha256:19d1a067225a5f580ce596625525a880c0fb18d1f96e7468d059ffa8ee8ac419,det-v1,1,fallback,1538,100,0.001,0.0000849000,true,false
call-000628,arm12_cth,dev/f2/s2100002/early_accurate,23,meta-llama/llama-3.1-8b-instruct,sha256:9dbfa0706944f6d2739eff70ffc88adabe5f13ef34e5988961d7dae0bdf0f640,det-v1,2,fallback,1608,91,0.001,0.0000876800,true,false
call-000629,arm12_cth,dev/f2/s2100002/early_accurate,41,meta-llama/llama-3.1-8b-instruct,sha256:4c03529a9f021354dd66eb208d9cbc601e43792c4e105fabde0d7ca33978f0de,det-v1,1,,2204,151,399.038,0.0001222800,false,true
call-000630,arm12_cth,dev/f2/s2100002/early_accurate,41,meta-llama/llama-3.1-8b-instruct,sha256:4c03529a9f021354dd66eb208d9cbc601e43792c4e105fabde0d7ca33978f0de,det-v1,1,accepted,2204,151,399.038,0.0001222800,false,false
call-000631,arm12b_cth_llm,dev/f2/s2100002/early_accurate,23,meta-llama/llama-3.1-8b-instruct,sha256:19d1a067225a5f580ce596625525a880c0fb18d1f96e7468d059ffa8ee8ac419,det-v1,1,fallback,1538,100,0.002,0.0000849000,true,false
call-000632,arm12b_cth_llm,dev/f2/s2100002/early_accurate,23,meta-llama/llama-3.1-8b-instruct,sha256:9dbfa0706944f6d2739eff70ffc88adabe5f13ef34e5988961d7dae0bdf0f640,det-v1,2,fallback,1608,91,0.001,0.0000876800,true,false
call-000633,arm12b_cth_llm,dev/f2/s2100002/early_accurate,41,meta-llama/llama-3.1-8b-instruct,sha256:20a1e4661a04b404e02f2cdf07ced1a75d82b9add5c55c2062939510bab887f1,det-v1,1,accepted,2204,116,0.001,0.0001194800,true,false
call-000634,arm8_spec_immediate,dev/f2/s2100002/late_accurate,23,meta-llama/llama-3.1-8b-instruct,sha256:73cf94fc456985648229d1b6dbfa79e9c2375d8ff9de80ac72d952bb55e9e565,det-v1,1,,1538,100,483.153,0.0000849000,false,true
call-000635,arm8_spec_immediate,dev/f2/s2100002/late_accurate,23,meta-llama/llama-3.1-8b-instruct,sha256:73cf94fc456985648229d1b6dbfa79e9c2375d8ff9de80ac72d952bb55e9e565,det-v1,1,fallback,1538,100,483.153,0.0000849000,false,false
call-000636,arm8_spec_immediate,dev/f2/s2100002/late_accurate,23,meta-llama/llama-3.1-8b-instruct,sha256:0a02e5201bf42e92dcc206e29f5fa7c429c3437e5d144b47b324801e9f4c83cf,det-v1,2,,1608,91,357.405,0.0000876800,false,true
call-000637,arm8_spec_immediate,dev/f2/s2100002/late_accurate,23,meta-llama/llama-3.1-8b-instruct,sha256:0a02e5201bf42e92dcc206e29f5fa7c429c3437e5d144b47b324801e9f4c83cf,det-v1,2,fallback,1608,91,357.405,0.0000876800,false,false
call-000638,arm8_spec_immediate,dev/f2/s2100002/late_accurate,41,meta-llama/llama-3.1-8b-instruct,sha256:3a2dd4522e266ba31607530d9225f358aa0aaba436583394fb9bbd3ca4744ebb,det-v1,1,,2204,116,573.587,0.0001194800,false,true
call-000639,arm8_spec_immediate,dev/f2/s2100002/late_accurate,41,meta-llama/llama-3.1-8b-instruct,sha256:3a2dd4522e266ba31607530d9225f358aa0aaba436583394fb9bbd3ca4744ebb,det-v1,1,accepted,2204,116,573.587,0.0001194800,false,false
call-000640,arm10_spec_eprocess,dev/f2/s2100002/late_accurate,23,meta-llama/llama-3.1-8b-instruct,sha256:73cf94fc456985648229d1b6dbfa79e9c2375d8ff9de80ac72d952bb55e9e565,det-v1,1,fallback,1538,100,0.004,0.0000849000,true,false
call-000641,arm10_spec_eprocess,dev/f2/s2100002/late_accurate,23,meta-llama/llama-3.1-8b-instruct,sha256:0a02e5201bf42e92dcc206e29f5fa7c429c3437e5d144b47b324801e9f4c83cf,det-v1,2,fallback,1608,91,0.003,0.0000876800,true,false
call-000642,arm10_spec_eprocess,dev/f2/s2100002/late_accurate,41,meta-llama/llama-3.1-8b-instruct,sha256:3a2dd4522e266ba31607530d9225f358aa0aaba436583394fb9bbd3ca4744ebb,det-v1,1,accepted,2204,116,0.003,0.0001194800,true,false
call-000643,arm12_cth,dev/f2/s2100002/late_accurate,23,meta-llama/llama-3.1-8b-instruct,sha256:73cf94fc456985648229d1b6dbfa79e9c2375d8ff9de80ac72d952bb55e9e565,det-v1,1,fallback,1538,100,0.002,0.0000849000,true,false
call-000644,arm12_cth,dev/f2/s2100002/late_accurate,23,meta-llama/llama-3.1-8b-instruct,sha256:0a02e5201bf42e92dcc206e29f5fa7c429c3437e5d144b47b324801e9f4c83cf,det-v1,2,fallback,1608,91,0.001,0.0000876800,true,false
call-000645,arm12_cth,dev/f2/s2100002/late_accurate,41,meta-llama/llama-3.1-8b-instruct,sha256:1852aa0008a5aa59946a84909c227fdf04f3151514da070f66c03f696be46eef,det-v1,1,,2204,151,686.170,0.0001222800,false,true
call-000646,arm12_cth,dev/f2/s2100002/late_accurate,41,meta-llama/llama-3.1-8b-instruct,sha256:1852aa0008a5aa59946a84909c227fdf04f3151514da070f66c03f696be46eef,det-v1,1,accepted,2204,151,686.170,0.0001222800,false,false
call-000647,arm12b_cth_llm,dev/f2/s2100002/late_accurate,23,meta-llama/llama-3.1-8b-instruct,sha256:73cf94fc456985648229d1b6dbfa79e9c2375d8ff9de80ac72d952bb55e9e565,det-v1,1,fallback,1538,100,0.002,0.0000849000,true,false
call-000648,arm12b_cth_llm,dev/f2/s2100002/late_accurate,23,meta-llama/llama-3.1-8b-instruct,sha256:0a02e5201bf42e92dcc206e29f5fa7c429c3437e5d144b47b324801e9f4c83cf,det-v1,2,fallback,1608,91,0.001,0.0000876800,true,false
call-000649,arm12b_cth_llm,dev/f2/s2100002/late_accurate,41,meta-llama/llama-3.1-8b-instruct,sha256:3a2dd4522e266ba31607530d9225f358aa0aaba436583394fb9bbd3ca4744ebb,det-v1,1,accepted,2204,116,0.001,0.0001194800,true,false
call-000650,arm8_spec_immediate,dev/f2/s2100002/unreliable,23,meta-llama/llama-3.1-8b-instruct,sha256:67865de62df66b05202ac02a63d53b7195f14cc17c08ecc14cc2f8ad8c48d060,det-v1,1,,1538,100,444.486,0.0000849000,false,true
call-000651,arm8_spec_immediate,dev/f2/s2100002/unreliable,23,meta-llama/llama-3.1-8b-instruct,sha256:67865de62df66b05202ac02a63d53b7195f14cc17c08ecc14cc2f8ad8c48d060,det-v1,1,fallback,1538,100,444.486,0.0000849000,false,false
call-000652,arm8_spec_immediate,dev/f2/s2100002/unreliable,23,meta-llama/llama-3.1-8b-instruct,sha256:25c8498bd29dab03e543983db9e743ca450f9a7a6f5ca0726f7b7018737dd561,det-v1,2,,1608,91,322.246,0.0000876800,false,true
call-000653,arm8_spec_immediate,dev/f2/s2100002/unreliable,23,meta-llama/llama-3.1-8b-instruct,sha256:25c8498bd29dab03e543983db9e743ca450f9a7a6f5ca0726f7b7018737dd561,det-v1,2,fallback,1608,91,322.246,0.0000876800,false,false
call-000654,arm8_spec_immediate,dev/f2/s2100002/unreliable,41,meta-llama/llama-3.1-8b-instruct,sha256:f7731151e99b0a13ab416fe70ac30a1a6e642743fbc8f00fe7160266bbb96ab9,det-v1,1,,2204,116,506.359,0.0001194800,false,true
call-000655,arm8_spec_immediate,dev/f2/s2100002/unreliable,41,meta-llama/llama-3.1-8b-instruct,sha256:f7731151e99b0a13ab416fe70ac30a1a6e642743fbc8f00fe7160266bbb96ab9,det-v1,1,accepted,2204,116,506.359,0.0001194800,false,false
call-000656,arm10_spec_eprocess,dev/f2/s2100002/unreliable,23,meta-llama/llama-3.1-8b-instruct,sha256:67865de62df66b05202ac02a63d53b7195f14cc17c08ecc14cc2f8ad8c48d060,det-v1,1,fallback,1538,100,0.004,0.0000849000,true,false
call-000657,arm10_spec_eprocess,dev/f2/s2100002/unreliable,23,meta-llama/llama-3.1-8b-instruct,sha256:25c8498bd29dab03e543983db9e743ca450f9a7a6f5ca0726f7b7018737dd561,det-v1,2,fallback,1608,91,0.002,0.0000876800,true,false
call-000658,arm10_spec_eprocess,dev/f2/s2100002/unreliable,41,meta-llama/llama-3.1-8b-instruct,sha256:f7731151e99b0a13ab416fe70ac30a1a6e642743fbc8f00fe7160266bbb96ab9,det-v1,1,accepted,2204,116,0.003,0.0001194800,true,false
call-000659,arm12_cth,dev/f2/s2100002/unreliable,23,meta-llama/llama-3.1-8b-instruct,sha256:67865de62df66b05202ac02a63d53b7195f14cc17c08ecc14cc2f8ad8c48d060,det-v1,1,fallback,1538,100,0.002,0.0000849000,true,false
call-000660,arm12_cth,dev/f2/s2100002/unreliable,23,meta-llama/llama-3.1-8b-instruct,sha256:25c8498bd29dab03e543983db9e743ca450f9a7a6f5ca0726f7b7018737dd561,det-v1,2,fallback,1608,91,0.001,0.0000876800,true,false
call-000661,arm12_cth,dev/f2/s2100002/unreliable,41,meta-llama/llama-3.1-8b-instruct,sha256:2375b20c682538f4a901dd85bd986dcd1758c59d0b78a647ed97f2f695c70e6d,det-v1,1,,2204,151,434.128,0.0001222800,false,true
call-000662,arm12_cth,dev/f2/s2100002/unreliable,41,meta-llama/llama-3.1-8b-instruct,sha256:2375b20c682538f4a901dd85bd986dcd1758c59d0b78a647ed97f2f695c70e6d,det-v1,1,accepted,2204,151,434.128,0.0001222800,false,false
call-000663,arm12b_cth_llm,dev/f2/s2100002/unreliable,23,meta-llama/llama-3.1-8b-instruct,sha256:67865de62df66b05202ac02a63d53b7195f14cc17c08ecc14cc2f8ad8c48d060,det-v1,1,fallback,1538,100,0.002,0.0000849000,true,false
call-000664,arm12b_cth_llm,dev/f2/s2100002/unreliable,23,meta-llama/llama-3.1-8b-instruct,sha256:25c8498bd29dab03e543983db9e743ca450f9a7a6f5ca0726f7b7018737dd561,det-v1,2,fallback,1608,91,0.001,0.0000876800,true,false
call-000665,arm12b_cth_llm,dev/f2/s2100002/unreliable,41,meta-llama/llama-3.1-8b-instruct,sha256:f7731151e99b0a13ab416fe70ac30a1a6e642743fbc8f00fe7160266bbb96ab9,det-v1,1,accepted,2204,116,0.001,0.0001194800,true,false
call-000666,arm8_spec_immediate,dev/f2/s2100002/no_alert__twin,10,meta-llama/llama-3.1-8b-instruct,sha256:5ca1b3e8ce4e0dea72b48728037f210a0685ca0f11a50629920f53ef8462f3cb,det-v1,1,,1094,96,411.786,0.0000623800,false,true
call-000667,arm8_spec_immediate,dev/f2/s2100002/no_alert__twin,10,meta-llama/llama-3.1-8b-instruct,sha256:5ca1b3e8ce4e0dea72b48728037f210a0685ca0f11a50629920f53ef8462f3cb,det-v1,1,accepted,1094,96,411.786,0.0000623800,false,false
call-000668,arm10_spec_eprocess,dev/f2/s2100002/no_alert__twin,10,meta-llama/llama-3.1-8b-instruct,sha256:5ca1b3e8ce4e0dea72b48728037f210a0685ca0f11a50629920f53ef8462f3cb,det-v1,1,accepted,1094,96,0.002,0.0000623800,true,false
call-000669,arm12_cth,dev/f2/s2100002/no_alert__twin,10,meta-llama/llama-3.1-8b-instruct,sha256:5ca1b3e8ce4e0dea72b48728037f210a0685ca0f11a50629920f53ef8462f3cb,det-v1,1,accepted,1094,96,0.002,0.0000623800,true,false
call-000670,arm12b_cth_llm,dev/f2/s2100002/no_alert__twin,10,meta-llama/llama-3.1-8b-instruct,sha256:5ca1b3e8ce4e0dea72b48728037f210a0685ca0f11a50629920f53ef8462f3cb,det-v1,1,accepted,1094,96,0.002,0.0000623800,true,false
call-000671,arm8_spec_immediate,cal/f2/s2100003/no_alert,32,meta-llama/llama-3.1-8b-instruct,sha256:aa8f67b4a9b9f4bfcbf6fbbae014cf1fb07a5f09ec693bfd27744b8f56972135,det-v1,1,,1871,101,524.548,0.0001016300,false,true
call-000672,arm8_spec_immediate,cal/f2/s2100003/no_alert,32,meta-llama/llama-3.1-8b-instruct,sha256:aa8f67b4a9b9f4bfcbf6fbbae014cf1fb07a5f09ec693bfd27744b8f56972135,det-v1,1,accepted,1871,101,524.548,0.0001016300,false,false
call-000673,arm8_spec_immediate,cal/f2/s2100003/no_alert,45,meta-llama/llama-3.1-8b-instruct,sha256:01d377c215a4293af85cf5a8c235210b70d4f8dd83c8ac1a18d3bb66b71a07ce,det-v1,1,,2352,306,773.101,0.0001420800,false,true
call-000674,arm8_spec_immediate,cal/f2/s2100003/no_alert,45,meta-llama/llama-3.1-8b-instruct,sha256:01d377c215a4293af85cf5a8c235210b70d4f8dd83c8ac1a18d3bb66b71a07ce,det-v1,1,accepted,2352,306,773.101,0.0001420800,false,false
call-000675,arm10_spec_eprocess,cal/f2/s2100003/no_alert,32,meta-llama/llama-3.1-8b-instruct,sha256:aa8f67b4a9b9f4bfcbf6fbbae014cf1fb07a5f09ec693bfd27744b8f56972135,det-v1,1,accepted,1871,101,0.003,0.0001016300,true,false
call-000676,arm10_spec_eprocess,cal/f2/s2100003/no_alert,45,meta-llama/llama-3.1-8b-instruct,sha256:36ffd7ccbebf6080fa035f32fd0b918b7949de3e95674ba19f8de41b4434ab63,det-v1,1,,2352,306,675.813,0.0001420800,false,true
call-000677,arm10_spec_eprocess,cal/f2/s2100003/no_alert,45,meta-llama/llama-3.1-8b-instruct,sha256:36ffd7ccbebf6080fa035f32fd0b918b7949de3e95674ba19f8de41b4434ab63,det-v1,1,accepted,2352,306,675.813,0.0001420800,false,false
call-000678,arm12_cth,cal/f2/s2100003/no_alert,32,meta-llama/llama-3.1-8b-instruct,sha256:aa8f67b4a9b9f4bfcbf6fbbae014cf1fb07a5f09ec693bfd27744b8f56972135,det-v1,1,accepted,1871,101,0.002,0.0001016300,true,false
call-000679,arm12_cth,cal/f2/s2100003/no_alert,45,meta-llama/llama-3.1-8b-instruct,sha256:eebb784482ccf8bee84f156986426a10a9d4a3493546e8b67a7f45357d5c139a,det-v1,1,,2352,306,703.928,0.0001420800,false,true
call-000680,arm12_cth,cal/f2/s2100003/no_alert,45,meta-llama/llama-3.1-8b-instruct,sha256:eebb784482ccf8bee84f156986426a10a9d4a3493546e8b67a7f45357d5c139a,det-v1,1,accepted,2352,306,703.928,0.0001420800,false,false
call-000681,arm12b_cth_llm,cal/f2/s2100003/no_alert,32,meta-llama/llama-3.1-8b-instruct,sha256:aa8f67b4a9b9f4bfcbf6fbbae014cf1fb07a5f09ec693bfd27744b8f56972135,det-v1,1,accepted,1871,101,0.002,0.0001016300,true,false
call-000682,arm12b_cth_llm,cal/f2/s2100003/no_alert,45,meta-llama/llama-3.1-8b-instruct,sha256:eebb784482ccf8bee84f156986426a10a9d4a3493546e8b67a7f45357d5c139a,det-v1,1,accepted,2352,306,0.001,0.0001420800,true,false
call-000683,arm8_spec_immediate,cal/f2/s2100003/early_accurate,32,meta-llama/llama-3.1-8b-instruct,sha256:bc25b5e8c5a28184fd67a98e87c3820ead9b02bc7ed4acb9487967b7a693e138,det-v1,1,,1871,101,347.685,0.0001016300,false,true
call-000684,arm8_spec_immediate,cal/f2/s2100003/early_accurate,32,meta-llama/llama-3.1-8b-instruct,sha256:bc25b5e8c5a28184fd67a98e87c3820ead9b02bc7ed4acb9487967b7a693e138,det-v1,1,accepted,1871,101,347.685,0.0001016300,false,false
call-000685,arm8_spec_immediate,cal/f2/s2100003/early_accurate,45,meta-llama/llama-3.1-8b-instruct,sha256:4909323a502ad46e73e6f4981ddac07e4e5872a2af15e1447484fc7a16cac339,det-v1,1,,2352,306,609.658,0.0001420800,false,true
call-000686,arm8_spec_immediate,cal/f2/s2100003/early_accurate,45,meta-llama/llama-3.1-8b-instruct,sha256:4909323a502ad46e73e6f4981ddac07e4e5872a2af15e1447484fc7a16cac339,det-v1,1,accepted,2352,306,609.658,0.0001420800,false,false
call-000687,arm10_spec_eprocess,cal/f2/s2100003/early_accurate,32,meta-llama/llama-3.1-8b-instruct,sha256:bc25b5e8c5a28184fd67a98e87c3820ead9b02bc7ed4acb9487967b7a693e138,det-v1,1,accepted,1871,101,0.004,0.0001016300,true,false
call-000688,arm10_spec_eprocess,cal/f2/s2100003/early_accurate,45,meta-llama/llama-3.1-8b-instruct,sha256:aa940b9d14d40ee42047af6d95b74b941f20666307ef94ebdb2694b737d1c50d,det-v1,1,,2352,306,661.580,0.0001420800,false,true
call-000689,arm10_spec_eprocess,cal/f2/s2100003/early_accurate,45,meta-llama/llama-3.1-8b-instruct,sha256:aa940b9d14d40ee42047af6d95b74b941f20666307ef94ebdb2694b737d1c50d,det-v1,1,accepted,2352,306,661.580,0.0001420800,false,false
call-000690,arm12_cth,cal/f2/s2100003/early_accurate,32,meta-llama/llama-3.1-8b-instruct,sha256:bc25b5e8c5a28184fd67a98e87c3820ead9b02bc7ed4acb9487967b7a693e138,det-v1,1,accepted,1871,101,0.002,0.0001016300,true,false
call-000691,arm12_cth,cal/f2/s2100003/early_accurate,45,meta-llama/llama-3.1-8b-instruct,sha256:4a33ed1e772e985a9e4b8e415117e4cd9a51c951fd9697040117cae32882f09e,det-v1,1,,2352,306,661.842,0.0001420800,false,true
call-000692,arm12_cth,cal/f2/s2100003/early_accurate,45,meta-llama/llama-3.1-8b-instruct,sha256:4a33ed1e772e985a9e4b8e415117e4cd9a51c951fd9697040117cae32882f09e,det-v1,1,accepted,2352,306,661.842,0.0001420800,false,false
call-000693,arm12b_cth_llm,cal/f2/s2100003/early_accurate,32,meta-llama/llama-3.1-8b-instruct,sha256:bc25b5e8c5a28184fd67a98e87c3820ead9b02bc7ed4acb9487967b7a693e138,det-v1,1,accepted,1871,101,0.002,0.0001016300,true,false
call-000694,arm12b_cth_llm,cal/f2/s2100003/early_accurate,45,meta-llama/llama-3.1-8b-instruct,sha256:4a33ed1e772e985a9e4b8e415117e4cd9a51c951fd9697040117cae32882f09e,det-v1,1,accepted,2352,306,0.001,0.0001420800,true,false
call-000695,arm8_spec_immediate,cal/f2/s2100003/late_accurate,32,meta-llama/llama-3.1-8b-instruct,sha256:0b38f4eabd985b454ba1d332bd1d07e202652db931c256e9b6be1bd102c061ec,det-v1,1,,1871,101,405.370,0.0001016300,false,true
call-000696,arm8_spec_immediate,cal/f2/s2100003/late_accurate,32,meta-llama/llama-3.1-8b-instruct,sha256:0b38f4eabd985b454ba1d332bd1d07e202652db931c256e9b6be1bd102c061ec,det-v1,1,accepted,1871,101,405.370,0.0001016300,false,false
call-000697,arm8_spec_immediate,cal/f2/s2100003/late_accurate,45,meta-llama/llama-3.1-8b-instruct,sha256:dba7b0378c3076548d326d7233096bcd7b323edd6e551286ce2e40ade957e0a2,det-v1,1,,2352,306,624.009,0.0001420800,false,true
call-000698,arm8_spec_immediate,cal/f2/s2100003/late_accurate,45,meta-llama/llama-3.1-8b-instruct,sha256:dba7b0378c3076548d326d7233096bcd7b323edd6e551286ce2e40ade957e0a2,det-v1,1,accepted,2352,306,624.009,0.0001420800,false,false
call-000699,arm10_spec_eprocess,cal/f2/s2100003/late_accurate,32,meta-llama/llama-3.1-8b-instruct,sha256:0b38f4eabd985b454ba1d332bd1d07e202652db931c256e9b6be1bd102c061ec,det-v1,1,accepted,1871,101,0.003,0.0001016300,true,false
call-000700,arm10_spec_eprocess,cal/f2/s2100003/late_accurate,45,meta-llama/llama-3.1-8b-instruct,sha256:5efc85c07c6789b84fb99c826083ca0ca2760c3e824d873aafcaafd61443180a,det-v1,1,,2352,306,643.956,0.0001420800,false,true
call-000701,arm10_spec_eprocess,cal/f2/s2100003/late_accurate,45,meta-llama/llama-3.1-8b-instruct,sha256:5efc85c07c6789b84fb99c826083ca0ca2760c3e824d873aafcaafd61443180a,det-v1,1,accepted,2352,306,643.956,0.0001420800,false,false
call-000702,arm12_cth,cal/f2/s2100003/late_accurate,32,meta-llama/llama-3.1-8b-instruct,sha256:0b38f4eabd985b454ba1d332bd1d07e202652db931c256e9b6be1bd102c061ec,det-v1,1,accepted,1871,101,0.002,0.0001016300,true,false
call-000703,arm12_cth,cal/f2/s2100003/late_accurate,45,meta-llama/llama-3.1-8b-instruct,sha256:8e6db3a6d2457d8f3d3aebe9230f8ddfaa6e6fd5a8f57a85889c14b575b38cb8,det-v1,1,,2352,306,688.866,0.0001420800,false,true
call-000704,arm12_cth,cal/f2/s2100003/late_accurate,45,meta-llama/llama-3.1-8b-instruct,sha256:8e6db3a6d2457d8f3d3aebe9230f8ddfaa6e6fd5a8f57a85889c14b575b38cb8,det-v1,1,accepted,2352,306,688.866,0.0001420800,false,false
call-000705,arm12b_cth_llm,cal/f2/s2100003/late_accurate,32,meta-llama/llama-3.1-8b-instruct,sha256:0b38f4eabd985b454ba1d332bd1d07e202652db931c256e9b6be1bd102c061ec,det-v1,1,accepted,1871,101,0.002,0.0001016300,true,false
call-000706,arm12b_cth_llm,cal/f2/s2100003/late_accurate,45,meta-llama/llama-3.1-8b-instruct,sha256:8e6db3a6d2457d8f3d3aebe9230f8ddfaa6e6fd5a8f57a85889c14b575b38cb8,det-v1,1,accepted,2352,306,0.001,0.0001420800,true,false
call-000707,arm8_spec_immediate,cal/f2/s2100003/unreliable,32,meta-llama/llama-3.1-8b-instruct,sha256:19937dfb45e722b7b989edb156900d92a5e0a8a2e7aff7aff0a93695f37e2e9c,det-v1,1,,1871,101,386.074,0.0001016300,false,true
call-000708,arm8_spec_immediate,cal/f2/s2100003/unreliable,32,meta-llama/llama-3.1-8b-instruct,sha256:19937dfb45e722b7b989edb156900d92a5e0a8a2e7aff7aff0a93695f37e2e9c,det-v1,1,accepted,1871,101,386.074,0.0001016300,false,false
call-000709,arm8_spec_immediate,cal/f2/s2100003/unreliable,45,meta-llama/llama-3.1-8b-instruct,sha256:c5d20143cf93305cae945e9ae55090e556213ccaf389581ae87dca075a344333,det-v1,1,,2352,306,636.850,0.0001420800,false,true
call-000710,arm8_spec_immediate,cal/f2/s2100003/unreliable,45,meta-llama/llama-3.1-8b-instruct,sha256:c5d20143cf93305cae945e9ae55090e556213ccaf389581ae87dca075a344333,det-v1,1,accepted,2352,306,636.850,0.0001420800,false,false
call-000711,arm10_spec_eprocess,cal/f2/s2100003/unreliable,32,meta-llama/llama-3.1-8b-instruct,sha256:19937dfb45e722b7b989edb156900d92a5e0a8a2e7aff7aff0a93695f37e2e9c,det-v1,1,accepted,1871,101,0.004,0.0001016300,true,false
call-000712,arm10_spec_eprocess,cal/f2/s2100003/unreliable,45,meta-llama/llama-3.1-8b-instruct,sha256:b40a80d712ef7aeb86710abc55b8eabdfe72b1b46886c9b8181eabaf2606a7d9,det-v1,1,,2352,306,772.978,0.0001420800,false,true
call-000713,arm10_spec_eprocess,cal/f2/s2100003/unreliable,45,meta-llama/llama-3.1-8b-instruct,sha256:b40a80d712ef7aeb86710abc55b8eabdfe72b1b46886c9b8181eabaf2606a7d9,det-v1,1,accepted,2352,306,772.978,0.0001420800,false,false
call-000714,arm12_cth,cal/f2/s2100003/unreliable,32,meta-llama/llama-3.1-8b-instruct,sha256:19937dfb45e722b7b989edb156900d92a5e0a8a2e7aff7aff0a93695f37e2e9c,det-v1,1,accepted,1871,101,0.002,0.0001016300,true,false
call-000715,arm12_cth,cal/f2/s2100003/unreliable,45,meta-llama/llama-3.1-8b-instruct,sha256:3e3f2b797d133f92880e18e9811dc7070c3485218df4ae0b3ca620d72b3ce0fe,det-v1,1,,2352,306,584.722,0.0001420800,false,true
call-000716,arm12_cth,cal/f2/s2100003/unreliable,45,meta-llama/llama-3.1-8b-instruct,sha256:3e3f2b797d133f92880e18e9811dc7070c3485218df4ae0b3ca620d72b3ce0fe,det-v1,1,accepted,2352,306,584.722,0.0001420800,false,false
call-000717,arm12b_cth_llm,cal/f2/s2100003/unreliable,32,meta-llama/llama-3.1-8b-instruct,sha256:19937dfb45e722b7b989edb156900d92a5e0a8a2e7aff7aff0a93695f37e2e9c,det-v1,1,accepted,1871,101,0.002,0.0001016300,true,false
call-000718,arm12b_cth_llm,cal/f2/s2100003/unreliable,45,meta-llama/llama-3.1-8b-instruct,sha256:3e3f2b797d133f92880e18e9811dc7070c3485218df4ae0b3ca620d72b3ce0fe,det-v1,1,accepted,2352,306,0.001,0.0001420800,true,false
call-000719,arm8_spec_immediate,dev/f2/s2100004/no_alert,24,meta-llama/llama-3.1-8b-instruct,sha256:bab53ca6021589a0f28d687787dd8c5b7e9ed1ce2eff295f23eb41b15597b717,det-v1,1,,1575,101,307.040,0.0000868300,false,true
call-000720,arm8_spec_immediate,dev/f2/s2100004/no_alert,24,meta-llama/llama-3.1-8b-instruct,sha256:bab53ca6021589a0f28d687787dd8c5b7e9ed1ce2eff295f23eb41b15597b717,det-v1,1,accepted,1575,101,307.040,0.0000868300,false,false
call-000721,arm8_spec_immediate,dev/f2/s2100004/no_alert,34,meta-llama/llama-3.1-8b-instruct,sha256:2cd0cd413338be92ac47b4e32408de949e67e6c3cff7e631e5d1677fac5a738a,det-v1,1,,1945,101,399.564,0.0001053300,false,true
call-000722,arm8_spec_immediate,dev/f2/s2100004/no_alert,34,meta-llama/llama-3.1-8b-instruct,sha256:2cd0cd413338be92ac47b4e32408de949e67e6c3cff7e631e5d1677fac5a738a,det-v1,1,accepted,1945,101,399.564,0.0001053300,false,false
call-000723,arm10_spec_eprocess,dev/f2/s2100004/no_alert,24,meta-llama/llama-3.1-8b-instruct,sha256:bab53ca6021589a0f28d687787dd8c5b7e9ed1ce2eff295f23eb41b15597b717,det-v1,1,accepted,1575,101,0.002,0.0000868300,true,false
call-000724,arm10_spec_eprocess,dev/f2/s2100004/no_alert,34,meta-llama/llama-3.1-8b-instruct,sha256:3df40812d37f9c739ed8718058dadb17c3efff92bc072aec76565d19970b7160,det-v1,1,,1945,101,335.362,0.0001053300,false,true
call-000725,arm10_spec_eprocess,dev/f2/s2100004/no_alert,34,meta-llama/llama-3.1-8b-instruct,sha256:3df40812d37f9c739ed8718058dadb17c3efff92bc072aec76565d19970b7160,det-v1,1,accepted,1945,101,335.362,0.0001053300,false,false
call-000726,arm12_cth,dev/f2/s2100004/no_alert,24,meta-llama/llama-3.1-8b-instruct,sha256:bab53ca6021589a0f28d687787dd8c5b7e9ed1ce2eff295f23eb41b15597b717,det-v1,1,accepted,1575,101,0.003,0.0000868300,true,false
call-000727,arm12_cth,dev/f2/s2100004/no_alert,34,meta-llama/llama-3.1-8b-instruct,sha256:23e3e8b763970f7aa798aea1961e35b5ca00d56f437f86f6482afe95ece6c434,det-v1,1,,1945,101,381.491,0.0001053300,false,true
call-000728,arm12_cth,dev/f2/s2100004/no_alert,34,meta-llama/llama-3.1-8b-instruct,sha256:23e3e8b763970f7aa798aea1961e35b5ca00d56f437f86f6482afe95ece6c434,det-v1,1,accepted,1945,101,381.491,0.0001053300,false,false
call-000729,arm12b_cth_llm,dev/f2/s2100004/no_alert,24,meta-llama/llama-3.1-8b-instruct,sha256:bab53ca6021589a0f28d687787dd8c5b7e9ed1ce2eff295f23eb41b15597b717,det-v1,1,accepted,1575,101,0.002,0.0000868300,true,false
call-000730,arm12b_cth_llm,dev/f2/s2100004/no_alert,34,meta-llama/llama-3.1-8b-instruct,sha256:6305b1f807642f3ffa66f4e6814807bf7a6505ac1d134bf025fac6fa6e30b880,det-v1,1,,1945,101,332.248,0.0001053300,false,true
call-000731,arm12b_cth_llm,dev/f2/s2100004/no_alert,34,meta-llama/llama-3.1-8b-instruct,sha256:6305b1f807642f3ffa66f4e6814807bf7a6505ac1d134bf025fac6fa6e30b880,det-v1,1,accepted,1945,101,332.248,0.0001053300,false,false
call-000732,arm8_spec_immediate,dev/f2/s2100004/early_accurate,24,meta-llama/llama-3.1-8b-instruct,sha256:1ccbe1d5446f5d766e9dfd921f46fa591ec1b20f307eb6076d475cb7c681672f,det-v1,1,,1575,101,372.716,0.0000868300,false,true
call-000733,arm8_spec_immediate,dev/f2/s2100004/early_accurate,24,meta-llama/llama-3.1-8b-instruct,sha256:1ccbe1d5446f5d766e9dfd921f46fa591ec1b20f307eb6076d475cb7c681672f,det-v1,1,accepted,1575,101,372.716,0.0000868300,false,false
call-000734,arm8_spec_immediate,dev/f2/s2100004/early_accurate,34,meta-llama/llama-3.1-8b-instruct,sha256:5a01395feeb90e8b15d3758521b0e143a5bb5f4db81eeba079d597fc45beb892,det-v1,1,,1945,101,357.710,0.0001053300,false,true
call-000735,arm8_spec_immediate,dev/f2/s2100004/early_accurate,34,meta-llama/llama-3.1-8b-instruct,sha256:5a01395feeb90e8b15d3758521b0e143a5bb5f4db81eeba079d597fc45beb892,det-v1,1,accepted,1945,101,357.710,0.0001053300,false,false
call-000736,arm10_spec_eprocess,dev/f2/s2100004/early_accurate,24,meta-llama/llama-3.1-8b-instruct,sha256:1ccbe1d5446f5d766e9dfd921f46fa591ec1b20f307eb6076d475cb7c681672f,det-v1,1,accepted,1575,101,0.003,0.0000868300,true,false
call-000737,arm10_spec_eprocess,dev/f2/s2100004/early_accurate,34,meta-llama/llama-3.1-8b-instruct,sha256:29204fee9d37e1ac7c08d136cfef12b40d2593e7aab7a972616ba50bca25e949,det-v1,1,,1945,101,405.163,0.0001053300,false,true
call-000738,arm10_spec_eprocess,dev/f2/s2100004/early_accurate,34,meta-llama/llama-3.1-8b-instruct,sha256:29204fee9d37e1ac7c08d136cfef12b40d2593e7aab7a972616ba50bca25e949,det-v1,1,accepted,1945,101,405.163,0.0001053300,false,false
call-000739,arm12_cth,dev/f2/s2100004/early_accurate,24,meta-llama/llama-3.1-8b-instruct,sha256:1ccbe1d5446f5d766e9dfd921f46fa591ec1b20f307eb6076d475cb7c681672f,det-v1,1,accepted,1575,101,0.002,0.0000868300,true,false
call-000740,arm12_cth,dev/f2/s2100004/early_accurate,34,meta-llama/llama-3.1-8b-instruct,sha256:0c797a9e390fa39ccaa57aa0a31ea32672d7859ab0264781218b2d91a629a107,det-v1,1,,1945,101,626.592,0.0001053300,false,true
call-000741,arm12_cth,dev/f2/s2100004/early_accurate,34,meta-llama/llama-3.1-8b-instruct,sha256:0c797a9e390fa39ccaa57aa0a31ea32672d7859ab0264781218b2d91a629a107,det-v1,1,accepted,1945,101,626.592,0.0001053300,false,false
call-000742,arm12b_cth_llm,dev/f2/s2100004/early_accurate,24,meta-llama/llama-3.1-8b-instruct,sha256:1ccbe1d5446f5d766e9dfd921f46fa591ec1b20f307eb6076d475cb7c681672f,det-v1,1,accepted,1575,101,0.002,0.0000868300,true,false
call-000743,arm12b_cth_llm,dev/f2/s2100004/early_accurate,34,meta-llama/llama-3.1-8b-instruct,sha256:fad6abb71fb67aaa6a5d9336e487dc7a359bb2b8cf41fd60678b8722e40535a4,det-v1,1,,1945,101,334.825,0.0001053300,false,true
call-000744,arm12b_cth_llm,dev/f2/s2100004/early_accurate,34,meta-llama/llama-3.1-8b-instruct,sha256:fad6abb71fb67aaa6a5d9336e487dc7a359bb2b8cf41fd60678b8722e40535a4,det-v1,1,accepted,1945,101,334.825,0.0001053300,false,false
call-000745,arm8_spec_immediate,dev/f2/s2100004/late_accurate,24,meta-llama/llama-3.1-8b-instruct,sha256:42b65cd5f081b48d90042d9f4d260bb407e4f84f2df4b34b5e839d9f6961d5dc,det-v1,1,,1575,101,395.095,0.0000868300,false,true
call-000746,arm8_spec_immediate,dev/f2/s2100004/late_accurate,24,meta-llama/llama-3.1-8b-instruct,sha256:42b65cd5f081b48d90042d9f4d260bb407e4f84f2df4b34b5e839d9f6961d5dc,det-v1,1,accepted,1575,101,395.095,0.0000868300,false,false
call-000747,arm8_spec_immediate,dev/f2/s2100004/late_accurate,34,meta-llama/llama-3.1-8b-instruct,sha256:c403a134374cd413dd5fb4a3100e59c8cfe303af13f8ca887b745b67b3f7db92,det-v1,1,,1945,101,407.130,0.0001053300,false,true
call-000748,arm8_spec_immediate,dev/f2/s2100004/late_accurate,34,meta-llama/llama-3.1-8b-instruct,sha256:c403a134374cd413dd5fb4a3100e59c8cfe303af13f8ca887b745b67b3f7db92,det-v1,1,accepted,1945,101,407.130,0.0001053300,false,false
call-000749,arm10_spec_eprocess,dev/f2/s2100004/late_accurate,24,meta-llama/llama-3.1-8b-instruct,sha256:42b65cd5f081b48d90042d9f4d260bb407e4f84f2df4b34b5e839d9f6961d5dc,det-v1,1,accepted,1575,101,0.003,0.0000868300,true,false
call-000750,arm10_spec_eprocess,dev/f2/s2100004/late_accurate,34,meta-llama/llama-3.1-8b-instruct,sha256:3ce2cf06f4b3eef3fe4a03061309573ca9f5b9b0026e40025538e51d1df4c3ab,det-v1,1,,1945,101,363.489,0.0001053300,false,true
call-000751,arm10_spec_eprocess,dev/f2/s2100004/late_accurate,34,meta-llama/llama-3.1-8b-instruct,sha256:3ce2cf06f4b3eef3fe4a03061309573ca9f5b9b0026e40025538e51d1df4c3ab,det-v1,1,accepted,1945,101,363.489,0.0001053300,false,false
call-000752,arm12_cth,dev/f2/s2100004/late_accurate,24,meta-llama/llama-3.1-8b-instruct,sha256:42b65cd5f081b48d90042d9f4d260bb407e4f84f2df4b34b5e839d9f6961d5dc,det-v1,1,accepted,1575,101,0.006,0.0000868300,true,false
call-000753,arm12_cth,dev/f2/s2100004/late_accurate,34,meta-llama/llama-3.1-8b-instruct,sha256:1641ca06f7e6d002c1c26e43c88cd7b0576f2c46f347b184168ec0ac6f425604,det-v1,1,,1945,101,618.377,0.0001053300,false,true
call-000754,arm12_cth,dev/f2/s2100004/late_accurate,34,meta-llama/llama-3.1-8b-instruct,sha256:1641ca06f7e6d002c1c26e43c88cd7b0576f2c46f347b184168ec0ac6f425604,det-v1,1,accepted,1945,101,618.377,0.0001053300,false,false
call-000755,arm12b_cth_llm,dev/f2/s2100004/late_accurate,24,meta-llama/llama-3.1-8b-instruct,sha256:42b65cd5f081b48d90042d9f4d260bb407e4f84f2df4b34b5e839d9f6961d5dc,det-v1,1,accepted,1575,101,0.002,0.0000868300,true,false
call-000756,arm12b_cth_llm,dev/f2/s2100004/late_accurate,34,meta-llama/llama-3.1-8b-instruct,sha256:df805ee7f5bccfc6a3eb80d1a6a69afa388ece94acca5649797f32d3d4d6db20,det-v1,1,,1945,101,422.273,0.0001053300,false,true
call-000757,arm12b_cth_llm,dev/f2/s2100004/late_accurate,34,meta-llama/llama-3.1-8b-instruct,sha256:df805ee7f5bccfc6a3eb80d1a6a69afa388ece94acca5649797f32d3d4d6db20,det-v1,1,accepted,1945,101,422.273,0.0001053300,false,false
call-000758,arm8_spec_immediate,dev/f2/s2100004/unreliable,24,meta-llama/llama-3.1-8b-instruct,sha256:316e00181a79c360eae1c34178a5a20b881b6b108f86a9cd0aaa93afb4f33a58,det-v1,1,,1575,101,307.448,0.0000868300,false,true
call-000759,arm8_spec_immediate,dev/f2/s2100004/unreliable,24,meta-llama/llama-3.1-8b-instruct,sha256:316e00181a79c360eae1c34178a5a20b881b6b108f86a9cd0aaa93afb4f33a58,det-v1,1,accepted,1575,101,307.448,0.0000868300,false,false
call-000760,arm8_spec_immediate,dev/f2/s2100004/unreliable,34,meta-llama/llama-3.1-8b-instruct,sha256:2522bbcf8fdc2f4fb8bdbb1433bfdfc71297ba55addedf484438abe5331a6495,det-v1,1,,1945,101,363.941,0.0001053300,false,true
call-000761,arm8_spec_immediate,dev/f2/s2100004/unreliable,34,meta-llama/llama-3.1-8b-instruct,sha256:2522bbcf8fdc2f4fb8bdbb1433bfdfc71297ba55addedf484438abe5331a6495,det-v1,1,accepted,1945,101,363.941,0.0001053300,false,false
call-000762,arm10_spec_eprocess,dev/f2/s2100004/unreliable,24,meta-llama/llama-3.1-8b-instruct,sha256:316e00181a79c360eae1c34178a5a20b881b6b108f86a9cd0aaa93afb4f33a58,det-v1,1,accepted,1575,101,0.002,0.0000868300,true,false
call-000763,arm10_spec_eprocess,dev/f2/s2100004/unreliable,34,meta-llama/llama-3.1-8b-instruct,sha256:4fabb4d04cd629cbc850fc29bf1932e404773503f60657260b64f006bf105276,det-v1,1,,1921,79,938.923,0.0001023700,false,true
call-000764,arm10_spec_eprocess,dev/f2/s2100004/unreliable,34,meta-llama/llama-3.1-8b-instruct,sha256:4fabb4d04cd629cbc850fc29bf1932e404773503f60657260b64f006bf105276,det-v1,1,accepted,1921,79,938.923,0.0001023700,false,false
call-000765,arm12_cth,dev/f2/s2100004/unreliable,24,meta-llama/llama-3.1-8b-instruct,sha256:316e00181a79c360eae1c34178a5a20b881b6b108f86a9cd0aaa93afb4f33a58,det-v1,1,accepted,1575,101,0.002,0.0000868300,true,false
call-000766,arm12_cth,dev/f2/s2100004/unreliable,34,meta-llama/llama-3.1-8b-instruct,sha256:299b54c8184b3a8210e056f3f4c3a0d97539d41e113f83c167b3fdccf6cd060a,det-v1,1,,1945,101,367.657,0.0001053300,false,true
call-000767,arm12_cth,dev/f2/s2100004/unreliable,34,meta-llama/llama-3.1-8b-instruct,sha256:299b54c8184b3a8210e056f3f4c3a0d97539d41e113f83c167b3fdccf6cd060a,det-v1,1,accepted,1945,101,367.657,0.0001053300,false,false
call-000768,arm12b_cth_llm,dev/f2/s2100004/unreliable,24,meta-llama/llama-3.1-8b-instruct,sha256:316e00181a79c360eae1c34178a5a20b881b6b108f86a9cd0aaa93afb4f33a58,det-v1,1,accepted,1575,101,0.002,0.0000868300,true,false
call-000769,arm12b_cth_llm,dev/f2/s2100004/unreliable,34,meta-llama/llama-3.1-8b-instruct,sha256:a5cbba7916e6beda2fd6bf629d7f6a7ac78e23a8d9718d9fbab02ad22f823160,det-v1,1,,1945,101,683.843,0.0001053300,false,true
call-000770,arm12b_cth_llm,dev/f2/s2100004/unreliable,34,meta-llama/llama-3.1-8b-instruct,sha256:a5cbba7916e6beda2fd6bf629d7f6a7ac78e23a8d9718d9fbab02ad22f823160,det-v1,1,accepted,1945,101,683.843,0.0001053300,false,false
call-000771,arm8_spec_immediate,cal/f2/s2100005/no_alert,38,meta-llama/llama-3.1-8b-instruct,sha256:38c5d970060da987dd35be6f6d06a49f92cd4b7d7dd53bbb3a1f4af987aef310,det-v1,1,,2093,101,529.123,0.0001127300,false,true
call-000772,arm8_spec_immediate,cal/f2/s2100005/no_alert,38,meta-llama/llama-3.1-8b-instruct,sha256:38c5d970060da987dd35be6f6d06a49f92cd4b7d7dd53bbb3a1f4af987aef310,det-v1,1,accepted,2093,101,529.123,0.0001127300,false,false
call-000773,arm8_spec_immediate,cal/f2/s2100005/no_alert,47,meta-llama/llama-3.1-8b-instruct,sha256:aca17e0f83c94ebf2509362969babeee21834eca44bffb7b20185bb3ff263700,det-v1,1,,2426,316,635.743,0.0001465800,false,true
call-000774,arm8_spec_immediate,cal/f2/s2100005/no_alert,47,meta-llama/llama-3.1-8b-instruct,sha256:aca17e0f83c94ebf2509362969babeee21834eca44bffb7b20185bb3ff263700,det-v1,1,accepted,2426,316,635.743,0.0001465800,false,false
call-000775,arm10_spec_eprocess,cal/f2/s2100005/no_alert,38,meta-llama/llama-3.1-8b-instruct,sha256:38c5d970060da987dd35be6f6d06a49f92cd4b7d7dd53bbb3a1f4af987aef310,det-v1,1,accepted,2093,101,0.004,0.0001127300,true,false
call-000776,arm10_spec_eprocess,cal/f2/s2100005/no_alert,47,meta-llama/llama-3.1-8b-instruct,sha256:28a8e4f8e9146a5ab16e861c2b8a985be1b9b66d939147cc7d0f34adb0f1b90a,det-v1,1,,2426,316,647.250,0.0001465800,false,true
call-000777,arm10_spec_eprocess,cal/f2/s2100005/no_alert,47,meta-llama/llama-3.1-8b-instruct,sha256:28a8e4f8e9146a5ab16e861c2b8a985be1b9b66d939147cc7d0f34adb0f1b90a,det-v1,1,accepted,2426,316,647.250,0.0001465800,false,false
call-000778,arm12_cth,cal/f2/s2100005/no_alert,38,meta-llama/llama-3.1-8b-instruct,sha256:38c5d970060da987dd35be6f6d06a49f92cd4b7d7dd53bbb3a1f4af987aef310,det-v1,1,accepted,2093,101,0.002,0.0001127300,true,false
call-000779,arm12_cth,cal/f2/s2100005/no_alert,47,meta-llama/llama-3.1-8b-instruct,sha256:7561827b9fa8fa8be887204dc0246bbb6ee4eaf2252b7981e08cafd87db99668,det-v1,1,,2426,316,681.429,0.0001465800,false,true
call-000780,arm12_cth,cal/f2/s2100005/no_alert,47,meta-llama/llama-3.1-8b-instruct,sha256:7561827b9fa8fa8be887204dc0246bbb6ee4eaf2252b7981e08cafd87db99668,det-v1,1,accepted,2426,316,681.429,0.0001465800,false,false
call-000781,arm12b_cth_llm,cal/f2/s2100005/no_alert,38,meta-llama/llama-3.1-8b-instruct,sha256:38c5d970060da987dd35be6f6d06a49f92cd4b7d7dd53bbb3a1f4af987aef310,det-v1,1,accepted,2093,101,0.002,0.0001127300,true,false
call-000782,arm12b_cth_llm,cal/f2/s2100005/no_alert,47,meta-llama/llama-3.1-8b-instruct,sha256:bd85e60ae1bb57a2297a5baf897ba3cebca4face15c347bfe8b9049e6bdd5b01,det-v1,1,,2426,316,614.082,0.0001465800,false,true
call-000783,arm12b_cth_llm,cal/f2/s2100005/no_alert,47,meta-llama/llama-3.1-8b-instruct,sha256:bd85e60ae1bb57a2297a5baf897ba3cebca4face15c347bfe8b9049e6bdd5b01,det-v1,1,accepted,2426,316,614.082,0.0001465800,false,false
call-000784,arm8_spec_immediate,cal/f2/s2100005/early_accurate,38,meta-llama/llama-3.1-8b-instruct,sha256:ab8a9da7d9164518733b2dd1013444fd06b4ce5474d20b8ab3b796869be384ac,det-v1,1,,2093,101,363.402,0.0001127300,false,true
call-000785,arm8_spec_immediate,cal/f2/s2100005/early_accurate,38,meta-llama/llama-3.1-8b-instruct,sha256:ab8a9da7d9164518733b2dd1013444fd06b4ce5474d20b8ab3b796869be384ac,det-v1,1,accepted,2093,101,363.402,0.0001127300,false,false
call-000786,arm8_spec_immediate,cal/f2/s2100005/early_accurate,47,meta-llama/llama-3.1-8b-instruct,sha256:6b392b5d11d2d332c800b018ce18d755f1b1124d66715b73980a992cdb9834b3,det-v1,1,,2426,316,658.898,0.0001465800,false,true
call-000787,arm8_spec_immediate,cal/f2/s2100005/early_accurate,47,meta-llama/llama-3.1-8b-instruct,sha256:6b392b5d11d2d332c800b018ce18d755f1b1124d66715b73980a992cdb9834b3,det-v1,1,accepted,2426,316,658.898,0.0001465800,false,false
call-000788,arm10_spec_eprocess,cal/f2/s2100005/early_accurate,38,meta-llama/llama-3.1-8b-instruct,sha256:ab8a9da7d9164518733b2dd1013444fd06b4ce5474d20b8ab3b796869be384ac,det-v1,1,accepted,2093,101,0.004,0.0001127300,true,false
call-000789,arm10_spec_eprocess,cal/f2/s2100005/early_accurate,47,meta-llama/llama-3.1-8b-instruct,sha256:f95fe459f74ac3a2c5c2b92291a0c65c7d1b9834920a75b8dbb1e4abdb22dde0,det-v1,1,,2426,316,661.821,0.0001465800,false,true
call-000790,arm10_spec_eprocess,cal/f2/s2100005/early_accurate,47,meta-llama/llama-3.1-8b-instruct,sha256:f95fe459f74ac3a2c5c2b92291a0c65c7d1b9834920a75b8dbb1e4abdb22dde0,det-v1,1,accepted,2426,316,661.821,0.0001465800,false,false
call-000791,arm12_cth,cal/f2/s2100005/early_accurate,38,meta-llama/llama-3.1-8b-instruct,sha256:ab8a9da7d9164518733b2dd1013444fd06b4ce5474d20b8ab3b796869be384ac,det-v1,1,accepted,2093,101,0.002,0.0001127300,true,false
call-000792,arm12_cth,cal/f2/s2100005/early_accurate,47,meta-llama/llama-3.1-8b-instruct,sha256:76a0646c6ca0e132c669ef6b81dea7ab3a8b545849c105cc5e31878bbe8cd55f,det-v1,1,,2426,316,647.688,0.0001465800,false,true
call-000793,arm12_cth,cal/f2/s2100005/early_accurate,47,meta-llama/llama-3.1-8b-instruct,sha256:76a0646c6ca0e132c669ef6b81dea7ab3a8b545849c105cc5e31878bbe8cd55f,det-v1,1,accepted,2426,316,647.688,0.0001465800,false,false
call-000794,arm12b_cth_llm,cal/f2/s2100005/early_accurate,38,meta-llama/llama-3.1-8b-instruct,sha256:ab8a9da7d9164518733b2dd1013444fd06b4ce5474d20b8ab3b796869be384ac,det-v1,1,accepted,2093,101,0.002,0.0001127300,true,false
call-000795,arm12b_cth_llm,cal/f2/s2100005/early_accurate,47,meta-llama/llama-3.1-8b-instruct,sha256:b10c403062f7e81ee410e3b4a832fb76ad62f36a41feb5951394c6287349b6ee,det-v1,1,,2426,316,670.277,0.0001465800,false,true
call-000796,arm12b_cth_llm,cal/f2/s2100005/early_accurate,47,meta-llama/llama-3.1-8b-instruct,sha256:b10c403062f7e81ee410e3b4a832fb76ad62f36a41feb5951394c6287349b6ee,det-v1,1,accepted,2426,316,670.277,0.0001465800,false,false
call-000797,arm8_spec_immediate,cal/f2/s2100005/late_accurate,38,meta-llama/llama-3.1-8b-instruct,sha256:3275d35399eb0225222dd1c89149df89b68f0449eeb7ae5ecab5422884abe23b,det-v1,1,,2093,101,425.575,0.0001127300,false,true
call-000798,arm8_spec_immediate,cal/f2/s2100005/late_accurate,38,meta-llama/llama-3.1-8b-instruct,sha256:3275d35399eb0225222dd1c89149df89b68f0449eeb7ae5ecab5422884abe23b,det-v1,1,accepted,2093,101,425.575,0.0001127300,false,false
call-000799,arm8_spec_immediate,cal/f2/s2100005/late_accurate,47,meta-llama/llama-3.1-8b-instruct,sha256:b417c699d62e0a97876182bc14d8b2afea058f7da5cc14b48d235664e4b2dc80,det-v1,1,,2426,316,670.127,0.0001465800,false,true
call-000800,arm8_spec_immediate,cal/f2/s2100005/late_accurate,47,meta-llama/llama-3.1-8b-instruct,sha256:b417c699d62e0a97876182bc14d8b2afea058f7da5cc14b48d235664e4b2dc80,det-v1,1,accepted,2426,316,670.127,0.0001465800,false,false
call-000801,arm10_spec_eprocess,cal/f2/s2100005/late_accurate,38,meta-llama/llama-3.1-8b-instruct,sha256:3275d35399eb0225222dd1c89149df89b68f0449eeb7ae5ecab5422884abe23b,det-v1,1,accepted,2093,101,0.003,0.0001127300,true,false
call-000802,arm10_spec_eprocess,cal/f2/s2100005/late_accurate,47,meta-llama/llama-3.1-8b-instruct,sha256:eebd55fda3647bfc96f4b7c58114de7c2532443f506690b9936274833e14d688,det-v1,1,,2426,316,770.141,0.0001465800,false,true
call-000803,arm10_spec_eprocess,cal/f2/s2100005/late_accurate,47,meta-llama/llama-3.1-8b-instruct,sha256:eebd55fda3647bfc96f4b7c58114de7c2532443f506690b9936274833e14d688,det-v1,1,accepted,2426,316,770.141,0.0001465800,false,false
call-000804,arm12_cth,cal/f2/s2100005/late_accurate,38,meta-llama/llama-3.1-8b-instruct,sha256:3275d35399eb0225222dd1c89149df89b68f0449eeb7ae5ecab5422884abe23b,det-v1,1,accepted,2093,101,0.002,0.0001127300,true,false
call-000805,arm12_cth,cal/f2/s2100005/late_accurate,47,meta-llama/llama-3.1-8b-instruct,sha256:47d9eb86de27798d0ff1c7186e296876cda75caa55732fe20b66d5a259003dd2,det-v1,1,,2426,316,703.463,0.0001465800,false,true
call-000806,arm12_cth,cal/f2/s2100005/late_accurate,47,meta-llama/llama-3.1-8b-instruct,sha256:47d9eb86de27798d0ff1c7186e296876cda75caa55732fe20b66d5a259003dd2,det-v1,1,accepted,2426,316,703.463,0.0001465800,false,false
call-000807,arm12b_cth_llm,cal/f2/s2100005/late_accurate,38,meta-llama/llama-3.1-8b-instruct,sha256:3275d35399eb0225222dd1c89149df89b68f0449eeb7ae5ecab5422884abe23b,det-v1,1,accepted,2093,101,0.002,0.0001127300,true,false
call-000808,arm12b_cth_llm,cal/f2/s2100005/late_accurate,47,meta-llama/llama-3.1-8b-instruct,sha256:534a09ab3338be60963c6d1967f18095f422c246bd227fee688941e4e2607941,det-v1,1,,2426,316,629.453,0.0001465800,false,true
call-000809,arm12b_cth_llm,cal/f2/s2100005/late_accurate,47,meta-llama/llama-3.1-8b-instruct,sha256:534a09ab3338be60963c6d1967f18095f422c246bd227fee688941e4e2607941,det-v1,1,accepted,2426,316,629.453,0.0001465800,false,false
call-000810,arm8_spec_immediate,cal/f2/s2100005/unreliable,38,meta-llama/llama-3.1-8b-instruct,sha256:2f922f35692c44bc9a409dc780dd17fcbc52eaa2896607d51e746cdf1635b45f,det-v1,1,,2093,101,366.230,0.0001127300,false,true
call-000811,arm8_spec_immediate,cal/f2/s2100005/unreliable,38,meta-llama/llama-3.1-8b-instruct,sha256:2f922f35692c44bc9a409dc780dd17fcbc52eaa2896607d51e746cdf1635b45f,det-v1,1,accepted,2093,101,366.230,0.0001127300,false,false
call-000812,arm8_spec_immediate,cal/f2/s2100005/unreliable,47,meta-llama/llama-3.1-8b-instruct,sha256:7db94f7b3f4d6b1f67b7ed39e624986b413f55b9224d829f76b7e49aba94bfcb,det-v1,1,,2426,316,700.144,0.0001465800,false,true
call-000813,arm8_spec_immediate,cal/f2/s2100005/unreliable,47,meta-llama/llama-3.1-8b-instruct,sha256:7db94f7b3f4d6b1f67b7ed39e624986b413f55b9224d829f76b7e49aba94bfcb,det-v1,1,accepted,2426,316,700.144,0.0001465800,false,false
call-000814,arm10_spec_eprocess,cal/f2/s2100005/unreliable,38,meta-llama/llama-3.1-8b-instruct,sha256:2f922f35692c44bc9a409dc780dd17fcbc52eaa2896607d51e746cdf1635b45f,det-v1,1,accepted,2093,101,0.004,0.0001127300,true,false
call-000815,arm10_spec_eprocess,cal/f2/s2100005/unreliable,47,meta-llama/llama-3.1-8b-instruct,sha256:47934fa27661b3108359a25001b99a093118b1c10330093556bd4facdd990d6e,det-v1,1,,2426,316,696.391,0.0001465800,false,true
call-000816,arm10_spec_eprocess,cal/f2/s2100005/unreliable,47,meta-llama/llama-3.1-8b-instruct,sha256:47934fa27661b3108359a25001b99a093118b1c10330093556bd4facdd990d6e,det-v1,1,accepted,2426,316,696.391,0.0001465800,false,false
call-000817,arm12_cth,cal/f2/s2100005/unreliable,38,meta-llama/llama-3.1-8b-instruct,sha256:2f922f35692c44bc9a409dc780dd17fcbc52eaa2896607d51e746cdf1635b45f,det-v1,1,accepted,2093,101,0.002,0.0001127300,true,false
call-000818,arm12_cth,cal/f2/s2100005/unreliable,47,meta-llama/llama-3.1-8b-instruct,sha256:0d0383be398095bd32118df07a78c13f4cb98a4f000f0b85cbca256c2b8f7771,det-v1,1,,2426,316,696.007,0.0001465800,false,true
call-000819,arm12_cth,cal/f2/s2100005/unreliable,47,meta-llama/llama-3.1-8b-instruct,sha256:0d0383be398095bd32118df07a78c13f4cb98a4f000f0b85cbca256c2b8f7771,det-v1,1,accepted,2426,316,696.007,0.0001465800,false,false
call-000820,arm12b_cth_llm,cal/f2/s2100005/unreliable,38,meta-llama/llama-3.1-8b-instruct,sha256:2f922f35692c44bc9a409dc780dd17fcbc52eaa2896607d51e746cdf1635b45f,det-v1,1,accepted,2093,101,0.002,0.0001127300,true,false
call-000821,arm12b_cth_llm,cal/f2/s2100005/unreliable,47,meta-llama/llama-3.1-8b-instruct,sha256:96d1e0abd4ac457dd20c580fd4213ddf68231a0192baa752633bfba857b7b99d,det-v1,1,,2426,316,667.658,0.0001465800,false,true
call-000822,arm12b_cth_llm,cal/f2/s2100005/unreliable,47,meta-llama/llama-3.1-8b-instruct,sha256:96d1e0abd4ac457dd20c580fd4213ddf68231a0192baa752633bfba857b7b99d,det-v1,1,accepted,2426,316,667.658,0.0001465800,false,false
call-000823,arm8_spec_immediate,cal/f2/s2100005/no_alert__twin,10,meta-llama/llama-3.1-8b-instruct,sha256:961bb1c3bf7c5b7b98e0f72a22bcd1ee9e86636416c4f03e21bcbeea34d61d66,det-v1,1,,1095,106,279.203,0.0000632300,false,true
call-000824,arm8_spec_immediate,cal/f2/s2100005/no_alert__twin,10,meta-llama/llama-3.1-8b-instruct,sha256:961bb1c3bf7c5b7b98e0f72a22bcd1ee9e86636416c4f03e21bcbeea34d61d66,det-v1,1,accepted,1095,106,279.203,0.0000632300,false,false
call-000825,arm8_spec_immediate,cal/f2/s2100005/no_alert__twin,30,meta-llama/llama-3.1-8b-instruct,sha256:89a6b94da83a61efe0d323782688af939e9d0f168788d94342cc76a60fdb067a,det-v1,1,,1835,156,510.709,0.0001042300,false,true
call-000826,arm8_spec_immediate,cal/f2/s2100005/no_alert__twin,30,meta-llama/llama-3.1-8b-instruct,sha256:89a6b94da83a61efe0d323782688af939e9d0f168788d94342cc76a60fdb067a,det-v1,1,accepted,1835,156,510.709,0.0001042300,false,false
call-000827,arm10_spec_eprocess,cal/f2/s2100005/no_alert__twin,10,meta-llama/llama-3.1-8b-instruct,sha256:961bb1c3bf7c5b7b98e0f72a22bcd1ee9e86636416c4f03e21bcbeea34d61d66,det-v1,1,accepted,1095,106,0.003,0.0000632300,true,false
call-000828,arm10_spec_eprocess,cal/f2/s2100005/no_alert__twin,30,meta-llama/llama-3.1-8b-instruct,sha256:5e2fd944a3a5091374bdc0e3e6dc21d561af9a8ec51482626c450f7be30f896a,det-v1,1,,1835,156,422.896,0.0001042300,false,true
call-000829,arm10_spec_eprocess,cal/f2/s2100005/no_alert__twin,30,meta-llama/llama-3.1-8b-instruct,sha256:5e2fd944a3a5091374bdc0e3e6dc21d561af9a8ec51482626c450f7be30f896a,det-v1,1,accepted,1835,156,422.896,0.0001042300,false,false
call-000830,arm12_cth,cal/f2/s2100005/no_alert__twin,10,meta-llama/llama-3.1-8b-instruct,sha256:961bb1c3bf7c5b7b98e0f72a22bcd1ee9e86636416c4f03e21bcbeea34d61d66,det-v1,1,accepted,1095,106,0.003,0.0000632300,true,false
call-000831,arm12_cth,cal/f2/s2100005/no_alert__twin,30,meta-llama/llama-3.1-8b-instruct,sha256:2476f8f58a64b4b95a71057553adb37d45ad249491a617da1a3f191af64efa91,det-v1,1,,1835,156,471.591,0.0001042300,false,true
call-000832,arm12_cth,cal/f2/s2100005/no_alert__twin,30,meta-llama/llama-3.1-8b-instruct,sha256:2476f8f58a64b4b95a71057553adb37d45ad249491a617da1a3f191af64efa91,det-v1,1,accepted,1835,156,471.591,0.0001042300,false,false
call-000833,arm12b_cth_llm,cal/f2/s2100005/no_alert__twin,10,meta-llama/llama-3.1-8b-instruct,sha256:961bb1c3bf7c5b7b98e0f72a22bcd1ee9e86636416c4f03e21bcbeea34d61d66,det-v1,1,accepted,1095,106,0.002,0.0000632300,true,false
call-000834,arm12b_cth_llm,cal/f2/s2100005/no_alert__twin,30,meta-llama/llama-3.1-8b-instruct,sha256:7bf73e03a5b7dc1f7315d2b94f41c737aafc85220946aaf0eeedacebe199fb0e,det-v1,1,,1835,156,515.323,0.0001042300,false,true
call-000835,arm12b_cth_llm,cal/f2/s2100005/no_alert__twin,30,meta-llama/llama-3.1-8b-instruct,sha256:7bf73e03a5b7dc1f7315d2b94f41c737aafc85220946aaf0eeedacebe199fb0e,det-v1,1,accepted,1835,156,515.323,0.0001042300,false,false
call-000836,arm8_spec_immediate,dev/f2/s2100006/no_alert,31,meta-llama/llama-3.1-8b-instruct,sha256:e50d941018eeb6383654d835c471e3e85a31b22a5e2724e6ca6ec4509370b824,det-v1,1,,1834,101,360.274,0.0000997800,false,true
call-000837,arm8_spec_immediate,dev/f2/s2100006/no_alert,31,meta-llama/llama-3.1-8b-instruct,sha256:e50d941018eeb6383654d835c471e3e85a31b22a5e2724e6ca6ec4509370b824,det-v1,1,accepted,1834,101,360.274,0.0000997800,false,false
call-000838,arm8_spec_immediate,dev/f2/s2100006/no_alert,42,meta-llama/llama-3.1-8b-instruct,sha256:d81175a99d08e10addafd6249b59fb286d213c410871a8b8249729d804e73561,det-v1,1,,2241,291,622.191,0.0001353300,false,true
call-000839,arm8_spec_immediate,dev/f2/s2100006/no_alert,42,meta-llama/llama-3.1-8b-instruct,sha256:d81175a99d08e10addafd6249b59fb286d213c410871a8b8249729d804e73561,det-v1,1,accepted,2241,291,622.191,0.0001353300,false,false
call-000840,arm10_spec_eprocess,dev/f2/s2100006/no_alert,31,meta-llama/llama-3.1-8b-instruct,sha256:e50d941018eeb6383654d835c471e3e85a31b22a5e2724e6ca6ec4509370b824,det-v1,1,accepted,1834,101,0.002,0.0000997800,true,false
call-000841,arm10_spec_eprocess,dev/f2/s2100006/no_alert,42,meta-llama/llama-3.1-8b-instruct,sha256:c5500b58c50e97f1c62704c2c67432e481eb0187799eddf86a898c2276f35dde,det-v1,1,,2241,291,639.852,0.0001353300,false,true
call-000842,arm10_spec_eprocess,dev/f2/s2100006/no_alert,42,meta-llama/llama-3.1-8b-instruct,sha256:c5500b58c50e97f1c62704c2c67432e481eb0187799eddf86a898c2276f35dde,det-v1,1,accepted,2241,291,639.852,0.0001353300,false,false
call-000843,arm12_cth,dev/f2/s2100006/no_alert,31,meta-llama/llama-3.1-8b-instruct,sha256:e50d941018eeb6383654d835c471e3e85a31b22a5e2724e6ca6ec4509370b824,det-v1,1,accepted,1834,101,0.002,0.0000997800,true,false
call-000844,arm12_cth,dev/f2/s2100006/no_alert,42,meta-llama/llama-3.1-8b-instruct,sha256:39712392a56ac8d3f2dc943e11093431fafd3ca1e9e6e96c26020d7786787ea8,det-v1,1,,2241,291,837.149,0.0001353300,false,true
call-000845,arm12_cth,dev/f2/s2100006/no_alert,42,meta-llama/llama-3.1-8b-instruct,sha256:39712392a56ac8d3f2dc943e11093431fafd3ca1e9e6e96c26020d7786787ea8,det-v1,1,accepted,2241,291,837.149,0.0001353300,false,false
call-000846,arm12b_cth_llm,dev/f2/s2100006/no_alert,31,meta-llama/llama-3.1-8b-instruct,sha256:e50d941018eeb6383654d835c471e3e85a31b22a5e2724e6ca6ec4509370b824,det-v1,1,accepted,1834,101,0.002,0.0000997800,true,false
call-000847,arm12b_cth_llm,dev/f2/s2100006/no_alert,42,meta-llama/llama-3.1-8b-instruct,sha256:f1d7f85b856ad780abf6fe2915a816dfbb118ae4ca6a8dcbf6a16e741dedf2e7,det-v1,1,,2241,291,662.460,0.0001353300,false,true
call-000848,arm12b_cth_llm,dev/f2/s2100006/no_alert,42,meta-llama/llama-3.1-8b-instruct,sha256:f1d7f85b856ad780abf6fe2915a816dfbb118ae4ca6a8dcbf6a16e741dedf2e7,det-v1,1,accepted,2241,291,662.460,0.0001353300,false,false
call-000849,arm8_spec_immediate,dev/f2/s2100006/early_accurate,31,meta-llama/llama-3.1-8b-instruct,sha256:0fe1d021e7f536eb6b5e273faa0cb152be16ceca39096d9e96afc6f886b0dd60,det-v1,1,,1834,101,350.801,0.0000997800,false,true
call-000850,arm8_spec_immediate,dev/f2/s2100006/early_accurate,31,meta-llama/llama-3.1-8b-instruct,sha256:0fe1d021e7f536eb6b5e273faa0cb152be16ceca39096d9e96afc6f886b0dd60,det-v1,1,accepted,1834,101,350.801,0.0000997800,false,false
call-000851,arm8_spec_immediate,dev/f2/s2100006/early_accurate,42,meta-llama/llama-3.1-8b-instruct,sha256:e5b8033188374563c12f80ecd76ad0cfc897ba26c5af81b591beb938e6c8716b,det-v1,1,,2241,291,939.431,0.0001353300,false,true
call-000852,arm8_spec_immediate,dev/f2/s2100006/early_accurate,42,meta-llama/llama-3.1-8b-instruct,sha256:e5b8033188374563c12f80ecd76ad0cfc897ba26c5af81b591beb938e6c8716b,det-v1,1,accepted,2241,291,939.431,0.0001353300,false,false
call-000853,arm10_spec_eprocess,dev/f2/s2100006/early_accurate,31,meta-llama/llama-3.1-8b-instruct,sha256:0fe1d021e7f536eb6b5e273faa0cb152be16ceca39096d9e96afc6f886b0dd60,det-v1,1,accepted,1834,101,0.003,0.0000997800,true,false
call-000854,arm10_spec_eprocess,dev/f2/s2100006/early_accurate,42,meta-llama/llama-3.1-8b-instruct,sha256:202ea20e4e2d6f8b088321c0299867910aba7516e35b6ebf9255cce10b2e62ec,det-v1,1,,2241,291,637.564,0.0001353300,false,true
call-000855,arm10_spec_eprocess,dev/f2/s2100006/early_accurate,42,meta-llama/llama-3.1-8b-instruct,sha256:202ea20e4e2d6f8b088321c0299867910aba7516e35b6ebf9255cce10b2e62ec,det-v1,1,accepted,2241,291,637.564,0.0001353300,false,false
call-000856,arm12_cth,dev/f2/s2100006/early_accurate,31,meta-llama/llama-3.1-8b-instruct,sha256:0fe1d021e7f536eb6b5e273faa0cb152be16ceca39096d9e96afc6f886b0dd60,det-v1,1,accepted,1834,101,0.002,0.0000997800,true,false
call-000857,arm12_cth,dev/f2/s2100006/early_accurate,42,meta-llama/llama-3.1-8b-instruct,sha256:51ceb6c2d6cfc3e320dd23db5f7cec1c6ebcef089e00d44c93092f9fa2de958c,det-v1,1,,2241,291,652.727,0.0001353300,false,true
call-000858,arm12_cth,dev/f2/s2100006/early_accurate,42,meta-llama/llama-3.1-8b-instruct,sha256:51ceb6c2d6cfc3e320dd23db5f7cec1c6ebcef089e00d44c93092f9fa2de958c,det-v1,1,accepted,2241,291,652.727,0.0001353300,false,false
call-000859,arm12b_cth_llm,dev/f2/s2100006/early_accurate,31,meta-llama/llama-3.1-8b-instruct,sha256:0fe1d021e7f536eb6b5e273faa0cb152be16ceca39096d9e96afc6f886b0dd60,det-v1,1,accepted,1834,101,0.002,0.0000997800,true,false
call-000860,arm12b_cth_llm,dev/f2/s2100006/early_accurate,42,meta-llama/llama-3.1-8b-instruct,sha256:05cf4846b9ccd6904e0b61f24628213a44e0a42a21657c6f6444c80dbac1d837,det-v1,1,,2241,291,651.096,0.0001353300,false,true
call-000861,arm12b_cth_llm,dev/f2/s2100006/early_accurate,42,meta-llama/llama-3.1-8b-instruct,sha256:05cf4846b9ccd6904e0b61f24628213a44e0a42a21657c6f6444c80dbac1d837,det-v1,1,accepted,2241,291,651.096,0.0001353300,false,false
call-000862,arm8_spec_immediate,dev/f2/s2100006/late_accurate,31,meta-llama/llama-3.1-8b-instruct,sha256:bf8f1964f66bbd513f46a40b823924d243e9ece3055d5b586c4e4b49ae4eff95,det-v1,1,,1834,101,378.696,0.0000997800,false,true
call-000863,arm8_spec_immediate,dev/f2/s2100006/late_accurate,31,meta-llama/llama-3.1-8b-instruct,sha256:bf8f1964f66bbd513f46a40b823924d243e9ece3055d5b586c4e4b49ae4eff95,det-v1,1,accepted,1834,101,378.696,0.0000997800,false,false
call-000864,arm8_spec_immediate,dev/f2/s2100006/late_accurate,42,meta-llama/llama-3.1-8b-instruct,sha256:4ac9db59819d3e6a983b3310c6860502c35924b6c77294d945690a0c166dde53,det-v1,1,,2241,291,680.354,0.0001353300,false,true
call-000865,arm8_spec_immediate,dev/f2/s2100006/late_accurate,42,meta-llama/llama-3.1-8b-instruct,sha256:4ac9db59819d3e6a983b3310c6860502c35924b6c77294d945690a0c166dde53,det-v1,1,accepted,2241,291,680.354,0.0001353300,false,false
call-000866,arm10_spec_eprocess,dev/f2/s2100006/late_accurate,31,meta-llama/llama-3.1-8b-instruct,sha256:bf8f1964f66bbd513f46a40b823924d243e9ece3055d5b586c4e4b49ae4eff95,det-v1,1,accepted,1834,101,0.003,0.0000997800,true,false
call-000867,arm10_spec_eprocess,dev/f2/s2100006/late_accurate,42,meta-llama/llama-3.1-8b-instruct,sha256:6d2d0e9aab8f84c3352e6eac8e5097bd06e2af99397e0314fc8e066a9729111d,det-v1,1,,2241,291,610.445,0.0001353300,false,true
call-000868,arm10_spec_eprocess,dev/f2/s2100006/late_accurate,42,meta-llama/llama-3.1-8b-instruct,sha256:6d2d0e9aab8f84c3352e6eac8e5097bd06e2af99397e0314fc8e066a9729111d,det-v1,1,accepted,2241,291,610.445,0.0001353300,false,false
call-000869,arm12_cth,dev/f2/s2100006/late_accurate,31,meta-llama/llama-3.1-8b-instruct,sha256:bf8f1964f66bbd513f46a40b823924d243e9ece3055d5b586c4e4b49ae4eff95,det-v1,1,accepted,1834,101,0.002,0.0000997800,true,false
call-000870,arm12_cth,dev/f2/s2100006/late_accurate,42,meta-llama/llama-3.1-8b-instruct,sha256:9dee74f52fe1883e2a061ce4148563d636434c345c052e76aa5a65607d0b915f,det-v1,1,,2241,291,750.302,0.0001353300,false,true
call-000871,arm12_cth,dev/f2/s2100006/late_accurate,42,meta-llama/llama-3.1-8b-instruct,sha256:9dee74f52fe1883e2a061ce4148563d636434c345c052e76aa5a65607d0b915f,det-v1,1,accepted,2241,291,750.302,0.0001353300,false,false
call-000872,arm12b_cth_llm,dev/f2/s2100006/late_accurate,31,meta-llama/llama-3.1-8b-instruct,sha256:bf8f1964f66bbd513f46a40b823924d243e9ece3055d5b586c4e4b49ae4eff95,det-v1,1,accepted,1834,101,0.002,0.0000997800,true,false
call-000873,arm12b_cth_llm,dev/f2/s2100006/late_accurate,42,meta-llama/llama-3.1-8b-instruct,sha256:b66e17e036a6084aa417ae84c0121a62cd3b8afe3a5214aa88540b00fa4b6680,det-v1,1,,2241,291,599.243,0.0001353300,false,true
call-000874,arm12b_cth_llm,dev/f2/s2100006/late_accurate,42,meta-llama/llama-3.1-8b-instruct,sha256:b66e17e036a6084aa417ae84c0121a62cd3b8afe3a5214aa88540b00fa4b6680,det-v1,1,accepted,2241,291,599.243,0.0001353300,false,false
call-000875,arm8_spec_immediate,dev/f2/s2100006/unreliable,31,meta-llama/llama-3.1-8b-instruct,sha256:eb912d1dbe4725f729c09adcb5f98307280e244d26e0fca120a73cf9865e1751,det-v1,1,,1834,101,394.910,0.0000997800,false,true
call-000876,arm8_spec_immediate,dev/f2/s2100006/unreliable,31,meta-llama/llama-3.1-8b-instruct,sha256:eb912d1dbe4725f729c09adcb5f98307280e244d26e0fca120a73cf9865e1751,det-v1,1,accepted,1834,101,394.910,0.0000997800,false,false
call-000877,arm8_spec_immediate,dev/f2/s2100006/unreliable,42,meta-llama/llama-3.1-8b-instruct,sha256:b665e425e3af48861e693e578ef6ff353aed8a3f050b36e65b5d90467eab432b,det-v1,1,,2241,291,637.539,0.0001353300,false,true
call-000878,arm8_spec_immediate,dev/f2/s2100006/unreliable,42,meta-llama/llama-3.1-8b-instruct,sha256:b665e425e3af48861e693e578ef6ff353aed8a3f050b36e65b5d90467eab432b,det-v1,1,accepted,2241,291,637.539,0.0001353300,false,false
call-000879,arm10_spec_eprocess,dev/f2/s2100006/unreliable,31,meta-llama/llama-3.1-8b-instruct,sha256:eb912d1dbe4725f729c09adcb5f98307280e244d26e0fca120a73cf9865e1751,det-v1,1,accepted,1834,101,0.001,0.0000997800,true,false
call-000880,arm10_spec_eprocess,dev/f2/s2100006/unreliable,42,meta-llama/llama-3.1-8b-instruct,sha256:443cbe9fa21b2038589a019557da8fc69b393b43786ea5c31d9e15acf00aa623,det-v1,1,,2241,291,609.597,0.0001353300,false,true
call-000881,arm10_spec_eprocess,dev/f2/s2100006/unreliable,42,meta-llama/llama-3.1-8b-instruct,sha256:443cbe9fa21b2038589a019557da8fc69b393b43786ea5c31d9e15acf00aa623,det-v1,1,accepted,2241,291,609.597,0.0001353300,false,false
call-000882,arm12_cth,dev/f2/s2100006/unreliable,31,meta-llama/llama-3.1-8b-instruct,sha256:eb912d1dbe4725f729c09adcb5f98307280e244d26e0fca120a73cf9865e1751,det-v1,1,accepted,1834,101,0.002,0.0000997800,true,false
call-000883,arm12_cth,dev/f2/s2100006/unreliable,42,meta-llama/llama-3.1-8b-instruct,sha256:897a363c60cea387e68119d16b3389eebf4913eb741dd6179ecee3e9c3224389,det-v1,1,,2241,291,714.044,0.0001353300,false,true
call-000884,arm12_cth,dev/f2/s2100006/unreliable,42,meta-llama/llama-3.1-8b-instruct,sha256:897a363c60cea387e68119d16b3389eebf4913eb741dd6179ecee3e9c3224389,det-v1,1,accepted,2241,291,714.044,0.0001353300,false,false
call-000885,arm12b_cth_llm,dev/f2/s2100006/unreliable,31,meta-llama/llama-3.1-8b-instruct,sha256:eb912d1dbe4725f729c09adcb5f98307280e244d26e0fca120a73cf9865e1751,det-v1,1,accepted,1834,101,0.002,0.0000997800,true,false
call-000886,arm12b_cth_llm,dev/f2/s2100006/unreliable,42,meta-llama/llama-3.1-8b-instruct,sha256:935938724cfa43e62ae9e1efec4c1fd854c911b5e54dde455c1fc92021d9f538,det-v1,1,,2241,291,662.996,0.0001353300,false,true
call-000887,arm12b_cth_llm,dev/f2/s2100006/unreliable,42,meta-llama/llama-3.1-8b-instruct,sha256:935938724cfa43e62ae9e1efec4c1fd854c911b5e54dde455c1fc92021d9f538,det-v1,1,accepted,2241,291,662.996,0.0001353300,false,false
call-000888,arm8_spec_immediate,dev/f2/s2100006/no_alert__twin,10,meta-llama/llama-3.1-8b-instruct,sha256:4c6512525adca410e6bc54430f7eb64f6d96106b399b3829bd2e5da91a7a0a17,det-v1,1,,1095,136,403.447,0.0000656300,false,true
call-000889,arm8_spec_immediate,dev/f2/s2100006/no_alert__twin,10,meta-llama/llama-3.1-8b-instruct,sha256:4c6512525adca410e6bc54430f7eb64f6d96106b399b3829bd2e5da91a7a0a17,det-v1,1,accepted,1095,136,403.447,0.0000656300,false,false
call-000890,arm10_spec_eprocess,dev/f2/s2100006/no_alert__twin,10,meta-llama/llama-3.1-8b-instruct,sha256:4c6512525adca410e6bc54430f7eb64f6d96106b399b3829bd2e5da91a7a0a17,det-v1,1,accepted,1095,136,0.001,0.0000656300,true,false
call-000891,arm12_cth,dev/f2/s2100006/no_alert__twin,10,meta-llama/llama-3.1-8b-instruct,sha256:4c6512525adca410e6bc54430f7eb64f6d96106b399b3829bd2e5da91a7a0a17,det-v1,1,accepted,1095,136,0.002,0.0000656300,true,false
call-000892,arm12b_cth_llm,dev/f2/s2100006/no_alert__twin,10,meta-llama/llama-3.1-8b-instruct,sha256:4c6512525adca410e6bc54430f7eb64f6d96106b399b3829bd2e5da91a7a0a17,det-v1,1,accepted,1095,136,0.002,0.0000656300,true,false
call-000893,arm8_spec_immediate,cal/f2/s2100007/no_alert,24,meta-llama/llama-3.1-8b-instruct,sha256:016517542f41e2a305be99b653e58fe5b10c39d1da1d7ed3663bbdbf67d0a07e,det-v1,1,,1575,201,517.350,0.0000948300,false,true
call-000894,arm8_spec_immediate,cal/f2/s2100007/no_alert,24,meta-llama/llama-3.1-8b-instruct,sha256:016517542f41e2a305be99b653e58fe5b10c39d1da1d7ed3663bbdbf67d0a07e,det-v1,1,accepted,1575,201,517.350,0.0000948300,false,false
call-000895,arm8_spec_immediate,cal/f2/s2100007/no_alert,34,meta-llama/llama-3.1-8b-instruct,sha256:0b4de0a16aa6e4ddf86dbb8d74216fb9a816b565326465ae180a3b2cb6794c06,det-v1,1,,1945,251,516.249,0.0001173300,false,true
call-000896,arm8_spec_immediate,cal/f2/s2100007/no_alert,34,meta-llama/llama-3.1-8b-instruct,sha256:0b4de0a16aa6e4ddf86dbb8d74216fb9a816b565326465ae180a3b2cb6794c06,det-v1,1,accepted,1945,251,516.249,0.0001173300,false,false
call-000897,arm10_spec_eprocess,cal/f2/s2100007/no_alert,24,meta-llama/llama-3.1-8b-instruct,sha256:016517542f41e2a305be99b653e58fe5b10c39d1da1d7ed3663bbdbf67d0a07e,det-v1,1,accepted,1575,201,0.004,0.0000948300,true,false
call-000898,arm10_spec_eprocess,cal/f2/s2100007/no_alert,34,meta-llama/llama-3.1-8b-instruct,sha256:0a082d434b3afac642252d63331a950061c3389c7c043007710d90a093ce487c,det-v1,1,,1945,101,406.492,0.0001053300,false,true
call-000899,arm10_spec_eprocess,cal/f2/s2100007/no_alert,34,meta-llama/llama-3.1-8b-instruct,sha256:0a082d434b3afac642252d63331a950061c3389c7c043007710d90a093ce487c,det-v1,1,accepted,1945,101,406.492,0.0001053300,false,false
call-000900,arm12_cth,cal/f2/s2100007/no_alert,24,meta-llama/llama-3.1-8b-instruct,sha256:016517542f41e2a305be99b653e58fe5b10c39d1da1d7ed3663bbdbf67d0a07e,det-v1,1,accepted,1575,201,0.002,0.0000948300,true,false
call-000901,arm12_cth,cal/f2/s2100007/no_alert,34,meta-llama/llama-3.1-8b-instruct,sha256:9baec67ca39c2c86fbd0ca3f4dcfd7b61e7c72deb42bda24baa028e304e407b5,det-v1,1,,1945,101,652.900,0.0001053300,false,true
call-000902,arm12_cth,cal/f2/s2100007/no_alert,34,meta-llama/llama-3.1-8b-instruct,sha256:9baec67ca39c2c86fbd0ca3f4dcfd7b61e7c72deb42bda24baa028e304e407b5,det-v1,1,accepted,1945,101,652.900,0.0001053300,false,false
call-000903,arm12b_cth_llm,cal/f2/s2100007/no_alert,24,meta-llama/llama-3.1-8b-instruct,sha256:016517542f41e2a305be99b653e58fe5b10c39d1da1d7ed3663bbdbf67d0a07e,det-v1,1,accepted,1575,201,0.002,0.0000948300,true,false
call-000904,arm12b_cth_llm,cal/f2/s2100007/no_alert,34,meta-llama/llama-3.1-8b-instruct,sha256:9baec67ca39c2c86fbd0ca3f4dcfd7b61e7c72deb42bda24baa028e304e407b5,det-v1,1,accepted,1945,101,0.001,0.0001053300,true,false
call-000905,arm8_spec_immediate,cal/f2/s2100007/early_accurate,24,meta-llama/llama-3.1-8b-instruct,sha256:8966761ddd1b09fa365f8bcd3aeb4718c60671a273f420d6b169e93dabd2814c,det-v1,1,,1575,201,445.414,0.0000948300,false,true
call-000906,arm8_spec_immediate,cal/f2/s2100007/early_accurate,24,meta-llama/llama-3.1-8b-instruct,sha256:8966761ddd1b09fa365f8bcd3aeb4718c60671a273f420d6b169e93dabd2814c,det-v1,1,accepted,1575,201,445.414,0.0000948300,false,false
call-000907,arm8_spec_immediate,cal/f2/s2100007/early_accurate,34,meta-llama/llama-3.1-8b-instruct,sha256:2e82ab9cd1c537583a821b04dce7d35dd7e868f668e54e599d52c83d30fcc8ad,det-v1,1,,1945,251,644.553,0.0001173300,false,true
call-000908,arm8_spec_immediate,cal/f2/s2100007/early_accurate,34,meta-llama/llama-3.1-8b-instruct,sha256:2e82ab9cd1c537583a821b04dce7d35dd7e868f668e54e599d52c83d30fcc8ad,det-v1,1,accepted,1945,251,644.553,0.0001173300,false,false
call-000909,arm10_spec_eprocess,cal/f2/s2100007/early_accurate,24,meta-llama/llama-3.1-8b-instruct,sha256:8966761ddd1b09fa365f8bcd3aeb4718c60671a273f420d6b169e93dabd2814c,det-v1,1,accepted,1575,201,0.003,0.0000948300,true,false
call-000910,arm10_spec_eprocess,cal/f2/s2100007/early_accurate,34,meta-llama/llama-3.1-8b-instruct,sha256:9d9710062127c5a04e708f3a9d7010db948d7a1861728132259b5e434d8e664c,det-v1,1,,1945,101,447.874,0.0001053300,false,true
call-000911,arm10_spec_eprocess,cal/f2/s2100007/early_accurate,34,meta-llama/llama-3.1-8b-instruct,sha256:9d9710062127c5a04e708f3a9d7010db948d7a1861728132259b5e434d8e664c,det-v1,1,accepted,1945,101,447.874,0.0001053300,false,false
call-000912,arm12_cth,cal/f2/s2100007/early_accurate,24,meta-llama/llama-3.1-8b-instruct,sha256:8966761ddd1b09fa365f8bcd3aeb4718c60671a273f420d6b169e93dabd2814c,det-v1,1,accepted,1575,201,0.002,0.0000948300,true,false
call-000913,arm12_cth,cal/f2/s2100007/early_accurate,34,meta-llama/llama-3.1-8b-instruct,sha256:db691e2b4ba009d530db1bcc543004edf8d5681e6d2552a11033b049de00f7f8,det-v1,1,,1945,101,566.916,0.0001053300,false,true
call-000914,arm12_cth,cal/f2/s2100007/early_accurate,34,meta-llama/llama-3.1-8b-instruct,sha256:db691e2b4ba009d530db1bcc543004edf8d5681e6d2552a11033b049de00f7f8,det-v1,1,accepted,1945,101,566.916,0.0001053300,false,false
call-000915,arm12b_cth_llm,cal/f2/s2100007/early_accurate,24,meta-llama/llama-3.1-8b-instruct,sha256:8966761ddd1b09fa365f8bcd3aeb4718c60671a273f420d6b169e93dabd2814c,det-v1,1,accepted,1575,201,0.002,0.0000948300,true,false
call-000916,arm12b_cth_llm,cal/f2/s2100007/early_accurate,34,meta-llama/llama-3.1-8b-instruct,sha256:db691e2b4ba009d530db1bcc543004edf8d5681e6d2552a11033b049de00f7f8,det-v1,1,accepted,1945,101,0.001,0.0001053300,true,false
call-000917,arm8_spec_immediate,cal/f2/s2100007/late_accurate,24,meta-llama/llama-3.1-8b-instruct,sha256:29fc7eac6c2244bfe84863248f84d1c463a544996d62bceb4441689bdd01df60,det-v1,1,,1575,201,599.107,0.0000948300,false,true
call-000918,arm8_spec_immediate,cal/f2/s2100007/late_accurate,24,meta-llama/llama-3.1-8b-instruct,sha256:29fc7eac6c2244bfe84863248f84d1c463a544996d62bceb4441689bdd01df60,det-v1,1,accepted,1575,201,599.107,0.0000948300,false,false
call-000919,arm8_spec_immediate,cal/f2/s2100007/late_accurate,34,meta-llama/llama-3.1-8b-instruct,sha256:49412358f0d586c185f968717d7960f1a64c7c6a7b933b66a8db36ef220fab7d,det-v1,1,,1945,251,591.106,0.0001173300,false,true
call-000920,arm8_spec_immediate,cal/f2/s2100007/late_accurate,34,meta-llama/llama-3.1-8b-instruct,sha256:49412358f0d586c185f968717d7960f1a64c7c6a7b933b66a8db36ef220fab7d,det-v1,1,accepted,1945,251,591.106,0.0001173300,false,false
call-000921,arm10_spec_eprocess,cal/f2/s2100007/late_accurate,24,meta-llama/llama-3.1-8b-instruct,sha256:29fc7eac6c2244bfe84863248f84d1c463a544996d62bceb4441689bdd01df60,det-v1,1,accepted,1575,201,0.003,0.0000948300,true,false
call-000922,arm10_spec_eprocess,cal/f2/s2100007/late_accurate,34,meta-llama/llama-3.1-8b-instruct,sha256:2e2e3dd2b2b314fc4596aaa5a7cade8234f2d1b77a3191054af8d1f0e955da48,det-v1,1,,1945,101,388.565,0.0001053300,false,true
call-000923,arm10_spec_eprocess,cal/f2/s2100007/late_accurate,34,meta-llama/llama-3.1-8b-instruct,sha256:2e2e3dd2b2b314fc4596aaa5a7cade8234f2d1b77a3191054af8d1f0e955da48,det-v1,1,accepted,1945,101,388.565,0.0001053300,false,false
call-000924,arm12_cth,cal/f2/s2100007/late_accurate,24,meta-llama/llama-3.1-8b-instruct,sha256:29fc7eac6c2244bfe84863248f84d1c463a544996d62bceb4441689bdd01df60,det-v1,1,accepted,1575,201,0.002,0.0000948300,true,false
call-000925,arm12_cth,cal/f2/s2100007/late_accurate,34,meta-llama/llama-3.1-8b-instruct,sha256:c0fa6d425d9c4b3296ee6bba3a96f74a7781d91c42bef9e740b45990eab16ce6,det-v1,1,,1945,101,434.609,0.0001053300,false,true
call-000926,arm12_cth,cal/f2/s2100007/late_accurate,34,meta-llama/llama-3.1-8b-instruct,sha256:c0fa6d425d9c4b3296ee6bba3a96f74a7781d91c42bef9e740b45990eab16ce6,det-v1,1,accepted,1945,101,434.609,0.0001053300,false,false
call-000927,arm12b_cth_llm,cal/f2/s2100007/late_accurate,24,meta-llama/llama-3.1-8b-instruct,sha256:29fc7eac6c2244bfe84863248f84d1c463a544996d62bceb4441689bdd01df60,det-v1,1,accepted,1575,201,0.003,0.0000948300,true,false
call-000928,arm12b_cth_llm,cal/f2/s2100007/late_accurate,34,meta-llama/llama-3.1-8b-instruct,sha256:c0fa6d425d9c4b3296ee6bba3a96f74a7781d91c42bef9e740b45990eab16ce6,det-v1,1,accepted,1945,101,0.002,0.0001053300,true,false
call-000929,arm8_spec_immediate,cal/f2/s2100007/unreliable,24,meta-llama/llama-3.1-8b-instruct,sha256:74ab8e57f3b8d186b191e5af23039c8104c601000b622b1f0065434463eadf6f,det-v1,1,,1575,201,635.650,0.0000948300,false,true
call-000930,arm8_spec_immediate,cal/f2/s2100007/unreliable,24,meta-llama/llama-3.1-8b-instruct,sha256:74ab8e57f3b8d186b191e5af23039c8104c601000b622b1f0065434463eadf6f,det-v1,1,accepted,1575,201,635.650,0.0000948300,false,false
call-000931,arm8_spec_immediate,cal/f2/s2100007/unreliable,34,meta-llama/llama-3.1-8b-instruct,sha256:e7734dbb0612cc26bf4598ade4a92810e7d75f392b225ade9fdb04d11c0ee174,det-v1,1,,1945,251,876.466,0.0001173300,false,true
call-000932,arm8_spec_immediate,cal/f2/s2100007/unreliable,34,meta-llama/llama-3.1-8b-instruct,sha256:e7734dbb0612cc26bf4598ade4a92810e7d75f392b225ade9fdb04d11c0ee174,det-v1,1,accepted,1945,251,876.466,0.0001173300,false,false
call-000933,arm10_spec_eprocess,cal/f2/s2100007/unreliable,24,meta-llama/llama-3.1-8b-instruct,sha256:74ab8e57f3b8d186b191e5af23039c8104c601000b622b1f0065434463eadf6f,det-v1,1,accepted,1575,201,0.004,0.0000948300,true,false
call-000934,arm10_spec_eprocess,cal/f2/s2100007/unreliable,34,meta-llama/llama-3.1-8b-instruct,sha256:9ef82e95ab7d1d6c09e9871825834c5232129967c5424213613b32d7b40f7155,det-v1,1,,1945,101,368.446,0.0001053300,false,true
call-000935,arm10_spec_eprocess,cal/f2/s2100007/unreliable,34,meta-llama/llama-3.1-8b-instruct,sha256:9ef82e95ab7d1d6c09e9871825834c5232129967c5424213613b32d7b40f7155,det-v1,1,accepted,1945,101,368.446,0.0001053300,false,false
call-000936,arm12_cth,cal/f2/s2100007/unreliable,24,meta-llama/llama-3.1-8b-instruct,sha256:74ab8e57f3b8d186b191e5af23039c8104c601000b622b1f0065434463eadf6f,det-v1,1,accepted,1575,201,0.002,0.0000948300,true,false
call-000937,arm12_cth,cal/f2/s2100007/unreliable,34,meta-llama/llama-3.1-8b-instruct,sha256:02894c30ab74ab5d9d5431d114368b7f6c2fd46e6e18e99e9302f832bf81c168,det-v1,1,,1945,101,487.002,0.0001053300,false,true
call-000938,arm12_cth,cal/f2/s2100007/unreliable,34,meta-llama/llama-3.1-8b-instruct,sha256:02894c30ab74ab5d9d5431d114368b7f6c2fd46e6e18e99e9302f832bf81c168,det-v1,1,accepted,1945,101,487.002,0.0001053300,false,false
call-000939,arm12b_cth_llm,cal/f2/s2100007/unreliable,24,meta-llama/llama-3.1-8b-instruct,sha256:74ab8e57f3b8d186b191e5af23039c8104c601000b622b1f0065434463eadf6f,det-v1,1,accepted,1575,201,0.002,0.0000948300,true,false
call-000940,arm12b_cth_llm,cal/f2/s2100007/unreliable,34,meta-llama/llama-3.1-8b-instruct,sha256:02894c30ab74ab5d9d5431d114368b7f6c2fd46e6e18e99e9302f832bf81c168,det-v1,1,accepted,1945,101,0.001,0.0001053300,true,false
call-000941,arm8_spec_immediate,dev/f3/s3100000/early_accurate,19,meta-llama/llama-3.1-8b-instruct,sha256:876b0873d07caa6a0e8f69079a14f3632e20f3bd82e5e8e97913e135291a2992,det-v1,1,,1429,105,515.418,0.0000798500,false,true
call-000942,arm8_spec_immediate,dev/f3/s3100000/early_accurate,19,meta-llama/llama-3.1-8b-instruct,sha256:876b0873d07caa6a0e8f69079a14f3632e20f3bd82e5e8e97913e135291a2992,det-v1,1,fallback,1429,105,515.418,0.0000798500,false,false
call-000943,arm8_spec_immediate,dev/f3/s3100000/early_accurate,19,meta-llama/llama-3.1-8b-instruct,sha256:c210bb509d8bad7b063adab7770e0713270b640b587fb8bbd1b9943ce9fc900c,det-v1,2,,1499,102,437.681,0.0000831100,false,true
call-000944,arm8_spec_immediate,dev/f3/s3100000/early_accurate,19,meta-llama/llama-3.1-8b-instruct,sha256:c210bb509d8bad7b063adab7770e0713270b640b587fb8bbd1b9943ce9fc900c,det-v1,2,fallback,1499,102,437.681,0.0000831100,false,false
call-000945,arm10_spec_eprocess,dev/f3/s3100000/early_accurate,19,meta-llama/llama-3.1-8b-instruct,sha256:876b0873d07caa6a0e8f69079a14f3632e20f3bd82e5e8e97913e135291a2992,det-v1,1,fallback,1429,105,0.003,0.0000798500,true,false
call-000946,arm10_spec_eprocess,dev/f3/s3100000/early_accurate,19,meta-llama/llama-3.1-8b-instruct,sha256:c210bb509d8bad7b063adab7770e0713270b640b587fb8bbd1b9943ce9fc900c,det-v1,2,fallback,1499,102,0.002,0.0000831100,true,false
call-000947,arm12_cth,dev/f3/s3100000/early_accurate,19,meta-llama/llama-3.1-8b-instruct,sha256:876b0873d07caa6a0e8f69079a14f3632e20f3bd82e5e8e97913e135291a2992,det-v1,1,fallback,1429,105,0.002,0.0000798500,true,false
call-000948,arm12_cth,dev/f3/s3100000/early_accurate,19,meta-llama/llama-3.1-8b-instruct,sha256:c210bb509d8bad7b063adab7770e0713270b640b587fb8bbd1b9943ce9fc900c,det-v1,2,fallback,1499,102,0.001,0.0000831100,true,false
call-000949,arm12b_cth_llm,dev/f3/s3100000/early_accurate,19,meta-llama/llama-3.1-8b-instruct,sha256:876b0873d07caa6a0e8f69079a14f3632e20f3bd82e5e8e97913e135291a2992,det-v1,1,fallback,1429,105,0.002,0.0000798500,true,false
call-000950,arm12b_cth_llm,dev/f3/s3100000/early_accurate,19,meta-llama/llama-3.1-8b-instruct,sha256:c210bb509d8bad7b063adab7770e0713270b640b587fb8bbd1b9943ce9fc900c,det-v1,2,fallback,1499,102,0.001,0.0000831100,true,false
call-000951,arm8_spec_immediate,dev/f3/s3100000/late_accurate,22,meta-llama/llama-3.1-8b-instruct,sha256:54b5cc1067dab656ffe73ab860d2078220bdb197b60e2cdb2a98d99ce5b7f844,det-v1,1,,1540,91,671.122,0.0000842800,false,true
call-000952,arm8_spec_immediate,dev/f3/s3100000/late_accurate,22,meta-llama/llama-3.1-8b-instruct,sha256:54b5cc1067dab656ffe73ab860d2078220bdb197b60e2cdb2a98d99ce5b7f844,det-v1,1,accepted,1540,91,671.122,0.0000842800,false,false
call-000953,arm10_spec_eprocess,dev/f3/s3100000/late_accurate,22,meta-llama/llama-3.1-8b-instruct,sha256:54b5cc1067dab656ffe73ab860d2078220bdb197b60e2cdb2a98d99ce5b7f844,det-v1,1,accepted,1540,91,0.002,0.0000842800,true,false
call-000954,arm12_cth,dev/f3/s3100000/late_accurate,22,meta-llama/llama-3.1-8b-instruct,sha256:54b5cc1067dab656ffe73ab860d2078220bdb197b60e2cdb2a98d99ce5b7f844,det-v1,1,accepted,1540,91,0.002,0.0000842800,true,false
call-000955,arm12b_cth_llm,dev/f3/s3100000/late_accurate,22,meta-llama/llama-3.1-8b-instruct,sha256:54b5cc1067dab656ffe73ab860d2078220bdb197b60e2cdb2a98d99ce5b7f844,det-v1,1,accepted,1540,91,0.002,0.0000842800,true,false
call-000956,arm8_spec_immediate,dev/f3/s3100000/unreliable,19,meta-llama/llama-3.1-8b-instruct,sha256:0f6b5b316f02d948ccc5cc289dd93c7fd0957cc5a9eed034d2dd527e29dea985,det-v1,1,,1420,100,627.628,0.0000790000,false,true
call-000957,arm8_spec_immediate,dev/f3/s3100000/unreliable,19,meta-llama/llama-3.1-8b-instruct,sha256:0f6b5b316f02d948ccc5cc289dd93c7fd0957cc5a9eed034d2dd527e29dea985,det-v1,1,fallback,1420,100,627.628,0.0000790000,false,false
call-000958,arm8_spec_immediate,dev/f3/s3100000/unreliable,19,meta-llama/llama-3.1-8b-instruct,sha256:364ce518663c0b8636c4ef5951630d6e7115d8a462e5cf7f15e92cebb436dc1c,det-v1,2,,1490,97,625.445,0.0000822600,false,true
call-000959,arm8_spec_immediate,dev/f3/s3100000/unreliable,19,meta-llama/llama-3.1-8b-instruct,sha256:364ce518663c0b8636c4ef5951630d6e7115d8a462e5cf7f15e92cebb436dc1c,det-v1,2,fallback,1490,97,625.445,0.0000822600,false,false
call-000960,arm10_spec_eprocess,dev/f3/s3100000/unreliable,19,meta-llama/llama-3.1-8b-instruct,sha256:0f6b5b316f02d948ccc5cc289dd93c7fd0957cc5a9eed034d2dd527e29dea985,det-v1,1,fallback,1420,100,0.004,0.0000790000,true,false
call-000961,arm10_spec_eprocess,dev/f3/s3100000/unreliable,19,meta-llama/llama-3.1-8b-instruct,sha256:364ce518663c0b8636c4ef5951630d6e7115d8a462e5cf7f15e92cebb436dc1c,det-v1,2,fallback,1490,97,0.003,0.0000822600,true,false
call-000962,arm12_cth,dev/f3/s3100000/unreliable,19,meta-llama/llama-3.1-8b-instruct,sha256:0f6b5b316f02d948ccc5cc289dd93c7fd0957cc5a9eed034d2dd527e29dea985,det-v1,1,fallback,1420,100,0.002,0.0000790000,true,false
call-000963,arm12_cth,dev/f3/s3100000/unreliable,19,meta-llama/llama-3.1-8b-instruct,sha256:364ce518663c0b8636c4ef5951630d6e7115d8a462e5cf7f15e92cebb436dc1c,det-v1,2,fallback,1490,97,0.001,0.0000822600,true,false
call-000964,arm12b_cth_llm,dev/f3/s3100000/unreliable,19,meta-llama/llama-3.1-8b-instruct,sha256:0f6b5b316f02d948ccc5cc289dd93c7fd0957cc5a9eed034d2dd527e29dea985,det-v1,1,fallback,1420,100,0.002,0.0000790000,true,false
call-000965,arm12b_cth_llm,dev/f3/s3100000/unreliable,19,meta-llama/llama-3.1-8b-instruct,sha256:364ce518663c0b8636c4ef5951630d6e7115d8a462e5cf7f15e92cebb436dc1c,det-v1,2,fallback,1490,97,0.001,0.0000822600,true,false
call-000966,arm8_spec_immediate,cal/f3/s3100001/no_alert,20,meta-llama/llama-3.1-8b-instruct,sha256:1a312272fac255e453b0988f59edec982eb3b5af0202b6c1c351cd65e2afa9c8,det-v1,1,,1427,180,541.995,0.0000857500,false,true
call-000967,arm8_spec_immediate,cal/f3/s3100001/no_alert,20,meta-llama/llama-3.1-8b-instruct,sha256:1a312272fac255e453b0988f59edec982eb3b5af0202b6c1c351cd65e2afa9c8,det-v1,1,fallback,1427,180,541.995,0.0000857500,false,false
call-000968,arm8_spec_immediate,cal/f3/s3100001/no_alert,20,meta-llama/llama-3.1-8b-instruct,sha256:2c0d670d874cb687df515886b18139bd054f2f66141b1a061aeb1a0c57308539,det-v1,2,,1497,97,577.194,0.0000826100,false,true
call-000969,arm8_spec_immediate,cal/f3/s3100001/no_alert,20,meta-llama/llama-3.1-8b-instruct,sha256:2c0d670d874cb687df515886b18139bd054f2f66141b1a061aeb1a0c57308539,det-v1,2,fallback,1497,97,577.194,0.0000826100,false,false
call-000970,arm10_spec_eprocess,cal/f3/s3100001/no_alert,20,meta-llama/llama-3.1-8b-instruct,sha256:1a312272fac255e453b0988f59edec982eb3b5af0202b6c1c351cd65e2afa9c8,det-v1,1,fallback,1427,180,0.004,0.0000857500,true,false
call-000971,arm10_spec_eprocess,cal/f3/s3100001/no_alert,20,meta-llama/llama-3.1-8b-instruct,sha256:2c0d670d874cb687df515886b18139bd054f2f66141b1a061aeb1a0c57308539,det-v1,2,fallback,1497,97,0.003,0.0000826100,true,false
call-000972,arm12_cth,cal/f3/s3100001/no_alert,20,meta-llama/llama-3.1-8b-instruct,sha256:1a312272fac255e453b0988f59edec982eb3b5af0202b6c1c351cd65e2afa9c8,det-v1,1,fallback,1427,180,0.002,0.0000857500,true,false
call-000973,arm12_cth,cal/f3/s3100001/no_alert,20,meta-llama/llama-3.1-8b-instruct,sha256:2c0d670d874cb687df515886b18139bd054f2f66141b1a061aeb1a0c57308539,det-v1,2,fallback,1497,97,0.001,0.0000826100,true,false
call-000974,arm12b_cth_llm,cal/f3/s3100001/no_alert,20,meta-llama/llama-3.1-8b-instruct,sha256:1a312272fac255e453b0988f59edec982eb3b5af0202b6c1c351cd65e2afa9c8,det-v1,1,fallback,1427,180,0.001,0.0000857500,true,false
call-000975,arm12b_cth_llm,cal/f3/s3100001/no_alert,20,meta-llama/llama-3.1-8b-instruct,sha256:2c0d670d874cb687df515886b18139bd054f2f66141b1a061aeb1a0c57308539,det-v1,2,fallback,1497,97,0.001,0.0000826100,true,false
call-000976,arm8_spec_immediate,cal/f3/s3100001/early_accurate,17,meta-llama/llama-3.1-8b-instruct,sha256:779ef50bb0609bd57ccc5044434bd4086f18a96a644655247ce60c7246b1221e,det-v1,1,,1352,166,544.544,0.0000808800,false,true
call-000977,arm8_spec_immediate,cal/f3/s3100001/early_accurate,17,meta-llama/llama-3.1-8b-instruct,sha256:779ef50bb0609bd57ccc5044434bd4086f18a96a644655247ce60c7246b1221e,det-v1,1,accepted,1352,166,544.544,0.0000808800,false,false
call-000978,arm10_spec_eprocess,cal/f3/s3100001/early_accurate,17,meta-llama/llama-3.1-8b-instruct,sha256:779ef50bb0609bd57ccc5044434bd4086f18a96a644655247ce60c7246b1221e,det-v1,1,accepted,1352,166,0.001,0.0000808800,true,false
call-000979,arm12_cth,cal/f3/s3100001/early_accurate,17,meta-llama/llama-3.1-8b-instruct,sha256:779ef50bb0609bd57ccc5044434bd4086f18a96a644655247ce60c7246b1221e,det-v1,1,accepted,1352,166,0.001,0.0000808800,true,false
call-000980,arm12b_cth_llm,cal/f3/s3100001/early_accurate,17,meta-llama/llama-3.1-8b-instruct,sha256:779ef50bb0609bd57ccc5044434bd4086f18a96a644655247ce60c7246b1221e,det-v1,1,accepted,1352,166,0.002,0.0000808800,true,false
call-000981,arm8_spec_immediate,cal/f3/s3100001/late_accurate,20,meta-llama/llama-3.1-8b-instruct,sha256:c56434b2074fe12eef181620153547e164cb1e89b2c0fdb2feb88d3709b65cc5,det-v1,1,,1463,180,485.229,0.0000875500,false,true
call-000982,arm8_spec_immediate,cal/f3/s3100001/late_accurate,20,meta-llama/llama-3.1-8b-instruct,sha256:c56434b2074fe12eef181620153547e164cb1e89b2c0fdb2feb88d3709b65cc5,det-v1,1,fallback,1463,180,485.229,0.0000875500,false,false
call-000983,arm8_spec_immediate,cal/f3/s3100001/late_accurate,20,meta-llama/llama-3.1-8b-instruct,sha256:af5f6c9b61d90e418c7f9e68220accf77e0af00fff7454fc115ccfe3dc239a85,det-v1,2,,1533,130,537.823,0.0000870500,false,true
call-000984,arm8_spec_immediate,cal/f3/s3100001/late_accurate,20,meta-llama/llama-3.1-8b-instruct,sha256:af5f6c9b61d90e418c7f9e68220accf77e0af00fff7454fc115ccfe3dc239a85,det-v1,2,fallback,1533,130,537.823,0.0000870500,false,false
call-000985,arm10_spec_eprocess,cal/f3/s3100001/late_accurate,20,meta-llama/llama-3.1-8b-instruct,sha256:c56434b2074fe12eef181620153547e164cb1e89b2c0fdb2feb88d3709b65cc5,det-v1,1,fallback,1463,180,0.004,0.0000875500,true,false
call-000986,arm10_spec_eprocess,cal/f3/s3100001/late_accurate,20,meta-llama/llama-3.1-8b-instruct,sha256:af5f6c9b61d90e418c7f9e68220accf77e0af00fff7454fc115ccfe3dc239a85,det-v1,2,fallback,1533,130,0.003,0.0000870500,true,false
call-000987,arm12_cth,cal/f3/s3100001/late_accurate,20,meta-llama/llama-3.1-8b-instruct,sha256:c56434b2074fe12eef181620153547e164cb1e89b2c0fdb2feb88d3709b65cc5,det-v1,1,fallback,1463,180,0.002,0.0000875500,true,false
call-000988,arm12_cth,cal/f3/s3100001/late_accurate,20,meta-llama/llama-3.1-8b-instruct,sha256:af5f6c9b61d90e418c7f9e68220accf77e0af00fff7454fc115ccfe3dc239a85,det-v1,2,fallback,1533,130,0.001,0.0000870500,true,false
call-000989,arm12b_cth_llm,cal/f3/s3100001/late_accurate,20,meta-llama/llama-3.1-8b-instruct,sha256:c56434b2074fe12eef181620153547e164cb1e89b2c0fdb2feb88d3709b65cc5,det-v1,1,fallback,1463,180,0.002,0.0000875500,true,false
call-000990,arm12b_cth_llm,cal/f3/s3100001/late_accurate,20,meta-llama/llama-3.1-8b-instruct,sha256:af5f6c9b61d90e418c7f9e68220accf77e0af00fff7454fc115ccfe3dc239a85,det-v1,2,fallback,1533,130,0.001,0.0000870500,true,false
call-000991,arm8_spec_immediate,cal/f3/s3100001/unreliable,17,meta-llama/llama-3.1-8b-instruct,sha256:402ad3d9b88b78e4baf5aac32fbd52919516c3032e5750bcae1d7f2e046f3250,det-v1,1,,1348,171,933.424,0.0000810800,false,true
call-000992,arm8_spec_immediate,cal/f3/s3100001/unreliable,17,meta-llama/llama-3.1-8b-instruct,sha256:402ad3d9b88b78e4baf5aac32fbd52919516c3032e5750bcae1d7f2e046f3250,det-v1,1,accepted,1348,171,933.424,0.0000810800,false,false
call-000993,arm10_spec_eprocess,cal/f3/s3100001/unreliable,17,meta-llama/llama-3.1-8b-instruct,sha256:402ad3d9b88b78e4baf5aac32fbd52919516c3032e5750bcae1d7f2e046f3250,det-v1,1,accepted,1348,171,0.002,0.0000810800,true,false
call-000994,arm12_cth,cal/f3/s3100001/unreliable,17,meta-llama/llama-3.1-8b-instruct,sha256:402ad3d9b88b78e4baf5aac32fbd52919516c3032e5750bcae1d7f2e046f3250,det-v1,1,accepted,1348,171,0.002,0.0000810800,true,false
call-000995,arm12b_cth_llm,cal/f3/s3100001/unreliable,17,meta-llama/llama-3.1-8b-instruct,sha256:402ad3d9b88b78e4baf5aac32fbd52919516c3032e5750bcae1d7f2e046f3250,det-v1,1,accepted,1348,171,0.002,0.0000810800,true,false
call-000996,arm8_spec_immediate,cal/f3/s3100001/no_alert__twin,10,meta-llama/llama-3.1-8b-instruct,sha256:132a023fd6932ae9bfa42691522485bf1ab789a8b4f4438a2d3e6856f8e1a6c0,det-v1,1,,1096,130,292.040,0.0000652000,false,true
call-000997,arm8_spec_immediate,cal/f3/s3100001/no_alert__twin,10,meta-llama/llama-3.1-8b-instruct,sha256:132a023fd6932ae9bfa42691522485bf1ab789a8b4f4438a2d3e6856f8e1a6c0,det-v1,1,fallback,1096,130,292.040,0.0000652000,false,false
call-000998,arm8_spec_immediate,cal/f3/s3100001/no_alert__twin,10,meta-llama/llama-3.1-8b-instruct,sha256:7e9974be07247a12199f7b5eb2a6ea2ae8ed7a539ed3ccf106e1325e3248e02e,det-v1,2,,1166,127,559.590,0.0000684600,false,true
call-000999,arm8_spec_immediate,cal/f3/s3100001/no_alert__twin,10,meta-llama/llama-3.1-8b-instruct,sha256:7e9974be07247a12199f7b5eb2a6ea2ae8ed7a539ed3ccf106e1325e3248e02e,det-v1,2,fallback,1166,127,559.590,0.0000684600,false,false
call-001000,arm10_spec_eprocess,cal/f3/s3100001/no_alert__twin,10,meta-llama/llama-3.1-8b-instruct,sha256:132a023fd6932ae9bfa42691522485bf1ab789a8b4f4438a2d3e6856f8e1a6c0,det-v1,1,fallback,1096,130,0.003,0.0000652000,true,false
call-001001,arm10_spec_eprocess,cal/f3/s3100001/no_alert__twin,10,meta-llama/llama-3.1-8b-instruct,sha256:7e9974be07247a12199f7b5eb2a6ea2ae8ed7a539ed3ccf106e1325e3248e02e,det-v1,2,fallback,1166,127,0.004,0.0000684600,true,false
call-001002,arm12_cth,cal/f3/s3100001/no_alert__twin,10,meta-llama/llama-3.1-8b-instruct,sha256:132a023fd6932ae9bfa42691522485bf1ab789a8b4f4438a2d3e6856f8e1a6c0,det-v1,1,fallback,1096,130,0.002,0.0000652000,true,false
call-001003,arm12_cth,cal/f3/s3100001/no_alert__twin,10,meta-llama/llama-3.1-8b-instruct,sha256:7e9974be07247a12199f7b5eb2a6ea2ae8ed7a539ed3ccf106e1325e3248e02e,det-v1,2,fallback,1166,127,0.002,0.0000684600,true,false
call-001004,arm12b_cth_llm,cal/f3/s3100001/no_alert__twin,10,meta-llama/llama-3.1-8b-instruct,sha256:132a023fd6932ae9bfa42691522485bf1ab789a8b4f4438a2d3e6856f8e1a6c0,det-v1,1,fallback,1096,130,0.002,0.0000652000,true,false
call-001005,arm12b_cth_llm,cal/f3/s3100001/no_alert__twin,10,meta-llama/llama-3.1-8b-instruct,sha256:7e9974be07247a12199f7b5eb2a6ea2ae8ed7a539ed3ccf106e1325e3248e02e,det-v1,2,fallback,1166,127,0.001,0.0000684600,true,false
call-001006,arm8_spec_immediate,dev/f3/s3100002/early_accurate,13,meta-llama/llama-3.1-8b-instruct,sha256:a6f8c3effa49f57aea6cb524717381d1cbe675b1729a3e223c6291a951cab009,det-v1,1,,1179,81,1405.283,0.0000654300,false,true
call-001007,arm8_spec_immediate,dev/f3/s3100002/early_accurate,13,meta-llama/llama-3.1-8b-instruct,sha256:a6f8c3effa49f57aea6cb524717381d1cbe675b1729a3e223c6291a951cab009,det-v1,1,fallback,1179,81,1405.283,0.0000654300,false,false
call-001008,arm8_spec_immediate,dev/f3/s3100002/early_accurate,13,meta-llama/llama-3.1-8b-instruct,sha256:1d3f41321e74d0a05c6b16badd80545fe80ae6e795cead946cbd4aac81077347,det-v1,2,,1249,85,1317.977,0.0000692500,false,true
call-001009,arm8_spec_immediate,dev/f3/s3100002/early_accurate,13,meta-llama/llama-3.1-8b-instruct,sha256:1d3f41321e74d0a05c6b16badd80545fe80ae6e795cead946cbd4aac81077347,det-v1,2,fallback,1249,85,1317.977,0.0000692500,false,false
call-001010,arm10_spec_eprocess,dev/f3/s3100002/early_accurate,13,meta-llama/llama-3.1-8b-instruct,sha256:a6f8c3effa49f57aea6cb524717381d1cbe675b1729a3e223c6291a951cab009,det-v1,1,fallback,1179,81,0.003,0.0000654300,true,false
call-001011,arm10_spec_eprocess,dev/f3/s3100002/early_accurate,13,meta-llama/llama-3.1-8b-instruct,sha256:1d3f41321e74d0a05c6b16badd80545fe80ae6e795cead946cbd4aac81077347,det-v1,2,fallback,1249,85,0.002,0.0000692500,true,false
call-001012,arm12_cth,dev/f3/s3100002/early_accurate,13,meta-llama/llama-3.1-8b-instruct,sha256:a6f8c3effa49f57aea6cb524717381d1cbe675b1729a3e223c6291a951cab009,det-v1,1,fallback,1179,81,0.002,0.0000654300,true,false
call-001013,arm12_cth,dev/f3/s3100002/early_accurate,13,meta-llama/llama-3.1-8b-instruct,sha256:1d3f41321e74d0a05c6b16badd80545fe80ae6e795cead946cbd4aac81077347,det-v1,2,fallback,1249,85,0.001,0.0000692500,true,false
call-001014,arm12b_cth_llm,dev/f3/s3100002/early_accurate,13,meta-llama/llama-3.1-8b-instruct,sha256:a6f8c3effa49f57aea6cb524717381d1cbe675b1729a3e223c6291a951cab009,det-v1,1,fallback,1179,81,0.002,0.0000654300,true,false
call-001015,arm12b_cth_llm,dev/f3/s3100002/early_accurate,13,meta-llama/llama-3.1-8b-instruct,sha256:1d3f41321e74d0a05c6b16badd80545fe80ae6e795cead946cbd4aac81077347,det-v1,2,fallback,1249,85,0.001,0.0000692500,true,false
call-001016,arm8_spec_immediate,dev/f3/s3100002/late_accurate,16,meta-llama/llama-3.1-8b-instruct,sha256:4de49d7acbe288db1d754af6aac1dbc26584f38d321a47b3ce1c1ae4caaeb0ac,det-v1,1,,1290,81,1718.999,0.0000709800,false,true
call-001017,arm8_spec_immediate,dev/f3/s3100002/late_accurate,16,meta-llama/llama-3.1-8b-instruct,sha256:4de49d7acbe288db1d754af6aac1dbc26584f38d321a47b3ce1c1ae4caaeb0ac,det-v1,1,fallback,1290,81,1718.999,0.0000709800,false,false
call-001018,arm8_spec_immediate,dev/f3/s3100002/late_accurate,16,meta-llama/llama-3.1-8b-instruct,sha256:f26eb83c2941079057508d7f70b6067dba497d5a81c91783850fc980d9630d09,det-v1,2,,1360,89,1125.202,0.0000751200,false,true
call-001019,arm8_spec_immediate,dev/f3/s3100002/late_accurate,16,meta-llama/llama-3.1-8b-instruct,sha256:f26eb83c2941079057508d7f70b6067dba497d5a81c91783850fc980d9630d09,det-v1,2,fallback,1360,89,1125.202,0.0000751200,false,false
call-001020,arm10_spec_eprocess,dev/f3/s3100002/late_accurate,16,meta-llama/llama-3.1-8b-instruct,sha256:4de49d7acbe288db1d754af6aac1dbc26584f38d321a47b3ce1c1ae4caaeb0ac,det-v1,1,fallback,1290,81,0.003,0.0000709800,true,false
call-001021,arm10_spec_eprocess,dev/f3/s3100002/late_accurate,16,meta-llama/llama-3.1-8b-instruct,sha256:f26eb83c2941079057508d7f70b6067dba497d5a81c91783850fc980d9630d09,det-v1,2,fallback,1360,89,0.002,0.0000751200,true,false
call-001022,arm12_cth,dev/f3/s3100002/late_accurate,16,meta-llama/llama-3.1-8b-instruct,sha256:4de49d7acbe288db1d754af6aac1dbc26584f38d321a47b3ce1c1ae4caaeb0ac,det-v1,1,fallback,1290,81,0.002,0.0000709800,true,false
call-001023,arm12_cth,dev/f3/s3100002/late_accurate,16,meta-llama/llama-3.1-8b-instruct,sha256:f26eb83c2941079057508d7f70b6067dba497d5a81c91783850fc980d9630d09,det-v1,2,fallback,1360,89,0.001,0.0000751200,true,false
call-001024,arm12b_cth_llm,dev/f3/s3100002/late_accurate,16,meta-llama/llama-3.1-8b-instruct,sha256:4de49d7acbe288db1d754af6aac1dbc26584f38d321a47b3ce1c1ae4caaeb0ac,det-v1,1,fallback,1290,81,0.002,0.0000709800,true,false
call-001025,arm12b_cth_llm,dev/f3/s3100002/late_accurate,16,meta-llama/llama-3.1-8b-instruct,sha256:f26eb83c2941079057508d7f70b6067dba497d5a81c91783850fc980d9630d09,det-v1,2,fallback,1360,89,0.001,0.0000751200,true,false
call-001026,arm8_spec_immediate,dev/f3/s3100002/unreliable,13,meta-llama/llama-3.1-8b-instruct,sha256:db2a4c90eb46e91c662c3cc817f4d7419ae9d963cf5b872374861ec4cfdb7b64,det-v1,1,,1184,81,4806.716,0.0000656800,false,true
call-001027,arm8_spec_immediate,dev/f3/s3100002/unreliable,13,meta-llama/llama-3.1-8b-instruct,sha256:db2a4c90eb46e91c662c3cc817f4d7419ae9d963cf5b872374861ec4cfdb7b64,det-v1,1,fallback,1184,81,4806.716,0.0000656800,false,false
call-001028,arm8_spec_immediate,dev/f3/s3100002/unreliable,13,meta-llama/llama-3.1-8b-instruct,sha256:b0e181afe100d0d2c92971b6c7f2dcdcd3dec64566c0b48d4763e2e41f0047e0,det-v1,2,,1254,85,1605.818,0.0000695000,false,true
call-001029,arm8_spec_immediate,dev/f3/s3100002/unreliable,13,meta-llama/llama-3.1-8b-instruct,sha256:b0e181afe100d0d2c92971b6c7f2dcdcd3dec64566c0b48d4763e2e41f0047e0,det-v1,2,fallback,1254,85,1605.818,0.0000695000,false,false
call-001030,arm10_spec_eprocess,dev/f3/s3100002/unreliable,13,meta-llama/llama-3.1-8b-instruct,sha256:db2a4c90eb46e91c662c3cc817f4d7419ae9d963cf5b872374861ec4cfdb7b64,det-v1,1,fallback,1184,81,0.002,0.0000656800,true,false
call-001031,arm10_spec_eprocess,dev/f3/s3100002/unreliable,13,meta-llama/llama-3.1-8b-instruct,sha256:b0e181afe100d0d2c92971b6c7f2dcdcd3dec64566c0b48d4763e2e41f0047e0,det-v1,2,fallback,1254,85,0.002,0.0000695000,true,false
call-001032,arm12_cth,dev/f3/s3100002/unreliable,13,meta-llama/llama-3.1-8b-instruct,sha256:db2a4c90eb46e91c662c3cc817f4d7419ae9d963cf5b872374861ec4cfdb7b64,det-v1,1,fallback,1184,81,0.001,0.0000656800,true,false
call-001033,arm12_cth,dev/f3/s3100002/unreliable,13,meta-llama/llama-3.1-8b-instruct,sha256:b0e181afe100d0d2c92971b6c7f2dcdcd3dec64566c0b48d4763e2e41f0047e0,det-v1,2,fallback,1254,85,0.001,0.0000695000,true,false
call-001034,arm12b_cth_llm,dev/f3/s3100002/unreliable,13,meta-llama/llama-3.1-8b-instruct,sha256:db2a4c90eb46e91c662c3cc817f4d7419ae9d963cf5b872374861ec4cfdb7b64,det-v1,1,fallback,1184,81,0.003,0.0000656800,true,false
call-001035,arm12b_cth_llm,dev/f3/s3100002/unreliable,13,meta-llama/llama-3.1-8b-instruct,sha256:b0e181afe100d0d2c92971b6c7f2dcdcd3dec64566c0b48d4763e2e41f0047e0,det-v1,2,fallback,1254,85,0.001,0.0000695000,true,false
call-001036,arm8_spec_immediate,dev/f3/s3100002/no_alert__twin,10,meta-llama/llama-3.1-8b-instruct,sha256:7e122ad5ff098ed3e0a68c4305ef0aeb9a85571d3a29c1c8d33aea1a15b5e6d5,det-v1,1,,1072,81,1069.143,0.0000600800,false,true
call-001037,arm8_spec_immediate,dev/f3/s3100002/no_alert__twin,10,meta-llama/llama-3.1-8b-instruct,sha256:7e122ad5ff098ed3e0a68c4305ef0aeb9a85571d3a29c1c8d33aea1a15b5e6d5,det-v1,1,fallback,1072,81,1069.143,0.0000600800,false,false
call-001038,arm8_spec_immediate,dev/f3/s3100002/no_alert__twin,10,meta-llama/llama-3.1-8b-instruct,sha256:f58af06c1b713e0df9710e577dbc909b31658eff562229c8c006ff0725a1de6b,det-v1,2,,1142,139,1767.923,0.0000682200,false,true
call-001039,arm8_spec_immediate,dev/f3/s3100002/no_alert__twin,10,meta-llama/llama-3.1-8b-instruct,sha256:f58af06c1b713e0df9710e577dbc909b31658eff562229c8c006ff0725a1de6b,det-v1,2,fallback,1142,139,1767.923,0.0000682200,false,false
call-001040,arm10_spec_eprocess,dev/f3/s3100002/no_alert__twin,10,meta-llama/llama-3.1-8b-instruct,sha256:7e122ad5ff098ed3e0a68c4305ef0aeb9a85571d3a29c1c8d33aea1a15b5e6d5,det-v1,1,fallback,1072,81,0.002,0.0000600800,true,false
call-001041,arm10_spec_eprocess,dev/f3/s3100002/no_alert__twin,10,meta-llama/llama-3.1-8b-instruct,sha256:f58af06c1b713e0df9710e577dbc909b31658eff562229c8c006ff0725a1de6b,det-v1,2,fallback,1142,139,0.002,0.0000682200,true,false
call-001042,arm12_cth,dev/f3/s3100002/no_alert__twin,10,meta-llama/llama-3.1-8b-instruct,sha256:7e122ad5ff098ed3e0a68c4305ef0aeb9a85571d3a29c1c8d33aea1a15b5e6d5,det-v1,1,fallback,1072,81,0.002,0.0000600800,true,false
call-001043,arm12_cth,dev/f3/s3100002/no_alert__twin,10,meta-llama/llama-3.1-8b-instruct,sha256:f58af06c1b713e0df9710e577dbc909b31658eff562229c8c006ff0725a1de6b,det-v1,2,fallback,1142,139,0.001,0.0000682200,true,false
call-001044,arm12b_cth_llm,dev/f3/s3100002/no_alert__twin,10,meta-llama/llama-3.1-8b-instruct,sha256:7e122ad5ff098ed3e0a68c4305ef0aeb9a85571d3a29c1c8d33aea1a15b5e6d5,det-v1,1,fallback,1072,81,0.002,0.0000600800,true,false
call-001045,arm12b_cth_llm,dev/f3/s3100002/no_alert__twin,10,meta-llama/llama-3.1-8b-instruct,sha256:f58af06c1b713e0df9710e577dbc909b31658eff562229c8c006ff0725a1de6b,det-v1,2,fallback,1142,139,0.001,0.0000682200,true,false
call-001046,arm8_spec_immediate,cal/f3/s3100003/early_accurate,15,meta-llama/llama-3.1-8b-instruct,sha256:75fe90cdc29c726a74d8ac7e31686686c1c7c73430e7e51f315027593576ee4f,det-v1,1,,1253,81,954.075,0.0000691300,false,true
call-001047,arm8_spec_immediate,cal/f3/s3100003/early_accurate,15,meta-llama/llama-3.1-8b-instruct,sha256:75fe90cdc29c726a74d8ac7e31686686c1c7c73430e7e51f315027593576ee4f,det-v1,1,fallback,1253,81,954.075,0.0000691300,false,false
call-001048,arm8_spec_immediate,cal/f3/s3100003/early_accurate,15,meta-llama/llama-3.1-8b-instruct,sha256:341016f8f4f8adcd44cc831356bb2118a79439038e5502f2e08985609dd70ebe,det-v1,2,,1323,85,2009.969,0.0000729500,false,true
call-001049,arm8_spec_immediate,cal/f3/s3100003/early_accurate,15,meta-llama/llama-3.1-8b-instruct,sha256:341016f8f4f8adcd44cc831356bb2118a79439038e5502f2e08985609dd70ebe,det-v1,2,fallback,1323,85,2009.969,0.0000729500,false,false
call-001050,arm10_spec_eprocess,cal/f3/s3100003/early_accurate,15,meta-llama/llama-3.1-8b-instruct,sha256:75fe90cdc29c726a74d8ac7e31686686c1c7c73430e7e51f315027593576ee4f,det-v1,1,fallback,1253,81,0.004,0.0000691300,true,false
call-001051,arm10_spec_eprocess,cal/f3/s3100003/early_accurate,15,meta-llama/llama-3.1-8b-instruct,sha256:341016f8f4f8adcd44cc831356bb2118a79439038e5502f2e08985609dd70ebe,det-v1,2,fallback,1323,85,0.003,0.0000729500,true,false
call-001052,arm12_cth,cal/f3/s3100003/early_accurate,15,meta-llama/llama-3.1-8b-instruct,sha256:75fe90cdc29c726a74d8ac7e31686686c1c7c73430e7e51f315027593576ee4f,det-v1,1,fallback,1253,81,0.002,0.0000691300,true,false
call-001053,arm12_cth,cal/f3/s3100003/early_accurate,15,meta-llama/llama-3.1-8b-instruct,sha256:341016f8f4f8adcd44cc831356bb2118a79439038e5502f2e08985609dd70ebe,det-v1,2,fallback,1323,85,0.001,0.0000729500,true,false
call-001054,arm12b_cth_llm,cal/f3/s3100003/early_accurate,15,meta-llama/llama-3.1-8b-instruct,sha256:75fe90cdc29c726a74d8ac7e31686686c1c7c73430e7e51f315027593576ee4f,det-v1,1,fallback,1253,81,0.002,0.0000691300,true,false
call-001055,arm12b_cth_llm,cal/f3/s3100003/early_accurate,15,meta-llama/llama-3.1-8b-instruct,sha256:341016f8f4f8adcd44cc831356bb2118a79439038e5502f2e08985609dd70ebe,det-v1,2,fallback,1323,85,0.001,0.0000729500,true,false
call-001056,arm8_spec_immediate,cal/f3/s3100003/late_accurate,18,meta-llama/llama-3.1-8b-instruct,sha256:1f51146918c6fbcff3c0b664c0841dcc298565e5416fc3783e2bb27c4e27cfdb,det-v1,1,,1364,81,1119.445,0.0000746800,false,true
call-001057,arm8_spec_immediate,cal/f3/s3100003/late_accurate,18,meta-llama/llama-3.1-8b-instruct,sha256:1f51146918c6fbcff3c0b664c0841dcc298565e5416fc3783e2bb27c4e27cfdb,det-v1,1,fallback,1364,81,1119.445,0.0000746800,false,false
call-001058,arm8_spec_immediate,cal/f3/s3100003/late_accurate,18,meta-llama/llama-3.1-8b-instruct,sha256:8438c442d8ded508405d2c88f8a20a801b35d886348c3bd4dc28b0e05ff421a7,det-v1,2,,1458,127,414.504,0.0000830600,false,true
call-001059,arm8_spec_immediate,cal/f3/s3100003/late_accurate,18,meta-llama/llama-3.1-8b-instruct,sha256:8438c442d8ded508405d2c88f8a20a801b35d886348c3bd4dc28b0e05ff421a7,det-v1,2,fallback,1458,127,414.504,0.0000830600,false,false
call-001060,arm10_spec_eprocess,cal/f3/s3100003/late_accurate,18,meta-llama/llama-3.1-8b-instruct,sha256:1f51146918c6fbcff3c0b664c0841dcc298565e5416fc3783e2bb27c4e27cfdb,det-v1,1,fallback,1364,81,0.002,0.0000746800,true,false
call-001061,arm10_spec_eprocess,cal/f3/s3100003/late_accurate,18,meta-llama/llama-3.1-8b-instruct,sha256:8438c442d8ded508405d2c88f8a20a801b35d886348c3bd4dc28b0e05ff421a7,det-v1,2,fallback,1458,127,0.002,0.0000830600,true,false
call-001062,arm12_cth,cal/f3/s3100003/late_accurate,18,meta-llama/llama-3.1-8b-instruct,sha256:1f51146918c6fbcff3c0b664c0841dcc298565e5416fc3783e2bb27c4e27cfdb,det-v1,1,fallback,1364,81,0.002,0.0000746800,true,false
call-001063,arm12_cth,cal/f3/s3100003/late_accurate,18,meta-llama/llama-3.1-8b-instruct,sha256:8438c442d8ded508405d2c88f8a20a801b35d886348c3bd4dc28b0e05ff421a7,det-v1,2,fallback,1458,127,0.001,0.0000830600,true,false
call-001064,arm12b_cth_llm,cal/f3/s3100003/late_accurate,18,meta-llama/llama-3.1-8b-instruct,sha256:1f51146918c6fbcff3c0b664c0841dcc298565e5416fc3783e2bb27c4e27cfdb,det-v1,1,fallback,1364,81,0.002,0.0000746800,true,false
call-001065,arm12b_cth_llm,cal/f3/s3100003/late_accurate,18,meta-llama/llama-3.1-8b-instruct,sha256:8438c442d8ded508405d2c88f8a20a801b35d886348c3bd4dc28b0e05ff421a7,det-v1,2,fallback,1458,127,0.001,0.0000830600,true,false
call-001066,arm8_spec_immediate,cal/f3/s3100003/unreliable,15,meta-llama/llama-3.1-8b-instruct,sha256:55e174999e31b4418c97fd89e127e9e148a5a96489b3b952471f8f780475c9c5,det-v1,1,,1259,81,1077.308,0.0000694300,false,true
call-001067,arm8_spec_immediate,cal/f3/s3100003/unreliable,15,meta-llama/llama-3.1-8b-instruct,sha256:55e174999e31b4418c97fd89e127e9e148a5a96489b3b952471f8f780475c9c5,det-v1,1,fallback,1259,81,1077.308,0.0000694300,false,false
call-001068,arm8_spec_immediate,cal/f3/s3100003/unreliable,15,meta-llama/llama-3.1-8b-instruct,sha256:13b19153450d36c87bd9ad3e620807dca1ec5ae3172092c92316f2f589d2d93a,det-v1,2,,1329,164,1806.079,0.0000795700,false,true
call-001069,arm8_spec_immediate,cal/f3/s3100003/unreliable,15,meta-llama/llama-3.1-8b-instruct,sha256:13b19153450d36c87bd9ad3e620807dca1ec5ae3172092c92316f2f589d2d93a,det-v1,2,fallback,1329,164,1806.079,0.0000795700,false,false
call-001070,arm10_spec_eprocess,cal/f3/s3100003/unreliable,15,meta-llama/llama-3.1-8b-instruct,sha256:55e174999e31b4418c97fd89e127e9e148a5a96489b3b952471f8f780475c9c5,det-v1,1,fallback,1259,81,0.004,0.0000694300,true,false
call-001071,arm10_spec_eprocess,cal/f3/s3100003/unreliable,15,meta-llama/llama-3.1-8b-instruct,sha256:13b19153450d36c87bd9ad3e620807dca1ec5ae3172092c92316f2f589d2d93a,det-v1,2,fallback,1329,164,0.003,0.0000795700,true,false
call-001072,arm12_cth,cal/f3/s3100003/unreliable,15,meta-llama/llama-3.1-8b-instruct,sha256:55e174999e31b4418c97fd89e127e9e148a5a96489b3b952471f8f780475c9c5,det-v1,1,fallback,1259,81,0.001,0.0000694300,true,false
call-001073,arm12_cth,cal/f3/s3100003/unreliable,15,meta-llama/llama-3.1-8b-instruct,sha256:13b19153450d36c87bd9ad3e620807dca1ec5ae3172092c92316f2f589d2d93a,det-v1,2,fallback,1329,164,0.001,0.0000795700,true,false
call-001074,arm12b_cth_llm,cal/f3/s3100003/unreliable,15,meta-llama/llama-3.1-8b-instruct,sha256:55e174999e31b4418c97fd89e127e9e148a5a96489b3b952471f8f780475c9c5,det-v1,1,fallback,1259,81,0.002,0.0000694300,true,false
call-001075,arm12b_cth_llm,cal/f3/s3100003/unreliable,15,meta-llama/llama-3.1-8b-instruct,sha256:13b19153450d36c87bd9ad3e620807dca1ec5ae3172092c92316f2f589d2d93a,det-v1,2,fallback,1329,164,0.001,0.0000795700,true,false
call-001076,arm8_spec_immediate,dev/f3/s3100004/no_alert,25,meta-llama/llama-3.1-8b-instruct,sha256:5911cc38de308a1b0d52c863020cd54f8acf5811eb459da655ddde686db0c402,det-v1,1,,1612,182,360.284,0.0000951600,false,true
call-001077,arm8_spec_immediate,dev/f3/s3100004/no_alert,25,meta-llama/llama-3.1-8b-instruct,sha256:5911cc38de308a1b0d52c863020cd54f8acf5811eb459da655ddde686db0c402,det-v1,1,accepted,1612,182,360.284,0.0000951600,false,false
call-001078,arm10_spec_eprocess,dev/f3/s3100004/no_alert,25,meta-llama/llama-3.1-8b-instruct,sha256:5911cc38de308a1b0d52c863020cd54f8acf5811eb459da655ddde686db0c402,det-v1,1,accepted,1612,182,0.002,0.0000951600,true,false
call-001079,arm12_cth,dev/f3/s3100004/no_alert,25,meta-llama/llama-3.1-8b-instruct,sha256:5911cc38de308a1b0d52c863020cd54f8acf5811eb459da655ddde686db0c402,det-v1,1,accepted,1612,182,0.001,0.0000951600,true,false
call-001080,arm12b_cth_llm,dev/f3/s3100004/no_alert,25,meta-llama/llama-3.1-8b-instruct,sha256:5911cc38de308a1b0d52c863020cd54f8acf5811eb459da655ddde686db0c402,det-v1,1,accepted,1612,182,0.002,0.0000951600,true,false
call-001081,arm8_spec_immediate,dev/f3/s3100004/early_accurate,20,meta-llama/llama-3.1-8b-instruct,sha256:d95af946787a547c3b7b8c7ec9c01c3ddfb819c02a9c07889dce558d65d55ba0,det-v1,1,,1465,185,342.995,0.0000880500,false,true
call-001082,arm8_spec_immediate,dev/f3/s3100004/early_accurate,20,meta-llama/llama-3.1-8b-instruct,sha256:d95af946787a547c3b7b8c7ec9c01c3ddfb819c02a9c07889dce558d65d55ba0,det-v1,1,fallback,1465,185,342.995,0.0000880500,false,false
call-001083,arm8_spec_immediate,dev/f3/s3100004/early_accurate,20,meta-llama/llama-3.1-8b-instruct,sha256:bea70bf18d84e40b41f31725edd9a133e8f612cd535f5dec037480332e65cc52,det-v1,2,,1535,127,295.736,0.0000869100,false,true
call-001084,arm8_spec_immediate,dev/f3/s3100004/early_accurate,20,meta-llama/llama-3.1-8b-instruct,sha256:bea70bf18d84e40b41f31725edd9a133e8f612cd535f5dec037480332e65cc52,det-v1,2,fallback,1535,127,295.736,0.0000869100,false,false
call-001085,arm8_spec_immediate,dev/f3/s3100004/early_accurate,26,meta-llama/llama-3.1-8b-instruct,sha256:03fd0bc71e0eb66d1d22fd4a4a4b4596124650841786b98b345e40cd81bba917,det-v1,1,,1687,216,371.096,0.0001016300,false,true
call-001086,arm8_spec_immediate,dev/f3/s3100004/early_accurate,26,meta-llama/llama-3.1-8b-instruct,sha256:03fd0bc71e0eb66d1d22fd4a4a4b4596124650841786b98b345e40cd81bba917,det-v1,1,accepted,1687,216,371.096,0.0001016300,false,false
call-001087,arm10_spec_eprocess,dev/f3/s3100004/early_accurate,20,meta-llama/llama-3.1-8b-instruct,sha256:d95af946787a547c3b7b8c7ec9c01c3ddfb819c02a9c07889dce558d65d55ba0,det-v1,1,fallback,1465,185,0.004,0.0000880500,true,false
call-001088,arm10_spec_eprocess,dev/f3/s3100004/early_accurate,20,meta-llama/llama-3.1-8b-instruct,sha256:bea70bf18d84e40b41f31725edd9a133e8f612cd535f5dec037480332e65cc52,det-v1,2,fallback,1535,127,0.003,0.0000869100,true,false
call-001089,arm10_spec_eprocess,dev/f3/s3100004/early_accurate,26,meta-llama/llama-3.1-8b-instruct,sha256:03fd0bc71e0eb66d1d22fd4a4a4b4596124650841786b98b345e40cd81bba917,det-v1,1,accepted,1687,216,0.003,0.0001016300,true,false
call-001090,arm12_cth,dev/f3/s3100004/early_accurate,20,meta-llama/llama-3.1-8b-instruct,sha256:d95af946787a547c3b7b8c7ec9c01c3ddfb819c02a9c07889dce558d65d55ba0,det-v1,1,fallback,1465,185,0.001,0.0000880500,true,false
call-001091,arm12_cth,dev/f3/s3100004/early_accurate,20,meta-llama/llama-3.1-8b-instruct,sha256:bea70bf18d84e40b41f31725edd9a133e8f612cd535f5dec037480332e65cc52,det-v1,2,fallback,1535,127,0.001,0.0000869100,true,false
call-001092,arm12_cth,dev/f3/s3100004/early_accurate,26,meta-llama/llama-3.1-8b-instruct,sha256:7d237dc5990ac76408d2d0926d139d5bd5ef03a7ef202e2d2696a38fbea1e812,det-v1,1,,1687,216,353.570,0.0001016300,false,true
call-001093,arm12_cth,dev/f3/s3100004/early_accurate,26,meta-llama/llama-3.1-8b-instruct,sha256:7d237dc5990ac76408d2d0926d139d5bd5ef03a7ef202e2d2696a38fbea1e812,det-v1,1,accepted,1687,216,353.570,0.0001016300,false,false
call-001094,arm12b_cth_llm,dev/f3/s3100004/early_accurate,20,meta-llama/llama-3.1-8b-instruct,sha256:d95af946787a547c3b7b8c7ec9c01c3ddfb819c02a9c07889dce558d65d55ba0,det-v1,1,fallback,1465,185,0.002,0.0000880500,true,false
call-001095,arm12b_cth_llm,dev/f3/s3100004/early_accurate,20,meta-llama/llama-3.1-8b-instruct,sha256:bea70bf18d84e40b41f31725edd9a133e8f612cd535f5dec037480332e65cc52,det-v1,2,fallback,1535,127,0.001,0.0000869100,true,false
call-001096,arm12b_cth_llm,dev/f3/s3100004/early_accurate,26,meta-llama/llama-3.1-8b-instruct,sha256:03fd0bc71e0eb66d1d22fd4a4a4b4596124650841786b98b345e40cd81bba917,det-v1,1,accepted,1687,216,0.001,0.0001016300,true,false
call-001097,arm8_spec_immediate,dev/f3/s3100004/late_accurate,23,meta-llama/llama-3.1-8b-instruct,sha256:6c3d23da1734ef16b44964b17b29a9552f209c002be9a210fbec7d28e9b9a3b4,det-v1,1,,1576,201,423.574,0.0000948800,false,true
call-001098,arm8_spec_immediate,dev/f3/s3100004/late_accurate,23,meta-llama/llama-3.1-8b-instruct,sha256:6c3d23da1734ef16b44964b17b29a9552f209c002be9a210fbec7d28e9b9a3b4,det-v1,1,accepted,1576,201,423.574,0.0000948800,false,false
call-001099,arm8_spec_immediate,dev/f3/s3100004/late_accurate,31,meta-llama/llama-3.1-8b-instruct,sha256:1bea746ba2ea3562125e1a305a37771a0ef0932a857ef77765454ebb6909b002,det-v1,1,,1872,241,444.681,0.0001128800,false,true
call-001100,arm8_spec_immediate,dev/f3/s3100004/late_accurate,31,meta-llama/llama-3.1-8b-instruct,sha256:1bea746ba2ea3562125e1a305a37771a0ef0932a857ef77765454ebb6909b002,det-v1,1,accepted,1872,241,444.681,0.0001128800,false,false
call-001101,arm10_spec_eprocess,dev/f3/s3100004/late_accurate,23,meta-llama/llama-3.1-8b-instruct,sha256:6c3d23da1734ef16b44964b17b29a9552f209c002be9a210fbec7d28e9b9a3b4,det-v1,1,accepted,1576,201,0.003,0.0000948800,true,false
call-001102,arm10_spec_eprocess,dev/f3/s3100004/late_accurate,31,meta-llama/llama-3.1-8b-instruct,sha256:25200b49438cbc43bca2e103cab86a0f136b5e0299431fd53bdfa719b8b62406,det-v1,1,,1872,241,407.145,0.0001128800,false,true
call-001103,arm10_spec_eprocess,dev/f3/s3100004/late_accurate,31,meta-llama/llama-3.1-8b-instruct,sha256:25200b49438cbc43bca2e103cab86a0f136b5e0299431fd53bdfa719b8b62406,det-v1,1,accepted,1872,241,407.145,0.0001128800,false,false
call-001104,arm12_cth,dev/f3/s3100004/late_accurate,23,meta-llama/llama-3.1-8b-instruct,sha256:6c3d23da1734ef16b44964b17b29a9552f209c002be9a210fbec7d28e9b9a3b4,det-v1,1,accepted,1576,201,0.002,0.0000948800,true,false
call-001105,arm12_cth,dev/f3/s3100004/late_accurate,31,meta-llama/llama-3.1-8b-instruct,sha256:d400d797f8e4115531e0a4f16c117ac489e147e382f16b9c227c97fa5e6c11cf,det-v1,1,,1872,241,408.045,0.0001128800,false,true
call-001106,arm12_cth,dev/f3/s3100004/late_accurate,31,meta-llama/llama-3.1-8b-instruct,sha256:d400d797f8e4115531e0a4f16c117ac489e147e382f16b9c227c97fa5e6c11cf,det-v1,1,accepted,1872,241,408.045,0.0001128800,false,false
call-001107,arm12b_cth_llm,dev/f3/s3100004/late_accurate,23,meta-llama/llama-3.1-8b-instruct,sha256:6c3d23da1734ef16b44964b17b29a9552f209c002be9a210fbec7d28e9b9a3b4,det-v1,1,accepted,1576,201,0.002,0.0000948800,true,false
call-001108,arm12b_cth_llm,dev/f3/s3100004/late_accurate,31,meta-llama/llama-3.1-8b-instruct,sha256:129097c53ecd668b63cc45ecc1b1727c9027788488087d8daf2e354ccda4fc9a,det-v1,1,,1872,101,382.506,0.0001016800,false,true
call-001109,arm12b_cth_llm,dev/f3/s3100004/late_accurate,31,meta-llama/llama-3.1-8b-instruct,sha256:129097c53ecd668b63cc45ecc1b1727c9027788488087d8daf2e354ccda4fc9a,det-v1,1,accepted,1872,101,382.506,0.0001016800,false,false
call-001110,arm8_spec_immediate,dev/f3/s3100004/unreliable,20,meta-llama/llama-3.1-8b-instruct,sha256:2f8279205af5ccb3a84529bfca2faa02a17fc840b49d530d179b8e7ef65dd355,det-v1,1,,1465,185,332.096,0.0000880500,false,true
call-001111,arm8_spec_immediate,dev/f3/s3100004/unreliable,20,meta-llama/llama-3.1-8b-instruct,sha256:2f8279205af5ccb3a84529bfca2faa02a17fc840b49d530d179b8e7ef65dd355,det-v1,1,fallback,1465,185,332.096,0.0000880500,false,false
call-001112,arm8_spec_immediate,dev/f3/s3100004/unreliable,20,meta-llama/llama-3.1-8b-instruct,sha256:15644a988e362db0bcb5bd1055a4ea33d436315ed5258a645a437043e949c9a8,det-v1,2,,1535,126,282.674,0.0000868300,false,true
call-001113,arm8_spec_immediate,dev/f3/s3100004/unreliable,20,meta-llama/llama-3.1-8b-instruct,sha256:15644a988e362db0bcb5bd1055a4ea33d436315ed5258a645a437043e949c9a8,det-v1,2,fallback,1535,126,282.674,0.0000868300,false,false
call-001114,arm8_spec_immediate,dev/f3/s3100004/unreliable,26,meta-llama/llama-3.1-8b-instruct,sha256:2e06ee05f0a062ab131685d2bbe8e7ad290e43e31785cf7a3ce18cd27ff59466,det-v1,1,,1687,94,294.554,0.0000918700,false,true
call-001115,arm8_spec_immediate,dev/f3/s3100004/unreliable,26,meta-llama/llama-3.1-8b-instruct,sha256:2e06ee05f0a062ab131685d2bbe8e7ad290e43e31785cf7a3ce18cd27ff59466,det-v1,1,accepted,1687,94,294.554,0.0000918700,false,false
call-001116,arm10_spec_eprocess,dev/f3/s3100004/unreliable,20,meta-llama/llama-3.1-8b-instruct,sha256:2f8279205af5ccb3a84529bfca2faa02a17fc840b49d530d179b8e7ef65dd355,det-v1,1,fallback,1465,185,0.004,0.0000880500,true,false
call-001117,arm10_spec_eprocess,dev/f3/s3100004/unreliable,20,meta-llama/llama-3.1-8b-instruct,sha256:15644a988e362db0bcb5bd1055a4ea33d436315ed5258a645a437043e949c9a8,det-v1,2,fallback,1535,126,0.003,0.0000868300,true,false
call-001118,arm10_spec_eprocess,dev/f3/s3100004/unreliable,26,meta-llama/llama-3.1-8b-instruct,sha256:2e06ee05f0a062ab131685d2bbe8e7ad290e43e31785cf7a3ce18cd27ff59466,det-v1,1,accepted,1687,94,0.003,0.0000918700,true,false
call-001119,arm12_cth,dev/f3/s3100004/unreliable,20,meta-llama/llama-3.1-8b-instruct,sha256:2f8279205af5ccb3a84529bfca2faa02a17fc840b49d530d179b8e7ef65dd355,det-v1,1,fallback,1465,185,0.001,0.0000880500,true,false
call-001120,arm12_cth,dev/f3/s3100004/unreliable,20,meta-llama/llama-3.1-8b-instruct,sha256:15644a988e362db0bcb5bd1055a4ea33d436315ed5258a645a437043e949c9a8,det-v1,2,fallback,1535,126,0.001,0.0000868300,true,false
call-001121,arm12_cth,dev/f3/s3100004/unreliable,26,meta-llama/llama-3.1-8b-instruct,sha256:28bb7b994d746043de7e95ee20b136acbb685eb3edb253cfc02bfc5432455a75,det-v1,1,,1687,190,332.754,0.0000995500,false,true
call-001122,arm12_cth,dev/f3/s3100004/unreliable,26,meta-llama/llama-3.1-8b-instruct,sha256:28bb7b994d746043de7e95ee20b136acbb685eb3edb253cfc02bfc5432455a75,det-v1,1,accepted,1687,190,332.754,0.0000995500,false,false
call-001123,arm12b_cth_llm,dev/f3/s3100004/unreliable,20,meta-llama/llama-3.1-8b-instruct,sha256:2f8279205af5ccb3a84529bfca2faa02a17fc840b49d530d179b8e7ef65dd355,det-v1,1,fallback,1465,185,0.002,0.0000880500,true,false
call-001124,arm12b_cth_llm,dev/f3/s3100004/unreliable,20,meta-llama/llama-3.1-8b-instruct,sha256:15644a988e362db0bcb5bd1055a4ea33d436315ed5258a645a437043e949c9a8,det-v1,2,fallback,1535,126,0.001,0.0000868300,true,false
call-001125,arm12b_cth_llm,dev/f3/s3100004/unreliable,26,meta-llama/llama-3.1-8b-instruct,sha256:2e06ee05f0a062ab131685d2bbe8e7ad290e43e31785cf7a3ce18cd27ff59466,det-v1,1,accepted,1687,94,0.001,0.0000918700,true,false
call-001126,arm8_spec_immediate,cal/f3/s3100005/early_accurate,13,meta-llama/llama-3.1-8b-instruct,sha256:23155d70106bae43e159561e030cdeadcbcf7fc3d079dff48b7c774270f95fef,det-v1,1,,1198,146,549.508,0.0000715800,false,true
call-001127,arm8_spec_immediate,cal/f3/s3100005/early_accurate,13,meta-llama/llama-3.1-8b-instruct,sha256:23155d70106bae43e159561e030cdeadcbcf7fc3d079dff48b7c774270f95fef,det-v1,1,accepted,1198,146,549.508,0.0000715800,false,false
call-001128,arm10_spec_eprocess,cal/f3/s3100005/early_accurate,13,meta-llama/llama-3.1-8b-instruct,sha256:23155d70106bae43e159561e030cdeadcbcf7fc3d079dff48b7c774270f95fef,det-v1,1,accepted,1198,146,0.002,0.0000715800,true,false
call-001129,arm12_cth,cal/f3/s3100005/early_accurate,13,meta-llama/llama-3.1-8b-instruct,sha256:23155d70106bae43e159561e030cdeadcbcf7fc3d079dff48b7c774270f95fef,det-v1,1,accepted,1198,146,0.001,0.0000715800,true,false
call-001130,arm12b_cth_llm,cal/f3/s3100005/early_accurate,13,meta-llama/llama-3.1-8b-instruct,sha256:23155d70106bae43e159561e030cdeadcbcf7fc3d079dff48b7c774270f95fef,det-v1,1,accepted,1198,146,0.002,0.0000715800,true,false
call-001131,arm8_spec_immediate,cal/f3/s3100005/late_accurate,16,meta-llama/llama-3.1-8b-instruct,sha256:e4008087a443643c06e0740effe4049fcbea33a6c7b2f373bcf2bbf4cb898d58,det-v1,1,,1285,79,4838.433,0.0000705700,false,true
call-001132,arm8_spec_immediate,cal/f3/s3100005/late_accurate,16,meta-llama/llama-3.1-8b-instruct,sha256:e4008087a443643c06e0740effe4049fcbea33a6c7b2f373bcf2bbf4cb898d58,det-v1,1,accepted,1285,79,4838.433,0.0000705700,false,false
call-001133,arm10_spec_eprocess,cal/f3/s3100005/late_accurate,16,meta-llama/llama-3.1-8b-instruct,sha256:e4008087a443643c06e0740effe4049fcbea33a6c7b2f373bcf2bbf4cb898d58,det-v1,1,accepted,1285,79,0.001,0.0000705700,true,false
call-001134,arm12_cth,cal/f3/s3100005/late_accurate,16,meta-llama/llama-3.1-8b-instruct,sha256:e4008087a443643c06e0740effe4049fcbea33a6c7b2f373bcf2bbf4cb898d58,det-v1,1,accepted,1285,79,0.001,0.0000705700,true,false
call-001135,arm12b_cth_llm,cal/f3/s3100005/late_accurate,16,meta-llama/llama-3.1-8b-instruct,sha256:e4008087a443643c06e0740effe4049fcbea33a6c7b2f373bcf2bbf4cb898d58,det-v1,1,accepted,1285,79,0.002,0.0000705700,true,false
call-001136,arm8_spec_immediate,cal/f3/s3100005/unreliable,13,meta-llama/llama-3.1-8b-instruct,sha256:f39b833461f7ed38d3d9e3a254166e86ff3dd9d80fd7393caedc3b1085d83417,det-v1,1,,1183,81,4650.621,0.0000656300,false,true
call-001137,arm8_spec_immediate,cal/f3/s3100005/unreliable,13,meta-llama/llama-3.1-8b-instruct,sha256:f39b833461f7ed38d3d9e3a254166e86ff3dd9d80fd7393caedc3b1085d83417,det-v1,1,fallback,1183,81,4650.621,0.0000656300,false,false
call-001138,arm8_spec_immediate,cal/f3/s3100005/unreliable,13,meta-llama/llama-3.1-8b-instruct,sha256:6e6013a46d48fdbf44b56b8f7419d33610bf6cac9d8da8ba03188824e63adfda,det-v1,2,,1277,91,284.524,0.0000711300,false,true
call-001139,arm8_spec_immediate,cal/f3/s3100005/unreliable,13,meta-llama/llama-3.1-8b-instruct,sha256:6e6013a46d48fdbf44b56b8f7419d33610bf6cac9d8da8ba03188824e63adfda,det-v1,2,fallback,1277,91,284.524,0.0000711300,false,false
call-001140,arm10_spec_eprocess,cal/f3/s3100005/unreliable,13,meta-llama/llama-3.1-8b-instruct,sha256:f39b833461f7ed38d3d9e3a254166e86ff3dd9d80fd7393caedc3b1085d83417,det-v1,1,fallback,1183,81,0.003,0.0000656300,true,false
call-001141,arm10_spec_eprocess,cal/f3/s3100005/unreliable,13,meta-llama/llama-3.1-8b-instruct,sha256:6e6013a46d48fdbf44b56b8f7419d33610bf6cac9d8da8ba03188824e63adfda,det-v1,2,fallback,1277,91,0.002,0.0000711300,true,false
call-001142,arm12_cth,cal/f3/s3100005/unreliable,13,meta-llama/llama-3.1-8b-instruct,sha256:f39b833461f7ed38d3d9e3a254166e86ff3dd9d80fd7393caedc3b1085d83417,det-v1,1,fallback,1183,81,0.002,0.0000656300,true,false
call-001143,arm12_cth,cal/f3/s3100005/unreliable,13,meta-llama/llama-3.1-8b-instruct,sha256:6e6013a46d48fdbf44b56b8f7419d33610bf6cac9d8da8ba03188824e63adfda,det-v1,2,fallback,1277,91,0.001,0.0000711300,true,false
call-001144,arm12b_cth_llm,cal/f3/s3100005/unreliable,13,meta-llama/llama-3.1-8b-instruct,sha256:f39b833461f7ed38d3d9e3a254166e86ff3dd9d80fd7393caedc3b1085d83417,det-v1,1,fallback,1183,81,0.002,0.0000656300,true,false
call-001145,arm12b_cth_llm,cal/f3/s3100005/unreliable,13,meta-llama/llama-3.1-8b-instruct,sha256:6e6013a46d48fdbf44b56b8f7419d33610bf6cac9d8da8ba03188824e63adfda,det-v1,2,fallback,1277,91,0.001,0.0000711300,true,false
call-001146,arm8_spec_immediate,cal/f3/s3100005/no_alert__twin,10,meta-llama/llama-3.1-8b-instruct,sha256:4b2075e9fe682317dd14f3ce273c60f1dca1716dfae30c61ab1483e89a9c2a50,det-v1,1,,1077,81,4447.821,0.0000603300,false,true
call-001147,arm8_spec_immediate,cal/f3/s3100005/no_alert__twin,10,meta-llama/llama-3.1-8b-instruct,sha256:4b2075e9fe682317dd14f3ce273c60f1dca1716dfae30c61ab1483e89a9c2a50,det-v1,1,fallback,1077,81,4447.821,0.0000603300,false,false
call-001148,arm8_spec_immediate,cal/f3/s3100005/no_alert__twin,10,meta-llama/llama-3.1-8b-instruct,sha256:6bdc5b92aa33f2e2ff0079ea5c579d85aa32c19a288c32cb834c17b027a9b923,det-v1,2,,1171,92,282.870,0.0000659100,false,true
call-001149,arm8_spec_immediate,cal/f3/s3100005/no_alert__twin,10,meta-llama/llama-3.1-8b-instruct,sha256:6bdc5b92aa33f2e2ff0079ea5c579d85aa32c19a288c32cb834c17b027a9b923,det-v1,2,fallback,1171,92,282.870,0.0000659100,false,false
call-001150,arm10_spec_eprocess,cal/f3/s3100005/no_alert__twin,10,meta-llama/llama-3.1-8b-instruct,sha256:4b2075e9fe682317dd14f3ce273c60f1dca1716dfae30c61ab1483e89a9c2a50,det-v1,1,fallback,1077,81,0.004,0.0000603300,true,false
call-001151,arm10_spec_eprocess,cal/f3/s3100005/no_alert__twin,10,meta-llama/llama-3.1-8b-instruct,sha256:6bdc5b92aa33f2e2ff0079ea5c579d85aa32c19a288c32cb834c17b027a9b923,det-v1,2,fallback,1171,92,0.003,0.0000659100,true,false
call-001152,arm12_cth,cal/f3/s3100005/no_alert__twin,10,meta-llama/llama-3.1-8b-instruct,sha256:4b2075e9fe682317dd14f3ce273c60f1dca1716dfae30c61ab1483e89a9c2a50,det-v1,1,fallback,1077,81,0.002,0.0000603300,true,false
call-001153,arm12_cth,cal/f3/s3100005/no_alert__twin,10,meta-llama/llama-3.1-8b-instruct,sha256:6bdc5b92aa33f2e2ff0079ea5c579d85aa32c19a288c32cb834c17b027a9b923,det-v1,2,fallback,1171,92,0.002,0.0000659100,true,false
call-001154,arm12b_cth_llm,cal/f3/s3100005/no_alert__twin,10,meta-llama/llama-3.1-8b-instruct,sha256:4b2075e9fe682317dd14f3ce273c60f1dca1716dfae30c61ab1483e89a9c2a50,det-v1,1,fallback,1077,81,0.002,0.0000603300,true,false
call-001155,arm12b_cth_llm,cal/f3/s3100005/no_alert__twin,10,meta-llama/llama-3.1-8b-instruct,sha256:6bdc5b92aa33f2e2ff0079ea5c579d85aa32c19a288c32cb834c17b027a9b923,det-v1,2,fallback,1171,92,0.001,0.0000659100,true,false
call-001156,arm8_spec_immediate,dev/f3/s3100006/no_alert,17,meta-llama/llama-3.1-8b-instruct,sha256:85c12a2f67d03db3b33039ede6817bb9a6893cca9787ba769f9351e5d6705db9,det-v1,1,,1316,166,366.162,0.0000790800,false,true
call-001157,arm8_spec_immediate,dev/f3/s3100006/no_alert,17,meta-llama/llama-3.1-8b-instruct,sha256:85c12a2f67d03db3b33039ede6817bb9a6893cca9787ba769f9351e5d6705db9,det-v1,1,accepted,1316,166,366.162,0.0000790800,false,false
call-001158,arm10_spec_eprocess,dev/f3/s3100006/no_alert,17,meta-llama/llama-3.1-8b-instruct,sha256:85c12a2f67d03db3b33039ede6817bb9a6893cca9787ba769f9351e5d6705db9,det-v1,1,accepted,1316,166,0.002,0.0000790800,true,false
call-001159,arm12_cth,dev/f3/s3100006/no_alert,17,meta-llama/llama-3.1-8b-instruct,sha256:85c12a2f67d03db3b33039ede6817bb9a6893cca9787ba769f9351e5d6705db9,det-v1,1,accepted,1316,166,0.002,0.0000790800,true,false
call-001160,arm12b_cth_llm,dev/f3/s3100006/no_alert,17,meta-llama/llama-3.1-8b-instruct,sha256:85c12a2f67d03db3b33039ede6817bb9a6893cca9787ba769f9351e5d6705db9,det-v1,1,accepted,1316,166,0.002,0.0000790800,true,false
call-001161,arm8_spec_immediate,dev/f3/s3100006/early_accurate,15,meta-llama/llama-3.1-8b-instruct,sha256:c5d27cbfb28b8eaaa7c4044c30bbfa6e4cc2111807477babec4dd9e498f58c89,det-v1,1,,1282,161,341.452,0.0000769800,false,true
call-001162,arm8_spec_immediate,dev/f3/s3100006/early_accurate,15,meta-llama/llama-3.1-8b-instruct,sha256:c5d27cbfb28b8eaaa7c4044c30bbfa6e4cc2111807477babec4dd9e498f58c89,det-v1,1,accepted,1282,161,341.452,0.0000769800,false,false
call-001163,arm10_spec_eprocess,dev/f3/s3100006/early_accurate,15,meta-llama/llama-3.1-8b-instruct,sha256:c5d27cbfb28b8eaaa7c4044c30bbfa6e4cc2111807477babec4dd9e498f58c89,det-v1,1,accepted,1282,161,0.002,0.0000769800,true,false
call-001164,arm12_cth,dev/f3/s3100006/early_accurate,15,meta-llama/llama-3.1-8b-instruct,sha256:c5d27cbfb28b8eaaa7c4044c30bbfa6e4cc2111807477babec4dd9e498f58c89,det-v1,1,accepted,1282,161,0.002,0.0000769800,true,false
call-001165,arm12b_cth_llm,dev/f3/s3100006/early_accurate,15,meta-llama/llama-3.1-8b-instruct,sha256:c5d27cbfb28b8eaaa7c4044c30bbfa6e4cc2111807477babec4dd9e498f58c89,det-v1,1,accepted,1282,161,0.002,0.0000769800,true,false
call-001166,arm8_spec_immediate,dev/f3/s3100006/late_accurate,17,meta-llama/llama-3.1-8b-instruct,sha256:c2c387ad56c49ec7ff2b49e3133a21524448e1dc9f158c1d7581933a2273e2e3,det-v1,1,,1316,166,357.650,0.0000790800,false,true
call-001167,arm8_spec_immediate,dev/f3/s3100006/late_accurate,17,meta-llama/llama-3.1-8b-instruct,sha256:c2c387ad56c49ec7ff2b49e3133a21524448e1dc9f158c1d7581933a2273e2e3,det-v1,1,accepted,1316,166,357.650,0.0000790800,false,false
call-001168,arm10_spec_eprocess,dev/f3/s3100006/late_accurate,17,meta-llama/llama-3.1-8b-instruct,sha256:c2c387ad56c49ec7ff2b49e3133a21524448e1dc9f158c1d7581933a2273e2e3,det-v1,1,accepted,1316,166,0.002,0.0000790800,true,false
call-001169,arm12_cth,dev/f3/s3100006/late_accurate,17,meta-llama/llama-3.1-8b-instruct,sha256:c2c387ad56c49ec7ff2b49e3133a21524448e1dc9f158c1d7581933a2273e2e3,det-v1,1,accepted,1316,166,0.002,0.0000790800,true,false
call-001170,arm12b_cth_llm,dev/f3/s3100006/late_accurate,17,meta-llama/llama-3.1-8b-instruct,sha256:c2c387ad56c49ec7ff2b49e3133a21524448e1dc9f158c1d7581933a2273e2e3,det-v1,1,accepted,1316,166,0.002,0.0000790800,true,false
call-001171,arm8_spec_immediate,dev/f3/s3100006/unreliable,15,meta-llama/llama-3.1-8b-instruct,sha256:8d3a3a5547417d75dcc5162c5793b56742196c2ba4f5b564b8f4ba576665c4d9,det-v1,1,,1245,81,5271.256,0.0000687300,false,true
call-001172,arm8_spec_immediate,dev/f3/s3100006/unreliable,15,meta-llama/llama-3.1-8b-instruct,sha256:8d3a3a5547417d75dcc5162c5793b56742196c2ba4f5b564b8f4ba576665c4d9,det-v1,1,fallback,1245,81,5271.256,0.0000687300,false,false
call-001173,arm8_spec_immediate,dev/f3/s3100006/unreliable,15,meta-llama/llama-3.1-8b-instruct,sha256:c3ae121c42cc28323b2d2a27f6e21cb047a61461efb401c2ac7b203e942a4b97,det-v1,2,,1315,81,4630.378,0.0000722300,false,true
call-001174,arm8_spec_immediate,dev/f3/s3100006/unreliable,15,meta-llama/llama-3.1-8b-instruct,sha256:c3ae121c42cc28323b2d2a27f6e21cb047a61461efb401c2ac7b203e942a4b97,det-v1,2,fallback,1315,81,4630.378,0.0000722300,false,false
call-001175,arm10_spec_eprocess,dev/f3/s3100006/unreliable,15,meta-llama/llama-3.1-8b-instruct,sha256:8d3a3a5547417d75dcc5162c5793b56742196c2ba4f5b564b8f4ba576665c4d9,det-v1,1,fallback,1245,81,0.003,0.0000687300,true,false
call-001176,arm10_spec_eprocess,dev/f3/s3100006/unreliable,15,meta-llama/llama-3.1-8b-instruct,sha256:c3ae121c42cc28323b2d2a27f6e21cb047a61461efb401c2ac7b203e942a4b97,det-v1,2,fallback,1315,81,0.002,0.0000722300,true,false
call-001177,arm12_cth,dev/f3/s3100006/unreliable,15,meta-llama/llama-3.1-8b-instruct,sha256:8d3a3a5547417d75dcc5162c5793b56742196c2ba4f5b564b8f4ba576665c4d9,det-v1,1,fallback,1245,81,0.002,0.0000687300,true,false
call-001178,arm12_cth,dev/f3/s3100006/unreliable,15,meta-llama/llama-3.1-8b-instruct,sha256:c3ae121c42cc28323b2d2a27f6e21cb047a61461efb401c2ac7b203e942a4b97,det-v1,2,fallback,1315,81,0.001,0.0000722300,true,false
call-001179,arm12b_cth_llm,dev/f3/s3100006/unreliable,15,meta-llama/llama-3.1-8b-instruct,sha256:8d3a3a5547417d75dcc5162c5793b56742196c2ba4f5b564b8f4ba576665c4d9,det-v1,1,fallback,1245,81,0.002,0.0000687300,true,false
call-001180,arm12b_cth_llm,dev/f3/s3100006/unreliable,15,meta-llama/llama-3.1-8b-instruct,sha256:c3ae121c42cc28323b2d2a27f6e21cb047a61461efb401c2ac7b203e942a4b97,det-v1,2,fallback,1315,81,0.001,0.0000722300,true,false
call-001181,arm8_spec_immediate,dev/f3/s3100006/no_alert__twin,10,meta-llama/llama-3.1-8b-instruct,sha256:8a075768d6b439ed097fdf8d04a525a2e11d9bc637dc81759a2b12f4f38008c4,det-v1,1,,1095,136,328.601,0.0000656300,false,true
call-001182,arm8_spec_immediate,dev/f3/s3100006/no_alert__twin,10,meta-llama/llama-3.1-8b-instruct,sha256:8a075768d6b439ed097fdf8d04a525a2e11d9bc637dc81759a2b12f4f38008c4,det-v1,1,accepted,1095,136,328.601,0.0000656300,false,false
call-001183,arm10_spec_eprocess,dev/f3/s3100006/no_alert__twin,10,meta-llama/llama-3.1-8b-instruct,sha256:8a075768d6b439ed097fdf8d04a525a2e11d9bc637dc81759a2b12f4f38008c4,det-v1,1,accepted,1095,136,0.002,0.0000656300,true,false
call-001184,arm12_cth,dev/f3/s3100006/no_alert__twin,10,meta-llama/llama-3.1-8b-instruct,sha256:8a075768d6b439ed097fdf8d04a525a2e11d9bc637dc81759a2b12f4f38008c4,det-v1,1,accepted,1095,136,0.001,0.0000656300,true,false
call-001185,arm12b_cth_llm,dev/f3/s3100006/no_alert__twin,10,meta-llama/llama-3.1-8b-instruct,sha256:8a075768d6b439ed097fdf8d04a525a2e11d9bc637dc81759a2b12f4f38008c4,det-v1,1,accepted,1095,136,0.002,0.0000656300,true,false
call-001186,arm8_spec_immediate,cal/f3/s3100007/no_alert,24,meta-llama/llama-3.1-8b-instruct,sha256:485bb4a7bf2b070a1ee3b7db5ce429826003b9d99f327513d1e45d34283c9693,det-v1,1,,1575,111,298.124,0.0000876300,false,true
call-001187,arm8_spec_immediate,cal/f3/s3100007/no_alert,24,meta-llama/llama-3.1-8b-instruct,sha256:485bb4a7bf2b070a1ee3b7db5ce429826003b9d99f327513d1e45d34283c9693,det-v1,1,accepted,1575,111,298.124,0.0000876300,false,false
call-001188,arm10_spec_eprocess,cal/f3/s3100007/no_alert,24,meta-llama/llama-3.1-8b-instruct,sha256:485bb4a7bf2b070a1ee3b7db5ce429826003b9d99f327513d1e45d34283c9693,det-v1,1,accepted,1575,111,0.002,0.0000876300,true,false
call-001189,arm12_cth,cal/f3/s3100007/no_alert,24,meta-llama/llama-3.1-8b-instruct,sha256:485bb4a7bf2b070a1ee3b7db5ce429826003b9d99f327513d1e45d34283c9693,det-v1,1,accepted,1575,111,0.002,0.0000876300,true,false
call-001190,arm12b_cth_llm,cal/f3/s3100007/no_alert,24,meta-llama/llama-3.1-8b-instruct,sha256:485bb4a7bf2b070a1ee3b7db5ce429826003b9d99f327513d1e45d34283c9693,det-v1,1,accepted,1575,111,0.002,0.0000876300,true,false
call-001191,arm8_spec_immediate,cal/f3/s3100007/early_accurate,21,meta-llama/llama-3.1-8b-instruct,sha256:000ff4a85b8c714ef60ac71dc4c121b353a327a084690416e3c9af21a6e89e6a,det-v1,1,,1505,186,421.464,0.0000901300,false,true
call-001192,arm8_spec_immediate,cal/f3/s3100007/early_accurate,21,meta-llama/llama-3.1-8b-instruct,sha256:000ff4a85b8c714ef60ac71dc4c121b353a327a084690416e3c9af21a6e89e6a,det-v1,1,accepted,1505,186,421.464,0.0000901300,false,false
call-001193,arm8_spec_immediate,cal/f3/s3100007/early_accurate,27,meta-llama/llama-3.1-8b-instruct,sha256:b22c4721d0d16ff3241a3f3d4f8d8c714192ce79004e1b8bdd0c944c5e7cd6b9,det-v1,1,,1727,221,651.836,0.0001040300,false,true
call-001194,arm8_spec_immediate,cal/f3/s3100007/early_accurate,27,meta-llama/llama-3.1-8b-instruct,sha256:b22c4721d0d16ff3241a3f3d4f8d8c714192ce79004e1b8bdd0c944c5e7cd6b9,det-v1,1,accepted,1727,221,651.836,0.0001040300,false,false
call-001195,arm10_spec_eprocess,cal/f3/s3100007/early_accurate,21,meta-llama/llama-3.1-8b-instruct,sha256:000ff4a85b8c714ef60ac71dc4c121b353a327a084690416e3c9af21a6e89e6a,det-v1,1,accepted,1505,186,0.002,0.0000901300,true,false
call-001196,arm10_spec_eprocess,cal/f3/s3100007/early_accurate,27,meta-llama/llama-3.1-8b-instruct,sha256:0eb427112cb3ee6a26af91e813d2718844fd3cfd304e0ec0095a1e3f3ff683c9,det-v1,1,,1727,221,378.924,0.0001040300,false,true
call-001197,arm10_spec_eprocess,cal/f3/s3100007/early_accurate,27,meta-llama/llama-3.1-8b-instruct,sha256:0eb427112cb3ee6a26af91e813d2718844fd3cfd304e0ec0095a1e3f3ff683c9,det-v1,1,accepted,1727,221,378.924,0.0001040300,false,false
call-001198,arm12_cth,cal/f3/s3100007/early_accurate,21,meta-llama/llama-3.1-8b-instruct,sha256:000ff4a85b8c714ef60ac71dc4c121b353a327a084690416e3c9af21a6e89e6a,det-v1,1,accepted,1505,186,0.002,0.0000901300,true,false
call-001199,arm12_cth,cal/f3/s3100007/early_accurate,27,meta-llama/llama-3.1-8b-instruct,sha256:9d897b934524bf061742faa7dbbae257f1c3fbaf54e4aec3779112b23d730bfd,det-v1,1,,1727,221,371.524,0.0001040300,false,true
call-001200,arm12_cth,cal/f3/s3100007/early_accurate,27,meta-llama/llama-3.1-8b-instruct,sha256:9d897b934524bf061742faa7dbbae257f1c3fbaf54e4aec3779112b23d730bfd,det-v1,1,accepted,1727,221,371.524,0.0001040300,false,false
call-001201,arm12b_cth_llm,cal/f3/s3100007/early_accurate,21,meta-llama/llama-3.1-8b-instruct,sha256:000ff4a85b8c714ef60ac71dc4c121b353a327a084690416e3c9af21a6e89e6a,det-v1,1,accepted,1505,186,0.002,0.0000901300,true,false
call-001202,arm12b_cth_llm,cal/f3/s3100007/early_accurate,27,meta-llama/llama-3.1-8b-instruct,sha256:d0f2adad30133ce6cc4f7900184d72f79752ec95ea98f72272791bc45573436c,det-v1,1,,1703,79,8548.506,0.0000914700,false,true
call-001203,arm12b_cth_llm,cal/f3/s3100007/early_accurate,27,meta-llama/llama-3.1-8b-instruct,sha256:d0f2adad30133ce6cc4f7900184d72f79752ec95ea98f72272791bc45573436c,det-v1,1,accepted,1703,79,8548.506,0.0000914700,false,false
call-001204,arm8_spec_immediate,cal/f3/s3100007/late_accurate,24,meta-llama/llama-3.1-8b-instruct,sha256:8c5933c9d3dd9c738ae3f9a505bc6bca13b662158dc5c582fee006378b882d4d,det-v1,1,,1592,79,5984.376,0.0000859200,false,true
call-001205,arm8_spec_immediate,cal/f3/s3100007/late_accurate,24,meta-llama/llama-3.1-8b-instruct,sha256:8c5933c9d3dd9c738ae3f9a505bc6bca13b662158dc5c582fee006378b882d4d,det-v1,1,accepted,1592,79,5984.376,0.0000859200,false,false
call-001206,arm10_spec_eprocess,cal/f3/s3100007/late_accurate,24,meta-llama/llama-3.1-8b-instruct,sha256:8c5933c9d3dd9c738ae3f9a505bc6bca13b662158dc5c582fee006378b882d4d,det-v1,1,accepted,1592,79,0.001,0.0000859200,true,false
call-001207,arm12_cth,cal/f3/s3100007/late_accurate,24,meta-llama/llama-3.1-8b-instruct,sha256:8c5933c9d3dd9c738ae3f9a505bc6bca13b662158dc5c582fee006378b882d4d,det-v1,1,accepted,1592,79,0.001,0.0000859200,true,false
call-001208,arm12b_cth_llm,cal/f3/s3100007/late_accurate,24,meta-llama/llama-3.1-8b-instruct,sha256:8c5933c9d3dd9c738ae3f9a505bc6bca13b662158dc5c582fee006378b882d4d,det-v1,1,accepted,1592,79,0.002,0.0000859200,true,false
call-001209,arm8_spec_immediate,cal/f3/s3100007/unreliable,21,meta-llama/llama-3.1-8b-instruct,sha256:cfccd8900935741d3dbd6f197ca0da1d65285b9931de48681cdd46d3c7fb245d,det-v1,1,,1510,191,374.873,0.0000907800,false,true
call-001210,arm8_spec_immediate,cal/f3/s3100007/unreliable,21,meta-llama/llama-3.1-8b-instruct,sha256:cfccd8900935741d3dbd6f197ca0da1d65285b9931de48681cdd46d3c7fb245d,det-v1,1,accepted,1510,191,374.873,0.0000907800,false,false
call-001211,arm8_spec_immediate,cal/f3/s3100007/unreliable,27,meta-llama/llama-3.1-8b-instruct,sha256:e6cf653b379e89742495252a518f3eb28b439882e5926b61f8a140d534205fca,det-v1,1,,1732,221,420.331,0.0001042800,false,true
call-001212,arm8_spec_immediate,cal/f3/s3100007/unreliable,27,meta-llama/llama-3.1-8b-instruct,sha256:e6cf653b379e89742495252a518f3eb28b439882e5926b61f8a140d534205fca,det-v1,1,accepted,1732,221,420.331,0.0001042800,false,false
call-001213,arm10_spec_eprocess,cal/f3/s3100007/unreliable,21,meta-llama/llama-3.1-8b-instruct,sha256:cfccd8900935741d3dbd6f197ca0da1d65285b9931de48681cdd46d3c7fb245d,det-v1,1,accepted,1510,191,0.002,0.0000907800,true,false
call-001214,arm10_spec_eprocess,cal/f3/s3100007/unreliable,27,meta-llama/llama-3.1-8b-instruct,sha256:0921d80cf70d9921edc45dc28e7f356e6f760fe705ae31d41cab4ca8d79bd7a4,det-v1,1,,1732,221,443.495,0.0001042800,false,true
call-001215,arm10_spec_eprocess,cal/f3/s3100007/unreliable,27,meta-llama/llama-3.1-8b-instruct,sha256:0921d80cf70d9921edc45dc28e7f356e6f760fe705ae31d41cab4ca8d79bd7a4,det-v1,1,accepted,1732,221,443.495,0.0001042800,false,false
call-001216,arm12_cth,cal/f3/s3100007/unreliable,21,meta-llama/llama-3.1-8b-instruct,sha256:cfccd8900935741d3dbd6f197ca0da1d65285b9931de48681cdd46d3c7fb245d,det-v1,1,accepted,1510,191,0.002,0.0000907800,true,false
call-001217,arm12_cth,cal/f3/s3100007/unreliable,27,meta-llama/llama-3.1-8b-instruct,sha256:747fad350fd16dbcda44eecd4d2ffbdd26596a2268d6de29a202daf8fdcb9c16,det-v1,1,,1732,194,550.533,0.0001021200,false,true
call-001218,arm12_cth,cal/f3/s3100007/unreliable,27,meta-llama/llama-3.1-8b-instruct,sha256:747fad350fd16dbcda44eecd4d2ffbdd26596a2268d6de29a202daf8fdcb9c16,det-v1,1,accepted,1732,194,550.533,0.0001021200,false,false
call-001219,arm12b_cth_llm,cal/f3/s3100007/unreliable,21,meta-llama/llama-3.1-8b-instruct,sha256:cfccd8900935741d3dbd6f197ca0da1d65285b9931de48681cdd46d3c7fb245d,det-v1,1,accepted,1510,191,0.002,0.0000907800,true,false
call-001220,arm12b_cth_llm,cal/f3/s3100007/unreliable,27,meta-llama/llama-3.1-8b-instruct,sha256:778f4891c16a89c446d81b59b1c072a212414adcb3b9ba1e05e293a15849785c,det-v1,1,,1708,79,1022.740,0.0000917200,false,true
call-001221,arm12b_cth_llm,cal/f3/s3100007/unreliable,27,meta-llama/llama-3.1-8b-instruct,sha256:778f4891c16a89c446d81b59b1c072a212414adcb3b9ba1e05e293a15849785c,det-v1,1,accepted,1708,79,1022.740,0.0000917200,false,false
call-001222,arm8_spec_immediate,dev/f4/s4100000/early_accurate,19,meta-llama/llama-3.1-8b-instruct,sha256:194ff7668e9f5957da5ffc34537a89c78a7d779610152ac5d167107515ce44d2,det-v1,1,fallback,1402,81,0.002,0.0000765800,true,false
call-001223,arm8_spec_immediate,dev/f4/s4100000/early_accurate,19,meta-llama/llama-3.1-8b-instruct,sha256:8e0b278636427bc952e38418a27f9253ab2e68de4b0127e5d8d34e23e4d3a87f,det-v1,2,fallback,1472,89,0.001,0.0000807200,true,false
call-001224,arm10_spec_eprocess,dev/f4/s4100000/early_accurate,19,meta-llama/llama-3.1-8b-instruct,sha256:194ff7668e9f5957da5ffc34537a89c78a7d779610152ac5d167107515ce44d2,det-v1,1,fallback,1402,81,0.001,0.0000765800,true,false
call-001225,arm10_spec_eprocess,dev/f4/s4100000/early_accurate,19,meta-llama/llama-3.1-8b-instruct,sha256:8e0b278636427bc952e38418a27f9253ab2e68de4b0127e5d8d34e23e4d3a87f,det-v1,2,fallback,1472,89,0.001,0.0000807200,true,false
call-001226,arm12_cth,dev/f4/s4100000/early_accurate,19,meta-llama/llama-3.1-8b-instruct,sha256:194ff7668e9f5957da5ffc34537a89c78a7d779610152ac5d167107515ce44d2,det-v1,1,fallback,1402,81,0.002,0.0000765800,true,false
call-001227,arm12_cth,dev/f4/s4100000/early_accurate,19,meta-llama/llama-3.1-8b-instruct,sha256:8e0b278636427bc952e38418a27f9253ab2e68de4b0127e5d8d34e23e4d3a87f,det-v1,2,fallback,1472,89,0.001,0.0000807200,true,false
call-001228,arm12b_cth_llm,dev/f4/s4100000/early_accurate,19,meta-llama/llama-3.1-8b-instruct,sha256:194ff7668e9f5957da5ffc34537a89c78a7d779610152ac5d167107515ce44d2,det-v1,1,fallback,1402,81,0.002,0.0000765800,true,false
call-001229,arm12b_cth_llm,dev/f4/s4100000/early_accurate,19,meta-llama/llama-3.1-8b-instruct,sha256:8e0b278636427bc952e38418a27f9253ab2e68de4b0127e5d8d34e23e4d3a87f,det-v1,2,fallback,1472,89,0.001,0.0000807200,true,false
call-001230,arm8_spec_immediate,dev/f4/s4100000/late_accurate,22,meta-llama/llama-3.1-8b-instruct,sha256:416659d7ffb327c0f5cdbb2934b53a6a85ae6cefa402bed432686590a4e1cd43,det-v1,1,,1537,99,378.998,0.0000847700,false,true
call-001231,arm8_spec_immediate,dev/f4/s4100000/late_accurate,22,meta-llama/llama-3.1-8b-instruct,sha256:416659d7ffb327c0f5cdbb2934b53a6a85ae6cefa402bed432686590a4e1cd43,det-v1,1,accepted,1537,99,378.998,0.0000847700,false,false
call-001232,arm10_spec_eprocess,dev/f4/s4100000/late_accurate,22,meta-llama/llama-3.1-8b-instruct,sha256:416659d7ffb327c0f5cdbb2934b53a6a85ae6cefa402bed432686590a4e1cd43,det-v1,1,accepted,1537,99,0.001,0.0000847700,true,false
call-001233,arm12_cth,dev/f4/s4100000/late_accurate,22,meta-llama/llama-3.1-8b-instruct,sha256:416659d7ffb327c0f5cdbb2934b53a6a85ae6cefa402bed432686590a4e1cd43,det-v1,1,accepted,1537,99,0.003,0.0000847700,true,false
call-001234,arm12b_cth_llm,dev/f4/s4100000/late_accurate,22,meta-llama/llama-3.1-8b-instruct,sha256:416659d7ffb327c0f5cdbb2934b53a6a85ae6cefa402bed432686590a4e1cd43,det-v1,1,accepted,1537,99,0.002,0.0000847700,true,false
call-001235,arm8_spec_immediate,dev/f4/s4100000/unreliable,19,meta-llama/llama-3.1-8b-instruct,sha256:e1f9e96f673b47171ab0b34353e6e8c784e2c0b4236d464734130683ad074e3b,det-v1,1,,1414,110,353.475,0.0000795000,false,true
call-001236,arm8_spec_immediate,dev/f4/s4100000/unreliable,19,meta-llama/llama-3.1-8b-instruct,sha256:e1f9e96f673b47171ab0b34353e6e8c784e2c0b4236d464734130683ad074e3b,det-v1,1,fallback,1414,110,353.475,0.0000795000,false,false
call-001237,arm8_spec_immediate,dev/f4/s4100000/unreliable,19,meta-llama/llama-3.1-8b-instruct,sha256:e053c396e760bd59b39af3a825559f3e2c061a8081d4388a48f9a943632145a4,det-v1,2,,1460,184,1875.116,0.0000877200,false,true
call-001238,arm8_spec_immediate,dev/f4/s4100000/unreliable,19,meta-llama/llama-3.1-8b-instruct,sha256:e053c396e760bd59b39af3a825559f3e2c061a8081d4388a48f9a943632145a4,det-v1,2,fallback,1460,184,1875.116,0.0000877200,false,false
call-001239,arm10_spec_eprocess,dev/f4/s4100000/unreliable,19,meta-llama/llama-3.1-8b-instruct,sha256:e1f9e96f673b47171ab0b34353e6e8c784e2c0b4236d464734130683ad074e3b,det-v1,1,fallback,1414,110,0.003,0.0000795000,true,false
call-001240,arm10_spec_eprocess,dev/f4/s4100000/unreliable,19,meta-llama/llama-3.1-8b-instruct,sha256:e053c396e760bd59b39af3a825559f3e2c061a8081d4388a48f9a943632145a4,det-v1,2,fallback,1460,184,0.002,0.0000877200,true,false
call-001241,arm12_cth,dev/f4/s4100000/unreliable,19,meta-llama/llama-3.1-8b-instruct,sha256:e1f9e96f673b47171ab0b34353e6e8c784e2c0b4236d464734130683ad074e3b,det-v1,1,fallback,1414,110,0.002,0.0000795000,true,false
call-001242,arm12_cth,dev/f4/s4100000/unreliable,19,meta-llama/llama-3.1-8b-instruct,sha256:e053c396e760bd59b39af3a825559f3e2c061a8081d4388a48f9a943632145a4,det-v1,2,fallback,1460,184,0.001,0.0000877200,true,false
call-001243,arm12b_cth_llm,dev/f4/s4100000/unreliable,19,meta-llama/llama-3.1-8b-instruct,sha256:e1f9e96f673b47171ab0b34353e6e8c784e2c0b4236d464734130683ad074e3b,det-v1,1,fallback,1414,110,0.002,0.0000795000,true,false
call-001244,arm12b_cth_llm,dev/f4/s4100000/unreliable,19,meta-llama/llama-3.1-8b-instruct,sha256:e053c396e760bd59b39af3a825559f3e2c061a8081d4388a48f9a943632145a4,det-v1,2,fallback,1460,184,0.001,0.0000877200,true,false
call-001245,arm8_spec_immediate,cal/f4/s4100001/early_accurate,19,meta-llama/llama-3.1-8b-instruct,sha256:fc757c8220edbc256cf748b4c9eebe428af910ac4ccdf3b9a736c1436dfa4b4d,det-v1,1,,1402,81,972.681,0.0000765800,false,true
call-001246,arm8_spec_immediate,cal/f4/s4100001/early_accurate,19,meta-llama/llama-3.1-8b-instruct,sha256:fc757c8220edbc256cf748b4c9eebe428af910ac4ccdf3b9a736c1436dfa4b4d,det-v1,1,fallback,1402,81,972.681,0.0000765800,false,false
call-001247,arm8_spec_immediate,cal/f4/s4100001/early_accurate,19,meta-llama/llama-3.1-8b-instruct,sha256:4f40b13d4e0aee750e372faedef0a17d633758fdde15e203e18b2a4495ac0461,det-v1,2,,1472,180,1559.504,0.0000880000,false,true
call-001248,arm8_spec_immediate,cal/f4/s4100001/early_accurate,19,meta-llama/llama-3.1-8b-instruct,sha256:4f40b13d4e0aee750e372faedef0a17d633758fdde15e203e18b2a4495ac0461,det-v1,2,fallback,1472,180,1559.504,0.0000880000,false,false
call-001249,arm10_spec_eprocess,cal/f4/s4100001/early_accurate,19,meta-llama/llama-3.1-8b-instruct,sha256:fc757c8220edbc256cf748b4c9eebe428af910ac4ccdf3b9a736c1436dfa4b4d,det-v1,1,fallback,1402,81,0.003,0.0000765800,true,false
call-001250,arm10_spec_eprocess,cal/f4/s4100001/early_accurate,19,meta-llama/llama-3.1-8b-instruct,sha256:4f40b13d4e0aee750e372faedef0a17d633758fdde15e203e18b2a4495ac0461,det-v1,2,fallback,1472,180,0.002,0.0000880000,true,false
call-001251,arm12_cth,cal/f4/s4100001/early_accurate,19,meta-llama/llama-3.1-8b-instruct,sha256:fc757c8220edbc256cf748b4c9eebe428af910ac4ccdf3b9a736c1436dfa4b4d,det-v1,1,fallback,1402,81,0.001,0.0000765800,true,false
call-001252,arm12_cth,cal/f4/s4100001/early_accurate,19,meta-llama/llama-3.1-8b-instruct,sha256:4f40b13d4e0aee750e372faedef0a17d633758fdde15e203e18b2a4495ac0461,det-v1,2,fallback,1472,180,0.001,0.0000880000,true,false
call-001253,arm12b_cth_llm,cal/f4/s4100001/early_accurate,19,meta-llama/llama-3.1-8b-instruct,sha256:fc757c8220edbc256cf748b4c9eebe428af910ac4ccdf3b9a736c1436dfa4b4d,det-v1,1,fallback,1402,81,0.002,0.0000765800,true,false
call-001254,arm12b_cth_llm,cal/f4/s4100001/early_accurate,19,meta-llama/llama-3.1-8b-instruct,sha256:4f40b13d4e0aee750e372faedef0a17d633758fdde15e203e18b2a4495ac0461,det-v1,2,fallback,1472,180,0.001,0.0000880000,true,false
call-001255,arm8_spec_immediate,cal/f4/s4100001/late_accurate,22,meta-llama/llama-3.1-8b-instruct,sha256:2a50cd3f159b721aab9bdd3cddd1429a272fdddce944d273a54d15f5057ab379,det-v1,1,,1537,195,379.363,0.0000924500,false,true
call-001256,arm8_spec_immediate,cal/f4/s4100001/late_accurate,22,meta-llama/llama-3.1-8b-instruct,sha256:2a50cd3f159b721aab9bdd3cddd1429a272fdddce944d273a54d15f5057ab379,det-v1,1,fallback,1537,195,379.363,0.0000924500,false,false
call-001257,arm8_spec_immediate,cal/f4/s4100001/late_accurate,22,meta-llama/llama-3.1-8b-instruct,sha256:70844ae06e1f469b711b0db257003b9afb2b955cfc79ccfd7d950377d30b2923,det-v1,2,,1583,199,1813.768,0.0000950700,false,true
call-001258,arm8_spec_immediate,cal/f4/s4100001/late_accurate,22,meta-llama/llama-3.1-8b-instruct,sha256:70844ae06e1f469b711b0db257003b9afb2b955cfc79ccfd7d950377d30b2923,det-v1,2,fallback,1583,199,1813.768,0.0000950700,false,false
call-001259,arm10_spec_eprocess,cal/f4/s4100001/late_accurate,22,meta-llama/llama-3.1-8b-instruct,sha256:2a50cd3f159b721aab9bdd3cddd1429a272fdddce944d273a54d15f5057ab379,det-v1,1,fallback,1537,195,0.002,0.0000924500,true,false
call-001260,arm10_spec_eprocess,cal/f4/s4100001/late_accurate,22,meta-llama/llama-3.1-8b-instruct,sha256:70844ae06e1f469b711b0db257003b9afb2b955cfc79ccfd7d950377d30b2923,det-v1,2,fallback,1583,199,0.002,0.0000950700,true,false
call-001261,arm12_cth,cal/f4/s4100001/late_accurate,22,meta-llama/llama-3.1-8b-instruct,sha256:2a50cd3f159b721aab9bdd3cddd1429a272fdddce944d273a54d15f5057ab379,det-v1,1,fallback,1537,195,0.001,0.0000924500,true,false
call-001262,arm12_cth,cal/f4/s4100001/late_accurate,22,meta-llama/llama-3.1-8b-instruct,sha256:70844ae06e1f469b711b0db257003b9afb2b955cfc79ccfd7d950377d30b2923,det-v1,2,fallback,1583,199,0.001,0.0000950700,true,false
call-001263,arm12b_cth_llm,cal/f4/s4100001/late_accurate,22,meta-llama/llama-3.1-8b-instruct,sha256:2a50cd3f159b721aab9bdd3cddd1429a272fdddce944d273a54d15f5057ab379,det-v1,1,fallback,1537,195,0.002,0.0000924500,true,false
call-001264,arm12b_cth_llm,cal/f4/s4100001/late_accurate,22,meta-llama/llama-3.1-8b-instruct,sha256:70844ae06e1f469b711b0db257003b9afb2b955cfc79ccfd7d950377d30b2923,det-v1,2,fallback,1583,199,0.001,0.0000950700,true,false
call-001265,arm8_spec_immediate,cal/f4/s4100001/unreliable,19,meta-llama/llama-3.1-8b-instruct,sha256:0973b38618e939e6aae9a4353c3835e8aeab0ad69d41c9d50b8485fb0ef79095,det-v1,1,,1427,180,446.685,0.0000857500,false,true
call-001266,arm8_spec_immediate,cal/f4/s4100001/unreliable,19,meta-llama/llama-3.1-8b-instruct,sha256:0973b38618e939e6aae9a4353c3835e8aeab0ad69d41c9d50b8485fb0ef79095,det-v1,1,fallback,1427,180,446.685,0.0000857500,false,false
call-001267,arm8_spec_immediate,cal/f4/s4100001/unreliable,19,meta-llama/llama-3.1-8b-instruct,sha256:bd6d58d56fb043ca7874ba9914ab7ec3b33e78729ec8b43029b1b3fa7d0c38ea,det-v1,2,,1497,176,398.546,0.0000889300,false,true
call-001268,arm8_spec_immediate,cal/f4/s4100001/unreliable,19,meta-llama/llama-3.1-8b-instruct,sha256:bd6d58d56fb043ca7874ba9914ab7ec3b33e78729ec8b43029b1b3fa7d0c38ea,det-v1,2,fallback,1497,176,398.546,0.0000889300,false,false
call-001269,arm10_spec_eprocess,cal/f4/s4100001/unreliable,19,meta-llama/llama-3.1-8b-instruct,sha256:0973b38618e939e6aae9a4353c3835e8aeab0ad69d41c9d50b8485fb0ef79095,det-v1,1,fallback,1427,180,0.004,0.0000857500,true,false
call-001270,arm10_spec_eprocess,cal/f4/s4100001/unreliable,19,meta-llama/llama-3.1-8b-instruct,sha256:bd6d58d56fb043ca7874ba9914ab7ec3b33e78729ec8b43029b1b3fa7d0c38ea,det-v1,2,fallback,1497,176,0.003,0.0000889300,true,false
call-001271,arm12_cth,cal/f4/s4100001/unreliable,19,meta-llama/llama-3.1-8b-instruct,sha256:0973b38618e939e6aae9a4353c3835e8aeab0ad69d41c9d50b8485fb0ef79095,det-v1,1,fallback,1427,180,0.002,0.0000857500,true,false
call-001272,arm12_cth,cal/f4/s4100001/unreliable,19,meta-llama/llama-3.1-8b-instruct,sha256:bd6d58d56fb043ca7874ba9914ab7ec3b33e78729ec8b43029b1b3fa7d0c38ea,det-v1,2,fallback,1497,176,0.001,0.0000889300,true,false
call-001273,arm12b_cth_llm,cal/f4/s4100001/unreliable,19,meta-llama/llama-3.1-8b-instruct,sha256:0973b38618e939e6aae9a4353c3835e8aeab0ad69d41c9d50b8485fb0ef79095,det-v1,1,fallback,1427,180,0.002,0.0000857500,true,false
call-001274,arm12b_cth_llm,cal/f4/s4100001/unreliable,19,meta-llama/llama-3.1-8b-instruct,sha256:bd6d58d56fb043ca7874ba9914ab7ec3b33e78729ec8b43029b1b3fa7d0c38ea,det-v1,2,fallback,1497,176,0.001,0.0000889300,true,false
call-001275,arm8_spec_immediate,cal/f4/s4100001/no_alert__twin,10,meta-llama/llama-3.1-8b-instruct,sha256:0fd6f813383c794ca8adf219b3ab7ea012ea7f511736161c222291a00eb3e110,det-v1,1,,1093,131,282.784,0.0000651300,false,true
call-001276,arm8_spec_immediate,cal/f4/s4100001/no_alert__twin,10,meta-llama/llama-3.1-8b-instruct,sha256:0fd6f813383c794ca8adf219b3ab7ea012ea7f511736161c222291a00eb3e110,det-v1,1,accepted,1093,131,282.784,0.0000651300,false,false
call-001277,arm10_spec_eprocess,cal/f4/s4100001/no_alert__twin,10,meta-llama/llama-3.1-8b-instruct,sha256:0fd6f813383c794ca8adf219b3ab7ea012ea7f511736161c222291a00eb3e110,det-v1,1,accepted,1093,131,0.002,0.0000651300,true,false
call-001278,arm12_cth,cal/f4/s4100001/no_alert__twin,10,meta-llama/llama-3.1-8b-instruct,sha256:0fd6f813383c794ca8adf219b3ab7ea012ea7f511736161c222291a00eb3e110,det-v1,1,accepted,1093,131,0.002,0.0000651300,true,false
call-001279,arm12b_cth_llm,cal/f4/s4100001/no_alert__twin,10,meta-llama/llama-3.1-8b-instruct,sha256:0fd6f813383c794ca8adf219b3ab7ea012ea7f511736161c222291a00eb3e110,det-v1,1,accepted,1093,131,0.002,0.0000651300,true,false
call-001280,arm8_spec_immediate,dev/f4/s4100002/no_alert,13,meta-llama/llama-3.1-8b-instruct,sha256:f3c49ea5d8a36e9bbbea357c403a33a2240b24658b298d4621d3680dc01718d4,det-v1,1,,1168,146,301.334,0.0000700800,false,true
call-001281,arm8_spec_immediate,dev/f4/s4100002/no_alert,13,meta-llama/llama-3.1-8b-instruct,sha256:f3c49ea5d8a36e9bbbea357c403a33a2240b24658b298d4621d3680dc01718d4,det-v1,1,accepted,1168,146,301.334,0.0000700800,false,false
call-001282,arm10_spec_eprocess,dev/f4/s4100002/no_alert,13,meta-llama/llama-3.1-8b-instruct,sha256:f3c49ea5d8a36e9bbbea357c403a33a2240b24658b298d4621d3680dc01718d4,det-v1,1,accepted,1168,146,0.002,0.0000700800,true,false
call-001283,arm12_cth,dev/f4/s4100002/no_alert,13,meta-llama/llama-3.1-8b-instruct,sha256:f3c49ea5d8a36e9bbbea357c403a33a2240b24658b298d4621d3680dc01718d4,det-v1,1,accepted,1168,146,0.002,0.0000700800,true,false
call-001284,arm12b_cth_llm,dev/f4/s4100002/no_alert,13,meta-llama/llama-3.1-8b-instruct,sha256:f3c49ea5d8a36e9bbbea357c403a33a2240b24658b298d4621d3680dc01718d4,det-v1,1,accepted,1168,146,0.002,0.0000700800,true,false
call-001285,arm8_spec_immediate,dev/f4/s4100002/early_accurate,13,meta-llama/llama-3.1-8b-instruct,sha256:2151ab10492aeb8eb31a6bfe262bb641d4b756a0df05e4b9e3e2c225ee10ca7b,det-v1,1,,1168,146,655.825,0.0000700800,false,true
call-001286,arm8_spec_immediate,dev/f4/s4100002/early_accurate,13,meta-llama/llama-3.1-8b-instruct,sha256:2151ab10492aeb8eb31a6bfe262bb641d4b756a0df05e4b9e3e2c225ee10ca7b,det-v1,1,accepted,1168,146,655.825,0.0000700800,false,false
call-001287,arm10_spec_eprocess,dev/f4/s4100002/early_accurate,13,meta-llama/llama-3.1-8b-instruct,sha256:2151ab10492aeb8eb31a6bfe262bb641d4b756a0df05e4b9e3e2c225ee10ca7b,det-v1,1,accepted,1168,146,0.008,0.0000700800,true,false
call-001288,arm12_cth,dev/f4/s4100002/early_accurate,13,meta-llama/llama-3.1-8b-instruct,sha256:2151ab10492aeb8eb31a6bfe262bb641d4b756a0df05e4b9e3e2c225ee10ca7b,det-v1,1,accepted,1168,146,0.002,0.0000700800,true,false
call-001289,arm12b_cth_llm,dev/f4/s4100002/early_accurate,13,meta-llama/llama-3.1-8b-instruct,sha256:2151ab10492aeb8eb31a6bfe262bb641d4b756a0df05e4b9e3e2c225ee10ca7b,det-v1,1,accepted,1168,146,0.002,0.0000700800,true,false
call-001290,arm8_spec_immediate,dev/f4/s4100002/late_accurate,13,meta-llama/llama-3.1-8b-instruct,sha256:4c3418ce570de67af342139cd59c949a11ba65397224e4f9514e126d8158f103,det-v1,1,,1144,79,3684.734,0.0000635200,false,true
call-001291,arm8_spec_immediate,dev/f4/s4100002/late_accurate,13,meta-llama/llama-3.1-8b-instruct,sha256:4c3418ce570de67af342139cd59c949a11ba65397224e4f9514e126d8158f103,det-v1,1,accepted,1144,79,3684.734,0.0000635200,false,false
call-001292,arm10_spec_eprocess,dev/f4/s4100002/late_accurate,13,meta-llama/llama-3.1-8b-instruct,sha256:4c3418ce570de67af342139cd59c949a11ba65397224e4f9514e126d8158f103,det-v1,1,accepted,1144,79,0.002,0.0000635200,true,false
call-001293,arm12_cth,dev/f4/s4100002/late_accurate,13,meta-llama/llama-3.1-8b-instruct,sha256:4c3418ce570de67af342139cd59c949a11ba65397224e4f9514e126d8158f103,det-v1,1,accepted,1144,79,0.002,0.0000635200,true,false
call-001294,arm12b_cth_llm,dev/f4/s4100002/late_accurate,13,meta-llama/llama-3.1-8b-instruct,sha256:4c3418ce570de67af342139cd59c949a11ba65397224e4f9514e126d8158f103,det-v1,1,accepted,1144,79,0.002,0.0000635200,true,false
call-001295,arm8_spec_immediate,dev/f4/s4100002/unreliable,13,meta-llama/llama-3.1-8b-instruct,sha256:057fa3ce9f8a2455b1099c553460968f362833128e35a962cf25ee6998201bb5,det-v1,1,,1168,146,302.248,0.0000700800,false,true
call-001296,arm8_spec_immediate,dev/f4/s4100002/unreliable,13,meta-llama/llama-3.1-8b-instruct,sha256:057fa3ce9f8a2455b1099c553460968f362833128e35a962cf25ee6998201bb5,det-v1,1,accepted,1168,146,302.248,0.0000700800,false,false
call-001297,arm10_spec_eprocess,dev/f4/s4100002/unreliable,13,meta-llama/llama-3.1-8b-instruct,sha256:057fa3ce9f8a2455b1099c553460968f362833128e35a962cf25ee6998201bb5,det-v1,1,accepted,1168,146,0.002,0.0000700800,true,false
call-001298,arm12_cth,dev/f4/s4100002/unreliable,13,meta-llama/llama-3.1-8b-instruct,sha256:057fa3ce9f8a2455b1099c553460968f362833128e35a962cf25ee6998201bb5,det-v1,1,accepted,1168,146,0.003,0.0000700800,true,false
call-001299,arm12b_cth_llm,dev/f4/s4100002/unreliable,13,meta-llama/llama-3.1-8b-instruct,sha256:057fa3ce9f8a2455b1099c553460968f362833128e35a962cf25ee6998201bb5,det-v1,1,accepted,1168,146,0.002,0.0000700800,true,false
call-001300,arm8_spec_immediate,dev/f4/s4100002/no_alert__twin,10,meta-llama/llama-3.1-8b-instruct,sha256:1862593e6f6697aa420592a22b9eef1d7b1bc1222ad801370e4acaed05d3de69,det-v1,1,,1096,131,385.258,0.0000652800,false,true
call-001301,arm8_spec_immediate,dev/f4/s4100002/no_alert__twin,10,meta-llama/llama-3.1-8b-instruct,sha256:1862593e6f6697aa420592a22b9eef1d7b1bc1222ad801370e4acaed05d3de69,det-v1,1,accepted,1096,131,385.258,0.0000652800,false,false
call-001302,arm10_spec_eprocess,dev/f4/s4100002/no_alert__twin,10,meta-llama/llama-3.1-8b-instruct,sha256:1862593e6f6697aa420592a22b9eef1d7b1bc1222ad801370e4acaed05d3de69,det-v1,1,accepted,1096,131,0.002,0.0000652800,true,false
call-001303,arm12_cth,dev/f4/s4100002/no_alert__twin,10,meta-llama/llama-3.1-8b-instruct,sha256:1862593e6f6697aa420592a22b9eef1d7b1bc1222ad801370e4acaed05d3de69,det-v1,1,accepted,1096,131,0.002,0.0000652800,true,false
call-001304,arm12b_cth_llm,dev/f4/s4100002/no_alert__twin,10,meta-llama/llama-3.1-8b-instruct,sha256:1862593e6f6697aa420592a22b9eef1d7b1bc1222ad801370e4acaed05d3de69,det-v1,1,accepted,1096,131,0.002,0.0000652800,true,false
call-001305,arm8_spec_immediate,cal/f4/s4100003/early_accurate,18,meta-llama/llama-3.1-8b-instruct,sha256:c6a37583699db7a4bc0347e935011cfb058576a2d22a79c771f52715d44e85ca,det-v1,1,,1392,171,363.180,0.0000832800,false,true
call-001306,arm8_spec_immediate,cal/f4/s4100003/early_accurate,18,meta-llama/llama-3.1-8b-instruct,sha256:c6a37583699db7a4bc0347e935011cfb058576a2d22a79c771f52715d44e85ca,det-v1,1,accepted,1392,171,363.180,0.0000832800,false,false
call-001307,arm10_spec_eprocess,cal/f4/s4100003/early_accurate,18,meta-llama/llama-3.1-8b-instruct,sha256:c6a37583699db7a4bc0347e935011cfb058576a2d22a79c771f52715d44e85ca,det-v1,1,accepted,1392,171,0.001,0.0000832800,true,false
call-001308,arm12_cth,cal/f4/s4100003/early_accurate,18,meta-llama/llama-3.1-8b-instruct,sha256:c6a37583699db7a4bc0347e935011cfb058576a2d22a79c771f52715d44e85ca,det-v1,1,accepted,1392,171,0.002,0.0000832800,true,false
call-001309,arm12b_cth_llm,cal/f4/s4100003/early_accurate,18,meta-llama/llama-3.1-8b-instruct,sha256:c6a37583699db7a4bc0347e935011cfb058576a2d22a79c771f52715d44e85ca,det-v1,1,accepted,1392,171,0.002,0.0000832800,true,false
call-001310,arm8_spec_immediate,cal/f4/s4100003/late_accurate,21,meta-llama/llama-3.1-8b-instruct,sha256:0630f42696d50d6a1d60a59adf7a8b550c4e67b405aea12ce243341357a29f53,det-v1,1,,1503,186,388.304,0.0000900300,false,true
call-001311,arm8_spec_immediate,cal/f4/s4100003/late_accurate,21,meta-llama/llama-3.1-8b-instruct,sha256:0630f42696d50d6a1d60a59adf7a8b550c4e67b405aea12ce243341357a29f53,det-v1,1,accepted,1503,186,388.304,0.0000900300,false,false
call-001312,arm10_spec_eprocess,cal/f4/s4100003/late_accurate,21,meta-llama/llama-3.1-8b-instruct,sha256:0630f42696d50d6a1d60a59adf7a8b550c4e67b405aea12ce243341357a29f53,det-v1,1,accepted,1503,186,0.002,0.0000900300,true,false
call-001313,arm12_cth,cal/f4/s4100003/late_accurate,21,meta-llama/llama-3.1-8b-instruct,sha256:0630f42696d50d6a1d60a59adf7a8b550c4e67b405aea12ce243341357a29f53,det-v1,1,accepted,1503,186,0.002,0.0000900300,true,false
call-001314,arm12b_cth_llm,cal/f4/s4100003/late_accurate,21,meta-llama/llama-3.1-8b-instruct,sha256:0630f42696d50d6a1d60a59adf7a8b550c4e67b405aea12ce243341357a29f53,det-v1,1,accepted,1503,186,0.002,0.0000900300,true,false
call-001315,arm8_spec_immediate,cal/f4/s4100003/unreliable,18,meta-llama/llama-3.1-8b-instruct,sha256:07c5648d7aba7639c592d9fb5dd01aefa142ae0ed077679cd7dbd285269cdf56,det-v1,1,,1394,171,349.817,0.0000833800,false,true
call-001316,arm8_spec_immediate,cal/f4/s4100003/unreliable,18,meta-llama/llama-3.1-8b-instruct,sha256:07c5648d7aba7639c592d9fb5dd01aefa142ae0ed077679cd7dbd285269cdf56,det-v1,1,accepted,1394,171,349.817,0.0000833800,false,false
call-001317,arm10_spec_eprocess,cal/f4/s4100003/unreliable,18,meta-llama/llama-3.1-8b-instruct,sha256:07c5648d7aba7639c592d9fb5dd01aefa142ae0ed077679cd7dbd285269cdf56,det-v1,1,accepted,1394,171,0.002,0.0000833800,true,false
call-001318,arm12_cth,cal/f4/s4100003/unreliable,18,meta-llama/llama-3.1-8b-instruct,sha256:07c5648d7aba7639c592d9fb5dd01aefa142ae0ed077679cd7dbd285269cdf56,det-v1,1,accepted,1394,171,0.002,0.0000833800,true,false
call-001319,arm12b_cth_llm,cal/f4/s4100003/unreliable,18,meta-llama/llama-3.1-8b-instruct,sha256:07c5648d7aba7639c592d9fb5dd01aefa142ae0ed077679cd7dbd285269cdf56,det-v1,1,accepted,1394,171,0.002,0.0000833800,true,false
call-001320,arm8_spec_immediate,dev/f4/s4100004/early_accurate,14,meta-llama/llama-3.1-8b-instruct,sha256:ba6173e7093475e7b9bd5abb6ad0dc4b41f7a5b7bb4f1685d5f172882829f306,det-v1,1,,1246,159,322.766,0.0000750200,false,true
call-001321,arm8_spec_immediate,dev/f4/s4100004/early_accurate,14,meta-llama/llama-3.1-8b-instruct,sha256:ba6173e7093475e7b9bd5abb6ad0dc4b41f7a5b7bb4f1685d5f172882829f306,det-v1,1,accepted,1246,159,322.766,0.0000750200,false,false
call-001322,arm10_spec_eprocess,dev/f4/s4100004/early_accurate,14,meta-llama/llama-3.1-8b-instruct,sha256:ba6173e7093475e7b9bd5abb6ad0dc4b41f7a5b7bb4f1685d5f172882829f306,det-v1,1,accepted,1246,159,0.002,0.0000750200,true,false
call-001323,arm12_cth,dev/f4/s4100004/early_accurate,14,meta-llama/llama-3.1-8b-instruct,sha256:ba6173e7093475e7b9bd5abb6ad0dc4b41f7a5b7bb4f1685d5f172882829f306,det-v1,1,accepted,1246,159,0.002,0.0000750200,true,false
call-001324,arm12b_cth_llm,dev/f4/s4100004/early_accurate,14,meta-llama/llama-3.1-8b-instruct,sha256:ba6173e7093475e7b9bd5abb6ad0dc4b41f7a5b7bb4f1685d5f172882829f306,det-v1,1,accepted,1246,159,0.002,0.0000750200,true,false
call-001325,arm8_spec_immediate,dev/f4/s4100004/late_accurate,17,meta-llama/llama-3.1-8b-instruct,sha256:62ed69c4a6691e3424158ea27345a2da77325adc4c0415d7d32b654b11332292,det-v1,1,,1357,99,259.523,0.0000757700,false,true
call-001326,arm8_spec_immediate,dev/f4/s4100004/late_accurate,17,meta-llama/llama-3.1-8b-instruct,sha256:62ed69c4a6691e3424158ea27345a2da77325adc4c0415d7d32b654b11332292,det-v1,1,accepted,1357,99,259.523,0.0000757700,false,false
call-001327,arm10_spec_eprocess,dev/f4/s4100004/late_accurate,17,meta-llama/llama-3.1-8b-instruct,sha256:62ed69c4a6691e3424158ea27345a2da77325adc4c0415d7d32b654b11332292,det-v1,1,accepted,1357,99,0.002,0.0000757700,true,false
call-001328,arm12_cth,dev/f4/s4100004/late_accurate,17,meta-llama/llama-3.1-8b-instruct,sha256:62ed69c4a6691e3424158ea27345a2da77325adc4c0415d7d32b654b11332292,det-v1,1,accepted,1357,99,0.002,0.0000757700,true,false
call-001329,arm12b_cth_llm,dev/f4/s4100004/late_accurate,17,meta-llama/llama-3.1-8b-instruct,sha256:62ed69c4a6691e3424158ea27345a2da77325adc4c0415d7d32b654b11332292,det-v1,1,accepted,1357,99,0.002,0.0000757700,true,false
call-001330,arm8_spec_immediate,dev/f4/s4100004/unreliable,14,meta-llama/llama-3.1-8b-instruct,sha256:c73a0fb116ceb2c4416eac5d34a8c464bfd6d1d34e4c1121158c029c1abaae7c,det-v1,1,,1243,156,333.919,0.0000746300,false,true
call-001331,arm8_spec_immediate,dev/f4/s4100004/unreliable,14,meta-llama/llama-3.1-8b-instruct,sha256:c73a0fb116ceb2c4416eac5d34a8c464bfd6d1d34e4c1121158c029c1abaae7c,det-v1,1,accepted,1243,156,333.919,0.0000746300,false,false
call-001332,arm10_spec_eprocess,dev/f4/s4100004/unreliable,14,meta-llama/llama-3.1-8b-instruct,sha256:c73a0fb116ceb2c4416eac5d34a8c464bfd6d1d34e4c1121158c029c1abaae7c,det-v1,1,accepted,1243,156,0.001,0.0000746300,true,false
call-001333,arm12_cth,dev/f4/s4100004/unreliable,14,meta-llama/llama-3.1-8b-instruct,sha256:c73a0fb116ceb2c4416eac5d34a8c464bfd6d1d34e4c1121158c029c1abaae7c,det-v1,1,accepted,1243,156,0.002,0.0000746300,true,false
call-001334,arm12b_cth_llm,dev/f4/s4100004/unreliable,14,meta-llama/llama-3.1-8b-instruct,sha256:c73a0fb116ceb2c4416eac5d34a8c464bfd6d1d34e4c1121158c029c1abaae7c,det-v1,1,accepted,1243,156,0.002,0.0000746300,true,false
call-001335,arm8_spec_immediate,cal/f4/s4100005/early_accurate,19,meta-llama/llama-3.1-8b-instruct,sha256:693c99367d0599c1c469aea5e853a51ca6567c96d9e60ace81667f725ae07783,det-v1,1,,1425,175,547.404,0.0000852500,false,true
call-001336,arm8_spec_immediate,cal/f4/s4100005/early_accurate,19,meta-llama/llama-3.1-8b-instruct,sha256:693c99367d0599c1c469aea5e853a51ca6567c96d9e60ace81667f725ae07783,det-v1,1,fallback,1425,175,547.404,0.0000852500,false,false
call-001337,arm8_spec_immediate,cal/f4/s4100005/early_accurate,19,meta-llama/llama-3.1-8b-instruct,sha256:2ed72aba4eea9c8d0c5e3a83cf2ae0d563531314276719bc720bebb107d325d0,det-v1,2,,1495,127,289.279,0.0000849100,false,true
call-001338,arm8_spec_immediate,cal/f4/s4100005/early_accurate,19,meta-llama/llama-3.1-8b-instruct,sha256:2ed72aba4eea9c8d0c5e3a83cf2ae0d563531314276719bc720bebb107d325d0,det-v1,2,fallback,1495,127,289.279,0.0000849100,false,false
call-001339,arm10_spec_eprocess,cal/f4/s4100005/early_accurate,19,meta-llama/llama-3.1-8b-instruct,sha256:693c99367d0599c1c469aea5e853a51ca6567c96d9e60ace81667f725ae07783,det-v1,1,fallback,1425,175,0.003,0.0000852500,true,false
call-001340,arm10_spec_eprocess,cal/f4/s4100005/early_accurate,19,meta-llama/llama-3.1-8b-instruct,sha256:2ed72aba4eea9c8d0c5e3a83cf2ae0d563531314276719bc720bebb107d325d0,det-v1,2,fallback,1495,127,0.002,0.0000849100,true,false
call-001341,arm12_cth,cal/f4/s4100005/early_accurate,19,meta-llama/llama-3.1-8b-instruct,sha256:693c99367d0599c1c469aea5e853a51ca6567c96d9e60ace81667f725ae07783,det-v1,1,fallback,1425,175,0.002,0.0000852500,true,false
call-001342,arm12_cth,cal/f4/s4100005/early_accurate,19,meta-llama/llama-3.1-8b-instruct,sha256:2ed72aba4eea9c8d0c5e3a83cf2ae0d563531314276719bc720bebb107d325d0,det-v1,2,fallback,1495,127,0.001,0.0000849100,true,false
call-001343,arm12b_cth_llm,cal/f4/s4100005/early_accurate,19,meta-llama/llama-3.1-8b-instruct,sha256:693c99367d0599c1c469aea5e853a51ca6567c96d9e60ace81667f725ae07783,det-v1,1,fallback,1425,175,0.002,0.0000852500,true,false
call-001344,arm12b_cth_llm,cal/f4/s4100005/early_accurate,19,meta-llama/llama-3.1-8b-instruct,sha256:2ed72aba4eea9c8d0c5e3a83cf2ae0d563531314276719bc720bebb107d325d0,det-v1,2,fallback,1495,127,0.001,0.0000849100,true,false
call-001345,arm8_spec_immediate,cal/f4/s4100005/late_accurate,22,meta-llama/llama-3.1-8b-instruct,sha256:58dc624c40b3674c7ba1bd28fcbb682f3bbed70609b31d44374cd73efd9b9339,det-v1,1,,1536,196,367.507,0.0000924800,false,true
call-001346,arm8_spec_immediate,cal/f4/s4100005/late_accurate,22,meta-llama/llama-3.1-8b-instruct,sha256:58dc624c40b3674c7ba1bd28fcbb682f3bbed70609b31d44374cd73efd9b9339,det-v1,1,accepted,1536,196,367.507,0.0000924800,false,false
call-001347,arm10_spec_eprocess,cal/f4/s4100005/late_accurate,22,meta-llama/llama-3.1-8b-instruct,sha256:58dc624c40b3674c7ba1bd28fcbb682f3bbed70609b31d44374cd73efd9b9339,det-v1,1,accepted,1536,196,0.002,0.0000924800,true,false
call-001348,arm12_cth,cal/f4/s4100005/late_accurate,22,meta-llama/llama-3.1-8b-instruct,sha256:58dc624c40b3674c7ba1bd28fcbb682f3bbed70609b31d44374cd73efd9b9339,det-v1,1,accepted,1536,196,0.002,0.0000924800,true,false
call-001349,arm12b_cth_llm,cal/f4/s4100005/late_accurate,22,meta-llama/llama-3.1-8b-instruct,sha256:58dc624c40b3674c7ba1bd28fcbb682f3bbed70609b31d44374cd73efd9b9339,det-v1,1,accepted,1536,196,0.002,0.0000924800,true,false
call-001350,arm8_spec_immediate,cal/f4/s4100005/unreliable,19,meta-llama/llama-3.1-8b-instruct,sha256:ea0447476cde214c617e52d7c88897d777ca36055b2c319e25faaa0a1b4c70ed,det-v1,1,,1431,175,322.929,0.0000855500,false,true
call-001351,arm8_spec_immediate,cal/f4/s4100005/unreliable,19,meta-llama/llama-3.1-8b-instruct,sha256:ea0447476cde214c617e52d7c88897d777ca36055b2c319e25faaa0a1b4c70ed,det-v1,1,fallback,1431,175,322.929,0.0000855500,false,false
call-001352,arm8_spec_immediate,cal/f4/s4100005/unreliable,19,meta-llama/llama-3.1-8b-instruct,sha256:eb1ee6fd4ba0865d7d3cb32272da1462fc3adb44cc43276b34fc1882027d1051,det-v1,2,,1501,127,297.998,0.0000852100,false,true
call-001353,arm8_spec_immediate,cal/f4/s4100005/unreliable,19,meta-llama/llama-3.1-8b-instruct,sha256:eb1ee6fd4ba0865d7d3cb32272da1462fc3adb44cc43276b34fc1882027d1051,det-v1,2,fallback,1501,127,297.998,0.0000852100,false,false
call-001354,arm10_spec_eprocess,cal/f4/s4100005/unreliable,19,meta-llama/llama-3.1-8b-instruct,sha256:ea0447476cde214c617e52d7c88897d777ca36055b2c319e25faaa0a1b4c70ed,det-v1,1,fallback,1431,175,0.003,0.0000855500,true,false
call-001355,arm10_spec_eprocess,cal/f4/s4100005/unreliable,19,meta-llama/llama-3.1-8b-instruct,sha256:eb1ee6fd4ba0865d7d3cb32272da1462fc3adb44cc43276b34fc1882027d1051,det-v1,2,fallback,1501,127,0.003,0.0000852100,true,false
call-001356,arm12_cth,cal/f4/s4100005/unreliable,19,meta-llama/llama-3.1-8b-instruct,sha256:ea0447476cde214c617e52d7c88897d777ca36055b2c319e25faaa0a1b4c70ed,det-v1,1,fallback,1431,175,0.001,0.0000855500,true,false
call-001357,arm12_cth,cal/f4/s4100005/unreliable,19,meta-llama/llama-3.1-8b-instruct,sha256:eb1ee6fd4ba0865d7d3cb32272da1462fc3adb44cc43276b34fc1882027d1051,det-v1,2,fallback,1501,127,0.001,0.0000852100,true,false
call-001358,arm12b_cth_llm,cal/f4/s4100005/unreliable,19,meta-llama/llama-3.1-8b-instruct,sha256:ea0447476cde214c617e52d7c88897d777ca36055b2c319e25faaa0a1b4c70ed,det-v1,1,fallback,1431,175,0.002,0.0000855500,true,false
call-001359,arm12b_cth_llm,cal/f4/s4100005/unreliable,19,meta-llama/llama-3.1-8b-instruct,sha256:eb1ee6fd4ba0865d7d3cb32272da1462fc3adb44cc43276b34fc1882027d1051,det-v1,2,fallback,1501,127,0.001,0.0000852100,true,false
call-001360,arm8_spec_immediate,cal/f4/s4100005/no_alert__twin,10,meta-llama/llama-3.1-8b-instruct,sha256:eabe7409c34eee9ce0e3848d15103cdda6bcfdd67110e4179ad94aac1de3eb43,det-v1,1,,1101,136,270.665,0.0000659300,false,true
call-001361,arm8_spec_immediate,cal/f4/s4100005/no_alert__twin,10,meta-llama/llama-3.1-8b-instruct,sha256:eabe7409c34eee9ce0e3848d15103cdda6bcfdd67110e4179ad94aac1de3eb43,det-v1,1,accepted,1101,136,270.665,0.0000659300,false,false
call-001362,arm10_spec_eprocess,cal/f4/s4100005/no_alert__twin,10,meta-llama/llama-3.1-8b-instruct,sha256:eabe7409c34eee9ce0e3848d15103cdda6bcfdd67110e4179ad94aac1de3eb43,det-v1,1,accepted,1101,136,0.002,0.0000659300,true,false
call-001363,arm12_cth,cal/f4/s4100005/no_alert__twin,10,meta-llama/llama-3.1-8b-instruct,sha256:eabe7409c34eee9ce0e3848d15103cdda6bcfdd67110e4179ad94aac1de3eb43,det-v1,1,accepted,1101,136,0.001,0.0000659300,true,false
call-001364,arm12b_cth_llm,cal/f4/s4100005/no_alert__twin,10,meta-llama/llama-3.1-8b-instruct,sha256:eabe7409c34eee9ce0e3848d15103cdda6bcfdd67110e4179ad94aac1de3eb43,det-v1,1,accepted,1101,136,0.002,0.0000659300,true,false
call-001365,arm8_spec_immediate,dev/f4/s4100006/early_accurate,13,meta-llama/llama-3.1-8b-instruct,sha256:0d3a0988865db33eed3a123582559f3c31d55f548ef573f0e261366e4a5353b1,det-v1,1,,1183,79,1140.930,0.0000654700,false,true
call-001366,arm8_spec_immediate,dev/f4/s4100006/early_accurate,13,meta-llama/llama-3.1-8b-instruct,sha256:0d3a0988865db33eed3a123582559f3c31d55f548ef573f0e261366e4a5353b1,det-v1,1,accepted,1183,79,1140.930,0.0000654700,false,false
call-001367,arm10_spec_eprocess,dev/f4/s4100006/early_accurate,13,meta-llama/llama-3.1-8b-instruct,sha256:0d3a0988865db33eed3a123582559f3c31d55f548ef573f0e261366e4a5353b1,det-v1,1,accepted,1183,79,0.002,0.0000654700,true,false
call-001368,arm12_cth,dev/f4/s4100006/early_accurate,13,meta-llama/llama-3.1-8b-instruct,sha256:0d3a0988865db33eed3a123582559f3c31d55f548ef573f0e261366e4a5353b1,det-v1,1,accepted,1183,79,0.002,0.0000654700,true,false
call-001369,arm12b_cth_llm,dev/f4/s4100006/early_accurate,13,meta-llama/llama-3.1-8b-instruct,sha256:0d3a0988865db33eed3a123582559f3c31d55f548ef573f0e261366e4a5353b1,det-v1,1,accepted,1183,79,0.002,0.0000654700,true,false
call-001370,arm8_spec_immediate,dev/f4/s4100006/late_accurate,16,meta-llama/llama-3.1-8b-instruct,sha256:7eaf3e01a3d558206628deabebd65d65f65688b66af8987f1d09395b0649d5cb,det-v1,1,,1318,119,276.814,0.0000754200,false,true
call-001371,arm8_spec_immediate,dev/f4/s4100006/late_accurate,16,meta-llama/llama-3.1-8b-instruct,sha256:7eaf3e01a3d558206628deabebd65d65f65688b66af8987f1d09395b0649d5cb,det-v1,1,accepted,1318,119,276.814,0.0000754200,false,false
call-001372,arm10_spec_eprocess,dev/f4/s4100006/late_accurate,16,meta-llama/llama-3.1-8b-instruct,sha256:7eaf3e01a3d558206628deabebd65d65f65688b66af8987f1d09395b0649d5cb,det-v1,1,accepted,1318,119,0.002,0.0000754200,true,false
call-001373,arm12_cth,dev/f4/s4100006/late_accurate,16,meta-llama/llama-3.1-8b-instruct,sha256:7eaf3e01a3d558206628deabebd65d65f65688b66af8987f1d09395b0649d5cb,det-v1,1,accepted,1318,119,0.002,0.0000754200,true,false
call-001374,arm12b_cth_llm,dev/f4/s4100006/late_accurate,16,meta-llama/llama-3.1-8b-instruct,sha256:7eaf3e01a3d558206628deabebd65d65f65688b66af8987f1d09395b0649d5cb,det-v1,1,accepted,1318,119,0.002,0.0000754200,true,false
call-001375,arm8_spec_immediate,dev/f4/s4100006/unreliable,13,meta-llama/llama-3.1-8b-instruct,sha256:59c28ade4f3e5e2b29b75149a76ee21fb44580b970b6ad935643bfeb071a5703,det-v1,1,,1194,146,301.244,0.0000713800,false,true
call-001376,arm8_spec_immediate,dev/f4/s4100006/unreliable,13,meta-llama/llama-3.1-8b-instruct,sha256:59c28ade4f3e5e2b29b75149a76ee21fb44580b970b6ad935643bfeb071a5703,det-v1,1,accepted,1194,146,301.244,0.0000713800,false,false
call-001377,arm10_spec_eprocess,dev/f4/s4100006/unreliable,13,meta-llama/llama-3.1-8b-instruct,sha256:59c28ade4f3e5e2b29b75149a76ee21fb44580b970b6ad935643bfeb071a5703,det-v1,1,accepted,1194,146,0.002,0.0000713800,true,false
call-001378,arm12_cth,dev/f4/s4100006/unreliable,13,meta-llama/llama-3.1-8b-instruct,sha256:59c28ade4f3e5e2b29b75149a76ee21fb44580b970b6ad935643bfeb071a5703,det-v1,1,accepted,1194,146,0.002,0.0000713800,true,false
call-001379,arm12b_cth_llm,dev/f4/s4100006/unreliable,13,meta-llama/llama-3.1-8b-instruct,sha256:59c28ade4f3e5e2b29b75149a76ee21fb44580b970b6ad935643bfeb071a5703,det-v1,1,accepted,1194,146,0.002,0.0000713800,true,false
call-001380,arm8_spec_immediate,dev/f4/s4100006/no_alert__twin,10,meta-llama/llama-3.1-8b-instruct,sha256:24acd719e3cf741347f6403843f11d44bf2101101ecdf98c28c84b4178e0aafd,det-v1,1,,1095,131,365.095,0.0000652300,false,true
call-001381,arm8_spec_immediate,dev/f4/s4100006/no_alert__twin,10,meta-llama/llama-3.1-8b-instruct,sha256:24acd719e3cf741347f6403843f11d44bf2101101ecdf98c28c84b4178e0aafd,det-v1,1,accepted,1095,131,365.095,0.0000652300,false,false
call-001382,arm10_spec_eprocess,dev/f4/s4100006/no_alert__twin,10,meta-llama/llama-3.1-8b-instruct,sha256:24acd719e3cf741347f6403843f11d44bf2101101ecdf98c28c84b4178e0aafd,det-v1,1,accepted,1095,131,0.002,0.0000652300,true,false
call-001383,arm12_cth,dev/f4/s4100006/no_alert__twin,10,meta-llama/llama-3.1-8b-instruct,sha256:24acd719e3cf741347f6403843f11d44bf2101101ecdf98c28c84b4178e0aafd,det-v1,1,accepted,1095,131,0.001,0.0000652300,true,false
call-001384,arm12b_cth_llm,dev/f4/s4100006/no_alert__twin,10,meta-llama/llama-3.1-8b-instruct,sha256:24acd719e3cf741347f6403843f11d44bf2101101ecdf98c28c84b4178e0aafd,det-v1,1,accepted,1095,131,0.002,0.0000652300,true,false
call-001385,arm8_spec_immediate,cal/f4/s4100007/early_accurate,18,meta-llama/llama-3.1-8b-instruct,sha256:f5d423969189c9b9b3777f91e0a497563158867ef03839131e6bba98359959da,det-v1,1,,1390,170,895.558,0.0000831000,false,true
call-001386,arm8_spec_immediate,cal/f4/s4100007/early_accurate,18,meta-llama/llama-3.1-8b-instruct,sha256:f5d423969189c9b9b3777f91e0a497563158867ef03839131e6bba98359959da,det-v1,1,fallback,1390,170,895.558,0.0000831000,false,false
call-001387,arm8_spec_immediate,cal/f4/s4100007/early_accurate,18,meta-llama/llama-3.1-8b-instruct,sha256:f4081b4cf9a939e105296726ab333031e4103c852494ea88a475a5dee30fdc60,det-v1,2,,1460,97,337.871,0.0000807600,false,true
call-001388,arm8_spec_immediate,cal/f4/s4100007/early_accurate,18,meta-llama/llama-3.1-8b-instruct,sha256:f4081b4cf9a939e105296726ab333031e4103c852494ea88a475a5dee30fdc60,det-v1,2,fallback,1460,97,337.871,0.0000807600,false,false
call-001389,arm10_spec_eprocess,cal/f4/s4100007/early_accurate,18,meta-llama/llama-3.1-8b-instruct,sha256:f5d423969189c9b9b3777f91e0a497563158867ef03839131e6bba98359959da,det-v1,1,fallback,1390,170,0.003,0.0000831000,true,false
call-001390,arm10_spec_eprocess,cal/f4/s4100007/early_accurate,18,meta-llama/llama-3.1-8b-instruct,sha256:f4081b4cf9a939e105296726ab333031e4103c852494ea88a475a5dee30fdc60,det-v1,2,fallback,1460,97,0.002,0.0000807600,true,false
call-001391,arm12_cth,cal/f4/s4100007/early_accurate,18,meta-llama/llama-3.1-8b-instruct,sha256:f5d423969189c9b9b3777f91e0a497563158867ef03839131e6bba98359959da,det-v1,1,fallback,1390,170,0.001,0.0000831000,true,false
call-001392,arm12_cth,cal/f4/s4100007/early_accurate,18,meta-llama/llama-3.1-8b-instruct,sha256:f4081b4cf9a939e105296726ab333031e4103c852494ea88a475a5dee30fdc60,det-v1,2,fallback,1460,97,0.001,0.0000807600,true,false
call-001393,arm12b_cth_llm,cal/f4/s4100007/early_accurate,18,meta-llama/llama-3.1-8b-instruct,sha256:f5d423969189c9b9b3777f91e0a497563158867ef03839131e6bba98359959da,det-v1,1,fallback,1390,170,0.002,0.0000831000,true,false
call-001394,arm12b_cth_llm,cal/f4/s4100007/early_accurate,18,meta-llama/llama-3.1-8b-instruct,sha256:f4081b4cf9a939e105296726ab333031e4103c852494ea88a475a5dee30fdc60,det-v1,2,fallback,1460,97,0.001,0.0000807600,true,false
call-001395,arm8_spec_immediate,cal/f4/s4100007/late_accurate,21,meta-llama/llama-3.1-8b-instruct,sha256:dcaa4ff97266f7efd5fafb1193b5fcad5c126b77a5a743283ad1926707f2c6ee,det-v1,1,,1501,186,365.362,0.0000899300,false,true
call-001396,arm8_spec_immediate,cal/f4/s4100007/late_accurate,21,meta-llama/llama-3.1-8b-instruct,sha256:dcaa4ff97266f7efd5fafb1193b5fcad5c126b77a5a743283ad1926707f2c6ee,det-v1,1,accepted,1501,186,365.362,0.0000899300,false,false
call-001397,arm10_spec_eprocess,cal/f4/s4100007/late_accurate,21,meta-llama/llama-3.1-8b-instruct,sha256:dcaa4ff97266f7efd5fafb1193b5fcad5c126b77a5a743283ad1926707f2c6ee,det-v1,1,accepted,1501,186,0.002,0.0000899300,true,false
call-001398,arm12_cth,cal/f4/s4100007/late_accurate,21,meta-llama/llama-3.1-8b-instruct,sha256:dcaa4ff97266f7efd5fafb1193b5fcad5c126b77a5a743283ad1926707f2c6ee,det-v1,1,accepted,1501,186,0.002,0.0000899300,true,false
call-001399,arm12b_cth_llm,cal/f4/s4100007/late_accurate,21,meta-llama/llama-3.1-8b-instruct,sha256:dcaa4ff97266f7efd5fafb1193b5fcad5c126b77a5a743283ad1926707f2c6ee,det-v1,1,accepted,1501,186,0.002,0.0000899300,true,false
call-001400,arm8_spec_immediate,cal/f4/s4100007/unreliable,18,meta-llama/llama-3.1-8b-instruct,sha256:657709750a6a5cdfd5872ae2dcf0c629342408f4131b30c57a92a9b452f46984,det-v1,1,,1393,175,374.369,0.0000836500,false,true
call-001401,arm8_spec_immediate,cal/f4/s4100007/unreliable,18,meta-llama/llama-3.1-8b-instruct,sha256:657709750a6a5cdfd5872ae2dcf0c629342408f4131b30c57a92a9b452f46984,det-v1,1,fallback,1393,175,374.369,0.0000836500,false,false
call-001402,arm8_spec_immediate,cal/f4/s4100007/unreliable,18,meta-llama/llama-3.1-8b-instruct,sha256:5220d86773d51c1927e7373a5e9938ad2d6b1dabc34efe2a4787675692b29cc3,det-v1,2,,1439,81,1292.292,0.0000784300,false,true
call-001403,arm8_spec_immediate,cal/f4/s4100007/unreliable,18,meta-llama/llama-3.1-8b-instruct,sha256:5220d86773d51c1927e7373a5e9938ad2d6b1dabc34efe2a4787675692b29cc3,det-v1,2,fallback,1439,81,1292.292,0.0000784300,false,false
call-001404,arm10_spec_eprocess,cal/f4/s4100007/unreliable,18,meta-llama/llama-3.1-8b-instruct,sha256:657709750a6a5cdfd5872ae2dcf0c629342408f4131b30c57a92a9b452f46984,det-v1,1,fallback,1393,175,0.003,0.0000836500,true,false
call-001405,arm10_spec_eprocess,cal/f4/s4100007/unreliable,18,meta-llama/llama-3.1-8b-instruct,sha256:5220d86773d51c1927e7373a5e9938ad2d6b1dabc34efe2a4787675692b29cc3,det-v1,2,fallback,1439,81,0.002,0.0000784300,true,false
call-001406,arm12_cth,cal/f4/s4100007/unreliable,18,meta-llama/llama-3.1-8b-instruct,sha256:657709750a6a5cdfd5872ae2dcf0c629342408f4131b30c57a92a9b452f46984,det-v1,1,fallback,1393,175,0.002,0.0000836500,true,false
call-001407,arm12_cth,cal/f4/s4100007/unreliable,18,meta-llama/llama-3.1-8b-instruct,sha256:5220d86773d51c1927e7373a5e9938ad2d6b1dabc34efe2a4787675692b29cc3,det-v1,2,fallback,1439,81,0.001,0.0000784300,true,false
call-001408,arm12b_cth_llm,cal/f4/s4100007/unreliable,18,meta-llama/llama-3.1-8b-instruct,sha256:657709750a6a5cdfd5872ae2dcf0c629342408f4131b30c57a92a9b452f46984,det-v1,1,fallback,1393,175,0.002,0.0000836500,true,false
call-001409,arm12b_cth_llm,cal/f4/s4100007/unreliable,18,meta-llama/llama-3.1-8b-instruct,sha256:5220d86773d51c1927e7373a5e9938ad2d6b1dabc34efe2a4787675692b29cc3,det-v1,2,fallback,1439,81,0.001,0.0000784300,true,false
call-001410,arm8_spec_immediate,dev/f5/s5100000/early_accurate,21,meta-llama/llama-3.1-8b-instruct,sha256:186a14eea6359ce4373037319cf6860522b9a157761b29d64601b3f841e0d10c,det-v1,1,,1483,85,1155.138,0.0000809500,false,true
call-001411,arm8_spec_immediate,dev/f5/s5100000/early_accurate,21,meta-llama/llama-3.1-8b-instruct,sha256:186a14eea6359ce4373037319cf6860522b9a157761b29d64601b3f841e0d10c,det-v1,1,fallback,1483,85,1155.138,0.0000809500,false,false
call-001412,arm8_spec_immediate,dev/f5/s5100000/early_accurate,21,meta-llama/llama-3.1-8b-instruct,sha256:412c1a72c01912c25a21811ec5ac784a297de74b275b05a00b1c4cf858560d53,det-v1,2,,1577,84,306.910,0.0000855700,false,true
call-001413,arm8_spec_immediate,dev/f5/s5100000/early_accurate,21,meta-llama/llama-3.1-8b-instruct,sha256:412c1a72c01912c25a21811ec5ac784a297de74b275b05a00b1c4cf858560d53,det-v1,2,fallback,1577,84,306.910,0.0000855700,false,false
call-001414,arm10_spec_eprocess,dev/f5/s5100000/early_accurate,21,meta-llama/llama-3.1-8b-instruct,sha256:186a14eea6359ce4373037319cf6860522b9a157761b29d64601b3f841e0d10c,det-v1,1,fallback,1483,85,0.002,0.0000809500,true,false
call-001415,arm10_spec_eprocess,dev/f5/s5100000/early_accurate,21,meta-llama/llama-3.1-8b-instruct,sha256:412c1a72c01912c25a21811ec5ac784a297de74b275b05a00b1c4cf858560d53,det-v1,2,fallback,1577,84,0.002,0.0000855700,true,false
call-001416,arm12_cth,dev/f5/s5100000/early_accurate,21,meta-llama/llama-3.1-8b-instruct,sha256:186a14eea6359ce4373037319cf6860522b9a157761b29d64601b3f841e0d10c,det-v1,1,fallback,1483,85,0.002,0.0000809500,true,false
call-001417,arm12_cth,dev/f5/s5100000/early_accurate,21,meta-llama/llama-3.1-8b-instruct,sha256:412c1a72c01912c25a21811ec5ac784a297de74b275b05a00b1c4cf858560d53,det-v1,2,fallback,1577,84,0.001,0.0000855700,true,false
call-001418,arm12b_cth_llm,dev/f5/s5100000/early_accurate,21,meta-llama/llama-3.1-8b-instruct,sha256:186a14eea6359ce4373037319cf6860522b9a157761b29d64601b3f841e0d10c,det-v1,1,fallback,1483,85,0.002,0.0000809500,true,false
call-001419,arm12b_cth_llm,dev/f5/s5100000/early_accurate,21,meta-llama/llama-3.1-8b-instruct,sha256:412c1a72c01912c25a21811ec5ac784a297de74b275b05a00b1c4cf858560d53,det-v1,2,fallback,1577,84,0.001,0.0000855700,true,false
call-001420,arm8_spec_immediate,dev/f5/s5100000/late_accurate,24,meta-llama/llama-3.1-8b-instruct,sha256:a6e72e2c1383f1b42b46712f117d73e4f65919b4fbf1a774622ba0efc9f23dc0,det-v1,1,,1618,84,595.071,0.0000876200,false,true
call-001421,arm8_spec_immediate,dev/f5/s5100000/late_accurate,24,meta-llama/llama-3.1-8b-instruct,sha256:a6e72e2c1383f1b42b46712f117d73e4f65919b4fbf1a774622ba0efc9f23dc0,det-v1,1,fallback,1618,84,595.071,0.0000876200,false,false
call-001422,arm8_spec_immediate,dev/f5/s5100000/late_accurate,24,meta-llama/llama-3.1-8b-instruct,sha256:8a346fd44f762ce100e98f0f4b58618c5b2a00599815b0bdcec60497c43f2f6c,det-v1,2,,1688,84,411.576,0.0000911200,false,true
call-001423,arm8_spec_immediate,dev/f5/s5100000/late_accurate,24,meta-llama/llama-3.1-8b-instruct,sha256:8a346fd44f762ce100e98f0f4b58618c5b2a00599815b0bdcec60497c43f2f6c,det-v1,2,fallback,1688,84,411.576,0.0000911200,false,false
call-001424,arm10_spec_eprocess,dev/f5/s5100000/late_accurate,24,meta-llama/llama-3.1-8b-instruct,sha256:a6e72e2c1383f1b42b46712f117d73e4f65919b4fbf1a774622ba0efc9f23dc0,det-v1,1,fallback,1618,84,0.004,0.0000876200,true,false
call-001425,arm10_spec_eprocess,dev/f5/s5100000/late_accurate,24,meta-llama/llama-3.1-8b-instruct,sha256:8a346fd44f762ce100e98f0f4b58618c5b2a00599815b0bdcec60497c43f2f6c,det-v1,2,fallback,1688,84,0.003,0.0000911200,true,false
call-001426,arm12_cth,dev/f5/s5100000/late_accurate,24,meta-llama/llama-3.1-8b-instruct,sha256:a6e72e2c1383f1b42b46712f117d73e4f65919b4fbf1a774622ba0efc9f23dc0,det-v1,1,fallback,1618,84,0.002,0.0000876200,true,false
call-001427,arm12_cth,dev/f5/s5100000/late_accurate,24,meta-llama/llama-3.1-8b-instruct,sha256:8a346fd44f762ce100e98f0f4b58618c5b2a00599815b0bdcec60497c43f2f6c,det-v1,2,fallback,1688,84,0.001,0.0000911200,true,false
call-001428,arm12b_cth_llm,dev/f5/s5100000/late_accurate,24,meta-llama/llama-3.1-8b-instruct,sha256:a6e72e2c1383f1b42b46712f117d73e4f65919b4fbf1a774622ba0efc9f23dc0,det-v1,1,fallback,1618,84,0.002,0.0000876200,true,false
call-001429,arm12b_cth_llm,dev/f5/s5100000/late_accurate,24,meta-llama/llama-3.1-8b-instruct,sha256:8a346fd44f762ce100e98f0f4b58618c5b2a00599815b0bdcec60497c43f2f6c,det-v1,2,fallback,1688,84,0.001,0.0000911200,true,false
call-001430,arm8_spec_immediate,dev/f5/s5100000/unreliable,21,meta-llama/llama-3.1-8b-instruct,sha256:22757a84a7c2a0b5eb6acde4b9ddcfd0193b491815f21e613bd30cfc481eab97,det-v1,1,,1487,186,423.967,0.0000892300,false,true
call-001431,arm8_spec_immediate,dev/f5/s5100000/unreliable,21,meta-llama/llama-3.1-8b-instruct,sha256:22757a84a7c2a0b5eb6acde4b9ddcfd0193b491815f21e613bd30cfc481eab97,det-v1,1,accepted,1487,186,423.967,0.0000892300,false,false
call-001432,arm10_spec_eprocess,dev/f5/s5100000/unreliable,21,meta-llama/llama-3.1-8b-instruct,sha256:22757a84a7c2a0b5eb6acde4b9ddcfd0193b491815f21e613bd30cfc481eab97,det-v1,1,accepted,1487,186,0.002,0.0000892300,true,false
call-001433,arm12_cth,dev/f5/s5100000/unreliable,21,meta-llama/llama-3.1-8b-instruct,sha256:22757a84a7c2a0b5eb6acde4b9ddcfd0193b491815f21e613bd30cfc481eab97,det-v1,1,accepted,1487,186,0.002,0.0000892300,true,false
call-001434,arm12b_cth_llm,dev/f5/s5100000/unreliable,21,meta-llama/llama-3.1-8b-instruct,sha256:22757a84a7c2a0b5eb6acde4b9ddcfd0193b491815f21e613bd30cfc481eab97,det-v1,1,accepted,1487,186,0.002,0.0000892300,true,false
call-001435,arm8_spec_immediate,cal/f5/s5100001/early_accurate,20,meta-llama/llama-3.1-8b-instruct,sha256:4a4eafe890a3a173575192c8ff5be230bee9a25553b3c5034753376f5e7d09d8,det-v1,1,,1465,185,494.117,0.0000880500,false,true
call-001436,arm8_spec_immediate,cal/f5/s5100001/early_accurate,20,meta-llama/llama-3.1-8b-instruct,sha256:4a4eafe890a3a173575192c8ff5be230bee9a25553b3c5034753376f5e7d09d8,det-v1,1,fallback,1465,185,494.117,0.0000880500,false,false
call-001437,arm8_spec_immediate,cal/f5/s5100001/early_accurate,20,meta-llama/llama-3.1-8b-instruct,sha256:359d0b474fc197a2c38c666e451439d47963a2133fca1a3f0c569abd3d49a693,det-v1,2,,1535,122,346.452,0.0000865100,false,true
call-001438,arm8_spec_immediate,cal/f5/s5100001/early_accurate,20,meta-llama/llama-3.1-8b-instruct,sha256:359d0b474fc197a2c38c666e451439d47963a2133fca1a3f0c569abd3d49a693,det-v1,2,fallback,1535,122,346.452,0.0000865100,false,false
call-001439,arm10_spec_eprocess,cal/f5/s5100001/early_accurate,20,meta-llama/llama-3.1-8b-instruct,sha256:4a4eafe890a3a173575192c8ff5be230bee9a25553b3c5034753376f5e7d09d8,det-v1,1,fallback,1465,185,0.004,0.0000880500,true,false
call-001440,arm10_spec_eprocess,cal/f5/s5100001/early_accurate,20,meta-llama/llama-3.1-8b-instruct,sha256:359d0b474fc197a2c38c666e451439d47963a2133fca1a3f0c569abd3d49a693,det-v1,2,fallback,1535,122,0.003,0.0000865100,true,false
call-001441,arm12_cth,cal/f5/s5100001/early_accurate,20,meta-llama/llama-3.1-8b-instruct,sha256:4a4eafe890a3a173575192c8ff5be230bee9a25553b3c5034753376f5e7d09d8,det-v1,1,fallback,1465,185,0.002,0.0000880500,true,false
call-001442,arm12_cth,cal/f5/s5100001/early_accurate,20,meta-llama/llama-3.1-8b-instruct,sha256:359d0b474fc197a2c38c666e451439d47963a2133fca1a3f0c569abd3d49a693,det-v1,2,fallback,1535,122,0.001,0.0000865100,true,false
call-001443,arm12b_cth_llm,cal/f5/s5100001/early_accurate,20,meta-llama/llama-3.1-8b-instruct,sha256:4a4eafe890a3a173575192c8ff5be230bee9a25553b3c5034753376f5e7d09d8,det-v1,1,fallback,1465,185,0.002,0.0000880500,true,false
call-001444,arm12b_cth_llm,cal/f5/s5100001/early_accurate,20,meta-llama/llama-3.1-8b-instruct,sha256:359d0b474fc197a2c38c666e451439d47963a2133fca1a3f0c569abd3d49a693,det-v1,2,fallback,1535,122,0.001,0.0000865100,true,false
call-001445,arm8_spec_immediate,cal/f5/s5100001/late_accurate,23,meta-llama/llama-3.1-8b-instruct,sha256:32cdfb37c45428d4ff0368506ba8a4f2f9f3fd6b9181e4a6c5e9fbf56e9084d9,det-v1,1,,1576,201,752.072,0.0000948800,false,true
call-001446,arm8_spec_immediate,cal/f5/s5100001/late_accurate,23,meta-llama/llama-3.1-8b-instruct,sha256:32cdfb37c45428d4ff0368506ba8a4f2f9f3fd6b9181e4a6c5e9fbf56e9084d9,det-v1,1,accepted,1576,201,752.072,0.0000948800,false,false
call-001447,arm10_spec_eprocess,cal/f5/s5100001/late_accurate,23,meta-llama/llama-3.1-8b-instruct,sha256:32cdfb37c45428d4ff0368506ba8a4f2f9f3fd6b9181e4a6c5e9fbf56e9084d9,det-v1,1,accepted,1576,201,0.002,0.0000948800,true,false
call-001448,arm12_cth,cal/f5/s5100001/late_accurate,23,meta-llama/llama-3.1-8b-instruct,sha256:32cdfb37c45428d4ff0368506ba8a4f2f9f3fd6b9181e4a6c5e9fbf56e9084d9,det-v1,1,accepted,1576,201,0.001,0.0000948800,true,false
call-001449,arm12b_cth_llm,cal/f5/s5100001/late_accurate,23,meta-llama/llama-3.1-8b-instruct,sha256:32cdfb37c45428d4ff0368506ba8a4f2f9f3fd6b9181e4a6c5e9fbf56e9084d9,det-v1,1,accepted,1576,201,0.002,0.0000948800,true,false
call-001450,arm8_spec_immediate,cal/f5/s5100001/unreliable,20,meta-llama/llama-3.1-8b-instruct,sha256:13840fb8b17f0aa613664341aeae0ebd9005bf4da98d832526b1aa8d0dce5c70,det-v1,1,,1468,185,502.277,0.0000882000,false,true
call-001451,arm8_spec_immediate,cal/f5/s5100001/unreliable,20,meta-llama/llama-3.1-8b-instruct,sha256:13840fb8b17f0aa613664341aeae0ebd9005bf4da98d832526b1aa8d0dce5c70,det-v1,1,fallback,1468,185,502.277,0.0000882000,false,false
call-001452,arm8_spec_immediate,cal/f5/s5100001/unreliable,20,meta-llama/llama-3.1-8b-instruct,sha256:1f7ab945ca93f7138d1e6e4509b946cbae32d280fbaac7a5fad0e17242b64f2d,det-v1,2,,1538,126,307.868,0.0000869800,false,true
call-001453,arm8_spec_immediate,cal/f5/s5100001/unreliable,20,meta-llama/llama-3.1-8b-instruct,sha256:1f7ab945ca93f7138d1e6e4509b946cbae32d280fbaac7a5fad0e17242b64f2d,det-v1,2,fallback,1538,126,307.868,0.0000869800,false,false
call-001454,arm10_spec_eprocess,cal/f5/s5100001/unreliable,20,meta-llama/llama-3.1-8b-instruct,sha256:13840fb8b17f0aa613664341aeae0ebd9005bf4da98d832526b1aa8d0dce5c70,det-v1,1,fallback,1468,185,0.003,0.0000882000,true,false
call-001455,arm10_spec_eprocess,cal/f5/s5100001/unreliable,20,meta-llama/llama-3.1-8b-instruct,sha256:1f7ab945ca93f7138d1e6e4509b946cbae32d280fbaac7a5fad0e17242b64f2d,det-v1,2,fallback,1538,126,0.002,0.0000869800,true,false
call-001456,arm12_cth,cal/f5/s5100001/unreliable,20,meta-llama/llama-3.1-8b-instruct,sha256:13840fb8b17f0aa613664341aeae0ebd9005bf4da98d832526b1aa8d0dce5c70,det-v1,1,fallback,1468,185,0.002,0.0000882000,true,false
call-001457,arm12_cth,cal/f5/s5100001/unreliable,20,meta-llama/llama-3.1-8b-instruct,sha256:1f7ab945ca93f7138d1e6e4509b946cbae32d280fbaac7a5fad0e17242b64f2d,det-v1,2,fallback,1538,126,0.001,0.0000869800,true,false
call-001458,arm12b_cth_llm,cal/f5/s5100001/unreliable,20,meta-llama/llama-3.1-8b-instruct,sha256:13840fb8b17f0aa613664341aeae0ebd9005bf4da98d832526b1aa8d0dce5c70,det-v1,1,fallback,1468,185,0.002,0.0000882000,true,false
call-001459,arm12b_cth_llm,cal/f5/s5100001/unreliable,20,meta-llama/llama-3.1-8b-instruct,sha256:1f7ab945ca93f7138d1e6e4509b946cbae32d280fbaac7a5fad0e17242b64f2d,det-v1,2,fallback,1538,126,0.001,0.0000869800,true,false
call-001460,arm8_spec_immediate,cal/f5/s5100001/no_alert__twin,10,meta-llama/llama-3.1-8b-instruct,sha256:be8b2c378f8636a5a4c5ccea6224850a7075467cb3d9f05adbf06d1383e1eb57,det-v1,1,,1096,131,407.408,0.0000652800,false,true
call-001461,arm8_spec_immediate,cal/f5/s5100001/no_alert__twin,10,meta-llama/llama-3.1-8b-instruct,sha256:be8b2c378f8636a5a4c5ccea6224850a7075467cb3d9f05adbf06d1383e1eb57,det-v1,1,accepted,1096,131,407.408,0.0000652800,false,false
call-001462,arm10_spec_eprocess,cal/f5/s5100001/no_alert__twin,10,meta-llama/llama-3.1-8b-instruct,sha256:be8b2c378f8636a5a4c5ccea6224850a7075467cb3d9f05adbf06d1383e1eb57,det-v1,1,accepted,1096,131,0.002,0.0000652800,true,false
call-001463,arm12_cth,cal/f5/s5100001/no_alert__twin,10,meta-llama/llama-3.1-8b-instruct,sha256:be8b2c378f8636a5a4c5ccea6224850a7075467cb3d9f05adbf06d1383e1eb57,det-v1,1,accepted,1096,131,0.002,0.0000652800,true,false
call-001464,arm12b_cth_llm,cal/f5/s5100001/no_alert__twin,10,meta-llama/llama-3.1-8b-instruct,sha256:be8b2c378f8636a5a4c5ccea6224850a7075467cb3d9f05adbf06d1383e1eb57,det-v1,1,accepted,1096,131,0.002,0.0000652800,true,false
call-001465,arm8_spec_immediate,dev/f5/s5100002/early_accurate,17,meta-llama/llama-3.1-8b-instruct,sha256:a9a308f4956d476b5564980c81d67abfc741e6489d935026738a726599c310e5,det-v1,1,,1350,102,355.349,0.0000756600,false,true
call-001466,arm8_spec_immediate,dev/f5/s5100002/early_accurate,17,meta-llama/llama-3.1-8b-instruct,sha256:a9a308f4956d476b5564980c81d67abfc741e6489d935026738a726599c310e5,det-v1,1,accepted,1350,102,355.349,0.0000756600,false,false
call-001467,arm10_spec_eprocess,dev/f5/s5100002/early_accurate,17,meta-llama/llama-3.1-8b-instruct,sha256:a9a308f4956d476b5564980c81d67abfc741e6489d935026738a726599c310e5,det-v1,1,accepted,1350,102,0.002,0.0000756600,true,false
call-001468,arm12_cth,dev/f5/s5100002/early_accurate,17,meta-llama/llama-3.1-8b-instruct,sha256:a9a308f4956d476b5564980c81d67abfc741e6489d935026738a726599c310e5,det-v1,1,accepted,1350,102,0.002,0.0000756600,true,false
call-001469,arm12b_cth_llm,dev/f5/s5100002/early_accurate,17,meta-llama/llama-3.1-8b-instruct,sha256:a9a308f4956d476b5564980c81d67abfc741e6489d935026738a726599c310e5,det-v1,1,accepted,1350,102,0.002,0.0000756600,true,false
call-001470,arm8_spec_immediate,dev/f5/s5100002/late_accurate,20,meta-llama/llama-3.1-8b-instruct,sha256:0aeed014728d1960f6220ffee6212ca88b4386936c8447c2a74c49919a0691a0,det-v1,1,,1461,159,974.701,0.0000857700,false,true
call-001471,arm8_spec_immediate,dev/f5/s5100002/late_accurate,20,meta-llama/llama-3.1-8b-instruct,sha256:0aeed014728d1960f6220ffee6212ca88b4386936c8447c2a74c49919a0691a0,det-v1,1,fallback,1461,159,974.701,0.0000857700,false,false
call-001472,arm8_spec_immediate,dev/f5/s5100002/late_accurate,20,meta-llama/llama-3.1-8b-instruct,sha256:417277b1f5adc8259cecf331e879080e398441b7a5bb433d5b1cad20be51870f,det-v1,2,,1531,84,571.099,0.0000832700,false,true
call-001473,arm8_spec_immediate,dev/f5/s5100002/late_accurate,20,meta-llama/llama-3.1-8b-instruct,sha256:417277b1f5adc8259cecf331e879080e398441b7a5bb433d5b1cad20be51870f,det-v1,2,fallback,1531,84,571.099,0.0000832700,false,false
call-001474,arm10_spec_eprocess,dev/f5/s5100002/late_accurate,20,meta-llama/llama-3.1-8b-instruct,sha256:0aeed014728d1960f6220ffee6212ca88b4386936c8447c2a74c49919a0691a0,det-v1,1,fallback,1461,159,0.004,0.0000857700,true,false
call-001475,arm10_spec_eprocess,dev/f5/s5100002/late_accurate,20,meta-llama/llama-3.1-8b-instruct,sha256:417277b1f5adc8259cecf331e879080e398441b7a5bb433d5b1cad20be51870f,det-v1,2,fallback,1531,84,0.003,0.0000832700,true,false
call-001476,arm12_cth,dev/f5/s5100002/late_accurate,20,meta-llama/llama-3.1-8b-instruct,sha256:0aeed014728d1960f6220ffee6212ca88b4386936c8447c2a74c49919a0691a0,det-v1,1,fallback,1461,159,0.002,0.0000857700,true,false
call-001477,arm12_cth,dev/f5/s5100002/late_accurate,20,meta-llama/llama-3.1-8b-instruct,sha256:417277b1f5adc8259cecf331e879080e398441b7a5bb433d5b1cad20be51870f,det-v1,2,fallback,1531,84,0.001,0.0000832700,true,false
call-001478,arm12b_cth_llm,dev/f5/s5100002/late_accurate,20,meta-llama/llama-3.1-8b-instruct,sha256:0aeed014728d1960f6220ffee6212ca88b4386936c8447c2a74c49919a0691a0,det-v1,1,fallback,1461,159,0.002,0.0000857700,true,false
call-001479,arm12b_cth_llm,dev/f5/s5100002/late_accurate,20,meta-llama/llama-3.1-8b-instruct,sha256:417277b1f5adc8259cecf331e879080e398441b7a5bb433d5b1cad20be51870f,det-v1,2,fallback,1531,84,0.001,0.0000832700,true,false
call-001480,arm8_spec_immediate,dev/f5/s5100002/unreliable,17,meta-llama/llama-3.1-8b-instruct,sha256:e95dd3cfefb2c2b53238e7827f7782c2188fdb03424a8d26a337b97d62d7b60d,det-v1,1,,1357,106,416.976,0.0000763300,false,true
call-001481,arm8_spec_immediate,dev/f5/s5100002/unreliable,17,meta-llama/llama-3.1-8b-instruct,sha256:e95dd3cfefb2c2b53238e7827f7782c2188fdb03424a8d26a337b97d62d7b60d,det-v1,1,accepted,1357,106,416.976,0.0000763300,false,false
call-001482,arm10_spec_eprocess,dev/f5/s5100002/unreliable,17,meta-llama/llama-3.1-8b-instruct,sha256:e95dd3cfefb2c2b53238e7827f7782c2188fdb03424a8d26a337b97d62d7b60d,det-v1,1,accepted,1357,106,0.001,0.0000763300,true,false
call-001483,arm12_cth,dev/f5/s5100002/unreliable,17,meta-llama/llama-3.1-8b-instruct,sha256:e95dd3cfefb2c2b53238e7827f7782c2188fdb03424a8d26a337b97d62d7b60d,det-v1,1,accepted,1357,106,0.002,0.0000763300,true,false
call-001484,arm12b_cth_llm,dev/f5/s5100002/unreliable,17,meta-llama/llama-3.1-8b-instruct,sha256:e95dd3cfefb2c2b53238e7827f7782c2188fdb03424a8d26a337b97d62d7b60d,det-v1,1,accepted,1357,106,0.002,0.0000763300,true,false
call-001485,arm8_spec_immediate,dev/f5/s5100002/no_alert__twin,10,meta-llama/llama-3.1-8b-instruct,sha256:63bc105051f6f19491f3effb16578cb1c90b7e74c10650e809aedc0848973fd0,det-v1,1,,1096,131,320.900,0.0000652800,false,true
call-001486,arm8_spec_immediate,dev/f5/s5100002/no_alert__twin,10,meta-llama/llama-3.1-8b-instruct,sha256:63bc105051f6f19491f3effb16578cb1c90b7e74c10650e809aedc0848973fd0,det-v1,1,accepted,1096,131,320.900,0.0000652800,false,false
call-001487,arm10_spec_eprocess,dev/f5/s5100002/no_alert__twin,10,meta-llama/llama-3.1-8b-instruct,sha256:63bc105051f6f19491f3effb16578cb1c90b7e74c10650e809aedc0848973fd0,det-v1,1,accepted,1096,131,0.002,0.0000652800,true,false
call-001488,arm12_cth,dev/f5/s5100002/no_alert__twin,10,meta-llama/llama-3.1-8b-instruct,sha256:63bc105051f6f19491f3effb16578cb1c90b7e74c10650e809aedc0848973fd0,det-v1,1,accepted,1096,131,0.002,0.0000652800,true,false
call-001489,arm12b_cth_llm,dev/f5/s5100002/no_alert__twin,10,meta-llama/llama-3.1-8b-instruct,sha256:63bc105051f6f19491f3effb16578cb1c90b7e74c10650e809aedc0848973fd0,det-v1,1,accepted,1096,131,0.002,0.0000652800,true,false
call-001490,arm8_spec_immediate,cal/f5/s5100003/early_accurate,20,meta-llama/llama-3.1-8b-instruct,sha256:f011e8c521d2db9950151fd7a9ed2b12bd5d39a53666da6351995a036e8a792c,det-v1,1,,1460,159,387.351,0.0000857200,false,true
call-001491,arm8_spec_immediate,cal/f5/s5100003/early_accurate,20,meta-llama/llama-3.1-8b-instruct,sha256:f011e8c521d2db9950151fd7a9ed2b12bd5d39a53666da6351995a036e8a792c,det-v1,1,fallback,1460,159,387.351,0.0000857200,false,false
call-001492,arm8_spec_immediate,cal/f5/s5100003/early_accurate,20,meta-llama/llama-3.1-8b-instruct,sha256:f92ea8eb79413dd2e9bfa22088f22714d1d17e2c450b28bcfeca7d0452287932,det-v1,2,,1530,169,447.409,0.0000900200,false,true
call-001493,arm8_spec_immediate,cal/f5/s5100003/early_accurate,20,meta-llama/llama-3.1-8b-instruct,sha256:f92ea8eb79413dd2e9bfa22088f22714d1d17e2c450b28bcfeca7d0452287932,det-v1,2,fallback,1530,169,447.409,0.0000900200,false,false
call-001494,arm10_spec_eprocess,cal/f5/s5100003/early_accurate,20,meta-llama/llama-3.1-8b-instruct,sha256:f011e8c521d2db9950151fd7a9ed2b12bd5d39a53666da6351995a036e8a792c,det-v1,1,fallback,1460,159,0.003,0.0000857200,true,false
call-001495,arm10_spec_eprocess,cal/f5/s5100003/early_accurate,20,meta-llama/llama-3.1-8b-instruct,sha256:f92ea8eb79413dd2e9bfa22088f22714d1d17e2c450b28bcfeca7d0452287932,det-v1,2,fallback,1530,169,0.002,0.0000900200,true,false
call-001496,arm12_cth,cal/f5/s5100003/early_accurate,20,meta-llama/llama-3.1-8b-instruct,sha256:f011e8c521d2db9950151fd7a9ed2b12bd5d39a53666da6351995a036e8a792c,det-v1,1,fallback,1460,159,0.002,0.0000857200,true,false
call-001497,arm12_cth,cal/f5/s5100003/early_accurate,20,meta-llama/llama-3.1-8b-instruct,sha256:f92ea8eb79413dd2e9bfa22088f22714d1d17e2c450b28bcfeca7d0452287932,det-v1,2,fallback,1530,169,0.001,0.0000900200,true,false
call-001498,arm12b_cth_llm,cal/f5/s5100003/early_accurate,20,meta-llama/llama-3.1-8b-instruct,sha256:f011e8c521d2db9950151fd7a9ed2b12bd5d39a53666da6351995a036e8a792c,det-v1,1,fallback,1460,159,0.002,0.0000857200,true,false
call-001499,arm12b_cth_llm,cal/f5/s5100003/early_accurate,20,meta-llama/llama-3.1-8b-instruct,sha256:f92ea8eb79413dd2e9bfa22088f22714d1d17e2c450b28bcfeca7d0452287932,det-v1,2,fallback,1530,169,0.001,0.0000900200,true,false
call-001500,arm8_spec_immediate,cal/f5/s5100003/late_accurate,23,meta-llama/llama-3.1-8b-instruct,sha256:6ea4058c755306f17f1840fcae6fdf8e53f3e18c5dcd5ba447f8ec7d29bf990d,det-v1,1,,1571,101,368.344,0.0000866300,false,true
call-001501,arm8_spec_immediate,cal/f5/s5100003/late_accurate,23,meta-llama/llama-3.1-8b-instruct,sha256:6ea4058c755306f17f1840fcae6fdf8e53f3e18c5dcd5ba447f8ec7d29bf990d,det-v1,1,accepted,1571,101,368.344,0.0000866300,false,false
call-001502,arm10_spec_eprocess,cal/f5/s5100003/late_accurate,23,meta-llama/llama-3.1-8b-instruct,sha256:6ea4058c755306f17f1840fcae6fdf8e53f3e18c5dcd5ba447f8ec7d29bf990d,det-v1,1,accepted,1571,101,0.002,0.0000866300,true,false
call-001503,arm12_cth,cal/f5/s5100003/late_accurate,23,meta-llama/llama-3.1-8b-instruct,sha256:6ea4058c755306f17f1840fcae6fdf8e53f3e18c5dcd5ba447f8ec7d29bf990d,det-v1,1,accepted,1571,101,0.002,0.0000866300,true,false
call-001504,arm12b_cth_llm,cal/f5/s5100003/late_accurate,23,meta-llama/llama-3.1-8b-instruct,sha256:6ea4058c755306f17f1840fcae6fdf8e53f3e18c5dcd5ba447f8ec7d29bf990d,det-v1,1,accepted,1571,101,0.003,0.0000866300,true,false
call-001505,arm8_spec_immediate,cal/f5/s5100003/unreliable,20,meta-llama/llama-3.1-8b-instruct,sha256:a1b29dc3ae7cabc49974913ddfe9e011330751815f64684fc1ad6757a10b6b0c,det-v1,1,,1466,100,335.332,0.0000813000,false,true
call-001506,arm8_spec_immediate,cal/f5/s5100003/unreliable,20,meta-llama/llama-3.1-8b-instruct,sha256:a1b29dc3ae7cabc49974913ddfe9e011330751815f64684fc1ad6757a10b6b0c,det-v1,1,fallback,1466,100,335.332,0.0000813000,false,false
call-001507,arm8_spec_immediate,cal/f5/s5100003/unreliable,20,meta-llama/llama-3.1-8b-instruct,sha256:c1ab5e212ba70cbfbdb59a78faad71e016cf7859472969171190ac798e76b5a5,det-v1,2,,1536,98,349.424,0.0000846400,false,true
call-001508,arm8_spec_immediate,cal/f5/s5100003/unreliable,20,meta-llama/llama-3.1-8b-instruct,sha256:c1ab5e212ba70cbfbdb59a78faad71e016cf7859472969171190ac798e76b5a5,det-v1,2,fallback,1536,98,349.424,0.0000846400,false,false
call-001509,arm10_spec_eprocess,cal/f5/s5100003/unreliable,20,meta-llama/llama-3.1-8b-instruct,sha256:a1b29dc3ae7cabc49974913ddfe9e011330751815f64684fc1ad6757a10b6b0c,det-v1,1,fallback,1466,100,0.004,0.0000813000,true,false
call-001510,arm10_spec_eprocess,cal/f5/s5100003/unreliable,20,meta-llama/llama-3.1-8b-instruct,sha256:c1ab5e212ba70cbfbdb59a78faad71e016cf7859472969171190ac798e76b5a5,det-v1,2,fallback,1536,98,0.002,0.0000846400,true,false
call-001511,arm12_cth,cal/f5/s5100003/unreliable,20,meta-llama/llama-3.1-8b-instruct,sha256:a1b29dc3ae7cabc49974913ddfe9e011330751815f64684fc1ad6757a10b6b0c,det-v1,1,fallback,1466,100,0.002,0.0000813000,true,false
call-001512,arm12_cth,cal/f5/s5100003/unreliable,20,meta-llama/llama-3.1-8b-instruct,sha256:c1ab5e212ba70cbfbdb59a78faad71e016cf7859472969171190ac798e76b5a5,det-v1,2,fallback,1536,98,0.001,0.0000846400,true,false
call-001513,arm12b_cth_llm,cal/f5/s5100003/unreliable,20,meta-llama/llama-3.1-8b-instruct,sha256:a1b29dc3ae7cabc49974913ddfe9e011330751815f64684fc1ad6757a10b6b0c,det-v1,1,fallback,1466,100,0.002,0.0000813000,true,false
call-001514,arm12b_cth_llm,cal/f5/s5100003/unreliable,20,meta-llama/llama-3.1-8b-instruct,sha256:c1ab5e212ba70cbfbdb59a78faad71e016cf7859472969171190ac798e76b5a5,det-v1,2,fallback,1536,98,0.001,0.0000846400,true,false
call-001515,arm8_spec_immediate,dev/f5/s5100004/early_accurate,14,meta-llama/llama-3.1-8b-instruct,sha256:c19a527e2ab044d8ca7e3456dbda36cbbbd7ce0000061cf0107a2b832d472900,det-v1,1,,1243,151,467.899,0.0000742300,false,true
call-001516,arm8_spec_immediate,dev/f5/s5100004/early_accurate,14,meta-llama/llama-3.1-8b-instruct,sha256:c19a527e2ab044d8ca7e3456dbda36cbbbd7ce0000061cf0107a2b832d472900,det-v1,1,accepted,1243,151,467.899,0.0000742300,false,false
call-001517,arm10_spec_eprocess,dev/f5/s5100004/early_accurate,14,meta-llama/llama-3.1-8b-instruct,sha256:c19a527e2ab044d8ca7e3456dbda36cbbbd7ce0000061cf0107a2b832d472900,det-v1,1,accepted,1243,151,0.002,0.0000742300,true,false
call-001518,arm12_cth,dev/f5/s5100004/early_accurate,14,meta-llama/llama-3.1-8b-instruct,sha256:c19a527e2ab044d8ca7e3456dbda36cbbbd7ce0000061cf0107a2b832d472900,det-v1,1,accepted,1243,151,0.001,0.0000742300,true,false
call-001519,arm12b_cth_llm,dev/f5/s5100004/early_accurate,14,meta-llama/llama-3.1-8b-instruct,sha256:c19a527e2ab044d8ca7e3456dbda36cbbbd7ce0000061cf0107a2b832d472900,det-v1,1,accepted,1243,151,0.002,0.0000742300,true,false
call-001520,arm8_spec_immediate,dev/f5/s5100004/late_accurate,17,meta-llama/llama-3.1-8b-instruct,sha256:9ee902bbc7ab02a173b64d40e84247d3f81ce64e103336580fdf06523b8a0d0e,det-v1,1,,1354,102,435.627,0.0000758600,false,true
call-001521,arm8_spec_immediate,dev/f5/s5100004/late_accurate,17,meta-llama/llama-3.1-8b-instruct,sha256:9ee902bbc7ab02a173b64d40e84247d3f81ce64e103336580fdf06523b8a0d0e,det-v1,1,accepted,1354,102,435.627,0.0000758600,false,false
call-001522,arm10_spec_eprocess,dev/f5/s5100004/late_accurate,17,meta-llama/llama-3.1-8b-instruct,sha256:9ee902bbc7ab02a173b64d40e84247d3f81ce64e103336580fdf06523b8a0d0e,det-v1,1,accepted,1354,102,0.002,0.0000758600,true,false
call-001523,arm12_cth,dev/f5/s5100004/late_accurate,17,meta-llama/llama-3.1-8b-instruct,sha256:9ee902bbc7ab02a173b64d40e84247d3f81ce64e103336580fdf06523b8a0d0e,det-v1,1,accepted,1354,102,0.002,0.0000758600,true,false
call-001524,arm12b_cth_llm,dev/f5/s5100004/late_accurate,17,meta-llama/llama-3.1-8b-instruct,sha256:9ee902bbc7ab02a173b64d40e84247d3f81ce64e103336580fdf06523b8a0d0e,det-v1,1,accepted,1354,102,0.002,0.0000758600,true,false
call-001525,arm8_spec_immediate,dev/f5/s5100004/unreliable,14,meta-llama/llama-3.1-8b-instruct,sha256:2063637264593117fe4689e3ff727c3d4c52cad478ee23cf178ede0ab1e7195f,det-v1,1,,1242,151,998.186,0.0000741800,false,true
call-001526,arm8_spec_immediate,dev/f5/s5100004/unreliable,14,meta-llama/llama-3.1-8b-instruct,sha256:2063637264593117fe4689e3ff727c3d4c52cad478ee23cf178ede0ab1e7195f,det-v1,1,accepted,1242,151,998.186,0.0000741800,false,false
call-001527,arm10_spec_eprocess,dev/f5/s5100004/unreliable,14,meta-llama/llama-3.1-8b-instruct,sha256:2063637264593117fe4689e3ff727c3d4c52cad478ee23cf178ede0ab1e7195f,det-v1,1,accepted,1242,151,0.002,0.0000741800,true,false
call-001528,arm12_cth,dev/f5/s5100004/unreliable,14,meta-llama/llama-3.1-8b-instruct,sha256:2063637264593117fe4689e3ff727c3d4c52cad478ee23cf178ede0ab1e7195f,det-v1,1,accepted,1242,151,0.002,0.0000741800,true,false
call-001529,arm12b_cth_llm,dev/f5/s5100004/unreliable,14,meta-llama/llama-3.1-8b-instruct,sha256:2063637264593117fe4689e3ff727c3d4c52cad478ee23cf178ede0ab1e7195f,det-v1,1,accepted,1242,151,0.002,0.0000741800,true,false
call-001530,arm8_spec_immediate,cal/f5/s5100005/early_accurate,17,meta-llama/llama-3.1-8b-instruct,sha256:f87b86e38cb6abc1887f09550e7a5ccd1321a59a8156ed2834825eddcb72c7a1,det-v1,1,,1355,102,338.992,0.0000759100,false,true
call-001531,arm8_spec_immediate,cal/f5/s5100005/early_accurate,17,meta-llama/llama-3.1-8b-instruct,sha256:f87b86e38cb6abc1887f09550e7a5ccd1321a59a8156ed2834825eddcb72c7a1,det-v1,1,accepted,1355,102,338.992,0.0000759100,false,false
call-001532,arm10_spec_eprocess,cal/f5/s5100005/early_accurate,17,meta-llama/llama-3.1-8b-instruct,sha256:f87b86e38cb6abc1887f09550e7a5ccd1321a59a8156ed2834825eddcb72c7a1,det-v1,1,accepted,1355,102,0.002,0.0000759100,true,false
call-001533,arm12_cth,cal/f5/s5100005/early_accurate,17,meta-llama/llama-3.1-8b-instruct,sha256:f87b86e38cb6abc1887f09550e7a5ccd1321a59a8156ed2834825eddcb72c7a1,det-v1,1,accepted,1355,102,0.002,0.0000759100,true,false
call-001534,arm12b_cth_llm,cal/f5/s5100005/early_accurate,17,meta-llama/llama-3.1-8b-instruct,sha256:f87b86e38cb6abc1887f09550e7a5ccd1321a59a8156ed2834825eddcb72c7a1,det-v1,1,accepted,1355,102,0.002,0.0000759100,true,false
call-001535,arm8_spec_immediate,cal/f5/s5100005/late_accurate,20,meta-llama/llama-3.1-8b-instruct,sha256:6e44985d030ea27be56e2b60528268ee77f308f21d42d31d87aa4b142a0d7ecf,det-v1,1,,1466,169,365.147,0.0000868200,false,true
call-001536,arm8_spec_immediate,cal/f5/s5100005/late_accurate,20,meta-llama/llama-3.1-8b-instruct,sha256:6e44985d030ea27be56e2b60528268ee77f308f21d42d31d87aa4b142a0d7ecf,det-v1,1,fallback,1466,169,365.147,0.0000868200,false,false
call-001537,arm8_spec_immediate,cal/f5/s5100005/late_accurate,20,meta-llama/llama-3.1-8b-instruct,sha256:ff44e61f16ea3537b66585df67abd00342d59a1f7a40195a72dede9c6fe7087d,det-v1,2,,1536,89,404.398,0.0000839200,false,true
call-001538,arm8_spec_immediate,cal/f5/s5100005/late_accurate,20,meta-llama/llama-3.1-8b-instruct,sha256:ff44e61f16ea3537b66585df67abd00342d59a1f7a40195a72dede9c6fe7087d,det-v1,2,fallback,1536,89,404.398,0.0000839200,false,false
call-001539,arm10_spec_eprocess,cal/f5/s5100005/late_accurate,20,meta-llama/llama-3.1-8b-instruct,sha256:6e44985d030ea27be56e2b60528268ee77f308f21d42d31d87aa4b142a0d7ecf,det-v1,1,fallback,1466,169,0.003,0.0000868200,true,false
call-001540,arm10_spec_eprocess,cal/f5/s5100005/late_accurate,20,meta-llama/llama-3.1-8b-instruct,sha256:ff44e61f16ea3537b66585df67abd00342d59a1f7a40195a72dede9c6fe7087d,det-v1,2,fallback,1536,89,0.002,0.0000839200,true,false
call-001541,arm12_cth,cal/f5/s5100005/late_accurate,20,meta-llama/llama-3.1-8b-instruct,sha256:6e44985d030ea27be56e2b60528268ee77f308f21d42d31d87aa4b142a0d7ecf,det-v1,1,fallback,1466,169,0.001,0.0000868200,true,false
call-001542,arm12_cth,cal/f5/s5100005/late_accurate,20,meta-llama/llama-3.1-8b-instruct,sha256:ff44e61f16ea3537b66585df67abd00342d59a1f7a40195a72dede9c6fe7087d,det-v1,2,fallback,1536,89,0.001,0.0000839200,true,false
call-001543,arm12b_cth_llm,cal/f5/s5100005/late_accurate,20,meta-llama/llama-3.1-8b-instruct,sha256:6e44985d030ea27be56e2b60528268ee77f308f21d42d31d87aa4b142a0d7ecf,det-v1,1,fallback,1466,169,0.003,0.0000868200,true,false
call-001544,arm12b_cth_llm,cal/f5/s5100005/late_accurate,20,meta-llama/llama-3.1-8b-instruct,sha256:ff44e61f16ea3537b66585df67abd00342d59a1f7a40195a72dede9c6fe7087d,det-v1,2,fallback,1536,89,0.001,0.0000839200,true,false
call-001545,arm8_spec_immediate,cal/f5/s5100005/unreliable,17,meta-llama/llama-3.1-8b-instruct,sha256:2579dd01026a8190c5c35163422b61fcfd72b4904bb6d0303688282966b7a90e,det-v1,1,,1361,166,353.830,0.0000813300,false,true
call-001546,arm8_spec_immediate,cal/f5/s5100005/unreliable,17,meta-llama/llama-3.1-8b-instruct,sha256:2579dd01026a8190c5c35163422b61fcfd72b4904bb6d0303688282966b7a90e,det-v1,1,accepted,1361,166,353.830,0.0000813300,false,false
call-001547,arm10_spec_eprocess,cal/f5/s5100005/unreliable,17,meta-llama/llama-3.1-8b-instruct,sha256:2579dd01026a8190c5c35163422b61fcfd72b4904bb6d0303688282966b7a90e,det-v1,1,accepted,1361,166,0.002,0.0000813300,true,false
call-001548,arm12_cth,cal/f5/s5100005/unreliable,17,meta-llama/llama-3.1-8b-instruct,sha256:2579dd01026a8190c5c35163422b61fcfd72b4904bb6d0303688282966b7a90e,det-v1,1,accepted,1361,166,0.002,0.0000813300,true,false
call-001549,arm12b_cth_llm,cal/f5/s5100005/unreliable,17,meta-llama/llama-3.1-8b-instruct,sha256:2579dd01026a8190c5c35163422b61fcfd72b4904bb6d0303688282966b7a90e,det-v1,1,accepted,1361,166,0.003,0.0000813300,true,false
call-001550,arm8_spec_immediate,cal/f5/s5100005/no_alert__twin,10,meta-llama/llama-3.1-8b-instruct,sha256:df35f59f9eb2197f99ba6f07f6b6907ff9cf600e0fc5385697cc70df77b4432f,det-v1,1,,1099,136,292.532,0.0000658300,false,true
call-001551,arm8_spec_immediate,cal/f5/s5100005/no_alert__twin,10,meta-llama/llama-3.1-8b-instruct,sha256:df35f59f9eb2197f99ba6f07f6b6907ff9cf600e0fc5385697cc70df77b4432f,det-v1,1,accepted,1099,136,292.532,0.0000658300,false,false
call-001552,arm10_spec_eprocess,cal/f5/s5100005/no_alert__twin,10,meta-llama/llama-3.1-8b-instruct,sha256:df35f59f9eb2197f99ba6f07f6b6907ff9cf600e0fc5385697cc70df77b4432f,det-v1,1,accepted,1099,136,0.002,0.0000658300,true,false
call-001553,arm12_cth,cal/f5/s5100005/no_alert__twin,10,meta-llama/llama-3.1-8b-instruct,sha256:df35f59f9eb2197f99ba6f07f6b6907ff9cf600e0fc5385697cc70df77b4432f,det-v1,1,accepted,1099,136,0.002,0.0000658300,true,false
call-001554,arm12b_cth_llm,cal/f5/s5100005/no_alert__twin,10,meta-llama/llama-3.1-8b-instruct,sha256:df35f59f9eb2197f99ba6f07f6b6907ff9cf600e0fc5385697cc70df77b4432f,det-v1,1,accepted,1099,136,0.002,0.0000658300,true,false
call-001555,arm8_spec_immediate,dev/f5/s5100006/no_alert,38,meta-llama/llama-3.1-8b-instruct,sha256:9cf033714363ccd436cdb3564fe949317ed0685c37e2b3f25f523af57eb31336,det-v1,1,,2093,101,378.650,0.0001127300,false,true
call-001556,arm8_spec_immediate,dev/f5/s5100006/no_alert,38,meta-llama/llama-3.1-8b-instruct,sha256:9cf033714363ccd436cdb3564fe949317ed0685c37e2b3f25f523af57eb31336,det-v1,1,accepted,2093,101,378.650,0.0001127300,false,false
call-001557,arm10_spec_eprocess,dev/f5/s5100006/no_alert,38,meta-llama/llama-3.1-8b-instruct,sha256:9cf033714363ccd436cdb3564fe949317ed0685c37e2b3f25f523af57eb31336,det-v1,1,accepted,2093,101,0.002,0.0001127300,true,false
call-001558,arm12_cth,dev/f5/s5100006/no_alert,38,meta-llama/llama-3.1-8b-instruct,sha256:9cf033714363ccd436cdb3564fe949317ed0685c37e2b3f25f523af57eb31336,det-v1,1,accepted,2093,101,0.002,0.0001127300,true,false
call-001559,arm12b_cth_llm,dev/f5/s5100006/no_alert,38,meta-llama/llama-3.1-8b-instruct,sha256:9cf033714363ccd436cdb3564fe949317ed0685c37e2b3f25f523af57eb31336,det-v1,1,accepted,2093,101,0.002,0.0001127300,true,false
call-001560,arm8_spec_immediate,dev/f5/s5100006/early_accurate,13,meta-llama/llama-3.1-8b-instruct,sha256:2a128f6d4ba55e1bf2770f5f9d8c329eb08686d3956a42296b5cfa7665690824,det-v1,1,,1205,102,287.683,0.0000684100,false,true
call-001561,arm8_spec_immediate,dev/f5/s5100006/early_accurate,13,meta-llama/llama-3.1-8b-instruct,sha256:2a128f6d4ba55e1bf2770f5f9d8c329eb08686d3956a42296b5cfa7665690824,det-v1,1,accepted,1205,102,287.683,0.0000684100,false,false
call-001562,arm8_spec_immediate,dev/f5/s5100006/early_accurate,38,meta-llama/llama-3.1-8b-instruct,sha256:0b83de1641db2e3cf3d1e19c3662f152844bed604e2fd1baacfd95999e83b495,det-v1,1,,2130,107,551.735,0.0001150600,false,true
call-001563,arm8_spec_immediate,dev/f5/s5100006/early_accurate,38,meta-llama/llama-3.1-8b-instruct,sha256:0b83de1641db2e3cf3d1e19c3662f152844bed604e2fd1baacfd95999e83b495,det-v1,1,accepted,2130,107,551.735,0.0001150600,false,false
call-001564,arm10_spec_eprocess,dev/f5/s5100006/early_accurate,13,meta-llama/llama-3.1-8b-instruct,sha256:2a128f6d4ba55e1bf2770f5f9d8c329eb08686d3956a42296b5cfa7665690824,det-v1,1,accepted,1205,102,0.003,0.0000684100,true,false
call-001565,arm10_spec_eprocess,dev/f5/s5100006/early_accurate,38,meta-llama/llama-3.1-8b-instruct,sha256:f46362d5bff6152c47c9470ea7b01faaa8e3ec9eb032b981ee862f29fcd23d31,det-v1,1,,2130,107,602.275,0.0001150600,false,true
call-001566,arm10_spec_eprocess,dev/f5/s5100006/early_accurate,38,meta-llama/llama-3.1-8b-instruct,sha256:f46362d5bff6152c47c9470ea7b01faaa8e3ec9eb032b981ee862f29fcd23d31,det-v1,1,accepted,2130,107,602.275,0.0001150600,false,false
call-001567,arm12_cth,dev/f5/s5100006/early_accurate,13,meta-llama/llama-3.1-8b-instruct,sha256:2a128f6d4ba55e1bf2770f5f9d8c329eb08686d3956a42296b5cfa7665690824,det-v1,1,accepted,1205,102,0.002,0.0000684100,true,false
call-001568,arm12_cth,dev/f5/s5100006/early_accurate,38,meta-llama/llama-3.1-8b-instruct,sha256:1e89ee29177d5c4530dab029a592710c7cf73e88953ec799730eb61f93dc61f5,det-v1,1,,2130,107,419.635,0.0001150600,false,true
call-001569,arm12_cth,dev/f5/s5100006/early_accurate,38,meta-llama/llama-3.1-8b-instruct,sha256:1e89ee29177d5c4530dab029a592710c7cf73e88953ec799730eb61f93dc61f5,det-v1,1,accepted,2130,107,419.635,0.0001150600,false,false
call-001570,arm12b_cth_llm,dev/f5/s5100006/early_accurate,13,meta-llama/llama-3.1-8b-instruct,sha256:2a128f6d4ba55e1bf2770f5f9d8c329eb08686d3956a42296b5cfa7665690824,det-v1,1,accepted,1205,102,0.002,0.0000684100,true,false
call-001571,arm12b_cth_llm,dev/f5/s5100006/early_accurate,38,meta-llama/llama-3.1-8b-instruct,sha256:daee3c7b0da313c363713a8c2610d5561fcb37f632a0152892e3d29a87c72f4b,det-v1,1,,2130,107,417.557,0.0001150600,false,true
call-001572,arm12b_cth_llm,dev/f5/s5100006/early_accurate,38,meta-llama/llama-3.1-8b-instruct,sha256:daee3c7b0da313c363713a8c2610d5561fcb37f632a0152892e3d29a87c72f4b,det-v1,1,accepted,2130,107,417.557,0.0001150600,false,false
call-001573,arm8_spec_immediate,dev/f5/s5100006/late_accurate,16,meta-llama/llama-3.1-8b-instruct,sha256:b2c29be6242ae613b567daa8e48eb5d797b21b17e94796aa82f737210ac5692f,det-v1,1,,1316,102,353.542,0.0000739600,false,true
call-001574,arm8_spec_immediate,dev/f5/s5100006/late_accurate,16,meta-llama/llama-3.1-8b-instruct,sha256:b2c29be6242ae613b567daa8e48eb5d797b21b17e94796aa82f737210ac5692f,det-v1,1,accepted,1316,102,353.542,0.0000739600,false,false
call-001575,arm8_spec_immediate,dev/f5/s5100006/late_accurate,38,meta-llama/llama-3.1-8b-instruct,sha256:b6c95521f9c180f608ac42912b4e61376e56b7e1f46616823b06aac9f012feec,det-v1,1,,2130,102,534.927,0.0001146600,false,true
call-001576,arm8_spec_immediate,dev/f5/s5100006/late_accurate,38,meta-llama/llama-3.1-8b-instruct,sha256:b6c95521f9c180f608ac42912b4e61376e56b7e1f46616823b06aac9f012feec,det-v1,1,accepted,2130,102,534.927,0.0001146600,false,false
call-001577,arm10_spec_eprocess,dev/f5/s5100006/late_accurate,16,meta-llama/llama-3.1-8b-instruct,sha256:b2c29be6242ae613b567daa8e48eb5d797b21b17e94796aa82f737210ac5692f,det-v1,1,accepted,1316,102,0.004,0.0000739600,true,false
call-001578,arm10_spec_eprocess,dev/f5/s5100006/late_accurate,38,meta-llama/llama-3.1-8b-instruct,sha256:008992db37f5244bb86e29036030dc80ab59ec4eea46d120abcfd8e9ed14794d,det-v1,1,,2130,102,497.515,0.0001146600,false,true
call-001579,arm10_spec_eprocess,dev/f5/s5100006/late_accurate,38,meta-llama/llama-3.1-8b-instruct,sha256:008992db37f5244bb86e29036030dc80ab59ec4eea46d120abcfd8e9ed14794d,det-v1,1,accepted,2130,102,497.515,0.0001146600,false,false
call-001580,arm12_cth,dev/f5/s5100006/late_accurate,16,meta-llama/llama-3.1-8b-instruct,sha256:b2c29be6242ae613b567daa8e48eb5d797b21b17e94796aa82f737210ac5692f,det-v1,1,accepted,1316,102,0.002,0.0000739600,true,false
call-001581,arm12_cth,dev/f5/s5100006/late_accurate,38,meta-llama/llama-3.1-8b-instruct,sha256:900f2eb53e71c6bd9463974d0476a9791d0d0383ee68f9b60c9bd7207a5975bf,det-v1,1,,2130,102,818.633,0.0001146600,false,true
call-001582,arm12_cth,dev/f5/s5100006/late_accurate,38,meta-llama/llama-3.1-8b-instruct,sha256:900f2eb53e71c6bd9463974d0476a9791d0d0383ee68f9b60c9bd7207a5975bf,det-v1,1,accepted,2130,102,818.633,0.0001146600,false,false
call-001583,arm12b_cth_llm,dev/f5/s5100006/late_accurate,16,meta-llama/llama-3.1-8b-instruct,sha256:b2c29be6242ae613b567daa8e48eb5d797b21b17e94796aa82f737210ac5692f,det-v1,1,accepted,1316,102,0.003,0.0000739600,true,false
call-001584,arm12b_cth_llm,dev/f5/s5100006/late_accurate,38,meta-llama/llama-3.1-8b-instruct,sha256:008992db37f5244bb86e29036030dc80ab59ec4eea46d120abcfd8e9ed14794d,det-v1,1,accepted,2130,102,0.001,0.0001146600,true,false
call-001585,arm8_spec_immediate,dev/f5/s5100006/unreliable,13,meta-llama/llama-3.1-8b-instruct,sha256:b6b96af1455e05caa7422686b8f23adb5d9ae29de145fe69a49dfc3ec984b63d,det-v1,1,,1193,121,369.931,0.0000693300,false,true
call-001586,arm8_spec_immediate,dev/f5/s5100006/unreliable,13,meta-llama/llama-3.1-8b-instruct,sha256:b6b96af1455e05caa7422686b8f23adb5d9ae29de145fe69a49dfc3ec984b63d,det-v1,1,accepted,1193,121,369.931,0.0000693300,false,false
call-001587,arm8_spec_immediate,dev/f5/s5100006/unreliable,38,meta-llama/llama-3.1-8b-instruct,sha256:91e4358ae47534498c0505b0e58b9e3a63abdeb6a75f490121002947dedfa226,det-v1,1,,2118,276,936.945,0.0001279800,false,true
call-001588,arm8_spec_immediate,dev/f5/s5100006/unreliable,38,meta-llama/llama-3.1-8b-instruct,sha256:91e4358ae47534498c0505b0e58b9e3a63abdeb6a75f490121002947dedfa226,det-v1,1,accepted,2118,276,936.945,0.0001279800,false,false
call-001589,arm10_spec_eprocess,dev/f5/s5100006/unreliable,13,meta-llama/llama-3.1-8b-instruct,sha256:b6b96af1455e05caa7422686b8f23adb5d9ae29de145fe69a49dfc3ec984b63d,det-v1,1,accepted,1193,121,0.003,0.0000693300,true,false
call-001590,arm10_spec_eprocess,dev/f5/s5100006/unreliable,38,meta-llama/llama-3.1-8b-instruct,sha256:28c65ab36211fb85ca6196cad505d682dcf0c891ac84873130140bbbdc0d4d77,det-v1,1,,2118,271,535.751,0.0001275800,false,true
call-001591,arm10_spec_eprocess,dev/f5/s5100006/unreliable,38,meta-llama/llama-3.1-8b-instruct,sha256:28c65ab36211fb85ca6196cad505d682dcf0c891ac84873130140bbbdc0d4d77,det-v1,1,accepted,2118,271,535.751,0.0001275800,false,false
call-001592,arm12_cth,dev/f5/s5100006/unreliable,13,meta-llama/llama-3.1-8b-instruct,sha256:b6b96af1455e05caa7422686b8f23adb5d9ae29de145fe69a49dfc3ec984b63d,det-v1,1,accepted,1193,121,0.003,0.0000693300,true,false
call-001593,arm12_cth,dev/f5/s5100006/unreliable,38,meta-llama/llama-3.1-8b-instruct,sha256:ee2a24cea336858f62c471cfb3ddb79eea25450519af3f71e81c370f064759e3,det-v1,1,,2118,101,1165.379,0.0001139800,false,true
call-001594,arm12_cth,dev/f5/s5100006/unreliable,38,meta-llama/llama-3.1-8b-instruct,sha256:ee2a24cea336858f62c471cfb3ddb79eea25450519af3f71e81c370f064759e3,det-v1,1,accepted,2118,101,1165.379,0.0001139800,false,false
call-001595,arm12b_cth_llm,dev/f5/s5100006/unreliable,13,meta-llama/llama-3.1-8b-instruct,sha256:b6b96af1455e05caa7422686b8f23adb5d9ae29de145fe69a49dfc3ec984b63d,det-v1,1,accepted,1193,121,0.002,0.0000693300,true,false
call-001596,arm12b_cth_llm,dev/f5/s5100006/unreliable,38,meta-llama/llama-3.1-8b-instruct,sha256:c48c1726dec2891889d43b9b40d8e826a3f1b3528750bef36ef93332a039a1de,det-v1,1,,2118,276,932.244,0.0001279800,false,true
call-001597,arm12b_cth_llm,dev/f5/s5100006/unreliable,38,meta-llama/llama-3.1-8b-instruct,sha256:c48c1726dec2891889d43b9b40d8e826a3f1b3528750bef36ef93332a039a1de,det-v1,1,accepted,2118,276,932.244,0.0001279800,false,false
call-001598,arm8_spec_immediate,dev/f5/s5100006/no_alert__twin,10,meta-llama/llama-3.1-8b-instruct,sha256:aa1820d01ff6e2d83f7c408158676997b64de79dd519d4c242283029d465c313,det-v1,1,,1095,116,301.199,0.0000640300,false,true
call-001599,arm8_spec_immediate,dev/f5/s5100006/no_alert__twin,10,meta-llama/llama-3.1-8b-instruct,sha256:aa1820d01ff6e2d83f7c408158676997b64de79dd519d4c242283029d465c313,det-v1,1,accepted,1095,116,301.199,0.0000640300,false,false
call-001600,arm8_spec_immediate,dev/f5/s5100006/no_alert__twin,38,meta-llama/llama-3.1-8b-instruct,sha256:b011131c1cc36fc2337712117f6030be31a1967db44b9e9703150a5b17025dfb,det-v1,1,,2131,276,591.854,0.0001286300,false,true
call-001601,arm8_spec_immediate,dev/f5/s5100006/no_alert__twin,38,meta-llama/llama-3.1-8b-instruct,sha256:b011131c1cc36fc2337712117f6030be31a1967db44b9e9703150a5b17025dfb,det-v1,1,accepted,2131,276,591.854,0.0001286300,false,false
call-001602,arm10_spec_eprocess,dev/f5/s5100006/no_alert__twin,10,meta-llama/llama-3.1-8b-instruct,sha256:aa1820d01ff6e2d83f7c408158676997b64de79dd519d4c242283029d465c313,det-v1,1,accepted,1095,116,0.004,0.0000640300,true,false
call-001603,arm10_spec_eprocess,dev/f5/s5100006/no_alert__twin,38,meta-llama/llama-3.1-8b-instruct,sha256:6b0830c8a895a5e36514eabba9f90126a17678db414f00407ac32b44c5e904c7,det-v1,1,,2131,276,554.795,0.0001286300,false,true
call-001604,arm10_spec_eprocess,dev/f5/s5100006/no_alert__twin,38,meta-llama/llama-3.1-8b-instruct,sha256:6b0830c8a895a5e36514eabba9f90126a17678db414f00407ac32b44c5e904c7,det-v1,1,accepted,2131,276,554.795,0.0001286300,false,false
call-001605,arm12_cth,dev/f5/s5100006/no_alert__twin,10,meta-llama/llama-3.1-8b-instruct,sha256:aa1820d01ff6e2d83f7c408158676997b64de79dd519d4c242283029d465c313,det-v1,1,accepted,1095,116,0.003,0.0000640300,true,false
call-001606,arm12_cth,dev/f5/s5100006/no_alert__twin,38,meta-llama/llama-3.1-8b-instruct,sha256:d16a01f535121caba72b3184f19b387a7eb387d1ac6c82d80605cee1636898da,det-v1,1,,2131,238,851.790,0.0001255900,false,true
call-001607,arm12_cth,dev/f5/s5100006/no_alert__twin,38,meta-llama/llama-3.1-8b-instruct,sha256:d16a01f535121caba72b3184f19b387a7eb387d1ac6c82d80605cee1636898da,det-v1,1,accepted,2131,238,851.790,0.0001255900,false,false
call-001608,arm12b_cth_llm,dev/f5/s5100006/no_alert__twin,10,meta-llama/llama-3.1-8b-instruct,sha256:aa1820d01ff6e2d83f7c408158676997b64de79dd519d4c242283029d465c313,det-v1,1,accepted,1095,116,0.002,0.0000640300,true,false
call-001609,arm12b_cth_llm,dev/f5/s5100006/no_alert__twin,38,meta-llama/llama-3.1-8b-instruct,sha256:1dc97d72f46db6edc514cbf5b904e9e48123cf365c67f074d12719b7f3cdb18f,det-v1,1,,2131,238,535.530,0.0001255900,false,true
call-001610,arm12b_cth_llm,dev/f5/s5100006/no_alert__twin,38,meta-llama/llama-3.1-8b-instruct,sha256:1dc97d72f46db6edc514cbf5b904e9e48123cf365c67f074d12719b7f3cdb18f,det-v1,1,accepted,2131,238,535.530,0.0001255900,false,false
call-001611,arm8_spec_immediate,cal/f5/s5100007/early_accurate,20,meta-llama/llama-3.1-8b-instruct,sha256:2cf1e41bf148c80e1c7e4f109d302c1564045f3ef536c343553d3eb3b14a834a,det-v1,1,,1467,180,655.232,0.0000877500,false,true
call-001612,arm8_spec_immediate,cal/f5/s5100007/early_accurate,20,meta-llama/llama-3.1-8b-instruct,sha256:2cf1e41bf148c80e1c7e4f109d302c1564045f3ef536c343553d3eb3b14a834a,det-v1,1,fallback,1467,180,655.232,0.0000877500,false,false
call-001613,arm8_spec_immediate,cal/f5/s5100007/early_accurate,20,meta-llama/llama-3.1-8b-instruct,sha256:0d754860984bbdf127ad983b88a42b7d503481b119e49687d412316c7c095abe,det-v1,2,,1537,97,382.292,0.0000846100,false,true
call-001614,arm8_spec_immediate,cal/f5/s5100007/early_accurate,20,meta-llama/llama-3.1-8b-instruct,sha256:0d754860984bbdf127ad983b88a42b7d503481b119e49687d412316c7c095abe,det-v1,2,fallback,1537,97,382.292,0.0000846100,false,false
call-001615,arm10_spec_eprocess,cal/f5/s5100007/early_accurate,20,meta-llama/llama-3.1-8b-instruct,sha256:2cf1e41bf148c80e1c7e4f109d302c1564045f3ef536c343553d3eb3b14a834a,det-v1,1,fallback,1467,180,0.003,0.0000877500,true,false
call-001616,arm10_spec_eprocess,cal/f5/s5100007/early_accurate,20,meta-llama/llama-3.1-8b-instruct,sha256:0d754860984bbdf127ad983b88a42b7d503481b119e49687d412316c7c095abe,det-v1,2,fallback,1537,97,0.003,0.0000846100,true,false
call-001617,arm12_cth,cal/f5/s5100007/early_accurate,20,meta-llama/llama-3.1-8b-instruct,sha256:2cf1e41bf148c80e1c7e4f109d302c1564045f3ef536c343553d3eb3b14a834a,det-v1,1,fallback,1467,180,0.002,0.0000877500,true,false
call-001618,arm12_cth,cal/f5/s5100007/early_accurate,20,meta-llama/llama-3.1-8b-instruct,sha256:0d754860984bbdf127ad983b88a42b7d503481b119e49687d412316c7c095abe,det-v1,2,fallback,1537,97,0.001,0.0000846100,true,false
call-001619,arm12b_cth_llm,cal/f5/s5100007/early_accurate,20,meta-llama/llama-3.1-8b-instruct,sha256:2cf1e41bf148c80e1c7e4f109d302c1564045f3ef536c343553d3eb3b14a834a,det-v1,1,fallback,1467,180,0.003,0.0000877500,true,false
call-001620,arm12b_cth_llm,cal/f5/s5100007/early_accurate,20,meta-llama/llama-3.1-8b-instruct,sha256:0d754860984bbdf127ad983b88a42b7d503481b119e49687d412316c7c095abe,det-v1,2,fallback,1537,97,0.001,0.0000846100,true,false
call-001621,arm8_spec_immediate,cal/f5/s5100007/late_accurate,23,meta-llama/llama-3.1-8b-instruct,sha256:9cbcf684596c127de326b0edb344262b5b45024e59e34173252d718a0e242e65,det-v1,1,,1578,196,401.143,0.0000945800,false,true
call-001622,arm8_spec_immediate,cal/f5/s5100007/late_accurate,23,meta-llama/llama-3.1-8b-instruct,sha256:9cbcf684596c127de326b0edb344262b5b45024e59e34173252d718a0e242e65,det-v1,1,accepted,1578,196,401.143,0.0000945800,false,false
call-001623,arm10_spec_eprocess,cal/f5/s5100007/late_accurate,23,meta-llama/llama-3.1-8b-instruct,sha256:9cbcf684596c127de326b0edb344262b5b45024e59e34173252d718a0e242e65,det-v1,1,accepted,1578,196,0.002,0.0000945800,true,false
call-001624,arm12_cth,cal/f5/s5100007/late_accurate,23,meta-llama/llama-3.1-8b-instruct,sha256:9cbcf684596c127de326b0edb344262b5b45024e59e34173252d718a0e242e65,det-v1,1,accepted,1578,196,0.002,0.0000945800,true,false
call-001625,arm12b_cth_llm,cal/f5/s5100007/late_accurate,23,meta-llama/llama-3.1-8b-instruct,sha256:9cbcf684596c127de326b0edb344262b5b45024e59e34173252d718a0e242e65,det-v1,1,accepted,1578,196,0.002,0.0000945800,true,false
call-001626,arm8_spec_immediate,cal/f5/s5100007/unreliable,20,meta-llama/llama-3.1-8b-instruct,sha256:457bcb05394b14be73f6aebff164bf4e632a2b680f3eeb5e6c2eddc833dd32a6,det-v1,1,,1474,169,643.732,0.0000872200,false,true
call-001627,arm8_spec_immediate,cal/f5/s5100007/unreliable,20,meta-llama/llama-3.1-8b-instruct,sha256:457bcb05394b14be73f6aebff164bf4e632a2b680f3eeb5e6c2eddc833dd32a6,det-v1,1,fallback,1474,169,643.732,0.0000872200,false,false
call-001628,arm8_spec_immediate,cal/f5/s5100007/unreliable,20,meta-llama/llama-3.1-8b-instruct,sha256:f300adfda696bbaa226fe29d904a4b17ab4fb87f769bcf07ec6daee9b8a12cf1,det-v1,2,,1544,170,578.949,0.0000908000,false,true
call-001629,arm8_spec_immediate,cal/f5/s5100007/unreliable,20,meta-llama/llama-3.1-8b-instruct,sha256:f300adfda696bbaa226fe29d904a4b17ab4fb87f769bcf07ec6daee9b8a12cf1,det-v1,2,fallback,1544,170,578.949,0.0000908000,false,false
call-001630,arm10_spec_eprocess,cal/f5/s5100007/unreliable,20,meta-llama/llama-3.1-8b-instruct,sha256:457bcb05394b14be73f6aebff164bf4e632a2b680f3eeb5e6c2eddc833dd32a6,det-v1,1,fallback,1474,169,0.004,0.0000872200,true,false
call-001631,arm10_spec_eprocess,cal/f5/s5100007/unreliable,20,meta-llama/llama-3.1-8b-instruct,sha256:f300adfda696bbaa226fe29d904a4b17ab4fb87f769bcf07ec6daee9b8a12cf1,det-v1,2,fallback,1544,170,0.003,0.0000908000,true,false
call-001632,arm12_cth,cal/f5/s5100007/unreliable,20,meta-llama/llama-3.1-8b-instruct,sha256:457bcb05394b14be73f6aebff164bf4e632a2b680f3eeb5e6c2eddc833dd32a6,det-v1,1,fallback,1474,169,0.001,0.0000872200,true,false
call-001633,arm12_cth,cal/f5/s5100007/unreliable,20,meta-llama/llama-3.1-8b-instruct,sha256:f300adfda696bbaa226fe29d904a4b17ab4fb87f769bcf07ec6daee9b8a12cf1,det-v1,2,fallback,1544,170,0.001,0.0000908000,true,false
call-001634,arm12b_cth_llm,cal/f5/s5100007/unreliable,20,meta-llama/llama-3.1-8b-instruct,sha256:457bcb05394b14be73f6aebff164bf4e632a2b680f3eeb5e6c2eddc833dd32a6,det-v1,1,fallback,1474,169,0.002,0.0000872200,true,false
call-001635,arm12b_cth_llm,cal/f5/s5100007/unreliable,20,meta-llama/llama-3.1-8b-instruct,sha256:f300adfda696bbaa226fe29d904a4b17ab4fb87f769bcf07ec6daee9b8a12cf1,det-v1,2,fallback,1544,170,0.001,0.0000908000,true,false
call-001636,arm8_spec_immediate,dev/f6/s6100000/no_alert,23,meta-llama/llama-3.1-8b-instruct,sha256:3658a727aa87686687ba9e9f72dee7be6888594dff24032d83dbfaf41f60f859,det-v1,1,,1538,101,306.058,0.0000849800,false,true
call-001637,arm8_spec_immediate,dev/f6/s6100000/no_alert,23,meta-llama/llama-3.1-8b-instruct,sha256:3658a727aa87686687ba9e9f72dee7be6888594dff24032d83dbfaf41f60f859,det-v1,1,accepted,1538,101,306.058,0.0000849800,false,false
call-001638,arm10_spec_eprocess,dev/f6/s6100000/no_alert,23,meta-llama/llama-3.1-8b-instruct,sha256:3658a727aa87686687ba9e9f72dee7be6888594dff24032d83dbfaf41f60f859,det-v1,1,accepted,1538,101,0.002,0.0000849800,true,false
call-001639,arm12_cth,dev/f6/s6100000/no_alert,23,meta-llama/llama-3.1-8b-instruct,sha256:3658a727aa87686687ba9e9f72dee7be6888594dff24032d83dbfaf41f60f859,det-v1,1,accepted,1538,101,0.002,0.0000849800,true,false
call-001640,arm12b_cth_llm,dev/f6/s6100000/no_alert,23,meta-llama/llama-3.1-8b-instruct,sha256:3658a727aa87686687ba9e9f72dee7be6888594dff24032d83dbfaf41f60f859,det-v1,1,accepted,1538,101,0.002,0.0000849800,true,false
call-001641,arm8_spec_immediate,dev/f6/s6100000/early_accurate,16,meta-llama/llama-3.1-8b-instruct,sha256:cd5fee5e583cc3fea5de304752d1c5682bc4d9719183924851c1a05e9be55d7f,det-v1,1,,1318,166,749.960,0.0000791800,false,true
call-001642,arm8_spec_immediate,dev/f6/s6100000/early_accurate,16,meta-llama/llama-3.1-8b-instruct,sha256:cd5fee5e583cc3fea5de304752d1c5682bc4d9719183924851c1a05e9be55d7f,det-v1,1,accepted,1318,166,749.960,0.0000791800,false,false
call-001643,arm8_spec_immediate,dev/f6/s6100000/early_accurate,23,meta-llama/llama-3.1-8b-instruct,sha256:e75ca83e7ae04c0973573cd147caf6ef02ed3aa71973f0cbd84d91677ca60e15,det-v1,1,,1577,131,392.162,0.0000893300,false,true
call-001644,arm8_spec_immediate,dev/f6/s6100000/early_accurate,23,meta-llama/llama-3.1-8b-instruct,sha256:e75ca83e7ae04c0973573cd147caf6ef02ed3aa71973f0cbd84d91677ca60e15,det-v1,1,accepted,1577,131,392.162,0.0000893300,false,false
call-001645,arm10_spec_eprocess,dev/f6/s6100000/early_accurate,16,meta-llama/llama-3.1-8b-instruct,sha256:cd5fee5e583cc3fea5de304752d1c5682bc4d9719183924851c1a05e9be55d7f,det-v1,1,accepted,1318,166,0.004,0.0000791800,true,false
call-001646,arm10_spec_eprocess,dev/f6/s6100000/early_accurate,23,meta-llama/llama-3.1-8b-instruct,sha256:1df5836cb6c54fc3632c90921a8641aba2365ae49671886d6421313b39d94365,det-v1,1,,1577,96,397.969,0.0000865300,false,true
call-001647,arm10_spec_eprocess,dev/f6/s6100000/early_accurate,23,meta-llama/llama-3.1-8b-instruct,sha256:1df5836cb6c54fc3632c90921a8641aba2365ae49671886d6421313b39d94365,det-v1,1,accepted,1577,96,397.969,0.0000865300,false,false
call-001648,arm12_cth,dev/f6/s6100000/early_accurate,16,meta-llama/llama-3.1-8b-instruct,sha256:cd5fee5e583cc3fea5de304752d1c5682bc4d9719183924851c1a05e9be55d7f,det-v1,1,accepted,1318,166,0.002,0.0000791800,true,false
call-001649,arm12_cth,dev/f6/s6100000/early_accurate,23,meta-llama/llama-3.1-8b-instruct,sha256:657f528835ff5fcf2f543ca70573499dd9157735238f6fd151a0c43fcf6f275c,det-v1,1,,1577,106,398.180,0.0000873300,false,true
call-001650,arm12_cth,dev/f6/s6100000/early_accurate,23,meta-llama/llama-3.1-8b-instruct,sha256:657f528835ff5fcf2f543ca70573499dd9157735238f6fd151a0c43fcf6f275c,det-v1,1,accepted,1577,106,398.180,0.0000873300,false,false
call-001651,arm12b_cth_llm,dev/f6/s6100000/early_accurate,16,meta-llama/llama-3.1-8b-instruct,sha256:cd5fee5e583cc3fea5de304752d1c5682bc4d9719183924851c1a05e9be55d7f,det-v1,1,accepted,1318,166,0.002,0.0000791800,true,false
call-001652,arm12b_cth_llm,dev/f6/s6100000/early_accurate,23,meta-llama/llama-3.1-8b-instruct,sha256:a3230a76114864f298a0d88db0da430dce686094889405d68e28360a55d54ea0,det-v1,1,,1577,106,334.744,0.0000873300,false,true
call-001653,arm12b_cth_llm,dev/f6/s6100000/early_accurate,23,meta-llama/llama-3.1-8b-instruct,sha256:a3230a76114864f298a0d88db0da430dce686094889405d68e28360a55d54ea0,det-v1,1,accepted,1577,106,334.744,0.0000873300,false,false
call-001654,arm8_spec_immediate,dev/f6/s6100000/late_accurate,19,meta-llama/llama-3.1-8b-instruct,sha256:86f72d979790925643afd67e8303ff2f9f6c064af53c7ec2aa3078cbc9130f42,det-v1,1,,1429,180,376.757,0.0000858500,false,true
call-001655,arm8_spec_immediate,dev/f6/s6100000/late_accurate,19,meta-llama/llama-3.1-8b-instruct,sha256:86f72d979790925643afd67e8303ff2f9f6c064af53c7ec2aa3078cbc9130f42,det-v1,1,fallback,1429,180,376.757,0.0000858500,false,false
call-001656,arm8_spec_immediate,dev/f6/s6100000/late_accurate,19,meta-llama/llama-3.1-8b-instruct,sha256:77eb158de65a3899939a63c27594791dcee7f2d5364ef528c2cdb5481c436c33,det-v1,2,,1499,91,851.943,0.0000822300,false,true
call-001657,arm8_spec_immediate,dev/f6/s6100000/late_accurate,19,meta-llama/llama-3.1-8b-instruct,sha256:77eb158de65a3899939a63c27594791dcee7f2d5364ef528c2cdb5481c436c33,det-v1,2,fallback,1499,91,851.943,0.0000822300,false,false
call-001658,arm10_spec_eprocess,dev/f6/s6100000/late_accurate,19,meta-llama/llama-3.1-8b-instruct,sha256:86f72d979790925643afd67e8303ff2f9f6c064af53c7ec2aa3078cbc9130f42,det-v1,1,fallback,1429,180,0.003,0.0000858500,true,false
call-001659,arm10_spec_eprocess,dev/f6/s6100000/late_accurate,19,meta-llama/llama-3.1-8b-instruct,sha256:77eb158de65a3899939a63c27594791dcee7f2d5364ef528c2cdb5481c436c33,det-v1,2,fallback,1499,91,0.002,0.0000822300,true,false
call-001660,arm12_cth,dev/f6/s6100000/late_accurate,19,meta-llama/llama-3.1-8b-instruct,sha256:86f72d979790925643afd67e8303ff2f9f6c064af53c7ec2aa3078cbc9130f42,det-v1,1,fallback,1429,180,0.002,0.0000858500,true,false
call-001661,arm12_cth,dev/f6/s6100000/late_accurate,19,meta-llama/llama-3.1-8b-instruct,sha256:77eb158de65a3899939a63c27594791dcee7f2d5364ef528c2cdb5481c436c33,det-v1,2,fallback,1499,91,0.001,0.0000822300,true,false
call-001662,arm12b_cth_llm,dev/f6/s6100000/late_accurate,19,meta-llama/llama-3.1-8b-instruct,sha256:86f72d979790925643afd67e8303ff2f9f6c064af53c7ec2aa3078cbc9130f42,det-v1,1,fallback,1429,180,0.003,0.0000858500,true,false
call-001663,arm12b_cth_llm,dev/f6/s6100000/late_accurate,19,meta-llama/llama-3.1-8b-instruct,sha256:77eb158de65a3899939a63c27594791dcee7f2d5364ef528c2cdb5481c436c33,det-v1,2,fallback,1499,91,0.001,0.0000822300,true,false
call-001664,arm8_spec_immediate,dev/f6/s6100000/unreliable,16,meta-llama/llama-3.1-8b-instruct,sha256:0edc146c942b8b296d4adb9be50ec5476b6a55bd49aba0e500c63ad7b744c189,det-v1,1,,1303,161,346.775,0.0000780300,false,true
call-001665,arm8_spec_immediate,dev/f6/s6100000/unreliable,16,meta-llama/llama-3.1-8b-instruct,sha256:0edc146c942b8b296d4adb9be50ec5476b6a55bd49aba0e500c63ad7b744c189,det-v1,1,accepted,1303,161,346.775,0.0000780300,false,false
call-001666,arm8_spec_immediate,dev/f6/s6100000/unreliable,23,meta-llama/llama-3.1-8b-instruct,sha256:f6538de1a200567f4d33a8c84746c66bfbeeb9992ed06586bb78a9116a861ebe,det-v1,1,,1562,196,455.232,0.0000937800,false,true
call-001667,arm8_spec_immediate,dev/f6/s6100000/unreliable,23,meta-llama/llama-3.1-8b-instruct,sha256:f6538de1a200567f4d33a8c84746c66bfbeeb9992ed06586bb78a9116a861ebe,det-v1,1,accepted,1562,196,455.232,0.0000937800,false,false
call-001668,arm10_spec_eprocess,dev/f6/s6100000/unreliable,16,meta-llama/llama-3.1-8b-instruct,sha256:0edc146c942b8b296d4adb9be50ec5476b6a55bd49aba0e500c63ad7b744c189,det-v1,1,accepted,1303,161,0.003,0.0000780300,true,false
call-001669,arm10_spec_eprocess,dev/f6/s6100000/unreliable,23,meta-llama/llama-3.1-8b-instruct,sha256:f08d512e92f6f6c9f7962d426ad62a72cf2a3c1c5d4ad69e3231306eb51bbe43,det-v1,1,,1562,196,678.008,0.0000937800,false,true
call-001670,arm10_spec_eprocess,dev/f6/s6100000/unreliable,23,meta-llama/llama-3.1-8b-instruct,sha256:f08d512e92f6f6c9f7962d426ad62a72cf2a3c1c5d4ad69e3231306eb51bbe43,det-v1,1,accepted,1562,196,678.008,0.0000937800,false,false
call-001671,arm12_cth,dev/f6/s6100000/unreliable,16,meta-llama/llama-3.1-8b-instruct,sha256:0edc146c942b8b296d4adb9be50ec5476b6a55bd49aba0e500c63ad7b744c189,det-v1,1,accepted,1303,161,0.002,0.0000780300,true,false
call-001672,arm12_cth,dev/f6/s6100000/unreliable,23,meta-llama/llama-3.1-8b-instruct,sha256:5ee6ec825c923e152fc4c51b2351a1986fc25837c44ae3fd2d55eec2dbf4381e,det-v1,1,,1538,79,10400.125,0.0000832200,false,true
call-001673,arm12_cth,dev/f6/s6100000/unreliable,23,meta-llama/llama-3.1-8b-instruct,sha256:5ee6ec825c923e152fc4c51b2351a1986fc25837c44ae3fd2d55eec2dbf4381e,det-v1,1,accepted,1538,79,10400.125,0.0000832200,false,false
call-001674,arm12b_cth_llm,dev/f6/s6100000/unreliable,16,meta-llama/llama-3.1-8b-instruct,sha256:0edc146c942b8b296d4adb9be50ec5476b6a55bd49aba0e500c63ad7b744c189,det-v1,1,accepted,1303,161,0.003,0.0000780300,true,false
call-001675,arm12b_cth_llm,dev/f6/s6100000/unreliable,23,meta-llama/llama-3.1-8b-instruct,sha256:780c32c85237a7e2aef63032b33f40971050335c41aafebc3f3b29c170c4be71,det-v1,1,,1562,196,388.879,0.0000937800,false,true
call-001676,arm12b_cth_llm,dev/f6/s6100000/unreliable,23,meta-llama/llama-3.1-8b-instruct,sha256:780c32c85237a7e2aef63032b33f40971050335c41aafebc3f3b29c170c4be71,det-v1,1,accepted,1562,196,388.879,0.0000937800,false,false
call-001677,arm8_spec_immediate,cal/f6/s6100001/early_accurate,14,meta-llama/llama-3.1-8b-instruct,sha256:1dd3413a1ddbf034ca18a6b71523d50839beebb86549d8ecd4a6602b4ca26c99,det-v1,1,,1221,79,2607.399,0.0000673700,false,true
call-001678,arm8_spec_immediate,cal/f6/s6100001/early_accurate,14,meta-llama/llama-3.1-8b-instruct,sha256:1dd3413a1ddbf034ca18a6b71523d50839beebb86549d8ecd4a6602b4ca26c99,det-v1,1,accepted,1221,79,2607.399,0.0000673700,false,false
call-001679,arm10_spec_eprocess,cal/f6/s6100001/early_accurate,14,meta-llama/llama-3.1-8b-instruct,sha256:1dd3413a1ddbf034ca18a6b71523d50839beebb86549d8ecd4a6602b4ca26c99,det-v1,1,accepted,1221,79,0.002,0.0000673700,true,false
call-001680,arm12_cth,cal/f6/s6100001/early_accurate,14,meta-llama/llama-3.1-8b-instruct,sha256:1dd3413a1ddbf034ca18a6b71523d50839beebb86549d8ecd4a6602b4ca26c99,det-v1,1,accepted,1221,79,0.002,0.0000673700,true,false
call-001681,arm12b_cth_llm,cal/f6/s6100001/early_accurate,14,meta-llama/llama-3.1-8b-instruct,sha256:1dd3413a1ddbf034ca18a6b71523d50839beebb86549d8ecd4a6602b4ca26c99,det-v1,1,accepted,1221,79,0.002,0.0000673700,true,false
call-001682,arm8_spec_immediate,cal/f6/s6100001/late_accurate,17,meta-llama/llama-3.1-8b-instruct,sha256:f9a789d0e56d4a531e96635db5cb653a7d3a60ad6993b3b6d875e77605c52515,det-v1,1,,1356,106,672.256,0.0000762800,false,true
call-001683,arm8_spec_immediate,cal/f6/s6100001/late_accurate,17,meta-llama/llama-3.1-8b-instruct,sha256:f9a789d0e56d4a531e96635db5cb653a7d3a60ad6993b3b6d875e77605c52515,det-v1,1,accepted,1356,106,672.256,0.0000762800,false,false
call-001684,arm10_spec_eprocess,cal/f6/s6100001/late_accurate,17,meta-llama/llama-3.1-8b-instruct,sha256:f9a789d0e56d4a531e96635db5cb653a7d3a60ad6993b3b6d875e77605c52515,det-v1,1,accepted,1356,106,0.002,0.0000762800,true,false
call-001685,arm12_cth,cal/f6/s6100001/late_accurate,17,meta-llama/llama-3.1-8b-instruct,sha256:f9a789d0e56d4a531e96635db5cb653a7d3a60ad6993b3b6d875e77605c52515,det-v1,1,accepted,1356,106,0.002,0.0000762800,true,false
call-001686,arm12b_cth_llm,cal/f6/s6100001/late_accurate,17,meta-llama/llama-3.1-8b-instruct,sha256:f9a789d0e56d4a531e96635db5cb653a7d3a60ad6993b3b6d875e77605c52515,det-v1,1,accepted,1356,106,0.002,0.0000762800,true,false
call-001687,arm8_spec_immediate,cal/f6/s6100001/unreliable,14,meta-llama/llama-3.1-8b-instruct,sha256:76a8fea7cf96f97bcef9439342766ba89c22d17aced1aa22d9c6253cacdfa90b,det-v1,1,,1242,156,373.691,0.0000745800,false,true
call-001688,arm8_spec_immediate,cal/f6/s6100001/unreliable,14,meta-llama/llama-3.1-8b-instruct,sha256:76a8fea7cf96f97bcef9439342766ba89c22d17aced1aa22d9c6253cacdfa90b,det-v1,1,accepted,1242,156,373.691,0.0000745800,false,false
call-001689,arm10_spec_eprocess,cal/f6/s6100001/unreliable,14,meta-llama/llama-3.1-8b-instruct,sha256:76a8fea7cf96f97bcef9439342766ba89c22d17aced1aa22d9c6253cacdfa90b,det-v1,1,accepted,1242,156,0.002,0.0000745800,true,false
call-001690,arm12_cth,cal/f6/s6100001/unreliable,14,meta-llama/llama-3.1-8b-instruct,sha256:76a8fea7cf96f97bcef9439342766ba89c22d17aced1aa22d9c6253cacdfa90b,det-v1,1,accepted,1242,156,0.002,0.0000745800,true,false
call-001691,arm12b_cth_llm,cal/f6/s6100001/unreliable,14,meta-llama/llama-3.1-8b-instruct,sha256:76a8fea7cf96f97bcef9439342766ba89c22d17aced1aa22d9c6253cacdfa90b,det-v1,1,accepted,1242,156,0.002,0.0000745800,true,false
call-001692,arm8_spec_immediate,cal/f6/s6100001/no_alert__twin,10,meta-llama/llama-3.1-8b-instruct,sha256:47643390b9d8878c45cfc2d0414ca6b98ea925c1f3669a017e0f974b2c788a70,det-v1,1,,1098,131,457.493,0.0000653800,false,true
call-001693,arm8_spec_immediate,cal/f6/s6100001/no_alert__twin,10,meta-llama/llama-3.1-8b-instruct,sha256:47643390b9d8878c45cfc2d0414ca6b98ea925c1f3669a017e0f974b2c788a70,det-v1,1,accepted,1098,131,457.493,0.0000653800,false,false
call-001694,arm10_spec_eprocess,cal/f6/s6100001/no_alert__twin,10,meta-llama/llama-3.1-8b-instruct,sha256:47643390b9d8878c45cfc2d0414ca6b98ea925c1f3669a017e0f974b2c788a70,det-v1,1,accepted,1098,131,0.002,0.0000653800,true,false
call-001695,arm12_cth,cal/f6/s6100001/no_alert__twin,10,meta-llama/llama-3.1-8b-instruct,sha256:47643390b9d8878c45cfc2d0414ca6b98ea925c1f3669a017e0f974b2c788a70,det-v1,1,accepted,1098,131,0.002,0.0000653800,true,false
call-001696,arm12b_cth_llm,cal/f6/s6100001/no_alert__twin,10,meta-llama/llama-3.1-8b-instruct,sha256:47643390b9d8878c45cfc2d0414ca6b98ea925c1f3669a017e0f974b2c788a70,det-v1,1,accepted,1098,131,0.002,0.0000653800,true,false
call-001697,arm8_spec_immediate,dev/f6/s6100002/early_accurate,19,meta-llama/llama-3.1-8b-instruct,sha256:84c8780ab3b4052b1243acc760ca6a82b3d25a5abca198039994ff7216c79ba5,det-v1,1,,1422,181,381.366,0.0000855800,false,true
call-001698,arm8_spec_immediate,dev/f6/s6100002/early_accurate,19,meta-llama/llama-3.1-8b-instruct,sha256:84c8780ab3b4052b1243acc760ca6a82b3d25a5abca198039994ff7216c79ba5,det-v1,1,accepted,1422,181,381.366,0.0000855800,false,false
call-001699,arm10_spec_eprocess,dev/f6/s6100002/early_accurate,19,meta-llama/llama-3.1-8b-instruct,sha256:84c8780ab3b4052b1243acc760ca6a82b3d25a5abca198039994ff7216c79ba5,det-v1,1,accepted,1422,181,0.002,0.0000855800,true,false
call-001700,arm12_cth,dev/f6/s6100002/early_accurate,19,meta-llama/llama-3.1-8b-instruct,sha256:84c8780ab3b4052b1243acc760ca6a82b3d25a5abca198039994ff7216c79ba5,det-v1,1,accepted,1422,181,0.002,0.0000855800,true,false
call-001701,arm12b_cth_llm,dev/f6/s6100002/early_accurate,19,meta-llama/llama-3.1-8b-instruct,sha256:84c8780ab3b4052b1243acc760ca6a82b3d25a5abca198039994ff7216c79ba5,det-v1,1,accepted,1422,181,0.003,0.0000855800,true,false
call-001702,arm8_spec_immediate,dev/f6/s6100002/late_accurate,22,meta-llama/llama-3.1-8b-instruct,sha256:a2e69544bedd24d7c60cf8b810b6d262807a260e6220cb7b8eaced878f7691a0,det-v1,1,,1533,196,489.145,0.0000923300,false,true
call-001703,arm8_spec_immediate,dev/f6/s6100002/late_accurate,22,meta-llama/llama-3.1-8b-instruct,sha256:a2e69544bedd24d7c60cf8b810b6d262807a260e6220cb7b8eaced878f7691a0,det-v1,1,accepted,1533,196,489.145,0.0000923300,false,false
call-001704,arm10_spec_eprocess,dev/f6/s6100002/late_accurate,22,meta-llama/llama-3.1-8b-instruct,sha256:a2e69544bedd24d7c60cf8b810b6d262807a260e6220cb7b8eaced878f7691a0,det-v1,1,accepted,1533,196,0.001,0.0000923300,true,false
call-001705,arm12_cth,dev/f6/s6100002/late_accurate,22,meta-llama/llama-3.1-8b-instruct,sha256:a2e69544bedd24d7c60cf8b810b6d262807a260e6220cb7b8eaced878f7691a0,det-v1,1,accepted,1533,196,0.001,0.0000923300,true,false
call-001706,arm12b_cth_llm,dev/f6/s6100002/late_accurate,22,meta-llama/llama-3.1-8b-instruct,sha256:a2e69544bedd24d7c60cf8b810b6d262807a260e6220cb7b8eaced878f7691a0,det-v1,1,accepted,1533,196,0.002,0.0000923300,true,false
call-001707,arm8_spec_immediate,dev/f6/s6100002/unreliable,19,meta-llama/llama-3.1-8b-instruct,sha256:da1113aaebf294e366d67e79ff55f3ecee6b7f6ecfabb15ecbb9b97de0a86547,det-v1,1,,1428,181,422.056,0.0000858800,false,true
call-001708,arm8_spec_immediate,dev/f6/s6100002/unreliable,19,meta-llama/llama-3.1-8b-instruct,sha256:da1113aaebf294e366d67e79ff55f3ecee6b7f6ecfabb15ecbb9b97de0a86547,det-v1,1,accepted,1428,181,422.056,0.0000858800,false,false
call-001709,arm10_spec_eprocess,dev/f6/s6100002/unreliable,19,meta-llama/llama-3.1-8b-instruct,sha256:da1113aaebf294e366d67e79ff55f3ecee6b7f6ecfabb15ecbb9b97de0a86547,det-v1,1,accepted,1428,181,0.002,0.0000858800,true,false
call-001710,arm12_cth,dev/f6/s6100002/unreliable,19,meta-llama/llama-3.1-8b-instruct,sha256:da1113aaebf294e366d67e79ff55f3ecee6b7f6ecfabb15ecbb9b97de0a86547,det-v1,1,accepted,1428,181,0.001,0.0000858800,true,false
call-001711,arm12b_cth_llm,dev/f6/s6100002/unreliable,19,meta-llama/llama-3.1-8b-instruct,sha256:da1113aaebf294e366d67e79ff55f3ecee6b7f6ecfabb15ecbb9b97de0a86547,det-v1,1,accepted,1428,181,0.002,0.0000858800,true,false
call-001712,arm8_spec_immediate,dev/f6/s6100002/no_alert__twin,10,meta-llama/llama-3.1-8b-instruct,sha256:73a091f1227a78588d795db44f744c4b87834496d33d568ba15a447c91431cbb,det-v1,1,,1098,131,289.505,0.0000653800,false,true
call-001713,arm8_spec_immediate,dev/f6/s6100002/no_alert__twin,10,meta-llama/llama-3.1-8b-instruct,sha256:73a091f1227a78588d795db44f744c4b87834496d33d568ba15a447c91431cbb,det-v1,1,accepted,1098,131,289.505,0.0000653800,false,false
call-001714,arm10_spec_eprocess,dev/f6/s6100002/no_alert__twin,10,meta-llama/llama-3.1-8b-instruct,sha256:73a091f1227a78588d795db44f744c4b87834496d33d568ba15a447c91431cbb,det-v1,1,accepted,1098,131,0.002,0.0000653800,true,false
call-001715,arm12_cth,dev/f6/s6100002/no_alert__twin,10,meta-llama/llama-3.1-8b-instruct,sha256:73a091f1227a78588d795db44f744c4b87834496d33d568ba15a447c91431cbb,det-v1,1,accepted,1098,131,0.002,0.0000653800,true,false
call-001716,arm12b_cth_llm,dev/f6/s6100002/no_alert__twin,10,meta-llama/llama-3.1-8b-instruct,sha256:73a091f1227a78588d795db44f744c4b87834496d33d568ba15a447c91431cbb,det-v1,1,accepted,1098,131,0.002,0.0000653800,true,false
call-001717,arm8_spec_immediate,cal/f6/s6100003/early_accurate,13,meta-llama/llama-3.1-8b-instruct,sha256:c1aa8cb4f2a82b14a0435c512e33da4b24e5d82d47b752a356508dac017c8b10,det-v1,1,,1207,146,330.628,0.0000720300,false,true
call-001718,arm8_spec_immediate,cal/f6/s6100003/early_accurate,13,meta-llama/llama-3.1-8b-instruct,sha256:c1aa8cb4f2a82b14a0435c512e33da4b24e5d82d47b752a356508dac017c8b10,det-v1,1,accepted,1207,146,330.628,0.0000720300,false,false
call-001719,arm10_spec_eprocess,cal/f6/s6100003/early_accurate,13,meta-llama/llama-3.1-8b-instruct,sha256:c1aa8cb4f2a82b14a0435c512e33da4b24e5d82d47b752a356508dac017c8b10,det-v1,1,accepted,1207,146,0.002,0.0000720300,true,false
call-001720,arm12_cth,cal/f6/s6100003/early_accurate,13,meta-llama/llama-3.1-8b-instruct,sha256:c1aa8cb4f2a82b14a0435c512e33da4b24e5d82d47b752a356508dac017c8b10,det-v1,1,accepted,1207,146,0.002,0.0000720300,true,false
call-001721,arm12b_cth_llm,cal/f6/s6100003/early_accurate,13,meta-llama/llama-3.1-8b-instruct,sha256:c1aa8cb4f2a82b14a0435c512e33da4b24e5d82d47b752a356508dac017c8b10,det-v1,1,accepted,1207,146,0.003,0.0000720300,true,false
call-001722,arm8_spec_immediate,cal/f6/s6100003/late_accurate,16,meta-llama/llama-3.1-8b-instruct,sha256:287a7146b9dd7223fc5386b039cfe07b2d13f7942df1c3b1de10d6e88b10432e,det-v1,1,,1318,161,465.032,0.0000787800,false,true
call-001723,arm8_spec_immediate,cal/f6/s6100003/late_accurate,16,meta-llama/llama-3.1-8b-instruct,sha256:287a7146b9dd7223fc5386b039cfe07b2d13f7942df1c3b1de10d6e88b10432e,det-v1,1,accepted,1318,161,465.032,0.0000787800,false,false
call-001724,arm10_spec_eprocess,cal/f6/s6100003/late_accurate,16,meta-llama/llama-3.1-8b-instruct,sha256:287a7146b9dd7223fc5386b039cfe07b2d13f7942df1c3b1de10d6e88b10432e,det-v1,1,accepted,1318,161,0.002,0.0000787800,true,false
call-001725,arm12_cth,cal/f6/s6100003/late_accurate,16,meta-llama/llama-3.1-8b-instruct,sha256:287a7146b9dd7223fc5386b039cfe07b2d13f7942df1c3b1de10d6e88b10432e,det-v1,1,accepted,1318,161,0.002,0.0000787800,true,false
call-001726,arm12b_cth_llm,cal/f6/s6100003/late_accurate,16,meta-llama/llama-3.1-8b-instruct,sha256:287a7146b9dd7223fc5386b039cfe07b2d13f7942df1c3b1de10d6e88b10432e,det-v1,1,accepted,1318,161,0.003,0.0000787800,true,false
call-001727,arm8_spec_immediate,cal/f6/s6100003/unreliable,13,meta-llama/llama-3.1-8b-instruct,sha256:92aa8b54311488aa1356da7b52056188219b4f72fe7c7e9eb7d59ea382d0a783,det-v1,1,,1202,146,422.609,0.0000717800,false,true
call-001728,arm8_spec_immediate,cal/f6/s6100003/unreliable,13,meta-llama/llama-3.1-8b-instruct,sha256:92aa8b54311488aa1356da7b52056188219b4f72fe7c7e9eb7d59ea382d0a783,det-v1,1,accepted,1202,146,422.609,0.0000717800,false,false
call-001729,arm10_spec_eprocess,cal/f6/s6100003/unreliable,13,meta-llama/llama-3.1-8b-instruct,sha256:92aa8b54311488aa1356da7b52056188219b4f72fe7c7e9eb7d59ea382d0a783,det-v1,1,accepted,1202,146,0.002,0.0000717800,true,false
call-001730,arm12_cth,cal/f6/s6100003/unreliable,13,meta-llama/llama-3.1-8b-instruct,sha256:92aa8b54311488aa1356da7b52056188219b4f72fe7c7e9eb7d59ea382d0a783,det-v1,1,accepted,1202,146,0.002,0.0000717800,true,false
call-001731,arm12b_cth_llm,cal/f6/s6100003/unreliable,13,meta-llama/llama-3.1-8b-instruct,sha256:92aa8b54311488aa1356da7b52056188219b4f72fe7c7e9eb7d59ea382d0a783,det-v1,1,accepted,1202,146,0.003,0.0000717800,true,false
call-001732,arm8_spec_immediate,cal/f6/s6100003/no_alert__twin,16,meta-llama/llama-3.1-8b-instruct,sha256:73b817ef80091b5cdf4223617852be94c288debe29e9df534bf8aec444e3abe8,det-v1,1,,1279,101,369.851,0.0000720300,false,true
call-001733,arm8_spec_immediate,cal/f6/s6100003/no_alert__twin,16,meta-llama/llama-3.1-8b-instruct,sha256:73b817ef80091b5cdf4223617852be94c288debe29e9df534bf8aec444e3abe8,det-v1,1,accepted,1279,101,369.851,0.0000720300,false,false
call-001734,arm10_spec_eprocess,cal/f6/s6100003/no_alert__twin,16,meta-llama/llama-3.1-8b-instruct,sha256:73b817ef80091b5cdf4223617852be94c288debe29e9df534bf8aec444e3abe8,det-v1,1,accepted,1279,101,0.002,0.0000720300,true,false
call-001735,arm12_cth,cal/f6/s6100003/no_alert__twin,16,meta-llama/llama-3.1-8b-instruct,sha256:73b817ef80091b5cdf4223617852be94c288debe29e9df534bf8aec444e3abe8,det-v1,1,accepted,1279,101,0.002,0.0000720300,true,false
call-001736,arm12b_cth_llm,cal/f6/s6100003/no_alert__twin,16,meta-llama/llama-3.1-8b-instruct,sha256:73b817ef80091b5cdf4223617852be94c288debe29e9df534bf8aec444e3abe8,det-v1,1,accepted,1279,101,0.002,0.0000720300,true,false
call-001737,arm8_spec_immediate,dev/f6/s6100004/no_alert,12,meta-llama/llama-3.1-8b-instruct,sha256:47be402d743894c85bdafbddbc60db97a995aabd0177b48b8ae19eb5a077809f,det-v1,1,,1131,101,418.707,0.0000646300,false,true
call-001738,arm8_spec_immediate,dev/f6/s6100004/no_alert,12,meta-llama/llama-3.1-8b-instruct,sha256:47be402d743894c85bdafbddbc60db97a995aabd0177b48b8ae19eb5a077809f,det-v1,1,accepted,1131,101,418.707,0.0000646300,false,false
call-001739,arm10_spec_eprocess,dev/f6/s6100004/no_alert,12,meta-llama/llama-3.1-8b-instruct,sha256:47be402d743894c85bdafbddbc60db97a995aabd0177b48b8ae19eb5a077809f,det-v1,1,accepted,1131,101,0.002,0.0000646300,true,false
call-001740,arm12_cth,dev/f6/s6100004/no_alert,12,meta-llama/llama-3.1-8b-instruct,sha256:47be402d743894c85bdafbddbc60db97a995aabd0177b48b8ae19eb5a077809f,det-v1,1,accepted,1131,101,0.002,0.0000646300,true,false
call-001741,arm12b_cth_llm,dev/f6/s6100004/no_alert,12,meta-llama/llama-3.1-8b-instruct,sha256:47be402d743894c85bdafbddbc60db97a995aabd0177b48b8ae19eb5a077809f,det-v1,1,accepted,1131,101,0.003,0.0000646300,true,false
call-001742,arm8_spec_immediate,dev/f6/s6100004/early_accurate,12,meta-llama/llama-3.1-8b-instruct,sha256:5b452515fe9425125d86e3ee115bcc99972ce9649184e58113a132602ec42c8b,det-v1,1,,1131,101,376.725,0.0000646300,false,true
call-001743,arm8_spec_immediate,dev/f6/s6100004/early_accurate,12,meta-llama/llama-3.1-8b-instruct,sha256:5b452515fe9425125d86e3ee115bcc99972ce9649184e58113a132602ec42c8b,det-v1,1,accepted,1131,101,376.725,0.0000646300,false,false
call-001744,arm10_spec_eprocess,dev/f6/s6100004/early_accurate,12,meta-llama/llama-3.1-8b-instruct,sha256:5b452515fe9425125d86e3ee115bcc99972ce9649184e58113a132602ec42c8b,det-v1,1,accepted,1131,101,0.002,0.0000646300,true,false
call-001745,arm12_cth,dev/f6/s6100004/early_accurate,12,meta-llama/llama-3.1-8b-instruct,sha256:5b452515fe9425125d86e3ee115bcc99972ce9649184e58113a132602ec42c8b,det-v1,1,accepted,1131,101,0.002,0.0000646300,true,false
call-001746,arm12b_cth_llm,dev/f6/s6100004/early_accurate,12,meta-llama/llama-3.1-8b-instruct,sha256:5b452515fe9425125d86e3ee115bcc99972ce9649184e58113a132602ec42c8b,det-v1,1,accepted,1131,101,0.003,0.0000646300,true,false
call-001747,arm8_spec_immediate,dev/f6/s6100004/late_accurate,12,meta-llama/llama-3.1-8b-instruct,sha256:36fa18d76556f2c96145a7dd08c23fb3baf2c665b1b1ca2fa8508fa2104e6c88,det-v1,1,,1131,101,484.048,0.0000646300,false,true
call-001748,arm8_spec_immediate,dev/f6/s6100004/late_accurate,12,meta-llama/llama-3.1-8b-instruct,sha256:36fa18d76556f2c96145a7dd08c23fb3baf2c665b1b1ca2fa8508fa2104e6c88,det-v1,1,accepted,1131,101,484.048,0.0000646300,false,false
call-001749,arm8_spec_immediate,dev/f6/s6100004/late_accurate,19,meta-llama/llama-3.1-8b-instruct,sha256:c6135fa3002ea2527f2d8c45f0e64bd67ccffd99578569e488cc6b84da369208,det-v1,1,,1425,180,426.115,0.0000856500,false,true
call-001750,arm8_spec_immediate,dev/f6/s6100004/late_accurate,19,meta-llama/llama-3.1-8b-instruct,sha256:c6135fa3002ea2527f2d8c45f0e64bd67ccffd99578569e488cc6b84da369208,det-v1,1,fallback,1425,180,426.115,0.0000856500,false,false
call-001751,arm8_spec_immediate,dev/f6/s6100004/late_accurate,19,meta-llama/llama-3.1-8b-instruct,sha256:d07244673528aecfd7beb48152d1124b57742a22bf579ec028c8ba27a242ee32,det-v1,2,,1495,91,306.552,0.0000820300,false,true
call-001752,arm8_spec_immediate,dev/f6/s6100004/late_accurate,19,meta-llama/llama-3.1-8b-instruct,sha256:d07244673528aecfd7beb48152d1124b57742a22bf579ec028c8ba27a242ee32,det-v1,2,fallback,1495,91,306.552,0.0000820300,false,false
call-001753,arm10_spec_eprocess,dev/f6/s6100004/late_accurate,12,meta-llama/llama-3.1-8b-instruct,sha256:36fa18d76556f2c96145a7dd08c23fb3baf2c665b1b1ca2fa8508fa2104e6c88,det-v1,1,accepted,1131,101,0.003,0.0000646300,true,false
call-001754,arm10_spec_eprocess,dev/f6/s6100004/late_accurate,19,meta-llama/llama-3.1-8b-instruct,sha256:5655e460068c9e5e8c13a21df4add05cacda841d961926f1f71ef606b7160162,det-v1,1,,1425,95,562.153,0.0000788500,false,true
call-001755,arm10_spec_eprocess,dev/f6/s6100004/late_accurate,19,meta-llama/llama-3.1-8b-instruct,sha256:5655e460068c9e5e8c13a21df4add05cacda841d961926f1f71ef606b7160162,det-v1,1,fallback,1425,95,562.153,0.0000788500,false,false
call-001756,arm10_spec_eprocess,dev/f6/s6100004/late_accurate,19,meta-llama/llama-3.1-8b-instruct,sha256:ff2400f518d785be0587e1b4eb8741724071226fe0a73312382e918f451b90e5,det-v1,2,,1495,91,353.185,0.0000820300,false,true
call-001757,arm10_spec_eprocess,dev/f6/s6100004/late_accurate,19,meta-llama/llama-3.1-8b-instruct,sha256:ff2400f518d785be0587e1b4eb8741724071226fe0a73312382e918f451b90e5,det-v1,2,fallback,1495,91,353.185,0.0000820300,false,false
call-001758,arm12_cth,dev/f6/s6100004/late_accurate,12,meta-llama/llama-3.1-8b-instruct,sha256:36fa18d76556f2c96145a7dd08c23fb3baf2c665b1b1ca2fa8508fa2104e6c88,det-v1,1,accepted,1131,101,0.002,0.0000646300,true,false
call-001759,arm12_cth,dev/f6/s6100004/late_accurate,19,meta-llama/llama-3.1-8b-instruct,sha256:80d6e1e3dd813a9e2ffa6469968de368db9c5de45698381df5c6a14d833c8c1d,det-v1,1,,1425,180,460.530,0.0000856500,false,true
call-001760,arm12_cth,dev/f6/s6100004/late_accurate,19,meta-llama/llama-3.1-8b-instruct,sha256:80d6e1e3dd813a9e2ffa6469968de368db9c5de45698381df5c6a14d833c8c1d,det-v1,1,fallback,1425,180,460.530,0.0000856500,false,false
call-001761,arm12_cth,dev/f6/s6100004/late_accurate,19,meta-llama/llama-3.1-8b-instruct,sha256:dcaafb8e48b5276884761ae8b787a631f8be068beca46f8a66c73d28636bd5ca,det-v1,2,,1495,91,476.123,0.0000820300,false,true
call-001762,arm12_cth,dev/f6/s6100004/late_accurate,19,meta-llama/llama-3.1-8b-instruct,sha256:dcaafb8e48b5276884761ae8b787a631f8be068beca46f8a66c73d28636bd5ca,det-v1,2,fallback,1495,91,476.123,0.0000820300,false,false
call-001763,arm12b_cth_llm,dev/f6/s6100004/late_accurate,12,meta-llama/llama-3.1-8b-instruct,sha256:36fa18d76556f2c96145a7dd08c23fb3baf2c665b1b1ca2fa8508fa2104e6c88,det-v1,1,accepted,1131,101,0.003,0.0000646300,true,false
call-001764,arm12b_cth_llm,dev/f6/s6100004/late_accurate,19,meta-llama/llama-3.1-8b-instruct,sha256:80d6e1e3dd813a9e2ffa6469968de368db9c5de45698381df5c6a14d833c8c1d,det-v1,1,fallback,1425,180,0.002,0.0000856500,true,false
call-001765,arm12b_cth_llm,dev/f6/s6100004/late_accurate,19,meta-llama/llama-3.1-8b-instruct,sha256:dcaafb8e48b5276884761ae8b787a631f8be068beca46f8a66c73d28636bd5ca,det-v1,2,fallback,1495,91,0.001,0.0000820300,true,false
call-001766,arm8_spec_immediate,dev/f6/s6100004/unreliable,12,meta-llama/llama-3.1-8b-instruct,sha256:c3b9ffa3ca17aabd3b5ed96c056cf2256a11fa0b98d1a7297b093282b3804cca,det-v1,1,,1131,101,340.282,0.0000646300,false,true
call-001767,arm8_spec_immediate,dev/f6/s6100004/unreliable,12,meta-llama/llama-3.1-8b-instruct,sha256:c3b9ffa3ca17aabd3b5ed96c056cf2256a11fa0b98d1a7297b093282b3804cca,det-v1,1,accepted,1131,101,340.282,0.0000646300,false,false
call-001768,arm10_spec_eprocess,dev/f6/s6100004/unreliable,12,meta-llama/llama-3.1-8b-instruct,sha256:c3b9ffa3ca17aabd3b5ed96c056cf2256a11fa0b98d1a7297b093282b3804cca,det-v1,1,accepted,1131,101,0.002,0.0000646300,true,false
call-001769,arm12_cth,dev/f6/s6100004/unreliable,12,meta-llama/llama-3.1-8b-instruct,sha256:c3b9ffa3ca17aabd3b5ed96c056cf2256a11fa0b98d1a7297b093282b3804cca,det-v1,1,accepted,1131,101,0.002,0.0000646300,true,false
call-001770,arm12b_cth_llm,dev/f6/s6100004/unreliable,12,meta-llama/llama-3.1-8b-instruct,sha256:c3b9ffa3ca17aabd3b5ed96c056cf2256a11fa0b98d1a7297b093282b3804cca,det-v1,1,accepted,1131,101,0.003,0.0000646300,true,false
call-001771,arm8_spec_immediate,dev/f6/s6100004/no_alert__twin,12,meta-llama/llama-3.1-8b-instruct,sha256:c17818f4757ac5d8d57f18714d531d5b1739f6c78ee3c89f0d2a1ff3e9cdd8b7,det-v1,1,,1131,101,433.326,0.0000646300,false,true
call-001772,arm8_spec_immediate,dev/f6/s6100004/no_alert__twin,12,meta-llama/llama-3.1-8b-instruct,sha256:c17818f4757ac5d8d57f18714d531d5b1739f6c78ee3c89f0d2a1ff3e9cdd8b7,det-v1,1,accepted,1131,101,433.326,0.0000646300,false,false
call-001773,arm10_spec_eprocess,dev/f6/s6100004/no_alert__twin,12,meta-llama/llama-3.1-8b-instruct,sha256:c17818f4757ac5d8d57f18714d531d5b1739f6c78ee3c89f0d2a1ff3e9cdd8b7,det-v1,1,accepted,1131,101,0.002,0.0000646300,true,false
call-001774,arm12_cth,dev/f6/s6100004/no_alert__twin,12,meta-llama/llama-3.1-8b-instruct,sha256:c17818f4757ac5d8d57f18714d531d5b1739f6c78ee3c89f0d2a1ff3e9cdd8b7,det-v1,1,accepted,1131,101,0.002,0.0000646300,true,false
call-001775,arm12b_cth_llm,dev/f6/s6100004/no_alert__twin,12,meta-llama/llama-3.1-8b-instruct,sha256:c17818f4757ac5d8d57f18714d531d5b1739f6c78ee3c89f0d2a1ff3e9cdd8b7,det-v1,1,accepted,1131,101,0.002,0.0000646300,true,false
call-001776,arm8_spec_immediate,cal/f6/s6100005/no_alert,20,meta-llama/llama-3.1-8b-instruct,sha256:8b3ef04788bcb223d5d1caa1b4d105c48d1455ec708cca1ab18d2c89e7d43963,det-v1,1,,1427,100,324.223,0.0000793500,false,true
call-001777,arm8_spec_immediate,cal/f6/s6100005/no_alert,20,meta-llama/llama-3.1-8b-instruct,sha256:8b3ef04788bcb223d5d1caa1b4d105c48d1455ec708cca1ab18d2c89e7d43963,det-v1,1,fallback,1427,100,324.223,0.0000793500,false,false
call-001778,arm8_spec_immediate,cal/f6/s6100005/no_alert,20,meta-llama/llama-3.1-8b-instruct,sha256:697aed6c6ebed2c8a22bee3a28b8699ae9c94b33aba60e0ff20c6ca6deb71778,det-v1,2,,1497,126,369.470,0.0000849300,false,true
call-001779,arm8_spec_immediate,cal/f6/s6100005/no_alert,20,meta-llama/llama-3.1-8b-instruct,sha256:697aed6c6ebed2c8a22bee3a28b8699ae9c94b33aba60e0ff20c6ca6deb71778,det-v1,2,fallback,1497,126,369.470,0.0000849300,false,false
call-001780,arm10_spec_eprocess,cal/f6/s6100005/no_alert,20,meta-llama/llama-3.1-8b-instruct,sha256:8b3ef04788bcb223d5d1caa1b4d105c48d1455ec708cca1ab18d2c89e7d43963,det-v1,1,fallback,1427,100,0.002,0.0000793500,true,false
call-001781,arm10_spec_eprocess,cal/f6/s6100005/no_alert,20,meta-llama/llama-3.1-8b-instruct,sha256:697aed6c6ebed2c8a22bee3a28b8699ae9c94b33aba60e0ff20c6ca6deb71778,det-v1,2,fallback,1497,126,0.002,0.0000849300,true,false
call-001782,arm12_cth,cal/f6/s6100005/no_alert,20,meta-llama/llama-3.1-8b-instruct,sha256:8b3ef04788bcb223d5d1caa1b4d105c48d1455ec708cca1ab18d2c89e7d43963,det-v1,1,fallback,1427,100,0.001,0.0000793500,true,false
call-001783,arm12_cth,cal/f6/s6100005/no_alert,20,meta-llama/llama-3.1-8b-instruct,sha256:697aed6c6ebed2c8a22bee3a28b8699ae9c94b33aba60e0ff20c6ca6deb71778,det-v1,2,fallback,1497,126,0.001,0.0000849300,true,false
call-001784,arm12b_cth_llm,cal/f6/s6100005/no_alert,20,meta-llama/llama-3.1-8b-instruct,sha256:8b3ef04788bcb223d5d1caa1b4d105c48d1455ec708cca1ab18d2c89e7d43963,det-v1,1,fallback,1427,100,0.003,0.0000793500,true,false
call-001785,arm12b_cth_llm,cal/f6/s6100005/no_alert,20,meta-llama/llama-3.1-8b-instruct,sha256:697aed6c6ebed2c8a22bee3a28b8699ae9c94b33aba60e0ff20c6ca6deb71778,det-v1,2,fallback,1497,126,0.001,0.0000849300,true,false
call-001786,arm8_spec_immediate,cal/f6/s6100005/early_accurate,13,meta-llama/llama-3.1-8b-instruct,sha256:f24d0c6767daec06cc9373bb99d1ab8c8acef528eff908be6001f296f3acac98,det-v1,1,,1203,152,408.328,0.0000723100,false,true
call-001787,arm8_spec_immediate,cal/f6/s6100005/early_accurate,13,meta-llama/llama-3.1-8b-instruct,sha256:f24d0c6767daec06cc9373bb99d1ab8c8acef528eff908be6001f296f3acac98,det-v1,1,accepted,1203,152,408.328,0.0000723100,false,false
call-001788,arm10_spec_eprocess,cal/f6/s6100005/early_accurate,13,meta-llama/llama-3.1-8b-instruct,sha256:f24d0c6767daec06cc9373bb99d1ab8c8acef528eff908be6001f296f3acac98,det-v1,1,accepted,1203,152,0.002,0.0000723100,true,false
call-001789,arm12_cth,cal/f6/s6100005/early_accurate,13,meta-llama/llama-3.1-8b-instruct,sha256:f24d0c6767daec06cc9373bb99d1ab8c8acef528eff908be6001f296f3acac98,det-v1,1,accepted,1203,152,0.002,0.0000723100,true,false
call-001790,arm12b_cth_llm,cal/f6/s6100005/early_accurate,13,meta-llama/llama-3.1-8b-instruct,sha256:f24d0c6767daec06cc9373bb99d1ab8c8acef528eff908be6001f296f3acac98,det-v1,1,accepted,1203,152,0.003,0.0000723100,true,false
call-001791,arm8_spec_immediate,cal/f6/s6100005/late_accurate,16,meta-llama/llama-3.1-8b-instruct,sha256:73d74333a56735b2473a14f6a104ba674a38e10c49a2d4570b0bcf56fc943fe0,det-v1,1,,1314,162,415.262,0.0000786600,false,true
call-001792,arm8_spec_immediate,cal/f6/s6100005/late_accurate,16,meta-llama/llama-3.1-8b-instruct,sha256:73d74333a56735b2473a14f6a104ba674a38e10c49a2d4570b0bcf56fc943fe0,det-v1,1,accepted,1314,162,415.262,0.0000786600,false,false
call-001793,arm10_spec_eprocess,cal/f6/s6100005/late_accurate,16,meta-llama/llama-3.1-8b-instruct,sha256:73d74333a56735b2473a14f6a104ba674a38e10c49a2d4570b0bcf56fc943fe0,det-v1,1,accepted,1314,162,0.001,0.0000786600,true,false
call-001794,arm12_cth,cal/f6/s6100005/late_accurate,16,meta-llama/llama-3.1-8b-instruct,sha256:73d74333a56735b2473a14f6a104ba674a38e10c49a2d4570b0bcf56fc943fe0,det-v1,1,accepted,1314,162,0.001,0.0000786600,true,false
call-001795,arm12b_cth_llm,cal/f6/s6100005/late_accurate,16,meta-llama/llama-3.1-8b-instruct,sha256:73d74333a56735b2473a14f6a104ba674a38e10c49a2d4570b0bcf56fc943fe0,det-v1,1,accepted,1314,162,0.003,0.0000786600,true,false
call-001796,arm8_spec_immediate,cal/f6/s6100005/unreliable,13,meta-llama/llama-3.1-8b-instruct,sha256:067e8015f9d81c625d6599f121345ad616594bee8f56960b623ae1e082ad674f,det-v1,1,,1208,146,369.532,0.0000720800,false,true
call-001797,arm8_spec_immediate,cal/f6/s6100005/unreliable,13,meta-llama/llama-3.1-8b-instruct,sha256:067e8015f9d81c625d6599f121345ad616594bee8f56960b623ae1e082ad674f,det-v1,1,accepted,1208,146,369.532,0.0000720800,false,false
call-001798,arm10_spec_eprocess,cal/f6/s6100005/unreliable,13,meta-llama/llama-3.1-8b-instruct,sha256:067e8015f9d81c625d6599f121345ad616594bee8f56960b623ae1e082ad674f,det-v1,1,accepted,1208,146,0.001,0.0000720800,true,false
call-001799,arm12_cth,cal/f6/s6100005/unreliable,13,meta-llama/llama-3.1-8b-instruct,sha256:067e8015f9d81c625d6599f121345ad616594bee8f56960b623ae1e082ad674f,det-v1,1,accepted,1208,146,0.001,0.0000720800,true,false
call-001800,arm12b_cth_llm,cal/f6/s6100005/unreliable,13,meta-llama/llama-3.1-8b-instruct,sha256:067e8015f9d81c625d6599f121345ad616594bee8f56960b623ae1e082ad674f,det-v1,1,accepted,1208,146,0.004,0.0000720800,true,false
call-001801,arm8_spec_immediate,cal/f6/s6100005/no_alert__twin,10,meta-llama/llama-3.1-8b-instruct,sha256:3cdd3a6166150848c2770f184d6f4dfb90ec40850355027e2c425f4e20cb3f07,det-v1,1,,1100,106,317.868,0.0000634800,false,true
call-001802,arm8_spec_immediate,cal/f6/s6100005/no_alert__twin,10,meta-llama/llama-3.1-8b-instruct,sha256:3cdd3a6166150848c2770f184d6f4dfb90ec40850355027e2c425f4e20cb3f07,det-v1,1,accepted,1100,106,317.868,0.0000634800,false,false
call-001803,arm10_spec_eprocess,cal/f6/s6100005/no_alert__twin,10,meta-llama/llama-3.1-8b-instruct,sha256:3cdd3a6166150848c2770f184d6f4dfb90ec40850355027e2c425f4e20cb3f07,det-v1,1,accepted,1100,106,0.002,0.0000634800,true,false
call-001804,arm12_cth,cal/f6/s6100005/no_alert__twin,10,meta-llama/llama-3.1-8b-instruct,sha256:3cdd3a6166150848c2770f184d6f4dfb90ec40850355027e2c425f4e20cb3f07,det-v1,1,accepted,1100,106,0.002,0.0000634800,true,false
call-001805,arm12b_cth_llm,cal/f6/s6100005/no_alert__twin,10,meta-llama/llama-3.1-8b-instruct,sha256:3cdd3a6166150848c2770f184d6f4dfb90ec40850355027e2c425f4e20cb3f07,det-v1,1,accepted,1100,106,0.002,0.0000634800,true,false
call-001806,arm8_spec_immediate,dev/f6/s6100006/early_accurate,18,meta-llama/llama-3.1-8b-instruct,sha256:2eaf2af741ce64c146ca7c3e283c494ecc10dc723891ff2955ab1942cf66de0a,det-v1,1,,1391,100,353.480,0.0000775500,false,true
call-001807,arm8_spec_immediate,dev/f6/s6100006/early_accurate,18,meta-llama/llama-3.1-8b-instruct,sha256:2eaf2af741ce64c146ca7c3e283c494ecc10dc723891ff2955ab1942cf66de0a,det-v1,1,fallback,1391,100,353.480,0.0000775500,false,false
call-001808,arm8_spec_immediate,dev/f6/s6100006/early_accurate,18,meta-llama/llama-3.1-8b-instruct,sha256:3d8de4a57ab71d515ffb1de7f5dd2a95b1d036c95840ae59be48a0e36b359fa5,det-v1,2,,1461,127,749.326,0.0000832100,false,true
call-001809,arm8_spec_immediate,dev/f6/s6100006/early_accurate,18,meta-llama/llama-3.1-8b-instruct,sha256:3d8de4a57ab71d515ffb1de7f5dd2a95b1d036c95840ae59be48a0e36b359fa5,det-v1,2,fallback,1461,127,749.326,0.0000832100,false,false
call-001810,arm10_spec_eprocess,dev/f6/s6100006/early_accurate,18,meta-llama/llama-3.1-8b-instruct,sha256:2eaf2af741ce64c146ca7c3e283c494ecc10dc723891ff2955ab1942cf66de0a,det-v1,1,fallback,1391,100,0.002,0.0000775500,true,false
call-001811,arm10_spec_eprocess,dev/f6/s6100006/early_accurate,18,meta-llama/llama-3.1-8b-instruct,sha256:3d8de4a57ab71d515ffb1de7f5dd2a95b1d036c95840ae59be48a0e36b359fa5,det-v1,2,fallback,1461,127,0.001,0.0000832100,true,false
call-001812,arm12_cth,dev/f6/s6100006/early_accurate,18,meta-llama/llama-3.1-8b-instruct,sha256:2eaf2af741ce64c146ca7c3e283c494ecc10dc723891ff2955ab1942cf66de0a,det-v1,1,fallback,1391,100,0.002,0.0000775500,true,false
call-001813,arm12_cth,dev/f6/s6100006/early_accurate,18,meta-llama/llama-3.1-8b-instruct,sha256:3d8de4a57ab71d515ffb1de7f5dd2a95b1d036c95840ae59be48a0e36b359fa5,det-v1,2,fallback,1461,127,0.001,0.0000832100,true,false
call-001814,arm12b_cth_llm,dev/f6/s6100006/early_accurate,18,meta-llama/llama-3.1-8b-instruct,sha256:2eaf2af741ce64c146ca7c3e283c494ecc10dc723891ff2955ab1942cf66de0a,det-v1,1,fallback,1391,100,0.002,0.0000775500,true,false
call-001815,arm12b_cth_llm,dev/f6/s6100006/early_accurate,18,meta-llama/llama-3.1-8b-instruct,sha256:3d8de4a57ab71d515ffb1de7f5dd2a95b1d036c95840ae59be48a0e36b359fa5,det-v1,2,fallback,1461,127,0.001,0.0000832100,true,false
call-001816,arm8_spec_immediate,dev/f6/s6100006/late_accurate,21,meta-llama/llama-3.1-8b-instruct,sha256:983a306d13c520498dccbae83543483a24b9043e23045dbd0aca6c21175403a1,det-v1,1,,1502,170,1285.046,0.0000887000,false,true
call-001817,arm8_spec_immediate,dev/f6/s6100006/late_accurate,21,meta-llama/llama-3.1-8b-instruct,sha256:983a306d13c520498dccbae83543483a24b9043e23045dbd0aca6c21175403a1,det-v1,1,fallback,1502,170,1285.046,0.0000887000,false,false
call-001818,arm8_spec_immediate,dev/f6/s6100006/late_accurate,21,meta-llama/llama-3.1-8b-instruct,sha256:968f7b5446550335e358e4c85c079456f67912c79fa43966f0ab61b06cd6f376,det-v1,2,,1572,94,352.124,0.0000861200,false,true
call-001819,arm8_spec_immediate,dev/f6/s6100006/late_accurate,21,meta-llama/llama-3.1-8b-instruct,sha256:968f7b5446550335e358e4c85c079456f67912c79fa43966f0ab61b06cd6f376,det-v1,2,fallback,1572,94,352.124,0.0000861200,false,false
call-001820,arm10_spec_eprocess,dev/f6/s6100006/late_accurate,21,meta-llama/llama-3.1-8b-instruct,sha256:983a306d13c520498dccbae83543483a24b9043e23045dbd0aca6c21175403a1,det-v1,1,fallback,1502,170,0.003,0.0000887000,true,false
call-001821,arm10_spec_eprocess,dev/f6/s6100006/late_accurate,21,meta-llama/llama-3.1-8b-instruct,sha256:968f7b5446550335e358e4c85c079456f67912c79fa43966f0ab61b06cd6f376,det-v1,2,fallback,1572,94,0.002,0.0000861200,true,false
call-001822,arm12_cth,dev/f6/s6100006/late_accurate,21,meta-llama/llama-3.1-8b-instruct,sha256:983a306d13c520498dccbae83543483a24b9043e23045dbd0aca6c21175403a1,det-v1,1,fallback,1502,170,0.002,0.0000887000,true,false
call-001823,arm12_cth,dev/f6/s6100006/late_accurate,21,meta-llama/llama-3.1-8b-instruct,sha256:968f7b5446550335e358e4c85c079456f67912c79fa43966f0ab61b06cd6f376,det-v1,2,fallback,1572,94,0.001,0.0000861200,true,false
call-001824,arm12b_cth_llm,dev/f6/s6100006/late_accurate,21,meta-llama/llama-3.1-8b-instruct,sha256:983a306d13c520498dccbae83543483a24b9043e23045dbd0aca6c21175403a1,det-v1,1,fallback,1502,170,0.002,0.0000887000,true,false
call-001825,arm12b_cth_llm,dev/f6/s6100006/late_accurate,21,meta-llama/llama-3.1-8b-instruct,sha256:968f7b5446550335e358e4c85c079456f67912c79fa43966f0ab61b06cd6f376,det-v1,2,fallback,1572,94,0.001,0.0000861200,true,false
call-001826,arm8_spec_immediate,dev/f6/s6100006/unreliable,18,meta-llama/llama-3.1-8b-instruct,sha256:1eecb47737bc8e38a55277ed4696bab882d92018fb4fce1a750857bebf7a8816,det-v1,1,,1380,170,455.724,0.0000826000,false,true
call-001827,arm8_spec_immediate,dev/f6/s6100006/unreliable,18,meta-llama/llama-3.1-8b-instruct,sha256:1eecb47737bc8e38a55277ed4696bab882d92018fb4fce1a750857bebf7a8816,det-v1,1,fallback,1380,170,455.724,0.0000826000,false,false
call-001828,arm8_spec_immediate,dev/f6/s6100006/unreliable,18,meta-llama/llama-3.1-8b-instruct,sha256:ccadda301dd9dd580b2905a4eb5b1fc3d3753923d5c0f645041ac3c2478ad7c8,det-v1,2,,1450,127,365.146,0.0000826600,false,true
call-001829,arm8_spec_immediate,dev/f6/s6100006/unreliable,18,meta-llama/llama-3.1-8b-instruct,sha256:ccadda301dd9dd580b2905a4eb5b1fc3d3753923d5c0f645041ac3c2478ad7c8,det-v1,2,fallback,1450,127,365.146,0.0000826600,false,false
call-001830,arm10_spec_eprocess,dev/f6/s6100006/unreliable,18,meta-llama/llama-3.1-8b-instruct,sha256:1eecb47737bc8e38a55277ed4696bab882d92018fb4fce1a750857bebf7a8816,det-v1,1,fallback,1380,170,0.004,0.0000826000,true,false
call-001831,arm10_spec_eprocess,dev/f6/s6100006/unreliable,18,meta-llama/llama-3.1-8b-instruct,sha256:ccadda301dd9dd580b2905a4eb5b1fc3d3753923d5c0f645041ac3c2478ad7c8,det-v1,2,fallback,1450,127,0.002,0.0000826600,true,false
call-001832,arm12_cth,dev/f6/s6100006/unreliable,18,meta-llama/llama-3.1-8b-instruct,sha256:1eecb47737bc8e38a55277ed4696bab882d92018fb4fce1a750857bebf7a8816,det-v1,1,fallback,1380,170,0.002,0.0000826000,true,false
call-001833,arm12_cth,dev/f6/s6100006/unreliable,18,meta-llama/llama-3.1-8b-instruct,sha256:ccadda301dd9dd580b2905a4eb5b1fc3d3753923d5c0f645041ac3c2478ad7c8,det-v1,2,fallback,1450,127,0.001,0.0000826600,true,false
call-001834,arm12b_cth_llm,dev/f6/s6100006/unreliable,18,meta-llama/llama-3.1-8b-instruct,sha256:1eecb47737bc8e38a55277ed4696bab882d92018fb4fce1a750857bebf7a8816,det-v1,1,fallback,1380,170,0.003,0.0000826000,true,false
call-001835,arm12b_cth_llm,dev/f6/s6100006/unreliable,18,meta-llama/llama-3.1-8b-instruct,sha256:ccadda301dd9dd580b2905a4eb5b1fc3d3753923d5c0f645041ac3c2478ad7c8,det-v1,2,fallback,1450,127,0.001,0.0000826600,true,false
call-001836,arm8_spec_immediate,dev/f6/s6100006/no_alert__twin,10,meta-llama/llama-3.1-8b-instruct,sha256:e092d3040222a4220911ceaa4e0f9baf3518ee39350ea07ddaec71a6e90e11e6,det-v1,1,,1095,96,287.627,0.0000624300,false,true
call-001837,arm8_spec_immediate,dev/f6/s6100006/no_alert__twin,10,meta-llama/llama-3.1-8b-instruct,sha256:e092d3040222a4220911ceaa4e0f9baf3518ee39350ea07ddaec71a6e90e11e6,det-v1,1,accepted,1095,96,287.627,0.0000624300,false,false
call-001838,arm10_spec_eprocess,dev/f6/s6100006/no_alert__twin,10,meta-llama/llama-3.1-8b-instruct,sha256:e092d3040222a4220911ceaa4e0f9baf3518ee39350ea07ddaec71a6e90e11e6,det-v1,1,accepted,1095,96,0.001,0.0000624300,true,false
call-001839,arm12_cth,dev/f6/s6100006/no_alert__twin,10,meta-llama/llama-3.1-8b-instruct,sha256:e092d3040222a4220911ceaa4e0f9baf3518ee39350ea07ddaec71a6e90e11e6,det-v1,1,accepted,1095,96,0.002,0.0000624300,true,false
call-001840,arm12b_cth_llm,dev/f6/s6100006/no_alert__twin,10,meta-llama/llama-3.1-8b-instruct,sha256:e092d3040222a4220911ceaa4e0f9baf3518ee39350ea07ddaec71a6e90e11e6,det-v1,1,accepted,1095,96,0.002,0.0000624300,true,false
call-001841,arm8_spec_immediate,cal/f6/s6100007/no_alert,47,meta-llama/llama-3.1-8b-instruct,sha256:8107c9b1229736a744e3030ef386d87256d8676797f0398b7ca114717efc9ddb,det-v1,1,,2426,316,961.776,0.0001465800,false,true
call-001842,arm8_spec_immediate,cal/f6/s6100007/no_alert,47,meta-llama/llama-3.1-8b-instruct,sha256:8107c9b1229736a744e3030ef386d87256d8676797f0398b7ca114717efc9ddb,det-v1,1,accepted,2426,316,961.776,0.0001465800,false,false
call-001843,arm10_spec_eprocess,cal/f6/s6100007/no_alert,47,meta-llama/llama-3.1-8b-instruct,sha256:8107c9b1229736a744e3030ef386d87256d8676797f0398b7ca114717efc9ddb,det-v1,1,accepted,2426,316,0.002,0.0001465800,true,false
call-001844,arm12_cth,cal/f6/s6100007/no_alert,47,meta-llama/llama-3.1-8b-instruct,sha256:8107c9b1229736a744e3030ef386d87256d8676797f0398b7ca114717efc9ddb,det-v1,1,accepted,2426,316,0.001,0.0001465800,true,false
call-001845,arm12b_cth_llm,cal/f6/s6100007/no_alert,47,meta-llama/llama-3.1-8b-instruct,sha256:8107c9b1229736a744e3030ef386d87256d8676797f0398b7ca114717efc9ddb,det-v1,1,accepted,2426,316,0.002,0.0001465800,true,false
call-001846,arm8_spec_immediate,cal/f6/s6100007/early_accurate,13,meta-llama/llama-3.1-8b-instruct,sha256:241a695d3a99ab0f347a55cd70e9febde44dece4481daeaa9c26cc38406ce6c9,det-v1,1,,1214,146,690.503,0.0000723800,false,true
call-001847,arm8_spec_immediate,cal/f6/s6100007/early_accurate,13,meta-llama/llama-3.1-8b-instruct,sha256:241a695d3a99ab0f347a55cd70e9febde44dece4481daeaa9c26cc38406ce6c9,det-v1,1,accepted,1214,146,690.503,0.0000723800,false,false
call-001848,arm8_spec_immediate,cal/f6/s6100007/early_accurate,47,meta-llama/llama-3.1-8b-instruct,sha256:d1cf5d0fcae17a15e00e5a3e45bb89951363a742a2af7ebf5823327a139b7718,det-v1,1,,2472,321,864.316,0.0001492800,false,true
call-001849,arm8_spec_immediate,cal/f6/s6100007/early_accurate,47,meta-llama/llama-3.1-8b-instruct,sha256:d1cf5d0fcae17a15e00e5a3e45bb89951363a742a2af7ebf5823327a139b7718,det-v1,1,accepted,2472,321,864.316,0.0001492800,false,false
call-001850,arm10_spec_eprocess,cal/f6/s6100007/early_accurate,13,meta-llama/llama-3.1-8b-instruct,sha256:241a695d3a99ab0f347a55cd70e9febde44dece4481daeaa9c26cc38406ce6c9,det-v1,1,accepted,1214,146,0.004,0.0000723800,true,false
call-001851,arm10_spec_eprocess,cal/f6/s6100007/early_accurate,47,meta-llama/llama-3.1-8b-instruct,sha256:f2c95de931512e0db0d73a035ebfc751ed7fd8b5fdbbdc368f1d856c7f625f54,det-v1,1,,2472,274,678.808,0.0001455200,false,true
call-001852,arm10_spec_eprocess,cal/f6/s6100007/early_accurate,47,meta-llama/llama-3.1-8b-instruct,sha256:f2c95de931512e0db0d73a035ebfc751ed7fd8b5fdbbdc368f1d856c7f625f54,det-v1,1,fallback,2472,274,678.808,0.0001455200,false,false
call-001853,arm10_spec_eprocess,cal/f6/s6100007/early_accurate,47,meta-llama/llama-3.1-8b-instruct,sha256:551293988f0551d4c2df622e9eff422780c31767bae0daf56cf6a56cc078848f,det-v1,2,,2542,274,658.620,0.0001490200,false,true
call-001854,arm10_spec_eprocess,cal/f6/s6100007/early_accurate,47,meta-llama/llama-3.1-8b-instruct,sha256:551293988f0551d4c2df622e9eff422780c31767bae0daf56cf6a56cc078848f,det-v1,2,fallback,2542,274,658.620,0.0001490200,false,false
call-001855,arm12_cth,cal/f6/s6100007/early_accurate,13,meta-llama/llama-3.1-8b-instruct,sha256:241a695d3a99ab0f347a55cd70e9febde44dece4481daeaa9c26cc38406ce6c9,det-v1,1,accepted,1214,146,0.002,0.0000723800,true,false
call-001856,arm12_cth,cal/f6/s6100007/early_accurate,47,meta-llama/llama-3.1-8b-instruct,sha256:4dc0f2192d93ccf3cee51cfb3d69b6ec5e13ad191479fcb1c70cfd657b843e84,det-v1,1,,2472,274,550.282,0.0001455200,false,true
call-001857,arm12_cth,cal/f6/s6100007/early_accurate,47,meta-llama/llama-3.1-8b-instruct,sha256:4dc0f2192d93ccf3cee51cfb3d69b6ec5e13ad191479fcb1c70cfd657b843e84,det-v1,1,fallback,2472,274,550.282,0.0001455200,false,false
call-001858,arm12_cth,cal/f6/s6100007/early_accurate,47,meta-llama/llama-3.1-8b-instruct,sha256:54d25ccb5be8c1a9c081eb6136c8fa902b7db0a87dd84ed3afb45dc0d2dc2b21,det-v1,2,,2518,81,6105.513,0.0001323800,false,true
call-001859,arm12_cth,cal/f6/s6100007/early_accurate,47,meta-llama/llama-3.1-8b-instruct,sha256:54d25ccb5be8c1a9c081eb6136c8fa902b7db0a87dd84ed3afb45dc0d2dc2b21,det-v1,2,fallback,2518,81,6105.513,0.0001323800,false,false
call-001860,arm12b_cth_llm,cal/f6/s6100007/early_accurate,13,meta-llama/llama-3.1-8b-instruct,sha256:241a695d3a99ab0f347a55cd70e9febde44dece4481daeaa9c26cc38406ce6c9,det-v1,1,accepted,1214,146,0.003,0.0000723800,true,false
call-001861,arm12b_cth_llm,cal/f6/s6100007/early_accurate,47,meta-llama/llama-3.1-8b-instruct,sha256:ed46cf81f3cbd75b38b44b376fd0b98a009336e4cab40a02981ef1196df77e3f,det-v1,1,,2472,321,700.461,0.0001492800,false,true
call-001862,arm12b_cth_llm,cal/f6/s6100007/early_accurate,47,meta-llama/llama-3.1-8b-instruct,sha256:ed46cf81f3cbd75b38b44b376fd0b98a009336e4cab40a02981ef1196df77e3f,det-v1,1,accepted,2472,321,700.461,0.0001492800,false,false
call-001863,arm8_spec_immediate,cal/f6/s6100007/late_accurate,16,meta-llama/llama-3.1-8b-instruct,sha256:a1f70030a73d65764ac06c8e1d86891fb43dd043e9955cc1a6310f38708633be,det-v1,1,,1325,161,477.758,0.0000791300,false,true
call-001864,arm8_spec_immediate,cal/f6/s6100007/late_accurate,16,meta-llama/llama-3.1-8b-instruct,sha256:a1f70030a73d65764ac06c8e1d86891fb43dd043e9955cc1a6310f38708633be,det-v1,1,accepted,1325,161,477.758,0.0000791300,false,false
call-001865,arm8_spec_immediate,cal/f6/s6100007/late_accurate,47,meta-llama/llama-3.1-8b-instruct,sha256:efb8fbc33e9356150be6a3c5a40f8c773cb4286f1965694c1ae07ed6c8fbc834,det-v1,1,,2472,321,634.606,0.0001492800,false,true
call-001866,arm8_spec_immediate,cal/f6/s6100007/late_accurate,47,meta-llama/llama-3.1-8b-instruct,sha256:efb8fbc33e9356150be6a3c5a40f8c773cb4286f1965694c1ae07ed6c8fbc834,det-v1,1,accepted,2472,321,634.606,0.0001492800,false,false
call-001867,arm10_spec_eprocess,cal/f6/s6100007/late_accurate,16,meta-llama/llama-3.1-8b-instruct,sha256:a1f70030a73d65764ac06c8e1d86891fb43dd043e9955cc1a6310f38708633be,det-v1,1,accepted,1325,161,0.005,0.0000791300,true,false
call-001868,arm10_spec_eprocess,cal/f6/s6100007/late_accurate,47,meta-llama/llama-3.1-8b-instruct,sha256:db8bc4dffa97f8ff437d5ff710def9f81cb7534016582f6a8e31a252d667b8ed,det-v1,1,,2472,321,605.615,0.0001492800,false,true
call-001869,arm10_spec_eprocess,cal/f6/s6100007/late_accurate,47,meta-llama/llama-3.1-8b-instruct,sha256:db8bc4dffa97f8ff437d5ff710def9f81cb7534016582f6a8e31a252d667b8ed,det-v1,1,accepted,2472,321,605.615,0.0001492800,false,false
call-001870,arm12_cth,cal/f6/s6100007/late_accurate,16,meta-llama/llama-3.1-8b-instruct,sha256:a1f70030a73d65764ac06c8e1d86891fb43dd043e9955cc1a6310f38708633be,det-v1,1,accepted,1325,161,0.002,0.0000791300,true,false
call-001871,arm12_cth,cal/f6/s6100007/late_accurate,47,meta-llama/llama-3.1-8b-instruct,sha256:66deca4177761b697312fbfaf6ec9664e29e6b4385f1390202e2f04ce8ceb019,det-v1,1,,2472,274,556.596,0.0001455200,false,true
call-001872,arm12_cth,cal/f6/s6100007/late_accurate,47,meta-llama/llama-3.1-8b-instruct,sha256:66deca4177761b697312fbfaf6ec9664e29e6b4385f1390202e2f04ce8ceb019,det-v1,1,fallback,2472,274,556.596,0.0001455200,false,false
call-001873,arm12_cth,cal/f6/s6100007/late_accurate,47,meta-llama/llama-3.1-8b-instruct,sha256:ecbd0535e677321b8a958e77c786820b8e6665047a9bd36389b559bc5fd72406,det-v1,2,,2542,274,561.521,0.0001490200,false,true
call-001874,arm12_cth,cal/f6/s6100007/late_accurate,47,meta-llama/llama-3.1-8b-instruct,sha256:ecbd0535e677321b8a958e77c786820b8e6665047a9bd36389b559bc5fd72406,det-v1,2,fallback,2542,274,561.521,0.0001490200,false,false
call-001875,arm12b_cth_llm,cal/f6/s6100007/late_accurate,16,meta-llama/llama-3.1-8b-instruct,sha256:a1f70030a73d65764ac06c8e1d86891fb43dd043e9955cc1a6310f38708633be,det-v1,1,accepted,1325,161,0.002,0.0000791300,true,false
call-001876,arm12b_cth_llm,cal/f6/s6100007/late_accurate,47,meta-llama/llama-3.1-8b-instruct,sha256:9c9b69f959f1f8be4e7cd5b320f3df24f1555c3eaff1b25f59dddb92114f57f9,det-v1,1,,2472,274,576.898,0.0001455200,false,true
call-001877,arm12b_cth_llm,cal/f6/s6100007/late_accurate,47,meta-llama/llama-3.1-8b-instruct,sha256:9c9b69f959f1f8be4e7cd5b320f3df24f1555c3eaff1b25f59dddb92114f57f9,det-v1,1,fallback,2472,274,576.898,0.0001455200,false,false
call-001878,arm12b_cth_llm,cal/f6/s6100007/late_accurate,47,meta-llama/llama-3.1-8b-instruct,sha256:aa26a26cd272992855b05296c98e209974f80986ec46e000e70baadea5e35504,det-v1,2,,2542,274,735.613,0.0001490200,false,true
call-001879,arm12b_cth_llm,cal/f6/s6100007/late_accurate,47,meta-llama/llama-3.1-8b-instruct,sha256:aa26a26cd272992855b05296c98e209974f80986ec46e000e70baadea5e35504,det-v1,2,fallback,2542,274,735.613,0.0001490200,false,false
call-001880,arm8_spec_immediate,cal/f6/s6100007/unreliable,13,meta-llama/llama-3.1-8b-instruct,sha256:4e14fa70f7b2e6c27e6ef2486078d83a435ff4a6e1971b52d0491b741cd16e8d,det-v1,1,,1205,151,362.488,0.0000723300,false,true
call-001881,arm8_spec_immediate,cal/f6/s6100007/unreliable,13,meta-llama/llama-3.1-8b-instruct,sha256:4e14fa70f7b2e6c27e6ef2486078d83a435ff4a6e1971b52d0491b741cd16e8d,det-v1,1,accepted,1205,151,362.488,0.0000723300,false,false
call-001882,arm8_spec_immediate,cal/f6/s6100007/unreliable,47,meta-llama/llama-3.1-8b-instruct,sha256:d0ef654de95fac2fec2db0644c56d7afcf40bb3269119a91fdfebfa37d0a93ca,det-v1,1,,2463,271,600.143,0.0001448300,false,true
call-001883,arm8_spec_immediate,cal/f6/s6100007/unreliable,47,meta-llama/llama-3.1-8b-instruct,sha256:d0ef654de95fac2fec2db0644c56d7afcf40bb3269119a91fdfebfa37d0a93ca,det-v1,1,accepted,2463,271,600.143,0.0001448300,false,false
call-001884,arm10_spec_eprocess,cal/f6/s6100007/unreliable,13,meta-llama/llama-3.1-8b-instruct,sha256:4e14fa70f7b2e6c27e6ef2486078d83a435ff4a6e1971b52d0491b741cd16e8d,det-v1,1,accepted,1205,151,0.003,0.0000723300,true,false
call-001885,arm10_spec_eprocess,cal/f6/s6100007/unreliable,47,meta-llama/llama-3.1-8b-instruct,sha256:ab3b069f27ef0ae18072e1cc60ed860355ee1258eedc3466bcc217dacdc40a6a,det-v1,1,,2463,271,856.188,0.0001448300,false,true
call-001886,arm10_spec_eprocess,cal/f6/s6100007/unreliable,47,meta-llama/llama-3.1-8b-instruct,sha256:ab3b069f27ef0ae18072e1cc60ed860355ee1258eedc3466bcc217dacdc40a6a,det-v1,1,accepted,2463,271,856.188,0.0001448300,false,false
call-001887,arm12_cth,cal/f6/s6100007/unreliable,13,meta-llama/llama-3.1-8b-instruct,sha256:4e14fa70f7b2e6c27e6ef2486078d83a435ff4a6e1971b52d0491b741cd16e8d,det-v1,1,accepted,1205,151,0.002,0.0000723300,true,false
call-001888,arm12_cth,cal/f6/s6100007/unreliable,47,meta-llama/llama-3.1-8b-instruct,sha256:add7c4438adbf12cee1474913f198dbd50fe3d2d9acfd4db34182add57245b44,det-v1,1,,2463,196,573.741,0.0001388300,false,true
call-001889,arm12_cth,cal/f6/s6100007/unreliable,47,meta-llama/llama-3.1-8b-instruct,sha256:add7c4438adbf12cee1474913f198dbd50fe3d2d9acfd4db34182add57245b44,det-v1,1,accepted,2463,196,573.741,0.0001388300,false,false
call-001890,arm12b_cth_llm,cal/f6/s6100007/unreliable,13,meta-llama/llama-3.1-8b-instruct,sha256:4e14fa70f7b2e6c27e6ef2486078d83a435ff4a6e1971b52d0491b741cd16e8d,det-v1,1,accepted,1205,151,0.002,0.0000723300,true,false
call-001891,arm12b_cth_llm,cal/f6/s6100007/unreliable,47,meta-llama/llama-3.1-8b-instruct,sha256:0105fb7b218f11e0dd9a00b3edbb5fa9b076ca98ee82afead34ed87bc9a92462,det-v1,1,,2463,271,621.120,0.0001448300,false,true
call-001892,arm12b_cth_llm,cal/f6/s6100007/unreliable,47,meta-llama/llama-3.1-8b-instruct,sha256:0105fb7b218f11e0dd9a00b3edbb5fa9b076ca98ee82afead34ed87bc9a92462,det-v1,1,accepted,2463,271,621.120,0.0001448300,false,false
call-001893,arm8_spec_immediate,cal/f6/s6100007/no_alert__twin,47,meta-llama/llama-3.1-8b-instruct,sha256:f4fa139ce749ad8a571c00d292b0210d491e2231e775632b4c0f31f32195b8c7,det-v1,1,,2426,316,944.783,0.0001465800,false,true
call-001894,arm8_spec_immediate,cal/f6/s6100007/no_alert__twin,47,meta-llama/llama-3.1-8b-instruct,sha256:f4fa139ce749ad8a571c00d292b0210d491e2231e775632b4c0f31f32195b8c7,det-v1,1,accepted,2426,316,944.783,0.0001465800,false,false
call-001895,arm10_spec_eprocess,cal/f6/s6100007/no_alert__twin,47,meta-llama/llama-3.1-8b-instruct,sha256:f4fa139ce749ad8a571c00d292b0210d491e2231e775632b4c0f31f32195b8c7,det-v1,1,accepted,2426,316,0.002,0.0001465800,true,false
call-001896,arm12_cth,cal/f6/s6100007/no_alert__twin,47,meta-llama/llama-3.1-8b-instruct,sha256:f4fa139ce749ad8a571c00d292b0210d491e2231e775632b4c0f31f32195b8c7,det-v1,1,accepted,2426,316,0.002,0.0001465800,true,false
call-001897,arm12b_cth_llm,cal/f6/s6100007/no_alert__twin,47,meta-llama/llama-3.1-8b-instruct,sha256:f4fa139ce749ad8a571c00d292b0210d491e2231e775632b4c0f31f32195b8c7,det-v1,1,accepted,2426,316,0.001,0.0001465800,true,false
