call_id,arm_id,episode_id,period,model_id,prompt_hash,decoding_hash,attempt_index,outcome,input_tokens,output_tokens,latency_ms,usd_cost,cache_hit,physical
call-000001,arm8_spec_immediate,dev/f1/s1050000/no_alert,25,qwen/qwen-2.5-72b-instruct,sha256:ccd2d51957751738ced69a1301e50a57e0da4b586f75b18536d6d48a59b4fb04,det-v1,1,,1740,78,9363.600,0.0006576000,false,true
call-000002,arm8_spec_immediate,dev/f1/s1050000/no_alert,25,qwen/qwen-2.5-72b-instruct,sha256:ccd2d51957751738ced69a1301e50a57e0da4b586f75b18536d6d48a59b4fb04,det-v1,1,accepted,1740,78,9363.600,0.0006576000,false,false
call-000003,arm8_spec_immediate,dev/f1/s1050000/no_alert,31,qwen/qwen-2.5-72b-instruct,sha256:73ce60f3e9906809eb350895fae0d7a167f0c64559a65462511a542c074f4f0a,det-v1,1,,2016,78,6283.618,0.0007569600,false,true
call-000004,arm8_spec_immediate,dev/f1/s1050000/no_alert,31,qwen/qwen-2.5-72b-instruct,sha256:73ce60f3e9906809eb350895fae0d7a167f0c64559a65462511a542c074f4f0a,det-v1,1,accepted,2016,78,6283.618,0.0007569600,false,false
call-000005,arm9_spec_heuristic_rollback,dev/f1/s1050000/no_alert,25,qwen/qwen-2.5-72b-instruct,sha256:ccd2d51957751738ced69a1301e50a57e0da4b586f75b18536d6d48a59b4fb04,det-v1,1,accepted,1740,78,0.004,0.0006576000,true,false
call-000006,arm9_spec_heuristic_rollback,dev/f1/s1050000/no_alert,31,qwen/qwen-2.5-72b-instruct,sha256:73ce60f3e9906809eb350895fae0d7a167f0c64559a65462511a542c074f4f0a,det-v1,1,accepted,2016,78,0.004,0.0007569600,true,false
call-000007,arm10_spec_eprocess,dev/f1/s1050000/no_alert,25,qwen/qwen-2.5-72b-instruct,sha256:ccd2d51957751738ced69a1301e50a57e0da4b586f75b18536d6d48a59b4fb04,det-v1,1,accepted,1740,78,0.004,0.0006576000,true,false
call-000008,arm10_spec_eprocess,dev/f1/s1050000/no_alert,31,qwen/qwen-2.5-72b-instruct,sha256:73ce60f3e9906809eb350895fae0d7a167f0c64559a65462511a542c074f4f0a,det-v1,1,accepted,2016,78,0.003,0.0007569600,true,false
call-000009,arm8_spec_immediate,cal/f1/s1060000/no_alert,21,qwen/qwen-2.5-72b-instruct,sha256:517f1346323f65413df37beabf6e388ecfb5ccf4cabe945fd679157e8861c42f,det-v1,1,,1569,78,3700.988,0.0005960400,false,true
call-000010,arm8_spec_immediate,cal/f1/s1060000/no_alert,21,qwen/qwen-2.5-72b-instruct,sha256:517f1346323f65413df37beabf6e388ecfb5ccf4cabe945fd679157e8861c42f,det-v1,1,accepted,1569,78,3700.988,0.0005960400,false,false
call-000011,arm8_spec_immediate,cal/f1/s1060000/no_alert,49,qwen/qwen-2.5-72b-instruct,sha256:03000115748d29e74362b4d37d6718ba07c2f31446477b098c2ebb1d83977277,det-v1,1,,2829,78,4897.891,0.0010496400,false,true
call-000012,arm8_spec_immediate,cal/f1/s1060000/no_alert,49,qwen/qwen-2.5-72b-instruct,sha256:03000115748d29e74362b4d37d6718ba07c2f31446477b098c2ebb1d83977277,det-v1,1,accepted,2829,78,4897.891,0.0010496400,false,false
call-000013,arm9_spec_heuristic_rollback,cal/f1/s1060000/no_alert,21,qwen/qwen-2.5-72b-instruct,sha256:517f1346323f65413df37beabf6e388ecfb5ccf4cabe945fd679157e8861c42f,det-v1,1,accepted,1569,78,0.002,0.0005960400,true,false
call-000014,arm9_spec_heuristic_rollback,cal/f1/s1060000/no_alert,49,qwen/qwen-2.5-72b-instruct,sha256:03000115748d29e74362b4d37d6718ba07c2f31446477b098c2ebb1d83977277,det-v1,1,accepted,2829,78,0.003,0.0010496400,true,false
call-000015,arm10_spec_eprocess,cal/f1/s1060000/no_alert,21,qwen/qwen-2.5-72b-instruct,sha256:517f1346323f65413df37beabf6e388ecfb5ccf4cabe945fd679157e8861c42f,det-v1,1,accepted,1569,78,0.003,0.0005960400,true,false
call-000016,arm10_spec_eprocess,cal/f1/s1060000/no_alert,49,qwen/qwen-2.5-72b-instruct,sha256:03000115748d29e74362b4d37d6718ba07c2f31446477b098c2ebb1d83977277,det-v1,1,accepted,2829,78,0.002,0.0010496400,true,false
call-000017,arm8_spec_immediate,dev/f1/s1050001/no_alert,23,qwen/qwen-2.5-72b-instruct,sha256:9a5f49ff6de53b97964384872494349e9f6448bccb7651c06a0659900b601931,det-v1,1,,1659,90,3458.818,0.0006332400,false,true
call-000018,arm8_spec_immediate,dev/f1/s1050001/no_alert,23,qwen/qwen-2.5-72b-instruct,sha256:9a5f49ff6de53b97964384872494349e9f6448bccb7651c06a0659900b601931,det-v1,1,accepted,1659,90,3458.818,0.0006332400,false,false
call-000019,arm8_spec_immediate,dev/f1/s1050001/no_alert,32,qwen/qwen-2.5-72b-instruct,sha256:25b77b59616dc40d52b03b6db7bf6ea32bd138deb8a01506b71681a559fad4e3,det-v1,1,,2071,78,3036.437,0.0007767600,false,true
call-000020,arm8_spec_immediate,dev/f1/s1050001/no_alert,32,qwen/qwen-2.5-72b-instruct,sha256:25b77b59616dc40d52b03b6db7bf6ea32bd138deb8a01506b71681a559fad4e3,det-v1,1,accepted,2071,78,3036.437,0.0007767600,false,false
call-000021,arm9_spec_heuristic_rollback,dev/f1/s1050001/no_alert,23,qwen/qwen-2.5-72b-instruct,sha256:9a5f49ff6de53b97964384872494349e9f6448bccb7651c06a0659900b601931,det-v1,1,accepted,1659,90,0.003,0.0006332400,true,false
call-000022,arm9_spec_heuristic_rollback,dev/f1/s1050001/no_alert,32,qwen/qwen-2.5-72b-instruct,sha256:25b77b59616dc40d52b03b6db7bf6ea32bd138deb8a01506b71681a559fad4e3,det-v1,1,accepted,2071,78,0.003,0.0007767600,true,false
call-000023,arm10_spec_eprocess,dev/f1/s1050001/no_alert,23,qwen/qwen-2.5-72b-instruct,sha256:9a5f49ff6de53b97964384872494349e9f6448bccb7651c06a0659900b601931,det-v1,1,accepted,1659,90,0.003,0.0006332400,true,false
call-000024,arm10_spec_eprocess,dev/f1/s1050001/no_alert,32,qwen/qwen-2.5-72b-instruct,sha256:07c4cdf9b40302f1662f04b5c67179d1f0030a5dd86dff4b516429c9b6c19361,det-v1,1,,2060,78,3179.721,0.0007728000,false,true
call-000025,arm10_spec_eprocess,dev/f1/s1050001/no_alert,32,qwen/qwen-2.5-72b-instruct,sha256:07c4cdf9b40302f1662f04b5c67179d1f0030a5dd86dff4b516429c9b6c19361,det-v1,1,accepted,2060,78,3179.721,0.0007728000,false,false
call-000026,arm8_spec_immediate,cal/f1/s1060001/no_alert,36,qwen/qwen-2.5-72b-instruct,sha256:9e2c14ea48212f893094fb06e3044465c86abb787d1c4a7af172cabceb69c2e8,det-v1,1,,2236,90,3054.776,0.0008409600,false,true
call-000027,arm8_spec_immediate,cal/f1/s1060001/no_alert,36,qwen/qwen-2.5-72b-instruct,sha256:9e2c14ea48212f893094fb06e3044465c86abb787d1c4a7af172cabceb69c2e8,det-v1,1,accepted,2236,90,3054.776,0.0008409600,false,false
call-000028,arm8_spec_immediate,cal/f1/s1060001/no_alert,46,qwen/qwen-2.5-72b-instruct,sha256:0fca1801b3ec6e03d2d63e421dc1a6956307c4a79ecbff174591e7051374e9ea,det-v1,1,,2696,78,2603.825,0.0010017600,false,true
call-000029,arm8_spec_immediate,cal/f1/s1060001/no_alert,46,qwen/qwen-2.5-72b-instruct,sha256:0fca1801b3ec6e03d2d63e421dc1a6956307c4a79ecbff174591e7051374e9ea,det-v1,1,accepted,2696,78,2603.825,0.0010017600,false,false
call-000030,arm9_spec_heuristic_rollback,cal/f1/s1060001/no_alert,36,qwen/qwen-2.5-72b-instruct,sha256:9e2c14ea48212f893094fb06e3044465c86abb787d1c4a7af172cabceb69c2e8,det-v1,1,accepted,2236,90,0.004,0.0008409600,true,false
call-000031,arm9_spec_heuristic_rollback,cal/f1/s1060001/no_alert,46,qwen/qwen-2.5-72b-instruct,sha256:0fca1801b3ec6e03d2d63e421dc1a6956307c4a79ecbff174591e7051374e9ea,det-v1,1,accepted,2696,78,0.003,0.0010017600,true,false
call-000032,arm10_spec_eprocess,cal/f1/s1060001/no_alert,36,qwen/qwen-2.5-72b-instruct,sha256:9e2c14ea48212f893094fb06e3044465c86abb787d1c4a7af172cabceb69c2e8,det-v1,1,accepted,2236,90,0.004,0.0008409600,true,false
call-000033,arm10_spec_eprocess,cal/f1/s1060001/no_alert,46,qwen/qwen-2.5-72b-instruct,sha256:28538f4be31cfecf9454c114e56014696fd7bd2e397e1b14c67681432de88529,det-v1,1,,2689,78,2639.393,0.0009992400,false,true
call-000034,arm10_spec_eprocess,cal/f1/s1060001/no_alert,46,qwen/qwen-2.5-72b-instruct,sha256:28538f4be31cfecf9454c114e56014696fd7bd2e397e1b14c67681432de88529,det-v1,1,accepted,2689,78,2639.393,0.0009992400,false,false
call-000035,arm8_spec_immediate,dev/f1/s1050000/early_accurate,16,qwen/qwen-2.5-72b-instruct,sha256:50ae84471c9c9c508a52780698b471c5cb805b2b97a3c362f06280054a1040c9,det-v1,1,accepted,1379,97,0.003,0.0005352400,true,false
call-000036,arm8_spec_immediate,dev/f1/s1050000/early_accurate,25,qwen/qwen-2.5-72b-instruct,sha256:42d3873ebfa3c85255400dc20b8d8e1e93cefffdfaf17c5407e5f266b1ed0c84,det-v1,1,fallback,1790,152,0.002,0.0007052000,true,false
call-000037,arm8_spec_immediate,dev/f1/s1050000/early_accurate,25,qwen/qwen-2.5-72b-instruct,sha256:e901955931c919a42b925aaaf215900664377621de493374c9456f94cab92ae7,det-v1,2,fallback,1860,152,0.001,0.0007304000,true,false
call-000038,arm9_spec_heuristic_rollback,dev/f1/s1050000/early_accurate,16,qwen/qwen-2.5-72b-instruct,sha256:50ae84471c9c9c508a52780698b471c5cb805b2b97a3c362f06280054a1040c9,det-v1,1,accepted,1379,97,0.002,0.0005352400,true,false
call-000039,arm9_spec_heuristic_rollback,dev/f1/s1050000/early_accurate,25,qwen/qwen-2.5-72b-instruct,sha256:42d3873ebfa3c85255400dc20b8d8e1e93cefffdfaf17c5407e5f266b1ed0c84,det-v1,1,fallback,1790,152,0.002,0.0007052000,true,false
call-000040,arm9_spec_heuristic_rollback,dev/f1/s1050000/early_accurate,25,qwen/qwen-2.5-72b-instruct,sha256:e901955931c919a42b925aaaf215900664377621de493374c9456f94cab92ae7,det-v1,2,fallback,1860,152,0.001,0.0007304000,true,false
call-000041,arm10_spec_eprocess,dev/f1/s1050000/early_accurate,16,qwen/qwen-2.5-72b-instruct,sha256:50ae84471c9c9c508a52780698b471c5cb805b2b97a3c362f06280054a1040c9,det-v1,1,accepted,1379,97,0.002,0.0005352400,true,false
call-000042,arm10_spec_eprocess,dev/f1/s1050000/early_accurate,25,qwen/qwen-2.5-72b-instruct,sha256:2e1340a980dde0047b59eda2e60a0f2134237e3051f37ac8ea819102d6d0df42,det-v1,1,fallback,1779,152,0.002,0.0007012400,true,false
call-000043,arm10_spec_eprocess,dev/f1/s1050000/early_accurate,25,qwen/qwen-2.5-72b-instruct,sha256:0a2b3ef4d90460192eb2a7f44fe1b1ea47cc908f08ee165d9f35d7f74469401c,det-v1,2,fallback,1849,152,0.001,0.0007264400,true,false
call-000044,arm8_spec_immediate,cal/f1/s1060000/early_accurate,17,qwen/qwen-2.5-72b-instruct,sha256:0479ce9103a763552cd413ee9b25ca34d2b926b39e0a94d999f194f50e7d1b66,det-v1,1,,1434,91,3260.156,0.0005526400,false,true
call-000045,arm8_spec_immediate,cal/f1/s1060000/early_accurate,17,qwen/qwen-2.5-72b-instruct,sha256:0479ce9103a763552cd413ee9b25ca34d2b926b39e0a94d999f194f50e7d1b66,det-v1,1,accepted,1434,91,3260.156,0.0005526400,false,false
call-000046,arm8_spec_immediate,cal/f1/s1060000/early_accurate,23,qwen/qwen-2.5-72b-instruct,sha256:2dd3580bffbf761fcf824826b9b51d7e84a458a1ec6a672f9c83674573724343,det-v1,1,,1708,120,6026.810,0.0006628800,false,true
call-000047,arm8_spec_immediate,cal/f1/s1060000/early_accurate,23,qwen/qwen-2.5-72b-instruct,sha256:2dd3580bffbf761fcf824826b9b51d7e84a458a1ec6a672f9c83674573724343,det-v1,1,accepted,1708,120,6026.810,0.0006628800,false,false
call-000048,arm9_spec_heuristic_rollback,cal/f1/s1060000/early_accurate,17,qwen/qwen-2.5-72b-instruct,sha256:0479ce9103a763552cd413ee9b25ca34d2b926b39e0a94d999f194f50e7d1b66,det-v1,1,accepted,1434,91,0.003,0.0005526400,true,false
call-000049,arm9_spec_heuristic_rollback,cal/f1/s1060000/early_accurate,23,qwen/qwen-2.5-72b-instruct,sha256:2dd3580bffbf761fcf824826b9b51d7e84a458a1ec6a672f9c83674573724343,det-v1,1,accepted,1708,120,0.004,0.0006628800,true,false
call-000050,arm10_spec_eprocess,cal/f1/s1060000/early_accurate,17,qwen/qwen-2.5-72b-instruct,sha256:0479ce9103a763552cd413ee9b25ca34d2b926b39e0a94d999f194f50e7d1b66,det-v1,1,accepted,1434,91,0.003,0.0005526400,true,false
call-000051,arm10_spec_eprocess,cal/f1/s1060000/early_accurate,23,qwen/qwen-2.5-72b-instruct,sha256:46b0adcb29c3af64f9fec6e2dc54dd5219e031226137e0a191b5ff88c20ca72e,det-v1,1,,1706,128,3643.217,0.0006653600,false,true
call-000052,arm10_spec_eprocess,cal/f1/s1060000/early_accurate,23,qwen/qwen-2.5-72b-instruct,sha256:46b0adcb29c3af64f9fec6e2dc54dd5219e031226137e0a191b5ff88c20ca72e,det-v1,1,fallback,1706,128,3643.217,0.0006653600,false,false
call-000053,arm10_spec_eprocess,cal/f1/s1060000/early_accurate,23,qwen/qwen-2.5-72b-instruct,sha256:54ec292cae169ab81484c5f9fbb5270452915290dea8662070d66daf10c28a93,det-v1,2,,1776,134,4636.403,0.0006929600,false,true
call-000054,arm10_spec_eprocess,cal/f1/s1060000/early_accurate,23,qwen/qwen-2.5-72b-instruct,sha256:54ec292cae169ab81484c5f9fbb5270452915290dea8662070d66daf10c28a93,det-v1,2,fallback,1776,134,4636.403,0.0006929600,false,false
call-000055,arm8_spec_immediate,dev/f1/s1050001/early_accurate,15,qwen/qwen-2.5-72b-instruct,sha256:7dda629e217dd260016f0afc3bf5e901d8618dbc4469888a62bdd30bd8dbacbf,det-v1,1,,1338,97,4409.448,0.0005204800,false,true
call-000056,arm8_spec_immediate,dev/f1/s1050001/early_accurate,15,qwen/qwen-2.5-72b-instruct,sha256:7dda629e217dd260016f0afc3bf5e901d8618dbc4469888a62bdd30bd8dbacbf,det-v1,1,accepted,1338,97,4409.448,0.0005204800,false,false
call-000057,arm8_spec_immediate,dev/f1/s1050001/early_accurate,23,qwen/qwen-2.5-72b-instruct,sha256:490a926b2209b5be1ec3af0a64d11bd6cb0850e4189dfecae46c1b32bf443222,det-v1,1,,1704,145,4401.675,0.0006714400,false,true
call-000058,arm8_spec_immediate,dev/f1/s1050001/early_accurate,23,qwen/qwen-2.5-72b-instruct,sha256:490a926b2209b5be1ec3af0a64d11bd6cb0850e4189dfecae46c1b32bf443222,det-v1,1,accepted,1704,145,4401.675,0.0006714400,false,false
call-000059,arm9_spec_heuristic_rollback,dev/f1/s1050001/early_accurate,15,qwen/qwen-2.5-72b-instruct,sha256:7dda629e217dd260016f0afc3bf5e901d8618dbc4469888a62bdd30bd8dbacbf,det-v1,1,accepted,1338,97,0.005,0.0005204800,true,false
call-000060,arm9_spec_heuristic_rollback,dev/f1/s1050001/early_accurate,23,qwen/qwen-2.5-72b-instruct,sha256:490a926b2209b5be1ec3af0a64d11bd6cb0850e4189dfecae46c1b32bf443222,det-v1,1,accepted,1704,145,0.004,0.0006714400,true,false
call-000061,arm10_spec_eprocess,dev/f1/s1050001/early_accurate,15,qwen/qwen-2.5-72b-instruct,sha256:7dda629e217dd260016f0afc3bf5e901d8618dbc4469888a62bdd30bd8dbacbf,det-v1,1,accepted,1338,97,0.004,0.0005204800,true,false
call-000062,arm10_spec_eprocess,dev/f1/s1050001/early_accurate,23,qwen/qwen-2.5-72b-instruct,sha256:139f489959f3f0cc8153ad30f6be12c5f0193b4eaf6180b34fbd790ce730c730,det-v1,1,,1699,145,4049.368,0.0006696400,false,true
call-000063,arm10_spec_eprocess,dev/f1/s1050001/early_accurate,23,qwen/qwen-2.5-72b-instruct,sha256:139f489959f3f0cc8153ad30f6be12c5f0193b4eaf6180b34fbd790ce730c730,det-v1,1,accepted,1699,145,4049.368,0.0006696400,false,false
call-000064,arm8_spec_immediate,cal/f1/s1060001/early_accurate,21,qwen/qwen-2.5-72b-instruct,sha256:53742505ce88b3a49c32fa8ce9f293608957989b6d63c9d5936d53d6436b6508,det-v1,1,,1609,109,3601.837,0.0006228400,false,true
call-000065,arm8_spec_immediate,cal/f1/s1060001/early_accurate,21,qwen/qwen-2.5-72b-instruct,sha256:53742505ce88b3a49c32fa8ce9f293608957989b6d63c9d5936d53d6436b6508,det-v1,1,accepted,1609,109,3601.837,0.0006228400,false,false
call-000066,arm8_spec_immediate,cal/f1/s1060001/early_accurate,36,qwen/qwen-2.5-72b-instruct,sha256:682e4f6b352528e4e373c23bd85abf3b5d11257b0bd5673b31a4f63ae45d84d6,det-v1,1,,2285,96,2760.195,0.0008610000,false,true
call-000067,arm8_spec_immediate,cal/f1/s1060001/early_accurate,36,qwen/qwen-2.5-72b-instruct,sha256:682e4f6b352528e4e373c23bd85abf3b5d11257b0bd5673b31a4f63ae45d84d6,det-v1,1,accepted,2285,96,2760.195,0.0008610000,false,false
call-000068,arm9_spec_heuristic_rollback,cal/f1/s1060001/early_accurate,21,qwen/qwen-2.5-72b-instruct,sha256:53742505ce88b3a49c32fa8ce9f293608957989b6d63c9d5936d53d6436b6508,det-v1,1,accepted,1609,109,0.002,0.0006228400,true,false
call-000069,arm9_spec_heuristic_rollback,cal/f1/s1060001/early_accurate,36,qwen/qwen-2.5-72b-instruct,sha256:682e4f6b352528e4e373c23bd85abf3b5d11257b0bd5673b31a4f63ae45d84d6,det-v1,1,accepted,2285,96,0.002,0.0008610000,true,false
call-000070,arm10_spec_eprocess,cal/f1/s1060001/early_accurate,21,qwen/qwen-2.5-72b-instruct,sha256:53742505ce88b3a49c32fa8ce9f293608957989b6d63c9d5936d53d6436b6508,det-v1,1,accepted,1609,109,0.002,0.0006228400,true,false
call-000071,arm10_spec_eprocess,cal/f1/s1060001/early_accurate,36,qwen/qwen-2.5-72b-instruct,sha256:bda3cfd587bc3386674e70b919a53959aa8d71b08ce80f32eac41fb1a9566668,det-v1,1,,2279,96,2756.674,0.0008588400,false,true
call-000072,arm10_spec_eprocess,cal/f1/s1060001/early_accurate,36,qwen/qwen-2.5-72b-instruct,sha256:bda3cfd587bc3386674e70b919a53959aa8d71b08ce80f32eac41fb1a9566668,det-v1,1,accepted,2279,96,2756.674,0.0008588400,false,false
call-000073,arm8_spec_immediate,dev/f1/s1050000/late_accurate,19,qwen/qwen-2.5-72b-instruct,sha256:36adcaa8cd5c03bd0615cdb6e45c71d924f874183be74f68d8d1bccec37ad81c,det-v1,1,,1512,103,11118.944,0.0005855200,false,true
call-000074,arm8_spec_immediate,dev/f1/s1050000/late_accurate,19,qwen/qwen-2.5-72b-instruct,sha256:36adcaa8cd5c03bd0615cdb6e45c71d924f874183be74f68d8d1bccec37ad81c,det-v1,1,accepted,1512,103,11118.944,0.0005855200,false,false
call-000075,arm8_spec_immediate,dev/f1/s1050000/late_accurate,25,qwen/qwen-2.5-72b-instruct,sha256:df8729ba2b80c93b99f75eb21cd5bffe21ed2b8d2a6d31785d3d7885081ff9a5,det-v1,1,,1786,126,6104.383,0.0006933600,false,true
call-000076,arm8_spec_immediate,dev/f1/s1050000/late_accurate,25,qwen/qwen-2.5-72b-instruct,sha256:df8729ba2b80c93b99f75eb21cd5bffe21ed2b8d2a6d31785d3d7885081ff9a5,det-v1,1,accepted,1786,126,6104.383,0.0006933600,false,false
call-000077,arm9_spec_heuristic_rollback,dev/f1/s1050000/late_accurate,19,qwen/qwen-2.5-72b-instruct,sha256:36adcaa8cd5c03bd0615cdb6e45c71d924f874183be74f68d8d1bccec37ad81c,det-v1,1,accepted,1512,103,0.004,0.0005855200,true,false
call-000078,arm9_spec_heuristic_rollback,dev/f1/s1050000/late_accurate,25,qwen/qwen-2.5-72b-instruct,sha256:df8729ba2b80c93b99f75eb21cd5bffe21ed2b8d2a6d31785d3d7885081ff9a5,det-v1,1,accepted,1786,126,0.006,0.0006933600,true,false
call-000079,arm10_spec_eprocess,dev/f1/s1050000/late_accurate,19,qwen/qwen-2.5-72b-instruct,sha256:36adcaa8cd5c03bd0615cdb6e45c71d924f874183be74f68d8d1bccec37ad81c,det-v1,1,accepted,1512,103,0.003,0.0005855200,true,false
call-000080,arm10_spec_eprocess,dev/f1/s1050000/late_accurate,25,qwen/qwen-2.5-72b-instruct,sha256:3af20aeb0fdcd9a7c760aa1d52a524de051c5b613960af836a277e14d7747a57,det-v1,1,,1779,132,5862.208,0.0006932400,false,true
call-000081,arm10_spec_eprocess,dev/f1/s1050000/late_accurate,25,qwen/qwen-2.5-72b-instruct,sha256:3af20aeb0fdcd9a7c760aa1d52a524de051c5b613960af836a277e14d7747a57,det-v1,1,accepted,1779,132,5862.208,0.0006932400,false,false
call-000082,arm8_spec_immediate,cal/f1/s1060000/late_accurate,20,qwen/qwen-2.5-72b-instruct,sha256:d0bfe84c2e8c24479cd7865525a4921765d058fb5ea0bbc2dc3f5bfc6c265954,det-v1,1,,1568,104,3740.363,0.0006060800,false,true
call-000083,arm8_spec_immediate,cal/f1/s1060000/late_accurate,20,qwen/qwen-2.5-72b-instruct,sha256:d0bfe84c2e8c24479cd7865525a4921765d058fb5ea0bbc2dc3f5bfc6c265954,det-v1,1,fallback,1568,104,3740.363,0.0006060800,false,false
call-000084,arm8_spec_immediate,cal/f1/s1060000/late_accurate,20,qwen/qwen-2.5-72b-instruct,sha256:7b8a23c69a01ba102e4a79dc0228f206a94793ebefd410ea65de0b1abcc148f4,det-v1,2,,1638,102,3228.767,0.0006304800,false,true
call-000085,arm8_spec_immediate,cal/f1/s1060000/late_accurate,20,qwen/qwen-2.5-72b-instruct,sha256:7b8a23c69a01ba102e4a79dc0228f206a94793ebefd410ea65de0b1abcc148f4,det-v1,2,accepted_after_repair,1638,102,3228.767,0.0006304800,false,false
call-000086,arm8_spec_immediate,cal/f1/s1060000/late_accurate,49,qwen/qwen-2.5-72b-instruct,sha256:2d024ea2248c5093639d634ca9ef9bd0d484c2a1bec5d1948696c1eb70a62878,det-v1,1,,2882,278,8777.294,0.0011487200,false,true
call-000087,arm8_spec_immediate,cal/f1/s1060000/late_accurate,49,qwen/qwen-2.5-72b-instruct,sha256:2d024ea2248c5093639d634ca9ef9bd0d484c2a1bec5d1948696c1eb70a62878,det-v1,1,fallback,2882,278,8777.294,0.0011487200,false,false
call-000088,arm8_spec_immediate,cal/f1/s1060000/late_accurate,49,qwen/qwen-2.5-72b-instruct,sha256:0bd24b1cd486b08c6d1330a9098a7d196683b4160b7b1c0ebc882c40154b254b,det-v1,2,,2952,110,3951.186,0.0011067200,false,true
call-000089,arm8_spec_immediate,cal/f1/s1060000/late_accurate,49,qwen/qwen-2.5-72b-instruct,sha256:0bd24b1cd486b08c6d1330a9098a7d196683b4160b7b1c0ebc882c40154b254b,det-v1,2,fallback,2952,110,3951.186,0.0011067200,false,false
call-000090,arm9_spec_heuristic_rollback,cal/f1/s1060000/late_accurate,20,qwen/qwen-2.5-72b-instruct,sha256:d0bfe84c2e8c24479cd7865525a4921765d058fb5ea0bbc2dc3f5bfc6c265954,det-v1,1,fallback,1568,104,0.002,0.0006060800,true,false
call-000091,arm9_spec_heuristic_rollback,cal/f1/s1060000/late_accurate,20,qwen/qwen-2.5-72b-instruct,sha256:7b8a23c69a01ba102e4a79dc0228f206a94793ebefd410ea65de0b1abcc148f4,det-v1,2,accepted_after_repair,1638,102,0.001,0.0006304800,true,false
call-000092,arm9_spec_heuristic_rollback,cal/f1/s1060000/late_accurate,49,qwen/qwen-2.5-72b-instruct,sha256:2d024ea2248c5093639d634ca9ef9bd0d484c2a1bec5d1948696c1eb70a62878,det-v1,1,fallback,2882,278,0.002,0.0011487200,true,false
call-000093,arm9_spec_heuristic_rollback,cal/f1/s1060000/late_accurate,49,qwen/qwen-2.5-72b-instruct,sha256:0bd24b1cd486b08c6d1330a9098a7d196683b4160b7b1c0ebc882c40154b254b,det-v1,2,fallback,2952,110,0.001,0.0011067200,true,false
call-000094,arm10_spec_eprocess,cal/f1/s1060000/late_accurate,20,qwen/qwen-2.5-72b-instruct,sha256:d0bfe84c2e8c24479cd7865525a4921765d058fb5ea0bbc2dc3f5bfc6c265954,det-v1,1,fallback,1568,104,0.002,0.0006060800,true,false
call-000095,arm10_spec_eprocess,cal/f1/s1060000/late_accurate,20,qwen/qwen-2.5-72b-instruct,sha256:7b8a23c69a01ba102e4a79dc0228f206a94793ebefd410ea65de0b1abcc148f4,det-v1,2,accepted_after_repair,1638,102,0.001,0.0006304800,true,false
call-000096,arm10_spec_eprocess,cal/f1/s1060000/late_accurate,49,qwen/qwen-2.5-72b-instruct,sha256:b94382dec6f7a5473b84b6fe3691d212b49d23bc4f7e4f648ca9fec5d39b3b81,det-v1,1,,2882,278,7699.710,0.0011487200,false,true
call-000097,arm10_spec_eprocess,cal/f1/s1060000/late_accurate,49,qwen/qwen-2.5-72b-instruct,sha256:b94382dec6f7a5473b84b6fe3691d212b49d23bc4f7e4f648ca9fec5d39b3b81,det-v1,1,fallback,2882,278,7699.710,0.0011487200,false,false
call-000098,arm10_spec_eprocess,cal/f1/s1060000/late_accurate,49,qwen/qwen-2.5-72b-instruct,sha256:2719989409ff21f5e11ab5eac791530cfde52fa15e4eacb64c2fde0fc58d4132,det-v1,2,,2952,278,8742.097,0.0011739200,false,true
call-000099,arm10_spec_eprocess,cal/f1/s1060000/late_accurate,49,qwen/qwen-2.5-72b-instruct,sha256:2719989409ff21f5e11ab5eac791530cfde52fa15e4eacb64c2fde0fc58d4132,det-v1,2,fallback,2952,278,8742.097,0.0011739200,false,false
call-000100,arm8_spec_immediate,dev/f1/s1050001/late_accurate,18,qwen/qwen-2.5-72b-instruct,sha256:c93dca2fb75f285281e5e38ca426bdb842a7da8e2356053162c7a4c075de2e98,det-v1,1,,1471,97,3762.434,0.0005683600,false,true
call-000101,arm8_spec_immediate,dev/f1/s1050001/late_accurate,18,qwen/qwen-2.5-72b-instruct,sha256:c93dca2fb75f285281e5e38ca426bdb842a7da8e2356053162c7a4c075de2e98,det-v1,1,accepted,1471,97,3762.434,0.0005683600,false,false
call-000102,arm8_spec_immediate,dev/f1/s1050001/late_accurate,25,qwen/qwen-2.5-72b-instruct,sha256:60cadccff60d549d88c8908ccd60bed059fbbe52745651de72e4181c5bbad8b8,det-v1,1,,1791,133,5627.946,0.0006979600,false,true
call-000103,arm8_spec_immediate,dev/f1/s1050001/late_accurate,25,qwen/qwen-2.5-72b-instruct,sha256:60cadccff60d549d88c8908ccd60bed059fbbe52745651de72e4181c5bbad8b8,det-v1,1,accepted,1791,133,5627.946,0.0006979600,false,false
call-000104,arm9_spec_heuristic_rollback,dev/f1/s1050001/late_accurate,18,qwen/qwen-2.5-72b-instruct,sha256:c93dca2fb75f285281e5e38ca426bdb842a7da8e2356053162c7a4c075de2e98,det-v1,1,accepted,1471,97,0.002,0.0005683600,true,false
call-000105,arm9_spec_heuristic_rollback,dev/f1/s1050001/late_accurate,25,qwen/qwen-2.5-72b-instruct,sha256:60cadccff60d549d88c8908ccd60bed059fbbe52745651de72e4181c5bbad8b8,det-v1,1,accepted,1791,133,0.002,0.0006979600,true,false
call-000106,arm10_spec_eprocess,dev/f1/s1050001/late_accurate,18,qwen/qwen-2.5-72b-instruct,sha256:c93dca2fb75f285281e5e38ca426bdb842a7da8e2356053162c7a4c075de2e98,det-v1,1,accepted,1471,97,0.002,0.0005683600,true,false
call-000107,arm10_spec_eprocess,dev/f1/s1050001/late_accurate,25,qwen/qwen-2.5-72b-instruct,sha256:4b1d2bd73b472e26d65ef3780224d004450a982c9a5b9a3500c755f65ab94f20,det-v1,1,,1790,133,4105.796,0.0006976000,false,true
call-000108,arm10_spec_eprocess,dev/f1/s1050001/late_accurate,25,qwen/qwen-2.5-72b-instruct,sha256:4b1d2bd73b472e26d65ef3780224d004450a982c9a5b9a3500c755f65ab94f20,det-v1,1,accepted,1790,133,4105.796,0.0006976000,false,false
call-000109,arm8_spec_immediate,cal/f1/s1060001/late_accurate,24,qwen/qwen-2.5-72b-instruct,sha256:8a78449dcfeb2849433be527685befe324fd4689b1bc6c63862ef79f93287e53,det-v1,1,,1742,121,7006.289,0.0006755200,false,true
call-000110,arm8_spec_immediate,cal/f1/s1060001/late_accurate,24,qwen/qwen-2.5-72b-instruct,sha256:8a78449dcfeb2849433be527685befe324fd4689b1bc6c63862ef79f93287e53,det-v1,1,accepted,1742,121,7006.289,0.0006755200,false,false
call-000111,arm8_spec_immediate,cal/f1/s1060001/late_accurate,36,qwen/qwen-2.5-72b-instruct,sha256:646efb7e4f0ae2da74f72352f35aeaf5180b250a75dc35f8a628745dbe6e728c,det-v1,1,,2285,96,3515.261,0.0008610000,false,true
call-000112,arm8_spec_immediate,cal/f1/s1060001/late_accurate,36,qwen/qwen-2.5-72b-instruct,sha256:646efb7e4f0ae2da74f72352f35aeaf5180b250a75dc35f8a628745dbe6e728c,det-v1,1,accepted,2285,96,3515.261,0.0008610000,false,false
call-000113,arm9_spec_heuristic_rollback,cal/f1/s1060001/late_accurate,24,qwen/qwen-2.5-72b-instruct,sha256:8a78449dcfeb2849433be527685befe324fd4689b1bc6c63862ef79f93287e53,det-v1,1,accepted,1742,121,0.002,0.0006755200,true,false
call-000114,arm9_spec_heuristic_rollback,cal/f1/s1060001/late_accurate,36,qwen/qwen-2.5-72b-instruct,sha256:646efb7e4f0ae2da74f72352f35aeaf5180b250a75dc35f8a628745dbe6e728c,det-v1,1,accepted,2285,96,0.002,0.0008610000,true,false
call-000115,arm10_spec_eprocess,cal/f1/s1060001/late_accurate,24,qwen/qwen-2.5-72b-instruct,sha256:8a78449dcfeb2849433be527685befe324fd4689b1bc6c63862ef79f93287e53,det-v1,1,accepted,1742,121,0.002,0.0006755200,true,false
call-000116,arm10_spec_eprocess,cal/f1/s1060001/late_accurate,36,qwen/qwen-2.5-72b-instruct,sha256:5134e2d90cb1bba7d5f2bd05b5847c1ac77eb720f9a48a7043da173358fc8a7c,det-v1,1,,2279,96,3848.489,0.0008588400,false,true
call-000117,arm10_spec_eprocess,cal/f1/s1060001/late_accurate,36,qwen/qwen-2.5-72b-instruct,sha256:5134e2d90cb1bba7d5f2bd05b5847c1ac77eb720f9a48a7043da173358fc8a7c,det-v1,1,accepted,2279,96,3848.489,0.0008588400,false,false
call-000118,arm8_spec_immediate,dev/f1/s1050000/unreliable,16,qwen/qwen-2.5-72b-instruct,sha256:998ef00f563fcabdb2a023d61b40b57386586ea8c5ec98a39520459a24f38b0a,det-v1,1,,1382,96,2891.057,0.0005359200,false,true
call-000119,arm8_spec_immediate,dev/f1/s1050000/unreliable,16,qwen/qwen-2.5-72b-instruct,sha256:998ef00f563fcabdb2a023d61b40b57386586ea8c5ec98a39520459a24f38b0a,det-v1,1,accepted,1382,96,2891.057,0.0005359200,false,false
call-000120,arm8_spec_immediate,dev/f1/s1050000/unreliable,25,qwen/qwen-2.5-72b-instruct,sha256:a49d490a61fc1a0f8e4b1b271f457fc2ac4c2c28452c8911b8b53906e2f7e70c,det-v1,1,,1793,152,5471.838,0.0007062800,false,true
call-000121,arm8_spec_immediate,dev/f1/s1050000/unreliable,25,qwen/qwen-2.5-72b-instruct,sha256:a49d490a61fc1a0f8e4b1b271f457fc2ac4c2c28452c8911b8b53906e2f7e70c,det-v1,1,fallback,1793,152,5471.838,0.0007062800,false,false
call-000122,arm8_spec_immediate,dev/f1/s1050000/unreliable,25,qwen/qwen-2.5-72b-instruct,sha256:81d1333b906f1d3790ce26f48e35b767390fad7c0b5a496d4b42ed411146963f,det-v1,2,,1863,152,4675.732,0.0007314800,false,true
call-000123,arm8_spec_immediate,dev/f1/s1050000/unreliable,25,qwen/qwen-2.5-72b-instruct,sha256:81d1333b906f1d3790ce26f48e35b767390fad7c0b5a496d4b42ed411146963f,det-v1,2,fallback,1863,152,4675.732,0.0007314800,false,false
call-000124,arm9_spec_heuristic_rollback,dev/f1/s1050000/unreliable,16,qwen/qwen-2.5-72b-instruct,sha256:998ef00f563fcabdb2a023d61b40b57386586ea8c5ec98a39520459a24f38b0a,det-v1,1,accepted,1382,96,0.004,0.0005359200,true,false
call-000125,arm9_spec_heuristic_rollback,dev/f1/s1050000/unreliable,25,qwen/qwen-2.5-72b-instruct,sha256:a49d490a61fc1a0f8e4b1b271f457fc2ac4c2c28452c8911b8b53906e2f7e70c,det-v1,1,fallback,1793,152,0.003,0.0007062800,true,false
call-000126,arm9_spec_heuristic_rollback,dev/f1/s1050000/unreliable,25,qwen/qwen-2.5-72b-instruct,sha256:81d1333b906f1d3790ce26f48e35b767390fad7c0b5a496d4b42ed411146963f,det-v1,2,fallback,1863,152,0.003,0.0007314800,true,false
call-000127,arm10_spec_eprocess,dev/f1/s1050000/unreliable,16,qwen/qwen-2.5-72b-instruct,sha256:998ef00f563fcabdb2a023d61b40b57386586ea8c5ec98a39520459a24f38b0a,det-v1,1,accepted,1382,96,0.003,0.0005359200,true,false
call-000128,arm10_spec_eprocess,dev/f1/s1050000/unreliable,25,qwen/qwen-2.5-72b-instruct,sha256:0fd71a8e9fc69a721ed7d6c0e57f58b1c4cf0919ad14673f448111b90b83a76a,det-v1,1,,1782,126,4345.538,0.0006919200,false,true
call-000129,arm10_spec_eprocess,dev/f1/s1050000/unreliable,25,qwen/qwen-2.5-72b-instruct,sha256:0fd71a8e9fc69a721ed7d6c0e57f58b1c4cf0919ad14673f448111b90b83a76a,det-v1,1,accepted,1782,126,4345.538,0.0006919200,false,false
call-000130,arm8_spec_immediate,dev/f1/s1050000/unreliable__twin,10,qwen/qwen-2.5-72b-instruct,sha256:11013a4a99c3676cc75cff4b6c44125278d56dcb045c5cb08d196baff26f08c4,det-v1,1,accepted,1116,96,0.002,0.0004401600,true,false
call-000131,arm9_spec_heuristic_rollback,dev/f1/s1050000/unreliable__twin,10,qwen/qwen-2.5-72b-instruct,sha256:11013a4a99c3676cc75cff4b6c44125278d56dcb045c5cb08d196baff26f08c4,det-v1,1,accepted,1116,96,0.002,0.0004401600,true,false
call-000132,arm10_spec_eprocess,dev/f1/s1050000/unreliable__twin,10,qwen/qwen-2.5-72b-instruct,sha256:11013a4a99c3676cc75cff4b6c44125278d56dcb045c5cb08d196baff26f08c4,det-v1,1,accepted,1116,96,0.002,0.0004401600,true,false
call-000133,arm8_spec_immediate,cal/f1/s1060000/unreliable,17,qwen/qwen-2.5-72b-instruct,sha256:6f2f596bebf45daf99232e2f8fcb5fdd02d8bf0d12d17397b0a568ac9d397b4e,det-v1,1,,1437,78,2419.726,0.0005485200,false,true
call-000134,arm8_spec_immediate,cal/f1/s1060000/unreliable,17,qwen/qwen-2.5-72b-instruct,sha256:6f2f596bebf45daf99232e2f8fcb5fdd02d8bf0d12d17397b0a568ac9d397b4e,det-v1,1,accepted,1437,78,2419.726,0.0005485200,false,false
call-000135,arm8_spec_immediate,cal/f1/s1060000/unreliable,23,qwen/qwen-2.5-72b-instruct,sha256:acdf618e5a3a48c3ccbf498af3d4661cd827fa2df11af4412102b512ff725334,det-v1,1,,1705,114,4441.605,0.0006594000,false,true
call-000136,arm8_spec_immediate,cal/f1/s1060000/unreliable,23,qwen/qwen-2.5-72b-instruct,sha256:acdf618e5a3a48c3ccbf498af3d4661cd827fa2df11af4412102b512ff725334,det-v1,1,accepted,1705,114,4441.605,0.0006594000,false,false
call-000137,arm9_spec_heuristic_rollback,cal/f1/s1060000/unreliable,17,qwen/qwen-2.5-72b-instruct,sha256:6f2f596bebf45daf99232e2f8fcb5fdd02d8bf0d12d17397b0a568ac9d397b4e,det-v1,1,accepted,1437,78,0.004,0.0005485200,true,false
call-000138,arm9_spec_heuristic_rollback,cal/f1/s1060000/unreliable,23,qwen/qwen-2.5-72b-instruct,sha256:acdf618e5a3a48c3ccbf498af3d4661cd827fa2df11af4412102b512ff725334,det-v1,1,accepted,1705,114,0.003,0.0006594000,true,false
call-000139,arm10_spec_eprocess,cal/f1/s1060000/unreliable,17,qwen/qwen-2.5-72b-instruct,sha256:6f2f596bebf45daf99232e2f8fcb5fdd02d8bf0d12d17397b0a568ac9d397b4e,det-v1,1,accepted,1437,78,0.003,0.0005485200,true,false
call-000140,arm10_spec_eprocess,cal/f1/s1060000/unreliable,23,qwen/qwen-2.5-72b-instruct,sha256:acdf618e5a3a48c3ccbf498af3d4661cd827fa2df11af4412102b512ff725334,det-v1,1,accepted,1705,114,0.003,0.0006594000,true,false
call-000141,arm8_spec_immediate,cal/f1/s1060000/unreliable__twin,10,qwen/qwen-2.5-72b-instruct,sha256:896ea916ab1dd5750988eac838c78239b0eed3da80a322be7336b8e8a4a619bb,det-v1,1,,1120,137,4369.654,0.0004580000,false,true
call-000142,arm8_spec_immediate,cal/f1/s1060000/unreliable__twin,10,qwen/qwen-2.5-72b-instruct,sha256:896ea916ab1dd5750988eac838c78239b0eed3da80a322be7336b8e8a4a619bb,det-v1,1,accepted,1120,137,4369.654,0.0004580000,false,false
call-000143,arm9_spec_heuristic_rollback,cal/f1/s1060000/unreliable__twin,10,qwen/qwen-2.5-72b-instruct,sha256:896ea916ab1dd5750988eac838c78239b0eed3da80a322be7336b8e8a4a619bb,det-v1,1,accepted,1120,137,0.003,0.0004580000,true,false
call-000144,arm10_spec_eprocess,cal/f1/s1060000/unreliable__twin,10,qwen/qwen-2.5-72b-instruct,sha256:896ea916ab1dd5750988eac838c78239b0eed3da80a322be7336b8e8a4a619bb,det-v1,1,accepted,1120,137,0.003,0.0004580000,true,false
call-000145,arm8_spec_immediate,dev/f1/s1050001/unreliable,15,qwen/qwen-2.5-72b-instruct,sha256:4be69b26252e56f743f9390da4834749f423a3c869b244b062ac5c082b5d5867,det-v1,1,,1326,78,2912.886,0.0005085600,false,true
call-000146,arm8_spec_immediate,dev/f1/s1050001/unreliable,15,qwen/qwen-2.5-72b-instruct,sha256:4be69b26252e56f743f9390da4834749f423a3c869b244b062ac5c082b5d5867,det-v1,1,accepted,1326,78,2912.886,0.0005085600,false,false
call-000147,arm8_spec_immediate,dev/f1/s1050001/unreliable,23,qwen/qwen-2.5-72b-instruct,sha256:4c7d41fe1c81852d98fbc33194f9e36fd2350f256a0ec3283fc2453a9f5286a7,det-v1,1,,1687,90,2863.401,0.0006433200,false,true
call-000148,arm8_spec_immediate,dev/f1/s1050001/unreliable,23,qwen/qwen-2.5-72b-instruct,sha256:4c7d41fe1c81852d98fbc33194f9e36fd2350f256a0ec3283fc2453a9f5286a7,det-v1,1,accepted,1687,90,2863.401,0.0006433200,false,false
call-000149,arm9_spec_heuristic_rollback,dev/f1/s1050001/unreliable,15,qwen/qwen-2.5-72b-instruct,sha256:4be69b26252e56f743f9390da4834749f423a3c869b244b062ac5c082b5d5867,det-v1,1,accepted,1326,78,0.004,0.0005085600,true,false
call-000150,arm9_spec_heuristic_rollback,dev/f1/s1050001/unreliable,23,qwen/qwen-2.5-72b-instruct,sha256:4c7d41fe1c81852d98fbc33194f9e36fd2350f256a0ec3283fc2453a9f5286a7,det-v1,1,accepted,1687,90,0.003,0.0006433200,true,false
call-000151,arm10_spec_eprocess,dev/f1/s1050001/unreliable,15,qwen/qwen-2.5-72b-instruct,sha256:4be69b26252e56f743f9390da4834749f423a3c869b244b062ac5c082b5d5867,det-v1,1,accepted,1326,78,0.003,0.0005085600,true,false
call-000152,arm10_spec_eprocess,dev/f1/s1050001/unreliable,23,qwen/qwen-2.5-72b-instruct,sha256:4c7d41fe1c81852d98fbc33194f9e36fd2350f256a0ec3283fc2453a9f5286a7,det-v1,1,accepted,1687,90,0.003,0.0006433200,true,false
call-000153,arm8_spec_immediate,dev/f1/s1050001/unreliable__twin,10,qwen/qwen-2.5-72b-instruct,sha256:b38ca7a850c60bc75efbfeb7ed5de92e46d78ac159e6eaecebbae592c9ea3e6d,det-v1,1,,1119,97,3097.966,0.0004416400,false,true
call-000154,arm8_spec_immediate,dev/f1/s1050001/unreliable__twin,10,qwen/qwen-2.5-72b-instruct,sha256:b38ca7a850c60bc75efbfeb7ed5de92e46d78ac159e6eaecebbae592c9ea3e6d,det-v1,1,accepted,1119,97,3097.966,0.0004416400,false,false
call-000155,arm9_spec_heuristic_rollback,dev/f1/s1050001/unreliable__twin,10,qwen/qwen-2.5-72b-instruct,sha256:b38ca7a850c60bc75efbfeb7ed5de92e46d78ac159e6eaecebbae592c9ea3e6d,det-v1,1,accepted,1119,97,0.002,0.0004416400,true,false
call-000156,arm10_spec_eprocess,dev/f1/s1050001/unreliable__twin,10,qwen/qwen-2.5-72b-instruct,sha256:b38ca7a850c60bc75efbfeb7ed5de92e46d78ac159e6eaecebbae592c9ea3e6d,det-v1,1,accepted,1119,97,0.002,0.0004416400,true,false
call-000157,arm8_spec_immediate,cal/f1/s1060001/unreliable,21,qwen/qwen-2.5-72b-instruct,sha256:aba132b80e8cdc801b6c59b3524985642b64ba5c72dc882a558acd17187376d6,det-v1,1,,1607,108,4129.959,0.0006217200,false,true
call-000158,arm8_spec_immediate,cal/f1/s1060001/unreliable,21,qwen/qwen-2.5-72b-instruct,sha256:aba132b80e8cdc801b6c59b3524985642b64ba5c72dc882a558acd17187376d6,det-v1,1,accepted,1607,108,4129.959,0.0006217200,false,false
call-000159,arm8_spec_immediate,cal/f1/s1060001/unreliable,36,qwen/qwen-2.5-72b-instruct,sha256:eb4173be3bd5a47eb152c494350f54db56bd68c397f38051f2db21415f6de163,det-v1,1,,2285,194,9009.334,0.0009002000,false,true
call-000160,arm8_spec_immediate,cal/f1/s1060001/unreliable,36,qwen/qwen-2.5-72b-instruct,sha256:eb4173be3bd5a47eb152c494350f54db56bd68c397f38051f2db21415f6de163,det-v1,1,fallback,2285,194,9009.334,0.0009002000,false,false
call-000161,arm8_spec_immediate,cal/f1/s1060001/unreliable,36,qwen/qwen-2.5-72b-instruct,sha256:67541578851a66298fc0a8f26a84bd266679fcbd7fb74f00d1fb6836f3bdc252,det-v1,2,,2355,186,6237.506,0.0009222000,false,true
call-000162,arm8_spec_immediate,cal/f1/s1060001/unreliable,36,qwen/qwen-2.5-72b-instruct,sha256:67541578851a66298fc0a8f26a84bd266679fcbd7fb74f00d1fb6836f3bdc252,det-v1,2,accepted_after_repair,2355,186,6237.506,0.0009222000,false,false
call-000163,arm9_spec_heuristic_rollback,cal/f1/s1060001/unreliable,21,qwen/qwen-2.5-72b-instruct,sha256:aba132b80e8cdc801b6c59b3524985642b64ba5c72dc882a558acd17187376d6,det-v1,1,accepted,1607,108,0.004,0.0006217200,true,false
call-000164,arm9_spec_heuristic_rollback,cal/f1/s1060001/unreliable,36,qwen/qwen-2.5-72b-instruct,sha256:eb4173be3bd5a47eb152c494350f54db56bd68c397f38051f2db21415f6de163,det-v1,1,fallback,2285,194,0.004,0.0009002000,true,false
call-000165,arm9_spec_heuristic_rollback,cal/f1/s1060001/unreliable,36,qwen/qwen-2.5-72b-instruct,sha256:67541578851a66298fc0a8f26a84bd266679fcbd7fb74f00d1fb6836f3bdc252,det-v1,2,accepted_after_repair,2355,186,0.003,0.0009222000,true,false
call-000166,arm10_spec_eprocess,cal/f1/s1060001/unreliable,21,qwen/qwen-2.5-72b-instruct,sha256:aba132b80e8cdc801b6c59b3524985642b64ba5c72dc882a558acd17187376d6,det-v1,1,accepted,1607,108,0.004,0.0006217200,true,false
call-000167,arm10_spec_eprocess,cal/f1/s1060001/unreliable,36,qwen/qwen-2.5-72b-instruct,sha256:88da7acd4209ae39069ee986860693df7cf47003890dd723431f2fac96519fda,det-v1,1,,2277,102,3330.785,0.0008605200,false,true
call-000168,arm10_spec_eprocess,cal/f1/s1060001/unreliable,36,qwen/qwen-2.5-72b-instruct,sha256:88da7acd4209ae39069ee986860693df7cf47003890dd723431f2fac96519fda,det-v1,1,accepted,2277,102,3330.785,0.0008605200,false,false
call-000169,arm8_spec_immediate,cal/f1/s1060001/unreliable__twin,10,qwen/qwen-2.5-72b-instruct,sha256:4d56a62165f7c669b39a8d804843711805b2f4c90f9a74c2cd22888c2258bece,det-v1,1,,1121,107,3671.442,0.0004463600,false,true
call-000170,arm8_spec_immediate,cal/f1/s1060001/unreliable__twin,10,qwen/qwen-2.5-72b-instruct,sha256:4d56a62165f7c669b39a8d804843711805b2f4c90f9a74c2cd22888c2258bece,det-v1,1,accepted,1121,107,3671.442,0.0004463600,false,false
call-000171,arm9_spec_heuristic_rollback,cal/f1/s1060001/unreliable__twin,10,qwen/qwen-2.5-72b-instruct,sha256:4d56a62165f7c669b39a8d804843711805b2f4c90f9a74c2cd22888c2258bece,det-v1,1,accepted,1121,107,0.004,0.0004463600,true,false
call-000172,arm10_spec_eprocess,cal/f1/s1060001/unreliable__twin,10,qwen/qwen-2.5-72b-instruct,sha256:4d56a62165f7c669b39a8d804843711805b2f4c90f9a74c2cd22888c2258bece,det-v1,1,accepted,1121,107,0.003,0.0004463600,true,false
call-000173,arm8_spec_immediate,dev/f2/s2050000/no_alert,28,qwen/qwen-2.5-72b-instruct,sha256:861b699ecfd69ac7cb7253b5eb3a2209c7486eecb6fb3ae37eab122851aede9f,det-v1,1,,1869,78,2536.660,0.0007040400,false,true
call-000174,arm8_spec_immediate,dev/f2/s2050000/no_alert,28,qwen/qwen-2.5-72b-instruct,sha256:861b699ecfd69ac7cb7253b5eb3a2209c7486eecb6fb3ae37eab122851aede9f,det-v1,1,accepted,1869,78,2536.660,0.0007040400,false,false
call-000175,arm8_spec_immediate,dev/f2/s2050000/no_alert,37,qwen/qwen-2.5-72b-instruct,sha256:bc8fbe9e273337d4923f8087a5d202858ff0347b66765d9e0b987d488a35ff93,det-v1,1,,2256,78,2407.878,0.0008433600,false,true
call-000176,arm8_spec_immediate,dev/f2/s2050000/no_alert,37,qwen/qwen-2.5-72b-instruct,sha256:bc8fbe9e273337d4923f8087a5d202858ff0347b66765d9e0b987d488a35ff93,det-v1,1,accepted,2256,78,2407.878,0.0008433600,false,false
call-000177,arm9_spec_heuristic_rollback,dev/f2/s2050000/no_alert,28,qwen/qwen-2.5-72b-instruct,sha256:861b699ecfd69ac7cb7253b5eb3a2209c7486eecb6fb3ae37eab122851aede9f,det-v1,1,accepted,1869,78,0.004,0.0007040400,true,false
call-000178,arm9_spec_heuristic_rollback,dev/f2/s2050000/no_alert,37,qwen/qwen-2.5-72b-instruct,sha256:bc8fbe9e273337d4923f8087a5d202858ff0347b66765d9e0b987d488a35ff93,det-v1,1,accepted,2256,78,0.004,0.0008433600,true,false
call-000179,arm10_spec_eprocess,dev/f2/s2050000/no_alert,28,qwen/qwen-2.5-72b-instruct,sha256:861b699ecfd69ac7cb7253b5eb3a2209c7486eecb6fb3ae37eab122851aede9f,det-v1,1,accepted,1869,78,0.003,0.0007040400,true,false
call-000180,arm10_spec_eprocess,dev/f2/s2050000/no_alert,37,qwen/qwen-2.5-72b-instruct,sha256:bc8fbe9e273337d4923f8087a5d202858ff0347b66765d9e0b987d488a35ff93,det-v1,1,accepted,2256,78,0.003,0.0008433600,true,false
call-000181,arm8_spec_immediate,dev/f2/s2050000/no_alert__twin,10,qwen/qwen-2.5-72b-instruct,sha256:545bf1a1073dcf5b193b38da19f8788bab90dcb521e024a5a4bd83359183ebc4,det-v1,1,,1116,97,2984.739,0.0004405600,false,true
call-000182,arm8_spec_immediate,dev/f2/s2050000/no_alert__twin,10,qwen/qwen-2.5-72b-instruct,sha256:545bf1a1073dcf5b193b38da19f8788bab90dcb521e024a5a4bd83359183ebc4,det-v1,1,accepted,1116,97,2984.739,0.0004405600,false,false
call-000183,arm8_spec_immediate,dev/f2/s2050000/no_alert__twin,43,qwen/qwen-2.5-72b-instruct,sha256:db481eff12a80847042e0e47527a891f12ffca6e9d453b93f6e12211c3109c72,det-v1,1,,2574,159,5781.442,0.0009902400,false,true
call-000184,arm8_spec_immediate,dev/f2/s2050000/no_alert__twin,43,qwen/qwen-2.5-72b-instruct,sha256:db481eff12a80847042e0e47527a891f12ffca6e9d453b93f6e12211c3109c72,det-v1,1,fallback,2574,159,5781.442,0.0009902400,false,false
call-000185,arm8_spec_immediate,dev/f2/s2050000/no_alert__twin,43,qwen/qwen-2.5-72b-instruct,sha256:d5587287c5c4a4d309f022b10c788f30f4520b742c057169e6fbc748e1ade9d7,det-v1,2,,2644,289,7697.298,0.0010674400,false,true
call-000186,arm8_spec_immediate,dev/f2/s2050000/no_alert__twin,43,qwen/qwen-2.5-72b-instruct,sha256:d5587287c5c4a4d309f022b10c788f30f4520b742c057169e6fbc748e1ade9d7,det-v1,2,accepted_after_repair,2644,289,7697.298,0.0010674400,false,false
call-000187,arm9_spec_heuristic_rollback,dev/f2/s2050000/no_alert__twin,10,qwen/qwen-2.5-72b-instruct,sha256:545bf1a1073dcf5b193b38da19f8788bab90dcb521e024a5a4bd83359183ebc4,det-v1,1,accepted,1116,97,0.004,0.0004405600,true,false
call-000188,arm9_spec_heuristic_rollback,dev/f2/s2050000/no_alert__twin,43,qwen/qwen-2.5-72b-instruct,sha256:057ee83f19e9934e3952fe43bc03bc0bb91d779276d4066cb00c19558a16a582,det-v1,1,,2570,289,10710.004,0.0010408000,false,true
call-000189,arm9_spec_heuristic_rollback,dev/f2/s2050000/no_alert__twin,43,qwen/qwen-2.5-72b-instruct,sha256:057ee83f19e9934e3952fe43bc03bc0bb91d779276d4066cb00c19558a16a582,det-v1,1,accepted,2570,289,10710.004,0.0010408000,false,false
call-000190,arm10_spec_eprocess,dev/f2/s2050000/no_alert__twin,10,qwen/qwen-2.5-72b-instruct,sha256:545bf1a1073dcf5b193b38da19f8788bab90dcb521e024a5a4bd83359183ebc4,det-v1,1,accepted,1116,97,0.004,0.0004405600,true,false
call-000191,arm10_spec_eprocess,dev/f2/s2050000/no_alert__twin,43,qwen/qwen-2.5-72b-instruct,sha256:f49e22d58d2cc0e9b102dfa35737bdec898b660d14155cf0cccad987dead876f,det-v1,1,,2570,241,7533.776,0.0010216000,false,true
call-000192,arm10_spec_eprocess,dev/f2/s2050000/no_alert__twin,43,qwen/qwen-2.5-72b-instruct,sha256:f49e22d58d2cc0e9b102dfa35737bdec898b660d14155cf0cccad987dead876f,det-v1,1,accepted,2570,241,7533.776,0.0010216000,false,false
call-000193,arm8_spec_immediate,cal/f2/s2060000/no_alert,22,qwen/qwen-2.5-72b-instruct,sha256:ad78c6a4cd18a02a8a15284f1d11ee03ead07c1ea7298f506da24589f84a7d8c,det-v1,1,,1606,98,3013.313,0.0006173600,false,true
call-000194,arm8_spec_immediate,cal/f2/s2060000/no_alert,22,qwen/qwen-2.5-72b-instruct,sha256:ad78c6a4cd18a02a8a15284f1d11ee03ead07c1ea7298f506da24589f84a7d8c,det-v1,1,accepted,1606,98,3013.313,0.0006173600,false,false
call-000195,arm8_spec_immediate,cal/f2/s2060000/no_alert,37,qwen/qwen-2.5-72b-instruct,sha256:15250a30c3af737753f78af9626b37829606d40f9406928ac895bff6c50f77a8,det-v1,1,,2247,78,2360.332,0.0008401200,false,true
call-000196,arm8_spec_immediate,cal/f2/s2060000/no_alert,37,qwen/qwen-2.5-72b-instruct,sha256:15250a30c3af737753f78af9626b37829606d40f9406928ac895bff6c50f77a8,det-v1,1,accepted,2247,78,2360.332,0.0008401200,false,false
call-000197,arm9_spec_heuristic_rollback,cal/f2/s2060000/no_alert,22,qwen/qwen-2.5-72b-instruct,sha256:ad78c6a4cd18a02a8a15284f1d11ee03ead07c1ea7298f506da24589f84a7d8c,det-v1,1,accepted,1606,98,0.004,0.0006173600,true,false
call-000198,arm9_spec_heuristic_rollback,cal/f2/s2060000/no_alert,37,qwen/qwen-2.5-72b-instruct,sha256:15250a30c3af737753f78af9626b37829606d40f9406928ac895bff6c50f77a8,det-v1,1,accepted,2247,78,0.003,0.0008401200,true,false
call-000199,arm10_spec_eprocess,cal/f2/s2060000/no_alert,22,qwen/qwen-2.5-72b-instruct,sha256:ad78c6a4cd18a02a8a15284f1d11ee03ead07c1ea7298f506da24589f84a7d8c,det-v1,1,accepted,1606,98,0.003,0.0006173600,true,false
call-000200,arm10_spec_eprocess,cal/f2/s2060000/no_alert,37,qwen/qwen-2.5-72b-instruct,sha256:8f12d4ac8b816f402fe6b0635ad59df6b03ab251f3041d0fb72b748fef477cce,det-v1,1,,2253,78,2394.047,0.0008422800,false,true
call-000201,arm10_spec_eprocess,cal/f2/s2060000/no_alert,37,qwen/qwen-2.5-72b-instruct,sha256:8f12d4ac8b816f402fe6b0635ad59df6b03ab251f3041d0fb72b748fef477cce,det-v1,1,accepted,2253,78,2394.047,0.0008422800,false,false
call-000202,arm8_spec_immediate,cal/f2/s2060000/no_alert__twin,10,qwen/qwen-2.5-72b-instruct,sha256:2e3468a117b52f7ba28426ccaaaf19e08c6ab047af6fe2b6197025cd7c37f3ea,det-v1,1,,1121,96,2827.049,0.0004419600,false,true
call-000203,arm8_spec_immediate,cal/f2/s2060000/no_alert__twin,10,qwen/qwen-2.5-72b-instruct,sha256:2e3468a117b52f7ba28426ccaaaf19e08c6ab047af6fe2b6197025cd7c37f3ea,det-v1,1,accepted,1121,96,2827.049,0.0004419600,false,false
call-000204,arm9_spec_heuristic_rollback,cal/f2/s2060000/no_alert__twin,10,qwen/qwen-2.5-72b-instruct,sha256:2e3468a117b52f7ba28426ccaaaf19e08c6ab047af6fe2b6197025cd7c37f3ea,det-v1,1,accepted,1121,96,0.003,0.0004419600,true,false
call-000205,arm10_spec_eprocess,cal/f2/s2060000/no_alert__twin,10,qwen/qwen-2.5-72b-instruct,sha256:2e3468a117b52f7ba28426ccaaaf19e08c6ab047af6fe2b6197025cd7c37f3ea,det-v1,1,accepted,1121,96,0.003,0.0004419600,true,false
call-000206,arm8_spec_immediate,dev/f2/s2050001/no_alert,27,qwen/qwen-2.5-72b-instruct,sha256:81a77fae027a26194b9b7f18d65da13630227ee3dff213f3d3d34c87a2dd1b90,det-v1,1,,1828,78,3011.173,0.0006892800,false,true
call-000207,arm8_spec_immediate,dev/f2/s2050001/no_alert,27,qwen/qwen-2.5-72b-instruct,sha256:81a77fae027a26194b9b7f18d65da13630227ee3dff213f3d3d34c87a2dd1b90,det-v1,1,accepted,1828,78,3011.173,0.0006892800,false,false
call-000208,arm8_spec_immediate,dev/f2/s2050001/no_alert,44,qwen/qwen-2.5-72b-instruct,sha256:cb667996d9f6dd58d58a921e9dab798ee8a3345adde14f43798cc707d78da7c9,det-v1,1,,2570,78,2852.674,0.0009564000,false,true
call-000209,arm8_spec_immediate,dev/f2/s2050001/no_alert,44,qwen/qwen-2.5-72b-instruct,sha256:cb667996d9f6dd58d58a921e9dab798ee8a3345adde14f43798cc707d78da7c9,det-v1,1,accepted,2570,78,2852.674,0.0009564000,false,false
call-000210,arm9_spec_heuristic_rollback,dev/f2/s2050001/no_alert,27,qwen/qwen-2.5-72b-instruct,sha256:81a77fae027a26194b9b7f18d65da13630227ee3dff213f3d3d34c87a2dd1b90,det-v1,1,accepted,1828,78,0.004,0.0006892800,true,false
call-000211,arm9_spec_heuristic_rollback,dev/f2/s2050001/no_alert,44,qwen/qwen-2.5-72b-instruct,sha256:cb667996d9f6dd58d58a921e9dab798ee8a3345adde14f43798cc707d78da7c9,det-v1,1,accepted,2570,78,0.003,0.0009564000,true,false
call-000212,arm10_spec_eprocess,dev/f2/s2050001/no_alert,27,qwen/qwen-2.5-72b-instruct,sha256:81a77fae027a26194b9b7f18d65da13630227ee3dff213f3d3d34c87a2dd1b90,det-v1,1,accepted,1828,78,0.004,0.0006892800,true,false
call-000213,arm10_spec_eprocess,dev/f2/s2050001/no_alert,44,qwen/qwen-2.5-72b-instruct,sha256:cb667996d9f6dd58d58a921e9dab798ee8a3345adde14f43798cc707d78da7c9,det-v1,1,accepted,2570,78,0.003,0.0009564000,true,false
call-000214,arm8_spec_immediate,dev/f2/s2050001/no_alert__twin,10,qwen/qwen-2.5-72b-instruct,sha256:e5538be9264363d891287243e5116a684f9abc4a9afaf4854c023c5d17ff80b0,det-v1,1,,1120,96,2721.013,0.0004416000,false,true
call-000215,arm8_spec_immediate,dev/f2/s2050001/no_alert__twin,10,qwen/qwen-2.5-72b-instruct,sha256:e5538be9264363d891287243e5116a684f9abc4a9afaf4854c023c5d17ff80b0,det-v1,1,accepted,1120,96,2721.013,0.0004416000,false,false
call-000216,arm9_spec_heuristic_rollback,dev/f2/s2050001/no_alert__twin,10,qwen/qwen-2.5-72b-instruct,sha256:e5538be9264363d891287243e5116a684f9abc4a9afaf4854c023c5d17ff80b0,det-v1,1,accepted,1120,96,0.002,0.0004416000,true,false
call-000217,arm10_spec_eprocess,dev/f2/s2050001/no_alert__twin,10,qwen/qwen-2.5-72b-instruct,sha256:e5538be9264363d891287243e5116a684f9abc4a9afaf4854c023c5d17ff80b0,det-v1,1,accepted,1120,96,0.002,0.0004416000,true,false
call-000218,arm8_spec_immediate,cal/f2/s2060001/no_alert,37,qwen/qwen-2.5-72b-instruct,sha256:506c5702c82f03c9140ac97b9c11b37516f01e7d3364b4552644f6533fbdfea7,det-v1,1,,2277,78,2422.266,0.0008509200,false,true
call-000219,arm8_spec_immediate,cal/f2/s2060001/no_alert,37,qwen/qwen-2.5-72b-instruct,sha256:506c5702c82f03c9140ac97b9c11b37516f01e7d3364b4552644f6533fbdfea7,det-v1,1,accepted,2277,78,2422.266,0.0008509200,false,false
call-000220,arm8_spec_immediate,cal/f2/s2060001/no_alert,46,qwen/qwen-2.5-72b-instruct,sha256:8bd2f8614140abff369e41dfbae3d8dc00b7bb611e9f6c2ed5e358ac18e54ee6,det-v1,1,,2664,78,2572.665,0.0009902400,false,true
call-000221,arm8_spec_immediate,cal/f2/s2060001/no_alert,46,qwen/qwen-2.5-72b-instruct,sha256:8bd2f8614140abff369e41dfbae3d8dc00b7bb611e9f6c2ed5e358ac18e54ee6,det-v1,1,accepted,2664,78,2572.665,0.0009902400,false,false
call-000222,arm9_spec_heuristic_rollback,cal/f2/s2060001/no_alert,37,qwen/qwen-2.5-72b-instruct,sha256:506c5702c82f03c9140ac97b9c11b37516f01e7d3364b4552644f6533fbdfea7,det-v1,1,accepted,2277,78,0.004,0.0008509200,true,false
call-000223,arm9_spec_heuristic_rollback,cal/f2/s2060001/no_alert,46,qwen/qwen-2.5-72b-instruct,sha256:8bd2f8614140abff369e41dfbae3d8dc00b7bb611e9f6c2ed5e358ac18e54ee6,det-v1,1,accepted,2664,78,0.003,0.0009902400,true,false
call-000224,arm10_spec_eprocess,cal/f2/s2060001/no_alert,37,qwen/qwen-2.5-72b-instruct,sha256:506c5702c82f03c9140ac97b9c11b37516f01e7d3364b4552644f6533fbdfea7,det-v1,1,accepted,2277,78,0.004,0.0008509200,true,false
call-000225,arm10_spec_eprocess,cal/f2/s2060001/no_alert,46,qwen/qwen-2.5-72b-instruct,sha256:8bd2f8614140abff369e41dfbae3d8dc00b7bb611e9f6c2ed5e358ac18e54ee6,det-v1,1,accepted,2664,78,0.003,0.0009902400,true,false
call-000226,arm8_spec_immediate,cal/f2/s2060001/no_alert__twin,10,qwen/qwen-2.5-72b-instruct,sha256:b08b168f570cca5e6ffb388b1c664fb351f7021071d0c1a9ae9bb976ac6a172b,det-v1,1,,1125,112,3588.744,0.0004498000,false,true
call-000227,arm8_spec_immediate,cal/f2/s2060001/no_alert__twin,10,qwen/qwen-2.5-72b-instruct,sha256:b08b168f570cca5e6ffb388b1c664fb351f7021071d0c1a9ae9bb976ac6a172b,det-v1,1,accepted,1125,112,3588.744,0.0004498000,false,false
call-000228,arm9_spec_heuristic_rollback,cal/f2/s2060001/no_alert__twin,10,qwen/qwen-2.5-72b-instruct,sha256:b08b168f570cca5e6ffb388b1c664fb351f7021071d0c1a9ae9bb976ac6a172b,det-v1,1,accepted,1125,112,0.002,0.0004498000,true,false
call-000229,arm10_spec_eprocess,cal/f2/s2060001/no_alert__twin,10,qwen/qwen-2.5-72b-instruct,sha256:b08b168f570cca5e6ffb388b1c664fb351f7021071d0c1a9ae9bb976ac6a172b,det-v1,1,accepted,1125,112,0.002,0.0004498000,true,false
call-000230,arm8_spec_immediate,dev/f2/s2050000/early_accurate,28,qwen/qwen-2.5-72b-instruct,sha256:ae1cccd452b07cf3230f5c2407a8ef39e3fdaafe477dd0e100ad6431041ab5f7,det-v1,1,,1869,78,2411.250,0.0007040400,false,true
call-000231,arm8_spec_immediate,dev/f2/s2050000/early_accurate,28,qwen/qwen-2.5-72b-instruct,sha256:ae1cccd452b07cf3230f5c2407a8ef39e3fdaafe477dd0e100ad6431041ab5f7,det-v1,1,accepted,1869,78,2411.250,0.0007040400,false,false
call-000232,arm8_spec_immediate,dev/f2/s2050000/early_accurate,37,qwen/qwen-2.5-72b-instruct,sha256:83cfd4d1c1ce5e4d24b1192a16623a6e040f1a0b4fbf60cfb6bba0165c02b1b5,det-v1,1,,2256,78,2978.017,0.0008433600,false,true
call-000233,arm8_spec_immediate,dev/f2/s2050000/early_accurate,37,qwen/qwen-2.5-72b-instruct,sha256:83cfd4d1c1ce5e4d24b1192a16623a6e040f1a0b4fbf60cfb6bba0165c02b1b5,det-v1,1,accepted,2256,78,2978.017,0.0008433600,false,false
call-000234,arm9_spec_heuristic_rollback,dev/f2/s2050000/early_accurate,28,qwen/qwen-2.5-72b-instruct,sha256:ae1cccd452b07cf3230f5c2407a8ef39e3fdaafe477dd0e100ad6431041ab5f7,det-v1,1,accepted,1869,78,0.004,0.0007040400,true,false
call-000235,arm9_spec_heuristic_rollback,dev/f2/s2050000/early_accurate,37,qwen/qwen-2.5-72b-instruct,sha256:83cfd4d1c1ce5e4d24b1192a16623a6e040f1a0b4fbf60cfb6bba0165c02b1b5,det-v1,1,accepted,2256,78,0.003,0.0008433600,true,false
call-000236,arm10_spec_eprocess,dev/f2/s2050000/early_accurate,28,qwen/qwen-2.5-72b-instruct,sha256:ae1cccd452b07cf3230f5c2407a8ef39e3fdaafe477dd0e100ad6431041ab5f7,det-v1,1,accepted,1869,78,0.003,0.0007040400,true,false
call-000237,arm10_spec_eprocess,dev/f2/s2050000/early_accurate,37,qwen/qwen-2.5-72b-instruct,sha256:83cfd4d1c1ce5e4d24b1192a16623a6e040f1a0b4fbf60cfb6bba0165c02b1b5,det-v1,1,accepted,2256,78,0.003,0.0008433600,true,false
call-000238,arm8_spec_immediate,dev/f2/s2050000/early_accurate__twin,10,qwen/qwen-2.5-72b-instruct,sha256:2f0314c058f8351633d6fb61057faec250423fecaef47ab6d642cc74eae94870,det-v1,1,,1116,97,4251.090,0.0004405600,false,true
call-000239,arm8_spec_immediate,dev/f2/s2050000/early_accurate__twin,10,qwen/qwen-2.5-72b-instruct,sha256:2f0314c058f8351633d6fb61057faec250423fecaef47ab6d642cc74eae94870,det-v1,1,accepted,1116,97,4251.090,0.0004405600,false,false
call-000240,arm8_spec_immediate,dev/f2/s2050000/early_accurate__twin,43,qwen/qwen-2.5-72b-instruct,sha256:09c77b7f757ec61ca2edbedf9e68eccf04d5a1f95ebb7b1223391ec34f0d0f79,det-v1,1,,2574,289,7944.962,0.0010422400,false,true
call-000241,arm8_spec_immediate,dev/f2/s2050000/early_accurate__twin,43,qwen/qwen-2.5-72b-instruct,sha256:09c77b7f757ec61ca2edbedf9e68eccf04d5a1f95ebb7b1223391ec34f0d0f79,det-v1,1,accepted,2574,289,7944.962,0.0010422400,false,false
call-000242,arm9_spec_heuristic_rollback,dev/f2/s2050000/early_accurate__twin,10,qwen/qwen-2.5-72b-instruct,sha256:2f0314c058f8351633d6fb61057faec250423fecaef47ab6d642cc74eae94870,det-v1,1,accepted,1116,97,0.004,0.0004405600,true,false
call-000243,arm9_spec_heuristic_rollback,dev/f2/s2050000/early_accurate__twin,43,qwen/qwen-2.5-72b-instruct,sha256:fdf39afa0d4c4de943d80d30fd7f70cba09adb9d85004b5ed7275c2bfdce5cec,det-v1,1,,2570,289,9446.974,0.0010408000,false,true
call-000244,arm9_spec_heuristic_rollback,dev/f2/s2050000/early_accurate__twin,43,qwen/qwen-2.5-72b-instruct,sha256:fdf39afa0d4c4de943d80d30fd7f70cba09adb9d85004b5ed7275c2bfdce5cec,det-v1,1,accepted,2570,289,9446.974,0.0010408000,false,false
call-000245,arm10_spec_eprocess,dev/f2/s2050000/early_accurate__twin,10,qwen/qwen-2.5-72b-instruct,sha256:2f0314c058f8351633d6fb61057faec250423fecaef47ab6d642cc74eae94870,det-v1,1,accepted,1116,97,0.002,0.0004405600,true,false
call-000246,arm10_spec_eprocess,dev/f2/s2050000/early_accurate__twin,43,qwen/qwen-2.5-72b-instruct,sha256:1f9fe0e1f283c46552902068b1b7c9fe4db0a4ec09c8c2f249a75d14d0d22112,det-v1,1,,2570,241,7253.504,0.0010216000,false,true
call-000247,arm10_spec_eprocess,dev/f2/s2050000/early_accurate__twin,43,qwen/qwen-2.5-72b-instruct,sha256:1f9fe0e1f283c46552902068b1b7c9fe4db0a4ec09c8c2f249a75d14d0d22112,det-v1,1,accepted,2570,241,7253.504,0.0010216000,false,false
call-000248,arm8_spec_immediate,cal/f2/s2060000/early_accurate,22,qwen/qwen-2.5-72b-instruct,sha256:584da7455832e0a0a3c58990f286d5997e4df10d8f66b314febb48f0916bfefc,det-v1,1,,1606,98,3360.705,0.0006173600,false,true
call-000249,arm8_spec_immediate,cal/f2/s2060000/early_accurate,22,qwen/qwen-2.5-72b-instruct,sha256:584da7455832e0a0a3c58990f286d5997e4df10d8f66b314febb48f0916bfefc,det-v1,1,accepted,1606,98,3360.705,0.0006173600,false,false
call-000250,arm8_spec_immediate,cal/f2/s2060000/early_accurate,37,qwen/qwen-2.5-72b-instruct,sha256:655055e15acaccfdcd772df3ac5ecfc43c49307de51a727d05e979339fb9ad0a,det-v1,1,,2247,78,2652.597,0.0008401200,false,true
call-000251,arm8_spec_immediate,cal/f2/s2060000/early_accurate,37,qwen/qwen-2.5-72b-instruct,sha256:655055e15acaccfdcd772df3ac5ecfc43c49307de51a727d05e979339fb9ad0a,det-v1,1,accepted,2247,78,2652.597,0.0008401200,false,false
call-000252,arm9_spec_heuristic_rollback,cal/f2/s2060000/early_accurate,22,qwen/qwen-2.5-72b-instruct,sha256:584da7455832e0a0a3c58990f286d5997e4df10d8f66b314febb48f0916bfefc,det-v1,1,accepted,1606,98,0.004,0.0006173600,true,false
call-000253,arm9_spec_heuristic_rollback,cal/f2/s2060000/early_accurate,37,qwen/qwen-2.5-72b-instruct,sha256:655055e15acaccfdcd772df3ac5ecfc43c49307de51a727d05e979339fb9ad0a,det-v1,1,accepted,2247,78,0.003,0.0008401200,true,false
call-000254,arm10_spec_eprocess,cal/f2/s2060000/early_accurate,22,qwen/qwen-2.5-72b-instruct,sha256:584da7455832e0a0a3c58990f286d5997e4df10d8f66b314febb48f0916bfefc,det-v1,1,accepted,1606,98,0.004,0.0006173600,true,false
call-000255,arm10_spec_eprocess,cal/f2/s2060000/early_accurate,37,qwen/qwen-2.5-72b-instruct,sha256:8262d17bb51810235554375fd949a02a5c68840a2e8854a3679a6bc5d39735dc,det-v1,1,,2253,78,2471.413,0.0008422800,false,true
call-000256,arm10_spec_eprocess,cal/f2/s2060000/early_accurate,37,qwen/qwen-2.5-72b-instruct,sha256:8262d17bb51810235554375fd949a02a5c68840a2e8854a3679a6bc5d39735dc,det-v1,1,accepted,2253,78,2471.413,0.0008422800,false,false
call-000257,arm8_spec_immediate,cal/f2/s2060000/early_accurate__twin,10,qwen/qwen-2.5-72b-instruct,sha256:6b27b745481c667ce15699f512e7e000fb6af64f12db1515f3a64b5f6c851ea5,det-v1,1,,1121,96,4122.944,0.0004419600,false,true
call-000258,arm8_spec_immediate,cal/f2/s2060000/early_accurate__twin,10,qwen/qwen-2.5-72b-instruct,sha256:6b27b745481c667ce15699f512e7e000fb6af64f12db1515f3a64b5f6c851ea5,det-v1,1,accepted,1121,96,4122.944,0.0004419600,false,false
call-000259,arm9_spec_heuristic_rollback,cal/f2/s2060000/early_accurate__twin,10,qwen/qwen-2.5-72b-instruct,sha256:6b27b745481c667ce15699f512e7e000fb6af64f12db1515f3a64b5f6c851ea5,det-v1,1,accepted,1121,96,0.002,0.0004419600,true,false
call-000260,arm10_spec_eprocess,cal/f2/s2060000/early_accurate__twin,10,qwen/qwen-2.5-72b-instruct,sha256:6b27b745481c667ce15699f512e7e000fb6af64f12db1515f3a64b5f6c851ea5,det-v1,1,accepted,1121,96,0.002,0.0004419600,true,false
call-000261,arm8_spec_immediate,dev/f2/s2050001/early_accurate,27,qwen/qwen-2.5-72b-instruct,sha256:2d5ea3108feeabfe72a459843d2eda6634062e0d6b2403d817e7c3ed525b641a,det-v1,1,,1828,78,2364.687,0.0006892800,false,true
call-000262,arm8_spec_immediate,dev/f2/s2050001/early_accurate,27,qwen/qwen-2.5-72b-instruct,sha256:2d5ea3108feeabfe72a459843d2eda6634062e0d6b2403d817e7c3ed525b641a,det-v1,1,accepted,1828,78,2364.687,0.0006892800,false,false
call-000263,arm8_spec_immediate,dev/f2/s2050001/early_accurate,44,qwen/qwen-2.5-72b-instruct,sha256:8193ee24bef2271c7b6a2f299f72485ef4615ace246d8b4085cd5a51a3d43dfa,det-v1,1,,2570,78,2203.035,0.0009564000,false,true
call-000264,arm8_spec_immediate,dev/f2/s2050001/early_accurate,44,qwen/qwen-2.5-72b-instruct,sha256:8193ee24bef2271c7b6a2f299f72485ef4615ace246d8b4085cd5a51a3d43dfa,det-v1,1,accepted,2570,78,2203.035,0.0009564000,false,false
call-000265,arm9_spec_heuristic_rollback,dev/f2/s2050001/early_accurate,27,qwen/qwen-2.5-72b-instruct,sha256:2d5ea3108feeabfe72a459843d2eda6634062e0d6b2403d817e7c3ed525b641a,det-v1,1,accepted,1828,78,0.004,0.0006892800,true,false
call-000266,arm9_spec_heuristic_rollback,dev/f2/s2050001/early_accurate,44,qwen/qwen-2.5-72b-instruct,sha256:8193ee24bef2271c7b6a2f299f72485ef4615ace246d8b4085cd5a51a3d43dfa,det-v1,1,accepted,2570,78,0.004,0.0009564000,true,false
call-000267,arm10_spec_eprocess,dev/f2/s2050001/early_accurate,27,qwen/qwen-2.5-72b-instruct,sha256:2d5ea3108feeabfe72a459843d2eda6634062e0d6b2403d817e7c3ed525b641a,det-v1,1,accepted,1828,78,0.004,0.0006892800,true,false
call-000268,arm10_spec_eprocess,dev/f2/s2050001/early_accurate,44,qwen/qwen-2.5-72b-instruct,sha256:8193ee24bef2271c7b6a2f299f72485ef4615ace246d8b4085cd5a51a3d43dfa,det-v1,1,accepted,2570,78,0.003,0.0009564000,true,false
call-000269,arm8_spec_immediate,dev/f2/s2050001/early_accurate__twin,10,qwen/qwen-2.5-72b-instruct,sha256:e0e8615f25cc6bbc57b3dadc1613a287230e3a43aab0f097f4b5f939d79608e0,det-v1,1,,1120,96,3153.045,0.0004416000,false,true
call-000270,arm8_spec_immediate,dev/f2/s2050001/early_accurate__twin,10,qwen/qwen-2.5-72b-instruct,sha256:e0e8615f25cc6bbc57b3dadc1613a287230e3a43aab0f097f4b5f939d79608e0,det-v1,1,accepted,1120,96,3153.045,0.0004416000,false,false
call-000271,arm9_spec_heuristic_rollback,dev/f2/s2050001/early_accurate__twin,10,qwen/qwen-2.5-72b-instruct,sha256:e0e8615f25cc6bbc57b3dadc1613a287230e3a43aab0f097f4b5f939d79608e0,det-v1,1,accepted,1120,96,0.003,0.0004416000,true,false
call-000272,arm10_spec_eprocess,dev/f2/s2050001/early_accurate__twin,10,qwen/qwen-2.5-72b-instruct,sha256:e0e8615f25cc6bbc57b3dadc1613a287230e3a43aab0f097f4b5f939d79608e0,det-v1,1,accepted,1120,96,0.002,0.0004416000,true,false
call-000273,arm8_spec_immediate,cal/f2/s2060001/early_accurate,37,qwen/qwen-2.5-72b-instruct,sha256:720a823aee7173e3cbba19ffbb8660f2e53db4bd873f32ca0fcb1acecc4fdec7,det-v1,1,,2277,78,3287.046,0.0008509200,false,true
call-000274,arm8_spec_immediate,cal/f2/s2060001/early_accurate,37,qwen/qwen-2.5-72b-instruct,sha256:720a823aee7173e3cbba19ffbb8660f2e53db4bd873f32ca0fcb1acecc4fdec7,det-v1,1,accepted,2277,78,3287.046,0.0008509200,false,false
call-000275,arm8_spec_immediate,cal/f2/s2060001/early_accurate,46,qwen/qwen-2.5-72b-instruct,sha256:c448529164febb59d6002bfa5baf852536b9da839dd793404783350f44f2a150,det-v1,1,,2664,78,2498.071,0.0009902400,false,true
call-000276,arm8_spec_immediate,cal/f2/s2060001/early_accurate,46,qwen/qwen-2.5-72b-instruct,sha256:c448529164febb59d6002bfa5baf852536b9da839dd793404783350f44f2a150,det-v1,1,accepted,2664,78,2498.071,0.0009902400,false,false
call-000277,arm9_spec_heuristic_rollback,cal/f2/s2060001/early_accurate,37,qwen/qwen-2.5-72b-instruct,sha256:720a823aee7173e3cbba19ffbb8660f2e53db4bd873f32ca0fcb1acecc4fdec7,det-v1,1,accepted,2277,78,0.004,0.0008509200,true,false
call-000278,arm9_spec_heuristic_rollback,cal/f2/s2060001/early_accurate,46,qwen/qwen-2.5-72b-instruct,sha256:c448529164febb59d6002bfa5baf852536b9da839dd793404783350f44f2a150,det-v1,1,accepted,2664,78,0.004,0.0009902400,true,false
call-000279,arm10_spec_eprocess,cal/f2/s2060001/early_accurate,37,qwen/qwen-2.5-72b-instruct,sha256:720a823aee7173e3cbba19ffbb8660f2e53db4bd873f32ca0fcb1acecc4fdec7,det-v1,1,accepted,2277,78,0.004,0.0008509200,true,false
call-000280,arm10_spec_eprocess,cal/f2/s2060001/early_accurate,46,qwen/qwen-2.5-72b-instruct,sha256:c448529164febb59d6002bfa5baf852536b9da839dd793404783350f44f2a150,det-v1,1,accepted,2664,78,0.004,0.0009902400,true,false
call-000281,arm8_spec_immediate,cal/f2/s2060001/early_accurate__twin,10,qwen/qwen-2.5-72b-instruct,sha256:e10652917039202382ca0dbfffbaac06e761aec9688f1577c2858e02fbe7bcba,det-v1,1,,1125,112,5262.136,0.0004498000,false,true
call-000282,arm8_spec_immediate,cal/f2/s2060001/early_accurate__twin,10,qwen/qwen-2.5-72b-instruct,sha256:e10652917039202382ca0dbfffbaac06e761aec9688f1577c2858e02fbe7bcba,det-v1,1,accepted,1125,112,5262.136,0.0004498000,false,false
call-000283,arm9_spec_heuristic_rollback,cal/f2/s2060001/early_accurate__twin,10,qwen/qwen-2.5-72b-instruct,sha256:e10652917039202382ca0dbfffbaac06e761aec9688f1577c2858e02fbe7bcba,det-v1,1,accepted,1125,112,0.002,0.0004498000,true,false
call-000284,arm10_spec_eprocess,cal/f2/s2060001/early_accurate__twin,10,qwen/qwen-2.5-72b-instruct,sha256:e10652917039202382ca0dbfffbaac06e761aec9688f1577c2858e02fbe7bcba,det-v1,1,accepted,1125,112,0.003,0.0004498000,true,false
call-000285,arm8_spec_immediate,dev/f2/s2050000/late_accurate,28,qwen/qwen-2.5-72b-instruct,sha256:6aaca8b1c9c55676962e971882be9d906172a383ba49f0f558c8dd4efbe8faf3,det-v1,1,,1869,78,3785.009,0.0007040400,false,true
call-000286,arm8_spec_immediate,dev/f2/s2050000/late_accurate,28,qwen/qwen-2.5-72b-instruct,sha256:6aaca8b1c9c55676962e971882be9d906172a383ba49f0f558c8dd4efbe8faf3,det-v1,1,accepted,1869,78,3785.009,0.0007040400,false,false
call-000287,arm8_spec_immediate,dev/f2/s2050000/late_accurate,37,qwen/qwen-2.5-72b-instruct,sha256:b5a98d226ec5be9f49c77220aafc4a9f0377807cca6b6683fee45884ee625e60,det-v1,1,,2256,78,3287.993,0.0008433600,false,true
call-000288,arm8_spec_immediate,dev/f2/s2050000/late_accurate,37,qwen/qwen-2.5-72b-instruct,sha256:b5a98d226ec5be9f49c77220aafc4a9f0377807cca6b6683fee45884ee625e60,det-v1,1,accepted,2256,78,3287.993,0.0008433600,false,false
call-000289,arm9_spec_heuristic_rollback,dev/f2/s2050000/late_accurate,28,qwen/qwen-2.5-72b-instruct,sha256:6aaca8b1c9c55676962e971882be9d906172a383ba49f0f558c8dd4efbe8faf3,det-v1,1,accepted,1869,78,0.002,0.0007040400,true,false
call-000290,arm9_spec_heuristic_rollback,dev/f2/s2050000/late_accurate,37,qwen/qwen-2.5-72b-instruct,sha256:b5a98d226ec5be9f49c77220aafc4a9f0377807cca6b6683fee45884ee625e60,det-v1,1,accepted,2256,78,0.002,0.0008433600,true,false
call-000291,arm10_spec_eprocess,dev/f2/s2050000/late_accurate,28,qwen/qwen-2.5-72b-instruct,sha256:6aaca8b1c9c55676962e971882be9d906172a383ba49f0f558c8dd4efbe8faf3,det-v1,1,accepted,1869,78,0.002,0.0007040400,true,false
call-000292,arm10_spec_eprocess,dev/f2/s2050000/late_accurate,37,qwen/qwen-2.5-72b-instruct,sha256:b5a98d226ec5be9f49c77220aafc4a9f0377807cca6b6683fee45884ee625e60,det-v1,1,accepted,2256,78,0.002,0.0008433600,true,false
call-000293,arm8_spec_immediate,cal/f2/s2060000/late_accurate,22,qwen/qwen-2.5-72b-instruct,sha256:4bd6619b6d44c5170386765d0d19e60d28a49d0bd0154a6417d3ab889c847b3b,det-v1,1,,1606,98,2904.453,0.0006173600,false,true
call-000294,arm8_spec_immediate,cal/f2/s2060000/late_accurate,22,qwen/qwen-2.5-72b-instruct,sha256:4bd6619b6d44c5170386765d0d19e60d28a49d0bd0154a6417d3ab889c847b3b,det-v1,1,accepted,1606,98,2904.453,0.0006173600,false,false
call-000295,arm8_spec_immediate,cal/f2/s2060000/late_accurate,37,qwen/qwen-2.5-72b-instruct,sha256:4e28eec153e803897ce991c3fa709e5cd44ff2de6606d1518dbe5adfe1453b3d,det-v1,1,,2247,78,2394.457,0.0008401200,false,true
call-000296,arm8_spec_immediate,cal/f2/s2060000/late_accurate,37,qwen/qwen-2.5-72b-instruct,sha256:4e28eec153e803897ce991c3fa709e5cd44ff2de6606d1518dbe5adfe1453b3d,det-v1,1,accepted,2247,78,2394.457,0.0008401200,false,false
call-000297,arm9_spec_heuristic_rollback,cal/f2/s2060000/late_accurate,22,qwen/qwen-2.5-72b-instruct,sha256:4bd6619b6d44c5170386765d0d19e60d28a49d0bd0154a6417d3ab889c847b3b,det-v1,1,accepted,1606,98,0.004,0.0006173600,true,false
call-000298,arm9_spec_heuristic_rollback,cal/f2/s2060000/late_accurate,37,qwen/qwen-2.5-72b-instruct,sha256:4e28eec153e803897ce991c3fa709e5cd44ff2de6606d1518dbe5adfe1453b3d,det-v1,1,accepted,2247,78,0.004,0.0008401200,true,false
call-000299,arm10_spec_eprocess,cal/f2/s2060000/late_accurate,22,qwen/qwen-2.5-72b-instruct,sha256:4bd6619b6d44c5170386765d0d19e60d28a49d0bd0154a6417d3ab889c847b3b,det-v1,1,accepted,1606,98,0.003,0.0006173600,true,false
call-000300,arm10_spec_eprocess,cal/f2/s2060000/late_accurate,37,qwen/qwen-2.5-72b-instruct,sha256:d7a86a433b750a5d44a6616294e30a4d4a18b4fce519035a0b4e05c9b8a11b4e,det-v1,1,,2253,78,3998.095,0.0008422800,false,true
call-000301,arm10_spec_eprocess,cal/f2/s2060000/late_accurate,37,qwen/qwen-2.5-72b-instruct,sha256:d7a86a433b750a5d44a6616294e30a4d4a18b4fce519035a0b4e05c9b8a11b4e,det-v1,1,accepted,2253,78,3998.095,0.0008422800,false,false
call-000302,arm8_spec_immediate,dev/f2/s2050001/late_accurate,27,qwen/qwen-2.5-72b-instruct,sha256:a73da12aef966c13276028015e81456dc11ecb350a14cc68d51d73d7e1e19850,det-v1,1,,1828,78,2235.939,0.0006892800,false,true
call-000303,arm8_spec_immediate,dev/f2/s2050001/late_accurate,27,qwen/qwen-2.5-72b-instruct,sha256:a73da12aef966c13276028015e81456dc11ecb350a14cc68d51d73d7e1e19850,det-v1,1,accepted,1828,78,2235.939,0.0006892800,false,false
call-000304,arm8_spec_immediate,dev/f2/s2050001/late_accurate,44,qwen/qwen-2.5-72b-instruct,sha256:f5dc60d76e7370d5a2cfd2552eec3ec9e4c423a934fb6b68e7f86dab30b82f42,det-v1,1,,2570,78,3860.650,0.0009564000,false,true
call-000305,arm8_spec_immediate,dev/f2/s2050001/late_accurate,44,qwen/qwen-2.5-72b-instruct,sha256:f5dc60d76e7370d5a2cfd2552eec3ec9e4c423a934fb6b68e7f86dab30b82f42,det-v1,1,accepted,2570,78,3860.650,0.0009564000,false,false
call-000306,arm9_spec_heuristic_rollback,dev/f2/s2050001/late_accurate,27,qwen/qwen-2.5-72b-instruct,sha256:a73da12aef966c13276028015e81456dc11ecb350a14cc68d51d73d7e1e19850,det-v1,1,accepted,1828,78,0.004,0.0006892800,true,false
call-000307,arm9_spec_heuristic_rollback,dev/f2/s2050001/late_accurate,44,qwen/qwen-2.5-72b-instruct,sha256:f5dc60d76e7370d5a2cfd2552eec3ec9e4c423a934fb6b68e7f86dab30b82f42,det-v1,1,accepted,2570,78,0.003,0.0009564000,true,false
call-000308,arm10_spec_eprocess,dev/f2/s2050001/late_accurate,27,qwen/qwen-2.5-72b-instruct,sha256:a73da12aef966c13276028015e81456dc11ecb350a14cc68d51d73d7e1e19850,det-v1,1,accepted,1828,78,0.004,0.0006892800,true,false
call-000309,arm10_spec_eprocess,dev/f2/s2050001/late_accurate,44,qwen/qwen-2.5-72b-instruct,sha256:f5dc60d76e7370d5a2cfd2552eec3ec9e4c423a934fb6b68e7f86dab30b82f42,det-v1,1,accepted,2570,78,0.003,0.0009564000,true,false
call-000310,arm8_spec_immediate,cal/f2/s2060001/late_accurate,37,qwen/qwen-2.5-72b-instruct,sha256:e3f2a5b315be403a06aea2c89d1953e3f06c9759e64d4a1495d3ae8c3b414147,det-v1,1,,2277,78,2576.700,0.0008509200,false,true
call-000311,arm8_spec_immediate,cal/f2/s2060001/late_accurate,37,qwen/qwen-2.5-72b-instruct,sha256:e3f2a5b315be403a06aea2c89d1953e3f06c9759e64d4a1495d3ae8c3b414147,det-v1,1,accepted,2277,78,2576.700,0.0008509200,false,false
call-000312,arm8_spec_immediate,cal/f2/s2060001/late_accurate,46,qwen/qwen-2.5-72b-instruct,sha256:daa4d0dbad5f92712840f1298a8db04553a06dab5d2cfdfdb39de65277e5bab3,det-v1,1,,2664,78,2680.062,0.0009902400,false,true
call-000313,arm8_spec_immediate,cal/f2/s2060001/late_accurate,46,qwen/qwen-2.5-72b-instruct,sha256:daa4d0dbad5f92712840f1298a8db04553a06dab5d2cfdfdb39de65277e5bab3,det-v1,1,accepted,2664,78,2680.062,0.0009902400,false,false
call-000314,arm9_spec_heuristic_rollback,cal/f2/s2060001/late_accurate,37,qwen/qwen-2.5-72b-instruct,sha256:e3f2a5b315be403a06aea2c89d1953e3f06c9759e64d4a1495d3ae8c3b414147,det-v1,1,accepted,2277,78,0.002,0.0008509200,true,false
call-000315,arm9_spec_heuristic_rollback,cal/f2/s2060001/late_accurate,46,qwen/qwen-2.5-72b-instruct,sha256:daa4d0dbad5f92712840f1298a8db04553a06dab5d2cfdfdb39de65277e5bab3,det-v1,1,accepted,2664,78,0.002,0.0009902400,true,false
call-000316,arm10_spec_eprocess,cal/f2/s2060001/late_accurate,37,qwen/qwen-2.5-72b-instruct,sha256:e3f2a5b315be403a06aea2c89d1953e3f06c9759e64d4a1495d3ae8c3b414147,det-v1,1,accepted,2277,78,0.002,0.0008509200,true,false
call-000317,arm10_spec_eprocess,cal/f2/s2060001/late_accurate,46,qwen/qwen-2.5-72b-instruct,sha256:daa4d0dbad5f92712840f1298a8db04553a06dab5d2cfdfdb39de65277e5bab3,det-v1,1,accepted,2664,78,0.001,0.0009902400,true,false
call-000318,arm8_spec_immediate,dev/f2/s2050000/unreliable,28,qwen/qwen-2.5-72b-instruct,sha256:38d44c1e4a72f6380dfa75007afc969914becdd7675fbd7f0f18898ed49d2614,det-v1,1,,1869,78,4017.536,0.0007040400,false,true
call-000319,arm8_spec_immediate,dev/f2/s2050000/unreliable,28,qwen/qwen-2.5-72b-instruct,sha256:38d44c1e4a72f6380dfa75007afc969914becdd7675fbd7f0f18898ed49d2614,det-v1,1,accepted,1869,78,4017.536,0.0007040400,false,false
call-000320,arm8_spec_immediate,dev/f2/s2050000/unreliable,37,qwen/qwen-2.5-72b-instruct,sha256:1715b4e853703d144c4c402ac10ae89752e2695075f4a282b5e8a807cdd807dc,det-v1,1,,2256,78,3375.093,0.0008433600,false,true
call-000321,arm8_spec_immediate,dev/f2/s2050000/unreliable,37,qwen/qwen-2.5-72b-instruct,sha256:1715b4e853703d144c4c402ac10ae89752e2695075f4a282b5e8a807cdd807dc,det-v1,1,accepted,2256,78,3375.093,0.0008433600,false,false
call-000322,arm9_spec_heuristic_rollback,dev/f2/s2050000/unreliable,28,qwen/qwen-2.5-72b-instruct,sha256:38d44c1e4a72f6380dfa75007afc969914becdd7675fbd7f0f18898ed49d2614,det-v1,1,accepted,1869,78,0.004,0.0007040400,true,false
call-000323,arm9_spec_heuristic_rollback,dev/f2/s2050000/unreliable,37,qwen/qwen-2.5-72b-instruct,sha256:1715b4e853703d144c4c402ac10ae89752e2695075f4a282b5e8a807cdd807dc,det-v1,1,accepted,2256,78,0.004,0.0008433600,true,false
call-000324,arm10_spec_eprocess,dev/f2/s2050000/unreliable,28,qwen/qwen-2.5-72b-instruct,sha256:38d44c1e4a72f6380dfa75007afc969914becdd7675fbd7f0f18898ed49d2614,det-v1,1,accepted,1869,78,0.004,0.0007040400,true,false
call-000325,arm10_spec_eprocess,dev/f2/s2050000/unreliable,37,qwen/qwen-2.5-72b-instruct,sha256:1715b4e853703d144c4c402ac10ae89752e2695075f4a282b5e8a807cdd807dc,det-v1,1,accepted,2256,78,0.003,0.0008433600,true,false
call-000326,arm8_spec_immediate,cal/f2/s2060000/unreliable,22,qwen/qwen-2.5-72b-instruct,sha256:153b8ba2ac327ec8a1bf69851089b5d2e6a120bbc56bd32f441c77c253a03179,det-v1,1,,1606,98,3065.997,0.0006173600,false,true
call-000327,arm8_spec_immediate,cal/f2/s2060000/unreliable,22,qwen/qwen-2.5-72b-instruct,sha256:153b8ba2ac327ec8a1bf69851089b5d2e6a120bbc56bd32f441c77c253a03179,det-v1,1,accepted,1606,98,3065.997,0.0006173600,false,false
call-000328,arm8_spec_immediate,cal/f2/s2060000/unreliable,37,qwen/qwen-2.5-72b-instruct,sha256:33c94124bdd1bb502dff65ea265dfe5851eb28eb269a7564344039d6614ffad6,det-v1,1,,2247,78,2737.724,0.0008401200,false,true
call-000329,arm8_spec_immediate,cal/f2/s2060000/unreliable,37,qwen/qwen-2.5-72b-instruct,sha256:33c94124bdd1bb502dff65ea265dfe5851eb28eb269a7564344039d6614ffad6,det-v1,1,accepted,2247,78,2737.724,0.0008401200,false,false
call-000330,arm9_spec_heuristic_rollback,cal/f2/s2060000/unreliable,22,qwen/qwen-2.5-72b-instruct,sha256:153b8ba2ac327ec8a1bf69851089b5d2e6a120bbc56bd32f441c77c253a03179,det-v1,1,accepted,1606,98,0.004,0.0006173600,true,false
call-000331,arm9_spec_heuristic_rollback,cal/f2/s2060000/unreliable,37,qwen/qwen-2.5-72b-instruct,sha256:33c94124bdd1bb502dff65ea265dfe5851eb28eb269a7564344039d6614ffad6,det-v1,1,accepted,2247,78,0.003,0.0008401200,true,false
call-000332,arm10_spec_eprocess,cal/f2/s2060000/unreliable,22,qwen/qwen-2.5-72b-instruct,sha256:153b8ba2ac327ec8a1bf69851089b5d2e6a120bbc56bd32f441c77c253a03179,det-v1,1,accepted,1606,98,0.003,0.0006173600,true,false
call-000333,arm10_spec_eprocess,cal/f2/s2060000/unreliable,37,qwen/qwen-2.5-72b-instruct,sha256:baee2ce7f7bf8a7b966d0f23302e1849d0205ce0e76c8425d2f3bcedb101035d,det-v1,1,,2253,78,3618.217,0.0008422800,false,true
call-000334,arm10_spec_eprocess,cal/f2/s2060000/unreliable,37,qwen/qwen-2.5-72b-instruct,sha256:baee2ce7f7bf8a7b966d0f23302e1849d0205ce0e76c8425d2f3bcedb101035d,det-v1,1,accepted,2253,78,3618.217,0.0008422800,false,false
call-000335,arm8_spec_immediate,dev/f2/s2050001/unreliable,27,qwen/qwen-2.5-72b-instruct,sha256:1938c8001f75fc892ace5ed8dfcd67e8a23bc099c23170bb54311bd766aec4b0,det-v1,1,,1828,78,2746.289,0.0006892800,false,true
call-000336,arm8_spec_immediate,dev/f2/s2050001/unreliable,27,qwen/qwen-2.5-72b-instruct,sha256:1938c8001f75fc892ace5ed8dfcd67e8a23bc099c23170bb54311bd766aec4b0,det-v1,1,accepted,1828,78,2746.289,0.0006892800,false,false
call-000337,arm8_spec_immediate,dev/f2/s2050001/unreliable,44,qwen/qwen-2.5-72b-instruct,sha256:0212bbba42d5e62601b1946cd50aa88772220a54de2e96ad091372da403ec9b2,det-v1,1,,2570,78,3387.940,0.0009564000,false,true
call-000338,arm8_spec_immediate,dev/f2/s2050001/unreliable,44,qwen/qwen-2.5-72b-instruct,sha256:0212bbba42d5e62601b1946cd50aa88772220a54de2e96ad091372da403ec9b2,det-v1,1,accepted,2570,78,3387.940,0.0009564000,false,false
call-000339,arm9_spec_heuristic_rollback,dev/f2/s2050001/unreliable,27,qwen/qwen-2.5-72b-instruct,sha256:1938c8001f75fc892ace5ed8dfcd67e8a23bc099c23170bb54311bd766aec4b0,det-v1,1,accepted,1828,78,0.004,0.0006892800,true,false
call-000340,arm9_spec_heuristic_rollback,dev/f2/s2050001/unreliable,44,qwen/qwen-2.5-72b-instruct,sha256:0212bbba42d5e62601b1946cd50aa88772220a54de2e96ad091372da403ec9b2,det-v1,1,accepted,2570,78,0.003,0.0009564000,true,false
call-000341,arm10_spec_eprocess,dev/f2/s2050001/unreliable,27,qwen/qwen-2.5-72b-instruct,sha256:1938c8001f75fc892ace5ed8dfcd67e8a23bc099c23170bb54311bd766aec4b0,det-v1,1,accepted,1828,78,0.003,0.0006892800,true,false
call-000342,arm10_spec_eprocess,dev/f2/s2050001/unreliable,44,qwen/qwen-2.5-72b-instruct,sha256:0212bbba42d5e62601b1946cd50aa88772220a54de2e96ad091372da403ec9b2,det-v1,1,accepted,2570,78,0.003,0.0009564000,true,false
call-000343,arm8_spec_immediate,cal/f2/s2060001/unreliable,37,qwen/qwen-2.5-72b-instruct,sha256:702d6081cfdf024ca36509fe370a5bb9aa76901b0a317ccba2e7b5aa03f30c04,det-v1,1,,2277,78,2505.558,0.0008509200,false,true
call-000344,arm8_spec_immediate,cal/f2/s2060001/unreliable,37,qwen/qwen-2.5-72b-instruct,sha256:702d6081cfdf024ca36509fe370a5bb9aa76901b0a317ccba2e7b5aa03f30c04,det-v1,1,accepted,2277,78,2505.558,0.0008509200,false,false
call-000345,arm8_spec_immediate,cal/f2/s2060001/unreliable,46,qwen/qwen-2.5-72b-instruct,sha256:4c22b100bded13de07b4ba1bdca1ec93e40586a0187a7d3dc3453368b2feb486,det-v1,1,,2664,78,2979.362,0.0009902400,false,true
call-000346,arm8_spec_immediate,cal/f2/s2060001/unreliable,46,qwen/qwen-2.5-72b-instruct,sha256:4c22b100bded13de07b4ba1bdca1ec93e40586a0187a7d3dc3453368b2feb486,det-v1,1,accepted,2664,78,2979.362,0.0009902400,false,false
call-000347,arm9_spec_heuristic_rollback,cal/f2/s2060001/unreliable,37,qwen/qwen-2.5-72b-instruct,sha256:702d6081cfdf024ca36509fe370a5bb9aa76901b0a317ccba2e7b5aa03f30c04,det-v1,1,accepted,2277,78,0.004,0.0008509200,true,false
call-000348,arm9_spec_heuristic_rollback,cal/f2/s2060001/unreliable,46,qwen/qwen-2.5-72b-instruct,sha256:4c22b100bded13de07b4ba1bdca1ec93e40586a0187a7d3dc3453368b2feb486,det-v1,1,accepted,2664,78,0.003,0.0009902400,true,false
call-000349,arm10_spec_eprocess,cal/f2/s2060001/unreliable,37,qwen/qwen-2.5-72b-instruct,sha256:702d6081cfdf024ca36509fe370a5bb9aa76901b0a317ccba2e7b5aa03f30c04,det-v1,1,accepted,2277,78,0.004,0.0008509200,true,false
call-000350,arm10_spec_eprocess,cal/f2/s2060001/unreliable,46,qwen/qwen-2.5-72b-instruct,sha256:4c22b100bded13de07b4ba1bdca1ec93e40586a0187a7d3dc3453368b2feb486,det-v1,1,accepted,2664,78,0.003,0.0009902400,true,false
call-000351,arm8_spec_immediate,cal/f3/s3060000/no_alert,15,qwen/qwen-2.5-72b-instruct,sha256:74b374e140ace49f1b2da8acaba96b06b0f603c8bc4e1923e4f6dc7f23f737fc,det-v1,1,,1297,98,2920.159,0.0005061200,false,true
call-000352,arm8_spec_immediate,cal/f3/s3060000/no_alert,15,qwen/qwen-2.5-72b-instruct,sha256:74b374e140ace49f1b2da8acaba96b06b0f603c8bc4e1923e4f6dc7f23f737fc,det-v1,1,fallback,1297,98,2920.159,0.0005061200,false,false
call-000353,arm8_spec_immediate,cal/f3/s3060000/no_alert,15,qwen/qwen-2.5-72b-instruct,sha256:bab0a9246a7f5074309c3f67762e7f899e667147b74750a7157702b05056f265,det-v1,2,,1367,78,3233.550,0.0005233200,false,true
call-000354,arm8_spec_immediate,cal/f3/s3060000/no_alert,15,qwen/qwen-2.5-72b-instruct,sha256:bab0a9246a7f5074309c3f67762e7f899e667147b74750a7157702b05056f265,det-v1,2,accepted_after_repair,1367,78,3233.550,0.0005233200,false,false
call-000355,arm9_spec_heuristic_rollback,cal/f3/s3060000/no_alert,15,qwen/qwen-2.5-72b-instruct,sha256:74b374e140ace49f1b2da8acaba96b06b0f603c8bc4e1923e4f6dc7f23f737fc,det-v1,1,fallback,1297,98,0.004,0.0005061200,true,false
call-000356,arm9_spec_heuristic_rollback,cal/f3/s3060000/no_alert,15,qwen/qwen-2.5-72b-instruct,sha256:bab0a9246a7f5074309c3f67762e7f899e667147b74750a7157702b05056f265,det-v1,2,accepted_after_repair,1367,78,0.003,0.0005233200,true,false
call-000357,arm10_spec_eprocess,cal/f3/s3060000/no_alert,15,qwen/qwen-2.5-72b-instruct,sha256:74b374e140ace49f1b2da8acaba96b06b0f603c8bc4e1923e4f6dc7f23f737fc,det-v1,1,fallback,1297,98,0.004,0.0005061200,true,false
call-000358,arm10_spec_eprocess,cal/f3/s3060000/no_alert,15,qwen/qwen-2.5-72b-instruct,sha256:bab0a9246a7f5074309c3f67762e7f899e667147b74750a7157702b05056f265,det-v1,2,accepted_after_repair,1367,78,0.003,0.0005233200,true,false
call-000359,arm8_spec_immediate,cal/f3/s3060001/no_alert,23,qwen/qwen-2.5-72b-instruct,sha256:e47a65e979c5301ae45db9fc84fdb42d035e225b3fbd9a2a630474ac94c1fc07,det-v1,1,,1659,104,3965.391,0.0006388400,false,true
call-000360,arm8_spec_immediate,cal/f3/s3060001/no_alert,23,qwen/qwen-2.5-72b-instruct,sha256:e47a65e979c5301ae45db9fc84fdb42d035e225b3fbd9a2a630474ac94c1fc07,det-v1,1,fallback,1659,104,3965.391,0.0006388400,false,false
call-000361,arm8_spec_immediate,cal/f3/s3060001/no_alert,23,qwen/qwen-2.5-72b-instruct,sha256:20d02279ea313f71ae734e32830bb3de41dad74a0a57d5a806a768847caa09a4,det-v1,2,,1729,96,3151.365,0.0006608400,false,true
call-000362,arm8_spec_immediate,cal/f3/s3060001/no_alert,23,qwen/qwen-2.5-72b-instruct,sha256:20d02279ea313f71ae734e32830bb3de41dad74a0a57d5a806a768847caa09a4,det-v1,2,accepted_after_repair,1729,96,3151.365,0.0006608400,false,false
call-000363,arm9_spec_heuristic_rollback,cal/f3/s3060001/no_alert,23,qwen/qwen-2.5-72b-instruct,sha256:e47a65e979c5301ae45db9fc84fdb42d035e225b3fbd9a2a630474ac94c1fc07,det-v1,1,fallback,1659,104,0.004,0.0006388400,true,false
call-000364,arm9_spec_heuristic_rollback,cal/f3/s3060001/no_alert,23,qwen/qwen-2.5-72b-instruct,sha256:20d02279ea313f71ae734e32830bb3de41dad74a0a57d5a806a768847caa09a4,det-v1,2,accepted_after_repair,1729,96,0.003,0.0006608400,true,false
call-000365,arm10_spec_eprocess,cal/f3/s3060001/no_alert,23,qwen/qwen-2.5-72b-instruct,sha256:e47a65e979c5301ae45db9fc84fdb42d035e225b3fbd9a2a630474ac94c1fc07,det-v1,1,fallback,1659,104,0.003,0.0006388400,true,false
call-000366,arm10_spec_eprocess,cal/f3/s3060001/no_alert,23,qwen/qwen-2.5-72b-instruct,sha256:20d02279ea313f71ae734e32830bb3de41dad74a0a57d5a806a768847caa09a4,det-v1,2,accepted_after_repair,1729,96,0.002,0.0006608400,true,false
call-000367,arm8_spec_immediate,dev/f3/s3050000/early_accurate,14,qwen/qwen-2.5-72b-instruct,sha256:14c245167a05b791cbe20310dcae72eb9b7f075b765137aecc89c60569812d4b,det-v1,1,,1302,91,3071.159,0.0005051200,false,true
call-000368,arm8_spec_immediate,dev/f3/s3050000/early_accurate,14,qwen/qwen-2.5-72b-instruct,sha256:14c245167a05b791cbe20310dcae72eb9b7f075b765137aecc89c60569812d4b,det-v1,1,accepted,1302,91,3071.159,0.0005051200,false,false
call-000369,arm9_spec_heuristic_rollback,dev/f3/s3050000/early_accurate,14,qwen/qwen-2.5-72b-instruct,sha256:14c245167a05b791cbe20310dcae72eb9b7f075b765137aecc89c60569812d4b,det-v1,1,accepted,1302,91,0.002,0.0005051200,true,false
call-000370,arm10_spec_eprocess,dev/f3/s3050000/early_accurate,14,qwen/qwen-2.5-72b-instruct,sha256:14c245167a05b791cbe20310dcae72eb9b7f075b765137aecc89c60569812d4b,det-v1,1,accepted,1302,91,0.002,0.0005051200,true,false
call-000371,arm8_spec_immediate,cal/f3/s3060000/early_accurate,13,qwen/qwen-2.5-72b-instruct,sha256:4132eaf6aab0d0c5f6eb9729b00c16c5506e65a580c1dbc35ded15b88c988e4d,det-v1,1,,1248,98,4003.187,0.0004884800,false,true
call-000372,arm8_spec_immediate,cal/f3/s3060000/early_accurate,13,qwen/qwen-2.5-72b-instruct,sha256:4132eaf6aab0d0c5f6eb9729b00c16c5506e65a580c1dbc35ded15b88c988e4d,det-v1,1,accepted,1248,98,4003.187,0.0004884800,false,false
call-000373,arm8_spec_immediate,cal/f3/s3060000/early_accurate,19,qwen/qwen-2.5-72b-instruct,sha256:e58a5617f09249a5acc5a907f3f0b2b8c95422974eded439fb1e5937955c0fd9,det-v1,1,,1525,128,5827.236,0.0006002000,false,true
call-000374,arm8_spec_immediate,cal/f3/s3060000/early_accurate,19,qwen/qwen-2.5-72b-instruct,sha256:e58a5617f09249a5acc5a907f3f0b2b8c95422974eded439fb1e5937955c0fd9,det-v1,1,accepted,1525,128,5827.236,0.0006002000,false,false
call-000375,arm9_spec_heuristic_rollback,cal/f3/s3060000/early_accurate,13,qwen/qwen-2.5-72b-instruct,sha256:4132eaf6aab0d0c5f6eb9729b00c16c5506e65a580c1dbc35ded15b88c988e4d,det-v1,1,accepted,1248,98,0.004,0.0004884800,true,false
call-000376,arm9_spec_heuristic_rollback,cal/f3/s3060000/early_accurate,19,qwen/qwen-2.5-72b-instruct,sha256:e58a5617f09249a5acc5a907f3f0b2b8c95422974eded439fb1e5937955c0fd9,det-v1,1,accepted,1525,128,0.004,0.0006002000,true,false
call-000377,arm10_spec_eprocess,cal/f3/s3060000/early_accurate,13,qwen/qwen-2.5-72b-instruct,sha256:4132eaf6aab0d0c5f6eb9729b00c16c5506e65a580c1dbc35ded15b88c988e4d,det-v1,1,accepted,1248,98,0.003,0.0004884800,true,false
call-000378,arm10_spec_eprocess,cal/f3/s3060000/early_accurate,19,qwen/qwen-2.5-72b-instruct,sha256:b4dfd6164b25e95fa4b9f8f26e60cbd5d61a17f713d99ebc322bd8adff1cf812,det-v1,1,,1521,134,4475.391,0.0006011600,false,true
call-000379,arm10_spec_eprocess,cal/f3/s3060000/early_accurate,19,qwen/qwen-2.5-72b-instruct,sha256:b4dfd6164b25e95fa4b9f8f26e60cbd5d61a17f713d99ebc322bd8adff1cf812,det-v1,1,fallback,1521,134,4475.391,0.0006011600,false,false
call-000380,arm10_spec_eprocess,cal/f3/s3060000/early_accurate,19,qwen/qwen-2.5-72b-instruct,sha256:766668fdc3e97b48f2119eba27a22ff6d67eb6425ef47533ec6dc9469aabfae0,det-v1,2,,1591,116,4079.802,0.0006191600,false,true
call-000381,arm10_spec_eprocess,cal/f3/s3060000/early_accurate,19,qwen/qwen-2.5-72b-instruct,sha256:766668fdc3e97b48f2119eba27a22ff6d67eb6425ef47533ec6dc9469aabfae0,det-v1,2,accepted_after_repair,1591,116,4079.802,0.0006191600,false,false
call-000382,arm8_spec_immediate,dev/f3/s3050001/early_accurate,17,qwen/qwen-2.5-72b-instruct,sha256:d64bfbad9870b2e24f74b8e06b707893b85c6a3c0783e7eaa5666bb7a04b0cac,det-v1,1,,1426,105,3504.908,0.0005553600,false,true
call-000383,arm8_spec_immediate,dev/f3/s3050001/early_accurate,17,qwen/qwen-2.5-72b-instruct,sha256:d64bfbad9870b2e24f74b8e06b707893b85c6a3c0783e7eaa5666bb7a04b0cac,det-v1,1,fallback,1426,105,3504.908,0.0005553600,false,false
call-000384,arm8_spec_immediate,dev/f3/s3050001/early_accurate,17,qwen/qwen-2.5-72b-instruct,sha256:f0829de8d6badd96e0871da9bb1707bb2fa8747bf1a43d6a8313581b81bd8030,det-v1,2,,1496,97,3161.699,0.0005773600,false,true
call-000385,arm8_spec_immediate,dev/f3/s3050001/early_accurate,17,qwen/qwen-2.5-72b-instruct,sha256:f0829de8d6badd96e0871da9bb1707bb2fa8747bf1a43d6a8313581b81bd8030,det-v1,2,accepted_after_repair,1496,97,3161.699,0.0005773600,false,false
call-000386,arm9_spec_heuristic_rollback,dev/f3/s3050001/early_accurate,17,qwen/qwen-2.5-72b-instruct,sha256:d64bfbad9870b2e24f74b8e06b707893b85c6a3c0783e7eaa5666bb7a04b0cac,det-v1,1,fallback,1426,105,0.001,0.0005553600,true,false
call-000387,arm9_spec_heuristic_rollback,dev/f3/s3050001/early_accurate,17,qwen/qwen-2.5-72b-instruct,sha256:f0829de8d6badd96e0871da9bb1707bb2fa8747bf1a43d6a8313581b81bd8030,det-v1,2,accepted_after_repair,1496,97,0.001,0.0005773600,true,false
call-000388,arm10_spec_eprocess,dev/f3/s3050001/early_accurate,17,qwen/qwen-2.5-72b-instruct,sha256:d64bfbad9870b2e24f74b8e06b707893b85c6a3c0783e7eaa5666bb7a04b0cac,det-v1,1,fallback,1426,105,0.001,0.0005553600,true,false
call-000389,arm10_spec_eprocess,dev/f3/s3050001/early_accurate,17,qwen/qwen-2.5-72b-instruct,sha256:f0829de8d6badd96e0871da9bb1707bb2fa8747bf1a43d6a8313581b81bd8030,det-v1,2,accepted_after_repair,1496,97,0.001,0.0005773600,true,false
call-000390,arm8_spec_immediate,cal/f3/s3060001/early_accurate,19,qwen/qwen-2.5-72b-instruct,sha256:dbc687e6fbc4ab0b0d3a33bd0104da72c9926e50e8e3477b2a7b45c1101f4902,det-v1,1,,1514,78,2780.407,0.0005762400,false,true
call-000391,arm8_spec_immediate,cal/f3/s3060001/early_accurate,19,qwen/qwen-2.5-72b-instruct,sha256:dbc687e6fbc4ab0b0d3a33bd0104da72c9926e50e8e3477b2a7b45c1101f4902,det-v1,1,accepted,1514,78,2780.407,0.0005762400,false,false
call-000392,arm8_spec_immediate,cal/f3/s3060001/early_accurate,25,qwen/qwen-2.5-72b-instruct,sha256:097e616f0e165019d25e548bfddaf048c940494a5c9442334261553739d76234,det-v1,1,,1785,102,3079.773,0.0006834000,false,true
call-000393,arm8_spec_immediate,cal/f3/s3060001/early_accurate,25,qwen/qwen-2.5-72b-instruct,sha256:097e616f0e165019d25e548bfddaf048c940494a5c9442334261553739d76234,det-v1,1,accepted,1785,102,3079.773,0.0006834000,false,false
call-000394,arm9_spec_heuristic_rollback,cal/f3/s3060001/early_accurate,19,qwen/qwen-2.5-72b-instruct,sha256:dbc687e6fbc4ab0b0d3a33bd0104da72c9926e50e8e3477b2a7b45c1101f4902,det-v1,1,accepted,1514,78,0.003,0.0005762400,true,false
call-000395,arm9_spec_heuristic_rollback,cal/f3/s3060001/early_accurate,25,qwen/qwen-2.5-72b-instruct,sha256:097e616f0e165019d25e548bfddaf048c940494a5c9442334261553739d76234,det-v1,1,accepted,1785,102,0.003,0.0006834000,true,false
call-000396,arm10_spec_eprocess,cal/f3/s3060001/early_accurate,19,qwen/qwen-2.5-72b-instruct,sha256:dbc687e6fbc4ab0b0d3a33bd0104da72c9926e50e8e3477b2a7b45c1101f4902,det-v1,1,accepted,1514,78,0.003,0.0005762400,true,false
call-000397,arm10_spec_eprocess,cal/f3/s3060001/early_accurate,25,qwen/qwen-2.5-72b-instruct,sha256:097e616f0e165019d25e548bfddaf048c940494a5c9442334261553739d76234,det-v1,1,accepted,1785,102,0.003,0.0006834000,true,false
call-000398,arm8_spec_immediate,dev/f3/s3050000/late_accurate,17,qwen/qwen-2.5-72b-instruct,sha256:a6d2a99b5f900fee6e8aa1a8be8326ce22229c0e87b2fa84bd00c08d574525b2,det-v1,1,,1436,97,3438.641,0.0005557600,false,true
call-000399,arm8_spec_immediate,dev/f3/s3050000/late_accurate,17,qwen/qwen-2.5-72b-instruct,sha256:a6d2a99b5f900fee6e8aa1a8be8326ce22229c0e87b2fa84bd00c08d574525b2,det-v1,1,accepted,1436,97,3438.641,0.0005557600,false,false
call-000400,arm9_spec_heuristic_rollback,dev/f3/s3050000/late_accurate,17,qwen/qwen-2.5-72b-instruct,sha256:a6d2a99b5f900fee6e8aa1a8be8326ce22229c0e87b2fa84bd00c08d574525b2,det-v1,1,accepted,1436,97,0.003,0.0005557600,true,false
call-000401,arm10_spec_eprocess,dev/f3/s3050000/late_accurate,17,qwen/qwen-2.5-72b-instruct,sha256:a6d2a99b5f900fee6e8aa1a8be8326ce22229c0e87b2fa84bd00c08d574525b2,det-v1,1,accepted,1436,97,0.003,0.0005557600,true,false
call-000402,arm8_spec_immediate,cal/f3/s3060000/late_accurate,15,qwen/qwen-2.5-72b-instruct,sha256:7b4b6f8eac237a1c29a6b230383390d037ad0f3cecd37f8515445da662ec6fe7,det-v1,1,,1297,78,2583.311,0.0004981200,false,true
call-000403,arm8_spec_immediate,cal/f3/s3060000/late_accurate,15,qwen/qwen-2.5-72b-instruct,sha256:7b4b6f8eac237a1c29a6b230383390d037ad0f3cecd37f8515445da662ec6fe7,det-v1,1,accepted,1297,78,2583.311,0.0004981200,false,false
call-000404,arm9_spec_heuristic_rollback,cal/f3/s3060000/late_accurate,15,qwen/qwen-2.5-72b-instruct,sha256:7b4b6f8eac237a1c29a6b230383390d037ad0f3cecd37f8515445da662ec6fe7,det-v1,1,accepted,1297,78,0.002,0.0004981200,true,false
call-000405,arm10_spec_eprocess,cal/f3/s3060000/late_accurate,15,qwen/qwen-2.5-72b-instruct,sha256:7b4b6f8eac237a1c29a6b230383390d037ad0f3cecd37f8515445da662ec6fe7,det-v1,1,accepted,1297,78,0.002,0.0004981200,true,false
call-000406,arm8_spec_immediate,dev/f3/s3050001/late_accurate,20,qwen/qwen-2.5-72b-instruct,sha256:686f382719871fd07d2cdc5b552dcc2f54b50ab74a4a0207e37eab99eb5aa585,det-v1,1,,1560,111,5251.552,0.0006060000,false,true
call-000407,arm8_spec_immediate,dev/f3/s3050001/late_accurate,20,qwen/qwen-2.5-72b-instruct,sha256:686f382719871fd07d2cdc5b552dcc2f54b50ab74a4a0207e37eab99eb5aa585,det-v1,1,fallback,1560,111,5251.552,0.0006060000,false,false
call-000408,arm8_spec_immediate,dev/f3/s3050001/late_accurate,20,qwen/qwen-2.5-72b-instruct,sha256:9c9958e4fc69b550d1197e9f1fac5ad99582c354f0db7a6ff5916b3cdcb98d70,det-v1,2,,1630,97,2916.363,0.0006256000,false,true
call-000409,arm8_spec_immediate,dev/f3/s3050001/late_accurate,20,qwen/qwen-2.5-72b-instruct,sha256:9c9958e4fc69b550d1197e9f1fac5ad99582c354f0db7a6ff5916b3cdcb98d70,det-v1,2,accepted_after_repair,1630,97,2916.363,0.0006256000,false,false
call-000410,arm9_spec_heuristic_rollback,dev/f3/s3050001/late_accurate,20,qwen/qwen-2.5-72b-instruct,sha256:686f382719871fd07d2cdc5b552dcc2f54b50ab74a4a0207e37eab99eb5aa585,det-v1,1,fallback,1560,111,0.004,0.0006060000,true,false
call-000411,arm9_spec_heuristic_rollback,dev/f3/s3050001/late_accurate,20,qwen/qwen-2.5-72b-instruct,sha256:9c9958e4fc69b550d1197e9f1fac5ad99582c354f0db7a6ff5916b3cdcb98d70,det-v1,2,accepted_after_repair,1630,97,0.003,0.0006256000,true,false
call-000412,arm10_spec_eprocess,dev/f3/s3050001/late_accurate,20,qwen/qwen-2.5-72b-instruct,sha256:686f382719871fd07d2cdc5b552dcc2f54b50ab74a4a0207e37eab99eb5aa585,det-v1,1,fallback,1560,111,0.003,0.0006060000,true,false
call-000413,arm10_spec_eprocess,dev/f3/s3050001/late_accurate,20,qwen/qwen-2.5-72b-instruct,sha256:9c9958e4fc69b550d1197e9f1fac5ad99582c354f0db7a6ff5916b3cdcb98d70,det-v1,2,accepted_after_repair,1630,97,0.002,0.0006256000,true,false
call-000414,arm8_spec_immediate,cal/f3/s3060001/late_accurate,22,qwen/qwen-2.5-72b-instruct,sha256:3c9c54f928d2d5c60e1d7c66c5c17d8709e132f134fb5d94b72a2ab08848a666,det-v1,1,,1649,98,3092.560,0.0006328400,false,true
call-000415,arm8_spec_immediate,cal/f3/s3060001/late_accurate,22,qwen/qwen-2.5-72b-instruct,sha256:3c9c54f928d2d5c60e1d7c66c5c17d8709e132f134fb5d94b72a2ab08848a666,det-v1,1,accepted,1649,98,3092.560,0.0006328400,false,false
call-000416,arm9_spec_heuristic_rollback,cal/f3/s3060001/late_accurate,22,qwen/qwen-2.5-72b-instruct,sha256:3c9c54f928d2d5c60e1d7c66c5c17d8709e132f134fb5d94b72a2ab08848a666,det-v1,1,accepted,1649,98,0.003,0.0006328400,true,false
call-000417,arm10_spec_eprocess,cal/f3/s3060001/late_accurate,22,qwen/qwen-2.5-72b-instruct,sha256:3c9c54f928d2d5c60e1d7c66c5c17d8709e132f134fb5d94b72a2ab08848a666,det-v1,1,accepted,1649,98,0.003,0.0006328400,true,false
call-000418,arm8_spec_immediate,dev/f3/s3050000/unreliable,14,qwen/qwen-2.5-72b-instruct,sha256:af347b1a2ee05f43d8e97f2a4e98f42e18205f857057ef5c9c1db407839d2481,det-v1,1,,1298,96,2599.361,0.0005056800,false,true
call-000419,arm8_spec_immediate,dev/f3/s3050000/unreliable,14,qwen/qwen-2.5-72b-instruct,sha256:af347b1a2ee05f43d8e97f2a4e98f42e18205f857057ef5c9c1db407839d2481,det-v1,1,accepted,1298,96,2599.361,0.0005056800,false,false
call-000420,arm9_spec_heuristic_rollback,dev/f3/s3050000/unreliable,14,qwen/qwen-2.5-72b-instruct,sha256:af347b1a2ee05f43d8e97f2a4e98f42e18205f857057ef5c9c1db407839d2481,det-v1,1,accepted,1298,96,0.003,0.0005056800,true,false
call-000421,arm10_spec_eprocess,dev/f3/s3050000/unreliable,14,qwen/qwen-2.5-72b-instruct,sha256:af347b1a2ee05f43d8e97f2a4e98f42e18205f857057ef5c9c1db407839d2481,det-v1,1,accepted,1298,96,0.003,0.0005056800,true,false
call-000422,arm8_spec_immediate,cal/f3/s3060000/unreliable,13,qwen/qwen-2.5-72b-instruct,sha256:f06c18584762fa707720bd42eda68dd95ede7cc5f1f3e1c55afbee0d54bb3da9,det-v1,1,,1253,78,5767.386,0.0004822800,false,true
call-000423,arm8_spec_immediate,cal/f3/s3060000/unreliable,13,qwen/qwen-2.5-72b-instruct,sha256:f06c18584762fa707720bd42eda68dd95ede7cc5f1f3e1c55afbee0d54bb3da9,det-v1,1,accepted,1253,78,5767.386,0.0004822800,false,false
call-000424,arm8_spec_immediate,cal/f3/s3060000/unreliable,19,qwen/qwen-2.5-72b-instruct,sha256:e933f63e38aa587d3b070f403439c07cc03b051561b97ba1f0c371a1e84b12d4,det-v1,1,,1526,132,5636.615,0.0006021600,false,true
call-000425,arm8_spec_immediate,cal/f3/s3060000/unreliable,19,qwen/qwen-2.5-72b-instruct,sha256:e933f63e38aa587d3b070f403439c07cc03b051561b97ba1f0c371a1e84b12d4,det-v1,1,accepted,1526,132,5636.615,0.0006021600,false,false
call-000426,arm9_spec_heuristic_rollback,cal/f3/s3060000/unreliable,13,qwen/qwen-2.5-72b-instruct,sha256:f06c18584762fa707720bd42eda68dd95ede7cc5f1f3e1c55afbee0d54bb3da9,det-v1,1,accepted,1253,78,0.003,0.0004822800,true,false
call-000427,arm9_spec_heuristic_rollback,cal/f3/s3060000/unreliable,19,qwen/qwen-2.5-72b-instruct,sha256:e933f63e38aa587d3b070f403439c07cc03b051561b97ba1f0c371a1e84b12d4,det-v1,1,accepted,1526,132,0.003,0.0006021600,true,false
call-000428,arm10_spec_eprocess,cal/f3/s3060000/unreliable,13,qwen/qwen-2.5-72b-instruct,sha256:f06c18584762fa707720bd42eda68dd95ede7cc5f1f3e1c55afbee0d54bb3da9,det-v1,1,accepted,1253,78,0.003,0.0004822800,true,false
call-000429,arm10_spec_eprocess,cal/f3/s3060000/unreliable,19,qwen/qwen-2.5-72b-instruct,sha256:e933f63e38aa587d3b070f403439c07cc03b051561b97ba1f0c371a1e84b12d4,det-v1,1,accepted,1526,132,0.003,0.0006021600,true,false
call-000430,arm8_spec_immediate,dev/f3/s3050001/unreliable,17,qwen/qwen-2.5-72b-instruct,sha256:b9dc944f0d9041cc76c67953526b85a1a876878524c30e44fd4f238481260cbd,det-v1,1,,1415,78,4003.129,0.0005406000,false,true
call-000431,arm8_spec_immediate,dev/f3/s3050001/unreliable,17,qwen/qwen-2.5-72b-instruct,sha256:b9dc944f0d9041cc76c67953526b85a1a876878524c30e44fd4f238481260cbd,det-v1,1,accepted,1415,78,4003.129,0.0005406000,false,false
call-000432,arm9_spec_heuristic_rollback,dev/f3/s3050001/unreliable,17,qwen/qwen-2.5-72b-instruct,sha256:b9dc944f0d9041cc76c67953526b85a1a876878524c30e44fd4f238481260cbd,det-v1,1,accepted,1415,78,0.003,0.0005406000,true,false
call-000433,arm10_spec_eprocess,dev/f3/s3050001/unreliable,17,qwen/qwen-2.5-72b-instruct,sha256:b9dc944f0d9041cc76c67953526b85a1a876878524c30e44fd4f238481260cbd,det-v1,1,accepted,1415,78,0.003,0.0005406000,true,false
call-000434,arm8_spec_immediate,cal/f3/s3060001/unreliable,19,qwen/qwen-2.5-72b-instruct,sha256:962076aabde8064ffcd0da13d6b120dc00222aba40b5f5adfa67587cc8693a3d,det-v1,1,,1525,103,3072.412,0.0005902000,false,true
call-000435,arm8_spec_immediate,cal/f3/s3060001/unreliable,19,qwen/qwen-2.5-72b-instruct,sha256:962076aabde8064ffcd0da13d6b120dc00222aba40b5f5adfa67587cc8693a3d,det-v1,1,accepted,1525,103,3072.412,0.0005902000,false,false
call-000436,arm8_spec_immediate,cal/f3/s3060001/unreliable,25,qwen/qwen-2.5-72b-instruct,sha256:ecf28739b99292a574622b7c7055da523afa3521361b389267b3096ad6660b3c,det-v1,1,,1800,102,4847.826,0.0006888000,false,true
call-000437,arm8_spec_immediate,cal/f3/s3060001/unreliable,25,qwen/qwen-2.5-72b-instruct,sha256:ecf28739b99292a574622b7c7055da523afa3521361b389267b3096ad6660b3c,det-v1,1,accepted,1800,102,4847.826,0.0006888000,false,false
call-000438,arm9_spec_heuristic_rollback,cal/f3/s3060001/unreliable,19,qwen/qwen-2.5-72b-instruct,sha256:962076aabde8064ffcd0da13d6b120dc00222aba40b5f5adfa67587cc8693a3d,det-v1,1,accepted,1525,103,0.002,0.0005902000,true,false
call-000439,arm9_spec_heuristic_rollback,cal/f3/s3060001/unreliable,25,qwen/qwen-2.5-72b-instruct,sha256:ecf28739b99292a574622b7c7055da523afa3521361b389267b3096ad6660b3c,det-v1,1,accepted,1800,102,0.002,0.0006888000,true,false
call-000440,arm10_spec_eprocess,cal/f3/s3060001/unreliable,19,qwen/qwen-2.5-72b-instruct,sha256:962076aabde8064ffcd0da13d6b120dc00222aba40b5f5adfa67587cc8693a3d,det-v1,1,accepted,1525,103,0.002,0.0005902000,true,false
call-000441,arm10_spec_eprocess,cal/f3/s3060001/unreliable,25,qwen/qwen-2.5-72b-instruct,sha256:ab4f93f0a2e51457057d9aa45653c20d2192d5bede8771f209026a3f15bda5b9,det-v1,1,,1798,108,3196.523,0.0006904800,false,true
call-000442,arm10_spec_eprocess,cal/f3/s3060001/unreliable,25,qwen/qwen-2.5-72b-instruct,sha256:ab4f93f0a2e51457057d9aa45653c20d2192d5bede8771f209026a3f15bda5b9,det-v1,1,accepted,1798,108,3196.523,0.0006904800,false,false
call-000443,arm8_spec_immediate,dev/f4/s4050000/early_accurate,19,qwen/qwen-2.5-72b-instruct,sha256:3ee6cdfc02b551b0b5a9e2d8d153f316807051755526ad45ddd4813f30177bbc,det-v1,1,,1519,92,2779.600,0.0005836400,false,true
call-000444,arm8_spec_immediate,dev/f4/s4050000/early_accurate,19,qwen/qwen-2.5-72b-instruct,sha256:3ee6cdfc02b551b0b5a9e2d8d153f316807051755526ad45ddd4813f30177bbc,det-v1,1,accepted,1519,92,2779.600,0.0005836400,false,false
call-000445,arm9_spec_heuristic_rollback,dev/f4/s4050000/early_accurate,19,qwen/qwen-2.5-72b-instruct,sha256:3ee6cdfc02b551b0b5a9e2d8d153f316807051755526ad45ddd4813f30177bbc,det-v1,1,accepted,1519,92,0.002,0.0005836400,true,false
call-000446,arm10_spec_eprocess,dev/f4/s4050000/early_accurate,19,qwen/qwen-2.5-72b-instruct,sha256:3ee6cdfc02b551b0b5a9e2d8d153f316807051755526ad45ddd4813f30177bbc,det-v1,1,accepted,1519,92,0.001,0.0005836400,true,false
call-000447,arm8_spec_immediate,cal/f4/s4060000/early_accurate,15,qwen/qwen-2.5-72b-instruct,sha256:3f2b5a2e28cfcd3dee1700700199151c0f6a5d7e884be8f8ccc6e545b7fed6b9,det-v1,1,,1341,93,3512.468,0.0005199600,false,true
call-000448,arm8_spec_immediate,cal/f4/s4060000/early_accurate,15,qwen/qwen-2.5-72b-instruct,sha256:3f2b5a2e28cfcd3dee1700700199151c0f6a5d7e884be8f8ccc6e545b7fed6b9,det-v1,1,accepted,1341,93,3512.468,0.0005199600,false,false
call-000449,arm9_spec_heuristic_rollback,cal/f4/s4060000/early_accurate,15,qwen/qwen-2.5-72b-instruct,sha256:3f2b5a2e28cfcd3dee1700700199151c0f6a5d7e884be8f8ccc6e545b7fed6b9,det-v1,1,accepted,1341,93,0.002,0.0005199600,true,false
call-000450,arm10_spec_eprocess,cal/f4/s4060000/early_accurate,15,qwen/qwen-2.5-72b-instruct,sha256:3f2b5a2e28cfcd3dee1700700199151c0f6a5d7e884be8f8ccc6e545b7fed6b9,det-v1,1,accepted,1341,93,0.002,0.0005199600,true,false
call-000451,arm8_spec_immediate,dev/f4/s4050001/early_accurate,17,qwen/qwen-2.5-72b-instruct,sha256:a246fe97e72c1adc589f1a6c08466137cb2600b1af009a5e9c2a7ae42cb8a0a3,det-v1,1,,1433,93,2740.182,0.0005530800,false,true
call-000452,arm8_spec_immediate,dev/f4/s4050001/early_accurate,17,qwen/qwen-2.5-72b-instruct,sha256:a246fe97e72c1adc589f1a6c08466137cb2600b1af009a5e9c2a7ae42cb8a0a3,det-v1,1,accepted,1433,93,2740.182,0.0005530800,false,false
call-000453,arm9_spec_heuristic_rollback,dev/f4/s4050001/early_accurate,17,qwen/qwen-2.5-72b-instruct,sha256:a246fe97e72c1adc589f1a6c08466137cb2600b1af009a5e9c2a7ae42cb8a0a3,det-v1,1,accepted,1433,93,0.002,0.0005530800,true,false
call-000454,arm10_spec_eprocess,dev/f4/s4050001/early_accurate,17,qwen/qwen-2.5-72b-instruct,sha256:a246fe97e72c1adc589f1a6c08466137cb2600b1af009a5e9c2a7ae42cb8a0a3,det-v1,1,accepted,1433,93,0.001,0.0005530800,true,false
call-000455,arm8_spec_immediate,cal/f4/s4060001/early_accurate,15,qwen/qwen-2.5-72b-instruct,sha256:56a2956c151e5d0bbb055b19b67aac970c1ede662504c220fccb0d1e3a61b4f0,det-v1,1,,1349,93,3954.806,0.0005228400,false,true
call-000456,arm8_spec_immediate,cal/f4/s4060001/early_accurate,15,qwen/qwen-2.5-72b-instruct,sha256:56a2956c151e5d0bbb055b19b67aac970c1ede662504c220fccb0d1e3a61b4f0,det-v1,1,accepted,1349,93,3954.806,0.0005228400,false,false
call-000457,arm9_spec_heuristic_rollback,cal/f4/s4060001/early_accurate,15,qwen/qwen-2.5-72b-instruct,sha256:56a2956c151e5d0bbb055b19b67aac970c1ede662504c220fccb0d1e3a61b4f0,det-v1,1,accepted,1349,93,0.002,0.0005228400,true,false
call-000458,arm10_spec_eprocess,cal/f4/s4060001/early_accurate,15,qwen/qwen-2.5-72b-instruct,sha256:56a2956c151e5d0bbb055b19b67aac970c1ede662504c220fccb0d1e3a61b4f0,det-v1,1,accepted,1349,93,0.002,0.0005228400,true,false
call-000459,arm8_spec_immediate,dev/f4/s4050000/late_accurate,22,qwen/qwen-2.5-72b-instruct,sha256:6c7dbb9322844a94cf86b2135b90affd3a3bdf0e7bc4cb718340f794491429f6,det-v1,1,,1649,92,2858.936,0.0006304400,false,true
call-000460,arm8_spec_immediate,dev/f4/s4050000/late_accurate,22,qwen/qwen-2.5-72b-instruct,sha256:6c7dbb9322844a94cf86b2135b90affd3a3bdf0e7bc4cb718340f794491429f6,det-v1,1,accepted,1649,92,2858.936,0.0006304400,false,false
call-000461,arm9_spec_heuristic_rollback,dev/f4/s4050000/late_accurate,22,qwen/qwen-2.5-72b-instruct,sha256:6c7dbb9322844a94cf86b2135b90affd3a3bdf0e7bc4cb718340f794491429f6,det-v1,1,accepted,1649,92,0.001,0.0006304400,true,false
call-000462,arm10_spec_eprocess,dev/f4/s4050000/late_accurate,22,qwen/qwen-2.5-72b-instruct,sha256:6c7dbb9322844a94cf86b2135b90affd3a3bdf0e7bc4cb718340f794491429f6,det-v1,1,accepted,1649,92,0.001,0.0006304400,true,false
call-000463,arm8_spec_immediate,cal/f4/s4060000/late_accurate,18,qwen/qwen-2.5-72b-instruct,sha256:4a8ba3d774f6012770311696e2015477449a3375fbe7a1112e9516f4b73144ae,det-v1,1,,1471,99,3526.639,0.0005691600,false,true
call-000464,arm8_spec_immediate,cal/f4/s4060000/late_accurate,18,qwen/qwen-2.5-72b-instruct,sha256:4a8ba3d774f6012770311696e2015477449a3375fbe7a1112e9516f4b73144ae,det-v1,1,accepted,1471,99,3526.639,0.0005691600,false,false
call-000465,arm9_spec_heuristic_rollback,cal/f4/s4060000/late_accurate,18,qwen/qwen-2.5-72b-instruct,sha256:4a8ba3d774f6012770311696e2015477449a3375fbe7a1112e9516f4b73144ae,det-v1,1,accepted,1471,99,0.002,0.0005691600,true,false
call-000466,arm10_spec_eprocess,cal/f4/s4060000/late_accurate,18,qwen/qwen-2.5-72b-instruct,sha256:4a8ba3d774f6012770311696e2015477449a3375fbe7a1112e9516f4b73144ae,det-v1,1,accepted,1471,99,0.002,0.0005691600,true,false
call-000467,arm8_spec_immediate,dev/f4/s4050001/late_accurate,20,qwen/qwen-2.5-72b-instruct,sha256:ab45c7293a6acdcafcd92cf6d4266a49e9dbcf8e505c44e0499c1eb3d8789c12,det-v1,1,,1565,93,3578.397,0.0006006000,false,true
call-000468,arm8_spec_immediate,dev/f4/s4050001/late_accurate,20,qwen/qwen-2.5-72b-instruct,sha256:ab45c7293a6acdcafcd92cf6d4266a49e9dbcf8e505c44e0499c1eb3d8789c12,det-v1,1,accepted,1565,93,3578.397,0.0006006000,false,false
call-000469,arm9_spec_heuristic_rollback,dev/f4/s4050001/late_accurate,20,qwen/qwen-2.5-72b-instruct,sha256:ab45c7293a6acdcafcd92cf6d4266a49e9dbcf8e505c44e0499c1eb3d8789c12,det-v1,1,accepted,1565,93,0.002,0.0006006000,true,false
call-000470,arm10_spec_eprocess,dev/f4/s4050001/late_accurate,20,qwen/qwen-2.5-72b-instruct,sha256:ab45c7293a6acdcafcd92cf6d4266a49e9dbcf8e505c44e0499c1eb3d8789c12,det-v1,1,accepted,1565,93,0.002,0.0006006000,true,false
call-000471,arm8_spec_immediate,cal/f4/s4060001/late_accurate,18,qwen/qwen-2.5-72b-instruct,sha256:911f65fbfe4646dcf3c392713ed6513e97e5672ec6726e7f7be1d2d81fe0b8f9,det-v1,1,,1483,93,4851.813,0.0005710800,false,true
call-000472,arm8_spec_immediate,cal/f4/s4060001/late_accurate,18,qwen/qwen-2.5-72b-instruct,sha256:911f65fbfe4646dcf3c392713ed6513e97e5672ec6726e7f7be1d2d81fe0b8f9,det-v1,1,accepted,1483,93,4851.813,0.0005710800,false,false
call-000473,arm9_spec_heuristic_rollback,cal/f4/s4060001/late_accurate,18,qwen/qwen-2.5-72b-instruct,sha256:911f65fbfe4646dcf3c392713ed6513e97e5672ec6726e7f7be1d2d81fe0b8f9,det-v1,1,accepted,1483,93,0.002,0.0005710800,true,false
call-000474,arm10_spec_eprocess,cal/f4/s4060001/late_accurate,18,qwen/qwen-2.5-72b-instruct,sha256:911f65fbfe4646dcf3c392713ed6513e97e5672ec6726e7f7be1d2d81fe0b8f9,det-v1,1,accepted,1483,93,0.001,0.0005710800,true,false
call-000475,arm8_spec_immediate,dev/f4/s4050000/unreliable,19,qwen/qwen-2.5-72b-instruct,sha256:7ddd3b6aa208aa77f31b2809d74f78913b4350a0ac99494d3c13f45da47563ca,det-v1,1,,1524,92,3094.350,0.0005854400,false,true
call-000476,arm8_spec_immediate,dev/f4/s4050000/unreliable,19,qwen/qwen-2.5-72b-instruct,sha256:7ddd3b6aa208aa77f31b2809d74f78913b4350a0ac99494d3c13f45da47563ca,det-v1,1,accepted,1524,92,3094.350,0.0005854400,false,false
call-000477,arm9_spec_heuristic_rollback,dev/f4/s4050000/unreliable,19,qwen/qwen-2.5-72b-instruct,sha256:7ddd3b6aa208aa77f31b2809d74f78913b4350a0ac99494d3c13f45da47563ca,det-v1,1,accepted,1524,92,0.002,0.0005854400,true,false
call-000478,arm10_spec_eprocess,dev/f4/s4050000/unreliable,19,qwen/qwen-2.5-72b-instruct,sha256:7ddd3b6aa208aa77f31b2809d74f78913b4350a0ac99494d3c13f45da47563ca,det-v1,1,accepted,1524,92,0.001,0.0005854400,true,false
call-000479,arm8_spec_immediate,cal/f4/s4060000/unreliable,15,qwen/qwen-2.5-72b-instruct,sha256:7ef75ddb17cb62077a63053f691ab2554660c3a45137039d46585c8799f077af,det-v1,1,,1348,78,2430.432,0.0005164800,false,true
call-000480,arm8_spec_immediate,cal/f4/s4060000/unreliable,15,qwen/qwen-2.5-72b-instruct,sha256:7ef75ddb17cb62077a63053f691ab2554660c3a45137039d46585c8799f077af,det-v1,1,accepted,1348,78,2430.432,0.0005164800,false,false
call-000481,arm9_spec_heuristic_rollback,cal/f4/s4060000/unreliable,15,qwen/qwen-2.5-72b-instruct,sha256:7ef75ddb17cb62077a63053f691ab2554660c3a45137039d46585c8799f077af,det-v1,1,accepted,1348,78,0.002,0.0005164800,true,false
call-000482,arm10_spec_eprocess,cal/f4/s4060000/unreliable,15,qwen/qwen-2.5-72b-instruct,sha256:7ef75ddb17cb62077a63053f691ab2554660c3a45137039d46585c8799f077af,det-v1,1,accepted,1348,78,0.002,0.0005164800,true,false
call-000483,arm8_spec_immediate,dev/f4/s4050001/unreliable,17,qwen/qwen-2.5-72b-instruct,sha256:4bb5b93d21e4b76e6b635008c6446f079ba6f93c3dc94f29bc8832fdd3f11856,det-v1,1,,1421,78,3699.865,0.0005427600,false,true
call-000484,arm8_spec_immediate,dev/f4/s4050001/unreliable,17,qwen/qwen-2.5-72b-instruct,sha256:4bb5b93d21e4b76e6b635008c6446f079ba6f93c3dc94f29bc8832fdd3f11856,det-v1,1,accepted,1421,78,3699.865,0.0005427600,false,false
call-000485,arm9_spec_heuristic_rollback,dev/f4/s4050001/unreliable,17,qwen/qwen-2.5-72b-instruct,sha256:4bb5b93d21e4b76e6b635008c6446f079ba6f93c3dc94f29bc8832fdd3f11856,det-v1,1,accepted,1421,78,0.002,0.0005427600,true,false
call-000486,arm10_spec_eprocess,dev/f4/s4050001/unreliable,17,qwen/qwen-2.5-72b-instruct,sha256:4bb5b93d21e4b76e6b635008c6446f079ba6f93c3dc94f29bc8832fdd3f11856,det-v1,1,accepted,1421,78,0.002,0.0005427600,true,false
call-000487,arm8_spec_immediate,cal/f4/s4060001/unreliable,15,qwen/qwen-2.5-72b-instruct,sha256:733e7f39ef3a2b66821210ae48311a7fcb954e47373646bfd07839a04da4ea46,det-v1,1,,1349,92,2750.388,0.0005224400,false,true
call-000488,arm8_spec_immediate,cal/f4/s4060001/unreliable,15,qwen/qwen-2.5-72b-instruct,sha256:733e7f39ef3a2b66821210ae48311a7fcb954e47373646bfd07839a04da4ea46,det-v1,1,accepted,1349,92,2750.388,0.0005224400,false,false
call-000489,arm9_spec_heuristic_rollback,cal/f4/s4060001/unreliable,15,qwen/qwen-2.5-72b-instruct,sha256:733e7f39ef3a2b66821210ae48311a7fcb954e47373646bfd07839a04da4ea46,det-v1,1,accepted,1349,92,0.002,0.0005224400,true,false
call-000490,arm10_spec_eprocess,cal/f4/s4060001/unreliable,15,qwen/qwen-2.5-72b-instruct,sha256:733e7f39ef3a2b66821210ae48311a7fcb954e47373646bfd07839a04da4ea46,det-v1,1,accepted,1349,92,0.002,0.0005224400,true,false
call-000491,arm8_spec_immediate,dev/f5/s5050000/early_accurate,20,qwen/qwen-2.5-72b-instruct,sha256:4e3ea02199fed0f5e68728456d371648c5ee72ff7f8e79d720864f48f59047a4,det-v1,1,,1562,91,4164.923,0.0005987200,false,true
call-000492,arm8_spec_immediate,dev/f5/s5050000/early_accurate,20,qwen/qwen-2.5-72b-instruct,sha256:4e3ea02199fed0f5e68728456d371648c5ee72ff7f8e79d720864f48f59047a4,det-v1,1,accepted,1562,91,4164.923,0.0005987200,false,false
call-000493,arm9_spec_heuristic_rollback,dev/f5/s5050000/early_accurate,20,qwen/qwen-2.5-72b-instruct,sha256:4e3ea02199fed0f5e68728456d371648c5ee72ff7f8e79d720864f48f59047a4,det-v1,1,accepted,1562,91,0.002,0.0005987200,true,false
call-000494,arm10_spec_eprocess,dev/f5/s5050000/early_accurate,20,qwen/qwen-2.5-72b-instruct,sha256:4e3ea02199fed0f5e68728456d371648c5ee72ff7f8e79d720864f48f59047a4,det-v1,1,accepted,1562,91,0.001,0.0005987200,true,false
call-000495,arm8_spec_immediate,cal/f5/s5060000/early_accurate,18,qwen/qwen-2.5-72b-instruct,sha256:99781c83c70e9bae63f7133c04a51f40de5389d947457a4ed38680ff6637210d,det-v1,1,,1476,95,3109.696,0.0005693600,false,true
call-000496,arm8_spec_immediate,cal/f5/s5060000/early_accurate,18,qwen/qwen-2.5-72b-instruct,sha256:99781c83c70e9bae63f7133c04a51f40de5389d947457a4ed38680ff6637210d,det-v1,1,fallback,1476,95,3109.696,0.0005693600,false,false
call-000497,arm8_spec_immediate,cal/f5/s5060000/early_accurate,18,qwen/qwen-2.5-72b-instruct,sha256:7bf7beeead8f4659bc7948fb99fa29a23c7cdb1588bb0f9b6e40cf6bf89e1e22,det-v1,2,,1546,93,4700.643,0.0005937600,false,true
call-000498,arm8_spec_immediate,cal/f5/s5060000/early_accurate,18,qwen/qwen-2.5-72b-instruct,sha256:7bf7beeead8f4659bc7948fb99fa29a23c7cdb1588bb0f9b6e40cf6bf89e1e22,det-v1,2,accepted_after_repair,1546,93,4700.643,0.0005937600,false,false
call-000499,arm9_spec_heuristic_rollback,cal/f5/s5060000/early_accurate,18,qwen/qwen-2.5-72b-instruct,sha256:99781c83c70e9bae63f7133c04a51f40de5389d947457a4ed38680ff6637210d,det-v1,1,fallback,1476,95,0.004,0.0005693600,true,false
call-000500,arm9_spec_heuristic_rollback,cal/f5/s5060000/early_accurate,18,qwen/qwen-2.5-72b-instruct,sha256:7bf7beeead8f4659bc7948fb99fa29a23c7cdb1588bb0f9b6e40cf6bf89e1e22,det-v1,2,accepted_after_repair,1546,93,0.003,0.0005937600,true,false
call-000501,arm10_spec_eprocess,cal/f5/s5060000/early_accurate,18,qwen/qwen-2.5-72b-instruct,sha256:99781c83c70e9bae63f7133c04a51f40de5389d947457a4ed38680ff6637210d,det-v1,1,fallback,1476,95,0.003,0.0005693600,true,false
call-000502,arm10_spec_eprocess,cal/f5/s5060000/early_accurate,18,qwen/qwen-2.5-72b-instruct,sha256:7bf7beeead8f4659bc7948fb99fa29a23c7cdb1588bb0f9b6e40cf6bf89e1e22,det-v1,2,accepted_after_repair,1546,93,0.002,0.0005937600,true,false
call-000503,arm8_spec_immediate,dev/f5/s5050001/early_accurate,15,qwen/qwen-2.5-72b-instruct,sha256:a0284966b3e75f30a58ead85b3230de67e359747b32ab9dbceca58df971c0675,det-v1,1,,1336,95,2811.954,0.0005189600,false,true
call-000504,arm8_spec_immediate,dev/f5/s5050001/early_accurate,15,qwen/qwen-2.5-72b-instruct,sha256:a0284966b3e75f30a58ead85b3230de67e359747b32ab9dbceca58df971c0675,det-v1,1,fallback,1336,95,2811.954,0.0005189600,false,false
call-000505,arm8_spec_immediate,dev/f5/s5050001/early_accurate,15,qwen/qwen-2.5-72b-instruct,sha256:9838af362f2efb2e25a3b12f1f2849568b01ce42650ff0274772418113bf88dd,det-v1,2,,1406,95,2727.402,0.0005441600,false,true
call-000506,arm8_spec_immediate,dev/f5/s5050001/early_accurate,15,qwen/qwen-2.5-72b-instruct,sha256:9838af362f2efb2e25a3b12f1f2849568b01ce42650ff0274772418113bf88dd,det-v1,2,fallback,1406,95,2727.402,0.0005441600,false,false
call-000507,arm9_spec_heuristic_rollback,dev/f5/s5050001/early_accurate,15,qwen/qwen-2.5-72b-instruct,sha256:a0284966b3e75f30a58ead85b3230de67e359747b32ab9dbceca58df971c0675,det-v1,1,fallback,1336,95,0.004,0.0005189600,true,false
call-000508,arm9_spec_heuristic_rollback,dev/f5/s5050001/early_accurate,15,qwen/qwen-2.5-72b-instruct,sha256:9838af362f2efb2e25a3b12f1f2849568b01ce42650ff0274772418113bf88dd,det-v1,2,fallback,1406,95,0.003,0.0005441600,true,false
call-000509,arm10_spec_eprocess,dev/f5/s5050001/early_accurate,15,qwen/qwen-2.5-72b-instruct,sha256:a0284966b3e75f30a58ead85b3230de67e359747b32ab9dbceca58df971c0675,det-v1,1,fallback,1336,95,0.004,0.0005189600,true,false
call-000510,arm10_spec_eprocess,dev/f5/s5050001/early_accurate,15,qwen/qwen-2.5-72b-instruct,sha256:9838af362f2efb2e25a3b12f1f2849568b01ce42650ff0274772418113bf88dd,det-v1,2,fallback,1406,95,0.003,0.0005441600,true,false
call-000511,arm8_spec_immediate,cal/f5/s5060001/early_accurate,21,qwen/qwen-2.5-72b-instruct,sha256:739201ad47409bc53ec399a121b8980025b520893e4937475ebdb8c37da50f75,det-v1,1,,1613,95,3798.204,0.0006186800,false,true
call-000512,arm8_spec_immediate,cal/f5/s5060001/early_accurate,21,qwen/qwen-2.5-72b-instruct,sha256:739201ad47409bc53ec399a121b8980025b520893e4937475ebdb8c37da50f75,det-v1,1,fallback,1613,95,3798.204,0.0006186800,false,false
call-000513,arm8_spec_immediate,cal/f5/s5060001/early_accurate,21,qwen/qwen-2.5-72b-instruct,sha256:7a59ecf24b33ec2e141011d1c09c684a5436d733013a9d6034b1c152e318175f,det-v1,2,,1683,113,5314.778,0.0006510800,false,true
call-000514,arm8_spec_immediate,cal/f5/s5060001/early_accurate,21,qwen/qwen-2.5-72b-instruct,sha256:7a59ecf24b33ec2e141011d1c09c684a5436d733013a9d6034b1c152e318175f,det-v1,2,fallback,1683,113,5314.778,0.0006510800,false,false
call-000515,arm9_spec_heuristic_rollback,cal/f5/s5060001/early_accurate,21,qwen/qwen-2.5-72b-instruct,sha256:739201ad47409bc53ec399a121b8980025b520893e4937475ebdb8c37da50f75,det-v1,1,fallback,1613,95,0.004,0.0006186800,true,false
call-000516,arm9_spec_heuristic_rollback,cal/f5/s5060001/early_accurate,21,qwen/qwen-2.5-72b-instruct,sha256:7a59ecf24b33ec2e141011d1c09c684a5436d733013a9d6034b1c152e318175f,det-v1,2,fallback,1683,113,0.003,0.0006510800,true,false
call-000517,arm10_spec_eprocess,cal/f5/s5060001/early_accurate,21,qwen/qwen-2.5-72b-instruct,sha256:739201ad47409bc53ec399a121b8980025b520893e4937475ebdb8c37da50f75,det-v1,1,fallback,1613,95,0.004,0.0006186800,true,false
call-000518,arm10_spec_eprocess,cal/f5/s5060001/early_accurate,21,qwen/qwen-2.5-72b-instruct,sha256:7a59ecf24b33ec2e141011d1c09c684a5436d733013a9d6034b1c152e318175f,det-v1,2,fallback,1683,113,0.003,0.0006510800,true,false
call-000519,arm8_spec_immediate,dev/f5/s5050000/late_accurate,23,qwen/qwen-2.5-72b-instruct,sha256:223c89c16b6783edafd2119074aecf5e2bc115f8f141501196d89a003ebe4700,det-v1,1,,1693,95,3401.198,0.0006474800,false,true
call-000520,arm8_spec_immediate,dev/f5/s5050000/late_accurate,23,qwen/qwen-2.5-72b-instruct,sha256:223c89c16b6783edafd2119074aecf5e2bc115f8f141501196d89a003ebe4700,det-v1,1,fallback,1693,95,3401.198,0.0006474800,false,false
call-000521,arm8_spec_immediate,dev/f5/s5050000/late_accurate,23,qwen/qwen-2.5-72b-instruct,sha256:e6d4b0917bf03df232b98b4a101ef2fd8c271e5880c8bf590f195577451a6864,det-v1,2,,1763,95,3134.689,0.0006726800,false,true
call-000522,arm8_spec_immediate,dev/f5/s5050000/late_accurate,23,qwen/qwen-2.5-72b-instruct,sha256:e6d4b0917bf03df232b98b4a101ef2fd8c271e5880c8bf590f195577451a6864,det-v1,2,fallback,1763,95,3134.689,0.0006726800,false,false
call-000523,arm9_spec_heuristic_rollback,dev/f5/s5050000/late_accurate,23,qwen/qwen-2.5-72b-instruct,sha256:223c89c16b6783edafd2119074aecf5e2bc115f8f141501196d89a003ebe4700,det-v1,1,fallback,1693,95,0.003,0.0006474800,true,false
call-000524,arm9_spec_heuristic_rollback,dev/f5/s5050000/late_accurate,23,qwen/qwen-2.5-72b-instruct,sha256:e6d4b0917bf03df232b98b4a101ef2fd8c271e5880c8bf590f195577451a6864,det-v1,2,fallback,1763,95,0.003,0.0006726800,true,false
call-000525,arm10_spec_eprocess,dev/f5/s5050000/late_accurate,23,qwen/qwen-2.5-72b-instruct,sha256:223c89c16b6783edafd2119074aecf5e2bc115f8f141501196d89a003ebe4700,det-v1,1,fallback,1693,95,0.003,0.0006474800,true,false
call-000526,arm10_spec_eprocess,dev/f5/s5050000/late_accurate,23,qwen/qwen-2.5-72b-instruct,sha256:e6d4b0917bf03df232b98b4a101ef2fd8c271e5880c8bf590f195577451a6864,det-v1,2,fallback,1763,95,0.003,0.0006726800,true,false
call-000527,arm8_spec_immediate,cal/f5/s5060000/late_accurate,21,qwen/qwen-2.5-72b-instruct,sha256:3faa064a0e9290724c514831a562cef79313e7a8d765b93cf954469008fae1b8,det-v1,1,,1607,95,3632.722,0.0006165200,false,true
call-000528,arm8_spec_immediate,cal/f5/s5060000/late_accurate,21,qwen/qwen-2.5-72b-instruct,sha256:3faa064a0e9290724c514831a562cef79313e7a8d765b93cf954469008fae1b8,det-v1,1,fallback,1607,95,3632.722,0.0006165200,false,false
call-000529,arm8_spec_immediate,cal/f5/s5060000/late_accurate,21,qwen/qwen-2.5-72b-instruct,sha256:5dd9a898bd94ec41aa67b9362b9140b4ceaf0507822126e59ce2c2b79abd2b13,det-v1,2,,1677,95,3042.220,0.0006417200,false,true
call-000530,arm8_spec_immediate,cal/f5/s5060000/late_accurate,21,qwen/qwen-2.5-72b-instruct,sha256:5dd9a898bd94ec41aa67b9362b9140b4ceaf0507822126e59ce2c2b79abd2b13,det-v1,2,fallback,1677,95,3042.220,0.0006417200,false,false
call-000531,arm9_spec_heuristic_rollback,cal/f5/s5060000/late_accurate,21,qwen/qwen-2.5-72b-instruct,sha256:3faa064a0e9290724c514831a562cef79313e7a8d765b93cf954469008fae1b8,det-v1,1,fallback,1607,95,0.004,0.0006165200,true,false
call-000532,arm9_spec_heuristic_rollback,cal/f5/s5060000/late_accurate,21,qwen/qwen-2.5-72b-instruct,sha256:5dd9a898bd94ec41aa67b9362b9140b4ceaf0507822126e59ce2c2b79abd2b13,det-v1,2,fallback,1677,95,0.003,0.0006417200,true,false
call-000533,arm10_spec_eprocess,cal/f5/s5060000/late_accurate,21,qwen/qwen-2.5-72b-instruct,sha256:3faa064a0e9290724c514831a562cef79313e7a8d765b93cf954469008fae1b8,det-v1,1,fallback,1607,95,0.004,0.0006165200,true,false
call-000534,arm10_spec_eprocess,cal/f5/s5060000/late_accurate,21,qwen/qwen-2.5-72b-instruct,sha256:5dd9a898bd94ec41aa67b9362b9140b4ceaf0507822126e59ce2c2b79abd2b13,det-v1,2,fallback,1677,95,0.003,0.0006417200,true,false
call-000535,arm8_spec_immediate,dev/f5/s5050001/late_accurate,18,qwen/qwen-2.5-72b-instruct,sha256:7266af2fba0d77e33339d9f282ced6fc9c4214fc0e15069ab2601bb4d7e31a81,det-v1,1,,1465,95,5169.678,0.0005654000,false,true
call-000536,arm8_spec_immediate,dev/f5/s5050001/late_accurate,18,qwen/qwen-2.5-72b-instruct,sha256:7266af2fba0d77e33339d9f282ced6fc9c4214fc0e15069ab2601bb4d7e31a81,det-v1,1,fallback,1465,95,5169.678,0.0005654000,false,false
call-000537,arm8_spec_immediate,dev/f5/s5050001/late_accurate,18,qwen/qwen-2.5-72b-instruct,sha256:5893c4a7ccfb852c2bd6c80c306d069d2887997cbf15a9c03abb87abc0b5723a,det-v1,2,,1535,95,3981.614,0.0005906000,false,true
call-000538,arm8_spec_immediate,dev/f5/s5050001/late_accurate,18,qwen/qwen-2.5-72b-instruct,sha256:5893c4a7ccfb852c2bd6c80c306d069d2887997cbf15a9c03abb87abc0b5723a,det-v1,2,fallback,1535,95,3981.614,0.0005906000,false,false
call-000539,arm9_spec_heuristic_rollback,dev/f5/s5050001/late_accurate,18,qwen/qwen-2.5-72b-instruct,sha256:7266af2fba0d77e33339d9f282ced6fc9c4214fc0e15069ab2601bb4d7e31a81,det-v1,1,fallback,1465,95,0.004,0.0005654000,true,false
call-000540,arm9_spec_heuristic_rollback,dev/f5/s5050001/late_accurate,18,qwen/qwen-2.5-72b-instruct,sha256:5893c4a7ccfb852c2bd6c80c306d069d2887997cbf15a9c03abb87abc0b5723a,det-v1,2,fallback,1535,95,0.003,0.0005906000,true,false
call-000541,arm10_spec_eprocess,dev/f5/s5050001/late_accurate,18,qwen/qwen-2.5-72b-instruct,sha256:7266af2fba0d77e33339d9f282ced6fc9c4214fc0e15069ab2601bb4d7e31a81,det-v1,1,fallback,1465,95,0.004,0.0005654000,true,false
call-000542,arm10_spec_eprocess,dev/f5/s5050001/late_accurate,18,qwen/qwen-2.5-72b-instruct,sha256:5893c4a7ccfb852c2bd6c80c306d069d2887997cbf15a9c03abb87abc0b5723a,det-v1,2,fallback,1535,95,0.003,0.0005906000,true,false
call-000543,arm8_spec_immediate,cal/f5/s5060001/late_accurate,24,qwen/qwen-2.5-72b-instruct,sha256:6c640423bb3f5177acae4334801d6fe202cb1c18318868f8875b09827ed03504,det-v1,1,,1745,95,3310.321,0.0006662000,false,true
call-000544,arm8_spec_immediate,cal/f5/s5060001/late_accurate,24,qwen/qwen-2.5-72b-instruct,sha256:6c640423bb3f5177acae4334801d6fe202cb1c18318868f8875b09827ed03504,det-v1,1,fallback,1745,95,3310.321,0.0006662000,false,false
call-000545,arm8_spec_immediate,cal/f5/s5060001/late_accurate,24,qwen/qwen-2.5-72b-instruct,sha256:ee9c81bf458ca59e72a0aa48f20bae546531551d4c1ad761e8bf524efd8843b9,det-v1,2,,1815,95,3524.245,0.0006914000,false,true
call-000546,arm8_spec_immediate,cal/f5/s5060001/late_accurate,24,qwen/qwen-2.5-72b-instruct,sha256:ee9c81bf458ca59e72a0aa48f20bae546531551d4c1ad761e8bf524efd8843b9,det-v1,2,fallback,1815,95,3524.245,0.0006914000,false,false
call-000547,arm9_spec_heuristic_rollback,cal/f5/s5060001/late_accurate,24,qwen/qwen-2.5-72b-instruct,sha256:6c640423bb3f5177acae4334801d6fe202cb1c18318868f8875b09827ed03504,det-v1,1,fallback,1745,95,0.004,0.0006662000,true,false
call-000548,arm9_spec_heuristic_rollback,cal/f5/s5060001/late_accurate,24,qwen/qwen-2.5-72b-instruct,sha256:ee9c81bf458ca59e72a0aa48f20bae546531551d4c1ad761e8bf524efd8843b9,det-v1,2,fallback,1815,95,0.003,0.0006914000,true,false
call-000549,arm10_spec_eprocess,cal/f5/s5060001/late_accurate,24,qwen/qwen-2.5-72b-instruct,sha256:6c640423bb3f5177acae4334801d6fe202cb1c18318868f8875b09827ed03504,det-v1,1,fallback,1745,95,0.003,0.0006662000,true,false
call-000550,arm10_spec_eprocess,cal/f5/s5060001/late_accurate,24,qwen/qwen-2.5-72b-instruct,sha256:ee9c81bf458ca59e72a0aa48f20bae546531551d4c1ad761e8bf524efd8843b9,det-v1,2,fallback,1815,95,0.003,0.0006914000,true,false
call-000551,arm8_spec_immediate,dev/f5/s5050000/unreliable,20,qwen/qwen-2.5-72b-instruct,sha256:6f6f618daa1a6390d60ca87cd228fd275a7fae85c8c79caece24700ebd831637,det-v1,1,,1554,93,2798.761,0.0005966400,false,true
call-000552,arm8_spec_immediate,dev/f5/s5050000/unreliable,20,qwen/qwen-2.5-72b-instruct,sha256:6f6f618daa1a6390d60ca87cd228fd275a7fae85c8c79caece24700ebd831637,det-v1,1,accepted,1554,93,2798.761,0.0005966400,false,false
call-000553,arm9_spec_heuristic_rollback,dev/f5/s5050000/unreliable,20,qwen/qwen-2.5-72b-instruct,sha256:6f6f618daa1a6390d60ca87cd228fd275a7fae85c8c79caece24700ebd831637,det-v1,1,accepted,1554,93,0.003,0.0005966400,true,false
call-000554,arm10_spec_eprocess,dev/f5/s5050000/unreliable,20,qwen/qwen-2.5-72b-instruct,sha256:6f6f618daa1a6390d60ca87cd228fd275a7fae85c8c79caece24700ebd831637,det-v1,1,accepted,1554,93,0.003,0.0005966400,true,false
call-000555,arm8_spec_immediate,cal/f5/s5060000/unreliable,18,qwen/qwen-2.5-72b-instruct,sha256:fb996b305a2a97670c1e0741652ee2ae476b0ab1c2a46855c8bb0513991b715b,det-v1,1,,1481,78,2373.937,0.0005643600,false,true
call-000556,arm8_spec_immediate,cal/f5/s5060000/unreliable,18,qwen/qwen-2.5-72b-instruct,sha256:fb996b305a2a97670c1e0741652ee2ae476b0ab1c2a46855c8bb0513991b715b,det-v1,1,accepted,1481,78,2373.937,0.0005643600,false,false
call-000557,arm9_spec_heuristic_rollback,cal/f5/s5060000/unreliable,18,qwen/qwen-2.5-72b-instruct,sha256:fb996b305a2a97670c1e0741652ee2ae476b0ab1c2a46855c8bb0513991b715b,det-v1,1,accepted,1481,78,0.003,0.0005643600,true,false
call-000558,arm10_spec_eprocess,cal/f5/s5060000/unreliable,18,qwen/qwen-2.5-72b-instruct,sha256:fb996b305a2a97670c1e0741652ee2ae476b0ab1c2a46855c8bb0513991b715b,det-v1,1,accepted,1481,78,0.003,0.0005643600,true,false
call-000559,arm8_spec_immediate,dev/f5/s5050001/unreliable,15,qwen/qwen-2.5-72b-instruct,sha256:1fa90e159b0e56af0c6e16661ddad50f2ade9f6a3acd76424b075a0f66b5d026,det-v1,1,,1326,78,2803.100,0.0005085600,false,true
call-000560,arm8_spec_immediate,dev/f5/s5050001/unreliable,15,qwen/qwen-2.5-72b-instruct,sha256:1fa90e159b0e56af0c6e16661ddad50f2ade9f6a3acd76424b075a0f66b5d026,det-v1,1,accepted,1326,78,2803.100,0.0005085600,false,false
call-000561,arm9_spec_heuristic_rollback,dev/f5/s5050001/unreliable,15,qwen/qwen-2.5-72b-instruct,sha256:1fa90e159b0e56af0c6e16661ddad50f2ade9f6a3acd76424b075a0f66b5d026,det-v1,1,accepted,1326,78,0.002,0.0005085600,true,false
call-000562,arm10_spec_eprocess,dev/f5/s5050001/unreliable,15,qwen/qwen-2.5-72b-instruct,sha256:1fa90e159b0e56af0c6e16661ddad50f2ade9f6a3acd76424b075a0f66b5d026,det-v1,1,accepted,1326,78,0.002,0.0005085600,true,false
call-000563,arm8_spec_immediate,cal/f5/s5060001/unreliable,21,qwen/qwen-2.5-72b-instruct,sha256:1c2a0ce6e40d1a7ddc88d1f54f62eeea51a4e3475b9c190185a77ae6613c8f90,det-v1,1,,1621,113,3755.391,0.0006287600,false,true
call-000564,arm8_spec_immediate,cal/f5/s5060001/unreliable,21,qwen/qwen-2.5-72b-instruct,sha256:1c2a0ce6e40d1a7ddc88d1f54f62eeea51a4e3475b9c190185a77ae6613c8f90,det-v1,1,fallback,1621,113,3755.391,0.0006287600,false,false
call-000565,arm8_spec_immediate,cal/f5/s5060001/unreliable,21,qwen/qwen-2.5-72b-instruct,sha256:64ab6897f7f8829c028215f977f87697a34ea6aa03520f5e9e15209de819b6d5,det-v1,2,,1691,93,4954.964,0.0006459600,false,true
call-000566,arm8_spec_immediate,cal/f5/s5060001/unreliable,21,qwen/qwen-2.5-72b-instruct,sha256:64ab6897f7f8829c028215f977f87697a34ea6aa03520f5e9e15209de819b6d5,det-v1,2,accepted_after_repair,1691,93,4954.964,0.0006459600,false,false
call-000567,arm9_spec_heuristic_rollback,cal/f5/s5060001/unreliable,21,qwen/qwen-2.5-72b-instruct,sha256:1c2a0ce6e40d1a7ddc88d1f54f62eeea51a4e3475b9c190185a77ae6613c8f90,det-v1,1,fallback,1621,113,0.002,0.0006287600,true,false
call-000568,arm9_spec_heuristic_rollback,cal/f5/s5060001/unreliable,21,qwen/qwen-2.5-72b-instruct,sha256:64ab6897f7f8829c028215f977f87697a34ea6aa03520f5e9e15209de819b6d5,det-v1,2,accepted_after_repair,1691,93,0.001,0.0006459600,true,false
call-000569,arm10_spec_eprocess,cal/f5/s5060001/unreliable,21,qwen/qwen-2.5-72b-instruct,sha256:1c2a0ce6e40d1a7ddc88d1f54f62eeea51a4e3475b9c190185a77ae6613c8f90,det-v1,1,fallback,1621,113,0.002,0.0006287600,true,false
call-000570,arm10_spec_eprocess,cal/f5/s5060001/unreliable,21,qwen/qwen-2.5-72b-instruct,sha256:64ab6897f7f8829c028215f977f87697a34ea6aa03520f5e9e15209de819b6d5,det-v1,2,accepted_after_repair,1691,93,0.001,0.0006459600,true,false
call-000571,arm8_spec_immediate,dev/f6/s6050000/no_alert,22,qwen/qwen-2.5-72b-instruct,sha256:cc1c0c272e49d62a31c500fb83bd2fbc12bd479042aed6c9aca0e296bdbb03f3,det-v1,1,,1619,103,4284.542,0.0006240400,false,true
call-000572,arm8_spec_immediate,dev/f6/s6050000/no_alert,22,qwen/qwen-2.5-72b-instruct,sha256:cc1c0c272e49d62a31c500fb83bd2fbc12bd479042aed6c9aca0e296bdbb03f3,det-v1,1,fallback,1619,103,4284.542,0.0006240400,false,false
call-000573,arm8_spec_immediate,dev/f6/s6050000/no_alert,22,qwen/qwen-2.5-72b-instruct,sha256:61fc8e262207b642ef40b511f8ab2625b89fcd2504c1c3a524b92c59f5f1be48,det-v1,2,,1689,103,4483.648,0.0006492400,false,true
call-000574,arm8_spec_immediate,dev/f6/s6050000/no_alert,22,qwen/qwen-2.5-72b-instruct,sha256:61fc8e262207b642ef40b511f8ab2625b89fcd2504c1c3a524b92c59f5f1be48,det-v1,2,fallback,1689,103,4483.648,0.0006492400,false,false
call-000575,arm9_spec_heuristic_rollback,dev/f6/s6050000/no_alert,22,qwen/qwen-2.5-72b-instruct,sha256:cc1c0c272e49d62a31c500fb83bd2fbc12bd479042aed6c9aca0e296bdbb03f3,det-v1,1,fallback,1619,103,0.003,0.0006240400,true,false
call-000576,arm9_spec_heuristic_rollback,dev/f6/s6050000/no_alert,22,qwen/qwen-2.5-72b-instruct,sha256:61fc8e262207b642ef40b511f8ab2625b89fcd2504c1c3a524b92c59f5f1be48,det-v1,2,fallback,1689,103,0.003,0.0006492400,true,false
call-000577,arm10_spec_eprocess,dev/f6/s6050000/no_alert,22,qwen/qwen-2.5-72b-instruct,sha256:cc1c0c272e49d62a31c500fb83bd2fbc12bd479042aed6c9aca0e296bdbb03f3,det-v1,1,fallback,1619,103,0.003,0.0006240400,true,false
call-000578,arm10_spec_eprocess,dev/f6/s6050000/no_alert,22,qwen/qwen-2.5-72b-instruct,sha256:61fc8e262207b642ef40b511f8ab2625b89fcd2504c1c3a524b92c59f5f1be48,det-v1,2,fallback,1689,103,0.003,0.0006492400,true,false
call-000579,arm8_spec_immediate,cal/f6/s6060000/no_alert,18,qwen/qwen-2.5-72b-instruct,sha256:90479f928693f093d5d9e5d53502a282ba058f4743cf73163c94045bfcaf6486,det-v1,1,,1426,109,6686.614,0.0005569600,false,true
call-000580,arm8_spec_immediate,cal/f6/s6060000/no_alert,18,qwen/qwen-2.5-72b-instruct,sha256:90479f928693f093d5d9e5d53502a282ba058f4743cf73163c94045bfcaf6486,det-v1,1,fallback,1426,109,6686.614,0.0005569600,false,false
call-000581,arm8_spec_immediate,cal/f6/s6060000/no_alert,18,qwen/qwen-2.5-72b-instruct,sha256:89889e666486f702902f70642ec40c233304e74ac3d82fb69331a629ef588bc6,det-v1,2,,1496,109,6740.508,0.0005821600,false,true
call-000582,arm8_spec_immediate,cal/f6/s6060000/no_alert,18,qwen/qwen-2.5-72b-instruct,sha256:89889e666486f702902f70642ec40c233304e74ac3d82fb69331a629ef588bc6,det-v1,2,fallback,1496,109,6740.508,0.0005821600,false,false
call-000583,arm9_spec_heuristic_rollback,cal/f6/s6060000/no_alert,18,qwen/qwen-2.5-72b-instruct,sha256:90479f928693f093d5d9e5d53502a282ba058f4743cf73163c94045bfcaf6486,det-v1,1,fallback,1426,109,0.004,0.0005569600,true,false
call-000584,arm9_spec_heuristic_rollback,cal/f6/s6060000/no_alert,18,qwen/qwen-2.5-72b-instruct,sha256:89889e666486f702902f70642ec40c233304e74ac3d82fb69331a629ef588bc6,det-v1,2,fallback,1496,109,0.003,0.0005821600,true,false
call-000585,arm10_spec_eprocess,cal/f6/s6060000/no_alert,18,qwen/qwen-2.5-72b-instruct,sha256:90479f928693f093d5d9e5d53502a282ba058f4743cf73163c94045bfcaf6486,det-v1,1,fallback,1426,109,0.004,0.0005569600,true,false
call-000586,arm10_spec_eprocess,cal/f6/s6060000/no_alert,18,qwen/qwen-2.5-72b-instruct,sha256:89889e666486f702902f70642ec40c233304e74ac3d82fb69331a629ef588bc6,det-v1,2,fallback,1496,109,0.003,0.0005821600,true,false
call-000587,arm8_spec_immediate,dev/f6/s6050001/no_alert,25,qwen/qwen-2.5-72b-instruct,sha256:6707fe90ff68fffa87cf05b334c4dd70636a922e1a61ccac9c3979644397cc55,det-v1,1,,1725,104,4311.190,0.0006626000,false,true
call-000588,arm8_spec_immediate,dev/f6/s6050001/no_alert,25,qwen/qwen-2.5-72b-instruct,sha256:6707fe90ff68fffa87cf05b334c4dd70636a922e1a61ccac9c3979644397cc55,det-v1,1,fallback,1725,104,4311.190,0.0006626000,false,false
call-000589,arm8_spec_immediate,dev/f6/s6050001/no_alert,25,qwen/qwen-2.5-72b-instruct,sha256:07054cb40d41de30f036c37afa16e2c41a195552704d13b522c46a2da3787ef0,det-v1,2,,1795,113,5121.574,0.0006914000,false,true
call-000590,arm8_spec_immediate,dev/f6/s6050001/no_alert,25,qwen/qwen-2.5-72b-instruct,sha256:07054cb40d41de30f036c37afa16e2c41a195552704d13b522c46a2da3787ef0,det-v1,2,fallback,1795,113,5121.574,0.0006914000,false,false
call-000591,arm9_spec_heuristic_rollback,dev/f6/s6050001/no_alert,25,qwen/qwen-2.5-72b-instruct,sha256:6707fe90ff68fffa87cf05b334c4dd70636a922e1a61ccac9c3979644397cc55,det-v1,1,fallback,1725,104,0.004,0.0006626000,true,false
call-000592,arm9_spec_heuristic_rollback,dev/f6/s6050001/no_alert,25,qwen/qwen-2.5-72b-instruct,sha256:07054cb40d41de30f036c37afa16e2c41a195552704d13b522c46a2da3787ef0,det-v1,2,fallback,1795,113,0.003,0.0006914000,true,false
call-000593,arm10_spec_eprocess,dev/f6/s6050001/no_alert,25,qwen/qwen-2.5-72b-instruct,sha256:6707fe90ff68fffa87cf05b334c4dd70636a922e1a61ccac9c3979644397cc55,det-v1,1,fallback,1725,104,0.003,0.0006626000,true,false
call-000594,arm10_spec_eprocess,dev/f6/s6050001/no_alert,25,qwen/qwen-2.5-72b-instruct,sha256:07054cb40d41de30f036c37afa16e2c41a195552704d13b522c46a2da3787ef0,det-v1,2,fallback,1795,113,0.002,0.0006914000,true,false
call-000595,arm8_spec_immediate,cal/f6/s6060001/no_alert,23,qwen/qwen-2.5-72b-instruct,sha256:364f457afc77530ec79fcd6c2ad91a7d43b657cb98db7b519442d9c3421657cc,det-v1,1,,1641,113,4299.974,0.0006359600,false,true
call-000596,arm8_spec_immediate,cal/f6/s6060001/no_alert,23,qwen/qwen-2.5-72b-instruct,sha256:364f457afc77530ec79fcd6c2ad91a7d43b657cb98db7b519442d9c3421657cc,det-v1,1,fallback,1641,113,4299.974,0.0006359600,false,false
call-000597,arm8_spec_immediate,cal/f6/s6060001/no_alert,23,qwen/qwen-2.5-72b-instruct,sha256:07816e00ebd6404952676b0a30e82216c0752ccf598cae5a1fdd094b0b3a5b89,det-v1,2,,1711,113,4733.383,0.0006611600,false,true
call-000598,arm8_spec_immediate,cal/f6/s6060001/no_alert,23,qwen/qwen-2.5-72b-instruct,sha256:07816e00ebd6404952676b0a30e82216c0752ccf598cae5a1fdd094b0b3a5b89,det-v1,2,fallback,1711,113,4733.383,0.0006611600,false,false
call-000599,arm9_spec_heuristic_rollback,cal/f6/s6060001/no_alert,23,qwen/qwen-2.5-72b-instruct,sha256:364f457afc77530ec79fcd6c2ad91a7d43b657cb98db7b519442d9c3421657cc,det-v1,1,fallback,1641,113,0.004,0.0006359600,true,false
call-000600,arm9_spec_heuristic_rollback,cal/f6/s6060001/no_alert,23,qwen/qwen-2.5-72b-instruct,sha256:07816e00ebd6404952676b0a30e82216c0752ccf598cae5a1fdd094b0b3a5b89,det-v1,2,fallback,1711,113,0.003,0.0006611600,true,false
call-000601,arm10_spec_eprocess,cal/f6/s6060001/no_alert,23,qwen/qwen-2.5-72b-instruct,sha256:364f457afc77530ec79fcd6c2ad91a7d43b657cb98db7b519442d9c3421657cc,det-v1,1,fallback,1641,113,0.003,0.0006359600,true,false
call-000602,arm10_spec_eprocess,cal/f6/s6060001/no_alert,23,qwen/qwen-2.5-72b-instruct,sha256:07816e00ebd6404952676b0a30e82216c0752ccf598cae5a1fdd094b0b3a5b89,det-v1,2,fallback,1711,113,0.003,0.0006611600,true,false
call-000603,arm8_spec_immediate,dev/f6/s6050000/early_accurate,18,qwen/qwen-2.5-72b-instruct,sha256:e6f7ff91eed0d941df8c03b205957b71f96b0b19a56da84c14176b7791f2ecd1,det-v1,1,,1482,112,5029.284,0.0005783200,false,true
call-000604,arm8_spec_immediate,dev/f6/s6050000/early_accurate,18,qwen/qwen-2.5-72b-instruct,sha256:e6f7ff91eed0d941df8c03b205957b71f96b0b19a56da84c14176b7791f2ecd1,det-v1,1,accepted,1482,112,5029.284,0.0005783200,false,false
call-000605,arm9_spec_heuristic_rollback,dev/f6/s6050000/early_accurate,18,qwen/qwen-2.5-72b-instruct,sha256:e6f7ff91eed0d941df8c03b205957b71f96b0b19a56da84c14176b7791f2ecd1,det-v1,1,accepted,1482,112,0.002,0.0005783200,true,false
call-000606,arm10_spec_eprocess,dev/f6/s6050000/early_accurate,18,qwen/qwen-2.5-72b-instruct,sha256:e6f7ff91eed0d941df8c03b205957b71f96b0b19a56da84c14176b7791f2ecd1,det-v1,1,accepted,1482,112,0.002,0.0005783200,true,false
call-000607,arm8_spec_immediate,cal/f6/s6060000/early_accurate,13,qwen/qwen-2.5-72b-instruct,sha256:e8e75b53bb40e7ba5f8a88bfedb65bf31539d2b2b22a0740e9f70c602950a4b7,det-v1,1,,1252,94,5911.523,0.0004883200,false,true
call-000608,arm8_spec_immediate,cal/f6/s6060000/early_accurate,13,qwen/qwen-2.5-72b-instruct,sha256:e8e75b53bb40e7ba5f8a88bfedb65bf31539d2b2b22a0740e9f70c602950a4b7,det-v1,1,accepted,1252,94,5911.523,0.0004883200,false,false
call-000609,arm8_spec_immediate,cal/f6/s6060000/early_accurate,19,qwen/qwen-2.5-72b-instruct,sha256:320e7f409cb82e5f90bf8c826c256e1463e6784a470427e8bfeb94891d2fbdaf,det-v1,1,,1517,117,4169.506,0.0005929200,false,true
call-000610,arm8_spec_immediate,cal/f6/s6060000/early_accurate,19,qwen/qwen-2.5-72b-instruct,sha256:320e7f409cb82e5f90bf8c826c256e1463e6784a470427e8bfeb94891d2fbdaf,det-v1,1,accepted,1517,117,4169.506,0.0005929200,false,false
call-000611,arm9_spec_heuristic_rollback,cal/f6/s6060000/early_accurate,13,qwen/qwen-2.5-72b-instruct,sha256:e8e75b53bb40e7ba5f8a88bfedb65bf31539d2b2b22a0740e9f70c602950a4b7,det-v1,1,accepted,1252,94,0.004,0.0004883200,true,false
call-000612,arm9_spec_heuristic_rollback,cal/f6/s6060000/early_accurate,19,qwen/qwen-2.5-72b-instruct,sha256:320e7f409cb82e5f90bf8c826c256e1463e6784a470427e8bfeb94891d2fbdaf,det-v1,1,accepted,1517,117,0.003,0.0005929200,true,false
call-000613,arm10_spec_eprocess,cal/f6/s6060000/early_accurate,13,qwen/qwen-2.5-72b-instruct,sha256:e8e75b53bb40e7ba5f8a88bfedb65bf31539d2b2b22a0740e9f70c602950a4b7,det-v1,1,accepted,1252,94,0.003,0.0004883200,true,false
call-000614,arm10_spec_eprocess,cal/f6/s6060000/early_accurate,19,qwen/qwen-2.5-72b-instruct,sha256:2456f8085fd3fee60df4bac51b8193e56997c029a61b800eb4e6f35d17052416,det-v1,1,,1514,129,6093.506,0.0005966400,false,true
call-000615,arm10_spec_eprocess,cal/f6/s6060000/early_accurate,19,qwen/qwen-2.5-72b-instruct,sha256:2456f8085fd3fee60df4bac51b8193e56997c029a61b800eb4e6f35d17052416,det-v1,1,accepted,1514,129,6093.506,0.0005966400,false,false
call-000616,arm8_spec_immediate,dev/f6/s6050001/early_accurate,19,qwen/qwen-2.5-72b-instruct,sha256:069f30c6e3950b7aa3f4bebd674819aed40d2226220b409ff7850423fddfc8f4,det-v1,1,,1505,94,3557.521,0.0005794000,false,true
call-000617,arm8_spec_immediate,dev/f6/s6050001/early_accurate,19,qwen/qwen-2.5-72b-instruct,sha256:069f30c6e3950b7aa3f4bebd674819aed40d2226220b409ff7850423fddfc8f4,det-v1,1,accepted,1505,94,3557.521,0.0005794000,false,false
call-000618,arm8_spec_immediate,dev/f6/s6050001/early_accurate,25,qwen/qwen-2.5-72b-instruct,sha256:9c8b168e79df76a378e07debc1ef14640e778067efd9d4b03c01386eff74600b,det-v1,1,,1764,105,3924.585,0.0006770400,false,true
call-000619,arm8_spec_immediate,dev/f6/s6050001/early_accurate,25,qwen/qwen-2.5-72b-instruct,sha256:9c8b168e79df76a378e07debc1ef14640e778067efd9d4b03c01386eff74600b,det-v1,1,accepted,1764,105,3924.585,0.0006770400,false,false
call-000620,arm9_spec_heuristic_rollback,dev/f6/s6050001/early_accurate,19,qwen/qwen-2.5-72b-instruct,sha256:069f30c6e3950b7aa3f4bebd674819aed40d2226220b409ff7850423fddfc8f4,det-v1,1,accepted,1505,94,0.004,0.0005794000,true,false
call-000621,arm9_spec_heuristic_rollback,dev/f6/s6050001/early_accurate,25,qwen/qwen-2.5-72b-instruct,sha256:9c8b168e79df76a378e07debc1ef14640e778067efd9d4b03c01386eff74600b,det-v1,1,accepted,1764,105,0.004,0.0006770400,true,false
call-000622,arm10_spec_eprocess,dev/f6/s6050001/early_accurate,19,qwen/qwen-2.5-72b-instruct,sha256:069f30c6e3950b7aa3f4bebd674819aed40d2226220b409ff7850423fddfc8f4,det-v1,1,accepted,1505,94,0.003,0.0005794000,true,false
call-000623,arm10_spec_eprocess,dev/f6/s6050001/early_accurate,25,qwen/qwen-2.5-72b-instruct,sha256:e4734d77eb50c821830676d58690375aa9855d61edcb9cd42dcb86863785205a,det-v1,1,,1762,105,4666.012,0.0006763200,false,true
call-000624,arm10_spec_eprocess,dev/f6/s6050001/early_accurate,25,qwen/qwen-2.5-72b-instruct,sha256:e4734d77eb50c821830676d58690375aa9855d61edcb9cd42dcb86863785205a,det-v1,1,accepted,1762,105,4666.012,0.0006763200,false,false
call-000625,arm8_spec_immediate,cal/f6/s6060001/early_accurate,17,qwen/qwen-2.5-72b-instruct,sha256:8e067f2427478c86f33e8d053c91b284374ec3dd9e5889af93f538e7b82276a0,det-v1,1,,1426,124,5705.144,0.0005629600,false,true
call-000626,arm8_spec_immediate,cal/f6/s6060001/early_accurate,17,qwen/qwen-2.5-72b-instruct,sha256:8e067f2427478c86f33e8d053c91b284374ec3dd9e5889af93f538e7b82276a0,det-v1,1,accepted,1426,124,5705.144,0.0005629600,false,false
call-000627,arm8_spec_immediate,cal/f6/s6060001/early_accurate,23,qwen/qwen-2.5-72b-instruct,sha256:49d19a2fca4c870ca5eb51dafd9ff2dd7612d2c66b39171c47c6e594826d591c,det-v1,1,,1687,123,9208.141,0.0006565200,false,true
call-000628,arm8_spec_immediate,cal/f6/s6060001/early_accurate,23,qwen/qwen-2.5-72b-instruct,sha256:49d19a2fca4c870ca5eb51dafd9ff2dd7612d2c66b39171c47c6e594826d591c,det-v1,1,accepted,1687,123,9208.141,0.0006565200,false,false
call-000629,arm9_spec_heuristic_rollback,cal/f6/s6060001/early_accurate,17,qwen/qwen-2.5-72b-instruct,sha256:8e067f2427478c86f33e8d053c91b284374ec3dd9e5889af93f538e7b82276a0,det-v1,1,accepted,1426,124,0.003,0.0005629600,true,false
call-000630,arm9_spec_heuristic_rollback,cal/f6/s6060001/early_accurate,23,qwen/qwen-2.5-72b-instruct,sha256:49d19a2fca4c870ca5eb51dafd9ff2dd7612d2c66b39171c47c6e594826d591c,det-v1,1,accepted,1687,123,0.002,0.0006565200,true,false
call-000631,arm10_spec_eprocess,cal/f6/s6060001/early_accurate,17,qwen/qwen-2.5-72b-instruct,sha256:8e067f2427478c86f33e8d053c91b284374ec3dd9e5889af93f538e7b82276a0,det-v1,1,accepted,1426,124,0.002,0.0005629600,true,false
call-000632,arm10_spec_eprocess,cal/f6/s6060001/early_accurate,23,qwen/qwen-2.5-72b-instruct,sha256:fdce2991aeaef570942957a3949ba4408025b8d0d459343642fe58ed718d5b8c,det-v1,1,,1684,117,6004.417,0.0006530400,false,true
call-000633,arm10_spec_eprocess,cal/f6/s6060001/early_accurate,23,qwen/qwen-2.5-72b-instruct,sha256:fdce2991aeaef570942957a3949ba4408025b8d0d459343642fe58ed718d5b8c,det-v1,1,accepted,1684,117,6004.417,0.0006530400,false,false
call-000634,arm8_spec_immediate,dev/f6/s6050000/late_accurate,21,qwen/qwen-2.5-72b-instruct,sha256:53c7099dc38232d7923ecddd0faa395fbbbb4d7682a798bc6eb5efc91a977419,det-v1,1,,1618,94,4070.300,0.0006200800,false,true
call-000635,arm8_spec_immediate,dev/f6/s6050000/late_accurate,21,qwen/qwen-2.5-72b-instruct,sha256:53c7099dc38232d7923ecddd0faa395fbbbb4d7682a798bc6eb5efc91a977419,det-v1,1,accepted,1618,94,4070.300,0.0006200800,false,false
call-000636,arm9_spec_heuristic_rollback,dev/f6/s6050000/late_accurate,21,qwen/qwen-2.5-72b-instruct,sha256:53c7099dc38232d7923ecddd0faa395fbbbb4d7682a798bc6eb5efc91a977419,det-v1,1,accepted,1618,94,0.003,0.0006200800,true,false
call-000637,arm10_spec_eprocess,dev/f6/s6050000/late_accurate,21,qwen/qwen-2.5-72b-instruct,sha256:53c7099dc38232d7923ecddd0faa395fbbbb4d7682a798bc6eb5efc91a977419,det-v1,1,accepted,1618,94,0.002,0.0006200800,true,false
call-000638,arm8_spec_immediate,cal/f6/s6060000/late_accurate,16,qwen/qwen-2.5-72b-instruct,sha256:b1eeec126243d62e616f92dbc345ea72e0497868b8cd741b49c601aa78236407,det-v1,1,,1385,100,3654.680,0.0005386000,false,true
call-000639,arm8_spec_immediate,cal/f6/s6060000/late_accurate,16,qwen/qwen-2.5-72b-instruct,sha256:b1eeec126243d62e616f92dbc345ea72e0497868b8cd741b49c601aa78236407,det-v1,1,accepted,1385,100,3654.680,0.0005386000,false,false
call-000640,arm9_spec_heuristic_rollback,cal/f6/s6060000/late_accurate,16,qwen/qwen-2.5-72b-instruct,sha256:b1eeec126243d62e616f92dbc345ea72e0497868b8cd741b49c601aa78236407,det-v1,1,accepted,1385,100,0.004,0.0005386000,true,false
call-000641,arm10_spec_eprocess,cal/f6/s6060000/late_accurate,16,qwen/qwen-2.5-72b-instruct,sha256:b1eeec126243d62e616f92dbc345ea72e0497868b8cd741b49c601aa78236407,det-v1,1,accepted,1385,100,0.003,0.0005386000,true,false
call-000642,arm8_spec_immediate,dev/f6/s6050001/late_accurate,22,qwen/qwen-2.5-72b-instruct,sha256:0b0e6d8e50f0160a06b2ef5495969dc6834c55ce258cb3c00ee0f071f6214d22,det-v1,1,,1632,94,3561.730,0.0006251200,false,true
call-000643,arm8_spec_immediate,dev/f6/s6050001/late_accurate,22,qwen/qwen-2.5-72b-instruct,sha256:0b0e6d8e50f0160a06b2ef5495969dc6834c55ce258cb3c00ee0f071f6214d22,det-v1,1,accepted,1632,94,3561.730,0.0006251200,false,false
call-000644,arm8_spec_immediate,dev/f6/s6050001/late_accurate,28,qwen/qwen-2.5-72b-instruct,sha256:866024620e196cce723bc39cb85889786c2d46aa4ecdd13dffef3a5f294a4ce0,det-v1,1,,1898,132,4140.373,0.0007360800,false,true
call-000645,arm8_spec_immediate,dev/f6/s6050001/late_accurate,28,qwen/qwen-2.5-72b-instruct,sha256:866024620e196cce723bc39cb85889786c2d46aa4ecdd13dffef3a5f294a4ce0,det-v1,1,accepted,1898,132,4140.373,0.0007360800,false,false
call-000646,arm9_spec_heuristic_rollback,dev/f6/s6050001/late_accurate,22,qwen/qwen-2.5-72b-instruct,sha256:0b0e6d8e50f0160a06b2ef5495969dc6834c55ce258cb3c00ee0f071f6214d22,det-v1,1,accepted,1632,94,0.003,0.0006251200,true,false
call-000647,arm9_spec_heuristic_rollback,dev/f6/s6050001/late_accurate,28,qwen/qwen-2.5-72b-instruct,sha256:866024620e196cce723bc39cb85889786c2d46aa4ecdd13dffef3a5f294a4ce0,det-v1,1,accepted,1898,132,0.002,0.0007360800,true,false
call-000648,arm10_spec_eprocess,dev/f6/s6050001/late_accurate,22,qwen/qwen-2.5-72b-instruct,sha256:0b0e6d8e50f0160a06b2ef5495969dc6834c55ce258cb3c00ee0f071f6214d22,det-v1,1,accepted,1632,94,0.002,0.0006251200,true,false
call-000649,arm10_spec_eprocess,dev/f6/s6050001/late_accurate,28,qwen/qwen-2.5-72b-instruct,sha256:138310f84397c53cebd075dccdbcaf16664a79481fad28d34bf5512e35a62c3f,det-v1,1,,1895,132,4852.762,0.0007350000,false,true
call-000650,arm10_spec_eprocess,dev/f6/s6050001/late_accurate,28,qwen/qwen-2.5-72b-instruct,sha256:138310f84397c53cebd075dccdbcaf16664a79481fad28d34bf5512e35a62c3f,det-v1,1,accepted,1895,132,4852.762,0.0007350000,false,false
call-000651,arm8_spec_immediate,cal/f6/s6060001/late_accurate,20,qwen/qwen-2.5-72b-instruct,sha256:905191209f10c3a6bdcb6185277c7b6ae42ceca4b97b797b371d07920c464667,det-v1,1,,1557,100,3952.758,0.0006005200,false,true
call-000652,arm8_spec_immediate,cal/f6/s6060001/late_accurate,20,qwen/qwen-2.5-72b-instruct,sha256:905191209f10c3a6bdcb6185277c7b6ae42ceca4b97b797b371d07920c464667,det-v1,1,accepted,1557,100,3952.758,0.0006005200,false,false
call-000653,arm9_spec_heuristic_rollback,cal/f6/s6060001/late_accurate,20,qwen/qwen-2.5-72b-instruct,sha256:905191209f10c3a6bdcb6185277c7b6ae42ceca4b97b797b371d07920c464667,det-v1,1,accepted,1557,100,0.003,0.0006005200,true,false
call-000654,arm10_spec_eprocess,cal/f6/s6060001/late_accurate,20,qwen/qwen-2.5-72b-instruct,sha256:905191209f10c3a6bdcb6185277c7b6ae42ceca4b97b797b371d07920c464667,det-v1,1,accepted,1557,100,0.003,0.0006005200,true,false
call-000655,arm8_spec_immediate,dev/f6/s6050000/unreliable,18,qwen/qwen-2.5-72b-instruct,sha256:437dedb357bfc8272c46911ac610f4811f2db898e10ae0a45357752151fc024a,det-v1,1,,1478,87,4600.010,0.0005668800,false,true
call-000656,arm8_spec_immediate,dev/f6/s6050000/unreliable,18,qwen/qwen-2.5-72b-instruct,sha256:437dedb357bfc8272c46911ac610f4811f2db898e10ae0a45357752151fc024a,det-v1,1,accepted,1478,87,4600.010,0.0005668800,false,false
call-000657,arm9_spec_heuristic_rollback,dev/f6/s6050000/unreliable,18,qwen/qwen-2.5-72b-instruct,sha256:437dedb357bfc8272c46911ac610f4811f2db898e10ae0a45357752151fc024a,det-v1,1,accepted,1478,87,0.003,0.0005668800,true,false
call-000658,arm10_spec_eprocess,dev/f6/s6050000/unreliable,18,qwen/qwen-2.5-72b-instruct,sha256:437dedb357bfc8272c46911ac610f4811f2db898e10ae0a45357752151fc024a,det-v1,1,accepted,1478,87,0.002,0.0005668800,true,false
call-000659,arm8_spec_immediate,cal/f6/s6060000/unreliable,13,qwen/qwen-2.5-72b-instruct,sha256:4f1d623ae3ca41e7700b77c5ebcddb4f8096b959679b124b89bc35ecc4651428,det-v1,1,accepted,1249,94,0.004,0.0004872400,true,false
call-000660,arm8_spec_immediate,cal/f6/s6060000/unreliable,19,qwen/qwen-2.5-72b-instruct,sha256:057d88da399e75dded9f26d499f4d9358b37cdc4715f1a7b10107aa0a7171021,det-v1,1,accepted,1514,108,0.003,0.0005882400,true,false
call-000661,arm9_spec_heuristic_rollback,cal/f6/s6060000/unreliable,13,qwen/qwen-2.5-72b-instruct,sha256:4f1d623ae3ca41e7700b77c5ebcddb4f8096b959679b124b89bc35ecc4651428,det-v1,1,accepted,1249,94,0.003,0.0004872400,true,false
call-000662,arm9_spec_heuristic_rollback,cal/f6/s6060000/unreliable,19,qwen/qwen-2.5-72b-instruct,sha256:057d88da399e75dded9f26d499f4d9358b37cdc4715f1a7b10107aa0a7171021,det-v1,1,accepted,1514,108,0.002,0.0005882400,true,false
call-000663,arm10_spec_eprocess,cal/f6/s6060000/unreliable,13,qwen/qwen-2.5-72b-instruct,sha256:4f1d623ae3ca41e7700b77c5ebcddb4f8096b959679b124b89bc35ecc4651428,det-v1,1,accepted,1249,94,0.002,0.0004872400,true,false
call-000664,arm10_spec_eprocess,cal/f6/s6060000/unreliable,19,qwen/qwen-2.5-72b-instruct,sha256:7acc46fadb230c97d1eb658557df6a2fe98b9c86391d758bcac47d3b48cb8d32,det-v1,1,accepted,1511,111,0.005,0.0005883600,true,false
call-000665,arm8_spec_immediate,dev/f6/s6050001/unreliable,19,qwen/qwen-2.5-72b-instruct,sha256:ee39337d575c7389a68c36933ecd2462aa4609a0d850bd7da899b0287a6d7941,det-v1,1,,1498,78,3865.487,0.0005704800,false,true
call-000666,arm8_spec_immediate,dev/f6/s6050001/unreliable,19,qwen/qwen-2.5-72b-instruct,sha256:ee39337d575c7389a68c36933ecd2462aa4609a0d850bd7da899b0287a6d7941,det-v1,1,accepted,1498,78,3865.487,0.0005704800,false,false
call-000667,arm8_spec_immediate,dev/f6/s6050001/unreliable,25,qwen/qwen-2.5-72b-instruct,sha256:bde3b3de665d57a19493e991272107b345086e9e47abe708927f2f44e17dd756,det-v1,1,,1753,102,3644.999,0.0006718800,false,true
call-000668,arm8_spec_immediate,dev/f6/s6050001/unreliable,25,qwen/qwen-2.5-72b-instruct,sha256:bde3b3de665d57a19493e991272107b345086e9e47abe708927f2f44e17dd756,det-v1,1,accepted,1753,102,3644.999,0.0006718800,false,false
call-000669,arm9_spec_heuristic_rollback,dev/f6/s6050001/unreliable,19,qwen/qwen-2.5-72b-instruct,sha256:ee39337d575c7389a68c36933ecd2462aa4609a0d850bd7da899b0287a6d7941,det-v1,1,accepted,1498,78,0.004,0.0005704800,true,false
call-000670,arm9_spec_heuristic_rollback,dev/f6/s6050001/unreliable,25,qwen/qwen-2.5-72b-instruct,sha256:bde3b3de665d57a19493e991272107b345086e9e47abe708927f2f44e17dd756,det-v1,1,accepted,1753,102,0.002,0.0006718800,true,false
call-000671,arm10_spec_eprocess,dev/f6/s6050001/unreliable,19,qwen/qwen-2.5-72b-instruct,sha256:ee39337d575c7389a68c36933ecd2462aa4609a0d850bd7da899b0287a6d7941,det-v1,1,accepted,1498,78,0.002,0.0005704800,true,false
call-000672,arm10_spec_eprocess,dev/f6/s6050001/unreliable,25,qwen/qwen-2.5-72b-instruct,sha256:bde3b3de665d57a19493e991272107b345086e9e47abe708927f2f44e17dd756,det-v1,1,accepted,1753,102,0.002,0.0006718800,true,false
call-000673,arm8_spec_immediate,cal/f6/s6060001/unreliable,17,qwen/qwen-2.5-72b-instruct,sha256:51b1af90958c743dbe967c73b69f103ec9097ae386cb99509ae4e66b0ec7ef91,det-v1,1,,1422,123,4062.043,0.0005611200,false,true
call-000674,arm8_spec_immediate,cal/f6/s6060001/unreliable,17,qwen/qwen-2.5-72b-instruct,sha256:51b1af90958c743dbe967c73b69f103ec9097ae386cb99509ae4e66b0ec7ef91,det-v1,1,accepted,1422,123,4062.043,0.0005611200,false,false
call-000675,arm8_spec_immediate,cal/f6/s6060001/unreliable,23,qwen/qwen-2.5-72b-instruct,sha256:a39dceee2b6009cd6dd9c63cd4812bdeb5d255f521b74b3b0a8a143a09d3efa1,det-v1,1,,1686,120,4286.470,0.0006549600,false,true
call-000676,arm8_spec_immediate,cal/f6/s6060001/unreliable,23,qwen/qwen-2.5-72b-instruct,sha256:a39dceee2b6009cd6dd9c63cd4812bdeb5d255f521b74b3b0a8a143a09d3efa1,det-v1,1,accepted,1686,120,4286.470,0.0006549600,false,false
call-000677,arm9_spec_heuristic_rollback,cal/f6/s6060001/unreliable,17,qwen/qwen-2.5-72b-instruct,sha256:51b1af90958c743dbe967c73b69f103ec9097ae386cb99509ae4e66b0ec7ef91,det-v1,1,accepted,1422,123,0.003,0.0005611200,true,false
call-000678,arm9_spec_heuristic_rollback,cal/f6/s6060001/unreliable,23,qwen/qwen-2.5-72b-instruct,sha256:a39dceee2b6009cd6dd9c63cd4812bdeb5d255f521b74b3b0a8a143a09d3efa1,det-v1,1,accepted,1686,120,0.002,0.0006549600,true,false
call-000679,arm10_spec_eprocess,cal/f6/s6060001/unreliable,17,qwen/qwen-2.5-72b-instruct,sha256:51b1af90958c743dbe967c73b69f103ec9097ae386cb99509ae4e66b0ec7ef91,det-v1,1,accepted,1422,123,0.002,0.0005611200,true,false
call-000680,arm10_spec_eprocess,cal/f6/s6060001/unreliable,23,qwen/qwen-2.5-72b-instruct,sha256:3740982ee8538f881bd09a6fc4d804697ac8af1a7c4c3f5469f81a4553baca08,det-v1,1,,1680,113,3899.225,0.0006500000,false,true
call-000681,arm10_spec_eprocess,cal/f6/s6060001/unreliable,23,qwen/qwen-2.5-72b-instruct,sha256:3740982ee8538f881bd09a6fc4d804697ac8af1a7c4c3f5469f81a4553baca08,det-v1,1,fallback,1680,113,3899.225,0.0006500000,false,false
call-000682,arm10_spec_eprocess,cal/f6/s6060001/unreliable,23,qwen/qwen-2.5-72b-instruct,sha256:1ae13b8d744fb2a91badd2a24b47c1e5f1d249693d15c690c259bc3ea3bfb173,det-v1,2,,1750,111,5789.338,0.0006744000,false,true
call-000683,arm10_spec_eprocess,cal/f6/s6060001/unreliable,23,qwen/qwen-2.5-72b-instruct,sha256:1ae13b8d744fb2a91badd2a24b47c1e5f1d249693d15c690c259bc3ea3bfb173,det-v1,2,accepted_after_repair,1750,111,5789.338,0.0006744000,false,false
