call_id,arm_id,episode_id,period,model_id,prompt_hash,decoding_hash,attempt_index,outcome,input_tokens,output_tokens,latency_ms,usd_cost,cache_hit,physical
call-000001,arm8_spec_immediate,dev/f1/s1050000/no_alert,25,scripted-fake-7b,sha256:b948972b511ba1ce05c9620ead7d923818846d3ace3d8b7ce39965ba2007464b,det-v1,1,,1360,66,0.013,0.0012675000,false,true
call-000002,arm8_spec_immediate,dev/f1/s1050000/no_alert,25,scripted-fake-7b,sha256:b948972b511ba1ce05c9620ead7d923818846d3ace3d8b7ce39965ba2007464b,det-v1,1,accepted,1360,66,0.013,0.0012675000,false,false
call-000003,arm8_spec_immediate,dev/f1/s1050000/no_alert,31,scripted-fake-7b,sha256:c06b53805d1798acc86f9671749b22426edff233b0767d6c11c10fd94ac77bd6,det-v1,1,,1521,66,0.006,0.0013882500,false,true
call-000004,arm8_spec_immediate,dev/f1/s1050000/no_alert,31,scripted-fake-7b,sha256:c06b53805d1798acc86f9671749b22426edff233b0767d6c11c10fd94ac77bd6,det-v1,1,accepted,1521,66,0.006,0.0013882500,false,false
call-000005,arm9_spec_heuristic_rollback,dev/f1/s1050000/no_alert,25,scripted-fake-7b,sha256:b948972b511ba1ce05c9620ead7d923818846d3ace3d8b7ce39965ba2007464b,det-v1,1,accepted,1360,66,0.002,0.0012675000,true,false
call-000006,arm9_spec_heuristic_rollback,dev/f1/s1050000/no_alert,31,scripted-fake-7b,sha256:c06b53805d1798acc86f9671749b22426edff233b0767d6c11c10fd94ac77bd6,det-v1,1,accepted,1521,66,0.001,0.0013882500,true,false
call-000007,arm10_spec_eprocess,dev/f1/s1050000/no_alert,25,scripted-fake-7b,sha256:b948972b511ba1ce05c9620ead7d923818846d3ace3d8b7ce39965ba2007464b,det-v1,1,accepted,1360,66,0.001,0.0012675000,true,false
call-000008,arm10_spec_eprocess,dev/f1/s1050000/no_alert,31,scripted-fake-7b,sha256:071c150cadace9522c9bfcf443f695b8ce72306afd3d6332b6ac16907569a33b,det-v1,1,,1521,66,0.006,0.0013882500,false,true
call-000009,arm10_spec_eprocess,dev/f1/s1050000/no_alert,31,scripted-fake-7b,sha256:071c150cadace9522c9bfcf443f695b8ce72306afd3d6332b6ac16907569a33b,det-v1,1,accepted,1521,66,0.006,0.0013882500,false,false
call-000010,arm8_spec_immediate,cal/f1/s1060000/no_alert,21,scripted-fake-7b,sha256:7b2b7c629764652d20291446c4ed847f2d0316c19d173ae3a78a20cd4322a8d2,det-v1,1,,1256,66,0.006,0.0011895000,false,true
call-000011,arm8_spec_immediate,cal/f1/s1060000/no_alert,21,scripted-fake-7b,sha256:7b2b7c629764652d20291446c4ed847f2d0316c19d173ae3a78a20cd4322a8d2,det-v1,1,accepted,1256,66,0.006,0.0011895000,false,false
call-000012,arm8_spec_immediate,cal/f1/s1060000/no_alert,49,scripted-fake-7b,sha256:27485c5224b2e426ce054c45c376d368a85558047b50712afa9327e2675238ab,det-v1,1,,2000,66,0.006,0.0017475000,false,true
call-000013,arm8_spec_immediate,cal/f1/s1060000/no_alert,49,scripted-fake-7b,sha256:27485c5224b2e426ce054c45c376d368a85558047b50712afa9327e2675238ab,det-v1,1,accepted,2000,66,0.006,0.0017475000,false,false
call-000014,arm9_spec_heuristic_rollback,cal/f1/s1060000/no_alert,21,scripted-fake-7b,sha256:7b2b7c629764652d20291446c4ed847f2d0316c19d173ae3a78a20cd4322a8d2,det-v1,1,accepted,1256,66,0.001,0.0011895000,true,false
call-000015,arm9_spec_heuristic_rollback,cal/f1/s1060000/no_alert,49,scripted-fake-7b,sha256:27485c5224b2e426ce054c45c376d368a85558047b50712afa9327e2675238ab,det-v1,1,accepted,2000,66,0.001,0.0017475000,true,false
call-000016,arm10_spec_eprocess,cal/f1/s1060000/no_alert,21,scripted-fake-7b,sha256:7b2b7c629764652d20291446c4ed847f2d0316c19d173ae3a78a20cd4322a8d2,det-v1,1,accepted,1256,66,0.001,0.0011895000,true,false
call-000017,arm10_spec_eprocess,cal/f1/s1060000/no_alert,49,scripted-fake-7b,sha256:a01d8dccf5f4dd70a998d1597552705d32dbd8b2011e538425ca807bc38613a6,det-v1,1,,1998,66,0.006,0.0017460000,false,true
call-000018,arm10_spec_eprocess,cal/f1/s1060000/no_alert,49,scripted-fake-7b,sha256:a01d8dccf5f4dd70a998d1597552705d32dbd8b2011e538425ca807bc38613a6,det-v1,1,accepted,1998,66,0.006,0.0017460000,false,false
call-000019,arm8_spec_immediate,dev/f1/s1050001/no_alert,23,scripted-fake-7b,sha256:c2300925e829adfa4f23a26a17dbd5b7a1ae80b53b8d01ea569d5845aa43936b,det-v1,1,,1309,66,0.006,0.0012292500,false,true
call-000020,arm8_spec_immediate,dev/f1/s1050001/no_alert,23,scripted-fake-7b,sha256:c2300925e829adfa4f23a26a17dbd5b7a1ae80b53b8d01ea569d5845aa43936b,det-v1,1,accepted,1309,66,0.006,0.0012292500,false,false
call-000021,arm8_spec_immediate,dev/f1/s1050001/no_alert,32,scripted-fake-7b,sha256:c73b25798dc675fb387f2cf76c154c4572ebcade40a4131e88197df416786cb5,det-v1,1,,1548,66,0.006,0.0014085000,false,true
call-000022,arm8_spec_immediate,dev/f1/s1050001/no_alert,32,scripted-fake-7b,sha256:c73b25798dc675fb387f2cf76c154c4572ebcade40a4131e88197df416786cb5,det-v1,1,accepted,1548,66,0.006,0.0014085000,false,false
call-000023,arm9_spec_heuristic_rollback,dev/f1/s1050001/no_alert,23,scripted-fake-7b,sha256:c2300925e829adfa4f23a26a17dbd5b7a1ae80b53b8d01ea569d5845aa43936b,det-v1,1,accepted,1309,66,0.002,0.0012292500,true,false
call-000024,arm9_spec_heuristic_rollback,dev/f1/s1050001/no_alert,32,scripted-fake-7b,sha256:c73b25798dc675fb387f2cf76c154c4572ebcade40a4131e88197df416786cb5,det-v1,1,accepted,1548,66,0.001,0.0014085000,true,false
call-000025,arm10_spec_eprocess,dev/f1/s1050001/no_alert,23,scripted-fake-7b,sha256:c2300925e829adfa4f23a26a17dbd5b7a1ae80b53b8d01ea569d5845aa43936b,det-v1,1,accepted,1309,66,0.001,0.0012292500,true,false
call-000026,arm10_spec_eprocess,dev/f1/s1050001/no_alert,32,scripted-fake-7b,sha256:864d2d594ab7082b14f0861ccf2c23eb5ce4ae6adbb312c38a5196266e24f878,det-v1,1,,1547,66,0.006,0.0014077500,false,true
call-000027,arm10_spec_eprocess,dev/f1/s1050001/no_alert,32,scripted-fake-7b,sha256:864d2d594ab7082b14f0861ccf2c23eb5ce4ae6adbb312c38a5196266e24f878,det-v1,1,accepted,1547,66,0.006,0.0014077500,false,false
call-000028,arm8_spec_immediate,cal/f1/s1060001/no_alert,36,scripted-fake-7b,sha256:bfd5a44bf72d7eade767f9b2446a240814587f744ef611f5a8709ceb4922bd17,det-v1,1,,1652,66,0.006,0.0014865000,false,true
call-000029,arm8_spec_immediate,cal/f1/s1060001/no_alert,36,scripted-fake-7b,sha256:bfd5a44bf72d7eade767f9b2446a240814587f744ef611f5a8709ceb4922bd17,det-v1,1,accepted,1652,66,0.006,0.0014865000,false,false
call-000030,arm8_spec_immediate,cal/f1/s1060001/no_alert,46,scripted-fake-7b,sha256:3fd337207d17a3af117d25a9f25eab0f27f9403e40039baa7b395a1d3ecd3556,det-v1,1,,1919,66,0.006,0.0016867500,false,true
call-000031,arm8_spec_immediate,cal/f1/s1060001/no_alert,46,scripted-fake-7b,sha256:3fd337207d17a3af117d25a9f25eab0f27f9403e40039baa7b395a1d3ecd3556,det-v1,1,accepted,1919,66,0.006,0.0016867500,false,false
call-000032,arm9_spec_heuristic_rollback,cal/f1/s1060001/no_alert,36,scripted-fake-7b,sha256:bfd5a44bf72d7eade767f9b2446a240814587f744ef611f5a8709ceb4922bd17,det-v1,1,accepted,1652,66,0.001,0.0014865000,true,false
call-000033,arm9_spec_heuristic_rollback,cal/f1/s1060001/no_alert,46,scripted-fake-7b,sha256:3fd337207d17a3af117d25a9f25eab0f27f9403e40039baa7b395a1d3ecd3556,det-v1,1,accepted,1919,66,0.001,0.0016867500,true,false
call-000034,arm10_spec_eprocess,cal/f1/s1060001/no_alert,36,scripted-fake-7b,sha256:bfd5a44bf72d7eade767f9b2446a240814587f744ef611f5a8709ceb4922bd17,det-v1,1,accepted,1652,66,0.001,0.0014865000,true,false
call-000035,arm10_spec_eprocess,cal/f1/s1060001/no_alert,46,scripted-fake-7b,sha256:c09a86b620a6765ae69ba93c170541e667e2015b19ed56635f555f1a40c5dcf4,det-v1,1,,1918,66,0.006,0.0016860000,false,true
call-000036,arm10_spec_eprocess,cal/f1/s1060001/no_alert,46,scripted-fake-7b,sha256:c09a86b620a6765ae69ba93c170541e667e2015b19ed56635f555f1a40c5dcf4,det-v1,1,accepted,1918,66,0.006,0.0016860000,false,false
call-000037,arm8_spec_immediate,dev/f1/s1050000/early_accurate,16,scripted-fake-7b,sha256:6fb84067fc8d34308ce4806701e8921241158f10cd6e0163a221c1a8a440a638,det-v1,1,,1168,66,0.006,0.0011235000,false,true
call-000038,arm8_spec_immediate,dev/f1/s1050000/early_accurate,16,scripted-fake-7b,sha256:6fb84067fc8d34308ce4806701e8921241158f10cd6e0163a221c1a8a440a638,det-v1,1,accepted,1168,66,0.006,0.0011235000,false,false
call-000039,arm8_spec_immediate,dev/f1/s1050000/early_accurate,25,scripted-fake-7b,sha256:95180316d0765e4146a1840bbacaa90985c7609dbdf3b6c761474f7f8ec7bd40,det-v1,1,,1408,66,0.006,0.0013035000,false,true
call-000040,arm8_spec_immediate,dev/f1/s1050000/early_accurate,25,scripted-fake-7b,sha256:95180316d0765e4146a1840bbacaa90985c7609dbdf3b6c761474f7f8ec7bd40,det-v1,1,accepted,1408,66,0.006,0.0013035000,false,false
call-000041,arm9_spec_heuristic_rollback,dev/f1/s1050000/early_accurate,16,scripted-fake-7b,sha256:6fb84067fc8d34308ce4806701e8921241158f10cd6e0163a221c1a8a440a638,det-v1,1,accepted,1168,66,0.002,0.0011235000,true,false
call-000042,arm9_spec_heuristic_rollback,dev/f1/s1050000/early_accurate,25,scripted-fake-7b,sha256:95180316d0765e4146a1840bbacaa90985c7609dbdf3b6c761474f7f8ec7bd40,det-v1,1,accepted,1408,66,0.001,0.0013035000,true,false
call-000043,arm10_spec_eprocess,dev/f1/s1050000/early_accurate,16,scripted-fake-7b,sha256:6fb84067fc8d34308ce4806701e8921241158f10cd6e0163a221c1a8a440a638,det-v1,1,accepted,1168,66,0.002,0.0011235000,true,false
call-000044,arm10_spec_eprocess,dev/f1/s1050000/early_accurate,25,scripted-fake-7b,sha256:1eb8c2dfd4544f36a45f50306d858bb05bd6aef01c617c7d7f437007b7d7f224,det-v1,1,,1405,66,0.006,0.0013012500,false,true
call-000045,arm10_spec_eprocess,dev/f1/s1050000/early_accurate,25,scripted-fake-7b,sha256:1eb8c2dfd4544f36a45f50306d858bb05bd6aef01c617c7d7f437007b7d7f224,det-v1,1,accepted,1405,66,0.006,0.0013012500,false,false
call-000046,arm8_spec_immediate,cal/f1/s1060000/early_accurate,17,scripted-fake-7b,sha256:01b6e90c9c3fdf6ccf352eed237ee21c41b423b5369665ceace297a170389414,det-v1,1,,1207,66,0.006,0.0011527500,false,true
call-000047,arm8_spec_immediate,cal/f1/s1060000/early_accurate,17,scripted-fake-7b,sha256:01b6e90c9c3fdf6ccf352eed237ee21c41b423b5369665ceace297a170389414,det-v1,1,accepted,1207,66,0.006,0.0011527500,false,false
call-000048,arm8_spec_immediate,cal/f1/s1060000/early_accurate,23,scripted-fake-7b,sha256:417b5abe093d87877d1f432c91829a67c7253b1e7132ee35a8eb4ab1b3034250,det-v1,1,,1367,66,0.006,0.0012727500,false,true
call-000049,arm8_spec_immediate,cal/f1/s1060000/early_accurate,23,scripted-fake-7b,sha256:417b5abe093d87877d1f432c91829a67c7253b1e7132ee35a8eb4ab1b3034250,det-v1,1,accepted,1367,66,0.006,0.0012727500,false,false
call-000050,arm9_spec_heuristic_rollback,cal/f1/s1060000/early_accurate,17,scripted-fake-7b,sha256:01b6e90c9c3fdf6ccf352eed237ee21c41b423b5369665ceace297a170389414,det-v1,1,accepted,1207,66,0.002,0.0011527500,true,false
call-000051,arm9_spec_heuristic_rollback,cal/f1/s1060000/early_accurate,23,scripted-fake-7b,sha256:417b5abe093d87877d1f432c91829a67c7253b1e7132ee35a8eb4ab1b3034250,det-v1,1,accepted,1367,66,0.001,0.0012727500,true,false
call-000052,arm10_spec_eprocess,cal/f1/s1060000/early_accurate,17,scripted-fake-7b,sha256:01b6e90c9c3fdf6ccf352eed237ee21c41b423b5369665ceace297a170389414,det-v1,1,accepted,1207,66,0.001,0.0011527500,true,false
call-000053,arm10_spec_eprocess,cal/f1/s1060000/early_accurate,23,scripted-fake-7b,sha256:3ed2802fba7237e2d5e4ab83b4dab69c8c7c303fbf21cf36b5e75db7680b68b5,det-v1,1,,1366,66,0.006,0.0012720000,false,true
call-000054,arm10_spec_eprocess,cal/f1/s1060000/early_accurate,23,scripted-fake-7b,sha256:3ed2802fba7237e2d5e4ab83b4dab69c8c7c303fbf21cf36b5e75db7680b68b5,det-v1,1,accepted,1366,66,0.006,0.0012720000,false,false
call-000055,arm8_spec_immediate,dev/f1/s1050001/early_accurate,15,scripted-fake-7b,sha256:4eba8825730ff5f673b0f277dc96c4bdafe09a17773028057da05c38b3c1a982,det-v1,1,,1154,66,0.006,0.0011130000,false,true
call-000056,arm8_spec_immediate,dev/f1/s1050001/early_accurate,15,scripted-fake-7b,sha256:4eba8825730ff5f673b0f277dc96c4bdafe09a17773028057da05c38b3c1a982,det-v1,1,accepted,1154,66,0.006,0.0011130000,false,false
call-000057,arm8_spec_immediate,dev/f1/s1050001/early_accurate,23,scripted-fake-7b,sha256:41357191c12ccc0261e43de67c1c0d5e0ad45af367649cdd1c60452dcaaf41f7,det-v1,1,,1368,66,0.006,0.0012735000,false,true
call-000058,arm8_spec_immediate,dev/f1/s1050001/early_accurate,23,scripted-fake-7b,sha256:41357191c12ccc0261e43de67c1c0d5e0ad45af367649cdd1c60452dcaaf41f7,det-v1,1,accepted,1368,66,0.006,0.0012735000,false,false
call-000059,arm9_spec_heuristic_rollback,dev/f1/s1050001/early_accurate,15,scripted-fake-7b,sha256:4eba8825730ff5f673b0f277dc96c4bdafe09a17773028057da05c38b3c1a982,det-v1,1,accepted,1154,66,0.002,0.0011130000,true,false
call-000060,arm9_spec_heuristic_rollback,dev/f1/s1050001/early_accurate,23,scripted-fake-7b,sha256:41357191c12ccc0261e43de67c1c0d5e0ad45af367649cdd1c60452dcaaf41f7,det-v1,1,accepted,1368,66,0.001,0.0012735000,true,false
call-000061,arm10_spec_eprocess,dev/f1/s1050001/early_accurate,15,scripted-fake-7b,sha256:4eba8825730ff5f673b0f277dc96c4bdafe09a17773028057da05c38b3c1a982,det-v1,1,accepted,1154,66,0.001,0.0011130000,true,false
call-000062,arm10_spec_eprocess,dev/f1/s1050001/early_accurate,23,scripted-fake-7b,sha256:d63e54d2a608a97b2b2d56a46a11bf0b69c1a77c226bd2ffb68543946b23011a,det-v1,1,,1366,66,0.007,0.0012720000,false,true
call-000063,arm10_spec_eprocess,dev/f1/s1050001/early_accurate,23,scripted-fake-7b,sha256:d63e54d2a608a97b2b2d56a46a11bf0b69c1a77c226bd2ffb68543946b23011a,det-v1,1,accepted,1366,66,0.007,0.0012720000,false,false
call-000064,arm8_spec_immediate,cal/f1/s1060001/early_accurate,21,scripted-fake-7b,sha256:c2b54d24f8a4709de0603058b37ea8b10ac9298e3c8fdbbe0fb248755e45666b,det-v1,1,,1311,66,0.007,0.0012307500,false,true
call-000065,arm8_spec_immediate,cal/f1/s1060001/early_accurate,21,scripted-fake-7b,sha256:c2b54d24f8a4709de0603058b37ea8b10ac9298e3c8fdbbe0fb248755e45666b,det-v1,1,accepted,1311,66,0.007,0.0012307500,false,false
call-000066,arm8_spec_immediate,cal/f1/s1060001/early_accurate,36,scripted-fake-7b,sha256:3d41ab7bbc9c06db657261ccf805f9381fe77e0999ef3573afcb907c7c1e985c,det-v1,1,,1709,66,0.006,0.0015292500,false,true
call-000067,arm8_spec_immediate,cal/f1/s1060001/early_accurate,36,scripted-fake-7b,sha256:3d41ab7bbc9c06db657261ccf805f9381fe77e0999ef3573afcb907c7c1e985c,det-v1,1,accepted,1709,66,0.006,0.0015292500,false,false
call-000068,arm9_spec_heuristic_rollback,cal/f1/s1060001/early_accurate,21,scripted-fake-7b,sha256:c2b54d24f8a4709de0603058b37ea8b10ac9298e3c8fdbbe0fb248755e45666b,det-v1,1,accepted,1311,66,0.001,0.0012307500,true,false
call-000069,arm9_spec_heuristic_rollback,cal/f1/s1060001/early_accurate,36,scripted-fake-7b,sha256:3d41ab7bbc9c06db657261ccf805f9381fe77e0999ef3573afcb907c7c1e985c,det-v1,1,accepted,1709,66,0.002,0.0015292500,true,false
call-000070,arm10_spec_eprocess,cal/f1/s1060001/early_accurate,21,scripted-fake-7b,sha256:c2b54d24f8a4709de0603058b37ea8b10ac9298e3c8fdbbe0fb248755e45666b,det-v1,1,accepted,1311,66,0.001,0.0012307500,true,false
call-000071,arm10_spec_eprocess,cal/f1/s1060001/early_accurate,36,scripted-fake-7b,sha256:2c8eefe19ec3112f4642fc02c7483e1d564dfde596a0d30caa8823e401494169,det-v1,1,,1707,66,0.006,0.0015277500,false,true
call-000072,arm10_spec_eprocess,cal/f1/s1060001/early_accurate,36,scripted-fake-7b,sha256:2c8eefe19ec3112f4642fc02c7483e1d564dfde596a0d30caa8823e401494169,det-v1,1,accepted,1707,66,0.006,0.0015277500,false,false
call-000073,arm8_spec_immediate,dev/f1/s1050000/late_accurate,19,scripted-fake-7b,sha256:29c423b1bdf825540c9f7e3347293350be8f333a97db860db96debfce033f47d,det-v1,1,,1247,66,0.006,0.0011827500,false,true
call-000074,arm8_spec_immediate,dev/f1/s1050000/late_accurate,19,scripted-fake-7b,sha256:29c423b1bdf825540c9f7e3347293350be8f333a97db860db96debfce033f47d,det-v1,1,accepted,1247,66,0.006,0.0011827500,false,false
call-000075,arm8_spec_immediate,dev/f1/s1050000/late_accurate,25,scripted-fake-7b,sha256:7e5d128cb5d1b265357f37da30635005547519e91655ea9205ad9ddf321f351e,det-v1,1,,1407,66,0.006,0.0013027500,false,true
call-000076,arm8_spec_immediate,dev/f1/s1050000/late_accurate,25,scripted-fake-7b,sha256:7e5d128cb5d1b265357f37da30635005547519e91655ea9205ad9ddf321f351e,det-v1,1,accepted,1407,66,0.006,0.0013027500,false,false
call-000077,arm9_spec_heuristic_rollback,dev/f1/s1050000/late_accurate,19,scripted-fake-7b,sha256:29c423b1bdf825540c9f7e3347293350be8f333a97db860db96debfce033f47d,det-v1,1,accepted,1247,66,0.002,0.0011827500,true,false
call-000078,arm9_spec_heuristic_rollback,dev/f1/s1050000/late_accurate,25,scripted-fake-7b,sha256:7e5d128cb5d1b265357f37da30635005547519e91655ea9205ad9ddf321f351e,det-v1,1,accepted,1407,66,0.001,0.0013027500,true,false
call-000079,arm10_spec_eprocess,dev/f1/s1050000/late_accurate,19,scripted-fake-7b,sha256:29c423b1bdf825540c9f7e3347293350be8f333a97db860db96debfce033f47d,det-v1,1,accepted,1247,66,0.002,0.0011827500,true,false
call-000080,arm10_spec_eprocess,dev/f1/s1050000/late_accurate,25,scripted-fake-7b,sha256:5e79764fbf86faf22b2b91b8d58d1d7bccf84757db0ea62ff7aabba151bb3867,det-v1,1,,1405,66,0.006,0.0013012500,false,true
call-000081,arm10_spec_eprocess,dev/f1/s1050000/late_accurate,25,scripted-fake-7b,sha256:5e79764fbf86faf22b2b91b8d58d1d7bccf84757db0ea62ff7aabba151bb3867,det-v1,1,accepted,1405,66,0.006,0.0013012500,false,false
call-000082,arm8_spec_immediate,cal/f1/s1060000/late_accurate,20,scripted-fake-7b,sha256:a876d1766bf3ad0466cb87043946784b91842e8e0795a1028e95b3461159340b,det-v1,1,,1286,66,0.007,0.0012120000,false,true
call-000083,arm8_spec_immediate,cal/f1/s1060000/late_accurate,20,scripted-fake-7b,sha256:a876d1766bf3ad0466cb87043946784b91842e8e0795a1028e95b3461159340b,det-v1,1,accepted,1286,66,0.007,0.0012120000,false,false
call-000084,arm8_spec_immediate,cal/f1/s1060000/late_accurate,49,scripted-fake-7b,sha256:9c05fde60f28c7b35836a1c1df4874d2f82435a02b35163eddfe717badb87e11,det-v1,1,,2056,66,0.006,0.0017895000,false,true
call-000085,arm8_spec_immediate,cal/f1/s1060000/late_accurate,49,scripted-fake-7b,sha256:9c05fde60f28c7b35836a1c1df4874d2f82435a02b35163eddfe717badb87e11,det-v1,1,accepted,2056,66,0.006,0.0017895000,false,false
call-000086,arm9_spec_heuristic_rollback,cal/f1/s1060000/late_accurate,20,scripted-fake-7b,sha256:a876d1766bf3ad0466cb87043946784b91842e8e0795a1028e95b3461159340b,det-v1,1,accepted,1286,66,0.002,0.0012120000,true,false
call-000087,arm9_spec_heuristic_rollback,cal/f1/s1060000/late_accurate,49,scripted-fake-7b,sha256:9c05fde60f28c7b35836a1c1df4874d2f82435a02b35163eddfe717badb87e11,det-v1,1,accepted,2056,66,0.002,0.0017895000,true,false
call-000088,arm10_spec_eprocess,cal/f1/s1060000/late_accurate,20,scripted-fake-7b,sha256:a876d1766bf3ad0466cb87043946784b91842e8e0795a1028e95b3461159340b,det-v1,1,accepted,1286,66,0.001,0.0012120000,true,false
call-000089,arm10_spec_eprocess,cal/f1/s1060000/late_accurate,49,scripted-fake-7b,sha256:a86cd4bdbde1677d006b626b933fc3d6aebbd4edb7eb3a3104af17233d64c41f,det-v1,1,,2055,66,0.006,0.0017887500,false,true
call-000090,arm10_spec_eprocess,cal/f1/s1060000/late_accurate,49,scripted-fake-7b,sha256:a86cd4bdbde1677d006b626b933fc3d6aebbd4edb7eb3a3104af17233d64c41f,det-v1,1,accepted,2055,66,0.006,0.0017887500,false,false
call-000091,arm8_spec_immediate,dev/f1/s1050001/late_accurate,18,scripted-fake-7b,sha256:aa2d38af3d1848bc390d84d78045d9d1a4d77db5ee19718b01284b8043912fe8,det-v1,1,,1233,66,0.006,0.0011722500,false,true
call-000092,arm8_spec_immediate,dev/f1/s1050001/late_accurate,18,scripted-fake-7b,sha256:aa2d38af3d1848bc390d84d78045d9d1a4d77db5ee19718b01284b8043912fe8,det-v1,1,accepted,1233,66,0.006,0.0011722500,false,false
call-000093,arm8_spec_immediate,dev/f1/s1050001/late_accurate,25,scripted-fake-7b,sha256:fa19a6c0185d28053440bbc6e94eddd06fe72c368907cfcc4d02af6e5176a74c,det-v1,1,,1420,66,0.006,0.0013125000,false,true
call-000094,arm8_spec_immediate,dev/f1/s1050001/late_accurate,25,scripted-fake-7b,sha256:fa19a6c0185d28053440bbc6e94eddd06fe72c368907cfcc4d02af6e5176a74c,det-v1,1,accepted,1420,66,0.006,0.0013125000,false,false
call-000095,arm9_spec_heuristic_rollback,dev/f1/s1050001/late_accurate,18,scripted-fake-7b,sha256:aa2d38af3d1848bc390d84d78045d9d1a4d77db5ee19718b01284b8043912fe8,det-v1,1,accepted,1233,66,0.001,0.0011722500,true,false
call-000096,arm9_spec_heuristic_rollback,dev/f1/s1050001/late_accurate,25,scripted-fake-7b,sha256:fa19a6c0185d28053440bbc6e94eddd06fe72c368907cfcc4d02af6e5176a74c,det-v1,1,accepted,1420,66,0.001,0.0013125000,true,false
call-000097,arm10_spec_eprocess,dev/f1/s1050001/late_accurate,18,scripted-fake-7b,sha256:aa2d38af3d1848bc390d84d78045d9d1a4d77db5ee19718b01284b8043912fe8,det-v1,1,accepted,1233,66,0.001,0.0011722500,true,false
call-000098,arm10_spec_eprocess,dev/f1/s1050001/late_accurate,25,scripted-fake-7b,sha256:45f3e0b88cb41ed0b09e0c206c57809d951a9a0c9737773b851e1c16d93e931e,det-v1,1,,1420,66,0.006,0.0013125000,false,true
call-000099,arm10_spec_eprocess,dev/f1/s1050001/late_accurate,25,scripted-fake-7b,sha256:45f3e0b88cb41ed0b09e0c206c57809d951a9a0c9737773b851e1c16d93e931e,det-v1,1,accepted,1420,66,0.006,0.0013125000,false,false
call-000100,arm8_spec_immediate,cal/f1/s1060001/late_accurate,24,scripted-fake-7b,sha256:11a0bac6ec2a77ab7bde094cb037cda09be75bcbf714b93b43dc764047141572,det-v1,1,,1390,66,0.006,0.0012900000,false,true
call-000101,arm8_spec_immediate,cal/f1/s1060001/late_accurate,24,scripted-fake-7b,sha256:11a0bac6ec2a77ab7bde094cb037cda09be75bcbf714b93b43dc764047141572,det-v1,1,accepted,1390,66,0.006,0.0012900000,false,false
call-000102,arm8_spec_immediate,cal/f1/s1060001/late_accurate,36,scripted-fake-7b,sha256:86a0b9dea23ce437f6eb6e8f1004bea9fdde11e7aef883295ced0ebbe59ec476,det-v1,1,,1709,66,0.006,0.0015292500,false,true
call-000103,arm8_spec_immediate,cal/f1/s1060001/late_accurate,36,scripted-fake-7b,sha256:86a0b9dea23ce437f6eb6e8f1004bea9fdde11e7aef883295ced0ebbe59ec476,det-v1,1,accepted,1709,66,0.006,0.0015292500,false,false
call-000104,arm9_spec_heuristic_rollback,cal/f1/s1060001/late_accurate,24,scripted-fake-7b,sha256:11a0bac6ec2a77ab7bde094cb037cda09be75bcbf714b93b43dc764047141572,det-v1,1,accepted,1390,66,0.001,0.0012900000,true,false
call-000105,arm9_spec_heuristic_rollback,cal/f1/s1060001/late_accurate,36,scripted-fake-7b,sha256:86a0b9dea23ce437f6eb6e8f1004bea9fdde11e7aef883295ced0ebbe59ec476,det-v1,1,accepted,1709,66,0.001,0.0015292500,true,false
call-000106,arm10_spec_eprocess,cal/f1/s1060001/late_accurate,24,scripted-fake-7b,sha256:11a0bac6ec2a77ab7bde094cb037cda09be75bcbf714b93b43dc764047141572,det-v1,1,accepted,1390,66,0.001,0.0012900000,true,false
call-000107,arm10_spec_eprocess,cal/f1/s1060001/late_accurate,36,scripted-fake-7b,sha256:6fb503cdb207aa5c17683cdd5ac02723068bcfd8e94fde8c3fd7728d61a44ad1,det-v1,1,,1707,66,0.006,0.0015277500,false,true
call-000108,arm10_spec_eprocess,cal/f1/s1060001/late_accurate,36,scripted-fake-7b,sha256:6fb503cdb207aa5c17683cdd5ac02723068bcfd8e94fde8c3fd7728d61a44ad1,det-v1,1,accepted,1707,66,0.006,0.0015277500,false,false
call-000109,arm8_spec_immediate,dev/f1/s1050000/unreliable,16,scripted-fake-7b,sha256:e408a45c4c66272eb6c04ed0f5ceaca660c2406d12965ca277d5564e80f24697,det-v1,1,,1176,66,0.006,0.0011295000,false,true
call-000110,arm8_spec_immediate,dev/f1/s1050000/unreliable,16,scripted-fake-7b,sha256:e408a45c4c66272eb6c04ed0f5ceaca660c2406d12965ca277d5564e80f24697,det-v1,1,accepted,1176,66,0.006,0.0011295000,false,false
call-000111,arm8_spec_immediate,dev/f1/s1050000/unreliable,25,scripted-fake-7b,sha256:0534be4ba710b54eabaae43b90f15a586bb5d0b2c7761105bcaa6b3f84f47217,det-v1,1,,1416,66,0.006,0.0013095000,false,true
call-000112,arm8_spec_immediate,dev/f1/s1050000/unreliable,25,scripted-fake-7b,sha256:0534be4ba710b54eabaae43b90f15a586bb5d0b2c7761105bcaa6b3f84f47217,det-v1,1,accepted,1416,66,0.006,0.0013095000,false,false
call-000113,arm9_spec_heuristic_rollback,dev/f1/s1050000/unreliable,16,scripted-fake-7b,sha256:e408a45c4c66272eb6c04ed0f5ceaca660c2406d12965ca277d5564e80f24697,det-v1,1,accepted,1176,66,0.001,0.0011295000,true,false
call-000114,arm9_spec_heuristic_rollback,dev/f1/s1050000/unreliable,25,scripted-fake-7b,sha256:0534be4ba710b54eabaae43b90f15a586bb5d0b2c7761105bcaa6b3f84f47217,det-v1,1,accepted,1416,66,0.001,0.0013095000,true,false
call-000115,arm10_spec_eprocess,dev/f1/s1050000/unreliable,16,scripted-fake-7b,sha256:e408a45c4c66272eb6c04ed0f5ceaca660c2406d12965ca277d5564e80f24697,det-v1,1,accepted,1176,66,0.002,0.0011295000,true,false
call-000116,arm10_spec_eprocess,dev/f1/s1050000/unreliable,25,scripted-fake-7b,sha256:7adbcf7084f2fea911113d4bb1183fce85ff93161ad98cfb6ccd397be85a6153,det-v1,1,,1414,66,0.006,0.0013080000,false,true
call-000117,arm10_spec_eprocess,dev/f1/s1050000/unreliable,25,scripted-fake-7b,sha256:7adbcf7084f2fea911113d4bb1183fce85ff93161ad98cfb6ccd397be85a6153,det-v1,1,accepted,1414,66,0.006,0.0013080000,false,false
call-000118,arm8_spec_immediate,dev/f1/s1050000/unreliable__twin,10,scripted-fake-7b,sha256:21a1e3c330b323e9158c390ad4654db9949ae182f9628009e80c59f9e91de37c,det-v1,1,,1015,66,0.006,0.0010087500,false,true
call-000119,arm8_spec_immediate,dev/f1/s1050000/unreliable__twin,10,scripted-fake-7b,sha256:21a1e3c330b323e9158c390ad4654db9949ae182f9628009e80c59f9e91de37c,det-v1,1,accepted,1015,66,0.006,0.0010087500,false,false
call-000120,arm9_spec_heuristic_rollback,dev/f1/s1050000/unreliable__twin,10,scripted-fake-7b,sha256:21a1e3c330b323e9158c390ad4654db9949ae182f9628009e80c59f9e91de37c,det-v1,1,accepted,1015,66,0.001,0.0010087500,true,false
call-000121,arm10_spec_eprocess,dev/f1/s1050000/unreliable__twin,10,scripted-fake-7b,sha256:21a1e3c330b323e9158c390ad4654db9949ae182f9628009e80c59f9e91de37c,det-v1,1,accepted,1015,66,0.002,0.0010087500,true,false
call-000122,arm8_spec_immediate,cal/f1/s1060000/unreliable,17,scripted-fake-7b,sha256:8ea7fbf9f163c924c17fee8885fa1084236682cca95e1180b279231df699669f,det-v1,1,,1208,66,0.006,0.0011535000,false,true
call-000123,arm8_spec_immediate,cal/f1/s1060000/unreliable,17,scripted-fake-7b,sha256:8ea7fbf9f163c924c17fee8885fa1084236682cca95e1180b279231df699669f,det-v1,1,accepted,1208,66,0.006,0.0011535000,false,false
call-000124,arm8_spec_immediate,cal/f1/s1060000/unreliable,23,scripted-fake-7b,sha256:77162833a9fc9da7e9526a57ace0dbe44f486b4381ab997445320d6f6de4a890,det-v1,1,,1368,66,0.006,0.0012735000,false,true
call-000125,arm8_spec_immediate,cal/f1/s1060000/unreliable,23,scripted-fake-7b,sha256:77162833a9fc9da7e9526a57ace0dbe44f486b4381ab997445320d6f6de4a890,det-v1,1,accepted,1368,66,0.006,0.0012735000,false,false
call-000126,arm9_spec_heuristic_rollback,cal/f1/s1060000/unreliable,17,scripted-fake-7b,sha256:8ea7fbf9f163c924c17fee8885fa1084236682cca95e1180b279231df699669f,det-v1,1,accepted,1208,66,0.001,0.0011535000,true,false
call-000127,arm9_spec_heuristic_rollback,cal/f1/s1060000/unreliable,23,scripted-fake-7b,sha256:77162833a9fc9da7e9526a57ace0dbe44f486b4381ab997445320d6f6de4a890,det-v1,1,accepted,1368,66,0.001,0.0012735000,true,false
call-000128,arm10_spec_eprocess,cal/f1/s1060000/unreliable,17,scripted-fake-7b,sha256:8ea7fbf9f163c924c17fee8885fa1084236682cca95e1180b279231df699669f,det-v1,1,accepted,1208,66,0.001,0.0011535000,true,false
call-000129,arm10_spec_eprocess,cal/f1/s1060000/unreliable,23,scripted-fake-7b,sha256:72f94ca322fc73f830e9c53db5f332d27d0880502e162504f9d3a3cdbf9867fc,det-v1,1,,1367,66,0.006,0.0012727500,false,true
call-000130,arm10_spec_eprocess,cal/f1/s1060000/unreliable,23,scripted-fake-7b,sha256:72f94ca322fc73f830e9c53db5f332d27d0880502e162504f9d3a3cdbf9867fc,det-v1,1,accepted,1367,66,0.006,0.0012727500,false,false
call-000131,arm8_spec_immediate,cal/f1/s1060000/unreliable__twin,10,scripted-fake-7b,sha256:dd5537ea939cf412bb4739633749db74788dd31a39950d92cca00e7888103f72,det-v1,1,,1017,66,0.006,0.0010102500,false,true
call-000132,arm8_spec_immediate,cal/f1/s1060000/unreliable__twin,10,scripted-fake-7b,sha256:dd5537ea939cf412bb4739633749db74788dd31a39950d92cca00e7888103f72,det-v1,1,accepted,1017,66,0.006,0.0010102500,false,false
call-000133,arm9_spec_heuristic_rollback,cal/f1/s1060000/unreliable__twin,10,scripted-fake-7b,sha256:dd5537ea939cf412bb4739633749db74788dd31a39950d92cca00e7888103f72,det-v1,1,accepted,1017,66,0.001,0.0010102500,true,false
call-000134,arm10_spec_eprocess,cal/f1/s1060000/unreliable__twin,10,scripted-fake-7b,sha256:dd5537ea939cf412bb4739633749db74788dd31a39950d92cca00e7888103f72,det-v1,1,accepted,1017,66,0.002,0.0010102500,true,false
call-000135,arm8_spec_immediate,dev/f1/s1050001/unreliable,15,scripted-fake-7b,sha256:059d5fbce362510d6559afb2156d4741db3849eb1e6515f23cd28842bb3437a7,det-v1,1,,1129,66,0.006,0.0010942500,false,true
call-000136,arm8_spec_immediate,dev/f1/s1050001/unreliable,15,scripted-fake-7b,sha256:059d5fbce362510d6559afb2156d4741db3849eb1e6515f23cd28842bb3437a7,det-v1,1,accepted,1129,66,0.006,0.0010942500,false,false
call-000137,arm8_spec_immediate,dev/f1/s1050001/unreliable,23,scripted-fake-7b,sha256:74a19aee85fcdcfc9da23a615ae80c18040985045b098b5d63c8d5e7c2cd5f3e,det-v1,1,,1342,66,0.006,0.0012540000,false,true
call-000138,arm8_spec_immediate,dev/f1/s1050001/unreliable,23,scripted-fake-7b,sha256:74a19aee85fcdcfc9da23a615ae80c18040985045b098b5d63c8d5e7c2cd5f3e,det-v1,1,accepted,1342,66,0.006,0.0012540000,false,false
call-000139,arm9_spec_heuristic_rollback,dev/f1/s1050001/unreliable,15,scripted-fake-7b,sha256:059d5fbce362510d6559afb2156d4741db3849eb1e6515f23cd28842bb3437a7,det-v1,1,accepted,1129,66,0.001,0.0010942500,true,false
call-000140,arm9_spec_heuristic_rollback,dev/f1/s1050001/unreliable,23,scripted-fake-7b,sha256:74a19aee85fcdcfc9da23a615ae80c18040985045b098b5d63c8d5e7c2cd5f3e,det-v1,1,accepted,1342,66,0.001,0.0012540000,true,false
call-000141,arm10_spec_eprocess,dev/f1/s1050001/unreliable,15,scripted-fake-7b,sha256:059d5fbce362510d6559afb2156d4741db3849eb1e6515f23cd28842bb3437a7,det-v1,1,accepted,1129,66,0.001,0.0010942500,true,false
call-000142,arm10_spec_eprocess,dev/f1/s1050001/unreliable,23,scripted-fake-7b,sha256:4035a2d5c3a7ef1045feeb3c5e3f8d4e2fd7e27e1ccf6dfd024c3e50f7b6186a,det-v1,1,,1341,66,0.006,0.0012532500,false,true
call-000143,arm10_spec_eprocess,dev/f1/s1050001/unreliable,23,scripted-fake-7b,sha256:4035a2d5c3a7ef1045feeb3c5e3f8d4e2fd7e27e1ccf6dfd024c3e50f7b6186a,det-v1,1,accepted,1341,66,0.006,0.0012532500,false,false
call-000144,arm8_spec_immediate,dev/f1/s1050001/unreliable__twin,10,scripted-fake-7b,sha256:04392c64ae7d8ff74889c1bf734b9b2f6857714c59e5c763b4a9d6e1e3398bf9,det-v1,1,,1015,66,0.006,0.0010087500,false,true
call-000145,arm8_spec_immediate,dev/f1/s1050001/unreliable__twin,10,scripted-fake-7b,sha256:04392c64ae7d8ff74889c1bf734b9b2f6857714c59e5c763b4a9d6e1e3398bf9,det-v1,1,accepted,1015,66,0.006,0.0010087500,false,false
call-000146,arm9_spec_heuristic_rollback,dev/f1/s1050001/unreliable__twin,10,scripted-fake-7b,sha256:04392c64ae7d8ff74889c1bf734b9b2f6857714c59e5c763b4a9d6e1e3398bf9,det-v1,1,accepted,1015,66,0.001,0.0010087500,true,false
call-000147,arm10_spec_eprocess,dev/f1/s1050001/unreliable__twin,10,scripted-fake-7b,sha256:04392c64ae7d8ff74889c1bf734b9b2f6857714c59e5c763b4a9d6e1e3398bf9,det-v1,1,accepted,1015,66,0.001,0.0010087500,true,false
call-000148,arm8_spec_immediate,cal/f1/s1060001/unreliable,21,scripted-fake-7b,sha256:b4ccdc71abb26a39a8d94878b2af5faf572056e16b4ea3ecd7e1f80d5f7d5a91,det-v1,1,,1309,66,0.006,0.0012292500,false,true
call-000149,arm8_spec_immediate,cal/f1/s1060001/unreliable,21,scripted-fake-7b,sha256:b4ccdc71abb26a39a8d94878b2af5faf572056e16b4ea3ecd7e1f80d5f7d5a91,det-v1,1,accepted,1309,66,0.006,0.0012292500,false,false
call-000150,arm8_spec_immediate,cal/f1/s1060001/unreliable,36,scripted-fake-7b,sha256:67bc5d3899c7d32795dc7d97b62985864f76939c78b1245ca96a619ffa88b1e2,det-v1,1,,1707,66,0.006,0.0015277500,false,true
call-000151,arm8_spec_immediate,cal/f1/s1060001/unreliable,36,scripted-fake-7b,sha256:67bc5d3899c7d32795dc7d97b62985864f76939c78b1245ca96a619ffa88b1e2,det-v1,1,accepted,1707,66,0.006,0.0015277500,false,false
call-000152,arm9_spec_heuristic_rollback,cal/f1/s1060001/unreliable,21,scripted-fake-7b,sha256:b4ccdc71abb26a39a8d94878b2af5faf572056e16b4ea3ecd7e1f80d5f7d5a91,det-v1,1,accepted,1309,66,0.002,0.0012292500,true,false
call-000153,arm9_spec_heuristic_rollback,cal/f1/s1060001/unreliable,36,scripted-fake-7b,sha256:67bc5d3899c7d32795dc7d97b62985864f76939c78b1245ca96a619ffa88b1e2,det-v1,1,accepted,1707,66,0.001,0.0015277500,true,false
call-000154,arm10_spec_eprocess,cal/f1/s1060001/unreliable,21,scripted-fake-7b,sha256:b4ccdc71abb26a39a8d94878b2af5faf572056e16b4ea3ecd7e1f80d5f7d5a91,det-v1,1,accepted,1309,66,0.001,0.0012292500,true,false
call-000155,arm10_spec_eprocess,cal/f1/s1060001/unreliable,36,scripted-fake-7b,sha256:87ba0c89e6c818e41a7c3fe873e5387b2e5c40ed5f5c12fe4c0edc3ea04a45f1,det-v1,1,,1706,66,0.006,0.0015270000,false,true
call-000156,arm10_spec_eprocess,cal/f1/s1060001/unreliable,36,scripted-fake-7b,sha256:87ba0c89e6c818e41a7c3fe873e5387b2e5c40ed5f5c12fe4c0edc3ea04a45f1,det-v1,1,accepted,1706,66,0.006,0.0015270000,false,false
call-000157,arm8_spec_immediate,cal/f1/s1060001/unreliable__twin,10,scripted-fake-7b,sha256:112fc05d14033403ce38fec2ff588d7a7e712e8e665470d8d191d3af136cebd8,det-v1,1,,1020,66,0.006,0.0010125000,false,true
call-000158,arm8_spec_immediate,cal/f1/s1060001/unreliable__twin,10,scripted-fake-7b,sha256:112fc05d14033403ce38fec2ff588d7a7e712e8e665470d8d191d3af136cebd8,det-v1,1,accepted,1020,66,0.006,0.0010125000,false,false
call-000159,arm9_spec_heuristic_rollback,cal/f1/s1060001/unreliable__twin,10,scripted-fake-7b,sha256:112fc05d14033403ce38fec2ff588d7a7e712e8e665470d8d191d3af136cebd8,det-v1,1,accepted,1020,66,0.001,0.0010125000,true,false
call-000160,arm10_spec_eprocess,cal/f1/s1060001/unreliable__twin,10,scripted-fake-7b,sha256:112fc05d14033403ce38fec2ff588d7a7e712e8e665470d8d191d3af136cebd8,det-v1,1,accepted,1020,66,0.002,0.0010125000,true,false
call-000161,arm8_spec_immediate,dev/f2/s2050000/no_alert,28,scripted-fake-7b,sha256:8cfff39af6a20ada221056fcdc3156724beebb813549a1f5fd5bf7ddf3667154,det-v1,1,,1438,66,0.006,0.0013260000,false,true
call-000162,arm8_spec_immediate,dev/f2/s2050000/no_alert,28,scripted-fake-7b,sha256:8cfff39af6a20ada221056fcdc3156724beebb813549a1f5fd5bf7ddf3667154,det-v1,1,accepted,1438,66,0.006,0.0013260000,false,false
call-000163,arm8_spec_immediate,dev/f2/s2050000/no_alert,37,scripted-fake-7b,sha256:dbde062ee051a09cf6a2f4aede8cc92145090ace48ca624e88dc20063f73d5ac,det-v1,1,,1673,66,0.006,0.0015022500,false,true
call-000164,arm8_spec_immediate,dev/f2/s2050000/no_alert,37,scripted-fake-7b,sha256:dbde062ee051a09cf6a2f4aede8cc92145090ace48ca624e88dc20063f73d5ac,det-v1,1,accepted,1673,66,0.006,0.0015022500,false,false
call-000165,arm9_spec_heuristic_rollback,dev/f2/s2050000/no_alert,28,scripted-fake-7b,sha256:8cfff39af6a20ada221056fcdc3156724beebb813549a1f5fd5bf7ddf3667154,det-v1,1,accepted,1438,66,0.002,0.0013260000,true,false
call-000166,arm9_spec_heuristic_rollback,dev/f2/s2050000/no_alert,37,scripted-fake-7b,sha256:dbde062ee051a09cf6a2f4aede8cc92145090ace48ca624e88dc20063f73d5ac,det-v1,1,accepted,1673,66,0.002,0.0015022500,true,false
call-000167,arm10_spec_eprocess,dev/f2/s2050000/no_alert,28,scripted-fake-7b,sha256:8cfff39af6a20ada221056fcdc3156724beebb813549a1f5fd5bf7ddf3667154,det-v1,1,accepted,1438,66,0.001,0.0013260000,true,false
call-000168,arm10_spec_eprocess,dev/f2/s2050000/no_alert,37,scripted-fake-7b,sha256:8a8f69adbb9fbdba47bd756aa8248d88b887d623d627dd1f2e885740422e92b6,det-v1,1,,1672,66,0.006,0.0015015000,false,true
call-000169,arm10_spec_eprocess,dev/f2/s2050000/no_alert,37,scripted-fake-7b,sha256:8a8f69adbb9fbdba47bd756aa8248d88b887d623d627dd1f2e885740422e92b6,det-v1,1,accepted,1672,66,0.006,0.0015015000,false,false
call-000170,arm8_spec_immediate,dev/f2/s2050000/no_alert__twin,10,scripted-fake-7b,sha256:e4db8f5b1d08af890a0a1293e4f0eaf79579702e210a33dd266f63389b714405,det-v1,1,,1017,66,0.006,0.0010102500,false,true
call-000171,arm8_spec_immediate,dev/f2/s2050000/no_alert__twin,10,scripted-fake-7b,sha256:e4db8f5b1d08af890a0a1293e4f0eaf79579702e210a33dd266f63389b714405,det-v1,1,accepted,1017,66,0.006,0.0010102500,false,false
call-000172,arm8_spec_immediate,dev/f2/s2050000/no_alert__twin,43,scripted-fake-7b,sha256:bc9a4ee8f862def1160d9fbe27b7e8fced4c908d5a5c2ebc173e01503e207c59,det-v1,1,,1885,66,0.006,0.0016612500,false,true
call-000173,arm8_spec_immediate,dev/f2/s2050000/no_alert__twin,43,scripted-fake-7b,sha256:bc9a4ee8f862def1160d9fbe27b7e8fced4c908d5a5c2ebc173e01503e207c59,det-v1,1,accepted,1885,66,0.006,0.0016612500,false,false
call-000174,arm9_spec_heuristic_rollback,dev/f2/s2050000/no_alert__twin,10,scripted-fake-7b,sha256:e4db8f5b1d08af890a0a1293e4f0eaf79579702e210a33dd266f63389b714405,det-v1,1,accepted,1017,66,0.001,0.0010102500,true,false
call-000175,arm9_spec_heuristic_rollback,dev/f2/s2050000/no_alert__twin,43,scripted-fake-7b,sha256:7414134c8ec5991580f771eb420bd332cfceaec5f285d1fba7abb12cfb752cc6,det-v1,1,,1884,66,0.006,0.0016605000,false,true
call-000176,arm9_spec_heuristic_rollback,dev/f2/s2050000/no_alert__twin,43,scripted-fake-7b,sha256:7414134c8ec5991580f771eb420bd332cfceaec5f285d1fba7abb12cfb752cc6,det-v1,1,accepted,1884,66,0.006,0.0016605000,false,false
call-000177,arm10_spec_eprocess,dev/f2/s2050000/no_alert__twin,10,scripted-fake-7b,sha256:e4db8f5b1d08af890a0a1293e4f0eaf79579702e210a33dd266f63389b714405,det-v1,1,accepted,1017,66,0.001,0.0010102500,true,false
call-000178,arm10_spec_eprocess,dev/f2/s2050000/no_alert__twin,43,scripted-fake-7b,sha256:f4d6eddb8f25896b61380f02c6b6c6c72c6b937cbfd9d3cb69ccac6efd653fd8,det-v1,1,,1884,66,0.006,0.0016605000,false,true
call-000179,arm10_spec_eprocess,dev/f2/s2050000/no_alert__twin,43,scripted-fake-7b,sha256:f4d6eddb8f25896b61380f02c6b6c6c72c6b937cbfd9d3cb69ccac6efd653fd8,det-v1,1,accepted,1884,66,0.006,0.0016605000,false,false
call-000180,arm8_spec_immediate,cal/f2/s2060000/no_alert,22,scripted-fake-7b,sha256:88636a7ced804c2386dfaa9ec1063bafa4ef1bde3718ae4548aaaac14db289e8,det-v1,1,,1281,66,0.006,0.0012082500,false,true
call-000181,arm8_spec_immediate,cal/f2/s2060000/no_alert,22,scripted-fake-7b,sha256:88636a7ced804c2386dfaa9ec1063bafa4ef1bde3718ae4548aaaac14db289e8,det-v1,1,accepted,1281,66,0.006,0.0012082500,false,false
call-000182,arm8_spec_immediate,cal/f2/s2060000/no_alert,37,scripted-fake-7b,sha256:ddff07118c12dffb42ae603ea597917f44768ce15f7f2ee1cc57d425c3739dae,det-v1,1,,1673,66,0.006,0.0015022500,false,true
call-000183,arm8_spec_immediate,cal/f2/s2060000/no_alert,37,scripted-fake-7b,sha256:ddff07118c12dffb42ae603ea597917f44768ce15f7f2ee1cc57d425c3739dae,det-v1,1,accepted,1673,66,0.006,0.0015022500,false,false
call-000184,arm9_spec_heuristic_rollback,cal/f2/s2060000/no_alert,22,scripted-fake-7b,sha256:88636a7ced804c2386dfaa9ec1063bafa4ef1bde3718ae4548aaaac14db289e8,det-v1,1,accepted,1281,66,0.002,0.0012082500,true,false
call-000185,arm9_spec_heuristic_rollback,cal/f2/s2060000/no_alert,37,scripted-fake-7b,sha256:ddff07118c12dffb42ae603ea597917f44768ce15f7f2ee1cc57d425c3739dae,det-v1,1,accepted,1673,66,0.001,0.0015022500,true,false
call-000186,arm10_spec_eprocess,cal/f2/s2060000/no_alert,22,scripted-fake-7b,sha256:88636a7ced804c2386dfaa9ec1063bafa4ef1bde3718ae4548aaaac14db289e8,det-v1,1,accepted,1281,66,0.001,0.0012082500,true,false
call-000187,arm10_spec_eprocess,cal/f2/s2060000/no_alert,37,scripted-fake-7b,sha256:ab627ce81f46487a935b79524277aca30caaf8d672e2e3b28b2a735b592bdd03,det-v1,1,,1671,66,0.006,0.0015007500,false,true
call-000188,arm10_spec_eprocess,cal/f2/s2060000/no_alert,37,scripted-fake-7b,sha256:ab627ce81f46487a935b79524277aca30caaf8d672e2e3b28b2a735b592bdd03,det-v1,1,accepted,1671,66,0.006,0.0015007500,false,false
call-000189,arm8_spec_immediate,cal/f2/s2060000/no_alert__twin,10,scripted-fake-7b,sha256:23408732308667d0fa023c50812d247adc4425cbe7d378f784e9109ab52e8f24,det-v1,1,,1020,66,0.006,0.0010125000,false,true
call-000190,arm8_spec_immediate,cal/f2/s2060000/no_alert__twin,10,scripted-fake-7b,sha256:23408732308667d0fa023c50812d247adc4425cbe7d378f784e9109ab52e8f24,det-v1,1,accepted,1020,66,0.006,0.0010125000,false,false
call-000191,arm9_spec_heuristic_rollback,cal/f2/s2060000/no_alert__twin,10,scripted-fake-7b,sha256:23408732308667d0fa023c50812d247adc4425cbe7d378f784e9109ab52e8f24,det-v1,1,accepted,1020,66,0.001,0.0010125000,true,false
call-000192,arm10_spec_eprocess,cal/f2/s2060000/no_alert__twin,10,scripted-fake-7b,sha256:23408732308667d0fa023c50812d247adc4425cbe7d378f784e9109ab52e8f24,det-v1,1,accepted,1020,66,0.001,0.0010125000,true,false
call-000193,arm8_spec_immediate,dev/f2/s2050001/no_alert,27,scripted-fake-7b,sha256:b1b4e5f932e78f8ce07a329abd05e9e98c445d79e0826a216e931d0543ebf397,det-v1,1,,1413,66,0.006,0.0013072500,false,true
call-000194,arm8_spec_immediate,dev/f2/s2050001/no_alert,27,scripted-fake-7b,sha256:b1b4e5f932e78f8ce07a329abd05e9e98c445d79e0826a216e931d0543ebf397,det-v1,1,accepted,1413,66,0.006,0.0013072500,false,false
call-000195,arm8_spec_immediate,dev/f2/s2050001/no_alert,44,scripted-fake-7b,sha256:6b00345194724a5e86e9293082f28b8ffc96603811c5b16616471836517751df,det-v1,1,,1858,66,0.006,0.0016410000,false,true
call-000196,arm8_spec_immediate,dev/f2/s2050001/no_alert,44,scripted-fake-7b,sha256:6b00345194724a5e86e9293082f28b8ffc96603811c5b16616471836517751df,det-v1,1,accepted,1858,66,0.006,0.0016410000,false,false
call-000197,arm9_spec_heuristic_rollback,dev/f2/s2050001/no_alert,27,scripted-fake-7b,sha256:b1b4e5f932e78f8ce07a329abd05e9e98c445d79e0826a216e931d0543ebf397,det-v1,1,accepted,1413,66,0.001,0.0013072500,true,false
call-000198,arm9_spec_heuristic_rollback,dev/f2/s2050001/no_alert,44,scripted-fake-7b,sha256:6b00345194724a5e86e9293082f28b8ffc96603811c5b16616471836517751df,det-v1,1,accepted,1858,66,0.002,0.0016410000,true,false
call-000199,arm10_spec_eprocess,dev/f2/s2050001/no_alert,27,scripted-fake-7b,sha256:b1b4e5f932e78f8ce07a329abd05e9e98c445d79e0826a216e931d0543ebf397,det-v1,1,accepted,1413,66,0.002,0.0013072500,true,false
call-000200,arm10_spec_eprocess,dev/f2/s2050001/no_alert,44,scripted-fake-7b,sha256:fbf520fec80354115401a025403c92b3adb5249cd5fcd9dc17d51e5d675aa2a1,det-v1,1,,1857,66,0.006,0.0016402500,false,true
call-000201,arm10_spec_eprocess,dev/f2/s2050001/no_alert,44,scripted-fake-7b,sha256:fbf520fec80354115401a025403c92b3adb5249cd5fcd9dc17d51e5d675aa2a1,det-v1,1,accepted,1857,66,0.006,0.0016402500,false,false
call-000202,arm8_spec_immediate,dev/f2/s2050001/no_alert__twin,10,scripted-fake-7b,sha256:27ddd2dd3b45a0c1ace3705824a7dfb00dedc350da102975d402d5dcad8f29fc,det-v1,1,,1018,66,0.006,0.0010110000,false,true
call-000203,arm8_spec_immediate,dev/f2/s2050001/no_alert__twin,10,scripted-fake-7b,sha256:27ddd2dd3b45a0c1ace3705824a7dfb00dedc350da102975d402d5dcad8f29fc,det-v1,1,accepted,1018,66,0.006,0.0010110000,false,false
call-000204,arm9_spec_heuristic_rollback,dev/f2/s2050001/no_alert__twin,10,scripted-fake-7b,sha256:27ddd2dd3b45a0c1ace3705824a7dfb00dedc350da102975d402d5dcad8f29fc,det-v1,1,accepted,1018,66,0.001,0.0010110000,true,false
call-000205,arm10_spec_eprocess,dev/f2/s2050001/no_alert__twin,10,scripted-fake-7b,sha256:27ddd2dd3b45a0c1ace3705824a7dfb00dedc350da102975d402d5dcad8f29fc,det-v1,1,accepted,1018,66,0.001,0.0010110000,true,false
call-000206,arm8_spec_immediate,cal/f2/s2060001/no_alert,37,scripted-fake-7b,sha256:20369e67d609d483e712d01e578da650c2f19188a5d2cb04a73742d44db0c65b,det-v1,1,,1677,66,0.006,0.0015052500,false,true
call-000207,arm8_spec_immediate,cal/f2/s2060001/no_alert,37,scripted-fake-7b,sha256:20369e67d609d483e712d01e578da650c2f19188a5d2cb04a73742d44db0c65b,det-v1,1,accepted,1677,66,0.006,0.0015052500,false,false
call-000208,arm8_spec_immediate,cal/f2/s2060001/no_alert,46,scripted-fake-7b,sha256:0b680f4d7f3c8b550aa1d793175bd7621a1ec74a6d2934de666dd79495d89f8a,det-v1,1,,1912,66,0.006,0.0016815000,false,true
call-000209,arm8_spec_immediate,cal/f2/s2060001/no_alert,46,scripted-fake-7b,sha256:0b680f4d7f3c8b550aa1d793175bd7621a1ec74a6d2934de666dd79495d89f8a,det-v1,1,accepted,1912,66,0.006,0.0016815000,false,false
call-000210,arm9_spec_heuristic_rollback,cal/f2/s2060001/no_alert,37,scripted-fake-7b,sha256:20369e67d609d483e712d01e578da650c2f19188a5d2cb04a73742d44db0c65b,det-v1,1,accepted,1677,66,0.002,0.0015052500,true,false
call-000211,arm9_spec_heuristic_rollback,cal/f2/s2060001/no_alert,46,scripted-fake-7b,sha256:0b680f4d7f3c8b550aa1d793175bd7621a1ec74a6d2934de666dd79495d89f8a,det-v1,1,accepted,1912,66,0.001,0.0016815000,true,false
call-000212,arm10_spec_eprocess,cal/f2/s2060001/no_alert,37,scripted-fake-7b,sha256:20369e67d609d483e712d01e578da650c2f19188a5d2cb04a73742d44db0c65b,det-v1,1,accepted,1677,66,0.001,0.0015052500,true,false
call-000213,arm10_spec_eprocess,cal/f2/s2060001/no_alert,46,scripted-fake-7b,sha256:3f9fb2aa833830ccde3a12b426de0cbe725d13adc416897bf121bcca4fc5183a,det-v1,1,,1911,66,0.006,0.0016807500,false,true
call-000214,arm10_spec_eprocess,cal/f2/s2060001/no_alert,46,scripted-fake-7b,sha256:3f9fb2aa833830ccde3a12b426de0cbe725d13adc416897bf121bcca4fc5183a,det-v1,1,accepted,1911,66,0.006,0.0016807500,false,false
call-000215,arm8_spec_immediate,cal/f2/s2060001/no_alert__twin,10,scripted-fake-7b,sha256:b7f52dcf144fa6f928ec6d8bc5e9d1001e86a128704c7120c87d73e20bcd74a0,det-v1,1,,1022,66,0.006,0.0010140000,false,true
call-000216,arm8_spec_immediate,cal/f2/s2060001/no_alert__twin,10,scripted-fake-7b,sha256:b7f52dcf144fa6f928ec6d8bc5e9d1001e86a128704c7120c87d73e20bcd74a0,det-v1,1,accepted,1022,66,0.006,0.0010140000,false,false
call-000217,arm9_spec_heuristic_rollback,cal/f2/s2060001/no_alert__twin,10,scripted-fake-7b,sha256:b7f52dcf144fa6f928ec6d8bc5e9d1001e86a128704c7120c87d73e20bcd74a0,det-v1,1,accepted,1022,66,0.002,0.0010140000,true,false
call-000218,arm10_spec_eprocess,cal/f2/s2060001/no_alert__twin,10,scripted-fake-7b,sha256:b7f52dcf144fa6f928ec6d8bc5e9d1001e86a128704c7120c87d73e20bcd74a0,det-v1,1,accepted,1022,66,0.002,0.0010140000,true,false
call-000219,arm8_spec_immediate,dev/f2/s2050000/early_accurate,28,scripted-fake-7b,sha256:76eba7e84f140566d05f9db88ca434478a3ef4a7f79924087cb8f2cea72a027e,det-v1,1,,1438,66,0.006,0.0013260000,false,true
call-000220,arm8_spec_immediate,dev/f2/s2050000/early_accurate,28,scripted-fake-7b,sha256:76eba7e84f140566d05f9db88ca434478a3ef4a7f79924087cb8f2cea72a027e,det-v1,1,accepted,1438,66,0.006,0.0013260000,false,false
call-000221,arm8_spec_immediate,dev/f2/s2050000/early_accurate,37,scripted-fake-7b,sha256:603a8ed7b8d487ca63d887d0a04ebff96613bfec8949db89c840f5faa5d45c3a,det-v1,1,,1673,66,0.006,0.0015022500,false,true
call-000222,arm8_spec_immediate,dev/f2/s2050000/early_accurate,37,scripted-fake-7b,sha256:603a8ed7b8d487ca63d887d0a04ebff96613bfec8949db89c840f5faa5d45c3a,det-v1,1,accepted,1673,66,0.006,0.0015022500,false,false
call-000223,arm9_spec_heuristic_rollback,dev/f2/s2050000/early_accurate,28,scripted-fake-7b,sha256:76eba7e84f140566d05f9db88ca434478a3ef4a7f79924087cb8f2cea72a027e,det-v1,1,accepted,1438,66,0.002,0.0013260000,true,false
call-000224,arm9_spec_heuristic_rollback,dev/f2/s2050000/early_accurate,37,scripted-fake-7b,sha256:603a8ed7b8d487ca63d887d0a04ebff96613bfec8949db89c840f5faa5d45c3a,det-v1,1,accepted,1673,66,0.002,0.0015022500,true,false
call-000225,arm10_spec_eprocess,dev/f2/s2050000/early_accurate,28,scripted-fake-7b,sha256:76eba7e84f140566d05f9db88ca434478a3ef4a7f79924087cb8f2cea72a027e,det-v1,1,accepted,1438,66,0.001,0.0013260000,true,false
call-000226,arm10_spec_eprocess,dev/f2/s2050000/early_accurate,37,scripted-fake-7b,sha256:a4e459211b344b2eb6e459904fc7f947a130a2954edf5e65a21c0681cae5d6d9,det-v1,1,,1672,66,0.006,0.0015015000,false,true
call-000227,arm10_spec_eprocess,dev/f2/s2050000/early_accurate,37,scripted-fake-7b,sha256:a4e459211b344b2eb6e459904fc7f947a130a2954edf5e65a21c0681cae5d6d9,det-v1,1,accepted,1672,66,0.006,0.0015015000,false,false
call-000228,arm8_spec_immediate,dev/f2/s2050000/early_accurate__twin,10,scripted-fake-7b,sha256:0557f85879594439fa6b9fd5d6c9b3351063c33e3e4187e8253ad9713add7b01,det-v1,1,,1017,66,0.006,0.0010102500,false,true
call-000229,arm8_spec_immediate,dev/f2/s2050000/early_accurate__twin,10,scripted-fake-7b,sha256:0557f85879594439fa6b9fd5d6c9b3351063c33e3e4187e8253ad9713add7b01,det-v1,1,accepted,1017,66,0.006,0.0010102500,false,false
call-000230,arm8_spec_immediate,dev/f2/s2050000/early_accurate__twin,43,scripted-fake-7b,sha256:9b7cf01b1ca754495563a390d6b8947d145a75c7eee98ac8c33b75d2ecfef03e,det-v1,1,,1885,66,0.006,0.0016612500,false,true
call-000231,arm8_spec_immediate,dev/f2/s2050000/early_accurate__twin,43,scripted-fake-7b,sha256:9b7cf01b1ca754495563a390d6b8947d145a75c7eee98ac8c33b75d2ecfef03e,det-v1,1,accepted,1885,66,0.006,0.0016612500,false,false
call-000232,arm9_spec_heuristic_rollback,dev/f2/s2050000/early_accurate__twin,10,scripted-fake-7b,sha256:0557f85879594439fa6b9fd5d6c9b3351063c33e3e4187e8253ad9713add7b01,det-v1,1,accepted,1017,66,0.002,0.0010102500,true,false
call-000233,arm9_spec_heuristic_rollback,dev/f2/s2050000/early_accurate__twin,43,scripted-fake-7b,sha256:0c327f6f8b53785b14985c4f21d81e07229ccbc4541085f3d050eb8bb65a7874,det-v1,1,,1884,66,0.006,0.0016605000,false,true
call-000234,arm9_spec_heuristic_rollback,dev/f2/s2050000/early_accurate__twin,43,scripted-fake-7b,sha256:0c327f6f8b53785b14985c4f21d81e07229ccbc4541085f3d050eb8bb65a7874,det-v1,1,accepted,1884,66,0.006,0.0016605000,false,false
call-000235,arm10_spec_eprocess,dev/f2/s2050000/early_accurate__twin,10,scripted-fake-7b,sha256:0557f85879594439fa6b9fd5d6c9b3351063c33e3e4187e8253ad9713add7b01,det-v1,1,accepted,1017,66,0.001,0.0010102500,true,false
call-000236,arm10_spec_eprocess,dev/f2/s2050000/early_accurate__twin,43,scripted-fake-7b,sha256:56986358f627ccc707bba53f5baa83edaf8d59d47625e02d1d26c879c8761e40,det-v1,1,,1884,66,0.006,0.0016605000,false,true
call-000237,arm10_spec_eprocess,dev/f2/s2050000/early_accurate__twin,43,scripted-fake-7b,sha256:56986358f627ccc707bba53f5baa83edaf8d59d47625e02d1d26c879c8761e40,det-v1,1,accepted,1884,66,0.006,0.0016605000,false,false
call-000238,arm8_spec_immediate,cal/f2/s2060000/early_accurate,22,scripted-fake-7b,sha256:f4adae11acd3cd5d14dd48010c94c3339ba90d9ec446b82cb6d796c3d27b8ce9,det-v1,1,,1281,66,0.006,0.0012082500,false,true
call-000239,arm8_spec_immediate,cal/f2/s2060000/early_accurate,22,scripted-fake-7b,sha256:f4adae11acd3cd5d14dd48010c94c3339ba90d9ec446b82cb6d796c3d27b8ce9,det-v1,1,accepted,1281,66,0.006,0.0012082500,false,false
call-000240,arm8_spec_immediate,cal/f2/s2060000/early_accurate,37,scripted-fake-7b,sha256:c707f001f986b39e9763b8498d9474482ef8a8664f1add6b75413abb8cc9a429,det-v1,1,,1673,66,0.006,0.0015022500,false,true
call-000241,arm8_spec_immediate,cal/f2/s2060000/early_accurate,37,scripted-fake-7b,sha256:c707f001f986b39e9763b8498d9474482ef8a8664f1add6b75413abb8cc9a429,det-v1,1,accepted,1673,66,0.006,0.0015022500,false,false
call-000242,arm9_spec_heuristic_rollback,cal/f2/s2060000/early_accurate,22,scripted-fake-7b,sha256:f4adae11acd3cd5d14dd48010c94c3339ba90d9ec446b82cb6d796c3d27b8ce9,det-v1,1,accepted,1281,66,0.001,0.0012082500,true,false
call-000243,arm9_spec_heuristic_rollback,cal/f2/s2060000/early_accurate,37,scripted-fake-7b,sha256:c707f001f986b39e9763b8498d9474482ef8a8664f1add6b75413abb8cc9a429,det-v1,1,accepted,1673,66,0.001,0.0015022500,true,false
call-000244,arm10_spec_eprocess,cal/f2/s2060000/early_accurate,22,scripted-fake-7b,sha256:f4adae11acd3cd5d14dd48010c94c3339ba90d9ec446b82cb6d796c3d27b8ce9,det-v1,1,accepted,1281,66,0.001,0.0012082500,true,false
call-000245,arm10_spec_eprocess,cal/f2/s2060000/early_accurate,37,scripted-fake-7b,sha256:d9b948085dfcd6d409a07fce750003416dfb81361d511fa5e8fc13400bbcca24,det-v1,1,,1671,66,0.006,0.0015007500,false,true
call-000246,arm10_spec_eprocess,cal/f2/s2060000/early_accurate,37,scripted-fake-7b,sha256:d9b948085dfcd6d409a07fce750003416dfb81361d511fa5e8fc13400bbcca24,det-v1,1,accepted,1671,66,0.006,0.0015007500,false,false
call-000247,arm8_spec_immediate,cal/f2/s2060000/early_accurate__twin,10,scripted-fake-7b,sha256:6f51d90376ae405666a4b4f49f61ea03dc9d241d621c16e725ad4a0e23b6671b,det-v1,1,,1020,66,0.006,0.0010125000,false,true
call-000248,arm8_spec_immediate,cal/f2/s2060000/early_accurate__twin,10,scripted-fake-7b,sha256:6f51d90376ae405666a4b4f49f61ea03dc9d241d621c16e725ad4a0e23b6671b,det-v1,1,accepted,1020,66,0.006,0.0010125000,false,false
call-000249,arm9_spec_heuristic_rollback,cal/f2/s2060000/early_accurate__twin,10,scripted-fake-7b,sha256:6f51d90376ae405666a4b4f49f61ea03dc9d241d621c16e725ad4a0e23b6671b,det-v1,1,accepted,1020,66,0.001,0.0010125000,true,false
call-000250,arm10_spec_eprocess,cal/f2/s2060000/early_accurate__twin,10,scripted-fake-7b,sha256:6f51d90376ae405666a4b4f49f61ea03dc9d241d621c16e725ad4a0e23b6671b,det-v1,1,accepted,1020,66,0.001,0.0010125000,true,false
call-000251,arm8_spec_immediate,dev/f2/s2050001/early_accurate,27,scripted-fake-7b,sha256:a95bb9a43b207ce37053a1dc649017182343013f06f71771745fb3befb1dfbaf,det-v1,1,,1413,66,0.006,0.0013072500,false,true
call-000252,arm8_spec_immediate,dev/f2/s2050001/early_accurate,27,scripted-fake-7b,sha256:a95bb9a43b207ce37053a1dc649017182343013f06f71771745fb3befb1dfbaf,det-v1,1,accepted,1413,66,0.006,0.0013072500,false,false
call-000253,arm8_spec_immediate,dev/f2/s2050001/early_accurate,44,scripted-fake-7b,sha256:0041c53ca1fafb1939377f5233a48ed5c7b911d856fad159f2de5f048e796197,det-v1,1,,1858,66,0.006,0.0016410000,false,true
call-000254,arm8_spec_immediate,dev/f2/s2050001/early_accurate,44,scripted-fake-7b,sha256:0041c53ca1fafb1939377f5233a48ed5c7b911d856fad159f2de5f048e796197,det-v1,1,accepted,1858,66,0.006,0.0016410000,false,false
call-000255,arm9_spec_heuristic_rollback,dev/f2/s2050001/early_accurate,27,scripted-fake-7b,sha256:a95bb9a43b207ce37053a1dc649017182343013f06f71771745fb3befb1dfbaf,det-v1,1,accepted,1413,66,0.001,0.0013072500,true,false
call-000256,arm9_spec_heuristic_rollback,dev/f2/s2050001/early_accurate,44,scripted-fake-7b,sha256:0041c53ca1fafb1939377f5233a48ed5c7b911d856fad159f2de5f048e796197,det-v1,1,accepted,1858,66,0.001,0.0016410000,true,false
call-000257,arm10_spec_eprocess,dev/f2/s2050001/early_accurate,27,scripted-fake-7b,sha256:a95bb9a43b207ce37053a1dc649017182343013f06f71771745fb3befb1dfbaf,det-v1,1,accepted,1413,66,0.001,0.0013072500,true,false
call-000258,arm10_spec_eprocess,dev/f2/s2050001/early_accurate,44,scripted-fake-7b,sha256:3e3d8b6051d2d3281d946b0744893a1ffc79b9c7b18d2f95e8928f57839c980a,det-v1,1,,1857,66,0.006,0.0016402500,false,true
call-000259,arm10_spec_eprocess,dev/f2/s2050001/early_accurate,44,scripted-fake-7b,sha256:3e3d8b6051d2d3281d946b0744893a1ffc79b9c7b18d2f95e8928f57839c980a,det-v1,1,accepted,1857,66,0.006,0.0016402500,false,false
call-000260,arm8_spec_immediate,dev/f2/s2050001/early_accurate__twin,10,scripted-fake-7b,sha256:050298c308b7dc403806c70d803c2106544048e5770ab7ddfc6f807c21fe6241,det-v1,1,,1018,66,0.006,0.0010110000,false,true
call-000261,arm8_spec_immediate,dev/f2/s2050001/early_accurate__twin,10,scripted-fake-7b,sha256:050298c308b7dc403806c70d803c2106544048e5770ab7ddfc6f807c21fe6241,det-v1,1,accepted,1018,66,0.006,0.0010110000,false,false
call-000262,arm9_spec_heuristic_rollback,dev/f2/s2050001/early_accurate__twin,10,scripted-fake-7b,sha256:050298c308b7dc403806c70d803c2106544048e5770ab7ddfc6f807c21fe6241,det-v1,1,accepted,1018,66,0.001,0.0010110000,true,false
call-000263,arm10_spec_eprocess,dev/f2/s2050001/early_accurate__twin,10,scripted-fake-7b,sha256:050298c308b7dc403806c70d803c2106544048e5770ab7ddfc6f807c21fe6241,det-v1,1,accepted,1018,66,0.001,0.0010110000,true,false
call-000264,arm8_spec_immediate,cal/f2/s2060001/early_accurate,37,scripted-fake-7b,sha256:cd1154f26476c6bdab204874577655fe920d945d9b8b81b0b0c34ea47244e9cf,det-v1,1,,1677,66,0.006,0.0015052500,false,true
call-000265,arm8_spec_immediate,cal/f2/s2060001/early_accurate,37,scripted-fake-7b,sha256:cd1154f26476c6bdab204874577655fe920d945d9b8b81b0b0c34ea47244e9cf,det-v1,1,accepted,1677,66,0.006,0.0015052500,false,false
call-000266,arm8_spec_immediate,cal/f2/s2060001/early_accurate,46,scripted-fake-7b,sha256:4d1238f486ab01d329dc3743910573a1395a60e453602731536c6da379dac0cc,det-v1,1,,1912,66,0.006,0.0016815000,false,true
call-000267,arm8_spec_immediate,cal/f2/s2060001/early_accurate,46,scripted-fake-7b,sha256:4d1238f486ab01d329dc3743910573a1395a60e453602731536c6da379dac0cc,det-v1,1,accepted,1912,66,0.006,0.0016815000,false,false
call-000268,arm9_spec_heuristic_rollback,cal/f2/s2060001/early_accurate,37,scripted-fake-7b,sha256:cd1154f26476c6bdab204874577655fe920d945d9b8b81b0b0c34ea47244e9cf,det-v1,1,accepted,1677,66,0.001,0.0015052500,true,false
call-000269,arm9_spec_heuristic_rollback,cal/f2/s2060001/early_accurate,46,scripted-fake-7b,sha256:4d1238f486ab01d329dc3743910573a1395a60e453602731536c6da379dac0cc,det-v1,1,accepted,1912,66,0.001,0.0016815000,true,false
call-000270,arm10_spec_eprocess,cal/f2/s2060001/early_accurate,37,scripted-fake-7b,sha256:cd1154f26476c6bdab204874577655fe920d945d9b8b81b0b0c34ea47244e9cf,det-v1,1,accepted,1677,66,0.001,0.0015052500,true,false
call-000271,arm10_spec_eprocess,cal/f2/s2060001/early_accurate,46,scripted-fake-7b,sha256:47fc485d3bda2e9f36fbff33b51821f5877d4f15cbd00575a00386d2cd51807a,det-v1,1,,1911,66,0.006,0.0016807500,false,true
call-000272,arm10_spec_eprocess,cal/f2/s2060001/early_accurate,46,scripted-fake-7b,sha256:47fc485d3bda2e9f36fbff33b51821f5877d4f15cbd00575a00386d2cd51807a,det-v1,1,accepted,1911,66,0.006,0.0016807500,false,false
call-000273,arm8_spec_immediate,cal/f2/s2060001/early_accurate__twin,10,scripted-fake-7b,sha256:cdd94b5b80d751efd4dbb717913e5529031a46ce4bf2f5ebc8a7bee1bc6f5537,det-v1,1,,1022,66,0.006,0.0010140000,false,true
call-000274,arm8_spec_immediate,cal/f2/s2060001/early_accurate__twin,10,scripted-fake-7b,sha256:cdd94b5b80d751efd4dbb717913e5529031a46ce4bf2f5ebc8a7bee1bc6f5537,det-v1,1,accepted,1022,66,0.006,0.0010140000,false,false
call-000275,arm9_spec_heuristic_rollback,cal/f2/s2060001/early_accurate__twin,10,scripted-fake-7b,sha256:cdd94b5b80d751efd4dbb717913e5529031a46ce4bf2f5ebc8a7bee1bc6f5537,det-v1,1,accepted,1022,66,0.001,0.0010140000,true,false
call-000276,arm10_spec_eprocess,cal/f2/s2060001/early_accurate__twin,10,scripted-fake-7b,sha256:cdd94b5b80d751efd4dbb717913e5529031a46ce4bf2f5ebc8a7bee1bc6f5537,det-v1,1,accepted,1022,66,0.001,0.0010140000,true,false
call-000277,arm8_spec_immediate,dev/f2/s2050000/late_accurate,28,scripted-fake-7b,sha256:13adde90a03f4cbe95db8859c748812fa1679d673a8235bc5863a2e61abd82a3,det-v1,1,,1438,66,0.006,0.0013260000,false,true
call-000278,arm8_spec_immediate,dev/f2/s2050000/late_accurate,28,scripted-fake-7b,sha256:13adde90a03f4cbe95db8859c748812fa1679d673a8235bc5863a2e61abd82a3,det-v1,1,accepted,1438,66,0.006,0.0013260000,false,false
call-000279,arm8_spec_immediate,dev/f2/s2050000/late_accurate,37,scripted-fake-7b,sha256:58a7f0e17a8ab13d20146d1d437c43e524cb2ca50d5c72423721528344d4b223,det-v1,1,,1673,66,0.006,0.0015022500,false,true
call-000280,arm8_spec_immediate,dev/f2/s2050000/late_accurate,37,scripted-fake-7b,sha256:58a7f0e17a8ab13d20146d1d437c43e524cb2ca50d5c72423721528344d4b223,det-v1,1,accepted,1673,66,0.006,0.0015022500,false,false
call-000281,arm9_spec_heuristic_rollback,dev/f2/s2050000/late_accurate,28,scripted-fake-7b,sha256:13adde90a03f4cbe95db8859c748812fa1679d673a8235bc5863a2e61abd82a3,det-v1,1,accepted,1438,66,0.001,0.0013260000,true,false
call-000282,arm9_spec_heuristic_rollback,dev/f2/s2050000/late_accurate,37,scripted-fake-7b,sha256:58a7f0e17a8ab13d20146d1d437c43e524cb2ca50d5c72423721528344d4b223,det-v1,1,accepted,1673,66,0.001,0.0015022500,true,false
call-000283,arm10_spec_eprocess,dev/f2/s2050000/late_accurate,28,scripted-fake-7b,sha256:13adde90a03f4cbe95db8859c748812fa1679d673a8235bc5863a2e61abd82a3,det-v1,1,accepted,1438,66,0.001,0.0013260000,true,false
call-000284,arm10_spec_eprocess,dev/f2/s2050000/late_accurate,37,scripted-fake-7b,sha256:bf84566e4469dbafe63c5014a208e82acd316bccaeea6539852667abf7588007,det-v1,1,,1672,66,0.006,0.0015015000,false,true
call-000285,arm10_spec_eprocess,dev/f2/s2050000/late_accurate,37,scripted-fake-7b,sha256:bf84566e4469dbafe63c5014a208e82acd316bccaeea6539852667abf7588007,det-v1,1,accepted,1672,66,0.006,0.0015015000,false,false
call-000286,arm8_spec_immediate,cal/f2/s2060000/late_accurate,22,scripted-fake-7b,sha256:f2f4d4ec9045d0bb629e2c3323d57cf9cfc59c2c2bf772a7742cda1ef03de12a,det-v1,1,,1281,66,0.006,0.0012082500,false,true
call-000287,arm8_spec_immediate,cal/f2/s2060000/late_accurate,22,scripted-fake-7b,sha256:f2f4d4ec9045d0bb629e2c3323d57cf9cfc59c2c2bf772a7742cda1ef03de12a,det-v1,1,accepted,1281,66,0.006,0.0012082500,false,false
call-000288,arm8_spec_immediate,cal/f2/s2060000/late_accurate,37,scripted-fake-7b,sha256:095960e75f2e260ab7a3087e3d8ec6d80a720aa4afc71ddf1a9486d3505c62c2,det-v1,1,,1673,66,0.006,0.0015022500,false,true
call-000289,arm8_spec_immediate,cal/f2/s2060000/late_accurate,37,scripted-fake-7b,sha256:095960e75f2e260ab7a3087e3d8ec6d80a720aa4afc71ddf1a9486d3505c62c2,det-v1,1,accepted,1673,66,0.006,0.0015022500,false,false
call-000290,arm9_spec_heuristic_rollback,cal/f2/s2060000/late_accurate,22,scripted-fake-7b,sha256:f2f4d4ec9045d0bb629e2c3323d57cf9cfc59c2c2bf772a7742cda1ef03de12a,det-v1,1,accepted,1281,66,0.002,0.0012082500,true,false
call-000291,arm9_spec_heuristic_rollback,cal/f2/s2060000/late_accurate,37,scripted-fake-7b,sha256:095960e75f2e260ab7a3087e3d8ec6d80a720aa4afc71ddf1a9486d3505c62c2,det-v1,1,accepted,1673,66,0.002,0.0015022500,true,false
call-000292,arm10_spec_eprocess,cal/f2/s2060000/late_accurate,22,scripted-fake-7b,sha256:f2f4d4ec9045d0bb629e2c3323d57cf9cfc59c2c2bf772a7742cda1ef03de12a,det-v1,1,accepted,1281,66,0.002,0.0012082500,true,false
call-000293,arm10_spec_eprocess,cal/f2/s2060000/late_accurate,37,scripted-fake-7b,sha256:55f714ca721ccc4794194b4cb3ada0158e11ee1d38d5206b21bdb3e2bac96e58,det-v1,1,,1671,66,0.006,0.0015007500,false,true
call-000294,arm10_spec_eprocess,cal/f2/s2060000/late_accurate,37,scripted-fake-7b,sha256:55f714ca721ccc4794194b4cb3ada0158e11ee1d38d5206b21bdb3e2bac96e58,det-v1,1,accepted,1671,66,0.006,0.0015007500,false,false
call-000295,arm8_spec_immediate,dev/f2/s2050001/late_accurate,27,scripted-fake-7b,sha256:4b5a9c046ca270d72e104c6556eb7e9a36af2268033459e0c43f8384c2c2240d,det-v1,1,,1413,66,0.006,0.0013072500,false,true
call-000296,arm8_spec_immediate,dev/f2/s2050001/late_accurate,27,scripted-fake-7b,sha256:4b5a9c046ca270d72e104c6556eb7e9a36af2268033459e0c43f8384c2c2240d,det-v1,1,accepted,1413,66,0.006,0.0013072500,false,false
call-000297,arm8_spec_immediate,dev/f2/s2050001/late_accurate,44,scripted-fake-7b,sha256:47d8085bd6a81e34890842321c1a01afc736f7fd9aca609d66eb3aad1e7ccbad,det-v1,1,,1858,66,0.006,0.0016410000,false,true
call-000298,arm8_spec_immediate,dev/f2/s2050001/late_accurate,44,scripted-fake-7b,sha256:47d8085bd6a81e34890842321c1a01afc736f7fd9aca609d66eb3aad1e7ccbad,det-v1,1,accepted,1858,66,0.006,0.0016410000,false,false
call-000299,arm9_spec_heuristic_rollback,dev/f2/s2050001/late_accurate,27,scripted-fake-7b,sha256:4b5a9c046ca270d72e104c6556eb7e9a36af2268033459e0c43f8384c2c2240d,det-v1,1,accepted,1413,66,0.002,0.0013072500,true,false
call-000300,arm9_spec_heuristic_rollback,dev/f2/s2050001/late_accurate,44,scripted-fake-7b,sha256:47d8085bd6a81e34890842321c1a01afc736f7fd9aca609d66eb3aad1e7ccbad,det-v1,1,accepted,1858,66,0.002,0.0016410000,true,false
call-000301,arm10_spec_eprocess,dev/f2/s2050001/late_accurate,27,scripted-fake-7b,sha256:4b5a9c046ca270d72e104c6556eb7e9a36af2268033459e0c43f8384c2c2240d,det-v1,1,accepted,1413,66,0.002,0.0013072500,true,false
call-000302,arm10_spec_eprocess,dev/f2/s2050001/late_accurate,44,scripted-fake-7b,sha256:cafb5524858b3120f03bd4db98f17799ea78de6fa93e627fda8098b24106b209,det-v1,1,,1857,66,0.006,0.0016402500,false,true
call-000303,arm10_spec_eprocess,dev/f2/s2050001/late_accurate,44,scripted-fake-7b,sha256:cafb5524858b3120f03bd4db98f17799ea78de6fa93e627fda8098b24106b209,det-v1,1,accepted,1857,66,0.006,0.0016402500,false,false
call-000304,arm8_spec_immediate,cal/f2/s2060001/late_accurate,37,scripted-fake-7b,sha256:ee86a9be10f0957f0091fbd6f327b327729180aca64334e5a6a27fd8acf3edf4,det-v1,1,,1677,66,0.006,0.0015052500,false,true
call-000305,arm8_spec_immediate,cal/f2/s2060001/late_accurate,37,scripted-fake-7b,sha256:ee86a9be10f0957f0091fbd6f327b327729180aca64334e5a6a27fd8acf3edf4,det-v1,1,accepted,1677,66,0.006,0.0015052500,false,false
call-000306,arm8_spec_immediate,cal/f2/s2060001/late_accurate,46,scripted-fake-7b,sha256:aa37bf77effff79b0329eabe3bdb6103a55def211bac73ad8198a892eaf01e83,det-v1,1,,1912,66,0.006,0.0016815000,false,true
call-000307,arm8_spec_immediate,cal/f2/s2060001/late_accurate,46,scripted-fake-7b,sha256:aa37bf77effff79b0329eabe3bdb6103a55def211bac73ad8198a892eaf01e83,det-v1,1,accepted,1912,66,0.006,0.0016815000,false,false
call-000308,arm9_spec_heuristic_rollback,cal/f2/s2060001/late_accurate,37,scripted-fake-7b,sha256:ee86a9be10f0957f0091fbd6f327b327729180aca64334e5a6a27fd8acf3edf4,det-v1,1,accepted,1677,66,0.001,0.0015052500,true,false
call-000309,arm9_spec_heuristic_rollback,cal/f2/s2060001/late_accurate,46,scripted-fake-7b,sha256:aa37bf77effff79b0329eabe3bdb6103a55def211bac73ad8198a892eaf01e83,det-v1,1,accepted,1912,66,0.001,0.0016815000,true,false
call-000310,arm10_spec_eprocess,cal/f2/s2060001/late_accurate,37,scripted-fake-7b,sha256:ee86a9be10f0957f0091fbd6f327b327729180aca64334e5a6a27fd8acf3edf4,det-v1,1,accepted,1677,66,0.002,0.0015052500,true,false
call-000311,arm10_spec_eprocess,cal/f2/s2060001/late_accurate,46,scripted-fake-7b,sha256:5e3f019ec58a8d5f340c9af7c91607c40493b02058493877522e5146bd564489,det-v1,1,,1911,66,0.006,0.0016807500,false,true
call-000312,arm10_spec_eprocess,cal/f2/s2060001/late_accurate,46,scripted-fake-7b,sha256:5e3f019ec58a8d5f340c9af7c91607c40493b02058493877522e5146bd564489,det-v1,1,accepted,1911,66,0.006,0.0016807500,false,false
call-000313,arm8_spec_immediate,dev/f2/s2050000/unreliable,28,scripted-fake-7b,sha256:1d1ad45e73b9cbdae3c0e35b30be785b20e2c8cfc35eebc6ce3e8eb8bfa00fdd,det-v1,1,,1438,66,0.006,0.0013260000,false,true
call-000314,arm8_spec_immediate,dev/f2/s2050000/unreliable,28,scripted-fake-7b,sha256:1d1ad45e73b9cbdae3c0e35b30be785b20e2c8cfc35eebc6ce3e8eb8bfa00fdd,det-v1,1,accepted,1438,66,0.006,0.0013260000,false,false
call-000315,arm8_spec_immediate,dev/f2/s2050000/unreliable,37,scripted-fake-7b,sha256:d2b25467a9436cb67e185c72aa527e7ec214fc9d5ff9b10d3dc2185200944d8f,det-v1,1,,1673,66,0.006,0.0015022500,false,true
call-000316,arm8_spec_immediate,dev/f2/s2050000/unreliable,37,scripted-fake-7b,sha256:d2b25467a9436cb67e185c72aa527e7ec214fc9d5ff9b10d3dc2185200944d8f,det-v1,1,accepted,1673,66,0.006,0.0015022500,false,false
call-000317,arm9_spec_heuristic_rollback,dev/f2/s2050000/unreliable,28,scripted-fake-7b,sha256:1d1ad45e73b9cbdae3c0e35b30be785b20e2c8cfc35eebc6ce3e8eb8bfa00fdd,det-v1,1,accepted,1438,66,0.002,0.0013260000,true,false
call-000318,arm9_spec_heuristic_rollback,dev/f2/s2050000/unreliable,37,scripted-fake-7b,sha256:d2b25467a9436cb67e185c72aa527e7ec214fc9d5ff9b10d3dc2185200944d8f,det-v1,1,accepted,1673,66,0.001,0.0015022500,true,false
call-000319,arm10_spec_eprocess,dev/f2/s2050000/unreliable,28,scripted-fake-7b,sha256:1d1ad45e73b9cbdae3c0e35b30be785b20e2c8cfc35eebc6ce3e8eb8bfa00fdd,det-v1,1,accepted,1438,66,0.001,0.0013260000,true,false
call-000320,arm10_spec_eprocess,dev/f2/s2050000/unreliable,37,scripted-fake-7b,sha256:60ff8ac21b373b8ecb2300e44f2e05835a6303ad5c32aa91c38a3887b4adb584,det-v1,1,,1672,66,0.006,0.0015015000,false,true
call-000321,arm10_spec_eprocess,dev/f2/s2050000/unreliable,37,scripted-fake-7b,sha256:60ff8ac21b373b8ecb2300e44f2e05835a6303ad5c32aa91c38a3887b4adb584,det-v1,1,accepted,1672,66,0.006,0.0015015000,false,false
call-000322,arm8_spec_immediate,cal/f2/s2060000/unreliable,22,scripted-fake-7b,sha256:18f2439cf40293161d077699b8bd61cfa1f790b0dc32261872edc27a574413ca,det-v1,1,,1281,66,0.006,0.0012082500,false,true
call-000323,arm8_spec_immediate,cal/f2/s2060000/unreliable,22,scripted-fake-7b,sha256:18f2439cf40293161d077699b8bd61cfa1f790b0dc32261872edc27a574413ca,det-v1,1,accepted,1281,66,0.006,0.0012082500,false,false
call-000324,arm8_spec_immediate,cal/f2/s2060000/unreliable,37,scripted-fake-7b,sha256:c42dab2e6ece9890fe30cd3e6dbe69cf3463f410b0731df51981f6e5d17adce7,det-v1,1,,1673,66,0.006,0.0015022500,false,true
call-000325,arm8_spec_immediate,cal/f2/s2060000/unreliable,37,scripted-fake-7b,sha256:c42dab2e6ece9890fe30cd3e6dbe69cf3463f410b0731df51981f6e5d17adce7,det-v1,1,accepted,1673,66,0.006,0.0015022500,false,false
call-000326,arm9_spec_heuristic_rollback,cal/f2/s2060000/unreliable,22,scripted-fake-7b,sha256:18f2439cf40293161d077699b8bd61cfa1f790b0dc32261872edc27a574413ca,det-v1,1,accepted,1281,66,0.001,0.0012082500,true,false
call-000327,arm9_spec_heuristic_rollback,cal/f2/s2060000/unreliable,37,scripted-fake-7b,sha256:c42dab2e6ece9890fe30cd3e6dbe69cf3463f410b0731df51981f6e5d17adce7,det-v1,1,accepted,1673,66,0.001,0.0015022500,true,false
call-000328,arm10_spec_eprocess,cal/f2/s2060000/unreliable,22,scripted-fake-7b,sha256:18f2439cf40293161d077699b8bd61cfa1f790b0dc32261872edc27a574413ca,det-v1,1,accepted,1281,66,0.001,0.0012082500,true,false
call-000329,arm10_spec_eprocess,cal/f2/s2060000/unreliable,37,scripted-fake-7b,sha256:1b13af4f0203461dc66b9959f4f530d0e23c0fa645804afe2e9ec8b000bf92c5,det-v1,1,,1671,66,0.006,0.0015007500,false,true
call-000330,arm10_spec_eprocess,cal/f2/s2060000/unreliable,37,scripted-fake-7b,sha256:1b13af4f0203461dc66b9959f4f530d0e23c0fa645804afe2e9ec8b000bf92c5,det-v1,1,accepted,1671,66,0.006,0.0015007500,false,false
call-000331,arm8_spec_immediate,dev/f2/s2050001/unreliable,27,scripted-fake-7b,sha256:01c14834d14734e80dc9537ceb2384a2a2ad0edeed1c90a676b7837b8335535b,det-v1,1,,1413,66,0.006,0.0013072500,false,true
call-000332,arm8_spec_immediate,dev/f2/s2050001/unreliable,27,scripted-fake-7b,sha256:01c14834d14734e80dc9537ceb2384a2a2ad0edeed1c90a676b7837b8335535b,det-v1,1,accepted,1413,66,0.006,0.0013072500,false,false
call-000333,arm8_spec_immediate,dev/f2/s2050001/unreliable,44,scripted-fake-7b,sha256:189a60cb1e0c0cbf88160a81b970aa45e8a550dc0c6c8abc225563c3ebeb7921,det-v1,1,,1858,66,0.006,0.0016410000,false,true
call-000334,arm8_spec_immediate,dev/f2/s2050001/unreliable,44,scripted-fake-7b,sha256:189a60cb1e0c0cbf88160a81b970aa45e8a550dc0c6c8abc225563c3ebeb7921,det-v1,1,accepted,1858,66,0.006,0.0016410000,false,false
call-000335,arm9_spec_heuristic_rollback,dev/f2/s2050001/unreliable,27,scripted-fake-7b,sha256:01c14834d14734e80dc9537ceb2384a2a2ad0edeed1c90a676b7837b8335535b,det-v1,1,accepted,1413,66,0.001,0.0013072500,true,false
call-000336,arm9_spec_heuristic_rollback,dev/f2/s2050001/unreliable,44,scripted-fake-7b,sha256:189a60cb1e0c0cbf88160a81b970aa45e8a550dc0c6c8abc225563c3ebeb7921,det-v1,1,accepted,1858,66,0.002,0.0016410000,true,false
call-000337,arm10_spec_eprocess,dev/f2/s2050001/unreliable,27,scripted-fake-7b,sha256:01c14834d14734e80dc9537ceb2384a2a2ad0edeed1c90a676b7837b8335535b,det-v1,1,accepted,1413,66,0.001,0.0013072500,true,false
call-000338,arm10_spec_eprocess,dev/f2/s2050001/unreliable,44,scripted-fake-7b,sha256:dd574a66756bc815db9a4f4f3a75ef5f53c0d10cd5e02809ffa063d00ca11a72,det-v1,1,,1857,66,0.006,0.0016402500,false,true
call-000339,arm10_spec_eprocess,dev/f2/s2050001/unreliable,44,scripted-fake-7b,sha256:dd574a66756bc815db9a4f4f3a75ef5f53c0d10cd5e02809ffa063d00ca11a72,det-v1,1,accepted,1857,66,0.006,0.0016402500,false,false
call-000340,arm8_spec_immediate,cal/f2/s2060001/unreliable,37,scripted-fake-7b,sha256:dcc8467860dcc99af3987b232c944ee9eedba872ee61fb46bac9946de165ed1a,det-v1,1,,1677,66,0.007,0.0015052500,false,true
call-000341,arm8_spec_immediate,cal/f2/s2060001/unreliable,37,scripted-fake-7b,sha256:dcc8467860dcc99af3987b232c944ee9eedba872ee61fb46bac9946de165ed1a,det-v1,1,accepted,1677,66,0.007,0.0015052500,false,false
call-000342,arm8_spec_immediate,cal/f2/s2060001/unreliable,46,scripted-fake-7b,sha256:fe2fbb279df0fb3209a74037ebc3776c02d2bbb7043e914ac50a64a8fac08c54,det-v1,1,,1912,66,0.006,0.0016815000,false,true
call-000343,arm8_spec_immediate,cal/f2/s2060001/unreliable,46,scripted-fake-7b,sha256:fe2fbb279df0fb3209a74037ebc3776c02d2bbb7043e914ac50a64a8fac08c54,det-v1,1,accepted,1912,66,0.006,0.0016815000,false,false
call-000344,arm9_spec_heuristic_rollback,cal/f2/s2060001/unreliable,37,scripted-fake-7b,sha256:dcc8467860dcc99af3987b232c944ee9eedba872ee61fb46bac9946de165ed1a,det-v1,1,accepted,1677,66,0.002,0.0015052500,true,false
call-000345,arm9_spec_heuristic_rollback,cal/f2/s2060001/unreliable,46,scripted-fake-7b,sha256:fe2fbb279df0fb3209a74037ebc3776c02d2bbb7043e914ac50a64a8fac08c54,det-v1,1,accepted,1912,66,0.001,0.0016815000,true,false
call-000346,arm10_spec_eprocess,cal/f2/s2060001/unreliable,37,scripted-fake-7b,sha256:dcc8467860dcc99af3987b232c944ee9eedba872ee61fb46bac9946de165ed1a,det-v1,1,accepted,1677,66,0.002,0.0015052500,true,false
call-000347,arm10_spec_eprocess,cal/f2/s2060001/unreliable,46,scripted-fake-7b,sha256:bb223b46306c5153195cf5ab14630448b71ad7be6ccfa8c46b9aa135b69e6507,det-v1,1,,1911,66,0.006,0.0016807500,false,true
call-000348,arm10_spec_eprocess,cal/f2/s2060001/unreliable,46,scripted-fake-7b,sha256:bb223b46306c5153195cf5ab14630448b71ad7be6ccfa8c46b9aa135b69e6507,det-v1,1,accepted,1911,66,0.006,0.0016807500,false,false
call-000349,arm8_spec_immediate,cal/f3/s3060000/no_alert,15,scripted-fake-7b,sha256:ab1c88a34041142047c29233f7b878ea0d0416784441888097f9a6d6c24d30e6,det-v1,1,,1097,66,0.006,0.0010702500,false,true
call-000350,arm8_spec_immediate,cal/f3/s3060000/no_alert,15,scripted-fake-7b,sha256:ab1c88a34041142047c29233f7b878ea0d0416784441888097f9a6d6c24d30e6,det-v1,1,accepted,1097,66,0.006,0.0010702500,false,false
call-000351,arm9_spec_heuristic_rollback,cal/f3/s3060000/no_alert,15,scripted-fake-7b,sha256:ab1c88a34041142047c29233f7b878ea0d0416784441888097f9a6d6c24d30e6,det-v1,1,accepted,1097,66,0.002,0.0010702500,true,false
call-000352,arm10_spec_eprocess,cal/f3/s3060000/no_alert,15,scripted-fake-7b,sha256:ab1c88a34041142047c29233f7b878ea0d0416784441888097f9a6d6c24d30e6,det-v1,1,accepted,1097,66,0.001,0.0010702500,true,false
call-000353,arm8_spec_immediate,cal/f3/s3060001/no_alert,23,scripted-fake-7b,sha256:d12a45fdfd776bfd68b0c84a375737aa209156ccaa4618821c055a76f0102caa,det-v1,1,,1309,66,0.006,0.0012292500,false,true
call-000354,arm8_spec_immediate,cal/f3/s3060001/no_alert,23,scripted-fake-7b,sha256:d12a45fdfd776bfd68b0c84a375737aa209156ccaa4618821c055a76f0102caa,det-v1,1,accepted,1309,66,0.006,0.0012292500,false,false
call-000355,arm9_spec_heuristic_rollback,cal/f3/s3060001/no_alert,23,scripted-fake-7b,sha256:d12a45fdfd776bfd68b0c84a375737aa209156ccaa4618821c055a76f0102caa,det-v1,1,accepted,1309,66,0.001,0.0012292500,true,false
call-000356,arm10_spec_eprocess,cal/f3/s3060001/no_alert,23,scripted-fake-7b,sha256:d12a45fdfd776bfd68b0c84a375737aa209156ccaa4618821c055a76f0102caa,det-v1,1,accepted,1309,66,0.002,0.0012292500,true,false
call-000357,arm8_spec_immediate,dev/f3/s3050000/early_accurate,14,scripted-fake-7b,sha256:2b59f16b5150ac24e46bdf610ce3cb666f7e60710a37fa297ceda6a9d520acc2,det-v1,1,,1122,66,0.006,0.0010890000,false,true
call-000358,arm8_spec_immediate,dev/f3/s3050000/early_accurate,14,scripted-fake-7b,sha256:2b59f16b5150ac24e46bdf610ce3cb666f7e60710a37fa297ceda6a9d520acc2,det-v1,1,accepted,1122,66,0.006,0.0010890000,false,false
call-000359,arm9_spec_heuristic_rollback,dev/f3/s3050000/early_accurate,14,scripted-fake-7b,sha256:2b59f16b5150ac24e46bdf610ce3cb666f7e60710a37fa297ceda6a9d520acc2,det-v1,1,accepted,1122,66,0.002,0.0010890000,true,false
call-000360,arm10_spec_eprocess,dev/f3/s3050000/early_accurate,14,scripted-fake-7b,sha256:2b59f16b5150ac24e46bdf610ce3cb666f7e60710a37fa297ceda6a9d520acc2,det-v1,1,accepted,1122,66,0.001,0.0010890000,true,false
call-000361,arm8_spec_immediate,cal/f3/s3060000/early_accurate,13,scripted-fake-7b,sha256:7094be116e5e1befcf28ca702f3b680d42650d2d669d09493523b4127dd271f0,det-v1,1,,1094,66,0.007,0.0010680000,false,true
call-000362,arm8_spec_immediate,cal/f3/s3060000/early_accurate,13,scripted-fake-7b,sha256:7094be116e5e1befcf28ca702f3b680d42650d2d669d09493523b4127dd271f0,det-v1,1,accepted,1094,66,0.007,0.0010680000,false,false
call-000363,arm8_spec_immediate,cal/f3/s3060000/early_accurate,19,scripted-fake-7b,sha256:e7d13aae7a2219d0d149b8475678b135d4b7924e63379a098c3291fe4d73de1b,det-v1,1,,1255,66,0.006,0.0011887500,false,true
call-000364,arm8_spec_immediate,cal/f3/s3060000/early_accurate,19,scripted-fake-7b,sha256:e7d13aae7a2219d0d149b8475678b135d4b7924e63379a098c3291fe4d73de1b,det-v1,1,accepted,1255,66,0.006,0.0011887500,false,false
call-000365,arm9_spec_heuristic_rollback,cal/f3/s3060000/early_accurate,13,scripted-fake-7b,sha256:7094be116e5e1befcf28ca702f3b680d42650d2d669d09493523b4127dd271f0,det-v1,1,accepted,1094,66,0.001,0.0010680000,true,false
call-000366,arm9_spec_heuristic_rollback,cal/f3/s3060000/early_accurate,19,scripted-fake-7b,sha256:e7d13aae7a2219d0d149b8475678b135d4b7924e63379a098c3291fe4d73de1b,det-v1,1,accepted,1255,66,0.001,0.0011887500,true,false
call-000367,arm10_spec_eprocess,cal/f3/s3060000/early_accurate,13,scripted-fake-7b,sha256:7094be116e5e1befcf28ca702f3b680d42650d2d669d09493523b4127dd271f0,det-v1,1,accepted,1094,66,0.001,0.0010680000,true,false
call-000368,arm10_spec_eprocess,cal/f3/s3060000/early_accurate,19,scripted-fake-7b,sha256:2faf527f751f999f5f7baba294843e39eb7b0fc4f50fefc169484cafa22050df,det-v1,1,,1254,66,0.006,0.0011880000,false,true
call-000369,arm10_spec_eprocess,cal/f3/s3060000/early_accurate,19,scripted-fake-7b,sha256:2faf527f751f999f5f7baba294843e39eb7b0fc4f50fefc169484cafa22050df,det-v1,1,accepted,1254,66,0.006,0.0011880000,false,false
call-000370,arm8_spec_immediate,dev/f3/s3050001/early_accurate,17,scripted-fake-7b,sha256:4fb97014b4da0f9adbdbffbe798420bd0f01a797330d2d11bc4baaefb380116c,det-v1,1,,1198,66,0.006,0.0011460000,false,true
call-000371,arm8_spec_immediate,dev/f3/s3050001/early_accurate,17,scripted-fake-7b,sha256:4fb97014b4da0f9adbdbffbe798420bd0f01a797330d2d11bc4baaefb380116c,det-v1,1,accepted,1198,66,0.006,0.0011460000,false,false
call-000372,arm9_spec_heuristic_rollback,dev/f3/s3050001/early_accurate,17,scripted-fake-7b,sha256:4fb97014b4da0f9adbdbffbe798420bd0f01a797330d2d11bc4baaefb380116c,det-v1,1,accepted,1198,66,0.002,0.0011460000,true,false
call-000373,arm10_spec_eprocess,dev/f3/s3050001/early_accurate,17,scripted-fake-7b,sha256:4fb97014b4da0f9adbdbffbe798420bd0f01a797330d2d11bc4baaefb380116c,det-v1,1,accepted,1198,66,0.001,0.0011460000,true,false
call-000374,arm8_spec_immediate,cal/f3/s3060001/early_accurate,19,scripted-fake-7b,sha256:b40bdc7404267ef37cf9013bad4a3e2b502ec03d078053d78fa656d51dfd2f1a,det-v1,1,,1253,66,0.006,0.0011872500,false,true
call-000375,arm8_spec_immediate,cal/f3/s3060001/early_accurate,19,scripted-fake-7b,sha256:b40bdc7404267ef37cf9013bad4a3e2b502ec03d078053d78fa656d51dfd2f1a,det-v1,1,accepted,1253,66,0.006,0.0011872500,false,false
call-000376,arm8_spec_immediate,cal/f3/s3060001/early_accurate,25,scripted-fake-7b,sha256:14dec63578fa8d84ccca6fb2669e48c0fe53a5060ae711c62b6ac6b29000ee6c,det-v1,1,,1413,66,0.006,0.0013072500,false,true
call-000377,arm8_spec_immediate,cal/f3/s3060001/early_accurate,25,scripted-fake-7b,sha256:14dec63578fa8d84ccca6fb2669e48c0fe53a5060ae711c62b6ac6b29000ee6c,det-v1,1,accepted,1413,66,0.006,0.0013072500,false,false
call-000378,arm9_spec_heuristic_rollback,cal/f3/s3060001/early_accurate,19,scripted-fake-7b,sha256:b40bdc7404267ef37cf9013bad4a3e2b502ec03d078053d78fa656d51dfd2f1a,det-v1,1,accepted,1253,66,0.002,0.0011872500,true,false
call-000379,arm9_spec_heuristic_rollback,cal/f3/s3060001/early_accurate,25,scripted-fake-7b,sha256:14dec63578fa8d84ccca6fb2669e48c0fe53a5060ae711c62b6ac6b29000ee6c,det-v1,1,accepted,1413,66,0.002,0.0013072500,true,false
call-000380,arm10_spec_eprocess,cal/f3/s3060001/early_accurate,19,scripted-fake-7b,sha256:b40bdc7404267ef37cf9013bad4a3e2b502ec03d078053d78fa656d51dfd2f1a,det-v1,1,accepted,1253,66,0.002,0.0011872500,true,false
call-000381,arm10_spec_eprocess,cal/f3/s3060001/early_accurate,25,scripted-fake-7b,sha256:c607fbe8470195b30dbf80bd6552cca5a1267f261e1d056e8f6ed04abb0b1c96,det-v1,1,,1412,66,0.006,0.0013065000,false,true
call-000382,arm10_spec_eprocess,cal/f3/s3060001/early_accurate,25,scripted-fake-7b,sha256:c607fbe8470195b30dbf80bd6552cca5a1267f261e1d056e8f6ed04abb0b1c96,det-v1,1,accepted,1412,66,0.006,0.0013065000,false,false
call-000383,arm8_spec_immediate,dev/f3/s3050000/late_accurate,17,scripted-fake-7b,sha256:8336b8943883f7a0c2670c2c5fb28a23ad658b551784bba67e53aeefb4ea4c2c,det-v1,1,,1201,66,0.006,0.0011482500,false,true
call-000384,arm8_spec_immediate,dev/f3/s3050000/late_accurate,17,scripted-fake-7b,sha256:8336b8943883f7a0c2670c2c5fb28a23ad658b551784bba67e53aeefb4ea4c2c,det-v1,1,accepted,1201,66,0.006,0.0011482500,false,false
call-000385,arm9_spec_heuristic_rollback,dev/f3/s3050000/late_accurate,17,scripted-fake-7b,sha256:8336b8943883f7a0c2670c2c5fb28a23ad658b551784bba67e53aeefb4ea4c2c,det-v1,1,accepted,1201,66,0.002,0.0011482500,true,false
call-000386,arm10_spec_eprocess,dev/f3/s3050000/late_accurate,17,scripted-fake-7b,sha256:8336b8943883f7a0c2670c2c5fb28a23ad658b551784bba67e53aeefb4ea4c2c,det-v1,1,accepted,1201,66,0.002,0.0011482500,true,false
call-000387,arm8_spec_immediate,cal/f3/s3060000/late_accurate,15,scripted-fake-7b,sha256:4436ffbcbe6ec43e7cbeda2e4e6091df996dd6217ce25da41cc3572a5e0deb0e,det-v1,1,,1097,66,0.006,0.0010702500,false,true
call-000388,arm8_spec_immediate,cal/f3/s3060000/late_accurate,15,scripted-fake-7b,sha256:4436ffbcbe6ec43e7cbeda2e4e6091df996dd6217ce25da41cc3572a5e0deb0e,det-v1,1,accepted,1097,66,0.006,0.0010702500,false,false
call-000389,arm9_spec_heuristic_rollback,cal/f3/s3060000/late_accurate,15,scripted-fake-7b,sha256:4436ffbcbe6ec43e7cbeda2e4e6091df996dd6217ce25da41cc3572a5e0deb0e,det-v1,1,accepted,1097,66,0.001,0.0010702500,true,false
call-000390,arm10_spec_eprocess,cal/f3/s3060000/late_accurate,15,scripted-fake-7b,sha256:4436ffbcbe6ec43e7cbeda2e4e6091df996dd6217ce25da41cc3572a5e0deb0e,det-v1,1,accepted,1097,66,0.001,0.0010702500,true,false
call-000391,arm8_spec_immediate,dev/f3/s3050001/late_accurate,20,scripted-fake-7b,sha256:4dafe12f954afa1aa6df26c0a86fd8a8e4238672cdc0f26f0317e3ac7c6869de,det-v1,1,,1277,66,0.006,0.0012052500,false,true
call-000392,arm8_spec_immediate,dev/f3/s3050001/late_accurate,20,scripted-fake-7b,sha256:4dafe12f954afa1aa6df26c0a86fd8a8e4238672cdc0f26f0317e3ac7c6869de,det-v1,1,accepted,1277,66,0.006,0.0012052500,false,false
call-000393,arm9_spec_heuristic_rollback,dev/f3/s3050001/late_accurate,20,scripted-fake-7b,sha256:4dafe12f954afa1aa6df26c0a86fd8a8e4238672cdc0f26f0317e3ac7c6869de,det-v1,1,accepted,1277,66,0.001,0.0012052500,true,false
call-000394,arm10_spec_eprocess,dev/f3/s3050001/late_accurate,20,scripted-fake-7b,sha256:4dafe12f954afa1aa6df26c0a86fd8a8e4238672cdc0f26f0317e3ac7c6869de,det-v1,1,accepted,1277,66,0.001,0.0012052500,true,false
call-000395,arm8_spec_immediate,cal/f3/s3060001/late_accurate,22,scripted-fake-7b,sha256:f88f052cccf22bcac87264c38c4ddc0b1416edea48febc6383f310f568dc610b,det-v1,1,,1332,66,0.006,0.0012465000,false,true
call-000396,arm8_spec_immediate,cal/f3/s3060001/late_accurate,22,scripted-fake-7b,sha256:f88f052cccf22bcac87264c38c4ddc0b1416edea48febc6383f310f568dc610b,det-v1,1,accepted,1332,66,0.006,0.0012465000,false,false
call-000397,arm9_spec_heuristic_rollback,cal/f3/s3060001/late_accurate,22,scripted-fake-7b,sha256:f88f052cccf22bcac87264c38c4ddc0b1416edea48febc6383f310f568dc610b,det-v1,1,accepted,1332,66,0.002,0.0012465000,true,false
call-000398,arm10_spec_eprocess,cal/f3/s3060001/late_accurate,22,scripted-fake-7b,sha256:f88f052cccf22bcac87264c38c4ddc0b1416edea48febc6383f310f568dc610b,det-v1,1,accepted,1332,66,0.001,0.0012465000,true,false
call-000399,arm8_spec_immediate,dev/f3/s3050000/unreliable,14,scripted-fake-7b,sha256:2b0717be527f6c97e67f684debd9246f516dbdfd51f4634494def5a9d85e991f,det-v1,1,,1117,66,0.006,0.0010852500,false,true
call-000400,arm8_spec_immediate,dev/f3/s3050000/unreliable,14,scripted-fake-7b,sha256:2b0717be527f6c97e67f684debd9246f516dbdfd51f4634494def5a9d85e991f,det-v1,1,accepted,1117,66,0.006,0.0010852500,false,false
call-000401,arm9_spec_heuristic_rollback,dev/f3/s3050000/unreliable,14,scripted-fake-7b,sha256:2b0717be527f6c97e67f684debd9246f516dbdfd51f4634494def5a9d85e991f,det-v1,1,accepted,1117,66,0.001,0.0010852500,true,false
call-000402,arm10_spec_eprocess,dev/f3/s3050000/unreliable,14,scripted-fake-7b,sha256:2b0717be527f6c97e67f684debd9246f516dbdfd51f4634494def5a9d85e991f,det-v1,1,accepted,1117,66,0.001,0.0010852500,true,false
call-000403,arm8_spec_immediate,cal/f3/s3060000/unreliable,13,scripted-fake-7b,sha256:be0d03fc3974a1ac1c3281dfe634f0ab801b7c233c17c7c411b97f29a50d3387,det-v1,1,,1097,66,0.006,0.0010702500,false,true
call-000404,arm8_spec_immediate,cal/f3/s3060000/unreliable,13,scripted-fake-7b,sha256:be0d03fc3974a1ac1c3281dfe634f0ab801b7c233c17c7c411b97f29a50d3387,det-v1,1,accepted,1097,66,0.006,0.0010702500,false,false
call-000405,arm8_spec_immediate,cal/f3/s3060000/unreliable,19,scripted-fake-7b,sha256:cbfe6b604e42245dd959cce16628148f76fa2a830c30659a41ff8045f083765a,det-v1,1,,1258,66,0.006,0.0011910000,false,true
call-000406,arm8_spec_immediate,cal/f3/s3060000/unreliable,19,scripted-fake-7b,sha256:cbfe6b604e42245dd959cce16628148f76fa2a830c30659a41ff8045f083765a,det-v1,1,accepted,1258,66,0.006,0.0011910000,false,false
call-000407,arm9_spec_heuristic_rollback,cal/f3/s3060000/unreliable,13,scripted-fake-7b,sha256:be0d03fc3974a1ac1c3281dfe634f0ab801b7c233c17c7c411b97f29a50d3387,det-v1,1,accepted,1097,66,0.001,0.0010702500,true,false
call-000408,arm9_spec_heuristic_rollback,cal/f3/s3060000/unreliable,19,scripted-fake-7b,sha256:cbfe6b604e42245dd959cce16628148f76fa2a830c30659a41ff8045f083765a,det-v1,1,accepted,1258,66,0.001,0.0011910000,true,false
call-000409,arm10_spec_eprocess,cal/f3/s3060000/unreliable,13,scripted-fake-7b,sha256:be0d03fc3974a1ac1c3281dfe634f0ab801b7c233c17c7c411b97f29a50d3387,det-v1,1,accepted,1097,66,0.001,0.0010702500,true,false
call-000410,arm10_spec_eprocess,cal/f3/s3060000/unreliable,19,scripted-fake-7b,sha256:b03b4657553c81f279dcb91936f5f413cd421850773c30cc441ee8b77ad40995,det-v1,1,,1257,66,0.006,0.0011902500,false,true
call-000411,arm10_spec_eprocess,cal/f3/s3060000/unreliable,19,scripted-fake-7b,sha256:b03b4657553c81f279dcb91936f5f413cd421850773c30cc441ee8b77ad40995,det-v1,1,accepted,1257,66,0.006,0.0011902500,false,false
call-000412,arm8_spec_immediate,dev/f3/s3050001/unreliable,17,scripted-fake-7b,sha256:0f6902f6ff8b029ebeee745e5a4a3616e2a2d5240d1eb470dd5f752a39b7b7b5,det-v1,1,,1181,66,0.006,0.0011332500,false,true
call-000413,arm8_spec_immediate,dev/f3/s3050001/unreliable,17,scripted-fake-7b,sha256:0f6902f6ff8b029ebeee745e5a4a3616e2a2d5240d1eb470dd5f752a39b7b7b5,det-v1,1,accepted,1181,66,0.006,0.0011332500,false,false
call-000414,arm9_spec_heuristic_rollback,dev/f3/s3050001/unreliable,17,scripted-fake-7b,sha256:0f6902f6ff8b029ebeee745e5a4a3616e2a2d5240d1eb470dd5f752a39b7b7b5,det-v1,1,accepted,1181,66,0.002,0.0011332500,true,false
call-000415,arm10_spec_eprocess,dev/f3/s3050001/unreliable,17,scripted-fake-7b,sha256:0f6902f6ff8b029ebeee745e5a4a3616e2a2d5240d1eb470dd5f752a39b7b7b5,det-v1,1,accepted,1181,66,0.001,0.0011332500,true,false
call-000416,arm8_spec_immediate,cal/f3/s3060001/unreliable,19,scripted-fake-7b,sha256:cfd606c99a4f1254b9f9b5e39b16b8bbda396b3f970c657b3059cef70945457a,det-v1,1,,1264,66,0.006,0.0011955000,false,true
call-000417,arm8_spec_immediate,cal/f3/s3060001/unreliable,19,scripted-fake-7b,sha256:cfd606c99a4f1254b9f9b5e39b16b8bbda396b3f970c657b3059cef70945457a,det-v1,1,accepted,1264,66,0.006,0.0011955000,false,false
call-000418,arm8_spec_immediate,cal/f3/s3060001/unreliable,25,scripted-fake-7b,sha256:98aa6d4a10a824b48f1168ba74f4d59b0f138252a2fa41146d986716ff9694ff,det-v1,1,,1424,66,0.006,0.0013155000,false,true
call-000419,arm8_spec_immediate,cal/f3/s3060001/unreliable,25,scripted-fake-7b,sha256:98aa6d4a10a824b48f1168ba74f4d59b0f138252a2fa41146d986716ff9694ff,det-v1,1,accepted,1424,66,0.006,0.0013155000,false,false
call-000420,arm9_spec_heuristic_rollback,cal/f3/s3060001/unreliable,19,scripted-fake-7b,sha256:cfd606c99a4f1254b9f9b5e39b16b8bbda396b3f970c657b3059cef70945457a,det-v1,1,accepted,1264,66,0.001,0.0011955000,true,false
call-000421,arm9_spec_heuristic_rollback,cal/f3/s3060001/unreliable,25,scripted-fake-7b,sha256:98aa6d4a10a824b48f1168ba74f4d59b0f138252a2fa41146d986716ff9694ff,det-v1,1,accepted,1424,66,0.001,0.0013155000,true,false
call-000422,arm10_spec_eprocess,cal/f3/s3060001/unreliable,19,scripted-fake-7b,sha256:cfd606c99a4f1254b9f9b5e39b16b8bbda396b3f970c657b3059cef70945457a,det-v1,1,accepted,1264,66,0.001,0.0011955000,true,false
call-000423,arm10_spec_eprocess,cal/f3/s3060001/unreliable,25,scripted-fake-7b,sha256:e83ade259bee4737f690e6b0542f5279c6877e7707d926b5d035c470ba567a9e,det-v1,1,,1424,66,0.006,0.0013155000,false,true
call-000424,arm10_spec_eprocess,cal/f3/s3060001/unreliable,25,scripted-fake-7b,sha256:e83ade259bee4737f690e6b0542f5279c6877e7707d926b5d035c470ba567a9e,det-v1,1,accepted,1424,66,0.006,0.0013155000,false,false
call-000425,arm8_spec_immediate,dev/f4/s4050000/early_accurate,19,scripted-fake-7b,sha256:d0391bb7f8f7185719ab2d1cad3ac2efc05e2ca273053d37bebaced5a431b7a2,det-v1,1,,1252,66,0.007,0.0011865000,false,true
call-000426,arm8_spec_immediate,dev/f4/s4050000/early_accurate,19,scripted-fake-7b,sha256:d0391bb7f8f7185719ab2d1cad3ac2efc05e2ca273053d37bebaced5a431b7a2,det-v1,1,accepted,1252,66,0.007,0.0011865000,false,false
call-000427,arm9_spec_heuristic_rollback,dev/f4/s4050000/early_accurate,19,scripted-fake-7b,sha256:d0391bb7f8f7185719ab2d1cad3ac2efc05e2ca273053d37bebaced5a431b7a2,det-v1,1,accepted,1252,66,0.001,0.0011865000,true,false
call-000428,arm10_spec_eprocess,dev/f4/s4050000/early_accurate,19,scripted-fake-7b,sha256:d0391bb7f8f7185719ab2d1cad3ac2efc05e2ca273053d37bebaced5a431b7a2,det-v1,1,accepted,1252,66,0.001,0.0011865000,true,false
call-000429,arm8_spec_immediate,cal/f4/s4060000/early_accurate,15,scripted-fake-7b,sha256:fde919abbc688071a46c6f6d6741fe490574b789cd016223cb9614e5e78a2d1f,det-v1,1,,1144,66,0.006,0.0011055000,false,true
call-000430,arm8_spec_immediate,cal/f4/s4060000/early_accurate,15,scripted-fake-7b,sha256:fde919abbc688071a46c6f6d6741fe490574b789cd016223cb9614e5e78a2d1f,det-v1,1,accepted,1144,66,0.006,0.0011055000,false,false
call-000431,arm9_spec_heuristic_rollback,cal/f4/s4060000/early_accurate,15,scripted-fake-7b,sha256:fde919abbc688071a46c6f6d6741fe490574b789cd016223cb9614e5e78a2d1f,det-v1,1,accepted,1144,66,0.001,0.0011055000,true,false
call-000432,arm10_spec_eprocess,cal/f4/s4060000/early_accurate,15,scripted-fake-7b,sha256:fde919abbc688071a46c6f6d6741fe490574b789cd016223cb9614e5e78a2d1f,det-v1,1,accepted,1144,66,0.001,0.0011055000,true,false
call-000433,arm8_spec_immediate,dev/f4/s4050001/early_accurate,17,scripted-fake-7b,sha256:863b443eac47fe843ffa88fd59eb38ca9edc7e258e3623dca9b3c9dbadeac8a3,det-v1,1,,1198,66,0.006,0.0011460000,false,true
call-000434,arm8_spec_immediate,dev/f4/s4050001/early_accurate,17,scripted-fake-7b,sha256:863b443eac47fe843ffa88fd59eb38ca9edc7e258e3623dca9b3c9dbadeac8a3,det-v1,1,accepted,1198,66,0.006,0.0011460000,false,false
call-000435,arm9_spec_heuristic_rollback,dev/f4/s4050001/early_accurate,17,scripted-fake-7b,sha256:863b443eac47fe843ffa88fd59eb38ca9edc7e258e3623dca9b3c9dbadeac8a3,det-v1,1,accepted,1198,66,0.002,0.0011460000,true,false
call-000436,arm10_spec_eprocess,dev/f4/s4050001/early_accurate,17,scripted-fake-7b,sha256:863b443eac47fe843ffa88fd59eb38ca9edc7e258e3623dca9b3c9dbadeac8a3,det-v1,1,accepted,1198,66,0.002,0.0011460000,true,false
call-000437,arm8_spec_immediate,cal/f4/s4060001/early_accurate,15,scripted-fake-7b,sha256:2203b3aca09d6cfd83d67425034ff4ce59f89bf01c231adcdb2a4741e6653c28,det-v1,1,,1153,66,0.006,0.0011122500,false,true
call-000438,arm8_spec_immediate,cal/f4/s4060001/early_accurate,15,scripted-fake-7b,sha256:2203b3aca09d6cfd83d67425034ff4ce59f89bf01c231adcdb2a4741e6653c28,det-v1,1,accepted,1153,66,0.006,0.0011122500,false,false
call-000439,arm9_spec_heuristic_rollback,cal/f4/s4060001/early_accurate,15,scripted-fake-7b,sha256:2203b3aca09d6cfd83d67425034ff4ce59f89bf01c231adcdb2a4741e6653c28,det-v1,1,accepted,1153,66,0.002,0.0011122500,true,false
call-000440,arm10_spec_eprocess,cal/f4/s4060001/early_accurate,15,scripted-fake-7b,sha256:2203b3aca09d6cfd83d67425034ff4ce59f89bf01c231adcdb2a4741e6653c28,det-v1,1,accepted,1153,66,0.001,0.0011122500,true,false
call-000441,arm8_spec_immediate,dev/f4/s4050000/late_accurate,22,scripted-fake-7b,sha256:7bb0ddcf1c38cf89ee1c8ba98de940646f4c715a95387f6f5e48313c764e786d,det-v1,1,,1330,66,0.006,0.0012450000,false,true
call-000442,arm8_spec_immediate,dev/f4/s4050000/late_accurate,22,scripted-fake-7b,sha256:7bb0ddcf1c38cf89ee1c8ba98de940646f4c715a95387f6f5e48313c764e786d,det-v1,1,accepted,1330,66,0.006,0.0012450000,false,false
call-000443,arm9_spec_heuristic_rollback,dev/f4/s4050000/late_accurate,22,scripted-fake-7b,sha256:7bb0ddcf1c38cf89ee1c8ba98de940646f4c715a95387f6f5e48313c764e786d,det-v1,1,accepted,1330,66,0.002,0.0012450000,true,false
call-000444,arm10_spec_eprocess,dev/f4/s4050000/late_accurate,22,scripted-fake-7b,sha256:7bb0ddcf1c38cf89ee1c8ba98de940646f4c715a95387f6f5e48313c764e786d,det-v1,1,accepted,1330,66,0.001,0.0012450000,true,false
call-000445,arm8_spec_immediate,cal/f4/s4060000/late_accurate,18,scripted-fake-7b,sha256:aee50bd7879342a4afa83f06f769a10d5bfbc56efe1b82d288ae87b5d331ecb7,det-v1,1,,1222,66,0.007,0.0011640000,false,true
call-000446,arm8_spec_immediate,cal/f4/s4060000/late_accurate,18,scripted-fake-7b,sha256:aee50bd7879342a4afa83f06f769a10d5bfbc56efe1b82d288ae87b5d331ecb7,det-v1,1,accepted,1222,66,0.007,0.0011640000,false,false
call-000447,arm9_spec_heuristic_rollback,cal/f4/s4060000/late_accurate,18,scripted-fake-7b,sha256:aee50bd7879342a4afa83f06f769a10d5bfbc56efe1b82d288ae87b5d331ecb7,det-v1,1,accepted,1222,66,0.002,0.0011640000,true,false
call-000448,arm10_spec_eprocess,cal/f4/s4060000/late_accurate,18,scripted-fake-7b,sha256:aee50bd7879342a4afa83f06f769a10d5bfbc56efe1b82d288ae87b5d331ecb7,det-v1,1,accepted,1222,66,0.001,0.0011640000,true,false
call-000449,arm8_spec_immediate,dev/f4/s4050001/late_accurate,20,scripted-fake-7b,sha256:bb0f312f9b836934f90b3684f9fa17df7a6bbfe0bfd81f0a32a741d9dc436b4a,det-v1,1,,1277,66,0.006,0.0012052500,false,true
call-000450,arm8_spec_immediate,dev/f4/s4050001/late_accurate,20,scripted-fake-7b,sha256:bb0f312f9b836934f90b3684f9fa17df7a6bbfe0bfd81f0a32a741d9dc436b4a,det-v1,1,accepted,1277,66,0.006,0.0012052500,false,false
call-000451,arm9_spec_heuristic_rollback,dev/f4/s4050001/late_accurate,20,scripted-fake-7b,sha256:bb0f312f9b836934f90b3684f9fa17df7a6bbfe0bfd81f0a32a741d9dc436b4a,det-v1,1,accepted,1277,66,0.002,0.0012052500,true,false
call-000452,arm10_spec_eprocess,dev/f4/s4050001/late_accurate,20,scripted-fake-7b,sha256:bb0f312f9b836934f90b3684f9fa17df7a6bbfe0bfd81f0a32a741d9dc436b4a,det-v1,1,accepted,1277,66,0.002,0.0012052500,true,false
call-000453,arm8_spec_immediate,cal/f4/s4060001/late_accurate,18,scripted-fake-7b,sha256:74797ac6ae60021305b802a57a37759e31254bbde8d9f961b62897f68ababb8f,det-v1,1,,1232,66,0.006,0.0011715000,false,true
call-000454,arm8_spec_immediate,cal/f4/s4060001/late_accurate,18,scripted-fake-7b,sha256:74797ac6ae60021305b802a57a37759e31254bbde8d9f961b62897f68ababb8f,det-v1,1,accepted,1232,66,0.006,0.0011715000,false,false
call-000455,arm9_spec_heuristic_rollback,cal/f4/s4060001/late_accurate,18,scripted-fake-7b,sha256:74797ac6ae60021305b802a57a37759e31254bbde8d9f961b62897f68ababb8f,det-v1,1,accepted,1232,66,0.001,0.0011715000,true,false
call-000456,arm10_spec_eprocess,cal/f4/s4060001/late_accurate,18,scripted-fake-7b,sha256:74797ac6ae60021305b802a57a37759e31254bbde8d9f961b62897f68ababb8f,det-v1,1,accepted,1232,66,0.001,0.0011715000,true,false
call-000457,arm8_spec_immediate,dev/f4/s4050000/unreliable,19,scripted-fake-7b,sha256:a4f874fe7c0d2302fd04cff0f05dd373e17bdda0aca3845796aa9b73de7c6b57,det-v1,1,,1256,66,0.007,0.0011895000,false,true
call-000458,arm8_spec_immediate,dev/f4/s4050000/unreliable,19,scripted-fake-7b,sha256:a4f874fe7c0d2302fd04cff0f05dd373e17bdda0aca3845796aa9b73de7c6b57,det-v1,1,accepted,1256,66,0.007,0.0011895000,false,false
call-000459,arm9_spec_heuristic_rollback,dev/f4/s4050000/unreliable,19,scripted-fake-7b,sha256:a4f874fe7c0d2302fd04cff0f05dd373e17bdda0aca3845796aa9b73de7c6b57,det-v1,1,accepted,1256,66,0.001,0.0011895000,true,false
call-000460,arm10_spec_eprocess,dev/f4/s4050000/unreliable,19,scripted-fake-7b,sha256:a4f874fe7c0d2302fd04cff0f05dd373e17bdda0aca3845796aa9b73de7c6b57,det-v1,1,accepted,1256,66,0.002,0.0011895000,true,false
call-000461,arm8_spec_immediate,cal/f4/s4060000/unreliable,15,scripted-fake-7b,sha256:be70109ed1f289d11f1834afa893376574a453024c0b6bbfaf408dfe82681d12,det-v1,1,,1151,66,0.006,0.0011107500,false,true
call-000462,arm8_spec_immediate,cal/f4/s4060000/unreliable,15,scripted-fake-7b,sha256:be70109ed1f289d11f1834afa893376574a453024c0b6bbfaf408dfe82681d12,det-v1,1,accepted,1151,66,0.006,0.0011107500,false,false
call-000463,arm9_spec_heuristic_rollback,cal/f4/s4060000/unreliable,15,scripted-fake-7b,sha256:be70109ed1f289d11f1834afa893376574a453024c0b6bbfaf408dfe82681d12,det-v1,1,accepted,1151,66,0.001,0.0011107500,true,false
call-000464,arm10_spec_eprocess,cal/f4/s4060000/unreliable,15,scripted-fake-7b,sha256:be70109ed1f289d11f1834afa893376574a453024c0b6bbfaf408dfe82681d12,det-v1,1,accepted,1151,66,0.002,0.0011107500,true,false
call-000465,arm8_spec_immediate,dev/f4/s4050001/unreliable,17,scripted-fake-7b,sha256:42d9bfd1296cbcf9b1b2b8bc6df023e590f7e1c970cb1bbee64ed702223c4d28,det-v1,1,,1185,66,0.006,0.0011362500,false,true
call-000466,arm8_spec_immediate,dev/f4/s4050001/unreliable,17,scripted-fake-7b,sha256:42d9bfd1296cbcf9b1b2b8bc6df023e590f7e1c970cb1bbee64ed702223c4d28,det-v1,1,accepted,1185,66,0.006,0.0011362500,false,false
call-000467,arm9_spec_heuristic_rollback,dev/f4/s4050001/unreliable,17,scripted-fake-7b,sha256:42d9bfd1296cbcf9b1b2b8bc6df023e590f7e1c970cb1bbee64ed702223c4d28,det-v1,1,accepted,1185,66,0.001,0.0011362500,true,false
call-000468,arm10_spec_eprocess,dev/f4/s4050001/unreliable,17,scripted-fake-7b,sha256:42d9bfd1296cbcf9b1b2b8bc6df023e590f7e1c970cb1bbee64ed702223c4d28,det-v1,1,accepted,1185,66,0.001,0.0011362500,true,false
call-000469,arm8_spec_immediate,cal/f4/s4060001/unreliable,15,scripted-fake-7b,sha256:13493dafcccb1aba7d9c67531187487d5467b9ae1c38dee488cd1a95c0f6b5cb,det-v1,1,,1153,66,0.006,0.0011122500,false,true
call-000470,arm8_spec_immediate,cal/f4/s4060001/unreliable,15,scripted-fake-7b,sha256:13493dafcccb1aba7d9c67531187487d5467b9ae1c38dee488cd1a95c0f6b5cb,det-v1,1,accepted,1153,66,0.006,0.0011122500,false,false
call-000471,arm9_spec_heuristic_rollback,cal/f4/s4060001/unreliable,15,scripted-fake-7b,sha256:13493dafcccb1aba7d9c67531187487d5467b9ae1c38dee488cd1a95c0f6b5cb,det-v1,1,accepted,1153,66,0.001,0.0011122500,true,false
call-000472,arm10_spec_eprocess,cal/f4/s4060001/unreliable,15,scripted-fake-7b,sha256:13493dafcccb1aba7d9c67531187487d5467b9ae1c38dee488cd1a95c0f6b5cb,det-v1,1,accepted,1153,66,0.001,0.0011122500,true,false
call-000473,arm8_spec_immediate,dev/f5/s5050000/early_accurate,20,scripted-fake-7b,sha256:bcbb86205a78f2c2fc09faa3b5939974d379b822a7d01dd33734ed5c72083867,det-v1,1,,1289,66,0.007,0.0012142500,false,true
call-000474,arm8_spec_immediate,dev/f5/s5050000/early_accurate,20,scripted-fake-7b,sha256:bcbb86205a78f2c2fc09faa3b5939974d379b822a7d01dd33734ed5c72083867,det-v1,1,accepted,1289,66,0.007,0.0012142500,false,false
call-000475,arm9_spec_heuristic_rollback,dev/f5/s5050000/early_accurate,20,scripted-fake-7b,sha256:bcbb86205a78f2c2fc09faa3b5939974d379b822a7d01dd33734ed5c72083867,det-v1,1,accepted,1289,66,0.001,0.0012142500,true,false
call-000476,arm10_spec_eprocess,dev/f5/s5050000/early_accurate,20,scripted-fake-7b,sha256:bcbb86205a78f2c2fc09faa3b5939974d379b822a7d01dd33734ed5c72083867,det-v1,1,accepted,1289,66,0.001,0.0012142500,true,false
call-000477,arm8_spec_immediate,cal/f5/s5060000/early_accurate,18,scripted-fake-7b,sha256:337944084dfdc417bfb6e0a0b2e808970f5c69ad7f8ab531942b88be3dd76df4,det-v1,1,,1229,66,0.006,0.0011692500,false,true
call-000478,arm8_spec_immediate,cal/f5/s5060000/early_accurate,18,scripted-fake-7b,sha256:337944084dfdc417bfb6e0a0b2e808970f5c69ad7f8ab531942b88be3dd76df4,det-v1,1,accepted,1229,66,0.006,0.0011692500,false,false
call-000479,arm9_spec_heuristic_rollback,cal/f5/s5060000/early_accurate,18,scripted-fake-7b,sha256:337944084dfdc417bfb6e0a0b2e808970f5c69ad7f8ab531942b88be3dd76df4,det-v1,1,accepted,1229,66,0.001,0.0011692500,true,false
call-000480,arm10_spec_eprocess,cal/f5/s5060000/early_accurate,18,scripted-fake-7b,sha256:337944084dfdc417bfb6e0a0b2e808970f5c69ad7f8ab531942b88be3dd76df4,det-v1,1,accepted,1229,66,0.001,0.0011692500,true,false
call-000481,arm8_spec_immediate,dev/f5/s5050001/early_accurate,15,scripted-fake-7b,sha256:fb4167d7924aa072c266013b2afce340c011cbefed412c937bacc291d9e8209b,det-v1,1,,1144,66,0.006,0.0011055000,false,true
call-000482,arm8_spec_immediate,dev/f5/s5050001/early_accurate,15,scripted-fake-7b,sha256:fb4167d7924aa072c266013b2afce340c011cbefed412c937bacc291d9e8209b,det-v1,1,accepted,1144,66,0.006,0.0011055000,false,false
call-000483,arm9_spec_heuristic_rollback,dev/f5/s5050001/early_accurate,15,scripted-fake-7b,sha256:fb4167d7924aa072c266013b2afce340c011cbefed412c937bacc291d9e8209b,det-v1,1,accepted,1144,66,0.001,0.0011055000,true,false
call-000484,arm10_spec_eprocess,dev/f5/s5050001/early_accurate,15,scripted-fake-7b,sha256:fb4167d7924aa072c266013b2afce340c011cbefed412c937bacc291d9e8209b,det-v1,1,accepted,1144,66,0.001,0.0011055000,true,false
call-000485,arm8_spec_immediate,cal/f5/s5060001/early_accurate,21,scripted-fake-7b,sha256:d7d9c6c0600f435f56d790bd09f50901de19cb3327abc3668f9d6f3bb8846d6e,det-v1,1,,1310,66,0.006,0.0012300000,false,true
call-000486,arm8_spec_immediate,cal/f5/s5060001/early_accurate,21,scripted-fake-7b,sha256:d7d9c6c0600f435f56d790bd09f50901de19cb3327abc3668f9d6f3bb8846d6e,det-v1,1,accepted,1310,66,0.006,0.0012300000,false,false
call-000487,arm9_spec_heuristic_rollback,cal/f5/s5060001/early_accurate,21,scripted-fake-7b,sha256:d7d9c6c0600f435f56d790bd09f50901de19cb3327abc3668f9d6f3bb8846d6e,det-v1,1,accepted,1310,66,0.001,0.0012300000,true,false
call-000488,arm10_spec_eprocess,cal/f5/s5060001/early_accurate,21,scripted-fake-7b,sha256:d7d9c6c0600f435f56d790bd09f50901de19cb3327abc3668f9d6f3bb8846d6e,det-v1,1,accepted,1310,66,0.001,0.0012300000,true,false
call-000489,arm8_spec_immediate,dev/f5/s5050000/late_accurate,23,scripted-fake-7b,sha256:8bd268e70ac7d5261a0f50b1d47ff51d981df194d475a67f07323e0e00a6d3d4,det-v1,1,,1367,66,0.006,0.0012727500,false,true
call-000490,arm8_spec_immediate,dev/f5/s5050000/late_accurate,23,scripted-fake-7b,sha256:8bd268e70ac7d5261a0f50b1d47ff51d981df194d475a67f07323e0e00a6d3d4,det-v1,1,accepted,1367,66,0.006,0.0012727500,false,false
call-000491,arm9_spec_heuristic_rollback,dev/f5/s5050000/late_accurate,23,scripted-fake-7b,sha256:8bd268e70ac7d5261a0f50b1d47ff51d981df194d475a67f07323e0e00a6d3d4,det-v1,1,accepted,1367,66,0.001,0.0012727500,true,false
call-000492,arm10_spec_eprocess,dev/f5/s5050000/late_accurate,23,scripted-fake-7b,sha256:8bd268e70ac7d5261a0f50b1d47ff51d981df194d475a67f07323e0e00a6d3d4,det-v1,1,accepted,1367,66,0.001,0.0012727500,true,false
call-000493,arm8_spec_immediate,cal/f5/s5060000/late_accurate,21,scripted-fake-7b,sha256:385c67077eab08fbd4e30ddbfd501e2e6544c3cdedfd26befbb9d176740b68e1,det-v1,1,,1308,66,0.007,0.0012285000,false,true
call-000494,arm8_spec_immediate,cal/f5/s5060000/late_accurate,21,scripted-fake-7b,sha256:385c67077eab08fbd4e30ddbfd501e2e6544c3cdedfd26befbb9d176740b68e1,det-v1,1,accepted,1308,66,0.007,0.0012285000,false,false
call-000495,arm9_spec_heuristic_rollback,cal/f5/s5060000/late_accurate,21,scripted-fake-7b,sha256:385c67077eab08fbd4e30ddbfd501e2e6544c3cdedfd26befbb9d176740b68e1,det-v1,1,accepted,1308,66,0.001,0.0012285000,true,false
call-000496,arm10_spec_eprocess,cal/f5/s5060000/late_accurate,21,scripted-fake-7b,sha256:385c67077eab08fbd4e30ddbfd501e2e6544c3cdedfd26befbb9d176740b68e1,det-v1,1,accepted,1308,66,0.001,0.0012285000,true,false
call-000497,arm8_spec_immediate,dev/f5/s5050001/late_accurate,18,scripted-fake-7b,sha256:a5c9480c3306cd1c8369b351b07b4919da2739909ffb17e6034c5f1013c8848f,det-v1,1,,1222,66,0.006,0.0011640000,false,true
call-000498,arm8_spec_immediate,dev/f5/s5050001/late_accurate,18,scripted-fake-7b,sha256:a5c9480c3306cd1c8369b351b07b4919da2739909ffb17e6034c5f1013c8848f,det-v1,1,accepted,1222,66,0.006,0.0011640000,false,false
call-000499,arm9_spec_heuristic_rollback,dev/f5/s5050001/late_accurate,18,scripted-fake-7b,sha256:a5c9480c3306cd1c8369b351b07b4919da2739909ffb17e6034c5f1013c8848f,det-v1,1,accepted,1222,66,0.001,0.0011640000,true,false
call-000500,arm10_spec_eprocess,dev/f5/s5050001/late_accurate,18,scripted-fake-7b,sha256:a5c9480c3306cd1c8369b351b07b4919da2739909ffb17e6034c5f1013c8848f,det-v1,1,accepted,1222,66,0.001,0.0011640000,true,false
call-000501,arm8_spec_immediate,cal/f5/s5060001/late_accurate,24,scripted-fake-7b,sha256:a23f6ff25ea11024d9e9f659fa9605180b27e91e5fe4461114223ef345fa15ca,det-v1,1,,1389,66,0.007,0.0012892500,false,true
call-000502,arm8_spec_immediate,cal/f5/s5060001/late_accurate,24,scripted-fake-7b,sha256:a23f6ff25ea11024d9e9f659fa9605180b27e91e5fe4461114223ef345fa15ca,det-v1,1,accepted,1389,66,0.007,0.0012892500,false,false
call-000503,arm9_spec_heuristic_rollback,cal/f5/s5060001/late_accurate,24,scripted-fake-7b,sha256:a23f6ff25ea11024d9e9f659fa9605180b27e91e5fe4461114223ef345fa15ca,det-v1,1,accepted,1389,66,0.001,0.0012892500,true,false
call-000504,arm10_spec_eprocess,cal/f5/s5060001/late_accurate,24,scripted-fake-7b,sha256:a23f6ff25ea11024d9e9f659fa9605180b27e91e5fe4461114223ef345fa15ca,det-v1,1,accepted,1389,66,0.001,0.0012892500,true,false
call-000505,arm8_spec_immediate,dev/f5/s5050000/unreliable,20,scripted-fake-7b,sha256:8e2dfb961c8115337b936315ac10574b13942a592ccbacda27e6744a8e744dac,det-v1,1,,1277,66,0.006,0.0012052500,false,true
call-000506,arm8_spec_immediate,dev/f5/s5050000/unreliable,20,scripted-fake-7b,sha256:8e2dfb961c8115337b936315ac10574b13942a592ccbacda27e6744a8e744dac,det-v1,1,accepted,1277,66,0.006,0.0012052500,false,false
call-000507,arm9_spec_heuristic_rollback,dev/f5/s5050000/unreliable,20,scripted-fake-7b,sha256:8e2dfb961c8115337b936315ac10574b13942a592ccbacda27e6744a8e744dac,det-v1,1,accepted,1277,66,0.002,0.0012052500,true,false
call-000508,arm10_spec_eprocess,dev/f5/s5050000/unreliable,20,scripted-fake-7b,sha256:8e2dfb961c8115337b936315ac10574b13942a592ccbacda27e6744a8e744dac,det-v1,1,accepted,1277,66,0.002,0.0012052500,true,false
call-000509,arm8_spec_immediate,cal/f5/s5060000/unreliable,18,scripted-fake-7b,sha256:dc26ac7853ef166e2fd0abd2daa4a1995f00a8643eeb0a07ab6697515c6b2a45,det-v1,1,,1231,66,0.006,0.0011707500,false,true
call-000510,arm8_spec_immediate,cal/f5/s5060000/unreliable,18,scripted-fake-7b,sha256:dc26ac7853ef166e2fd0abd2daa4a1995f00a8643eeb0a07ab6697515c6b2a45,det-v1,1,accepted,1231,66,0.006,0.0011707500,false,false
call-000511,arm9_spec_heuristic_rollback,cal/f5/s5060000/unreliable,18,scripted-fake-7b,sha256:dc26ac7853ef166e2fd0abd2daa4a1995f00a8643eeb0a07ab6697515c6b2a45,det-v1,1,accepted,1231,66,0.002,0.0011707500,true,false
call-000512,arm10_spec_eprocess,cal/f5/s5060000/unreliable,18,scripted-fake-7b,sha256:dc26ac7853ef166e2fd0abd2daa4a1995f00a8643eeb0a07ab6697515c6b2a45,det-v1,1,accepted,1231,66,0.002,0.0011707500,true,false
call-000513,arm8_spec_immediate,dev/f5/s5050001/unreliable,15,scripted-fake-7b,sha256:2209eb26c1bec4f353367f18a12e25aa134de25a432f4978c922c490be85b939,det-v1,1,,1126,66,0.006,0.0010920000,false,true
call-000514,arm8_spec_immediate,dev/f5/s5050001/unreliable,15,scripted-fake-7b,sha256:2209eb26c1bec4f353367f18a12e25aa134de25a432f4978c922c490be85b939,det-v1,1,accepted,1126,66,0.006,0.0010920000,false,false
call-000515,arm9_spec_heuristic_rollback,dev/f5/s5050001/unreliable,15,scripted-fake-7b,sha256:2209eb26c1bec4f353367f18a12e25aa134de25a432f4978c922c490be85b939,det-v1,1,accepted,1126,66,0.002,0.0010920000,true,false
call-000516,arm10_spec_eprocess,dev/f5/s5050001/unreliable,15,scripted-fake-7b,sha256:2209eb26c1bec4f353367f18a12e25aa134de25a432f4978c922c490be85b939,det-v1,1,accepted,1126,66,0.001,0.0010920000,true,false
call-000517,arm8_spec_immediate,cal/f5/s5060001/unreliable,21,scripted-fake-7b,sha256:ce837f5ba3fc496758829dedfc25e7fc7e730ea9c0d9b5eab810c155a4236111,det-v1,1,,1318,66,0.006,0.0012360000,false,true
call-000518,arm8_spec_immediate,cal/f5/s5060001/unreliable,21,scripted-fake-7b,sha256:ce837f5ba3fc496758829dedfc25e7fc7e730ea9c0d9b5eab810c155a4236111,det-v1,1,accepted,1318,66,0.006,0.0012360000,false,false
call-000519,arm9_spec_heuristic_rollback,cal/f5/s5060001/unreliable,21,scripted-fake-7b,sha256:ce837f5ba3fc496758829dedfc25e7fc7e730ea9c0d9b5eab810c155a4236111,det-v1,1,accepted,1318,66,0.001,0.0012360000,true,false
call-000520,arm10_spec_eprocess,cal/f5/s5060001/unreliable,21,scripted-fake-7b,sha256:ce837f5ba3fc496758829dedfc25e7fc7e730ea9c0d9b5eab810c155a4236111,det-v1,1,accepted,1318,66,0.001,0.0012360000,true,false
call-000521,arm8_spec_immediate,dev/f6/s6050000/no_alert,22,scripted-fake-7b,sha256:315fe735699d394430bf643cccf2e48925f2c82577939f919bfa85d18e2dc5e9,det-v1,1,,1284,66,0.006,0.0012105000,false,true
call-000522,arm8_spec_immediate,dev/f6/s6050000/no_alert,22,scripted-fake-7b,sha256:315fe735699d394430bf643cccf2e48925f2c82577939f919bfa85d18e2dc5e9,det-v1,1,accepted,1284,66,0.006,0.0012105000,false,false
call-000523,arm9_spec_heuristic_rollback,dev/f6/s6050000/no_alert,22,scripted-fake-7b,sha256:315fe735699d394430bf643cccf2e48925f2c82577939f919bfa85d18e2dc5e9,det-v1,1,accepted,1284,66,0.002,0.0012105000,true,false
call-000524,arm10_spec_eprocess,dev/f6/s6050000/no_alert,22,scripted-fake-7b,sha256:315fe735699d394430bf643cccf2e48925f2c82577939f919bfa85d18e2dc5e9,det-v1,1,accepted,1284,66,0.001,0.0012105000,true,false
call-000525,arm8_spec_immediate,cal/f6/s6060000/no_alert,18,scripted-fake-7b,sha256:2643d462f41af6ae93328c4bf2ada24613de0e061d579e5f26cdf8132afb0b47,det-v1,1,,1175,66,0.006,0.0011287500,false,true
call-000526,arm8_spec_immediate,cal/f6/s6060000/no_alert,18,scripted-fake-7b,sha256:2643d462f41af6ae93328c4bf2ada24613de0e061d579e5f26cdf8132afb0b47,det-v1,1,accepted,1175,66,0.006,0.0011287500,false,false
call-000527,arm9_spec_heuristic_rollback,cal/f6/s6060000/no_alert,18,scripted-fake-7b,sha256:2643d462f41af6ae93328c4bf2ada24613de0e061d579e5f26cdf8132afb0b47,det-v1,1,accepted,1175,66,0.001,0.0011287500,true,false
call-000528,arm10_spec_eprocess,cal/f6/s6060000/no_alert,18,scripted-fake-7b,sha256:2643d462f41af6ae93328c4bf2ada24613de0e061d579e5f26cdf8132afb0b47,det-v1,1,accepted,1175,66,0.001,0.0011287500,true,false
call-000529,arm8_spec_immediate,dev/f6/s6050001/no_alert,25,scripted-fake-7b,sha256:bef8dfca8f6420b7e1481ccf2cf63085d6db91ae299db93182440c6c2cd2a2c0,det-v1,1,,1356,66,0.006,0.0012645000,false,true
call-000530,arm8_spec_immediate,dev/f6/s6050001/no_alert,25,scripted-fake-7b,sha256:bef8dfca8f6420b7e1481ccf2cf63085d6db91ae299db93182440c6c2cd2a2c0,det-v1,1,accepted,1356,66,0.006,0.0012645000,false,false
call-000531,arm9_spec_heuristic_rollback,dev/f6/s6050001/no_alert,25,scripted-fake-7b,sha256:bef8dfca8f6420b7e1481ccf2cf63085d6db91ae299db93182440c6c2cd2a2c0,det-v1,1,accepted,1356,66,0.001,0.0012645000,true,false
call-000532,arm10_spec_eprocess,dev/f6/s6050001/no_alert,25,scripted-fake-7b,sha256:bef8dfca8f6420b7e1481ccf2cf63085d6db91ae299db93182440c6c2cd2a2c0,det-v1,1,accepted,1356,66,0.001,0.0012645000,true,false
call-000533,arm8_spec_immediate,cal/f6/s6060001/no_alert,23,scripted-fake-7b,sha256:67a1d85c54e6782798fc3bb0ca8d3d54260e0a1caa1b7f7c8fb340bc99aa83f3,det-v1,1,,1305,66,0.006,0.0012262500,false,true
call-000534,arm8_spec_immediate,cal/f6/s6060001/no_alert,23,scripted-fake-7b,sha256:67a1d85c54e6782798fc3bb0ca8d3d54260e0a1caa1b7f7c8fb340bc99aa83f3,det-v1,1,accepted,1305,66,0.006,0.0012262500,false,false
call-000535,arm9_spec_heuristic_rollback,cal/f6/s6060001/no_alert,23,scripted-fake-7b,sha256:67a1d85c54e6782798fc3bb0ca8d3d54260e0a1caa1b7f7c8fb340bc99aa83f3,det-v1,1,accepted,1305,66,0.001,0.0012262500,true,false
call-000536,arm10_spec_eprocess,cal/f6/s6060001/no_alert,23,scripted-fake-7b,sha256:67a1d85c54e6782798fc3bb0ca8d3d54260e0a1caa1b7f7c8fb340bc99aa83f3,det-v1,1,accepted,1305,66,0.002,0.0012262500,true,false
call-000537,arm8_spec_immediate,dev/f6/s6050000/early_accurate,18,scripted-fake-7b,sha256:adf243cc6e36154dc38908cefedd8fbba187667bd621ed60f9f2dbf696872947,det-v1,1,,1229,66,0.006,0.0011692500,false,true
call-000538,arm8_spec_immediate,dev/f6/s6050000/early_accurate,18,scripted-fake-7b,sha256:adf243cc6e36154dc38908cefedd8fbba187667bd621ed60f9f2dbf696872947,det-v1,1,accepted,1229,66,0.006,0.0011692500,false,false
call-000539,arm9_spec_heuristic_rollback,dev/f6/s6050000/early_accurate,18,scripted-fake-7b,sha256:adf243cc6e36154dc38908cefedd8fbba187667bd621ed60f9f2dbf696872947,det-v1,1,accepted,1229,66,0.002,0.0011692500,true,false
call-000540,arm10_spec_eprocess,dev/f6/s6050000/early_accurate,18,scripted-fake-7b,sha256:adf243cc6e36154dc38908cefedd8fbba187667bd621ed60f9f2dbf696872947,det-v1,1,accepted,1229,66,0.002,0.0011692500,true,false
call-000541,arm8_spec_immediate,cal/f6/s6060000/early_accurate,13,scripted-fake-7b,sha256:fa55f8ed267ee7a7913dfb24ab947cfdb6cc90f069cdc6094d0fe14c1d92be7f,det-v1,1,,1100,66,0.006,0.0010725000,false,true
call-000542,arm8_spec_immediate,cal/f6/s6060000/early_accurate,13,scripted-fake-7b,sha256:fa55f8ed267ee7a7913dfb24ab947cfdb6cc90f069cdc6094d0fe14c1d92be7f,det-v1,1,accepted,1100,66,0.006,0.0010725000,false,false
call-000543,arm8_spec_immediate,cal/f6/s6060000/early_accurate,19,scripted-fake-7b,sha256:fd7da4405b39823837b61591c29ebc7608177d66552897236bc8fb4f297bbbb0,det-v1,1,,1258,66,0.006,0.0011910000,false,true
call-000544,arm8_spec_immediate,cal/f6/s6060000/early_accurate,19,scripted-fake-7b,sha256:fd7da4405b39823837b61591c29ebc7608177d66552897236bc8fb4f297bbbb0,det-v1,1,accepted,1258,66,0.006,0.0011910000,false,false
call-000545,arm9_spec_heuristic_rollback,cal/f6/s6060000/early_accurate,13,scripted-fake-7b,sha256:fa55f8ed267ee7a7913dfb24ab947cfdb6cc90f069cdc6094d0fe14c1d92be7f,det-v1,1,accepted,1100,66,0.002,0.0010725000,true,false
call-000546,arm9_spec_heuristic_rollback,cal/f6/s6060000/early_accurate,19,scripted-fake-7b,sha256:fd7da4405b39823837b61591c29ebc7608177d66552897236bc8fb4f297bbbb0,det-v1,1,accepted,1258,66,0.001,0.0011910000,true,false
call-000547,arm10_spec_eprocess,cal/f6/s6060000/early_accurate,13,scripted-fake-7b,sha256:fa55f8ed267ee7a7913dfb24ab947cfdb6cc90f069cdc6094d0fe14c1d92be7f,det-v1,1,accepted,1100,66,0.001,0.0010725000,true,false
call-000548,arm10_spec_eprocess,cal/f6/s6060000/early_accurate,19,scripted-fake-7b,sha256:93e3ef52527f70f549d50009eeb9a75c9e6f83d94cc0005d05df048008c34b60,det-v1,1,,1258,66,0.006,0.0011910000,false,true
call-000549,arm10_spec_eprocess,cal/f6/s6060000/early_accurate,19,scripted-fake-7b,sha256:93e3ef52527f70f549d50009eeb9a75c9e6f83d94cc0005d05df048008c34b60,det-v1,1,accepted,1258,66,0.006,0.0011910000,false,false
call-000550,arm8_spec_immediate,dev/f6/s6050001/early_accurate,19,scripted-fake-7b,sha256:ccdd9d19956c7847bd0e4986559fa133994e6bd13703e9c569583bf421a67303,det-v1,1,,1249,66,0.006,0.0011842500,false,true
call-000551,arm8_spec_immediate,dev/f6/s6050001/early_accurate,19,scripted-fake-7b,sha256:ccdd9d19956c7847bd0e4986559fa133994e6bd13703e9c569583bf421a67303,det-v1,1,accepted,1249,66,0.006,0.0011842500,false,false
call-000552,arm8_spec_immediate,dev/f6/s6050001/early_accurate,25,scripted-fake-7b,sha256:bf216c9a43295abca5e10d45ee0951d11283e8dc7dccfba034ba793a9459a87d,det-v1,1,,1405,66,0.006,0.0013012500,false,true
call-000553,arm8_spec_immediate,dev/f6/s6050001/early_accurate,25,scripted-fake-7b,sha256:bf216c9a43295abca5e10d45ee0951d11283e8dc7dccfba034ba793a9459a87d,det-v1,1,accepted,1405,66,0.006,0.0013012500,false,false
call-000554,arm9_spec_heuristic_rollback,dev/f6/s6050001/early_accurate,19,scripted-fake-7b,sha256:ccdd9d19956c7847bd0e4986559fa133994e6bd13703e9c569583bf421a67303,det-v1,1,accepted,1249,66,0.001,0.0011842500,true,false
call-000555,arm9_spec_heuristic_rollback,dev/f6/s6050001/early_accurate,25,scripted-fake-7b,sha256:bf216c9a43295abca5e10d45ee0951d11283e8dc7dccfba034ba793a9459a87d,det-v1,1,accepted,1405,66,0.001,0.0013012500,true,false
call-000556,arm10_spec_eprocess,dev/f6/s6050001/early_accurate,19,scripted-fake-7b,sha256:ccdd9d19956c7847bd0e4986559fa133994e6bd13703e9c569583bf421a67303,det-v1,1,accepted,1249,66,0.001,0.0011842500,true,false
call-000557,arm10_spec_eprocess,dev/f6/s6050001/early_accurate,25,scripted-fake-7b,sha256:82b0e8bab40caa09850310d7c10db55d2a63a104fe6e6961180fc521aa96d6a6,det-v1,1,,1405,66,0.006,0.0013012500,false,true
call-000558,arm10_spec_eprocess,dev/f6/s6050001/early_accurate,25,scripted-fake-7b,sha256:82b0e8bab40caa09850310d7c10db55d2a63a104fe6e6961180fc521aa96d6a6,det-v1,1,accepted,1405,66,0.006,0.0013012500,false,false
call-000559,arm8_spec_immediate,cal/f6/s6060001/early_accurate,17,scripted-fake-7b,sha256:34bc294dbdf2334c9823a93308e046fd081c4d23a36c3b68ea959419b9db9e53,det-v1,1,,1203,66,0.007,0.0011497500,false,true
call-000560,arm8_spec_immediate,cal/f6/s6060001/early_accurate,17,scripted-fake-7b,sha256:34bc294dbdf2334c9823a93308e046fd081c4d23a36c3b68ea959419b9db9e53,det-v1,1,accepted,1203,66,0.007,0.0011497500,false,false
call-000561,arm8_spec_immediate,cal/f6/s6060001/early_accurate,23,scripted-fake-7b,sha256:94ec24acc6f188d55a73e9aaa10357422e288619c44fdd6b4508ec2062b47949,det-v1,1,,1359,66,0.006,0.0012667500,false,true
call-000562,arm8_spec_immediate,cal/f6/s6060001/early_accurate,23,scripted-fake-7b,sha256:94ec24acc6f188d55a73e9aaa10357422e288619c44fdd6b4508ec2062b47949,det-v1,1,accepted,1359,66,0.006,0.0012667500,false,false
call-000563,arm9_spec_heuristic_rollback,cal/f6/s6060001/early_accurate,17,scripted-fake-7b,sha256:34bc294dbdf2334c9823a93308e046fd081c4d23a36c3b68ea959419b9db9e53,det-v1,1,accepted,1203,66,0.001,0.0011497500,true,false
call-000564,arm9_spec_heuristic_rollback,cal/f6/s6060001/early_accurate,23,scripted-fake-7b,sha256:94ec24acc6f188d55a73e9aaa10357422e288619c44fdd6b4508ec2062b47949,det-v1,1,accepted,1359,66,0.001,0.0012667500,true,false
call-000565,arm10_spec_eprocess,cal/f6/s6060001/early_accurate,17,scripted-fake-7b,sha256:34bc294dbdf2334c9823a93308e046fd081c4d23a36c3b68ea959419b9db9e53,det-v1,1,accepted,1203,66,0.002,0.0011497500,true,false
call-000566,arm10_spec_eprocess,cal/f6/s6060001/early_accurate,23,scripted-fake-7b,sha256:d186e177ef116b4e68c4b6e1e9858444f2a6ea174036d7956a0955ea56dfd736,det-v1,1,,1359,66,0.006,0.0012667500,false,true
call-000567,arm10_spec_eprocess,cal/f6/s6060001/early_accurate,23,scripted-fake-7b,sha256:d186e177ef116b4e68c4b6e1e9858444f2a6ea174036d7956a0955ea56dfd736,det-v1,1,accepted,1359,66,0.006,0.0012667500,false,false
call-000568,arm8_spec_immediate,dev/f6/s6050000/late_accurate,21,scripted-fake-7b,sha256:eefb0a917ce0f0f10ee307a7cbed20259d0d8dba9ae79b6d32324e55542a4420,det-v1,1,,1308,66,0.006,0.0012285000,false,true
call-000569,arm8_spec_immediate,dev/f6/s6050000/late_accurate,21,scripted-fake-7b,sha256:eefb0a917ce0f0f10ee307a7cbed20259d0d8dba9ae79b6d32324e55542a4420,det-v1,1,accepted,1308,66,0.006,0.0012285000,false,false
call-000570,arm9_spec_heuristic_rollback,dev/f6/s6050000/late_accurate,21,scripted-fake-7b,sha256:eefb0a917ce0f0f10ee307a7cbed20259d0d8dba9ae79b6d32324e55542a4420,det-v1,1,accepted,1308,66,0.002,0.0012285000,true,false
call-000571,arm10_spec_eprocess,dev/f6/s6050000/late_accurate,21,scripted-fake-7b,sha256:eefb0a917ce0f0f10ee307a7cbed20259d0d8dba9ae79b6d32324e55542a4420,det-v1,1,accepted,1308,66,0.001,0.0012285000,true,false
call-000572,arm8_spec_immediate,cal/f6/s6060000/late_accurate,16,scripted-fake-7b,sha256:26209b9df707927e4560c411745853b20d1aaf3c6d60b3d3b709853d951269ea,det-v1,1,,1179,66,0.006,0.0011317500,false,true
call-000573,arm8_spec_immediate,cal/f6/s6060000/late_accurate,16,scripted-fake-7b,sha256:26209b9df707927e4560c411745853b20d1aaf3c6d60b3d3b709853d951269ea,det-v1,1,accepted,1179,66,0.006,0.0011317500,false,false
call-000574,arm9_spec_heuristic_rollback,cal/f6/s6060000/late_accurate,16,scripted-fake-7b,sha256:26209b9df707927e4560c411745853b20d1aaf3c6d60b3d3b709853d951269ea,det-v1,1,accepted,1179,66,0.001,0.0011317500,true,false
call-000575,arm10_spec_eprocess,cal/f6/s6060000/late_accurate,16,scripted-fake-7b,sha256:26209b9df707927e4560c411745853b20d1aaf3c6d60b3d3b709853d951269ea,det-v1,1,accepted,1179,66,0.002,0.0011317500,true,false
call-000576,arm8_spec_immediate,dev/f6/s6050001/late_accurate,22,scripted-fake-7b,sha256:cc1372ea38d3826299409eb104b2891900f713287b7cc820163dcc088e28e9fd,det-v1,1,,1327,66,0.006,0.0012427500,false,true
call-000577,arm8_spec_immediate,dev/f6/s6050001/late_accurate,22,scripted-fake-7b,sha256:cc1372ea38d3826299409eb104b2891900f713287b7cc820163dcc088e28e9fd,det-v1,1,accepted,1327,66,0.006,0.0012427500,false,false
call-000578,arm8_spec_immediate,dev/f6/s6050001/late_accurate,28,scripted-fake-7b,sha256:04c203ae97a0cfada2c43123e7501ab24641834582f47f0e8a788c871c82b1e6,det-v1,1,,1484,66,0.006,0.0013605000,false,true
call-000579,arm8_spec_immediate,dev/f6/s6050001/late_accurate,28,scripted-fake-7b,sha256:04c203ae97a0cfada2c43123e7501ab24641834582f47f0e8a788c871c82b1e6,det-v1,1,accepted,1484,66,0.006,0.0013605000,false,false
call-000580,arm9_spec_heuristic_rollback,dev/f6/s6050001/late_accurate,22,scripted-fake-7b,sha256:cc1372ea38d3826299409eb104b2891900f713287b7cc820163dcc088e28e9fd,det-v1,1,accepted,1327,66,0.001,0.0012427500,true,false
call-000581,arm9_spec_heuristic_rollback,dev/f6/s6050001/late_accurate,28,scripted-fake-7b,sha256:04c203ae97a0cfada2c43123e7501ab24641834582f47f0e8a788c871c82b1e6,det-v1,1,accepted,1484,66,0.001,0.0013605000,true,false
call-000582,arm10_spec_eprocess,dev/f6/s6050001/late_accurate,22,scripted-fake-7b,sha256:cc1372ea38d3826299409eb104b2891900f713287b7cc820163dcc088e28e9fd,det-v1,1,accepted,1327,66,0.001,0.0012427500,true,false
call-000583,arm10_spec_eprocess,dev/f6/s6050001/late_accurate,28,scripted-fake-7b,sha256:55afde191fce3b2995a125ec4dc19fe67212240942c68fb2035cdec8867d83cb,det-v1,1,,1485,66,0.006,0.0013612500,false,true
call-000584,arm10_spec_eprocess,dev/f6/s6050001/late_accurate,28,scripted-fake-7b,sha256:55afde191fce3b2995a125ec4dc19fe67212240942c68fb2035cdec8867d83cb,det-v1,1,accepted,1485,66,0.006,0.0013612500,false,false
call-000585,arm8_spec_immediate,cal/f6/s6060001/late_accurate,20,scripted-fake-7b,sha256:34d9993f5dbe690cf98fea4c12c6b2aa34a6423fac963f7bf0a6b891387e219d,det-v1,1,,1281,66,0.006,0.0012082500,false,true
call-000586,arm8_spec_immediate,cal/f6/s6060001/late_accurate,20,scripted-fake-7b,sha256:34d9993f5dbe690cf98fea4c12c6b2aa34a6423fac963f7bf0a6b891387e219d,det-v1,1,accepted,1281,66,0.006,0.0012082500,false,false
call-000587,arm9_spec_heuristic_rollback,cal/f6/s6060001/late_accurate,20,scripted-fake-7b,sha256:34d9993f5dbe690cf98fea4c12c6b2aa34a6423fac963f7bf0a6b891387e219d,det-v1,1,accepted,1281,66,0.001,0.0012082500,true,false
call-000588,arm10_spec_eprocess,cal/f6/s6060001/late_accurate,20,scripted-fake-7b,sha256:34d9993f5dbe690cf98fea4c12c6b2aa34a6423fac963f7bf0a6b891387e219d,det-v1,1,accepted,1281,66,0.001,0.0012082500,true,false
call-000589,arm8_spec_immediate,dev/f6/s6050000/unreliable,18,scripted-fake-7b,sha256:8f0976eaa7449c01325118aed6e7337a271cd3760edef9d4f9ebe1a4c70752ff,det-v1,1,,1227,66,0.006,0.0011677500,false,true
call-000590,arm8_spec_immediate,dev/f6/s6050000/unreliable,18,scripted-fake-7b,sha256:8f0976eaa7449c01325118aed6e7337a271cd3760edef9d4f9ebe1a4c70752ff,det-v1,1,accepted,1227,66,0.006,0.0011677500,false,false
call-000591,arm9_spec_heuristic_rollback,dev/f6/s6050000/unreliable,18,scripted-fake-7b,sha256:8f0976eaa7449c01325118aed6e7337a271cd3760edef9d4f9ebe1a4c70752ff,det-v1,1,accepted,1227,66,0.002,0.0011677500,true,false
call-000592,arm10_spec_eprocess,dev/f6/s6050000/unreliable,18,scripted-fake-7b,sha256:8f0976eaa7449c01325118aed6e7337a271cd3760edef9d4f9ebe1a4c70752ff,det-v1,1,accepted,1227,66,0.001,0.0011677500,true,false
call-000593,arm8_spec_immediate,cal/f6/s6060000/unreliable,13,scripted-fake-7b,sha256:f348492d1db2089acf5534bbf560b8c55787e5aee1c7968a8a1aab4835852f56,det-v1,1,,1093,66,0.006,0.0010672500,false,true
call-000594,arm8_spec_immediate,cal/f6/s6060000/unreliable,13,scripted-fake-7b,sha256:f348492d1db2089acf5534bbf560b8c55787e5aee1c7968a8a1aab4835852f56,det-v1,1,accepted,1093,66,0.006,0.0010672500,false,false
call-000595,arm8_spec_immediate,cal/f6/s6060000/unreliable,19,scripted-fake-7b,sha256:be907876297a519dc562aeb7e1f2d6bd6afa465195c563766e9a2537f0cdecd6,det-v1,1,,1250,66,0.006,0.0011850000,false,true
call-000596,arm8_spec_immediate,cal/f6/s6060000/unreliable,19,scripted-fake-7b,sha256:be907876297a519dc562aeb7e1f2d6bd6afa465195c563766e9a2537f0cdecd6,det-v1,1,accepted,1250,66,0.006,0.0011850000,false,false
call-000597,arm9_spec_heuristic_rollback,cal/f6/s6060000/unreliable,13,scripted-fake-7b,sha256:f348492d1db2089acf5534bbf560b8c55787e5aee1c7968a8a1aab4835852f56,det-v1,1,accepted,1093,66,0.001,0.0010672500,true,false
call-000598,arm9_spec_heuristic_rollback,cal/f6/s6060000/unreliable,19,scripted-fake-7b,sha256:be907876297a519dc562aeb7e1f2d6bd6afa465195c563766e9a2537f0cdecd6,det-v1,1,accepted,1250,66,0.001,0.0011850000,true,false
call-000599,arm10_spec_eprocess,cal/f6/s6060000/unreliable,13,scripted-fake-7b,sha256:f348492d1db2089acf5534bbf560b8c55787e5aee1c7968a8a1aab4835852f56,det-v1,1,accepted,1093,66,0.001,0.0010672500,true,false
call-000600,arm10_spec_eprocess,cal/f6/s6060000/unreliable,19,scripted-fake-7b,sha256:6ee0844d2be8ad0fb35cb47c9a43c19c939f94dba5f4e34335f0728ddcd8b49b,det-v1,1,,1250,66,0.006,0.0011850000,false,true
call-000601,arm10_spec_eprocess,cal/f6/s6060000/unreliable,19,scripted-fake-7b,sha256:6ee0844d2be8ad0fb35cb47c9a43c19c939f94dba5f4e34335f0728ddcd8b49b,det-v1,1,accepted,1250,66,0.006,0.0011850000,false,false
call-000602,arm8_spec_immediate,dev/f6/s6050001/unreliable,19,scripted-fake-7b,sha256:78d60808c4b8c54e43494739105452783058b0e1843eb68bd2a23edb52c05e73,det-v1,1,,1231,66,0.006,0.0011707500,false,true
call-000603,arm8_spec_immediate,dev/f6/s6050001/unreliable,19,scripted-fake-7b,sha256:78d60808c4b8c54e43494739105452783058b0e1843eb68bd2a23edb52c05e73,det-v1,1,accepted,1231,66,0.006,0.0011707500,false,false
call-000604,arm8_spec_immediate,dev/f6/s6050001/unreliable,25,scripted-fake-7b,sha256:542f62787ddf364ca8538920e1f2c904a90a27a146482bd4f0ec528f7a796eff,det-v1,1,,1387,66,0.006,0.0012877500,false,true
call-000605,arm8_spec_immediate,dev/f6/s6050001/unreliable,25,scripted-fake-7b,sha256:542f62787ddf364ca8538920e1f2c904a90a27a146482bd4f0ec528f7a796eff,det-v1,1,accepted,1387,66,0.006,0.0012877500,false,false
call-000606,arm9_spec_heuristic_rollback,dev/f6/s6050001/unreliable,19,scripted-fake-7b,sha256:78d60808c4b8c54e43494739105452783058b0e1843eb68bd2a23edb52c05e73,det-v1,1,accepted,1231,66,0.001,0.0011707500,true,false
call-000607,arm9_spec_heuristic_rollback,dev/f6/s6050001/unreliable,25,scripted-fake-7b,sha256:542f62787ddf364ca8538920e1f2c904a90a27a146482bd4f0ec528f7a796eff,det-v1,1,accepted,1387,66,0.001,0.0012877500,true,false
call-000608,arm10_spec_eprocess,dev/f6/s6050001/unreliable,19,scripted-fake-7b,sha256:78d60808c4b8c54e43494739105452783058b0e1843eb68bd2a23edb52c05e73,det-v1,1,accepted,1231,66,0.002,0.0011707500,true,false
call-000609,arm10_spec_eprocess,dev/f6/s6050001/unreliable,25,scripted-fake-7b,sha256:fcf7a69129d9ee2530438e3d6d36d76e4514a4198852225d1efa9c25097b2f41,det-v1,1,,1386,66,0.006,0.0012870000,false,true
call-000610,arm10_spec_eprocess,dev/f6/s6050001/unreliable,25,scripted-fake-7b,sha256:fcf7a69129d9ee2530438e3d6d36d76e4514a4198852225d1efa9c25097b2f41,det-v1,1,accepted,1386,66,0.006,0.0012870000,false,false
call-000611,arm8_spec_immediate,cal/f6/s6060001/unreliable,17,scripted-fake-7b,sha256:805866111c07241dede7f923e812f3b4ef245ff1fdee254cd18ea80039433086,det-v1,1,,1199,66,0.006,0.0011467500,false,true
call-000612,arm8_spec_immediate,cal/f6/s6060001/unreliable,17,scripted-fake-7b,sha256:805866111c07241dede7f923e812f3b4ef245ff1fdee254cd18ea80039433086,det-v1,1,accepted,1199,66,0.006,0.0011467500,false,false
call-000613,arm8_spec_immediate,cal/f6/s6060001/unreliable,23,scripted-fake-7b,sha256:53a6b13f78c7177fc58dbdb57a80774a9c11fbd08e2be41a994159fad4ded0e5,det-v1,1,,1356,66,0.006,0.0012645000,false,true
call-000614,arm8_spec_immediate,cal/f6/s6060001/unreliable,23,scripted-fake-7b,sha256:53a6b13f78c7177fc58dbdb57a80774a9c11fbd08e2be41a994159fad4ded0e5,det-v1,1,accepted,1356,66,0.006,0.0012645000,false,false
call-000615,arm9_spec_heuristic_rollback,cal/f6/s6060001/unreliable,17,scripted-fake-7b,sha256:805866111c07241dede7f923e812f3b4ef245ff1fdee254cd18ea80039433086,det-v1,1,accepted,1199,66,0.001,0.0011467500,true,false
call-000616,arm9_spec_heuristic_rollback,cal/f6/s6060001/unreliable,23,scripted-fake-7b,sha256:53a6b13f78c7177fc58dbdb57a80774a9c11fbd08e2be41a994159fad4ded0e5,det-v1,1,accepted,1356,66,0.001,0.0012645000,true,false
call-000617,arm10_spec_eprocess,cal/f6/s6060001/unreliable,17,scripted-fake-7b,sha256:805866111c07241dede7f923e812f3b4ef245ff1fdee254cd18ea80039433086,det-v1,1,accepted,1199,66,0.001,0.0011467500,true,false
call-000618,arm10_spec_eprocess,cal/f6/s6060001/unreliable,23,scripted-fake-7b,sha256:1082ff34c018d73a9e77dbd0e7e2c9ce348bc1865a7379e1e9c070b7911af9e4,det-v1,1,,1356,66,0.006,0.0012645000,false,true
call-000619,arm10_spec_eprocess,cal/f6/s6060001/unreliable,23,scripted-fake-7b,sha256:1082ff34c018d73a9e77dbd0e7e2c9ce348bc1865a7379e1e9c070b7911af9e4,det-v1,1,accepted,1356,66,0.006,0.0012645000,false,false
